ISO-10303-21;
HEADER;
FILE_DESCRIPTION (( 'STEP AP214' ),
    '1' );
FILE_NAME ('100mil Female Pin Header_5P_Wi.STEP',
    '2026-06-18T09:20:03',
    ( '' ),
    ( '' ),
    'SwSTEP 2.0',
    'SolidWorks 2024',
    '' );
FILE_SCHEMA (( 'AUTOMOTIVE_DESIGN' ));
ENDSEC;

DATA;
#1 = DIRECTION ( 'NONE',  ( 0.000000000000000000, 3.097720492815727166E-16, 1.000000000000000000 ) ) ;
#2 = DIRECTION ( 'NONE',  ( 0.000000000000000000, 0.000000000000000000, -1.000000000000000000 ) ) ;
#3 = EDGE_CURVE ( 'NONE', #3513, #2130, #237, .T. ) ;
#4 = EDGE_LOOP ( 'NONE', ( #6138, #8838, #3763, #6093 ) ) ;
#5 = EDGE_LOOP ( 'NONE', ( #1697, #8796, #8967, #2354 ) ) ;
#6 = CARTESIAN_POINT ( 'NONE',  ( -0.3499999999999992006, -1.084202172485501815E-17, 0.3499999999999999778 ) ) ;
#7 = FILL_AREA_STYLE ('',( #949 ) ) ;
#8 = CIRCLE ( 'NONE', #5507, 0.1999999999999999833 ) ;
#9 = LINE ( 'NONE', #3543, #3031 ) ;
#10 = PLANE ( 'NONE',  #8093 ) ;
#11 = LINE ( 'NONE', #1405, #501 ) ;
#12 = CARTESIAN_POINT ( 'NONE',  ( 0.6000000000000005329, 6.299999999999999822, 0.3499999999999999778 ) ) ;
#13 = FILL_AREA_STYLE_COLOUR ( '', #7617 ) ;
#14 = EDGE_CURVE ( 'NONE', #1555, #3048, #8407, .T. ) ;
#15 = CARTESIAN_POINT ( 'NONE',  ( 7.120000000000000995, 6.299999999999999822, -0.3500000000000002554 ) ) ;
#16 = VERTEX_POINT ( 'NONE', #2395 ) ;
#17 = MECHANICAL_DESIGN_GEOMETRIC_PRESENTATION_REPRESENTATION (  '', ( #9238 ), #4893 ) ;
#18 = LINE ( 'NONE', #8259, #9261 ) ;
#19 = ORIENTED_EDGE ( 'NONE', *, *, #1212, .T. ) ;
#20 = ADVANCED_FACE ( 'NONE', ( #3916 ), #6117, .F. ) ;
#21 = FACE_OUTER_BOUND ( 'NONE', #8333, .T. ) ;
#22 = EDGE_CURVE ( 'NONE', #4891, #2144, #2351, .T. ) ;
#23 = CARTESIAN_POINT ( 'NONE',  ( 11.62999999999999723, 0.5000000000000000000, -0.6499999999999989120 ) ) ;
#24 = FACE_OUTER_BOUND ( 'NONE', #5, .T. ) ;
#25 = DIRECTION ( 'NONE',  ( -1.000000000000000000, -1.084202172485504434E-16, 0.000000000000000000 ) ) ;
#26 = SURFACE_STYLE_USAGE ( .BOTH. , #6730 ) ;
#27 = VECTOR ( 'NONE', #9115, 1000.000000000000000 ) ;
#28 = CARTESIAN_POINT ( 'NONE',  ( 3.340167876875768549, 5.699693040755679618, -0.3500000000000001998 ) ) ;
#29 = ORIENTED_EDGE ( 'NONE', *, *, #3269, .T. ) ;
#30 = DIRECTION ( 'NONE',  ( -1.000000000000000000, 0.000000000000000000, 3.310540984688563971E-17 ) ) ;
#31 = SURFACE_STYLE_USAGE ( .BOTH. , #3762 ) ;
#32 = EDGE_LOOP ( 'NONE', ( #9371, #7366, #1967, #9610, #658, #6100, #6540, #5202, #8606, #8728, #9028, #8235 ) ) ;
#33 = ORIENTED_EDGE ( 'NONE', *, *, #328, .T. ) ;
#34 = VECTOR ( 'NONE', #9506, 1000.000000000000000 ) ;
#35 = VECTOR ( 'NONE', #2272, 1000.000000000000000 ) ;
#36 = EDGE_CURVE ( 'NONE', #3190, #8583, #8363, .T. ) ;
#37 = CARTESIAN_POINT ( 'NONE',  ( 0.000000000000000000, 8.500000000000000000, 0.8696152422706663332 ) ) ;
#38 = SURFACE_SIDE_STYLE ('',( #7539 ) ) ;
#39 = PRESENTATION_LAYER_ASSIGNMENT (  '', '', ( #8952 ) ) ;
#40 = PLANE ( 'NONE',  #3194 ) ;
#41 = FILL_AREA_STYLE_COLOUR ( '', #7709 ) ;
#42 = VECTOR ( 'NONE', #7927, 1000.000000000000000 ) ;
#43 = VERTEX_POINT ( 'NONE', #2437 ) ;
#44 = SURFACE_SIDE_STYLE ('',( #2264 ) ) ;
#45 = CARTESIAN_POINT ( 'NONE',  ( 6.620000000000000107, 6.299999999999999822, 0.1283333333333333270 ) ) ;
#46 = VECTOR ( 'NONE', #1710, 1000.000000000000000 ) ;
#47 = PRESENTATION_LAYER_ASSIGNMENT (  '', '', ( #3186 ) ) ;
#48 = CARTESIAN_POINT ( 'NONE',  ( 5.680000000000000604, 6.299999999999999822, 0.3499999999999998113 ) ) ;
#49 = LINE ( 'NONE', #4927, #1454 ) ;
#50 = ADVANCED_FACE ( 'NONE', ( #9181 ), #8620, .T. ) ;
#51 = VECTOR ( 'NONE', #5160, 1000.000000000000000 ) ;
#52 = DIRECTION ( 'NONE',  ( 1.000000000000000000, 0.000000000000000000, 0.000000000000000000 ) ) ;
#53 = CARTESIAN_POINT ( 'NONE',  ( -0.9999999999999993339, 2.207665535523969158, -0.3500000000000000333 ) ) ;
#54 = DIRECTION ( 'NONE',  ( -0.000000000000000000, 0.000000000000000000, 1.000000000000000000 ) ) ;
#55 = CARTESIAN_POINT ( 'NONE',  ( 10.48525581988180555, 5.589454083063163381, 0.3499999999999996447 ) ) ;
#56 = EDGE_CURVE ( 'NONE', #6019, #5049, #4607, .T. ) ;
#57 = ORIENTED_EDGE ( 'NONE', *, *, #7570, .T. ) ;
#58 = EDGE_LOOP ( 'NONE', ( #1181, #9465, #1313, #2841 ) ) ;
#59 = SURFACE_STYLE_FILL_AREA ( #7 ) ;
#60 = PRESENTATION_STYLE_ASSIGNMENT (( #6966 ) ) ;
#61 = EDGE_LOOP ( 'NONE', ( #8691, #4853, #4557, #9374 ) ) ;
#62 = DIRECTION ( 'NONE',  ( 1.000000000000000000, 0.000000000000000000, 0.000000000000000000 ) ) ;
#63 = FACE_OUTER_BOUND ( 'NONE', #7436, .T. ) ;
#64 = EDGE_CURVE ( 'NONE', #5993, #505, #9041, .T. ) ;
#65 = LINE ( 'NONE', #6056, #2620 ) ;
#66 = ORIENTED_EDGE ( 'NONE', *, *, #2798, .F. ) ;
#67 = SURFACE_STYLE_FILL_AREA ( #8829 ) ;
#68 = VERTEX_POINT ( 'NONE', #6937 ) ;
#69 = PRESENTATION_LAYER_ASSIGNMENT (  '', '', ( #4150 ) ) ;
#70 = ADVANCED_FACE ( 'NONE', ( #3369 ), #1176, .F. ) ;
#71 = SURFACE_STYLE_FILL_AREA ( #6011 ) ;
#72 = DIRECTION ( 'NONE',  ( -0.000000000000000000, -1.000000000000000000, 1.668003342285391551E-16 ) ) ;
#73 = SURFACE_SIDE_STYLE ('',( #5436 ) ) ;
#74 = MECHANICAL_DESIGN_GEOMETRIC_PRESENTATION_REPRESENTATION (  '', ( #7124 ), #2428 ) ;
#75 = ORIENTED_EDGE ( 'NONE', *, *, #2739, .F. ) ;
#76 = SURFACE_STYLE_FILL_AREA ( #3809 ) ;
#77 = EDGE_CURVE ( 'NONE', #3537, #7414, #6451, .T. ) ;
#78 = PRESENTATION_STYLE_ASSIGNMENT (( #6736 ) ) ;
#79 = VERTEX_POINT ( 'NONE', #5050 ) ;
#80 = DIRECTION ( 'NONE',  ( -0.000000000000000000, -1.000000000000000000, 1.668003342285392044E-16 ) ) ;
#81 = ADVANCED_FACE ( 'NONE', ( #4907 ), #2009, .F. ) ;
#82 = ORIENTED_EDGE ( 'NONE', *, *, #6538, .F. ) ;
#83 =( GEOMETRIC_REPRESENTATION_CONTEXT ( 3 ) GLOBAL_UNCERTAINTY_ASSIGNED_CONTEXT ( ( #9309 ) ) GLOBAL_UNIT_ASSIGNED_CONTEXT ( ( #5256, #740, #1532 ) ) REPRESENTATION_CONTEXT ( 'NONE', 'WORKASPACE' ) );
#84 = FILL_AREA_STYLE ('',( #3816 ) ) ;
#85 = DIRECTION ( 'NONE',  ( -0.000000000000000000, -0.000000000000000000, -1.000000000000000000 ) ) ;
#86 = ORIENTED_EDGE ( 'NONE', *, *, #5289, .T. ) ;
#87 = SURFACE_SIDE_STYLE ('',( #4658 ) ) ;
#88 = FILL_AREA_STYLE ('',( #2958 ) ) ;
#89 = COLOUR_RGB ( '',0.8313725490196077761, 0.6705882352941175961, 0.1294117647058823373 ) ;
#90 = EDGE_CURVE ( 'NONE', #6715, #611, #7982, .T. ) ;
#91 = PRESENTATION_LAYER_ASSIGNMENT (  '', '', ( #9310 ) ) ;
#92 = CARTESIAN_POINT ( 'NONE',  ( -0.4481930454221424998, 5.884855341312110077, 0.3499999999999999223 ) ) ;
#93 = CARTESIAN_POINT ( 'NONE',  ( 1.597499970055215934, 4.124619419408430687, 0.3499999999999999778 ) ) ;
#94 = ORIENTED_EDGE ( 'NONE', *, *, #2856, .T. ) ;
#95 = LINE ( 'NONE', #9644, #8495 ) ;
#96 = STYLED_ITEM ( 'NONE', ( #9378 ), #7184 ) ;
#97 = STYLED_ITEM ( 'NONE', ( #5013 ), #932 ) ;
#98 = VECTOR ( 'NONE', #3418, 1000.000000000000000 ) ;
#99 = SURFACE_STYLE_FILL_AREA ( #6807 ) ;
#100 = SURFACE_SIDE_STYLE ('',( #3883 ) ) ;
#101 =( LENGTH_UNIT ( ) NAMED_UNIT ( * ) SI_UNIT ( .MILLI., .METRE. ) );
#102 = CARTESIAN_POINT ( 'NONE',  ( -0.6867549326077613259, 10.39117142264903570, 0.6499999999999995781 ) ) ;
#103 = COLOUR_RGB ( '',0.8313725490196077761, 0.6705882352941175961, 0.1294117647058823373 ) ;
#104 = DIRECTION ( 'NONE',  ( 1.000000000000000000, 0.000000000000000000, 0.000000000000000000 ) ) ;
#105 = LINE ( 'NONE', #206, #5073 ) ;
#106 = SURFACE_STYLE_USAGE ( .BOTH. , #1553 ) ;
#107 = AXIS2_PLACEMENT_3D ( 'NONE', #8398, #7624, #4990 ) ;
#108 = EDGE_LOOP ( 'NONE', ( #292, #8291, #6236, #6820 ) ) ;
#109 = VECTOR ( 'NONE', #7519, 1000.000000000000000 ) ;
#110 = EDGE_CURVE ( 'NONE', #9178, #3300, #1911, .T. ) ;
#111 = ORIENTED_EDGE ( 'NONE', *, *, #935, .T. ) ;
#112 = DIRECTION ( 'NONE',  ( 1.121588454295349533E-16, -1.000000000000000000, 0.000000000000000000 ) ) ;
#113 = EDGE_CURVE ( 'NONE', #3210, #9022, #9279, .T. ) ;
#114 =( GEOMETRIC_REPRESENTATION_CONTEXT ( 3 ) GLOBAL_UNCERTAINTY_ASSIGNED_CONTEXT ( ( #504 ) ) GLOBAL_UNIT_ASSIGNED_CONTEXT ( ( #9356, #4274, #3529 ) ) REPRESENTATION_CONTEXT ( 'NONE', 'WORKASPACE' ) );
#115 = VECTOR ( 'NONE', #967, 1000.000000000000000 ) ;
#116 = ORIENTED_EDGE ( 'NONE', *, *, #2503, .T. ) ;
#117 = SURFACE_STYLE_USAGE ( .BOTH. , #3840 ) ;
#118 = CARTESIAN_POINT ( 'NONE',  ( 6.760732764477098478, 5.226749775238759277, 0.3499999999999996447 ) ) ;
#119 = LINE ( 'NONE', #2376, #271 ) ;
#120 = SURFACE_STYLE_USAGE ( .BOTH. , #2377 ) ;
#121 = ORIENTED_EDGE ( 'NONE', *, *, #1777, .T. ) ;
#122 = AXIS2_PLACEMENT_3D ( 'NONE', #2610, #7083, #5677 ) ;
#123 = AXIS2_PLACEMENT_3D ( 'NONE', #9476, #5741, #7286 ) ;
#124 = ORIENTED_EDGE ( 'NONE', *, *, #3262, .T. ) ;
#125 = SURFACE_STYLE_USAGE ( .BOTH. , #3167 ) ;
#126 = CARTESIAN_POINT ( 'NONE',  ( 3.483567834114158934, 4.104507585657628077, -0.3500000000000001998 ) ) ;
#127 = VERTEX_POINT ( 'NONE', #5583 ) ;
#128 = CARTESIAN_POINT ( 'NONE',  ( 10.16000000000000014, 0.5000000000000005551, 0.3499999999999996447 ) ) ;
#129 = CARTESIAN_POINT ( 'NONE',  ( 11.04884954605087799, 4.917640708297875030, 0.3499999999999996447 ) ) ;
#130 = CARTESIAN_POINT ( 'NONE',  ( 5.230000000000002203, -3.000000000000000000, -0.3500000000000001443 ) ) ;
#131 = ORIENTED_EDGE ( 'NONE', *, *, #6635, .T. ) ;
#132 = LINE ( 'NONE', #8169, #5395 ) ;
#133 = APPLICATION_CONTEXT ( 'automotive_design' ) ;
#134 = VERTEX_POINT ( 'NONE', #1867 ) ;
#135 = B_SPLINE_CURVE_WITH_KNOTS ( 'NONE', 3,
 ( #12, #8342, #5335, #4031 ),
 .UNSPECIFIED., .F., .F.,
 ( 4, 4 ),
 ( 0.000000000000000000, 1.000000000000000000 ),
 .UNSPECIFIED. ) ;
#136 = VECTOR ( 'NONE', #2062, 1000.000000000000000 ) ;
#137 = CARTESIAN_POINT ( 'NONE',  ( 2.865255819881805444, 5.589454083063163381, 0.3499999999999998668 ) ) ;
#138 = CARTESIAN_POINT ( 'NONE',  ( 6.620000000000000107, 0.5000000000000000000, -0.3500000000000000888 ) ) ;
#139 = ORIENTED_EDGE ( 'NONE', *, *, #8518, .T. ) ;
#140 = CARTESIAN_POINT ( 'NONE',  ( 0.3500000000000008105, 0.5000000000000005551, -0.3499999999999999778 ) ) ;
#141 = CARTESIAN_POINT ( 'NONE',  ( 0.8888495460508764046, 4.917640708297875030, 0.3499999999999999778 ) ) ;
#142 = AXIS2_PLACEMENT_3D ( 'NONE', #2913, #9398, #5761 ) ;
#143 = LINE ( 'NONE', #6893, #1476 ) ;
#144 = SURFACE_STYLE_USAGE ( .BOTH. , #3103 ) ;
#145 = ORIENTED_EDGE ( 'NONE', *, *, #7998, .T. ) ;
#146 = LINE ( 'NONE', #6749, #3197 ) ;
#147 = MECHANICAL_DESIGN_GEOMETRIC_PRESENTATION_REPRESENTATION (  '', ( #6103 ), #5645 ) ;
#148 = SURFACE_STYLE_FILL_AREA ( #8465 ) ;
#149 = CARTESIAN_POINT ( 'NONE',  ( 5.867121992501592942, 5.777242093666581368, 0.3499999999999997558 ) ) ;
#150 = ADVANCED_FACE ( 'NONE', ( #3411 ), #4204, .F. ) ;
#151 =( NAMED_UNIT ( * ) PLANE_ANGLE_UNIT ( ) SI_UNIT ( $, .RADIAN. ) );
#152 = CARTESIAN_POINT ( 'NONE',  ( 8.620000000000000995, 1.121588454295350273E-16, -0.3500000000000002554 ) ) ;
#153 = LINE ( 'NONE', #7044, #4018 ) ;
#154 = VECTOR ( 'NONE', #5749, 1000.000000000000000 ) ;
#155 = CARTESIAN_POINT ( 'NONE',  ( 4.616643101092098078, 1.700000000000002620, 0.3499999999999998668 ) ) ;
#156 = CARTESIAN_POINT ( 'NONE',  ( 1.670384757729333813, 8.500000000000000000, 0.000000000000000000 ) ) ;
#157 = FILL_AREA_STYLE ('',( #1691 ) ) ;
#158 =( NAMED_UNIT ( * ) PLANE_ANGLE_UNIT ( ) SI_UNIT ( $, .RADIAN. ) );
#159 = ORIENTED_EDGE ( 'NONE', *, *, #208, .T. ) ;
#160 = ORIENTED_EDGE ( 'NONE', *, *, #6607, .T. ) ;
#161 = DIRECTION ( 'NONE',  ( -0.000000000000000000, -0.000000000000000000, -1.000000000000000000 ) ) ;
#162 = CARTESIAN_POINT ( 'NONE',  ( 10.16000000000000014, -3.000000000000000000, -0.3500000000000003109 ) ) ;
#163 = CARTESIAN_POINT ( 'NONE',  ( 8.405140250919769684, 5.788964205960196452, -0.3500000000000003664 ) ) ;
#164 = VERTEX_POINT ( 'NONE', #4503 ) ;
#165 = PLANE ( 'NONE',  #8098 ) ;
#166 =( NAMED_UNIT ( * ) PLANE_ANGLE_UNIT ( ) SI_UNIT ( $, .RADIAN. ) );
#167 = VERTEX_POINT ( 'NONE', #783 ) ;
#168 = ORIENTED_EDGE ( 'NONE', *, *, #6115, .F. ) ;
#169 = EDGE_CURVE ( 'NONE', #460, #363, #4493, .T. ) ;
#170 = CARTESIAN_POINT ( 'NONE',  ( 1.540000000000000702, 0.8000000000000004885, -0.3500000000000000888 ) ) ;
#171 = CARTESIAN_POINT ( 'NONE',  ( 8.265466478527304872, 3.877691542223589138, -0.3500000000000003109 ) ) ;
#172 = FACE_OUTER_BOUND ( 'NONE', #417, .T. ) ;
#173 = DIRECTION ( 'NONE',  ( 1.084202172485504434E-16, -1.000000000000000000, 0.000000000000000000 ) ) ;
#174 = VERTEX_POINT ( 'NONE', #6729 ) ;
#175 = AXIS2_PLACEMENT_3D ( 'NONE', #1519, #9573, #2895 ) ;
#176 = CARTESIAN_POINT ( 'NONE',  ( 5.430000000000000604, -2.800000000000001155, -0.3500000000000001443 ) ) ;
#177 = B_SPLINE_CURVE_WITH_KNOTS ( 'NONE', 3,
 ( #6221, #7687, #6947, #8416, #1726, #5647, #4712, #245, #3241, #9189, #1874, #2499, #5498, #8459, #1033, #397, #3286, #6267, #2550, #4866, #8514, #4816, #7794, #7050, #3328, #6325, #9287, #1184, #2707, #9432, #4308 ),
 .UNSPECIFIED., .F., .F.,
 ( 4, 1, 1, 1, 1, 1, 1, 2, 2, 1, 1, 1, 1, 2, 2, 1, 1, 1, 1, 1, 2, 2, 4 ),
 ( 0.000000000000000000, 0.06250000000000892342, 0.09375000000001330880, 0.1093750000000156958, 0.1171875000000169031, 0.1210937500000174444, 0.1230468750000177081, 0.1240234375000179995, 0.1250000000000182909, 0.1875000000000187350, 0.2187500000000189571, 0.2343750000000190403, 0.2421875000000190681, 0.2460937500000193179, 0.2500000000000195399, 0.3750000000000208722, 0.4375000000000215383, 0.4687500000000216493, 0.4843750000000216493, 0.4921875000000216493, 0.4960937500000218714, 0.5000000000000220934, 1.000000000000000000 ),
 .UNSPECIFIED. ) ;
#178 = CARTESIAN_POINT ( 'NONE',  ( 6.080000000000000071, 0.5000000000000000000, -0.3500000000000000888 ) ) ;
#179 = ORIENTED_EDGE ( 'NONE', *, *, #9353, .T. ) ;
#180 = ORIENTED_EDGE ( 'NONE', *, *, #5760, .F. ) ;
#181 = EDGE_CURVE ( 'NONE', #5810, #213, #3755, .T. ) ;
#182 = MECHANICAL_DESIGN_GEOMETRIC_PRESENTATION_REPRESENTATION (  '', ( #4900 ), #8783 ) ;
#183 = FILL_AREA_STYLE ('',( #8315 ) ) ;
#184 = ORIENTED_EDGE ( 'NONE', *, *, #5360, .F. ) ;
#185 = DIRECTION ( 'NONE',  ( 0.000000000000000000, 0.000000000000000000, -1.000000000000000000 ) ) ;
#186 = LINE ( 'NONE', #6940, #8711 ) ;
#187 = ORIENTED_EDGE ( 'NONE', *, *, #6435, .F. ) ;
#188 = CARTESIAN_POINT ( 'NONE',  ( 10.62335689890790036, 1.699999999999999734, -0.3500000000000003109 ) ) ;
#189 = CARTESIAN_POINT ( 'NONE',  ( 0.7924853663132173098, 5.744802409713647862, 0.3499999999999999223 ) ) ;
#190 = DIRECTION ( 'NONE',  ( 1.000000000000000000, 0.000000000000000000, 0.000000000000000000 ) ) ;
#191 = CARTESIAN_POINT ( 'NONE',  ( 2.690000000000002167, -3.000000000000000000, 0.3499999999999998668 ) ) ;
#192 = EDGE_LOOP ( 'NONE', ( #3997, #2759, #1631, #4987 ) ) ;
#193 = CARTESIAN_POINT ( 'NONE',  ( 2.890000000000001013, 1.084202172485506745E-17, -0.3500000000000000888 ) ) ;
#194 = VECTOR ( 'NONE', #8241, 1000.000000000000000 ) ;
#195 = SURFACE_STYLE_USAGE ( .BOTH. , #3287 ) ;
#196 = UNCERTAINTY_MEASURE_WITH_UNIT (LENGTH_MEASURE( 1.000000000000000082E-05 ), #5199, 'distance_accuracy_value', 'NONE');
#197 = EDGE_CURVE ( 'NONE', #4284, #1849, #5134, .T. ) ;
#198 =( LENGTH_UNIT ( ) NAMED_UNIT ( * ) SI_UNIT ( .MILLI., .METRE. ) );
#199 = PRESENTATION_LAYER_ASSIGNMENT (  '', '', ( #8332 ) ) ;
#200 =( NAMED_UNIT ( * ) SI_UNIT ( $, .STERADIAN. ) SOLID_ANGLE_UNIT ( ) );
#201 = CYLINDRICAL_SURFACE ( 'NONE', #4422, 0.1999999999999999833 ) ;
#202 = VECTOR ( 'NONE', #4624, 1000.000000000000000 ) ;
#203 = AXIS2_PLACEMENT_3D ( 'NONE', #2211, #4664, #5319 ) ;
#204 = CARTESIAN_POINT ( 'NONE',  ( 5.079999999999999183, 1.700000000000000178, 0.3499999999999998113 ) ) ;
#205 = DIRECTION ( 'NONE',  ( 0.000000000000000000, 0.000000000000000000, -1.000000000000000000 ) ) ;
#206 = CARTESIAN_POINT ( 'NONE',  ( 10.01000000000000156, -3.000000000000000000, -0.3500000000000003109 ) ) ;
#207 = DIRECTION ( 'NONE',  ( -0.000000000000000000, 0.000000000000000000, 1.000000000000000000 ) ) ;
#208 = EDGE_CURVE ( 'NONE', #4200, #1806, #8891, .T. ) ;
#209 = VERTEX_POINT ( 'NONE', #8790 ) ;
#210 = UNCERTAINTY_MEASURE_WITH_UNIT (LENGTH_MEASURE( 1.000000000000000082E-05 ), #1056, 'distance_accuracy_value', 'NONE');
#211 = AXIS2_PLACEMENT_3D ( 'NONE', #1355, #2084, #8825 ) ;
#212 = EDGE_CURVE ( 'NONE', #686, #5104, #4325, .T. ) ;
#213 = VERTEX_POINT ( 'NONE', #4549 ) ;
#214 = VECTOR ( 'NONE', #7104, 1000.000000000000000 ) ;
#215 =( LENGTH_UNIT ( ) NAMED_UNIT ( * ) SI_UNIT ( .MILLI., .METRE. ) );
#216 = MECHANICAL_DESIGN_GEOMETRIC_PRESENTATION_REPRESENTATION (  '', ( #470 ), #4933 ) ;
#217 = ORIENTED_EDGE ( 'NONE', *, *, #8145, .T. ) ;
#218 = CARTESIAN_POINT ( 'NONE',  ( 11.62999999999999723, 0.5000000000000002220, 0.6500000000000010214 ) ) ;
#219 = AXIS2_PLACEMENT_3D ( 'NONE', #9243, #1143, #1096 ) ;
#220 = EDGE_CURVE ( 'NONE', #8088, #8454, #8077, .T. ) ;
#221 = VECTOR ( 'NONE', #1581, 1000.000000000000000 ) ;
#222 = DIRECTION ( 'NONE',  ( 0.000000000000000000, -0.000000000000000000, -1.000000000000000000 ) ) ;
#223 = ORIENTED_EDGE ( 'NONE', *, *, #8045, .T. ) ;
#224 = ORIENTED_EDGE ( 'NONE', *, *, #4338, .T. ) ;
#225 = AXIS2_PLACEMENT_3D ( 'NONE', #5967, #5250, #8222 ) ;
#226 = CARTESIAN_POINT ( 'NONE',  ( 5.230000000000002203, -3.000000000000000000, 0.3499999999999998113 ) ) ;
#227 = LINE ( 'NONE', #4850, #46 ) ;
#228 = FILL_AREA_STYLE_COLOUR ( '', #281 ) ;
#229 = VERTEX_POINT ( 'NONE', #9624 ) ;
#230 = DIRECTION ( 'NONE',  ( 0.000000000000000000, -0.000000000000000000, -1.000000000000000000 ) ) ;
#231 = SURFACE_STYLE_FILL_AREA ( #4598 ) ;
#232 = CARTESIAN_POINT ( 'NONE',  ( 9.711806954577857809, 5.884855341312109189, -0.3500000000000002554 ) ) ;
#233 = EDGE_LOOP ( 'NONE', ( #5527, #7766, #4552, #5187 ) ) ;
#234 = ORIENTED_EDGE ( 'NONE', *, *, #6320, .F. ) ;
#235 = CYLINDRICAL_SURFACE ( 'NONE', #1882, 0.2000000000000005107 ) ;
#236 = AXIS2_PLACEMENT_3D ( 'NONE', #7477, #3079, #3754 ) ;
#237 = LINE ( 'NONE', #138, #4633 ) ;
#238 = DIRECTION ( 'NONE',  ( -1.000000000000000000, -1.084202172485504434E-16, 0.000000000000000000 ) ) ;
#239 = EDGE_CURVE ( 'NONE', #6912, #260, #3363, .T. ) ;
#240 = EDGE_LOOP ( 'NONE', ( #5862, #224, #5211, #8252 ) ) ;
#241 = DIRECTION ( 'NONE',  ( -1.000000000000000000, -0.000000000000000000, 3.310540984688563971E-17 ) ) ;
#242 = SURFACE_STYLE_FILL_AREA ( #4810 ) ;
#243 = CARTESIAN_POINT ( 'NONE',  ( -0.6867549326077613259, 8.000000000000000000, -0.6500000000000030198 ) ) ;
#244 = ORIENTED_EDGE ( 'NONE', *, *, #2452, .F. ) ;
#245 = CARTESIAN_POINT ( 'NONE',  ( 9.376229430279611421, 5.796998266909030306, 0.3499999999999997002 ) ) ;
#246 = PRESENTATION_LAYER_ASSIGNMENT (  '', '', ( #3066 ) ) ;
#247 = SURFACE_SIDE_STYLE ('',( #4118 ) ) ;
#248 = DIRECTION ( 'NONE',  ( -1.000000000000000000, -0.000000000000000000, -0.000000000000000000 ) ) ;
#249 = UNCERTAINTY_MEASURE_WITH_UNIT (LENGTH_MEASURE( 1.000000000000000082E-05 ), #4263, 'distance_accuracy_value', 'NONE');
#250 =( BOUNDED_CURVE ( )  B_SPLINE_CURVE ( 3, ( #2752, #4206, #8892, #1367, #5738, #477, #2801 ),
 .UNSPECIFIED., .F., .T. ) 
 B_SPLINE_CURVE_WITH_KNOTS ( ( 4, 3, 4 ),
 ( 0.8078321013870641831, 3.141592653589792228, 5.475353205792520939 ),
 .UNSPECIFIED. ) 
 CURVE ( )  GEOMETRIC_REPRESENTATION_ITEM ( )  RATIONAL_B_SPLINE_CURVE ( ( 1.000000000000000000, 0.5953481791230080811, 0.5953481791230080811, 1.000000000000000000, 0.5953481791230077480, 0.5953481791230077480, 1.000000000000000000 ) ) 
 REPRESENTATION_ITEM ( '' )  );
#251 = DIRECTION ( 'NONE',  ( 1.000000000000000000, 1.121588454295349780E-16, -0.000000000000000000 ) ) ;
#252 = CYLINDRICAL_SURFACE ( 'NONE', #1073, 0.2999999999999999334 ) ;
#254 = COLOUR_RGB ( '',0.8313725490196077761, 0.6705882352941175961, 0.1294117647058823373 ) ;
#253 = PLANE ( 'NONE',  #3168 ) ;
#255 = ADVANCED_FACE ( 'NONE', ( #4351 ), #7333, .F. ) ;
#256 = CARTESIAN_POINT ( 'NONE',  ( 10.88850205228879275, 6.125528511109558316, 0.3499999999999996447 ) ) ;
#257 = CARTESIAN_POINT ( 'NONE',  ( 2.890000000000001013, 1.084202172485506745E-17, 0.3499999999999998668 ) ) ;
#258 = CARTESIAN_POINT ( 'NONE',  ( 4.220732764477097554, 5.226749775238761053, 0.3499999999999998668 ) ) ;
#259 = SURFACE_STYLE_USAGE ( .BOTH. , #4829 ) ;
#260 = VERTEX_POINT ( 'NONE', #6924 ) ;
#261 = CARTESIAN_POINT ( 'NONE',  ( 9.560000000000000497, 6.299999999999999822, 0.3499999999999996447 ) ) ;
#262 = VECTOR ( 'NONE', #6286, 1000.000000000000000 ) ;
#263 = ORIENTED_EDGE ( 'NONE', *, *, #8220, .F. ) ;
#264 = STYLED_ITEM ( 'NONE', ( #5476 ), #269 ) ;
#265 = FILL_AREA_STYLE_COLOUR ( '', #2443 ) ;
#266 = FACE_OUTER_BOUND ( 'NONE', #3214, .T. ) ;
#267 = EDGE_LOOP ( 'NONE', ( #7600, #9564, #3410, #9139 ) ) ;
#268 = DIRECTION ( 'NONE',  ( 0.000000000000000000, 0.000000000000000000, -1.000000000000000000 ) ) ;
#269 = ADVANCED_FACE ( 'NONE', ( #6158 ), #3804, .F. ) ;
#270 =( GEOMETRIC_REPRESENTATION_CONTEXT ( 3 ) GLOBAL_UNCERTAINTY_ASSIGNED_CONTEXT ( ( #7741 ) ) GLOBAL_UNIT_ASSIGNED_CONTEXT ( ( #9174, #6834, #7672 ) ) REPRESENTATION_CONTEXT ( 'NONE', 'WORKASPACE' ) );
#271 = VECTOR ( 'NONE', #4631, 1000.000000000000000 ) ;
#272 = LINE ( 'NONE', #4140, #7782 ) ;
#273 = EDGE_LOOP ( 'NONE', ( #2521, #1888, #3554, #4615 ) ) ;
#274 = VERTEX_POINT ( 'NONE', #3853 ) ;
#275 = VECTOR ( 'NONE', #4587, 1000.000000000000000 ) ;
#276 = CARTESIAN_POINT ( 'NONE',  ( 11.62999999999999723, 0.5000000000000002220, 0.6500000000000010214 ) ) ;
#277 = DIRECTION ( 'NONE',  ( 0.000000000000000000, 0.000000000000000000, -1.000000000000000000 ) ) ;
#278 = DIRECTION ( 'NONE',  ( -1.000000000000000000, 0.000000000000000000, 0.000000000000000000 ) ) ;
#279 = DIRECTION ( 'NONE',  ( 0.000000000000000000, 3.097720492815727166E-16, 1.000000000000000000 ) ) ;
#280 = ORIENTED_EDGE ( 'NONE', *, *, #7879, .F. ) ;
#281 = COLOUR_RGB ( '',1.000000000000000000, 1.000000000000000000, 1.000000000000000000 ) ;
#282 = VECTOR ( 'NONE', #2640, 1000.000000000000114 ) ;
#283 = DIRECTION ( 'NONE',  ( -0.000000000000000000, 0.000000000000000000, 1.000000000000000000 ) ) ;
#284 =( LENGTH_UNIT ( ) NAMED_UNIT ( * ) SI_UNIT ( .MILLI., .METRE. ) );
#285 = ORIENTED_EDGE ( 'NONE', *, *, #4380, .T. ) ;
#286 = ORIENTED_EDGE ( 'NONE', *, *, #5255, .T. ) ;
#287 = AXIS2_PLACEMENT_3D ( 'NONE', #7358, #648, #3628 ) ;
#288 =( NAMED_UNIT ( * ) SI_UNIT ( $, .STERADIAN. ) SOLID_ANGLE_UNIT ( ) );
#289 = UNCERTAINTY_MEASURE_WITH_UNIT (LENGTH_MEASURE( 1.000000000000000082E-05 ), #849, 'distance_accuracy_value', 'NONE');
#290 = FACE_OUTER_BOUND ( 'NONE', #8695, .T. ) ;
#291 = PRESENTATION_STYLE_ASSIGNMENT (( #6455 ) ) ;
#292 = ORIENTED_EDGE ( 'NONE', *, *, #5242, .F. ) ;
#293 = FILL_AREA_STYLE ('',( #6994 ) ) ;
#294 = DIRECTION ( 'NONE',  ( -1.000000000000000000, -0.000000000000000000, -0.000000000000000000 ) ) ;
#295 = DIRECTION ( 'NONE',  ( 0.000000000000000000, -0.8660254037844388186, 0.4999999999999997780 ) ) ;
#296 = ORIENTED_EDGE ( 'NONE', *, *, #8634, .T. ) ;
#297 = CARTESIAN_POINT ( 'NONE',  ( 11.16000000000000192, 0.8000000000000007105, 0.3499999999999996447 ) ) ;
#298 =( NAMED_UNIT ( * ) SI_UNIT ( $, .STERADIAN. ) SOLID_ANGLE_UNIT ( ) );
#299 = LINE ( 'NONE', #9190, #214 ) ;
#300 = CARTESIAN_POINT ( 'NONE',  ( 0.1500000000000021316, -3.000000000000000000, 0.3499999999999999778 ) ) ;
#301 = LINE ( 'NONE', #9241, #463 ) ;
#302 = CARTESIAN_POINT ( 'NONE',  ( 9.810000000000000497, 8.000000000000000000, 0.3499999999999999778 ) ) ;
#303 = CARTESIAN_POINT ( 'NONE',  ( 6.080000000000000959, 6.299999999999999822, 0.1283333333333331328 ) ) ;
#304 = CARTESIAN_POINT ( 'NONE',  ( -5.421010862427528333E-17, 0.5000000000000005551, -0.3499999999999999778 ) ) ;
#305 = FACE_OUTER_BOUND ( 'NONE', #8381, .T. ) ;
#306 = CARTESIAN_POINT ( 'NONE',  ( 0.6867549326077615479, 8.000000000000000000, -0.6500000000000025757 ) ) ;
#307 = CARTESIAN_POINT ( 'NONE',  ( 11.16000000000000014, 0.5000000000000002220, 0.3499999999999998668 ) ) ;
#308 = PRESENTATION_STYLE_ASSIGNMENT (( #2667 ) ) ;
#309 = ORIENTED_EDGE ( 'NONE', *, *, #4032, .T. ) ;
#310 = DIRECTION ( 'NONE',  ( 1.000000000000000000, -0.000000000000000000, 0.000000000000000000 ) ) ;
#311 = STYLED_ITEM ( 'NONE', ( #972 ), #3030 ) ;
#312 = ORIENTED_EDGE ( 'NONE', *, *, #5181, .T. ) ;
#313 = VECTOR ( 'NONE', #4769, 1000.000000000000000 ) ;
#314 = CARTESIAN_POINT ( 'NONE',  ( 7.270000000000001350, -2.800000000000001155, -0.3500000000000002554 ) ) ;
#315 = ORIENTED_EDGE ( 'NONE', *, *, #2655, .F. ) ;
#316 = SURFACE_SIDE_STYLE ('',( #2676 ) ) ;
#317 = VECTOR ( 'NONE', #7899, 1000.000000000000000 ) ;
#318 = ADVANCED_FACE ( 'NONE', ( #4640 ), #6932, .T. ) ;
#319 = ORIENTED_EDGE ( 'NONE', *, *, #6930, .F. ) ;
#320 = ORIENTED_EDGE ( 'NONE', *, *, #7854, .T. ) ;
#321 = DIRECTION ( 'NONE',  ( 1.121588454295349533E-16, -1.000000000000000000, 0.000000000000000000 ) ) ;
#322 = CARTESIAN_POINT ( 'NONE',  ( 6.620000000000000107, 6.500000000000000888, -0.3500000000000010880 ) ) ;
#323 = DIRECTION ( 'NONE',  ( 1.121588454295349533E-16, -1.000000000000000000, 0.000000000000000000 ) ) ;
#324 = EDGE_LOOP ( 'NONE', ( #6585, #3022, #8347, #439 ) ) ;
#325 = CARTESIAN_POINT ( 'NONE',  ( 10.95248536631321912, 5.744802409713649638, 0.3499999999999996447 ) ) ;
#326 = CARTESIAN_POINT ( 'NONE',  ( 9.660000000000001918, 6.084152315493286167, 0.3499999999999997002 ) ) ;
#327 = ORIENTED_EDGE ( 'NONE', *, *, #7571, .T. ) ;
#328 = EDGE_CURVE ( 'NONE', #1299, #7098, #9124, .T. ) ;
#329 = VERTEX_POINT ( 'NONE', #4689 ) ;
#330 = EDGE_CURVE ( 'NONE', #3846, #1444, #8636, .T. ) ;
#331 =( LENGTH_UNIT ( ) NAMED_UNIT ( * ) SI_UNIT ( .MILLI., .METRE. ) );
#332 = SURFACE_SIDE_STYLE ('',( #5398 ) ) ;
#333 = DIRECTION ( 'NONE',  ( 0.000000000000000000, 1.000000000000000000, -4.336808689942016750E-16 ) ) ;
#334 = MECHANICAL_DESIGN_GEOMETRIC_PRESENTATION_REPRESENTATION (  '', ( #4890 ), #4400 ) ;
#335 = CARTESIAN_POINT ( 'NONE',  ( 3.268502052288794868, 6.125528511109557428, 0.3499999999999999223 ) ) ;
#336 = CARTESIAN_POINT ( 'NONE',  ( 5.780000000000001137, 0.5000000000000006661, 0.3499999999999998113 ) ) ;
#337 = ORIENTED_EDGE ( 'NONE', *, *, #1500, .T. ) ;
#338 = SURFACE_STYLE_USAGE ( .BOTH. , #936 ) ;
#339 = CARTESIAN_POINT ( 'NONE',  ( 7.972524015545777942, 5.732672356334978403, -0.3500000000000002554 ) ) ;
#340 = CARTESIAN_POINT ( 'NONE',  ( 1.540000000000000480, 1.800000000000000488, 0.3499999999999998668 ) ) ;
#341 = ORIENTED_EDGE ( 'NONE', *, *, #3206, .F. ) ;
#342 = DIRECTION ( 'NONE',  ( -3.097720492815726426E-17, 1.000000000000000000, 0.000000000000000000 ) ) ;
#343 = CARTESIAN_POINT ( 'NONE',  ( 8.489615242270666329, 8.500000000000000000, -0.8696152422706664442 ) ) ;
#344 = STYLED_ITEM ( 'NONE', ( #3806 ), #7357 ) ;
#345 = DIRECTION ( 'NONE',  ( 1.000000000000000000, -0.000000000000000000, 0.000000000000000000 ) ) ;
#346 =( NAMED_UNIT ( * ) PLANE_ANGLE_UNIT ( ) SI_UNIT ( $, .RADIAN. ) );
#347 = CARTESIAN_POINT ( 'NONE',  ( 6.080000000000000959, 0.8000000000000007105, 0.3499999999999998113 ) ) ;
#348 = CARTESIAN_POINT ( 'NONE',  ( 7.270000000000000462, 8.199999999999999289, -0.3499999999999999778 ) ) ;
#349 = CARTESIAN_POINT ( 'NONE',  ( -0.7851402509197632495, 5.788964205960194676, 0.3499999999999999223 ) ) ;
#350 = DIRECTION ( 'NONE',  ( -1.000000000000000000, -0.000000000000000000, -0.000000000000000000 ) ) ;
#351 = STYLED_ITEM ( 'NONE', ( #3118 ), #7742 ) ;
#352 = CARTESIAN_POINT ( 'NONE',  ( 10.75999999999999979, 6.299999999999999822, 0.3499999999999996447 ) ) ;
#353 = CARTESIAN_POINT ( 'NONE',  ( 4.239611261228811934, 5.398486016527557219, 0.3499999999999998113 ) ) ;
#354 = DIRECTION ( 'NONE',  ( -1.000000000000000000, 0.000000000000000000, 0.000000000000000000 ) ) ;
#355 = ORIENTED_EDGE ( 'NONE', *, *, #4393, .F. ) ;
#356 = ORIENTED_EDGE ( 'NONE', *, *, #5735, .T. ) ;
#357 = VECTOR ( 'NONE', #6293, 1000.000000000000000 ) ;
#358 = CARTESIAN_POINT ( 'NONE',  ( -1.469999999999999973, 0.000000000000000000, 1.199999999999999956 ) ) ;
#359 = VECTOR ( 'NONE', #6563, 1000.000000000000000 ) ;
#360 = CARTESIAN_POINT ( 'NONE',  ( 8.619999999999999218, 6.299999999999999822, -0.3850000000000002309 ) ) ;
#361 = SURFACE_SIDE_STYLE ('',( #7132 ) ) ;
#362 = PLANE ( 'NONE',  #7764 ) ;
#363 = VERTEX_POINT ( 'NONE', #7032 ) ;
#364 = ADVANCED_FACE ( 'NONE', ( #1953 ), #6318, .T. ) ;
#365 = ADVANCED_FACE ( 'NONE', ( #6352 ), #6397, .F. ) ;
#366 = MECHANICAL_DESIGN_GEOMETRIC_PRESENTATION_REPRESENTATION (  '', ( #688 ), #5690 ) ;
#367 = COLOUR_RGB ( '',0.8313725490196077761, 0.6705882352941175961, 0.1294117647058823373 ) ;
#368 = APPLICATION_PROTOCOL_DEFINITION ( 'draft international standard', 'automotive_design', 1998, #6760 ) ;
#369 = EDGE_LOOP ( 'NONE', ( #8431, #8449, #8800, #6595 ) ) ;
#370 = VECTOR ( 'NONE', #8739, 1000.000000000000000 ) ;
#371 = ORIENTED_EDGE ( 'NONE', *, *, #2487, .F. ) ;
#372 = VECTOR ( 'NONE', #962, 1000.000000000000000 ) ;
#373 = DIRECTION ( 'NONE',  ( -1.000000000000000000, 0.000000000000000000, -0.000000000000000000 ) ) ;
#374 = DIRECTION ( 'NONE',  ( -0.000000000000000000, -0.000000000000000000, -1.000000000000000000 ) ) ;
#375 = VECTOR ( 'NONE', #9594, 1000.000000000000000 ) ;
#376 = SURFACE_STYLE_USAGE ( .BOTH. , #4145 ) ;
#377 = CARTESIAN_POINT ( 'NONE',  ( 8.429502423613083550, 5.635051924204145024, 0.3499999999999997002 ) ) ;
#378 = CARTESIAN_POINT ( 'NONE',  ( 4.393245067392238745, 0.5000000000000000000, -0.6500000000000013545 ) ) ;
#379 = MECHANICAL_DESIGN_GEOMETRIC_PRESENTATION_REPRESENTATION (  '', ( #2096 ), #2744 ) ;
#380 = ORIENTED_EDGE ( 'NONE', *, *, #2980, .F. ) ;
#381 = ADVANCED_FACE ( 'NONE', ( #7974 ), #4848, .F. ) ;
#382 = EDGE_CURVE ( 'NONE', #1299, #134, #9615, .T. ) ;
#383 = CARTESIAN_POINT ( 'NONE',  ( 9.711806954577857809, 5.884855341312109189, 0.3499999999999997002 ) ) ;
#384 = ORIENTED_EDGE ( 'NONE', *, *, #1948, .T. ) ;
#385 = VERTEX_POINT ( 'NONE', #1450 ) ;
#386 = CARTESIAN_POINT ( 'NONE',  ( 10.93414713667270632, 5.851685420754299649, -0.3500000000000004219 ) ) ;
#387 = CARTESIAN_POINT ( 'NONE',  ( 9.810000000000000497, -2.800000000000001155, 0.3499999999999996447 ) ) ;
#388 = LINE ( 'NONE', #7092, #4431 ) ;
#389 = CARTESIAN_POINT ( 'NONE',  ( -1.000000000000000000, 0.5000000000000002220, 0.3499999999999998668 ) ) ;
#391 = VERTEX_POINT ( 'NONE', #2927 ) ;
#390 = PRESENTATION_LAYER_ASSIGNMENT (  '', '', ( #5406 ) ) ;
#392 = EDGE_CURVE ( 'NONE', #5332, #423, #9560, .T. ) ;
#393 = PRESENTATION_STYLE_ASSIGNMENT (( #7834 ) ) ;
#394 = SURFACE_STYLE_USAGE ( .BOTH. , #1274 ) ;
#395 = DIRECTION ( 'NONE',  ( 1.000000000000000000, 0.000000000000000000, 0.000000000000000000 ) ) ;
#396 = ORIENTED_EDGE ( 'NONE', *, *, #90, .F. ) ;
#397 = CARTESIAN_POINT ( 'NONE',  ( 9.304309810834103800, 5.260692584315934006, 0.3499999999999996447 ) ) ;
#398 = CARTESIAN_POINT ( 'NONE',  ( 6.620000000000000107, 6.500000000000000888, 0.3499999999999989231 ) ) ;
#399 = DIRECTION ( 'NONE',  ( -1.000000000000000000, -0.000000000000000000, -0.000000000000000000 ) ) ;
#400 = CARTESIAN_POINT ( 'NONE',  ( 2.040000000000001812, 6.299999999999999822, 0.3499999999999998668 ) ) ;
#401 = LINE ( 'NONE', #9293, #3109 ) ;
#402 = EDGE_CURVE ( 'NONE', #8324, #5734, #2182, .T. ) ;
#403 = DIRECTION ( 'NONE',  ( 0.000000000000000000, -1.000000000000000000, 0.000000000000000000 ) ) ;
#404 = VECTOR ( 'NONE', #8052, 1000.000000000000000 ) ;
#405 = CARTESIAN_POINT ( 'NONE',  ( 4.296229430279611350, 5.796998266909029418, 0.3499999999999998668 ) ) ;
#406 = CYLINDRICAL_SURFACE ( 'NONE', #6086, 0.2000000000000005107 ) ;
#407 = ORIENTED_EDGE ( 'NONE', *, *, #4054, .T. ) ;
#408 = STYLED_ITEM ( 'NONE', ( #3982 ), #6349 ) ;
#409 = DIRECTION ( 'NONE',  ( 1.000000000000000000, 0.000000000000000000, 0.000000000000000000 ) ) ;
#410 =( NAMED_UNIT ( * ) PLANE_ANGLE_UNIT ( ) SI_UNIT ( $, .RADIAN. ) );
#411 = ORIENTED_EDGE ( 'NONE', *, *, #7910, .F. ) ;
#412 = VECTOR ( 'NONE', #5584, 1000.000000000000000 ) ;
#413 = EDGE_CURVE ( 'NONE', #4733, #1130, #5953, .T. ) ;
#415 = STYLED_ITEM ( 'NONE', ( #8545 ), #381 ) ;
#414 = UNCERTAINTY_MEASURE_WITH_UNIT (LENGTH_MEASURE( 1.000000000000000082E-05 ), #1912, 'distance_accuracy_value', 'NONE');
#416 = ORIENTED_EDGE ( 'NONE', *, *, #6930, .T. ) ;
#417 = EDGE_LOOP ( 'NONE', ( #2424, #4417, #4065, #4728 ) ) ;
#418 = ADVANCED_FACE ( 'NONE', ( #8152 ), #4341, .F. ) ;
#419 = COLOUR_RGB ( '',0.8313725490196077761, 0.6705882352941175961, 0.1294117647058823373 ) ;
#420 = CARTESIAN_POINT ( 'NONE',  ( -0.9488971023511124647, 4.001162287970069897, -0.3499999999999999778 ) ) ;
#421 = CARTESIAN_POINT ( 'NONE',  ( 8.553697255033128499, 4.293911919605035266, 0.3499999999999997002 ) ) ;
#422 = CARTESIAN_POINT ( 'NONE',  ( 5.080000000000000071, 0.000000000000000000, 0.3499999999999998113 ) ) ;
#423 = VERTEX_POINT ( 'NONE', #2228 ) ;
#424 = ORIENTED_EDGE ( 'NONE', *, *, #7020, .F. ) ;
#425 = AXIS2_PLACEMENT_3D ( 'NONE', #128, #1206, #5389 ) ;
#426 = PLANE ( 'NONE',  #7711 ) ;
#427 = STYLED_ITEM ( 'NONE', ( #3160 ), #5071 ) ;
#428 = ORIENTED_EDGE ( 'NONE', *, *, #169, .T. ) ;
#429 = PRESENTATION_STYLE_ASSIGNMENT (( #6988 ) ) ;
#430 = DIRECTION ( 'NONE',  ( 0.000000000000000000, 0.000000000000000000, -1.000000000000000000 ) ) ;
#431 = DIRECTION ( 'NONE',  ( 1.000000000000000000, 0.000000000000000000, 0.000000000000000000 ) ) ;
#432 = CARTESIAN_POINT ( 'NONE',  ( 1.000000000000000000, 6.500000000000000888, 0.3499999999999989231 ) ) ;
#433 = PRESENTATION_LAYER_ASSIGNMENT (  '', '', ( #4037 ) ) ;
#434 = ORIENTED_EDGE ( 'NONE', *, *, #8056, .T. ) ;
#435 = CARTESIAN_POINT ( 'NONE',  ( 4.080000000000000071, 1.800000000000000488, -0.3850000000000000089 ) ) ;
#436 = DIRECTION ( 'NONE',  ( 0.000000000000000000, 1.000000000000000000, -3.097720492815727166E-16 ) ) ;
#437 = PRODUCT_DEFINITION_SHAPE ( 'NONE', 'NONE',  #2121 ) ;
#438 = CARTESIAN_POINT ( 'NONE',  ( 7.620000000000000107, 6.299999999999999822, 0.3499999999999997002 ) ) ;
#439 = ORIENTED_EDGE ( 'NONE', *, *, #8453, .F. ) ;
#440 = DIRECTION ( 'NONE',  ( -0.000000000000000000, -0.000000000000000000, -1.000000000000000000 ) ) ;
#441 = CARTESIAN_POINT ( 'NONE',  ( 8.479267235522909729, 5.226749775238715756, -0.3500000000000004219 ) ) ;
#442 = CARTESIAN_POINT ( 'NONE',  ( 11.62999999999999723, 0.5000000000000000000, -0.6499999999999989120 ) ) ;
#443 = DIRECTION ( 'NONE',  ( -1.000000000000000000, -0.000000000000000000, -0.000000000000000000 ) ) ;
#444 =( NAMED_UNIT ( * ) SI_UNIT ( $, .STERADIAN. ) SOLID_ANGLE_UNIT ( ) );
#445 = DIRECTION ( 'NONE',  ( -0.000000000000000000, 0.000000000000000000, 1.000000000000000000 ) ) ;
#446 = PRESENTATION_STYLE_ASSIGNMENT (( #8616 ) ) ;
#447 = FILL_AREA_STYLE ('',( #6559 ) ) ;
#448 = CARTESIAN_POINT ( 'NONE',  ( 0.9446954869561655643, 4.083092593512565038, -0.3499999999999998668 ) ) ;
#449 = CARTESIAN_POINT ( 'NONE',  ( 2.187475984454220423, 5.732672356334980179, 0.3499999999999998668 ) ) ;
#450 = CARTESIAN_POINT ( 'NONE',  ( -1.469999999999999973, 1.601149768326593145E-16, 0.6500000000000012434 ) ) ;
#451 = ORIENTED_EDGE ( 'NONE', *, *, #7027, .T. ) ;
#452 = ADVANCED_FACE ( 'NONE', ( #4439 ), #10, .F. ) ;
#453 =( NAMED_UNIT ( * ) SI_UNIT ( $, .STERADIAN. ) SOLID_ANGLE_UNIT ( ) );
#454 = LINE ( 'NONE', #7117, #8104 ) ;
#455 = CARTESIAN_POINT ( 'NONE',  ( 2.190000000000000835, -2.800000000000001155, 0.3499999999999998668 ) ) ;
#456 = ORIENTED_EDGE ( 'NONE', *, *, #9082, .T. ) ;
#457 = DIRECTION ( 'NONE',  ( -0.000000000000000000, 1.000000000000000000, -0.000000000000000000 ) ) ;
#458 = UNCERTAINTY_MEASURE_WITH_UNIT (LENGTH_MEASURE( 1.000000000000000082E-05 ), #9579, 'distance_accuracy_value', 'NONE');
#459 = CARTESIAN_POINT ( 'NONE',  ( 4.080000000000000071, 6.500000000000000888, -0.3500000000000010880 ) ) ;
#460 = VERTEX_POINT ( 'NONE', #1303 ) ;
#461 = ORIENTED_EDGE ( 'NONE', *, *, #6710, .T. ) ;
#462 = UNCERTAINTY_MEASURE_WITH_UNIT (LENGTH_MEASURE( 1.000000000000000082E-05 ), #3918, 'distance_accuracy_value', 'NONE');
#463 = VECTOR ( 'NONE', #5549, 1000.000000000000114 ) ;
#464 = CARTESIAN_POINT ( 'NONE',  ( 0.000000000000000000, -3.000000000000000000, 0.3499999999999999778 ) ) ;
#465 = ADVANCED_FACE ( 'NONE', ( #716 ), #5865, .F. ) ;
#466 = SURFACE_STYLE_FILL_AREA ( #7178 ) ;
#467 = DIRECTION ( 'NONE',  ( 1.000000000000000000, -4.336808689942006692E-15, 0.000000000000000000 ) ) ;
#468 = DIRECTION ( 'NONE',  ( 1.084202172485504434E-16, -1.000000000000000000, 0.000000000000000000 ) ) ;
#469 = VERTEX_POINT ( 'NONE', #7418 ) ;
#470 = STYLED_ITEM ( 'NONE', ( #3617 ), #2922 ) ;
#471 = EDGE_LOOP ( 'NONE', ( #2280, #4512, #6176, #5415 ) ) ;
#472 = ORIENTED_EDGE ( 'NONE', *, *, #4465, .F. ) ;
#473 = EDGE_CURVE ( 'NONE', #813, #6317, #2081, .T. ) ;
#474 = CARTESIAN_POINT ( 'NONE',  ( 11.16000000000000192, 1.800000000000000488, -0.3500000000000003109 ) ) ;
#475 = DIRECTION ( 'NONE',  ( 0.000000000000000000, 0.000000000000000000, -1.000000000000000000 ) ) ;
#476 = DIRECTION ( 'NONE',  ( -1.000000000000000000, 0.000000000000000000, 7.744301232039316681E-17 ) ) ;
#477 = CARTESIAN_POINT ( 'NONE',  ( 0.6454664785273048766, 3.877691542223585142, 0.3499999999999999778 ) ) ;
#478 = FACE_OUTER_BOUND ( 'NONE', #9286, .T. ) ;
#479 = ORIENTED_EDGE ( 'NONE', *, *, #6289, .T. ) ;
#480 = FILL_AREA_STYLE_COLOUR ( '', #7715 ) ;
#481 = CARTESIAN_POINT ( 'NONE',  ( 6.933245067392238781, 10.39117142264903570, -0.6500000000000030198 ) ) ;
#482 = ADVANCED_FACE ( 'NONE', ( #6534 ), #1506, .F. ) ;
#483 = ORIENTED_EDGE ( 'NONE', *, *, #7656, .T. ) ;
#484 = B_SPLINE_CURVE_WITH_KNOTS ( 'NONE', 3,
 ( #4275, #6661, #551, #5808, #1494, #1392, #4476, #2966, #3013, #3586, #8863, #5854, #8766, #6525, #9502, #9602, #7455, #5077, #4373, #7359, #2824, #3731, #5943, #8916, #2069, #1340, #4329, #7306, #757, #2124, #5897, #2215, #3629 ),
 .UNSPECIFIED., .F., .F.,
 ( 4, 1, 1, 1, 1, 1, 1, 2, 2, 1, 1, 1, 1, 1, 2, 2, 1, 1, 1, 1, 1, 1, 2, 2, 4 ),
 ( 0.000000000000000000, 0.2499999999999766853, 0.3749999999999649170, 0.4374999999999590328, 0.4687499999999560907, 0.4843749999999544253, 0.4921874999999539257, 0.4960937499999537037, 0.4999999999999533706, 0.6249999999999473754, 0.6874999999999440448, 0.7187499999999420464, 0.7343749999999410472, 0.7421874999999402700, 0.7460937499999397149, 0.7499999999999392708, 0.8124999999999397149, 0.8437499999999402700, 0.8593749999999404920, 0.8671874999999403810, 0.8710937499999406031, 0.8730468749999411582, 0.8740234374999413802, 0.8749999999999416023, 1.000000000000000000 ),
 .UNSPECIFIED. ) ;
#485 = DIRECTION ( 'NONE',  ( -0.7071067811865461294, -0.7071067811865490160, 0.000000000000000000 ) ) ;
#486 = CARTESIAN_POINT ( 'NONE',  ( 8.406052886485989362, 5.783587059575309830, -0.3500000000000004219 ) ) ;
#487 = PRESENTATION_STYLE_ASSIGNMENT (( #4410 ) ) ;
#488 = AXIS2_PLACEMENT_3D ( 'NONE', #6678, #9563, #4445 ) ;
#489 = DIRECTION ( 'NONE',  ( 0.000000000000000000, -0.000000000000000000, 1.000000000000000000 ) ) ;
#490 = CARTESIAN_POINT ( 'NONE',  ( 2.040000000000001812, 6.084152315493286167, -0.3500000000000000333 ) ) ;
#491 = CARTESIAN_POINT ( 'NONE',  ( 6.045000000000000817, -1.575000000000006173, 0.3499999999999997002 ) ) ;
#492 = CARTESIAN_POINT ( 'NONE',  ( 6.080000000000000959, 6.299999999999999822, 0.3849999999999998423 ) ) ;
#493 =( NAMED_UNIT ( * ) PLANE_ANGLE_UNIT ( ) SI_UNIT ( $, .RADIAN. ) );
#494 = CARTESIAN_POINT ( 'NONE',  ( 5.680000000000000604, 6.299999999999999822, -0.3500000000000001443 ) ) ;
#495 = DIRECTION ( 'NONE',  ( 0.000000000000000000, 0.000000000000000000, -1.000000000000000000 ) ) ;
#496 = PRESENTATION_LAYER_ASSIGNMENT (  '', '', ( #5513 ) ) ;
#497 = EDGE_CURVE ( 'NONE', #1896, #4483, #5141, .T. ) ;
#498 = CARTESIAN_POINT ( 'NONE',  ( 7.020000000000000462, 6.299999999999999822, 0.1166666666666663077 ) ) ;
#499 = EDGE_LOOP ( 'NONE', ( #8085, #6154, #4154, #779 ) ) ;
#500 = PLANE ( 'NONE',  #9359 ) ;
#501 = VECTOR ( 'NONE', #4387, 1000.000000000000000 ) ;
#502 = LINE ( 'NONE', #1105, #6835 ) ;
#503 = DIRECTION ( 'NONE',  ( -0.000000000000000000, 0.000000000000000000, 1.000000000000000000 ) ) ;
#504 = UNCERTAINTY_MEASURE_WITH_UNIT (LENGTH_MEASURE( 1.000000000000000082E-05 ), #9356, 'distance_accuracy_value', 'NONE');
#505 = VERTEX_POINT ( 'NONE', #664 ) ;
#506 = CARTESIAN_POINT ( 'NONE',  ( -1.469999999999999973, 0.000000000000000000, 1.199999999999999956 ) ) ;
#507 = EDGE_CURVE ( 'NONE', #9131, #1896, #613, .T. ) ;
#508 = CARTESIAN_POINT ( 'NONE',  ( 5.725466478527304837, 3.877691542223589138, 0.3499999999999997558 ) ) ;
#509 = ADVANCED_FACE ( 'NONE', ( #8110 ), #3695, .F. ) ;
#510 = ORIENTED_EDGE ( 'NONE', *, *, #5360, .T. ) ;
#511 = VECTOR ( 'NONE', #4846, 1000.000000000000000 ) ;
#512 = VERTEX_POINT ( 'NONE', #3744 ) ;
#513 = STYLED_ITEM ( 'NONE', ( #1641 ), #4524 ) ;
#514 = CARTESIAN_POINT ( 'NONE',  ( -0.8641973817704142746, 5.178803639423790628, -0.3500000000000000333 ) ) ;
#515 =( LENGTH_UNIT ( ) NAMED_UNIT ( * ) SI_UNIT ( .MILLI., .METRE. ) );
#516 = CARTESIAN_POINT ( 'NONE',  ( 8.487834886700804660, 5.142569796484737665, 0.3499999999999996447 ) ) ;
#517 = CARTESIAN_POINT ( 'NONE',  ( -5.421010862427528333E-17, 0.5000000000000005551, 0.3499999999999999778 ) ) ;
#518 = ORIENTED_EDGE ( 'NONE', *, *, #4715, .T. ) ;
#519 = VECTOR ( 'NONE', #1637, 1000.000000000000000 ) ;
#520 = STYLED_ITEM ( 'NONE', ( #7277 ), #4928 ) ;
#521 = ORIENTED_EDGE ( 'NONE', *, *, #5320, .F. ) ;
#522 = ORIENTED_EDGE ( 'NONE', *, *, #2943, .F. ) ;
#523 = PRESENTATION_LAYER_ASSIGNMENT (  '', '', ( #4441 ) ) ;
#524 = LINE ( 'NONE', #3502, #4623 ) ;
#525 =( LENGTH_UNIT ( ) NAMED_UNIT ( * ) SI_UNIT ( .MILLI., .METRE. ) );
#526 = CARTESIAN_POINT ( 'NONE',  ( 7.270000000000000462, 0.000000000000000000, 0.3499999999999999778 ) ) ;
#527 = FILL_AREA_STYLE ('',( #3609 ) ) ;
#528 = ADVANCED_FACE ( 'NONE', ( #8972 ), #7370, .F. ) ;
#529 = VERTEX_POINT ( 'NONE', #2835 ) ;
#530 = MECHANICAL_DESIGN_GEOMETRIC_PRESENTATION_REPRESENTATION (  '', ( #3981 ), #3193 ) ;
#531 = CARTESIAN_POINT ( 'NONE',  ( -1.469999999999999973, 8.500000000000000000, 1.199999999999999956 ) ) ;
#532 = CARTESIAN_POINT ( 'NONE',  ( -0.9999999999999993339, 0.8000000000000004885, -0.3499999999999999778 ) ) ;
#533 = CARTESIAN_POINT ( 'NONE',  ( 4.205005870614371588, 5.069026963383188367, -0.3500000000000000888 ) ) ;
#534 = ORIENTED_EDGE ( 'NONE', *, *, #382, .T. ) ;
#535 = FACE_BOUND ( 'NONE', #6974, .T. ) ;
#536 = EDGE_CURVE ( 'NONE', #229, #5470, #5818, .T. ) ;
#537 = VERTEX_POINT ( 'NONE', #3644 ) ;
#538 = CARTESIAN_POINT ( 'NONE',  ( 8.420167876875765955, 5.699693040755677842, -0.3500000000000002554 ) ) ;
#539 = CARTESIAN_POINT ( 'NONE',  ( 6.080000000000000071, 0.5000000000000002220, 0.3499999999999998668 ) ) ;
#540 = ADVANCED_FACE ( 'NONE', ( #6633 ), #5056, .F. ) ;
#542 = STYLED_ITEM ( 'NONE', ( #8896 ), #2066 ) ;
#541 = LINE ( 'NONE', #3519, #1675 ) ;
#543 = FACE_OUTER_BOUND ( 'NONE', #2549, .T. ) ;
#544 = PRESENTATION_STYLE_ASSIGNMENT (( #7163 ) ) ;
#545 = CARTESIAN_POINT ( 'NONE',  ( 8.306754932607761432, 0.5000000000000002220, 0.6500000000000010214 ) ) ;
#546 = DIRECTION ( 'NONE',  ( -0.000000000000000000, -0.000000000000000000, -1.000000000000000000 ) ) ;
#547 = AXIS2_PLACEMENT_3D ( 'NONE', #5032, #3217, #2631 ) ;
#548 = CARTESIAN_POINT ( 'NONE',  ( 1.606302744966793483, 4.293911919603389471, -0.3500000000000001998 ) ) ;
#549 = EDGE_CURVE ( 'NONE', #6791, #1656, #2758, .T. ) ;
#550 = DIRECTION ( 'NONE',  ( -1.000000000000000000, 0.000000000000000000, 0.000000000000000000 ) ) ;
#552 = VECTOR ( 'NONE', #9015, 1000.000000000000000 ) ;
#551 = CARTESIAN_POINT ( 'NONE',  ( 6.626881821040563558, 2.798202530627315721, -0.3500000000000002554 ) ) ;
#553 = FILL_AREA_STYLE_COLOUR ( '', #5418 ) ;
#554 = FACE_OUTER_BOUND ( 'NONE', #830, .T. ) ;
#555 = ADVANCED_FACE ( 'NONE', ( #8124 ), #4359, .F. ) ;
#556 = VERTEX_POINT ( 'NONE', #3567 ) ;
#557 = LINE ( 'NONE', #3535, #1060 ) ;
#558 = ORIENTED_EDGE ( 'NONE', *, *, #8341, .F. ) ;
#559 = VECTOR ( 'NONE', #7994, 1000.000000000000000 ) ;
#560 = ORIENTED_EDGE ( 'NONE', *, *, #797, .F. ) ;
#561 =( BOUNDED_SURFACE ( )  B_SPLINE_SURFACE ( 3, 1, ( 
 ( #3766, #6740 ),
 ( #3051, #6023 ),
 ( #9000, #5431 ),
 ( #5626, #1471 ),
 ( #875, #7676 ),
 ( #2420, #6712 ),
 ( #3068, #9065 ) ),
 .UNSPECIFIED., .F., .F., .T. ) 
 B_SPLINE_SURFACE_WITH_KNOTS ( ( 4, 3, 4 ),
 ( 2, 2 ),
 ( 0.000000000000000000, 0.5000000000000000000, 1.000000000000000000 ),
 ( 0.000000000000000000, 1.000000000000000000 ),
 .UNSPECIFIED. ) 
 GEOMETRIC_REPRESENTATION_ITEM ( )  RATIONAL_B_SPLINE_SURFACE ( (
 ( 1.000000000000000000, 1.000000000000000000),
 ( 0.5953481791230080811, 0.5953481791230080811),
 ( 0.5953481791230080811, 0.5953481791230080811),
 ( 1.000000000000000000, 1.000000000000000000),
 ( 0.5953481791230077480, 0.5953481791230077480),
 ( 0.5953481791230077480, 0.5953481791230077480),
 ( 1.000000000000000000, 1.000000000000000000) ) ) 
 REPRESENTATION_ITEM ( '' )  SURFACE ( )  );
#562 = CARTESIAN_POINT ( 'NONE',  ( 9.160000000000001918, 0.5000000000000000000, -0.3500000000000000888 ) ) ;
#563 = EDGE_CURVE ( 'NONE', #6447, #469, #9480, .T. ) ;
#564 = LINE ( 'NONE', #6532, #9097 ) ;
#565 = CARTESIAN_POINT ( 'NONE',  ( 4.080000000000000071, 6.500000000000000888, -0.3500000000000010880 ) ) ;
#566 = PLANE ( 'NONE',  #2698 ) ;
#567 = CARTESIAN_POINT ( 'NONE',  ( 6.080000000000000959, 1.800000000000000488, -0.1166666666666669044 ) ) ;
#569 = VERTEX_POINT ( 'NONE', #2705 ) ;
#568 = COLOUR_RGB ( '',0.8313725490196077761, 0.6705882352941175961, 0.1294117647058823373 ) ;
#570 = ORIENTED_EDGE ( 'NONE', *, *, #4243, .F. ) ;
#571 = CARTESIAN_POINT ( 'NONE',  ( -0.3500000000000000333, 0.000000000000000000, 0.3499999999999999778 ) ) ;
#572 = ORIENTED_EDGE ( 'NONE', *, *, #1477, .T. ) ;
#573 = COLOUR_RGB ( '',0.8313725490196077761, 0.6705882352941175961, 0.1294117647058823373 ) ;
#574 = EDGE_CURVE ( 'NONE', #6317, #2838, #2017, .T. ) ;
#575 = CARTESIAN_POINT ( 'NONE',  ( -0.6999999999999995115, 0.8000000000000004885, 0.3499999999999999778 ) ) ;
#576 = CARTESIAN_POINT ( 'NONE',  ( 4.080000000000000071, 6.500000000000000888, -0.3500000000000010880 ) ) ;
#577 = DIRECTION ( 'NONE',  ( 0.000000000000000000, 0.000000000000000000, 1.000000000000000000 ) ) ;
#578 = CARTESIAN_POINT ( 'NONE',  ( 0.6867549326077613259, 10.39117142264903570, -0.3500000000000017542 ) ) ;
#579 = SURFACE_SIDE_STYLE ('',( #732 ) ) ;
#580 = ORIENTED_EDGE ( 'NONE', *, *, #8781, .F. ) ;
#581 = VECTOR ( 'NONE', #8497, 1000.000000000000000 ) ;
#582 = VECTOR ( 'NONE', #9693, 1000.000000000000000 ) ;
#583 = CARTESIAN_POINT ( 'NONE',  ( 1.853245067392238710, 10.39117142264903570, 0.6499999999999995781 ) ) ;
#584 = CARTESIAN_POINT ( 'NONE',  ( 5.080000000000000071, 6.500000000000000888, -1.155688030012021264E-15 ) ) ;
#585 = VERTEX_POINT ( 'NONE', #8031 ) ;
#586 = EDGE_LOOP ( 'NONE', ( #3811, #3549, #2498, #3065 ) ) ;
#588 = PRESENTATION_LAYER_ASSIGNMENT (  '', '', ( #7797 ) ) ;
#587 = SURFACE_SIDE_STYLE ('',( #9589 ) ) ;
#589 = LINE ( 'NONE', #8041, #4167 ) ;
#590 =( LENGTH_UNIT ( ) NAMED_UNIT ( * ) SI_UNIT ( .MILLI., .METRE. ) );
#591 = DIRECTION ( 'NONE',  ( 1.000000000000000000, 0.000000000000000000, 0.000000000000000000 ) ) ;
#592 = ADVANCED_FACE ( 'NONE', ( #7942 ), #6415, .F. ) ;
#593 = PRESENTATION_STYLE_ASSIGNMENT (( #8043 ) ) ;
#594 = LINE ( 'NONE', #8668, #7730 ) ;
#595 = CARTESIAN_POINT ( 'NONE',  ( 0.4999999999999985012, 6.299999999999999822, 0.3499999999999999778 ) ) ;
#596 = FILL_AREA_STYLE_COLOUR ( '', #5627 ) ;
#597 = VECTOR ( 'NONE', #2661, 1000.000000000000000 ) ;
#598 = COLOUR_RGB ( '',0.8313725490196077761, 0.6705882352941175961, 0.1294117647058823373 ) ;
#599 = LINE ( 'NONE', #3675, #8028 ) ;
#600 = SURFACE_STYLE_FILL_AREA ( #2169 ) ;
#601 = FACE_OUTER_BOUND ( 'NONE', #4994, .T. ) ;
#602 = CARTESIAN_POINT ( 'NONE',  ( 0.8696152422706664442, 8.500000000000000000, -0.8696152422706663332 ) ) ;
#603 = PRESENTATION_LAYER_ASSIGNMENT (  '', '', ( #5317 ) ) ;
#604 = ORIENTED_EDGE ( 'NONE', *, *, #6224, .F. ) ;
#605 = SURFACE_SIDE_STYLE ('',( #2874 ) ) ;
#606 = CARTESIAN_POINT ( 'NONE',  ( 9.810000000000000497, 8.199999999999999289, 0.3499999999999999778 ) ) ;
#607 = EDGE_CURVE ( 'NONE', #3043, #3912, #5878, .T. ) ;
#608 = ORIENTED_EDGE ( 'NONE', *, *, #3890, .F. ) ;
#609 =( GEOMETRIC_REPRESENTATION_CONTEXT ( 3 ) GLOBAL_UNCERTAINTY_ASSIGNED_CONTEXT ( ( #2539 ) ) GLOBAL_UNIT_ASSIGNED_CONTEXT ( ( #2565, #8470, #5557 ) ) REPRESENTATION_CONTEXT ( 'NONE', 'WORKASPACE' ) );
#610 = ADVANCED_FACE ( 'NONE', ( #6599 ), #2053, .F. ) ;
#611 = VERTEX_POINT ( 'NONE', #1323 ) ;
#612 = LINE ( 'NONE', #3598, #4905 ) ;
#613 = LINE ( 'NONE', #7271, #3705 ) ;
#614 = SURFACE_STYLE_FILL_AREA ( #717 ) ;
#615 =( LENGTH_UNIT ( ) NAMED_UNIT ( * ) SI_UNIT ( .MILLI., .METRE. ) );
#616 = ORIENTED_EDGE ( 'NONE', *, *, #827, .T. ) ;
#617 = CARTESIAN_POINT ( 'NONE',  ( 0.4999999999999985012, 6.084152315493285279, 0.3500000000000000333 ) ) ;
#618 = EDGE_LOOP ( 'NONE', ( #3277, #1870, #8629, #1005 ) ) ;
#619 = SURFACE_SIDE_STYLE ('',( #8978 ) ) ;
#620 = ORIENTED_EDGE ( 'NONE', *, *, #4561, .T. ) ;
#621 =( BOUNDED_CURVE ( )  B_SPLINE_CURVE ( 3, ( #1723, #4709, #7683, #6218 ),
 .UNSPECIFIED., .F., .T. ) 
 B_SPLINE_CURVE_WITH_KNOTS ( ( 4, 4 ),
 ( 3.924083526751089845, 4.712388980384689674 ),
 .UNSPECIFIED. ) 
 CURVE ( )  GEOMETRIC_REPRESENTATION_ITEM ( )  RATIONAL_B_SPLINE_CURVE ( ( 1.000000000000000000, 0.9488815137910379116, 0.9488815137910379116, 1.000000000000000000 ) ) 
 REPRESENTATION_ITEM ( '' )  );
#622 = DIRECTION ( 'NONE',  ( 0.000000000000000000, 0.000000000000000000, 1.000000000000000000 ) ) ;
#623 =( GEOMETRIC_REPRESENTATION_CONTEXT ( 3 ) GLOBAL_UNCERTAINTY_ASSIGNED_CONTEXT ( ( #5509 ) ) GLOBAL_UNIT_ASSIGNED_CONTEXT ( ( #7898, #1090, #2608 ) ) REPRESENTATION_CONTEXT ( 'NONE', 'WORKASPACE' ) );
#624 = CARTESIAN_POINT ( 'NONE',  ( 9.166881821040568923, 2.798202530627315721, -0.3500000000000003664 ) ) ;
#625 = CARTESIAN_POINT ( 'NONE',  ( 4.080000000000000071, 6.500000000000000888, -0.3500000000000010880 ) ) ;
#626 = CARTESIAN_POINT ( 'NONE',  ( -1.000000000000000000, 6.500000000000000888, -0.3500000000000010880 ) ) ;
#627 = FACE_OUTER_BOUND ( 'NONE', #6935, .T. ) ;
#628 = ORIENTED_EDGE ( 'NONE', *, *, #3319, .T. ) ;
#629 = MECHANICAL_DESIGN_GEOMETRIC_PRESENTATION_REPRESENTATION (  '', ( #9521 ), #4698 ) ;
#630 = EDGE_CURVE ( 'NONE', #813, #5096, #2103, .T. ) ;
#631 = CARTESIAN_POINT ( 'NONE',  ( 8.068193045422141552, 5.884855341312110077, -0.3500000000000003109 ) ) ;
#632 = CARTESIAN_POINT ( 'NONE',  ( 9.810000000000000497, 8.199999999999999289, 0.3499999999999999778 ) ) ;
#633 = ORIENTED_EDGE ( 'NONE', *, *, #7615, .F. ) ;
#634 = SURFACE_STYLE_USAGE ( .BOTH. , #6460 ) ;
#635 = EDGE_CURVE ( 'NONE', #9576, #5422, #7936, .T. ) ;
#636 = PRESENTATION_STYLE_ASSIGNMENT (( #2107 ) ) ;
#637 = ORIENTED_EDGE ( 'NONE', *, *, #8707, .F. ) ;
#638 = DIRECTION ( 'NONE',  ( 1.084202172485504434E-16, -1.000000000000000000, 0.000000000000000000 ) ) ;
#639 =( NAMED_UNIT ( * ) SI_UNIT ( $, .STERADIAN. ) SOLID_ANGLE_UNIT ( ) );
#640 = CARTESIAN_POINT ( 'NONE',  ( -0.9816606796124067724, 3.374693912574938892, 0.3499999999999999778 ) ) ;
#641 =( NAMED_UNIT ( * ) SI_UNIT ( $, .STERADIAN. ) SOLID_ANGLE_UNIT ( ) );
#642 = CARTESIAN_POINT ( 'NONE',  ( 5.766754932607761397, 8.000000000000000000, 0.6500000000000000222 ) ) ;
#643 = ORIENTED_EDGE ( 'NONE', *, *, #7449, .T. ) ;
#644 = CARTESIAN_POINT ( 'NONE',  ( 5.430000000000000604, 1.084202172485506745E-17, 0.3499999999999998113 ) ) ;
#645 = CARTESIAN_POINT ( 'NONE',  ( 1.741789536020343032, 5.709058272657556721, -0.3499999999999999778 ) ) ;
#646 = AXIS2_PLACEMENT_3D ( 'NONE', #3681, #3530, #2871 ) ;
#647 = FILL_AREA_STYLE_COLOUR ( '', #6704 ) ;
#648 = DIRECTION ( 'NONE',  ( 1.084202172485504434E-16, -1.000000000000000000, 0.000000000000000000 ) ) ;
#649 =( LENGTH_UNIT ( ) NAMED_UNIT ( * ) SI_UNIT ( .MILLI., .METRE. ) );
#650 = CARTESIAN_POINT ( 'NONE',  ( 4.580000000000001847, 6.299999999999999822, -0.3500000000000001443 ) ) ;
#651 = CARTESIAN_POINT ( 'NONE',  ( 8.068193045422141552, 5.884855341312109189, -0.3500000000000002554 ) ) ;
#652 = ORIENTED_EDGE ( 'NONE', *, *, #8913, .T. ) ;
#653 = DIRECTION ( 'NONE',  ( -0.000000000000000000, -0.000000000000000000, -1.000000000000000000 ) ) ;
#654 = COLOUR_RGB ( '',0.8313725490196077761, 0.6705882352941175961, 0.1294117647058823373 ) ;
#655 =( NAMED_UNIT ( * ) SI_UNIT ( $, .STERADIAN. ) SOLID_ANGLE_UNIT ( ) );
#656 = LINE ( 'NONE', #3636, #4433 ) ;
#657 = VERTEX_POINT ( 'NONE', #130 ) ;
#658 = ORIENTED_EDGE ( 'NONE', *, *, #8881, .F. ) ;
#659 = VECTOR ( 'NONE', #4046, 1000.000000000000000 ) ;
#660 = LINE ( 'NONE', #6, #2603 ) ;
#661 = SURFACE_STYLE_FILL_AREA ( #6631 ) ;
#662 = DIRECTION ( 'NONE',  ( -1.000000000000000000, 0.000000000000000000, 0.000000000000000000 ) ) ;
#663 = EDGE_CURVE ( 'NONE', #963, #8226, #3662, .T. ) ;
#664 = CARTESIAN_POINT ( 'NONE',  ( 7.945255819881804626, 5.589454083063163381, -0.3500000000000002554 ) ) ;
#665 =( NAMED_UNIT ( * ) PLANE_ANGLE_UNIT ( ) SI_UNIT ( $, .RADIAN. ) );
#666 = CARTESIAN_POINT ( 'NONE',  ( 1.853245067392238710, 6.500000000000000888, -0.6500000000000017986 ) ) ;
#667 = CIRCLE ( 'NONE', #5066, 0.2000000000000005107 ) ;
#668 = CARTESIAN_POINT ( 'NONE',  ( 0.6454664785273048766, 3.877691542223585142, -0.3499999999999999778 ) ) ;
#669 = ORIENTED_EDGE ( 'NONE', *, *, #719, .T. ) ;
#670 = VECTOR ( 'NONE', #7341, 1000.000000000000000 ) ;
#671 = CARTESIAN_POINT ( 'NONE',  ( 10.66000000000000014, 6.299999999999999822, 0.3499999999999996447 ) ) ;
#672 = VERTEX_POINT ( 'NONE', #5304 ) ;
#673 =( GEOMETRIC_REPRESENTATION_CONTEXT ( 3 ) GLOBAL_UNCERTAINTY_ASSIGNED_CONTEXT ( ( #2463 ) ) GLOBAL_UNIT_ASSIGNED_CONTEXT ( ( #6116, #888, #2350 ) ) REPRESENTATION_CONTEXT ( 'NONE', 'WORKASPACE' ) );
#674 = AXIS2_PLACEMENT_3D ( 'NONE', #1129, #7786, #8508 ) ;
#675 = CARTESIAN_POINT ( 'NONE',  ( 8.083356898907899435, 1.699999999999999289, -0.3500000000000002554 ) ) ;
#676 = CARTESIAN_POINT ( 'NONE',  ( 3.240000000000000657, 0.8000000000000007105, 0.3499999999999998668 ) ) ;
#677 = VECTOR ( 'NONE', #4869, 1000.000000000000000 ) ;
#678 = DIRECTION ( 'NONE',  ( -1.000000000000000000, 0.000000000000000000, 0.000000000000000000 ) ) ;
#679 = ORIENTED_EDGE ( 'NONE', *, *, #5634, .F. ) ;
#680 = EDGE_CURVE ( 'NONE', #8088, #5355, #1525, .T. ) ;
#681 = CARTESIAN_POINT ( 'NONE',  ( 1.940000000000000613, 6.299999999999999822, -0.1283333333333335768 ) ) ;
#682 =( LENGTH_UNIT ( ) NAMED_UNIT ( * ) SI_UNIT ( .MILLI., .METRE. ) );
#683 = CARTESIAN_POINT ( 'NONE',  ( 4.292463891615423854, 5.774771377977410580, -0.3500000000000001443 ) ) ;
#684 = CARTESIAN_POINT ( 'NONE',  ( 0.3525240155457787239, 5.732672356334978403, 0.3499999999999999778 ) ) ;
#685 =( BOUNDED_CURVE ( )  B_SPLINE_CURVE ( 3, ( #5863, #2831, #2134, #5907 ),
 .UNSPECIFIED., .F., .T. ) 
 B_SPLINE_CURVE_WITH_KNOTS ( ( 4, 4 ),
 ( 3.924083526751088957, 4.712388980384689674 ),
 .UNSPECIFIED. ) 
 CURVE ( )  GEOMETRIC_REPRESENTATION_ITEM ( )  RATIONAL_B_SPLINE_CURVE ( ( 1.000000000000000000, 0.9488815137910379116, 0.9488815137910379116, 1.000000000000000000 ) ) 
 REPRESENTATION_ITEM ( '' )  );
#686 = VERTEX_POINT ( 'NONE', #8223 ) ;
#687 = CARTESIAN_POINT ( 'NONE',  ( 10.66000000000000014, 6.084152315493285279, -0.3500000000000002554 ) ) ;
#688 = STYLED_ITEM ( 'NONE', ( #1964 ), #8722 ) ;
#689 = EDGE_LOOP ( 'NONE', ( #7354, #7016, #4481, #8135 ) ) ;
#690 = VECTOR ( 'NONE', #800, 1000.000000000000000 ) ;
#691 =( GEOMETRIC_REPRESENTATION_CONTEXT ( 3 ) GLOBAL_UNCERTAINTY_ASSIGNED_CONTEXT ( ( #3490 ) ) GLOBAL_UNIT_ASSIGNED_CONTEXT ( ( #2003, #5097, #2795 ) ) REPRESENTATION_CONTEXT ( 'NONE', 'WORKASPACE' ) );
#692 = CARTESIAN_POINT ( 'NONE',  ( 1.540000000000000036, 6.500000000000000888, -0.3500000000000010880 ) ) ;
#693 = DIRECTION ( 'NONE',  ( -0.000000000000000000, -1.668003342285388099E-16, -1.000000000000000000 ) ) ;
#694 = DIRECTION ( 'NONE',  ( -0.000000000000000000, -0.000000000000000000, -1.000000000000000000 ) ) ;
#695 = AXIS2_PLACEMENT_3D ( 'NONE', #9515, #4950, #1955 ) ;
#696 = ADVANCED_FACE ( 'NONE', ( #9084 ), #8991, .T. ) ;
#697 = CARTESIAN_POINT ( 'NONE',  ( 6.080000000000000071, 6.500000000000000888, 0.3499999999999989231 ) ) ;
#698 =( NAMED_UNIT ( * ) PLANE_ANGLE_UNIT ( ) SI_UNIT ( $, .RADIAN. ) );
#699 = PRESENTATION_LAYER_ASSIGNMENT (  '', '', ( #1485 ) ) ;
#700 =( NAMED_UNIT ( * ) SI_UNIT ( $, .STERADIAN. ) SOLID_ANGLE_UNIT ( ) );
#701 = CARTESIAN_POINT ( 'NONE',  ( 1.853245067392238710, 8.000000000000000000, -0.6500000000000025757 ) ) ;
#702 = ORIENTED_EDGE ( 'NONE', *, *, #4266, .F. ) ;
#703 = SURFACE_SIDE_STYLE ('',( #7398 ) ) ;
#704 = CARTESIAN_POINT ( 'NONE',  ( 1.593063051753866866, 4.039780281224067515, -0.3500000000000001443 ) ) ;
#705 = MECHANICAL_DESIGN_GEOMETRIC_PRESENTATION_REPRESENTATION (  '', ( #3484 ), #3202 ) ;
#706 = FACE_OUTER_BOUND ( 'NONE', #8924, .T. ) ;
#707 = CARTESIAN_POINT ( 'NONE',  ( -0.9999999999999995559, 1.800000000000000488, 0.3499999999999999778 ) ) ;
#708 = SURFACE_STYLE_FILL_AREA ( #293 ) ;
#709 = CARTESIAN_POINT ( 'NONE',  ( 0.8696152422706664442, 8.500000000000000000, 0.8696152422706663332 ) ) ;
#710 = LINE ( 'NONE', #8055, #7079 ) ;
#711 = FACE_OUTER_BOUND ( 'NONE', #951, .T. ) ;
#712 = FACE_OUTER_BOUND ( 'NONE', #3154, .T. ) ;
#713 = ORIENTED_EDGE ( 'NONE', *, *, #1511, .T. ) ;
#714 = VERTEX_POINT ( 'NONE', #833 ) ;
#715 = DIRECTION ( 'NONE',  ( 0.000000000000000000, 1.000000000000000000, -1.668003342285391551E-16 ) ) ;
#716 = FACE_OUTER_BOUND ( 'NONE', #3114, .T. ) ;
#717 = FILL_AREA_STYLE ('',( #5866 ) ) ;
#718 = CARTESIAN_POINT ( 'NONE',  ( 6.620000000000000995, 1.800000000000000488, 0.3499999999999997002 ) ) ;
#719 = EDGE_CURVE ( 'NONE', #1700, #2511, #3810, .T. ) ;
#720 = COLOUR_RGB ( '',0.8313725490196077761, 0.6705882352941175961, 0.1294117647058823373 ) ;
#721 = FACE_OUTER_BOUND ( 'NONE', #3327, .T. ) ;
#722 = ORIENTED_EDGE ( 'NONE', *, *, #4032, .F. ) ;
#723 = CARTESIAN_POINT ( 'NONE',  ( -1.469999999999999973, 0.000000000000000000, 1.199999999999999956 ) ) ;
#724 = EDGE_CURVE ( 'NONE', #8211, #5332, #3089, .T. ) ;
#725 = VERTEX_POINT ( 'NONE', #5925 ) ;
#726 = VECTOR ( 'NONE', #7293, 1000.000000000000000 ) ;
#727 = FACE_OUTER_BOUND ( 'NONE', #4332, .T. ) ;
#728 = CLOSED_SHELL ( 'NONE', ( #452, #8329, #3897, #1389, #2885, #8057, #5308, #1202, #6246, #8831, #7938, #8621, #6149, #6270, #20, #6385, #8559, #6695, #8087, #7198, #2787, #6139, #9291, #3989, #1112, #8754, #9507, #2290, #2119, #958, #3991, #9212, #528, #5876, #482, #255, #3123, #70, #2679, #7146, #2806, #7631, #1934, #7988, #9557, #6580, #8820, #8609, #6194, #365, #5704, #9235, #8133, #6316, #5641, #7028, #1662, #1692, #4492, #8925, #7783, #2957, #7330, #592, #555, #2558, #7000, #1901, #5962, #1332, #418, #509, #8159, #780, #610, #7100, #8732, #7344, #2576, #9467, #2533, #8813, #8292, #2632, #7787, #4282, #4497, #9063, #2678, #1839, #6590, #6579, #7496, #6846, #9405, #6921, #7319, #9655, #8175, #7254, #540, #913, #2545, #9630, #1625, #3077, #5117, #1961, #2316, #465 ) ) ;
#729 = CARTESIAN_POINT ( 'NONE',  ( 9.285005870614373436, 5.069026963383189255, -0.3500000000000003664 ) ) ;
#730 = DIRECTION ( 'NONE',  ( -0.000000000000000000, -0.000000000000000000, -1.000000000000000000 ) ) ;
#731 = CARTESIAN_POINT ( 'NONE',  ( 3.400164356702979784, 5.218128553112158841, -0.3500000000000000888 ) ) ;
#732 = SURFACE_STYLE_FILL_AREA ( #7336 ) ;
#733 = ORIENTED_EDGE ( 'NONE', *, *, #2415, .F. ) ;
#734 = SURFACE_SIDE_STYLE ('',( #2996 ) ) ;
#735 = FILL_AREA_STYLE_COLOUR ( '', #7950 ) ;
#736 = VERTEX_POINT ( 'NONE', #8897 ) ;
#737 = CARTESIAN_POINT ( 'NONE',  ( 5.430000000000000604, 8.000000000000000000, -0.3500000000000000333 ) ) ;
#738 = VECTOR ( 'NONE', #3158, 1000.000000000000000 ) ;
#739 = ORIENTED_EDGE ( 'NONE', *, *, #9469, .T. ) ;
#740 =( NAMED_UNIT ( * ) PLANE_ANGLE_UNIT ( ) SI_UNIT ( $, .RADIAN. ) );
#741 = DIRECTION ( 'NONE',  ( 1.000000000000000000, 0.000000000000000000, 0.000000000000000000 ) ) ;
#742 = CARTESIAN_POINT ( 'NONE',  ( -1.000000000000000000, 2.615493535618376608, 0.3500000000000000333 ) ) ;
#743 = VECTOR ( 'NONE', #8748, 1000.000000000000000 ) ;
#744 = DIRECTION ( 'NONE',  ( -0.000000000000000000, -0.000000000000000000, -1.000000000000000000 ) ) ;
#745 = DIRECTION ( 'NONE',  ( 1.000000000000000000, 1.121588454295349780E-16, -0.000000000000000000 ) ) ;
#746 = CIRCLE ( 'NONE', #5601, 0.2000000000000005107 ) ;
#747 = FILL_AREA_STYLE ('',( #3054 ) ) ;
#748 = DIRECTION ( 'NONE',  ( -0.000000000000000000, 0.000000000000000000, 1.000000000000000000 ) ) ;
#749 = ORIENTED_EDGE ( 'NONE', *, *, #7041, .T. ) ;
#750 = CARTESIAN_POINT ( 'NONE',  ( 2.040000000000001812, 6.299999999999999822, 0.3499999999999998668 ) ) ;
#751 =( NAMED_UNIT ( * ) PLANE_ANGLE_UNIT ( ) SI_UNIT ( $, .RADIAN. ) );
#752 = STYLED_ITEM ( 'NONE', ( #291 ), #5327 ) ;
#753 = PRESENTATION_LAYER_ASSIGNMENT (  '', '', ( #2005 ) ) ;
#754 = ADVANCED_FACE ( 'NONE', ( #1470 ), #1949, .T. ) ;
#755 = CARTESIAN_POINT ( 'NONE',  ( 2.190000000000000835, -1.084202172485501815E-17, 0.3499999999999998668 ) ) ;
#756 = CARTESIAN_POINT ( 'NONE',  ( 10.01000000000000156, -3.000000000000000000, -0.3500000000000003109 ) ) ;
#757 = CARTESIAN_POINT ( 'NONE',  ( 6.832878007498406348, 5.777242093666541400, -0.3500000000000003109 ) ) ;
#758 = LINE ( 'NONE', #807, #894 ) ;
#759 = LINE ( 'NONE', #7144, #7948 ) ;
#760 = FACE_OUTER_BOUND ( 'NONE', #7532, .T. ) ;
#761 = VECTOR ( 'NONE', #2011, 1000.000000000000000 ) ;
#762 = VECTOR ( 'NONE', #6366, 1000.000000000000000 ) ;
#763 = LINE ( 'NONE', #9058, #5271 ) ;
#764 = DIRECTION ( 'NONE',  ( -1.000000000000000000, 0.000000000000000000, 7.744301232039316681E-17 ) ) ;
#765 = FILL_AREA_STYLE ('',( #7553 ) ) ;
#766 = EDGE_CURVE ( 'NONE', #8501, #229, #3225, .T. ) ;
#767 = VERTEX_POINT ( 'NONE', #9274 ) ;
#768 = EDGE_CURVE ( 'NONE', #4992, #5110, #4800, .T. ) ;
#769 = ORIENTED_EDGE ( 'NONE', *, *, #2052, .T. ) ;
#770 = MECHANICAL_DESIGN_GEOMETRIC_PRESENTATION_REPRESENTATION (  '', ( #7009 ), #2474 ) ;
#771 = DIRECTION ( 'NONE',  ( 0.000000000000000000, -1.000000000000000000, 0.000000000000000000 ) ) ;
#772 = FACE_OUTER_BOUND ( 'NONE', #2201, .T. ) ;
#773 = DIRECTION ( 'NONE',  ( -0.000000000000000000, -1.000000000000000000, 1.668003342285392044E-16 ) ) ;
#774 = CARTESIAN_POINT ( 'NONE',  ( 3.140000000000000568, 6.299999999999999822, -0.3850000000000000644 ) ) ;
#775 = UNCERTAINTY_MEASURE_WITH_UNIT (LENGTH_MEASURE( 1.000000000000000082E-05 ), #8176, 'distance_accuracy_value', 'NONE');
#776 = DIRECTION ( 'NONE',  ( 0.000000000000000000, 1.000000000000000000, -1.668003342285391797E-16 ) ) ;
#777 = DIRECTION ( 'NONE',  ( -0.000000000000000000, -1.668003342285391551E-16, -1.000000000000000000 ) ) ;
#778 = ORIENTED_EDGE ( 'NONE', *, *, #6345, .T. ) ;
#779 = ORIENTED_EDGE ( 'NONE', *, *, #1237, .F. ) ;
#780 = ADVANCED_FACE ( 'NONE', ( #4646 ), #5526, .F. ) ;
#781 = PRESENTATION_LAYER_ASSIGNMENT (  '', '', ( #8119 ) ) ;
#782 = LINE ( 'NONE', #4638, #9444 ) ;
#783 = CARTESIAN_POINT ( 'NONE',  ( 8.220000000000000639, 6.299999999999999822, -0.3500000000000002554 ) ) ;
#784 = FILL_AREA_STYLE_COLOUR ( '', #654 ) ;
#785 = FILL_AREA_STYLE ('',( #6107 ) ) ;
#786 = LINE ( 'NONE', #3758, #6992 ) ;
#787 = VERTEX_POINT ( 'NONE', #923 ) ;
#788 = DIRECTION ( 'NONE',  ( -0.000000000000000000, 0.000000000000000000, 1.000000000000000000 ) ) ;
#789 = CARTESIAN_POINT ( 'NONE',  ( 4.480000000000000426, 6.299999999999999822, -0.3500000000000001443 ) ) ;
#790 = ORIENTED_EDGE ( 'NONE', *, *, #1715, .T. ) ;
#791 = DIRECTION ( 'NONE',  ( 0.000000000000000000, 0.000000000000000000, 1.000000000000000000 ) ) ;
#792 = ORIENTED_EDGE ( 'NONE', *, *, #2728, .T. ) ;
#793 = EDGE_CURVE ( 'NONE', #1855, #8211, #8447, .T. ) ;
#794 = SURFACE_SIDE_STYLE ('',( #9133 ) ) ;
#795 = VECTOR ( 'NONE', #9659, 1000.000000000000000 ) ;
#796 = CARTESIAN_POINT ( 'NONE',  ( 7.969999999999999751, 8.199999999999999289, 0.3499999999999999778 ) ) ;
#797 = EDGE_CURVE ( 'NONE', #5096, #4405, #2588, .T. ) ;
#798 = CARTESIAN_POINT ( 'NONE',  ( 0.8749941293855708624, 5.069026963384446915, 0.3500000000000000333 ) ) ;
#799 = CARTESIAN_POINT ( 'NONE',  ( 0.3500000000000009215, -2.800000000000001155, -0.3499999999999999778 ) ) ;
#800 = DIRECTION ( 'NONE',  ( -1.000000000000000000, 0.000000000000000000, 0.000000000000000000 ) ) ;
#801 = ORIENTED_EDGE ( 'NONE', *, *, #6255, .F. ) ;
#802 = DIRECTION ( 'NONE',  ( -1.000000000000000000, -0.000000000000000000, -0.000000000000000000 ) ) ;
#803 = CARTESIAN_POINT ( 'NONE',  ( 6.620000000000000995, 1.800000000000000488, -0.3850000000000001199 ) ) ;
#804 = CARTESIAN_POINT ( 'NONE',  ( 2.189999999999999947, 0.000000000000000000, 0.3499999999999999778 ) ) ;
#805 = CARTESIAN_POINT ( 'NONE',  ( 5.954994129385573487, 5.069026963384447804, 0.3499999999999997558 ) ) ;
#806 = CARTESIAN_POINT ( 'NONE',  ( 10.51000000000000156, -2.800000000000001155, -0.3500000000000003109 ) ) ;
#807 = CARTESIAN_POINT ( 'NONE',  ( 7.270000000000001350, -2.800000000000001155, 0.3499999999999997002 ) ) ;
#808 = EDGE_CURVE ( 'NONE', #4992, #537, #5643, .T. ) ;
#809 = CARTESIAN_POINT ( 'NONE',  ( 1.000000000000000666, 1.121588454295350273E-16, -0.3499999999999999778 ) ) ;
#810 = ADVANCED_FACE ( 'NONE', ( #6983 ), #4696, .T. ) ;
#811 = LINE ( 'NONE', #6040, #552 ) ;
#812 = CARTESIAN_POINT ( 'NONE',  ( 8.306754932607761432, 8.000000000000000000, -0.6500000000000030198 ) ) ;
#813 = VERTEX_POINT ( 'NONE', #5313 ) ;
#814 = VERTEX_POINT ( 'NONE', #3003 ) ;
#815 = CARTESIAN_POINT ( 'NONE',  ( 4.080000000000000959, 0.8000000000000004885, 0.3499999999999998113 ) ) ;
#816 = VECTOR ( 'NONE', #3052, 1000.000000000000000 ) ;
#817 = LINE ( 'NONE', #6819, #3377 ) ;
#818 = ADVANCED_FACE ( 'NONE', ( #1428 ), #5209, .T. ) ;
#819 = VERTEX_POINT ( 'NONE', #843 ) ;
#820 = EDGE_CURVE ( 'NONE', #2690, #1395, #6850, .T. ) ;
#821 = CARTESIAN_POINT ( 'NONE',  ( 6.638339320387594000, 3.374693912574938448, 0.3499999999999997558 ) ) ;
#822 = CARTESIAN_POINT ( 'NONE',  ( 0.05000000000000002359, 8.026794919243110726, -0.04999999999999985706 ) ) ;
#823 = CARTESIAN_POINT ( 'NONE',  ( 10.16000000000000014, 0.5000000000000005551, 0.3499999999999996447 ) ) ;
#824 = ORIENTED_EDGE ( 'NONE', *, *, #1434, .F. ) ;
#825 = ORIENTED_EDGE ( 'NONE', *, *, #6427, .F. ) ;
#826 = CARTESIAN_POINT ( 'NONE',  ( 9.810000000000000497, 8.199999999999999289, 0.3499999999999999778 ) ) ;
#827 = EDGE_CURVE ( 'NONE', #6022, #5006, #5471, .T. ) ;
#828 = FACE_OUTER_BOUND ( 'NONE', #5630, .T. ) ;
#829 = CARTESIAN_POINT ( 'NONE',  ( 3.540000000000000480, 1.800000000000000488, -0.3500000000000000888 ) ) ;
#830 = EDGE_LOOP ( 'NONE', ( #7577, #9516, #319, #2618 ) ) ;
#831 = FILL_AREA_STYLE_COLOUR ( '', #5908 ) ;
#832 = DIRECTION ( 'NONE',  ( 1.000000000000000000, 0.000000000000000000, 0.000000000000000000 ) ) ;
#833 = CARTESIAN_POINT ( 'NONE',  ( 0.6867549326077613259, 0.5000000000000002220, 0.6500000000000010214 ) ) ;
#834 = ORIENTED_EDGE ( 'NONE', *, *, #7597, .T. ) ;
#835 = CARTESIAN_POINT ( 'NONE',  ( 4.727475984454220459, 5.732672356334980179, 0.3499999999999998113 ) ) ;
#836 = ORIENTED_EDGE ( 'NONE', *, *, #6005, .F. ) ;
#837 = VECTOR ( 'NONE', #6182, 1000.000000000000000 ) ;
#838 = DIRECTION ( 'NONE',  ( -0.4999999999999997780, -0.8660254037844388186, 0.000000000000000000 ) ) ;
#839 = CARTESIAN_POINT ( 'NONE',  ( 3.540000000000000480, 2.207665535523691602, 0.3499999999999999223 ) ) ;
#840 = ORIENTED_EDGE ( 'NONE', *, *, #9167, .T. ) ;
#841 = FACE_OUTER_BOUND ( 'NONE', #5328, .T. ) ;
#842 = COLOUR_RGB ( '',1.000000000000000000, 1.000000000000000000, 1.000000000000000000 ) ;
#843 = CARTESIAN_POINT ( 'NONE',  ( -0.3499999999999990896, -2.800000000000001155, -0.3499999999999999778 ) ) ;
#844 = EDGE_CURVE ( 'NONE', #3703, #6946, #1029, .T. ) ;
#845 = DIRECTION ( 'NONE',  ( -0.000000000000000000, 0.000000000000000000, 1.000000000000000000 ) ) ;
#846 = CARTESIAN_POINT ( 'NONE',  ( 1.605174816799755266, 4.263498050147333629, 0.3499999999999998113 ) ) ;
#847 = MECHANICAL_DESIGN_GEOMETRIC_PRESENTATION_REPRESENTATION (  '', ( #6618 ), #3646 ) ;
#848 = VERTEX_POINT ( 'NONE', #6216 ) ;
#849 =( LENGTH_UNIT ( ) NAMED_UNIT ( * ) SI_UNIT ( .MILLI., .METRE. ) );
#850 = CARTESIAN_POINT ( 'NONE',  ( 7.020000000000000462, 6.299999999999999822, -0.1283333333333337434 ) ) ;
#851 = EDGE_CURVE ( 'NONE', #3808, #2888, #2442, .T. ) ;
#852 = COLOUR_RGB ( '',0.8313725490196077761, 0.6705882352941175961, 0.1294117647058823373 ) ;
#853 = VECTOR ( 'NONE', #3770, 1000.000000000000114 ) ;
#854 = PLANE ( 'NONE',  #7029 ) ;
#855 = LINE ( 'NONE', #6808, #837 ) ;
#856 = VECTOR ( 'NONE', #7838, 1000.000000000000114 ) ;
#857 = PLANE ( 'NONE',  #5580 ) ;
#858 = SURFACE_SIDE_STYLE ('',( #9581 ) ) ;
#859 = DIRECTION ( 'NONE',  ( 0.000000000000000000, 0.000000000000000000, -1.000000000000000000 ) ) ;
#860 = PRESENTATION_STYLE_ASSIGNMENT (( #5276 ) ) ;
#861 = ORIENTED_EDGE ( 'NONE', *, *, #6416, .F. ) ;
#862 = EDGE_LOOP ( 'NONE', ( #8656, #9008, #8752, #5770 ) ) ;
#863 = ADVANCED_FACE ( 'NONE', ( #7640 ), #4659, .T. ) ;
#864 = CARTESIAN_POINT ( 'NONE',  ( 2.189999999999999947, 8.000000000000000000, 0.3499999999999999778 ) ) ;
#865 = SURFACE_SIDE_STYLE ('',( #8970 ) ) ;
#866 = CARTESIAN_POINT ( 'NONE',  ( 8.355042010446085854, 6.043840788194753344, -0.3500000000000002554 ) ) ;
#867 = MECHANICAL_DESIGN_GEOMETRIC_PRESENTATION_REPRESENTATION (  '', ( #4298 ), #7903 ) ;
#868 = ORIENTED_EDGE ( 'NONE', *, *, #6183, .F. ) ;
#869 = SURFACE_STYLE_FILL_AREA ( #6193 ) ;
#870 = LINE ( 'NONE', #8154, #9418 ) ;
#871 = FACE_OUTER_BOUND ( 'NONE', #8269, .T. ) ;
#872 = VERTEX_POINT ( 'NONE', #9334 ) ;
#873 = ORIENTED_EDGE ( 'NONE', *, *, #4033, .F. ) ;
#874 = EDGE_CURVE ( 'NONE', #1629, #5046, #3922, .T. ) ;
#875 = CARTESIAN_POINT ( 'NONE',  ( 0.4633568989079006606, 1.699999999999997957, 0.3500000000000000333 ) ) ;
#876 = CARTESIAN_POINT ( 'NONE',  ( 8.083356898907899435, 1.699999999999999734, -0.3500000000000003109 ) ) ;
#877 = CARTESIAN_POINT ( 'NONE',  ( 3.417528552431158495, 5.050332720359886451, -0.3500000000000000888 ) ) ;
#878 = VECTOR ( 'NONE', #2458, 1000.000000000000000 ) ;
#879 = EDGE_LOOP ( 'NONE', ( #4790, #7145, #7134, #3365 ) ) ;
#880 = CARTESIAN_POINT ( 'NONE',  ( 9.473245067392239704, 10.39117142264903570, -0.6500000000000030198 ) ) ;
#881 = DIRECTION ( 'NONE',  ( 1.121588454295349533E-16, -1.000000000000000000, 0.000000000000000000 ) ) ;
#882 = CARTESIAN_POINT ( 'NONE',  ( 4.287514633686703824, 5.744802409713121172, -0.3500000000000001443 ) ) ;
#883 = ORIENTED_EDGE ( 'NONE', *, *, #7820, .F. ) ;
#884 = CARTESIAN_POINT ( 'NONE',  ( 10.11000000000000121, 8.026794919243110726, -0.04999999999999996808 ) ) ;
#885 = ORIENTED_EDGE ( 'NONE', *, *, #4531, .F. ) ;
#886 = EDGE_CURVE ( 'NONE', #2310, #469, #3283, .T. ) ;
#887 = VECTOR ( 'NONE', #3987, 1000.000000000000000 ) ;
#888 =( NAMED_UNIT ( * ) PLANE_ANGLE_UNIT ( ) SI_UNIT ( $, .RADIAN. ) );
#889 = CARTESIAN_POINT ( 'NONE',  ( 9.160000000000001918, 1.800000000000000488, -0.3850000000000001754 ) ) ;
#890 = CARTESIAN_POINT ( 'NONE',  ( 4.930000000000001492, -3.000000000000000000, -0.3500000000000001443 ) ) ;
#891 = ORIENTED_EDGE ( 'NONE', *, *, #7273, .T. ) ;
#892 = LINE ( 'NONE', #5312, #6279 ) ;
#893 = CARTESIAN_POINT ( 'NONE',  ( 0.8491834779806503031, 5.324198710742059859, 0.3499999999999999778 ) ) ;
#894 = VECTOR ( 'NONE', #4571, 1000.000000000000000 ) ;
#895 = COLOUR_RGB ( '',0.8313725490196077761, 0.6705882352941175961, 0.1294117647058823373 ) ;
#896 = SURFACE_STYLE_FILL_AREA ( #3974 ) ;
#897 = CARTESIAN_POINT ( 'NONE',  ( 1.804957989553974684, 6.043840788194787983, 0.3499999999999999223 ) ) ;
#898 = VERTEX_POINT ( 'NONE', #7095 ) ;
#899 = COLOUR_RGB ( '',0.8313725490196077761, 0.6705882352941175961, 0.1294117647058823373 ) ;
#900 = CARTESIAN_POINT ( 'NONE',  ( 5.867536108384567406, 5.774771377977485187, 0.3499999999999998113 ) ) ;
#901 = CARTESIAN_POINT ( 'NONE',  ( 7.270000000000000462, 8.000000000000000000, -0.3499999999999999778 ) ) ;
#902 = FACE_OUTER_BOUND ( 'NONE', #7537, .T. ) ;
#903 = DIRECTION ( 'NONE',  ( -1.000000000000000000, 0.000000000000000000, 7.744301232039316681E-17 ) ) ;
#904 = ADVANCED_FACE ( 'NONE', ( #9284 ), #7790, .T. ) ;
#905 = CARTESIAN_POINT ( 'NONE',  ( 1.840000000000000524, 0.8000000000000004885, -0.3500000000000000888 ) ) ;
#906 =( NAMED_UNIT ( * ) SI_UNIT ( $, .STERADIAN. ) SOLID_ANGLE_UNIT ( ) );
#907 = VECTOR ( 'NONE', #953, 1000.000000000000000 ) ;
#908 = ORIENTED_EDGE ( 'NONE', *, *, #6304, .F. ) ;
#909 = ORIENTED_EDGE ( 'NONE', *, *, #3424, .F. ) ;
#910 = CARTESIAN_POINT ( 'NONE',  ( 3.140000000000000568, 6.299999999999999822, -0.3500000000000000888 ) ) ;
#911 = ORIENTED_EDGE ( 'NONE', *, *, #1869, .F. ) ;
#912 = DIRECTION ( 'NONE',  ( -1.121588454295349780E-16, 1.000000000000000000, 0.000000000000000000 ) ) ;
#913 = ADVANCED_FACE ( 'NONE', ( #1369 ), #8747, .F. ) ;
#914 = DIRECTION ( 'NONE',  ( 0.000000000000000000, 1.000000000000000000, 0.000000000000000000 ) ) ;
#915 = ORIENTED_EDGE ( 'NONE', *, *, #2530, .F. ) ;
#916 = VERTEX_POINT ( 'NONE', #5833 ) ;
#917 = DIRECTION ( 'NONE',  ( 0.000000000000000000, 3.097720492815727166E-16, 1.000000000000000000 ) ) ;
#918 = CARTESIAN_POINT ( 'NONE',  ( 3.320569551971561673, 5.815522798723455900, -0.3500000000000000333 ) ) ;
#919 = VERTEX_POINT ( 'NONE', #1968 ) ;
#920 = CARTESIAN_POINT ( 'NONE',  ( 11.73500000000000298, -1.575000000000001066, 0.3499999999999996447 ) ) ;
#922 = EDGE_CURVE ( 'NONE', #4092, #1349, #2703, .T. ) ;
#921 = CARTESIAN_POINT ( 'NONE',  ( 11.16000000000000192, 1.800000000000000488, 0.3499999999999996447 ) ) ;
#923 = CARTESIAN_POINT ( 'NONE',  ( 2.040000000000001812, 6.299999999999999822, 0.3499999999999998668 ) ) ;
#924 = ORIENTED_EDGE ( 'NONE', *, *, #5594, .F. ) ;
#925 = PRESENTATION_STYLE_ASSIGNMENT (( #1673 ) ) ;
#926 = ORIENTED_EDGE ( 'NONE', *, *, #2591, .F. ) ;
#927 =( GEOMETRIC_REPRESENTATION_CONTEXT ( 3 ) GLOBAL_UNCERTAINTY_ASSIGNED_CONTEXT ( ( #8507 ) ) GLOBAL_UNIT_ASSIGNED_CONTEXT ( ( #4322, #1385, #6562 ) ) REPRESENTATION_CONTEXT ( 'NONE', 'WORKASPACE' ) );
#928 = DIRECTION ( 'NONE',  ( -0.000000000000000000, -0.000000000000000000, -1.000000000000000000 ) ) ;
#929 = CARTESIAN_POINT ( 'NONE',  ( 1.540000000000000036, 0.5000000000000000000, -0.3500000000000000888 ) ) ;
#930 = CARTESIAN_POINT ( 'NONE',  ( 9.560000000000000497, 6.299999999999999822, 0.3499999999999996447 ) ) ;
#931 = FACE_OUTER_BOUND ( 'NONE', #3162, .T. ) ;
#932 = ADVANCED_FACE ( 'NONE', ( #2051 ), #3264, .T. ) ;
#933 = ORIENTED_EDGE ( 'NONE', *, *, #3929, .T. ) ;
#934 = CARTESIAN_POINT ( 'NONE',  ( 10.16000000000000014, 1.700000000000000178, 0.3499999999999996447 ) ) ;
#935 = EDGE_CURVE ( 'NONE', #1896, #7985, #3506, .T. ) ;
#936 = SURFACE_SIDE_STYLE ('',( #242 ) ) ;
#937 =( GEOMETRIC_REPRESENTATION_CONTEXT ( 3 ) GLOBAL_UNCERTAINTY_ASSIGNED_CONTEXT ( ( #1000 ) ) GLOBAL_UNIT_ASSIGNED_CONTEXT ( ( #5853, #4984, #5714 ) ) REPRESENTATION_CONTEXT ( 'NONE', 'WORKASPACE' ) );
#938 = CARTESIAN_POINT ( 'NONE',  ( 11.62999999999999723, 0.5000000000000002220, 0.6500000000000010214 ) ) ;
#939 = VERTEX_POINT ( 'NONE', #5644 ) ;
#940 = DIRECTION ( 'NONE',  ( 0.000000000000000000, 0.000000000000000000, -1.000000000000000000 ) ) ;
#941 = UNCERTAINTY_MEASURE_WITH_UNIT (LENGTH_MEASURE( 1.000000000000000082E-05 ), #3219, 'distance_accuracy_value', 'NONE');
#942 =( BOUNDED_SURFACE ( )  B_SPLINE_SURFACE ( 3, 1, ( 
 ( #5921, #4248 ),
 ( #3709, #5010 ),
 ( #4302, #7380 ),
 ( #1466, #9527 ),
 ( #2150, #2941 ),
 ( #8080, #2802 ),
 ( #5053, #9673 ) ),
 .UNSPECIFIED., .F., .F., .T. ) 
 B_SPLINE_SURFACE_WITH_KNOTS ( ( 4, 3, 4 ),
 ( 2, 2 ),
 ( 0.000000000000000000, 0.5000000000000000000, 1.000000000000000000 ),
 ( 0.000000000000000000, 1.000000000000000000 ),
 .UNSPECIFIED. ) 
 GEOMETRIC_REPRESENTATION_ITEM ( )  RATIONAL_B_SPLINE_SURFACE ( (
 ( 1.000000000000000000, 1.000000000000000000),
 ( 0.5953481791230077480, 0.5953481791230077480),
 ( 0.5953481791230077480, 0.5953481791230077480),
 ( 1.000000000000000000, 1.000000000000000000),
 ( 0.5953481791230079700, 0.5953481791230079700),
 ( 0.5953481791230079700, 0.5953481791230079700),
 ( 1.000000000000000000, 1.000000000000000000) ) ) 
 REPRESENTATION_ITEM ( '' )  SURFACE ( )  );
#943 = MECHANICAL_DESIGN_GEOMETRIC_PRESENTATION_REPRESENTATION (  '', ( #4870 ), #6871 ) ;
#944 = FACE_OUTER_BOUND ( 'NONE', #7698, .T. ) ;
#945 = LINE ( 'NONE', #4720, #878 ) ;
#946 = FACE_OUTER_BOUND ( 'NONE', #7853, .T. ) ;
#947 = VERTEX_POINT ( 'NONE', #6412 ) ;
#948 = ORIENTED_EDGE ( 'NONE', *, *, #4592, .F. ) ;
#949 = FILL_AREA_STYLE_COLOUR ( '', #8138 ) ;
#950 = CARTESIAN_POINT ( 'NONE',  ( 3.140000000000000568, 6.299999999999999822, -0.1166666666666668489 ) ) ;
#951 = EDGE_LOOP ( 'NONE', ( #2755, #3533, #3665, #6192 ) ) ;
#952 = CARTESIAN_POINT ( 'NONE',  ( 2.390000000000000568, -3.000000000000000000, -0.3500000000000000888 ) ) ;
#953 = DIRECTION ( 'NONE',  ( 1.000000000000000000, 0.000000000000000000, 0.000000000000000000 ) ) ;
#954 = CARTESIAN_POINT ( 'NONE',  ( 0.4999999999999985012, 6.084152315493285279, -0.3500000000000000333 ) ) ;
#955 = ORIENTED_EDGE ( 'NONE', *, *, #3929, .F. ) ;
#956 = EDGE_LOOP ( 'NONE', ( #3550, #6573, #1084, #702 ) ) ;
#957 = COLOUR_RGB ( '',0.8313725490196077761, 0.6705882352941175961, 0.1294117647058823373 ) ;
#958 = ADVANCED_FACE ( 'NONE', ( #4251 ), #7231, .F. ) ;
#959 = DIRECTION ( 'NONE',  ( 0.000000000000000000, -1.000000000000000000, 1.668003342285391551E-16 ) ) ;
#960 = FILL_AREA_STYLE ('',( #4738 ) ) ;
#961 = CARTESIAN_POINT ( 'NONE',  ( -0.9999999999999995559, 1.800000000000000488, -0.3849999999999998979 ) ) ;
#962 = DIRECTION ( 'NONE',  ( -0.000000000000000000, -3.097720492815727166E-16, -1.000000000000000000 ) ) ;
#963 = VERTEX_POINT ( 'NONE', #3044 ) ;
#964 = VECTOR ( 'NONE', #3442, 1000.000000000000000 ) ;
#965 = SURFACE_SIDE_STYLE ('',( #4692 ) ) ;
#966 = CARTESIAN_POINT ( 'NONE',  ( 6.933245067392238781, 0.5000000000000000000, -0.3500000000000000888 ) ) ;
#967 = DIRECTION ( 'NONE',  ( 0.000000000000000000, 0.000000000000000000, 1.000000000000000000 ) ) ;
#968 = EDGE_LOOP ( 'NONE', ( #451, #3006, #4888, #5060 ) ) ;
#969 = EDGE_CURVE ( 'NONE', #7807, #7309, #8165, .T. ) ;
#970 = VERTEX_POINT ( 'NONE', #9577 ) ;
#971 = VECTOR ( 'NONE', #9694, 1000.000000000000000 ) ;
#972 = PRESENTATION_STYLE_ASSIGNMENT (( #8406 ) ) ;
#973 = EDGE_CURVE ( 'NONE', #5680, #8874, #6016, .T. ) ;
#974 = CARTESIAN_POINT ( 'NONE',  ( 9.160000000000001918, 6.299999999999999822, 0.3849999999999996758 ) ) ;
#975 = DIRECTION ( 'NONE',  ( -1.000000000000000000, 0.000000000000000000, 7.744301232039316681E-17 ) ) ;
#976 = CARTESIAN_POINT ( 'NONE',  ( 8.119999999999999218, 6.299999999999999822, -0.3500000000000002554 ) ) ;
#977 = ORIENTED_EDGE ( 'NONE', *, *, #4585, .F. ) ;
#978 = DIRECTION ( 'NONE',  ( -0.000000000000000000, 1.000000000000000000, -0.000000000000000000 ) ) ;
#979 = DIRECTION ( 'NONE',  ( 1.000000000000000000, 0.000000000000000000, 0.000000000000000000 ) ) ;
#980 = CARTESIAN_POINT ( 'NONE',  ( -1.469999999999999973, 0.5000000000000000000, -0.6499999999999989120 ) ) ;
#981 = CARTESIAN_POINT ( 'NONE',  ( 1.000000000000000666, 0.8000000000000007105, 0.3499999999999999778 ) ) ;
#982 = ORIENTED_EDGE ( 'NONE', *, *, #3784, .F. ) ;
#983 = AXIS2_PLACEMENT_3D ( 'NONE', #7953, #2611, #3466 ) ;
#984 = VECTOR ( 'NONE', #3774, 1000.000000000000000 ) ;
#985 = LINE ( 'NONE', #6223, #7873 ) ;
#986 = UNCERTAINTY_MEASURE_WITH_UNIT (LENGTH_MEASURE( 1.000000000000000082E-05 ), #1346, 'distance_accuracy_value', 'NONE');
#987 = EDGE_CURVE ( 'NONE', #3963, #1897, #2936, .T. ) ;
#988 =( NAMED_UNIT ( * ) SI_UNIT ( $, .STERADIAN. ) SOLID_ANGLE_UNIT ( ) );
#989 =( GEOMETRIC_REPRESENTATION_CONTEXT ( 3 ) GLOBAL_UNCERTAINTY_ASSIGNED_CONTEXT ( ( #8464 ) ) GLOBAL_UNIT_ASSIGNED_CONTEXT ( ( #8791, #7983, #8836 ) ) REPRESENTATION_CONTEXT ( 'NONE', 'WORKASPACE' ) );
#990 = CYLINDRICAL_SURFACE ( 'NONE', #7796, 0.2999999999999999334 ) ;
#991 = DIRECTION ( 'NONE',  ( 0.000000000000000000, 0.000000000000000000, -1.000000000000000000 ) ) ;
#992 = VECTOR ( 'NONE', #5706, 1000.000000000000000 ) ;
#993 = MECHANICAL_DESIGN_GEOMETRIC_PRESENTATION_REPRESENTATION (  '', ( #520 ), #691 ) ;
#994 = CARTESIAN_POINT ( 'NONE',  ( 4.754744180118195551, 5.589454083063165157, 0.3499999999999998113 ) ) ;
#995 = DIRECTION ( 'NONE',  ( -0.000000000000000000, 0.000000000000000000, 1.000000000000000000 ) ) ;
#996 = CARTESIAN_POINT ( 'NONE',  ( 4.305852863327319646, 5.851685420754309419, 0.3499999999999998668 ) ) ;
#997 = FILL_AREA_STYLE ('',( #7697 ) ) ;
#998 = ORIENTED_EDGE ( 'NONE', *, *, #3380, .F. ) ;
#999 =( BOUNDED_SURFACE ( )  B_SPLINE_SURFACE ( 2, 3, ( 
 ( #1416, #1575, #2247, #6787 ),
 ( #7382, #6646, #2342, #5248 ),
 ( #4553, #8221, #681, #1621 ) ),
 .UNSPECIFIED., .F., .F., .F. ) 
 B_SPLINE_SURFACE_WITH_KNOTS ( ( 3, 3 ),
 ( 4, 4 ),
 ( 0.000000000000000000, 1.000000000000000000 ),
 ( -3.500000000000000371E-05, 0.0007349999999999999763 ),
 .UNSPECIFIED. ) 
 GEOMETRIC_REPRESENTATION_ITEM ( )  RATIONAL_B_SPLINE_SURFACE ( (
 ( 1.000000000000000000, 1.000000000000000000, 1.000000000000000000, 1.000000000000000000),
 ( 0.7071067811865475727, 0.7071067811865475727, 0.7071067811865475727, 0.7071067811865475727),
 ( 1.000000000000000000, 1.000000000000000000, 1.000000000000000000, 1.000000000000000000) ) ) 
 REPRESENTATION_ITEM ( '' )  SURFACE ( )  );
#1000 = UNCERTAINTY_MEASURE_WITH_UNIT (LENGTH_MEASURE( 1.000000000000000082E-05 ), #5853, 'distance_accuracy_value', 'NONE');
#1001 = CYLINDRICAL_SURFACE ( 'NONE', #7550, 0.1999999999999996503 ) ;
#1002 = VERTEX_POINT ( 'NONE', #4508 ) ;
#1003 = MECHANICAL_DESIGN_GEOMETRIC_PRESENTATION_REPRESENTATION (  '', ( #2734 ), #2255 ) ;
#1004 = MECHANICAL_DESIGN_GEOMETRIC_PRESENTATION_REPRESENTATION (  '', ( #3487 ), #8961 ) ;
#1005 = ORIENTED_EDGE ( 'NONE', *, *, #1400, .F. ) ;
#1006 = DIRECTION ( 'NONE',  ( 0.000000000000000000, -1.000000000000000000, 1.668003342285391797E-16 ) ) ;
#1007 = CARTESIAN_POINT ( 'NONE',  ( 1.853245067392238710, 0.5000000000000000000, -0.3500000000000000888 ) ) ;
#1008 = DIRECTION ( 'NONE',  ( 1.000000000000000000, 0.000000000000000000, 0.000000000000000000 ) ) ;
#1009 = ORIENTED_EDGE ( 'NONE', *, *, #1514, .T. ) ;
#1010 = ORIENTED_EDGE ( 'NONE', *, *, #8048, .F. ) ;
#1011 = ORIENTED_EDGE ( 'NONE', *, *, #9074, .F. ) ;
#1012 = PRESENTATION_LAYER_ASSIGNMENT (  '', '', ( #4298 ) ) ;
#1013 = EDGE_CURVE ( 'NONE', #2985, #767, #2897, .T. ) ;
#1014 =( BOUNDED_CURVE ( )  B_SPLINE_CURVE ( 3, ( #5286, #3029, #6002, #1561 ),
 .UNSPECIFIED., .F., .T. ) 
 B_SPLINE_CURVE_WITH_KNOTS ( ( 4, 4 ),
 ( 1.570796326794896336, 2.359101780428492390 ),
 .UNSPECIFIED. ) 
 CURVE ( )  GEOMETRIC_REPRESENTATION_ITEM ( )  RATIONAL_B_SPLINE_CURVE ( ( 1.000000000000000000, 0.9488815137910384667, 0.9488815137910384667, 1.000000000000000000 ) ) 
 REPRESENTATION_ITEM ( '' )  );
#1015 = DIRECTION ( 'NONE',  ( 1.000000000000000000, 1.084202172485504434E-16, 0.000000000000000000 ) ) ;
#1016 = DIRECTION ( 'NONE',  ( -0.000000000000000000, 0.000000000000000000, 1.000000000000000000 ) ) ;
#1017 = ORIENTED_EDGE ( 'NONE', *, *, #1853, .T. ) ;
#1018 = DIRECTION ( 'NONE',  ( 1.000000000000000000, 0.000000000000000000, 0.000000000000000000 ) ) ;
#1019 = CIRCLE ( 'NONE', #236, 0.2999999999999999334 ) ;
#1020 = SURFACE_STYLE_USAGE ( .BOTH. , #7722 ) ;
#1021 = VERTEX_POINT ( 'NONE', #9675 ) ;
#1022 = ORIENTED_EDGE ( 'NONE', *, *, #9118, .T. ) ;
#1023 = MECHANICAL_DESIGN_GEOMETRIC_PRESENTATION_REPRESENTATION (  '', ( #3682 ), #1980 ) ;
#1024 = B_SPLINE_CURVE_WITH_KNOTS ( 'NONE', 3,
 ( #5275, #6758, #6041, #9107, #6862, #3152, #2417, #2459, #6957, #8618, #4828, #3388, #7164, #1837, #4931, #2718, #4127, #2564, #5656, #6335, #7696, #7902, #8526, #5603, #1735, #9297, #7111, #448, #2666, #3430, #9247 ),
 .UNSPECIFIED., .F., .F.,
 ( 4, 1, 1, 1, 1, 1, 1, 2, 2, 1, 1, 1, 1, 2, 2, 1, 1, 1, 1, 1, 2, 2, 4 ),
 ( 0.000000000000000000, 0.06250000000001669498, 0.09375000000002534084, 0.1093750000000298511, 0.1171875000000321132, 0.1210937500000334038, 0.1230468750000340422, 0.1240234375000343753, 0.1250000000000346945, 0.1875000000000348610, 0.2187500000000352496, 0.2343750000000354439, 0.2421875000000355271, 0.2460937500000355549, 0.2500000000000355826, 0.3750000000000332512, 0.4375000000000323630, 0.4687500000000319744, 0.4843750000000320299, 0.4921875000000320299, 0.4960937500000318079, 0.5000000000000315303, 1.000000000000000000 ),
 .UNSPECIFIED. ) ;
#1025 = PLANE ( 'NONE',  #7426 ) ;
#1026 = DIRECTION ( 'NONE',  ( 1.000000000000000000, 0.000000000000000000, 0.000000000000000000 ) ) ;
#1027 = LINE ( 'NONE', #389, #5293 ) ;
#1028 = ORIENTED_EDGE ( 'NONE', *, *, #8220, .T. ) ;
#1029 = LINE ( 'NONE', #9141, #762 ) ;
#1030 = LINE ( 'NONE', #4305, #2569 ) ;
#1031 = B_SPLINE_CURVE_WITH_KNOTS ( 'NONE', 3,
 ( #4660, #7641, #4813, #5589 ),
 .UNSPECIFIED., .F., .F.,
 ( 4, 4 ),
 ( 0.000000000000000000, 1.000000000000000000 ),
 .UNSPECIFIED. ) ;
#1032 = ORIENTED_EDGE ( 'NONE', *, *, #8870, .T. ) ;
#1033 = CARTESIAN_POINT ( 'NONE',  ( 9.309360230209762221, 5.307482533055399188, 0.3499999999999996447 ) ) ;
#1034 = AXIS2_PLACEMENT_3D ( 'NONE', #804, #4501, #2855 ) ;
#1035 = CARTESIAN_POINT ( 'NONE',  ( -0.3525240155457798341, 5.732672356334980179, -0.3499999999999999778 ) ) ;
#1036 = LINE ( 'NONE', #2501, #7557 ) ;
#1037 = EDGE_CURVE ( 'NONE', #6667, #1172, #9629, .T. ) ;
#1038 = CARTESIAN_POINT ( 'NONE',  ( 7.270000000000000462, 8.000000000000000000, 0.3499999999999999778 ) ) ;
#1039 = SURFACE_SIDE_STYLE ('',( #148 ) ) ;
#1040 = DIRECTION ( 'NONE',  ( -1.000000000000000000, 0.000000000000000000, 0.000000000000000000 ) ) ;
#1042 = VECTOR ( 'NONE', #5021, 1000.000000000000000 ) ;
#1041 = CARTESIAN_POINT ( 'NONE',  ( 5.680000000000000604, 6.299999999999999822, -0.3850000000000001199 ) ) ;
#1043 = PRESENTATION_LAYER_ASSIGNMENT (  '', '', ( #8532 ) ) ;
#1044 = CARTESIAN_POINT ( 'NONE',  ( 6.764309810834101100, 5.260692584315934894, 0.3499999999999997002 ) ) ;
#1045 = CARTESIAN_POINT ( 'NONE',  ( 7.770000000000002238, -3.000000000000000000, 0.3499999999999997002 ) ) ;
#1046 = CARTESIAN_POINT ( 'NONE',  ( 9.660000000000001918, 6.299999999999999822, 0.3499999999999996447 ) ) ;
#1047 = FACE_OUTER_BOUND ( 'NONE', #1209, .T. ) ;
#1048 = CARTESIAN_POINT ( 'NONE',  ( 9.638154266116021773, 5.626229152235333153, -3.363509640443581286E-16 ) ) ;
#1049 = ORIENTED_EDGE ( 'NONE', *, *, #1054, .T. ) ;
#1050 = SURFACE_STYLE_FILL_AREA ( #4832 ) ;
#1051 =( GEOMETRIC_REPRESENTATION_CONTEXT ( 3 ) GLOBAL_UNCERTAINTY_ASSIGNED_CONTEXT ( ( #3352 ) ) GLOBAL_UNIT_ASSIGNED_CONTEXT ( ( #215, #5467, #1608 ) ) REPRESENTATION_CONTEXT ( 'NONE', 'WORKASPACE' ) );
#1052 = ORIENTED_EDGE ( 'NONE', *, *, #3848, .F. ) ;
#1053 = AXIS2_PLACEMENT_3D ( 'NONE', #3606, #2940, #277 ) ;
#1054 = EDGE_CURVE ( 'NONE', #6306, #2536, #4401, .T. ) ;
#1055 = CARTESIAN_POINT ( 'NONE',  ( 6.080000000000000071, 6.500000000000000888, 0.3499999999999989231 ) ) ;
#1056 =( LENGTH_UNIT ( ) NAMED_UNIT ( * ) SI_UNIT ( .MILLI., .METRE. ) );
#1057 = CARTESIAN_POINT ( 'NONE',  ( 10.75999999999999979, 6.299999999999999822, 0.1283333333333329940 ) ) ;
#1058 = ORIENTED_EDGE ( 'NONE', *, *, #8256, .T. ) ;
#1059 = CARTESIAN_POINT ( 'NONE',  ( 7.270000000000000462, 8.199999999999999289, 0.3499999999999999778 ) ) ;
#1060 = VECTOR ( 'NONE', #5223, 1000.000000000000000 ) ;
#1061 = ADVANCED_FACE ( 'NONE', ( #5875 ), #999, .T. ) ;
#1062 = VECTOR ( 'NONE', #777, 1000.000000000000000 ) ;
#1063 = EDGE_CURVE ( 'NONE', #8552, #8593, #1523, .T. ) ;
#1064 = ORIENTED_EDGE ( 'NONE', *, *, #2415, .T. ) ;
#1065 = ORIENTED_EDGE ( 'NONE', *, *, #3738, .T. ) ;
#1066 = COLOUR_RGB ( '',0.8313725490196077761, 0.6705882352941175961, 0.1294117647058823373 ) ;
#1067 = CARTESIAN_POINT ( 'NONE',  ( -0.8095024236133424589, 5.635051924202448603, -0.3499999999999999778 ) ) ;
#1068 = FILL_AREA_STYLE ('',( #553 ) ) ;
#1069 =( NAMED_UNIT ( * ) SI_UNIT ( $, .STERADIAN. ) SOLID_ANGLE_UNIT ( ) );
#1070 = PLANE ( 'NONE',  #5669 ) ;
#1071 = CARTESIAN_POINT ( 'NONE',  ( 5.579999999999999183, 6.084152315493285279, -0.3500000000000000888 ) ) ;
#1072 = ORIENTED_EDGE ( 'NONE', *, *, #8839, .T. ) ;
#1073 = AXIS2_PLACEMENT_3D ( 'NONE', #3195, #6953, #3931 ) ;
#1074 = CARTESIAN_POINT ( 'NONE',  ( 11.10693694824613331, 4.039780281224036429, 0.3499999999999997002 ) ) ;
#1075 = PRESENTATION_STYLE_ASSIGNMENT (( #1020 ) ) ;
#1076 = ORIENTED_EDGE ( 'NONE', *, *, #7518, .T. ) ;
#1077 = ORIENTED_EDGE ( 'NONE', *, *, #3784, .T. ) ;
#1078 = ADVANCED_FACE ( 'NONE', ( #3760 ), #7528, .T. ) ;
#1079 = MECHANICAL_DESIGN_GEOMETRIC_PRESENTATION_REPRESENTATION (  '', ( #5317 ), #6964 ) ;
#1080 = CARTESIAN_POINT ( 'NONE',  ( 10.79314831488351523, 6.299478870653065776, -0.3500000000000003109 ) ) ;
#1081 = CARTESIAN_POINT ( 'NONE',  ( 4.930000000000001492, -3.000000000000000000, 0.3499999999999998113 ) ) ;
#1082 = UNCERTAINTY_MEASURE_WITH_UNIT (LENGTH_MEASURE( 1.000000000000000082E-05 ), #5230, 'distance_accuracy_value', 'NONE');
#1083 = LINE ( 'NONE', #4159, #4271 ) ;
#1084 = ORIENTED_EDGE ( 'NONE', *, *, #4618, .T. ) ;
#1085 = CARTESIAN_POINT ( 'NONE',  ( 5.528193045422142404, 5.884855341312109189, 0.3499999999999998668 ) ) ;
#1086 = VERTEX_POINT ( 'NONE', #2532 ) ;
#1087 = LINE ( 'NONE', #193, #7566 ) ;
#1088 = DIRECTION ( 'NONE',  ( -1.000000000000000000, -1.084202172485504434E-16, 0.000000000000000000 ) ) ;
#1089 = LINE ( 'NONE', #7841, #8180 ) ;
#1090 =( NAMED_UNIT ( * ) PLANE_ANGLE_UNIT ( ) SI_UNIT ( $, .RADIAN. ) );
#1091 = EDGE_CURVE ( 'NONE', #6847, #3752, #9081, .T. ) ;
#1092 = FILL_AREA_STYLE_COLOUR ( '', #8283 ) ;
#1093 = FACE_OUTER_BOUND ( 'NONE', #7181, .T. ) ;
#1094 = CARTESIAN_POINT ( 'NONE',  ( 5.680000000000000604, 6.299999999999999822, 0.3849999999999997868 ) ) ;
#1095 =( GEOMETRIC_REPRESENTATION_CONTEXT ( 3 ) GLOBAL_UNCERTAINTY_ASSIGNED_CONTEXT ( ( #6938 ) ) GLOBAL_UNIT_ASSIGNED_CONTEXT ( ( #6336, #8572, #5166 ) ) REPRESENTATION_CONTEXT ( 'NONE', 'WORKASPACE' ) );
#1096 = DIRECTION ( 'NONE',  ( -1.000000000000000000, 0.000000000000000000, 7.744301232039316681E-17 ) ) ;
#1097 = CARTESIAN_POINT ( 'NONE',  ( 5.725466478527304837, 3.877691542223584698, 0.3499999999999998668 ) ) ;
#1098 = CARTESIAN_POINT ( 'NONE',  ( 11.62999999999999723, 0.5000000000000000000, -0.6499999999999989120 ) ) ;
#1099 = SURFACE_STYLE_USAGE ( .BOTH. , #9298 ) ;
#1100 = ORIENTED_EDGE ( 'NONE', *, *, #3086, .T. ) ;
#1101 = CARTESIAN_POINT ( 'NONE',  ( 5.680000000000000604, 6.299999999999999822, -0.3500000000000001443 ) ) ;
#1102 = ORIENTED_EDGE ( 'NONE', *, *, #1037, .T. ) ;
#1103 = CARTESIAN_POINT ( 'NONE',  ( 1.853245067392238710, 10.39117142264903570, -0.3500000000000017542 ) ) ;
#1104 = EDGE_CURVE ( 'NONE', #9415, #736, #2731, .T. ) ;
#1105 = CARTESIAN_POINT ( 'NONE',  ( -1.000000000000000000, 6.500000000000000888, 0.3499999999999989231 ) ) ;
#1106 = EDGE_CURVE ( 'NONE', #3375, #9188, #8097, .T. ) ;
#1107 = ORIENTED_EDGE ( 'NONE', *, *, #6765, .T. ) ;
#1108 = LINE ( 'NONE', #9452, #7694 ) ;
#1109 = UNCERTAINTY_MEASURE_WITH_UNIT (LENGTH_MEASURE( 1.000000000000000082E-05 ), #6644, 'distance_accuracy_value', 'NONE');
#1110 = ORIENTED_EDGE ( 'NONE', *, *, #6332, .F. ) ;
#1111 = ORIENTED_EDGE ( 'NONE', *, *, #413, .F. ) ;
#1112 = ADVANCED_FACE ( 'NONE', ( #8356 ), #3170, .F. ) ;
#1113 = EDGE_CURVE ( 'NONE', #4967, #3085, #3869, .T. ) ;
#1114 = DIRECTION ( 'NONE',  ( 1.000000000000000000, 0.000000000000000000, 0.000000000000000000 ) ) ;
#1115 = CARTESIAN_POINT ( 'NONE',  ( 0.6000000000000005329, 6.299999999999999822, -0.1283333333333334936 ) ) ;
#1116 = CARTESIAN_POINT ( 'NONE',  ( 8.481229900893845652, 5.207834124282261001, 0.3499999999999997002 ) ) ;
#1117 = DIRECTION ( 'NONE',  ( 0.000000000000000000, -1.000000000000000000, 1.668003342285391797E-16 ) ) ;
#1118 = CARTESIAN_POINT ( 'NONE',  ( 5.528193045422142404, 5.884855341312109189, -0.3500000000000000888 ) ) ;
#1119 = ORIENTED_EDGE ( 'NONE', *, *, #8032, .T. ) ;
#1120 = ORIENTED_EDGE ( 'NONE', *, *, #5119, .F. ) ;
#1121 = VECTOR ( 'NONE', #9093, 1000.000000000000000 ) ;
#1122 = ORIENTED_EDGE ( 'NONE', *, *, #3801, .T. ) ;
#1123 = EDGE_CURVE ( 'NONE', #1321, #2729, #1252, .T. ) ;
#1124 = DIRECTION ( 'NONE',  ( -1.000000000000000000, 0.000000000000000000, 0.000000000000000000 ) ) ;
#1125 = DIRECTION ( 'NONE',  ( 1.000000000000000000, 1.084202172485504434E-16, 0.000000000000000000 ) ) ;
#1126 = SURFACE_STYLE_USAGE ( .BOTH. , #3450 ) ;
#1127 = FACE_OUTER_BOUND ( 'NONE', #9627, .T. ) ;
#1128 = PRESENTATION_LAYER_ASSIGNMENT (  '', '', ( #9238 ) ) ;
#1129 = CARTESIAN_POINT ( 'NONE',  ( 4.558154266116019926, 5.626229152235333153, 0.3499999999999998113 ) ) ;
#1130 = VERTEX_POINT ( 'NONE', #176 ) ;
#1131 = CARTESIAN_POINT ( 'NONE',  ( 0.6662662111508188545, 6.298959448224887403, 0.3500000000000000888 ) ) ;
#1132 = PLANE ( 'NONE',  #2892 ) ;
#1133 = ORIENTED_EDGE ( 'NONE', *, *, #2065, .T. ) ;
#1134 = DIRECTION ( 'NONE',  ( 0.000000000000000000, 0.000000000000000000, 1.000000000000000000 ) ) ;
#1135 = CARTESIAN_POINT ( 'NONE',  ( 7.098154266116019961, 5.626229152235333153, -0.3500000000000002554 ) ) ;
#1136 = DIRECTION ( 'NONE',  ( -0.000000000000000000, -1.000000000000000000, 1.668003342285392044E-16 ) ) ;
#1137 = LINE ( 'NONE', #1976, #154 ) ;
#1138 = EDGE_CURVE ( 'NONE', #8652, #7337, #2624, .T. ) ;
#1139 = CARTESIAN_POINT ( 'NONE',  ( 7.098154266116019961, 5.626229152235333153, -2.522632230332685841E-16 ) ) ;
#1140 = CARTESIAN_POINT ( 'NONE',  ( -6.734562392116886235E-17, 8.500000000000000000, -0.8696152422706657781 ) ) ;
#1141 = FACE_OUTER_BOUND ( 'NONE', #7908, .T. ) ;
#1142 = ADVANCED_FACE ( 'NONE', ( #9128 ), #5524, .F. ) ;
#1143 = DIRECTION ( 'NONE',  ( -3.872150616019656492E-17, -0.8660254037844388186, -0.4999999999999997780 ) ) ;
#1144 = COLOUR_RGB ( '',0.8313725490196077761, 0.6705882352941175961, 0.1294117647058823373 ) ;
#1145 = CARTESIAN_POINT ( 'NONE',  ( 4.434533521472694417, 3.877691542223590471, 0.3499999999999998668 ) ) ;
#1146 = PLANE ( 'NONE',  #8178 ) ;
#1147 = CARTESIAN_POINT ( 'NONE',  ( 3.039999999999998259, 6.299999999999999822, -0.3500000000000000888 ) ) ;
#1148 = VECTOR ( 'NONE', #9482, 1000.000000000000000 ) ;
#1149 = EDGE_CURVE ( 'NONE', #4532, #8471, #557, .T. ) ;
#1150 = VERTEX_POINT ( 'NONE', #4230 ) ;
#1151 = AXIS2_PLACEMENT_3D ( 'NONE', #8569, #445, #7746 ) ;
#1152 =( GEOMETRIC_REPRESENTATION_CONTEXT ( 3 ) GLOBAL_UNCERTAINTY_ASSIGNED_CONTEXT ( ( #3232 ) ) GLOBAL_UNIT_ASSIGNED_CONTEXT ( ( #5414, #1651, #1499 ) ) REPRESENTATION_CONTEXT ( 'NONE', 'WORKASPACE' ) );
#1153 = CARTESIAN_POINT ( 'NONE',  ( 6.620000000000000107, 6.500000000000000888, -0.3500000000000010880 ) ) ;
#1154 = CARTESIAN_POINT ( 'NONE',  ( 5.401845733883980039, 5.626229152235330488, 0.3499999999999998113 ) ) ;
#1155 = ORIENTED_EDGE ( 'NONE', *, *, #8016, .T. ) ;
#1156 = CARTESIAN_POINT ( 'NONE',  ( 7.120000000000000995, 6.299999999999999822, -0.3500000000000002554 ) ) ;
#1157 = VECTOR ( 'NONE', #1379, 1000.000000000000000 ) ;
#1158 = AXIS2_PLACEMENT_3D ( 'NONE', #4164, #295, #3374 ) ;
#1159 = FACE_OUTER_BOUND ( 'NONE', #4514, .T. ) ;
#1160 = ORIENTED_EDGE ( 'NONE', *, *, #5696, .F. ) ;
#1161 = VECTOR ( 'NONE', #4972, 1000.000000000000000 ) ;
#1162 = ORIENTED_EDGE ( 'NONE', *, *, #6396, .F. ) ;
#1163 =( GEOMETRIC_REPRESENTATION_CONTEXT ( 3 ) GLOBAL_UNCERTAINTY_ASSIGNED_CONTEXT ( ( #941 ) ) GLOBAL_UNIT_ASSIGNED_CONTEXT ( ( #3219, #7130, #2585 ) ) REPRESENTATION_CONTEXT ( 'NONE', 'WORKASPACE' ) );
#1164 = CARTESIAN_POINT ( 'NONE',  ( -0.5999999999999996447, 6.299999999999999822, -0.3499999999999999778 ) ) ;
#1165 = COLOUR_RGB ( '',0.8313725490196077761, 0.6705882352941175961, 0.1294117647058823373 ) ;
#1166 = DIRECTION ( 'NONE',  ( -1.000000000000000000, -3.097720492815726426E-17, 0.000000000000000000 ) ) ;
#1167 = CARTESIAN_POINT ( 'NONE',  ( 8.579999415201710278, 3.767448265748724268, 0.3499999999999997002 ) ) ;
#1168 = LINE ( 'NONE', #378, #2252 ) ;
#1169 = FILL_AREA_STYLE ('',( #7871 ) ) ;
#1170 = VECTOR ( 'NONE', #5203, 1000.000000000000000 ) ;
#1171 = ORIENTED_EDGE ( 'NONE', *, *, #4695, .T. ) ;
#1172 = VERTEX_POINT ( 'NONE', #5082 ) ;
#1173 = DIRECTION ( 'NONE',  ( 0.000000000000000000, -3.097720492815727166E-16, -1.000000000000000000 ) ) ;
#1174 = ORIENTED_EDGE ( 'NONE', *, *, #6346, .F. ) ;
#1175 = CARTESIAN_POINT ( 'NONE',  ( 11.06069349521339973, 4.786369049944406484, -0.3500000000000002554 ) ) ;
#1176 = PLANE ( 'NONE',  #6501 ) ;
#1177 = CARTESIAN_POINT ( 'NONE',  ( 4.080000000000000071, 6.500000000000000888, 0.3499999999999989231 ) ) ;
#1178 = DIRECTION ( 'NONE',  ( 0.000000000000000000, 0.000000000000000000, -1.000000000000000000 ) ) ;
#1179 = SURFACE_STYLE_FILL_AREA ( #4756 ) ;
#1181 = ORIENTED_EDGE ( 'NONE', *, *, #4069, .F. ) ;
#1180 = VECTOR ( 'NONE', #9245, 1000.000000000000000 ) ;
#1182 = LINE ( 'NONE', #583, #9419 ) ;
#1183 = EDGE_LOOP ( 'NONE', ( #5536, #6545, #3140, #3405 ) ) ;
#1184 = CARTESIAN_POINT ( 'NONE',  ( 9.215304513043832912, 4.083092593512597013, 0.3499999999999996447 ) ) ;
#1185 = EDGE_CURVE ( 'NONE', #7965, #1324, #6665, .T. ) ;
#1186 = SURFACE_SIDE_STYLE ('',( #4919 ) ) ;
#1187 = LINE ( 'NONE', #6464, #5118 ) ;
#1188 = CARTESIAN_POINT ( 'NONE',  ( 7.620000000000000107, 0.5000000000000005551, -0.3500000000000002554 ) ) ;
#1189 = CARTESIAN_POINT ( 'NONE',  ( 10.84675493260776236, 0.5000000000000000000, -0.6500000000000013545 ) ) ;
#1190 = DIRECTION ( 'NONE',  ( -1.000000000000000000, 0.000000000000000000, 7.744301232039316681E-17 ) ) ;
#1191 = CARTESIAN_POINT ( 'NONE',  ( 0.3252558198818050750, 5.589454083063163381, 0.3499999999999999778 ) ) ;
#1192 = CARTESIAN_POINT ( 'NONE',  ( 6.080000000000000959, 6.299999999999999822, -0.3850000000000001199 ) ) ;
#1193 = CYLINDRICAL_SURFACE ( 'NONE', #8966, 0.2000000000000005107 ) ;
#1194 =( GEOMETRIC_REPRESENTATION_CONTEXT ( 3 ) GLOBAL_UNCERTAINTY_ASSIGNED_CONTEXT ( ( #9402 ) ) GLOBAL_UNIT_ASSIGNED_CONTEXT ( ( #5059, #6462, #7386 ) ) REPRESENTATION_CONTEXT ( 'NONE', 'WORKASPACE' ) );
#1195 = CARTESIAN_POINT ( 'NONE',  ( 5.863770569720395898, 5.796998266909026754, -0.3500000000000000888 ) ) ;
#1196 = CARTESIAN_POINT ( 'NONE',  ( 4.229360230209762150, 5.307482533055399188, 0.3499999999999997558 ) ) ;
#1197 = CARTESIAN_POINT ( 'NONE',  ( 7.969999999999999751, 8.000000000000000000, -0.3500000000000000333 ) ) ;
#1198 = ORIENTED_EDGE ( 'NONE', *, *, #7017, .F. ) ;
#1199 = COLOUR_RGB ( '',0.8313725490196077761, 0.6705882352941175961, 0.1294117647058823373 ) ;
#1200 = FILL_AREA_STYLE_COLOUR ( '', #7817 ) ;
#1201 = CARTESIAN_POINT ( 'NONE',  ( 8.619999999999999218, 6.500000000000000888, -0.3500000000000010880 ) ) ;
#1202 = ADVANCED_FACE ( 'NONE', ( #5812 ), #9453, .F. ) ;
#1203 = UNCERTAINTY_MEASURE_WITH_UNIT (LENGTH_MEASURE( 1.000000000000000082E-05 ), #9535, 'distance_accuracy_value', 'NONE');
#1204 = VERTEX_POINT ( 'NONE', #2828 ) ;
#1205 = CARTESIAN_POINT ( 'NONE',  ( 7.120000000000001883, 6.084152315493286167, -0.3500000000000001443 ) ) ;
#1206 = DIRECTION ( 'NONE',  ( 1.084202172485504434E-16, -1.000000000000000000, 0.000000000000000000 ) ) ;
#1207 = AXIS2_PLACEMENT_3D ( 'NONE', #4886, #4042, #2516 ) ;
#1208 = VERTEX_POINT ( 'NONE', #4281 ) ;
#1209 = EDGE_LOOP ( 'NONE', ( #6600, #3155, #75, #5497, #1120, #3835, #9070, #5968 ) ) ;
#1210 = CARTESIAN_POINT ( 'NONE',  ( -0.7881569290043646259, 5.771059683742046253, -0.3499999999999999778 ) ) ;
#1211 = VECTOR ( 'NONE', #8928, 1000.000000000000000 ) ;
#1212 = EDGE_CURVE ( 'NONE', #7098, #5054, #7313, .T. ) ;
#1213 = CARTESIAN_POINT ( 'NONE',  ( -0.05000000000000007910, 8.026794919243110726, -0.04999999999999991257 ) ) ;
#1214 = DIRECTION ( 'NONE',  ( 1.000000000000000000, 0.000000000000000000, 0.000000000000000000 ) ) ;
#1215 = CARTESIAN_POINT ( 'NONE',  ( 2.040000000000001812, 6.299999999999999822, 0.3499999999999998668 ) ) ;
#1216 = VERTEX_POINT ( 'NONE', #8771 ) ;
#1217 = ORIENTED_EDGE ( 'NONE', *, *, #2104, .F. ) ;
#1218 = LINE ( 'NONE', #9322, #4595 ) ;
#1219 = PRESENTATION_LAYER_ASSIGNMENT (  '', '', ( #427 ) ) ;
#1220 = VERTEX_POINT ( 'NONE', #8872 ) ;
#1221 = CARTESIAN_POINT ( 'NONE',  ( 11.14166067961241247, 3.374693912578980548, -0.3500000000000003664 ) ) ;
#1222 = SURFACE_SIDE_STYLE ('',( #9474 ) ) ;
#1223 = SURFACE_SIDE_STYLE ('',( #5585 ) ) ;
#1224 = CARTESIAN_POINT ( 'NONE',  ( 6.620000000000000107, 6.500000000000000888, 0.3499999999999989231 ) ) ;
#1225 = EDGE_CURVE ( 'NONE', #4307, #6307, #9677, .T. ) ;
#1226 = COLOUR_RGB ( '',0.8313725490196077761, 0.6705882352941175961, 0.1294117647058823373 ) ;
#1227 =( GEOMETRIC_REPRESENTATION_CONTEXT ( 3 ) GLOBAL_UNCERTAINTY_ASSIGNED_CONTEXT ( ( #5500 ) ) GLOBAL_UNIT_ASSIGNED_CONTEXT ( ( #2206, #698, #9044 ) ) REPRESENTATION_CONTEXT ( 'NONE', 'WORKASPACE' ) );
#1228 = ORIENTED_EDGE ( 'NONE', *, *, #6489, .T. ) ;
#1229 = EDGE_CURVE ( 'NONE', #5860, #1344, #1693, .T. ) ;
#1230 = CARTESIAN_POINT ( 'NONE',  ( -0.5218457338839801452, 5.626229152235333153, 0.000000000000000000 ) ) ;
#1231 = FACE_OUTER_BOUND ( 'NONE', #4185, .T. ) ;
#1232 = CARTESIAN_POINT ( 'NONE',  ( 4.080000000000000071, 1.800000000000000488, -0.3500000000000001443 ) ) ;
#1233 = ORIENTED_EDGE ( 'NONE', *, *, #3570, .T. ) ;
#1234 = CARTESIAN_POINT ( 'NONE',  ( 8.480164356702980299, 5.218128553112161505, -0.3500000000000003664 ) ) ;
#1235 = DIRECTION ( 'NONE',  ( -1.000000000000000000, 0.000000000000000000, 7.744301232039316681E-17 ) ) ;
#1236 = PRESENTATION_LAYER_ASSIGNMENT (  '', '', ( #7009 ) ) ;
#1237 = EDGE_CURVE ( 'NONE', #4370, #9682, #4429, .T. ) ;
#1238 = CARTESIAN_POINT ( 'NONE',  ( 4.730000000000001315, 0.5000000000000005551, 0.3499999999999998113 ) ) ;
#1239 = CARTESIAN_POINT ( 'NONE',  ( 2.091806954577857258, 5.884855341312109189, 0.3499999999999998668 ) ) ;
#1240 = ADVANCED_FACE ( 'NONE', ( #712 ), #3591, .F. ) ;
#1241 = CARTESIAN_POINT ( 'NONE',  ( 1.540000000000000036, 6.500000000000000888, 0.3499999999999989231 ) ) ;
#1242 = CARTESIAN_POINT ( 'NONE',  ( 6.061660679612409730, 3.374693912578979660, -0.3500000000000003109 ) ) ;
#1243 = LINE ( 'NONE', #701, #4272 ) ;
#1244 = CARTESIAN_POINT ( 'NONE',  ( 1.594703062804454285, 4.071564961060444077, -0.3500000000000001443 ) ) ;
#1245 = EDGE_CURVE ( 'NONE', #2130, #4483, #656, .T. ) ;
#1246 = ORIENTED_EDGE ( 'NONE', *, *, #1706, .T. ) ;
#1247 =( GEOMETRIC_REPRESENTATION_CONTEXT ( 3 ) GLOBAL_UNCERTAINTY_ASSIGNED_CONTEXT ( ( #1762 ) ) GLOBAL_UNIT_ASSIGNED_CONTEXT ( ( #3580, #2720, #7203 ) ) REPRESENTATION_CONTEXT ( 'NONE', 'WORKASPACE' ) );
#1248 = DIRECTION ( 'NONE',  ( 0.4999999999999997780, -0.8660254037844388186, 0.000000000000000000 ) ) ;
#1249 = CARTESIAN_POINT ( 'NONE',  ( 10.31000000000000405, -3.000000000000000000, -0.3500000000000003109 ) ) ;
#1250 = ORIENTED_EDGE ( 'NONE', *, *, #4093, .F. ) ;
#1251 = DIRECTION ( 'NONE',  ( 0.000000000000000000, -0.8660254037844388186, 0.4999999999999997780 ) ) ;
#1252 = LINE ( 'NONE', #920, #4026 ) ;
#1253 = MECHANICAL_DESIGN_GEOMETRIC_PRESENTATION_REPRESENTATION (  '', ( #5799 ), #1582 ) ;
#1254 = UNCERTAINTY_MEASURE_WITH_UNIT (LENGTH_MEASURE( 1.000000000000000082E-05 ), #7149, 'distance_accuracy_value', 'NONE');
#1255 = ORIENTED_EDGE ( 'NONE', *, *, #6750, .T. ) ;
#1256 = EDGE_LOOP ( 'NONE', ( #4833, #1703, #9554, #2276 ) ) ;
#1257 =( BOUNDED_CURVE ( )  B_SPLINE_CURVE ( 3, ( #1215, #5675, #4237, #4197 ),
 .UNSPECIFIED., .F., .T. ) 
 B_SPLINE_CURVE_WITH_KNOTS ( ( 4, 4 ),
 ( 1.570796326794896336, 2.359101780428492390 ),
 .UNSPECIFIED. ) 
 CURVE ( )  GEOMETRIC_REPRESENTATION_ITEM ( )  RATIONAL_B_SPLINE_CURVE ( ( 1.000000000000000000, 0.9488815137910384667, 0.9488815137910384667, 1.000000000000000000 ) ) 
 REPRESENTATION_ITEM ( '' )  );
#1258 = UNCERTAINTY_MEASURE_WITH_UNIT (LENGTH_MEASURE( 1.000000000000000082E-05 ), #7474, 'distance_accuracy_value', 'NONE');
#1259 = AXIS2_PLACEMENT_3D ( 'NONE', #1425, #694, #4412 ) ;
#1260 = CARTESIAN_POINT ( 'NONE',  ( -0.6662662111509194407, 6.298959448224835889, -0.3500000000000000333 ) ) ;
#1261 = CARTESIAN_POINT ( 'NONE',  ( 1.000000000000000444, 1.800000000000000488, 0.1283333333333333270 ) ) ;
#1262 = DIRECTION ( 'NONE',  ( -0.000000000000000000, -0.000000000000000000, 1.000000000000000000 ) ) ;
#1263 = ORIENTED_EDGE ( 'NONE', *, *, #8003, .T. ) ;
#1264 = ORIENTED_EDGE ( 'NONE', *, *, #4841, .T. ) ;
#1265 = CARTESIAN_POINT ( 'NONE',  ( 4.434533521472695305, 3.877691542223589138, -0.3500000000000001443 ) ) ;
#1266 = ADVANCED_FACE ( 'NONE', ( #9609 ), #6186, .F. ) ;
#1267 = ORIENTED_EDGE ( 'NONE', *, *, #2216, .F. ) ;
#1268 = CARTESIAN_POINT ( 'NONE',  ( 5.579999999999999183, 6.299999999999999822, 0.3499999999999998113 ) ) ;
#1269 = SURFACE_SIDE_STYLE ('',( #1963 ) ) ;
#1270 = DIRECTION ( 'NONE',  ( 0.000000000000000000, 1.000000000000000000, -1.668003342285391551E-16 ) ) ;
#1271 = LINE ( 'NONE', #5831, #761 ) ;
#1272 = ORIENTED_EDGE ( 'NONE', *, *, #5984, .F. ) ;
#1273 =( NAMED_UNIT ( * ) PLANE_ANGLE_UNIT ( ) SI_UNIT ( $, .RADIAN. ) );
#1274 = SURFACE_SIDE_STYLE ('',( #4163 ) ) ;
#1275 = CARTESIAN_POINT ( 'NONE',  ( 4.134703062804453211, 4.071564961060444077, -0.3500000000000000888 ) ) ;
#1276 = ORIENTED_EDGE ( 'NONE', *, *, #1757, .T. ) ;
#1277 = DIRECTION ( 'NONE',  ( -0.000000000000000000, 0.000000000000000000, 1.000000000000000000 ) ) ;
#1278 = CARTESIAN_POINT ( 'NONE',  ( 4.080000000000000071, 1.800000000000000488, 0.3499999999999998113 ) ) ;
#1279 = CARTESIAN_POINT ( 'NONE',  ( 5.405255819881805479, 5.589454083063163381, -0.3500000000000001443 ) ) ;
#1280 = EDGE_CURVE ( 'NONE', #4370, #5815, #3018, .T. ) ;
#1281 = VECTOR ( 'NONE', #241, 1000.000000000000000 ) ;
#1282 = LINE ( 'NONE', #7242, #726 ) ;
#1283 = PLANE ( 'NONE',  #9365 ) ;
#1284 = PLANE ( 'NONE',  #7253 ) ;
#1285 = CARTESIAN_POINT ( 'NONE',  ( 5.980693495213403210, 4.786369049944409149, -0.3500000000000001998 ) ) ;
#1286 = CARTESIAN_POINT ( 'NONE',  ( 0.3525240155457787239, 5.732672356334978403, 0.3499999999999999778 ) ) ;
#1287 = SURFACE_STYLE_USAGE ( .BOTH. , #703 ) ;
#1288 = VECTOR ( 'NONE', #7323, 1000.000000000000114 ) ;
#1289 = PLANE ( 'NONE',  #5694 ) ;
#1290 = EDGE_CURVE ( 'NONE', #898, #657, #1552, .T. ) ;
#1291 = SURFACE_SIDE_STYLE ('',( #3626 ) ) ;
#1292 = STYLED_ITEM ( 'NONE', ( #2073 ), #7876 ) ;
#1293 = PLANE ( 'NONE',  #1981 ) ;
#1294 = DIRECTION ( 'NONE',  ( 0.000000000000000000, -0.000000000000000000, -1.000000000000000000 ) ) ;
#1295 = ORIENTED_EDGE ( 'NONE', *, *, #574, .T. ) ;
#1296 = PLANE ( 'NONE',  #5212 ) ;
#1297 = ORIENTED_EDGE ( 'NONE', *, *, #2101, .T. ) ;
#1298 = EDGE_CURVE ( 'NONE', #1616, #1797, #1498, .T. ) ;
#1299 = VERTEX_POINT ( 'NONE', #4530 ) ;
#1300 = AXIS2_PLACEMENT_3D ( 'NONE', #3783, #207, #8289 ) ;
#1301 = DIRECTION ( 'NONE',  ( 0.000000000000000000, 0.000000000000000000, -1.000000000000000000 ) ) ;
#1302 = FACE_OUTER_BOUND ( 'NONE', #1256, .T. ) ;
#1303 = CARTESIAN_POINT ( 'NONE',  ( 0.3252558198818050195, 5.589454083063163381, -0.3499999999999999778 ) ) ;
#1304 = CARTESIAN_POINT ( 'NONE',  ( 8.566936948246135941, 4.039780281224036429, 0.3499999999999997002 ) ) ;
#1305 = VECTOR ( 'NONE', #185, 1000.000000000000000 ) ;
#1307 =( LENGTH_UNIT ( ) NAMED_UNIT ( * ) SI_UNIT ( .MILLI., .METRE. ) );
#1306 = B_SPLINE_CURVE_WITH_KNOTS ( 'NONE', 3,
 ( #8974, #6052, #7008, #3071, #4539, #4586, #6095, #2282, #7563, #1611, #6773, #4442, #7516, #6676, #6822, #1044, #3841, #118, #3119, #2928, #9067, #7421, #2375, #6723, #5378, #2331, #4773, #5234, #821, #4490, #718 ),
 .UNSPECIFIED., .F., .F.,
 ( 4, 1, 1, 1, 1, 1, 1, 2, 2, 1, 1, 1, 1, 2, 2, 1, 1, 1, 1, 1, 2, 2, 4 ),
 ( 0.000000000000000000, 0.06250000000001179612, 0.09375000000001741662, 0.1093750000000204697, 0.1171875000000220379, 0.1210937500000228428, 0.1230468750000232731, 0.1240234375000236478, 0.1250000000000240086, 0.1875000000000225098, 0.2187500000000217881, 0.2343750000000214828, 0.2421875000000213440, 0.2460937500000215383, 0.2500000000000217604, 0.3750000000000213718, 0.4375000000000212053, 0.4687500000000208722, 0.4843750000000206501, 0.4921875000000205391, 0.4960937500000208167, 0.5000000000000209832, 1.000000000000000000 ),
 .UNSPECIFIED. ) ;
#1308 = ORIENTED_EDGE ( 'NONE', *, *, #9469, .F. ) ;
#1309 = VECTOR ( 'NONE', #6474, 1000.000000000000000 ) ;
#1310 = VECTOR ( 'NONE', #1173, 1000.000000000000000 ) ;
#1311 = CARTESIAN_POINT ( 'NONE',  ( -0.4633568989079023814, 1.700000000000002620, -0.3499999999999999778 ) ) ;
#1312 = ORIENTED_EDGE ( 'NONE', *, *, #8634, .F. ) ;
#1313 = ORIENTED_EDGE ( 'NONE', *, *, #7270, .T. ) ;
#1314 =( BOUNDED_SURFACE ( )  B_SPLINE_SURFACE ( 3, 1, ( 
 ( #994, #6334 ),
 ( #1145, #2507 ),
 ( #155, #1689 ),
 ( #204, #6955 ),
 ( #6231, #3933 ),
 ( #1097, #9197 ),
 ( #5504, #6904 ) ),
 .UNSPECIFIED., .F., .F., .T. ) 
 B_SPLINE_SURFACE_WITH_KNOTS ( ( 4, 3, 4 ),
 ( 2, 2 ),
 ( 0.000000000000000000, 0.5000000000000000000, 1.000000000000000000 ),
 ( 0.000000000000000000, 1.000000000000000000 ),
 .UNSPECIFIED. ) 
 GEOMETRIC_REPRESENTATION_ITEM ( )  RATIONAL_B_SPLINE_SURFACE ( (
 ( 1.000000000000000000, 1.000000000000000000),
 ( 0.5953481791230080811, 0.5953481791230080811),
 ( 0.5953481791230080811, 0.5953481791230080811),
 ( 1.000000000000000000, 1.000000000000000000),
 ( 0.5953481791230080811, 0.5953481791230080811),
 ( 0.5953481791230080811, 0.5953481791230080811),
 ( 1.000000000000000000, 1.000000000000000000) ) ) 
 REPRESENTATION_ITEM ( '' )  SURFACE ( )  );
#1315 = EDGE_CURVE ( 'NONE', #5104, #9484, #1601, .T. ) ;
#1316 = VECTOR ( 'NONE', #440, 1000.000000000000000 ) ;
#1317 = CARTESIAN_POINT ( 'NONE',  ( 11.16000000000000192, 1.800000000000000488, 0.1166666666666662522 ) ) ;
#1318 = FILL_AREA_STYLE_COLOUR ( '', #7281 ) ;
#1319 = CARTESIAN_POINT ( 'NONE',  ( 10.16000000000000014, -3.000000000000000000, 0.3499999999999996447 ) ) ;
#1320 = PRESENTATION_STYLE_ASSIGNMENT (( #5152 ) ) ;
#1321 = VERTEX_POINT ( 'NONE', #9155 ) ;
#1322 = DIRECTION ( 'NONE',  ( 0.000000000000000000, 3.097720492815727166E-16, 1.000000000000000000 ) ) ;
#1323 = CARTESIAN_POINT ( 'NONE',  ( 4.393245067392238745, 6.500000000000000888, -0.3500000000000010880 ) ) ;
#1324 = VERTEX_POINT ( 'NONE', #8288 ) ;
#1325 = LINE ( 'NONE', #6792, #5087 ) ;
#1326 = FACE_OUTER_BOUND ( 'NONE', #192, .T. ) ;
#1327 = ORIENTED_EDGE ( 'NONE', *, *, #2160, .F. ) ;
#1328 = CARTESIAN_POINT ( 'NONE',  ( -1.000000000000000000, 6.500000000000000888, -0.3500000000000010880 ) ) ;
#1329 =( GEOMETRIC_REPRESENTATION_CONTEXT ( 3 ) GLOBAL_UNCERTAINTY_ASSIGNED_CONTEXT ( ( #2733 ) ) GLOBAL_UNIT_ASSIGNED_CONTEXT ( ( #331, #6406, #6311 ) ) REPRESENTATION_CONTEXT ( 'NONE', 'WORKASPACE' ) );
#1330 = CARTESIAN_POINT ( 'NONE',  ( 9.473245067392239704, 8.000000000000000000, -0.6500000000000030198 ) ) ;
#1331 = DIRECTION ( 'NONE',  ( -1.000000000000000000, 0.000000000000000000, 0.000000000000000000 ) ) ;
#1332 = ADVANCED_FACE ( 'NONE', ( #3830, #8330 ), #2323, .T. ) ;
#1333 = CARTESIAN_POINT ( 'NONE',  ( 5.937838562583937829, 5.240363704783929322, -0.3500000000000001998 ) ) ;
#1334 = CARTESIAN_POINT ( 'NONE',  ( 11.16000000000000192, 1.121588454295350273E-16, 0.3499999999999996447 ) ) ;
#1335 = CARTESIAN_POINT ( 'NONE',  ( 7.970000000000001528, 0.5000000000000005551, 0.3499999999999997002 ) ) ;
#1336 = CARTESIAN_POINT ( 'NONE',  ( 1.546881821040566152, 2.798202530627316609, -0.3500000000000000333 ) ) ;
#1337 = EDGE_CURVE ( 'NONE', #43, #9131, #4576, .T. ) ;
#1338 = LINE ( 'NONE', #6478, #4687 ) ;
#1339 = FILL_AREA_STYLE_COLOUR ( '', #8564 ) ;
#1340 = CARTESIAN_POINT ( 'NONE',  ( 6.830396961982260429, 5.762359718947905662, -0.3500000000000003109 ) ) ;
#1341 = LINE ( 'NONE', #7307, #404 ) ;
#1342 = DIRECTION ( 'NONE',  ( -0.000000000000000000, 1.668003342285391551E-16, 1.000000000000000000 ) ) ;
#1343 = EDGE_CURVE ( 'NONE', #5292, #537, #3782, .T. ) ;
#1344 = VERTEX_POINT ( 'NONE', #6812 ) ;
#1345 = DIRECTION ( 'NONE',  ( -0.000000000000000000, 0.000000000000000000, 1.000000000000000000 ) ) ;
#1346 =( LENGTH_UNIT ( ) NAMED_UNIT ( * ) SI_UNIT ( .MILLI., .METRE. ) );
#1347 = ORIENTED_EDGE ( 'NONE', *, *, #7802, .F. ) ;
#1348 = VECTOR ( 'NONE', #8423, 1000.000000000000000 ) ;
#1349 = VERTEX_POINT ( 'NONE', #3889 ) ;
#1350 = SURFACE_STYLE_USAGE ( .BOTH. , #7828 ) ;
#1351 = DIRECTION ( 'NONE',  ( -0.000000000000000000, 1.000000000000000000, -0.000000000000000000 ) ) ;
#1352 = EDGE_CURVE ( 'NONE', #5787, #6907, #105, .T. ) ;
#1353 = DIRECTION ( 'NONE',  ( 0.000000000000000000, 0.000000000000000000, -1.000000000000000000 ) ) ;
#1354 = EDGE_CURVE ( 'NONE', #7807, #274, #1024, .T. ) ;
#1355 = CARTESIAN_POINT ( 'NONE',  ( 6.620000000000000107, 6.500000000000000888, 0.3499999999999989231 ) ) ;
#1356 = VECTOR ( 'NONE', #3732, 1000.000000000000000 ) ;
#1358 = VERTEX_POINT ( 'NONE', #4721 ) ;
#1357 = COLOUR_RGB ( '',0.8313725490196077761, 0.6705882352941175961, 0.1294117647058823373 ) ;
#1359 = SURFACE_SIDE_STYLE ('',( #2839 ) ) ;
#1360 = ORIENTED_EDGE ( 'NONE', *, *, #3540, .F. ) ;
#1361 = CARTESIAN_POINT ( 'NONE',  ( -0.6867549326077613259, 6.500000000000000888, -0.6500000000000017986 ) ) ;
#1362 = ORIENTED_EDGE ( 'NONE', *, *, #793, .F. ) ;
#1363 = VECTOR ( 'NONE', #4090, 1000.000000000000000 ) ;
#1364 = CARTESIAN_POINT ( 'NONE',  ( 2.189999999999999947, 8.000000000000000000, 0.3499999999999999778 ) ) ;
#1365 = CARTESIAN_POINT ( 'NONE',  ( 10.75999999999999979, 6.299999999999999822, -0.3500000000000003109 ) ) ;
#1366 = CARTESIAN_POINT ( 'NONE',  ( 4.080000000000000071, 6.500000000000000888, 0.3499999999999989231 ) ) ;
#1367 = CARTESIAN_POINT ( 'NONE',  ( -1.018126922434469523E-15, 1.700000000000000178, 0.3499999999999999778 ) ) ;
#1368 = ORIENTED_EDGE ( 'NONE', *, *, #7533, .F. ) ;
#1369 = FACE_OUTER_BOUND ( 'NONE', #7486, .T. ) ;
#1370 = CARTESIAN_POINT ( 'NONE',  ( 2.690000000000002167, -3.000000000000000000, 0.3499999999999998668 ) ) ;
#1371 = EDGE_LOOP ( 'NONE', ( #8473, #5179, #6833, #8117 ) ) ;
#1372 = LINE ( 'NONE', #3420, #670 ) ;
#1373 = FILL_AREA_STYLE ('',( #3512 ) ) ;
#1374 = ORIENTED_EDGE ( 'NONE', *, *, #922, .T. ) ;
#1375 = FILL_AREA_STYLE ('',( #1423 ) ) ;
#1376 = VECTOR ( 'NONE', #279, 1000.000000000000000 ) ;
#1377 = LINE ( 'NONE', #8805, #2192 ) ;
#1378 = PRESENTATION_STYLE_ASSIGNMENT (( #3618 ) ) ;
#1379 = DIRECTION ( 'NONE',  ( 1.121588454295349533E-16, -1.000000000000000000, 0.000000000000000000 ) ) ;
#1380 = FILL_AREA_STYLE_COLOUR ( '', #1480 ) ;
#1381 =( NAMED_UNIT ( * ) SI_UNIT ( $, .STERADIAN. ) SOLID_ANGLE_UNIT ( ) );
#1382 = CARTESIAN_POINT ( 'NONE',  ( 9.473245067392239704, 6.500000000000000888, -0.3500000000000010880 ) ) ;
#1383 = EDGE_CURVE ( 'NONE', #2473, #6043, #8485, .T. ) ;
#1384 = VERTEX_POINT ( 'NONE', #1785 ) ;
#1385 =( NAMED_UNIT ( * ) PLANE_ANGLE_UNIT ( ) SI_UNIT ( $, .RADIAN. ) );
#1386 = VECTOR ( 'NONE', #9645, 1000.000000000000000 ) ;
#1387 = AXIS2_PLACEMENT_3D ( 'NONE', #531, #5156, #30 ) ;
#1388 = CARTESIAN_POINT ( 'NONE',  ( 1.747514633686702901, 5.744802409713122060, -0.3500000000000000888 ) ) ;
#1389 = ADVANCED_FACE ( 'NONE', ( #1047 ), #1146, .F. ) ;
#1390 = SURFACE_STYLE_USAGE ( .BOTH. , #1291 ) ;
#1391 = SURFACE_STYLE_USAGE ( .BOTH. , #5125 ) ;
#1392 = CARTESIAN_POINT ( 'NONE',  ( 6.667276676835965254, 3.923639721076770837, -0.3500000000000001998 ) ) ;
#1393 = FACE_OUTER_BOUND ( 'NONE', #3704, .T. ) ;
#1394 = DIRECTION ( 'NONE',  ( -1.000000000000000000, 0.000000000000000000, -0.000000000000000000 ) ) ;
#1395 = VERTEX_POINT ( 'NONE', #307 ) ;
#1396 = DIRECTION ( 'NONE',  ( -0.7071067811865461294, -0.7071067811865490160, 0.000000000000000000 ) ) ;
#1397 = ORIENTED_EDGE ( 'NONE', *, *, #4873, .T. ) ;
#1398 = STYLED_ITEM ( 'NONE', ( #8669 ), #3678 ) ;
#1399 = ORIENTED_EDGE ( 'NONE', *, *, #7053, .T. ) ;
#1400 = EDGE_CURVE ( 'NONE', #329, #4149, #7803, .T. ) ;
#1401 = EDGE_CURVE ( 'NONE', #4733, #164, #4369, .T. ) ;
#1402 = PLANE ( 'NONE',  #9372 ) ;
#1403 = CARTESIAN_POINT ( 'NONE',  ( 9.160000000000001918, 6.500000000000000888, -0.3500000000000010880 ) ) ;
#1404 = CARTESIAN_POINT ( 'NONE',  ( 4.393245067392238745, 10.39117142264903570, -0.6500000000000030198 ) ) ;
#1405 = CARTESIAN_POINT ( 'NONE',  ( -0.6867549326077613259, 10.39117142264903570, 0.3499999999999983125 ) ) ;
#1406 = VECTOR ( 'NONE', #5309, 1000.000000000000000 ) ;
#1407 = ORIENTED_EDGE ( 'NONE', *, *, #5321, .F. ) ;
#1408 = VERTEX_POINT ( 'NONE', #8000 ) ;
#1409 = ADVANCED_FACE ( 'NONE', ( #1429 ), #5121, .T. ) ;
#1410 = CARTESIAN_POINT ( 'NONE',  ( 0.6867549326077613259, 0.5000000000000000000, -0.6500000000000013545 ) ) ;
#1411 = VECTOR ( 'NONE', #5884, 1000.000000000000000 ) ;
#1412 = CARTESIAN_POINT ( 'NONE',  ( 9.200000584798285530, 3.767448265748938319, -0.3500000000000003109 ) ) ;
#1413 = PLANE ( 'NONE',  #8035 ) ;
#1414 = CARTESIAN_POINT ( 'NONE',  ( 3.240000000000000657, 0.8000000000000007105, 0.3499999999999998668 ) ) ;
#1415 = EDGE_LOOP ( 'NONE', ( #6324, #3278, #5822, #5465 ) ) ;
#1416 = CARTESIAN_POINT ( 'NONE',  ( 1.540000000000000480, 1.800000000000000488, 0.3849999999999998979 ) ) ;
#1417 = STYLED_ITEM ( 'NONE', ( #4628 ), #3539 ) ;
#1418 = CARTESIAN_POINT ( 'NONE',  ( 7.972524015545777942, 5.732672356334977515, 0.3499999999999997002 ) ) ;
#1419 = DIRECTION ( 'NONE',  ( 1.000000000000000000, 0.000000000000000000, 0.000000000000000000 ) ) ;
#1420 = EDGE_LOOP ( 'NONE', ( #3163, #6249, #8901, #424 ) ) ;
#1421 = DIRECTION ( 'NONE',  ( 0.000000000000000000, 0.000000000000000000, -1.000000000000000000 ) ) ;
#1422 = EDGE_LOOP ( 'NONE', ( #2108, #3075, #6365, #380 ) ) ;
#1423 = FILL_AREA_STYLE_COLOUR ( '', #1944 ) ;
#1424 = PLANE ( 'NONE',  #8909 ) ;
#1425 = CARTESIAN_POINT ( 'NONE',  ( 5.601845733883980216, 5.626229152235330488, -1.681754820221790643E-16 ) ) ;
#1426 = CARTESIAN_POINT ( 'NONE',  ( 7.470000000000000639, -3.000000000000000000, -0.3500000000000002554 ) ) ;
#1427 = DIRECTION ( 'NONE',  ( -0.000000000000000000, 0.000000000000000000, 1.000000000000000000 ) ) ;
#1428 = FACE_OUTER_BOUND ( 'NONE', #4763, .T. ) ;
#1429 = FACE_OUTER_BOUND ( 'NONE', #4462, .T. ) ;
#1430 = ORIENTED_EDGE ( 'NONE', *, *, #8870, .F. ) ;
#1431 = FILL_AREA_STYLE ('',( #5891 ) ) ;
#1432 = CARTESIAN_POINT ( 'NONE',  ( 1.678770099106168256, 5.207834124282345378, -0.3500000000000000888 ) ) ;
#1433 = AXIS2_PLACEMENT_3D ( 'NONE', #4389, #8020, #5144 ) ;
#1434 = EDGE_CURVE ( 'NONE', #4699, #1086, #1243, .T. ) ;
#1435 = CARTESIAN_POINT ( 'NONE',  ( 0.3500000000000000333, 8.000000000000000000, -0.3500000000000000333 ) ) ;
#1436 = PRESENTATION_STYLE_ASSIGNMENT (( #6567 ) ) ;
#1437 = DIRECTION ( 'NONE',  ( 1.000000000000000000, 0.000000000000000000, 0.000000000000000000 ) ) ;
#1438 = PRESENTATION_STYLE_ASSIGNMENT (( #4704 ) ) ;
#1439 = VERTEX_POINT ( 'NONE', #6520 ) ;
#1440 = VECTOR ( 'NONE', #278, 1000.000000000000000 ) ;
#1441 = EDGE_CURVE ( 'NONE', #6091, #4603, #7314, .T. ) ;
#1442 = FACE_OUTER_BOUND ( 'NONE', #8977, .T. ) ;
#1443 = DIRECTION ( 'NONE',  ( -0.000000000000000000, 0.000000000000000000, 1.000000000000000000 ) ) ;
#1444 = VERTEX_POINT ( 'NONE', #8718 ) ;
#1445 = VERTEX_POINT ( 'NONE', #7249 ) ;
#1446 =( GEOMETRIC_REPRESENTATION_CONTEXT ( 3 ) GLOBAL_UNCERTAINTY_ASSIGNED_CONTEXT ( ( #6392 ) ) GLOBAL_UNIT_ASSIGNED_CONTEXT ( ( #5819, #665, #5284 ) ) REPRESENTATION_CONTEXT ( 'NONE', 'WORKASPACE' ) );
#1447 = LINE ( 'NONE', #3692, #7759 ) ;
#1448 = FILL_AREA_STYLE ('',( #4856 ) ) ;
#1449 = DIRECTION ( 'NONE',  ( -0.000000000000000000, -1.000000000000000000, -4.336808689942017736E-16 ) ) ;
#1450 = CARTESIAN_POINT ( 'NONE',  ( 4.393245067392238745, 0.5000000000000002220, 0.6500000000000011324 ) ) ;
#1451 = CARTESIAN_POINT ( 'NONE',  ( 1.894533521472694604, 3.877691542223591359, 0.3499999999999998668 ) ) ;
#1452 = UNCERTAINTY_MEASURE_WITH_UNIT (LENGTH_MEASURE( 1.000000000000000082E-05 ), #3497, 'distance_accuracy_value', 'NONE');
#1453 = DIRECTION ( 'NONE',  ( 1.000000000000000000, 0.000000000000000000, 0.000000000000000000 ) ) ;
#1454 = VECTOR ( 'NONE', #1780, 1000.000000000000000 ) ;
#1455 = PLANE ( 'NONE',  #488 ) ;
#1456 = VERTEX_POINT ( 'NONE', #642 ) ;
#1457 = MECHANICAL_DESIGN_GEOMETRIC_PRESENTATION_REPRESENTATION (  '', ( #6613 ), #4921 ) ;
#1458 = UNCERTAINTY_MEASURE_WITH_UNIT (LENGTH_MEASURE( 1.000000000000000082E-05 ), #5352, 'distance_accuracy_value', 'NONE');
#1459 = ORIENTED_EDGE ( 'NONE', *, *, #8203, .F. ) ;
#1460 =( GEOMETRIC_REPRESENTATION_CONTEXT ( 3 ) GLOBAL_UNCERTAINTY_ASSIGNED_CONTEXT ( ( #6227 ) ) GLOBAL_UNIT_ASSIGNED_CONTEXT ( ( #5399, #7490, #3767 ) ) REPRESENTATION_CONTEXT ( 'NONE', 'WORKASPACE' ) );
#1461 = CARTESIAN_POINT ( 'NONE',  ( 7.294744180118195587, 5.589454083063166046, -0.3500000000000002554 ) ) ;
#1462 = VECTOR ( 'NONE', #6711, 1000.000000000000000 ) ;
#1463 = CARTESIAN_POINT ( 'NONE',  ( 0.5218457338839795900, 5.626229152235330488, -0.3499999999999999778 ) ) ;
#1464 = VECTOR ( 'NONE', #2710, 1000.000000000000114 ) ;
#1465 = DIRECTION ( 'NONE',  ( 0.000000000000000000, -0.000000000000000000, -1.000000000000000000 ) ) ;
#1466 = CARTESIAN_POINT ( 'NONE',  ( 2.539999999999999147, 1.700000000000000178, 0.3499999999999998668 ) ) ;
#1467 = B_SPLINE_CURVE_WITH_KNOTS ( 'NONE', 3,
 ( #4486, #6672, #5998, #866, #5331, #7606, #2373, #3896, #163, #486, #5796, #538, #7195, #5595, #3378, #8753, #7239, #441, #1234, #9435, #8562, #7896, #2021, #3514, #4868, #7840, #1877, #2605, #9289, #6511, #9485 ),
 .UNSPECIFIED., .F., .F.,
 ( 4, 1, 1, 1, 1, 1, 1, 2, 2, 1, 1, 1, 1, 2, 2, 1, 1, 1, 1, 1, 2, 2, 4 ),
 ( 0.000000000000000000, 0.06249999999999997224, 0.09375000000000043021, 0.1093750000000007633, 0.1171875000000009992, 0.1210937500000012768, 0.1230468750000014710, 0.1240234375000016237, 0.1250000000000017764, 0.1875000000000052458, 0.2187500000000072442, 0.2343750000000082712, 0.2421875000000087708, 0.2460937500000089651, 0.2500000000000091593, 0.3750000000000101585, 0.4375000000000109357, 0.4687500000000113243, 0.4843750000000117684, 0.4921875000000119904, 0.4960937500000118794, 0.5000000000000117684, 1.000000000000000000 ),
 .UNSPECIFIED. ) ;
#1468 = VERTEX_POINT ( 'NONE', #1382 ) ;
#1469 = CARTESIAN_POINT ( 'NONE',  ( 7.972524015545777942, 5.732672356334977515, -0.3500000000000002554 ) ) ;
#1470 = FACE_OUTER_BOUND ( 'NONE', #7574, .T. ) ;
#1471 = CARTESIAN_POINT ( 'NONE',  ( -1.018126922434469523E-15, 1.700000000000000178, -0.3499999999999999778 ) ) ;
#1472 = ORIENTED_EDGE ( 'NONE', *, *, #9380, .T. ) ;
#1473 = CARTESIAN_POINT ( 'NONE',  ( -0.3500000000000000333, 8.199999999999999289, 0.3499999999999999778 ) ) ;
#1474 = VECTOR ( 'NONE', #2981, 1000.000000000000000 ) ;
#1475 = ORIENTED_EDGE ( 'NONE', *, *, #9321, .T. ) ;
#1476 = VECTOR ( 'NONE', #5541, 1000.000000000000000 ) ;
#1477 = EDGE_CURVE ( 'NONE', #1444, #2702, #8811, .T. ) ;
#1478 = PRESENTATION_LAYER_ASSIGNMENT (  '', '', ( #6618 ) ) ;
#1479 = FILL_AREA_STYLE_COLOUR ( '', #4700 ) ;
#1480 = COLOUR_RGB ( '',0.8313725490196077761, 0.6705882352941175961, 0.1294117647058823373 ) ;
#1481 = SURFACE_SIDE_STYLE ('',( #9491 ) ) ;
#1482 = DIRECTION ( 'NONE',  ( -0.000000000000000000, -0.000000000000000000, -1.000000000000000000 ) ) ;
#1483 = EDGE_CURVE ( 'NONE', #819, #4697, #2028, .T. ) ;
#1484 = PRESENTATION_STYLE_ASSIGNMENT (( #8907 ) ) ;
#1485 = STYLED_ITEM ( 'NONE', ( #925 ), #4218 ) ;
#1486 = DIRECTION ( 'NONE',  ( 0.000000000000000000, -1.000000000000000000, 0.000000000000000000 ) ) ;
#1487 = CARTESIAN_POINT ( 'NONE',  ( 1.858619849678662783, 6.233860305463148066, 0.3499999999999997558 ) ) ;
#1488 = VERTEX_POINT ( 'NONE', #545 ) ;
#1489 = LINE ( 'NONE', #1640, #8658 ) ;
#1490 = DIRECTION ( 'NONE',  ( 0.4999999999999997780, -0.8660254037844388186, 0.000000000000000000 ) ) ;
#1491 = VECTOR ( 'NONE', #881, 1000.000000000000000 ) ;
#1492 = CARTESIAN_POINT ( 'NONE',  ( 5.968849546050877031, 4.917640708297875918, 0.3499999999999998113 ) ) ;
#1493 = LINE ( 'NONE', #8240, #8405 ) ;
#1494 = CARTESIAN_POINT ( 'NONE',  ( 6.660000584798288159, 3.767448265748939207, -0.3500000000000003109 ) ) ;
#1495 = CARTESIAN_POINT ( 'NONE',  ( 1.840000000000000524, 0.5000000000000004441, -0.3500000000000000888 ) ) ;
#1496 =( GEOMETRIC_REPRESENTATION_CONTEXT ( 3 ) GLOBAL_UNCERTAINTY_ASSIGNED_CONTEXT ( ( #8679 ) ) GLOBAL_UNIT_ASSIGNED_CONTEXT ( ( #5007, #2799, #2939 ) ) REPRESENTATION_CONTEXT ( 'NONE', 'WORKASPACE' ) );
#1497 = CARTESIAN_POINT ( 'NONE',  ( 10.68184573388398029, 5.626229152235330488, 0.3499999999999996447 ) ) ;
#1498 = LINE ( 'NONE', #7459, #8641 ) ;
#1499 =( NAMED_UNIT ( * ) SI_UNIT ( $, .STERADIAN. ) SOLID_ANGLE_UNIT ( ) );
#1500 = EDGE_CURVE ( 'NONE', #2399, #1408, #3525, .T. ) ;
#1501 = ORIENTED_EDGE ( 'NONE', *, *, #7842, .F. ) ;
#1502 = EDGE_LOOP ( 'NONE', ( #2132, #3275, #9122, #7569 ) ) ;
#1503 = MECHANICAL_DESIGN_GEOMETRIC_PRESENTATION_REPRESENTATION (  '', ( #6488 ), #4785 ) ;
#1504 = DIRECTION ( 'NONE',  ( 1.000000000000000000, 0.000000000000000000, 0.000000000000000000 ) ) ;
#1505 = LINE ( 'NONE', #4485, #8947 ) ;
#1506 = PLANE ( 'NONE',  #8852 ) ;
#1507 = CARTESIAN_POINT ( 'NONE',  ( 2.865255819881805444, 5.589454083063163381, 0.3499999999999998668 ) ) ;
#1508 = DIRECTION ( 'NONE',  ( 1.000000000000000000, 0.000000000000000000, 0.000000000000000000 ) ) ;
#1509 = DIRECTION ( 'NONE',  ( 1.000000000000000000, 1.121588454295349780E-16, -0.000000000000000000 ) ) ;
#1510 = PRESENTATION_LAYER_ASSIGNMENT (  '', '', ( #3682 ) ) ;
#1511 = EDGE_CURVE ( 'NONE', #5929, #4495, #5803, .T. ) ;
#1512 = ORIENTED_EDGE ( 'NONE', *, *, #4371, .T. ) ;
#1513 = ORIENTED_EDGE ( 'NONE', *, *, #4105, .F. ) ;
#1514 = EDGE_CURVE ( 'NONE', #5815, #1604, #5068, .T. ) ;
#1515 = AXIS2_PLACEMENT_3D ( 'NONE', #3426, #1977, #9438 ) ;
#1516 = DIRECTION ( 'NONE',  ( 0.000000000000000000, 3.097720492815727166E-16, 1.000000000000000000 ) ) ;
#1517 =( GEOMETRIC_REPRESENTATION_CONTEXT ( 3 ) GLOBAL_UNCERTAINTY_ASSIGNED_CONTEXT ( ( #1458 ) ) GLOBAL_UNIT_ASSIGNED_CONTEXT ( ( #5352, #6989, #288 ) ) REPRESENTATION_CONTEXT ( 'NONE', 'WORKASPACE' ) );
#1518 = DIRECTION ( 'NONE',  ( -0.000000000000000000, 0.000000000000000000, 1.000000000000000000 ) ) ;
#1519 = CARTESIAN_POINT ( 'NONE',  ( 9.473245067392239704, 10.39117142264903570, -0.6500000000000030198 ) ) ;
#1520 = CARTESIAN_POINT ( 'NONE',  ( 3.479979884374425403, 4.171275002134771093, -0.3500000000000000888 ) ) ;
#1521 = CARTESIAN_POINT ( 'NONE',  ( -0.3499999999999991451, 0.5000000000000005551, 0.3499999999999999778 ) ) ;
#1522 = EDGE_LOOP ( 'NONE', ( #6526, #7912, #8019, #998 ) ) ;
#1523 = LINE ( 'NONE', #880, #8858 ) ;
#1524 = FACE_OUTER_BOUND ( 'NONE', #1422, .T. ) ;
#1525 = LINE ( 'NONE', #6647, #7618 ) ;
#1526 = ORIENTED_EDGE ( 'NONE', *, *, #8721, .F. ) ;
#1527 = CARTESIAN_POINT ( 'NONE',  ( 10.50999999999999979, 0.000000000000000000, 0.3499999999999999778 ) ) ;
#1528 = VECTOR ( 'NONE', #4622, 1000.000000000000000 ) ;
#1529 = AXIS2_PLACEMENT_3D ( 'NONE', #7282, #4157, #430 ) ;
#1530 = ORIENTED_EDGE ( 'NONE', *, *, #5616, .T. ) ;
#1531 = EDGE_CURVE ( 'NONE', #4537, #8910, #3564, .T. ) ;
#1532 =( NAMED_UNIT ( * ) SI_UNIT ( $, .STERADIAN. ) SOLID_ANGLE_UNIT ( ) );
#1533 = CARTESIAN_POINT ( 'NONE',  ( 7.270000000000000462, 8.199999999999999289, 0.3499999999999999778 ) ) ;
#1534 = ADVANCED_FACE ( 'NONE', ( #4321 ), #8855, .T. ) ;
#1535 = MECHANICAL_DESIGN_GEOMETRIC_PRESENTATION_REPRESENTATION (  '', ( #4339 ), #1942 ) ;
#1536 = MECHANICAL_DESIGN_GEOMETRIC_PRESENTATION_REPRESENTATION (  '', ( #427 ), #2788 ) ;
#1537 = VECTOR ( 'NONE', #3545, 1000.000000000000000 ) ;
#1538 = CARTESIAN_POINT ( 'NONE',  ( 0.9460868014086034616, 4.056300144720193401, 0.3499999999999999778 ) ) ;
#1539 = MECHANICAL_DESIGN_GEOMETRIC_PRESENTATION_REPRESENTATION (  '', ( #9019 ), #7610 ) ;
#1540 = CARTESIAN_POINT ( 'NONE',  ( 10.84675493260776236, 10.39117142264903570, 0.6499999999999995781 ) ) ;
#1541 = CARTESIAN_POINT ( 'NONE',  ( 1.753241503964612091, 5.779404586027639290, 0.3499999999999999223 ) ) ;
#1542 = ORIENTED_EDGE ( 'NONE', *, *, #2514, .T. ) ;
#1543 = LINE ( 'NONE', #1683, #3633 ) ;
#1544 = EDGE_CURVE ( 'NONE', #4537, #8693, #3143, .T. ) ;
#1545 = EDGE_CURVE ( 'NONE', #5744, #5689, #7946, .T. ) ;
#1546 = CARTESIAN_POINT ( 'NONE',  ( 5.911453400084235810, 5.476966929918534177, 0.3499999999999998113 ) ) ;
#1547 = DIRECTION ( 'NONE',  ( -1.000000000000000000, 0.000000000000000000, 0.000000000000000000 ) ) ;
#1548 = DIRECTION ( 'NONE',  ( 0.000000000000000000, 0.000000000000000000, 1.000000000000000000 ) ) ;
#1549 = CARTESIAN_POINT ( 'NONE',  ( 2.892524015545778759, 5.732672356334978403, 0.3499999999999998668 ) ) ;
#1550 = CARTESIAN_POINT ( 'NONE',  ( 0.3218457338839795234, 5.626229152235330488, 0.3499999999999999778 ) ) ;
#1551 = CARTESIAN_POINT ( 'NONE',  ( 11.16000000000000014, 6.500000000000000888, -0.3500000000000010880 ) ) ;
#1552 = LINE ( 'NONE', #3736, #1462 ) ;
#1553 = SURFACE_SIDE_STYLE ('',( #9060 ) ) ;
#1554 = ORIENTED_EDGE ( 'NONE', *, *, #5242, .T. ) ;
#1555 = VERTEX_POINT ( 'NONE', #4661 ) ;
#1556 = COLOUR_RGB ( '',0.8313725490196077761, 0.6705882352941175961, 0.1294117647058823373 ) ;
#1557 = LINE ( 'NONE', #9021, #3583 ) ;
#1558 = LINE ( 'NONE', #3116, #5572 ) ;
#1559 = ORIENTED_EDGE ( 'NONE', *, *, #3137, .F. ) ;
#1560 = CARTESIAN_POINT ( 'NONE',  ( 3.540000000000001368, 6.299999999999999822, 0.3849999999999998979 ) ) ;
#1561 = CARTESIAN_POINT ( 'NONE',  ( 4.727475984454220459, 5.732672356334980179, 0.3499999999999998113 ) ) ;
#1562 = CARTESIAN_POINT ( 'NONE',  ( 1.540000000000000036, 6.500000000000000888, -0.3500000000000010880 ) ) ;
#1563 = CARTESIAN_POINT ( 'NONE',  ( 10.66000000000000014, 6.299999999999999822, -0.3500000000000003109 ) ) ;
#1564 = ORIENTED_EDGE ( 'NONE', *, *, #8627, .F. ) ;
#1565 = DIRECTION ( 'NONE',  ( 1.000000000000000000, 0.000000000000000000, -3.310540984688563971E-17 ) ) ;
#1566 = ORIENTED_EDGE ( 'NONE', *, *, #4819, .T. ) ;
#1567 = PRESENTATION_LAYER_ASSIGNMENT (  '', '', ( #7813 ) ) ;
#1568 = EDGE_CURVE ( 'NONE', #919, #7213, #3924, .T. ) ;
#1569 = DIRECTION ( 'NONE',  ( 0.000000000000000000, 1.000000000000000000, -1.668003342285391551E-16 ) ) ;
#1570 = CARTESIAN_POINT ( 'NONE',  ( 9.560000000000000497, 6.299999999999999822, -0.3500000000000003109 ) ) ;
#1571 = CARTESIAN_POINT ( 'NONE',  ( 8.119999999999999218, 6.299999999999999822, 0.3499999999999997002 ) ) ;
#1572 = PRESENTATION_STYLE_ASSIGNMENT (( #4596 ) ) ;
#1573 = LINE ( 'NONE', #6980, #1376 ) ;
#1574 = ORIENTED_EDGE ( 'NONE', *, *, #2970, .T. ) ;
#1575 = CARTESIAN_POINT ( 'NONE',  ( 1.540000000000000480, 1.800000000000000488, 0.1283333333333335213 ) ) ;
#1576 = EDGE_CURVE ( 'NONE', #5159, #7213, #6894, .T. ) ;
#1577 = LINE ( 'NONE', #6789, #8653 ) ;
#1578 = CARTESIAN_POINT ( 'NONE',  ( 4.413733788849079964, 6.298959448224835889, -0.3500000000000000888 ) ) ;
#1579 = FACE_OUTER_BOUND ( 'NONE', #6494, .T. ) ;
#1580 = ORIENTED_EDGE ( 'NONE', *, *, #8997, .T. ) ;
#1581 = DIRECTION ( 'NONE',  ( -1.000000000000000000, -1.084202172485504434E-16, 0.000000000000000000 ) ) ;
#1582 =( GEOMETRIC_REPRESENTATION_CONTEXT ( 3 ) GLOBAL_UNCERTAINTY_ASSIGNED_CONTEXT ( ( #3256 ) ) GLOBAL_UNIT_ASSIGNED_CONTEXT ( ( #6375, #4925, #2555 ) ) REPRESENTATION_CONTEXT ( 'NONE', 'WORKASPACE' ) );
#1583 = ORIENTED_EDGE ( 'NONE', *, *, #9628, .T. ) ;
#1584 = AXIS2_PLACEMENT_3D ( 'NONE', #7743, #345, #3290 ) ;
#1585 = FACE_OUTER_BOUND ( 'NONE', #4757, .T. ) ;
#1586 =( BOUNDED_SURFACE ( )  B_SPLINE_SURFACE ( 2, 3, ( 
 ( #7371, #8253, #9616, #6000 ),
 ( #8778, #8206, #8111, #1560 ),
 ( #774, #2183, #7470, #8153 ) ),
 .UNSPECIFIED., .F., .F., .T. ) 
 B_SPLINE_SURFACE_WITH_KNOTS ( ( 3, 3 ),
 ( 4, 4 ),
 ( 0.000000000000000000, 1.000000000000000000 ),
 ( -0.0007349999999999999763, 3.500000000000000371E-05 ),
 .UNSPECIFIED. ) 
 GEOMETRIC_REPRESENTATION_ITEM ( )  RATIONAL_B_SPLINE_SURFACE ( (
 ( 1.000000000000000000, 1.000000000000000000, 1.000000000000000000, 1.000000000000000000),
 ( 0.7071067811865475727, 0.7071067811865475727, 0.7071067811865475727, 0.7071067811865475727),
 ( 1.000000000000000000, 1.000000000000000000, 1.000000000000000000, 1.000000000000000000) ) ) 
 REPRESENTATION_ITEM ( '' )  SURFACE ( )  );
#1587 = FACE_OUTER_BOUND ( 'NONE', #9354, .T. ) ;
#1588 = DIRECTION ( 'NONE',  ( 0.000000000000000000, 1.668003342285388099E-16, 1.000000000000000000 ) ) ;
#1589 = SURFACE_STYLE_FILL_AREA ( #747 ) ;
#1590 = CARTESIAN_POINT ( 'NONE',  ( 1.662471447568717453, 5.050332720358726490, 0.3499999999999998668 ) ) ;
#1591 = EDGE_CURVE ( 'NONE', #6865, #6292, #4189, .T. ) ;
#1592 = ORIENTED_EDGE ( 'NONE', *, *, #7427, .T. ) ;
#1593 = DIRECTION ( 'NONE',  ( -1.000000000000000000, 0.000000000000000000, 0.000000000000000000 ) ) ;
#1594 = B_SPLINE_CURVE_WITH_KNOTS ( 'NONE', 3,
 ( #8883, #5093, #8065, #7324 ),
 .UNSPECIFIED., .F., .F.,
 ( 4, 4 ),
 ( 0.000000000000000000, 1.000000000000000000 ),
 .UNSPECIFIED. ) ;
#1595 = CARTESIAN_POINT ( 'NONE',  ( 6.620000000000000107, 6.299999999999999822, -0.1283333333333337434 ) ) ;
#1596 = LINE ( 'NONE', #9690, #7500 ) ;
#1597 = FACE_OUTER_BOUND ( 'NONE', #4, .T. ) ;
#1598 = CARTESIAN_POINT ( 'NONE',  ( 5.029999999999999361, 8.026794919243110726, -0.04999999999999996808 ) ) ;
#1599 = CARTESIAN_POINT ( 'NONE',  ( 0.1500000000000021316, -3.000000000000000000, 0.3499999999999999778 ) ) ;
#1600 = CARTESIAN_POINT ( 'NONE',  ( 3.061845733883979737, 5.626229152235330488, -0.3500000000000000888 ) ) ;
#1601 = LINE ( 'NONE', #9016, #2559 ) ;
#1602 = EDGE_CURVE ( 'NONE', #5049, #1395, #6175, .T. ) ;
#1603 = ORIENTED_EDGE ( 'NONE', *, *, #7155, .T. ) ;
#1604 = VERTEX_POINT ( 'NONE', #1872 ) ;
#1605 = UNCERTAINTY_MEASURE_WITH_UNIT (LENGTH_MEASURE( 1.000000000000000082E-05 ), #5348, 'distance_accuracy_value', 'NONE');
#1606 = LINE ( 'NONE', #815, #7331 ) ;
#1607 = VECTOR ( 'NONE', #9518, 1000.000000000000114 ) ;
#1608 =( NAMED_UNIT ( * ) SI_UNIT ( $, .STERADIAN. ) SOLID_ANGLE_UNIT ( ) );
#1609 = VERTEX_POINT ( 'NONE', #7836 ) ;
#1610 = LINE ( 'NONE', #218, #2224 ) ;
#1611 = CARTESIAN_POINT ( 'NONE',  ( 6.833947113514016181, 5.783587059575308942, 0.3499999999999997558 ) ) ;
#1612 = DIRECTION ( 'NONE',  ( -0.000000000000000000, -3.097720492815727166E-16, -1.000000000000000000 ) ) ;
#1613 = EDGE_CURVE ( 'NONE', #6043, #9576, #7465, .T. ) ;
#1614 = ORIENTED_EDGE ( 'NONE', *, *, #7127, .T. ) ;
#1615 = VECTOR ( 'NONE', #9215, 1000.000000000000000 ) ;
#1616 = VERTEX_POINT ( 'NONE', #5542 ) ;
#1617 = CARTESIAN_POINT ( 'NONE',  ( 7.620000000000000107, 1.700000000000000178, -0.3500000000000002554 ) ) ;
#1618 = CARTESIAN_POINT ( 'NONE',  ( -0.5999999999999996447, 6.299999999999999822, -0.3849999999999998979 ) ) ;
#1619 = CARTESIAN_POINT ( 'NONE',  ( 3.399267235522908326, 5.226749775238715756, -0.3500000000000000888 ) ) ;
#1620 = EDGE_LOOP ( 'NONE', ( #234, #2234, #4392, #3992 ) ) ;
#1621 = CARTESIAN_POINT ( 'NONE',  ( 1.940000000000000613, 6.299999999999999822, -0.3849999999999999534 ) ) ;
#1622 = ORIENTED_EDGE ( 'NONE', *, *, #36, .T. ) ;
#1623 = CARTESIAN_POINT ( 'NONE',  ( 10.51252401554577887, 5.732672356334978403, -0.3500000000000003109 ) ) ;
#1624 = VERTEX_POINT ( 'NONE', #1820 ) ;
#1625 = ADVANCED_FACE ( 'NONE', ( #3239 ), #8605, .F. ) ;
#1626 = PRESENTATION_LAYER_ASSIGNMENT (  '', '', ( #2076 ) ) ;
#1627 = VECTOR ( 'NONE', #5847, 1000.000000000000000 ) ;
#1628 = CARTESIAN_POINT ( 'NONE',  ( 7.620000000000000107, -3.000000000000000000, 0.3499999999999997002 ) ) ;
#1629 = VERTEX_POINT ( 'NONE', #5496 ) ;
#1630 = FILL_AREA_STYLE_COLOUR ( '', #1633 ) ;
#1631 = ORIENTED_EDGE ( 'NONE', *, *, #2139, .F. ) ;
#1632 = CARTESIAN_POINT ( 'NONE',  ( 9.696643101092098149, 1.700000000000000400, 0.3499999999999997002 ) ) ;
#1633 = COLOUR_RGB ( '',0.8313725490196077761, 0.6705882352941175961, 0.1294117647058823373 ) ;
#1634 = CARTESIAN_POINT ( 'NONE',  ( 0.8678348867008081058, 5.142569796484738553, 0.3500000000000000333 ) ) ;
#1635 = VECTOR ( 'NONE', #2818, 1000.000000000000000 ) ;
#1636 = SURFACE_SIDE_STYLE ('',( #896 ) ) ;
#1637 = DIRECTION ( 'NONE',  ( -0.000000000000000000, -0.000000000000000000, -1.000000000000000000 ) ) ;
#1638 = VECTOR ( 'NONE', #1235, 1000.000000000000000 ) ;
#1639 = ORIENTED_EDGE ( 'NONE', *, *, #1352, .T. ) ;
#1640 = CARTESIAN_POINT ( 'NONE',  ( 11.62999999999999723, 0.5000000000000002220, 0.6500000000000010214 ) ) ;
#1641 = PRESENTATION_STYLE_ASSIGNMENT (( #8184 ) ) ;
#1642 =( BOUNDED_CURVE ( )  B_SPLINE_CURVE ( 3, ( #1623, #2999, #687, #3131 ),
 .UNSPECIFIED., .F., .T. ) 
 B_SPLINE_CURVE_WITH_KNOTS ( ( 4, 4 ),
 ( 3.924083526751088957, 4.712388980384689674 ),
 .UNSPECIFIED. ) 
 CURVE ( )  GEOMETRIC_REPRESENTATION_ITEM ( )  RATIONAL_B_SPLINE_CURVE ( ( 1.000000000000000000, 0.9488815137910379116, 0.9488815137910379116, 1.000000000000000000 ) ) 
 REPRESENTATION_ITEM ( '' )  );
#1643 = VECTOR ( 'NONE', #294, 1000.000000000000000 ) ;
#1644 = EDGE_CURVE ( 'NONE', #2536, #9211, #9335, .T. ) ;
#1645 = CARTESIAN_POINT ( 'NONE',  ( 6.080000000000000959, 2.207665535523691602, 0.3499999999999998668 ) ) ;
#1646 =( NAMED_UNIT ( * ) SI_UNIT ( $, .STERADIAN. ) SOLID_ANGLE_UNIT ( ) );
#1647 = CARTESIAN_POINT ( 'NONE',  ( 5.579999999999999183, 6.299999999999999822, 0.3499999999999998113 ) ) ;
#1648 = VECTOR ( 'NONE', #7578, 1000.000000000000000 ) ;
#1649 = DIRECTION ( 'NONE',  ( 0.000000000000000000, 1.000000000000000000, -1.668003342285391797E-16 ) ) ;
#1650 = DIRECTION ( 'NONE',  ( 0.000000000000000000, 0.000000000000000000, 1.000000000000000000 ) ) ;
#1651 =( NAMED_UNIT ( * ) PLANE_ANGLE_UNIT ( ) SI_UNIT ( $, .RADIAN. ) );
#1652 = EDGE_LOOP ( 'NONE', ( #3588, #8602, #5178, #3948 ) ) ;
#1653 = ORIENTED_EDGE ( 'NONE', *, *, #6115, .T. ) ;
#1654 = LINE ( 'NONE', #6868, #2131 ) ;
#1655 = CIRCLE ( 'NONE', #7575, 0.2999999999999999334 ) ;
#1656 = VERTEX_POINT ( 'NONE', #191 ) ;
#1657 =( LENGTH_UNIT ( ) NAMED_UNIT ( * ) SI_UNIT ( .MILLI., .METRE. ) );
#1658 = LINE ( 'NONE', #6774, #7780 ) ;
#1659 = CARTESIAN_POINT ( 'NONE',  ( 2.540000000000000036, -3.000000000000000000, 0.3499999999999998668 ) ) ;
#1660 = VERTEX_POINT ( 'NONE', #5590 ) ;
#1661 = ORIENTED_EDGE ( 'NONE', *, *, #793, .T. ) ;
#1662 = ADVANCED_FACE ( 'NONE', ( #2447 ), #1918, .F. ) ;
#1663 = EDGE_CURVE ( 'NONE', #2484, #1863, #5451, .T. ) ;
#1664 = PLANE ( 'NONE',  #8214 ) ;
#1665 =( NAMED_UNIT ( * ) SI_UNIT ( $, .STERADIAN. ) SOLID_ANGLE_UNIT ( ) );
#1666 = CARTESIAN_POINT ( 'NONE',  ( 5.430000000000000604, 8.199999999999999289, 0.3499999999999999778 ) ) ;
#1667 = SURFACE_STYLE_FILL_AREA ( #7670 ) ;
#1668 = ORIENTED_EDGE ( 'NONE', *, *, #7483, .F. ) ;
#1669 = CARTESIAN_POINT ( 'NONE',  ( 7.970000000000001528, 1.084202172485506745E-17, -0.3500000000000002554 ) ) ;
#1670 = CARTESIAN_POINT ( 'NONE',  ( -1.469999999999999973, 8.500000000000000000, 1.199999999999999956 ) ) ;
#1671 = CARTESIAN_POINT ( 'NONE',  ( 9.660000000000001918, 6.299999999999999822, -0.3500000000000003109 ) ) ;
#1672 = ORIENTED_EDGE ( 'NONE', *, *, #9375, .F. ) ;
#1673 = SURFACE_STYLE_USAGE ( .BOTH. , #4648 ) ;
#1674 = ORIENTED_EDGE ( 'NONE', *, *, #5473, .F. ) ;
#1675 = VECTOR ( 'NONE', #9489, 1000.000000000000000 ) ;
#1676 = DIRECTION ( 'NONE',  ( -0.000000000000000000, 0.000000000000000000, 1.000000000000000000 ) ) ;
#1677 = CARTESIAN_POINT ( 'NONE',  ( -1.000000000000000000, 6.500000000000000888, 0.3499999999999989231 ) ) ;
#1678 = ORIENTED_EDGE ( 'NONE', *, *, #5340, .F. ) ;
#1679 = CIRCLE ( 'NONE', #1207, 0.2999999999999999334 ) ;
#1680 = PRESENTATION_LAYER_ASSIGNMENT (  '', '', ( #415 ) ) ;
#1681 = CARTESIAN_POINT ( 'NONE',  ( 5.579999999999999183, 6.084152315493285279, -0.3500000000000001443 ) ) ;
#1682 = ORIENTED_EDGE ( 'NONE', *, *, #9353, .F. ) ;
#1683 = CARTESIAN_POINT ( 'NONE',  ( 4.393245067392238745, 10.39117142264903570, -0.3500000000000017542 ) ) ;
#1684 = PRESENTATION_STYLE_ASSIGNMENT (( #2408 ) ) ;
#1685 = DIRECTION ( 'NONE',  ( 0.000000000000000000, 0.000000000000000000, -1.000000000000000000 ) ) ;
#1686 = AXIS2_PLACEMENT_3D ( 'NONE', #584, #9430, #7990 ) ;
#1687 = CARTESIAN_POINT ( 'NONE',  ( 6.073118178959434843, 2.798202530626829887, 0.3499999999999997558 ) ) ;
#1688 = CARTESIAN_POINT ( 'NONE',  ( 2.988193045422142369, 5.884855341312110077, -0.3500000000000000888 ) ) ;
#1689 = CARTESIAN_POINT ( 'NONE',  ( 4.616643101092098078, 1.700000000000002620, -0.3500000000000001443 ) ) ;
#1690 = CARTESIAN_POINT ( 'NONE',  ( 2.189999999999999947, 8.199999999999999289, 0.3499999999999999778 ) ) ;
#1691 = FILL_AREA_STYLE_COLOUR ( '', #6157 ) ;
#1692 = ADVANCED_FACE ( 'NONE', ( #6945 ), #4814, .F. ) ;
#1693 = CIRCLE ( 'NONE', #7154, 0.2000000000000000944 ) ;
#1694 = EDGE_CURVE ( 'NONE', #3443, #3133, #3188, .T. ) ;
#1695 = ORIENTED_EDGE ( 'NONE', *, *, #5687, .F. ) ;
#1696 =( BOUNDED_SURFACE ( )  B_SPLINE_SURFACE ( 3, 1, ( 
 ( #3923, #7048 ),
 ( #1085, #5495 ),
 ( #4068, #1681 ),
 ( #4020, #1768 ) ),
 .UNSPECIFIED., .F., .F., .F. ) 
 B_SPLINE_SURFACE_WITH_KNOTS ( ( 4, 4 ),
 ( 2, 2 ),
 ( 0.000000000000000000, 1.000000000000000000 ),
 ( 0.000000000000000000, 1.000000000000000000 ),
 .UNSPECIFIED. ) 
 GEOMETRIC_REPRESENTATION_ITEM ( )  RATIONAL_B_SPLINE_SURFACE ( (
 ( 1.000000000000000000, 1.000000000000000000),
 ( 0.9488815137910380226, 0.9488815137910380226),
 ( 0.9488815137910380226, 0.9488815137910380226),
 ( 1.000000000000000000, 1.000000000000000000) ) ) 
 REPRESENTATION_ITEM ( '' )  SURFACE ( )  );
#1697 = ORIENTED_EDGE ( 'NONE', *, *, #3330, .F. ) ;
#1698 = CARTESIAN_POINT ( 'NONE',  ( 3.540000000000000036, 6.500000000000000888, -0.3500000000000010880 ) ) ;
#1699 = CARTESIAN_POINT ( 'NONE',  ( 5.430000000000000604, -2.800000000000001155, 0.3499999999999998113 ) ) ;
#1700 = VERTEX_POINT ( 'NONE', #981 ) ;
#1701 = CARTESIAN_POINT ( 'NONE',  ( 9.160000000000001918, 0.5000000000000000000, -0.3500000000000000888 ) ) ;
#1702 = DIRECTION ( 'NONE',  ( 0.000000000000000000, -1.668003342285391551E-16, -1.000000000000000000 ) ) ;
#1703 = ORIENTED_EDGE ( 'NONE', *, *, #574, .F. ) ;
#1704 = COLOUR_RGB ( '',0.8313725490196077761, 0.6705882352941175961, 0.1294117647058823373 ) ;
#1705 = VERTEX_POINT ( 'NONE', #243 ) ;
#1706 = EDGE_CURVE ( 'NONE', #7040, #2623, #4114, .T. ) ;
#1707 = DIRECTION ( 'NONE',  ( 0.000000000000000000, 0.000000000000000000, 1.000000000000000000 ) ) ;
#1708 = DIRECTION ( 'NONE',  ( -0.6546536707079771977, -0.3779644730092270311, -0.6546536707079771977 ) ) ;
#1709 = CARTESIAN_POINT ( 'NONE',  ( 7.620000000000000107, 0.5000000000000005551, 0.3499999999999997002 ) ) ;
#1710 = DIRECTION ( 'NONE',  ( 1.000000000000000000, 0.000000000000000000, 0.000000000000000000 ) ) ;
#1711 = ORIENTED_EDGE ( 'NONE', *, *, #8025, .F. ) ;
#1712 = CARTESIAN_POINT ( 'NONE',  ( 11.00918347798065433, 5.324198710742061635, 0.3499999999999997002 ) ) ;
#1713 = CARTESIAN_POINT ( 'NONE',  ( 10.48525581988180555, 5.589454083063163381, -0.3500000000000003109 ) ) ;
#1714 = VERTEX_POINT ( 'NONE', #6219 ) ;
#1715 = EDGE_CURVE ( 'NONE', #4092, #3255, #8678, .T. ) ;
#1716 = ORIENTED_EDGE ( 'NONE', *, *, #2156, .F. ) ;
#1717 = CIRCLE ( 'NONE', #5934, 0.1999999999999999833 ) ;
#1718 = CARTESIAN_POINT ( 'NONE',  ( 9.560000000000000497, 6.299999999999999822, 0.1283333333333332715 ) ) ;
#1719 = DIRECTION ( 'NONE',  ( -0.000000000000000000, -1.668003342285388099E-16, -1.000000000000000000 ) ) ;
#1720 = ORIENTED_EDGE ( 'NONE', *, *, #6533, .F. ) ;
#1721 = CARTESIAN_POINT ( 'NONE',  ( -0.6867549326077613259, 8.000000000000000000, 0.6500000000000000222 ) ) ;
#1722 = FILL_AREA_STYLE_COLOUR ( '', #598 ) ;
#1723 = CARTESIAN_POINT ( 'NONE',  ( 0.3525240155457787239, 5.732672356334978403, -0.3499999999999999778 ) ) ;
#1724 = CARTESIAN_POINT ( 'NONE',  ( 5.766754932607761397, 0.5000000000000000000, -0.6500000000000013545 ) ) ;
#1725 = ORIENTED_EDGE ( 'NONE', *, *, #7155, .F. ) ;
#1726 = CARTESIAN_POINT ( 'NONE',  ( 9.398779213129836663, 5.920464898423918321, 0.3499999999999996447 ) ) ;
#1727 = CARTESIAN_POINT ( 'NONE',  ( -0.3525240155457798341, 5.732672356334980179, 0.3499999999999999778 ) ) ;
#1728 = CARTESIAN_POINT ( 'NONE',  ( 7.620000000000000107, 1.700000000000000178, 0.3499999999999997002 ) ) ;
#1729 = UNCERTAINTY_MEASURE_WITH_UNIT (LENGTH_MEASURE( 1.000000000000000082E-05 ), #1657, 'distance_accuracy_value', 'NONE');
#1730 = PRESENTATION_LAYER_ASSIGNMENT (  '', '', ( #6103 ) ) ;
#1731 = CARTESIAN_POINT ( 'NONE',  ( -0.9999999999999993339, 0.8000000000000004885, 0.3499999999999999778 ) ) ;
#1732 = DIRECTION ( 'NONE',  ( 0.000000000000000000, 1.000000000000000000, -1.668003342285391551E-16 ) ) ;
#1733 = PRESENTATION_STYLE_ASSIGNMENT (( #7059 ) ) ;
#1734 = LINE ( 'NONE', #7695, #887 ) ;
#1735 = CARTESIAN_POINT ( 'NONE',  ( 0.9425000299447587881, 4.124619419408675824, -0.3499999999999999778 ) ) ;
#1736 = FACE_OUTER_BOUND ( 'NONE', #6075, .T. ) ;
#1737 = EDGE_LOOP ( 'NONE', ( #4788, #9157, #7976, #4945 ) ) ;
#1738 = ADVANCED_FACE ( 'NONE', ( #5263 ), #40, .F. ) ;
#1739 = EDGE_LOOP ( 'NONE', ( #309, #5560, #3099, #66 ) ) ;
#1740 = EDGE_LOOP ( 'NONE', ( #1264, #7265, #5280, #5573 ) ) ;
#1741 = LINE ( 'NONE', #1103, #8074 ) ;
#1742 = CARTESIAN_POINT ( 'NONE',  ( 8.220000000000000639, 6.299999999999999822, -0.1283333333333337434 ) ) ;
#1743 = EDGE_CURVE ( 'NONE', #1086, #6215, #3004, .T. ) ;
#1744 = ORIENTED_EDGE ( 'NONE', *, *, #9683, .F. ) ;
#1745 = DIRECTION ( 'NONE',  ( 1.000000000000000000, -4.336808689942006692E-15, 0.000000000000000000 ) ) ;
#1746 = ORIENTED_EDGE ( 'NONE', *, *, #9135, .F. ) ;
#1747 = VERTEX_POINT ( 'NONE', #8278 ) ;
#1748 =( GEOMETRIC_REPRESENTATION_CONTEXT ( 3 ) GLOBAL_UNCERTAINTY_ASSIGNED_CONTEXT ( ( #775 ) ) GLOBAL_UNIT_ASSIGNED_CONTEXT ( ( #8176, #9687, #4367 ) ) REPRESENTATION_CONTEXT ( 'NONE', 'WORKASPACE' ) );
#1749 =( NAMED_UNIT ( * ) SI_UNIT ( $, .STERADIAN. ) SOLID_ANGLE_UNIT ( ) );
#1750 = SURFACE_STYLE_FILL_AREA ( #1802 ) ;
#1751 = FILL_AREA_STYLE ('',( #8443 ) ) ;
#1752 = VERTEX_POINT ( 'NONE', #6654 ) ;
#1753 = MECHANICAL_DESIGN_GEOMETRIC_PRESENTATION_REPRESENTATION (  '', ( #344 ), #8462 ) ;
#1754 = DIRECTION ( 'NONE',  ( 1.000000000000000000, -0.000000000000000000, 0.000000000000000000 ) ) ;
#1755 =( NAMED_UNIT ( * ) SI_UNIT ( $, .STERADIAN. ) SOLID_ANGLE_UNIT ( ) );
#1756 = EDGE_LOOP ( 'NONE', ( #9657, #9636, #5731, #4952 ) ) ;
#1757 = EDGE_CURVE ( 'NONE', #9528, #9318, #5314, .T. ) ;
#1758 = ORIENTED_EDGE ( 'NONE', *, *, #7757, .F. ) ;
#1759 = VECTOR ( 'NONE', #2082, 1000.000000000000000 ) ;
#1760 = FILL_AREA_STYLE ('',( #1910 ) ) ;
#1761 = CARTESIAN_POINT ( 'NONE',  ( 9.560000000000000497, 6.299999999999999822, -0.3850000000000001754 ) ) ;
#1762 = UNCERTAINTY_MEASURE_WITH_UNIT (LENGTH_MEASURE( 1.000000000000000082E-05 ), #3580, 'distance_accuracy_value', 'NONE');
#1763 = CARTESIAN_POINT ( 'NONE',  ( 5.080000000000000071, 0.5000000000000005551, 0.3499999999999998113 ) ) ;
#1764 =( NAMED_UNIT ( * ) PLANE_ANGLE_UNIT ( ) SI_UNIT ( $, .RADIAN. ) );
#1765 = ORIENTED_EDGE ( 'NONE', *, *, #1774, .F. ) ;
#1766 =( NAMED_UNIT ( * ) SI_UNIT ( $, .STERADIAN. ) SOLID_ANGLE_UNIT ( ) );
#1767 = CARTESIAN_POINT ( 'NONE',  ( 2.190000000000000835, -1.084202172485501815E-17, -0.3500000000000000888 ) ) ;
#1768 = CARTESIAN_POINT ( 'NONE',  ( 5.579999999999999183, 6.299999999999999822, -0.3500000000000001443 ) ) ;
#1769 = CARTESIAN_POINT ( 'NONE',  ( 4.080000000000000959, 1.800000000000000044, 0.1166666666666664187 ) ) ;
#1770 = ADVANCED_FACE ( 'NONE', ( #7351 ), #8908, .F. ) ;
#1771 = ORIENTED_EDGE ( 'NONE', *, *, #5565, .T. ) ;
#1772 = LINE ( 'NONE', #6372, #8335 ) ;
#1773 = UNCERTAINTY_MEASURE_WITH_UNIT (LENGTH_MEASURE( 1.000000000000000082E-05 ), #2756, 'distance_accuracy_value', 'NONE');
#1774 = EDGE_CURVE ( 'NONE', #8454, #7643, #7446, .T. ) ;
#1775 = SURFACE_STYLE_FILL_AREA ( #1830 ) ;
#1776 = AXIS2_PLACEMENT_3D ( 'NONE', #1677, #9002, #8408 ) ;
#1777 = EDGE_CURVE ( 'NONE', #4135, #1299, #6700, .T. ) ;
#1778 = B_SPLINE_CURVE_WITH_KNOTS ( 'NONE', 3,
 ( #5729, #567, #2837, #9617 ),
 .UNSPECIFIED., .F., .F.,
 ( 4, 4 ),
 ( 0.000000000000000000, 1.000000000000000000 ),
 .UNSPECIFIED. ) ;
#1779 =( LENGTH_UNIT ( ) NAMED_UNIT ( * ) SI_UNIT ( .MILLI., .METRE. ) );
#1780 = DIRECTION ( 'NONE',  ( 0.000000000000000000, 0.000000000000000000, 1.000000000000000000 ) ) ;
#1781 = VECTOR ( 'NONE', #9233, 1000.000000000000000 ) ;
#1782 = CARTESIAN_POINT ( 'NONE',  ( 8.306754932607761432, 8.000000000000000000, -0.6500000000000025757 ) ) ;
#1783 = MECHANICAL_DESIGN_GEOMETRIC_PRESENTATION_REPRESENTATION (  '', ( #8803 ), #4444 ) ;
#1784 = DIRECTION ( 'NONE',  ( -0.000000000000000000, 0.000000000000000000, 1.000000000000000000 ) ) ;
#1785 = CARTESIAN_POINT ( 'NONE',  ( -1.469999999999999973, 0.000000000000000000, -0.6499999999999991340 ) ) ;
#1786 = FACE_OUTER_BOUND ( 'NONE', #2616, .T. ) ;
#1787 = ORIENTED_EDGE ( 'NONE', *, *, #382, .F. ) ;
#1788 = UNCERTAINTY_MEASURE_WITH_UNIT (LENGTH_MEASURE( 1.000000000000000082E-05 ), #8849, 'distance_accuracy_value', 'NONE');
#1789 = CARTESIAN_POINT ( 'NONE',  ( 0.6867549326077613259, 10.39117142264903570, 0.6499999999999995781 ) ) ;
#1790 = CIRCLE ( 'NONE', #5700, 0.2999999999999999334 ) ;
#1791 = ORIENTED_EDGE ( 'NONE', *, *, #2333, .T. ) ;
#1792 = MECHANICAL_DESIGN_GEOMETRIC_PRESENTATION_REPRESENTATION (  '', ( #6004 ), #4604 ) ;
#1793 = CARTESIAN_POINT ( 'NONE',  ( 8.620000000000000995, 1.800000000000000488, 0.1283333333333330772 ) ) ;
#1794 = ORIENTED_EDGE ( 'NONE', *, *, #9570, .F. ) ;
#1795 = ADVANCED_FACE ( 'NONE', ( #8457 ), #1696, .T. ) ;
#1796 = CARTESIAN_POINT ( 'NONE',  ( 9.473245067392239704, 6.500000000000000888, 0.3499999999999989231 ) ) ;
#1797 = VERTEX_POINT ( 'NONE', #9232 ) ;
#1798 = B_SPLINE_CURVE_WITH_KNOTS ( 'NONE', 3,
 ( #4529, #53, #3060, #6756, #9014, #7126, #420, #7030, #4791, #4998, #8635, #4051, #7769, #3357, #6442, #4095, #514, #6350, #7972, #7916, #1996, #8541, #1067, #7076, #1952, #4895, #1210, #8731, #4948, #6395, #9410, #1260, #1164 ),
 .UNSPECIFIED., .F., .F.,
 ( 4, 1, 1, 1, 1, 1, 1, 2, 2, 1, 1, 1, 1, 1, 2, 2, 1, 1, 1, 1, 1, 1, 2, 2, 4 ),
 ( 0.000000000000000000, 0.2499999999999785727, 0.3749999999999677480, 0.4374999999999623634, 0.4687499999999595879, 0.4843749999999580891, 0.4921874999999576450, 0.4960937499999574229, 0.4999999999999572564, 0.6249999999999515943, 0.6874999999999485967, 0.7187499999999468203, 0.7343749999999459321, 0.7421874999999451550, 0.7460937499999447109, 0.7499999999999442668, 0.8124999999999452660, 0.8437499999999460432, 0.8593749999999463762, 0.8671874999999462652, 0.8710937499999464873, 0.8730468749999469313, 0.8740234374999471534, 0.8749999999999473754, 1.000000000000000000 ),
 .UNSPECIFIED. ) ;
#1799 = VERTEX_POINT ( 'NONE', #339 ) ;
#1800 = PRESENTATION_LAYER_ASSIGNMENT (  '', '', ( #4464 ) ) ;
#1801 = CARTESIAN_POINT ( 'NONE',  ( -0.3500000000000000333, 8.199999999999999289, 0.3499999999999999778 ) ) ;
#1802 = FILL_AREA_STYLE ('',( #2381 ) ) ;
#1803 = FILL_AREA_STYLE_COLOUR ( '', #5368 ) ;
#1804 = FACE_OUTER_BOUND ( 'NONE', #3510, .T. ) ;
#1805 = EDGE_CURVE ( 'NONE', #5905, #8529, #3238, .T. ) ;
#1806 = VERTEX_POINT ( 'NONE', #2547 ) ;
#1807 = DIRECTION ( 'NONE',  ( 1.000000000000000000, 0.000000000000000000, 0.000000000000000000 ) ) ;
#1808 = CARTESIAN_POINT ( 'NONE',  ( 11.13304620092445596, 3.450480068927960886, 0.3499999999999997558 ) ) ;
#1809 = CARTESIAN_POINT ( 'NONE',  ( 10.16000000000000014, 1.700000000000000178, -0.3500000000000003109 ) ) ;
#1810 = ORIENTED_EDGE ( 'NONE', *, *, #1315, .F. ) ;
#1811 = ORIENTED_EDGE ( 'NONE', *, *, #8004, .T. ) ;
#1812 = EDGE_CURVE ( 'NONE', #7190, #1349, #1031, .T. ) ;
#1813 = CIRCLE ( 'NONE', #9463, 0.2999999999999999334 ) ;
#1814 = CARTESIAN_POINT ( 'NONE',  ( 11.01926723552291243, 5.226749775238715756, -0.3500000000000003109 ) ) ;
#1815 = CARTESIAN_POINT ( 'NONE',  ( 4.729999999999999538, 0.000000000000000000, 0.3499999999999999778 ) ) ;
#1816 = LINE ( 'NONE', #9280, #7601 ) ;
#1817 =( NAMED_UNIT ( * ) PLANE_ANGLE_UNIT ( ) SI_UNIT ( $, .RADIAN. ) );
#1818 = ORIENTED_EDGE ( 'NONE', *, *, #5321, .T. ) ;
#1819 = CARTESIAN_POINT ( 'NONE',  ( 0.7875361083845654475, 5.774771377977485187, 0.3499999999999999223 ) ) ;
#1820 = CARTESIAN_POINT ( 'NONE',  ( 7.941845733883979186, 5.626229152235330488, -0.3500000000000002554 ) ) ;
#1821 = VERTEX_POINT ( 'NONE', #4761 ) ;
#1822 = CARTESIAN_POINT ( 'NONE',  ( 8.306754932607761432, 0.5000000000000000000, -0.6500000000000013545 ) ) ;
#1823 = AXIS2_PLACEMENT_3D ( 'NONE', #8613, #4924, #1190 ) ;
#1824 = DIRECTION ( 'NONE',  ( 0.000000000000000000, 1.000000000000000000, 0.000000000000000000 ) ) ;
#1825 = CLOSED_SHELL ( 'NONE', ( #3009, #7742, #3134, #1266, #4705, #5788, #2922, #1142, #7415, #3965, #6900, #1992, #318, #6969, #1738, #9292, #3259, #4524, #3030, #2619, #2860, #3651, #3453 ) ) ;
#1826 = EDGE_CURVE ( 'NONE', #8631, #2484, #2404, .T. ) ;
#1827 = DIRECTION ( 'NONE',  ( 0.000000000000000000, -0.000000000000000000, -1.000000000000000000 ) ) ;
#1828 = EDGE_CURVE ( 'NONE', #3045, #6215, #143, .T. ) ;
#1829 = CARTESIAN_POINT ( 'NONE',  ( 1.540000000000000036, 6.500000000000000888, -0.3500000000000010880 ) ) ;
#1830 = FILL_AREA_STYLE ('',( #1092 ) ) ;
#1831 = CARTESIAN_POINT ( 'NONE',  ( 8.220000000000000639, 6.299999999999999822, 0.3499999999999997002 ) ) ;
#1833 = VECTOR ( 'NONE', #3532, 1000.000000000000000 ) ;
#1832 = CARTESIAN_POINT ( 'NONE',  ( -0.7837705697203889432, 5.796998266909027642, 0.3499999999999999778 ) ) ;
#1834 = MECHANICAL_DESIGN_GEOMETRIC_PRESENTATION_REPRESENTATION (  '', ( #6202 ), #3080 ) ;
#1835 = SURFACE_STYLE_FILL_AREA ( #2560 ) ;
#1836 = LINE ( 'NONE', #7749, #6018 ) ;
#1837 = CARTESIAN_POINT ( 'NONE',  ( 0.8403887387712397627, 5.398486016527106024, -0.3499999999999999778 ) ) ;
#1838 = FILL_AREA_STYLE ('',( #4777 ) ) ;
#1839 = ADVANCED_FACE ( 'NONE', ( #7734 ), #6322, .F. ) ;
#1840 = ORIENTED_EDGE ( 'NONE', *, *, #827, .F. ) ;
#1841 = CARTESIAN_POINT ( 'NONE',  ( 5.680000000000000604, 6.299999999999999822, 0.3499999999999998113 ) ) ;
#1842 = EDGE_CURVE ( 'NONE', #3808, #9208, #9285, .T. ) ;
#1843 =( GEOMETRIC_REPRESENTATION_CONTEXT ( 3 ) GLOBAL_UNCERTAINTY_ASSIGNED_CONTEXT ( ( #414 ) ) GLOBAL_UNIT_ASSIGNED_CONTEXT ( ( #1912, #4205, #7091 ) ) REPRESENTATION_CONTEXT ( 'NONE', 'WORKASPACE' ) );
#1844 = STYLED_ITEM ( 'NONE', ( #9185 ), #863 ) ;
#1845 = VERTEX_POINT ( 'NONE', #3142 ) ;
#1846 = CARTESIAN_POINT ( 'NONE',  ( 7.120000000000000995, 6.299999999999999822, 0.3499999999999997002 ) ) ;
#1847 = CARTESIAN_POINT ( 'NONE',  ( 5.080000000000000071, 6.299999999999999822, 0.3499999999999998113 ) ) ;
#1848 = CARTESIAN_POINT ( 'NONE',  ( 11.16000000000000192, 1.800000000000000488, -0.3850000000000002864 ) ) ;
#1849 = VERTEX_POINT ( 'NONE', #2446 ) ;
#1850 = DIRECTION ( 'NONE',  ( -0.000000000000000000, -1.000000000000000000, 1.668003342285392044E-16 ) ) ;
#1851 = VECTOR ( 'NONE', #8144, 1000.000000000000000 ) ;
#1852 = VECTOR ( 'NONE', #6410, 1000.000000000000000 ) ;
#1853 = EDGE_CURVE ( 'NONE', #6844, #7309, #621, .T. ) ;
#1854 = DIRECTION ( 'NONE',  ( -1.000000000000000000, 0.000000000000000000, 0.000000000000000000 ) ) ;
#1855 = VERTEX_POINT ( 'NONE', #8413 ) ;
#1856 = ORIENTED_EDGE ( 'NONE', *, *, #7161, .F. ) ;
#1857 = MECHANICAL_DESIGN_GEOMETRIC_PRESENTATION_REPRESENTATION (  '', ( #2313 ), #114 ) ;
#1858 = PLANE ( 'NONE',  #9407 ) ;
#1859 = CARTESIAN_POINT ( 'NONE',  ( 8.482626047459934426, 5.194217234910147418, 0.3499999999999996447 ) ) ;
#1860 = ORIENTED_EDGE ( 'NONE', *, *, #4842, .F. ) ;
#1861 = VECTOR ( 'NONE', #7107, 1000.000000000000000 ) ;
#1862 = PRESENTATION_STYLE_ASSIGNMENT (( #6305 ) ) ;
#1863 = VERTEX_POINT ( 'NONE', #980 ) ;
#1864 = EDGE_LOOP ( 'NONE', ( #2529, #8403, #3637, #9210 ) ) ;
#1865 = EDGE_CURVE ( 'NONE', #43, #1488, #1030, .T. ) ;
#1866 = CARTESIAN_POINT ( 'NONE',  ( 10.94377056972039952, 5.796998266909026754, -0.3500000000000003664 ) ) ;
#1867 = CARTESIAN_POINT ( 'NONE',  ( 9.290384757729334808, 8.500000000000000000, 0.8696152422706663332 ) ) ;
#1868 = CARTESIAN_POINT ( 'NONE',  ( 1.853245067392238710, 10.39117142264903570, 0.3499999999999983125 ) ) ;
#1869 = EDGE_CURVE ( 'NONE', #4495, #4967, #7287, .T. ) ;
#1870 = ORIENTED_EDGE ( 'NONE', *, *, #6683, .F. ) ;
#1871 = PRESENTATION_STYLE_ASSIGNMENT (( #394 ) ) ;
#1872 = CARTESIAN_POINT ( 'NONE',  ( 7.270000000000000462, 8.000000000000000000, 0.3499999999999999778 ) ) ;
#1873 = ORIENTED_EDGE ( 'NONE', *, *, #56, .T. ) ;
#1874 = CARTESIAN_POINT ( 'NONE',  ( 9.373241503964610644, 5.779404586027638402, 0.3499999999999997002 ) ) ;
#1875 = PRESENTATION_LAYER_ASSIGNMENT (  '', '', ( #8735 ) ) ;
#1876 = FILL_AREA_STYLE ('',( #7102 ) ) ;
#1877 = CARTESIAN_POINT ( 'NONE',  ( 8.564276979512005283, 4.091073788932196642, -0.3500000000000003664 ) ) ;
#1878 = LINE ( 'NONE', #442, #677 ) ;
#1879 = CARTESIAN_POINT ( 'NONE',  ( 11.62999999999999723, 0.5000000000000000000, -0.6499999999999989120 ) ) ;
#1880 = CARTESIAN_POINT ( 'NONE',  ( 4.729999999999999538, 8.199999999999999289, -0.3499999999999999778 ) ) ;
#1881 = CARTESIAN_POINT ( 'NONE',  ( 2.861845733883979559, 5.626229152235330488, 0.3499999999999998668 ) ) ;
#1882 = AXIS2_PLACEMENT_3D ( 'NONE', #3966, #6024, #2302 ) ;
#1883 = EDGE_CURVE ( 'NONE', #4797, #1216, #1182, .T. ) ;
#1884 = DIRECTION ( 'NONE',  ( 1.000000000000000000, 0.000000000000000000, 0.000000000000000000 ) ) ;
#1885 = CARTESIAN_POINT ( 'NONE',  ( 4.446851685116533837, 6.299478870653093310, 0.3499999999999998668 ) ) ;
#1886 = VERTEX_POINT ( 'NONE', #2016 ) ;
#1887 =( NAMED_UNIT ( * ) SI_UNIT ( $, .STERADIAN. ) SOLID_ANGLE_UNIT ( ) );
#1888 = ORIENTED_EDGE ( 'NONE', *, *, #2890, .T. ) ;
#1889 = CARTESIAN_POINT ( 'NONE',  ( 5.680000000000000604, 6.299999999999999822, -0.3500000000000001443 ) ) ;
#1890 = CARTESIAN_POINT ( 'NONE',  ( 11.16000000000000192, 1.800000000000000488, 0.1283333333333329940 ) ) ;
#1891 = ORIENTED_EDGE ( 'NONE', *, *, #2191, .F. ) ;
#1892 = DIRECTION ( 'NONE',  ( 0.000000000000000000, 1.000000000000000000, -3.097720492815727166E-16 ) ) ;
#1893 = COLOUR_RGB ( '',0.8313725490196077761, 0.6705882352941175961, 0.1294117647058823373 ) ;
#1894 = UNCERTAINTY_MEASURE_WITH_UNIT (LENGTH_MEASURE( 1.000000000000000082E-05 ), #8577, 'distance_accuracy_value', 'NONE');
#1895 = PRODUCT_CONTEXT ( 'NONE', #6760, 'mechanical' ) ;
#1896 = VERTEX_POINT ( 'NONE', #6505 ) ;
#1897 = VERTEX_POINT ( 'NONE', #532 ) ;
#1898 = FACE_OUTER_BOUND ( 'NONE', #233, .T. ) ;
#1899 = CARTESIAN_POINT ( 'NONE',  ( 0.3500000000000008105, 1.084202172485506745E-17, 0.3499999999999999778 ) ) ;
#1900 = CARTESIAN_POINT ( 'NONE',  ( 9.660000000000001918, 6.299999999999999822, -0.3500000000000003109 ) ) ;
#1901 = ADVANCED_FACE ( 'NONE', ( #8030 ), #1132, .F. ) ;
#1902 = FILL_AREA_STYLE ('',( #7034 ) ) ;
#1903 = CARTESIAN_POINT ( 'NONE',  ( 6.920000000000000817, 0.8000000000000004885, 0.3499999999999997002 ) ) ;
#1904 = ORIENTED_EDGE ( 'NONE', *, *, #630, .F. ) ;
#1905 = ORIENTED_EDGE ( 'NONE', *, *, #8048, .T. ) ;
#1906 = STYLED_ITEM ( 'NONE', ( #1436 ), #9459 ) ;
#1907 = FACE_OUTER_BOUND ( 'NONE', #879, .T. ) ;
#1908 = EDGE_LOOP ( 'NONE', ( #4691, #2522, #2099, #1122 ) ) ;
#1909 =( BOUNDED_CURVE ( )  B_SPLINE_CURVE ( 3, ( #2793, #8737, #1311, #2141, #4494, #668, #3647 ),
 .UNSPECIFIED., .F., .T. ) 
 B_SPLINE_CURVE_WITH_KNOTS ( ( 4, 3, 4 ),
 ( 0.8078321013870641831, 3.141592653589792228, 5.475353205792520939 ),
 .UNSPECIFIED. ) 
 CURVE ( )  GEOMETRIC_REPRESENTATION_ITEM ( )  RATIONAL_B_SPLINE_CURVE ( ( 1.000000000000000000, 0.5953481791230080811, 0.5953481791230080811, 1.000000000000000000, 0.5953481791230077480, 0.5953481791230077480, 1.000000000000000000 ) ) 
 REPRESENTATION_ITEM ( '' )  );
#1910 = FILL_AREA_STYLE_COLOUR ( '', #3501 ) ;
#1911 = LINE ( 'NONE', #5008, #5581 ) ;
#1912 =( LENGTH_UNIT ( ) NAMED_UNIT ( * ) SI_UNIT ( .MILLI., .METRE. ) );
#1913 = AXIS2_PLACEMENT_3D ( 'NONE', #6453, #9329, #577 ) ;
#1914 = FILL_AREA_STYLE_COLOUR ( '', #8480 ) ;
#1915 = DIRECTION ( 'NONE',  ( -3.097720492815726426E-17, 1.000000000000000000, 0.000000000000000000 ) ) ;
#1916 = ORIENTED_EDGE ( 'NONE', *, *, #5608, .T. ) ;
#1917 = CARTESIAN_POINT ( 'NONE',  ( 4.080000000000000071, 1.800000000000000488, 0.1283333333333334381 ) ) ;
#1918 = PLANE ( 'NONE',  #1158 ) ;
#1919 = ORIENTED_EDGE ( 'NONE', *, *, #5928, .F. ) ;
#1920 = CARTESIAN_POINT ( 'NONE',  ( 5.080000000000000071, 0.000000000000000000, -0.3500000000000001443 ) ) ;
#1921 =( NAMED_UNIT ( * ) PLANE_ANGLE_UNIT ( ) SI_UNIT ( $, .RADIAN. ) );
#1922 = DIRECTION ( 'NONE',  ( 1.000000000000000000, 0.000000000000000000, 0.000000000000000000 ) ) ;
#1923 = LINE ( 'NONE', #8417, #2242 ) ;
#1924 = EDGE_CURVE ( 'NONE', #9022, #9018, #3417, .T. ) ;
#1925 = B_SPLINE_CURVE_WITH_KNOTS ( 'NONE', 3,
 ( #3585, #6565, #9547, #2868 ),
 .UNSPECIFIED., .F., .F.,
 ( 4, 4 ),
 ( 0.000000000000000000, 1.000000000000000000 ),
 .UNSPECIFIED. ) ;
#1926 = DIRECTION ( 'NONE',  ( 0.000000000000000000, 1.000000000000000000, 0.000000000000000000 ) ) ;
#1927 = CARTESIAN_POINT ( 'NONE',  ( -0.8403887387711881374, 5.398486016527556330, 0.3499999999999999778 ) ) ;
#1928 = VECTOR ( 'NONE', #1449, 1000.000000000000000 ) ;
#1929 = CARTESIAN_POINT ( 'NONE',  ( 6.024276979512004360, 4.091073788932197530, -0.3500000000000001998 ) ) ;
#1930 = CARTESIAN_POINT ( 'NONE',  ( 4.293241503964613237, 5.779404586027640178, 0.3499999999999999223 ) ) ;
#1931 =( GEOMETRIC_REPRESENTATION_CONTEXT ( 3 ) GLOBAL_UNCERTAINTY_ASSIGNED_CONTEXT ( ( #5489 ) ) GLOBAL_UNIT_ASSIGNED_CONTEXT ( ( #3145, #9049, #8236 ) ) REPRESENTATION_CONTEXT ( 'NONE', 'WORKASPACE' ) );
#1932 = DIRECTION ( 'NONE',  ( 3.097720492815726426E-17, -1.000000000000000000, 0.000000000000000000 ) ) ;
#1933 = ORIENTED_EDGE ( 'NONE', *, *, #2014, .T. ) ;
#1934 = ADVANCED_FACE ( 'NONE', ( #8654 ), #6547, .F. ) ;
#1935 = PRESENTATION_LAYER_ASSIGNMENT (  '', '', ( #9111 ) ) ;
#1936 = CARTESIAN_POINT ( 'NONE',  ( 10.68184573388398029, 5.626229152235330488, -3.363509640443581286E-16 ) ) ;
#1937 = CARTESIAN_POINT ( 'NONE',  ( -0.9999999999999995559, 1.800000000000000488, -0.3499999999999999778 ) ) ;
#1938 = ORIENTED_EDGE ( 'NONE', *, *, #6951, .T. ) ;
#1939 = DIRECTION ( 'NONE',  ( 1.000000000000000000, 0.000000000000000000, 0.000000000000000000 ) ) ;
#1940 = PRESENTATION_LAYER_ASSIGNMENT (  '', '', ( #6920 ) ) ;
#1941 = UNCERTAINTY_MEASURE_WITH_UNIT (LENGTH_MEASURE( 1.000000000000000082E-05 ), #7572, 'distance_accuracy_value', 'NONE');
#1942 =( GEOMETRIC_REPRESENTATION_CONTEXT ( 3 ) GLOBAL_UNCERTAINTY_ASSIGNED_CONTEXT ( ( #986 ) ) GLOBAL_UNIT_ASSIGNED_CONTEXT ( ( #1346, #8921, #8012 ) ) REPRESENTATION_CONTEXT ( 'NONE', 'WORKASPACE' ) );
#1943 = ORIENTED_EDGE ( 'NONE', *, *, #3570, .F. ) ;
#1944 = COLOUR_RGB ( '',0.8313725490196077761, 0.6705882352941175961, 0.1294117647058823373 ) ;
#1945 = VERTEX_POINT ( 'NONE', #9531 ) ;
#1946 = B_SPLINE_CURVE_WITH_KNOTS ( 'NONE', 3,
 ( #4981, #7959, #498, #3472 ),
 .UNSPECIFIED., .F., .F.,
 ( 4, 4 ),
 ( 0.000000000000000000, 1.000000000000000000 ),
 .UNSPECIFIED. ) ;
#1947 = AXIS2_PLACEMENT_3D ( 'NONE', #1628, #3866, #9001 ) ;
#1948 = EDGE_CURVE ( 'NONE', #9689, #5038, #2807, .T. ) ;
#1949 =( BOUNDED_SURFACE ( )  B_SPLINE_SURFACE ( 3, 1, ( 
 ( #6252, #1671 ),
 ( #326, #4101 ),
 ( #383, #232 ),
 ( #8401, #6357 ) ),
 .UNSPECIFIED., .F., .F., .T. ) 
 B_SPLINE_SURFACE_WITH_KNOTS ( ( 4, 4 ),
 ( 2, 2 ),
 ( 0.000000000000000000, 1.000000000000000000 ),
 ( 0.000000000000000000, 1.000000000000000000 ),
 .UNSPECIFIED. ) 
 GEOMETRIC_REPRESENTATION_ITEM ( )  RATIONAL_B_SPLINE_SURFACE ( (
 ( 1.000000000000000000, 1.000000000000000000),
 ( 0.9488815137910384667, 0.9488815137910384667),
 ( 0.9488815137910384667, 0.9488815137910384667),
 ( 1.000000000000000000, 1.000000000000000000) ) ) 
 REPRESENTATION_ITEM ( '' )  SURFACE ( )  );
#1950 = VECTOR ( 'NONE', #6832, 1000.000000000000000 ) ;
#1951 = UNCERTAINTY_MEASURE_WITH_UNIT (LENGTH_MEASURE( 1.000000000000000082E-05 ), #8651, 'distance_accuracy_value', 'NONE');
#1952 = CARTESIAN_POINT ( 'NONE',  ( -0.7924853663132970238, 5.744802409713119395, -0.3499999999999998668 ) ) ;
#1953 = FACE_OUTER_BOUND ( 'NONE', #2797, .T. ) ;
#1954 = LINE ( 'NONE', #8688, #3157 ) ;
#1955 = DIRECTION ( 'NONE',  ( 3.097720492815726426E-17, -1.000000000000000000, 0.000000000000000000 ) ) ;
#1956 = ORIENTED_EDGE ( 'NONE', *, *, #6401, .T. ) ;
#1957 = VERTEX_POINT ( 'NONE', #2849 ) ;
#1958 = CARTESIAN_POINT ( 'NONE',  ( 5.405255819881805479, 5.589454083063163381, -0.3500000000000001443 ) ) ;
#1959 = ADVANCED_FACE ( 'NONE', ( #1969 ), #4914, .T. ) ;
#1960 = ORIENTED_EDGE ( 'NONE', *, *, #1229, .T. ) ;
#1961 = ADVANCED_FACE ( 'NONE', ( #5014 ), #7989, .F. ) ;
#1962 = CARTESIAN_POINT ( 'NONE',  ( 10.75999999999999979, 6.299999999999999822, -0.3500000000000003109 ) ) ;
#1963 = SURFACE_STYLE_FILL_AREA ( #5009 ) ;
#1964 = PRESENTATION_STYLE_ASSIGNMENT (( #7729 ) ) ;
#1965 = DIRECTION ( 'NONE',  ( 0.000000000000000000, -0.000000000000000000, -1.000000000000000000 ) ) ;
#1967 = ORIENTED_EDGE ( 'NONE', *, *, #4753, .F. ) ;
#1966 = VECTOR ( 'NONE', #2768, 1000.000000000000000 ) ;
#1968 = CARTESIAN_POINT ( 'NONE',  ( 3.140000000000000568, 6.299999999999999822, -0.3500000000000000888 ) ) ;
#1969 = FACE_OUTER_BOUND ( 'NONE', #8164, .T. ) ;
#1970 = DIRECTION ( 'NONE',  ( 0.000000000000000000, 0.000000000000000000, 1.000000000000000000 ) ) ;
#1971 = VERTEX_POINT ( 'NONE', #5742 ) ;
#1972 = PRESENTATION_STYLE_ASSIGNMENT (( #634 ) ) ;
#1973 = CARTESIAN_POINT ( 'NONE',  ( 0.6867549326077613259, 6.500000000000000888, -0.3500000000000010880 ) ) ;
#1974 = FACE_OUTER_BOUND ( 'NONE', #2297, .T. ) ;
#1975 =( NAMED_UNIT ( * ) SI_UNIT ( $, .STERADIAN. ) SOLID_ANGLE_UNIT ( ) );
#1976 = CARTESIAN_POINT ( 'NONE',  ( 9.810000000000000497, 8.199999999999999289, 0.3499999999999999778 ) ) ;
#1977 = DIRECTION ( 'NONE',  ( -0.000000000000000000, 0.000000000000000000, 1.000000000000000000 ) ) ;
#1978 = SURFACE_STYLE_FILL_AREA ( #8664 ) ;
#1979 = CARTESIAN_POINT ( 'NONE',  ( 1.540000000000000702, 0.8000000000000004885, 0.3499999999999998668 ) ) ;
#1980 =( GEOMETRIC_REPRESENTATION_CONTEXT ( 3 ) GLOBAL_UNCERTAINTY_ASSIGNED_CONTEXT ( ( #7171 ) ) GLOBAL_UNIT_ASSIGNED_CONTEXT ( ( #8799, #1921, #5109 ) ) REPRESENTATION_CONTEXT ( 'NONE', 'WORKASPACE' ) );
#1981 = AXIS2_PLACEMENT_3D ( 'NONE', #1801, #7770, #8440 ) ;
#1982 = CARTESIAN_POINT ( 'NONE',  ( 5.815042010446086707, 6.043840788194751568, -0.3500000000000001998 ) ) ;
#1983 = FILL_AREA_STYLE_COLOUR ( '', #6916 ) ;
#1984 = FILL_AREA_STYLE_COLOUR ( '', #8475 ) ;
#1985 = VERTEX_POINT ( 'NONE', #7941 ) ;
#1986 = CIRCLE ( 'NONE', #6355, 0.1999999999999996503 ) ;
#1987 = DIRECTION ( 'NONE',  ( -3.097720492815726426E-17, 1.000000000000000000, 0.000000000000000000 ) ) ;
#1988 = FACE_OUTER_BOUND ( 'NONE', #1620, .T. ) ;
#1989 = UNCERTAINTY_MEASURE_WITH_UNIT (LENGTH_MEASURE( 1.000000000000000082E-05 ), #9288, 'distance_accuracy_value', 'NONE');
#1990 = ORIENTED_EDGE ( 'NONE', *, *, #5848, .F. ) ;
#1991 = LINE ( 'NONE', #7070, #659 ) ;
#1992 = ADVANCED_FACE ( 'NONE', ( #1231 ), #2694, .T. ) ;
#1993 = DIRECTION ( 'NONE',  ( 0.000000000000000000, 0.000000000000000000, 1.000000000000000000 ) ) ;
#1994 = ORIENTED_EDGE ( 'NONE', *, *, #2668, .T. ) ;
#1995 = ORIENTED_EDGE ( 'NONE', *, *, #549, .T. ) ;
#1996 = CARTESIAN_POINT ( 'NONE',  ( -0.8491834779808464795, 5.324198710740767559, -0.3500000000000000333 ) ) ;
#1997 =( LENGTH_UNIT ( ) NAMED_UNIT ( * ) SI_UNIT ( .MILLI., .METRE. ) );
#1998 = LINE ( 'NONE', #2633, #6898 ) ;
#1999 = FACE_OUTER_BOUND ( 'NONE', #6356, .T. ) ;
#2000 = ORIENTED_EDGE ( 'NONE', *, *, #5634, .T. ) ;
#2001 = EDGE_CURVE ( 'NONE', #8021, #6918, #8663, .T. ) ;
#2002 = ORIENTED_EDGE ( 'NONE', *, *, #4338, .F. ) ;
#2003 =( LENGTH_UNIT ( ) NAMED_UNIT ( * ) SI_UNIT ( .MILLI., .METRE. ) );
#2004 = AXIS2_PLACEMENT_3D ( 'NONE', #9138, #1394, #5898 ) ;
#2005 = STYLED_ITEM ( 'NONE', ( #1862 ), #754 ) ;
#2006 = ORIENTED_EDGE ( 'NONE', *, *, #4887, .F. ) ;
#2007 =( BOUNDED_CURVE ( )  B_SPLINE_CURVE ( 3, ( #2439, #3015, #4375, #2492 ),
 .UNSPECIFIED., .F., .T. ) 
 B_SPLINE_CURVE_WITH_KNOTS ( ( 4, 4 ),
 ( 1.570796326794896336, 2.359101780428492390 ),
 .UNSPECIFIED. ) 
 CURVE ( )  GEOMETRIC_REPRESENTATION_ITEM ( )  RATIONAL_B_SPLINE_CURVE ( ( 1.000000000000000000, 0.9488815137910384667, 0.9488815137910384667, 1.000000000000000000 ) ) 
 REPRESENTATION_ITEM ( '' )  );
#2008 = CARTESIAN_POINT ( 'NONE',  ( 8.265466478527304872, 3.877691542223589138, -0.3500000000000002554 ) ) ;
#2009 = PLANE ( 'NONE',  #1529 ) ;
#2010 = DIRECTION ( 'NONE',  ( 0.7071067811865474617, 0.7071067811865474617, -0.000000000000000000 ) ) ;
#2011 = DIRECTION ( 'NONE',  ( 1.000000000000000000, 0.000000000000000000, 0.000000000000000000 ) ) ;
#2012 = STYLED_ITEM ( 'NONE', ( #1320 ), #5430 ) ;
#2013 = ORIENTED_EDGE ( 'NONE', *, *, #1477, .F. ) ;
#2014 = EDGE_CURVE ( 'NONE', #3205, #569, #8993, .T. ) ;
#2015 = CARTESIAN_POINT ( 'NONE',  ( 4.480000000000000426, 6.299999999999999822, -0.1283333333333336601 ) ) ;
#2016 = CARTESIAN_POINT ( 'NONE',  ( 7.120000000000000995, 6.299999999999999822, -0.3500000000000002554 ) ) ;
#2017 = LINE ( 'NONE', #5688, #7148 ) ;
#2018 = EDGE_LOOP ( 'NONE', ( #8548, #8301, #1943, #2683 ) ) ;
#2019 = FACE_OUTER_BOUND ( 'NONE', #7638, .T. ) ;
#2020 = FACE_OUTER_BOUND ( 'NONE', #3958, .T. ) ;
#2021 = CARTESIAN_POINT ( 'NONE',  ( 8.554825183200147620, 4.263498050148222696, -0.3500000000000001998 ) ) ;
#2022 = CARTESIAN_POINT ( 'NONE',  ( 2.590000000000000302, 8.026794919243110726, -0.04999999999999985706 ) ) ;
#2023 = COLOUR_RGB ( '',0.8313725490196077761, 0.6705882352941175961, 0.1294117647058823373 ) ;
#2024 = CARTESIAN_POINT ( 'NONE',  ( 4.729999999999999538, 8.199999999999999289, 0.3499999999999999778 ) ) ;
#2025 = LINE ( 'NONE', #2059, #8585 ) ;
#2026 = SURFACE_STYLE_USAGE ( .BOTH. , #4219 ) ;
#2027 = SURFACE_SIDE_STYLE ('',( #8810 ) ) ;
#2028 = LINE ( 'NONE', #2864, #992 ) ;
#2029 = LINE ( 'NONE', #9445, #5523 ) ;
#2030 = CYLINDRICAL_SURFACE ( 'NONE', #5633, 0.2999999999999999334 ) ;
#2031 = LINE ( 'NONE', #1847, #9653 ) ;
#2032 = LINE ( 'NONE', #6201, #2592 ) ;
#2033 = DIRECTION ( 'NONE',  ( -0.000000000000000000, 0.000000000000000000, 1.000000000000000000 ) ) ;
#2034 = ORIENTED_EDGE ( 'NONE', *, *, #5565, .F. ) ;
#2035 = CARTESIAN_POINT ( 'NONE',  ( 9.810000000000000497, 0.000000000000000000, 0.3499999999999999778 ) ) ;
#2036 = CARTESIAN_POINT ( 'NONE',  ( 5.080000000000000071, 1.700000000000000178, 0.3499999999999998113 ) ) ;
#2037 = VERTEX_POINT ( 'NONE', #7435 ) ;
#2038 = ORIENTED_EDGE ( 'NONE', *, *, #8530, .F. ) ;
#2039 = CARTESIAN_POINT ( 'NONE',  ( 2.390000000000000568, -3.000000000000000000, -0.3500000000000000888 ) ) ;
#2040 = CARTESIAN_POINT ( 'NONE',  ( 4.210384757729333849, 8.500000000000000000, -0.8696152422706663332 ) ) ;
#2041 = CARTESIAN_POINT ( 'NONE',  ( 6.620000000000000995, 0.8000000000000004885, 0.3499999999999997002 ) ) ;
#2042 = EDGE_LOOP ( 'NONE', ( #7234, #7937, #8146, #7710 ) ) ;
#2043 = ORIENTED_EDGE ( 'NONE', *, *, #6224, .T. ) ;
#2044 = LINE ( 'NONE', #571, #2561 ) ;
#2045 = ORIENTED_EDGE ( 'NONE', *, *, #7020, .T. ) ;
#2046 = DIRECTION ( 'NONE',  ( -1.000000000000000000, -0.000000000000000000, -0.000000000000000000 ) ) ;
#2047 = DIRECTION ( 'NONE',  ( 0.000000000000000000, -0.8660254037844388186, 0.4999999999999997780 ) ) ;
#2048 =( NAMED_UNIT ( * ) PLANE_ANGLE_UNIT ( ) SI_UNIT ( $, .RADIAN. ) );
#2049 = PLANE ( 'NONE',  #8798 ) ;
#2050 = ORIENTED_EDGE ( 'NONE', *, *, #1063, .T. ) ;
#2051 = FACE_OUTER_BOUND ( 'NONE', #9619, .T. ) ;
#2052 = EDGE_CURVE ( 'NONE', #6887, #1321, #1577, .T. ) ;
#2053 = PLANE ( 'NONE',  #8542 ) ;
#2054 = EDGE_LOOP ( 'NONE', ( #4085, #6015, #5371, #7674, #9249, #6439, #8391, #5868, #2056, #6290, #2418, #7065 ) ) ;
#2055 = CARTESIAN_POINT ( 'NONE',  ( 0.000000000000000000, 8.500000000000000000, 0.000000000000000000 ) ) ;
#2056 = ORIENTED_EDGE ( 'NONE', *, *, #4667, .F. ) ;
#2057 = CIRCLE ( 'NONE', #4094, 0.2000000000000000944 ) ;
#2058 = DIRECTION ( 'NONE',  ( 0.000000000000000000, 0.000000000000000000, -1.000000000000000000 ) ) ;
#2059 = CARTESIAN_POINT ( 'NONE',  ( 2.540000000000000036, -3.000000000000000000, -0.3500000000000000888 ) ) ;
#2060 = CARTESIAN_POINT ( 'NONE',  ( 2.539999999999998703, 1.700000000000000178, -0.3500000000000000888 ) ) ;
#2061 = DIRECTION ( 'NONE',  ( 1.121588454295349533E-16, -1.000000000000000000, 0.000000000000000000 ) ) ;
#2062 = DIRECTION ( 'NONE',  ( 1.000000000000000000, 0.000000000000000000, -7.744301232039316681E-17 ) ) ;
#2063 = VECTOR ( 'NONE', #9268, 1000.000000000000000 ) ;
#2064 = DIRECTION ( 'NONE',  ( 1.000000000000000000, 0.000000000000000000, 0.000000000000000000 ) ) ;
#2065 = EDGE_CURVE ( 'NONE', #7985, #43, #7383, .T. ) ;
#2066 = ADVANCED_FACE ( 'NONE', ( #1524 ), #8841, .T. ) ;
#2067 = AXIS2_PLACEMENT_3D ( 'NONE', #4089, #6288, #4186 ) ;
#2068 = CARTESIAN_POINT ( 'NONE',  ( 5.766754932607761397, 10.39117142264903570, -0.6500000000000030198 ) ) ;
#2069 = CARTESIAN_POINT ( 'NONE',  ( 6.827514633686702972, 5.744802409713121172, -0.3500000000000002554 ) ) ;
#2070 = CARTESIAN_POINT ( 'NONE',  ( 11.62999999999999723, 0.5000000000000002220, 0.6500000000000010214 ) ) ;
#2071 =( NAMED_UNIT ( * ) SI_UNIT ( $, .STERADIAN. ) SOLID_ANGLE_UNIT ( ) );
#2072 = EDGE_LOOP ( 'NONE', ( #5254, #2486, #1818, #4048 ) ) ;
#2073 = PRESENTATION_STYLE_ASSIGNMENT (( #5129 ) ) ;
#2074 = CARTESIAN_POINT ( 'NONE',  ( 5.405255819881805479, 5.589454083063163381, 0.3499999999999998113 ) ) ;
#2075 = ORIENTED_EDGE ( 'NONE', *, *, #8016, .F. ) ;
#2076 = STYLED_ITEM ( 'NONE', ( #6858 ), #8350 ) ;
#2077 = ORIENTED_EDGE ( 'NONE', *, *, #5687, .T. ) ;
#2078 =( GEOMETRIC_REPRESENTATION_CONTEXT ( 3 ) GLOBAL_UNCERTAINTY_ASSIGNED_CONTEXT ( ( #4194 ) ) GLOBAL_UNIT_ASSIGNED_CONTEXT ( ( #5213, #751, #4523 ) ) REPRESENTATION_CONTEXT ( 'NONE', 'WORKASPACE' ) );
#2079 = FACE_OUTER_BOUND ( 'NONE', #4936, .T. ) ;
#2080 = CARTESIAN_POINT ( 'NONE',  ( 9.638154266116021773, 5.626229152235333153, 0.3499999999999996447 ) ) ;
#2081 = LINE ( 'NONE', #565, #5904 ) ;
#2082 = DIRECTION ( 'NONE',  ( -0.000000000000000000, -0.000000000000000000, -1.000000000000000000 ) ) ;
#2083 = VECTOR ( 'NONE', #5973, 1000.000000000000000 ) ;
#2084 = DIRECTION ( 'NONE',  ( -0.000000000000000000, 1.668003342285391551E-16, 1.000000000000000000 ) ) ;
#2085 = CARTESIAN_POINT ( 'NONE',  ( 9.160000000000001918, 6.500000000000000888, 0.3499999999999989231 ) ) ;
#2086 = ORIENTED_EDGE ( 'NONE', *, *, #2811, .T. ) ;
#2087 = VECTOR ( 'NONE', #5845, 1000.000000000000000 ) ;
#2088 = B_SPLINE_CURVE_WITH_KNOTS ( 'NONE', 3,
 ( #4672, #8570, #6133, #8422 ),
 .UNSPECIFIED., .F., .F.,
 ( 4, 4 ),
 ( 0.000000000000000000, 1.000000000000000000 ),
 .UNSPECIFIED. ) ;
#2089 = VECTOR ( 'NONE', #3666, 1000.000000000000000 ) ;
#2090 = CARTESIAN_POINT ( 'NONE',  ( 0.3525240155457787239, 5.732672356334978403, 0.3499999999999999778 ) ) ;
#2091 = ORIENTED_EDGE ( 'NONE', *, *, #4871, .F. ) ;
#2092 = DIRECTION ( 'NONE',  ( -0.000000000000000000, 0.000000000000000000, 1.000000000000000000 ) ) ;
#2093 = ORIENTED_EDGE ( 'NONE', *, *, #9003, .F. ) ;
#2094 = VECTOR ( 'NONE', #3724, 1000.000000000000000 ) ;
#2095 = MANIFOLD_SOLID_BREP ( 'LPattern18[1]', #5426 ) ;
#2096 = STYLED_ITEM ( 'NONE', ( #1972 ), #3965 ) ;
#2097 = CARTESIAN_POINT ( 'NONE',  ( 10.75999999999999979, 6.299999999999999822, -0.1166666666666670710 ) ) ;
#2098 = LINE ( 'NONE', #578, #6762 ) ;
#2099 = ORIENTED_EDGE ( 'NONE', *, *, #8145, .F. ) ;
#2100 = CARTESIAN_POINT ( 'NONE',  ( 4.080000000000000071, 1.800000000000000488, 0.3849999999999998423 ) ) ;
#2101 = EDGE_CURVE ( 'NONE', #2838, #4731, #4510, .T. ) ;
#2102 =( NAMED_UNIT ( * ) PLANE_ANGLE_UNIT ( ) SI_UNIT ( $, .RADIAN. ) );
#2103 = LINE ( 'NONE', #4966, #98 ) ;
#2104 = EDGE_CURVE ( 'NONE', #8171, #5511, #9083, .T. ) ;
#2105 = ORIENTED_EDGE ( 'NONE', *, *, #6466, .T. ) ;
#2106 = CARTESIAN_POINT ( 'NONE',  ( -0.3500000000000000333, 0.000000000000000000, 0.3499999999999999778 ) ) ;
#2107 = SURFACE_STYLE_USAGE ( .BOTH. , #5794 ) ;
#2108 = ORIENTED_EDGE ( 'NONE', *, *, #1229, .F. ) ;
#2109 = LINE ( 'NONE', #5111, #2089 ) ;
#2110 = FACE_OUTER_BOUND ( 'NONE', #9668, .T. ) ;
#2111 = VECTOR ( 'NONE', #5525, 1000.000000000000114 ) ;
#2112 = SURFACE_SIDE_STYLE ('',( #6469 ) ) ;
#2113 = LINE ( 'NONE', #7391, #1157 ) ;
#2114 =( NAMED_UNIT ( * ) SI_UNIT ( $, .STERADIAN. ) SOLID_ANGLE_UNIT ( ) );
#2115 = EDGE_CURVE ( 'NONE', #7337, #8510, #6931, .T. ) ;
#2116 = CARTESIAN_POINT ( 'NONE',  ( 5.940164356702981152, 5.218128553112162393, -0.3500000000000001443 ) ) ;
#2117 = FACE_OUTER_BOUND ( 'NONE', #1522, .T. ) ;
#2118 = AXIS2_PLACEMENT_3D ( 'NONE', #5963, #8937, #2239 ) ;
#2119 = ADVANCED_FACE ( 'NONE', ( #5347 ), #3224, .F. ) ;
#2120 = CARTESIAN_POINT ( 'NONE',  ( 6.620000000000000995, 1.800000000000000266, -0.1166666666666670155 ) ) ;
#2121 = PRODUCT_DEFINITION ( 'UNKNOWN', '', #5445, #3697 ) ;
#2122 = CARTESIAN_POINT ( 'NONE',  ( 10.86000000000000121, 0.8000000000000007105, 0.3499999999999996447 ) ) ;
#2123 = CARTESIAN_POINT ( 'NONE',  ( 10.16000000000000014, 6.299999999999999822, 0.3499999999999996447 ) ) ;
#2125 = AXIS2_PLACEMENT_3D ( 'NONE', #3297, #1784, #5555 ) ;
#2124 = CARTESIAN_POINT ( 'NONE',  ( 6.832837746342909746, 5.777005459572336576, -0.3500000000000002554 ) ) ;
#2126 = CARTESIAN_POINT ( 'NONE',  ( 9.810000000000000497, -2.800000000000001155, -0.3500000000000003109 ) ) ;
#2127 = VERTEX_POINT ( 'NONE', #7777 ) ;
#2128 = LINE ( 'NONE', #2174, #6446 ) ;
#2129 = EDGE_CURVE ( 'NONE', #9576, #3632, #3910, .T. ) ;
#2130 = VERTEX_POINT ( 'NONE', #966 ) ;
#2131 = VECTOR ( 'NONE', #7513, 1000.000000000000000 ) ;
#2132 = ORIENTED_EDGE ( 'NONE', *, *, #6416, .T. ) ;
#2133 = COLOUR_RGB ( '',0.8313725490196077761, 0.6705882352941175961, 0.1294117647058823373 ) ;
#2134 = CARTESIAN_POINT ( 'NONE',  ( 10.66000000000000014, 6.084152315493285279, 0.3499999999999996447 ) ) ;
#2135 = DIRECTION ( 'NONE',  ( -1.000000000000000000, -0.000000000000000000, -0.000000000000000000 ) ) ;
#2136 = DIRECTION ( 'NONE',  ( 1.000000000000000000, 0.000000000000000000, 0.000000000000000000 ) ) ;
#2137 = CARTESIAN_POINT ( 'NONE',  ( 8.286266211150815408, 6.298959448224885627, 0.3499999999999997558 ) ) ;
#2138 = AXIS2_PLACEMENT_3D ( 'NONE', #5410, #8506, #8242 ) ;
#2139 = EDGE_CURVE ( 'NONE', #5470, #819, #7037, .T. ) ;
#2140 = VECTOR ( 'NONE', #6591, 1000.000000000000000 ) ;
#2141 = CARTESIAN_POINT ( 'NONE',  ( -1.018126922434469523E-15, 1.700000000000000178, -0.3499999999999999778 ) ) ;
#2142 = ORIENTED_EDGE ( 'NONE', *, *, #4955, .T. ) ;
#2143 = PRESENTATION_STYLE_ASSIGNMENT (( #4391 ) ) ;
#2144 = VERTEX_POINT ( 'NONE', #3961 ) ;
#2145 = PRESENTATION_LAYER_ASSIGNMENT (  '', '', ( #9019 ) ) ;
#2146 = SURFACE_STYLE_FILL_AREA ( #7332 ) ;
#2147 = CARTESIAN_POINT ( 'NONE',  ( 9.493733788849080923, 6.298959448224835000, -0.3500000000000002554 ) ) ;
#2148 = FILL_AREA_STYLE ('',( #6063 ) ) ;
#2149 = DIRECTION ( 'NONE',  ( 0.000000000000000000, -1.000000000000000000, 0.000000000000000000 ) ) ;
#2150 = CARTESIAN_POINT ( 'NONE',  ( 3.003356898907901140, 1.699999999999999067, 0.3499999999999998668 ) ) ;
#2151 = ORIENTED_EDGE ( 'NONE', *, *, #4695, .F. ) ;
#2152 = COLOUR_RGB ( '',0.8313725490196077761, 0.6705882352941175961, 0.1294117647058823373 ) ;
#2153 = FILL_AREA_STYLE_COLOUR ( '', #3356 ) ;
#2154 = DIRECTION ( 'NONE',  ( 0.000000000000000000, 0.000000000000000000, 1.000000000000000000 ) ) ;
#2155 = ORIENTED_EDGE ( 'NONE', *, *, #4934, .F. ) ;
#2156 = EDGE_CURVE ( 'NONE', #4362, #7579, #1655, .T. ) ;
#2157 = CARTESIAN_POINT ( 'NONE',  ( 3.039999999999998259, 6.299999999999999822, 0.3499999999999998668 ) ) ;
#2158 = ORIENTED_EDGE ( 'NONE', *, *, #5528, .T. ) ;
#2159 = LINE ( 'NONE', #7947, #1638 ) ;
#2160 = EDGE_CURVE ( 'NONE', #8830, #6912, #3039, .T. ) ;
#2161 = VECTOR ( 'NONE', #409, 1000.000000000000000 ) ;
#2162 = DIRECTION ( 'NONE',  ( -0.000000000000000000, -0.000000000000000000, -1.000000000000000000 ) ) ;
#2163 = CARTESIAN_POINT ( 'NONE',  ( -0.9006934952136197436, 4.786369049942374332, 0.3499999999999999223 ) ) ;
#2164 = ORIENTED_EDGE ( 'NONE', *, *, #7558, .F. ) ;
#2165 = DIRECTION ( 'NONE',  ( 3.097720492815726426E-17, -1.000000000000000000, 0.000000000000000000 ) ) ;
#2166 = PRESENTATION_LAYER_ASSIGNMENT (  '', '', ( #5153 ) ) ;
#2167 = CARTESIAN_POINT ( 'NONE',  ( -0.3525240155457798341, 5.732672356334980179, -0.3499999999999999778 ) ) ;
#2168 = FILL_AREA_STYLE ('',( #8005 ) ) ;
#2169 = FILL_AREA_STYLE ('',( #4328 ) ) ;
#2170 = FILL_AREA_STYLE ('',( #9691 ) ) ;
#2171 = PRESENTATION_STYLE_ASSIGNMENT (( #4374 ) ) ;
#2172 = LINE ( 'NONE', #5173, #5910 ) ;
#2173 = ORIENTED_EDGE ( 'NONE', *, *, #3473, .F. ) ;
#2174 = CARTESIAN_POINT ( 'NONE',  ( 4.080000000000000071, 0.5000000000000002220, 0.3499999999999998668 ) ) ;
#2175 =( NAMED_UNIT ( * ) PLANE_ANGLE_UNIT ( ) SI_UNIT ( $, .RADIAN. ) );
#2176 = CARTESIAN_POINT ( 'NONE',  ( 7.969999999999999751, 0.000000000000000000, -0.3500000000000000333 ) ) ;
#2177 = VERTEX_POINT ( 'NONE', #1045 ) ;
#2178 = STYLED_ITEM ( 'NONE', ( #9394 ), #3712 ) ;
#2179 = ORIENTED_EDGE ( 'NONE', *, *, #4819, .F. ) ;
#2180 = CARTESIAN_POINT ( 'NONE',  ( 5.080000000000000071, 6.299999999999999822, -0.3500000000000001443 ) ) ;
#2181 = LINE ( 'NONE', #3743, #5520 ) ;
#2182 = LINE ( 'NONE', #5091, #5588 ) ;
#2183 = CARTESIAN_POINT ( 'NONE',  ( 3.140000000000000568, 6.299999999999999822, -0.1283333333333335768 ) ) ;
#2184 = CARTESIAN_POINT ( 'NONE',  ( 7.120000000000000995, 6.299999999999999822, 0.3499999999999997002 ) ) ;
#2185 = MECHANICAL_DESIGN_GEOMETRIC_PRESENTATION_REPRESENTATION (  '', ( #7980 ), #937 ) ;
#2186 = PLANE ( 'NONE',  #1433 ) ;
#2187 = ORIENTED_EDGE ( 'NONE', *, *, #3409, .T. ) ;
#2188 = DIRECTION ( 'NONE',  ( 1.000000000000000000, 0.000000000000000000, 0.000000000000000000 ) ) ;
#2189 = ORIENTED_EDGE ( 'NONE', *, *, #6301, .T. ) ;
#2190 = MECHANICAL_DESIGN_GEOMETRIC_PRESENTATION_REPRESENTATION (  '', ( #8132 ), #6876 ) ;
#2191 = EDGE_CURVE ( 'NONE', #127, #1629, #1836, .T. ) ;
#2192 = VECTOR ( 'NONE', #693, 1000.000000000000000 ) ;
#2193 = CARTESIAN_POINT ( 'NONE',  ( 9.245291895435267193, 4.597665842577886686, -0.3500000000000002554 ) ) ;
#2194 = CARTESIAN_POINT ( 'NONE',  ( -0.3499999999999992006, -1.084202172485501815E-17, 0.3499999999999999778 ) ) ;
#2195 = DIRECTION ( 'NONE',  ( -1.000000000000000000, 0.000000000000000000, 0.000000000000000000 ) ) ;
#2196 = ORIENTED_EDGE ( 'NONE', *, *, #8032, .F. ) ;
#2197 = CARTESIAN_POINT ( 'NONE',  ( 0.5218457338839795900, 5.626229152235330488, 0.3499999999999999778 ) ) ;
#2198 = CARTESIAN_POINT ( 'NONE',  ( 1.540000000000000036, 6.500000000000000888, 0.3499999999999989231 ) ) ;
#2199 = ORIENTED_EDGE ( 'NONE', *, *, #630, .T. ) ;
#2200 = LINE ( 'NONE', #8945, #8345 ) ;
#2201 = EDGE_LOOP ( 'NONE', ( #5723, #6254, #9406, #4845 ) ) ;
#2202 = DIRECTION ( 'NONE',  ( 0.000000000000000000, 0.000000000000000000, -1.000000000000000000 ) ) ;
#2203 = CARTESIAN_POINT ( 'NONE',  ( 2.865255819881805444, 5.589454083063163381, -0.3500000000000000888 ) ) ;
#2204 = EDGE_CURVE ( 'NONE', #174, #5452, #5459, .T. ) ;
#2205 = CARTESIAN_POINT ( 'NONE',  ( 0.1500000000000021316, -3.000000000000000000, -0.3499999999999999778 ) ) ;
#2206 =( LENGTH_UNIT ( ) NAMED_UNIT ( * ) SI_UNIT ( .MILLI., .METRE. ) );
#2207 = CARTESIAN_POINT ( 'NONE',  ( 5.080000000000000071, 6.299999999999999822, 0.3499999999999998113 ) ) ;
#2208 = FILL_AREA_STYLE ('',( #41 ) ) ;
#2209 = VERTEX_POINT ( 'NONE', #3250 ) ;
#2210 = EDGE_CURVE ( 'NONE', #5422, #2473, #4311, .T. ) ;
#2211 = CARTESIAN_POINT ( 'NONE',  ( 7.620000000000000107, 6.500000000000000888, -1.155688030012021264E-15 ) ) ;
#2212 = STYLED_ITEM ( 'NONE', ( #8210 ), #9529 ) ;
#2213 = CARTESIAN_POINT ( 'NONE',  ( 5.889502423613084403, 5.635051924204144136, 0.3499999999999998668 ) ) ;
#2214 = PLANE ( 'NONE',  #287 ) ;
#2215 = CARTESIAN_POINT ( 'NONE',  ( 6.953733788849080000, 6.298959448224836777, -0.3500000000000003109 ) ) ;
#2216 = EDGE_CURVE ( 'NONE', #725, #1220, #8525, .T. ) ;
#2217 = DIRECTION ( 'NONE',  ( 0.000000000000000000, -0.000000000000000000, -1.000000000000000000 ) ) ;
#2218 = DIRECTION ( 'NONE',  ( -0.7071067811865475727, 0.7071067811865475727, 0.000000000000000000 ) ) ;
#2219 = CARTESIAN_POINT ( 'NONE',  ( -5.421010862427528333E-17, 0.5000000000000005551, 0.3499999999999999778 ) ) ;
#2220 = PLANE ( 'NONE',  #3836 ) ;
#2221 = EDGE_CURVE ( 'NONE', #8596, #6865, #2088, .T. ) ;
#2222 = ORIENTED_EDGE ( 'NONE', *, *, #1091, .T. ) ;
#2223 = ORIENTED_EDGE ( 'NONE', *, *, #8320, .T. ) ;
#2224 = VECTOR ( 'NONE', #7608, 1000.000000000000000 ) ;
#2225 = CARTESIAN_POINT ( 'NONE',  ( 6.620000000000000107, 6.500000000000000888, -0.3500000000000010880 ) ) ;
#2226 = CARTESIAN_POINT ( 'NONE',  ( 5.601845733883980216, 5.626229152235330488, -0.3500000000000001443 ) ) ;
#2227 = LINE ( 'NONE', #7321, #5681 ) ;
#2228 = CARTESIAN_POINT ( 'NONE',  ( 0.3500000000000000333, 8.199999999999999289, 0.3499999999999999778 ) ) ;
#2229 = CARTESIAN_POINT ( 'NONE',  ( 3.003356898907900252, 1.699999999999997957, 0.3499999999999998668 ) ) ;
#2230 = UNCERTAINTY_MEASURE_WITH_UNIT (LENGTH_MEASURE( 1.000000000000000082E-05 ), #5702, 'distance_accuracy_value', 'NONE');
#2231 = CARTESIAN_POINT ( 'NONE',  ( 7.267475984454220495, 5.732672356334980179, 0.3499999999999997002 ) ) ;
#2232 = VECTOR ( 'NONE', #8194, 1000.000000000000114 ) ;
#2233 = PLANE ( 'NONE',  #4568 ) ;
#2234 = ORIENTED_EDGE ( 'NONE', *, *, #2370, .F. ) ;
#2235 = CIRCLE ( 'NONE', #1300, 0.1999999999999996503 ) ;
#2236 = ORIENTED_EDGE ( 'NONE', *, *, #2156, .T. ) ;
#2237 = EDGE_CURVE ( 'NONE', #8021, #363, #9105, .T. ) ;
#2238 = AXIS2_PLACEMENT_3D ( 'NONE', #5873, #2195, #3559 ) ;
#2239 = DIRECTION ( 'NONE',  ( 1.000000000000000000, 0.000000000000000000, 0.000000000000000000 ) ) ;
#2240 = AXIS2_PLACEMENT_3D ( 'NONE', #5413, #6906, #3063 ) ;
#2241 = CARTESIAN_POINT ( 'NONE',  ( 9.473245067392239704, 8.000000000000000000, 0.6500000000000000222 ) ) ;
#2242 = VECTOR ( 'NONE', #7688, 1000.000000000000000 ) ;
#2243 = FACE_OUTER_BOUND ( 'NONE', #2246, .T. ) ;
#2244 = CARTESIAN_POINT ( 'NONE',  ( 5.579999999999999183, 6.299999999999999822, -0.3500000000000001443 ) ) ;
#2245 = SURFACE_SIDE_STYLE ('',( #1667 ) ) ;
#2246 = EDGE_LOOP ( 'NONE', ( #9224, #2374, #1711, #4223 ) ) ;
#2247 = CARTESIAN_POINT ( 'NONE',  ( 1.540000000000000480, 1.800000000000000488, -0.1283333333333335768 ) ) ;
#2248 = EDGE_CURVE ( 'NONE', #2690, #6641, #4080, .T. ) ;
#2249 = CARTESIAN_POINT ( 'NONE',  ( 7.972524015545777942, 5.732672356334978403, 0.3499999999999997002 ) ) ;
#2250 = ORIENTED_EDGE ( 'NONE', *, *, #220, .F. ) ;
#2251 = CARTESIAN_POINT ( 'NONE',  ( 4.393245067392238745, 10.39117142264903570, 0.6499999999999995781 ) ) ;
#2252 = VECTOR ( 'NONE', #2634, 1000.000000000000000 ) ;
#2253 = ADVANCED_FACE ( 'NONE', ( #305 ), #1314, .T. ) ;
#2254 = ORIENTED_EDGE ( 'NONE', *, *, #3800, .F. ) ;
#2255 =( GEOMETRIC_REPRESENTATION_CONTEXT ( 3 ) GLOBAL_UNCERTAINTY_ASSIGNED_CONTEXT ( ( #1254 ) ) GLOBAL_UNIT_ASSIGNED_CONTEXT ( ( #7149, #3373, #6368 ) ) REPRESENTATION_CONTEXT ( 'NONE', 'WORKASPACE' ) );
#2256 = STYLED_ITEM ( 'NONE', ( #5239 ), #5023 ) ;
#2257 = CARTESIAN_POINT ( 'NONE',  ( 2.540000000000000036, -3.000000000000000000, 0.3499999999999998668 ) ) ;
#2258 =( BOUNDED_CURVE ( )  B_SPLINE_CURVE ( 3, ( #2184, #8208, #9023, #2231 ),
 .UNSPECIFIED., .F., .T. ) 
 B_SPLINE_CURVE_WITH_KNOTS ( ( 4, 4 ),
 ( 1.570796326794896336, 2.359101780428492390 ),
 .UNSPECIFIED. ) 
 CURVE ( )  GEOMETRIC_REPRESENTATION_ITEM ( )  RATIONAL_B_SPLINE_CURVE ( ( 1.000000000000000000, 0.9488815137910384667, 0.9488815137910384667, 1.000000000000000000 ) ) 
 REPRESENTATION_ITEM ( '' )  );
#2259 = PRESENTATION_LAYER_ASSIGNMENT (  '', '', ( #4767 ) ) ;
#2260 = PRESENTATION_STYLE_ASSIGNMENT (( #6171 ) ) ;
#2261 = DIRECTION ( 'NONE',  ( -1.000000000000000000, -3.097720492815726426E-17, 0.000000000000000000 ) ) ;
#2262 = SURFACE_STYLE_USAGE ( .BOTH. , #7540 ) ;
#2263 = ORIENTED_EDGE ( 'NONE', *, *, #507, .T. ) ;
#2264 = SURFACE_STYLE_FILL_AREA ( #3727 ) ;
#2265 = PLANE ( 'NONE',  #203 ) ;
#2266 = DIRECTION ( 'NONE',  ( 0.7071067811865489050, -0.7071067811865460184, 0.000000000000000000 ) ) ;
#2267 = SURFACE_STYLE_USAGE ( .BOTH. , #4424 ) ;
#2268 = LINE ( 'NONE', #2319, #5124 ) ;
#2269 = LINE ( 'NONE', #3685, #5843 ) ;
#2270 = DIRECTION ( 'NONE',  ( 1.000000000000000000, 0.000000000000000000, 0.000000000000000000 ) ) ;
#2271 = DIRECTION ( 'NONE',  ( 0.000000000000000000, -1.000000000000000000, 0.000000000000000000 ) ) ;
#2272 = DIRECTION ( 'NONE',  ( -0.000000000000000000, -1.000000000000000000, 1.668003342285392044E-16 ) ) ;
#2274 = ORIENTED_EDGE ( 'NONE', *, *, #2275, .F. ) ;
#2273 = MANIFOLD_SOLID_BREP ( 'LPattern18[2]', #8692 ) ;
#2275 = EDGE_CURVE ( 'NONE', #5680, #68, #7346, .T. ) ;
#2276 = ORIENTED_EDGE ( 'NONE', *, *, #8239, .F. ) ;
#2277 = CARTESIAN_POINT ( 'NONE',  ( 2.540000000000000036, 0.5000000000000005551, 0.3499999999999998668 ) ) ;
#2278 = SURFACE_STYLE_USAGE ( .BOTH. , #865 ) ;
#2279 = EDGE_CURVE ( 'NONE', #1358, #8652, #594, .T. ) ;
#2280 = ORIENTED_EDGE ( 'NONE', *, *, #1483, .F. ) ;
#2281 = CARTESIAN_POINT ( 'NONE',  ( 7.470000000000000639, -3.000000000000000000, -0.3500000000000002554 ) ) ;
#2282 = CARTESIAN_POINT ( 'NONE',  ( 6.836229430279609609, 5.796998266909029418, 0.3499999999999997002 ) ) ;
#2283 = DIRECTION ( 'NONE',  ( 0.000000000000000000, 1.000000000000000000, -1.668003342285391551E-16 ) ) ;
#2284 = MECHANICAL_DESIGN_GEOMETRIC_PRESENTATION_REPRESENTATION (  '', ( #8999 ), #1517 ) ;
#2285 = FILL_AREA_STYLE_COLOUR ( '', #103 ) ;
#2286 = ORIENTED_EDGE ( 'NONE', *, *, #4465, .T. ) ;
#2287 = EDGE_LOOP ( 'NONE', ( #6714, #6282, #3115, #2389 ) ) ;
#2288 = DIRECTION ( 'NONE',  ( -1.000000000000000000, -1.084202172485504434E-16, 0.000000000000000000 ) ) ;
#2289 = MECHANICAL_DESIGN_GEOMETRIC_PRESENTATION_REPRESENTATION (  '', ( #8532 ), #7452 ) ;
#2290 = ADVANCED_FACE ( 'NONE', ( #7901 ), #3429, .F. ) ;
#2291 = CARTESIAN_POINT ( 'NONE',  ( 9.213913198591400899, 4.056300144720210277, -0.3500000000000003109 ) ) ;
#2292 = CARTESIAN_POINT ( 'NONE',  ( 3.323770569720394530, 5.796998266909027642, -0.3500000000000000888 ) ) ;
#2293 = DIRECTION ( 'NONE',  ( 1.000000000000000000, 1.121588454295349780E-16, -0.000000000000000000 ) ) ;
#2294 = ORIENTED_EDGE ( 'NONE', *, *, #8935, .T. ) ;
#2295 = EDGE_CURVE ( 'NONE', #2127, #585, #4220, .T. ) ;
#2296 = FILL_AREA_STYLE_COLOUR ( '', #5154 ) ;
#2297 = EDGE_LOOP ( 'NONE', ( #7623, #7613, #8578, #1678 ) ) ;
#2298 = FACE_OUTER_BOUND ( 'NONE', #1908, .T. ) ;
#2299 = MECHANICAL_DESIGN_GEOMETRIC_PRESENTATION_REPRESENTATION (  '', ( #6516 ), #8086 ) ;
#2300 =( GEOMETRIC_REPRESENTATION_CONTEXT ( 3 ) GLOBAL_UNCERTAINTY_ASSIGNED_CONTEXT ( ( #8887 ) ) GLOBAL_UNIT_ASSIGNED_CONTEXT ( ( #515, #7867, #1069 ) ) REPRESENTATION_CONTEXT ( 'NONE', 'WORKASPACE' ) );
#2301 = EDGE_LOOP ( 'NONE', ( #5668, #29, #5128, #6816 ) ) ;
#2302 = DIRECTION ( 'NONE',  ( -1.000000000000000000, 0.000000000000000000, 0.000000000000000000 ) ) ;
#2303 = EDGE_CURVE ( 'NONE', #209, #5349, #6473, .T. ) ;
#2304 = FACE_OUTER_BOUND ( 'NONE', #4016, .T. ) ;
#2305 = AXIS2_PLACEMENT_3D ( 'NONE', #5424, #1509, #912 ) ;
#2306 = AXIS2_PLACEMENT_3D ( 'NONE', #5041, #5184, #4289 ) ;
#2307 = CARTESIAN_POINT ( 'NONE',  ( 4.393245067392238745, 8.000000000000000000, -0.6500000000000030198 ) ) ;
#2308 = CARTESIAN_POINT ( 'NONE',  ( 11.02961524227066725, 8.500000000000000000, 0.000000000000000000 ) ) ;
#2309 = CARTESIAN_POINT ( 'NONE',  ( -0.9999999999999995559, 1.800000000000000266, -0.1166666666666667518 ) ) ;
#2310 = VERTEX_POINT ( 'NONE', #5754 ) ;
#2311 = DIRECTION ( 'NONE',  ( 0.7071067811865489050, -0.7071067811865460184, 0.000000000000000000 ) ) ;
#2312 = MECHANICAL_DESIGN_GEOMETRIC_PRESENTATION_REPRESENTATION (  '', ( #2792 ), #673 ) ;
#2313 = STYLED_ITEM ( 'NONE', ( #5562 ), #5566 ) ;
#2314 =( BOUNDED_CURVE ( )  B_SPLINE_CURVE ( 3, ( #9522, #4451, #2842, #5827, #5434, #3706, #9123 ),
 .UNSPECIFIED., .F., .T. ) 
 B_SPLINE_CURVE_WITH_KNOTS ( ( 4, 3, 4 ),
 ( 0.8078321013870645162, 3.141592653589793116, 5.475353205792521827 ),
 .UNSPECIFIED. ) 
 CURVE ( )  GEOMETRIC_REPRESENTATION_ITEM ( )  RATIONAL_B_SPLINE_CURVE ( ( 1.000000000000000000, 0.5953481791230077480, 0.5953481791230077480, 1.000000000000000000, 0.5953481791230077480, 0.5953481791230077480, 1.000000000000000000 ) ) 
 REPRESENTATION_ITEM ( '' )  );
#2315 = CARTESIAN_POINT ( 'NONE',  ( 9.160000000000001918, 0.8000000000000004885, -0.3500000000000003109 ) ) ;
#2316 = ADVANCED_FACE ( 'NONE', ( #7089 ), #1025, .F. ) ;
#2317 = PRESENTATION_STYLE_ASSIGNMENT (( #8466 ) ) ;
#2318 = LINE ( 'NONE', #152, #8632 ) ;
#2319 = CARTESIAN_POINT ( 'NONE',  ( 4.930000000000001492, -3.000000000000000000, -0.3500000000000001443 ) ) ;
#2320 = PRESENTATION_LAYER_ASSIGNMENT (  '', '', ( #7318 ) ) ;
#2321 =( GEOMETRIC_REPRESENTATION_CONTEXT ( 3 ) GLOBAL_UNCERTAINTY_ASSIGNED_CONTEXT ( ( #4714 ) ) GLOBAL_UNIT_ASSIGNED_CONTEXT ( ( #284, #4901, #8592 ) ) REPRESENTATION_CONTEXT ( 'NONE', 'WORKASPACE' ) );
#2322 = LINE ( 'NONE', #4575, #3367 ) ;
#2323 = PLANE ( 'NONE',  #7394 ) ;
#2324 = PLANE ( 'NONE',  #8642 ) ;
#2325 = ORIENTED_EDGE ( 'NONE', *, *, #7450, .F. ) ;
#2326 = ORIENTED_EDGE ( 'NONE', *, *, #4999, .T. ) ;
#2327 = CARTESIAN_POINT ( 'NONE',  ( -1.469999999999999973, 8.500000000000000000, -1.199999999999999956 ) ) ;
#2328 = CARTESIAN_POINT ( 'NONE',  ( 3.540000000000000036, 0.5000000000000002220, 0.3499999999999998668 ) ) ;
#2329 = ORIENTED_EDGE ( 'NONE', *, *, #8230, .F. ) ;
#2330 = SURFACE_STYLE_FILL_AREA ( #7562 ) ;
#2331 = CARTESIAN_POINT ( 'NONE',  ( 6.676432165885828773, 4.104507585657484192, 0.3499999999999997558 ) ) ;
#2332 = LINE ( 'NONE', #5336, #9168 ) ;
#2333 = EDGE_CURVE ( 'NONE', #260, #1358, #6283, .T. ) ;
#2334 = LINE ( 'NONE', #9120, #2523 ) ;
#2335 = ORIENTED_EDGE ( 'NONE', *, *, #9167, .F. ) ;
#2336 = ORIENTED_EDGE ( 'NONE', *, *, #5139, .T. ) ;
#2337 = COLOUR_RGB ( '',0.8313725490196077761, 0.6705882352941175961, 0.1294117647058823373 ) ;
#2338 = SURFACE_SIDE_STYLE ('',( #71 ) ) ;
#2339 = CARTESIAN_POINT ( 'NONE',  ( 7.156643101092098114, 1.700000000000000400, 0.3499999999999997558 ) ) ;
#2340 = CARTESIAN_POINT ( 'NONE',  ( 3.275042010446086671, 6.043840788194753344, -0.3500000000000001443 ) ) ;
#2341 = ORIENTED_EDGE ( 'NONE', *, *, #2303, .F. ) ;
#2342 = CARTESIAN_POINT ( 'NONE',  ( 1.540000000000000924, 6.299999999999999822, -0.1283333333333335768 ) ) ;
#2343 = CARTESIAN_POINT ( 'NONE',  ( 10.16000000000000014, 0.5000000000000005551, -0.3500000000000003109 ) ) ;
#2344 = FILL_AREA_STYLE ('',( #9632 ) ) ;
#2345 = VERTEX_POINT ( 'NONE', #4012 ) ;
#2346 = LINE ( 'NONE', #7531, #7864 ) ;
#2347 = VECTOR ( 'NONE', #6952, 1000.000000000000000 ) ;
#2348 = ORIENTED_EDGE ( 'NONE', *, *, #5346, .T. ) ;
#2349 = PRESENTATION_LAYER_ASSIGNMENT (  '', '', ( #8437 ) ) ;
#2350 =( NAMED_UNIT ( * ) SI_UNIT ( $, .STERADIAN. ) SOLID_ANGLE_UNIT ( ) );
#2351 = LINE ( 'NONE', #929, #5747 ) ;
#2352 = CARTESIAN_POINT ( 'NONE',  ( -0.3252558198818047974, 5.589454083063166046, 0.3499999999999999778 ) ) ;
#2353 = VECTOR ( 'NONE', #9613, 1000.000000000000000 ) ;
#2354 = ORIENTED_EDGE ( 'NONE', *, *, #8543, .F. ) ;
#2355 = CARTESIAN_POINT ( 'NONE',  ( 0.9931181789594349940, 2.798202530626829887, 0.3500000000000000333 ) ) ;
#2356 = CARTESIAN_POINT ( 'NONE',  ( -0.4999999999999985012, 6.084152315493286167, 0.3499999999999999223 ) ) ;
#2357 = CARTESIAN_POINT ( 'NONE',  ( 1.699611261228812342, 5.398486016527555442, 0.3499999999999998668 ) ) ;
#2358 = VERTEX_POINT ( 'NONE', #8450 ) ;
#2359 = CARTESIAN_POINT ( 'NONE',  ( 6.620000000000000107, 6.299999999999999822, 0.3849999999999997313 ) ) ;
#2360 = LINE ( 'NONE', #3011, #3284 ) ;
#2361 = CARTESIAN_POINT ( 'NONE',  ( 4.380000000000000782, 0.8000000000000004885, 0.3499999999999998113 ) ) ;
#2362 = DIRECTION ( 'NONE',  ( -0.6546536707079771977, 0.3779644730092270311, -0.6546536707079771977 ) ) ;
#2363 = DIRECTION ( 'NONE',  ( -1.000000000000000000, 0.000000000000000000, 0.000000000000000000 ) ) ;
#2364 = CARTESIAN_POINT ( 'NONE',  ( 1.853245067392238710, 0.5000000000000000000, -0.6500000000000013545 ) ) ;
#2365 = CARTESIAN_POINT ( 'NONE',  ( 7.270000000000000462, 8.000000000000000000, -0.3499999999999999778 ) ) ;
#2366 =( NAMED_UNIT ( * ) PLANE_ANGLE_UNIT ( ) SI_UNIT ( $, .RADIAN. ) );
#2367 = VECTOR ( 'NONE', #978, 1000.000000000000000 ) ;
#2368 = ADVANCED_FACE ( 'NONE', ( #6212 ), #5582, .T. ) ;
#2369 = ORIENTED_EDGE ( 'NONE', *, *, #8703, .F. ) ;
#2370 = EDGE_CURVE ( 'NONE', #2378, #6101, #7829, .T. ) ;
#2371 = ORIENTED_EDGE ( 'NONE', *, *, #7910, .T. ) ;
#2372 = AXIS2_PLACEMENT_3D ( 'NONE', #8939, #1465, #4453 ) ;
#2373 = CARTESIAN_POINT ( 'NONE',  ( 8.400569551971560855, 5.815522798723456788, -0.3500000000000002554 ) ) ;
#2374 = ORIENTED_EDGE ( 'NONE', *, *, #1812, .F. ) ;
#2375 = CARTESIAN_POINT ( 'NONE',  ( 6.685174816799756670, 4.263498050147334517, 0.3499999999999997558 ) ) ;
#2376 = CARTESIAN_POINT ( 'NONE',  ( 7.294744180118195587, 5.589454083063166046, -0.3500000000000002554 ) ) ;
#2377 = SURFACE_SIDE_STYLE ('',( #8436 ) ) ;
#2378 = VERTEX_POINT ( 'NONE', #2893 ) ;
#2379 = ORIENTED_EDGE ( 'NONE', *, *, #4011, .F. ) ;
#2380 = LINE ( 'NONE', #3802, #8517 ) ;
#2381 = FILL_AREA_STYLE_COLOUR ( '', #895 ) ;
#2382 = LINE ( 'NONE', #8352, #8931 ) ;
#2383 = VECTOR ( 'NONE', #8677, 1000.000000000000000 ) ;
#2384 = CARTESIAN_POINT ( 'NONE',  ( 3.484695486956164601, 4.083092593512564150, -0.3499999999999999778 ) ) ;
#2385 = VERTEX_POINT ( 'NONE', #1268 ) ;
#2386 = VECTOR ( 'NONE', #8899, 1000.000000000000000 ) ;
#2387 = DIRECTION ( 'NONE',  ( 1.000000000000000000, 0.000000000000000000, -7.744301232039316681E-17 ) ) ;
#2388 = DIRECTION ( 'NONE',  ( -0.000000000000000000, -0.000000000000000000, -1.000000000000000000 ) ) ;
#2389 = ORIENTED_EDGE ( 'NONE', *, *, #3946, .F. ) ;
#2390 = LINE ( 'NONE', #7487, #6604 ) ;
#2391 = ORIENTED_EDGE ( 'NONE', *, *, #1106, .T. ) ;
#2392 = VECTOR ( 'NONE', #7269, 1000.000000000000000 ) ;
#2393 =( GEOMETRIC_REPRESENTATION_CONTEXT ( 3 ) GLOBAL_UNCERTAINTY_ASSIGNED_CONTEXT ( ( #7216 ) ) GLOBAL_UNIT_ASSIGNED_CONTEXT ( ( #4039, #4935, #1887 ) ) REPRESENTATION_CONTEXT ( 'NONE', 'WORKASPACE' ) );
#2394 = ADVANCED_FACE ( 'NONE', ( #8698 ), #3653, .T. ) ;
#2395 = CARTESIAN_POINT ( 'NONE',  ( 8.306754932607761432, 0.5000000000000000000, -0.3500000000000000888 ) ) ;
#2396 = CARTESIAN_POINT ( 'NONE',  ( 7.270000000000000462, -1.084202172485501815E-17, 0.3499999999999997002 ) ) ;
#2397 = FILL_AREA_STYLE_COLOUR ( '', #7156 ) ;
#2398 = EDGE_CURVE ( 'NONE', #6449, #505, #6253, .T. ) ;
#2399 = VERTEX_POINT ( 'NONE', #1364 ) ;
#2400 = CARTESIAN_POINT ( 'NONE',  ( 3.140000000000000568, 6.299999999999999822, 0.3499999999999998668 ) ) ;
#2401 = VECTOR ( 'NONE', #5024, 1000.000000000000000 ) ;
#2402 = CARTESIAN_POINT ( 'NONE',  ( 4.730000000000001315, -1.084202172485501815E-17, 0.3499999999999998113 ) ) ;
#2403 = PRESENTATION_LAYER_ASSIGNMENT (  '', '', ( #6617 ) ) ;
#2404 = LINE ( 'NONE', #938, #1643 ) ;
#2405 = VECTOR ( 'NONE', #2952, 1000.000000000000114 ) ;
#2406 = ORIENTED_EDGE ( 'NONE', *, *, #208, .F. ) ;
#2407 = CARTESIAN_POINT ( 'NONE',  ( 4.730000000000001315, -2.800000000000001155, -0.3500000000000001443 ) ) ;
#2408 = SURFACE_STYLE_USAGE ( .BOTH. , #247 ) ;
#2409 = VECTOR ( 'NONE', #7580, 1000.000000000000000 ) ;
#2410 = VECTOR ( 'NONE', #1117, 1000.000000000000000 ) ;
#2411 =( GEOMETRIC_REPRESENTATION_CONTEXT ( 3 ) GLOBAL_UNCERTAINTY_ASSIGNED_CONTEXT ( ( #7212 ) ) GLOBAL_UNIT_ASSIGNED_CONTEXT ( ( #7494, #6030, #700 ) ) REPRESENTATION_CONTEXT ( 'NONE', 'WORKASPACE' ) );
#2412 = DIRECTION ( 'NONE',  ( 0.7071067811865489050, -0.7071067811865460184, 0.000000000000000000 ) ) ;
#2413 = VECTOR ( 'NONE', #6113, 1000.000000000000000 ) ;
#2414 = DIRECTION ( 'NONE',  ( -0.7071067811865489050, 0.7071067811865460184, -0.000000000000000000 ) ) ;
#2415 = EDGE_CURVE ( 'NONE', #6447, #8556, #7428, .T. ) ;
#2416 = PLANE ( 'NONE',  #5417 ) ;
#2417 = CARTESIAN_POINT ( 'NONE',  ( 0.7805695519715610819, 5.815522798723457676, -0.3499999999999999778 ) ) ;
#2418 = ORIENTED_EDGE ( 'NONE', *, *, #14, .F. ) ;
#2419 = ORIENTED_EDGE ( 'NONE', *, *, #4243, .T. ) ;
#2420 = CARTESIAN_POINT ( 'NONE',  ( 0.6454664785273048766, 3.877691542223585142, 0.3500000000000000333 ) ) ;
#2421 = ORIENTED_EDGE ( 'NONE', *, *, #3409, .F. ) ;
#2422 = EDGE_CURVE ( 'NONE', #529, #714, #5148, .T. ) ;
#2423 = PLANE ( 'NONE',  #2938 ) ;
#2424 = ORIENTED_EDGE ( 'NONE', *, *, #6877, .F. ) ;
#2425 = ORIENTED_EDGE ( 'NONE', *, *, #9082, .F. ) ;
#2426 = CARTESIAN_POINT ( 'NONE',  ( 9.160000000000001918, 6.500000000000000888, -0.3500000000000010880 ) ) ;
#2427 = CARTESIAN_POINT ( 'NONE',  ( 3.395690189165919026, 5.260692584315793674, -0.3500000000000001443 ) ) ;
#2428 =( GEOMETRIC_REPRESENTATION_CONTEXT ( 3 ) GLOBAL_UNCERTAINTY_ASSIGNED_CONTEXT ( ( #1203 ) ) GLOBAL_UNIT_ASSIGNED_CONTEXT ( ( #9535, #7993, #9434 ) ) REPRESENTATION_CONTEXT ( 'NONE', 'WORKASPACE' ) );
#2429 = CARTESIAN_POINT ( 'NONE',  ( 6.080000000000000959, 1.121588454295350273E-16, 0.3499999999999998113 ) ) ;
#2430 = ORIENTED_EDGE ( 'NONE', *, *, #5086, .F. ) ;
#2431 = FILL_AREA_STYLE_COLOUR ( '', #7461 ) ;
#2432 = CARTESIAN_POINT ( 'NONE',  ( 11.02419738177039754, 5.178803639424134353, 0.3499999999999996447 ) ) ;
#2433 = CARTESIAN_POINT ( 'NONE',  ( 9.696643101092098149, 1.700000000000000400, -0.3500000000000003109 ) ) ;
#2434 = ORIENTED_EDGE ( 'NONE', *, *, #1826, .F. ) ;
#2435 = ORIENTED_EDGE ( 'NONE', *, *, #7533, .T. ) ;
#2436 = SURFACE_STYLE_FILL_AREA ( #183 ) ;
#2437 = CARTESIAN_POINT ( 'NONE',  ( 8.306754932607761432, 8.000000000000000000, 0.6500000000000000222 ) ) ;
#2438 = CARTESIAN_POINT ( 'NONE',  ( 9.473245067392239704, 0.5000000000000000000, -0.6500000000000013545 ) ) ;
#2439 = CARTESIAN_POINT ( 'NONE',  ( -0.4999999999999985012, 6.299999999999999822, -0.3499999999999999778 ) ) ;
#2440 = ORIENTED_EDGE ( 'NONE', *, *, #1483, .T. ) ;
#2441 = CARTESIAN_POINT ( 'NONE',  ( 5.080000000000000071, 6.500000000000000888, -1.155688030012021264E-15 ) ) ;
#2442 = LINE ( 'NONE', #2546, #6226 ) ;
#2443 = COLOUR_RGB ( '',0.8313725490196077761, 0.6705882352941175961, 0.1294117647058823373 ) ;
#2444 = EDGE_CURVE ( 'NONE', #2804, #3113, #3556, .T. ) ;
#2445 = VECTOR ( 'NONE', #8938, 1000.000000000000000 ) ;
#2446 = CARTESIAN_POINT ( 'NONE',  ( 9.560000000000000497, 6.299999999999999822, -0.3500000000000003109 ) ) ;
#2447 = FACE_OUTER_BOUND ( 'NONE', #6883, .T. ) ;
#2448 = ORIENTED_EDGE ( 'NONE', *, *, #563, .F. ) ;
#2449 = CARTESIAN_POINT ( 'NONE',  ( 8.619999999999999218, 0.5000000000000002220, 0.3499999999999998668 ) ) ;
#2450 = DIRECTION ( 'NONE',  ( 0.000000000000000000, 0.000000000000000000, 1.000000000000000000 ) ) ;
#2451 = UNCERTAINTY_MEASURE_WITH_UNIT (LENGTH_MEASURE( 1.000000000000000082E-05 ), #5403, 'distance_accuracy_value', 'NONE');
#2452 = EDGE_CURVE ( 'NONE', #3433, #6942, #8741, .T. ) ;
#2453 =( GEOMETRIC_REPRESENTATION_CONTEXT ( 3 ) GLOBAL_UNCERTAINTY_ASSIGNED_CONTEXT ( ( #3245 ) ) GLOBAL_UNIT_ASSIGNED_CONTEXT ( ( #4066, #6996, #2495 ) ) REPRESENTATION_CONTEXT ( 'NONE', 'WORKASPACE' ) );
#2454 = CARTESIAN_POINT ( 'NONE',  ( -1.000000000000000000, 6.500000000000000888, -0.3500000000000010880 ) ) ;
#2455 = SURFACE_SIDE_STYLE ('',( #9011 ) ) ;
#2456 = LINE ( 'NONE', #5457, #194 ) ;
#2457 =( NAMED_UNIT ( * ) SI_UNIT ( $, .STERADIAN. ) SOLID_ANGLE_UNIT ( ) );
#2458 = DIRECTION ( 'NONE',  ( -0.000000000000000000, -0.000000000000000000, 1.000000000000000000 ) ) ;
#2459 = CARTESIAN_POINT ( 'NONE',  ( 0.7837705697203947164, 5.796998266909027642, -0.3499999999999999778 ) ) ;
#2460 = MECHANICAL_DESIGN_GEOMETRIC_PRESENTATION_REPRESENTATION (  '', ( #9324 ), #9648 ) ;
#2461 = VECTOR ( 'NONE', #6790, 1000.000000000000000 ) ;
#2462 = VERTEX_POINT ( 'NONE', #8890 ) ;
#2463 = UNCERTAINTY_MEASURE_WITH_UNIT (LENGTH_MEASURE( 1.000000000000000082E-05 ), #6116, 'distance_accuracy_value', 'NONE');
#2464 = ORIENTED_EDGE ( 'NONE', *, *, #1613, .F. ) ;
#2465 = ORIENTED_EDGE ( 'NONE', *, *, #9252, .T. ) ;
#2466 = LINE ( 'NONE', #6142, #7445 ) ;
#2467 = FACE_OUTER_BOUND ( 'NONE', #5174, .T. ) ;
#2468 = VECTOR ( 'NONE', #4087, 1000.000000000000000 ) ;
#2469 = AXIS2_PLACEMENT_3D ( 'NONE', #2402, #2261, #4562 ) ;
#2470 = ORIENTED_EDGE ( 'NONE', *, *, #7498, .T. ) ;
#2471 =( NAMED_UNIT ( * ) SI_UNIT ( $, .STERADIAN. ) SOLID_ANGLE_UNIT ( ) );
#2472 = FILL_AREA_STYLE ('',( #2285 ) ) ;
#2473 = VERTEX_POINT ( 'NONE', #5192 ) ;
#2474 =( GEOMETRIC_REPRESENTATION_CONTEXT ( 3 ) GLOBAL_UNCERTAINTY_ASSIGNED_CONTEXT ( ( #7964 ) ) GLOBAL_UNIT_ASSIGNED_CONTEXT ( ( #5269, #151, #1646 ) ) REPRESENTATION_CONTEXT ( 'NONE', 'WORKASPACE' ) );
#2475 = ORIENTED_EDGE ( 'NONE', *, *, #3269, .F. ) ;
#2476 = DIRECTION ( 'NONE',  ( 0.000000000000000000, -1.668003342285391551E-16, -1.000000000000000000 ) ) ;
#2477 = EDGE_CURVE ( 'NONE', #1358, #8830, #8212, .T. ) ;
#2478 = SURFACE_SIDE_STYLE ('',( #1750 ) ) ;
#2479 = CARTESIAN_POINT ( 'NONE',  ( -0.5999999999999996447, 6.299999999999999822, -0.1283333333333334936 ) ) ;
#2480 = CARTESIAN_POINT ( 'NONE',  ( 7.020000000000000462, 6.299999999999999822, -0.3500000000000002554 ) ) ;
#2481 = ORIENTED_EDGE ( 'NONE', *, *, #8320, .F. ) ;
#2482 = CARTESIAN_POINT ( 'NONE',  ( 11.03499412938557356, 5.069026963384446915, 0.3499999999999997002 ) ) ;
#2483 = DIRECTION ( 'NONE',  ( 0.000000000000000000, 0.000000000000000000, 1.000000000000000000 ) ) ;
#2484 = VERTEX_POINT ( 'NONE', #8026 ) ;
#2485 = EDGE_CURVE ( 'NONE', #4128, #1439, #524, .T. ) ;
#2486 = ORIENTED_EDGE ( 'NONE', *, *, #3957, .T. ) ;
#2487 = EDGE_CURVE ( 'NONE', #5511, #5252, #9472, .T. ) ;
#2488 = STYLED_ITEM ( 'NONE', ( #5977 ), #3721 ) ;
#2489 = DIRECTION ( 'NONE',  ( 0.000000000000000000, 1.000000000000000000, -3.097720492815727166E-16 ) ) ;
#2490 = CARTESIAN_POINT ( 'NONE',  ( 9.160000000000001918, 1.800000000000000488, 0.1283333333333332715 ) ) ;
#2491 = CARTESIAN_POINT ( 'NONE',  ( 3.402626047459932579, 5.194217234910147418, 0.3499999999999998113 ) ) ;
#2492 = CARTESIAN_POINT ( 'NONE',  ( -0.3525240155457798341, 5.732672356334980179, -0.3499999999999999778 ) ) ;
#2493 = ORIENTED_EDGE ( 'NONE', *, *, #680, .T. ) ;
#2494 = CARTESIAN_POINT ( 'NONE',  ( 10.16000000000000014, 1.700000000000000178, -0.3500000000000003109 ) ) ;
#2495 =( NAMED_UNIT ( * ) SI_UNIT ( $, .STERADIAN. ) SOLID_ANGLE_UNIT ( ) );
#2496 = AXIS2_PLACEMENT_3D ( 'NONE', #6237, #5610, #2515 ) ;
#2497 = DIRECTION ( 'NONE',  ( 0.000000000000000000, 3.097720492815727166E-16, 1.000000000000000000 ) ) ;
#2498 = ORIENTED_EDGE ( 'NONE', *, *, #5012, .F. ) ;
#2499 = CARTESIAN_POINT ( 'NONE',  ( 9.359832123124276038, 5.699693040756021567, 0.3499999999999997558 ) ) ;
#2500 = FACE_OUTER_BOUND ( 'NONE', #1371, .T. ) ;
#2501 = CARTESIAN_POINT ( 'NONE',  ( 11.62999999999999723, 0.5000000000000002220, 0.6500000000000010214 ) ) ;
#2502 = UNCERTAINTY_MEASURE_WITH_UNIT (LENGTH_MEASURE( 1.000000000000000082E-05 ), #4960, 'distance_accuracy_value', 'NONE');
#2503 = EDGE_CURVE ( 'NONE', #5110, #5292, #2314, .T. ) ;
#2504 = DIRECTION ( 'NONE',  ( 0.000000000000000000, -0.000000000000000000, -1.000000000000000000 ) ) ;
#2505 = CARTESIAN_POINT ( 'NONE',  ( 7.270000000000000462, -1.084202172485501815E-17, 0.3499999999999997002 ) ) ;
#2506 = CARTESIAN_POINT ( 'NONE',  ( 5.528193045422142404, 5.884855341312109189, 0.3499999999999998113 ) ) ;
#2507 = CARTESIAN_POINT ( 'NONE',  ( 4.434533521472694417, 3.877691542223590471, -0.3500000000000001443 ) ) ;
#2508 = DIRECTION ( 'NONE',  ( 0.000000000000000000, 0.000000000000000000, 1.000000000000000000 ) ) ;
#2509 = CARTESIAN_POINT ( 'NONE',  ( 4.135723020487988677, 4.091073788932124700, 0.3499999999999998113 ) ) ;
#2510 = DIRECTION ( 'NONE',  ( -0.000000000000000000, 0.000000000000000000, 1.000000000000000000 ) ) ;
#2511 = VERTEX_POINT ( 'NONE', #6728 ) ;
#2512 = LINE ( 'NONE', #3390, #3331 ) ;
#2513 = EDGE_LOOP ( 'NONE', ( #1049, #6733, #82, #3282 ) ) ;
#2514 = EDGE_CURVE ( 'NONE', #7712, #2310, #2380, .T. ) ;
#2515 = DIRECTION ( 'NONE',  ( 0.000000000000000000, 0.000000000000000000, 1.000000000000000000 ) ) ;
#2516 = DIRECTION ( 'NONE',  ( 1.000000000000000000, 0.000000000000000000, 0.000000000000000000 ) ) ;
#2517 = B_SPLINE_CURVE_WITH_KNOTS ( 'NONE', 3,
 ( #5942, #6752, #2965, #4423 ),
 .UNSPECIFIED., .F., .F.,
 ( 4, 4 ),
 ( 0.000000000000000000, 1.000000000000000000 ),
 .UNSPECIFIED. ) ;
#2518 = ORIENTED_EDGE ( 'NONE', *, *, #1434, .T. ) ;
#2519 =( NAMED_UNIT ( * ) SI_UNIT ( $, .STERADIAN. ) SOLID_ANGLE_UNIT ( ) );
#2520 = EDGE_CURVE ( 'NONE', #1086, #4797, #8215, .T. ) ;
#2521 = ORIENTED_EDGE ( 'NONE', *, *, #8341, .T. ) ;
#2522 = ORIENTED_EDGE ( 'NONE', *, *, #2221, .T. ) ;
#2523 = VECTOR ( 'NONE', #6197, 1000.000000000000000 ) ;
#2524 = DIRECTION ( 'NONE',  ( -0.000000000000000000, 1.000000000000000000, -0.000000000000000000 ) ) ;
#2525 =( LENGTH_UNIT ( ) NAMED_UNIT ( * ) SI_UNIT ( .MILLI., .METRE. ) );
#2526 = CARTESIAN_POINT ( 'NONE',  ( -0.9999999999999995559, 1.800000000000000488, 0.3849999999999999534 ) ) ;
#2527 = SURFACE_SIDE_STYLE ('',( #9216 ) ) ;
#2528 = CARTESIAN_POINT ( 'NONE',  ( 11.62999999999999723, 0.000000000000000000, -0.6499999999999991340 ) ) ;
#2529 = ORIENTED_EDGE ( 'NONE', *, *, #5012, .T. ) ;
#2530 = EDGE_CURVE ( 'NONE', #7329, #529, #3905, .T. ) ;
#2531 = AXIS2_PLACEMENT_3D ( 'NONE', #625, #6592, #3708 ) ;
#2532 = CARTESIAN_POINT ( 'NONE',  ( 1.853245067392238710, 8.000000000000000000, -0.6500000000000030198 ) ) ;
#2533 = ADVANCED_FACE ( 'NONE', ( #6104 ), #8981, .F. ) ;
#2534 = CARTESIAN_POINT ( 'NONE',  ( 9.834744180118196510, 5.589454083063166046, -0.3500000000000003109 ) ) ;
#2535 = ORIENTED_EDGE ( 'NONE', *, *, #1441, .F. ) ;
#2536 = VERTEX_POINT ( 'NONE', #170 ) ;
#2537 = VECTOR ( 'NONE', #653, 1000.000000000000000 ) ;
#2538 = CARTESIAN_POINT ( 'NONE',  ( 10.92122078687020093, 5.920464898423896116, -0.3500000000000003109 ) ) ;
#2539 = UNCERTAINTY_MEASURE_WITH_UNIT (LENGTH_MEASURE( 1.000000000000000082E-05 ), #2565, 'distance_accuracy_value', 'NONE');
#2540 = PLANE ( 'NONE',  #3335 ) ;
#2541 = LINE ( 'NONE', #3281, #1852 ) ;
#2542 = EDGE_CURVE ( 'NONE', #9071, #1821, #5384, .T. ) ;
#2543 = VERTEX_POINT ( 'NONE', #6781 ) ;
#2544 = CARTESIAN_POINT ( 'NONE',  ( 0.000000000000000000, 6.299999999999999822, 0.3499999999999999778 ) ) ;
#2545 = ADVANCED_FACE ( 'NONE', ( #8262 ), #8394, .F. ) ;
#2546 = CARTESIAN_POINT ( 'NONE',  ( 4.730000000000001315, -2.800000000000001155, 0.3499999999999998113 ) ) ;
#2547 = CARTESIAN_POINT ( 'NONE',  ( 5.430000000000000604, 8.199999999999999289, -0.3500000000000000333 ) ) ;
#2548 = CARTESIAN_POINT ( 'NONE',  ( 11.16000000000000014, 0.5000000000000000000, -0.3500000000000000888 ) ) ;
#2549 = EDGE_LOOP ( 'NONE', ( #6210, #2222, #1360, #3861 ) ) ;
#2550 = CARTESIAN_POINT ( 'NONE',  ( 9.299835643297027943, 5.218128553112201473, 0.3499999999999997002 ) ) ;
#2551 = VECTOR ( 'NONE', #3779, 1000.000000000000000 ) ;
#2552 = CARTESIAN_POINT ( 'NONE',  ( 0.000000000000000000, -3.000000000000000000, 0.3499999999999999778 ) ) ;
#2553 = CARTESIAN_POINT ( 'NONE',  ( 10.84675493260776236, 10.39117142264903570, -0.6500000000000030198 ) ) ;
#2554 = PRESENTATION_STYLE_ASSIGNMENT (( #7003 ) ) ;
#2555 =( NAMED_UNIT ( * ) SI_UNIT ( $, .STERADIAN. ) SOLID_ANGLE_UNIT ( ) );
#2556 = VECTOR ( 'NONE', #2010, 1000.000000000000114 ) ;
#2557 = LINE ( 'NONE', #6272, #6389 ) ;
#2558 = ADVANCED_FACE ( 'NONE', ( #8349 ), #4548, .F. ) ;
#2559 = VECTOR ( 'NONE', #2, 1000.000000000000000 ) ;
#2560 = FILL_AREA_STYLE ('',( #9348 ) ) ;
#2561 = VECTOR ( 'NONE', #3551, 1000.000000000000000 ) ;
#2562 = DIRECTION ( 'NONE',  ( 1.000000000000000000, 0.000000000000000000, 0.000000000000000000 ) ) ;
#2563 = DIRECTION ( 'NONE',  ( 0.000000000000000000, -0.000000000000000000, -1.000000000000000000 ) ) ;
#2564 = CARTESIAN_POINT ( 'NONE',  ( 0.8592672355229086234, 5.226749775238715756, -0.3500000000000001443 ) ) ;
#2565 =( LENGTH_UNIT ( ) NAMED_UNIT ( * ) SI_UNIT ( .MILLI., .METRE. ) );
#2566 = ORIENTED_EDGE ( 'NONE', *, *, #7462, .F. ) ;
#2567 = LINE ( 'NONE', #8472, #9409 ) ;
#2568 = ORIENTED_EDGE ( 'NONE', *, *, #2834, .T. ) ;
#2569 = VECTOR ( 'NONE', #3507, 1000.000000000000000 ) ;
#2570 = PRESENTATION_LAYER_ASSIGNMENT (  '', '', ( #8199 ) ) ;
#2571 = CARTESIAN_POINT ( 'NONE',  ( 8.619999999999999218, 6.299999999999999822, 0.1283333333333330495 ) ) ;
#2572 = CARTESIAN_POINT ( 'NONE',  ( 11.16000000000000192, 1.800000000000000488, 0.3849999999999996203 ) ) ;
#2573 = ORIENTED_EDGE ( 'NONE', *, *, #5928, .T. ) ;
#2574 =( BOUNDED_CURVE ( )  B_SPLINE_CURVE ( 3, ( #8375, #1688, #4670, #3932 ),
 .UNSPECIFIED., .F., .T. ) 
 B_SPLINE_CURVE_WITH_KNOTS ( ( 4, 4 ),
 ( 3.924083526751089845, 4.712388980384689674 ),
 .UNSPECIFIED. ) 
 CURVE ( )  GEOMETRIC_REPRESENTATION_ITEM ( )  RATIONAL_B_SPLINE_CURVE ( ( 1.000000000000000000, 0.9488815137910379116, 0.9488815137910379116, 1.000000000000000000 ) ) 
 REPRESENTATION_ITEM ( '' )  );
#2575 = PRESENTATION_STYLE_ASSIGNMENT (( #5765 ) ) ;
#2576 = ADVANCED_FACE ( 'NONE', ( #727 ), #1664, .F. ) ;
#2577 = ORIENTED_EDGE ( 'NONE', *, *, #113, .T. ) ;
#2578 = ORIENTED_EDGE ( 'NONE', *, *, #3270, .T. ) ;
#2579 = EDGE_CURVE ( 'NONE', #6091, #8021, #3994, .T. ) ;
#2580 = AXIS2_PLACEMENT_3D ( 'NONE', #8553, #4857, #1125 ) ;
#2581 = CARTESIAN_POINT ( 'NONE',  ( 2.988193045422142369, 5.884855341312110077, 0.3499999999999998668 ) ) ;
#2582 =( LENGTH_UNIT ( ) NAMED_UNIT ( * ) SI_UNIT ( .MILLI., .METRE. ) );
#2583 = PRESENTATION_STYLE_ASSIGNMENT (( #2741 ) ) ;
#2584 = CARTESIAN_POINT ( 'NONE',  ( 7.620000000000000107, 6.500000000000000888, -1.155688030012021264E-15 ) ) ;
#2585 =( NAMED_UNIT ( * ) SI_UNIT ( $, .STERADIAN. ) SOLID_ANGLE_UNIT ( ) );
#2586 = ORIENTED_EDGE ( 'NONE', *, *, #1337, .T. ) ;
#2587 = CARTESIAN_POINT ( 'NONE',  ( 10.94753610838457014, 5.774771377977486964, 0.3499999999999997558 ) ) ;
#2588 = LINE ( 'NONE', #6886, #7002 ) ;
#2589 = ORIENTED_EDGE ( 'NONE', *, *, #4407, .F. ) ;
#2590 = ORIENTED_EDGE ( 'NONE', *, *, #6765, .F. ) ;
#2591 = EDGE_CURVE ( 'NONE', #8552, #8088, #782, .T. ) ;
#2592 = VECTOR ( 'NONE', #6351, 1000.000000000000000 ) ;
#2593 = DIRECTION ( 'NONE',  ( 0.000000000000000000, 3.097720492815727166E-16, 1.000000000000000000 ) ) ;
#2594 = LINE ( 'NONE', #4806, #412 ) ;
#2595 = LINE ( 'NONE', #1763, #4918 ) ;
#2596 = PLANE ( 'NONE',  #3553 ) ;
#2597 = ORIENTED_EDGE ( 'NONE', *, *, #9499, .F. ) ;
#2598 = SURFACE_STYLE_FILL_AREA ( #9231 ) ;
#2599 = DIRECTION ( 'NONE',  ( -3.097720492815726426E-17, 1.000000000000000000, 0.000000000000000000 ) ) ;
#2600 = CARTESIAN_POINT ( 'NONE',  ( 1.540000000000000702, 0.8000000000000004885, 0.3499999999999998668 ) ) ;
#2601 = ORIENTED_EDGE ( 'NONE', *, *, #8487, .T. ) ;
#2602 = CARTESIAN_POINT ( 'NONE',  ( 4.393245067392238745, 6.500000000000000888, 0.3499999999999989231 ) ) ;
#2603 = VECTOR ( 'NONE', #5996, 1000.000000000000000 ) ;
#2604 = CARTESIAN_POINT ( 'NONE',  ( -0.4999999999999985012, 6.084152315493286167, 0.3499999999999999223 ) ) ;
#2605 = CARTESIAN_POINT ( 'NONE',  ( 8.564695486956164672, 4.083092593512565038, -0.3500000000000002554 ) ) ;
#2606 = CARTESIAN_POINT ( 'NONE',  ( 0.7000000000000006217, 0.5000000000000006661, 0.3499999999999999778 ) ) ;
#2607 = EDGE_CURVE ( 'NONE', #2462, #9079, #1019, .T. ) ;
#2608 =( NAMED_UNIT ( * ) SI_UNIT ( $, .STERADIAN. ) SOLID_ANGLE_UNIT ( ) );
#2609 = DIRECTION ( 'NONE',  ( -3.097720492815726426E-17, 1.000000000000000000, 0.000000000000000000 ) ) ;
#2610 = CARTESIAN_POINT ( 'NONE',  ( 1.853245067392238710, 10.39117142264903570, -0.6500000000000030198 ) ) ;
#2612 = AXIS2_PLACEMENT_3D ( 'NONE', #5079, #1342, #8053 ) ;
#2611 = DIRECTION ( 'NONE',  ( 0.000000000000000000, -0.000000000000000000, -1.000000000000000000 ) ) ;
#2613 = SURFACE_STYLE_FILL_AREA ( #6333 ) ;
#2614 =( NAMED_UNIT ( * ) PLANE_ANGLE_UNIT ( ) SI_UNIT ( $, .RADIAN. ) );
#2615 = CARTESIAN_POINT ( 'NONE',  ( 4.279832123124273302, 5.699693040756022455, 0.3499999999999999223 ) ) ;
#2616 = EDGE_LOOP ( 'NONE', ( #522, #1110, #3765, #911 ) ) ;
#2617 = PRESENTATION_LAYER_ASSIGNMENT (  '', '', ( #1844 ) ) ;
#2618 = ORIENTED_EDGE ( 'NONE', *, *, #3358, .F. ) ;
#2619 = ADVANCED_FACE ( 'NONE', ( #24 ), #6060, .T. ) ;
#2620 = VECTOR ( 'NONE', #2625, 1000.000000000000000 ) ;
#2621 = FACE_OUTER_BOUND ( 'NONE', #689, .T. ) ;
#2622 = PRESENTATION_STYLE_ASSIGNMENT (( #9305 ) ) ;
#2623 = VERTEX_POINT ( 'NONE', #226 ) ;
#2624 = CIRCLE ( 'NONE', #5758, 0.2999999999999999334 ) ;
#2625 = DIRECTION ( 'NONE',  ( -0.000000000000000000, -0.000000000000000000, 1.000000000000000000 ) ) ;
#2626 = ORIENTED_EDGE ( 'NONE', *, *, #4438, .T. ) ;
#2627 = ORIENTED_EDGE ( 'NONE', *, *, #1514, .F. ) ;
#2628 = AXIS2_PLACEMENT_3D ( 'NONE', #2429, #2293, #8396 ) ;
#2629 =( BOUNDED_SURFACE ( )  B_SPLINE_SURFACE ( 3, 1, ( 
 ( #2889, #5464 ),
 ( #6680, #8115 ),
 ( #7521, #9667 ),
 ( #671, #5869 ) ),
 .UNSPECIFIED., .F., .F., .T. ) 
 B_SPLINE_SURFACE_WITH_KNOTS ( ( 4, 4 ),
 ( 2, 2 ),
 ( 0.000000000000000000, 1.000000000000000000 ),
 ( 0.000000000000000000, 1.000000000000000000 ),
 .UNSPECIFIED. ) 
 GEOMETRIC_REPRESENTATION_ITEM ( )  RATIONAL_B_SPLINE_SURFACE ( (
 ( 1.000000000000000000, 1.000000000000000000),
 ( 0.9488815137910379116, 0.9488815137910379116),
 ( 0.9488815137910379116, 0.9488815137910379116),
 ( 1.000000000000000000, 1.000000000000000000) ) ) 
 REPRESENTATION_ITEM ( '' )  SURFACE ( )  );
#2630 = CARTESIAN_POINT ( 'NONE',  ( 3.039999999999998259, 6.299999999999999822, 0.3499999999999998668 ) ) ;
#2631 = DIRECTION ( 'NONE',  ( 0.000000000000000000, 0.000000000000000000, 1.000000000000000000 ) ) ;
#2632 = ADVANCED_FACE ( 'NONE', ( #5622 ), #3952, .F. ) ;
#2633 = CARTESIAN_POINT ( 'NONE',  ( 9.810000000000000497, 8.199999999999999289, 0.3499999999999999778 ) ) ;
#2634 = DIRECTION ( 'NONE',  ( -0.000000000000000000, -1.668003342285388099E-16, -1.000000000000000000 ) ) ;
#2635 = CARTESIAN_POINT ( 'NONE',  ( 5.579999999999999183, 6.299999999999999822, -0.3500000000000001443 ) ) ;
#2636 = ORIENTED_EDGE ( 'NONE', *, *, #2650, .T. ) ;
#2637 = STYLED_ITEM ( 'NONE', ( #2317 ), #5801 ) ;
#2638 = AXIS2_PLACEMENT_3D ( 'NONE', #3857, #8840, #9034 ) ;
#2639 = EDGE_CURVE ( 'NONE', #5452, #4128, #8724, .T. ) ;
#2640 = DIRECTION ( 'NONE',  ( 0.7071067811865489050, -0.7071067811865460184, 0.000000000000000000 ) ) ;
#2641 = ORIENTED_EDGE ( 'NONE', *, *, #6827, .T. ) ;
#2642 = CARTESIAN_POINT ( 'NONE',  ( 10.16000000000000014, 0.5000000000000005551, -0.3500000000000003109 ) ) ;
#2643 = ORIENTED_EDGE ( 'NONE', *, *, #1237, .T. ) ;
#2644 = DIRECTION ( 'NONE',  ( 1.121588454295349533E-16, -1.000000000000000000, 0.000000000000000000 ) ) ;
#2645 =( NAMED_UNIT ( * ) SI_UNIT ( $, .STERADIAN. ) SOLID_ANGLE_UNIT ( ) );
#2646 = CARTESIAN_POINT ( 'NONE',  ( 5.601845733883980216, 5.626229152235330488, -0.3500000000000001443 ) ) ;
#2647 = VERTEX_POINT ( 'NONE', #9213 ) ;
#2648 = DIRECTION ( 'NONE',  ( 0.000000000000000000, 0.000000000000000000, 1.000000000000000000 ) ) ;
#2649 = DIRECTION ( 'NONE',  ( 0.000000000000000000, 0.000000000000000000, -1.000000000000000000 ) ) ;
#2650 = EDGE_CURVE ( 'NONE', #3175, #725, #6976, .T. ) ;
#2651 = VERTEX_POINT ( 'NONE', #276 ) ;
#2652 = DIRECTION ( 'NONE',  ( 1.000000000000000000, 0.000000000000000000, 0.000000000000000000 ) ) ;
#2653 = PRESENTATION_LAYER_ASSIGNMENT (  '', '', ( #1398 ) ) ;
#2655 = EDGE_CURVE ( 'NONE', #8324, #7473, #5475, .T. ) ;
#2654 = CARTESIAN_POINT ( 'NONE',  ( 10.16000000000000014, 0.000000000000000000, 0.3499999999999996447 ) ) ;
#2656 = LINE ( 'NONE', #4258, #4969 ) ;
#2657 = FILL_AREA_STYLE ('',( #7795 ) ) ;
#2658 = DIRECTION ( 'NONE',  ( 0.000000000000000000, 1.668003342285388099E-16, 1.000000000000000000 ) ) ;
#2659 = CARTESIAN_POINT ( 'NONE',  ( 2.040000000000001812, 6.299999999999999822, -0.3500000000000000888 ) ) ;
#2660 = FACE_OUTER_BOUND ( 'NONE', #4647, .T. ) ;
#2661 = DIRECTION ( 'NONE',  ( -1.000000000000000000, 0.000000000000000000, 0.000000000000000000 ) ) ;
#2662 = CARTESIAN_POINT ( 'NONE',  ( -0.7805695519715506459, 5.815522798723463893, 0.3499999999999999778 ) ) ;
#2663 = PRESENTATION_LAYER_ASSIGNMENT (  '', '', ( #311 ) ) ;
#2664 = PRESENTATION_STYLE_ASSIGNMENT (( #2026 ) ) ;
#2665 = CARTESIAN_POINT ( 'NONE',  ( 6.023567834114157193, 4.104507585657628077, -0.3500000000000001443 ) ) ;
#2666 = CARTESIAN_POINT ( 'NONE',  ( 0.9816606796124074386, 3.374693912578979216, -0.3499999999999999223 ) ) ;
#2667 = SURFACE_STYLE_USAGE ( .BOTH. , #5657 ) ;
#2668 = EDGE_CURVE ( 'NONE', #6984, #4662, #5809, .T. ) ;
#2669 = EDGE_CURVE ( 'NONE', #5734, #2779, #2032, .T. ) ;
#2670 = PRESENTATION_LAYER_ASSIGNMENT (  '', '', ( #6713 ) ) ;
#2671 = ORIENTED_EDGE ( 'NONE', *, *, #6475, .T. ) ;
#2672 = AXIS2_PLACEMENT_3D ( 'NONE', #9684, #3518, #6513 ) ;
#2673 = CARTESIAN_POINT ( 'NONE',  ( 2.189999999999999947, 8.000000000000000000, 0.3499999999999999778 ) ) ;
#2674 = CARTESIAN_POINT ( 'NONE',  ( 3.061845733883979737, 5.626229152235330488, 0.3499999999999998668 ) ) ;
#2675 = ORIENTED_EDGE ( 'NONE', *, *, #6346, .T. ) ;
#2676 = SURFACE_STYLE_FILL_AREA ( #7022 ) ;
#2677 = VECTOR ( 'NONE', #3837, 1000.000000000000000 ) ;
#2678 = ADVANCED_FACE ( 'NONE', ( #3271 ), #4276, .F. ) ;
#2679 = ADVANCED_FACE ( 'NONE', ( #8490 ), #1293, .F. ) ;
#2680 = UNCERTAINTY_MEASURE_WITH_UNIT (LENGTH_MEASURE( 1.000000000000000082E-05 ), #4793, 'distance_accuracy_value', 'NONE');
#2681 = SHAPE_DEFINITION_REPRESENTATION ( #437, #8186 ) ;
#2682 = ORIENTED_EDGE ( 'NONE', *, *, #4133, .F. ) ;
#2683 = ORIENTED_EDGE ( 'NONE', *, *, #5604, .F. ) ;
#2684 = CARTESIAN_POINT ( 'NONE',  ( 2.189999999999999947, 0.000000000000000000, 0.3499999999999999778 ) ) ;
#2685 = ADVANCED_FACE ( 'NONE', ( #2825 ), #4096, .T. ) ;
#2686 = FILL_AREA_STYLE_COLOUR ( '', #3701 ) ;
#2687 = CARTESIAN_POINT ( 'NONE',  ( 8.408156929004345415, 5.771059683742178592, 0.3499999999999997002 ) ) ;
#2688 = CARTESIAN_POINT ( 'NONE',  ( 3.540000000000000480, 1.800000000000000488, 0.3499999999999998668 ) ) ;
#2689 = ORIENTED_EDGE ( 'NONE', *, *, #9553, .T. ) ;
#2690 = VERTEX_POINT ( 'NONE', #4330 ) ;
#2691 = MECHANICAL_DESIGN_GEOMETRIC_PRESENTATION_REPRESENTATION (  '', ( #1906 ), #5665 ) ;
#2692 = CARTESIAN_POINT ( 'NONE',  ( 5.080000000000000071, 1.700000000000000178, -0.3500000000000001443 ) ) ;
#2693 = ORIENTED_EDGE ( 'NONE', *, *, #8136, .T. ) ;
#2694 =( BOUNDED_SURFACE ( )  B_SPLINE_SURFACE ( 3, 1, ( 
 ( #1418, #1469 ),
 ( #6598, #631 ),
 ( #8083, #4358 ),
 ( #7484, #5157 ) ),
 .UNSPECIFIED., .F., .F., .F. ) 
 B_SPLINE_SURFACE_WITH_KNOTS ( ( 4, 4 ),
 ( 2, 2 ),
 ( 0.000000000000000000, 1.000000000000000000 ),
 ( 0.000000000000000000, 1.000000000000000000 ),
 .UNSPECIFIED. ) 
 GEOMETRIC_REPRESENTATION_ITEM ( )  RATIONAL_B_SPLINE_SURFACE ( (
 ( 1.000000000000000000, 1.000000000000000000),
 ( 0.9488815137910379116, 0.9488815137910379116),
 ( 0.9488815137910379116, 0.9488815137910379116),
 ( 1.000000000000000000, 1.000000000000000000) ) ) 
 REPRESENTATION_ITEM ( '' )  SURFACE ( )  );
#2695 = CARTESIAN_POINT ( 'NONE',  ( 10.96016787687576688, 5.699693040755677842, -0.3500000000000002554 ) ) ;
#2696 = FILL_AREA_STYLE ('',( #7225 ) ) ;
#2697 = PLANE ( 'NONE',  #4334 ) ;
#2698 = AXIS2_PLACEMENT_3D ( 'NONE', #2584, #7129, #5775 ) ;
#2699 = CARTESIAN_POINT ( 'NONE',  ( 3.329603038017698857, 5.762359718948174780, 0.3499999999999999778 ) ) ;
#2700 = DIRECTION ( 'NONE',  ( 3.097720492815726426E-17, -1.000000000000000000, 0.000000000000000000 ) ) ;
#2701 = EDGE_CURVE ( 'NONE', #4603, #7309, #1341, .T. ) ;
#2702 = VERTEX_POINT ( 'NONE', #602 ) ;
#2703 = LINE ( 'NONE', #2805, #3110 ) ;
#2704 = CARTESIAN_POINT ( 'NONE',  ( 1.540000000000000036, 6.500000000000000888, 0.3499999999999989231 ) ) ;
#2705 = CARTESIAN_POINT ( 'NONE',  ( 8.119999999999999218, 6.299999999999999822, 0.3499999999999997002 ) ) ;
#2706 = ORIENTED_EDGE ( 'NONE', *, *, #3019, .F. ) ;
#2707 = CARTESIAN_POINT ( 'NONE',  ( 9.178339320387596700, 3.374693912574938448, 0.3499999999999998113 ) ) ;
#2708 = FILL_AREA_STYLE_COLOUR ( '', #7913 ) ;
#2709 = LINE ( 'NONE', #8659, #559 ) ;
#2710 = DIRECTION ( 'NONE',  ( 0.6546536707079770867, 0.3779644730092270311, -0.6546536707079771977 ) ) ;
#2711 = EDGE_CURVE ( 'NONE', #537, #3925, #3221, .T. ) ;
#2712 = CARTESIAN_POINT ( 'NONE',  ( 5.430000000000000604, 8.000000000000000000, 0.3499999999999999778 ) ) ;
#2713 = LINE ( 'NONE', #1191, #4546 ) ;
#2714 = SURFACE_SIDE_STYLE ('',( #4030 ) ) ;
#2715 = FILL_AREA_STYLE_COLOUR ( '', #5241 ) ;
#2716 = VECTOR ( 'NONE', #8522, 1000.000000000000000 ) ;
#2717 = DIRECTION ( 'NONE',  ( 1.000000000000000000, 0.000000000000000000, -3.310540984688563971E-17 ) ) ;
#2718 = CARTESIAN_POINT ( 'NONE',  ( 0.8556901891659164372, 5.260692584315791009, -0.3499999999999999778 ) ) ;
#2719 = AXIS2_PLACEMENT_3D ( 'NONE', #7699, #310, #6235 ) ;
#2720 =( NAMED_UNIT ( * ) PLANE_ANGLE_UNIT ( ) SI_UNIT ( $, .RADIAN. ) );
#2721 = CARTESIAN_POINT ( 'NONE',  ( 5.680000000000000604, 6.299999999999999822, 0.1166666666666664187 ) ) ;
#2722 = ORIENTED_EDGE ( 'NONE', *, *, #8373, .F. ) ;
#2723 = CIRCLE ( 'NONE', #674, 0.1999999999999996503 ) ;
#2724 = VECTOR ( 'NONE', #4347, 1000.000000000000000 ) ;
#2725 =( NAMED_UNIT ( * ) PLANE_ANGLE_UNIT ( ) SI_UNIT ( $, .RADIAN. ) );
#2726 = LINE ( 'NONE', #9400, #9175 ) ;
#2727 =( NAMED_UNIT ( * ) PLANE_ANGLE_UNIT ( ) SI_UNIT ( $, .RADIAN. ) );
#2728 = EDGE_CURVE ( 'NONE', #7965, #5905, #8519, .T. ) ;
#2729 = VERTEX_POINT ( 'NONE', #4075 ) ;
#2730 = CARTESIAN_POINT ( 'NONE',  ( 7.171806954577857773, 5.884855341312109189, 0.3499999999999997558 ) ) ;
#2731 = LINE ( 'NONE', #1669, #8245 ) ;
#2732 =( GEOMETRIC_REPRESENTATION_CONTEXT ( 3 ) GLOBAL_UNCERTAINTY_ASSIGNED_CONTEXT ( ( #4666 ) ) GLOBAL_UNIT_ASSIGNED_CONTEXT ( ( #6784, #3757, #3042 ) ) REPRESENTATION_CONTEXT ( 'NONE', 'WORKASPACE' ) );
#2733 = UNCERTAINTY_MEASURE_WITH_UNIT (LENGTH_MEASURE( 1.000000000000000082E-05 ), #331, 'distance_accuracy_value', 'NONE');
#2734 = STYLED_ITEM ( 'NONE', ( #1871 ), #1959 ) ;
#2735 = ORIENTED_EDGE ( 'NONE', *, *, #7119, .F. ) ;
#2736 = COLOUR_RGB ( '',0.8313725490196077761, 0.6705882352941175961, 0.1294117647058823373 ) ;
#2737 = ORIENTED_EDGE ( 'NONE', *, *, #987, .T. ) ;
#2738 = UNCERTAINTY_MEASURE_WITH_UNIT (LENGTH_MEASURE( 1.000000000000000082E-05 ), #4064, 'distance_accuracy_value', 'NONE');
#2739 = EDGE_CURVE ( 'NONE', #1845, #2127, #7798, .T. ) ;
#2740 = LINE ( 'NONE', #2786, #3955 ) ;
#2741 = SURFACE_STYLE_USAGE ( .BOTH. , #3402 ) ;
#2742 = CARTESIAN_POINT ( 'NONE',  ( 8.534708104564600717, 4.597665842580767936, 0.3499999999999997002 ) ) ;
#2743 = LINE ( 'NONE', #8689, #6001 ) ;
#2744 =( GEOMETRIC_REPRESENTATION_CONTEXT ( 3 ) GLOBAL_UNCERTAINTY_ASSIGNED_CONTEXT ( ( #4807 ) ) GLOBAL_UNIT_ASSIGNED_CONTEXT ( ( #6418, #5880, #8844 ) ) REPRESENTATION_CONTEXT ( 'NONE', 'WORKASPACE' ) );
#2745 = EDGE_LOOP ( 'NONE', ( #4232, #8513, #7584, #5278 ) ) ;
#2746 = ORIENTED_EDGE ( 'NONE', *, *, #7865, .F. ) ;
#2747 = CARTESIAN_POINT ( 'NONE',  ( 0.000000000000000000, 6.299999999999999822, 0.3499999999999999778 ) ) ;
#2748 = EDGE_LOOP ( 'NONE', ( #4152, #1794, #5382, #6199 ) ) ;
#2749 = VECTOR ( 'NONE', #7010, 1000.000000000000000 ) ;
#2750 = DIRECTION ( 'NONE',  ( 1.000000000000000000, 0.000000000000000000, 0.000000000000000000 ) ) ;
#2751 = CARTESIAN_POINT ( 'NONE',  ( -5.421010862427528333E-17, 0.5000000000000005551, 0.3499999999999999778 ) ) ;
#2752 = CARTESIAN_POINT ( 'NONE',  ( -0.3252558198818047974, 5.589454083063166046, 0.3499999999999999778 ) ) ;
#2753 = DIRECTION ( 'NONE',  ( -1.000000000000000000, -3.097720492815726426E-17, 0.000000000000000000 ) ) ;
#2755 = ORIENTED_EDGE ( 'NONE', *, *, #3247, .T. ) ;
#2754 = AXIS2_PLACEMENT_3D ( 'NONE', #9075, #6684, #1516 ) ;
#2756 =( LENGTH_UNIT ( ) NAMED_UNIT ( * ) SI_UNIT ( .MILLI., .METRE. ) );
#2757 = DIRECTION ( 'NONE',  ( 0.000000000000000000, -1.000000000000000000, 1.668003342285391551E-16 ) ) ;
#2758 = LINE ( 'NONE', #1370, #9009 ) ;
#2759 = ORIENTED_EDGE ( 'NONE', *, *, #7442, .F. ) ;
#2760 = DIRECTION ( 'NONE',  ( -1.121588454295349780E-16, 1.000000000000000000, 0.000000000000000000 ) ) ;
#2761 = CARTESIAN_POINT ( 'NONE',  ( -1.000000000000000000, 6.500000000000000888, -0.3500000000000010880 ) ) ;
#2762 = DIRECTION ( 'NONE',  ( 0.000000000000000000, 1.000000000000000000, -1.668003342285391551E-16 ) ) ;
#2763 = LINE ( 'NONE', #4974, #8376 ) ;
#2764 = FILL_AREA_STYLE ('',( #6696 ) ) ;
#2765 = EDGE_CURVE ( 'NONE', #6689, #8058, #4028, .T. ) ;
#2766 = CARTESIAN_POINT ( 'NONE',  ( 4.727475984454220459, 5.732672356334980179, -0.3500000000000001443 ) ) ;
#2767 = VECTOR ( 'NONE', #8992, 1000.000000000000000 ) ;
#2768 = DIRECTION ( 'NONE',  ( 0.000000000000000000, 3.097720492815727166E-16, 1.000000000000000000 ) ) ;
#2769 = CARTESIAN_POINT ( 'NONE',  ( 0.4481930454221421667, 5.884855341312110077, 0.3499999999999999778 ) ) ;
#2770 = FACE_OUTER_BOUND ( 'NONE', #1756, .T. ) ;
#2771 = EDGE_CURVE ( 'NONE', #6863, #6869, #9437, .T. ) ;
#2772 = CARTESIAN_POINT ( 'NONE',  ( 0.3500000000000009215, -2.800000000000001155, 0.3499999999999999778 ) ) ;
#2773 = ORIENTED_EDGE ( 'NONE', *, *, #3621, .T. ) ;
#2774 = VECTOR ( 'NONE', #5693, 1000.000000000000000 ) ;
#2775 = FACE_OUTER_BOUND ( 'NONE', #7025, .T. ) ;
#2776 = FACE_OUTER_BOUND ( 'NONE', #8125, .T. ) ;
#2777 =( NAMED_UNIT ( * ) PLANE_ANGLE_UNIT ( ) SI_UNIT ( $, .RADIAN. ) );
#2778 = UNCERTAINTY_MEASURE_WITH_UNIT (LENGTH_MEASURE( 1.000000000000000082E-05 ), #5983, 'distance_accuracy_value', 'NONE');
#2779 = VERTEX_POINT ( 'NONE', #3333 ) ;
#2780 = CARTESIAN_POINT ( 'NONE',  ( -1.469999999999999973, 8.500000000000000000, 1.199999999999999956 ) ) ;
#2781 = CARTESIAN_POINT ( 'NONE',  ( 5.543356898907902064, 1.699999999999999289, 0.3499999999999997558 ) ) ;
#2782 = VECTOR ( 'NONE', #9548, 1000.000000000000000 ) ;
#2783 = VECTOR ( 'NONE', #25, 1000.000000000000000 ) ;
#2784 = ORIENTED_EDGE ( 'NONE', *, *, #3228, .F. ) ;
#2785 = ORIENTED_EDGE ( 'NONE', *, *, #5594, .T. ) ;
#2786 = CARTESIAN_POINT ( 'NONE',  ( 0.3500000000000000333, 8.000000000000000000, 0.3499999999999999778 ) ) ;
#2787 = ADVANCED_FACE ( 'NONE', ( #6467 ), #7199, .F. ) ;
#2788 =( GEOMETRIC_REPRESENTATION_CONTEXT ( 3 ) GLOBAL_UNCERTAINTY_ASSIGNED_CONTEXT ( ( #7915 ) ) GLOBAL_UNIT_ASSIGNED_CONTEXT ( ( #6870, #6823, #8975 ) ) REPRESENTATION_CONTEXT ( 'NONE', 'WORKASPACE' ) );
#2789 = CARTESIAN_POINT ( 'NONE',  ( 9.160000000000001918, 0.8000000000000004885, 0.3499999999999996447 ) ) ;
#2790 = LINE ( 'NONE', #666, #3482 ) ;
#2791 = VERTEX_POINT ( 'NONE', #1238 ) ;
#2792 = STYLED_ITEM ( 'NONE', ( #4701 ), #3009 ) ;
#2793 = CARTESIAN_POINT ( 'NONE',  ( -0.3252558198818047974, 5.589454083063166046, -0.3499999999999999778 ) ) ;
#2794 = ORIENTED_EDGE ( 'NONE', *, *, #5421, .F. ) ;
#2795 =( NAMED_UNIT ( * ) SI_UNIT ( $, .STERADIAN. ) SOLID_ANGLE_UNIT ( ) );
#2796 =( GEOMETRIC_REPRESENTATION_CONTEXT ( 3 ) GLOBAL_UNCERTAINTY_ASSIGNED_CONTEXT ( ( #4227 ) ) GLOBAL_UNIT_ASSIGNED_CONTEXT ( ( #7921, #7719, #6299 ) ) REPRESENTATION_CONTEXT ( 'NONE', 'WORKASPACE' ) );
#2797 = EDGE_LOOP ( 'NONE', ( #1840, #7094, #6777, #3268 ) ) ;
#2798 = EDGE_CURVE ( 'NONE', #1324, #672, #1137, .T. ) ;
#2799 =( NAMED_UNIT ( * ) PLANE_ANGLE_UNIT ( ) SI_UNIT ( $, .RADIAN. ) );
#2800 = SURFACE_STYLE_USAGE ( .BOTH. , #9377 ) ;
#2801 = CARTESIAN_POINT ( 'NONE',  ( 0.3252558198818050195, 5.589454083063163381, 0.3499999999999999778 ) ) ;
#2802 = CARTESIAN_POINT ( 'NONE',  ( 3.185466478527304801, 3.877691542223586030, -0.3500000000000001443 ) ) ;
#2803 = VECTOR ( 'NONE', #5076, 1000.000000000000000 ) ;
#2804 = VERTEX_POINT ( 'NONE', #300 ) ;
#2805 = CARTESIAN_POINT ( 'NONE',  ( 0.000000000000000000, 6.299999999999999822, 0.3499999999999999778 ) ) ;
#2806 = ADVANCED_FACE ( 'NONE', ( #6269 ), #4215, .F. ) ;
#2807 = LINE ( 'NONE', #5055, #6775 ) ;
#2808 = CARTESIAN_POINT ( 'NONE',  ( 4.230816522019154924, 5.324198710740767559, -0.3500000000000003109 ) ) ;
#2809 = VERTEX_POINT ( 'NONE', #1829 ) ;
#2810 = FACE_BOUND ( 'NONE', #8793, .T. ) ;
#2811 = EDGE_CURVE ( 'NONE', #1604, #4532, #6422, .T. ) ;
#2812 = SURFACE_STYLE_USAGE ( .BOTH. , #9386 ) ;
#2813 = ORIENTED_EDGE ( 'NONE', *, *, #8729, .F. ) ;
#2814 = LINE ( 'NONE', #5018, #2774 ) ;
#2815 = FILL_AREA_STYLE ('',( #7347 ) ) ;
#2816 = CARTESIAN_POINT ( 'NONE',  ( 7.294744180118195587, 5.589454083063166046, -0.3500000000000002554 ) ) ;
#2817 = DIRECTION ( 'NONE',  ( -1.000000000000000000, 0.000000000000000000, 0.000000000000000000 ) ) ;
#2818 = DIRECTION ( 'NONE',  ( -0.000000000000000000, 1.000000000000000000, -0.000000000000000000 ) ) ;
#2819 = CARTESIAN_POINT ( 'NONE',  ( 8.320000000000000284, 0.8000000000000007105, 0.3499999999999997002 ) ) ;
#2820 = CARTESIAN_POINT ( 'NONE',  ( 1.580000584798288088, 3.767448265748938763, -0.3500000000000000888 ) ) ;
#2821 = ADVANCED_FACE ( 'NONE', ( #4872 ), #9344, .F. ) ;
#2822 = SURFACE_STYLE_USAGE ( .BOTH. , #9500 ) ;
#2823 = LINE ( 'NONE', #2068, #6688 ) ;
#2824 = CARTESIAN_POINT ( 'NONE',  ( 6.770816522019155848, 5.324198710740767559, -0.3500000000000003109 ) ) ;
#2825 = FACE_OUTER_BOUND ( 'NONE', #3893, .T. ) ;
#2826 = ORIENTED_EDGE ( 'NONE', *, *, #4366, .F. ) ;
#2827 = PLANE ( 'NONE',  #6297 ) ;
#2828 = CARTESIAN_POINT ( 'NONE',  ( 3.226754932607761361, 6.500000000000000888, 0.3499999999999988676 ) ) ;
#2829 = EDGE_LOOP ( 'NONE', ( #1072, #604, #7340, #7514 ) ) ;
#2830 = ORIENTED_EDGE ( 'NONE', *, *, #1715, .F. ) ;
#2831 = CARTESIAN_POINT ( 'NONE',  ( 10.60819304542214248, 5.884855341312109189, 0.3499999999999996447 ) ) ;
#2832 = COLOUR_RGB ( '',0.8313725490196077761, 0.6705882352941175961, 0.1294117647058823373 ) ;
#2833 = DIRECTION ( 'NONE',  ( -0.000000000000000000, -0.000000000000000000, -1.000000000000000000 ) ) ;
#2834 = EDGE_CURVE ( 'NONE', #4483, #3443, #4171, .T. ) ;
#2835 = CARTESIAN_POINT ( 'NONE',  ( 0.6867549326077613259, 0.5000000000000002220, 0.3499999999999998668 ) ) ;
#2836 = SURFACE_STYLE_USAGE ( .BOTH. , #8880 ) ;
#2837 = CARTESIAN_POINT ( 'NONE',  ( 6.080000000000000959, 1.800000000000000488, 0.1166666666666664187 ) ) ;
#2838 = VERTEX_POINT ( 'NONE', #3425 ) ;
#2839 = SURFACE_STYLE_FILL_AREA ( #9665 ) ;
#2840 = EDGE_LOOP ( 'NONE', ( #3605, #9454, #9110, #1160 ) ) ;
#2841 = ORIENTED_EDGE ( 'NONE', *, *, #6668, .F. ) ;
#2842 = CARTESIAN_POINT ( 'NONE',  ( 9.696643101092098149, 1.700000000000000400, 0.3499999999999996447 ) ) ;
#2843 = EDGE_CURVE ( 'NONE', #6300, #4200, #5698, .T. ) ;
#2844 = CARTESIAN_POINT ( 'NONE',  ( 9.160000000000001918, 2.207665535523968714, -0.3500000000000003664 ) ) ;
#2845 = CARTESIAN_POINT ( 'NONE',  ( 4.115000000000001101, -1.575000000000001066, 0.3499999999999998668 ) ) ;
#2846 = ORIENTED_EDGE ( 'NONE', *, *, #2237, .F. ) ;
#2847 = EDGE_CURVE ( 'NONE', #1130, #657, #3720, .T. ) ;
#2848 = DIRECTION ( 'NONE',  ( -0.000000000000000000, -0.000000000000000000, -1.000000000000000000 ) ) ;
#2849 = CARTESIAN_POINT ( 'NONE',  ( 4.393245067392238745, 0.5000000000000000000, -0.6500000000000013545 ) ) ;
#2850 = CARTESIAN_POINT ( 'NONE',  ( 4.248546599915419719, 5.476966929916272875, -0.3500000000000001443 ) ) ;
#2851 = VERTEX_POINT ( 'NONE', #4261 ) ;
#2852 = CARTESIAN_POINT ( 'NONE',  ( 4.393245067392238745, 6.500000000000000888, -0.6500000000000017986 ) ) ;
#2853 = ORIENTED_EDGE ( 'NONE', *, *, #4748, .F. ) ;
#2854 = DIRECTION ( 'NONE',  ( -1.121588454295349780E-16, 1.000000000000000000, 0.000000000000000000 ) ) ;
#2855 = DIRECTION ( 'NONE',  ( 1.000000000000000000, 0.000000000000000000, 0.000000000000000000 ) ) ;
#2856 = EDGE_CURVE ( 'NONE', #3048, #7463, #8040, .T. ) ;
#2857 = DIRECTION ( 'NONE',  ( -0.7071067811865474617, -0.7071067811865474617, -0.000000000000000000 ) ) ;
#2858 = CARTESIAN_POINT ( 'NONE',  ( -5.421010862427528333E-17, 0.5000000000000005551, -0.3499999999999999778 ) ) ;
#2859 = LINE ( 'NONE', #5750, #317 ) ;
#2860 = ADVANCED_FACE ( 'NONE', ( #6605 ), #7241, .F. ) ;
#2861 = LINE ( 'NONE', #1426, #7878 ) ;
#2862 =( NAMED_UNIT ( * ) PLANE_ANGLE_UNIT ( ) SI_UNIT ( $, .RADIAN. ) );
#2863 = CARTESIAN_POINT ( 'NONE',  ( 5.854147136672700924, 5.851685420754298761, -0.3500000000000001443 ) ) ;
#2864 = CARTESIAN_POINT ( 'NONE',  ( -0.3499999999999992006, -1.084202172485501815E-17, -0.3499999999999999778 ) ) ;
#2865 = COLOUR_RGB ( '',0.8313725490196077761, 0.6705882352941175961, 0.1294117647058823373 ) ;
#2866 = CARTESIAN_POINT ( 'NONE',  ( 1.540000000000000480, 1.800000000000000488, -0.3500000000000000888 ) ) ;
#2867 = EDGE_CURVE ( 'NONE', #8128, #2130, #5797, .T. ) ;
#2868 = CARTESIAN_POINT ( 'NONE',  ( 8.620000000000000995, 1.800000000000000488, 0.3499999999999997002 ) ) ;
#2869 = CIRCLE ( 'NONE', #4734, 0.2999999999999999334 ) ;
#2870 =( NAMED_UNIT ( * ) SI_UNIT ( $, .STERADIAN. ) SOLID_ANGLE_UNIT ( ) );
#2871 = DIRECTION ( 'NONE',  ( 1.000000000000000000, 1.084202172485504434E-16, 0.000000000000000000 ) ) ;
#2872 = FILL_AREA_STYLE ('',( #6662 ) ) ;
#2873 = ORIENTED_EDGE ( 'NONE', *, *, #1225, .T. ) ;
#2874 = SURFACE_STYLE_FILL_AREA ( #3534 ) ;
#2875 = DIRECTION ( 'NONE',  ( 0.000000000000000000, -1.000000000000000000, 0.000000000000000000 ) ) ;
#2876 = ORIENTED_EDGE ( 'NONE', *, *, #7558, .T. ) ;
#2877 = AXIS2_PLACEMENT_3D ( 'NONE', #1403, #5090, #715 ) ;
#2878 = ORIENTED_EDGE ( 'NONE', *, *, #2422, .T. ) ;
#2879 = VECTOR ( 'NONE', #5362, 1000.000000000000000 ) ;
#2880 = CARTESIAN_POINT ( 'NONE',  ( 6.620000000000000107, 0.5000000000000000000, -0.3500000000000000888 ) ) ;
#2881 = DIRECTION ( 'NONE',  ( 0.000000000000000000, 1.000000000000000000, -1.668003342285391551E-16 ) ) ;
#2882 = EDGE_CURVE ( 'NONE', #8631, #2948, #1377, .T. ) ;
#2883 = DIRECTION ( 'NONE',  ( 0.000000000000000000, 1.668003342285391551E-16, 1.000000000000000000 ) ) ;
#2884 = SURFACE_STYLE_USAGE ( .BOTH. , #3495 ) ;
#2885 = ADVANCED_FACE ( 'NONE', ( #8755 ), #1424, .F. ) ;
#2886 = VECTOR ( 'NONE', #4710, 1000.000000000000000 ) ;
#2887 = PRESENTATION_LAYER_ASSIGNMENT (  '', '', ( #520 ) ) ;
#2888 = VERTEX_POINT ( 'NONE', #5064 ) ;
#2889 = CARTESIAN_POINT ( 'NONE',  ( 10.51252401554577887, 5.732672356334977515, 0.3499999999999996447 ) ) ;
#2890 = EDGE_CURVE ( 'NONE', #1985, #9272, #5206, .T. ) ;
#2891 = ORIENTED_EDGE ( 'NONE', *, *, #8453, .T. ) ;
#2892 = AXIS2_PLACEMENT_3D ( 'NONE', #3565, #7891, #2649 ) ;
#2893 = CARTESIAN_POINT ( 'NONE',  ( 3.409615242270666702, 8.500000000000000000, -0.8696152422706663332 ) ) ;
#2894 = DIRECTION ( 'NONE',  ( 1.000000000000000000, 0.000000000000000000, 0.000000000000000000 ) ) ;
#2895 = DIRECTION ( 'NONE',  ( 0.000000000000000000, 0.000000000000000000, 1.000000000000000000 ) ) ;
#2896 = EDGE_LOOP ( 'NONE', ( #1064, #4747, #6998, #2448 ) ) ;
#2897 = LINE ( 'NONE', #8989, #5443 ) ;
#2898 = CARTESIAN_POINT ( 'NONE',  ( 8.119999999999999218, 6.084152315493285279, 0.3499999999999997002 ) ) ;
#2899 = CARTESIAN_POINT ( 'NONE',  ( 4.212165113299160879, 5.142569796484067091, -0.3500000000000001998 ) ) ;
#2900 = ORIENTED_EDGE ( 'NONE', *, *, #3858, .F. ) ;
#2901 = CARTESIAN_POINT ( 'NONE',  ( 2.988193045422142369, 5.884855341312110966, 0.3499999999999999223 ) ) ;
#2902 = ORIENTED_EDGE ( 'NONE', *, *, #6640, .T. ) ;
#2903 = DIRECTION ( 'NONE',  ( 1.121588454295349533E-16, -1.000000000000000000, 0.000000000000000000 ) ) ;
#2904 = COLOUR_RGB ( '',1.000000000000000000, 1.000000000000000000, 1.000000000000000000 ) ;
#2905 = LINE ( 'NONE', #4975, #7356 ) ;
#2906 =( NAMED_UNIT ( * ) PLANE_ANGLE_UNIT ( ) SI_UNIT ( $, .RADIAN. ) );
#2907 = CARTESIAN_POINT ( 'NONE',  ( 10.68184573388398029, 5.626229152235330488, -3.363509640443581286E-16 ) ) ;
#2908 = CARTESIAN_POINT ( 'NONE',  ( 9.807475984454221418, 5.732672356334980179, 0.3499999999999996447 ) ) ;
#2909 = ORIENTED_EDGE ( 'NONE', *, *, #8581, .F. ) ;
#2910 = CARTESIAN_POINT ( 'NONE',  ( 0.5218457338839795900, 5.626229152235330488, 0.000000000000000000 ) ) ;
#2911 = PRESENTATION_LAYER_ASSIGNMENT (  '', '', ( #6488 ) ) ;
#2912 = CARTESIAN_POINT ( 'NONE',  ( 1.940000000000000613, 6.299999999999999822, -0.3500000000000000888 ) ) ;
#2913 = CARTESIAN_POINT ( 'NONE',  ( -0.3500000000000000333, 8.199999999999999289, -0.3499999999999999778 ) ) ;
#2914 = CARTESIAN_POINT ( 'NONE',  ( 10.51000000000000156, 1.084202172485506745E-17, 0.3499999999999996447 ) ) ;
#2915 = CARTESIAN_POINT ( 'NONE',  ( 0.3252558198818050195, 5.589454083063163381, 0.3499999999999999778 ) ) ;
#2916 = CARTESIAN_POINT ( 'NONE',  ( 8.119999999999999218, 6.084152315493285279, -0.3500000000000002554 ) ) ;
#2917 = EDGE_LOOP ( 'NONE', ( #396, #9456, #5492, #4643 ) ) ;
#2918 = DIRECTION ( 'NONE',  ( -0.000000000000000000, 1.668003342285391551E-16, 1.000000000000000000 ) ) ;
#2919 = SURFACE_STYLE_USAGE ( .BOTH. , #858 ) ;
#2920 = CARTESIAN_POINT ( 'NONE',  ( 3.061845733883979737, 5.626229152235330488, 0.3499999999999998668 ) ) ;
#2921 = ORIENTED_EDGE ( 'NONE', *, *, #7968, .F. ) ;
#2922 = ADVANCED_FACE ( 'NONE', ( #2110 ), #6653, .F. ) ;
#2923 = PRESENTATION_LAYER_ASSIGNMENT (  '', '', ( #7131 ) ) ;
#2924 = ORIENTED_EDGE ( 'NONE', *, *, #969, .F. ) ;
#2925 = SURFACE_SIDE_STYLE ('',( #661 ) ) ;
#2926 = DIRECTION ( 'NONE',  ( 0.000000000000000000, -1.668003342285391551E-16, -1.000000000000000000 ) ) ;
#2927 = CARTESIAN_POINT ( 'NONE',  ( -1.469999999999999973, 8.500000000000000000, 1.199999999999999956 ) ) ;
#2928 = CARTESIAN_POINT ( 'NONE',  ( 6.742471447568716414, 5.050332720358727379, 0.3499999999999997002 ) ) ;
#2929 = MECHANICAL_DESIGN_GEOMETRIC_PRESENTATION_REPRESENTATION (  '', ( #7929 ), #5287 ) ;
#2930 =( GEOMETRIC_REPRESENTATION_CONTEXT ( 3 ) GLOBAL_UNCERTAINTY_ASSIGNED_CONTEXT ( ( #5189 ) ) GLOBAL_UNIT_ASSIGNED_CONTEXT ( ( #6203, #6105, #4000 ) ) REPRESENTATION_CONTEXT ( 'NONE', 'WORKASPACE' ) );
#2931 =( NAMED_UNIT ( * ) PLANE_ANGLE_UNIT ( ) SI_UNIT ( $, .RADIAN. ) );
#2932 = ORIENTED_EDGE ( 'NONE', *, *, #5340, .T. ) ;
#2933 = CARTESIAN_POINT ( 'NONE',  ( 8.141845733883979364, 5.626229152235330488, 0.3499999999999997002 ) ) ;
#2934 = UNCERTAINTY_MEASURE_WITH_UNIT (LENGTH_MEASURE( 1.000000000000000082E-05 ), #1997, 'distance_accuracy_value', 'NONE');
#2935 = ORIENTED_EDGE ( 'NONE', *, *, #220, .T. ) ;
#2936 = CIRCLE ( 'NONE', #2638, 0.2999999999999999889 ) ;
#2937 = AXIS2_PLACEMENT_3D ( 'NONE', #9384, #6548, #7150 ) ;
#2938 = AXIS2_PLACEMENT_3D ( 'NONE', #8389, #8976, #8257 ) ;
#2939 =( NAMED_UNIT ( * ) SI_UNIT ( $, .STERADIAN. ) SOLID_ANGLE_UNIT ( ) );
#2940 = DIRECTION ( 'NONE',  ( 0.4999999999999997780, -0.8660254037844388186, 0.000000000000000000 ) ) ;
#2941 = CARTESIAN_POINT ( 'NONE',  ( 3.003356898907901140, 1.699999999999999067, -0.3500000000000001443 ) ) ;
#2942 = ORIENTED_EDGE ( 'NONE', *, *, #2139, .T. ) ;
#2943 = EDGE_CURVE ( 'NONE', #5810, #4495, #6929, .T. ) ;
#2944 = DIRECTION ( 'NONE',  ( 1.121588454295349533E-16, -1.000000000000000000, 0.000000000000000000 ) ) ;
#2945 = MECHANICAL_DESIGN_GEOMETRIC_PRESENTATION_REPRESENTATION (  '', ( #4656 ), #270 ) ;
#2946 =( NAMED_UNIT ( * ) PLANE_ANGLE_UNIT ( ) SI_UNIT ( $, .RADIAN. ) );
#2947 = FILL_AREA_STYLE_COLOUR ( '', #720 ) ;
#2948 = VERTEX_POINT ( 'NONE', #6936 ) ;
#2949 = CARTESIAN_POINT ( 'NONE',  ( 3.240000000000000657, 0.5000000000000006661, 0.3499999999999998668 ) ) ;
#2950 = B_SPLINE_CURVE_WITH_KNOTS ( 'NONE', 3,
 ( #8984, #7622, #6160, #2340, #7479, #9672, #918, #2292, #9126, #5343, #5246, #28, #8306, #4551, #7431, #2427, #3127, #1619, #731, #877, #3855, #2993, #8218, #1520, #4505, #126, #9078, #2384, #8353, #4642, #9369 ),
 .UNSPECIFIED., .F., .F.,
 ( 4, 1, 1, 1, 1, 1, 1, 2, 2, 1, 1, 1, 1, 2, 2, 1, 1, 1, 1, 1, 2, 2, 4 ),
 ( 0.000000000000000000, 0.06250000000001421085, 0.09375000000002159384, 0.1093750000000254796, 0.1171875000000274225, 0.1210937500000285605, 0.1230468750000291295, 0.1240234375000294070, 0.1250000000000296985, 0.1875000000000308087, 0.2187500000000316414, 0.2343750000000320299, 0.2421875000000322242, 0.2460937500000323075, 0.2500000000000323630, 0.3750000000000306422, 0.4375000000000300315, 0.4687500000000297540, 0.4843750000000298650, 0.4921875000000299205, 0.4960937500000296985, 0.5000000000000294209, 1.000000000000000000 ),
 .UNSPECIFIED. ) ;
#2951 = ORIENTED_EDGE ( 'NONE', *, *, #2771, .T. ) ;
#2952 = DIRECTION ( 'NONE',  ( -0.7071067811865474617, -0.7071067811865474617, -0.000000000000000000 ) ) ;
#2953 = MECHANICAL_DESIGN_GEOMETRIC_PRESENTATION_REPRESENTATION (  '', ( #2012 ), #7625 ) ;
#2954 = PRESENTATION_STYLE_ASSIGNMENT (( #3001 ) ) ;
#2955 =( BOUNDED_CURVE ( )  B_SPLINE_CURVE ( 3, ( #9314, #2581, #9366, #2630 ),
 .UNSPECIFIED., .F., .T. ) 
 B_SPLINE_CURVE_WITH_KNOTS ( ( 4, 4 ),
 ( 3.924083526751089845, 4.712388980384689674 ),
 .UNSPECIFIED. ) 
 CURVE ( )  GEOMETRIC_REPRESENTATION_ITEM ( )  RATIONAL_B_SPLINE_CURVE ( ( 1.000000000000000000, 0.9488815137910379116, 0.9488815137910379116, 1.000000000000000000 ) ) 
 REPRESENTATION_ITEM ( '' )  );
#2956 = CARTESIAN_POINT ( 'NONE',  ( -0.8592672355229022951, 5.226749775238759277, 0.3499999999999999778 ) ) ;
#2957 = ADVANCED_FACE ( 'NONE', ( #8229 ), #8361, .F. ) ;
#2958 = FILL_AREA_STYLE_COLOUR ( '', #3562 ) ;
#2959 = ORIENTED_EDGE ( 'NONE', *, *, #5310, .F. ) ;
#2960 = FILL_AREA_STYLE ('',( #3823 ) ) ;
#2961 = AXIS2_PLACEMENT_3D ( 'NONE', #7962, #1248, #7502 ) ;
#2962 = LINE ( 'NONE', #5938, #9341 ) ;
#2963 = CARTESIAN_POINT ( 'NONE',  ( 1.708546599915418795, 5.476966929916270210, -0.3499999999999999778 ) ) ;
#2964 = CARTESIAN_POINT ( 'NONE',  ( 6.028897102351114867, 4.001162287970013054, 0.3499999999999998668 ) ) ;
#2965 = CARTESIAN_POINT ( 'NONE',  ( 1.000000000000000444, 1.800000000000000488, 0.1166666666666665853 ) ) ;
#2966 = CARTESIAN_POINT ( 'NONE',  ( 6.673063051753868713, 4.039780281224067515, -0.3500000000000002554 ) ) ;
#2967 = FACE_BOUND ( 'NONE', #8549, .T. ) ;
#2968 = SURFACE_SIDE_STYLE ('',( #9604 ) ) ;
#2969 = DIRECTION ( 'NONE',  ( 0.000000000000000000, 1.000000000000000000, -1.668003342285391797E-16 ) ) ;
#2970 = EDGE_CURVE ( 'NONE', #6287, #9408, #6742, .T. ) ;
#2971 = EDGE_CURVE ( 'NONE', #6317, #6650, #4606, .T. ) ;
#2972 = SURFACE_STYLE_USAGE ( .BOTH. , #4378 ) ;
#2973 = ORIENTED_EDGE ( 'NONE', *, *, #1706, .F. ) ;
#2974 = MECHANICAL_DESIGN_GEOMETRIC_PRESENTATION_REPRESENTATION (  '', ( #2178 ), #1247 ) ;
#2975 = ORIENTED_EDGE ( 'NONE', *, *, #8913, .F. ) ;
#2976 = PLANE ( 'NONE',  #8172 ) ;
#2977 = EDGE_CURVE ( 'NONE', #5722, #1656, #7489, .T. ) ;
#2978 = DIRECTION ( 'NONE',  ( 0.000000000000000000, 1.000000000000000000, 4.336808689942018229E-16 ) ) ;
#2979 = CARTESIAN_POINT ( 'NONE',  ( 2.076643101092097154, 1.700000000000002398, 0.3499999999999998668 ) ) ;
#2980 = EDGE_CURVE ( 'NONE', #1344, #4010, #5257, .T. ) ;
#2981 = DIRECTION ( 'NONE',  ( -0.000000000000000000, -0.000000000000000000, 1.000000000000000000 ) ) ;
#2982 = CARTESIAN_POINT ( 'NONE',  ( -0.8696152422706664442, 8.500000000000000000, 0.8696152422706663332 ) ) ;
#2983 = VECTOR ( 'NONE', #9303, 1000.000000000000000 ) ;
#2984 = CARTESIAN_POINT ( 'NONE',  ( 0.3525240155457787239, 5.732672356334978403, -0.3499999999999999778 ) ) ;
#2985 = VERTEX_POINT ( 'NONE', #3136 ) ;
#2986 = DIRECTION ( 'NONE',  ( -0.000000000000000000, 0.000000000000000000, 1.000000000000000000 ) ) ;
#2987 = ORIENTED_EDGE ( 'NONE', *, *, #7017, .T. ) ;
#2988 = PRESENTATION_LAYER_ASSIGNMENT (  '', '', ( #4870 ) ) ;
#2989 = DIRECTION ( 'NONE',  ( -0.4999999999999997780, -0.8660254037844388186, 0.000000000000000000 ) ) ;
#2990 = VECTOR ( 'NONE', #741, 1000.000000000000000 ) ;
#2991 = CARTESIAN_POINT ( 'NONE',  ( 9.328546599915416238, 5.476966929916271987, -0.3500000000000003109 ) ) ;
#2992 = CARTESIAN_POINT ( 'NONE',  ( 10.86000000000000121, 0.5000000000000006661, -0.3500000000000003109 ) ) ;
#2993 = CARTESIAN_POINT ( 'NONE',  ( 3.464058140717155343, 4.443591676420198588, -0.3500000000000000333 ) ) ;
#2994 =( LENGTH_UNIT ( ) NAMED_UNIT ( * ) SI_UNIT ( .MILLI., .METRE. ) );
#2995 = ORIENTED_EDGE ( 'NONE', *, *, #497, .F. ) ;
#2996 = SURFACE_STYLE_FILL_AREA ( #8895 ) ;
#2997 =( NAMED_UNIT ( * ) SI_UNIT ( $, .STERADIAN. ) SOLID_ANGLE_UNIT ( ) );
#2998 = ORIENTED_EDGE ( 'NONE', *, *, #1613, .T. ) ;
#2999 = CARTESIAN_POINT ( 'NONE',  ( 10.60819304542214248, 5.884855341312109189, -0.3500000000000002554 ) ) ;
#3000 = ORIENTED_EDGE ( 'NONE', *, *, #1576, .F. ) ;
#3001 = SURFACE_STYLE_USAGE ( .BOTH. , #3574 ) ;
#3002 = CARTESIAN_POINT ( 'NONE',  ( 7.270000000000000462, 0.000000000000000000, -0.3499999999999999778 ) ) ;
#3003 = CARTESIAN_POINT ( 'NONE',  ( 1.853245067392238710, 6.500000000000000888, -0.3500000000000010880 ) ) ;
#3004 = LINE ( 'NONE', #8322, #375 ) ;
#3005 = CARTESIAN_POINT ( 'NONE',  ( 1.756229430279611314, 5.796998266909028530, 0.3499999999999998668 ) ) ;
#3006 = ORIENTED_EDGE ( 'NONE', *, *, #6257, .T. ) ;
#3007 = SURFACE_SIDE_STYLE ('',( #6081 ) ) ;
#3008 = CARTESIAN_POINT ( 'NONE',  ( 7.945255819881804626, 5.589454083063163381, 0.3499999999999997002 ) ) ;
#3009 = ADVANCED_FACE ( 'NONE', ( #3915 ), #235, .T. ) ;
#3010 =( BOUNDED_SURFACE ( )  B_SPLINE_SURFACE ( 3, 1, ( 
 ( #400, #2659 ),
 ( #8936, #490 ),
 ( #1239, #3464 ),
 ( #4317, #3381 ) ),
 .UNSPECIFIED., .F., .F., .F. ) 
 B_SPLINE_SURFACE_WITH_KNOTS ( ( 4, 4 ),
 ( 2, 2 ),
 ( 0.000000000000000000, 1.000000000000000000 ),
 ( 0.000000000000000000, 1.000000000000000000 ),
 .UNSPECIFIED. ) 
 GEOMETRIC_REPRESENTATION_ITEM ( )  RATIONAL_B_SPLINE_SURFACE ( (
 ( 1.000000000000000000, 1.000000000000000000),
 ( 0.9488815137910384667, 0.9488815137910384667),
 ( 0.9488815137910384667, 0.9488815137910384667),
 ( 1.000000000000000000, 1.000000000000000000) ) ) 
 REPRESENTATION_ITEM ( '' )  SURFACE ( )  );
#3011 = CARTESIAN_POINT ( 'NONE',  ( 8.585000000000000853, -1.575000000000006173, 0.3499999999999996447 ) ) ;
#3012 = CARTESIAN_POINT ( 'NONE',  ( 0.000000000000000000, 8.500000000000000000, 0.8696152422706663332 ) ) ;
#3013 = CARTESIAN_POINT ( 'NONE',  ( 6.673913198591398199, 4.056300144720211165, -0.3500000000000003664 ) ) ;
#3014 = LINE ( 'NONE', #7504, #1528 ) ;
#3015 = CARTESIAN_POINT ( 'NONE',  ( -0.4999999999999985012, 6.084152315493286167, -0.3499999999999999223 ) ) ;
#3016 = AXIS2_PLACEMENT_3D ( 'NONE', #3607, #8835, #8983 ) ;
#3017 = LINE ( 'NONE', #5988, #4313 ) ;
#3018 = LINE ( 'NONE', #2365, #5531 ) ;
#3019 = EDGE_CURVE ( 'NONE', #2779, #8128, #4652, .T. ) ;
#3020 =( LENGTH_UNIT ( ) NAMED_UNIT ( * ) SI_UNIT ( .MILLI., .METRE. ) );
#3021 = ORIENTED_EDGE ( 'NONE', *, *, #5221, .F. ) ;
#3022 = ORIENTED_EDGE ( 'NONE', *, *, #3023, .F. ) ;
#3023 = EDGE_CURVE ( 'NONE', #2702, #5300, #8272, .T. ) ;
#3024 = DIRECTION ( 'NONE',  ( -0.000000000000000000, -1.000000000000000000, 1.668003342285391551E-16 ) ) ;
#3025 = DIRECTION ( 'NONE',  ( 0.000000000000000000, -0.8660254037844388186, 0.4999999999999997780 ) ) ;
#3026 = DIRECTION ( 'NONE',  ( -1.000000000000000000, 0.000000000000000000, 0.000000000000000000 ) ) ;
#3027 = DIRECTION ( 'NONE',  ( -1.000000000000000000, 0.000000000000000000, 7.744301232039316681E-17 ) ) ;
#3028 = UNCERTAINTY_MEASURE_WITH_UNIT (LENGTH_MEASURE( 1.000000000000000082E-05 ), #8582, 'distance_accuracy_value', 'NONE');
#3029 = CARTESIAN_POINT ( 'NONE',  ( 4.580000000000001847, 6.084152315493286167, 0.3499999999999998113 ) ) ;
#3030 = ADVANCED_FACE ( 'NONE', ( #1585 ), #5575, .T. ) ;
#3031 = VECTOR ( 'NONE', #2135, 1000.000000000000000 ) ;
#3032 = EDGE_LOOP ( 'NONE', ( #4589, #5684, #6358, #5730, #6919, #4104, #86, #8944 ) ) ;
#3033 =( GEOMETRIC_REPRESENTATION_CONTEXT ( 3 ) GLOBAL_UNCERTAINTY_ASSIGNED_CONTEXT ( ( #6259 ) ) GLOBAL_UNIT_ASSIGNED_CONTEXT ( ( #6136, #158, #5224 ) ) REPRESENTATION_CONTEXT ( 'NONE', 'WORKASPACE' ) );
#3034 = FACE_OUTER_BOUND ( 'NONE', #5936, .T. ) ;
#3035 = ORIENTED_EDGE ( 'NONE', *, *, #3669, .F. ) ;
#3036 = EDGE_CURVE ( 'NONE', #9528, #9325, #6284, .T. ) ;
#3037 = STYLED_ITEM ( 'NONE', ( #2260 ), #8666 ) ;
#3038 =( GEOMETRIC_REPRESENTATION_CONTEXT ( 3 ) GLOBAL_UNCERTAINTY_ASSIGNED_CONTEXT ( ( #8418 ) ) GLOBAL_UNIT_ASSIGNED_CONTEXT ( ( #4674, #3935, #906 ) ) REPRESENTATION_CONTEXT ( 'NONE', 'WORKASPACE' ) );
#3039 = B_SPLINE_CURVE_WITH_KNOTS ( 'NONE', 3,
 ( #921, #6251, #7576, #1808, #4007, #7626, #4799, #1074, #4056, #3859, #6163, #6837, #3276, #129, #2482, #9129, #2432, #5482, #5440, #8400, #1712, #4694, #3316, #5574, #325, #6303, #9273, #2587, #9153, #3296, #256, #4719, #352 ),
 .UNSPECIFIED., .F., .F.,
 ( 4, 1, 1, 1, 1, 1, 1, 2, 2, 1, 1, 1, 1, 1, 2, 2, 1, 1, 1, 1, 1, 1, 2, 2, 4 ),
 ( 0.000000000000000000, 0.2500000000000431877, 0.3750000000000647815, 0.4375000000000756062, 0.4687500000000809908, 0.4843750000000832112, 0.4921875000000840439, 0.4960937500000844325, 0.5000000000000848210, 0.6250000000000872635, 0.6875000000000882627, 0.7187500000000887068, 0.7343750000000890399, 0.7421875000000890399, 0.7460937500000887068, 0.7500000000000883738, 0.8125000000000844880, 0.8437500000000829337, 0.8593750000000820455, 0.8671875000000817124, 0.8710937500000814904, 0.8730468750000810463, 0.8740234375000804912, 0.8750000000000798250, 1.000000000000000000 ),
 .UNSPECIFIED. ) ;
#3040 = DIRECTION ( 'NONE',  ( 0.000000000000000000, -1.000000000000000000, 0.000000000000000000 ) ) ;
#3041 = PRESENTATION_STYLE_ASSIGNMENT (( #26 ) ) ;
#3042 =( NAMED_UNIT ( * ) SI_UNIT ( $, .STERADIAN. ) SOLID_ANGLE_UNIT ( ) );
#3043 = VERTEX_POINT ( 'NONE', #1846 ) ;
#3044 = CARTESIAN_POINT ( 'NONE',  ( 1.540000000000000036, 6.500000000000000888, 0.3499999999999989231 ) ) ;
#3045 = VERTEX_POINT ( 'NONE', #1007 ) ;
#3046 = DIRECTION ( 'NONE',  ( -0.000000000000000000, 1.000000000000000000, -0.000000000000000000 ) ) ;
#3047 = VECTOR ( 'NONE', #8941, 1000.000000000000000 ) ;
#3048 = VERTEX_POINT ( 'NONE', #4729 ) ;
#3049 = VECTOR ( 'NONE', #2599, 1000.000000000000000 ) ;
#3050 = ADVANCED_FACE ( 'NONE', ( #5660 ), #3349, .T. ) ;
#3051 = CARTESIAN_POINT ( 'NONE',  ( -0.6454664785273052097, 3.877691542223591359, 0.3499999999999999778 ) ) ;
#3052 = DIRECTION ( 'NONE',  ( -1.000000000000000000, 0.000000000000000000, 0.000000000000000000 ) ) ;
#3053 = CARTESIAN_POINT ( 'NONE',  ( 0.9730462009244521537, 3.450480068927959554, 0.3499999999999999778 ) ) ;
#3054 = FILL_AREA_STYLE_COLOUR ( '', #1165 ) ;
#3055 = CARTESIAN_POINT ( 'NONE',  ( 1.739832123124272822, 5.699693040756022455, 0.3499999999999999778 ) ) ;
#3056 = ORIENTED_EDGE ( 'NONE', *, *, #2579, .T. ) ;
#3057 = EDGE_CURVE ( 'NONE', #1456, #6287, #6386, .T. ) ;
#3058 = DIRECTION ( 'NONE',  ( -3.097720492815726426E-17, 1.000000000000000000, 0.000000000000000000 ) ) ;
#3059 = DIRECTION ( 'NONE',  ( 1.000000000000000000, 0.000000000000000000, 0.000000000000000000 ) ) ;
#3060 = CARTESIAN_POINT ( 'NONE',  ( -0.9931181789594337728, 2.798202530627314832, -0.3499999999999998668 ) ) ;
#3061 = VECTOR ( 'NONE', #6642, 1000.000000000000114 ) ;
#3062 = FACE_OUTER_BOUND ( 'NONE', #5628, .T. ) ;
#3063 = DIRECTION ( 'NONE',  ( -1.121588454295349780E-16, 1.000000000000000000, 0.000000000000000000 ) ) ;
#3064 = ORIENTED_EDGE ( 'NONE', *, *, #6183, .T. ) ;
#3065 = ORIENTED_EDGE ( 'NONE', *, *, #9646, .F. ) ;
#3066 = STYLED_ITEM ( 'NONE', ( #5691 ), #6061 ) ;
#3067 = CARTESIAN_POINT ( 'NONE',  ( 2.892524015545778759, 5.732672356334978403, -0.3500000000000000888 ) ) ;
#3068 = CARTESIAN_POINT ( 'NONE',  ( 0.3252558198818050750, 5.589454083063163381, 0.3499999999999999778 ) ) ;
#3069 = ORIENTED_EDGE ( 'NONE', *, *, #7062, .T. ) ;
#3070 = CARTESIAN_POINT ( 'NONE',  ( 7.120000000000000995, 6.299999999999999822, 0.3499999999999997002 ) ) ;
#3071 = CARTESIAN_POINT ( 'NONE',  ( 6.884957989553973867, 6.043840788194787095, 0.3499999999999997558 ) ) ;
#3072 = FILL_AREA_STYLE ('',( #13 ) ) ;
#3073 = PRESENTATION_LAYER_ASSIGNMENT (  '', '', ( #8232 ) ) ;
#3074 = CARTESIAN_POINT ( 'NONE',  ( 7.171806954577857773, 5.884855341312110077, -0.3500000000000002554 ) ) ;
#3075 = ORIENTED_EDGE ( 'NONE', *, *, #7924, .T. ) ;
#3076 = ORIENTED_EDGE ( 'NONE', *, *, #8239, .T. ) ;
#3077 = ADVANCED_FACE ( 'NONE', ( #2621 ), #9355, .F. ) ;
#3078 = AXIS2_PLACEMENT_3D ( 'NONE', #7259, #2033, #8864 ) ;
#3079 = DIRECTION ( 'NONE',  ( 0.000000000000000000, -0.000000000000000000, -1.000000000000000000 ) ) ;
#3080 =( GEOMETRIC_REPRESENTATION_CONTEXT ( 3 ) GLOBAL_UNCERTAINTY_ASSIGNED_CONTEXT ( ( #2934 ) ) GLOBAL_UNIT_ASSIGNED_CONTEXT ( ( #1997, #4896, #7772 ) ) REPRESENTATION_CONTEXT ( 'NONE', 'WORKASPACE' ) );
#3081 = CARTESIAN_POINT ( 'NONE',  ( 7.294744180118195587, 5.589454083063165157, 0.3499999999999997002 ) ) ;
#3082 = DIRECTION ( 'NONE',  ( 0.000000000000000000, 0.000000000000000000, 1.000000000000000000 ) ) ;
#3083 = CARTESIAN_POINT ( 'NONE',  ( 6.620000000000000107, 0.5000000000000002220, 0.3499999999999998668 ) ) ;
#3084 =( NAMED_UNIT ( * ) PLANE_ANGLE_UNIT ( ) SI_UNIT ( $, .RADIAN. ) );
#3085 = VERTEX_POINT ( 'NONE', #5512 ) ;
#3086 = EDGE_CURVE ( 'NONE', #2358, #2462, #4884, .T. ) ;
#3087 = SURFACE_STYLE_USAGE ( .BOTH. , #734 ) ;
#3088 = CARTESIAN_POINT ( 'NONE',  ( -6.734562392116887468E-17, 8.500000000000000000, -0.8696152422706660001 ) ) ;
#3089 = LINE ( 'NONE', #5391, #3714 ) ;
#3090 = ORIENTED_EDGE ( 'NONE', *, *, #9542, .F. ) ;
#3091 = LINE ( 'NONE', #8126, #8809 ) ;
#3092 = PRESENTATION_LAYER_ASSIGNMENT (  '', '', ( #7635 ) ) ;
#3093 = ORIENTED_EDGE ( 'NONE', *, *, #5061, .F. ) ;
#3094 = DIRECTION ( 'NONE',  ( 0.000000000000000000, 0.000000000000000000, 1.000000000000000000 ) ) ;
#3095 = CARTESIAN_POINT ( 'NONE',  ( 3.486936948246134982, 4.039780281224035541, 0.3499999999999998113 ) ) ;
#3096 = AXIS2_PLACEMENT_3D ( 'NONE', #4644, #6884, #1018 ) ;
#3097 = EDGE_CURVE ( 'NONE', #1130, #1821, #1338, .T. ) ;
#3098 = VECTOR ( 'NONE', #1719, 1000.000000000000000 ) ;
#3099 = ORIENTED_EDGE ( 'NONE', *, *, #7483, .T. ) ;
#3100 = LINE ( 'NONE', #37, #816 ) ;
#3101 = ADVANCED_FACE ( 'NONE', ( #3477 ), #2030, .T. ) ;
#3102 = CARTESIAN_POINT ( 'NONE',  ( 1.000000000000000444, 1.800000000000000488, 0.3499999999999999778 ) ) ;
#3103 = SURFACE_SIDE_STYLE ('',( #7642 ) ) ;
#3104 = ORIENTED_EDGE ( 'NONE', *, *, #7924, .F. ) ;
#3105 = SURFACE_STYLE_USAGE ( .BOTH. , #3007 ) ;
#3106 = MECHANICAL_DESIGN_GEOMETRIC_PRESENTATION_REPRESENTATION (  '', ( #7311 ), #8251 ) ;
#3107 = CARTESIAN_POINT ( 'NONE',  ( 5.947834886700809065, 5.142569796484739442, 0.3499999999999997558 ) ) ;
#3108 = LINE ( 'NONE', #6087, #6815 ) ;
#3109 = VECTOR ( 'NONE', #4822, 1000.000000000000000 ) ;
#3110 = VECTOR ( 'NONE', #8082, 1000.000000000000000 ) ;
#3111 = CARTESIAN_POINT ( 'NONE',  ( 0.000000000000000000, 6.500000000000000888, -1.155688030012021264E-15 ) ) ;
#3112 = PRESENTATION_STYLE_ASSIGNMENT (( #106 ) ) ;
#3113 = VERTEX_POINT ( 'NONE', #8814 ) ;
#3114 = EDGE_LOOP ( 'NONE', ( #2158, #9385, #5678, #9066 ) ) ;
#3115 = ORIENTED_EDGE ( 'NONE', *, *, #3036, .T. ) ;
#3116 = CARTESIAN_POINT ( 'NONE',  ( 1.853245067392238710, 8.000000000000000000, 0.6500000000000000222 ) ) ;
#3117 = ORIENTED_EDGE ( 'NONE', *, *, #2847, .F. ) ;
#3118 = PRESENTATION_STYLE_ASSIGNMENT (( #117 ) ) ;
#3119 = CARTESIAN_POINT ( 'NONE',  ( 6.759835643297026131, 5.218128553112201473, 0.3499999999999997002 ) ) ;
#3120 = CARTESIAN_POINT ( 'NONE',  ( 0.4999999999999985012, 6.299999999999999822, -0.3499999999999999778 ) ) ;
#3121 = ORIENTED_EDGE ( 'NONE', *, *, #6849, .T. ) ;
#3122 = ORIENTED_EDGE ( 'NONE', *, *, #6668, .T. ) ;
#3123 = ADVANCED_FACE ( 'NONE', ( #7961 ), #4421, .F. ) ;
#3124 = DIRECTION ( 'NONE',  ( 0.000000000000000000, -1.000000000000000000, 1.668003342285391797E-16 ) ) ;
#3125 = DIRECTION ( 'NONE',  ( 1.000000000000000000, 0.000000000000000000, 0.000000000000000000 ) ) ;
#3126 = LINE ( 'NONE', #6106, #4411 ) ;
#3127 = CARTESIAN_POINT ( 'NONE',  ( 3.397838562583936906, 5.240363704783927545, -0.3500000000000001998 ) ) ;
#3128 = ORIENTED_EDGE ( 'NONE', *, *, #3, .F. ) ;
#3129 = SURFACE_SIDE_STYLE ('',( #231 ) ) ;
#3130 = ORIENTED_EDGE ( 'NONE', *, *, #6102, .T. ) ;
#3131 = CARTESIAN_POINT ( 'NONE',  ( 10.66000000000000014, 6.299999999999999822, -0.3500000000000003109 ) ) ;
#3132 = COLOUR_RGB ( '',0.8313725490196077761, 0.6705882352941175961, 0.1294117647058823373 ) ;
#3133 = VERTEX_POINT ( 'NONE', #5895 ) ;
#3134 = ADVANCED_FACE ( 'NONE', ( #2775 ), #500, .F. ) ;
#3135 = MECHANICAL_DESIGN_GEOMETRIC_PRESENTATION_REPRESENTATION (  '', ( #7505 ), #623 ) ;
#3136 = CARTESIAN_POINT ( 'NONE',  ( 2.890000000000000124, 8.000000000000000000, -0.3500000000000000333 ) ) ;
#3137 = EDGE_CURVE ( 'NONE', #1208, #5929, #1925, .T. ) ;
#3138 = CARTESIAN_POINT ( 'NONE',  ( 3.061845733883979737, 5.626229152235330488, -8.408774101108953214E-17 ) ) ;
#3139 =( GEOMETRIC_REPRESENTATION_CONTEXT ( 3 ) GLOBAL_UNCERTAINTY_ASSIGNED_CONTEXT ( ( #1082 ) ) GLOBAL_UNIT_ASSIGNED_CONTEXT ( ( #5230, #5329, #8201 ) ) REPRESENTATION_CONTEXT ( 'NONE', 'WORKASPACE' ) );
#3140 = ORIENTED_EDGE ( 'NONE', *, *, #7842, .T. ) ;
#3141 = CARTESIAN_POINT ( 'NONE',  ( 0.8095024236130845541, 5.635051924204145912, 0.3499999999999999778 ) ) ;
#3142 = CARTESIAN_POINT ( 'NONE',  ( 10.84675493260776236, 0.5000000000000000000, -0.6500000000000013545 ) ) ;
#3143 = LINE ( 'NONE', #8368, #690 ) ;
#3144 = ORIENTED_EDGE ( 'NONE', *, *, #8742, .F. ) ;
#3145 =( LENGTH_UNIT ( ) NAMED_UNIT ( * ) SI_UNIT ( .MILLI., .METRE. ) );
#3146 = LINE ( 'NONE', #6805, #2879 ) ;
#3147 = EDGE_CURVE ( 'NONE', #9121, #3486, #8050, .T. ) ;
#3148 = CARTESIAN_POINT ( 'NONE',  ( 11.62999999999999723, 0.000000000000000000, 1.199999999999999512 ) ) ;
#3149 = FACE_OUTER_BOUND ( 'NONE', #9520, .T. ) ;
#3150 =( LENGTH_UNIT ( ) NAMED_UNIT ( * ) SI_UNIT ( .MILLI., .METRE. ) );
#3151 = CARTESIAN_POINT ( 'NONE',  ( 1.540000000000000480, 1.800000000000000488, -0.3500000000000000888 ) ) ;
#3152 = CARTESIAN_POINT ( 'NONE',  ( 0.7741471366726996317, 5.851685420754297873, -0.3499999999999998668 ) ) ;
#3153 = PRESENTATION_LAYER_ASSIGNMENT (  '', '', ( #1906 ) ) ;
#3154 = EDGE_LOOP ( 'NONE', ( #6933, #7861, #9085, #5190 ) ) ;
#3155 = ORIENTED_EDGE ( 'NONE', *, *, #5191, .F. ) ;
#3156 = CARTESIAN_POINT ( 'NONE',  ( 7.970000000000001528, -2.800000000000001155, -0.3500000000000002554 ) ) ;
#3157 = VECTOR ( 'NONE', #1214, 1000.000000000000000 ) ;
#3158 = DIRECTION ( 'NONE',  ( -1.000000000000000000, -1.084202172485504434E-16, 0.000000000000000000 ) ) ;
#3159 = ORIENTED_EDGE ( 'NONE', *, *, #8960, .F. ) ;
#3160 = PRESENTATION_STYLE_ASSIGNMENT (( #4540 ) ) ;
#3161 = CARTESIAN_POINT ( 'NONE',  ( -0.3500000000000000333, 0.000000000000000000, -0.3499999999999999778 ) ) ;
#3162 = EDGE_LOOP ( 'NONE', ( #9165, #8271, #7412, #355 ) ) ;
#3163 = ORIENTED_EDGE ( 'NONE', *, *, #4517, .T. ) ;
#3164 = EDGE_CURVE ( 'NONE', #9272, #4202, #6751, .T. ) ;
#3165 = CARTESIAN_POINT ( 'NONE',  ( 10.16000000000000014, 6.500000000000000888, -1.155688030012021264E-15 ) ) ;
#3166 = CARTESIAN_POINT ( 'NONE',  ( 7.945255819881804626, 5.589454083063165157, 0.3499999999999997002 ) ) ;
#3167 = SURFACE_SIDE_STYLE ('',( #8442 ) ) ;
#3168 = AXIS2_PLACEMENT_3D ( 'NONE', #7503, #1732, #9194 ) ;
#3169 = ORIENTED_EDGE ( 'NONE', *, *, #3508, .T. ) ;
#3170 = PLANE ( 'NONE',  #9477 ) ;
#3171 = EDGE_CURVE ( 'NONE', #7260, #3488, #2360, .T. ) ;
#3172 = SURFACE_STYLE_USAGE ( .BOTH. , #3129 ) ;
#3173 = SURFACE_SIDE_STYLE ('',( #3317 ) ) ;
#3174 = ORIENTED_EDGE ( 'NONE', *, *, #5168, .T. ) ;
#3175 = VERTEX_POINT ( 'NONE', #4620 ) ;
#3176 = VECTOR ( 'NONE', #4608, 1000.000000000000000 ) ;
#3177 = CIRCLE ( 'NONE', #9587, 0.2999999999999999334 ) ;
#3178 = DIRECTION ( 'NONE',  ( 0.000000000000000000, 0.000000000000000000, 1.000000000000000000 ) ) ;
#3179 = DIRECTION ( 'NONE',  ( 1.000000000000000000, 0.000000000000000000, 0.000000000000000000 ) ) ;
#3180 = CARTESIAN_POINT ( 'NONE',  ( 4.727475984454220459, 5.732672356334980179, -0.3500000000000001443 ) ) ;
#3181 = DIRECTION ( 'NONE',  ( 0.000000000000000000, -0.000000000000000000, -1.000000000000000000 ) ) ;
#3182 = ORIENTED_EDGE ( 'NONE', *, *, #7998, .F. ) ;
#3183 = DIRECTION ( 'NONE',  ( 0.000000000000000000, 3.097720492815727166E-16, 1.000000000000000000 ) ) ;
#3184 = MECHANICAL_DESIGN_GEOMETRIC_PRESENTATION_REPRESENTATION (  '', ( #6772 ), #8340 ) ;
#3185 = CARTESIAN_POINT ( 'NONE',  ( 0.7896030380176978225, 5.762359718948173892, 0.3499999999999999223 ) ) ;
#3186 = STYLED_ITEM ( 'NONE', ( #4368 ), #1770 ) ;
#3187 = CARTESIAN_POINT ( 'NONE',  ( 6.620000000000000107, 6.500000000000000888, -0.3500000000000010880 ) ) ;
#3188 = LINE ( 'NONE', #1724, #2886 ) ;
#3189 = VECTOR ( 'NONE', #4120, 1000.000000000000000 ) ;
#3190 = VERTEX_POINT ( 'NONE', #5408 ) ;
#3191 = CARTESIAN_POINT ( 'NONE',  ( 1.540000000000000036, 0.5000000000000002220, 0.3499999999999998668 ) ) ;
#3192 = UNCERTAINTY_MEASURE_WITH_UNIT (LENGTH_MEASURE( 1.000000000000000082E-05 ), #9307, 'distance_accuracy_value', 'NONE');
#3193 =( GEOMETRIC_REPRESENTATION_CONTEXT ( 3 ) GLOBAL_UNCERTAINTY_ASSIGNED_CONTEXT ( ( #2230 ) ) GLOBAL_UNIT_ASSIGNED_CONTEXT ( ( #5702, #4467, #641 ) ) REPRESENTATION_CONTEXT ( 'NONE', 'WORKASPACE' ) );
#3194 = AXIS2_PLACEMENT_3D ( 'NONE', #5358, #845, #4563 ) ;
#3195 = CARTESIAN_POINT ( 'NONE',  ( 5.780000000000001137, 0.8000000000000007105, 0.3499999999999998113 ) ) ;
#3196 = CARTESIAN_POINT ( 'NONE',  ( 2.040000000000001812, 6.084152315493286167, -0.3500000000000000333 ) ) ;
#3197 = VECTOR ( 'NONE', #1593, 1000.000000000000000 ) ;
#3198 = CARTESIAN_POINT ( 'NONE',  ( 4.480000000000000426, 6.299999999999999822, -0.3500000000000001443 ) ) ;
#3199 = PLANE ( 'NONE',  #6033 ) ;
#3200 = LINE ( 'NONE', #6187, #9145 ) ;
#3201 =( NAMED_UNIT ( * ) SI_UNIT ( $, .STERADIAN. ) SOLID_ANGLE_UNIT ( ) );
#3202 =( GEOMETRIC_REPRESENTATION_CONTEXT ( 3 ) GLOBAL_UNCERTAINTY_ASSIGNED_CONTEXT ( ( #458 ) ) GLOBAL_UNIT_ASSIGNED_CONTEXT ( ( #9579, #2102, #7338 ) ) REPRESENTATION_CONTEXT ( 'NONE', 'WORKASPACE' ) );
#3203 = ORIENTED_EDGE ( 'NONE', *, *, #2398, .T. ) ;
#3204 = SURFACE_SIDE_STYLE ('',( #67 ) ) ;
#3205 = VERTEX_POINT ( 'NONE', #4668 ) ;
#3206 = EDGE_CURVE ( 'NONE', #4854, #9312, #8785, .T. ) ;
#3207 = SURFACE_STYLE_USAGE ( .BOTH. , #9113 ) ;
#3208 = CARTESIAN_POINT ( 'NONE',  ( 3.140000000000000568, 6.299999999999999822, 0.3499999999999998668 ) ) ;
#3209 = EDGE_CURVE ( 'NONE', #8873, #6447, #4474, .T. ) ;
#3210 = VERTEX_POINT ( 'NONE', #3148 ) ;
#3211 = CARTESIAN_POINT ( 'NONE',  ( 10.84675493260776236, 8.000000000000000000, -0.6500000000000025757 ) ) ;
#3212 = EDGE_CURVE ( 'NONE', #767, #6942, #3882, .T. ) ;
#3213 = CARTESIAN_POINT ( 'NONE',  ( 3.540000000000000036, 6.500000000000000888, -0.3500000000000010880 ) ) ;
#3214 = EDGE_LOOP ( 'NONE', ( #4543, #7877, #2722, #5950 ) ) ;
#3215 = EDGE_LOOP ( 'NONE', ( #1052, #6068, #9173, #8573 ) ) ;
#3216 = VECTOR ( 'NONE', #2288, 1000.000000000000000 ) ;
#3217 = DIRECTION ( 'NONE',  ( -0.7071067811865461294, -0.7071067811865490160, 0.000000000000000000 ) ) ;
#3218 = CARTESIAN_POINT ( 'NONE',  ( -0.9999999999999996669, 6.299999999999999822, -0.3849999999999998979 ) ) ;
#3219 =( LENGTH_UNIT ( ) NAMED_UNIT ( * ) SI_UNIT ( .MILLI., .METRE. ) );
#3220 = VECTOR ( 'NONE', #5946, 1000.000000000000000 ) ;
#3222 = VERTEX_POINT ( 'NONE', #9010 ) ;
#3221 = CIRCLE ( 'NONE', #8684, 0.2000000000000005107 ) ;
#3223 =( NAMED_UNIT ( * ) PLANE_ANGLE_UNIT ( ) SI_UNIT ( $, .RADIAN. ) );
#3224 = PLANE ( 'NONE',  #5719 ) ;
#3225 = LINE ( 'NONE', #9319, #282 ) ;
#3226 = VERTEX_POINT ( 'NONE', #2315 ) ;
#3227 = ORIENTED_EDGE ( 'NONE', *, *, #8878, .F. ) ;
#3228 = EDGE_CURVE ( 'NONE', #8873, #5722, #1596, .T. ) ;
#3229 = PRESENTATION_LAYER_ASSIGNMENT (  '', '', ( #408 ) ) ;
#3230 = CARTESIAN_POINT ( 'NONE',  ( 4.393245067392238745, 8.000000000000000000, -0.6500000000000025757 ) ) ;
#3231 = ORIENTED_EDGE ( 'NONE', *, *, #6436, .T. ) ;
#3232 = UNCERTAINTY_MEASURE_WITH_UNIT (LENGTH_MEASURE( 1.000000000000000082E-05 ), #5414, 'distance_accuracy_value', 'NONE');
#3233 = CARTESIAN_POINT ( 'NONE',  ( 3.404197381770398323, 5.178803639424134353, 0.3499999999999998113 ) ) ;
#3234 = LINE ( 'NONE', #8919, #3098 ) ;
#3235 = ORIENTED_EDGE ( 'NONE', *, *, #8960, .T. ) ;
#3236 = VECTOR ( 'NONE', #5763, 1000.000000000000000 ) ;
#3237 = VECTOR ( 'NONE', #8027, 1000.000000000000000 ) ;
#3238 = LINE ( 'NONE', #6851, #5859 ) ;
#3239 = FACE_OUTER_BOUND ( 'NONE', #58, .T. ) ;
#3240 = VERTEX_POINT ( 'NONE', #4569 ) ;
#3241 = CARTESIAN_POINT ( 'NONE',  ( 9.374859749080236782, 5.788964205960197340, 0.3499999999999996447 ) ) ;
#3242 = ADVANCED_FACE ( 'NONE', ( #7545 ), #854, .F. ) ;
#3243 = PRESENTATION_STYLE_ASSIGNMENT (( #195 ) ) ;
#3244 = CARTESIAN_POINT ( 'NONE',  ( -0.6867549326077613259, 8.000000000000000000, -0.6500000000000030198 ) ) ;
#3245 = UNCERTAINTY_MEASURE_WITH_UNIT (LENGTH_MEASURE( 1.000000000000000082E-05 ), #4066, 'distance_accuracy_value', 'NONE');
#3246 = COLOUR_RGB ( '',0.8313725490196077761, 0.6705882352941175961, 0.1294117647058823373 ) ;
#3247 = EDGE_CURVE ( 'NONE', #6050, #209, #8520, .T. ) ;
#3248 = DIRECTION ( 'NONE',  ( -0.000000000000000000, -0.000000000000000000, -1.000000000000000000 ) ) ;
#3249 = CARTESIAN_POINT ( 'NONE',  ( 8.320000000000000284, 0.5000000000000006661, 0.3499999999999997002 ) ) ;
#3250 = CARTESIAN_POINT ( 'NONE',  ( 4.727475984454220459, 5.732672356334980179, 0.3499999999999998113 ) ) ;
#3251 = DIRECTION ( 'NONE',  ( -3.097720492815726426E-17, 1.000000000000000000, 0.000000000000000000 ) ) ;
#3252 = CARTESIAN_POINT ( 'NONE',  ( 4.202471447568718155, 5.050332720358729155, 0.3499999999999999778 ) ) ;
#3253 = CARTESIAN_POINT ( 'NONE',  ( 10.16000000000000014, 0.000000000000000000, -0.3500000000000003109 ) ) ;
#3254 = VECTOR ( 'NONE', #3900, 1000.000000000000000 ) ;
#3255 = VERTEX_POINT ( 'NONE', #9149 ) ;
#3256 = UNCERTAINTY_MEASURE_WITH_UNIT (LENGTH_MEASURE( 1.000000000000000082E-05 ), #6375, 'distance_accuracy_value', 'NONE');
#3257 = CARTESIAN_POINT ( 'NONE',  ( 9.160000000000001918, 6.500000000000000888, -0.3500000000000010880 ) ) ;
#3258 = ORIENTED_EDGE ( 'NONE', *, *, #2867, .T. ) ;
#3259 = ADVANCED_FACE ( 'NONE', ( #2660 ), #4771, .T. ) ;
#3260 =( LENGTH_UNIT ( ) NAMED_UNIT ( * ) SI_UNIT ( .MILLI., .METRE. ) );
#3261 = FILL_AREA_STYLE ('',( #265 ) ) ;
#3262 = EDGE_CURVE ( 'NONE', #6402, #2358, #7744, .T. ) ;
#3263 = EDGE_LOOP ( 'NONE', ( #8988, #6400, #4376, #6140 ) ) ;
#3264 =( BOUNDED_SURFACE ( )  B_SPLINE_SURFACE ( 2, 3, ( 
 ( #2100, #1917, #8794, #435 ),
 ( #3416, #8701, #7939, #3455 ),
 ( #5105, #4357, #2015, #7986 ) ),
 .UNSPECIFIED., .F., .F., .T. ) 
 B_SPLINE_SURFACE_WITH_KNOTS ( ( 3, 3 ),
 ( 4, 4 ),
 ( 0.000000000000000000, 1.000000000000000000 ),
 ( -3.500000000000000371E-05, 0.0007349999999999999763 ),
 .UNSPECIFIED. ) 
 GEOMETRIC_REPRESENTATION_ITEM ( )  RATIONAL_B_SPLINE_SURFACE ( (
 ( 1.000000000000000000, 1.000000000000000000, 1.000000000000000000, 1.000000000000000000),
 ( 0.7071067811865475727, 0.7071067811865475727, 0.7071067811865475727, 0.7071067811865475727),
 ( 1.000000000000000000, 1.000000000000000000, 1.000000000000000000, 1.000000000000000000) ) ) 
 REPRESENTATION_ITEM ( '' )  SURFACE ( )  );
#3265 = PRESENTATION_STYLE_ASSIGNMENT (( #6821 ) ) ;
#3266 = CARTESIAN_POINT ( 'NONE',  ( 11.62999999999999723, 0.000000000000000000, -0.6499999999999991340 ) ) ;
#3267 = VERTEX_POINT ( 'NONE', #9192 ) ;
#3268 = ORIENTED_EDGE ( 'NONE', *, *, #9118, .F. ) ;
#3269 = EDGE_CURVE ( 'NONE', #1897, #7863, #7106, .T. ) ;
#3270 = EDGE_CURVE ( 'NONE', #1445, #3632, #5948, .T. ) ;
#3271 = FACE_OUTER_BOUND ( 'NONE', #369, .T. ) ;
#3272 =( NAMED_UNIT ( * ) PLANE_ANGLE_UNIT ( ) SI_UNIT ( $, .RADIAN. ) );
#3273 = CARTESIAN_POINT ( 'NONE',  ( 9.160000000000001918, -1.121588454295348794E-16, -0.3500000000000003109 ) ) ;
#3274 = CARTESIAN_POINT ( 'NONE',  ( 9.460000000000000853, 0.5000000000000004441, 0.3499999999999996447 ) ) ;
#3275 = ORIENTED_EDGE ( 'NONE', *, *, #6073, .T. ) ;
#3276 = CARTESIAN_POINT ( 'NONE',  ( 11.07470810456460164, 4.597665842580767936, 0.3499999999999996447 ) ) ;
#3277 = ORIENTED_EDGE ( 'NONE', *, *, #9681, .T. ) ;
#3278 = ORIENTED_EDGE ( 'NONE', *, *, #3584, .F. ) ;
#3279 = COLOUR_RGB ( '',0.8313725490196077761, 0.6705882352941175961, 0.1294117647058823373 ) ;
#3280 = DIRECTION ( 'NONE',  ( 1.000000000000000000, -0.000000000000000000, 0.000000000000000000 ) ) ;
#3281 = CARTESIAN_POINT ( 'NONE',  ( 3.540000000000000480, 1.121588454295350273E-16, 0.3499999999999998668 ) ) ;
#3282 = ORIENTED_EDGE ( 'NONE', *, *, #8758, .T. ) ;
#3283 = LINE ( 'NONE', #1767, #6055 ) ;
#3284 = VECTOR ( 'NONE', #2412, 1000.000000000000114 ) ;
#3285 = ORIENTED_EDGE ( 'NONE', *, *, #5766, .F. ) ;
#3286 = CARTESIAN_POINT ( 'NONE',  ( 9.302161437416076595, 5.240363704784012810, 0.3499999999999997558 ) ) ;
#3287 = SURFACE_SIDE_STYLE ('',( #6897 ) ) ;
#3288 = DIRECTION ( 'NONE',  ( -1.000000000000000000, -0.000000000000000000, -0.000000000000000000 ) ) ;
#3289 = VECTOR ( 'NONE', #7200, 1000.000000000000000 ) ;
#3290 = DIRECTION ( 'NONE',  ( 0.000000000000000000, 0.000000000000000000, -1.000000000000000000 ) ) ;
#3291 = SURFACE_SIDE_STYLE ('',( #1775 ) ) ;
#3292 = LINE ( 'NONE', #4122, #1861 ) ;
#3293 = CARTESIAN_POINT ( 'NONE',  ( -0.6331483148834667896, 6.299478870653091533, 0.3500000000000000888 ) ) ;
#3294 = EDGE_CURVE ( 'NONE', #1806, #6432, #3382, .T. ) ;
#3295 = CARTESIAN_POINT ( 'NONE',  ( 4.580000000000001847, 6.084152315493286167, 0.3499999999999998668 ) ) ;
#3296 = CARTESIAN_POINT ( 'NONE',  ( 10.94716225365709583, 5.777005459572332136, 0.3499999999999996447 ) ) ;
#3297 = CARTESIAN_POINT ( 'NONE',  ( -0.6999999999999995115, 0.8000000000000004885, 0.3499999999999999778 ) ) ;
#3298 = CARTESIAN_POINT ( 'NONE',  ( 4.098339320387594853, 3.374693912574938892, 0.3499999999999999223 ) ) ;
#3299 = EDGE_CURVE ( 'NONE', #4239, #6791, #301, .T. ) ;
#3300 = VERTEX_POINT ( 'NONE', #7054 ) ;
#3301 = DIRECTION ( 'NONE',  ( -0.000000000000000000, -1.668003342285388099E-16, -1.000000000000000000 ) ) ;
#3302 = VERTEX_POINT ( 'NONE', #347 ) ;
#3303 = LINE ( 'NONE', #455, #262 ) ;
#3304 = ORIENTED_EDGE ( 'NONE', *, *, #1568, .F. ) ;
#3305 = PLANE ( 'NONE',  #6291 ) ;
#3306 = EDGE_CURVE ( 'NONE', #3222, #213, #3334, .T. ) ;
#3307 = ORIENTED_EDGE ( 'NONE', *, *, #7133, .T. ) ;
#3308 = ORIENTED_EDGE ( 'NONE', *, *, #4457, .F. ) ;
#3309 = VECTOR ( 'NONE', #4518, 1000.000000000000000 ) ;
#3310 =( BOUNDED_CURVE ( )  B_SPLINE_CURVE ( 3, ( #4796, #1118, #1071, #2635 ),
 .UNSPECIFIED., .F., .T. ) 
 B_SPLINE_CURVE_WITH_KNOTS ( ( 4, 4 ),
 ( 3.924083526751090290, 4.712388980384689674 ),
 .UNSPECIFIED. ) 
 CURVE ( )  GEOMETRIC_REPRESENTATION_ITEM ( )  RATIONAL_B_SPLINE_CURVE ( ( 1.000000000000000000, 0.9488815137910380226, 0.9488815137910380226, 1.000000000000000000 ) ) 
 REPRESENTATION_ITEM ( '' )  );
#3311 = CARTESIAN_POINT ( 'NONE',  ( 4.729999999999999538, 8.000000000000000000, -0.3499999999999999778 ) ) ;
#3312 = CARTESIAN_POINT ( 'NONE',  ( 8.619999999999999218, 6.500000000000000888, -0.3500000000000010880 ) ) ;
#3313 = CARTESIAN_POINT ( 'NONE',  ( 1.000000000000000444, 6.299999999999999822, -0.3850000000000000089 ) ) ;
#3314 = ORIENTED_EDGE ( 'NONE', *, *, #5974, .F. ) ;
#3315 = CIRCLE ( 'NONE', #7066, 0.2000000000000005107 ) ;
#3316 = CARTESIAN_POINT ( 'NONE',  ( 10.96950242361308447, 5.635051924204145024, 0.3499999999999997002 ) ) ;
#3317 = SURFACE_STYLE_FILL_AREA ( #3715 ) ;
#3318 = ORIENTED_EDGE ( 'NONE', *, *, #4533, .F. ) ;
#3319 = EDGE_CURVE ( 'NONE', #7712, #6791, #2025, .T. ) ;
#3320 = ORIENTED_EDGE ( 'NONE', *, *, #2248, .T. ) ;
#3321 = VECTOR ( 'NONE', #8964, 1000.000000000000000 ) ;
#3322 = CARTESIAN_POINT ( 'NONE',  ( 9.160000000000001918, 1.800000000000000488, 0.3849999999999996758 ) ) ;
#3323 = FACE_BOUND ( 'NONE', #4102, .T. ) ;
#3324 = FILL_AREA_STYLE_COLOUR ( '', #2152 ) ;
#3325 = EDGE_LOOP ( 'NONE', ( #139, #2435, #4839, #9481 ) ) ;
#3326 = CARTESIAN_POINT ( 'NONE',  ( 1.558339320387593485, 3.374693912574938448, 0.3499999999999998668 ) ) ;
#3327 = EDGE_LOOP ( 'NONE', ( #7069, #8705, #4088, #6080 ) ) ;
#3328 = CARTESIAN_POINT ( 'NONE',  ( 9.217499970055216707, 4.124619419408429799, 0.3499999999999996447 ) ) ;
#3329 = MECHANICAL_DESIGN_GEOMETRIC_PRESENTATION_REPRESENTATION (  '', ( #2076 ), #9569 ) ;
#3330 = EDGE_CURVE ( 'NONE', #2647, #8009, #3576, .T. ) ;
#3331 = VECTOR ( 'NONE', #3301, 1000.000000000000000 ) ;
#3332 = CARTESIAN_POINT ( 'NONE',  ( 9.160000000000001918, 0.5000000000000002220, 0.3499999999999998668 ) ) ;
#3333 = CARTESIAN_POINT ( 'NONE',  ( 6.933245067392238781, 6.500000000000000888, 0.3499999999999989231 ) ) ;
#3334 = LINE ( 'NONE', #6329, #4379 ) ;
#3335 = AXIS2_PLACEMENT_3D ( 'NONE', #6454, #3656, #9526 ) ;
#3336 = PLANE ( 'NONE',  #122 ) ;
#3337 =( LENGTH_UNIT ( ) NAMED_UNIT ( * ) SI_UNIT ( .MILLI., .METRE. ) );
#3338 = VECTOR ( 'NONE', #4470, 1000.000000000000000 ) ;
#3339 = FACE_OUTER_BOUND ( 'NONE', #3343, .T. ) ;
#3340 = VECTOR ( 'NONE', #4153, 1000.000000000000000 ) ;
#3341 = SURFACE_SIDE_STYLE ('',( #3986 ) ) ;
#3342 = CARTESIAN_POINT ( 'NONE',  ( 4.480000000000000426, 6.299999999999999822, 0.3499999999999998113 ) ) ;
#3343 = EDGE_LOOP ( 'NONE', ( #868, #8856, #6404, #8730 ) ) ;
#3344 = LINE ( 'NONE', #1789, #6302 ) ;
#3345 = PRESENTATION_LAYER_ASSIGNMENT (  '', '', ( #8489 ) ) ;
#3346 = EDGE_LOOP ( 'NONE', ( #2425, #472, #8224, #2826 ) ) ;
#3347 = EDGE_CURVE ( 'NONE', #4532, #4370, #4172, .T. ) ;
#3348 = VECTOR ( 'NONE', #80, 1000.000000000000000 ) ;
#3349 = CYLINDRICAL_SURFACE ( 'NONE', #3592, 0.2000000000000005107 ) ;
#3350 = FILL_AREA_STYLE ('',( #9255 ) ) ;
#3351 =( NAMED_UNIT ( * ) SI_UNIT ( $, .STERADIAN. ) SOLID_ANGLE_UNIT ( ) );
#3352 = UNCERTAINTY_MEASURE_WITH_UNIT (LENGTH_MEASURE( 1.000000000000000082E-05 ), #215, 'distance_accuracy_value', 'NONE');
#3353 = PLANE ( 'NONE',  #4824 ) ;
#3354 = VERTEX_POINT ( 'NONE', #8806 ) ;
#3355 = EDGE_LOOP ( 'NONE', ( #9510, #5016, #4005, #521 ) ) ;
#3356 = COLOUR_RGB ( '',0.8313725490196077761, 0.6705882352941175961, 0.1294117647058823373 ) ;
#3357 = CARTESIAN_POINT ( 'NONE',  ( -0.8888495460509765467, 4.917640708295714980, -0.3499999999999999223 ) ) ;
#3358 = EDGE_CURVE ( 'NONE', #556, #3877, #2905, .T. ) ;
#3359 = CARTESIAN_POINT ( 'NONE',  ( 8.418210463979503899, 5.709058272658547040, 0.3499999999999997002 ) ) ;
#3360 = FACE_OUTER_BOUND ( 'NONE', #5826, .T. ) ;
#3361 = ADVANCED_FACE ( 'NONE', ( #3465 ), #1283, .T. ) ;
#3362 = ORIENTED_EDGE ( 'NONE', *, *, #4136, .F. ) ;
#3363 = B_SPLINE_CURVE_WITH_KNOTS ( 'NONE', 3,
 ( #7524, #3557, #2097, #1365 ),
 .UNSPECIFIED., .F., .F.,
 ( 4, 4 ),
 ( 0.000000000000000000, 1.000000000000000000 ),
 .UNSPECIFIED. ) ;
#3364 = VECTOR ( 'NONE', #5100, 1000.000000000000000 ) ;
#3365 = ORIENTED_EDGE ( 'NONE', *, *, #5044, .T. ) ;
#3366 = ORIENTED_EDGE ( 'NONE', *, *, #851, .F. ) ;
#3367 = VECTOR ( 'NONE', #7551, 1000.000000000000000 ) ;
#3368 = CARTESIAN_POINT ( 'NONE',  ( 10.01000000000000156, -3.000000000000000000, 0.3499999999999996447 ) ) ;
#3369 = FACE_OUTER_BOUND ( 'NONE', #7266, .T. ) ;
#3370 = CARTESIAN_POINT ( 'NONE',  ( 3.428849546050877439, 4.917640708297875030, 0.3499999999999999223 ) ) ;
#3371 = CARTESIAN_POINT ( 'NONE',  ( 9.473245067392239704, 0.5000000000000002220, 0.6500000000000011324 ) ) ;
#3372 = ORIENTED_EDGE ( 'NONE', *, *, #6596, .F. ) ;
#3373 =( NAMED_UNIT ( * ) PLANE_ANGLE_UNIT ( ) SI_UNIT ( $, .RADIAN. ) );
#3374 = DIRECTION ( 'NONE',  ( 1.000000000000000000, 0.000000000000000000, 0.000000000000000000 ) ) ;
#3375 = VERTEX_POINT ( 'NONE', #9389 ) ;
#3376 = DIRECTION ( 'NONE',  ( 0.000000000000000000, 1.668003342285388099E-16, 1.000000000000000000 ) ) ;
#3377 = VECTOR ( 'NONE', #6048, 1000.000000000000000 ) ;
#3378 = CARTESIAN_POINT ( 'NONE',  ( 8.470639769790270890, 5.307482533055136287, -0.3500000000000003109 ) ) ;
#3379 = CARTESIAN_POINT ( 'NONE',  ( 7.945255819881804626, 5.589454083063163381, 0.3499999999999997002 ) ) ;
#3380 = EDGE_CURVE ( 'NONE', #6918, #460, #2713, .T. ) ;
#3381 = CARTESIAN_POINT ( 'NONE',  ( 2.187475984454220423, 5.732672356334980179, -0.3500000000000000888 ) ) ;
#3382 = LINE ( 'NONE', #1880, #9061 ) ;
#3383 = EDGE_CURVE ( 'NONE', #2888, #2791, #2859, .T. ) ;
#3384 = LINE ( 'NONE', #348, #6230 ) ;
#3385 = CARTESIAN_POINT ( 'NONE',  ( -0.6813801503213369193, 6.233860305463149842, 0.3500000000000000888 ) ) ;
#3386 = DIRECTION ( 'NONE',  ( -0.000000000000000000, 0.000000000000000000, 1.000000000000000000 ) ) ;
#3387 = CARTESIAN_POINT ( 'NONE',  ( 5.865140250919768761, 5.788964205960195564, -0.3500000000000001443 ) ) ;
#3388 = CARTESIAN_POINT ( 'NONE',  ( 0.8001678768757670701, 5.699693040755679618, -0.3500000000000000333 ) ) ;
#3389 =( NAMED_UNIT ( * ) PLANE_ANGLE_UNIT ( ) SI_UNIT ( $, .RADIAN. ) );
#3390 = CARTESIAN_POINT ( 'NONE',  ( 9.473245067392239704, 0.5000000000000000000, -0.6500000000000013545 ) ) ;
#3391 = ORIENTED_EDGE ( 'NONE', *, *, #212, .T. ) ;
#3392 = DIRECTION ( 'NONE',  ( -1.000000000000000000, 0.000000000000000000, 0.000000000000000000 ) ) ;
#3393 = CARTESIAN_POINT ( 'NONE',  ( 9.810000000000000497, 8.199999999999999289, -0.3499999999999999778 ) ) ;
#3394 = ORIENTED_EDGE ( 'NONE', *, *, #5597, .F. ) ;
#3395 = PLANE ( 'NONE',  #7378 ) ;
#3396 =( GEOMETRIC_REPRESENTATION_CONTEXT ( 3 ) GLOBAL_UNCERTAINTY_ASSIGNED_CONTEXT ( ( #196 ) ) GLOBAL_UNIT_ASSIGNED_CONTEXT ( ( #5199, #5301, #7482 ) ) REPRESENTATION_CONTEXT ( 'NONE', 'WORKASPACE' ) );
#3397 = COLOUR_RGB ( '',0.8313725490196077761, 0.6705882352941175961, 0.1294117647058823373 ) ;
#3398 = ORIENTED_EDGE ( 'NONE', *, *, #4572, .F. ) ;
#3399 = EDGE_LOOP ( 'NONE', ( #4009, #8885, #6125, #6114 ) ) ;
#3400 =( GEOMETRIC_REPRESENTATION_CONTEXT ( 3 ) GLOBAL_UNCERTAINTY_ASSIGNED_CONTEXT ( ( #1951 ) ) GLOBAL_UNIT_ASSIGNED_CONTEXT ( ( #8651, #1817, #4861 ) ) REPRESENTATION_CONTEXT ( 'NONE', 'WORKASPACE' ) );
#3401 = CARTESIAN_POINT ( 'NONE',  ( 10.84675493260776236, 0.5000000000000002220, 0.3499999999999998668 ) ) ;
#3402 = SURFACE_SIDE_STYLE ('',( #6491 ) ) ;
#3403 = CARTESIAN_POINT ( 'NONE',  ( 8.412485366313218194, 5.744802409713649638, 0.3499999999999997002 ) ) ;
#3404 = CARTESIAN_POINT ( 'NONE',  ( 2.540000000000000036, 0.5000000000000005551, -0.3500000000000000888 ) ) ;
#3405 = ORIENTED_EDGE ( 'NONE', *, *, #392, .F. ) ;
#3406 =( GEOMETRIC_REPRESENTATION_CONTEXT ( 3 ) GLOBAL_UNCERTAINTY_ASSIGNED_CONTEXT ( ( #2778 ) ) GLOBAL_UNIT_ASSIGNED_CONTEXT ( ( #5983, #9651, #2870 ) ) REPRESENTATION_CONTEXT ( 'NONE', 'WORKASPACE' ) );
#3407 = AXIS2_PLACEMENT_3D ( 'NONE', #4112, #6321, #979 ) ;
#3408 = ORIENTED_EDGE ( 'NONE', *, *, #3057, .F. ) ;
#3409 = EDGE_CURVE ( 'NONE', #4625, #3513, #5699, .T. ) ;
#3410 = ORIENTED_EDGE ( 'NONE', *, *, #1948, .F. ) ;
#3411 = FACE_OUTER_BOUND ( 'NONE', #3786, .T. ) ;
#3412 =( NAMED_UNIT ( * ) SI_UNIT ( $, .STERADIAN. ) SOLID_ANGLE_UNIT ( ) );
#3413 = SURFACE_STYLE_FILL_AREA ( #6261 ) ;
#3414 = ORIENTED_EDGE ( 'NONE', *, *, #3247, .F. ) ;
#3415 = ADVANCED_FACE ( 'NONE', ( #543 ), #3520, .T. ) ;
#3416 = CARTESIAN_POINT ( 'NONE',  ( 4.080000000000000959, 6.299999999999999822, 0.3849999999999998423 ) ) ;
#3417 = LINE ( 'NONE', #4113, #8491 ) ;
#3418 = DIRECTION ( 'NONE',  ( 0.000000000000000000, 3.097720492815727166E-16, 1.000000000000000000 ) ) ;
#3419 = ORIENTED_EDGE ( 'NONE', *, *, #4047, .F. ) ;
#3420 = CARTESIAN_POINT ( 'NONE',  ( 9.473245067392239704, 6.500000000000000888, -0.6500000000000017986 ) ) ;
#3421 = VECTOR ( 'NONE', #6818, 1000.000000000000000 ) ;
#3422 = CARTESIAN_POINT ( 'NONE',  ( 5.080000000000000071, 6.299999999999999822, 0.3499999999999998113 ) ) ;
#3423 = DIRECTION ( 'NONE',  ( 1.000000000000000000, 0.000000000000000000, 0.000000000000000000 ) ) ;
#3424 = EDGE_CURVE ( 'NONE', #7520, #7038, #4250, .T. ) ;
#3425 = CARTESIAN_POINT ( 'NONE',  ( 6.080000000000000071, 0.5000000000000000000, -0.3500000000000000888 ) ) ;
#3426 = CARTESIAN_POINT ( 'NONE',  ( 1.840000000000000524, 0.8000000000000004885, 0.3499999999999998668 ) ) ;
#3427 = PRESENTATION_LAYER_ASSIGNMENT (  '', '', ( #7342 ) ) ;
#3428 =( LENGTH_UNIT ( ) NAMED_UNIT ( * ) SI_UNIT ( .MILLI., .METRE. ) );
#3429 = PLANE ( 'NONE',  #5724 ) ;
#3430 = CARTESIAN_POINT ( 'NONE',  ( 1.000000000000000222, 2.615493535622417820, -0.3499999999999999778 ) ) ;
#3431 = CARTESIAN_POINT ( 'NONE',  ( 1.853245067392238710, 6.500000000000000888, 0.3499999999999989231 ) ) ;
#3432 = EDGE_CURVE ( 'NONE', #167, #4843, #3693, .T. ) ;
#3433 = VERTEX_POINT ( 'NONE', #8926 ) ;
#3434 = CARTESIAN_POINT ( 'NONE',  ( 8.620000000000000995, 1.800000000000000488, -0.3850000000000002309 ) ) ;
#3435 = PLANE ( 'NONE',  #8869 ) ;
#3436 = UNCERTAINTY_MEASURE_WITH_UNIT (LENGTH_MEASURE( 1.000000000000000082E-05 ), #4765, 'distance_accuracy_value', 'NONE');
#3437 = ORIENTED_EDGE ( 'NONE', *, *, #4138, .T. ) ;
#3438 = CARTESIAN_POINT ( 'NONE',  ( -0.3500000000000000333, 8.199999999999999289, 0.3499999999999999778 ) ) ;
#3439 = ORIENTED_EDGE ( 'NONE', *, *, #2160, .T. ) ;
#3440 = VERTEX_POINT ( 'NONE', #4106 ) ;
#3441 = CARTESIAN_POINT ( 'NONE',  ( 1.000000000000000444, 6.299999999999999822, 0.1283333333333333270 ) ) ;
#3442 = DIRECTION ( 'NONE',  ( 1.000000000000000000, 0.000000000000000000, 0.000000000000000000 ) ) ;
#3443 = VERTEX_POINT ( 'NONE', #6362 ) ;
#3444 = ORIENTED_EDGE ( 'NONE', *, *, #330, .T. ) ;
#3445 =( GEOMETRIC_REPRESENTATION_CONTEXT ( 3 ) GLOBAL_UNCERTAINTY_ASSIGNED_CONTEXT ( ( #8207 ) ) GLOBAL_UNIT_ASSIGNED_CONTEXT ( ( #7639, #9140, #1766 ) ) REPRESENTATION_CONTEXT ( 'NONE', 'WORKASPACE' ) );
#3446 = DIRECTION ( 'NONE',  ( 1.000000000000000000, 1.121588454295349780E-16, -0.000000000000000000 ) ) ;
#3447 = ORIENTED_EDGE ( 'NONE', *, *, #1842, .F. ) ;
#3448 = EDGE_CURVE ( 'NONE', #5355, #9178, #7320, .T. ) ;
#3449 = FILL_AREA_STYLE_COLOUR ( '', #9282 ) ;
#3450 = SURFACE_SIDE_STYLE ('',( #7830 ) ) ;
#3451 = CARTESIAN_POINT ( 'NONE',  ( 3.039999999999998259, 6.299999999999999822, -0.3500000000000000888 ) ) ;
#3452 = SURFACE_SIDE_STYLE ('',( #5195 ) ) ;
#3453 = ADVANCED_FACE ( 'NONE', ( #2079 ), #7416, .T. ) ;
#3454 = ORIENTED_EDGE ( 'NONE', *, *, #473, .T. ) ;
#3455 = CARTESIAN_POINT ( 'NONE',  ( 4.080000000000000959, 6.299999999999999822, -0.3850000000000000644 ) ) ;
#3456 = B_SPLINE_CURVE_WITH_KNOTS ( 'NONE', 3,
 ( #3208, #6191, #950, #910 ),
 .UNSPECIFIED., .F., .F.,
 ( 4, 4 ),
 ( 0.000000000000000000, 1.000000000000000000 ),
 .UNSPECIFIED. ) ;
#3457 = FILL_AREA_STYLE ('',( #480 ) ) ;
#3458 = CARTESIAN_POINT ( 'NONE',  ( 4.134482203325870131, 4.067306563708462441, -0.3499999999999999778 ) ) ;
#3459 = ORIENTED_EDGE ( 'NONE', *, *, #886, .T. ) ;
#3460 = DIRECTION ( 'NONE',  ( 0.000000000000000000, -3.097720492815727166E-16, -1.000000000000000000 ) ) ;
#3461 = CARTESIAN_POINT ( 'NONE',  ( 4.080000000000000071, 6.500000000000000888, 0.3499999999999989231 ) ) ;
#3462 = STYLED_ITEM ( 'NONE', ( #3265 ), #7707 ) ;
#3463 = DIRECTION ( 'NONE',  ( 0.000000000000000000, -0.000000000000000000, -1.000000000000000000 ) ) ;
#3464 = CARTESIAN_POINT ( 'NONE',  ( 2.091806954577857258, 5.884855341312109189, -0.3500000000000000333 ) ) ;
#3465 = FACE_OUTER_BOUND ( 'NONE', #7325, .T. ) ;
#3466 = DIRECTION ( 'NONE',  ( 1.000000000000000000, 8.673617379884030739E-15, 0.000000000000000000 ) ) ;
#3467 = PRESENTATION_LAYER_ASSIGNMENT (  '', '', ( #7701 ) ) ;
#3468 = DIRECTION ( 'NONE',  ( 0.000000000000000000, 1.000000000000000000, -1.668003342285391797E-16 ) ) ;
#3469 = SURFACE_SIDE_STYLE ('',( #4979 ) ) ;
#3470 = AXIS2_PLACEMENT_3D ( 'NONE', #5658, #7756, #1932 ) ;
#3471 = FILL_AREA_STYLE ('',( #596 ) ) ;
#3472 = CARTESIAN_POINT ( 'NONE',  ( 7.020000000000000462, 6.299999999999999822, 0.3499999999999997002 ) ) ;
#3473 = EDGE_CURVE ( 'NONE', #6908, #5422, #3596, .T. ) ;
#3474 = ORIENTED_EDGE ( 'NONE', *, *, #3492, .T. ) ;
#3475 = VECTOR ( 'NONE', #2061, 1000.000000000000000 ) ;
#3476 = VECTOR ( 'NONE', #3515, 1000.000000000000000 ) ;
#3477 = FACE_OUTER_BOUND ( 'NONE', #4583, .T. ) ;
#3478 = CARTESIAN_POINT ( 'NONE',  ( 4.730000000000001315, 0.5000000000000005551, 0.3499999999999998113 ) ) ;
#3479 = EDGE_LOOP ( 'NONE', ( #580, #8355, #3856, #885 ) ) ;
#3480 = LINE ( 'NONE', #2035, #5373 ) ;
#3481 = DIRECTION ( 'NONE',  ( -7.744301232039316681E-17, 0.000000000000000000, -1.000000000000000000 ) ) ;
#3482 = VECTOR ( 'NONE', #5043, 1000.000000000000000 ) ;
#3483 = UNCERTAINTY_MEASURE_WITH_UNIT (LENGTH_MEASURE( 1.000000000000000082E-05 ), #5889, 'distance_accuracy_value', 'NONE');
#3484 = STYLED_ITEM ( 'NONE', ( #78 ), #1992 ) ;
#3485 = EDGE_CURVE ( 'NONE', #916, #6614, #3642, .T. ) ;
#3486 = VERTEX_POINT ( 'NONE', #562 ) ;
#3487 = STYLED_ITEM ( 'NONE', ( #2143 ), #5019 ) ;
#3488 = VERTEX_POINT ( 'NONE', #3368 ) ;
#3489 = MECHANICAL_DESIGN_GEOMETRIC_PRESENTATION_REPRESENTATION (  '', ( #4767 ), #1748 ) ;
#3490 = UNCERTAINTY_MEASURE_WITH_UNIT (LENGTH_MEASURE( 1.000000000000000082E-05 ), #2003, 'distance_accuracy_value', 'NONE');
#3491 = DIRECTION ( 'NONE',  ( -0.000000000000000000, 0.000000000000000000, 1.000000000000000000 ) ) ;
#3492 = EDGE_CURVE ( 'NONE', #16, #9038, #5635, .T. ) ;
#3493 = CARTESIAN_POINT ( 'NONE',  ( 1.670384757729333813, 8.500000000000000000, 0.8696152422706663332 ) ) ;
#3494 = EDGE_CURVE ( 'NONE', #5722, #7712, #9511, .T. ) ;
#3495 = SURFACE_SIDE_STYLE ('',( #8734 ) ) ;
#3496 = ORIENTED_EDGE ( 'NONE', *, *, #7328, .T. ) ;
#3497 =( LENGTH_UNIT ( ) NAMED_UNIT ( * ) SI_UNIT ( .MILLI., .METRE. ) );
#3498 = ORIENTED_EDGE ( 'NONE', *, *, #6466, .F. ) ;
#3499 = DIRECTION ( 'NONE',  ( -1.000000000000000000, 0.000000000000000000, 0.000000000000000000 ) ) ;
#3500 = ORIENTED_EDGE ( 'NONE', *, *, #851, .T. ) ;
#3501 = COLOUR_RGB ( '',0.8313725490196077761, 0.6705882352941175961, 0.1294117647058823373 ) ;
#3502 = CARTESIAN_POINT ( 'NONE',  ( 6.620000000000000107, 6.500000000000000888, 0.3499999999999989231 ) ) ;
#3503 = FILL_AREA_STYLE ('',( #1318 ) ) ;
#3504 = DIRECTION ( 'NONE',  ( -0.000000000000000000, 0.000000000000000000, 1.000000000000000000 ) ) ;
#3505 = ORIENTED_EDGE ( 'NONE', *, *, #4671, .T. ) ;
#3506 = LINE ( 'NONE', #6457, #5613 ) ;
#3507 = DIRECTION ( 'NONE',  ( -0.000000000000000000, -1.000000000000000000, 1.668003342285392044E-16 ) ) ;
#3508 = EDGE_CURVE ( 'NONE', #3375, #5899, #685, .T. ) ;
#3509 = CARTESIAN_POINT ( 'NONE',  ( 4.215802618229587573, 5.178803639423790628, -0.3500000000000002554 ) ) ;
#3510 = EDGE_LOOP ( 'NONE', ( #1255, #4899, #9087, #5882 ) ) ;
#3511 = FACE_BOUND ( 'NONE', #968, .T. ) ;
#3512 = FILL_AREA_STYLE_COLOUR ( '', #4956 ) ;
#3513 = VERTEX_POINT ( 'NONE', #2880 ) ;
#3514 = CARTESIAN_POINT ( 'NONE',  ( 8.559979884374426362, 4.171275002134770205, -0.3500000000000003109 ) ) ;
#3515 = DIRECTION ( 'NONE',  ( -0.000000000000000000, -1.000000000000000000, 1.668003342285391551E-16 ) ) ;
#3516 = AXIS2_PLACEMENT_3D ( 'NONE', #7237, #485, #7895 ) ;
#3517 = VECTOR ( 'NONE', #6922, 1000.000000000000000 ) ;
#3518 = DIRECTION ( 'NONE',  ( -0.7071067811865475727, 0.7071067811865475727, 0.000000000000000000 ) ) ;
#3519 = CARTESIAN_POINT ( 'NONE',  ( 2.890000000000000124, 8.199999999999999289, 0.3499999999999999778 ) ) ;
#3520 = CYLINDRICAL_SURFACE ( 'NONE', #1259, 0.1999999999999996503 ) ;
#3521 = VECTOR ( 'NONE', #6556, 1000.000000000000000 ) ;
#3522 = ADVANCED_FACE ( 'NONE', ( #5135 ), #1402, .T. ) ;
#3523 = VECTOR ( 'NONE', #2593, 1000.000000000000000 ) ;
#3524 = CARTESIAN_POINT ( 'NONE',  ( 5.899285907662241257, 5.570187327444201308, -0.3500000000000001998 ) ) ;
#3525 = LINE ( 'NONE', #6655, #1635 ) ;
#3526 = CARTESIAN_POINT ( 'NONE',  ( 1.566953799075549103, 3.450480068928325927, -0.3500000000000000888 ) ) ;
#3527 = EDGE_CURVE ( 'NONE', #1971, #3240, #5419, .T. ) ;
#3528 =( GEOMETRIC_REPRESENTATION_CONTEXT ( 3 ) GLOBAL_UNCERTAINTY_ASSIGNED_CONTEXT ( ( #6639 ) ) GLOBAL_UNIT_ASSIGNED_CONTEXT ( ( #9328, #9473, #7883 ) ) REPRESENTATION_CONTEXT ( 'NONE', 'WORKASPACE' ) );
#3529 =( NAMED_UNIT ( * ) SI_UNIT ( $, .STERADIAN. ) SOLID_ANGLE_UNIT ( ) );
#3530 = DIRECTION ( 'NONE',  ( 1.084202172485504434E-16, -1.000000000000000000, 0.000000000000000000 ) ) ;
#3531 = SURFACE_SIDE_STYLE ('',( #4737 ) ) ;
#3532 = DIRECTION ( 'NONE',  ( -1.000000000000000000, -0.000000000000000000, -0.000000000000000000 ) ) ;
#3533 = ORIENTED_EDGE ( 'NONE', *, *, #2303, .T. ) ;
#3534 = FILL_AREA_STYLE ('',( #5900 ) ) ;
#3535 = CARTESIAN_POINT ( 'NONE',  ( 7.969999999999999751, 0.000000000000000000, 0.3499999999999999778 ) ) ;
#3536 = MECHANICAL_DESIGN_GEOMETRIC_PRESENTATION_REPRESENTATION (  '', ( #96 ), #1843 ) ;
#3537 = VERTEX_POINT ( 'NONE', #1698 ) ;
#3538 = ORIENTED_EDGE ( 'NONE', *, *, #9073, .T. ) ;
#3539 = ADVANCED_FACE ( 'NONE', ( #3788 ), #6047, .F. ) ;
#3540 = EDGE_CURVE ( 'NONE', #6553, #3752, #4855, .T. ) ;
#3541 = CARTESIAN_POINT ( 'NONE',  ( 9.660000000000001918, 6.299999999999999822, -0.3500000000000003109 ) ) ;
#3542 = STYLED_ITEM ( 'NONE', ( #6690 ), #1061 ) ;
#3543 = CARTESIAN_POINT ( 'NONE',  ( 11.62999999999999723, 0.5000000000000000000, -0.6499999999999989120 ) ) ;
#3544 = VECTOR ( 'NONE', #4681, 1000.000000000000000 ) ;
#3545 = DIRECTION ( 'NONE',  ( -0.000000000000000000, 1.000000000000000000, -0.000000000000000000 ) ) ;
#3546 = CARTESIAN_POINT ( 'NONE',  ( 1.000000000000000000, 0.5000000000000000000, -0.3500000000000000888 ) ) ;
#3547 = PRESENTATION_STYLE_ASSIGNMENT (( #4002 ) ) ;
#3548 =( GEOMETRIC_REPRESENTATION_CONTEXT ( 3 ) GLOBAL_UNCERTAINTY_ASSIGNED_CONTEXT ( ( #3028 ) ) GLOBAL_UNIT_ASSIGNED_CONTEXT ( ( #8582, #8680, #7122 ) ) REPRESENTATION_CONTEXT ( 'NONE', 'WORKASPACE' ) );
#3549 = ORIENTED_EDGE ( 'NONE', *, *, #113, .F. ) ;
#3550 = ORIENTED_EDGE ( 'NONE', *, *, #2248, .F. ) ;
#3551 = DIRECTION ( 'NONE',  ( -0.000000000000000000, 1.000000000000000000, -0.000000000000000000 ) ) ;
#3552 = EDGE_CURVE ( 'NONE', #5916, #167, #8917, .T. ) ;
#3553 = AXIS2_PLACEMENT_3D ( 'NONE', #8601, #4911, #1965 ) ;
#3554 = ORIENTED_EDGE ( 'NONE', *, *, #3164, .T. ) ;
#3555 = EDGE_CURVE ( 'NONE', #5717, #3513, #1557, .T. ) ;
#3556 = LINE ( 'NONE', #4350, #3061 ) ;
#3557 = CARTESIAN_POINT ( 'NONE',  ( 10.75999999999999979, 6.299999999999999822, 0.1166666666666662522 ) ) ;
#3558 = LINE ( 'NONE', #6542, #9395 ) ;
#3559 = DIRECTION ( 'NONE',  ( 0.000000000000000000, 0.000000000000000000, 1.000000000000000000 ) ) ;
#3560 =( NAMED_UNIT ( * ) PLANE_ANGLE_UNIT ( ) SI_UNIT ( $, .RADIAN. ) );
#3561 = AXIS2_PLACEMENT_3D ( 'NONE', #7846, #5653, #5599 ) ;
#3562 = COLOUR_RGB ( '',0.8313725490196077761, 0.6705882352941175961, 0.1294117647058823373 ) ;
#3563 = ORIENTED_EDGE ( 'NONE', *, *, #7476, .F. ) ;
#3564 =( BOUNDED_CURVE ( )  B_SPLINE_CURVE ( 3, ( #6561, #9595, #7298, #2908 ),
 .UNSPECIFIED., .F., .T. ) 
 B_SPLINE_CURVE_WITH_KNOTS ( ( 4, 4 ),
 ( 1.570796326794896336, 2.359101780428492390 ),
 .UNSPECIFIED. ) 
 CURVE ( )  GEOMETRIC_REPRESENTATION_ITEM ( )  RATIONAL_B_SPLINE_CURVE ( ( 1.000000000000000000, 0.9488815137910384667, 0.9488815137910384667, 1.000000000000000000 ) ) 
 REPRESENTATION_ITEM ( '' )  );
#3565 = CARTESIAN_POINT ( 'NONE',  ( 3.226754932607761361, 10.39117142264903570, -0.6500000000000030198 ) ) ;
#3566 = PRODUCT ( '100mil Female Pin Header_5P_Wi', '100mil Female Pin Header_5P_Wi', '', ( #1895 ) ) ;
#3567 = CARTESIAN_POINT ( 'NONE',  ( 4.393245067392238745, 0.5000000000000002220, 0.3499999999999998668 ) ) ;
#3568 = ORIENTED_EDGE ( 'NONE', *, *, #607, .T. ) ;
#3569 = SURFACE_STYLE_FILL_AREA ( #5108 ) ;
#3570 = EDGE_CURVE ( 'NONE', #9415, #1172, #6144, .T. ) ;
#3571 = ORIENTED_EDGE ( 'NONE', *, *, #239, .F. ) ;
#3572 = PRESENTATION_LAYER_ASSIGNMENT (  '', '', ( #7170 ) ) ;
#3573 = B_SPLINE_CURVE_WITH_KNOTS ( 'NONE', 3,
 ( #829, #3807, #6785, #2688 ),
 .UNSPECIFIED., .F., .F.,
 ( 4, 4 ),
 ( 0.000000000000000000, 1.000000000000000000 ),
 .UNSPECIFIED. ) ;
#3574 = SURFACE_SIDE_STYLE ('',( #5020 ) ) ;
#3575 = CARTESIAN_POINT ( 'NONE',  ( 2.190000000000000835, 0.5000000000000005551, 0.3499999999999998668 ) ) ;
#3576 = LINE ( 'NONE', #491, #7663 ) ;
#3577 = CARTESIAN_POINT ( 'NONE',  ( 6.620000000000000995, -1.121588454295348794E-16, -0.3500000000000002554 ) ) ;
#3578 =( LENGTH_UNIT ( ) NAMED_UNIT ( * ) SI_UNIT ( .MILLI., .METRE. ) );
#3579 = CARTESIAN_POINT ( 'NONE',  ( 5.430000000000000604, 1.084202172485506745E-17, 0.3499999999999998113 ) ) ;
#3580 =( LENGTH_UNIT ( ) NAMED_UNIT ( * ) SI_UNIT ( .MILLI., .METRE. ) );
#3581 = CARTESIAN_POINT ( 'NONE',  ( 8.306754932607761432, 10.39117142264903570, -0.3500000000000017542 ) ) ;
#3582 =( BOUNDED_SURFACE ( )  B_SPLINE_SURFACE ( 3, 1, ( 
 ( #4877, #6472 ),
 ( #3295, #7848 ),
 ( #5753, #4929 ),
 ( #5553, #2766 ) ),
 .UNSPECIFIED., .F., .F., .T. ) 
 B_SPLINE_SURFACE_WITH_KNOTS ( ( 4, 4 ),
 ( 2, 2 ),
 ( 0.000000000000000000, 1.000000000000000000 ),
 ( 0.000000000000000000, 1.000000000000000000 ),
 .UNSPECIFIED. ) 
 GEOMETRIC_REPRESENTATION_ITEM ( )  RATIONAL_B_SPLINE_SURFACE ( (
 ( 1.000000000000000000, 1.000000000000000000),
 ( 0.9488815137910384667, 0.9488815137910384667),
 ( 0.9488815137910384667, 0.9488815137910384667),
 ( 1.000000000000000000, 1.000000000000000000) ) ) 
 REPRESENTATION_ITEM ( '' )  SURFACE ( )  );
#3583 = VECTOR ( 'NONE', #3024, 1000.000000000000000 ) ;
#3584 = EDGE_CURVE ( 'NONE', #3632, #3440, #1606, .T. ) ;
#3585 = CARTESIAN_POINT ( 'NONE',  ( 8.620000000000000995, 1.800000000000000488, -0.3500000000000002554 ) ) ;
#3586 = CARTESIAN_POINT ( 'NONE',  ( 6.674482203325871055, 4.067306563708464218, -0.3500000000000002554 ) ) ;
#3587 = DIRECTION ( 'NONE',  ( 0.000000000000000000, -0.000000000000000000, -1.000000000000000000 ) ) ;
#3588 = ORIENTED_EDGE ( 'NONE', *, *, #5550, .F. ) ;
#3589 =( NAMED_UNIT ( * ) PLANE_ANGLE_UNIT ( ) SI_UNIT ( $, .RADIAN. ) );
#3590 = EDGE_CURVE ( 'NONE', #3433, #2399, #7559, .T. ) ;
#3591 = PLANE ( 'NONE',  #6150 ) ;
#3592 = AXIS2_PLACEMENT_3D ( 'NONE', #1936, #7704, #3392 ) ;
#3593 = DIRECTION ( 'NONE',  ( 1.000000000000000000, 0.000000000000000000, 0.000000000000000000 ) ) ;
#3594 = ORIENTED_EDGE ( 'NONE', *, *, #7570, .F. ) ;
#3595 = ORIENTED_EDGE ( 'NONE', *, *, #5903, .T. ) ;
#3596 = LINE ( 'NONE', #2180, #795 ) ;
#3597 = COLOUR_RGB ( '',0.8313725490196077761, 0.6705882352941175961, 0.1294117647058823373 ) ;
#3598 = CARTESIAN_POINT ( 'NONE',  ( 4.729999999999999538, 0.000000000000000000, -0.3499999999999999778 ) ) ;
#3599 = CARTESIAN_POINT ( 'NONE',  ( 0.000000000000000000, 8.500000000000000000, 0.8696152422706663332 ) ) ;
#3600 = PRESENTATION_STYLE_ASSIGNMENT (( #2836 ) ) ;
#3601 = DIRECTION ( 'NONE',  ( 1.000000000000000000, 1.084202172485504434E-16, 0.000000000000000000 ) ) ;
#3602 = ORIENTED_EDGE ( 'NONE', *, *, #6480, .F. ) ;
#3603 = ADVANCED_FACE ( 'NONE', ( #3894 ), #7752, .F. ) ;
#3604 = EDGE_LOOP ( 'NONE', ( #8013, #7721, #1272, #6482 ) ) ;
#3605 = ORIENTED_EDGE ( 'NONE', *, *, #6345, .F. ) ;
#3606 = CARTESIAN_POINT ( 'NONE',  ( 0.3500000000000000333, 8.199999999999999289, 0.3499999999999999778 ) ) ;
#3607 = CARTESIAN_POINT ( 'NONE',  ( 10.50999999999999979, 8.199999999999999289, 0.3499999999999999778 ) ) ;
#3608 = CARTESIAN_POINT ( 'NONE',  ( 9.290384757729334808, 8.500000000000000000, 0.000000000000000000 ) ) ;
#3609 = FILL_AREA_STYLE_COLOUR ( '', #6225 ) ;
#3610 = ORIENTED_EDGE ( 'NONE', *, *, #5766, .T. ) ;
#3611 =( NAMED_UNIT ( * ) SI_UNIT ( $, .STERADIAN. ) SOLID_ANGLE_UNIT ( ) );
#3612 = CARTESIAN_POINT ( 'NONE',  ( 8.068193045422141552, 5.884855341312109189, 0.3499999999999997002 ) ) ;
#3613 = DIRECTION ( 'NONE',  ( -1.000000000000000000, 0.000000000000000000, 0.000000000000000000 ) ) ;
#3614 = ORIENTED_EDGE ( 'NONE', *, *, #3023, .T. ) ;
#3615 = ORIENTED_EDGE ( 'NONE', *, *, #1883, .T. ) ;
#3616 = DIRECTION ( 'NONE',  ( 1.000000000000000000, 1.084202172485504434E-16, 0.000000000000000000 ) ) ;
#3617 = PRESENTATION_STYLE_ASSIGNMENT (( #6555 ) ) ;
#3618 = SURFACE_STYLE_USAGE ( .BOTH. , #2112 ) ;
#3619 = CARTESIAN_POINT ( 'NONE',  ( -0.9999999999999995559, 1.800000000000000488, 0.3499999999999999778 ) ) ;
#3620 = DIRECTION ( 'NONE',  ( -0.000000000000000000, 0.000000000000000000, 1.000000000000000000 ) ) ;
#3621 = EDGE_CURVE ( 'NONE', #8583, #3255, #1717, .T. ) ;
#3622 = DIRECTION ( 'NONE',  ( 0.000000000000000000, 0.000000000000000000, 1.000000000000000000 ) ) ;
#3623 = ORIENTED_EDGE ( 'NONE', *, *, #3036, .F. ) ;
#3624 = AXIS2_PLACEMENT_3D ( 'NONE', #4488, #9561, #3745 ) ;
#3625 = CARTESIAN_POINT ( 'NONE',  ( 1.750396961982262134, 5.762359718947906551, -0.3500000000000002554 ) ) ;
#3626 = SURFACE_STYLE_FILL_AREA ( #9600 ) ;
#3627 = VECTOR ( 'NONE', #5040, 1000.000000000000000 ) ;
#3628 = DIRECTION ( 'NONE',  ( 1.000000000000000000, 1.084202172485504434E-16, 0.000000000000000000 ) ) ;
#3629 = CARTESIAN_POINT ( 'NONE',  ( 7.020000000000000462, 6.299999999999999822, -0.3500000000000002554 ) ) ;
#3630 = CARTESIAN_POINT ( 'NONE',  ( 2.189999999999999947, 8.199999999999999289, -0.3499999999999999778 ) ) ;
#3631 =( NAMED_UNIT ( * ) PLANE_ANGLE_UNIT ( ) SI_UNIT ( $, .RADIAN. ) );
#3632 = VERTEX_POINT ( 'NONE', #6278 ) ;
#3633 = VECTOR ( 'NONE', #8911, 1000.000000000000000 ) ;
#3634 = LINE ( 'NONE', #2219, #34 ) ;
#3635 = DIRECTION ( 'NONE',  ( 1.121588454295349533E-16, -1.000000000000000000, 0.000000000000000000 ) ) ;
#3636 = CARTESIAN_POINT ( 'NONE',  ( 6.933245067392238781, 0.5000000000000000000, -0.6500000000000013545 ) ) ;
#3637 = ORIENTED_EDGE ( 'NONE', *, *, #5407, .F. ) ;
#3638 = AXIS2_PLACEMENT_3D ( 'NONE', #8776, #2926, #2881 ) ;
#3639 = VERTEX_POINT ( 'NONE', #449 ) ;
#3640 = VECTOR ( 'NONE', #2450, 1000.000000000000000 ) ;
#3641 = ADVANCED_FACE ( 'NONE', ( #1736 ), #406, .T. ) ;
#3642 = LINE ( 'NONE', #6576, #7349 ) ;
#3643 = CARTESIAN_POINT ( 'NONE',  ( 2.189999999999999947, 8.199999999999999289, 0.3499999999999999778 ) ) ;
#3644 = CARTESIAN_POINT ( 'NONE',  ( 10.48525581988180555, 5.589454083063163381, -0.3500000000000003109 ) ) ;
#3645 = AXIS2_PLACEMENT_3D ( 'NONE', #3722, #591, #9540 ) ;
#3646 =( GEOMETRIC_REPRESENTATION_CONTEXT ( 3 ) GLOBAL_UNCERTAINTY_ASSIGNED_CONTEXT ( ( #8685 ) ) GLOBAL_UNIT_ASSIGNED_CONTEXT ( ( #6465, #9436, #9486 ) ) REPRESENTATION_CONTEXT ( 'NONE', 'WORKASPACE' ) );
#3647 = CARTESIAN_POINT ( 'NONE',  ( 0.3252558198818050195, 5.589454083063163381, -0.3499999999999999778 ) ) ;
#3648 = EDGE_LOOP ( 'NONE', ( #1155, #7075, #2671, #3623, #1276, #6338, #2942, #2440, #6280, #2737, #9033, #7374, #924, #5659, #4337, #8397, #428, #3673, #1017, #2924, #6339 ) ) ;
#3649 = ORIENTED_EDGE ( 'NONE', *, *, #181, .F. ) ;
#3650 = VECTOR ( 'NONE', #6205, 1000.000000000000000 ) ;
#3651 = ADVANCED_FACE ( 'NONE', ( #1786 ), #6958, .T. ) ;
#3652 = VECTOR ( 'NONE', #3764, 1000.000000000000000 ) ;
#3653 = CYLINDRICAL_SURFACE ( 'NONE', #6343, 0.2999999999999999889 ) ;
#3654 = CARTESIAN_POINT ( 'NONE',  ( 9.372463891615426590, 5.774771377977409692, -0.3500000000000004219 ) ) ;
#3655 = CARTESIAN_POINT ( 'NONE',  ( 0.6867549326077613259, 6.500000000000000888, 0.3499999999999988676 ) ) ;
#3656 = DIRECTION ( 'NONE',  ( -1.000000000000000000, -3.097720492815726426E-17, 0.000000000000000000 ) ) ;
#3657 = FACE_OUTER_BOUND ( 'NONE', #3604, .T. ) ;
#3658 = ORIENTED_EDGE ( 'NONE', *, *, #1812, .T. ) ;
#3659 = DIRECTION ( 'NONE',  ( -0.000000000000000000, -1.000000000000000000, 1.668003342285392044E-16 ) ) ;
#3660 = PRESENTATION_LAYER_ASSIGNMENT (  '', '', ( #3484 ) ) ;
#3661 = DIRECTION ( 'NONE',  ( 0.000000000000000000, 0.000000000000000000, 1.000000000000000000 ) ) ;
#3662 = LINE ( 'NONE', #2198, #9640 ) ;
#3663 = ORIENTED_EDGE ( 'NONE', *, *, #2210, .F. ) ;
#3664 = DIRECTION ( 'NONE',  ( -0.000000000000000000, -1.000000000000000000, 1.668003342285391551E-16 ) ) ;
#3665 = ORIENTED_EDGE ( 'NONE', *, *, #5579, .T. ) ;
#3666 = DIRECTION ( 'NONE',  ( -1.000000000000000000, -0.000000000000000000, -0.000000000000000000 ) ) ;
#3667 = DIRECTION ( 'NONE',  ( 1.000000000000000000, 0.000000000000000000, 0.000000000000000000 ) ) ;
#3668 = VECTOR ( 'NONE', #3468, 1000.000000000000000 ) ;
#3669 = EDGE_CURVE ( 'NONE', #1021, #2378, #3674, .T. ) ;
#3670 = DIRECTION ( 'NONE',  ( -0.000000000000000000, -1.000000000000000000, 1.668003342285391551E-16 ) ) ;
#3671 = FACE_OUTER_BOUND ( 'NONE', #7365, .T. ) ;
#3672 = DIRECTION ( 'NONE',  ( -1.000000000000000000, 0.000000000000000000, 0.000000000000000000 ) ) ;
#3673 = ORIENTED_EDGE ( 'NONE', *, *, #9542, .T. ) ;
#3674 = LINE ( 'NONE', #5122, #136 ) ;
#3675 = CARTESIAN_POINT ( 'NONE',  ( -0.6867549326077613259, 8.000000000000000000, 0.6500000000000000222 ) ) ;
#3676 = EDGE_CURVE ( 'NONE', #213, #736, #9544, .T. ) ;
#3677 =( BOUNDED_SURFACE ( )  B_SPLINE_SURFACE ( 2, 3, ( 
 ( #7847, #6423, #5503, #4123 ),
 ( #1192, #8467, #303, #492 ),
 ( #1041, #7900, #7007, #1094 ) ),
 .UNSPECIFIED., .F., .F., .T. ) 
 B_SPLINE_SURFACE_WITH_KNOTS ( ( 3, 3 ),
 ( 4, 4 ),
 ( 0.000000000000000000, 1.000000000000000000 ),
 ( -0.0007349999999999999763, 3.500000000000000371E-05 ),
 .UNSPECIFIED. ) 
 GEOMETRIC_REPRESENTATION_ITEM ( )  RATIONAL_B_SPLINE_SURFACE ( (
 ( 1.000000000000000000, 1.000000000000000000, 1.000000000000000000, 1.000000000000000000),
 ( 0.7071067811865475727, 0.7071067811865475727, 0.7071067811865475727, 0.7071067811865475727),
 ( 1.000000000000000000, 1.000000000000000000, 1.000000000000000000, 1.000000000000000000) ) ) 
 REPRESENTATION_ITEM ( '' )  SURFACE ( )  );
#3678 = ADVANCED_FACE ( 'NONE', ( #2117 ), #9443, .T. ) ;
#3679 = CARTESIAN_POINT ( 'NONE',  ( 6.025296937195550484, 4.071564961060393451, 0.3499999999999998113 ) ) ;
#3680 = FACE_OUTER_BOUND ( 'NONE', #8296, .T. ) ;
#3682 = STYLED_ITEM ( 'NONE', ( #636 ), #6045 ) ;
#3681 = CARTESIAN_POINT ( 'NONE',  ( 5.080000000000000071, 0.5000000000000005551, 0.3499999999999998113 ) ) ;
#3683 = DIRECTION ( 'NONE',  ( -0.000000000000000000, 0.000000000000000000, 1.000000000000000000 ) ) ;
#3684 = LINE ( 'NONE', #5449, #3870 ) ;
#3685 = CARTESIAN_POINT ( 'NONE',  ( 9.473245067392239704, 10.39117142264903570, 0.3499999999999983125 ) ) ;
#3686 = DIRECTION ( 'NONE',  ( 0.000000000000000000, 3.097720492815727166E-16, 1.000000000000000000 ) ) ;
#3687 = SURFACE_STYLE_FILL_AREA ( #7263 ) ;
#3688 = EDGE_LOOP ( 'NONE', ( #2470, #3144, #1744, #861 ) ) ;
#3689 =( GEOMETRIC_REPRESENTATION_CONTEXT ( 3 ) GLOBAL_UNCERTAINTY_ASSIGNED_CONTEXT ( ( #7860 ) ) GLOBAL_UNIT_ASSIGNED_CONTEXT ( ( #3881, #346, #6181 ) ) REPRESENTATION_CONTEXT ( 'NONE', 'WORKASPACE' ) );
#3690 = ORIENTED_EDGE ( 'NONE', *, *, #6827, .F. ) ;
#3691 = AXIS2_PLACEMENT_3D ( 'NONE', #1815, #7727, #1676 ) ;
#3692 = CARTESIAN_POINT ( 'NONE',  ( 3.540000000000000480, 1.121588454295350273E-16, -0.3500000000000000888 ) ) ;
#3693 = LINE ( 'NONE', #5039, #5485 ) ;
#3694 = CARTESIAN_POINT ( 'NONE',  ( 7.270000000000000462, 0.000000000000000000, 0.3499999999999999778 ) ) ;
#3695 = PLANE ( 'NONE',  #4181 ) ;
#3696 = CARTESIAN_POINT ( 'NONE',  ( 5.430000000000000604, 0.5000000000000005551, 0.3499999999999998113 ) ) ;
#3697 = PRODUCT_DEFINITION_CONTEXT ( 'detailed design', #133, 'design' ) ;
#3698 = LINE ( 'NONE', #8254, #1474 ) ;
#3699 = VECTOR ( 'NONE', #7560, 1000.000000000000000 ) ;
#3700 = CARTESIAN_POINT ( 'NONE',  ( 3.540000000000000480, 0.8000000000000007105, 0.3499999999999998668 ) ) ;
#3701 = COLOUR_RGB ( '',0.8313725490196077761, 0.6705882352941175961, 0.1294117647058823373 ) ;
#3702 = FACE_OUTER_BOUND ( 'NONE', #267, .T. ) ;
#3703 = VERTEX_POINT ( 'NONE', #4980 ) ;
#3704 = EDGE_LOOP ( 'NONE', ( #3649, #4749, #6748, #327, #8784, #8539, #8979, #9611, #8360, #8023, #1746, #3568, #456, #4809, #1771, #6209, #4676, #8672, #5515, #8033, #7123 ) ) ;
#3705 = VECTOR ( 'NONE', #3026, 1000.000000000000000 ) ;
#3706 = CARTESIAN_POINT ( 'NONE',  ( 10.80546647852730580, 3.877691542223589138, 0.3499999999999996447 ) ) ;
#3707 = CARTESIAN_POINT ( 'NONE',  ( 9.371843070995636182, 5.771059683742046253, -0.3500000000000003664 ) ) ;
#3708 = DIRECTION ( 'NONE',  ( 0.000000000000000000, 1.000000000000000000, -1.668003342285391551E-16 ) ) ;
#3709 = CARTESIAN_POINT ( 'NONE',  ( 1.894533521472694604, 3.877691542223590471, 0.3499999999999999223 ) ) ;
#3710 = ORIENTED_EDGE ( 'NONE', *, *, #9135, .T. ) ;
#3711 = DIRECTION ( 'NONE',  ( -1.000000000000000000, 0.000000000000000000, 0.000000000000000000 ) ) ;
#3712 = ADVANCED_FACE ( 'NONE', ( #2770 ), #5756, .F. ) ;
#3713 = AXIS2_PLACEMENT_3D ( 'NONE', #4726, #5821, #8780 ) ;
#3714 = VECTOR ( 'NONE', #6067, 1000.000000000000000 ) ;
#3715 = FILL_AREA_STYLE ('',( #735 ) ) ;
#3716 = ORIENTED_EDGE ( 'NONE', *, *, #4894, .F. ) ;
#3717 = LINE ( 'NONE', #4461, #7894 ) ;
#3718 = ORIENTED_EDGE ( 'NONE', *, *, #3833, .T. ) ;
#3719 = VECTOR ( 'NONE', #6430, 1000.000000000000000 ) ;
#3720 = LINE ( 'NONE', #4316, #8591 ) ;
#3721 = ADVANCED_FACE ( 'NONE', ( #9496 ), #8047, .F. ) ;
#3722 = CARTESIAN_POINT ( 'NONE',  ( 2.890000000000000124, 0.000000000000000000, 0.3499999999999999778 ) ) ;
#3723 = FACE_OUTER_BOUND ( 'NONE', #1183, .T. ) ;
#3724 = DIRECTION ( 'NONE',  ( -0.000000000000000000, -1.000000000000000000, 1.668003342285392044E-16 ) ) ;
#3725 = CARTESIAN_POINT ( 'NONE',  ( 1.765852863327320721, 5.851685420754309419, 0.3499999999999998668 ) ) ;
#3726 = ORIENTED_EDGE ( 'NONE', *, *, #4103, .T. ) ;
#3727 = FILL_AREA_STYLE ('',( #4566 ) ) ;
#3728 = EDGE_CURVE ( 'NONE', #611, #7762, #1543, .T. ) ;
#3729 = DIRECTION ( 'NONE',  ( 1.000000000000000000, 0.000000000000000000, 0.000000000000000000 ) ) ;
#3730 = SURFACE_STYLE_USAGE ( .BOTH. , #7454 ) ;
#3731 = CARTESIAN_POINT ( 'NONE',  ( 6.788546599915416202, 5.476966929916270210, -0.3500000000000001998 ) ) ;
#3732 = DIRECTION ( 'NONE',  ( -1.000000000000000000, -0.000000000000000000, -0.000000000000000000 ) ) ;
#3733 = LINE ( 'NONE', #7360, #582 ) ;
#3734 = LINE ( 'NONE', #5856, #2232 ) ;
#3735 = DIRECTION ( 'NONE',  ( 0.000000000000000000, 1.000000000000000000, -3.097720492815727166E-16 ) ) ;
#3736 = CARTESIAN_POINT ( 'NONE',  ( 5.080000000000000071, -3.000000000000000000, -0.3500000000000001443 ) ) ;
#3737 = CARTESIAN_POINT ( 'NONE',  ( 2.861845733883979559, 5.626229152235330488, -0.3500000000000000888 ) ) ;
#3738 = EDGE_CURVE ( 'NONE', #6262, #1705, #146, .T. ) ;
#3739 = ORIENTED_EDGE ( 'NONE', *, *, #2639, .T. ) ;
#3740 = PRESENTATION_LAYER_ASSIGNMENT (  '', '', ( #2488 ) ) ;
#3741 = ORIENTED_EDGE ( 'NONE', *, *, #9517, .F. ) ;
#3742 = DIRECTION ( 'NONE',  ( 0.000000000000000000, 1.000000000000000000, -1.668003342285391551E-16 ) ) ;
#3743 = CARTESIAN_POINT ( 'NONE',  ( 4.580000000000001847, 6.299999999999999822, 0.3499999999999998113 ) ) ;
#3744 = CARTESIAN_POINT ( 'NONE',  ( 8.306754932607761432, 0.5000000000000002220, 0.3499999999999998668 ) ) ;
#3745 = DIRECTION ( 'NONE',  ( 0.000000000000000000, 0.000000000000000000, 1.000000000000000000 ) ) ;
#3746 = CARTESIAN_POINT ( 'NONE',  ( 10.48184573388397922, 5.626229152235330488, 0.3499999999999996447 ) ) ;
#3747 = SURFACE_SIDE_STYLE ('',( #8299 ) ) ;
#3748 = MECHANICAL_DESIGN_GEOMETRIC_PRESENTATION_REPRESENTATION (  '', ( #8127 ), #6558 ) ;
#3749 = DIRECTION ( 'NONE',  ( 0.000000000000000000, -0.000000000000000000, 1.000000000000000000 ) ) ;
#3750 = ORIENTED_EDGE ( 'NONE', *, *, #5696, .T. ) ;
#3751 =( NAMED_UNIT ( * ) PLANE_ANGLE_UNIT ( ) SI_UNIT ( $, .RADIAN. ) );
#3752 = VERTEX_POINT ( 'NONE', #5937 ) ;
#3753 = MECHANICAL_DESIGN_GEOMETRIC_PRESENTATION_REPRESENTATION (  '', ( #6713 ), #7987 ) ;
#3754 = DIRECTION ( 'NONE',  ( 1.000000000000000000, 0.000000000000000000, 0.000000000000000000 ) ) ;
#3755 = LINE ( 'NONE', #5828, #2783 ) ;
#3756 = SURFACE_STYLE_FILL_AREA ( #5245 ) ;
#3757 =( NAMED_UNIT ( * ) PLANE_ANGLE_UNIT ( ) SI_UNIT ( $, .RADIAN. ) );
#3758 = CARTESIAN_POINT ( 'NONE',  ( 11.62999999999999723, 8.500000000000000000, 1.199999999999999512 ) ) ;
#3759 = ORIENTED_EDGE ( 'NONE', *, *, #2115, .T. ) ;
#3760 = FACE_OUTER_BOUND ( 'NONE', #6166, .T. ) ;
#3761 = SURFACE_STYLE_USAGE ( .BOTH. , #5924 ) ;
#3762 = SURFACE_SIDE_STYLE ('',( #7485 ) ) ;
#3763 = ORIENTED_EDGE ( 'NONE', *, *, #6849, .F. ) ;
#3764 = DIRECTION ( 'NONE',  ( 0.6546536707079770867, 0.3779644730092269755, -0.6546536707079773088 ) ) ;
#3765 = ORIENTED_EDGE ( 'NONE', *, *, #1113, .F. ) ;
#3766 = CARTESIAN_POINT ( 'NONE',  ( -0.3252558198818047974, 5.589454083063166046, 0.3499999999999999778 ) ) ;
#3767 =( NAMED_UNIT ( * ) SI_UNIT ( $, .STERADIAN. ) SOLID_ANGLE_UNIT ( ) );
#3768 = CARTESIAN_POINT ( 'NONE',  ( 10.51000000000000156, 1.084202172485506745E-17, -0.3500000000000003109 ) ) ;
#3769 = CARTESIAN_POINT ( 'NONE',  ( 0.8641973817703989535, 5.178803639424137017, 0.3500000000000000888 ) ) ;
#3770 = DIRECTION ( 'NONE',  ( -0.7071067811865474617, -0.7071067811865474617, -0.000000000000000000 ) ) ;
#3771 = CARTESIAN_POINT ( 'NONE',  ( 2.540000000000000036, 0.000000000000000000, 0.3499999999999998668 ) ) ;
#3772 = ORIENTED_EDGE ( 'NONE', *, *, #2487, .T. ) ;
#3773 = LINE ( 'NONE', #750, #7413 ) ;
#3774 = DIRECTION ( 'NONE',  ( -1.000000000000000000, -0.000000000000000000, -0.000000000000000000 ) ) ;
#3775 = CARTESIAN_POINT ( 'NONE',  ( -1.000000000000000000, 6.500000000000000888, -0.3500000000000010880 ) ) ;
#3776 = DIRECTION ( 'NONE',  ( 0.000000000000000000, 0.000000000000000000, 1.000000000000000000 ) ) ;
#3777 = LINE ( 'NONE', #3984, #5380 ) ;
#3778 = FACE_OUTER_BOUND ( 'NONE', #8888, .T. ) ;
#3779 = DIRECTION ( 'NONE',  ( 1.121588454295349533E-16, -1.000000000000000000, 0.000000000000000000 ) ) ;
#3780 = AXIS2_PLACEMENT_3D ( 'NONE', #2194, #5965, #8217 ) ;
#3781 = PRESENTATION_STYLE_ASSIGNMENT (( #2919 ) ) ;
#3782 = LINE ( 'NONE', #55, #202 ) ;
#3783 = CARTESIAN_POINT ( 'NONE',  ( 5.601845733883980216, 5.626229152235330488, 0.3499999999999998113 ) ) ;
#3784 = EDGE_CURVE ( 'NONE', #8593, #8438, #95, .T. ) ;
#3785 = ORIENTED_EDGE ( 'NONE', *, *, #4292, .T. ) ;
#3786 = EDGE_LOOP ( 'NONE', ( #2785, #3658, #6786, #8168 ) ) ;
#3787 = VECTOR ( 'NONE', #6240, 1000.000000000000000 ) ;
#3788 = FACE_OUTER_BOUND ( 'NONE', #1740, .T. ) ;
#3789 = DIRECTION ( 'NONE',  ( 1.000000000000000000, 0.000000000000000000, 0.000000000000000000 ) ) ;
#3790 = ORIENTED_EDGE ( 'NONE', *, *, #9196, .F. ) ;
#3791 = FACE_OUTER_BOUND ( 'NONE', #7175, .T. ) ;
#3792 = CARTESIAN_POINT ( 'NONE',  ( 6.620000000000000995, 0.8000000000000004885, -0.3500000000000002554 ) ) ;
#3793 = DIRECTION ( 'NONE',  ( 0.6546536707079770867, 0.3779644730092270311, -0.6546536707079771977 ) ) ;
#3794 = CIRCLE ( 'NONE', #983, 0.2000000000000000944 ) ;
#3795 = DIRECTION ( 'NONE',  ( -1.000000000000000000, -1.084202172485504434E-16, 0.000000000000000000 ) ) ;
#3796 = ORIENTED_EDGE ( 'NONE', *, *, #6806, .T. ) ;
#3797 = COLOUR_RGB ( '',0.8313725490196077761, 0.6705882352941175961, 0.1294117647058823373 ) ;
#3798 = CARTESIAN_POINT ( 'NONE',  ( 9.834744180118196510, 5.589454083063166046, -0.3500000000000003109 ) ) ;
#3799 = EDGE_LOOP ( 'NONE', ( #7315, #1653, #407, #8478 ) ) ;
#3800 = EDGE_CURVE ( 'NONE', #2651, #7643, #1489, .T. ) ;
#3801 = EDGE_CURVE ( 'NONE', #787, #2851, #3773, .T. ) ;
#3802 = CARTESIAN_POINT ( 'NONE',  ( 2.390000000000000568, -3.000000000000000000, -0.3500000000000000888 ) ) ;
#3803 = VECTOR ( 'NONE', #4864, 1000.000000000000000 ) ;
#3804 = PLANE ( 'NONE',  #3852 ) ;
#3805 = VECTOR ( 'NONE', #5188, 1000.000000000000000 ) ;
#3806 = PRESENTATION_STYLE_ASSIGNMENT (( #5150 ) ) ;
#3807 = CARTESIAN_POINT ( 'NONE',  ( 3.540000000000000480, 1.800000000000000488, -0.1166666666666668489 ) ) ;
#3808 = VERTEX_POINT ( 'NONE', #2407 ) ;
#3809 = FILL_AREA_STYLE ('',( #831 ) ) ;
#3810 = LINE ( 'NONE', #8167, #2461 ) ;
#3811 = ORIENTED_EDGE ( 'NONE', *, *, #1924, .F. ) ;
#3812 = LINE ( 'NONE', #7437, #3652 ) ;
#3813 = AXIS2_PLACEMENT_3D ( 'NONE', #517, #468, #3601 ) ;
#3814 = ORIENTED_EDGE ( 'NONE', *, *, #2669, .T. ) ;
#3815 = COLOUR_RGB ( '',0.8313725490196077761, 0.6705882352941175961, 0.1294117647058823373 ) ;
#3816 = FILL_AREA_STYLE_COLOUR ( '', #4344 ) ;
#3817 = CARTESIAN_POINT ( 'NONE',  ( 3.492723323164030447, 3.923639721076658038, 0.3499999999999998668 ) ) ;
#3818 = ORIENTED_EDGE ( 'NONE', *, *, #2542, .F. ) ;
#3819 = FILL_AREA_STYLE ('',( #6798 ) ) ;
#3820 = SURFACE_STYLE_FILL_AREA ( #9688 ) ;
#3821 = CARTESIAN_POINT ( 'NONE',  ( 1.600020115625523598, 4.171275002134291476, 0.3499999999999998668 ) ) ;
#3822 = VERTEX_POINT ( 'NONE', #9096 ) ;
#3823 = FILL_AREA_STYLE_COLOUR ( '', #3279 ) ;
#3824 = CARTESIAN_POINT ( 'NONE',  ( 7.020000000000000462, 6.299999999999999822, -0.3850000000000001199 ) ) ;
#3825 = VECTOR ( 'NONE', #7140, 1000.000000000000000 ) ;
#3826 = FILL_AREA_STYLE_COLOUR ( '', #5474 ) ;
#3827 = FILL_AREA_STYLE ('',( #6857 ) ) ;
#3828 = SURFACE_STYLE_USAGE ( .BOTH. , #4570 ) ;
#3829 = FACE_BOUND ( 'NONE', #6874, .T. ) ;
#3830 = FACE_OUTER_BOUND ( 'NONE', #5970, .T. ) ;
#3831 = LINE ( 'NONE', #7598, #35 ) ;
#3832 = EDGE_CURVE ( 'NONE', #2888, #7040, #6657, .T. ) ;
#3833 = EDGE_CURVE ( 'NONE', #7345, #6510, #3985, .T. ) ;
#3834 = ORIENTED_EDGE ( 'NONE', *, *, #5778, .T. ) ;
#3835 = ORIENTED_EDGE ( 'NONE', *, *, #3800, .T. ) ;
#3836 = AXIS2_PLACEMENT_3D ( 'NONE', #6088, #5222, #6811 ) ;
#3837 = DIRECTION ( 'NONE',  ( -1.000000000000000000, -0.000000000000000000, 3.310540984688563971E-17 ) ) ;
#3838 = CARTESIAN_POINT ( 'NONE',  ( 8.489615242270666329, 8.500000000000000000, 0.8696152422706663332 ) ) ;
#3839 = ORIENTED_EDGE ( 'NONE', *, *, #7328, .F. ) ;
#3840 = SURFACE_SIDE_STYLE ('',( #869 ) ) ;
#3841 = CARTESIAN_POINT ( 'NONE',  ( 6.762161437416076559, 5.240363704784009258, 0.3499999999999997558 ) ) ;
#3842 = CARTESIAN_POINT ( 'NONE',  ( 1.853245067392238710, 0.5000000000000000000, -0.6500000000000013545 ) ) ;
#3843 = AXIS2_PLACEMENT_3D ( 'NONE', #1690, #4673, #6185 ) ;
#3844 = ADVANCED_FACE ( 'NONE', ( #6126 ), #4521, .F. ) ;
#3845 =( LENGTH_UNIT ( ) NAMED_UNIT ( * ) SI_UNIT ( .MILLI., .METRE. ) );
#3846 = VERTEX_POINT ( 'NONE', #6177 ) ;
#3847 = ORIENTED_EDGE ( 'NONE', *, *, #2101, .F. ) ;
#3848 = EDGE_CURVE ( 'NONE', #9188, #3925, #6999, .T. ) ;
#3849 = FILL_AREA_STYLE_COLOUR ( '', #6971 ) ;
#3850 = VECTOR ( 'NONE', #333, 1000.000000000000000 ) ;
#3851 = DIRECTION ( 'NONE',  ( -1.000000000000000000, -1.084202172485504434E-16, 0.000000000000000000 ) ) ;
#3852 = AXIS2_PLACEMENT_3D ( 'NONE', #9214, #8441, #3125 ) ;
#3853 = CARTESIAN_POINT ( 'NONE',  ( 1.000000000000000444, 1.800000000000000488, -0.3499999999999999778 ) ) ;
#3854 =( NAMED_UNIT ( * ) SI_UNIT ( $, .STERADIAN. ) SOLID_ANGLE_UNIT ( ) );
#3855 = CARTESIAN_POINT ( 'NONE',  ( 3.440693495213402286, 4.786369049944407372, -0.3500000000000000888 ) ) ;
#3856 = ORIENTED_EDGE ( 'NONE', *, *, #3299, .F. ) ;
#3857 = CARTESIAN_POINT ( 'NONE',  ( -0.6999999999999995115, 0.8000000000000004885, -0.3499999999999999778 ) ) ;
#3858 = EDGE_CURVE ( 'NONE', #4239, #1660, #1087, .T. ) ;
#3859 = CARTESIAN_POINT ( 'NONE',  ( 11.10551779667412831, 4.067306563708456224, 0.3499999999999997002 ) ) ;
#3860 = CARTESIAN_POINT ( 'NONE',  ( 4.292837746342909711, 5.777005459572336576, -0.3500000000000000888 ) ) ;
#3861 = ORIENTED_EDGE ( 'NONE', *, *, #8290, .F. ) ;
#3862 = DIRECTION ( 'NONE',  ( -0.6546536707079771977, 0.3779644730092270311, -0.6546536707079771977 ) ) ;
#3863 = EDGE_CURVE ( 'NONE', #6942, #1021, #7737, .T. ) ;
#3864 = AXIS2_PLACEMENT_3D ( 'NONE', #8062, #8879, #9513 ) ;
#3865 = ORIENTED_EDGE ( 'NONE', *, *, #4015, .F. ) ;
#3866 = DIRECTION ( 'NONE',  ( 0.000000000000000000, 1.000000000000000000, 0.000000000000000000 ) ) ;
#3867 = ORIENTED_EDGE ( 'NONE', *, *, #2771, .F. ) ;
#3868 = PLANE ( 'NONE',  #7392 ) ;
#3869 = CIRCLE ( 'NONE', #107, 0.2999999999999999334 ) ;
#3870 = VECTOR ( 'NONE', #6708, 1000.000000000000000 ) ;
#3871 = ORIENTED_EDGE ( 'NONE', *, *, #1591, .T. ) ;
#3872 = PLANE ( 'NONE',  #5353 ) ;
#3873 = B_SPLINE_CURVE_WITH_KNOTS ( 'NONE', 3,
 ( #4301, #7284, #5786, #5052 ),
 .UNSPECIFIED., .F., .F.,
 ( 4, 4 ),
 ( 0.000000000000000000, 1.000000000000000000 ),
 .UNSPECIFIED. ) ;
#3874 = EDGE_CURVE ( 'NONE', #512, #1488, #9144, .T. ) ;
#3875 =( LENGTH_UNIT ( ) NAMED_UNIT ( * ) SI_UNIT ( .MILLI., .METRE. ) );
#3876 = CARTESIAN_POINT ( 'NONE',  ( 2.540000000000000036, 6.299999999999999822, -0.3500000000000000888 ) ) ;
#3877 = VERTEX_POINT ( 'NONE', #2602 ) ;
#3878 = DIRECTION ( 'NONE',  ( 1.000000000000000000, 1.121588454295349780E-16, -0.000000000000000000 ) ) ;
#3879 = DIRECTION ( 'NONE',  ( 0.000000000000000000, -1.000000000000000000, 1.668003342285391797E-16 ) ) ;
#3880 = COLOUR_RGB ( '',0.8313725490196077761, 0.6705882352941175961, 0.1294117647058823373 ) ;
#3881 =( LENGTH_UNIT ( ) NAMED_UNIT ( * ) SI_UNIT ( .MILLI., .METRE. ) );
#3882 = LINE ( 'NONE', #9100, #9680 ) ;
#3883 = SURFACE_STYLE_FILL_AREA ( #3827 ) ;
#3884 = FILL_AREA_STYLE ('',( #5323 ) ) ;
#3885 = CARTESIAN_POINT ( 'NONE',  ( 4.729999999999999538, 8.199999999999999289, -0.3499999999999999778 ) ) ;
#3886 =( GEOMETRIC_REPRESENTATION_CONTEXT ( 3 ) GLOBAL_UNCERTAINTY_ASSIGNED_CONTEXT ( ( #4941 ) ) GLOBAL_UNIT_ASSIGNED_CONTEXT ( ( #3983, #7547, #200 ) ) REPRESENTATION_CONTEXT ( 'NONE', 'WORKASPACE' ) );
#3887 = VECTOR ( 'NONE', #8309, 1000.000000000000000 ) ;
#3888 = LINE ( 'NONE', #1046, #7920 ) ;
#3889 = CARTESIAN_POINT ( 'NONE',  ( -0.5999999999999996447, 6.299999999999999822, 0.3499999999999999778 ) ) ;
#3890 = EDGE_CURVE ( 'NONE', #7579, #8652, #7099, .T. ) ;
#3891 = ORIENTED_EDGE ( 'NONE', *, *, #4315, .F. ) ;
#3892 = EDGE_CURVE ( 'NONE', #1172, #2177, #6370, .T. ) ;
#3893 = EDGE_LOOP ( 'NONE', ( #5197, #570, #4727, #2369 ) ) ;
#3894 = FACE_OUTER_BOUND ( 'NONE', #4735, .T. ) ;
#3895 = CARTESIAN_POINT ( 'NONE',  ( 2.540000000000000036, 0.5000000000000005551, 0.3499999999999998668 ) ) ;
#3896 = CARTESIAN_POINT ( 'NONE',  ( 8.403770569720398598, 5.796998266909026754, -0.3500000000000003664 ) ) ;
#3897 = ADVANCED_FACE ( 'NONE', ( #4917 ), #4072, .F. ) ;
#3898 = ORIENTED_EDGE ( 'NONE', *, *, #1865, .T. ) ;
#3899 =( NAMED_UNIT ( * ) PLANE_ANGLE_UNIT ( ) SI_UNIT ( $, .RADIAN. ) );
#3900 = DIRECTION ( 'NONE',  ( 0.000000000000000000, -1.000000000000000000, 1.668003342285391797E-16 ) ) ;
#3901 = COLOUR_RGB ( '',0.8313725490196077761, 0.6705882352941175961, 0.1294117647058823373 ) ;
#3902 = ORIENTED_EDGE ( 'NONE', *, *, #797, .T. ) ;
#3903 = ORIENTED_EDGE ( 'NONE', *, *, #2639, .F. ) ;
#3904 = FILL_AREA_STYLE ('',( #3849 ) ) ;
#3905 = LINE ( 'NONE', #6879, #8060 ) ;
#3906 = CARTESIAN_POINT ( 'NONE',  ( 6.974533521472695341, 3.877691542223589138, 0.3499999999999997558 ) ) ;
#3907 = LINE ( 'NONE', #4053, #6285 ) ;
#3908 = CARTESIAN_POINT ( 'NONE',  ( -1.000000000000000000, 0.5000000000000000000, -0.3500000000000000888 ) ) ;
#3909 = VERTEX_POINT ( 'NONE', #2449 ) ;
#3910 = LINE ( 'NONE', #8310, #1491 ) ;
#3911 = CARTESIAN_POINT ( 'NONE',  ( -0.3500000000000000333, 8.000000000000000000, 0.3499999999999999778 ) ) ;
#3912 = VERTEX_POINT ( 'NONE', #8561 ) ;
#3913 = AXIS2_PLACEMENT_3D ( 'NONE', #1139, #3248, #1040 ) ;
#3914 = EDGE_LOOP ( 'NONE', ( #9519, #7833, #628, #1995 ) ) ;
#3915 = FACE_OUTER_BOUND ( 'NONE', #7793, .T. ) ;
#3916 = FACE_OUTER_BOUND ( 'NONE', #8828, .T. ) ;
#3917 = CARTESIAN_POINT ( 'NONE',  ( 3.533118178959433919, 2.798202530626828555, 0.3499999999999998668 ) ) ;
#3918 =( LENGTH_UNIT ( ) NAMED_UNIT ( * ) SI_UNIT ( .MILLI., .METRE. ) );
#3919 = PRESENTATION_LAYER_ASSIGNMENT (  '', '', ( #1417 ) ) ;
#3920 = ORIENTED_EDGE ( 'NONE', *, *, #2514, .F. ) ;
#3921 = CARTESIAN_POINT ( 'NONE',  ( 10.80546647852730580, 3.877691542223589138, -0.3500000000000003109 ) ) ;
#3922 = LINE ( 'NONE', #6264, #6843 ) ;
#3923 = CARTESIAN_POINT ( 'NONE',  ( 5.432524015545779683, 5.732672356334978403, 0.3499999999999998113 ) ) ;
#3924 = LINE ( 'NONE', #3876, #3338 ) ;
#3925 = VERTEX_POINT ( 'NONE', #5453 ) ;
#3926 = CARTESIAN_POINT ( 'NONE',  ( 2.490000000000000213, 8.026794919243110726, -0.04999999999999991257 ) ) ;
#3927 = CARTESIAN_POINT ( 'NONE',  ( -0.4999999999999985012, 6.299999999999999822, -0.3499999999999999778 ) ) ;
#3928 = SURFACE_STYLE_FILL_AREA ( #4617 ) ;
#3929 = EDGE_CURVE ( 'NONE', #8693, #1747, #177, .T. ) ;
#3930 = EDGE_CURVE ( 'NONE', #5252, #1220, #7289, .T. ) ;
#3931 = DIRECTION ( 'NONE',  ( -1.000000000000000000, 0.000000000000000000, 0.000000000000000000 ) ) ;
#3932 = CARTESIAN_POINT ( 'NONE',  ( 3.039999999999998259, 6.299999999999999822, -0.3500000000000000888 ) ) ;
#3933 = CARTESIAN_POINT ( 'NONE',  ( 5.543356898907900288, 1.699999999999997957, -0.3500000000000001443 ) ) ;
#3934 = CARTESIAN_POINT ( 'NONE',  ( 2.590000000000000302, 8.026794919243110726, 0.04999999999999991257 ) ) ;
#3935 =( NAMED_UNIT ( * ) PLANE_ANGLE_UNIT ( ) SI_UNIT ( $, .RADIAN. ) );
#3936 = FILL_AREA_STYLE ('',( #8965 ) ) ;
#3937 = EDGE_LOOP ( 'NONE', ( #1811, #7837, #3320, #5614 ) ) ;
#3938 = UNCERTAINTY_MEASURE_WITH_UNIT (LENGTH_MEASURE( 1.000000000000000082E-05 ), #4216, 'distance_accuracy_value', 'NONE');
#3939 = EDGE_LOOP ( 'NONE', ( #160, #4448, #3235, #2900, #7206, #5444, #1542, #3459, #4255, #2189, #7381, #285, #1990, #6007, #5316, #9166, #7666, #2601, #7238, #3304, #5133 ) ) ;
#3940 = DIRECTION ( 'NONE',  ( 0.000000000000000000, -0.000000000000000000, -1.000000000000000000 ) ) ;
#3941 = VECTOR ( 'NONE', #7179, 1000.000000000000000 ) ;
#3942 = FILL_AREA_STYLE_COLOUR ( '', #1199 ) ;
#3943 = ORIENTED_EDGE ( 'NONE', *, *, #4136, .T. ) ;
#3944 = DIRECTION ( 'NONE',  ( 0.000000000000000000, -0.000000000000000000, -1.000000000000000000 ) ) ;
#3945 = LINE ( 'NONE', #6914, #3544 ) ;
#3946 = EDGE_CURVE ( 'NONE', #848, #9325, #9583, .T. ) ;
#3947 = LINE ( 'NONE', #3213, #109 ) ;
#3948 = ORIENTED_EDGE ( 'NONE', *, *, #4826, .T. ) ;
#3949 = MECHANICAL_DESIGN_GEOMETRIC_PRESENTATION_REPRESENTATION (  '', ( #1292 ), #9399 ) ;
#3950 = ORIENTED_EDGE ( 'NONE', *, *, #2728, .F. ) ;
#3951 = EDGE_CURVE ( 'NONE', #9689, #1468, #1372, .T. ) ;
#3952 = PLANE ( 'NONE',  #6025 ) ;
#3953 = SURFACE_SIDE_STYLE ('',( #7620 ) ) ;
#3954 = CARTESIAN_POINT ( 'NONE',  ( -0.9999999999999995559, 1.800000000000000488, 0.1283333333333336046 ) ) ;
#3955 = VECTOR ( 'NONE', #9264, 1000.000000000000000 ) ;
#3956 = LINE ( 'NONE', #3273, #6155 ) ;
#3957 = EDGE_CURVE ( 'NONE', #6907, #7260, #8657, .T. ) ;
#3958 = EDGE_LOOP ( 'NONE', ( #9183, #2236, #8410, #3439, #3834, #7859, #2391, #3064, #7789, #4343, #5558, #8942, #933, #4880, #2465, #9251, #1407, #4498, #2689, #4141, #3610 ) ) ;
#3959 = PRESENTATION_LAYER_ASSIGNMENT (  '', '', ( #5986 ) ) ;
#3960 = SURFACE_STYLE_USAGE ( .BOTH. , #965 ) ;
#3961 = CARTESIAN_POINT ( 'NONE',  ( 3.540000000000000036, 0.5000000000000000000, -0.3500000000000000888 ) ) ;
#3962 = SURFACE_STYLE_FILL_AREA ( #7673 ) ;
#3963 = VERTEX_POINT ( 'NONE', #7944 ) ;
#3964 = ORIENTED_EDGE ( 'NONE', *, *, #5670, .F. ) ;
#3965 = ADVANCED_FACE ( 'NONE', ( #6508 ), #4211, .T. ) ;
#3966 = CARTESIAN_POINT ( 'NONE',  ( 8.141845733883979364, 5.626229152235330488, -2.522632230332685841E-16 ) ) ;
#3967 = DIRECTION ( 'NONE',  ( -0.000000000000000000, -1.000000000000000000, 1.668003342285391551E-16 ) ) ;
#3968 = CARTESIAN_POINT ( 'NONE',  ( 3.499999415201711983, 3.767448265748724712, 0.3499999999999998113 ) ) ;
#3969 = CARTESIAN_POINT ( 'NONE',  ( 0.3500000000000009215, -2.800000000000001155, 0.3499999999999999778 ) ) ;
#3970 = ORIENTED_EDGE ( 'NONE', *, *, #2701, .F. ) ;
#3971 = CARTESIAN_POINT ( 'NONE',  ( 10.48525581988180555, 5.589454083063165157, 0.3499999999999996447 ) ) ;
#3972 = VECTOR ( 'NONE', #7747, 1000.000000000000000 ) ;
#3973 = CARTESIAN_POINT ( 'NONE',  ( 0.7871622536570932471, 5.777005459572332136, 0.3499999999999999778 ) ) ;
#3974 = FILL_AREA_STYLE ('',( #9094 ) ) ;
#3975 = ORIENTED_EDGE ( 'NONE', *, *, #973, .F. ) ;
#3976 = DIRECTION ( 'NONE',  ( -0.000000000000000000, -0.000000000000000000, -1.000000000000000000 ) ) ;
#3977 = DIRECTION ( 'NONE',  ( 0.000000000000000000, -0.000000000000000000, 1.000000000000000000 ) ) ;
#3978 = LINE ( 'NONE', #4170, #3640 ) ;
#3979 = EDGE_CURVE ( 'NONE', #3877, #611, #7992, .T. ) ;
#3980 = UNCERTAINTY_MEASURE_WITH_UNIT (LENGTH_MEASURE( 1.000000000000000082E-05 ), #101, 'distance_accuracy_value', 'NONE');
#3981 = STYLED_ITEM ( 'NONE', ( #446 ), #9278 ) ;
#3982 = PRESENTATION_STYLE_ASSIGNMENT (( #4770 ) ) ;
#3983 =( LENGTH_UNIT ( ) NAMED_UNIT ( * ) SI_UNIT ( .MILLI., .METRE. ) );
#3984 = CARTESIAN_POINT ( 'NONE',  ( 4.393245067392238745, 8.000000000000000000, -0.6500000000000030198 ) ) ;
#3985 = CIRCLE ( 'NONE', #9098, 0.1999999999999996503 ) ;
#3986 = SURFACE_STYLE_FILL_AREA ( #9296 ) ;
#3987 = DIRECTION ( 'NONE',  ( -0.000000000000000000, -0.000000000000000000, 1.000000000000000000 ) ) ;
#3988 = CARTESIAN_POINT ( 'NONE',  ( 4.398619849678662597, 6.233860305463148066, 0.3499999999999998113 ) ) ;
#3989 = ADVANCED_FACE ( 'NONE', ( #2019 ), #8797, .F. ) ;
#3990 = ORIENTED_EDGE ( 'NONE', *, *, #4280, .F. ) ;
#3991 = ADVANCED_FACE ( 'NONE', ( #4256, #7235, #535, #3511, #2810, #5792 ), #8750, .F. ) ;
#3992 = ORIENTED_EDGE ( 'NONE', *, *, #6436, .F. ) ;
#3993 = SURFACE_STYLE_FILL_AREA ( #7018 ) ;
#3994 = CIRCLE ( 'NONE', #2118, 0.1999999999999999833 ) ;
#3995 = ORIENTED_EDGE ( 'NONE', *, *, #3228, .T. ) ;
#3996 = B_SPLINE_CURVE_WITH_KNOTS ( 'NONE', 3,
 ( #7536, #839, #3917, #6891, #3968, #3817, #6796, #3095, #6074, #6990, #6314, #7885, #6409, #3370, #4755, #9330, #3233, #2491, #8452, #9281, #7934, #4860, #7143, #6364, #9379, #2699, #4063, #6939, #7832, #7045, #335, #5534, #4808 ),
 .UNSPECIFIED., .F., .F.,
 ( 4, 1, 1, 1, 1, 1, 1, 2, 2, 1, 1, 1, 1, 1, 2, 2, 1, 1, 1, 1, 1, 1, 2, 2, 4 ),
 ( 0.000000000000000000, 0.2500000000000361933, 0.3750000000000542899, 0.4375000000000633382, 0.4687500000000678346, 0.4843750000000696665, 0.4921875000000702771, 0.4960937500000705547, 0.5000000000000708322, 0.6250000000000717204, 0.6875000000000718314, 0.7187500000000719425, 0.7343750000000720535, 0.7421875000000720535, 0.7460937500000717204, 0.7500000000000713873, 0.8125000000000683897, 0.8437500000000672795, 0.8593750000000668354, 0.8671875000000666134, 0.8710937500000665024, 0.8730468750000660583, 0.8740234375000656142, 0.8750000000000650591, 1.000000000000000000 ),
 .UNSPECIFIED. ) ;
#3997 = ORIENTED_EDGE ( 'NONE', *, *, #766, .F. ) ;
#3998 = ORIENTED_EDGE ( 'NONE', *, *, #3424, .T. ) ;
#3999 =( BOUNDED_SURFACE ( )  B_SPLINE_SURFACE ( 2, 3, ( 
 ( #1848, #4986, #1890, #2572 ),
 ( #6238, #5563, #4784, #4184 ),
 ( #4940, #4226, #1057, #7019 ) ),
 .UNSPECIFIED., .F., .F., .F. ) 
 B_SPLINE_SURFACE_WITH_KNOTS ( ( 3, 3 ),
 ( 4, 4 ),
 ( 0.000000000000000000, 1.000000000000000000 ),
 ( -0.0007349999999999999763, 3.500000000000000371E-05 ),
 .UNSPECIFIED. ) 
 GEOMETRIC_REPRESENTATION_ITEM ( )  RATIONAL_B_SPLINE_SURFACE ( (
 ( 1.000000000000000000, 1.000000000000000000, 1.000000000000000000, 1.000000000000000000),
 ( 0.7071067811865475727, 0.7071067811865475727, 0.7071067811865475727, 0.7071067811865475727),
 ( 1.000000000000000000, 1.000000000000000000, 1.000000000000000000, 1.000000000000000000) ) ) 
 REPRESENTATION_ITEM ( '' )  SURFACE ( )  );
#4000 =( NAMED_UNIT ( * ) SI_UNIT ( $, .STERADIAN. ) SOLID_ANGLE_UNIT ( ) );
#4001 = LINE ( 'NONE', #6978, #1440 ) ;
#4002 = SURFACE_STYLE_USAGE ( .BOTH. , #7718 ) ;
#4003 = MECHANICAL_DESIGN_GEOMETRIC_PRESENTATION_REPRESENTATION (  '', ( #3066 ), #1194 ) ;
#4005 = ORIENTED_EDGE ( 'NONE', *, *, #6301, .F. ) ;
#4004 = VECTOR ( 'NONE', #3967, 1000.000000000000000 ) ;
#4006 = CARTESIAN_POINT ( 'NONE',  ( 10.86000000000000121, 0.8000000000000007105, -0.3500000000000003109 ) ) ;
#4007 = CARTESIAN_POINT ( 'NONE',  ( 11.11999941520171120, 3.767448265748724268, 0.3499999999999996447 ) ) ;
#4008 = CARTESIAN_POINT ( 'NONE',  ( 10.62335689890790036, 1.699999999999999289, -0.3500000000000003109 ) ) ;
#4009 = ORIENTED_EDGE ( 'NONE', *, *, #6084, .T. ) ;
#4010 = VERTEX_POINT ( 'NONE', #8034 ) ;
#4011 = EDGE_CURVE ( 'NONE', #7923, #4699, #1325, .T. ) ;
#4012 = CARTESIAN_POINT ( 'NONE',  ( 2.214744180118195516, 5.589454083063166046, -0.3500000000000000888 ) ) ;
#4013 = UNCERTAINTY_MEASURE_WITH_UNIT (LENGTH_MEASURE( 1.000000000000000082E-05 ), #4932, 'distance_accuracy_value', 'NONE');
#4014 = SURFACE_SIDE_STYLE ('',( #1179 ) ) ;
#4015 = EDGE_CURVE ( 'NONE', #6727, #385, #4513, .T. ) ;
#4016 = EDGE_LOOP ( 'NONE', ( #4577, #2643, #8816, #3093 ) ) ;
#4017 = CARTESIAN_POINT ( 'NONE',  ( 0.7881569290043444198, 5.771059683742178592, 0.3500000000000000333 ) ) ;
#4018 = VECTOR ( 'NONE', #3059, 1000.000000000000000 ) ;
#4019 = VECTOR ( 'NONE', #5623, 1000.000000000000114 ) ;
#4020 = CARTESIAN_POINT ( 'NONE',  ( 5.579999999999999183, 6.299999999999999822, 0.3499999999999998113 ) ) ;
#4021 = ORIENTED_EDGE ( 'NONE', *, *, #8056, .F. ) ;
#4022 = CARTESIAN_POINT ( 'NONE',  ( 10.48184573388397922, 5.626229152235330488, -3.363509640443581286E-16 ) ) ;
#4023 = CARTESIAN_POINT ( 'NONE',  ( -0.4481930454221425553, 5.884855341312109189, -0.3499999999999999223 ) ) ;
#4024 = CARTESIAN_POINT ( 'NONE',  ( 4.210384757729333849, 8.500000000000000000, 0.000000000000000000 ) ) ;
#4025 = UNCERTAINTY_MEASURE_WITH_UNIT (LENGTH_MEASURE( 1.000000000000000082E-05 ), #7174, 'distance_accuracy_value', 'NONE');
#4026 = VECTOR ( 'NONE', #9219, 1000.000000000000114 ) ;
#4027 = AXIS2_PLACEMENT_3D ( 'NONE', #4110, #2753, #2700 ) ;
#4028 = LINE ( 'NONE', #4923, #9057 ) ;
#4029 = DIRECTION ( 'NONE',  ( 1.000000000000000000, 0.000000000000000000, 0.000000000000000000 ) ) ;
#4030 = SURFACE_STYLE_FILL_AREA ( #6470 ) ;
#4031 = CARTESIAN_POINT ( 'NONE',  ( 0.6000000000000005329, 6.299999999999999822, -0.3499999999999999778 ) ) ;
#4032 = EDGE_CURVE ( 'NONE', #1324, #3822, #4556, .T. ) ;
#4033 = EDGE_CURVE ( 'NONE', #3639, #3267, #3091, .T. ) ;
#4034 = CARTESIAN_POINT ( 'NONE',  ( 6.620000000000000107, 6.500000000000000888, -0.3500000000000010880 ) ) ;
#4035 = FACE_OUTER_BOUND ( 'NONE', #499, .T. ) ;
#4036 = CARTESIAN_POINT ( 'NONE',  ( 4.219835643297026095, 5.218128553112202361, 0.3499999999999998668 ) ) ;
#4037 = STYLED_ITEM ( 'NONE', ( #8639 ), #5501 ) ;
#4038 = ORIENTED_EDGE ( 'NONE', *, *, #8729, .T. ) ;
#4039 =( LENGTH_UNIT ( ) NAMED_UNIT ( * ) SI_UNIT ( .MILLI., .METRE. ) );
#4040 = ORIENTED_EDGE ( 'NONE', *, *, #3527, .F. ) ;
#4041 = CARTESIAN_POINT ( 'NONE',  ( 8.220000000000000639, 6.299999999999999822, -0.3850000000000002309 ) ) ;
#4042 = DIRECTION ( 'NONE',  ( 0.000000000000000000, -0.000000000000000000, -1.000000000000000000 ) ) ;
#4043 = MECHANICAL_DESIGN_GEOMETRIC_PRESENTATION_REPRESENTATION (  '', ( #2637 ), #9027 ) ;
#4044 = AXIS2_PLACEMENT_3D ( 'NONE', #6799, #745, #8276 ) ;
#4045 = ORIENTED_EDGE ( 'NONE', *, *, #3494, .F. ) ;
#4046 = DIRECTION ( 'NONE',  ( 0.6546536707079771977, -0.3779644730092270311, -0.6546536707079771977 ) ) ;
#4047 = EDGE_CURVE ( 'NONE', #7614, #9633, #1642, .T. ) ;
#4048 = ORIENTED_EDGE ( 'NONE', *, *, #7685, .T. ) ;
#4049 =( GEOMETRIC_REPRESENTATION_CONTEXT ( 3 ) GLOBAL_UNCERTAINTY_ASSIGNED_CONTEXT ( ( #3436 ) ) GLOBAL_UNIT_ASSIGNED_CONTEXT ( ( #4765, #8460, #298 ) ) REPRESENTATION_CONTEXT ( 'NONE', 'WORKASPACE' ) );
#4050 = VERTEX_POINT ( 'NONE', #4406 ) ;
#4051 = CARTESIAN_POINT ( 'NONE',  ( -0.9336972550332069964, 4.293911919603389471, -0.3499999999999999778 ) ) ;
#4052 = DIRECTION ( 'NONE',  ( 0.000000000000000000, 3.097720492815727166E-16, 1.000000000000000000 ) ) ;
#4053 = CARTESIAN_POINT ( 'NONE',  ( -0.3499999999999990896, -2.800000000000001155, 0.3499999999999999778 ) ) ;
#4054 = EDGE_CURVE ( 'NONE', #4362, #6892, #9634, .T. ) ;
#4055 = ORIENTED_EDGE ( 'NONE', *, *, #1104, .F. ) ;
#4056 = CARTESIAN_POINT ( 'NONE',  ( 11.10608680140860827, 4.056300144720193401, 0.3499999999999996447 ) ) ;
#4057 = ORIENTED_EDGE ( 'NONE', *, *, #2847, .T. ) ;
#4058 = ORIENTED_EDGE ( 'NONE', *, *, #7595, .T. ) ;
#4059 = MECHANICAL_DESIGN_GEOMETRIC_PRESENTATION_REPRESENTATION (  '', ( #1398 ), #927 ) ;
#4060 = CARTESIAN_POINT ( 'NONE',  ( 10.94514025091977061, 5.788964205960196452, -0.3500000000000004219 ) ) ;
#4061 = CARTESIAN_POINT ( 'NONE',  ( 9.560000000000000497, 6.299999999999999822, 0.3849999999999996758 ) ) ;
#4062 = DIRECTION ( 'NONE',  ( 1.121588454295349533E-16, -1.000000000000000000, 0.000000000000000000 ) ) ;
#4063 = CARTESIAN_POINT ( 'NONE',  ( 3.328156929004345344, 5.771059683742179480, 0.3499999999999998113 ) ) ;
#4064 =( LENGTH_UNIT ( ) NAMED_UNIT ( * ) SI_UNIT ( .MILLI., .METRE. ) );
#4065 = ORIENTED_EDGE ( 'NONE', *, *, #181, .T. ) ;
#4066 =( LENGTH_UNIT ( ) NAMED_UNIT ( * ) SI_UNIT ( .MILLI., .METRE. ) );
#4067 =( GEOMETRIC_REPRESENTATION_CONTEXT ( 3 ) GLOBAL_UNCERTAINTY_ASSIGNED_CONTEXT ( ( #8426 ) ) GLOBAL_UNIT_ASSIGNED_CONTEXT ( ( #3260, #9206, #453 ) ) REPRESENTATION_CONTEXT ( 'NONE', 'WORKASPACE' ) );
#4068 = CARTESIAN_POINT ( 'NONE',  ( 5.579999999999999183, 6.084152315493285279, 0.3499999999999998668 ) ) ;
#4069 = EDGE_CURVE ( 'NONE', #2809, #814, #7385, .T. ) ;
#4070 = CARTESIAN_POINT ( 'NONE',  ( 1.540000000000000480, 2.615493535618376608, 0.3499999999999998113 ) ) ;
#4071 = ORIENTED_EDGE ( 'NONE', *, *, #7757, .T. ) ;
#4072 = PLANE ( 'NONE',  #4937 ) ;
#4073 = FILL_AREA_STYLE ('',( #6948 ) ) ;
#4074 = CARTESIAN_POINT ( 'NONE',  ( 9.660000000000001918, 6.299999999999999822, 0.3499999999999996447 ) ) ;
#4075 = CARTESIAN_POINT ( 'NONE',  ( 10.51000000000000156, -2.800000000000001155, 0.3499999999999996447 ) ) ;
#4076 = CARTESIAN_POINT ( 'NONE',  ( 7.620000000000000107, 0.5000000000000005551, 0.3499999999999997002 ) ) ;
#4077 = DIRECTION ( 'NONE',  ( -0.000000000000000000, -1.000000000000000000, -0.000000000000000000 ) ) ;
#4078 = CARTESIAN_POINT ( 'NONE',  ( -0.7612207868701631464, 5.920464898423919209, 0.3500000000000000333 ) ) ;
#4079 = CARTESIAN_POINT ( 'NONE',  ( 0.000000000000000000, 0.000000000000000000, 0.000000000000000000 ) ) ;
#4080 = LINE ( 'NONE', #4827, #1180 ) ;
#4081 = CARTESIAN_POINT ( 'NONE',  ( 4.318779213129838368, 5.920464898423918321, 0.3499999999999998668 ) ) ;
#4082 = PRESENTATION_STYLE_ASSIGNMENT (( #1099 ) ) ;
#4083 = VERTEX_POINT ( 'NONE', #6839 ) ;
#4084 = CARTESIAN_POINT ( 'NONE',  ( 9.560000000000000497, 6.299999999999999822, -0.3500000000000003109 ) ) ;
#4085 = ORIENTED_EDGE ( 'NONE', *, *, #1828, .F. ) ;
#4086 = LINE ( 'NONE', #358, #6509 ) ;
#4087 = DIRECTION ( 'NONE',  ( -0.000000000000000000, -0.000000000000000000, -1.000000000000000000 ) ) ;
#4088 = ORIENTED_EDGE ( 'NONE', *, *, #1441, .T. ) ;
#4089 = CARTESIAN_POINT ( 'NONE',  ( 2.018154266116020334, 5.626229152235333153, -0.3500000000000000888 ) ) ;
#4090 = DIRECTION ( 'NONE',  ( -1.000000000000000000, -0.000000000000000000, -0.000000000000000000 ) ) ;
#4091 = ORIENTED_EDGE ( 'NONE', *, *, #3019, .T. ) ;
#4092 = VERTEX_POINT ( 'NONE', #5969 ) ;
#4093 = EDGE_CURVE ( 'NONE', #260, #9633, #2346, .T. ) ;
#4094 = AXIS2_PLACEMENT_3D ( 'NONE', #5887, #3620, #7296 ) ;
#4095 = CARTESIAN_POINT ( 'NONE',  ( -0.8678348867008387479, 5.142569796484065314, -0.3499999999999999223 ) ) ;
#4096 = CYLINDRICAL_SURFACE ( 'NONE', #7440, 0.1999999999999996503 ) ;
#4097 = CARTESIAN_POINT ( 'NONE',  ( 8.469183477980651631, 5.324198710742061635, 0.3499999999999998113 ) ) ;
#4098 = SURFACE_STYLE_USAGE ( .BOTH. , #2527 ) ;
#4099 = DIRECTION ( 'NONE',  ( 1.000000000000000000, 0.000000000000000000, 0.000000000000000000 ) ) ;
#4100 = EDGE_LOOP ( 'NONE', ( #801, #2475, #4781, #2959 ) ) ;
#4101 = CARTESIAN_POINT ( 'NONE',  ( 9.660000000000001918, 6.084152315493286167, -0.3500000000000002554 ) ) ;
#4102 = EDGE_LOOP ( 'NONE', ( #223, #7137, #1661, #5057 ) ) ;
#4103 = EDGE_CURVE ( 'NONE', #5038, #3300, #2200, .T. ) ;
#4104 = ORIENTED_EDGE ( 'NONE', *, *, #4015, .T. ) ;
#4105 = EDGE_CURVE ( 'NONE', #5452, #9038, #132, .T. ) ;
#4106 = CARTESIAN_POINT ( 'NONE',  ( 4.080000000000000959, 0.8000000000000004885, 0.3499999999999998113 ) ) ;
#4107 = CARTESIAN_POINT ( 'NONE',  ( 3.409615242270666702, 8.500000000000000000, 0.000000000000000000 ) ) ;
#4108 = SURFACE_STYLE_FILL_AREA ( #3503 ) ;
#4109 = FILL_AREA_STYLE ('',( #1914 ) ) ;
#4110 = CARTESIAN_POINT ( 'NONE',  ( 10.51000000000000156, 1.084202172485506745E-17, 0.3499999999999996447 ) ) ;
#4111 = ORIENTED_EDGE ( 'NONE', *, *, #9646, .T. ) ;
#4112 = CARTESIAN_POINT ( 'NONE',  ( 1.840000000000000524, 0.8000000000000004885, 0.3499999999999998668 ) ) ;
#4113 = CARTESIAN_POINT ( 'NONE',  ( 11.62999999999999723, 1.601149768326593145E-16, 0.6500000000000012434 ) ) ;
#4114 = LINE ( 'NONE', #7097, #8801 ) ;
#4115 = ORIENTED_EDGE ( 'NONE', *, *, #5733, .F. ) ;
#4116 = DIRECTION ( 'NONE',  ( 0.000000000000000000, 1.000000000000000000, -1.668003342285391551E-16 ) ) ;
#4117 = AXIS2_PLACEMENT_3D ( 'NONE', #4479, #2918, #8142 ) ;
#4118 = SURFACE_STYLE_FILL_AREA ( #1876 ) ;
#4119 = DIRECTION ( 'NONE',  ( 1.000000000000000000, -8.673617379884051249E-15, 0.000000000000000000 ) ) ;
#4120 = DIRECTION ( 'NONE',  ( 0.000000000000000000, 0.000000000000000000, 1.000000000000000000 ) ) ;
#4121 = CIRCLE ( 'NONE', #7236, 0.1999999999999996503 ) ;
#4122 = CARTESIAN_POINT ( 'NONE',  ( 4.080000000000000071, 6.500000000000000888, -0.3500000000000010880 ) ) ;
#4123 = CARTESIAN_POINT ( 'NONE',  ( 6.080000000000000071, 1.800000000000000488, 0.3849999999999997868 ) ) ;
#4124 = DIRECTION ( 'NONE',  ( 0.000000000000000000, -0.000000000000000000, -1.000000000000000000 ) ) ;
#4125 = COLOUR_RGB ( '',0.8313725490196077761, 0.6705882352941175961, 0.1294117647058823373 ) ;
#4126 = DIRECTION ( 'NONE',  ( 1.000000000000000000, 0.000000000000000000, 0.000000000000000000 ) ) ;
#4127 = CARTESIAN_POINT ( 'NONE',  ( 0.8578385625839363149, 5.240363704783927545, -0.3500000000000000333 ) ) ;
#4128 = VERTEX_POINT ( 'NONE', #5350 ) ;
#4129 = DIRECTION ( 'NONE',  ( 0.000000000000000000, -1.000000000000000000, 1.668003342285391797E-16 ) ) ;
#4130 = COLOUR_RGB ( '',0.8313725490196077761, 0.6705882352941175961, 0.1294117647058823373 ) ;
#4131 = ORIENTED_EDGE ( 'NONE', *, *, #808, .T. ) ;
#4132 = CARTESIAN_POINT ( 'NONE',  ( 3.226754932607761361, 0.5000000000000002220, 0.3499999999999998668 ) ) ;
#4133 = EDGE_CURVE ( 'NONE', #2209, #7345, #6738, .T. ) ;
#4134 = DIRECTION ( 'NONE',  ( -0.000000000000000000, -3.097720492815727166E-16, -1.000000000000000000 ) ) ;
#4135 = VERTEX_POINT ( 'NONE', #8225 ) ;
#4136 = EDGE_CURVE ( 'NONE', #8529, #7098, #4601, .T. ) ;
#4137 = FACE_OUTER_BOUND ( 'NONE', #3688, .T. ) ;
#4138 = EDGE_CURVE ( 'NONE', #947, #686, #8313, .T. ) ;
#4139 = UNCERTAINTY_MEASURE_WITH_UNIT (LENGTH_MEASURE( 1.000000000000000082E-05 ), #8139, 'distance_accuracy_value', 'NONE');
#4140 = CARTESIAN_POINT ( 'NONE',  ( 7.270000000000000462, 8.199999999999999289, 0.3499999999999999778 ) ) ;
#4141 = ORIENTED_EDGE ( 'NONE', *, *, #1123, .T. ) ;
#4142 = ORIENTED_EDGE ( 'NONE', *, *, #8868, .F. ) ;
#4143 = MECHANICAL_DESIGN_GEOMETRIC_PRESENTATION_REPRESENTATION (  '', ( #5406 ), #6337 ) ;
#4144 = DIRECTION ( 'NONE',  ( -0.000000000000000000, 0.000000000000000000, 1.000000000000000000 ) ) ;
#4145 = SURFACE_SIDE_STYLE ('',( #466 ) ) ;
#4146 = CARTESIAN_POINT ( 'NONE',  ( 3.226754932607761361, 10.39117142264903570, 0.6499999999999995781 ) ) ;
#4147 = LINE ( 'NONE', #6248, #4759 ) ;
#4148 = DIRECTION ( 'NONE',  ( -0.000000000000000000, -1.000000000000000000, -4.336808689942017736E-16 ) ) ;
#4149 = VERTEX_POINT ( 'NONE', #9086 ) ;
#4150 = STYLED_ITEM ( 'NONE', ( #8789 ), #2394 ) ;
#4151 = EDGE_CURVE ( 'NONE', #1985, #4083, #5253, .T. ) ;
#4152 = ORIENTED_EDGE ( 'NONE', *, *, #22, .T. ) ;
#4153 = DIRECTION ( 'NONE',  ( -1.000000000000000000, 0.000000000000000000, 0.000000000000000000 ) ) ;
#4154 = ORIENTED_EDGE ( 'NONE', *, *, #9375, .T. ) ;
#4155 = AXIS2_PLACEMENT_3D ( 'NONE', #1600, #8143, #4480 ) ;
#4156 = CARTESIAN_POINT ( 'NONE',  ( 11.10427697951200976, 4.091073788932196642, -0.3500000000000002554 ) ) ;
#4157 = DIRECTION ( 'NONE',  ( -0.7071067811865475727, 0.7071067811865475727, 0.000000000000000000 ) ) ;
#4158 = PLANE ( 'NONE',  #1913 ) ;
#4159 = CARTESIAN_POINT ( 'NONE',  ( 7.270000000000000462, 8.199999999999999289, 0.3499999999999999778 ) ) ;
#4160 = ORIENTED_EDGE ( 'NONE', *, *, #2520, .F. ) ;
#4161 = EDGE_CURVE ( 'NONE', #7614, #3375, #2390, .T. ) ;
#4162 =( LENGTH_UNIT ( ) NAMED_UNIT ( * ) SI_UNIT ( .MILLI., .METRE. ) );
#4163 = SURFACE_STYLE_FILL_AREA ( #8557 ) ;
#4164 = CARTESIAN_POINT ( 'NONE',  ( 4.729999999999999538, 8.199999999999999289, 0.3499999999999999778 ) ) ;
#4165 = ORIENTED_EDGE ( 'NONE', *, *, #1123, .F. ) ;
#4166 = CARTESIAN_POINT ( 'NONE',  ( 9.810000000000000497, -2.800000000000001155, 0.3499999999999996447 ) ) ;
#4167 = VECTOR ( 'NONE', #7159, 1000.000000000000000 ) ;
#4168 = PRESENTATION_STYLE_ASSIGNMENT (( #5648 ) ) ;
#4169 = DIRECTION ( 'NONE',  ( -1.000000000000000000, -0.000000000000000000, -0.000000000000000000 ) ) ;
#4170 = CARTESIAN_POINT ( 'NONE',  ( 2.214744180118195516, 5.589454083063166046, -0.3500000000000000888 ) ) ;
#4171 = LINE ( 'NONE', #7157, #7036 ) ;
#4172 = LINE ( 'NONE', #7294, #3289 ) ;
#4174 = MECHANICAL_DESIGN_GEOMETRIC_PRESENTATION_REPRESENTATION (  '', ( #8382 ), #6975 ) ;
#4173 = CARTESIAN_POINT ( 'NONE',  ( -0.7741471366726800918, 5.851685420754310307, 0.3500000000000000888 ) ) ;
#4175 = COLOUR_RGB ( '',0.8313725490196077761, 0.6705882352941175961, 0.1294117647058823373 ) ;
#4176 =( NAMED_UNIT ( * ) SI_UNIT ( $, .STERADIAN. ) SOLID_ANGLE_UNIT ( ) );
#4177 = CARTESIAN_POINT ( 'NONE',  ( 5.957528552431158531, 5.050332720359885563, -0.3500000000000000888 ) ) ;
#4178 = CARTESIAN_POINT ( 'NONE',  ( 4.224309810834100176, 5.260692584315934894, 0.3499999999999997558 ) ) ;
#4179 = PLANE ( 'NONE',  #2719 ) ;
#4180 = VERTEX_POINT ( 'NONE', #1473 ) ;
#4181 = AXIS2_PLACEMENT_3D ( 'NONE', #1404, #6675, #4386 ) ;
#4182 = SURFACE_STYLE_USAGE ( .BOTH. , #6965 ) ;
#4183 = CARTESIAN_POINT ( 'NONE',  ( 2.890000000000001013, 0.5000000000000005551, 0.3499999999999998668 ) ) ;
#4184 = CARTESIAN_POINT ( 'NONE',  ( 11.16000000000000192, 6.299999999999999822, 0.3849999999999996758 ) ) ;
#4185 = EDGE_LOOP ( 'NONE', ( #9446, #6973, #1933, #891 ) ) ;
#4186 = DIRECTION ( 'NONE',  ( 1.000000000000000000, -8.673617379884030739E-15, 0.000000000000000000 ) ) ;
#4187 = EDGE_CURVE ( 'NONE', #657, #2623, #3717, .T. ) ;
#4188 = UNCERTAINTY_MEASURE_WITH_UNIT (LENGTH_MEASURE( 1.000000000000000082E-05 ), #3150, 'distance_accuracy_value', 'NONE');
#4189 = B_SPLINE_CURVE_WITH_KNOTS ( 'NONE', 3,
 ( #5210, #8179, #1487, #897, #5264, #3725, #6701, #3005, #8954, #8234, #1541, #3055, #6031, #2357, #9007, #5315, #6800, #8279, #6079, #1590, #4564, #7541, #846, #3821, #93, #9047, #5359, #9187, #3326, #4070, #340 ),
 .UNSPECIFIED., .F., .F.,
 ( 4, 1, 1, 1, 1, 1, 1, 2, 2, 1, 1, 1, 1, 2, 2, 1, 1, 1, 1, 1, 2, 2, 4 ),
 ( 0.000000000000000000, 0.06250000000001504352, 0.09375000000002228773, 0.1093750000000261041, 0.1171875000000280193, 0.1210937500000289907, 0.1230468750000294764, 0.1240234375000298789, 0.1250000000000302813, 0.1875000000000290323, 0.2187500000000284217, 0.2343750000000281164, 0.2421875000000279776, 0.2460937500000281442, 0.2500000000000283107, 0.3750000000000269229, 0.4375000000000262568, 0.4687500000000256462, 0.4843750000000253686, 0.4921875000000252021, 0.4960937500000253686, 0.5000000000000255351, 1.000000000000000000 ),
 .UNSPECIFIED. ) ;
#4190 = ORIENTED_EDGE ( 'NONE', *, *, #7753, .T. ) ;
#4191 = ORIENTED_EDGE ( 'NONE', *, *, #5259, .F. ) ;
#4192 = EDGE_CURVE ( 'NONE', #1806, #5511, #3812, .T. ) ;
#4193 = PRESENTATION_LAYER_ASSIGNMENT (  '', '', ( #7166 ) ) ;
#4194 = UNCERTAINTY_MEASURE_WITH_UNIT (LENGTH_MEASURE( 1.000000000000000082E-05 ), #5213, 'distance_accuracy_value', 'NONE');
#4195 = LINE ( 'NONE', #8586, #6610 ) ;
#4196 = FACE_OUTER_BOUND ( 'NONE', #8386, .T. ) ;
#4197 = CARTESIAN_POINT ( 'NONE',  ( 2.187475984454220423, 5.732672356334980179, 0.3499999999999998668 ) ) ;
#4198 = ORIENTED_EDGE ( 'NONE', *, *, #3833, .F. ) ;
#4199 = VECTOR ( 'NONE', #4526, 1000.000000000000000 ) ;
#4200 = VERTEX_POINT ( 'NONE', #737 ) ;
#4201 = LINE ( 'NONE', #8595, #370 ) ;
#4202 = VERTEX_POINT ( 'NONE', #9679 ) ;
#4203 = CARTESIAN_POINT ( 'NONE',  ( 11.16000000000000725, 2.615493535622418708, -0.3500000000000004774 ) ) ;
#4204 = PLANE ( 'NONE',  #6659 ) ;
#4205 =( NAMED_UNIT ( * ) PLANE_ANGLE_UNIT ( ) SI_UNIT ( $, .RADIAN. ) );
#4206 = CARTESIAN_POINT ( 'NONE',  ( -0.6454664785273052097, 3.877691542223590471, 0.3499999999999999778 ) ) ;
#4207 = DIRECTION ( 'NONE',  ( 0.000000000000000000, -1.000000000000000000, 1.668003342285391797E-16 ) ) ;
#4208 = ORIENTED_EDGE ( 'NONE', *, *, #4753, .T. ) ;
#4209 = CARTESIAN_POINT ( 'NONE',  ( 4.131102897648887939, 4.001162287970069897, -0.3500000000000000888 ) ) ;
#4210 = ORIENTED_EDGE ( 'NONE', *, *, #4269, .F. ) ;
#4211 = PLANE ( 'NONE',  #5861 ) ;
#4212 = VECTOR ( 'NONE', #6615, 1000.000000000000000 ) ;
#4213 = DIRECTION ( 'NONE',  ( 0.000000000000000000, -1.000000000000000000, 1.668003342285391551E-16 ) ) ;
#4214 = FACE_OUTER_BOUND ( 'NONE', #2301, .T. ) ;
#4215 = PLANE ( 'NONE',  #1584 ) ;
#4216 =( LENGTH_UNIT ( ) NAMED_UNIT ( * ) SI_UNIT ( .MILLI., .METRE. ) );
#4217 = VECTOR ( 'NONE', #3058, 1000.000000000000000 ) ;
#4218 = ADVANCED_FACE ( 'NONE', ( #2298 ), #5306, .F. ) ;
#4219 = SURFACE_SIDE_STYLE ('',( #1835 ) ) ;
#4220 = LINE ( 'NONE', #7202, #3668 ) ;
#4221 =( NAMED_UNIT ( * ) PLANE_ANGLE_UNIT ( ) SI_UNIT ( $, .RADIAN. ) );
#4222 = CARTESIAN_POINT ( 'NONE',  ( 1.752463891615423375, 5.774771377977407916, -0.3499999999999999778 ) ) ;
#4223 = ORIENTED_EDGE ( 'NONE', *, *, #1545, .F. ) ;
#4224 = ADVANCED_FACE ( 'NONE', ( #8244 ), #2324, .F. ) ;
#4225 = COLOUR_RGB ( '',0.8313725490196077761, 0.6705882352941175961, 0.1294117647058823373 ) ;
#4226 = CARTESIAN_POINT ( 'NONE',  ( 10.75999999999999979, 6.299999999999999822, -0.1283333333333338266 ) ) ;
#4227 = UNCERTAINTY_MEASURE_WITH_UNIT (LENGTH_MEASURE( 1.000000000000000082E-05 ), #7921, 'distance_accuracy_value', 'NONE');
#4228 = ORIENTED_EDGE ( 'NONE', *, *, #9196, .T. ) ;
#4229 = CARTESIAN_POINT ( 'NONE',  ( 7.171806954577857773, 5.884855341312109189, -0.3500000000000001443 ) ) ;
#4230 = CARTESIAN_POINT ( 'NONE',  ( -1.469999999999999973, 0.000000000000000000, -1.199999999999999956 ) ) ;
#4231 = ORIENTED_EDGE ( 'NONE', *, *, #2275, .T. ) ;
#4232 = ORIENTED_EDGE ( 'NONE', *, *, #6320, .T. ) ;
#4233 = CARTESIAN_POINT ( 'NONE',  ( 9.810000000000000497, 0.000000000000000000, 0.3499999999999999778 ) ) ;
#4234 = EDGE_CURVE ( 'NONE', #9131, #8438, #3831, .T. ) ;
#4235 = CARTESIAN_POINT ( 'NONE',  ( 1.000000000000000444, 6.299999999999999822, -0.1283333333333334936 ) ) ;
#4236 = LINE ( 'NONE', #5042, #2063 ) ;
#4237 = CARTESIAN_POINT ( 'NONE',  ( 2.091806954577857258, 5.884855341312110077, 0.3499999999999998113 ) ) ;
#4238 = VERTEX_POINT ( 'NONE', #3737 ) ;
#4239 = VERTEX_POINT ( 'NONE', #7653 ) ;
#4240 =( GEOMETRIC_REPRESENTATION_CONTEXT ( 3 ) GLOBAL_UNCERTAINTY_ASSIGNED_CONTEXT ( ( #1452 ) ) GLOBAL_UNIT_ASSIGNED_CONTEXT ( ( #3497, #5823, #5095 ) ) REPRESENTATION_CONTEXT ( 'NONE', 'WORKASPACE' ) );
#4241 = FILL_AREA_STYLE ('',( #5679 ) ) ;
#4242 = ORIENTED_EDGE ( 'NONE', *, *, #1245, .T. ) ;
#4243 = EDGE_CURVE ( 'NONE', #6946, #6847, #2235, .T. ) ;
#4244 = CARTESIAN_POINT ( 'NONE',  ( 11.16000000000000192, 1.800000000000000488, -0.1166666666666670710 ) ) ;
#4245 = CARTESIAN_POINT ( 'NONE',  ( 11.62999999999999723, 0.000000000000000000, 1.199999999999999512 ) ) ;
#4246 = DIRECTION ( 'NONE',  ( 0.000000000000000000, -1.000000000000000000, 1.668003342285391551E-16 ) ) ;
#4247 = CARTESIAN_POINT ( 'NONE',  ( 11.16000000000000192, 1.800000000000000488, 0.3499999999999996447 ) ) ;
#4248 = CARTESIAN_POINT ( 'NONE',  ( 2.214744180118195516, 5.589454083063166046, -0.3500000000000000888 ) ) ;
#4249 = ORIENTED_EDGE ( 'NONE', *, *, #4438, .F. ) ;
#4250 =( BOUNDED_CURVE ( )  B_SPLINE_CURVE ( 3, ( #3541, #6670, #5089, #5816 ),
 .UNSPECIFIED., .F., .T. ) 
 B_SPLINE_CURVE_WITH_KNOTS ( ( 4, 4 ),
 ( 1.570796326794896336, 2.359101780428492390 ),
 .UNSPECIFIED. ) 
 CURVE ( )  GEOMETRIC_REPRESENTATION_ITEM ( )  RATIONAL_B_SPLINE_CURVE ( ( 1.000000000000000000, 0.9488815137910384667, 0.9488815137910384667, 1.000000000000000000 ) ) 
 REPRESENTATION_ITEM ( '' )  );
#4251 = FACE_OUTER_BOUND ( 'NONE', #1864, .T. ) ;
#4252 = CARTESIAN_POINT ( 'NONE',  ( 8.620000000000000995, 0.8000000000000007105, 0.3499999999999997002 ) ) ;
#4253 = DIRECTION ( 'NONE',  ( -0.000000000000000000, -1.000000000000000000, 1.668003342285391551E-16 ) ) ;
#4254 = ADVANCED_FACE ( 'NONE', ( #946 ), #1001, .T. ) ;
#4255 = ORIENTED_EDGE ( 'NONE', *, *, #7725, .T. ) ;
#4256 = FACE_BOUND ( 'NONE', #6057, .T. ) ;
#4257 = PLANE ( 'NONE',  #7748 ) ;
#4258 = CARTESIAN_POINT ( 'NONE',  ( 2.189999999999999947, 8.199999999999999289, 0.3499999999999999778 ) ) ;
#4259 = LINE ( 'NONE', #5883, #3476 ) ;
#4260 =( GEOMETRIC_REPRESENTATION_CONTEXT ( 3 ) GLOBAL_UNCERTAINTY_ASSIGNED_CONTEXT ( ( #1729 ) ) GLOBAL_UNIT_ASSIGNED_CONTEXT ( ( #1657, #3899, #2471 ) ) REPRESENTATION_CONTEXT ( 'NONE', 'WORKASPACE' ) );
#4261 = CARTESIAN_POINT ( 'NONE',  ( 2.040000000000001812, 6.299999999999999822, -0.3500000000000000888 ) ) ;
#4262 = DIRECTION ( 'NONE',  ( -1.121588454295349780E-16, 1.000000000000000000, 0.000000000000000000 ) ) ;
#4263 =( LENGTH_UNIT ( ) NAMED_UNIT ( * ) SI_UNIT ( .MILLI., .METRE. ) );
#4264 = FACE_OUTER_BOUND ( 'NONE', #9585, .T. ) ;
#4265 = AXIS2_PLACEMENT_3D ( 'NONE', #5952, #6632, #5997 ) ;
#4266 = EDGE_CURVE ( 'NONE', #6641, #8059, #4881, .T. ) ;
#4267 = CARTESIAN_POINT ( 'NONE',  ( 6.014825183200147585, 4.263498050148225360, -0.3500000000000001998 ) ) ;
#4268 = CARTESIAN_POINT ( 'NONE',  ( 0.7000000000000006217, 0.8000000000000007105, 0.3499999999999999778 ) ) ;
#4269 = EDGE_CURVE ( 'NONE', #1849, #8693, #5697, .T. ) ;
#4270 = CARTESIAN_POINT ( 'NONE',  ( 6.620000000000000995, 1.800000000000000488, 0.3499999999999997002 ) ) ;
#4271 = VECTOR ( 'NONE', #431, 1000.000000000000000 ) ;
#4272 = VECTOR ( 'NONE', #3672, 1000.000000000000000 ) ;
#4273 = AXIS2_PLACEMENT_3D ( 'NONE', #6554, #9537, #2854 ) ;
#4274 =( NAMED_UNIT ( * ) PLANE_ANGLE_UNIT ( ) SI_UNIT ( $, .RADIAN. ) );
#4275 = CARTESIAN_POINT ( 'NONE',  ( 6.620000000000000995, 1.800000000000000488, -0.3500000000000002554 ) ) ;
#4276 = PLANE ( 'NONE',  #8987 ) ;
#4277 = PLANE ( 'NONE',  #3078 ) ;
#4278 = ORIENTED_EDGE ( 'NONE', *, *, #3832, .F. ) ;
#4279 = CARTESIAN_POINT ( 'NONE',  ( 7.270000000000001350, 0.5000000000000005551, 0.3499999999999997002 ) ) ;
#4280 = EDGE_CURVE ( 'NONE', #5038, #9121, #9396, .T. ) ;
#4281 = CARTESIAN_POINT ( 'NONE',  ( 8.620000000000000995, 1.800000000000000488, -0.3500000000000002554 ) ) ;
#4282 = ADVANCED_FACE ( 'NONE', ( #9203 ), #4179, .F. ) ;
#4283 = PRESENTATION_LAYER_ASSIGNMENT (  '', '', ( #6004 ) ) ;
#4284 = VERTEX_POINT ( 'NONE', #7167 ) ;
#4285 = VECTOR ( 'NONE', #2311, 1000.000000000000114 ) ;
#4286 = ORIENTED_EDGE ( 'NONE', *, *, #2977, .T. ) ;
#4287 = PRESENTATION_STYLE_ASSIGNMENT (( #1350 ) ) ;
#4288 = CARTESIAN_POINT ( 'NONE',  ( 1.540000000000000036, 0.5000000000000002220, 0.3499999999999998668 ) ) ;
#4289 = DIRECTION ( 'NONE',  ( 0.000000000000000000, 0.000000000000000000, -1.000000000000000000 ) ) ;
#4290 = CARTESIAN_POINT ( 'NONE',  ( 8.508849546050877066, 4.917640708297875030, 0.3499999999999997002 ) ) ;
#4291 = LINE ( 'NONE', #6583, #3972 ) ;
#4292 = EDGE_CURVE ( 'NONE', #9431, #8593, #2512, .T. ) ;
#4293 = EDGE_LOOP ( 'NONE', ( #4802, #6679, #6629, #9536 ) ) ;
#4294 = FACE_OUTER_BOUND ( 'NONE', #5606, .T. ) ;
#4295 = ORIENTED_EDGE ( 'NONE', *, *, #8089, .T. ) ;
#4296 = CARTESIAN_POINT ( 'NONE',  ( 10.16000000000000014, 6.299999999999999822, -0.3500000000000003109 ) ) ;
#4297 = ORIENTED_EDGE ( 'NONE', *, *, #3432, .T. ) ;
#4298 = STYLED_ITEM ( 'NONE', ( #544 ), #2273 ) ;
#4299 = DIRECTION ( 'NONE',  ( 0.000000000000000000, 0.000000000000000000, 1.000000000000000000 ) ) ;
#4300 = DIRECTION ( 'NONE',  ( -7.744301232039316681E-17, 0.000000000000000000, -1.000000000000000000 ) ) ;
#4301 = CARTESIAN_POINT ( 'NONE',  ( 1.540000000000000480, 1.800000000000000488, 0.3499999999999998668 ) ) ;
#4302 = CARTESIAN_POINT ( 'NONE',  ( 2.076643101092097154, 1.700000000000001288, 0.3499999999999999223 ) ) ;
#4304 = ORIENTED_EDGE ( 'NONE', *, *, #2655, .T. ) ;
#4303 = AXIS2_PLACEMENT_3D ( 'NONE', #826, #2989, #1707 ) ;
#4305 = CARTESIAN_POINT ( 'NONE',  ( 8.306754932607761432, 10.39117142264903570, 0.6499999999999995781 ) ) ;
#4306 = CARTESIAN_POINT ( 'NONE',  ( 4.133063051753866901, 4.039780281224065739, -0.3500000000000001998 ) ) ;
#4307 = VERTEX_POINT ( 'NONE', #5510 ) ;
#4308 = CARTESIAN_POINT ( 'NONE',  ( 9.160000000000001918, 1.800000000000000488, 0.3499999999999996447 ) ) ;
#4309 = EDGE_CURVE ( 'NONE', #2779, #5339, #2567, .T. ) ;
#4310 = ORIENTED_EDGE ( 'NONE', *, *, #4887, .T. ) ;
#4311 = B_SPLINE_CURVE_WITH_KNOTS ( 'NONE', 3,
 ( #3198, #4774, #6275, #5411 ),
 .UNSPECIFIED., .F., .F.,
 ( 4, 4 ),
 ( 0.000000000000000000, 1.000000000000000000 ),
 .UNSPECIFIED. ) ;
#4312 = LINE ( 'NONE', #2022, #1464 ) ;
#4313 = VECTOR ( 'NONE', #2270, 1000.000000000000000 ) ;
#4314 = STYLED_ITEM ( 'NONE', ( #7031 ), #2685 ) ;
#4315 = EDGE_CURVE ( 'NONE', #9468, #714, #3344, .T. ) ;
#4316 = CARTESIAN_POINT ( 'NONE',  ( 5.430000000000000604, -2.800000000000001155, -0.3500000000000001443 ) ) ;
#4317 = CARTESIAN_POINT ( 'NONE',  ( 2.187475984454220423, 5.732672356334980179, 0.3499999999999998668 ) ) ;
#4318 = DIRECTION ( 'NONE',  ( 1.000000000000000000, 0.000000000000000000, 0.000000000000000000 ) ) ;
#4319 = PLANE ( 'NONE',  #3645 ) ;
#4320 = CARTESIAN_POINT ( 'NONE',  ( 6.080000000000000959, 0.8000000000000007105, -0.3500000000000001443 ) ) ;
#4321 = FACE_OUTER_BOUND ( 'NONE', #8681, .T. ) ;
#4322 =( LENGTH_UNIT ( ) NAMED_UNIT ( * ) SI_UNIT ( .MILLI., .METRE. ) );
#4323 = CARTESIAN_POINT ( 'NONE',  ( 1.651150453949023378, 4.917640708295714091, -0.3500000000000000333 ) ) ;
#4324 = AXIS2_PLACEMENT_3D ( 'NONE', #8008, #8918, #2217 ) ;
#4325 = CIRCLE ( 'NONE', #7930, 0.2999999999999999334 ) ;
#4326 = EDGE_CURVE ( 'NONE', #9018, #2484, #6428, .T. ) ;
#4327 = CARTESIAN_POINT ( 'NONE',  ( 6.920000000000000817, 0.5000000000000004441, -0.3500000000000002554 ) ) ;
#4328 = FILL_AREA_STYLE_COLOUR ( '', #2023 ) ;
#4329 = CARTESIAN_POINT ( 'NONE',  ( 6.831843070995633482, 5.771059683742042701, -0.3500000000000001998 ) ) ;
#4330 = CARTESIAN_POINT ( 'NONE',  ( 11.16000000000000014, 6.500000000000000888, 0.3499999999999989231 ) ) ;
#4331 = LINE ( 'NONE', #8725, #3236 ) ;
#4332 = EDGE_LOOP ( 'NONE', ( #384, #4815, #1580, #9313 ) ) ;
#4333 = FILL_AREA_STYLE_COLOUR ( '', #3246 ) ;
#4334 = AXIS2_PLACEMENT_3D ( 'NONE', #1177, #8599, #4246 ) ;
#4335 = MECHANICAL_DESIGN_GEOMETRIC_PRESENTATION_REPRESENTATION (  '', ( #7635 ), #7609 ) ;
#4336 = ORIENTED_EDGE ( 'NONE', *, *, #4326, .T. ) ;
#4337 = ORIENTED_EDGE ( 'NONE', *, *, #7363, .T. ) ;
#4338 = EDGE_CURVE ( 'NONE', #9312, #5680, #6034, .T. ) ;
#4339 = STYLED_ITEM ( 'NONE', ( #9508 ), #1240 ) ;
#4340 = LINE ( 'NONE', #5909, #3627 ) ;
#4341 = PLANE ( 'NONE',  #3864 ) ;
#4342 = FACE_OUTER_BOUND ( 'NONE', #6411, .T. ) ;
#4343 = ORIENTED_EDGE ( 'NONE', *, *, #8203, .T. ) ;
#4344 = COLOUR_RGB ( '',0.8313725490196077761, 0.6705882352941175961, 0.1294117647058823373 ) ;
#4345 = CARTESIAN_POINT ( 'NONE',  ( 0.4481930454221421667, 5.884855341312110966, -0.3500000000000000333 ) ) ;
#4346 = VERTEX_POINT ( 'NONE', #3431 ) ;
#4347 = DIRECTION ( 'NONE',  ( -0.000000000000000000, -3.097720492815727166E-16, -1.000000000000000000 ) ) ;
#4348 = ORIENTED_EDGE ( 'NONE', *, *, #7205, .T. ) ;
#4349 = ADVANCED_FACE ( 'NONE', ( #5709 ), #8622, .T. ) ;
#4350 = CARTESIAN_POINT ( 'NONE',  ( 1.575000000000001066, -1.575000000000001066, 0.3499999999999999778 ) ) ;
#4351 = FACE_OUTER_BOUND ( 'NONE', #324, .T. ) ;
#4352 = PLANE ( 'NONE',  #2531 ) ;
#4353 = FACE_OUTER_BOUND ( 'NONE', #7977, .T. ) ;
#4354 =( NAMED_UNIT ( * ) SI_UNIT ( $, .STERADIAN. ) SOLID_ANGLE_UNIT ( ) );
#4355 =( GEOMETRIC_REPRESENTATION_CONTEXT ( 3 ) GLOBAL_UNCERTAINTY_ASSIGNED_CONTEXT ( ( #6179 ) ) GLOBAL_UNIT_ASSIGNED_CONTEXT ( ( #4162, #1273, #3611 ) ) REPRESENTATION_CONTEXT ( 'NONE', 'WORKASPACE' ) );
#4356 = ORIENTED_EDGE ( 'NONE', *, *, #5061, .T. ) ;
#4357 = CARTESIAN_POINT ( 'NONE',  ( 4.480000000000000426, 6.299999999999999822, 0.1283333333333334381 ) ) ;
#4358 = CARTESIAN_POINT ( 'NONE',  ( 8.119999999999997442, 6.084152315493285279, -0.3500000000000003109 ) ) ;
#4359 = PLANE ( 'NONE',  #4812 ) ;
#4360 = ORIENTED_EDGE ( 'NONE', *, *, #4533, .T. ) ;
#4361 = CARTESIAN_POINT ( 'NONE',  ( 5.129999999999999893, 8.026794919243110726, 0.04999999999999953787 ) ) ;
#4362 = VERTEX_POINT ( 'NONE', #7904 ) ;
#4363 = CARTESIAN_POINT ( 'NONE',  ( 10.50999999999999979, 0.000000000000000000, 0.3499999999999999778 ) ) ;
#4364 = FILL_AREA_STYLE_COLOUR ( '', #1893 ) ;
#4365 = CARTESIAN_POINT ( 'NONE',  ( -0.9240581407173188433, 4.443591676418677139, 0.3500000000000000333 ) ) ;
#4366 = EDGE_CURVE ( 'NONE', #916, #7424, #8463, .T. ) ;
#4367 =( NAMED_UNIT ( * ) SI_UNIT ( $, .STERADIAN. ) SOLID_ANGLE_UNIT ( ) );
#4368 = PRESENTATION_STYLE_ASSIGNMENT (( #2262 ) ) ;
#4369 = LINE ( 'NONE', #3579, #2087 ) ;
#4370 = VERTEX_POINT ( 'NONE', #1197 ) ;
#4371 = EDGE_CURVE ( 'NONE', #1002, #1624, #8137, .T. ) ;
#4372 = CARTESIAN_POINT ( 'NONE',  ( 6.620000000000000995, 1.800000000000000488, -0.3500000000000002554 ) ) ;
#4373 = CARTESIAN_POINT ( 'NONE',  ( 6.758424265108376794, 5.204467366490683311, -0.3500000000000001998 ) ) ;
#4374 = SURFACE_STYLE_USAGE ( .BOTH. , #6620 ) ;
#4375 = CARTESIAN_POINT ( 'NONE',  ( -0.4481930454221424998, 5.884855341312110077, -0.3499999999999999223 ) ) ;
#4376 = ORIENTED_EDGE ( 'NONE', *, *, #9683, .T. ) ;
#4377 = DIRECTION ( 'NONE',  ( 0.000000000000000000, 0.000000000000000000, 1.000000000000000000 ) ) ;
#4378 = SURFACE_SIDE_STYLE ('',( #3687 ) ) ;
#4379 = VECTOR ( 'NONE', #2609, 1000.000000000000000 ) ;
#4380 = EDGE_CURVE ( 'NONE', #6306, #8596, #5113, .T. ) ;
#4381 = ORIENTED_EDGE ( 'NONE', *, *, #8581, .T. ) ;
#4382 = ORIENTED_EDGE ( 'NONE', *, *, #3306, .F. ) ;
#4383 = COLOUR_RGB ( '',0.8313725490196077761, 0.6705882352941175961, 0.1294117647058823373 ) ;
#4384 = MECHANICAL_DESIGN_GEOMETRIC_PRESENTATION_REPRESENTATION (  '', ( #1417 ), #3139 ) ;
#4385 = PLANE ( 'NONE',  #4265 ) ;
#4386 = DIRECTION ( 'NONE',  ( 0.000000000000000000, 0.000000000000000000, 1.000000000000000000 ) ) ;
#4387 = DIRECTION ( 'NONE',  ( 0.000000000000000000, 1.000000000000000000, -1.668003342285391797E-16 ) ) ;
#4388 =( NAMED_UNIT ( * ) SI_UNIT ( $, .STERADIAN. ) SOLID_ANGLE_UNIT ( ) );
#4389 = CARTESIAN_POINT ( 'NONE',  ( 4.930000000000001492, -3.000000000000000000, 0.3499999999999998113 ) ) ;
#4390 = ORIENTED_EDGE ( 'NONE', *, *, #4768, .F. ) ;
#4391 = SURFACE_STYLE_USAGE ( .BOTH. , #619 ) ;
#4392 = ORIENTED_EDGE ( 'NONE', *, *, #4715, .F. ) ;
#4393 = EDGE_CURVE ( 'NONE', #3113, #9528, #7400, .T. ) ;
#4394 = DIRECTION ( 'NONE',  ( -0.000000000000000000, 1.000000000000000000, -0.000000000000000000 ) ) ;
#4395 = CARTESIAN_POINT ( 'NONE',  ( 9.297373952540061381, 5.194217234909945802, -0.3500000000000003664 ) ) ;
#4396 = LINE ( 'NONE', #5194, #6741 ) ;
#4397 = DIRECTION ( 'NONE',  ( 0.000000000000000000, 0.000000000000000000, -1.000000000000000000 ) ) ;
#4398 = DIRECTION ( 'NONE',  ( 0.000000000000000000, 0.000000000000000000, -1.000000000000000000 ) ) ;
#4399 = ORIENTED_EDGE ( 'NONE', *, *, #1774, .T. ) ;
#4400 =( GEOMETRIC_REPRESENTATION_CONTEXT ( 3 ) GLOBAL_UNCERTAINTY_ASSIGNED_CONTEXT ( ( #5285 ) ) GLOBAL_UNIT_ASSIGNED_CONTEXT ( ( #6619, #5126, #5270 ) ) REPRESENTATION_CONTEXT ( 'NONE', 'WORKASPACE' ) );
#4401 = LINE ( 'NONE', #5923, #9342 ) ;
#4402 = EDGE_CURVE ( 'NONE', #5349, #5011, #2029, .T. ) ;
#4403 = SURFACE_STYLE_FILL_AREA ( #6691 ) ;
#4404 = CARTESIAN_POINT ( 'NONE',  ( 4.292878007498406312, 5.777242093666543177, -0.3500000000000000888 ) ) ;
#4405 = VERTEX_POINT ( 'NONE', #8857 ) ;
#4406 = CARTESIAN_POINT ( 'NONE',  ( 1.540000000000000036, 0.5000000000000000000, -0.3500000000000000888 ) ) ;
#4407 = EDGE_CURVE ( 'NONE', #9336, #9468, #599, .T. ) ;
#4408 = CARTESIAN_POINT ( 'NONE',  ( 3.039999999999998703, 6.084152315493285279, -0.3500000000000001443 ) ) ;
#4409 = ORIENTED_EDGE ( 'NONE', *, *, #3552, .F. ) ;
#4410 = SURFACE_STYLE_USAGE ( .BOTH. , #7240 ) ;
#4411 = VECTOR ( 'NONE', #7033, 1000.000000000000000 ) ;
#4412 = DIRECTION ( 'NONE',  ( -1.000000000000000000, 0.000000000000000000, 0.000000000000000000 ) ) ;
#4413 = CARTESIAN_POINT ( 'NONE',  ( 1.840000000000000524, 0.5000000000000004441, 0.3499999999999998668 ) ) ;
#4414 = CARTESIAN_POINT ( 'NONE',  ( 0.9469369482461342802, 4.039780281224036429, 0.3499999999999999223 ) ) ;
#4415 = CARTESIAN_POINT ( 'NONE',  ( -0.4999999999999985012, 6.299999999999999822, 0.3499999999999999778 ) ) ;
#4416 = DIRECTION ( 'NONE',  ( -1.000000000000000000, 0.000000000000000000, 0.000000000000000000 ) ) ;
#4417 = ORIENTED_EDGE ( 'NONE', *, *, #6332, .T. ) ;
#4418 = SURFACE_STYLE_USAGE ( .BOTH. , #5707 ) ;
#4419 = VECTOR ( 'NONE', #6913, 1000.000000000000000 ) ;
#4420 = CARTESIAN_POINT ( 'NONE',  ( 1.752837746342908343, 5.777005459572334800, -0.3499999999999999778 ) ) ;
#4421 = PLANE ( 'NONE',  #142 ) ;
#4422 = AXIS2_PLACEMENT_3D ( 'NONE', #6903, #9012, #6954 ) ;
#4423 = CARTESIAN_POINT ( 'NONE',  ( 1.000000000000000444, 1.800000000000000488, 0.3499999999999999778 ) ) ;
#4424 = SURFACE_SIDE_STYLE ('',( #708 ) ) ;
#4425 = CARTESIAN_POINT ( 'NONE',  ( 0.7000000000000006217, 0.5000000000000006661, -0.3499999999999999778 ) ) ;
#4426 = ORIENTED_EDGE ( 'NONE', *, *, #5048, .T. ) ;
#4427 = DIRECTION ( 'NONE',  ( -1.000000000000000000, -0.000000000000000000, -0.000000000000000000 ) ) ;
#4428 = DIRECTION ( 'NONE',  ( 0.000000000000000000, 0.000000000000000000, -1.000000000000000000 ) ) ;
#4429 = LINE ( 'NONE', #2176, #8392 ) ;
#4430 = VERTEX_POINT ( 'NONE', #2167 ) ;
#4431 = VECTOR ( 'NONE', #5639, 1000.000000000000000 ) ;
#4432 = ORIENTED_EDGE ( 'NONE', *, *, #1663, .T. ) ;
#4433 = VECTOR ( 'NONE', #6623, 1000.000000000000000 ) ;
#4434 = VECTOR ( 'NONE', #8528, 1000.000000000000000 ) ;
#4435 = FACE_OUTER_BOUND ( 'NONE', #6394, .T. ) ;
#4436 =( NAMED_UNIT ( * ) PLANE_ANGLE_UNIT ( ) SI_UNIT ( $, .RADIAN. ) );
#4437 = CARTESIAN_POINT ( 'NONE',  ( 2.540000000000000036, 6.299999999999999822, 0.3499999999999998668 ) ) ;
#4438 = EDGE_CURVE ( 'NONE', #16, #174, #5167, .T. ) ;
#4439 = FACE_OUTER_BOUND ( 'NONE', #32, .T. ) ;
#4440 = CARTESIAN_POINT ( 'NONE',  ( 3.185466478527304801, 3.877691542223584698, 0.3499999999999998668 ) ) ;
#4441 = STYLED_ITEM ( 'NONE', ( #3547 ), #9029 ) ;
#4442 = CARTESIAN_POINT ( 'NONE',  ( 6.819832123124272449, 5.699693040756021567, 0.3499999999999997558 ) ) ;
#4443 = CARTESIAN_POINT ( 'NONE',  ( -0.6867549326077613259, 0.5000000000000000000, -0.6500000000000013545 ) ) ;
#4444 =( GEOMETRIC_REPRESENTATION_CONTEXT ( 3 ) GLOBAL_UNCERTAINTY_ASSIGNED_CONTEXT ( ( #6441 ) ) GLOBAL_UNIT_ASSIGNED_CONTEXT ( ( #6603, #8804, #1975 ) ) REPRESENTATION_CONTEXT ( 'NONE', 'WORKASPACE' ) );
#4445 = DIRECTION ( 'NONE',  ( 0.000000000000000000, 0.000000000000000000, 1.000000000000000000 ) ) ;
#4446 = ORIENTED_EDGE ( 'NONE', *, *, #6475, .F. ) ;
#4447 = VECTOR ( 'NONE', #6795, 1000.000000000000000 ) ;
#4448 = ORIENTED_EDGE ( 'NONE', *, *, #4572, .T. ) ;
#4449 = AXIS2_PLACEMENT_3D ( 'NONE', #7444, #1427, #7350 ) ;
#4450 = VECTOR ( 'NONE', #5544, 1000.000000000000000 ) ;
#4451 = CARTESIAN_POINT ( 'NONE',  ( 9.514533521472694488, 3.877691542223589138, 0.3499999999999996447 ) ) ;
#4452 = CARTESIAN_POINT ( 'NONE',  ( 9.160000000000001918, 1.800000000000000488, -0.3500000000000003109 ) ) ;
#4453 = DIRECTION ( 'NONE',  ( 1.000000000000000000, -8.673617379884035472E-15, 0.000000000000000000 ) ) ;
#4454 = LINE ( 'NONE', #3083, #3047 ) ;
#4455 =( NAMED_UNIT ( * ) SI_UNIT ( $, .STERADIAN. ) SOLID_ANGLE_UNIT ( ) );
#4456 = ORIENTED_EDGE ( 'NONE', *, *, #1063, .F. ) ;
#4457 = EDGE_CURVE ( 'NONE', #3043, #1886, #5757, .T. ) ;
#4458 = DIRECTION ( 'NONE',  ( -1.000000000000000000, 0.000000000000000000, 0.000000000000000000 ) ) ;
#4459 = AXIS2_PLACEMENT_3D ( 'NONE', #2197, #788, #832 ) ;
#4460 = ORIENTED_EDGE ( 'NONE', *, *, #4667, .T. ) ;
#4461 = CARTESIAN_POINT ( 'NONE',  ( 5.230000000000002203, -3.000000000000000000, 0.3499999999999998113 ) ) ;
#4462 = EDGE_LOOP ( 'NONE', ( #2006, #8968, #5080, #7274 ) ) ;
#4463 =( NAMED_UNIT ( * ) SI_UNIT ( $, .STERADIAN. ) SOLID_ANGLE_UNIT ( ) );
#4464 = STYLED_ITEM ( 'NONE', ( #429 ), #2368 ) ;
#4465 = EDGE_CURVE ( 'NONE', #8996, #3912, #1946, .T. ) ;
#4466 = SURFACE_STYLE_USAGE ( .BOTH. , #1481 ) ;
#4467 =( NAMED_UNIT ( * ) PLANE_ANGLE_UNIT ( ) SI_UNIT ( $, .RADIAN. ) );
#4468 = CARTESIAN_POINT ( 'NONE',  ( 0.9599994152017131688, 3.767448265748726932, 0.3500000000000000333 ) ) ;
#4469 = DIRECTION ( 'NONE',  ( 0.000000000000000000, -0.000000000000000000, -1.000000000000000000 ) ) ;
#4470 = DIRECTION ( 'NONE',  ( -1.000000000000000000, 0.000000000000000000, 0.000000000000000000 ) ) ;
#4471 = EDGE_LOOP ( 'NONE', ( #3444, #2164, #4038, #1174 ) ) ;
#4472 = VECTOR ( 'NONE', #4394, 1000.000000000000000 ) ;
#4473 = LINE ( 'NONE', #3191, #984 ) ;
#4474 = LINE ( 'NONE', #755, #4217 ) ;
#4475 = LINE ( 'NONE', #2123, #5458 ) ;
#4476 = CARTESIAN_POINT ( 'NONE',  ( 6.671102897648887975, 4.001162287970071674, -0.3500000000000003109 ) ) ;
#4477 = CARTESIAN_POINT ( 'NONE',  ( 5.432524015545779683, 5.732672356334978403, 0.3499999999999998113 ) ) ;
#4478 = CARTESIAN_POINT ( 'NONE',  ( 1.840000000000000524, 0.5000000000000004441, -0.3500000000000000888 ) ) ;
#4479 = CARTESIAN_POINT ( 'NONE',  ( -1.000000000000000000, 6.500000000000000888, 0.3499999999999989231 ) ) ;
#4480 = DIRECTION ( 'NONE',  ( 1.000000000000000000, 0.000000000000000000, 0.000000000000000000 ) ) ;
#4481 = ORIENTED_EDGE ( 'NONE', *, *, #4736, .F. ) ;
#4482 = VECTOR ( 'NONE', #3251, 1000.000000000000000 ) ;
#4483 = VERTEX_POINT ( 'NONE', #9647 ) ;
#4484 =( LENGTH_UNIT ( ) NAMED_UNIT ( * ) SI_UNIT ( .MILLI., .METRE. ) );
#4485 = CARTESIAN_POINT ( 'NONE',  ( 5.766754932607761397, 10.39117142264903570, -0.3500000000000017542 ) ) ;
#4486 = CARTESIAN_POINT ( 'NONE',  ( 8.220000000000000639, 6.299999999999999822, -0.3500000000000002554 ) ) ;
#4487 = DIRECTION ( 'NONE',  ( -0.000000000000000000, 4.336808689942016750E-16, 1.000000000000000000 ) ) ;
#4488 = CARTESIAN_POINT ( 'NONE',  ( -0.6867549326077613259, 10.39117142264903570, -0.6500000000000030198 ) ) ;
#4489 = UNCERTAINTY_MEASURE_WITH_UNIT (LENGTH_MEASURE( 1.000000000000000082E-05 ), #649, 'distance_accuracy_value', 'NONE');
#4490 = CARTESIAN_POINT ( 'NONE',  ( 6.619999999999999218, 2.615493535618375276, 0.3499999999999996447 ) ) ;
#4491 = CARTESIAN_POINT ( 'NONE',  ( 11.62999999999999723, 0.5000000000000000000, -0.6499999999999989120 ) ) ;
#4492 = ADVANCED_FACE ( 'NONE', ( #8002 ), #1289, .F. ) ;
#4493 = CIRCLE ( 'NONE', #9160, 0.1999999999999999833 ) ;
#4494 = CARTESIAN_POINT ( 'NONE',  ( 0.4633568989079006606, 1.699999999999997957, -0.3499999999999999778 ) ) ;
#4495 = VERTEX_POINT ( 'NONE', #6082 ) ;
#4496 = FILL_AREA_STYLE_COLOUR ( '', #5236 ) ;
#4497 = ADVANCED_FACE ( 'NONE', ( #8958 ), #2265, .F. ) ;
#4498 = ORIENTED_EDGE ( 'NONE', *, *, #3171, .T. ) ;
#4499 = AXIS2_PLACEMENT_3D ( 'NONE', #6571, #3481, #6485 ) ;
#4500 =( GEOMETRIC_REPRESENTATION_CONTEXT ( 3 ) GLOBAL_UNCERTAINTY_ASSIGNED_CONTEXT ( ( #1258 ) ) GLOBAL_UNIT_ASSIGNED_CONTEXT ( ( #7474, #3751, #6726 ) ) REPRESENTATION_CONTEXT ( 'NONE', 'WORKASPACE' ) );
#4501 = DIRECTION ( 'NONE',  ( -0.000000000000000000, 0.000000000000000000, 1.000000000000000000 ) ) ;
#4502 = CARTESIAN_POINT ( 'NONE',  ( 5.080000000000000071, 0.5000000000000005551, -0.3500000000000001443 ) ) ;
#4503 = CARTESIAN_POINT ( 'NONE',  ( 5.430000000000000604, 0.5000000000000005551, 0.3499999999999998113 ) ) ;
#4504 = PLANE ( 'NONE',  #175 ) ;
#4505 = CARTESIAN_POINT ( 'NONE',  ( 3.482500029944759934, 4.124619419408675824, -0.3500000000000000888 ) ) ;
#4506 = DIRECTION ( 'NONE',  ( -0.000000000000000000, -0.000000000000000000, -1.000000000000000000 ) ) ;
#4507 = VERTEX_POINT ( 'NONE', #9099 ) ;
#4508 = CARTESIAN_POINT ( 'NONE',  ( 7.941845733883979186, 5.626229152235330488, 0.3499999999999997002 ) ) ;
#4509 = AXIS2_PLACEMENT_3D ( 'NONE', #3969, #2218, #6621 ) ;
#4510 = LINE ( 'NONE', #178, #6484 ) ;
#4511 = CARTESIAN_POINT ( 'NONE',  ( 4.351497947711107095, 6.125528511109508578, -0.3500000000000001443 ) ) ;
#4512 = ORIENTED_EDGE ( 'NONE', *, *, #7442, .T. ) ;
#4513 = LINE ( 'NONE', #2251, #3348 ) ;
#4514 = EDGE_LOOP ( 'NONE', ( #3174, #2853, #6779, #8054 ) ) ;
#4515 = CARTESIAN_POINT ( 'NONE',  ( 6.080000000000000071, 6.500000000000000888, -0.3500000000000010880 ) ) ;
#4516 = LINE ( 'NONE', #2396, #2083 ) ;
#4517 = EDGE_CURVE ( 'NONE', #4507, #8226, #4473, .T. ) ;
#4518 = DIRECTION ( 'NONE',  ( -3.097720492815726426E-17, 1.000000000000000000, 0.000000000000000000 ) ) ;
#4519 = CARTESIAN_POINT ( 'NONE',  ( 0.9452969371955494138, 4.071564961060394339, 0.3500000000000000333 ) ) ;
#4520 = ORIENTED_EDGE ( 'NONE', *, *, #3171, .F. ) ;
#4521 = PLANE ( 'NONE',  #5545 ) ;
#4522 = MECHANICAL_DESIGN_GEOMETRIC_PRESENTATION_REPRESENTATION (  '', ( #7318 ), #3886 ) ;
#4523 =( NAMED_UNIT ( * ) SI_UNIT ( $, .STERADIAN. ) SOLID_ANGLE_UNIT ( ) );
#4524 = ADVANCED_FACE ( 'NONE', ( #5979 ), #6624, .T. ) ;
#4525 = CARTESIAN_POINT ( 'NONE',  ( 5.867162253657094872, 5.777005459572333912, 0.3499999999999998668 ) ) ;
#4526 = DIRECTION ( 'NONE',  ( 0.000000000000000000, 0.000000000000000000, -1.000000000000000000 ) ) ;
#4527 = SURFACE_STYLE_FILL_AREA ( #3884 ) ;
#4528 = LINE ( 'NONE', #8963, #3850 ) ;
#4529 = CARTESIAN_POINT ( 'NONE',  ( -0.9999999999999995559, 1.800000000000000488, -0.3499999999999999778 ) ) ;
#4530 = CARTESIAN_POINT ( 'NONE',  ( 11.02961524227066725, 8.500000000000000000, 0.8696152422706663332 ) ) ;
#4531 = EDGE_CURVE ( 'NONE', #6602, #4239, #3146, .T. ) ;
#4532 = VERTEX_POINT ( 'NONE', #6127 ) ;
#4533 = EDGE_CURVE ( 'NONE', #7414, #1204, #985, .T. ) ;
#4534 = VECTOR ( 'NONE', #5281, 1000.000000000000114 ) ;
#4535 = ORIENTED_EDGE ( 'NONE', *, *, #3147, .T. ) ;
#4536 = CARTESIAN_POINT ( 'NONE',  ( 4.080000000000000071, 6.500000000000000888, -0.3500000000000010880 ) ) ;
#4537 = VERTEX_POINT ( 'NONE', #4074 ) ;
#4538 = CARTESIAN_POINT ( 'NONE',  ( 8.407162253657096684, 5.777005459572332136, 0.3499999999999997002 ) ) ;
#4539 = CARTESIAN_POINT ( 'NONE',  ( 6.858779213129837515, 5.920464898423917433, 0.3499999999999997002 ) ) ;
#4540 = SURFACE_STYLE_USAGE ( .BOTH. , #3747 ) ;
#4541 = LINE ( 'NONE', #823, #6211 ) ;
#4542 = VECTOR ( 'NONE', #2658, 1000.000000000000000 ) ;
#4543 = ORIENTED_EDGE ( 'NONE', *, *, #9039, .T. ) ;
#4544 = CARTESIAN_POINT ( 'NONE',  ( 10.84675493260776236, 6.500000000000000888, -0.6500000000000017986 ) ) ;
#4545 = ORIENTED_EDGE ( 'NONE', *, *, #9553, .F. ) ;
#4546 = VECTOR ( 'NONE', #2162, 1000.000000000000000 ) ;
#4547 = EDGE_CURVE ( 'NONE', #2345, #7115, #3978, .T. ) ;
#4548 = PLANE ( 'NONE',  #4303 ) ;
#4549 = CARTESIAN_POINT ( 'NONE',  ( 7.970000000000001528, 0.5000000000000005551, 0.3499999999999997002 ) ) ;
#4550 = FACE_OUTER_BOUND ( 'NONE', #2917, .T. ) ;
#4551 = CARTESIAN_POINT ( 'NONE',  ( 3.380388738771240575, 5.398486016527106912, -0.3500000000000000888 ) ) ;
#4552 = ORIENTED_EDGE ( 'NONE', *, *, #7303, .T. ) ;
#4553 = CARTESIAN_POINT ( 'NONE',  ( 1.940000000000000613, 6.299999999999999822, 0.3849999999999998979 ) ) ;
#4554 = DIRECTION ( 'NONE',  ( -0.000000000000000000, -1.000000000000000000, 1.668003342285391551E-16 ) ) ;
#4555 = ORIENTED_EDGE ( 'NONE', *, *, #2216, .T. ) ;
#4556 = LINE ( 'NONE', #884, #5374 ) ;
#4557 = ORIENTED_EDGE ( 'NONE', *, *, #9209, .F. ) ;
#4558 = CARTESIAN_POINT ( 'NONE',  ( 6.933245067392238781, 6.500000000000000888, -0.6500000000000017986 ) ) ;
#4559 = LINE ( 'NONE', #890, #1305 ) ;
#4560 = CARTESIAN_POINT ( 'NONE',  ( -1.469999999999999973, 0.000000000000000000, -1.199999999999999956 ) ) ;
#4561 = EDGE_CURVE ( 'NONE', #872, #1845, #1878, .T. ) ;
#4562 = DIRECTION ( 'NONE',  ( 3.097720492815726426E-17, -1.000000000000000000, 0.000000000000000000 ) ) ;
#4563 = DIRECTION ( 'NONE',  ( 1.000000000000000000, 0.000000000000000000, 0.000000000000000000 ) ) ;
#4564 = CARTESIAN_POINT ( 'NONE',  ( 1.639306504786380403, 4.786369049942375220, 0.3499999999999998668 ) ) ;
#4565 = ORIENTED_EDGE ( 'NONE', *, *, #7273, .F. ) ;
#4566 = FILL_AREA_STYLE_COLOUR ( '', #3815 ) ;
#4567 = CARTESIAN_POINT ( 'NONE',  ( 6.620000000000000107, 6.299999999999999822, -0.3850000000000001199 ) ) ;
#4568 = AXIS2_PLACEMENT_3D ( 'NONE', #8155, #5186, #8113 ) ;
#4569 = CARTESIAN_POINT ( 'NONE',  ( -1.469999999999999973, 8.500000000000000000, -1.199999999999999956 ) ) ;
#4570 = SURFACE_SIDE_STYLE ('',( #4527 ) ) ;
#4571 = DIRECTION ( 'NONE',  ( 0.000000000000000000, 0.000000000000000000, 1.000000000000000000 ) ) ;
#4572 = EDGE_CURVE ( 'NONE', #9484, #947, #3177, .T. ) ;
#4573 = COLOUR_RGB ( '',0.8313725490196077761, 0.6705882352941175961, 0.1294117647058823373 ) ;
#4574 = EDGE_CURVE ( 'NONE', #3113, #848, #1089, .T. ) ;
#4575 = CARTESIAN_POINT ( 'NONE',  ( 0.04999999999999996808, 8.026794919243110726, 0.04999999999999991257 ) ) ;
#4576 = LINE ( 'NONE', #812, #7880 ) ;
#4577 = ORIENTED_EDGE ( 'NONE', *, *, #1280, .F. ) ;
#4578 = ORIENTED_EDGE ( 'NONE', *, *, #6546, .F. ) ;
#4579 = VECTOR ( 'NONE', #6968, 1000.000000000000000 ) ;
#4580 = DIRECTION ( 'NONE',  ( 0.000000000000000000, -0.000000000000000000, -1.000000000000000000 ) ) ;
#4581 = LINE ( 'NONE', #8385, #3699 ) ;
#4582 = EDGE_CURVE ( 'NONE', #79, #5993, #7251, .T. ) ;
#4583 = EDGE_LOOP ( 'NONE', ( #1716, #168, #5383, #608 ) ) ;
#4584 = CARTESIAN_POINT ( 'NONE',  ( 2.540000000000000036, 0.5000000000000005551, -0.3500000000000000888 ) ) ;
#4585 = EDGE_CURVE ( 'NONE', #7657, #1845, #8563, .T. ) ;
#4586 = CARTESIAN_POINT ( 'NONE',  ( 6.845852863327321458, 5.851685420754310307, 0.3499999999999997558 ) ) ;
#4587 = DIRECTION ( 'NONE',  ( -0.000000000000000000, 1.000000000000000000, -0.000000000000000000 ) ) ;
#4588 = VECTOR ( 'NONE', #8243, 1000.000000000000000 ) ;
#4589 = ORIENTED_EDGE ( 'NONE', *, *, #3979, .T. ) ;
#4590 = ORIENTED_EDGE ( 'NONE', *, *, #8504, .T. ) ;
#4591 = VECTOR ( 'NONE', #6881, 1000.000000000000000 ) ;
#4592 = EDGE_CURVE ( 'NONE', #5781, #8219, #1923, .T. ) ;
#4593 = MECHANICAL_DESIGN_GEOMETRIC_PRESENTATION_REPRESENTATION (  '', ( #9111 ), #3038 ) ;
#4594 = CARTESIAN_POINT ( 'NONE',  ( 8.083356898907899435, 1.699999999999999734, 0.3499999999999997558 ) ) ;
#4595 = VECTOR ( 'NONE', #5782, 1000.000000000000000 ) ;
#4596 = SURFACE_STYLE_USAGE ( .BOTH. , #73 ) ;
#4597 = ORIENTED_EDGE ( 'NONE', *, *, #90, .T. ) ;
#4598 = FILL_AREA_STYLE ('',( #8990 ) ) ;
#4599 = CARTESIAN_POINT ( 'NONE',  ( 4.290396961982261281, 5.762359718947903886, -0.3500000000000001443 ) ) ;
#4600 = ORIENTED_EDGE ( 'NONE', *, *, #9599, .T. ) ;
#4601 = LINE ( 'NONE', #1527, #5713 ) ;
#4602 = COLOUR_RGB ( '',0.8313725490196077761, 0.6705882352941175961, 0.1294117647058823373 ) ;
#4603 = VERTEX_POINT ( 'NONE', #7001 ) ;
#4604 =( GEOMETRIC_REPRESENTATION_CONTEXT ( 3 ) GLOBAL_UNCERTAINTY_ASSIGNED_CONTEXT ( ( #9360 ) ) GLOBAL_UNIT_ASSIGNED_CONTEXT ( ( #3875, #7587, #6123 ) ) REPRESENTATION_CONTEXT ( 'NONE', 'WORKASPACE' ) );
#4605 = VECTOR ( 'NONE', #1134, 1000.000000000000000 ) ;
#4606 = LINE ( 'NONE', #4515, #4447 ) ;
#4607 = LINE ( 'NONE', #7043, #4004 ) ;
#4608 = DIRECTION ( 'NONE',  ( 0.000000000000000000, 0.000000000000000000, -1.000000000000000000 ) ) ;
#4609 = VERTEX_POINT ( 'NONE', #343 ) ;
#4610 = CARTESIAN_POINT ( 'NONE',  ( 10.62335689890790036, 1.699999999999999734, 0.3499999999999997002 ) ) ;
#4611 = CARTESIAN_POINT ( 'NONE',  ( 0.8615757348916189828, 5.204467366490783675, 0.3500000000000000333 ) ) ;
#4612 = EDGE_CURVE ( 'NONE', #9299, #8171, #7153, .T. ) ;
#4613 = SURFACE_STYLE_USAGE ( .BOTH. , #1636 ) ;
#4614 = CARTESIAN_POINT ( 'NONE',  ( -0.9999999999999995559, 1.800000000000000488, 0.3499999999999999778 ) ) ;
#4615 = ORIENTED_EDGE ( 'NONE', *, *, #4873, .F. ) ;
#4616 = CARTESIAN_POINT ( 'NONE',  ( 3.505000000000001226, -1.575000000000006173, 0.3499999999999998113 ) ) ;
#4617 = FILL_AREA_STYLE ('',( #6703 ) ) ;
#4618 = EDGE_CURVE ( 'NONE', #1395, #8059, #5547, .T. ) ;
#4619 = VECTOR ( 'NONE', #8358, 1000.000000000000000 ) ;
#4620 = CARTESIAN_POINT ( 'NONE',  ( 4.729999999999999538, 8.000000000000000000, 0.3499999999999999778 ) ) ;
#4621 = CARTESIAN_POINT ( 'NONE',  ( 5.579999999999999183, 6.084152315493285279, 0.3499999999999998113 ) ) ;
#4622 = DIRECTION ( 'NONE',  ( -0.000000000000000000, -1.000000000000000000, 1.668003342285391551E-16 ) ) ;
#4623 = VECTOR ( 'NONE', #2046, 1000.000000000000000 ) ;
#4624 = DIRECTION ( 'NONE',  ( -0.000000000000000000, -0.000000000000000000, -1.000000000000000000 ) ) ;
#4625 = VERTEX_POINT ( 'NONE', #6327 ) ;
#4626 = ORIENTED_EDGE ( 'NONE', *, *, #4187, .F. ) ;
#4627 = MECHANICAL_DESIGN_GEOMETRIC_PRESENTATION_REPRESENTATION (  '', ( #8227 ), #8068 ) ;
#4628 = PRESENTATION_STYLE_ASSIGNMENT (( #3207 ) ) ;
#4629 = LINE ( 'NONE', #162, #8832 ) ;
#4630 = ORIENTED_EDGE ( 'NONE', *, *, #2650, .F. ) ;
#4631 = DIRECTION ( 'NONE',  ( 0.000000000000000000, 0.000000000000000000, 1.000000000000000000 ) ) ;
#4632 = VECTOR ( 'NONE', #7705, 1000.000000000000000 ) ;
#4633 = VECTOR ( 'NONE', #3179, 1000.000000000000000 ) ;
#4634 = ORIENTED_EDGE ( 'NONE', *, *, #6970, .F. ) ;
#4635 = ORIENTED_EDGE ( 'NONE', *, *, #4187, .T. ) ;
#4636 = VECTOR ( 'NONE', #6038, 1000.000000000000000 ) ;
#4637 = CARTESIAN_POINT ( 'NONE',  ( 4.080000000000000071, 6.500000000000000888, 0.3499999999999989231 ) ) ;
#4638 = CARTESIAN_POINT ( 'NONE',  ( 9.473245067392239704, 8.000000000000000000, -0.6500000000000030198 ) ) ;
#4639 = AXIS2_PLACEMENT_3D ( 'NONE', #6443, #8687, #7917 ) ;
#4640 = FACE_OUTER_BOUND ( 'NONE', #9363, .T. ) ;
#4641 = DIRECTION ( 'NONE',  ( 0.000000000000000000, 0.000000000000000000, -1.000000000000000000 ) ) ;
#4642 = CARTESIAN_POINT ( 'NONE',  ( 3.540000000000001368, 2.615493535622417376, -0.3500000000000001443 ) ) ;
#4643 = ORIENTED_EDGE ( 'NONE', *, *, #3728, .F. ) ;
#4644 = CARTESIAN_POINT ( 'NONE',  ( 10.68184573388398029, 5.626229152235330488, 0.3499999999999996447 ) ) ;
#4645 =( NAMED_UNIT ( * ) PLANE_ANGLE_UNIT ( ) SI_UNIT ( $, .RADIAN. ) );
#4646 = FACE_OUTER_BOUND ( 'NONE', #7706, .T. ) ;
#4647 = EDGE_LOOP ( 'NONE', ( #4634, #8643, #4578, #263 ) ) ;
#4648 = SURFACE_SIDE_STYLE ('',( #5393 ) ) ;
#4649 = AXIS2_PLACEMENT_3D ( 'NONE', #6719, #8017, #2978 ) ;
#4650 = EDGE_LOOP ( 'NONE', ( #5926, #7222, #6220, #5107 ) ) ;
#4651 = EDGE_CURVE ( 'NONE', #1705, #9336, #4922, .T. ) ;
#4652 = LINE ( 'NONE', #4558, #1406 ) ;
#4653 = FILL_AREA_STYLE_COLOUR ( '', #2133 ) ;
#4654 = SURFACE_STYLE_FILL_AREA ( #9137 ) ;
#4655 =( NAMED_UNIT ( * ) SI_UNIT ( $, .STERADIAN. ) SOLID_ANGLE_UNIT ( ) );
#4656 = STYLED_ITEM ( 'NONE', ( #8445 ), #1078 ) ;
#4657 = ORIENTED_EDGE ( 'NONE', *, *, #5143, .F. ) ;
#4658 = SURFACE_STYLE_FILL_AREA ( #3819 ) ;
#4659 = CYLINDRICAL_SURFACE ( 'NONE', #3407, 0.2999999999999999334 ) ;
#4660 = CARTESIAN_POINT ( 'NONE',  ( -0.5999999999999996447, 6.299999999999999822, -0.3499999999999999778 ) ) ;
#4661 = CARTESIAN_POINT ( 'NONE',  ( 0.6867549326077613259, 0.5000000000000000000, -0.6500000000000013545 ) ) ;
#4662 = VERTEX_POINT ( 'NONE', #2606 ) ;
#4663 = DIRECTION ( 'NONE',  ( 0.000000000000000000, -0.000000000000000000, -1.000000000000000000 ) ) ;
#4664 = DIRECTION ( 'NONE',  ( 0.000000000000000000, 1.000000000000000000, -3.097720492815727166E-16 ) ) ;
#4665 =( GEOMETRIC_REPRESENTATION_CONTEXT ( 3 ) GLOBAL_UNCERTAINTY_ASSIGNED_CONTEXT ( ( #6481 ) ) GLOBAL_UNIT_ASSIGNED_CONTEXT ( ( #2994, #3084, #6161 ) ) REPRESENTATION_CONTEXT ( 'NONE', 'WORKASPACE' ) );
#4666 = UNCERTAINTY_MEASURE_WITH_UNIT (LENGTH_MEASURE( 1.000000000000000082E-05 ), #6784, 'distance_accuracy_value', 'NONE');
#4667 = EDGE_CURVE ( 'NONE', #7463, #5011, #299, .T. ) ;
#4668 = CARTESIAN_POINT ( 'NONE',  ( 7.972524015545777942, 5.732672356334978403, 0.3499999999999997002 ) ) ;
#4669 = DIRECTION ( 'NONE',  ( -0.000000000000000000, 0.000000000000000000, 1.000000000000000000 ) ) ;
#4670 = CARTESIAN_POINT ( 'NONE',  ( 3.039999999999998259, 6.084152315493285279, -0.3500000000000000888 ) ) ;
#4671 = EDGE_CURVE ( 'NONE', #5355, #1488, #1036, .T. ) ;
#4672 = CARTESIAN_POINT ( 'NONE',  ( 1.940000000000000613, 6.299999999999999822, -0.3500000000000000888 ) ) ;
#4673 = DIRECTION ( 'NONE',  ( -0.4999999999999997780, -0.8660254037844388186, 0.000000000000000000 ) ) ;
#4674 =( LENGTH_UNIT ( ) NAMED_UNIT ( * ) SI_UNIT ( .MILLI., .METRE. ) );
#4675 = CARTESIAN_POINT ( 'NONE',  ( 2.540000000000000036, 6.299999999999999822, 0.3499999999999998668 ) ) ;
#4676 = ORIENTED_EDGE ( 'NONE', *, *, #8611, .F. ) ;
#4677 = ORIENTED_EDGE ( 'NONE', *, *, #3930, .T. ) ;
#4678 = DIRECTION ( 'NONE',  ( 1.000000000000000000, 1.084202172485504434E-16, 0.000000000000000000 ) ) ;
#4679 = DIRECTION ( 'NONE',  ( -0.7071067811865475727, 0.7071067811865475727, 0.000000000000000000 ) ) ;
#4680 = ORIENTED_EDGE ( 'NONE', *, *, #3540, .T. ) ;
#4681 = DIRECTION ( 'NONE',  ( -0.000000000000000000, -0.000000000000000000, 1.000000000000000000 ) ) ;
#4682 = EDGE_CURVE ( 'NONE', #2511, #6984, #7881, .T. ) ;
#4683 = COLOUR_RGB ( '',0.8313725490196077761, 0.6705882352941175961, 0.1294117647058823373 ) ;
#4684 = PLANE ( 'NONE',  #8011 ) ;
#4685 = ORIENTED_EDGE ( 'NONE', *, *, #5813, .T. ) ;
#4686 = ORIENTED_EDGE ( 'NONE', *, *, #2542, .T. ) ;
#4687 = VECTOR ( 'NONE', #1987, 1000.000000000000000 ) ;
#4688 = CARTESIAN_POINT ( 'NONE',  ( 1.853245067392238710, 8.000000000000000000, -0.6500000000000030198 ) ) ;
#4689 = CARTESIAN_POINT ( 'NONE',  ( 11.62999999999999723, 0.000000000000000000, -0.6499999999999991340 ) ) ;
#4690 = DIRECTION ( 'NONE',  ( -1.000000000000000000, -1.084202172485504434E-16, 0.000000000000000000 ) ) ;
#4691 = ORIENTED_EDGE ( 'NONE', *, *, #5848, .T. ) ;
#4692 = SURFACE_STYLE_FILL_AREA ( #4798 ) ;
#4693 = EDGE_CURVE ( 'NONE', #4854, #3302, #1772, .T. ) ;
#4695 = EDGE_CURVE ( 'NONE', #6869, #2462, #7740, .T. ) ;
#4694 = CARTESIAN_POINT ( 'NONE',  ( 10.99145340008423588, 5.476966929918535065, 0.3499999999999996447 ) ) ;
#4696 = PLANE ( 'NONE',  #4044 ) ;
#4697 = VERTEX_POINT ( 'NONE', #9340 ) ;
#4698 =( GEOMETRIC_REPRESENTATION_CONTEXT ( 3 ) GLOBAL_UNCERTAINTY_ASSIGNED_CONTEXT ( ( #7755 ) ) GLOBAL_UNIT_ASSIGNED_CONTEXT ( ( #198, #6901, #988 ) ) REPRESENTATION_CONTEXT ( 'NONE', 'WORKASPACE' ) );
#4699 = VERTEX_POINT ( 'NONE', #9237 ) ;
#4700 = COLOUR_RGB ( '',0.8313725490196077761, 0.6705882352941175961, 0.1294117647058823373 ) ;
#4701 = PRESENTATION_STYLE_ASSIGNMENT (( #5396 ) ) ;
#4702 = CARTESIAN_POINT ( 'NONE',  ( 0.6867549326077613259, 0.5000000000000000000, -0.6500000000000013545 ) ) ;
#4703 = CARTESIAN_POINT ( 'NONE',  ( 4.580000000000001847, 6.299999999999999822, -0.3500000000000001443 ) ) ;
#4704 = SURFACE_STYLE_USAGE ( .BOTH. , #2968 ) ;
#4705 = ADVANCED_FACE ( 'NONE', ( #8516 ), #4818, .T. ) ;
#4706 = EDGE_LOOP ( 'NONE', ( #4382, #5483, #8071, #8527 ) ) ;
#4707 = CARTESIAN_POINT ( 'NONE',  ( 9.834744180118196510, 5.589454083063165157, 0.3499999999999996447 ) ) ;
#4708 = EDGE_CURVE ( 'NONE', #1747, #7464, #9588, .T. ) ;
#4709 = CARTESIAN_POINT ( 'NONE',  ( 0.4481930454221421667, 5.884855341312110077, -0.3499999999999999778 ) ) ;
#4710 = DIRECTION ( 'NONE',  ( 0.000000000000000000, 1.668003342285388099E-16, 1.000000000000000000 ) ) ;
#4711 = ORIENTED_EDGE ( 'NONE', *, *, #3951, .T. ) ;
#4712 = CARTESIAN_POINT ( 'NONE',  ( 9.379430448028449163, 5.815522798723463005, 0.3499999999999997558 ) ) ;
#4713 = CARTESIAN_POINT ( 'NONE',  ( 6.974533521472694453, 3.877691542223589138, 0.3499999999999997002 ) ) ;
#4714 = UNCERTAINTY_MEASURE_WITH_UNIT (LENGTH_MEASURE( 1.000000000000000082E-05 ), #284, 'distance_accuracy_value', 'NONE');
#4715 = EDGE_CURVE ( 'NONE', #767, #2378, #4312, .T. ) ;
#4716 = DIRECTION ( 'NONE',  ( -1.121588454295349780E-16, 1.000000000000000000, 0.000000000000000000 ) ) ;
#4717 = DIRECTION ( 'NONE',  ( 1.000000000000000000, 0.000000000000000000, 0.000000000000000000 ) ) ;
#4718 = CARTESIAN_POINT ( 'NONE',  ( 2.040000000000001812, 6.299999999999999822, -0.3500000000000000888 ) ) ;
#4719 = CARTESIAN_POINT ( 'NONE',  ( 10.82626621115081633, 6.298959448224885627, 0.3499999999999997002 ) ) ;
#4720 = CARTESIAN_POINT ( 'NONE',  ( 5.780000000000001137, 0.5000000000000006661, 0.3499999999999998113 ) ) ;
#4721 = CARTESIAN_POINT ( 'NONE',  ( 11.16000000000000192, 1.800000000000000488, -0.3500000000000003109 ) ) ;
#4722 = DIRECTION ( 'NONE',  ( -0.000000000000000000, -0.000000000000000000, -1.000000000000000000 ) ) ;
#4723 =( GEOMETRIC_REPRESENTATION_CONTEXT ( 3 ) GLOBAL_UNCERTAINTY_ASSIGNED_CONTEXT ( ( #6721 ) ) GLOBAL_UNIT_ASSIGNED_CONTEXT ( ( #3578, #2862, #2114 ) ) REPRESENTATION_CONTEXT ( 'NONE', 'WORKASPACE' ) );
#4724 = ORIENTED_EDGE ( 'NONE', *, *, #4983, .F. ) ;
#4725 = UNCERTAINTY_MEASURE_WITH_UNIT (LENGTH_MEASURE( 1.000000000000000082E-05 ), #8090, 'distance_accuracy_value', 'NONE');
#4726 = CARTESIAN_POINT ( 'NONE',  ( 0.000000000000000000, 0.000000000000000000, 0.3499999999999999778 ) ) ;
#4727 = ORIENTED_EDGE ( 'NONE', *, *, #844, .F. ) ;
#4728 = ORIENTED_EDGE ( 'NONE', *, *, #3676, .T. ) ;
#4729 = CARTESIAN_POINT ( 'NONE',  ( 0.6867549326077613259, 0.5000000000000000000, -0.3500000000000000888 ) ) ;
#4730 = VECTOR ( 'NONE', #3027, 1000.000000000000000 ) ;
#4731 = VERTEX_POINT ( 'NONE', #539 ) ;
#4732 = SURFACE_SIDE_STYLE ('',( #2330 ) ) ;
#4733 = VERTEX_POINT ( 'NONE', #8039 ) ;
#4734 = AXIS2_PLACEMENT_3D ( 'NONE', #7763, #3944, #62 ) ;
#4735 = EDGE_LOOP ( 'NONE', ( #6348, #8930, #3759, #6838, #1566, #2590, #1639, #4742, #5759, #5338, #8114, #8198, #8676, #3998, #7447, #4131, #6504, #6574, #4801, #1250, #1791 ) ) ;
#4736 = EDGE_CURVE ( 'NONE', #963, #2809, #7995, .T. ) ;
#4737 = SURFACE_STYLE_FILL_AREA ( #1068 ) ;
#4738 = FILL_AREA_STYLE_COLOUR ( '', #568 ) ;
#4739 = CARTESIAN_POINT ( 'NONE',  ( 6.620000000000000995, 1.800000000000000488, -0.3500000000000002554 ) ) ;
#4740 = MECHANICAL_DESIGN_GEOMETRIC_PRESENTATION_REPRESENTATION (  '', ( #7701 ), #4926 ) ;
#4741 = SURFACE_STYLE_FILL_AREA ( #1751 ) ;
#4742 = ORIENTED_EDGE ( 'NONE', *, *, #9338, .T. ) ;
#4743 = VECTOR ( 'NONE', #6658, 1000.000000000000000 ) ;
#4744 = CARTESIAN_POINT ( 'NONE',  ( 5.401845733883980039, 5.626229152235330488, -1.681754820221790643E-16 ) ) ;
#4745 = DIRECTION ( 'NONE',  ( 0.000000000000000000, 0.000000000000000000, -1.000000000000000000 ) ) ;
#4746 = FILL_AREA_STYLE_COLOUR ( '', #3880 ) ;
#4747 = ORIENTED_EDGE ( 'NONE', *, *, #5320, .T. ) ;
#4748 = EDGE_CURVE ( 'NONE', #6715, #2543, #4259, .T. ) ;
#4749 = ORIENTED_EDGE ( 'NONE', *, *, #2943, .T. ) ;
#4750 = MECHANICAL_DESIGN_GEOMETRIC_PRESENTATION_REPRESENTATION (  '', ( #8332 ), #989 ) ;
#4751 = VECTOR ( 'NONE', #8072, 1000.000000000000000 ) ;
#4752 = SURFACE_SIDE_STYLE ('',( #7784 ) ) ;
#4753 = EDGE_CURVE ( 'NONE', #6070, #4891, #6512, .T. ) ;
#4754 = DIRECTION ( 'NONE',  ( -0.000000000000000000, -0.000000000000000000, -1.000000000000000000 ) ) ;
#4755 = CARTESIAN_POINT ( 'NONE',  ( 3.414994129385570343, 5.069026963384445139, 0.3499999999999997558 ) ) ;
#4756 = FILL_AREA_STYLE ('',( #9229 ) ) ;
#4757 = EDGE_LOOP ( 'NONE', ( #5922, #1559, #6266, #4409 ) ) ;
#4758 = DIRECTION ( 'NONE',  ( 0.000000000000000000, -1.000000000000000000, 0.000000000000000000 ) ) ;
#4759 = VECTOR ( 'NONE', #8589, 1000.000000000000000 ) ;
#4760 = DIRECTION ( 'NONE',  ( -3.097720492815726426E-17, 1.000000000000000000, 0.000000000000000000 ) ) ;
#4761 = CARTESIAN_POINT ( 'NONE',  ( 5.430000000000000604, 0.5000000000000005551, -0.3500000000000001443 ) ) ;
#4762 = CARTESIAN_POINT ( 'NONE',  ( 4.080000000000000071, 1.800000000000000488, -0.3500000000000001443 ) ) ;
#4763 = EDGE_LOOP ( 'NONE', ( #3447, #3500, #5783, #1530 ) ) ;
#4764 = CARTESIAN_POINT ( 'NONE',  ( 11.62999999999999723, 0.5000000000000000000, -0.6499999999999989120 ) ) ;
#4765 =( LENGTH_UNIT ( ) NAMED_UNIT ( * ) SI_UNIT ( .MILLI., .METRE. ) );
#4766 = DIRECTION ( 'NONE',  ( 0.000000000000000000, 0.000000000000000000, -1.000000000000000000 ) ) ;
#4767 = STYLED_ITEM ( 'NONE', ( #8134 ), #9292 ) ;
#4768 = EDGE_CURVE ( 'NONE', #2985, #3433, #2159, .T. ) ;
#4769 = DIRECTION ( 'NONE',  ( -3.097720492815726426E-17, 1.000000000000000000, 0.000000000000000000 ) ) ;
#4770 = SURFACE_STYLE_USAGE ( .BOTH. , #1039 ) ;
#4771 = CYLINDRICAL_SURFACE ( 'NONE', #3913, 0.1999999999999996503 ) ;
#4772 = CARTESIAN_POINT ( 'NONE',  ( -0.3499999999999990896, -2.800000000000001155, 0.3499999999999999778 ) ) ;
#4773 = CARTESIAN_POINT ( 'NONE',  ( 6.675723020487990489, 4.091073788932124700, 0.3499999999999997002 ) ) ;
#4774 = CARTESIAN_POINT ( 'NONE',  ( 4.480000000000000426, 6.299999999999999822, -0.1166666666666669044 ) ) ;
#4775 = PLANE ( 'NONE',  #3843 ) ;
#4776 = DIRECTION ( 'NONE',  ( 0.000000000000000000, 1.000000000000000000, -1.668003342285391551E-16 ) ) ;
#4777 = FILL_AREA_STYLE_COLOUR ( '', #4683 ) ;
#4778 = MECHANICAL_DESIGN_GEOMETRIC_PRESENTATION_REPRESENTATION (  '', ( #4464 ), #1329 ) ;
#4779 = EDGE_LOOP ( 'NONE', ( #4460, #5291, #2341, #1058 ) ) ;
#4780 = DIRECTION ( 'NONE',  ( -1.000000000000000000, -0.000000000000000000, -0.000000000000000000 ) ) ;
#4781 = ORIENTED_EDGE ( 'NONE', *, *, #987, .F. ) ;
#4782 = ADVANCED_FACE ( 'NONE', ( #4214 ), #8129, .F. ) ;
#4783 = CARTESIAN_POINT ( 'NONE',  ( 8.620000000000000995, 1.800000000000000488, 0.3849999999999996758 ) ) ;
#4784 = CARTESIAN_POINT ( 'NONE',  ( 11.16000000000000192, 6.299999999999999822, 0.1283333333333329662 ) ) ;
#4785 =( GEOMETRIC_REPRESENTATION_CONTEXT ( 3 ) GLOBAL_UNCERTAINTY_ASSIGNED_CONTEXT ( ( #1941 ) ) GLOBAL_UNIT_ASSIGNED_CONTEXT ( ( #7572, #6831, #1749 ) ) REPRESENTATION_CONTEXT ( 'NONE', 'WORKASPACE' ) );
#4786 = ORIENTED_EDGE ( 'NONE', *, *, #3209, .T. ) ;
#4787 = CARTESIAN_POINT ( 'NONE',  ( 1.540000000000000036, 6.500000000000000888, -0.3500000000000010880 ) ) ;
#4788 = ORIENTED_EDGE ( 'NONE', *, *, #328, .F. ) ;
#4789 = AXIS2_PLACEMENT_3D ( 'NONE', #3111, #3735, #3686 ) ;
#4790 = ORIENTED_EDGE ( 'NONE', *, *, #8980, .T. ) ;
#4791 = CARTESIAN_POINT ( 'NONE',  ( -0.9460868014086029065, 4.056300144720209389, -0.3500000000000000888 ) ) ;
#4792 = EDGE_CURVE ( 'NONE', #556, #939, #2109, .T. ) ;
#4793 =( LENGTH_UNIT ( ) NAMED_UNIT ( * ) SI_UNIT ( .MILLI., .METRE. ) );
#4794 = DIRECTION ( 'NONE',  ( -3.872150616019656492E-17, -0.8660254037844388186, -0.4999999999999997224 ) ) ;
#4795 = VECTOR ( 'NONE', #9387, 1000.000000000000000 ) ;
#4796 = CARTESIAN_POINT ( 'NONE',  ( 5.432524015545779683, 5.732672356334978403, -0.3500000000000001443 ) ) ;
#4797 = VERTEX_POINT ( 'NONE', #8902 ) ;
#4798 = FILL_AREA_STYLE ('',( #2431 ) ) ;
#4799 = CARTESIAN_POINT ( 'NONE',  ( 11.10889710235111316, 4.001162287970013054, 0.3499999999999996447 ) ) ;
#4800 = LINE ( 'NONE', #2534, #115 ) ;
#4801 = ORIENTED_EDGE ( 'NONE', *, *, #4047, .T. ) ;
#4802 = ORIENTED_EDGE ( 'NONE', *, *, #5191, .T. ) ;
#4803 = PRESENTATION_LAYER_ASSIGNMENT (  '', '', ( #6516 ) ) ;
#4804 = CARTESIAN_POINT ( 'NONE',  ( 11.10469548695616737, 4.083092593512565038, -0.3500000000000002554 ) ) ;
#4805 = PRESENTATION_STYLE_ASSIGNMENT (( #6213 ) ) ;
#4806 = CARTESIAN_POINT ( 'NONE',  ( -0.3500000000000000333, 8.000000000000000000, -0.3499999999999999778 ) ) ;
#4807 = UNCERTAINTY_MEASURE_WITH_UNIT (LENGTH_MEASURE( 1.000000000000000082E-05 ), #6418, 'distance_accuracy_value', 'NONE');
#4808 = CARTESIAN_POINT ( 'NONE',  ( 3.140000000000000568, 6.299999999999999822, 0.3499999999999998668 ) ) ;
#4809 = ORIENTED_EDGE ( 'NONE', *, *, #3485, .T. ) ;
#4810 = FILL_AREA_STYLE ('',( #1722 ) ) ;
#4811 = AXIS2_PLACEMENT_3D ( 'NONE', #5785, #4300, #476 ) ;
#4812 = AXIS2_PLACEMENT_3D ( 'NONE', #632, #8704, #1419 ) ;
#4813 = CARTESIAN_POINT ( 'NONE',  ( -0.5999999999999995337, 6.299999999999999822, 0.1166666666666665853 ) ) ;
#4814 = PLANE ( 'NONE',  #9586 ) ;
#4815 = ORIENTED_EDGE ( 'NONE', *, *, #4280, .T. ) ;
#4816 = CARTESIAN_POINT ( 'NONE',  ( 9.235941859282679189, 4.443591676418676251, 0.3499999999999996447 ) ) ;
#4817 = CARTESIAN_POINT ( 'NONE',  ( 5.080000000000000071, 0.5000000000000005551, 0.3499999999999998113 ) ) ;
#4818 = PLANE ( 'NONE',  #5703 ) ;
#4819 = EDGE_CURVE ( 'NONE', #5711, #6887, #6651, .T. ) ;
#4820 = VECTOR ( 'NONE', #7456, 1000.000000000000000 ) ;
#4821 = STYLED_ITEM ( 'NONE', ( #5201 ), #696 ) ;
#4822 = DIRECTION ( 'NONE',  ( 0.000000000000000000, 0.000000000000000000, -1.000000000000000000 ) ) ;
#4823 = CARTESIAN_POINT ( 'NONE',  ( 7.267475984454220495, 5.732672356334980179, -0.3500000000000002554 ) ) ;
#4824 = AXIS2_PLACEMENT_3D ( 'NONE', #459, #1854, #5721 ) ;
#4825 = VECTOR ( 'NONE', #928, 1000.000000000000000 ) ;
#4826 = EDGE_CURVE ( 'NONE', #2385, #8874, #5930, .T. ) ;
#4827 = CARTESIAN_POINT ( 'NONE',  ( 9.160000000000001918, 6.500000000000000888, 0.3499999999999989231 ) ) ;
#4828 = CARTESIAN_POINT ( 'NONE',  ( 0.7867584960353884993, 5.779404586027643731, -0.3499999999999999778 ) ) ;
#4829 = SURFACE_SIDE_STYLE ('',( #5461 ) ) ;
#4830 = MECHANICAL_DESIGN_GEOMETRIC_PRESENTATION_REPRESENTATION (  '', ( #8399 ), #4665 ) ;
#4831 = ORIENTED_EDGE ( 'NONE', *, *, #5044, .F. ) ;
#4832 = FILL_AREA_STYLE ('',( #1984 ) ) ;
#4833 = ORIENTED_EDGE ( 'NONE', *, *, #5421, .T. ) ;
#4834 = CARTESIAN_POINT ( 'NONE',  ( 10.84675493260776236, 6.500000000000000888, 0.3499999999999988676 ) ) ;
#4835 =( NAMED_UNIT ( * ) PLANE_ANGLE_UNIT ( ) SI_UNIT ( $, .RADIAN. ) );
#4836 = CARTESIAN_POINT ( 'NONE',  ( 5.430000000000000604, 8.199999999999999289, 0.3499999999999999778 ) ) ;
#4837 = LINE ( 'NONE', #7068, #4976 ) ;
#4838 = VECTOR ( 'NONE', #5715, 1000.000000000000000 ) ;
#4839 = ORIENTED_EDGE ( 'NONE', *, *, #3485, .F. ) ;
#4840 = CARTESIAN_POINT ( 'NONE',  ( -0.6999999999999995115, 0.5000000000000004441, 0.3499999999999999778 ) ) ;
#4841 = EDGE_CURVE ( 'NONE', #7520, #1849, #4953, .T. ) ;
#4842 = EDGE_CURVE ( 'NONE', #3300, #3486, #5631, .T. ) ;
#4843 = VERTEX_POINT ( 'NONE', #5732 ) ;
#4844 = MECHANICAL_DESIGN_GEOMETRIC_PRESENTATION_REPRESENTATION (  '', ( #7170 ), #4049 ) ;
#4845 = ORIENTED_EDGE ( 'NONE', *, *, #507, .F. ) ;
#4846 = DIRECTION ( 'NONE',  ( 1.000000000000000000, 0.000000000000000000, 0.000000000000000000 ) ) ;
#4847 =( NAMED_UNIT ( * ) SI_UNIT ( $, .STERADIAN. ) SOLID_ANGLE_UNIT ( ) );
#4848 = PLANE ( 'NONE',  #6666 ) ;
#4849 = LINE ( 'NONE', #5001, #3941 ) ;
#4850 = CARTESIAN_POINT ( 'NONE',  ( 9.160000000000001918, 6.500000000000000888, -0.3500000000000010880 ) ) ;
#4851 = SURFACE_SIDE_STYLE ('',( #5479 ) ) ;
#4852 = ORIENTED_EDGE ( 'NONE', *, *, #635, .F. ) ;
#4853 = ORIENTED_EDGE ( 'NONE', *, *, #5310, .T. ) ;
#4854 = VERTEX_POINT ( 'NONE', #7875 ) ;
#4855 = CIRCLE ( 'NONE', #7493, 0.1999999999999996503 ) ;
#4856 = FILL_AREA_STYLE_COLOUR ( '', #3597 ) ;
#4857 = DIRECTION ( 'NONE',  ( 1.084202172485504434E-16, -1.000000000000000000, 0.000000000000000000 ) ) ;
#4858 = CARTESIAN_POINT ( 'NONE',  ( 0.000000000000000000, 6.299999999999999822, 0.3499999999999999778 ) ) ;
#4859 = DIRECTION ( 'NONE',  ( -3.872150616019656492E-17, -0.8660254037844388186, -0.4999999999999997224 ) ) ;
#4860 = CARTESIAN_POINT ( 'NONE',  ( 3.371453400084237551, 5.476966929918533289, 0.3499999999999998668 ) ) ;
#4861 =( NAMED_UNIT ( * ) SI_UNIT ( $, .STERADIAN. ) SOLID_ANGLE_UNIT ( ) );
#4862 = EDGE_LOOP ( 'NONE', ( #9666, #7291, #5838, #7047 ) ) ;
#4863 = COLOUR_RGB ( '',0.8313725490196077761, 0.6705882352941175961, 0.1294117647058823373 ) ;
#4864 = DIRECTION ( 'NONE',  ( -0.000000000000000000, -1.668003342285391551E-16, -1.000000000000000000 ) ) ;
#4865 = ORIENTED_EDGE ( 'NONE', *, *, #5548, .T. ) ;
#4866 = CARTESIAN_POINT ( 'NONE',  ( 9.282471447568719114, 5.050332720358730043, 0.3499999999999998113 ) ) ;
#4867 = LINE ( 'NONE', #7839, #5267 ) ;
#4868 = CARTESIAN_POINT ( 'NONE',  ( 8.562500029944757785, 4.124619419408674936, -0.3500000000000001443 ) ) ;
#4869 = DIRECTION ( 'NONE',  ( -1.000000000000000000, -0.000000000000000000, -0.000000000000000000 ) ) ;
#4870 = STYLED_ITEM ( 'NONE', ( #5115 ), #3415 ) ;
#4871 = EDGE_CURVE ( 'NONE', #5339, #4625, #1218, .T. ) ;
#4872 = FACE_OUTER_BOUND ( 'NONE', #5094, .T. ) ;
#4873 = EDGE_CURVE ( 'NONE', #7555, #4202, #5047, .T. ) ;
#4874 = SURFACE_STYLE_USAGE ( .BOTH. , #3291 ) ;
#4875 = DIRECTION ( 'NONE',  ( -1.000000000000000000, 0.000000000000000000, 7.744301232039316681E-17 ) ) ;
#4876 = CARTESIAN_POINT ( 'NONE',  ( 4.080000000000000071, 0.5000000000000000000, -0.3500000000000000888 ) ) ;
#4877 = CARTESIAN_POINT ( 'NONE',  ( 4.580000000000001847, 6.299999999999999822, 0.3499999999999998113 ) ) ;
#4878 = CARTESIAN_POINT ( 'NONE',  ( 4.080000000000001847, 2.615493535618376164, 0.3499999999999998668 ) ) ;
#4879 = DIRECTION ( 'NONE',  ( 1.000000000000000000, 0.000000000000000000, 0.000000000000000000 ) ) ;
#4880 = ORIENTED_EDGE ( 'NONE', *, *, #4708, .T. ) ;
#4881 = LINE ( 'NONE', #6961, #8948 ) ;
#4882 = ORIENTED_EDGE ( 'NONE', *, *, #5484, .F. ) ;
#4883 = EDGE_CURVE ( 'NONE', #970, #8266, #7327, .T. ) ;
#4884 = LINE ( 'NONE', #4327, #8428 ) ;
#4885 = CARTESIAN_POINT ( 'NONE',  ( 7.970000000000001528, -2.800000000000001155, 0.3499999999999997002 ) ) ;
#4886 = CARTESIAN_POINT ( 'NONE',  ( 5.780000000000001137, 0.8000000000000007105, -0.3500000000000001443 ) ) ;
#4887 = EDGE_CURVE ( 'NONE', #4662, #1700, #5229, .T. ) ;
#4888 = ORIENTED_EDGE ( 'NONE', *, *, #3669, .T. ) ;
#4889 = CARTESIAN_POINT ( 'NONE',  ( 0.6000000000000005329, 6.299999999999999822, -0.3499999999999999778 ) ) ;
#4890 = STYLED_ITEM ( 'NONE', ( #7257 ), #9447 ) ;
#4891 = VERTEX_POINT ( 'NONE', #7136 ) ;
#4892 = ORIENTED_EDGE ( 'NONE', *, *, #7053, .F. ) ;
#4893 =( GEOMETRIC_REPRESENTATION_CONTEXT ( 3 ) GLOBAL_UNCERTAINTY_ASSIGNED_CONTEXT ( ( #2680 ) ) GLOBAL_UNIT_ASSIGNED_CONTEXT ( ( #4793, #3272, #1665 ) ) REPRESENTATION_CONTEXT ( 'NONE', 'WORKASPACE' ) );
#4894 = EDGE_CURVE ( 'NONE', #5567, #1204, #4201, .T. ) ;
#4895 = CARTESIAN_POINT ( 'NONE',  ( -0.7896030380177390118, 5.762359718947904774, -0.3500000000000000888 ) ) ;
#4896 =( NAMED_UNIT ( * ) PLANE_ANGLE_UNIT ( ) SI_UNIT ( $, .RADIAN. ) );
#4897 = CARTESIAN_POINT ( 'NONE',  ( 8.620000000000000995, 2.207665535523691158, 0.3499999999999998668 ) ) ;
#4898 = CARTESIAN_POINT ( 'NONE',  ( 7.270000000000000462, 8.199999999999999289, -0.3499999999999999778 ) ) ;
#4899 = ORIENTED_EDGE ( 'NONE', *, *, #5892, .F. ) ;
#4900 = STYLED_ITEM ( 'NONE', ( #2575 ), #7835 ) ;
#4901 =( NAMED_UNIT ( * ) PLANE_ANGLE_UNIT ( ) SI_UNIT ( $, .RADIAN. ) );
#4902 = ORIENTED_EDGE ( 'NONE', *, *, #4326, .F. ) ;
#4903 = SURFACE_SIDE_STYLE ('',( #8694 ) ) ;
#4904 = ORIENTED_EDGE ( 'NONE', *, *, #8721, .T. ) ;
#4905 = VECTOR ( 'NONE', #6578, 1000.000000000000000 ) ;
#4906 = CARTESIAN_POINT ( 'NONE',  ( 11.02016435670298300, 5.218128553112161505, -0.3500000000000003664 ) ) ;
#4907 = FACE_OUTER_BOUND ( 'NONE', #3479, .T. ) ;
#4908 = AXIS2_PLACEMENT_3D ( 'NONE', #2106, #8706, #1277 ) ;
#4909 = DIRECTION ( 'NONE',  ( 0.000000000000000000, 1.000000000000000000, 0.000000000000000000 ) ) ;
#4910 = CARTESIAN_POINT ( 'NONE',  ( 10.84675493260776236, 10.39117142264903570, -0.6500000000000030198 ) ) ;
#4911 = DIRECTION ( 'NONE',  ( 0.000000000000000000, -1.000000000000000000, 0.000000000000000000 ) ) ;
#4912 = ORIENTED_EDGE ( 'NONE', *, *, #3164, .F. ) ;
#4913 = FILL_AREA_STYLE_COLOUR ( '', #419 ) ;
#4914 = PLANE ( 'NONE',  #5540 ) ;
#4915 = DIRECTION ( 'NONE',  ( -0.4999999999999997780, -0.8660254037844388186, 0.000000000000000000 ) ) ;
#4916 = ORIENTED_EDGE ( 'NONE', *, *, #4955, .F. ) ;
#4917 = FACE_OUTER_BOUND ( 'NONE', #8081, .T. ) ;
#4918 = VECTOR ( 'NONE', #238, 1000.000000000000000 ) ;
#4919 = SURFACE_STYLE_FILL_AREA ( #5837 ) ;
#4920 = DIRECTION ( 'NONE',  ( -1.000000000000000000, 0.000000000000000000, 0.000000000000000000 ) ) ;
#4921 =( GEOMETRIC_REPRESENTATION_CONTEXT ( 3 ) GLOBAL_UNCERTAINTY_ASSIGNED_CONTEXT ( ( #9182 ) ) GLOBAL_UNIT_ASSIGNED_CONTEXT ( ( #3020, #2366, #3201 ) ) REPRESENTATION_CONTEXT ( 'NONE', 'WORKASPACE' ) );
#4922 = LINE ( 'NONE', #3244, #3189 ) ;
#4923 = CARTESIAN_POINT ( 'NONE',  ( 3.226754932607761361, 0.5000000000000000000, -0.6500000000000013545 ) ) ;
#4924 = DIRECTION ( 'NONE',  ( -7.744301232039316681E-17, 0.000000000000000000, -1.000000000000000000 ) ) ;
#4925 =( NAMED_UNIT ( * ) PLANE_ANGLE_UNIT ( ) SI_UNIT ( $, .RADIAN. ) );
#4926 =( GEOMETRIC_REPRESENTATION_CONTEXT ( 3 ) GLOBAL_UNCERTAINTY_ASSIGNED_CONTEXT ( ( #7690 ) ) GLOBAL_UNIT_ASSIGNED_CONTEXT ( ( #3337, #6331, #7800 ) ) REPRESENTATION_CONTEXT ( 'NONE', 'WORKASPACE' ) );
#4927 = CARTESIAN_POINT ( 'NONE',  ( 7.270000000000000462, 8.199999999999999289, 0.3499999999999999778 ) ) ;
#4928 = ADVANCED_FACE ( 'NONE', ( #1907 ), #426, .F. ) ;
#4929 = CARTESIAN_POINT ( 'NONE',  ( 4.631806954577857738, 5.884855341312109189, -0.3500000000000000333 ) ) ;
#4930 = DIRECTION ( 'NONE',  ( 1.121588454295349533E-16, -1.000000000000000000, 0.000000000000000000 ) ) ;
#4931 = CARTESIAN_POINT ( 'NONE',  ( 0.8506397697902693400, 5.307482533055135399, -0.3499999999999999778 ) ) ;
#4932 =( LENGTH_UNIT ( ) NAMED_UNIT ( * ) SI_UNIT ( .MILLI., .METRE. ) );
#4933 =( GEOMETRIC_REPRESENTATION_CONTEXT ( 3 ) GLOBAL_UNCERTAINTY_ASSIGNED_CONTEXT ( ( #1788 ) ) GLOBAL_UNIT_ASSIGNED_CONTEXT ( ( #8849, #8130, #4463 ) ) REPRESENTATION_CONTEXT ( 'NONE', 'WORKASPACE' ) );
#4934 = EDGE_CURVE ( 'NONE', #6510, #6553, #7628, .T. ) ;
#4935 =( NAMED_UNIT ( * ) PLANE_ANGLE_UNIT ( ) SI_UNIT ( $, .RADIAN. ) );
#4936 = EDGE_LOOP ( 'NONE', ( #2034, #1368, #7823, #5543 ) ) ;
#4937 = AXIS2_PLACEMENT_3D ( 'NONE', #4764, #4116, #9337 ) ;
#4938 = CARTESIAN_POINT ( 'NONE',  ( 8.220000000000000639, 6.299999999999999822, 0.1283333333333330772 ) ) ;
#4939 = LINE ( 'NONE', #4183, #4838 ) ;
#4940 = CARTESIAN_POINT ( 'NONE',  ( 10.75999999999999979, 6.299999999999999822, -0.3850000000000002864 ) ) ;
#4941 = UNCERTAINTY_MEASURE_WITH_UNIT (LENGTH_MEASURE( 1.000000000000000082E-05 ), #3983, 'distance_accuracy_value', 'NONE');
#4942 = ORIENTED_EDGE ( 'NONE', *, *, #6767, .F. ) ;
#4943 = DIRECTION ( 'NONE',  ( 1.000000000000000000, 0.000000000000000000, 0.000000000000000000 ) ) ;
#4944 = UNCERTAINTY_MEASURE_WITH_UNIT (LENGTH_MEASURE( 1.000000000000000082E-05 ), #7717, 'distance_accuracy_value', 'NONE');
#4945 = ORIENTED_EDGE ( 'NONE', *, *, #1212, .F. ) ;
#4946 = ORIENTED_EDGE ( 'NONE', *, *, #64, .F. ) ;
#4947 = VECTOR ( 'NONE', #5877, 1000.000000000000000 ) ;
#4948 = CARTESIAN_POINT ( 'NONE',  ( -0.7871219925015946473, 5.777242093666543177, -0.3499999999999999778 ) ) ;
#4949 = CARTESIAN_POINT ( 'NONE',  ( -0.6867549326077613259, 6.500000000000000888, 0.3499999999999989231 ) ) ;
#4950 = DIRECTION ( 'NONE',  ( -1.000000000000000000, -3.097720492815726426E-17, 0.000000000000000000 ) ) ;
#4951 = ORIENTED_EDGE ( 'NONE', *, *, #8703, .T. ) ;
#4952 = ORIENTED_EDGE ( 'NONE', *, *, #7611, .F. ) ;
#4953 = LINE ( 'NONE', #4296, #3340 ) ;
#4954 = ORIENTED_EDGE ( 'NONE', *, *, #3294, .F. ) ;
#4955 = EDGE_CURVE ( 'NONE', #5006, #4603, #9416, .T. ) ;
#4956 = COLOUR_RGB ( '',0.8313725490196077761, 0.6705882352941175961, 0.1294117647058823373 ) ;
#4957 = CARTESIAN_POINT ( 'NONE',  ( 2.540000000000000036, 6.500000000000000888, -1.155688030012021264E-15 ) ) ;
#4958 = VECTOR ( 'NONE', #6294, 1000.000000000000000 ) ;
#4959 =( NAMED_UNIT ( * ) SI_UNIT ( $, .STERADIAN. ) SOLID_ANGLE_UNIT ( ) );
#4960 =( LENGTH_UNIT ( ) NAMED_UNIT ( * ) SI_UNIT ( .MILLI., .METRE. ) );
#4961 = PLANE ( 'NONE',  #4027 ) ;
#4962 = ORIENTED_EDGE ( 'NONE', *, *, #2843, .F. ) ;
#4963 =( BOUNDED_CURVE ( )  B_SPLINE_CURVE ( 3, ( #9102, #2506, #4621, #1647 ),
 .UNSPECIFIED., .F., .F. ) 
 B_SPLINE_CURVE_WITH_KNOTS ( ( 4, 4 ),
 ( 3.924083526751090290, 4.712388980384689674 ),
 .UNSPECIFIED. ) 
 CURVE ( )  GEOMETRIC_REPRESENTATION_ITEM ( )  RATIONAL_B_SPLINE_CURVE ( ( 1.000000000000000000, 0.9488815137910380226, 0.9488815137910380226, 1.000000000000000000 ) ) 
 REPRESENTATION_ITEM ( '' )  );
#4964 =( NAMED_UNIT ( * ) PLANE_ANGLE_UNIT ( ) SI_UNIT ( $, .RADIAN. ) );
#4965 = DIRECTION ( 'NONE',  ( -0.000000000000000000, 1.668003342285391551E-16, 1.000000000000000000 ) ) ;
#4966 = CARTESIAN_POINT ( 'NONE',  ( 5.766754932607761397, 6.500000000000000888, -0.6500000000000017986 ) ) ;
#4967 = VERTEX_POINT ( 'NONE', #9466 ) ;
#4968 = EDGE_CURVE ( 'NONE', #8211, #4180, #2044, .T. ) ;
#4969 = VECTOR ( 'NONE', #1922, 1000.000000000000000 ) ;
#4970 = SURFACE_STYLE_FILL_AREA ( #8751 ) ;
#4971 = PLANE ( 'NONE',  #8690 ) ;
#4972 = DIRECTION ( 'NONE',  ( -0.000000000000000000, -3.097720492815727166E-16, -1.000000000000000000 ) ) ;
#4973 = FILL_AREA_STYLE_COLOUR ( '', #4225 ) ;
#4974 = CARTESIAN_POINT ( 'NONE',  ( 0.000000000000000000, 8.500000000000000000, 0.8696152422706663332 ) ) ;
#4975 = CARTESIAN_POINT ( 'NONE',  ( 4.393245067392238745, 10.39117142264903570, 0.3499999999999983125 ) ) ;
#4976 = VECTOR ( 'NONE', #9401, 1000.000000000000000 ) ;
#4977 = PRESENTATION_LAYER_ASSIGNMENT (  '', '', ( #264 ) ) ;
#4978 = CARTESIAN_POINT ( 'NONE',  ( 5.761380150321416593, 6.233860305463101881, -0.3500000000000000333 ) ) ;
#4979 = SURFACE_STYLE_FILL_AREA ( #9543 ) ;
#4980 = CARTESIAN_POINT ( 'NONE',  ( 5.432524015545779683, 5.732672356334978403, -0.3500000000000001443 ) ) ;
#4981 = CARTESIAN_POINT ( 'NONE',  ( 7.020000000000000462, 6.299999999999999822, -0.3500000000000002554 ) ) ;
#4982 = ORIENTED_EDGE ( 'NONE', *, *, #768, .T. ) ;
#4983 = EDGE_CURVE ( 'NONE', #1002, #5993, #8038, .T. ) ;
#4984 =( NAMED_UNIT ( * ) PLANE_ANGLE_UNIT ( ) SI_UNIT ( $, .RADIAN. ) );
#4985 = PLANE ( 'NONE',  #2961 ) ;
#4986 = CARTESIAN_POINT ( 'NONE',  ( 11.16000000000000192, 1.800000000000000488, -0.1283333333333338266 ) ) ;
#4987 = ORIENTED_EDGE ( 'NONE', *, *, #536, .F. ) ;
#4988 = LINE ( 'NONE', #7966, #3321 ) ;
#4989 = AXIS2_PLACEMENT_3D ( 'NONE', #8409, #3181, #6119 ) ;
#4990 = DIRECTION ( 'NONE',  ( 1.000000000000000000, 0.000000000000000000, 0.000000000000000000 ) ) ;
#4991 = UNCERTAINTY_MEASURE_WITH_UNIT (LENGTH_MEASURE( 1.000000000000000082E-05 ), #9220, 'distance_accuracy_value', 'NONE');
#4992 = VERTEX_POINT ( 'NONE', #3798 ) ;
#4993 = EDGE_CURVE ( 'NONE', #585, #6641, #9565, .T. ) ;
#4994 = EDGE_LOOP ( 'NONE', ( #4278, #3366, #2735, #9567 ) ) ;
#4995 = PRESENTATION_LAYER_ASSIGNMENT (  '', '', ( #7311 ) ) ;
#4996 = VECTOR ( 'NONE', #8321, 1000.000000000000000 ) ;
#4997 = UNCERTAINTY_MEASURE_WITH_UNIT (LENGTH_MEASURE( 1.000000000000000082E-05 ), #6544, 'distance_accuracy_value', 'NONE');
#4998 = CARTESIAN_POINT ( 'NONE',  ( -0.9455177966741292739, 4.067306563708465994, -0.3500000000000000333 ) ) ;
#4999 = EDGE_CURVE ( 'NONE', #8438, #16, #18, .T. ) ;
#5000 = CARTESIAN_POINT ( 'NONE',  ( 1.000000000000000444, 1.800000000000000488, -0.1283333333333334936 ) ) ;
#5001 = CARTESIAN_POINT ( 'NONE',  ( 7.669999999999999929, 8.026794919243110726, 0.05000000000000023870 ) ) ;
#5002 = ORIENTED_EDGE ( 'NONE', *, *, #8170, .T. ) ;
#5003 = AXIS2_PLACEMENT_3D ( 'NONE', #7692, #4669, #4717 ) ;
#5004 = ORIENTED_EDGE ( 'NONE', *, *, #2811, .F. ) ;
#5005 = CARTESIAN_POINT ( 'NONE',  ( 9.160000000000001918, 0.5000000000000000000, -0.3500000000000000888 ) ) ;
#5006 = VERTEX_POINT ( 'NONE', #5915 ) ;
#5007 =( LENGTH_UNIT ( ) NAMED_UNIT ( * ) SI_UNIT ( .MILLI., .METRE. ) );
#5008 = CARTESIAN_POINT ( 'NONE',  ( 9.160000000000001918, 0.5000000000000002220, 0.3499999999999998668 ) ) ;
#5009 = FILL_AREA_STYLE ('',( #7283 ) ) ;
#5010 = CARTESIAN_POINT ( 'NONE',  ( 1.894533521472694604, 3.877691542223590471, -0.3500000000000000333 ) ) ;
#5011 = VERTEX_POINT ( 'NONE', #8886 ) ;
#5012 = EDGE_CURVE ( 'NONE', #7767, #3210, #9620, .T. ) ;
#5013 = PRESENTATION_STYLE_ASSIGNMENT (( #8603 ) ) ;
#5014 = FACE_OUTER_BOUND ( 'NONE', #7589, .T. ) ;
#5015 = CARTESIAN_POINT ( 'NONE',  ( 4.080000000000000959, 2.207665535523968270, -0.3500000000000001443 ) ) ;
#5016 = ORIENTED_EDGE ( 'NONE', *, *, #1644, .F. ) ;
#5017 = CARTESIAN_POINT ( 'NONE',  ( 0.3500000000000008105, 0.5000000000000005551, 0.3499999999999999778 ) ) ;
#5018 = CARTESIAN_POINT ( 'NONE',  ( -0.4999999999999985012, 6.299999999999999822, 0.3499999999999999778 ) ) ;
#5019 = ADVANCED_FACE ( 'NONE', ( #3034 ), #2629, .T. ) ;
#5020 = SURFACE_STYLE_FILL_AREA ( #2815 ) ;
#5021 = DIRECTION ( 'NONE',  ( 0.000000000000000000, 0.000000000000000000, 1.000000000000000000 ) ) ;
#5022 =( BOUNDED_SURFACE ( )  B_SPLINE_SURFACE ( 2, 3, ( 
 ( #2526, #3954, #5477, #961 ),
 ( #5519, #8305, #6926, #3218 ),
 ( #6204, #9171, #2479, #1618 ) ),
 .UNSPECIFIED., .F., .F., .T. ) 
 B_SPLINE_SURFACE_WITH_KNOTS ( ( 3, 3 ),
 ( 4, 4 ),
 ( 0.000000000000000000, 1.000000000000000000 ),
 ( -3.500000000000000371E-05, 0.0007349999999999999763 ),
 .UNSPECIFIED. ) 
 GEOMETRIC_REPRESENTATION_ITEM ( )  RATIONAL_B_SPLINE_SURFACE ( (
 ( 1.000000000000000000, 1.000000000000000000, 1.000000000000000000, 1.000000000000000000),
 ( 0.7071067811865475727, 0.7071067811865475727, 0.7071067811865475727, 0.7071067811865475727),
 ( 1.000000000000000000, 1.000000000000000000, 1.000000000000000000, 1.000000000000000000) ) ) 
 REPRESENTATION_ITEM ( '' )  SURFACE ( )  );
#5023 = ADVANCED_FACE ( 'NONE', ( #5960 ), #8427, .T. ) ;
#5024 = DIRECTION ( 'NONE',  ( 1.121588454295349533E-16, -1.000000000000000000, 0.000000000000000000 ) ) ;
#5025 = PRESENTATION_LAYER_ASSIGNMENT (  '', '', ( #5799 ) ) ;
#5026 = FACE_OUTER_BOUND ( 'NONE', #586, .T. ) ;
#5027 =( NAMED_UNIT ( * ) PLANE_ANGLE_UNIT ( ) SI_UNIT ( $, .RADIAN. ) );
#5028 = DIRECTION ( 'NONE',  ( -1.000000000000000000, -3.097720492815726426E-17, 0.000000000000000000 ) ) ;
#5029 = CARTESIAN_POINT ( 'NONE',  ( 7.120000000000000995, 6.299999999999999822, 0.3499999999999997002 ) ) ;
#5030 = AXIS2_PLACEMENT_3D ( 'NONE', #8775, #5951, #7268 ) ;
#5031 = CARTESIAN_POINT ( 'NONE',  ( 11.62999999999999723, 8.500000000000000000, 1.199999999999999512 ) ) ;
#5032 = CARTESIAN_POINT ( 'NONE',  ( 7.470000000000000639, -3.000000000000000000, 0.3499999999999997002 ) ) ;
#5033 = CARTESIAN_POINT ( 'NONE',  ( 6.750384757729333884, 8.500000000000000000, -0.8696152422706663332 ) ) ;
#5034 = ORIENTED_EDGE ( 'NONE', *, *, #3874, .T. ) ;
#5035 = CARTESIAN_POINT ( 'NONE',  ( 7.120000000000001883, 6.084152315493286167, 0.3499999999999997558 ) ) ;
#5036 = CARTESIAN_POINT ( 'NONE',  ( 4.434533521472695305, 3.877691542223589138, 0.3499999999999997558 ) ) ;
#5037 = ORIENTED_EDGE ( 'NONE', *, *, #64, .T. ) ;
#5038 = VERTEX_POINT ( 'NONE', #2085 ) ;
#5039 = CARTESIAN_POINT ( 'NONE',  ( 7.620000000000000107, 6.299999999999999822, -0.3500000000000002554 ) ) ;
#5040 = DIRECTION ( 'NONE',  ( -0.000000000000000000, -0.000000000000000000, -1.000000000000000000 ) ) ;
#5041 = CARTESIAN_POINT ( 'NONE',  ( 3.540000000000000036, 6.500000000000000888, -0.3500000000000010880 ) ) ;
#5042 = CARTESIAN_POINT ( 'NONE',  ( -0.8696152422706664442, 8.500000000000000000, 0.000000000000000000 ) ) ;
#5043 = DIRECTION ( 'NONE',  ( 0.000000000000000000, -3.097720492815727166E-16, -1.000000000000000000 ) ) ;
#5044 = EDGE_CURVE ( 'NONE', #1747, #4284, #1594, .T. ) ;
#5045 = VERTEX_POINT ( 'NONE', #5912 ) ;
#5046 = VERTEX_POINT ( 'NONE', #4443 ) ;
#5047 = LINE ( 'NONE', #1361, #1310 ) ;
#5048 = EDGE_CURVE ( 'NONE', #1216, #4507, #9664, .T. ) ;
#5049 = VERTEX_POINT ( 'NONE', #6003 ) ;
#5050 = CARTESIAN_POINT ( 'NONE',  ( 7.294744180118195587, 5.589454083063166046, 0.3499999999999997002 ) ) ;
#5051 = STYLED_ITEM ( 'NONE', ( #5386 ), #7415 ) ;
#5052 = CARTESIAN_POINT ( 'NONE',  ( 1.540000000000000480, 1.800000000000000488, -0.3500000000000000888 ) ) ;
#5053 = CARTESIAN_POINT ( 'NONE',  ( 2.865255819881804999, 5.589454083063163381, 0.3499999999999998668 ) ) ;
#5054 = VERTEX_POINT ( 'NONE', #7422 ) ;
#5055 = CARTESIAN_POINT ( 'NONE',  ( 9.160000000000001918, 6.500000000000000888, 0.3499999999999989231 ) ) ;
#5056 = PLANE ( 'NONE',  #1686 ) ;
#5057 = ORIENTED_EDGE ( 'NONE', *, *, #724, .T. ) ;
#5058 = DIRECTION ( 'NONE',  ( 0.000000000000000000, -0.000000000000000000, -1.000000000000000000 ) ) ;
#5059 =( LENGTH_UNIT ( ) NAMED_UNIT ( * ) SI_UNIT ( .MILLI., .METRE. ) );
#5060 = ORIENTED_EDGE ( 'NONE', *, *, #2370, .T. ) ;
#5061 = EDGE_CURVE ( 'NONE', #5815, #9064, #7564, .T. ) ;
#5062 = MECHANICAL_DESIGN_GEOMETRIC_PRESENTATION_REPRESENTATION (  '', ( #3462 ), #8940 ) ;
#5063 = EDGE_CURVE ( 'NONE', #9064, #6993, #6096, .T. ) ;
#5064 = CARTESIAN_POINT ( 'NONE',  ( 4.730000000000001315, -2.800000000000001155, 0.3499999999999998113 ) ) ;
#5065 = SURFACE_STYLE_FILL_AREA ( #5208 ) ;
#5066 = AXIS2_PLACEMENT_3D ( 'NONE', #7217, #3491, #7177 ) ;
#5067 = CARTESIAN_POINT ( 'NONE',  ( 5.880167876875766808, 5.699693040755678730, -0.3500000000000001443 ) ) ;
#5068 = LINE ( 'NONE', #8046, #6463 ) ;
#5069 = SURFACE_STYLE_FILL_AREA ( #3471 ) ;
#5070 = CARTESIAN_POINT ( 'NONE',  ( 7.941845733883979186, 5.626229152235330488, -2.522632230332685841E-16 ) ) ;
#5071 = ADVANCED_FACE ( 'NONE', ( #6724 ), #9117, .T. ) ;
#5072 = MECHANICAL_DESIGN_GEOMETRIC_PRESENTATION_REPRESENTATION (  '', ( #8951 ), #8177 ) ;
#5073 = VECTOR ( 'NONE', #5989, 1000.000000000000114 ) ;
#5074 = VECTOR ( 'NONE', #1565, 1000.000000000000000 ) ;
#5075 = DIRECTION ( 'NONE',  ( 0.000000000000000000, -0.000000000000000000, -1.000000000000000000 ) ) ;
#5076 = DIRECTION ( 'NONE',  ( -1.000000000000000000, 0.000000000000000000, 0.000000000000000000 ) ) ;
#5077 = CARTESIAN_POINT ( 'NONE',  ( 6.757373952540061346, 5.194217234909946690, -0.3500000000000003664 ) ) ;
#5078 = CARTESIAN_POINT ( 'NONE',  ( 10.68184573388398029, 5.626229152235330488, -0.3500000000000003109 ) ) ;
#5079 = CARTESIAN_POINT ( 'NONE',  ( 4.080000000000000071, 6.500000000000000888, 0.3499999999999989231 ) ) ;
#5080 = ORIENTED_EDGE ( 'NONE', *, *, #4682, .F. ) ;
#5081 = PLANE ( 'NONE',  #4117 ) ;
#5082 = CARTESIAN_POINT ( 'NONE',  ( 7.770000000000002238, -3.000000000000000000, -0.3500000000000002554 ) ) ;
#5083 = VECTOR ( 'NONE', #776, 1000.000000000000000 ) ;
#5084 = AXIS2_PLACEMENT_3D ( 'NONE', #2704, #4965, #2757 ) ;
#5085 = ORIENTED_EDGE ( 'NONE', *, *, #7739, .F. ) ;
#5086 = EDGE_CURVE ( 'NONE', #1204, #6689, #6148, .T. ) ;
#5087 = VECTOR ( 'NONE', #1421, 1000.000000000000000 ) ;
#5088 = ORIENTED_EDGE ( 'NONE', *, *, #6683, .T. ) ;
#5089 = CARTESIAN_POINT ( 'NONE',  ( 9.711806954577857809, 5.884855341312110077, -0.3500000000000003664 ) ) ;
#5090 = DIRECTION ( 'NONE',  ( 0.000000000000000000, -1.668003342285391551E-16, -1.000000000000000000 ) ) ;
#5091 = CARTESIAN_POINT ( 'NONE',  ( 6.933245067392238781, 0.5000000000000000000, -0.6500000000000013545 ) ) ;
#5092 = CARTESIAN_POINT ( 'NONE',  ( 2.539999999999998703, 1.700000000000000178, 0.3499999999999998668 ) ) ;
#5093 = CARTESIAN_POINT ( 'NONE',  ( 9.160000000000001918, 1.800000000000000044, 0.1166666666666662522 ) ) ;
#5094 = EDGE_LOOP ( 'NONE', ( #2973, #5576, #7035, #4635 ) ) ;
#5095 =( NAMED_UNIT ( * ) SI_UNIT ( $, .STERADIAN. ) SOLID_ANGLE_UNIT ( ) );
#5096 = VERTEX_POINT ( 'NONE', #5235 ) ;
#5097 =( NAMED_UNIT ( * ) PLANE_ANGLE_UNIT ( ) SI_UNIT ( $, .RADIAN. ) );
#5098 = VERTEX_POINT ( 'NONE', #2982 ) ;
#5099 = VECTOR ( 'NONE', #2562, 1000.000000000000000 ) ;
#5100 = DIRECTION ( 'NONE',  ( 0.000000000000000000, 1.668003342285388099E-16, 1.000000000000000000 ) ) ;
#5101 = CARTESIAN_POINT ( 'NONE',  ( 9.214482203325877308, 4.067306563708465106, -0.3500000000000003664 ) ) ;
#5102 = SURFACE_SIDE_STYLE ('',( #9032 ) ) ;
#5103 = PLANE ( 'NONE',  #2238 ) ;
#5104 = VERTEX_POINT ( 'NONE', #3700 ) ;
#5105 = CARTESIAN_POINT ( 'NONE',  ( 4.480000000000000426, 6.299999999999999822, 0.3849999999999998423 ) ) ;
#5106 = CARTESIAN_POINT ( 'NONE',  ( 4.146302744966794407, 4.293911919603389471, -0.3500000000000002554 ) ) ;
#5107 = ORIENTED_EDGE ( 'NONE', *, *, #7303, .F. ) ;
#5108 = FILL_AREA_STYLE ('',( #5745 ) ) ;
#5109 =( NAMED_UNIT ( * ) SI_UNIT ( $, .STERADIAN. ) SOLID_ANGLE_UNIT ( ) );
#5110 = VERTEX_POINT ( 'NONE', #7517 ) ;
#5111 = CARTESIAN_POINT ( 'NONE',  ( 4.080000000000000071, 0.5000000000000002220, 0.3499999999999998668 ) ) ;
#5112 =( GEOMETRIC_REPRESENTATION_CONTEXT ( 3 ) GLOBAL_UNCERTAINTY_ASSIGNED_CONTEXT ( ( #7911 ) ) GLOBAL_UNIT_ASSIGNED_CONTEXT ( ( #2582, #9503, #4847 ) ) REPRESENTATION_CONTEXT ( 'NONE', 'WORKASPACE' ) );
#5113 = B_SPLINE_CURVE_WITH_KNOTS ( 'NONE', 3,
 ( #2866, #8049, #1336, #3526, #2820, #9498, #7204, #704, #7252, #8720, #1244, #548, #8812, #4323, #8096, #8912, #5123, #9545, #6616, #1432, #7300, #2963, #6521, #645, #1388, #3625, #9597, #4222, #6476, #4420, #8762, #5939, #2912 ),
 .UNSPECIFIED., .F., .F.,
 ( 4, 1, 1, 1, 1, 1, 1, 2, 2, 1, 1, 1, 1, 1, 2, 2, 1, 1, 1, 1, 1, 1, 2, 2, 4 ),
 ( 0.000000000000000000, 0.2499999999999786282, 0.3749999999999678590, 0.4374999999999624190, 0.4687499999999596989, 0.4843749999999582001, 0.4921874999999577560, 0.4960937499999575340, 0.4999999999999573674, 0.6249999999999519273, 0.6874999999999489297, 0.7187499999999471534, 0.7343749999999462652, 0.7421874999999454880, 0.7460937499999451550, 0.7499999999999447109, 0.8124999999999459321, 0.8437499999999468203, 0.8593749999999472644, 0.8671874999999471534, 0.8710937499999473754, 0.8730468749999479305, 0.8740234374999481526, 0.8749999999999483746, 1.000000000000000000 ),
 .UNSPECIFIED. ) ;
#5114 = CARTESIAN_POINT ( 'NONE',  ( -1.000000000000000000, 0.5000000000000000000, -0.3500000000000000888 ) ) ;
#5115 = PRESENTATION_STYLE_ASSIGNMENT (( #9490 ) ) ;
#5116 = CARTESIAN_POINT ( 'NONE',  ( -0.9425000299447844343, 4.124619419408428023, 0.3499999999999999223 ) ) ;
#5117 = ADVANCED_FACE ( 'NONE', ( #5956 ), #165, .F. ) ;
#5118 = VECTOR ( 'NONE', #7152, 1000.000000000000000 ) ;
#5119 = EDGE_CURVE ( 'NONE', #2651, #872, #8343, .T. ) ;
#5120 = CARTESIAN_POINT ( 'NONE',  ( 6.024695486956169077, 4.083092593512565927, -0.3500000000000002554 ) ) ;
#5121 = CYLINDRICAL_SURFACE ( 'NONE', #9259, 0.2999999999999999889 ) ;
#5122 = CARTESIAN_POINT ( 'NONE',  ( -6.734562392116888700E-17, 8.500000000000000000, -0.8696152422706661111 ) ) ;
#5123 = CARTESIAN_POINT ( 'NONE',  ( 1.675802618229585317, 5.178803639423790628, -0.3500000000000000888 ) ) ;
#5124 = VECTOR ( 'NONE', #2414, 1000.000000000000114 ) ;
#5125 = SURFACE_SIDE_STYLE ('',( #600 ) ) ;
#5126 =( NAMED_UNIT ( * ) PLANE_ANGLE_UNIT ( ) SI_UNIT ( $, .RADIAN. ) );
#5127 = DIRECTION ( 'NONE',  ( 0.000000000000000000, -1.000000000000000000, 0.000000000000000000 ) ) ;
#5128 = ORIENTED_EDGE ( 'NONE', *, *, #6128, .F. ) ;
#5129 = SURFACE_STYLE_USAGE ( .BOTH. , #605 ) ;
#5130 = CARTESIAN_POINT ( 'NONE',  ( 4.754744180118195551, 5.589454083063166046, 0.3499999999999998113 ) ) ;
#5131 = VECTOR ( 'NONE', #4458, 1000.000000000000000 ) ;
#5132 = ORIENTED_EDGE ( 'NONE', *, *, #7363, .F. ) ;
#5133 = ORIENTED_EDGE ( 'NONE', *, *, #8878, .T. ) ;
#5134 = B_SPLINE_CURVE_WITH_KNOTS ( 'NONE', 3,
 ( #4452, #2844, #624, #6012, #1412, #5193, #5871, #8982, #2291, #5101, #9571, #7429, #2193, #7478, #729, #9670, #8834, #4395, #8120, #5918, #5296, #2991, #5149, #8160, #7377, #6541, #3707, #3654, #9524, #8263, #8216, #2147, #1570 ),
 .UNSPECIFIED., .F., .F.,
 ( 4, 1, 1, 1, 1, 1, 1, 2, 2, 1, 1, 1, 1, 1, 2, 2, 1, 1, 1, 1, 1, 1, 2, 2, 4 ),
 ( 0.000000000000000000, 0.2499999999999771849, 0.3749999999999656386, 0.4374999999999598654, 0.4687499999999569233, 0.4843749999999553690, 0.4921874999999548694, 0.4960937499999545919, 0.4999999999999543698, 0.6249999999999473754, 0.6874999999999436007, 0.7187499999999412692, 0.7343749999999401590, 0.7421874999999392708, 0.7460937499999388267, 0.7499999999999382716, 0.8124999999999380496, 0.8437499999999381606, 0.8593749999999382716, 0.8671874999999378275, 0.8710937499999380496, 0.8730468749999384936, 0.8740234374999388267, 0.8749999999999390488, 1.000000000000000000 ),
 .UNSPECIFIED. ) ;
#5135 = FACE_OUTER_BOUND ( 'NONE', #6793, .T. ) ;
#5136 = PRESENTATION_LAYER_ASSIGNMENT (  '', '', ( #4656 ) ) ;
#5137 = CARTESIAN_POINT ( 'NONE',  ( 0.3500000000000000333, 8.199999999999999289, -0.3500000000000000333 ) ) ;
#5138 = DIRECTION ( 'NONE',  ( -1.000000000000000000, -0.000000000000000000, -0.000000000000000000 ) ) ;
#5139 = EDGE_CURVE ( 'NONE', #8219, #2702, #5288, .T. ) ;
#5140 = PRESENTATION_LAYER_ASSIGNMENT (  '', '', ( #752 ) ) ;
#5141 = LINE ( 'NONE', #7322, #7940 ) ;
#5142 = CARTESIAN_POINT ( 'NONE',  ( 10.84675493260776236, 0.5000000000000002220, 0.6500000000000010214 ) ) ;
#5143 = EDGE_CURVE ( 'NONE', #6262, #1555, #1658, .T. ) ;
#5144 = DIRECTION ( 'NONE',  ( 0.000000000000000000, 0.000000000000000000, 1.000000000000000000 ) ) ;
#5145 = ORIENTED_EDGE ( 'NONE', *, *, #8045, .F. ) ;
#5146 = SURFACE_STYLE_USAGE ( .BOTH. , #3204 ) ;
#5147 = EDGE_LOOP ( 'NONE', ( #1308, #4626, #3117, #1111 ) ) ;
#5148 = LINE ( 'NONE', #1410, #3364 ) ;
#5149 = CARTESIAN_POINT ( 'NONE',  ( 9.350497576386660015, 5.635051924202448603, -0.3500000000000002554 ) ) ;
#5150 = SURFACE_STYLE_USAGE ( .BOTH. , #5102 ) ;
#5151 = CARTESIAN_POINT ( 'NONE',  ( 7.270000000000000462, 8.199999999999999289, 0.3499999999999999778 ) ) ;
#5152 = SURFACE_STYLE_USAGE ( .BOTH. , #5196 ) ;
#5153 = STYLED_ITEM ( 'NONE', ( #5170 ), #5780 ) ;
#5154 = COLOUR_RGB ( '',0.8313725490196077761, 0.6705882352941175961, 0.1294117647058823373 ) ;
#5155 = ORIENTED_EDGE ( 'NONE', *, *, #3874, .F. ) ;
#5156 = DIRECTION ( 'NONE',  ( -3.310540984688563971E-17, 0.000000000000000000, -1.000000000000000000 ) ) ;
#5157 = CARTESIAN_POINT ( 'NONE',  ( 8.119999999999999218, 6.299999999999999822, -0.3500000000000002554 ) ) ;
#5158 = CARTESIAN_POINT ( 'NONE',  ( 4.218770099106167848, 5.207834124282345378, -0.3500000000000001998 ) ) ;
#5159 = VERTEX_POINT ( 'NONE', #9068 ) ;
#5160 = DIRECTION ( 'NONE',  ( -0.6546536707079771977, -0.3779644730092270311, -0.6546536707079771977 ) ) ;
#5161 = ORIENTED_EDGE ( 'NONE', *, *, #7062, .F. ) ;
#5162 = CARTESIAN_POINT ( 'NONE',  ( 9.160000000000001918, -1.121588454295348794E-16, 0.3499999999999996447 ) ) ;
#5163 = CARTESIAN_POINT ( 'NONE',  ( 3.003356898907900252, 1.699999999999997957, -0.3500000000000000888 ) ) ;
#5164 =( NAMED_UNIT ( * ) PLANE_ANGLE_UNIT ( ) SI_UNIT ( $, .RADIAN. ) );
#5165 = ORIENTED_EDGE ( 'NONE', *, *, #3057, .T. ) ;
#5166 =( NAMED_UNIT ( * ) SI_UNIT ( $, .STERADIAN. ) SOLID_ANGLE_UNIT ( ) );
#5167 = LINE ( 'NONE', #3581, #1627 ) ;
#5168 = EDGE_CURVE ( 'NONE', #939, #2543, #2332, .T. ) ;
#5169 = VECTOR ( 'NONE', #7501, 1000.000000000000000 ) ;
#5170 = PRESENTATION_STYLE_ASSIGNMENT (( #1391 ) ) ;
#5171 = SURFACE_STYLE_FILL_AREA ( #2170 ) ;
#5172 = CARTESIAN_POINT ( 'NONE',  ( 7.098154266116019961, 5.626229152235333153, 0.3499999999999997002 ) ) ;
#5173 = CARTESIAN_POINT ( 'NONE',  ( -0.6999999999999995115, 0.5000000000000004441, -0.3499999999999999778 ) ) ;
#5174 = EDGE_LOOP ( 'NONE', ( #1327, #5388, #5890, #3571 ) ) ;
#5175 = LINE ( 'NONE', #4279, #971 ) ;
#5176 = DIRECTION ( 'NONE',  ( -1.000000000000000000, -3.097720492815726426E-17, 0.000000000000000000 ) ) ;
#5177 = VECTOR ( 'NONE', #5842, 1000.000000000000000 ) ;
#5178 = ORIENTED_EDGE ( 'NONE', *, *, #8367, .T. ) ;
#5179 = ORIENTED_EDGE ( 'NONE', *, *, #536, .T. ) ;
#5180 = AXIS2_PLACEMENT_3D ( 'NONE', #8612, #1926, #489 ) ;
#5181 = EDGE_CURVE ( 'NONE', #6449, #79, #119, .T. ) ;
#5182 = SURFACE_STYLE_USAGE ( .BOTH. , #2925 ) ;
#5183 = CARTESIAN_POINT ( 'NONE',  ( 5.405255819881805479, 5.589454083063163381, 0.3499999999999998113 ) ) ;
#5184 = DIRECTION ( 'NONE',  ( 1.000000000000000000, -0.000000000000000000, 0.000000000000000000 ) ) ;
#5185 = CARTESIAN_POINT ( 'NONE',  ( 5.780000000000001137, 0.8000000000000007105, 0.3499999999999998113 ) ) ;
#5186 = DIRECTION ( 'NONE',  ( -0.000000000000000000, 1.668003342285391551E-16, 1.000000000000000000 ) ) ;
#5187 = ORIENTED_EDGE ( 'NONE', *, *, #1500, .F. ) ;
#5188 = DIRECTION ( 'NONE',  ( 0.000000000000000000, 3.097720492815727166E-16, 1.000000000000000000 ) ) ;
#5189 = UNCERTAINTY_MEASURE_WITH_UNIT (LENGTH_MEASURE( 1.000000000000000082E-05 ), #6203, 'distance_accuracy_value', 'NONE');
#5190 = ORIENTED_EDGE ( 'NONE', *, *, #9052, .F. ) ;
#5191 = EDGE_CURVE ( 'NONE', #2127, #5049, #7662, .T. ) ;
#5192 = CARTESIAN_POINT ( 'NONE',  ( 4.480000000000000426, 6.299999999999999822, 0.3499999999999998113 ) ) ;
#5193 = CARTESIAN_POINT ( 'NONE',  ( 9.207276676835965290, 3.923639721076769948, -0.3500000000000002554 ) ) ;
#5194 = CARTESIAN_POINT ( 'NONE',  ( 0.6867549326077613259, 8.000000000000000000, -0.6500000000000030198 ) ) ;
#5195 = SURFACE_STYLE_FILL_AREA ( #5920 ) ;
#5196 = SURFACE_SIDE_STYLE ('',( #8792 ) ) ;
#5197 = ORIENTED_EDGE ( 'NONE', *, *, #1091, .F. ) ;
#5198 = COLOUR_RGB ( '',0.8313725490196077761, 0.6705882352941175961, 0.1294117647058823373 ) ;
#5199 =( LENGTH_UNIT ( ) NAMED_UNIT ( * ) SI_UNIT ( .MILLI., .METRE. ) );
#5200 =( NAMED_UNIT ( * ) SI_UNIT ( $, .STERADIAN. ) SOLID_ANGLE_UNIT ( ) );
#5201 = PRESENTATION_STYLE_ASSIGNMENT (( #31 ) ) ;
#5202 = ORIENTED_EDGE ( 'NONE', *, *, #4792, .F. ) ;
#5203 = DIRECTION ( 'NONE',  ( -0.000000000000000000, -0.000000000000000000, -1.000000000000000000 ) ) ;
#5204 = ORIENTED_EDGE ( 'NONE', *, *, #2834, .F. ) ;
#5205 = VECTOR ( 'NONE', #7975, 1000.000000000000000 ) ;
#5206 = LINE ( 'NONE', #1328, #7665 ) ;
#5207 = CARTESIAN_POINT ( 'NONE',  ( 3.185466478527304801, 3.877691542223584698, -0.3500000000000000888 ) ) ;
#5208 = FILL_AREA_STYLE ('',( #6609 ) ) ;
#5209 = PLANE ( 'NONE',  #2469 ) ;
#5210 = CARTESIAN_POINT ( 'NONE',  ( 1.940000000000000613, 6.299999999999999822, 0.3499999999999998668 ) ) ;
#5211 = ORIENTED_EDGE ( 'NONE', *, *, #973, .T. ) ;
#5212 = AXIS2_PLACEMENT_3D ( 'NONE', #8867, #1396, #4377 ) ;
#5213 =( LENGTH_UNIT ( ) NAMED_UNIT ( * ) SI_UNIT ( .MILLI., .METRE. ) );
#5214 = EDGE_CURVE ( 'NONE', #3226, #7464, #3945, .T. ) ;
#5215 = CARTESIAN_POINT ( 'NONE',  ( 5.808502052288794459, 6.125528511109557428, 0.3499999999999998668 ) ) ;
#5216 = VECTOR ( 'NONE', #9439, 1000.000000000000000 ) ;
#5217 = PLANE ( 'NONE',  #7963 ) ;
#5218 = CARTESIAN_POINT ( 'NONE',  ( 10.75999999999999979, 6.299999999999999822, 0.3499999999999996447 ) ) ;
#5219 = PLANE ( 'NONE',  #4509 ) ;
#5220 = LINE ( 'NONE', #5273, #4588 ) ;
#5221 = EDGE_CURVE ( 'NONE', #1216, #714, #3733, .T. ) ;
#5222 = DIRECTION ( 'NONE',  ( 1.000000000000000000, 0.000000000000000000, 0.000000000000000000 ) ) ;
#5223 = DIRECTION ( 'NONE',  ( -0.000000000000000000, 1.000000000000000000, -0.000000000000000000 ) ) ;
#5224 =( NAMED_UNIT ( * ) SI_UNIT ( $, .STERADIAN. ) SOLID_ANGLE_UNIT ( ) );
#5225 = ORIENTED_EDGE ( 'NONE', *, *, #1383, .T. ) ;
#5226 = MECHANICAL_DESIGN_GEOMETRIC_PRESENTATION_REPRESENTATION (  '', ( #3037 ), #1460 ) ;
#5227 = ORIENTED_EDGE ( 'NONE', *, *, #8435, .F. ) ;
#5228 =( GEOMETRIC_REPRESENTATION_CONTEXT ( 3 ) GLOBAL_UNCERTAINTY_ASSIGNED_CONTEXT ( ( #6950 ) ) GLOBAL_UNIT_ASSIGNED_CONTEXT ( ( #9442, #4221, #7353 ) ) REPRESENTATION_CONTEXT ( 'NONE', 'WORKASPACE' ) );
#5229 = CIRCLE ( 'NONE', #9112, 0.3000000000000000444 ) ;
#5230 =( LENGTH_UNIT ( ) NAMED_UNIT ( * ) SI_UNIT ( .MILLI., .METRE. ) );
#5231 = DIRECTION ( 'NONE',  ( -0.000000000000000000, 0.000000000000000000, 1.000000000000000000 ) ) ;
#5232 = CARTESIAN_POINT ( 'NONE',  ( 11.62999999999999723, 0.5000000000000000000, -0.6499999999999989120 ) ) ;
#5233 = MECHANICAL_DESIGN_GEOMETRIC_PRESENTATION_REPRESENTATION (  '', ( #6319 ), #8807 ) ;
#5234 = CARTESIAN_POINT ( 'NONE',  ( 6.675304513043835541, 4.083092593512597901, 0.3499999999999997002 ) ) ;
#5235 = CARTESIAN_POINT ( 'NONE',  ( 5.766754932607761397, 6.500000000000000888, 0.3499999999999988676 ) ) ;
#5236 = COLOUR_RGB ( '',0.8313725490196077761, 0.6705882352941175961, 0.1294117647058823373 ) ;
#5237 = LINE ( 'NONE', #5867, #1607 ) ;
#5238 = ORIENTED_EDGE ( 'NONE', *, *, #9412, .T. ) ;
#5239 = PRESENTATION_STYLE_ASSIGNMENT (( #5146 ) ) ;
#5240 = ORIENTED_EDGE ( 'NONE', *, *, #5277, .F. ) ;
#5241 = COLOUR_RGB ( '',0.8313725490196077761, 0.6705882352941175961, 0.1294117647058823373 ) ;
#5242 = EDGE_CURVE ( 'NONE', #1609, #7965, #186, .T. ) ;
#5243 = DIRECTION ( 'NONE',  ( 0.000000000000000000, 0.000000000000000000, 1.000000000000000000 ) ) ;
#5244 = DIRECTION ( 'NONE',  ( 0.000000000000000000, -0.000000000000000000, -1.000000000000000000 ) ) ;
#5245 = FILL_AREA_STYLE ('',( #784 ) ) ;
#5246 = CARTESIAN_POINT ( 'NONE',  ( 3.326758496035389090, 5.779404586027643731, -0.3500000000000001443 ) ) ;
#5247 = ORIENTED_EDGE ( 'NONE', *, *, #1280, .T. ) ;
#5248 = CARTESIAN_POINT ( 'NONE',  ( 1.540000000000000924, 6.299999999999999822, -0.3850000000000000089 ) ) ;
#5249 = COLOUR_RGB ( '',1.000000000000000000, 1.000000000000000000, 1.000000000000000000 ) ;
#5250 = DIRECTION ( 'NONE',  ( -0.000000000000000000, -0.000000000000000000, -1.000000000000000000 ) ) ;
#5251 = DIRECTION ( 'NONE',  ( -0.000000000000000000, -1.000000000000000000, 1.668003342285392044E-16 ) ) ;
#5252 = VERTEX_POINT ( 'NONE', #6663 ) ;
#5253 = LINE ( 'NONE', #6693, #2386 ) ;
#5254 = ORIENTED_EDGE ( 'NONE', *, *, #9338, .F. ) ;
#5255 = EDGE_CURVE ( 'NONE', #5568, #3210, #3684, .T. ) ;
#5256 =( LENGTH_UNIT ( ) NAMED_UNIT ( * ) SI_UNIT ( .MILLI., .METRE. ) );
#5257 = LINE ( 'NONE', #137, #4825 ) ;
#5258 = LINE ( 'NONE', #9090, #3176 ) ;
#5259 = EDGE_CURVE ( 'NONE', #8623, #4430, #2007, .T. ) ;
#5260 = SURFACE_STYLE_FILL_AREA ( #8906 ) ;
#5261 = EDGE_CURVE ( 'NONE', #1799, #4843, #8261, .T. ) ;
#5262 = CARTESIAN_POINT ( 'NONE',  ( 11.16000000000000014, 6.500000000000000888, 0.3499999999999989231 ) ) ;
#5263 = FACE_OUTER_BOUND ( 'NONE', #6981, .T. ) ;
#5264 = CARTESIAN_POINT ( 'NONE',  ( 1.778779213129837000, 5.920464898423919209, 0.3499999999999998668 ) ) ;
#5265 = ORIENTED_EDGE ( 'NONE', *, *, #5984, .T. ) ;
#5266 = SURFACE_STYLE_USAGE ( .BOTH. , #44 ) ;
#5267 = VECTOR ( 'NONE', #940, 1000.000000000000000 ) ;
#5268 = CARTESIAN_POINT ( 'NONE',  ( 5.872485366313218158, 5.744802409713649638, 0.3499999999999998113 ) ) ;
#5269 =( LENGTH_UNIT ( ) NAMED_UNIT ( * ) SI_UNIT ( .MILLI., .METRE. ) );
#5271 = VECTOR ( 'NONE', #3635, 1000.000000000000000 ) ;
#5270 =( NAMED_UNIT ( * ) SI_UNIT ( $, .STERADIAN. ) SOLID_ANGLE_UNIT ( ) );
#5272 = CARTESIAN_POINT ( 'NONE',  ( 11.62999999999999723, 0.5000000000000000000, -0.6499999999999989120 ) ) ;
#5273 = CARTESIAN_POINT ( 'NONE',  ( 9.160000000000001918, 6.500000000000000888, -0.3500000000000010880 ) ) ;
#5274 = PLANE ( 'NONE',  #4789 ) ;
#5275 = CARTESIAN_POINT ( 'NONE',  ( 0.6000000000000005329, 6.299999999999999822, -0.3499999999999999778 ) ) ;
#5276 = SURFACE_STYLE_USAGE ( .BOTH. , #9108 ) ;
#5277 = EDGE_CURVE ( 'NONE', #505, #1624, #6673, .T. ) ;
#5278 = ORIENTED_EDGE ( 'NONE', *, *, #7027, .F. ) ;
#5279 = AXIS2_PLACEMENT_3D ( 'NONE', #2761, #4920, #5748 ) ;
#5280 = ORIENTED_EDGE ( 'NONE', *, *, #1544, .F. ) ;
#5281 = DIRECTION ( 'NONE',  ( -0.7071067811865474617, -0.7071067811865474617, -0.000000000000000000 ) ) ;
#5282 = CARTESIAN_POINT ( 'NONE',  ( 4.393245067392238745, 8.000000000000000000, 0.6500000000000000222 ) ) ;
#5283 = ORIENTED_EDGE ( 'NONE', *, *, #1401, .T. ) ;
#5284 =( NAMED_UNIT ( * ) SI_UNIT ( $, .STERADIAN. ) SOLID_ANGLE_UNIT ( ) );
#5285 = UNCERTAINTY_MEASURE_WITH_UNIT (LENGTH_MEASURE( 1.000000000000000082E-05 ), #6619, 'distance_accuracy_value', 'NONE');
#5286 = CARTESIAN_POINT ( 'NONE',  ( 4.580000000000001847, 6.299999999999999822, 0.3499999999999998113 ) ) ;
#5287 =( GEOMETRIC_REPRESENTATION_CONTEXT ( 3 ) GLOBAL_UNCERTAINTY_ASSIGNED_CONTEXT ( ( #1894 ) ) GLOBAL_UNIT_ASSIGNED_CONTEXT ( ( #8577, #410, #2071 ) ) REPRESENTATION_CONTEXT ( 'NONE', 'WORKASPACE' ) );
#5288 = LINE ( 'NONE', #822, #5598 ) ;
#5289 = EDGE_CURVE ( 'NONE', #385, #556, #3234, .T. ) ;
#5290 = FACE_OUTER_BOUND ( 'NONE', #1420, .T. ) ;
#5291 = ORIENTED_EDGE ( 'NONE', *, *, #4402, .F. ) ;
#5292 = VERTEX_POINT ( 'NONE', #8364 ) ;
#5293 = VECTOR ( 'NONE', #6991, 1000.000000000000000 ) ;
#5294 = ADVANCED_FACE ( 'NONE', ( #931 ), #5219, .F. ) ;
#5295 = AXIS2_PLACEMENT_3D ( 'NONE', #7814, #1993, #6972 ) ;
#5296 = CARTESIAN_POINT ( 'NONE',  ( 9.310816522019157659, 5.324198710740768448, -0.3500000000000003664 ) ) ;
#5297 = CARTESIAN_POINT ( 'NONE',  ( 4.727475984454220459, 5.732672356334980179, -0.3500000000000001443 ) ) ;
#5298 = LINE ( 'NONE', #1666, #1950 ) ;
#5299 = PRESENTATION_LAYER_ASSIGNMENT (  '', '', ( #2792 ) ) ;
#5300 = VERTEX_POINT ( 'NONE', #709 ) ;
#5301 =( NAMED_UNIT ( * ) PLANE_ANGLE_UNIT ( ) SI_UNIT ( $, .RADIAN. ) );
#5302 = AXIS2_PLACEMENT_3D ( 'NONE', #1903, #5521, #4099 ) ;
#5303 = AXIS2_PLACEMENT_3D ( 'NONE', #6111, #2388, #8311 ) ;
#5304 = CARTESIAN_POINT ( 'NONE',  ( 9.810000000000000497, 8.199999999999999289, 0.3499999999999999778 ) ) ;
#5305 = VERTEX_POINT ( 'NONE', #5945 ) ;
#5306 = PLANE ( 'NONE',  #9104 ) ;
#5307 = ORIENTED_EDGE ( 'NONE', *, *, #6427, .T. ) ;
#5308 = ADVANCED_FACE ( 'NONE', ( #8865 ), #5491, .F. ) ;
#5309 = DIRECTION ( 'NONE',  ( 0.000000000000000000, -3.097720492815727166E-16, -1.000000000000000000 ) ) ;
#5310 = EDGE_CURVE ( 'NONE', #7775, #3963, #2172, .T. ) ;
#5311 = CYLINDRICAL_SURFACE ( 'NONE', #5530, 0.2000000000000000944 ) ;
#5312 = CARTESIAN_POINT ( 'NONE',  ( 10.84675493260776236, 0.5000000000000000000, -0.6500000000000013545 ) ) ;
#5313 = CARTESIAN_POINT ( 'NONE',  ( 5.766754932607761397, 6.500000000000000888, -0.3500000000000010880 ) ) ;
#5314 = LINE ( 'NONE', #799, #853 ) ;
#5315 = CARTESIAN_POINT ( 'NONE',  ( 1.684309810834100363, 5.260692584315934006, 0.3499999999999998113 ) ) ;
#5316 = ORIENTED_EDGE ( 'NONE', *, *, #7820, .T. ) ;
#5317 = STYLED_ITEM ( 'NONE', ( #3243 ), #6017 ) ;
#5318 = LINE ( 'NONE', #7399, #6841 ) ;
#5319 = DIRECTION ( 'NONE',  ( 0.000000000000000000, 3.097720492815727166E-16, 1.000000000000000000 ) ) ;
#5320 = EDGE_CURVE ( 'NONE', #8556, #7892, #8193, .T. ) ;
#5321 = EDGE_CURVE ( 'NONE', #7260, #8584, #759, .T. ) ;
#5322 = CARTESIAN_POINT ( 'NONE',  ( 6.039999415201713795, 3.767448265748726044, 0.3499999999999998668 ) ) ;
#5323 = FILL_AREA_STYLE_COLOUR ( '', #9253 ) ;
#5324 = LINE ( 'NONE', #102, #4636 ) ;
#5325 = CYLINDRICAL_SURFACE ( 'NONE', #9455, 0.2999999999999999334 ) ;
#5326 = ORIENTED_EDGE ( 'NONE', *, *, #886, .F. ) ;
#5327 = ADVANCED_FACE ( 'NONE', ( #7886 ), #4961, .F. ) ;
#5328 = EDGE_LOOP ( 'NONE', ( #4916, #1022, #9277, #3970 ) ) ;
#5329 =( NAMED_UNIT ( * ) PLANE_ANGLE_UNIT ( ) SI_UNIT ( $, .RADIAN. ) );
#5330 = DIRECTION ( 'NONE',  ( 0.000000000000000000, 0.000000000000000000, -1.000000000000000000 ) ) ;
#5331 = CARTESIAN_POINT ( 'NONE',  ( 8.381220786870201778, 5.920464898423896116, -0.3500000000000002554 ) ) ;
#5332 = VERTEX_POINT ( 'NONE', #7935 ) ;
#5333 =( BOUNDED_CURVE ( )  B_SPLINE_CURVE ( 3, ( #9662, #1451, #2979, #5092, #2229, #4440, #1507 ),
 .UNSPECIFIED., .F., .T. ) 
 B_SPLINE_CURVE_WITH_KNOTS ( ( 4, 3, 4 ),
 ( 0.8078321013870638501, 3.141592653589792228, 5.475353205792520050 ),
 .UNSPECIFIED. ) 
 CURVE ( )  GEOMETRIC_REPRESENTATION_ITEM ( )  RATIONAL_B_SPLINE_CURVE ( ( 1.000000000000000000, 0.5953481791230079700, 0.5953481791230079700, 1.000000000000000000, 0.5953481791230080811, 0.5953481791230080811, 1.000000000000000000 ) ) 
 REPRESENTATION_ITEM ( '' )  );
#5334 =( LENGTH_UNIT ( ) NAMED_UNIT ( * ) SI_UNIT ( .MILLI., .METRE. ) );
#5335 = CARTESIAN_POINT ( 'NONE',  ( 0.6000000000000005329, 6.299999999999999822, -0.1166666666666667518 ) ) ;
#5336 = CARTESIAN_POINT ( 'NONE',  ( 4.080000000000000071, 0.5000000000000000000, -0.3500000000000000888 ) ) ;
#5337 = CARTESIAN_POINT ( 'NONE',  ( 4.080000000000000071, 1.800000000000000488, -0.3500000000000001443 ) ) ;
#5338 = ORIENTED_EDGE ( 'NONE', *, *, #7720, .T. ) ;
#5339 = VERTEX_POINT ( 'NONE', #1224 ) ;
#5340 = EDGE_CURVE ( 'NONE', #1439, #512, #6315, .T. ) ;
#5341 = SURFACE_STYLE_USAGE ( .BOTH. , #2338 ) ;
#5342 = CARTESIAN_POINT ( 'NONE',  ( 7.156643101092098114, 1.700000000000000400, -0.3500000000000003109 ) ) ;
#5343 = CARTESIAN_POINT ( 'NONE',  ( 3.326052886485986182, 5.783587059575307165, -0.3500000000000000333 ) ) ;
#5344 = ORIENTED_EDGE ( 'NONE', *, *, #8367, .F. ) ;
#5345 = CARTESIAN_POINT ( 'NONE',  ( 0.000000000000000000, 6.299999999999999822, -0.3499999999999999778 ) ) ;
#5346 = EDGE_CURVE ( 'NONE', #5011, #529, #1027, .T. ) ;
#5347 = FACE_OUTER_BOUND ( 'NONE', #6417, .T. ) ;
#5348 =( LENGTH_UNIT ( ) NAMED_UNIT ( * ) SI_UNIT ( .MILLI., .METRE. ) );
#5349 = VERTEX_POINT ( 'NONE', #432 ) ;
#5350 = CARTESIAN_POINT ( 'NONE',  ( 8.619999999999999218, 6.500000000000000888, 0.3499999999999989231 ) ) ;
#5351 = VERTEX_POINT ( 'NONE', #336 ) ;
#5352 =( LENGTH_UNIT ( ) NAMED_UNIT ( * ) SI_UNIT ( .MILLI., .METRE. ) );
#5353 = AXIS2_PLACEMENT_3D ( 'NONE', #2544, #4758, #5537 ) ;
#5354 = CARTESIAN_POINT ( 'NONE',  ( 9.810000000000000497, 0.5000000000000005551, 0.3499999999999996447 ) ) ;
#5355 = VERTEX_POINT ( 'NONE', #3371 ) ;
#5356 = CARTESIAN_POINT ( 'NONE',  ( 7.970000000000001528, -2.800000000000001155, -0.3500000000000002554 ) ) ;
#5357 = CARTESIAN_POINT ( 'NONE',  ( 0.9455177966741296069, 4.067306563708456224, 0.3500000000000000333 ) ) ;
#5358 = CARTESIAN_POINT ( 'NONE',  ( 7.620000000000000107, 0.000000000000000000, -0.3500000000000002554 ) ) ;
#5359 = CARTESIAN_POINT ( 'NONE',  ( 1.595723020487988641, 4.091073788932123811, 0.3499999999999998113 ) ) ;
#5360 = EDGE_CURVE ( 'NONE', #8213, #5104, #2541, .T. ) ;
#5361 = ORIENTED_EDGE ( 'NONE', *, *, #2444, .T. ) ;
#5362 = DIRECTION ( 'NONE',  ( 0.000000000000000000, 0.000000000000000000, -1.000000000000000000 ) ) ;
#5363 = MECHANICAL_DESIGN_GEOMETRIC_PRESENTATION_REPRESENTATION (  '', ( #9551 ), #4723 ) ;
#5364 = CARTESIAN_POINT ( 'NONE',  ( 5.878210463979507416, 5.709058272658547040, 0.3499999999999997558 ) ) ;
#5365 = DIRECTION ( 'NONE',  ( 0.000000000000000000, 0.000000000000000000, 1.000000000000000000 ) ) ;
#5366 = CARTESIAN_POINT ( 'NONE',  ( 2.187475984454220423, 5.732672356334980179, -0.3500000000000000888 ) ) ;
#5367 = CARTESIAN_POINT ( 'NONE',  ( 1.000000000000000666, 1.121588454295350273E-16, 0.3499999999999999778 ) ) ;
#5368 = COLOUR_RGB ( '',0.8313725490196077761, 0.6705882352941175961, 0.1294117647058823373 ) ;
#5369 = DIRECTION ( 'NONE',  ( 1.000000000000000000, 0.000000000000000000, 0.000000000000000000 ) ) ;
#5370 = CARTESIAN_POINT ( 'NONE',  ( 0.000000000000000000, 8.000000000000000000, 0.000000000000000000 ) ) ;
#5371 = ORIENTED_EDGE ( 'NONE', *, *, #9005, .F. ) ;
#5372 = EDGE_LOOP ( 'NONE', ( #955, #4210, #6165, #4831 ) ) ;
#5373 = VECTOR ( 'NONE', #457, 1000.000000000000000 ) ;
#5374 = VECTOR ( 'NONE', #3862, 1000.000000000000000 ) ;
#5375 = PLANE ( 'NONE',  #9158 ) ;
#5376 = ORIENTED_EDGE ( 'NONE', *, *, #5616, .F. ) ;
#5377 = FILL_AREA_STYLE_COLOUR ( '', #8624 ) ;
#5378 = CARTESIAN_POINT ( 'NONE',  ( 6.677499970055217560, 4.124619419408429799, 0.3499999999999997002 ) ) ;
#5379 = CARTESIAN_POINT ( 'NONE',  ( 7.270000000000000462, 0.000000000000000000, -0.3499999999999999778 ) ) ;
#5380 = VECTOR ( 'NONE', #1548, 1000.000000000000000 ) ;
#5381 = ADVANCED_FACE ( 'NONE', ( #9331 ), #2596, .F. ) ;
#5382 = ORIENTED_EDGE ( 'NONE', *, *, #7691, .F. ) ;
#5383 = ORIENTED_EDGE ( 'NONE', *, *, #1138, .F. ) ;
#5384 = LINE ( 'NONE', #4502, #3216 ) ;
#5385 = VECTOR ( 'NONE', #248, 1000.000000000000000 ) ;
#5386 = PRESENTATION_STYLE_ASSIGNMENT (( #125 ) ) ;
#5387 = FACE_OUTER_BOUND ( 'NONE', #8448, .T. ) ;
#5388 = ORIENTED_EDGE ( 'NONE', *, *, #2477, .F. ) ;
#5389 = DIRECTION ( 'NONE',  ( 1.000000000000000000, 1.084202172485504434E-16, 0.000000000000000000 ) ) ;
#5390 = AXIS2_PLACEMENT_3D ( 'NONE', #1533, #838, #3094 ) ;
#5391 = CARTESIAN_POINT ( 'NONE',  ( -0.3500000000000000333, 8.000000000000000000, 0.3499999999999999778 ) ) ;
#5392 = ORIENTED_EDGE ( 'NONE', *, *, #330, .F. ) ;
#5393 = SURFACE_STYLE_FILL_AREA ( #7630 ) ;
#5394 = EDGE_LOOP ( 'NONE', ( #2627, #4356, #5879, #9020 ) ) ;
#5395 = VECTOR ( 'NONE', #6649, 1000.000000000000000 ) ;
#5396 = SURFACE_STYLE_USAGE ( .BOTH. , #794 ) ;
#5397 = ADVANCED_FACE ( 'NONE', ( #478 ), #942, .T. ) ;
#5398 = SURFACE_STYLE_FILL_AREA ( #6170 ) ;
#5399 =( LENGTH_UNIT ( ) NAMED_UNIT ( * ) SI_UNIT ( .MILLI., .METRE. ) );
#5400 = ORIENTED_EDGE ( 'NONE', *, *, #9252, .F. ) ;
#5401 = DIRECTION ( 'NONE',  ( 0.000000000000000000, 1.000000000000000000, -3.097720492815727166E-16 ) ) ;
#5402 = DIRECTION ( 'NONE',  ( 0.000000000000000000, 0.000000000000000000, 1.000000000000000000 ) ) ;
#5403 =( LENGTH_UNIT ( ) NAMED_UNIT ( * ) SI_UNIT ( .MILLI., .METRE. ) );
#5404 = EDGE_LOOP ( 'NONE', ( #6739, #4535, #3069, #2093 ) ) ;
#5405 = PRESENTATION_STYLE_ASSIGNMENT (( #5266 ) ) ;
#5406 = STYLED_ITEM ( 'NONE', ( #6110 ), #2095 ) ;
#5407 = EDGE_CURVE ( 'NONE', #391, #5568, #9575, .T. ) ;
#5408 = CARTESIAN_POINT ( 'NONE',  ( -0.3252558198818047974, 5.589454083063166046, -0.3499999999999999778 ) ) ;
#5409 =( NAMED_UNIT ( * ) PLANE_ANGLE_UNIT ( ) SI_UNIT ( $, .RADIAN. ) );
#5410 = CARTESIAN_POINT ( 'NONE',  ( 0.000000000000000000, 8.000000000000000000, 0.000000000000000000 ) ) ;
#5411 = CARTESIAN_POINT ( 'NONE',  ( 4.480000000000000426, 6.299999999999999822, 0.3499999999999998113 ) ) ;
#5412 = DIRECTION ( 'NONE',  ( 1.000000000000000000, 0.000000000000000000, 0.000000000000000000 ) ) ;
#5413 = CARTESIAN_POINT ( 'NONE',  ( 6.620000000000000995, -1.121588454295348794E-16, 0.3499999999999997002 ) ) ;
#5414 =( LENGTH_UNIT ( ) NAMED_UNIT ( * ) SI_UNIT ( .MILLI., .METRE. ) );
#5415 = ORIENTED_EDGE ( 'NONE', *, *, #5462, .T. ) ;
#5416 = ORIENTED_EDGE ( 'NONE', *, *, #8430, .T. ) ;
#5417 = AXIS2_PLACEMENT_3D ( 'NONE', #6861, #5412, #205 ) ;
#5418 = COLOUR_RGB ( '',0.8313725490196077761, 0.6705882352941175961, 0.1294117647058823373 ) ;
#5419 = LINE ( 'NONE', #2327, #2677 ) ;
#5420 = FACE_OUTER_BOUND ( 'NONE', #5147, .T. ) ;
#5421 = EDGE_CURVE ( 'NONE', #3133, #2838, #1271, .T. ) ;
#5422 = VERTEX_POINT ( 'NONE', #7229 ) ;
#5423 = LINE ( 'NONE', #6094, #27 ) ;
#5424 = CARTESIAN_POINT ( 'NONE',  ( 11.16000000000000192, 1.121588454295350273E-16, 0.3499999999999996447 ) ) ;
#5425 = MECHANICAL_DESIGN_GEOMETRIC_PRESENTATION_REPRESENTATION (  '', ( #7131 ), #1051 ) ;
#5426 = CLOSED_SHELL ( 'NONE', ( #2066, #6349, #4218, #3721, #2368, #4349, #9598, #9029, #3522, #3361, #4224, #6061, #5397, #1534, #7835, #8666, #696, #1061, #7599, #7264, #81, #5430, #863 ) ) ;
#5427 = CARTESIAN_POINT ( 'NONE',  ( 7.120000000000000995, 6.084152315493286167, -0.3500000000000002554 ) ) ;
#5428 = ORIENTED_EDGE ( 'NONE', *, *, #3432, .F. ) ;
#5429 = ORIENTED_EDGE ( 'NONE', *, *, #5735, .F. ) ;
#5430 = ADVANCED_FACE ( 'NONE', ( #627 ), #8122, .T. ) ;
#5431 = CARTESIAN_POINT ( 'NONE',  ( -0.4633568989079023814, 1.700000000000002620, -0.3499999999999999778 ) ) ;
#5432 = ADVANCED_FACE ( 'NONE', ( #3657 ), #8893, .T. ) ;
#5433 = LINE ( 'NONE', #23, #5888 ) ;
#5434 = CARTESIAN_POINT ( 'NONE',  ( 10.62335689890790036, 1.699999999999999289, 0.3499999999999996447 ) ) ;
#5435 = CARTESIAN_POINT ( 'NONE',  ( 7.945255819881804626, 5.589454083063165157, -0.3500000000000002554 ) ) ;
#5436 = SURFACE_STYLE_FILL_AREA ( #785 ) ;
#5437 = LINE ( 'NONE', #1521, #8719 ) ;
#5438 = ORIENTED_EDGE ( 'NONE', *, *, #4407, .T. ) ;
#5439 = CARTESIAN_POINT ( 'NONE',  ( -0.3500000000000000333, 0.000000000000000000, -0.3499999999999999778 ) ) ;
#5440 = CARTESIAN_POINT ( 'NONE',  ( 11.02157573489161635, 5.204467366490781899, 0.3499999999999996447 ) ) ;
#5441 = CARTESIAN_POINT ( 'NONE',  ( 10.80546647852730580, 3.877691542223589138, -0.3500000000000003109 ) ) ;
#5442 = ORIENTED_EDGE ( 'NONE', *, *, #2204, .F. ) ;
#5443 = VECTOR ( 'NONE', #8267, 1000.000000000000000 ) ;
#5444 = ORIENTED_EDGE ( 'NONE', *, *, #3319, .F. ) ;
#5445 = PRODUCT_DEFINITION_FORMATION_WITH_SPECIFIED_SOURCE ( 'ANY', '', #3566, .NOT_KNOWN. ) ;
#5446 = SURFACE_SIDE_STYLE ('',( #2436 ) ) ;
#5447 = CARTESIAN_POINT ( 'NONE',  ( 9.160000000000001918, 6.299999999999999822, -0.3850000000000002309 ) ) ;
#5448 = CARTESIAN_POINT ( 'NONE',  ( 1.940000000000000613, 6.299999999999999822, -0.3500000000000000888 ) ) ;
#5449 = CARTESIAN_POINT ( 'NONE',  ( 11.62999999999999723, 8.500000000000000000, 1.199999999999999512 ) ) ;
#5450 = ORIENTED_EDGE ( 'NONE', *, *, #7498, .F. ) ;
#5451 = LINE ( 'NONE', #8558, #3803 ) ;
#5452 = VERTEX_POINT ( 'NONE', #8265 ) ;
#5453 = CARTESIAN_POINT ( 'NONE',  ( 10.48184573388397922, 5.626229152235330488, -0.3500000000000003109 ) ) ;
#5454 = CARTESIAN_POINT ( 'NONE',  ( 8.083356898907899435, 1.699999999999999289, 0.3499999999999997002 ) ) ;
#5455 = UNCERTAINTY_MEASURE_WITH_UNIT (LENGTH_MEASURE( 1.000000000000000082E-05 ), #8103, 'distance_accuracy_value', 'NONE');
#5456 = PRESENTATION_STYLE_ASSIGNMENT (( #6085 ) ) ;
#5457 = CARTESIAN_POINT ( 'NONE',  ( 10.51000000000000156, 0.5000000000000005551, 0.3499999999999996447 ) ) ;
#5458 = VECTOR ( 'NONE', #1547, 1000.000000000000000 ) ;
#5459 = LINE ( 'NONE', #4034, #6941 ) ;
#5460 = DIRECTION ( 'NONE',  ( 1.000000000000000000, 0.000000000000000000, 0.000000000000000000 ) ) ;
#5461 = SURFACE_STYLE_FILL_AREA ( #8619 ) ;
#5462 = EDGE_CURVE ( 'NONE', #5305, #4697, #5437, .T. ) ;
#5463 = ORIENTED_EDGE ( 'NONE', *, *, #5712, .T. ) ;
#5464 = CARTESIAN_POINT ( 'NONE',  ( 10.51252401554577887, 5.732672356334977515, -0.3500000000000003109 ) ) ;
#5465 = ORIENTED_EDGE ( 'NONE', *, *, #6029, .F. ) ;
#5466 = CARTESIAN_POINT ( 'NONE',  ( 8.620000000000000995, 1.800000000000000488, -0.1283333333333337434 ) ) ;
#5467 =( NAMED_UNIT ( * ) PLANE_ANGLE_UNIT ( ) SI_UNIT ( $, .RADIAN. ) );
#5468 = ORIENTED_EDGE ( 'NONE', *, *, #5407, .T. ) ;
#5469 = CARTESIAN_POINT ( 'NONE',  ( -1.000000000000000000, 6.500000000000000888, -0.3500000000000010880 ) ) ;
#5470 = VERTEX_POINT ( 'NONE', #7480 ) ;
#5471 = B_SPLINE_CURVE_WITH_KNOTS ( 'NONE', 3,
 ( #3102, #6077, #2355, #3053, #4468, #6698, #8231, #4414, #1538, #5357, #4519, #7492, #6122, #141, #798, #1634, #3769, #6745, #4611, #7586, #893, #6028, #3141, #6174, #189, #3185, #4017, #1819, #8511, #3973, #7682, #1131, #6944 ),
 .UNSPECIFIED., .F., .F.,
 ( 4, 1, 1, 1, 1, 1, 1, 2, 2, 1, 1, 1, 1, 1, 2, 2, 1, 1, 1, 1, 1, 1, 2, 2, 4 ),
 ( 0.000000000000000000, 0.2500000000000368039, 0.3750000000000551781, 0.4375000000000643929, 0.4687500000000690004, 0.4843750000000708877, 0.4921875000000714429, 0.4960937500000717759, 0.5000000000000720535, 0.6250000000000727196, 0.6875000000000727196, 0.7187500000000727196, 0.7343750000000727196, 0.7421875000000727196, 0.7460937500000723865, 0.7500000000000720535, 0.8125000000000687228, 0.8437500000000673905, 0.8593750000000667244, 0.8671875000000663913, 0.8710937500000661693, 0.8730468750000658362, 0.8740234375000652811, 0.8750000000000647260, 1.000000000000000000 ),
 .UNSPECIFIED. ) ;
#5472 = ORIENTED_EDGE ( 'NONE', *, *, #77, .T. ) ;
#5473 = EDGE_CURVE ( 'NONE', #5568, #1971, #786, .T. ) ;
#5474 = COLOUR_RGB ( '',0.8313725490196077761, 0.6705882352941175961, 0.1294117647058823373 ) ;
#5475 = LINE ( 'NONE', #2070, #4958 ) ;
#5476 = PRESENTATION_STYLE_ASSIGNMENT (( #9031 ) ) ;
#5477 = CARTESIAN_POINT ( 'NONE',  ( -0.9999999999999995559, 1.800000000000000488, -0.1283333333333334936 ) ) ;
#5478 = PLANE ( 'NONE',  #695 ) ;
#5479 = SURFACE_STYLE_FILL_AREA ( #6206 ) ;
#5480 = ORIENTED_EDGE ( 'NONE', *, *, #4547, .F. ) ;
#5481 =( NAMED_UNIT ( * ) SI_UNIT ( $, .STERADIAN. ) SOLID_ANGLE_UNIT ( ) );
#5482 = CARTESIAN_POINT ( 'NONE',  ( 11.02262604745993357, 5.194217234910147418, 0.3499999999999996447 ) ) ;
#5483 = ORIENTED_EDGE ( 'NONE', *, *, #5604, .T. ) ;
#5484 = EDGE_CURVE ( 'NONE', #9596, #8213, #3573, .T. ) ;
#5485 = VECTOR ( 'NONE', #1124, 1000.000000000000000 ) ;
#5486 = ORIENTED_EDGE ( 'NONE', *, *, #6128, .T. ) ;
#5487 = CARTESIAN_POINT ( 'NONE',  ( 10.89504201044608855, 6.043840788194753344, -0.3500000000000003664 ) ) ;
#5488 = CARTESIAN_POINT ( 'NONE',  ( 9.160000000000001918, 6.299999999999999822, 0.1283333333333332438 ) ) ;
#5489 = UNCERTAINTY_MEASURE_WITH_UNIT (LENGTH_MEASURE( 1.000000000000000082E-05 ), #3145, 'distance_accuracy_value', 'NONE');
#5490 =( NAMED_UNIT ( * ) PLANE_ANGLE_UNIT ( ) SI_UNIT ( $, .RADIAN. ) );
#5491 = PLANE ( 'NONE',  #2004 ) ;
#5492 = ORIENTED_EDGE ( 'NONE', *, *, #8481, .T. ) ;
#5493 = FACE_OUTER_BOUND ( 'NONE', #8123, .T. ) ;
#5494 = DIRECTION ( 'NONE',  ( -0.000000000000000000, -1.668003342285388099E-16, -1.000000000000000000 ) ) ;
#5495 = CARTESIAN_POINT ( 'NONE',  ( 5.528193045422142404, 5.884855341312109189, -0.3500000000000001443 ) ) ;
#5496 = CARTESIAN_POINT ( 'NONE',  ( -0.6867549326077613259, 0.5000000000000000000, -0.3500000000000000888 ) ) ;
#5497 = ORIENTED_EDGE ( 'NONE', *, *, #4561, .F. ) ;
#5498 = CARTESIAN_POINT ( 'NONE',  ( 9.340714092337830010, 5.570187327444797276, 0.3499999999999997002 ) ) ;
#5499 = CARTESIAN_POINT ( 'NONE',  ( 0.7000000000000006217, 0.8000000000000007105, -0.3499999999999999778 ) ) ;
#5500 = UNCERTAINTY_MEASURE_WITH_UNIT (LENGTH_MEASURE( 1.000000000000000082E-05 ), #2206, 'distance_accuracy_value', 'NONE');
#5501 = MANIFOLD_SOLID_BREP ( 'LPattern17', #728 ) ;
#5502 = CARTESIAN_POINT ( 'NONE',  ( 4.380000000000000782, 0.8000000000000004885, -0.3500000000000001443 ) ) ;
#5503 = CARTESIAN_POINT ( 'NONE',  ( 6.080000000000000071, 1.800000000000000488, 0.1283333333333331605 ) ) ;
#5504 = CARTESIAN_POINT ( 'NONE',  ( 5.405255819881806367, 5.589454083063162493, 0.3499999999999998113 ) ) ;
#5505 = DIRECTION ( 'NONE',  ( -0.000000000000000000, -0.000000000000000000, -1.000000000000000000 ) ) ;
#5506 = CARTESIAN_POINT ( 'NONE',  ( 4.135304513043836394, 4.083092593512598789, 0.3499999999999998668 ) ) ;
#5507 = AXIS2_PLACEMENT_3D ( 'NONE', #9025, #222, #8300 ) ;
#5508 = ORIENTED_EDGE ( 'NONE', *, *, #3492, .F. ) ;
#5509 = UNCERTAINTY_MEASURE_WITH_UNIT (LENGTH_MEASURE( 1.000000000000000082E-05 ), #7898, 'distance_accuracy_value', 'NONE');
#5510 = CARTESIAN_POINT ( 'NONE',  ( 4.754744180118195551, 5.589454083063166046, 0.3499999999999998113 ) ) ;
#5511 = VERTEX_POINT ( 'NONE', #9270 ) ;
#5512 = CARTESIAN_POINT ( 'NONE',  ( 8.320000000000000284, 0.5000000000000006661, -0.3500000000000002554 ) ) ;
#5513 = STYLED_ITEM ( 'NONE', ( #6502 ), #7264 ) ;
#5514 = FILL_AREA_STYLE_COLOUR ( '', #254 ) ;
#5515 = ORIENTED_EDGE ( 'NONE', *, *, #7476, .T. ) ;
#5516 = CARTESIAN_POINT ( 'NONE',  ( 8.306754932607761432, 6.500000000000000888, -0.6500000000000017986 ) ) ;
#5517 = ORIENTED_EDGE ( 'NONE', *, *, #8328, .T. ) ;
#5518 = ORIENTED_EDGE ( 'NONE', *, *, #2882, .T. ) ;
#5519 = CARTESIAN_POINT ( 'NONE',  ( -0.9999999999999996669, 6.299999999999999822, 0.3850000000000000089 ) ) ;
#5520 = VECTOR ( 'NONE', #2833, 1000.000000000000000 ) ;
#5521 = DIRECTION ( 'NONE',  ( -0.000000000000000000, 0.000000000000000000, 1.000000000000000000 ) ) ;
#5522 = ORIENTED_EDGE ( 'NONE', *, *, #4315, .T. ) ;
#5523 = VECTOR ( 'NONE', #5893, 1000.000000000000000 ) ;
#5524 = PLANE ( 'NONE',  #6373 ) ;
#5525 = DIRECTION ( 'NONE',  ( -0.7071067811865489050, 0.7071067811865460184, -0.000000000000000000 ) ) ;
#5526 = PLANE ( 'NONE',  #5772 ) ;
#5527 = ORIENTED_EDGE ( 'NONE', *, *, #3590, .F. ) ;
#5528 = EDGE_CURVE ( 'NONE', #2144, #6487, #1573, .T. ) ;
#5529 = VERTEX_POINT ( 'NONE', #3274 ) ;
#5530 = AXIS2_PLACEMENT_3D ( 'NONE', #3138, #85, #6118 ) ;
#5531 = VECTOR ( 'NONE', #764, 1000.000000000000000 ) ;
#5532 = VECTOR ( 'NONE', #6268, 1000.000000000000000 ) ;
#5533 = CARTESIAN_POINT ( 'NONE',  ( 10.94056955197156178, 5.815522798723456788, -0.3500000000000003664 ) ) ;
#5534 = CARTESIAN_POINT ( 'NONE',  ( 3.206266211150818890, 6.298959448224888291, 0.3499999999999999223 ) ) ;
#5535 = PRESENTATION_STYLE_ASSIGNMENT (( #5640 ) ) ;
#5536 = ORIENTED_EDGE ( 'NONE', *, *, #724, .F. ) ;
#5537 = DIRECTION ( 'NONE',  ( 0.000000000000000000, -0.000000000000000000, -1.000000000000000000 ) ) ;
#5538 = MECHANICAL_DESIGN_GEOMETRIC_PRESENTATION_REPRESENTATION (  '', ( #4441 ), #9116 ) ;
#5539 = SURFACE_SIDE_STYLE ('',( #2598 ) ) ;
#5540 = AXIS2_PLACEMENT_3D ( 'NONE', #6414, #9428, #9383 ) ;
#5541 = DIRECTION ( 'NONE',  ( -0.000000000000000000, -1.668003342285388099E-16, -1.000000000000000000 ) ) ;
#5542 = CARTESIAN_POINT ( 'NONE',  ( 2.890000000000000124, 8.000000000000000000, 0.3499999999999999778 ) ) ;
#5543 = ORIENTED_EDGE ( 'NONE', *, *, #3086, .F. ) ;
#5544 = DIRECTION ( 'NONE',  ( 0.000000000000000000, 0.000000000000000000, -1.000000000000000000 ) ) ;
#5545 = AXIS2_PLACEMENT_3D ( 'NONE', #1920, #6896, #2652 ) ;
#5546 = CARTESIAN_POINT ( 'NONE',  ( 11.16000000000000014, 6.500000000000000888, -0.3500000000000010880 ) ) ;
#5547 = LINE ( 'NONE', #3332, #5385 ) ;
#5548 = EDGE_CURVE ( 'NONE', #872, #329, #9217, .T. ) ;
#5549 = DIRECTION ( 'NONE',  ( -0.7071067811865474617, -0.7071067811865474617, -0.000000000000000000 ) ) ;
#5550 = EDGE_CURVE ( 'NONE', #3703, #8874, #3310, .T. ) ;
#5551 = CARTESIAN_POINT ( 'NONE',  ( 2.540000000000000036, 6.299999999999999822, -0.3500000000000000888 ) ) ;
#5552 = CARTESIAN_POINT ( 'NONE',  ( -0.7350420104460260173, 6.043840788194787983, 0.3499999999999999223 ) ) ;
#5553 = CARTESIAN_POINT ( 'NONE',  ( 4.727475984454220459, 5.732672356334980179, 0.3499999999999998113 ) ) ;
#5554 = FILL_AREA_STYLE_COLOUR ( '', #7113 ) ;
#5555 = DIRECTION ( 'NONE',  ( 1.000000000000000000, 0.000000000000000000, 0.000000000000000000 ) ) ;
#5556 = CARTESIAN_POINT ( 'NONE',  ( 4.344957989553972943, 6.043840788194787095, 0.3499999999999997558 ) ) ;
#5557 =( NAMED_UNIT ( * ) SI_UNIT ( $, .STERADIAN. ) SOLID_ANGLE_UNIT ( ) );
#5558 = ORIENTED_EDGE ( 'NONE', *, *, #1531, .F. ) ;
#5559 = DIRECTION ( 'NONE',  ( -0.000000000000000000, -1.000000000000000000, 1.668003342285392044E-16 ) ) ;
#5560 = ORIENTED_EDGE ( 'NONE', *, *, #8787, .F. ) ;
#5561 = CARTESIAN_POINT ( 'NONE',  ( 0.3500000000000008105, 1.084202172485506745E-17, -0.3499999999999999778 ) ) ;
#5562 = PRESENTATION_STYLE_ASSIGNMENT (( #5762 ) ) ;
#5563 = CARTESIAN_POINT ( 'NONE',  ( 11.16000000000000192, 6.299999999999999822, -0.1283333333333338266 ) ) ;
#5564 = ORIENTED_EDGE ( 'NONE', *, *, #4612, .T. ) ;
#5565 = EDGE_CURVE ( 'NONE', #6614, #2358, #6681, .T. ) ;
#5566 = MANIFOLD_SOLID_BREP ( 'Fillet3', #8076 ) ;
#5567 = VERTEX_POINT ( 'NONE', #8674 ) ;
#5568 = VERTEX_POINT ( 'NONE', #5031 ) ;
#5569 = FACE_OUTER_BOUND ( 'NONE', #8260, .T. ) ;
#5570 = CARTESIAN_POINT ( 'NONE',  ( 0.6000000000000005329, 6.299999999999999822, 0.3849999999999998979 ) ) ;
#5571 = DIRECTION ( 'NONE',  ( 0.6546536707079771977, -0.3779644730092270311, -0.6546536707079771977 ) ) ;
#5572 = VECTOR ( 'NONE', #1008, 1000.000000000000000 ) ;
#5573 = ORIENTED_EDGE ( 'NONE', *, *, #6304, .T. ) ;
#5574 = CARTESIAN_POINT ( 'NONE',  ( 10.95821046397950660, 5.709058272658547040, 0.3499999999999996447 ) ) ;
#5575 =( BOUNDED_SURFACE ( )  B_SPLINE_SURFACE ( 2, 3, ( 
 ( #3434, #5466, #1793, #4783 ),
 ( #360, #9254, #2571, #7760 ),
 ( #4041, #1742, #4938, #8476 ) ),
 .UNSPECIFIED., .F., .F., .T. ) 
 B_SPLINE_SURFACE_WITH_KNOTS ( ( 3, 3 ),
 ( 4, 4 ),
 ( 0.000000000000000000, 1.000000000000000000 ),
 ( -0.0007349999999999999763, 3.500000000000000371E-05 ),
 .UNSPECIFIED. ) 
 GEOMETRIC_REPRESENTATION_ITEM ( )  RATIONAL_B_SPLINE_SURFACE ( (
 ( 1.000000000000000000, 1.000000000000000000, 1.000000000000000000, 1.000000000000000000),
 ( 0.7071067811865475727, 0.7071067811865475727, 0.7071067811865475727, 0.7071067811865475727),
 ( 1.000000000000000000, 1.000000000000000000, 1.000000000000000000, 1.000000000000000000) ) ) 
 REPRESENTATION_ITEM ( '' )  SURFACE ( )  );
#5576 = ORIENTED_EDGE ( 'NONE', *, *, #8670, .T. ) ;
#5577 = EDGE_CURVE ( 'NONE', #9208, #1445, #5661, .T. ) ;
#5578 = ORIENTED_EDGE ( 'NONE', *, *, #2669, .F. ) ;
#5579 = EDGE_CURVE ( 'NONE', #5349, #7329, #502, .T. ) ;
#5580 = AXIS2_PLACEMENT_3D ( 'NONE', #3885, #4859, #903 ) ;
#5581 = VECTOR ( 'NONE', #6407, 1000.000000000000000 ) ;
#5582 = PLANE ( 'NONE',  #2580 ) ;
#5583 = CARTESIAN_POINT ( 'NONE',  ( -1.000000000000000000, 0.5000000000000000000, -0.3500000000000000888 ) ) ;
#5584 = DIRECTION ( 'NONE',  ( -1.000000000000000000, 0.000000000000000000, 7.744301232039316681E-17 ) ) ;
#5585 = SURFACE_STYLE_FILL_AREA ( #4109 ) ;
#5586 = ORIENTED_EDGE ( 'NONE', *, *, #8802, .T. ) ;
#5587 = VECTOR ( 'NONE', #5737, 1000.000000000000000 ) ;
#5588 = VECTOR ( 'NONE', #9661, 1000.000000000000000 ) ;
#5589 = CARTESIAN_POINT ( 'NONE',  ( -0.5999999999999996447, 6.299999999999999822, 0.3499999999999999778 ) ) ;
#5590 = CARTESIAN_POINT ( 'NONE',  ( 2.890000000000001013, 0.5000000000000005551, -0.3500000000000000888 ) ) ;
#5591 = ORIENTED_EDGE ( 'NONE', *, *, #7685, .F. ) ;
#5592 = CARTESIAN_POINT ( 'NONE',  ( 7.770000000000002238, -3.000000000000000000, 0.3499999999999997002 ) ) ;
#5593 = CARTESIAN_POINT ( 'NONE',  ( 1.000000000000000444, 1.800000000000000488, 0.3499999999999999778 ) ) ;
#5594 = EDGE_CURVE ( 'NONE', #8623, #7190, #454, .T. ) ;
#5595 = CARTESIAN_POINT ( 'NONE',  ( 8.460388738771245087, 5.398486016527106912, -0.3500000000000003109 ) ) ;
#5596 = DIRECTION ( 'NONE',  ( 1.121588454295349533E-16, -1.000000000000000000, 0.000000000000000000 ) ) ;
#5597 = EDGE_CURVE ( 'NONE', #5054, #1324, #7256, .T. ) ;
#5598 = VECTOR ( 'NONE', #3793, 1000.000000000000114 ) ;
#5599 = DIRECTION ( 'NONE',  ( 0.000000000000000000, 1.668003342285391551E-16, 1.000000000000000000 ) ) ;
#5600 = CARTESIAN_POINT ( 'NONE',  ( 10.84675493260776236, 8.000000000000000000, 0.6500000000000000222 ) ) ;
#5601 = AXIS2_PLACEMENT_3D ( 'NONE', #6099, #7612, #1745 ) ;
#5602 = SURFACE_SIDE_STYLE ('',( #2613 ) ) ;
#5603 = CARTESIAN_POINT ( 'NONE',  ( 0.9399798843744258114, 4.171275002134770205, -0.3499999999999999778 ) ) ;
#5604 = EDGE_CURVE ( 'NONE', #3222, #9415, #8625, .T. ) ;
#5605 = VECTOR ( 'NONE', #7906, 1000.000000000000000 ) ;
#5606 = EDGE_LOOP ( 'NONE', ( #7969, #4865, #7209, #1919, #1674, #286, #2577, #1399 ) ) ;
#5607 = PRESENTATION_STYLE_ASSIGNMENT (( #7064 ) ) ;
#5608 = EDGE_CURVE ( 'NONE', #9312, #2385, #2031, .T. ) ;
#5609 = ORIENTED_EDGE ( 'NONE', *, *, #2485, .T. ) ;
#5610 = DIRECTION ( 'NONE',  ( -1.000000000000000000, 0.000000000000000000, 0.000000000000000000 ) ) ;
#5611 = CARTESIAN_POINT ( 'NONE',  ( 10.84675493260776236, 8.000000000000000000, -0.6500000000000030198 ) ) ;
#5612 = VECTOR ( 'NONE', #3593, 1000.000000000000000 ) ;
#5613 = VECTOR ( 'NONE', #2648, 1000.000000000000000 ) ;
#5614 = ORIENTED_EDGE ( 'NONE', *, *, #4993, .F. ) ;
#5615 =( NAMED_UNIT ( * ) PLANE_ANGLE_UNIT ( ) SI_UNIT ( $, .RADIAN. ) );
#5616 = EDGE_CURVE ( 'NONE', #2791, #9208, #9448, .T. ) ;
#5617 = UNCERTAINTY_MEASURE_WITH_UNIT (LENGTH_MEASURE( 1.000000000000000082E-05 ), #7907, 'distance_accuracy_value', 'NONE');
#5618 = CARTESIAN_POINT ( 'NONE',  ( 7.969999999999999751, 8.199999999999999289, -0.3500000000000000333 ) ) ;
#5619 = ORIENTED_EDGE ( 'NONE', *, *, #4671, .F. ) ;
#5620 = ORIENTED_EDGE ( 'NONE', *, *, #9638, .T. ) ;
#5621 = LINE ( 'NONE', #3311, #357 ) ;
#5622 = FACE_OUTER_BOUND ( 'NONE', #956, .T. ) ;
#5623 = DIRECTION ( 'NONE',  ( -0.6546536707079771977, 0.3779644730092270866, -0.6546536707079770867 ) ) ;
#5624 = CARTESIAN_POINT ( 'NONE',  ( 8.620000000000000995, 1.800000000000000488, 0.3499999999999997002 ) ) ;
#5625 = CARTESIAN_POINT ( 'NONE',  ( 11.62999999999999723, 0.000000000000000000, 0.6500000000000012434 ) ) ;
#5626 = CARTESIAN_POINT ( 'NONE',  ( -1.018126922434469523E-15, 1.700000000000000178, 0.3499999999999999778 ) ) ;
#5627 = COLOUR_RGB ( '',0.8313725490196077761, 0.6705882352941175961, 0.1294117647058823373 ) ;
#5628 = EDGE_LOOP ( 'NONE', ( #4962, #6152, #5914, #2406 ) ) ;
#5629 =( LENGTH_UNIT ( ) NAMED_UNIT ( * ) SI_UNIT ( .MILLI., .METRE. ) );
#5630 = EDGE_LOOP ( 'NONE', ( #4711, #6198, #3785, #4456, #7376, #2493, #6009, #1263 ) ) ;
#5631 = LINE ( 'NONE', #5005, #2724 ) ;
#5632 = ORIENTED_EDGE ( 'NONE', *, *, #4292, .F. ) ;
#5633 = AXIS2_PLACEMENT_3D ( 'NONE', #2122, #7304, #550 ) ;
#5634 = EDGE_CURVE ( 'NONE', #2399, #1616, #6479, .T. ) ;
#5635 = LINE ( 'NONE', #8597, #6564 ) ;
#5636 = CARTESIAN_POINT ( 'NONE',  ( 10.97928590766224133, 5.570187327444203085, -0.3500000000000003109 ) ) ;
#5637 = DIRECTION ( 'NONE',  ( 1.000000000000000000, 0.000000000000000000, 0.000000000000000000 ) ) ;
#5638 = LINE ( 'NONE', #1571, #5971 ) ;
#5639 = DIRECTION ( 'NONE',  ( 0.6546536707079771977, -0.3779644730092270311, -0.6546536707079771977 ) ) ;
#5640 = SURFACE_STYLE_USAGE ( .BOTH. , #7189 ) ;
#5641 = ADVANCED_FACE ( 'NONE', ( #2776 ), #3435, .F. ) ;
#5642 = ORIENTED_EDGE ( 'NONE', *, *, #4309, .T. ) ;
#5643 =( BOUNDED_CURVE ( )  B_SPLINE_CURVE ( 3, ( #9130, #7778, #2433, #1809, #4008, #5441, #1713 ),
 .UNSPECIFIED., .F., .T. ) 
 B_SPLINE_CURVE_WITH_KNOTS ( ( 4, 3, 4 ),
 ( 0.8078321013870645162, 3.141592653589793116, 5.475353205792521827 ),
 .UNSPECIFIED. ) 
 CURVE ( )  GEOMETRIC_REPRESENTATION_ITEM ( )  RATIONAL_B_SPLINE_CURVE ( ( 1.000000000000000000, 0.5953481791230077480, 0.5953481791230077480, 1.000000000000000000, 0.5953481791230077480, 0.5953481791230077480, 1.000000000000000000 ) ) 
 REPRESENTATION_ITEM ( '' )  );
#5644 = CARTESIAN_POINT ( 'NONE',  ( 4.080000000000000071, 0.5000000000000002220, 0.3499999999999998668 ) ) ;
#5645 =( GEOMETRIC_REPRESENTATION_CONTEXT ( 3 ) GLOBAL_UNCERTAINTY_ASSIGNED_CONTEXT ( ( #6189 ) ) GLOBAL_UNIT_ASSIGNED_CONTEXT ( ( #590, #6606, #444 ) ) REPRESENTATION_CONTEXT ( 'NONE', 'WORKASPACE' ) );
#5646 = ORIENTED_EDGE ( 'NONE', *, *, #4547, .T. ) ;
#5647 = CARTESIAN_POINT ( 'NONE',  ( 9.385852863327317053, 5.851685420754308531, 0.3499999999999996447 ) ) ;
#5648 = SURFACE_STYLE_USAGE ( .BOTH. , #1186 ) ;
#5649 = FACE_OUTER_BOUND ( 'NONE', #2829, .T. ) ;
#5650 = CARTESIAN_POINT ( 'NONE',  ( 3.240000000000000657, 0.8000000000000007105, -0.3500000000000000888 ) ) ;
#5651 = SURFACE_SIDE_STYLE ('',( #6328 ) ) ;
#5652 = PLANE ( 'NONE',  #1823 ) ;
#5653 = DIRECTION ( 'NONE',  ( 0.000000000000000000, 1.000000000000000000, -1.668003342285391551E-16 ) ) ;
#5654 = CARTESIAN_POINT ( 'NONE',  ( -0.8001678768757278792, 5.699693040756021567, 0.3500000000000000333 ) ) ;
#5655 = CARTESIAN_POINT ( 'NONE',  ( 6.080000000000003624, 2.615493535622418264, -0.3500000000000002554 ) ) ;
#5656 = CARTESIAN_POINT ( 'NONE',  ( 0.8601643567029795268, 5.218128553112160617, -0.3500000000000000333 ) ) ;
#5657 = SURFACE_SIDE_STYLE ('',( #6380 ) ) ;
#5658 = CARTESIAN_POINT ( 'NONE',  ( 2.190000000000000835, -1.084202172485501815E-17, 0.3499999999999998668 ) ) ;
#5659 = ORIENTED_EDGE ( 'NONE', *, *, #5259, .T. ) ;
#5660 = FACE_OUTER_BOUND ( 'NONE', #3215, .T. ) ;
#5661 = LINE ( 'NONE', #7067, #5605 ) ;
#5662 = FACE_OUTER_BOUND ( 'NONE', #8538, .T. ) ;
#5663 = ORIENTED_EDGE ( 'NONE', *, *, #9599, .F. ) ;
#5664 = DIRECTION ( 'NONE',  ( -0.000000000000000000, 0.000000000000000000, 1.000000000000000000 ) ) ;
#5665 =( GEOMETRIC_REPRESENTATION_CONTEXT ( 3 ) GLOBAL_UNCERTAINTY_ASSIGNED_CONTEXT ( ( #4489 ) ) GLOBAL_UNIT_ASSIGNED_CONTEXT ( ( #649, #2931, #7423 ) ) REPRESENTATION_CONTEXT ( 'NONE', 'WORKASPACE' ) );
#5666 = UNCERTAINTY_MEASURE_WITH_UNIT (LENGTH_MEASURE( 1.000000000000000082E-05 ), #682, 'distance_accuracy_value', 'NONE');
#5667 = ORIENTED_EDGE ( 'NONE', *, *, #8742, .T. ) ;
#5668 = ORIENTED_EDGE ( 'NONE', *, *, #8580, .T. ) ;
#5669 = AXIS2_PLACEMENT_3D ( 'NONE', #1709, #6296, #1015 ) ;
#5670 = EDGE_CURVE ( 'NONE', #8454, #7657, #9304, .T. ) ;
#5671 = UNCERTAINTY_MEASURE_WITH_UNIT (LENGTH_MEASURE( 1.000000000000000082E-05 ), #8744, 'distance_accuracy_value', 'NONE');
#5672 = LINE ( 'NONE', #7818, #6141 ) ;
#5673 = CARTESIAN_POINT ( 'NONE',  ( 8.407536108384569218, 5.774771377977486964, 0.3499999999999998113 ) ) ;
#5674 = EDGE_CURVE ( 'NONE', #1456, #7473, #2726, .T. ) ;
#5675 = CARTESIAN_POINT ( 'NONE',  ( 2.040000000000001812, 6.084152315493286167, 0.3499999999999998113 ) ) ;
#5676 = EDGE_LOOP ( 'NONE', ( #3818, #479, #4904, #9643 ) ) ;
#5677 = DIRECTION ( 'NONE',  ( 0.000000000000000000, 0.000000000000000000, 1.000000000000000000 ) ) ;
#5678 = ORIENTED_EDGE ( 'NONE', *, *, #77, .F. ) ;
#5679 = FILL_AREA_STYLE_COLOUR ( '', #5852 ) ;
#5680 = VERTEX_POINT ( 'NONE', #1889 ) ;
#5681 = VECTOR ( 'NONE', #662, 1000.000000000000000 ) ;
#5682 = PRESENTATION_LAYER_ASSIGNMENT (  '', '', ( #6452 ) ) ;
#5683 = CARTESIAN_POINT ( 'NONE',  ( -0.5999999999999996447, 6.299999999999999822, -0.3499999999999999778 ) ) ;
#5684 = ORIENTED_EDGE ( 'NONE', *, *, #3728, .T. ) ;
#5685 = FILL_AREA_STYLE ('',( #4913 ) ) ;
#5686 = DIRECTION ( 'NONE',  ( -1.000000000000000000, -0.000000000000000000, -0.000000000000000000 ) ) ;
#5687 = EDGE_CURVE ( 'NONE', #5339, #5717, #7857, .T. ) ;
#5688 = CARTESIAN_POINT ( 'NONE',  ( 6.080000000000000071, 6.500000000000000888, -0.3500000000000010880 ) ) ;
#5689 = VERTEX_POINT ( 'NONE', #1937 ) ;
#5690 =( GEOMETRIC_REPRESENTATION_CONTEXT ( 3 ) GLOBAL_UNCERTAINTY_ASSIGNED_CONTEXT ( ( #2502 ) ) GLOBAL_UNIT_ASSIGNED_CONTEXT ( ( #4960, #5490, #3412 ) ) REPRESENTATION_CONTEXT ( 'NONE', 'WORKASPACE' ) );
#5691 = PRESENTATION_STYLE_ASSIGNMENT (( #2812 ) ) ;
#5692 = STYLED_ITEM ( 'NONE', ( #9642 ), #1409 ) ;
#5693 = DIRECTION ( 'NONE',  ( -0.000000000000000000, -0.000000000000000000, -1.000000000000000000 ) ) ;
#5694 = AXIS2_PLACEMENT_3D ( 'NONE', #6178, #1490, #1685 ) ;
#5695 = SURFACE_SIDE_STYLE ('',( #8710 ) ) ;
#5696 = EDGE_CURVE ( 'NONE', #5045, #1660, #4939, .T. ) ;
#5697 = B_SPLINE_CURVE_WITH_KNOTS ( 'NONE', 3,
 ( #4084, #9250, #7114, #261 ),
 .UNSPECIFIED., .F., .F.,
 ( 4, 4 ),
 ( 0.000000000000000000, 1.000000000000000000 ),
 .UNSPECIFIED. ) ;
#5698 = LINE ( 'NONE', #2712, #7196 ) ;
#5699 = LINE ( 'NONE', #7243, #5177 ) ;
#5700 = AXIS2_PLACEMENT_3D ( 'NONE', #5185, #8882, #1508 ) ;
#5701 = PRESENTATION_STYLE_ASSIGNMENT (( #8665 ) ) ;
#5702 =( LENGTH_UNIT ( ) NAMED_UNIT ( * ) SI_UNIT ( .MILLI., .METRE. ) );
#5703 = AXIS2_PLACEMENT_3D ( 'NONE', #7388, #638, #3616 ) ;
#5704 = ADVANCED_FACE ( 'NONE', ( #1988 ), #4985, .F. ) ;
#5705 = CARTESIAN_POINT ( 'NONE',  ( 5.713148314883513379, 6.299478870653064888, -0.3500000000000001998 ) ) ;
#5706 = DIRECTION ( 'NONE',  ( -3.097720492815726426E-17, 1.000000000000000000, 0.000000000000000000 ) ) ;
#5707 = SURFACE_SIDE_STYLE ('',( #5069 ) ) ;
#5708 = VECTOR ( 'NONE', #7535, 1000.000000000000000 ) ;
#5709 = FACE_OUTER_BOUND ( 'NONE', #7276, .T. ) ;
#5710 = AXIS2_PLACEMENT_3D ( 'NONE', #7058, #3386, #7162 ) ;
#5711 = VERTEX_POINT ( 'NONE', #806 ) ;
#5712 = EDGE_CURVE ( 'NONE', #274, #6022, #2517, .T. ) ;
#5713 = VECTOR ( 'NONE', #3046, 1000.000000000000000 ) ;
#5714 =( NAMED_UNIT ( * ) SI_UNIT ( $, .STERADIAN. ) SOLID_ANGLE_UNIT ( ) );
#5715 = DIRECTION ( 'NONE',  ( -0.000000000000000000, -0.000000000000000000, -1.000000000000000000 ) ) ;
#5716 = UNCERTAINTY_MEASURE_WITH_UNIT (LENGTH_MEASURE( 1.000000000000000082E-05 ), #9654, 'distance_accuracy_value', 'NONE');
#5717 = VERTEX_POINT ( 'NONE', #7403 ) ;
#5718 = CARTESIAN_POINT ( 'NONE',  ( 7.267475984454220495, 5.732672356334980179, 0.3499999999999997002 ) ) ;
#5719 = AXIS2_PLACEMENT_3D ( 'NONE', #1670, #1754, #4745 ) ;
#5720 = DIRECTION ( 'NONE',  ( -1.000000000000000000, 0.000000000000000000, 7.744301232039316681E-17 ) ) ;
#5721 = DIRECTION ( 'NONE',  ( 0.000000000000000000, 0.000000000000000000, 1.000000000000000000 ) ) ;
#5722 = VERTEX_POINT ( 'NONE', #8862 ) ;
#5723 = ORIENTED_EDGE ( 'NONE', *, *, #1337, .F. ) ;
#5724 = AXIS2_PLACEMENT_3D ( 'NONE', #7955, #9392, #2717 ) ;
#5725 = EDGE_CURVE ( 'NONE', #1752, #3175, #1493, .T. ) ;
#5726 = PLANE ( 'NONE',  #8474 ) ;
#5727 = CARTESIAN_POINT ( 'NONE',  ( 1.000000000000000444, 6.299999999999999822, 0.3850000000000000089 ) ) ;
#5728 = LINE ( 'NONE', #4146, #5205 ) ;
#5729 = CARTESIAN_POINT ( 'NONE',  ( 6.080000000000000071, 1.800000000000000488, -0.3500000000000001443 ) ) ;
#5730 = ORIENTED_EDGE ( 'NONE', *, *, #9223, .F. ) ;
#5731 = ORIENTED_EDGE ( 'NONE', *, *, #3097, .T. ) ;
#5732 = CARTESIAN_POINT ( 'NONE',  ( 8.119999999999999218, 6.299999999999999822, -0.3500000000000002554 ) ) ;
#5733 = EDGE_CURVE ( 'NONE', #6287, #3443, #2823, .T. ) ;
#5734 = VERTEX_POINT ( 'NONE', #8765 ) ;
#5735 = EDGE_CURVE ( 'NONE', #5300, #5098, #7305, .T. ) ;
#5736 = CARTESIAN_POINT ( 'NONE',  ( 11.16000000000000192, 1.800000000000000488, -0.3500000000000003109 ) ) ;
#5737 = DIRECTION ( 'NONE',  ( -1.000000000000000000, -1.084202172485504434E-16, 0.000000000000000000 ) ) ;
#5738 = CARTESIAN_POINT ( 'NONE',  ( 0.4633568989079006606, 1.699999999999997957, 0.3499999999999999778 ) ) ;
#5739 = CARTESIAN_POINT ( 'NONE',  ( -1.469999999999999973, 8.500000000000000000, 1.199999999999999956 ) ) ;
#5740 = ORIENTED_EDGE ( 'NONE', *, *, #4133, .T. ) ;
#5741 = DIRECTION ( 'NONE',  ( 1.000000000000000000, -0.000000000000000000, 0.000000000000000000 ) ) ;
#5742 = CARTESIAN_POINT ( 'NONE',  ( 11.62999999999999723, 8.500000000000000000, -1.200000000000000400 ) ) ;
#5743 = CARTESIAN_POINT ( 'NONE',  ( 4.191150453949023635, 4.917640708295713203, -0.3500000000000000888 ) ) ;
#5744 = VERTEX_POINT ( 'NONE', #707 ) ;
#5745 = FILL_AREA_STYLE_COLOUR ( '', #7101 ) ;
#5746 = DIRECTION ( 'NONE',  ( -0.000000000000000000, 0.000000000000000000, 1.000000000000000000 ) ) ;
#5747 = VECTOR ( 'NONE', #1026, 1000.000000000000000 ) ;
#5748 = DIRECTION ( 'NONE',  ( 0.000000000000000000, 0.000000000000000000, 1.000000000000000000 ) ) ;
#5749 = DIRECTION ( 'NONE',  ( 0.000000000000000000, 0.000000000000000000, 1.000000000000000000 ) ) ;
#5750 = CARTESIAN_POINT ( 'NONE',  ( 4.730000000000001315, -1.084202172485501815E-17, 0.3499999999999998113 ) ) ;
#5752 = CIRCLE ( 'NONE', #6044, 0.1999999999999996503 ) ;
#5751 = CARTESIAN_POINT ( 'NONE',  ( -0.8556901891658993398, 5.260692584315935783, 0.3500000000000000333 ) ) ;
#5753 = CARTESIAN_POINT ( 'NONE',  ( 4.631806954577857738, 5.884855341312109189, 0.3499999999999998668 ) ) ;
#5754 = CARTESIAN_POINT ( 'NONE',  ( 2.190000000000000835, -2.800000000000001155, -0.3500000000000000888 ) ) ;
#5755 = CARTESIAN_POINT ( 'NONE',  ( 0.4999999999999985012, 6.084152315493285279, 0.3499999999999999778 ) ) ;
#5756 = PLANE ( 'NONE',  #6699 ) ;
#5757 = LINE ( 'NONE', #5029, #4743 ) ;
#5758 = AXIS2_PLACEMENT_3D ( 'NONE', #4006, #230, #1807 ) ;
#5759 = ORIENTED_EDGE ( 'NONE', *, *, #4883, .T. ) ;
#5760 = EDGE_CURVE ( 'NONE', #3488, #5787, #6566, .T. ) ;
#5761 = DIRECTION ( 'NONE',  ( -1.000000000000000000, 0.000000000000000000, 7.744301232039316681E-17 ) ) ;
#5762 = SURFACE_STYLE_USAGE ( .BOTH. , #361 ) ;
#5763 = DIRECTION ( 'NONE',  ( -0.000000000000000000, -1.000000000000000000, 1.668003342285391551E-16 ) ) ;
#5764 = ORIENTED_EDGE ( 'NONE', *, *, #8763, .T. ) ;
#5765 = SURFACE_STYLE_USAGE ( .BOTH. , #316 ) ;
#5766 = EDGE_CURVE ( 'NONE', #2729, #6892, #5896, .T. ) ;
#5767 = AXIS2_PLACEMENT_3D ( 'NONE', #1414, #4398, #678 ) ;
#5768 = CARTESIAN_POINT ( 'NONE',  ( 4.616643101092098078, 1.700000000000000400, 0.3499999999999997558 ) ) ;
#5769 = ORIENTED_EDGE ( 'NONE', *, *, #4309, .F. ) ;
#5770 = ORIENTED_EDGE ( 'NONE', *, *, #8274, .T. ) ;
#5771 = MECHANICAL_DESIGN_GEOMETRIC_PRESENTATION_REPRESENTATION (  '', ( #4037 ), #2796 ) ;
#5772 = AXIS2_PLACEMENT_3D ( 'NONE', #9177, #7627, #8499 ) ;
#5773 = CARTESIAN_POINT ( 'NONE',  ( 3.226754932607761805, 0.5000000000000002220, 0.6500000000000010214 ) ) ;
#5774 = CARTESIAN_POINT ( 'NONE',  ( 1.000000000000000444, 1.800000000000000488, -0.3849999999999999534 ) ) ;
#5775 = DIRECTION ( 'NONE',  ( 0.000000000000000000, 3.097720492815727166E-16, 1.000000000000000000 ) ) ;
#5776 = PLANE ( 'NONE',  #211 ) ;
#5777 = ORIENTED_EDGE ( 'NONE', *, *, #3206, .T. ) ;
#5778 = EDGE_CURVE ( 'NONE', #6912, #5899, #4475, .T. ) ;
#5779 = PRESENTATION_LAYER_ASSIGNMENT (  '', '', ( #2637 ) ) ;
#5780 = ADVANCED_FACE ( 'NONE', ( #8051 ), #2214, .T. ) ;
#5781 = VERTEX_POINT ( 'NONE', #1435 ) ;
#5782 = DIRECTION ( 'NONE',  ( -0.000000000000000000, -1.000000000000000000, 1.668003342285391551E-16 ) ) ;
#5783 = ORIENTED_EDGE ( 'NONE', *, *, #3383, .T. ) ;
#5784 = CARTESIAN_POINT ( 'NONE',  ( 7.156643101092098114, 1.700000000000000400, -0.3500000000000002554 ) ) ;
#5785 = CARTESIAN_POINT ( 'NONE',  ( 2.189999999999999947, 0.000000000000000000, -0.3499999999999999778 ) ) ;
#5786 = CARTESIAN_POINT ( 'NONE',  ( 1.540000000000000480, 1.800000000000000266, -0.1166666666666668489 ) ) ;
#5787 = VERTEX_POINT ( 'NONE', #756 ) ;
#5788 = ADVANCED_FACE ( 'NONE', ( #3680 ), #5217, .T. ) ;
#5789 = DIRECTION ( 'NONE',  ( -1.000000000000000000, 0.000000000000000000, 0.000000000000000000 ) ) ;
#5790 = CARTESIAN_POINT ( 'NONE',  ( 2.190000000000000835, 0.5000000000000005551, 0.3499999999999998668 ) ) ;
#5791 = ORIENTED_EDGE ( 'NONE', *, *, #2104, .T. ) ;
#5792 = FACE_OUTER_BOUND ( 'NONE', #9426, .T. ) ;
#5793 = AXIS2_PLACEMENT_3D ( 'NONE', #2819, #8001, #7250 ) ;
#5794 = SURFACE_SIDE_STYLE ('',( #8607 ) ) ;
#5795 = ORIENTED_EDGE ( 'NONE', *, *, #1924, .T. ) ;
#5796 = CARTESIAN_POINT ( 'NONE',  ( 8.406758496035392270, 5.779404586027642843, -0.3500000000000002554 ) ) ;
#5797 = LINE ( 'NONE', #9488, #1411 ) ;
#5798 = LINE ( 'NONE', #8756, #3521 ) ;
#5799 = STYLED_ITEM ( 'NONE', ( #7845 ), #3242 ) ;
#5800 = CARTESIAN_POINT ( 'NONE',  ( 4.210384757729333849, 8.500000000000000000, 0.8696152422706663332 ) ) ;
#5801 = ADVANCED_FACE ( 'NONE', ( #1597 ), #252, .T. ) ;
#5802 = CARTESIAN_POINT ( 'NONE',  ( 6.022500029944760414, 4.124619419408677601, -0.3500000000000001443 ) ) ;
#5803 = LINE ( 'NONE', #8761, #3475 ) ;
#5804 = DIRECTION ( 'NONE',  ( 0.000000000000000000, 0.000000000000000000, -1.000000000000000000 ) ) ;
#5805 = VECTOR ( 'NONE', #6271, 1000.000000000000000 ) ;
#5806 =( LENGTH_UNIT ( ) NAMED_UNIT ( * ) SI_UNIT ( .MILLI., .METRE. ) );
#5807 = DIRECTION ( 'NONE',  ( -0.000000000000000000, -1.000000000000000000, 1.668003342285392044E-16 ) ) ;
#5808 = CARTESIAN_POINT ( 'NONE',  ( 6.646953799075549618, 3.450480068928325039, -0.3500000000000003109 ) ) ;
#5809 = LINE ( 'NONE', #9170, #3517 ) ;
#5810 = VERTEX_POINT ( 'NONE', #3249 ) ;
#5811 = CARTESIAN_POINT ( 'NONE',  ( 6.933245067392238781, 8.000000000000000000, 0.6500000000000000222 ) ) ;
#5812 = FACE_OUTER_BOUND ( 'NONE', #108, .T. ) ;
#5813 = EDGE_CURVE ( 'NONE', #6847, #6307, #6531, .T. ) ;
#5814 = ORIENTED_EDGE ( 'NONE', *, *, #1245, .F. ) ;
#5815 = VERTEX_POINT ( 'NONE', #901 ) ;
#5816 = CARTESIAN_POINT ( 'NONE',  ( 9.807475984454221418, 5.732672356334980179, -0.3500000000000003109 ) ) ;
#5817 = LINE ( 'NONE', #5183, #5981 ) ;
#5818 = LINE ( 'NONE', #8777, #7771 ) ;
#5819 =( LENGTH_UNIT ( ) NAMED_UNIT ( * ) SI_UNIT ( .MILLI., .METRE. ) );
#5820 = CARTESIAN_POINT ( 'NONE',  ( 8.619999999999999218, 0.5000000000000000000, -0.3500000000000000888 ) ) ;
#5821 = DIRECTION ( 'NONE',  ( -0.000000000000000000, 0.000000000000000000, 1.000000000000000000 ) ) ;
#5822 = ORIENTED_EDGE ( 'NONE', *, *, #3270, .F. ) ;
#5823 =( NAMED_UNIT ( * ) PLANE_ANGLE_UNIT ( ) SI_UNIT ( $, .RADIAN. ) );
#5824 = ORIENTED_EDGE ( 'NONE', *, *, #8419, .F. ) ;
#5825 = COLOUR_RGB ( '',0.8313725490196077761, 0.6705882352941175961, 0.1294117647058823373 ) ;
#5826 = EDGE_LOOP ( 'NONE', ( #1526, #6242, #7511, #5777, #1916, #5344, #2419, #4685, #8645, #8769, #3790, #8439, #5225, #1905, #7667, #6459, #7943, #8036, #1246, #739, #5283 ) ) ;
#5827 = CARTESIAN_POINT ( 'NONE',  ( 10.16000000000000014, 1.700000000000000178, 0.3499999999999996447 ) ) ;
#5828 = CARTESIAN_POINT ( 'NONE',  ( 7.620000000000000107, 0.5000000000000005551, 0.3499999999999997002 ) ) ;
#5829 =( GEOMETRIC_REPRESENTATION_CONTEXT ( 3 ) GLOBAL_UNCERTAINTY_ASSIGNED_CONTEXT ( ( #8630 ) ) GLOBAL_UNIT_ASSIGNED_CONTEXT ( ( #525, #2048, #4959 ) ) REPRESENTATION_CONTEXT ( 'NONE', 'WORKASPACE' ) );
#5830 = CARTESIAN_POINT ( 'NONE',  ( 0.000000000000000000, 0.000000000000000000, 0.000000000000000000 ) ) ;
#5831 = CARTESIAN_POINT ( 'NONE',  ( 4.080000000000000071, 0.5000000000000000000, -0.3500000000000000888 ) ) ;
#5832 = ORIENTED_EDGE ( 'NONE', *, *, #7462, .T. ) ;
#5833 = CARTESIAN_POINT ( 'NONE',  ( 6.620000000000000995, 1.800000000000000488, 0.3499999999999997002 ) ) ;
#5834 = CARTESIAN_POINT ( 'NONE',  ( 6.933245067392238781, 8.000000000000000000, 0.6500000000000000222 ) ) ;
#5835 = CARTESIAN_POINT ( 'NONE',  ( 4.270497576386657279, 5.635051924202448603, -0.3500000000000001443 ) ) ;
#5836 = EDGE_LOOP ( 'NONE', ( #6737, #5247, #1009, #2086 ) ) ;
#5837 = FILL_AREA_STYLE ('',( #7343 ) ) ;
#5838 = ORIENTED_EDGE ( 'NONE', *, *, #4380, .F. ) ;
#5839 = PRESENTATION_LAYER_ASSIGNMENT (  '', '', ( #4900 ) ) ;
#5840 = ADVANCED_FACE ( 'NONE', ( #6036 ), #990, .T. ) ;
#5841 =( NAMED_UNIT ( * ) PLANE_ANGLE_UNIT ( ) SI_UNIT ( $, .RADIAN. ) );
#5842 = DIRECTION ( 'NONE',  ( -0.000000000000000000, -3.097720492815727166E-16, -1.000000000000000000 ) ) ;
#5843 = VECTOR ( 'NONE', #2969, 1000.000000000000000 ) ;
#5844 = CARTESIAN_POINT ( 'NONE',  ( 5.866758496035390458, 5.779404586027644619, -0.3500000000000001443 ) ) ;
#5845 = DIRECTION ( 'NONE',  ( -3.097720492815726426E-17, 1.000000000000000000, 0.000000000000000000 ) ) ;
#5846 = COLOUR_RGB ( '',0.8313725490196077761, 0.6705882352941175961, 0.1294117647058823373 ) ;
#5847 = DIRECTION ( 'NONE',  ( 0.000000000000000000, 1.000000000000000000, -1.668003342285391797E-16 ) ) ;
#5848 = EDGE_CURVE ( 'NONE', #2851, #8596, #7055, .T. ) ;
#5849 = COLOUR_RGB ( '',0.8313725490196077761, 0.6705882352941175961, 0.1294117647058823373 ) ;
#5850 = EDGE_CURVE ( 'NONE', #9682, #9064, #3384, .T. ) ;
#5851 = MECHANICAL_DESIGN_GEOMETRIC_PRESENTATION_REPRESENTATION (  '', ( #5692 ), #5228 ) ;
#5852 = COLOUR_RGB ( '',0.8313725490196077761, 0.6705882352941175961, 0.1294117647058823373 ) ;
#5853 =( LENGTH_UNIT ( ) NAMED_UNIT ( * ) SI_UNIT ( .MILLI., .METRE. ) );
#5854 = CARTESIAN_POINT ( 'NONE',  ( 6.686302744966793554, 4.293911919603387695, -0.3500000000000002554 ) ) ;
#5855 = ORIENTED_EDGE ( 'NONE', *, *, #5990, .F. ) ;
#5856 = CARTESIAN_POINT ( 'NONE',  ( 9.195000000000002061, -1.575000000000001066, 0.3499999999999997002 ) ) ;
#5857 = CARTESIAN_POINT ( 'NONE',  ( 10.50999999999999979, 8.199999999999999289, 0.3499999999999999778 ) ) ;
#5858 = MECHANICAL_DESIGN_GEOMETRIC_PRESENTATION_REPRESENTATION (  '', ( #6920 ), #2732 ) ;
#5859 = VECTOR ( 'NONE', #190, 1000.000000000000000 ) ;
#5860 = VERTEX_POINT ( 'NONE', #1881 ) ;
#5861 = AXIS2_PLACEMENT_3D ( 'NONE', #7194, #6550, #2760 ) ;
#5862 = ORIENTED_EDGE ( 'NONE', *, *, #5608, .F. ) ;
#5863 = CARTESIAN_POINT ( 'NONE',  ( 10.51252401554577887, 5.732672356334978403, 0.3499999999999996447 ) ) ;
#5864 = CARTESIAN_POINT ( 'NONE',  ( 6.933245067392238781, 6.500000000000000888, -0.3500000000000010880 ) ) ;
#5865 = PLANE ( 'NONE',  #2306 ) ;
#5866 = FILL_AREA_STYLE_COLOUR ( '', #4573 ) ;
#5867 = CARTESIAN_POINT ( 'NONE',  ( 6.655000000000001137, -1.575000000000001066, 0.3499999999999998113 ) ) ;
#5868 = ORIENTED_EDGE ( 'NONE', *, *, #5346, .F. ) ;
#5869 = CARTESIAN_POINT ( 'NONE',  ( 10.66000000000000014, 6.299999999999999822, -0.3500000000000003109 ) ) ;
#5870 = ORIENTED_EDGE ( 'NONE', *, *, #1013, .F. ) ;
#5871 = CARTESIAN_POINT ( 'NONE',  ( 9.211102897648885346, 4.001162287970069009, -0.3500000000000002554 ) ) ;
#5872 = PLANE ( 'NONE',  #3016 ) ;
#5873 = CARTESIAN_POINT ( 'NONE',  ( 9.160000000000001918, 6.500000000000000888, -0.3500000000000010880 ) ) ;
#5874 = ORIENTED_EDGE ( 'NONE', *, *, #1805, .T. ) ;
#5875 = FACE_OUTER_BOUND ( 'NONE', #4862, .T. ) ;
#5876 = ADVANCED_FACE ( 'NONE', ( #9346 ), #8568, .F. ) ;
#5877 = DIRECTION ( 'NONE',  ( 1.000000000000000000, 0.000000000000000000, 0.000000000000000000 ) ) ;
#5878 = LINE ( 'NONE', #438, #8388 ) ;
#5879 = ORIENTED_EDGE ( 'NONE', *, *, #8446, .T. ) ;
#5880 =( NAMED_UNIT ( * ) PLANE_ANGLE_UNIT ( ) SI_UNIT ( $, .RADIAN. ) );
#5881 = CARTESIAN_POINT ( 'NONE',  ( 2.988193045422142369, 5.884855341312110966, -0.3500000000000001443 ) ) ;
#5882 = ORIENTED_EDGE ( 'NONE', *, *, #5850, .F. ) ;
#5883 = CARTESIAN_POINT ( 'NONE',  ( 4.080000000000000071, 6.500000000000000888, -0.3500000000000010880 ) ) ;
#5884 = DIRECTION ( 'NONE',  ( 0.000000000000000000, -1.000000000000000000, 1.668003342285391797E-16 ) ) ;
#5885 = FILL_AREA_STYLE ('',( #9539 ) ) ;
#5886 = CARTESIAN_POINT ( 'NONE',  ( -0.9348251832002444361, 4.263498050147335405, 0.3499999999999999223 ) ) ;
#5887 = CARTESIAN_POINT ( 'NONE',  ( 2.018154266116020334, 5.626229152235333153, 0.3499999999999998668 ) ) ;
#5888 = VECTOR ( 'NONE', #5138, 1000.000000000000000 ) ;
#5889 =( LENGTH_UNIT ( ) NAMED_UNIT ( * ) SI_UNIT ( .MILLI., .METRE. ) );
#5890 = ORIENTED_EDGE ( 'NONE', *, *, #2333, .F. ) ;
#5891 = FILL_AREA_STYLE_COLOUR ( '', #2337 ) ;
#5892 = EDGE_CURVE ( 'NONE', #6993, #4609, #6376, .T. ) ;
#5893 = DIRECTION ( 'NONE',  ( -0.000000000000000000, -1.000000000000000000, 1.668003342285391551E-16 ) ) ;
#5894 = COLOUR_RGB ( '',0.8313725490196077761, 0.6705882352941175961, 0.1294117647058823373 ) ;
#5895 = CARTESIAN_POINT ( 'NONE',  ( 5.766754932607761397, 0.5000000000000000000, -0.3500000000000000888 ) ) ;
#5896 = LINE ( 'NONE', #2914, #9658 ) ;
#5897 = CARTESIAN_POINT ( 'NONE',  ( 6.891497947711103578, 6.125528511109506802, -0.3500000000000001443 ) ) ;
#5898 = DIRECTION ( 'NONE',  ( -0.000000000000000000, 0.000000000000000000, 1.000000000000000000 ) ) ;
#5899 = VERTEX_POINT ( 'NONE', #7006 ) ;
#5900 = FILL_AREA_STYLE_COLOUR ( '', #6132 ) ;
#5901 = LINE ( 'NONE', #6757, #3220 ) ;
#5902 = CARTESIAN_POINT ( 'NONE',  ( 9.810000000000000497, 0.000000000000000000, -0.3499999999999999778 ) ) ;
#5903 = EDGE_CURVE ( 'NONE', #6477, #6715, #3292, .T. ) ;
#5904 = VECTOR ( 'NONE', #2136, 1000.000000000000000 ) ;
#5905 = VERTEX_POINT ( 'NONE', #302 ) ;
#5906 = ORIENTED_EDGE ( 'NONE', *, *, #8317, .F. ) ;
#5907 = CARTESIAN_POINT ( 'NONE',  ( 10.66000000000000014, 6.299999999999999822, 0.3499999999999996447 ) ) ;
#5908 = COLOUR_RGB ( '',0.8313725490196077761, 0.6705882352941175961, 0.1294117647058823373 ) ;
#5909 = CARTESIAN_POINT ( 'NONE',  ( 7.267475984454220495, 5.732672356334980179, 0.3499999999999997002 ) ) ;
#5910 = VECTOR ( 'NONE', #7405, 1000.000000000000000 ) ;
#5911 = CARTESIAN_POINT ( 'NONE',  ( 5.430000000000000604, -2.800000000000001155, 0.3499999999999998113 ) ) ;
#5912 = CARTESIAN_POINT ( 'NONE',  ( 2.890000000000001013, 0.5000000000000005551, 0.3499999999999998668 ) ) ;
#5913 = DIRECTION ( 'NONE',  ( -0.000000000000000000, -1.000000000000000000, 1.668003342285392044E-16 ) ) ;
#5914 = ORIENTED_EDGE ( 'NONE', *, *, #8868, .T. ) ;
#5915 = CARTESIAN_POINT ( 'NONE',  ( 0.6000000000000005329, 6.299999999999999822, 0.3499999999999999778 ) ) ;
#5916 = VERTEX_POINT ( 'NONE', #1831 ) ;
#5917 = DIRECTION ( 'NONE',  ( -1.000000000000000000, -1.084202172485504434E-16, 0.000000000000000000 ) ) ;
#5918 = CARTESIAN_POINT ( 'NONE',  ( 9.298770099106169695, 5.207834124282346266, -0.3500000000000002554 ) ) ;
#5919 =( NAMED_UNIT ( * ) SI_UNIT ( $, .STERADIAN. ) SOLID_ANGLE_UNIT ( ) );
#5920 = FILL_AREA_STYLE ('',( #7188 ) ) ;
#5921 = CARTESIAN_POINT ( 'NONE',  ( 2.214744180118195516, 5.589454083063166046, 0.3499999999999998668 ) ) ;
#5922 = ORIENTED_EDGE ( 'NONE', *, *, #7571, .F. ) ;
#5923 = CARTESIAN_POINT ( 'NONE',  ( 1.540000000000000702, -1.121588454295348794E-16, -0.3500000000000000888 ) ) ;
#5924 = SURFACE_SIDE_STYLE ('',( #4403 ) ) ;
#5925 = CARTESIAN_POINT ( 'NONE',  ( 4.729999999999999538, 8.199999999999999289, 0.3499999999999999778 ) ) ;
#5926 = ORIENTED_EDGE ( 'NONE', *, *, #3863, .T. ) ;
#5927 = DIRECTION ( 'NONE',  ( -1.000000000000000000, 0.000000000000000000, 0.000000000000000000 ) ) ;
#5928 = EDGE_CURVE ( 'NONE', #1971, #4149, #2557, .T. ) ;
#5929 = VERTEX_POINT ( 'NONE', #9242 ) ;
#5930 = LINE ( 'NONE', #8786, #42 ) ;
#5931 = EDGE_CURVE ( 'NONE', #3302, #9283, #401, .T. ) ;
#5932 = CARTESIAN_POINT ( 'NONE',  ( -0.8775285524312824714, 5.050332720358726490, 0.3499999999999999778 ) ) ;
#5933 = SURFACE_SIDE_STYLE ('',( #5260 ) ) ;
#5934 = AXIS2_PLACEMENT_3D ( 'NONE', #7112, #2510, #7013 ) ;
#5935 =( NAMED_UNIT ( * ) SI_UNIT ( $, .STERADIAN. ) SOLID_ANGLE_UNIT ( ) );
#5936 = EDGE_LOOP ( 'NONE', ( #3419, #6344, #3169, #7214 ) ) ;
#5937 = CARTESIAN_POINT ( 'NONE',  ( 5.401845733883980039, 5.626229152235330488, -0.3500000000000001443 ) ) ;
#5938 = CARTESIAN_POINT ( 'NONE',  ( 8.489615242270666329, 8.500000000000000000, 0.000000000000000000 ) ) ;
#5939 = CARTESIAN_POINT ( 'NONE',  ( 1.873733788849081039, 6.298959448224836777, -0.3500000000000001443 ) ) ;
#5940 =( GEOMETRIC_REPRESENTATION_CONTEXT ( 3 ) GLOBAL_UNCERTAINTY_ASSIGNED_CONTEXT ( ( #210 ) ) GLOBAL_UNIT_ASSIGNED_CONTEXT ( ( #1056, #4835, #7855 ) ) REPRESENTATION_CONTEXT ( 'NONE', 'WORKASPACE' ) );
#5941 = CARTESIAN_POINT ( 'NONE',  ( 6.025517796674130011, 4.067306563708457112, 0.3499999999999999223 ) ) ;
#5942 = CARTESIAN_POINT ( 'NONE',  ( 1.000000000000000444, 1.800000000000000488, -0.3499999999999999778 ) ) ;
#5943 = CARTESIAN_POINT ( 'NONE',  ( 6.810497576386658203, 5.635051924202448603, -0.3500000000000003109 ) ) ;
#5944 = PLANE ( 'NONE',  #4324 ) ;
#5945 = CARTESIAN_POINT ( 'NONE',  ( -0.3499999999999991451, 0.5000000000000005551, 0.3499999999999999778 ) ) ;
#5946 = DIRECTION ( 'NONE',  ( -0.000000000000000000, -0.000000000000000000, 1.000000000000000000 ) ) ;
#5947 =( BOUNDED_CURVE ( )  B_SPLINE_CURVE ( 3, ( #4718, #3196, #6229, #5366 ),
 .UNSPECIFIED., .F., .T. ) 
 B_SPLINE_CURVE_WITH_KNOTS ( ( 4, 4 ),
 ( 1.570796326794896336, 2.359101780428492390 ),
 .UNSPECIFIED. ) 
 CURVE ( )  GEOMETRIC_REPRESENTATION_ITEM ( )  RATIONAL_B_SPLINE_CURVE ( ( 1.000000000000000000, 0.9488815137910384667, 0.9488815137910384667, 1.000000000000000000 ) ) 
 REPRESENTATION_ITEM ( '' )  );
#5948 = CIRCLE ( 'NONE', #8905, 0.2999999999999999334 ) ;
#5949 = ORIENTED_EDGE ( 'NONE', *, *, #1531, .T. ) ;
#5950 = ORIENTED_EDGE ( 'NONE', *, *, #3801, .F. ) ;
#5951 = DIRECTION ( 'NONE',  ( 0.000000000000000000, 0.000000000000000000, 1.000000000000000000 ) ) ;
#5952 = CARTESIAN_POINT ( 'NONE',  ( 0.000000000000000000, 8.000000000000000000, 0.000000000000000000 ) ) ;
#5953 = LINE ( 'NONE', #5911, #1211 ) ;
#5954 = CARTESIAN_POINT ( 'NONE',  ( 8.220000000000000639, 6.299999999999999822, 0.3499999999999997002 ) ) ;
#5955 = CARTESIAN_POINT ( 'NONE',  ( 9.473245067392239704, 0.5000000000000002220, 0.3499999999999998668 ) ) ;
#5956 = FACE_OUTER_BOUND ( 'NONE', #2748, .T. ) ;
#5957 = EDGE_CURVE ( 'NONE', #7510, #1408, #6330, .T. ) ;
#5958 = SURFACE_STYLE_USAGE ( .BOTH. , #1359 ) ;
#5959 = ORIENTED_EDGE ( 'NONE', *, *, #1290, .F. ) ;
#5960 = FACE_OUTER_BOUND ( 'NONE', #7073, .T. ) ;
#5961 = EDGE_LOOP ( 'NONE', ( #4021, #159, #7970, #5906 ) ) ;
#5962 = ADVANCED_FACE ( 'NONE', ( #1093 ), #3336, .F. ) ;
#5963 = CARTESIAN_POINT ( 'NONE',  ( 0.5218457338839795900, 5.626229152235330488, 0.3499999999999999778 ) ) ;
#5964 = CARTESIAN_POINT ( 'NONE',  ( 5.430000000000000604, 0.000000000000000000, -0.3500000000000000333 ) ) ;
#5965 = DIRECTION ( 'NONE',  ( -1.000000000000000000, -3.097720492815726426E-17, 0.000000000000000000 ) ) ;
#5966 = ORIENTED_EDGE ( 'NONE', *, *, #4993, .T. ) ;
#5967 = CARTESIAN_POINT ( 'NONE',  ( 3.061845733883979737, 5.626229152235330488, -8.408774101108953214E-17 ) ) ;
#5968 = ORIENTED_EDGE ( 'NONE', *, *, #4618, .F. ) ;
#5969 = CARTESIAN_POINT ( 'NONE',  ( -0.4999999999999985012, 6.299999999999999822, 0.3499999999999999778 ) ) ;
#5970 = EDGE_LOOP ( 'NONE', ( #3408, #3594, #5227, #6058 ) ) ;
#5971 = VECTOR ( 'NONE', #730, 1000.000000000000000 ) ;
#5972 =( NAMED_UNIT ( * ) SI_UNIT ( $, .STERADIAN. ) SOLID_ANGLE_UNIT ( ) );
#5973 = DIRECTION ( 'NONE',  ( -3.097720492815726426E-17, 1.000000000000000000, 0.000000000000000000 ) ) ;
#5974 = EDGE_CURVE ( 'NONE', #672, #7098, #7925, .T. ) ;
#5975 = SURFACE_STYLE_USAGE ( .BOTH. , #5933 ) ;
#5976 = ORIENTED_EDGE ( 'NONE', *, *, #1185, .T. ) ;
#5977 = PRESENTATION_STYLE_ASSIGNMENT (( #3105 ) ) ;
#5978 = COLOUR_RGB ( '',0.8313725490196077761, 0.6705882352941175961, 0.1294117647058823373 ) ;
#5979 = FACE_OUTER_BOUND ( 'NONE', #3346, .T. ) ;
#5980 = CARTESIAN_POINT ( 'NONE',  ( 5.944197381770399247, 5.178803639424135241, 0.3499999999999998668 ) ) ;
#5981 = VECTOR ( 'NONE', #9660, 1000.000000000000000 ) ;
#5982 = B_SPLINE_CURVE_WITH_KNOTS ( 'NONE', 3,
 ( #7108, #3293, #3385, #5552, #4078, #4173, #2662, #1832, #349, #6377, #9347, #5654, #8615, #1927, #8131, #5751, #7245, #2956, #6557, #5932, #2163, #4365, #5886, #8091, #5116, #8904, #8715, #7348, #640, #742, #3619 ),
 .UNSPECIFIED., .F., .F.,
 ( 4, 1, 1, 1, 1, 1, 1, 2, 2, 1, 1, 1, 1, 2, 2, 1, 1, 1, 1, 1, 2, 2, 4 ),
 ( 0.000000000000000000, 0.06250000000001437739, 0.09375000000002127465, 0.1093750000000249245, 0.1171875000000267425, 0.1210937500000276584, 0.1230468750000281303, 0.1240234375000285189, 0.1250000000000288936, 0.1875000000000276723, 0.2187500000000270617, 0.2343750000000267564, 0.2421875000000266176, 0.2460937500000268119, 0.2500000000000269784, 0.3750000000000259237, 0.4375000000000253686, 0.4687500000000248135, 0.4843750000000245359, 0.4921875000000244249, 0.4960937500000245914, 0.5000000000000247580, 1.000000000000000000 ),
 .UNSPECIFIED. ) ;
#5983 =( LENGTH_UNIT ( ) NAMED_UNIT ( * ) SI_UNIT ( .MILLI., .METRE. ) );
#5984 = EDGE_CURVE ( 'NONE', #68, #9283, #6572, .T. ) ;
#5985 = DIRECTION ( 'NONE',  ( 0.000000000000000000, -1.000000000000000000, 0.000000000000000000 ) ) ;
#5986 = STYLED_ITEM ( 'NONE', ( #5607 ), #4349 ) ;
#5987 = LINE ( 'NONE', #6570, #2537 ) ;
#5988 = CARTESIAN_POINT ( 'NONE',  ( 6.620000000000000107, 6.500000000000000888, -0.3500000000000010880 ) ) ;
#5989 = DIRECTION ( 'NONE',  ( -0.7071067811865489050, 0.7071067811865460184, -0.000000000000000000 ) ) ;
#5990 = EDGE_CURVE ( 'NONE', #4202, #1629, #5318, .T. ) ;
#5991 = ORIENTED_EDGE ( 'NONE', *, *, #5725, .T. ) ;
#5992 = PRESENTATION_LAYER_ASSIGNMENT (  '', '', ( #3037 ) ) ;
#5993 = VERTEX_POINT ( 'NONE', #3008 ) ;
#5994 = VECTOR ( 'NONE', #2497, 1000.000000000000000 ) ;
#5995 = AXIS2_PLACEMENT_3D ( 'NONE', #2933, #2986, #2188 ) ;
#5996 = DIRECTION ( 'NONE',  ( -3.097720492815726426E-17, 1.000000000000000000, 0.000000000000000000 ) ) ;
#5997 = DIRECTION ( 'NONE',  ( 0.000000000000000000, -0.000000000000000000, -1.000000000000000000 ) ) ;
#5998 = CARTESIAN_POINT ( 'NONE',  ( 8.301380150321415741, 6.233860305463102769, -0.3500000000000003109 ) ) ;
#5999 = CARTESIAN_POINT ( 'NONE',  ( 0.3500000000000000333, 0.000000000000000000, 0.3499999999999999778 ) ) ;
#6000 = CARTESIAN_POINT ( 'NONE',  ( 3.540000000000000480, 1.800000000000000488, 0.3849999999999998423 ) ) ;
#6001 = VECTOR ( 'NONE', #6493, 1000.000000000000000 ) ;
#6002 = CARTESIAN_POINT ( 'NONE',  ( 4.631806954577858626, 5.884855341312110077, 0.3499999999999998113 ) ) ;
#6003 = CARTESIAN_POINT ( 'NONE',  ( 11.16000000000000014, 0.5000000000000000000, -0.3500000000000000888 ) ) ;
#6004 = STYLED_ITEM ( 'NONE', ( #9186 ), #1795 ) ;
#6005 = EDGE_CURVE ( 'NONE', #4609, #6702, #2962, .T. ) ;
#6006 = CARTESIAN_POINT ( 'NONE',  ( 7.267475984454220495, 5.732672356334980179, -0.3500000000000002554 ) ) ;
#6007 = ORIENTED_EDGE ( 'NONE', *, *, #8373, .T. ) ;
#6008 =( NAMED_UNIT ( * ) SI_UNIT ( $, .STERADIAN. ) SOLID_ANGLE_UNIT ( ) );
#6009 = ORIENTED_EDGE ( 'NONE', *, *, #3448, .T. ) ;
#6010 = ADVANCED_FACE ( 'NONE', ( #8183 ), #9239, .T. ) ;
#6011 = FILL_AREA_STYLE ('',( #7619 ) ) ;
#6012 = CARTESIAN_POINT ( 'NONE',  ( 9.186953799075551430, 3.450480068928324595, -0.3500000000000003109 ) ) ;
#6013 = DIRECTION ( 'NONE',  ( 0.000000000000000000, 0.000000000000000000, -1.000000000000000000 ) ) ;
#6014 = PLANE ( 'NONE',  #9591 ) ;
#6015 = ORIENTED_EDGE ( 'NONE', *, *, #7270, .F. ) ;
#6016 = LINE ( 'NONE', #7434, #7147 ) ;
#6017 = ADVANCED_FACE ( 'NONE', ( #2500 ), #7051, .F. ) ;
#6018 = VECTOR ( 'NONE', #1884, 1000.000000000000000 ) ;
#6019 = VERTEX_POINT ( 'NONE', #5546 ) ;
#6020 = CARTESIAN_POINT ( 'NONE',  ( 1.540000000000000036, 6.500000000000000888, -0.3500000000000010880 ) ) ;
#6021 = EDGE_CURVE ( 'NONE', #2791, #1714, #8515, .T. ) ;
#6022 = VERTEX_POINT ( 'NONE', #5593 ) ;
#6023 = CARTESIAN_POINT ( 'NONE',  ( -0.6454664785273052097, 3.877691542223591359, -0.3499999999999999778 ) ) ;
#6024 = DIRECTION ( 'NONE',  ( -0.000000000000000000, -0.000000000000000000, -1.000000000000000000 ) ) ;
#6025 = AXIS2_PLACEMENT_3D ( 'NONE', #9265, #8767, #959 ) ;
#6026 = CARTESIAN_POINT ( 'NONE',  ( -0.4999999999999985012, 6.299999999999999822, -0.3499999999999999778 ) ) ;
#6027 = PLANE ( 'NONE',  #6734 ) ;
#6028 = CARTESIAN_POINT ( 'NONE',  ( 0.8314534000842377370, 5.476966929918534177, 0.3499999999999999778 ) ) ;
#6029 = EDGE_CURVE ( 'NONE', #1714, #1445, #4867, .T. ) ;
#6030 =( NAMED_UNIT ( * ) PLANE_ANGLE_UNIT ( ) SI_UNIT ( $, .RADIAN. ) );
#6031 = CARTESIAN_POINT ( 'NONE',  ( 1.720714092337829015, 5.570187327444797276, 0.3499999999999998668 ) ) ;
#6032 = ORIENTED_EDGE ( 'NONE', *, *, #9223, .T. ) ;
#6033 = AXIS2_PLACEMENT_3D ( 'NONE', #8378, #995, #6905 ) ;
#6034 = B_SPLINE_CURVE_WITH_KNOTS ( 'NONE', 3,
 ( #1841, #2721, #7806, #1101 ),
 .UNSPECIFIED., .F., .F.,
 ( 4, 4 ),
 ( 0.000000000000000000, 1.000000000000000000 ),
 .UNSPECIFIED. ) ;
#6035 = DIRECTION ( 'NONE',  ( -1.000000000000000000, 0.000000000000000000, 7.744301232039316681E-17 ) ) ;
#6036 = FACE_OUTER_BOUND ( 'NONE', #1415, .T. ) ;
#6037 = CIRCLE ( 'NONE', #1515, 0.2999999999999999334 ) ;
#6038 = DIRECTION ( 'NONE',  ( -0.000000000000000000, -1.000000000000000000, 1.668003342285392044E-16 ) ) ;
#6039 = CARTESIAN_POINT ( 'NONE',  ( 7.470000000000000639, -3.000000000000000000, 0.3499999999999997002 ) ) ;
#6040 = CARTESIAN_POINT ( 'NONE',  ( -1.000000000000000000, 6.500000000000000888, -0.3500000000000010880 ) ) ;
#6041 = CARTESIAN_POINT ( 'NONE',  ( 0.6813801503214174105, 6.233860305463100104, -0.3499999999999999778 ) ) ;
#6042 = DIRECTION ( 'NONE',  ( 0.000000000000000000, -1.000000000000000000, 0.000000000000000000 ) ) ;
#6043 = VERTEX_POINT ( 'NONE', #1278 ) ;
#6044 = AXIS2_PLACEMENT_3D ( 'NONE', #5172, #3683, #1437 ) ;
#6045 = ADVANCED_FACE ( 'NONE', ( #2020 ), #4257, .T. ) ;
#6046 = ORIENTED_EDGE ( 'NONE', *, *, #5473, .T. ) ;
#6047 = PLANE ( 'NONE',  #8594 ) ;
#6048 = DIRECTION ( 'NONE',  ( 0.6546536707079770867, 0.3779644730092269755, -0.6546536707079773088 ) ) ;
#6049 = ADVANCED_FACE ( 'NONE', ( #1326 ), #8708, .T. ) ;
#6050 = VERTEX_POINT ( 'NONE', #1973 ) ;
#6051 = FILL_AREA_STYLE_COLOUR ( '', #5978 ) ;
#6052 = CARTESIAN_POINT ( 'NONE',  ( 6.986851685116532984, 6.299478870653092422, 0.3499999999999997002 ) ) ;
#6053 = PRESENTATION_LAYER_ASSIGNMENT (  '', '', ( #96 ) ) ;
#6054 = DIRECTION ( 'NONE',  ( -0.000000000000000000, -1.000000000000000000, 1.668003342285392044E-16 ) ) ;
#6055 = VECTOR ( 'NONE', #4760, 1000.000000000000000 ) ;
#6056 = CARTESIAN_POINT ( 'NONE',  ( -1.469999999999999973, 0.000000000000000000, 1.199999999999999956 ) ) ;
#6057 = EDGE_LOOP ( 'NONE', ( #534, #7568, #7185, #121 ) ) ;
#6058 = ORIENTED_EDGE ( 'NONE', *, *, #2970, .F. ) ;
#6059 = PRESENTATION_LAYER_ASSIGNMENT (  '', '', ( #8702 ) ) ;
#6060 = PLANE ( 'NONE',  #547 ) ;
#6061 = ADVANCED_FACE ( 'NONE', ( #9483 ), #7681, .T. ) ;
#6062 = CARTESIAN_POINT ( 'NONE',  ( 7.294744180118195587, 5.589454083063165157, -0.3500000000000002554 ) ) ;
#6063 = FILL_AREA_STYLE_COLOUR ( '', #2865 ) ;
#6064 = EDGE_LOOP ( 'NONE', ( #124, #1100, #2151, #280 ) ) ;
#6065 = PRESENTATION_LAYER_ASSIGNMENT (  '', '', ( #8399 ) ) ;
#6066 = MECHANICAL_DESIGN_GEOMETRIC_PRESENTATION_REPRESENTATION (  '', ( #7166 ), #1227 ) ;
#6067 = DIRECTION ( 'NONE',  ( 1.000000000000000000, 0.000000000000000000, 0.000000000000000000 ) ) ;
#6068 = ORIENTED_EDGE ( 'NONE', *, *, #1106, .F. ) ;
#6069 = DIRECTION ( 'NONE',  ( -0.000000000000000000, -0.000000000000000000, -1.000000000000000000 ) ) ;
#6070 = VERTEX_POINT ( 'NONE', #7652 ) ;
#6071 = VECTOR ( 'NONE', #8614, 1000.000000000000000 ) ;
#6072 = MECHANICAL_DESIGN_GEOMETRIC_PRESENTATION_REPRESENTATION (  '', ( #1844 ), #2453 ) ;
#6073 = EDGE_CURVE ( 'NONE', #3354, #6993, #3200, .T. ) ;
#6074 = CARTESIAN_POINT ( 'NONE',  ( 3.486086801408603719, 4.056300144720193401, 0.3499999999999998668 ) ) ;
#6075 = EDGE_LOOP ( 'NONE', ( #1459, #7632, #7151, #2975 ) ) ;
#6076 = LINE ( 'NONE', #6848, #3309 ) ;
#6077 = CARTESIAN_POINT ( 'NONE',  ( 1.000000000000000000, 2.207665535523691158, 0.3499999999999999223 ) ) ;
#6078 = FILL_AREA_STYLE_COLOUR ( '', #367 ) ;
#6079 = CARTESIAN_POINT ( 'NONE',  ( 1.679835643297026282, 5.218128553112200585, 0.3499999999999998668 ) ) ;
#6080 = ORIENTED_EDGE ( 'NONE', *, *, #2701, .T. ) ;
#6081 = SURFACE_STYLE_FILL_AREA ( #2960 ) ;
#6082 = CARTESIAN_POINT ( 'NONE',  ( 8.620000000000000995, 0.8000000000000007105, 0.3499999999999997002 ) ) ;
#6083 = SURFACE_SIDE_STYLE ('',( #99 ) ) ;
#6084 = EDGE_CURVE ( 'NONE', #8830, #7579, #7956, .T. ) ;
#6085 = SURFACE_STYLE_USAGE ( .BOTH. , #2455 ) ;
#6086 = AXIS2_PLACEMENT_3D ( 'NONE', #1048, #4722, #354 ) ;
#6087 = CARTESIAN_POINT ( 'NONE',  ( 0.000000000000000000, 8.500000000000000000, 0.8696152422706663332 ) ) ;
#6088 = CARTESIAN_POINT ( 'NONE',  ( 5.430000000000000604, 0.000000000000000000, 0.3499999999999999778 ) ) ;
#6089 = PRESENTATION_STYLE_ASSIGNMENT (( #6135 ) ) ;
#6090 = ORIENTED_EDGE ( 'NONE', *, *, #4842, .T. ) ;
#6091 = VERTEX_POINT ( 'NONE', #684 ) ;
#6092 = CARTESIAN_POINT ( 'NONE',  ( 7.972524015545777942, 5.732672356334978403, -0.3500000000000002554 ) ) ;
#6093 = ORIENTED_EDGE ( 'NONE', *, *, #5931, .F. ) ;
#6094 = CARTESIAN_POINT ( 'NONE',  ( 9.810000000000000497, 0.5000000000000005551, 0.3499999999999996447 ) ) ;
#6095 = CARTESIAN_POINT ( 'NONE',  ( 6.839430448028450016, 5.815522798723461229, 0.3499999999999997002 ) ) ;
#6096 = LINE ( 'NONE', #8255, #6214 ) ;
#6097 = PRESENTATION_LAYER_ASSIGNMENT (  '', '', ( #7980 ) ) ;
#6098 = ADVANCED_FACE ( 'NONE', ( #1579 ), #5325, .T. ) ;
#6099 = CARTESIAN_POINT ( 'NONE',  ( 8.141845733883979364, 5.626229152235330488, -0.3500000000000002554 ) ) ;
#6100 = ORIENTED_EDGE ( 'NONE', *, *, #8481, .F. ) ;
#6101 = VERTEX_POINT ( 'NONE', #7458 ) ;
#6102 = EDGE_CURVE ( 'NONE', #5717, #8128, #3017, .T. ) ;
#6103 = STYLED_ITEM ( 'NONE', ( #1378 ), #3361 ) ;
#6104 = FACE_OUTER_BOUND ( 'NONE', #5404, .T. ) ;
#6105 =( NAMED_UNIT ( * ) PLANE_ANGLE_UNIT ( ) SI_UNIT ( $, .RADIAN. ) );
#6106 = CARTESIAN_POINT ( 'NONE',  ( 3.540000000000000036, 6.500000000000000888, 0.3499999999999989231 ) ) ;
#6107 = FILL_AREA_STYLE_COLOUR ( '', #7708 ) ;
#6108 = ORIENTED_EDGE ( 'NONE', *, *, #9169, .T. ) ;
#6109 = SURFACE_STYLE_USAGE ( .BOTH. , #6982 ) ;
#6110 = PRESENTATION_STYLE_ASSIGNMENT (( #3172 ) ) ;
#6111 = CARTESIAN_POINT ( 'NONE',  ( 2.018154266116020334, 5.626229152235333153, -8.408774101108953214E-17 ) ) ;
#6112 = ORIENTED_EDGE ( 'NONE', *, *, #4105, .T. ) ;
#6113 = DIRECTION ( 'NONE',  ( -0.000000000000000000, -0.000000000000000000, 1.000000000000000000 ) ) ;
#6114 = ORIENTED_EDGE ( 'NONE', *, *, #2477, .T. ) ;
#6115 = EDGE_CURVE ( 'NONE', #7337, #4362, #5901, .T. ) ;
#6116 =( LENGTH_UNIT ( ) NAMED_UNIT ( * ) SI_UNIT ( .MILLI., .METRE. ) );
#6117 = PLANE ( 'NONE',  #3691 ) ;
#6118 = DIRECTION ( 'NONE',  ( -1.000000000000000000, 0.000000000000000000, 0.000000000000000000 ) ) ;
#6119 = DIRECTION ( 'NONE',  ( 1.000000000000000000, 0.000000000000000000, 0.000000000000000000 ) ) ;
#6120 = ORIENTED_EDGE ( 'NONE', *, *, #3212, .F. ) ;
#6121 = DIRECTION ( 'NONE',  ( 0.000000000000000000, 0.000000000000000000, -1.000000000000000000 ) ) ;
#6122 = CARTESIAN_POINT ( 'NONE',  ( 0.9147081045646002773, 4.597665842580766160, 0.3499999999999999223 ) ) ;
#6123 =( NAMED_UNIT ( * ) SI_UNIT ( $, .STERADIAN. ) SOLID_ANGLE_UNIT ( ) );
#6124 = PRESENTATION_STYLE_ASSIGNMENT (( #144 ) ) ;
#6125 = ORIENTED_EDGE ( 'NONE', *, *, #2279, .F. ) ;
#6126 = FACE_OUTER_BOUND ( 'NONE', #8640, .T. ) ;
#6127 = CARTESIAN_POINT ( 'NONE',  ( 7.969999999999999751, 8.000000000000000000, 0.3499999999999999778 ) ) ;
#6128 = EDGE_CURVE ( 'NONE', #5744, #7863, #763, .T. ) ;
#6129 = CARTESIAN_POINT ( 'NONE',  ( 5.869603038017698893, 5.762359718948173892, 0.3499999999999998113 ) ) ;
#6130 =( NAMED_UNIT ( * ) SI_UNIT ( $, .STERADIAN. ) SOLID_ANGLE_UNIT ( ) );
#6131 = FACE_OUTER_BOUND ( 'NONE', #8788, .T. ) ;
#6132 = COLOUR_RGB ( '',0.8313725490196077761, 0.6705882352941175961, 0.1294117647058823373 ) ;
#6133 = CARTESIAN_POINT ( 'NONE',  ( 1.940000000000000835, 6.299999999999999822, 0.1166666666666664742 ) ) ;
#6134 = CARTESIAN_POINT ( 'NONE',  ( 5.405255819881805479, 5.589454083063163381, 0.3499999999999998113 ) ) ;
#6135 = SURFACE_STYLE_USAGE ( .BOTH. , #8379 ) ;
#6136 =( LENGTH_UNIT ( ) NAMED_UNIT ( * ) SI_UNIT ( .MILLI., .METRE. ) );
#6137 = EDGE_CURVE ( 'NONE', #4010, #4238, #8985, .T. ) ;
#6138 = ORIENTED_EDGE ( 'NONE', *, *, #9148, .F. ) ;
#6139 = ADVANCED_FACE ( 'NONE', ( #1442 ), #8871, .F. ) ;
#6140 = ORIENTED_EDGE ( 'NONE', *, *, #8446, .F. ) ;
#6141 = VECTOR ( 'NONE', #1114, 1000.000000000000000 ) ;
#6142 = CARTESIAN_POINT ( 'NONE',  ( -0.3525240155457798341, 5.732672356334980179, 0.3499999999999999778 ) ) ;
#6143 = VECTOR ( 'NONE', #3976, 1000.000000000000000 ) ;
#6144 = LINE ( 'NONE', #3156, #4534 ) ;
#6145 = LINE ( 'NONE', #6092, #7593 ) ;
#6146 = ORIENTED_EDGE ( 'NONE', *, *, #4894, .T. ) ;
#6147 = FACE_OUTER_BOUND ( 'NONE', #8700, .T. ) ;
#6148 = LINE ( 'NONE', #6677, #3254 ) ;
#6149 = ADVANCED_FACE ( 'NONE', ( #3062 ), #2220, .F. ) ;
#6150 = AXIS2_PLACEMENT_3D ( 'NONE', #9552, #2875, #7364 ) ;
#6151 = DIRECTION ( 'NONE',  ( -0.000000000000000000, 1.000000000000000000, -0.000000000000000000 ) ) ;
#6152 = ORIENTED_EDGE ( 'NONE', *, *, #9343, .T. ) ;
#6153 = VECTOR ( 'NONE', #8671, 1000.000000000000000 ) ;
#6154 = ORIENTED_EDGE ( 'NONE', *, *, #1149, .T. ) ;
#6155 = VECTOR ( 'NONE', #323, 1000.000000000000000 ) ;
#6156 = DIRECTION ( 'NONE',  ( -0.7071067811865489050, 0.7071067811865460184, -0.000000000000000000 ) ) ;
#6157 = COLOUR_RGB ( '',0.8313725490196077761, 0.6705882352941175961, 0.1294117647058823373 ) ;
#6158 = FACE_OUTER_BOUND ( 'NONE', #3648, .T. ) ;
#6159 = VECTOR ( 'NONE', #1136, 1000.000000000000000 ) ;
#6160 = CARTESIAN_POINT ( 'NONE',  ( 3.221380150321418334, 6.233860305463102769, -0.3500000000000002554 ) ) ;
#6161 =( NAMED_UNIT ( * ) SI_UNIT ( $, .STERADIAN. ) SOLID_ANGLE_UNIT ( ) );
#6162 = ORIENTED_EDGE ( 'NONE', *, *, #8430, .F. ) ;
#6163 = CARTESIAN_POINT ( 'NONE',  ( 11.10529693719554878, 4.071564961060393451, 0.3499999999999996447 ) ) ;
#6164 = DIRECTION ( 'NONE',  ( 0.000000000000000000, -1.000000000000000000, 1.668003342285391797E-16 ) ) ;
#6165 = ORIENTED_EDGE ( 'NONE', *, *, #197, .F. ) ;
#6166 = EDGE_LOOP ( 'NONE', ( #5620, #8956, #8425, #5591 ) ) ;
#6167 = VECTOR ( 'NONE', #5402, 1000.000000000000000 ) ;
#6168 = MECHANICAL_DESIGN_GEOMETRIC_PRESENTATION_REPRESENTATION (  '', ( #1485 ), #3033 ) ;
#6169 = CARTESIAN_POINT ( 'NONE',  ( 8.320000000000000284, 0.8000000000000007105, 0.3499999999999997002 ) ) ;
#6170 = FILL_AREA_STYLE ('',( #4653 ) ) ;
#6171 = SURFACE_STYLE_USAGE ( .BOTH. , #7583 ) ;
#6172 = EDGE_CURVE ( 'NONE', #6050, #7329, #7408, .T. ) ;
#6173 = ORIENTED_EDGE ( 'NONE', *, *, #4138, .F. ) ;
#6174 = CARTESIAN_POINT ( 'NONE',  ( 0.7982104639795067902, 5.709058272658547040, 0.3499999999999999778 ) ) ;
#6175 = LINE ( 'NONE', #2548, #5994 ) ;
#6176 = ORIENTED_EDGE ( 'NONE', *, *, #6596, .T. ) ;
#6177 = CARTESIAN_POINT ( 'NONE',  ( -0.3500000000000000333, 8.199999999999999289, -0.3499999999999999778 ) ) ;
#6178 = CARTESIAN_POINT ( 'NONE',  ( 7.969999999999999751, 8.199999999999999289, 0.3499999999999999778 ) ) ;
#6179 = UNCERTAINTY_MEASURE_WITH_UNIT (LENGTH_MEASURE( 1.000000000000000082E-05 ), #4162, 'distance_accuracy_value', 'NONE');
#6180 = MECHANICAL_DESIGN_GEOMETRIC_PRESENTATION_REPRESENTATION (  '', ( #8357 ), #6788 ) ;
#6181 =( NAMED_UNIT ( * ) SI_UNIT ( $, .STERADIAN. ) SOLID_ANGLE_UNIT ( ) );
#6182 = DIRECTION ( 'NONE',  ( -1.000000000000000000, -0.000000000000000000, -0.000000000000000000 ) ) ;
#6183 = EDGE_CURVE ( 'NONE', #9188, #5292, #9618, .T. ) ;
#6184 = CARTESIAN_POINT ( 'NONE',  ( 4.729999999999999538, 8.199999999999999289, 0.3499999999999999778 ) ) ;
#6185 = DIRECTION ( 'NONE',  ( 0.000000000000000000, 0.000000000000000000, 1.000000000000000000 ) ) ;
#6186 = PLANE ( 'NONE',  #2240 ) ;
#6187 = CARTESIAN_POINT ( 'NONE',  ( 6.750384757729333884, 8.500000000000000000, 0.000000000000000000 ) ) ;
#6188 = EDGE_LOOP ( 'NONE', ( #7278, #3076, #2199, #3902, #2105, #6529, #5165, #8383 ) ) ;
#6189 = UNCERTAINTY_MEASURE_WITH_UNIT (LENGTH_MEASURE( 1.000000000000000082E-05 ), #590, 'distance_accuracy_value', 'NONE');
#6190 = ORIENTED_EDGE ( 'NONE', *, *, #3448, .F. ) ;
#6191 = CARTESIAN_POINT ( 'NONE',  ( 3.140000000000000568, 6.299999999999999822, 0.1166666666666664742 ) ) ;
#6192 = ORIENTED_EDGE ( 'NONE', *, *, #6172, .F. ) ;
#6193 = FILL_AREA_STYLE ('',( #6051 ) ) ;
#6194 = ADVANCED_FACE ( 'NONE', ( #711 ), #5274, .F. ) ;
#6195 = VECTOR ( 'NONE', #4169, 1000.000000000000000 ) ;
#6196 = PRESENTATION_LAYER_ASSIGNMENT (  '', '', ( #8999 ) ) ;
#6197 = DIRECTION ( 'NONE',  ( 1.000000000000000000, 0.000000000000000000, 0.000000000000000000 ) ) ;
#6198 = ORIENTED_EDGE ( 'NONE', *, *, #9003, .T. ) ;
#6199 = ORIENTED_EDGE ( 'NONE', *, *, #9161, .F. ) ;
#6200 = COLOUR_RGB ( '',0.8313725490196077761, 0.6705882352941175961, 0.1294117647058823373 ) ;
#6201 = CARTESIAN_POINT ( 'NONE',  ( 6.933245067392238781, 10.39117142264903570, 0.3499999999999983125 ) ) ;
#6202 = STYLED_ITEM ( 'NONE', ( #2583 ), #364 ) ;
#6203 =( LENGTH_UNIT ( ) NAMED_UNIT ( * ) SI_UNIT ( .MILLI., .METRE. ) );
#6204 = CARTESIAN_POINT ( 'NONE',  ( -0.5999999999999996447, 6.299999999999999822, 0.3849999999999999534 ) ) ;
#6205 = DIRECTION ( 'NONE',  ( -1.000000000000000000, 0.000000000000000000, 0.000000000000000000 ) ) ;
#6206 = FILL_AREA_STYLE ('',( #228 ) ) ;
#6207 = EDGE_LOOP ( 'NONE', ( #4390, #7724, #6928, #244 ) ) ;
#6208 = CARTESIAN_POINT ( 'NONE',  ( -0.1499999999999994393, -3.000000000000000000, -0.3499999999999999778 ) ) ;
#6209 = ORIENTED_EDGE ( 'NONE', *, *, #3262, .F. ) ;
#6210 = ORIENTED_EDGE ( 'NONE', *, *, #5813, .F. ) ;
#6211 = VECTOR ( 'NONE', #3795, 1000.000000000000000 ) ;
#6212 = FACE_OUTER_BOUND ( 'NONE', #2896, .T. ) ;
#6213 = SURFACE_STYLE_USAGE ( .BOTH. , #332 ) ;
#6214 = VECTOR ( 'NONE', #8929, 1000.000000000000000 ) ;
#6215 = VERTEX_POINT ( 'NONE', #2364 ) ;
#6216 = CARTESIAN_POINT ( 'NONE',  ( 0.3500000000000008105, 0.5000000000000005551, 0.3499999999999999778 ) ) ;
#6217 = EDGE_CURVE ( 'NONE', #6019, #2690, #6664, .T. ) ;
#6218 = CARTESIAN_POINT ( 'NONE',  ( 0.4999999999999985012, 6.299999999999999822, -0.3499999999999999778 ) ) ;
#6219 = CARTESIAN_POINT ( 'NONE',  ( 4.380000000000000782, 0.5000000000000004441, 0.3499999999999998113 ) ) ;
#6220 = ORIENTED_EDGE ( 'NONE', *, *, #5957, .T. ) ;
#6221 = CARTESIAN_POINT ( 'NONE',  ( 9.560000000000000497, 6.299999999999999822, 0.3499999999999996447 ) ) ;
#6222 =( NAMED_UNIT ( * ) PLANE_ANGLE_UNIT ( ) SI_UNIT ( $, .RADIAN. ) );
#6223 = CARTESIAN_POINT ( 'NONE',  ( 1.540000000000000036, 6.500000000000000888, 0.3499999999999989231 ) ) ;
#6224 = EDGE_CURVE ( 'NONE', #9272, #127, #811, .T. ) ;
#6225 = COLOUR_RGB ( '',0.8313725490196077761, 0.6705882352941175961, 0.1294117647058823373 ) ;
#6226 = VECTOR ( 'NONE', #8412, 1000.000000000000000 ) ;
#6227 = UNCERTAINTY_MEASURE_WITH_UNIT (LENGTH_MEASURE( 1.000000000000000082E-05 ), #5399, 'distance_accuracy_value', 'NONE');
#6228 = DIRECTION ( 'NONE',  ( -0.000000000000000000, -0.000000000000000000, 1.000000000000000000 ) ) ;
#6229 = CARTESIAN_POINT ( 'NONE',  ( 2.091806954577857258, 5.884855341312110077, -0.3500000000000000333 ) ) ;
#6230 = VECTOR ( 'NONE', #4875, 1000.000000000000000 ) ;
#6231 = CARTESIAN_POINT ( 'NONE',  ( 5.543356898907900288, 1.699999999999997957, 0.3499999999999998668 ) ) ;
#6232 = LINE ( 'NONE', #9198, #6809 ) ;
#6233 = CARTESIAN_POINT ( 'NONE',  ( 4.179306504786379328, 4.786369049942377885, 0.3499999999999997558 ) ) ;
#6234 = EDGE_LOOP ( 'NONE', ( #2693, #6347, #7754, #620, #977, #7629, #2050, #1077, #6530, #2263, #9095, #2568, #4115, #1574, #6032, #749, #3182, #2518, #7120, #6429, #4657, #1065, #6959, #8105 ) ) ;
#6235 = DIRECTION ( 'NONE',  ( 0.000000000000000000, 0.000000000000000000, -1.000000000000000000 ) ) ;
#6236 = ORIENTED_EDGE ( 'NONE', *, *, #5597, .T. ) ;
#6237 = CARTESIAN_POINT ( 'NONE',  ( 1.540000000000000036, 6.500000000000000888, -0.3500000000000010880 ) ) ;
#6238 = CARTESIAN_POINT ( 'NONE',  ( 11.16000000000000192, 6.299999999999999822, -0.3850000000000002864 ) ) ;
#6239 = EDGE_LOOP ( 'NONE', ( #9678, #7530, #2348, #915 ) ) ;
#6240 = DIRECTION ( 'NONE',  ( 0.000000000000000000, 3.097720492815727166E-16, 1.000000000000000000 ) ) ;
#6241 = EDGE_CURVE ( 'NONE', #5300, #423, #2322, .T. ) ;
#6242 = ORIENTED_EDGE ( 'NONE', *, *, #9148, .T. ) ;
#6243 = ORIENTED_EDGE ( 'NONE', *, *, #3137, .T. ) ;
#6244 = PRESENTATION_LAYER_ASSIGNMENT (  '', '', ( #8127 ) ) ;
#6245 = CARTESIAN_POINT ( 'NONE',  ( 4.729999999999999538, 0.000000000000000000, 0.3499999999999999778 ) ) ;
#6246 = ADVANCED_FACE ( 'NONE', ( #4035 ), #2416, .F. ) ;
#6247 = CARTESIAN_POINT ( 'NONE',  ( -1.469999999999999973, 8.500000000000000000, -1.199999999999999956 ) ) ;
#6248 = CARTESIAN_POINT ( 'NONE',  ( 9.807475984454221418, 5.732672356334980179, 0.3499999999999996447 ) ) ;
#6249 = ORIENTED_EDGE ( 'NONE', *, *, #663, .F. ) ;
#6250 = DIRECTION ( 'NONE',  ( -3.097720492815726426E-17, 1.000000000000000000, 0.000000000000000000 ) ) ;
#6251 = CARTESIAN_POINT ( 'NONE',  ( 11.16000000000000547, 2.207665535523691158, 0.3499999999999997002 ) ) ;
#6252 = CARTESIAN_POINT ( 'NONE',  ( 9.660000000000001918, 6.299999999999999822, 0.3499999999999996447 ) ) ;
#6253 =( BOUNDED_CURVE ( )  B_SPLINE_CURVE ( 3, ( #1461, #9623, #5784, #9421, #675, #2008, #8833 ),
 .UNSPECIFIED., .F., .T. ) 
 B_SPLINE_CURVE_WITH_KNOTS ( ( 4, 3, 4 ),
 ( 0.8078321013870645162, 3.141592653589793116, 5.475353205792521827 ),
 .UNSPECIFIED. ) 
 CURVE ( )  GEOMETRIC_REPRESENTATION_ITEM ( )  RATIONAL_B_SPLINE_CURVE ( ( 1.000000000000000000, 0.5953481791230077480, 0.5953481791230077480, 1.000000000000000000, 0.5953481791230077480, 0.5953481791230077480, 1.000000000000000000 ) ) 
 REPRESENTATION_ITEM ( '' )  );
#6254 = ORIENTED_EDGE ( 'NONE', *, *, #2065, .F. ) ;
#6255 = EDGE_CURVE ( 'NONE', #7863, #7775, #9295, .T. ) ;
#6256 = ORIENTED_EDGE ( 'NONE', *, *, #4574, .T. ) ;
#6257 = EDGE_CURVE ( 'NONE', #7510, #1021, #7596, .T. ) ;
#6258 = CARTESIAN_POINT ( 'NONE',  ( 11.01063976979027181, 5.307482533055136287, -0.3500000000000003664 ) ) ;
#6259 = UNCERTAINTY_MEASURE_WITH_UNIT (LENGTH_MEASURE( 1.000000000000000082E-05 ), #6136, 'distance_accuracy_value', 'NONE');
#6260 = FACE_OUTER_BOUND ( 'NONE', #2072, .T. ) ;
#6261 = FILL_AREA_STYLE ('',( #3324 ) ) ;
#6262 = VERTEX_POINT ( 'NONE', #306 ) ;
#6263 = FACE_OUTER_BOUND ( 'NONE', #5676, .T. ) ;
#6264 = CARTESIAN_POINT ( 'NONE',  ( -0.6867549326077613259, 0.5000000000000000000, -0.6500000000000013545 ) ) ;
#6265 = CARTESIAN_POINT ( 'NONE',  ( 4.080000000000000071, 1.800000000000000488, 0.3499999999999998113 ) ) ;
#6266 = ORIENTED_EDGE ( 'NONE', *, *, #6489, .F. ) ;
#6267 = CARTESIAN_POINT ( 'NONE',  ( 9.300732764477098513, 5.226749775238757501, 0.3499999999999996447 ) ) ;
#6268 = DIRECTION ( 'NONE',  ( -1.000000000000000000, -1.084202172485504434E-16, 0.000000000000000000 ) ) ;
#6269 = FACE_OUTER_BOUND ( 'NONE', #9451, .T. ) ;
#6270 = ADVANCED_FACE ( 'NONE', ( #7750 ), #3199, .F. ) ;
#6271 = DIRECTION ( 'NONE',  ( -1.000000000000000000, -1.084202172485504434E-16, 0.000000000000000000 ) ) ;
#6272 = CARTESIAN_POINT ( 'NONE',  ( 11.62999999999999723, 8.500000000000000000, -1.200000000000000400 ) ) ;
#6273 = CARTESIAN_POINT ( 'NONE',  ( 0.3500000000000000333, 8.199999999999999289, 0.3499999999999999778 ) ) ;
#6274 = PLANE ( 'NONE',  #219 ) ;
#6275 = CARTESIAN_POINT ( 'NONE',  ( 4.480000000000001315, 6.299999999999999822, 0.1166666666666664187 ) ) ;
#6276 = CARTESIAN_POINT ( 'NONE',  ( 5.766754932607761397, 8.000000000000000000, -0.6500000000000025757 ) ) ;
#6277 = CARTESIAN_POINT ( 'NONE',  ( 4.145174816799755746, 4.263498050147334517, 0.3499999999999997558 ) ) ;
#6278 = CARTESIAN_POINT ( 'NONE',  ( 4.080000000000000959, 0.8000000000000004885, -0.3500000000000001443 ) ) ;
#6279 = VECTOR ( 'NONE', #1588, 1000.000000000000000 ) ;
#6280 = ORIENTED_EDGE ( 'NONE', *, *, #9209, .T. ) ;
#6281 = CARTESIAN_POINT ( 'NONE',  ( 4.558154266116019926, 5.626229152235333153, -1.681754820221790643E-16 ) ) ;
#6282 = ORIENTED_EDGE ( 'NONE', *, *, #4393, .T. ) ;
#6283 = B_SPLINE_CURVE_WITH_KNOTS ( 'NONE', 3,
 ( #1962, #1080, #6363, #5487, #2538, #386, #5533, #1866, #4060, #8648, #8598, #2695, #5636, #7726, #6258, #8503, #9327, #1814, #4906, #7882, #1175, #7186, #7042, #9376, #9180, #7931, #4156, #4804, #1221, #4203, #474 ),
 .UNSPECIFIED., .F., .F.,
 ( 4, 1, 1, 1, 1, 1, 1, 2, 2, 1, 1, 1, 1, 2, 2, 1, 1, 1, 1, 1, 2, 2, 4 ),
 ( 0.000000000000000000, 0.06249999999999997224, 0.09375000000000043021, 0.1093750000000007633, 0.1171875000000009992, 0.1210937500000012768, 0.1230468750000014710, 0.1240234375000016237, 0.1250000000000017764, 0.1875000000000052458, 0.2187500000000072442, 0.2343750000000082712, 0.2421875000000087708, 0.2460937500000089651, 0.2500000000000091593, 0.3750000000000101585, 0.4375000000000109357, 0.4687500000000113243, 0.4843750000000117684, 0.4921875000000119904, 0.4960937500000118794, 0.5000000000000117684, 1.000000000000000000 ),
 .UNSPECIFIED. ) ;
#6284 = LINE ( 'NONE', #5561, #6864 ) ;
#6285 = VECTOR ( 'NONE', #9077, 1000.000000000000000 ) ;
#6286 = DIRECTION ( 'NONE',  ( 0.000000000000000000, 0.000000000000000000, 1.000000000000000000 ) ) ;
#6287 = VERTEX_POINT ( 'NONE', #6276 ) ;
#6288 = DIRECTION ( 'NONE',  ( 0.000000000000000000, -0.000000000000000000, -1.000000000000000000 ) ) ;
#6289 = EDGE_CURVE ( 'NONE', #9071, #5351, #945, .T. ) ;
#6290 = ORIENTED_EDGE ( 'NONE', *, *, #2856, .F. ) ;
#6291 = AXIS2_PLACEMENT_3D ( 'NONE', #1059, #1251, #4943 ) ;
#6292 = VERTEX_POINT ( 'NONE', #9154 ) ;
#6293 = DIRECTION ( 'NONE',  ( -1.000000000000000000, 0.000000000000000000, 7.744301232039316681E-17 ) ) ;
#6294 = DIRECTION ( 'NONE',  ( -1.000000000000000000, -0.000000000000000000, -0.000000000000000000 ) ) ;
#6295 = FILL_AREA_STYLE ('',( #2686 ) ) ;
#6296 = DIRECTION ( 'NONE',  ( 1.084202172485504434E-16, -1.000000000000000000, 0.000000000000000000 ) ) ;
#6297 = AXIS2_PLACEMENT_3D ( 'NONE', #6709, #7261, #1345 ) ;
#6298 = DIRECTION ( 'NONE',  ( 1.000000000000000000, 0.000000000000000000, 0.000000000000000000 ) ) ;
#6299 =( NAMED_UNIT ( * ) SI_UNIT ( $, .STERADIAN. ) SOLID_ANGLE_UNIT ( ) );
#6300 = VERTEX_POINT ( 'NONE', #9246 ) ;
#6301 = EDGE_CURVE ( 'NONE', #7892, #2536, #1813, .T. ) ;
#6302 = VECTOR ( 'NONE', #5559, 1000.000000000000000 ) ;
#6304 = EDGE_CURVE ( 'NONE', #4537, #7520, #3888, .T. ) ;
#6303 = CARTESIAN_POINT ( 'NONE',  ( 10.94960303801769541, 5.762359718948173892, 0.3499999999999995892 ) ) ;
#6305 = SURFACE_STYLE_USAGE ( .BOTH. , #3173 ) ;
#6306 = VERTEX_POINT ( 'NONE', #3151 ) ;
#6307 = VERTEX_POINT ( 'NONE', #6134 ) ;
#6308 = VECTOR ( 'NONE', #3670, 1000.000000000000000 ) ;
#6309 = PRESENTATION_LAYER_ASSIGNMENT (  '', '', ( #5692 ) ) ;
#6310 = VECTOR ( 'NONE', #2903, 1000.000000000000000 ) ;
#6311 =( NAMED_UNIT ( * ) SI_UNIT ( $, .STERADIAN. ) SOLID_ANGLE_UNIT ( ) );
#6312 =( LENGTH_UNIT ( ) NAMED_UNIT ( * ) SI_UNIT ( .MILLI., .METRE. ) );
#6313 = DIRECTION ( 'NONE',  ( 0.000000000000000000, 0.000000000000000000, 1.000000000000000000 ) ) ;
#6314 = CARTESIAN_POINT ( 'NONE',  ( 3.485296937195549116, 4.071564961060393451, 0.3499999999999999223 ) ) ;
#6315 = LINE ( 'NONE', #7093, #9478 ) ;
#6316 = ADVANCED_FACE ( 'NONE', ( #9106 ), #4775, .F. ) ;
#6317 = VERTEX_POINT ( 'NONE', #7651 ) ;
#6318 =( BOUNDED_SURFACE ( )  B_SPLINE_SURFACE ( 2, 3, ( 
 ( #5774, #5000, #1261, #9315 ),
 ( #3313, #4235, #3441, #5727 ),
 ( #9367, #1115, #9267, #5570 ) ),
 .UNSPECIFIED., .F., .F., .T. ) 
 B_SPLINE_SURFACE_WITH_KNOTS ( ( 3, 3 ),
 ( 4, 4 ),
 ( 0.000000000000000000, 1.000000000000000000 ),
 ( -0.0007349999999999999763, 3.500000000000000371E-05 ),
 .UNSPECIFIED. ) 
 GEOMETRIC_REPRESENTATION_ITEM ( )  RATIONAL_B_SPLINE_SURFACE ( (
 ( 1.000000000000000000, 1.000000000000000000, 1.000000000000000000, 1.000000000000000000),
 ( 0.7071067811865475727, 0.7071067811865475727, 0.7071067811865475727, 0.7071067811865475727),
 ( 1.000000000000000000, 1.000000000000000000, 1.000000000000000000, 1.000000000000000000) ) ) 
 REPRESENTATION_ITEM ( '' )  SURFACE ( )  );
#6319 = STYLED_ITEM ( 'NONE', ( #2664 ), #9200 ) ;
#6320 = EDGE_CURVE ( 'NONE', #6101, #1797, #8468, .T. ) ;
#6321 = DIRECTION ( 'NONE',  ( 0.000000000000000000, 0.000000000000000000, 1.000000000000000000 ) ) ;
#6322 = PLANE ( 'NONE',  #7411 ) ;
#6323 = DIRECTION ( 'NONE',  ( 0.000000000000000000, -1.668003342285391551E-16, -1.000000000000000000 ) ) ;
#6324 = ORIENTED_EDGE ( 'NONE', *, *, #8456, .F. ) ;
#6325 = CARTESIAN_POINT ( 'NONE',  ( 9.216432165885828809, 4.104507585657484192, 0.3499999999999997002 ) ) ;
#6326 = VECTOR ( 'NONE', #3376, 1000.000000000000000 ) ;
#6327 = CARTESIAN_POINT ( 'NONE',  ( 6.620000000000000107, 0.5000000000000002220, 0.3499999999999998668 ) ) ;
#6328 = SURFACE_STYLE_FILL_AREA ( #7949 ) ;
#6329 = CARTESIAN_POINT ( 'NONE',  ( 7.970000000000001528, 1.084202172485506745E-17, 0.3499999999999997002 ) ) ;
#6330 = LINE ( 'NONE', #8521, #7633 ) ;
#6331 =( NAMED_UNIT ( * ) PLANE_ANGLE_UNIT ( ) SI_UNIT ( $, .RADIAN. ) );
#6332 = EDGE_CURVE ( 'NONE', #3085, #5810, #1734, .T. ) ;
#6333 = FILL_AREA_STYLE ('',( #2715 ) ) ;
#6334 = CARTESIAN_POINT ( 'NONE',  ( 4.754744180118195551, 5.589454083063165157, -0.3500000000000001443 ) ) ;
#6335 = CARTESIAN_POINT ( 'NONE',  ( 0.8775285524311584595, 5.050332720359886451, -0.3500000000000000333 ) ) ;
#6336 =( LENGTH_UNIT ( ) NAMED_UNIT ( * ) SI_UNIT ( .MILLI., .METRE. ) );
#6337 =( GEOMETRIC_REPRESENTATION_CONTEXT ( 3 ) GLOBAL_UNCERTAINTY_ASSIGNED_CONTEXT ( ( #4991 ) ) GLOBAL_UNIT_ASSIGNED_CONTEXT ( ( #9220, #4645, #8498 ) ) REPRESENTATION_CONTEXT ( 'NONE', 'WORKASPACE' ) );
#6338 = ORIENTED_EDGE ( 'NONE', *, *, #8118, .F. ) ;
#6339 = ORIENTED_EDGE ( 'NONE', *, *, #1354, .T. ) ;
#6340 = CARTESIAN_POINT ( 'NONE',  ( 5.766754932607761397, 8.000000000000000000, -0.6500000000000030198 ) ) ;
#6341 = DIRECTION ( 'NONE',  ( 0.4999999999999997780, -0.8660254037844388186, 0.000000000000000000 ) ) ;
#6342 = SURFACE_SIDE_STYLE ('',( #8626 ) ) ;
#6343 = AXIS2_PLACEMENT_3D ( 'NONE', #575, #622, #2750 ) ;
#6344 = ORIENTED_EDGE ( 'NONE', *, *, #4161, .T. ) ;
#6345 = EDGE_CURVE ( 'NONE', #6602, #5045, #6956, .T. ) ;
#6346 = EDGE_CURVE ( 'NONE', #3846, #4180, #6232, .T. ) ;
#6347 = ORIENTED_EDGE ( 'NONE', *, *, #9681, .F. ) ;
#6348 = ORIENTED_EDGE ( 'NONE', *, *, #2279, .T. ) ;
#6349 = ADVANCED_FACE ( 'NONE', ( #266 ), #3010, .T. ) ;
#6350 = CARTESIAN_POINT ( 'NONE',  ( -0.8626260474599404260, 5.194217234909946690, -0.3499999999999999778 ) ) ;
#6351 = DIRECTION ( 'NONE',  ( 0.000000000000000000, 1.000000000000000000, -1.668003342285391797E-16 ) ) ;
#6352 = FACE_OUTER_BOUND ( 'NONE', #4779, .T. ) ;
#6353 = DIRECTION ( 'NONE',  ( 0.000000000000000000, -0.000000000000000000, -1.000000000000000000 ) ) ;
#6354 = LINE ( 'NONE', #8547, #2410 ) ;
#6355 = AXIS2_PLACEMENT_3D ( 'NONE', #1135, #9339, #4119 ) ;
#6356 = EDGE_LOOP ( 'NONE', ( #1032, #2091, #5769, #5578 ) ) ;
#6357 = CARTESIAN_POINT ( 'NONE',  ( 9.807475984454221418, 5.732672356334980179, -0.3500000000000003109 ) ) ;
#6358 = ORIENTED_EDGE ( 'NONE', *, *, #8881, .T. ) ;
#6359 = CARTESIAN_POINT ( 'NONE',  ( 0.7000000000000006217, 0.8000000000000007105, 0.3499999999999999778 ) ) ;
#6360 = ORIENTED_EDGE ( 'NONE', *, *, #8274, .F. ) ;
#6361 = AXIS2_PLACEMENT_3D ( 'NONE', #7594, #5985, #6810 ) ;
#6362 = CARTESIAN_POINT ( 'NONE',  ( 5.766754932607761397, 0.5000000000000000000, -0.6500000000000013545 ) ) ;
#6363 = CARTESIAN_POINT ( 'NONE',  ( 10.84138015032141666, 6.233860305463102769, -0.3500000000000002554 ) ) ;
#6364 = CARTESIAN_POINT ( 'NONE',  ( 3.338210463979507381, 5.709058272658548816, 0.3499999999999999778 ) ) ;
#6365 = ORIENTED_EDGE ( 'NONE', *, *, #6137, .F. ) ;
#6366 = DIRECTION ( 'NONE',  ( 0.000000000000000000, 0.000000000000000000, 1.000000000000000000 ) ) ;
#6367 = MECHANICAL_DESIGN_GEOMETRIC_PRESENTATION_REPRESENTATION (  '', ( #415 ), #2300 ) ;
#6368 =( NAMED_UNIT ( * ) SI_UNIT ( $, .STERADIAN. ) SOLID_ANGLE_UNIT ( ) );
#6369 = EDGE_LOOP ( 'NONE', ( #8307, #1891, #8590, #9132, #9234, #9397, #4432, #3602 ) ) ;
#6370 = LINE ( 'NONE', #5592, #4605 ) ;
#6371 = LINE ( 'NONE', #3422, #4795 ) ;
#6372 = CARTESIAN_POINT ( 'NONE',  ( 6.080000000000000959, 1.121588454295350273E-16, 0.3499999999999998113 ) ) ;
#6373 = AXIS2_PLACEMENT_3D ( 'NONE', #8727, #5176, #8196 ) ;
#6374 = MECHANICAL_DESIGN_GEOMETRIC_PRESENTATION_REPRESENTATION (  '', ( #752 ), #8246 ) ;
#6375 =( LENGTH_UNIT ( ) NAMED_UNIT ( * ) SI_UNIT ( .MILLI., .METRE. ) );
#6376 = LINE ( 'NONE', #1140, #6071 ) ;
#6377 = CARTESIAN_POINT ( 'NONE',  ( -0.7860528864859843701, 5.783587059575309830, 0.3500000000000000333 ) ) ;
#6378 = LINE ( 'NONE', #1241, #8197 ) ;
#6379 = CARTESIAN_POINT ( 'NONE',  ( 4.294859749080236710, 5.788964205960196452, 0.3499999999999998668 ) ) ;
#6380 = SURFACE_STYLE_FILL_AREA ( #997 ) ;
#6381 = VECTOR ( 'NONE', #6387, 1000.000000000000000 ) ;
#6382 =( GEOMETRIC_REPRESENTATION_CONTEXT ( 3 ) GLOBAL_UNCERTAINTY_ASSIGNED_CONTEXT ( ( #9191 ) ) GLOBAL_UNIT_ASSIGNED_CONTEXT ( ( #5629, #9221, #1755 ) ) REPRESENTATION_CONTEXT ( 'NONE', 'WORKASPACE' ) );
#6383 = SURFACE_SIDE_STYLE ('',( #1050 ) ) ;
#6384 = ORIENTED_EDGE ( 'NONE', *, *, #7057, .F. ) ;
#6385 = ADVANCED_FACE ( 'NONE', ( #8662 ), #5652, .F. ) ;
#6386 = LINE ( 'NONE', #6340, #2983 ) ;
#6387 = DIRECTION ( 'NONE',  ( 0.000000000000000000, 0.000000000000000000, -1.000000000000000000 ) ) ;
#6388 = DIRECTION ( 'NONE',  ( 1.000000000000000000, 0.000000000000000000, 0.000000000000000000 ) ) ;
#6389 = VECTOR ( 'NONE', #4077, 1000.000000000000000 ) ;
#6390 = ORIENTED_EDGE ( 'NONE', *, *, #6255, .T. ) ;
#6391 = CARTESIAN_POINT ( 'NONE',  ( 2.540000000000000036, 0.000000000000000000, -0.3500000000000000888 ) ) ;
#6392 = UNCERTAINTY_MEASURE_WITH_UNIT (LENGTH_MEASURE( 1.000000000000000082E-05 ), #5819, 'distance_accuracy_value', 'NONE');
#6393 = ORIENTED_EDGE ( 'NONE', *, *, #9169, .F. ) ;
#6394 = EDGE_LOOP ( 'NONE', ( #3474, #1513, #5442, #4249 ) ) ;
#6395 = CARTESIAN_POINT ( 'NONE',  ( -0.7871622536570914708, 5.777005459572337465, -0.3500000000000000333 ) ) ;
#6396 = EDGE_CURVE ( 'NONE', #1609, #5054, #589, .T. ) ;
#6397 = PLANE ( 'NONE',  #4639 ) ;
#6398 = CARTESIAN_POINT ( 'NONE',  ( 8.409603038017694487, 5.762359718948173892, 0.3499999999999996447 ) ) ;
#6399 = LINE ( 'NONE', #7669, #372 ) ;
#6400 = ORIENTED_EDGE ( 'NONE', *, *, #6073, .F. ) ;
#6401 = EDGE_CURVE ( 'NONE', #9211, #8556, #6037, .T. ) ;
#6402 = VERTEX_POINT ( 'NONE', #6468 ) ;
#6403 = CARTESIAN_POINT ( 'NONE',  ( 4.754744180118195551, 5.589454083063166046, -0.3500000000000001443 ) ) ;
#6404 = ORIENTED_EDGE ( 'NONE', *, *, #2711, .F. ) ;
#6405 = VECTOR ( 'NONE', #3729, 1000.000000000000000 ) ;
#6406 =( NAMED_UNIT ( * ) PLANE_ANGLE_UNIT ( ) SI_UNIT ( $, .RADIAN. ) );
#6407 = DIRECTION ( 'NONE',  ( -1.000000000000000000, -0.000000000000000000, -0.000000000000000000 ) ) ;
#6408 = FILL_AREA_STYLE_COLOUR ( '', #5894 ) ;
#6409 = CARTESIAN_POINT ( 'NONE',  ( 3.454708104564600202, 4.597665842580767936, 0.3499999999999998113 ) ) ;
#6410 = DIRECTION ( 'NONE',  ( 1.121588454295349533E-16, -1.000000000000000000, 0.000000000000000000 ) ) ;
#6411 = EDGE_LOOP ( 'NONE', ( #1397, #7928, #6962, #3741, #7671, #1614, #5518, #483 ) ) ;
#6412 = CARTESIAN_POINT ( 'NONE',  ( 3.240000000000000657, 0.5000000000000006661, -0.3500000000000000888 ) ) ;
#6413 = PRESENTATION_LAYER_ASSIGNMENT (  '', '', ( #8132 ) ) ;
#6414 = CARTESIAN_POINT ( 'NONE',  ( -5.421010862427528333E-17, 0.5000000000000005551, 0.3499999999999999778 ) ) ;
#6415 = PLANE ( 'NONE',  #2937 ) ;
#6416 = EDGE_CURVE ( 'NONE', #6702, #3354, #2763, .T. ) ;
#6417 = EDGE_LOOP ( 'NONE', ( #5088, #6627, #7063, #4902, #4111, #1347, #2335, #5832 ) ) ;
#6418 =( LENGTH_UNIT ( ) NAMED_UNIT ( * ) SI_UNIT ( .MILLI., .METRE. ) );
#6419 = CARTESIAN_POINT ( 'NONE',  ( 4.754744180118195551, 5.589454083063166046, -0.3500000000000001443 ) ) ;
#6420 =( GEOMETRIC_REPRESENTATION_CONTEXT ( 3 ) GLOBAL_UNCERTAINTY_ASSIGNED_CONTEXT ( ( #4725 ) ) GLOBAL_UNIT_ASSIGNED_CONTEXT ( ( #8090, #5841, #5972 ) ) REPRESENTATION_CONTEXT ( 'NONE', 'WORKASPACE' ) );
#6421 = SURFACE_STYLE_USAGE ( .BOTH. , #5695 ) ;
#6422 = LINE ( 'NONE', #1038, #6560 ) ;
#6423 = CARTESIAN_POINT ( 'NONE',  ( 6.080000000000000071, 1.800000000000000488, -0.1283333333333336601 ) ) ;
#6424 = CARTESIAN_POINT ( 'NONE',  ( 5.860569551971559932, 5.815522798723455900, -0.3500000000000001998 ) ) ;
#6425 = CARTESIAN_POINT ( 'NONE',  ( 4.222161437416073859, 5.240363704784011922, 0.3499999999999998668 ) ) ;
#6426 = PRESENTATION_STYLE_ASSIGNMENT (( #259 ) ) ;
#6427 = EDGE_CURVE ( 'NONE', #6432, #725, #8713, .T. ) ;
#6428 = LINE ( 'NONE', #450, #4434 ) ;
#6429 = ORIENTED_EDGE ( 'NONE', *, *, #8166, .T. ) ;
#6430 = DIRECTION ( 'NONE',  ( 0.000000000000000000, 0.000000000000000000, -1.000000000000000000 ) ) ;
#6431 = CARTESIAN_POINT ( 'NONE',  ( 0.3525240155457787239, 5.732672356334978403, -0.3499999999999999778 ) ) ;
#6432 = VERTEX_POINT ( 'NONE', #7996 ) ;
#6433 = DIRECTION ( 'NONE',  ( 0.000000000000000000, 3.097720492815727166E-16, 1.000000000000000000 ) ) ;
#6434 = VECTOR ( 'NONE', #5913, 1000.000000000000000 ) ;
#6435 = EDGE_CURVE ( 'NONE', #3822, #4135, #1282, .T. ) ;
#6436 = EDGE_CURVE ( 'NONE', #1797, #767, #541, .T. ) ;
#6437 = UNCERTAINTY_MEASURE_WITH_UNIT (LENGTH_MEASURE( 1.000000000000000082E-05 ), #8760, 'distance_accuracy_value', 'NONE');
#6438 = ORIENTED_EDGE ( 'NONE', *, *, #2739, .T. ) ;
#6439 = ORIENTED_EDGE ( 'NONE', *, *, #5221, .T. ) ;
#6440 = VECTOR ( 'NONE', #1262, 1000.000000000000000 ) ;
#6441 = UNCERTAINTY_MEASURE_WITH_UNIT (LENGTH_MEASURE( 1.000000000000000082E-05 ), #6603, 'distance_accuracy_value', 'NONE');
#6442 = CARTESIAN_POINT ( 'NONE',  ( -0.8749941293856292601, 5.069026963383188367, -0.3499999999999999778 ) ) ;
#6443 = CARTESIAN_POINT ( 'NONE',  ( 1.000000000000000000, 6.500000000000000888, -0.3500000000000010880 ) ) ;
#6444 = CARTESIAN_POINT ( 'NONE',  ( 8.613118178959435767, 2.798202530626828999, 0.3499999999999996447 ) ) ;
#6445 = ORIENTED_EDGE ( 'NONE', *, *, #5577, .F. ) ;
#6446 = VECTOR ( 'NONE', #4427, 1000.000000000000000 ) ;
#6447 = VERTEX_POINT ( 'NONE', #3575 ) ;
#6448 = CARTESIAN_POINT ( 'NONE',  ( 5.725466478527304837, 3.877691542223589138, -0.3500000000000001443 ) ) ;
#6449 = VERTEX_POINT ( 'NONE', #2816 ) ;
#6450 = COLOUR_RGB ( '',0.8313725490196077761, 0.6705882352941175961, 0.1294117647058823373 ) ;
#6451 = LINE ( 'NONE', #7141, #3523 ) ;
#6452 = STYLED_ITEM ( 'NONE', ( #860 ), #4224 ) ;
#6453 = CARTESIAN_POINT ( 'NONE',  ( 2.390000000000000568, -3.000000000000000000, 0.3499999999999998668 ) ) ;
#6454 = CARTESIAN_POINT ( 'NONE',  ( 9.810000000000000497, -1.084202172485501815E-17, 0.3499999999999996447 ) ) ;
#6455 = SURFACE_STYLE_USAGE ( .BOTH. , #4014 ) ;
#6456 = ORIENTED_EDGE ( 'NONE', *, *, #7720, .F. ) ;
#6457 = CARTESIAN_POINT ( 'NONE',  ( 6.933245067392238781, 8.000000000000000000, -0.6500000000000030198 ) ) ;
#6458 = SURFACE_STYLE_FILL_AREA ( #3457 ) ;
#6459 = ORIENTED_EDGE ( 'NONE', *, *, #6021, .F. ) ;
#6460 = SURFACE_SIDE_STYLE ('',( #3569 ) ) ;
#6461 = VECTOR ( 'NONE', #4397, 1000.000000000000000 ) ;
#6462 =( NAMED_UNIT ( * ) PLANE_ANGLE_UNIT ( ) SI_UNIT ( $, .RADIAN. ) );
#6463 = VECTOR ( 'NONE', #3622, 1000.000000000000000 ) ;
#6464 = CARTESIAN_POINT ( 'NONE',  ( 1.540000000000000702, -1.121588454295348794E-16, 0.3499999999999998668 ) ) ;
#6465 =( LENGTH_UNIT ( ) NAMED_UNIT ( * ) SI_UNIT ( .MILLI., .METRE. ) );
#6466 = EDGE_CURVE ( 'NONE', #4405, #7473, #5798, .T. ) ;
#6467 = FACE_OUTER_BOUND ( 'NONE', #2054, .T. ) ;
#6468 = CARTESIAN_POINT ( 'NONE',  ( 7.270000000000001350, 0.5000000000000005551, 0.3499999999999997002 ) ) ;
#6469 = SURFACE_STYLE_FILL_AREA ( #5885 ) ;
#6470 = FILL_AREA_STYLE ('',( #7201 ) ) ;
#6471 = COLOUR_RGB ( '',0.8313725490196077761, 0.6705882352941175961, 0.1294117647058823373 ) ;
#6472 = CARTESIAN_POINT ( 'NONE',  ( 4.580000000000001847, 6.299999999999999822, -0.3500000000000001443 ) ) ;
#6473 = LINE ( 'NONE', #9441, #1966 ) ;
#6474 = DIRECTION ( 'NONE',  ( 0.000000000000000000, 0.000000000000000000, -1.000000000000000000 ) ) ;
#6475 = EDGE_CURVE ( 'NONE', #6984, #9325, #9538, .T. ) ;
#6476 = CARTESIAN_POINT ( 'NONE',  ( 1.752878007498405610, 5.777242093666543177, -0.3500000000000000888 ) ) ;
#6477 = VERTEX_POINT ( 'NONE', #4637 ) ;
#6478 = CARTESIAN_POINT ( 'NONE',  ( 5.430000000000000604, 1.084202172485506745E-17, -0.3500000000000001443 ) ) ;
#6479 = LINE ( 'NONE', #2673, #2161 ) ;
#6480 = EDGE_CURVE ( 'NONE', #5046, #1863, #5433, .T. ) ;
#6481 = UNCERTAINTY_MEASURE_WITH_UNIT (LENGTH_MEASURE( 1.000000000000000082E-05 ), #2994, 'distance_accuracy_value', 'NONE');
#6482 = ORIENTED_EDGE ( 'NONE', *, *, #9051, .T. ) ;
#6483 = CARTESIAN_POINT ( 'NONE',  ( 4.393245067392238745, 0.5000000000000000000, -0.3500000000000000888 ) ) ;
#6484 = VECTOR ( 'NONE', #9035, 1000.000000000000000 ) ;
#6485 = DIRECTION ( 'NONE',  ( -1.000000000000000000, 0.000000000000000000, 7.744301232039316681E-17 ) ) ;
#6486 = ORIENTED_EDGE ( 'NONE', *, *, #6794, .T. ) ;
#6487 = VERTEX_POINT ( 'NONE', #2328 ) ;
#6488 = STYLED_ITEM ( 'NONE', ( #8303 ), #2619 ) ;
#6489 = EDGE_CURVE ( 'NONE', #167, #1208, #1467, .T. ) ;
#6490 = DIRECTION ( 'NONE',  ( -0.000000000000000000, 0.000000000000000000, 1.000000000000000000 ) ) ;
#6491 = SURFACE_STYLE_FILL_AREA ( #6295 ) ;
#6492 = CARTESIAN_POINT ( 'NONE',  ( 10.68184573388398029, 5.626229152235330488, -0.3500000000000003109 ) ) ;
#6493 = DIRECTION ( 'NONE',  ( -0.000000000000000000, -0.000000000000000000, -1.000000000000000000 ) ) ;
#6494 = EDGE_LOOP ( 'NONE', ( #5400, #9656, #6456, #4942 ) ) ;
#6495 = AXIS2_PLACEMENT_3D ( 'NONE', #1497, #54, #104 ) ;
#6496 = ORIENTED_EDGE ( 'NONE', *, *, #2579, .F. ) ;
#6497 = DIRECTION ( 'NONE',  ( -1.121588454295349780E-16, 1.000000000000000000, 0.000000000000000000 ) ) ;
#6498 = ORIENTED_EDGE ( 'NONE', *, *, #6546, .T. ) ;
#6499 = EDGE_CURVE ( 'NONE', #9320, #2473, #6371, .T. ) ;
#6500 = SURFACE_SIDE_STYLE ('',( #2146 ) ) ;
#6501 = AXIS2_PLACEMENT_3D ( 'NONE', #8554, #2047, #5637 ) ;
#6502 = PRESENTATION_STYLE_ASSIGNMENT (( #7227 ) ) ;
#6503 =( NAMED_UNIT ( * ) PLANE_ANGLE_UNIT ( ) SI_UNIT ( $, .RADIAN. ) );
#6504 = ORIENTED_EDGE ( 'NONE', *, *, #2711, .T. ) ;
#6505 = CARTESIAN_POINT ( 'NONE',  ( 6.933245067392238781, 8.000000000000000000, -0.6500000000000030198 ) ) ;
#6506 = CARTESIAN_POINT ( 'NONE',  ( 4.218424265108378535, 5.204467366490685087, -0.3500000000000001998 ) ) ;
#6507 = ORIENTED_EDGE ( 'NONE', *, *, #7691, .T. ) ;
#6508 = FACE_OUTER_BOUND ( 'NONE', #7736, .T. ) ;
#6509 = VECTOR ( 'NONE', #9301, 1000.000000000000000 ) ;
#6510 = VERTEX_POINT ( 'NONE', #6419 ) ;
#6511 = CARTESIAN_POINT ( 'NONE',  ( 8.620000000000002771, 2.615493535622418708, -0.3500000000000003109 ) ) ;
#6512 = LINE ( 'NONE', #8660, #8955 ) ;
#6513 = DIRECTION ( 'NONE',  ( 0.000000000000000000, 0.000000000000000000, -1.000000000000000000 ) ) ;
#6514 = SURFACE_SIDE_STYLE ('',( #1978 ) ) ;
#6516 = STYLED_ITEM ( 'NONE', ( #7761 ), #6825 ) ;
#6515 = LINE ( 'NONE', #3577, #2401 ) ;
#6517 = EDGE_CURVE ( 'NONE', #6650, #5096, #7103, .T. ) ;
#6518 = CYLINDRICAL_SURFACE ( 'NONE', #8308, 0.2000000000000005107 ) ;
#6519 = CARTESIAN_POINT ( 'NONE',  ( 6.019979884374425438, 4.171275002134769316, -0.3500000000000001998 ) ) ;
#6520 = CARTESIAN_POINT ( 'NONE',  ( 8.306754932607761432, 6.500000000000000888, 0.3499999999999988676 ) ) ;
#6521 = CARTESIAN_POINT ( 'NONE',  ( 1.730497576386657910, 5.635051924202447715, -0.3500000000000000333 ) ) ;
#6522 = MECHANICAL_DESIGN_GEOMETRIC_PRESENTATION_REPRESENTATION (  '', ( #8702 ), #8550 ) ;
#6523 = AXIS2_PLACEMENT_3D ( 'NONE', #1659, #914, #3749 ) ;
#6524 = DIRECTION ( 'NONE',  ( 0.000000000000000000, -1.000000000000000000, 0.000000000000000000 ) ) ;
#6525 = CARTESIAN_POINT ( 'NONE',  ( 6.731150453949025447, 4.917640708295714980, -0.3500000000000002554 ) ) ;
#6526 = ORIENTED_EDGE ( 'NONE', *, *, #2001, .F. ) ;
#6527 = FACE_OUTER_BOUND ( 'NONE', #5394, .T. ) ;
#6528 = PRESENTATION_LAYER_ASSIGNMENT (  '', '', ( #2012 ) ) ;
#6529 = ORIENTED_EDGE ( 'NONE', *, *, #5674, .F. ) ;
#6530 = ORIENTED_EDGE ( 'NONE', *, *, #4234, .F. ) ;
#6531 = CIRCLE ( 'NONE', #5003, 0.1999999999999996503 ) ;
#6532 = CARTESIAN_POINT ( 'NONE',  ( 1.000000000000000000, 6.500000000000000888, -0.3500000000000010880 ) ) ;
#6533 = EDGE_CURVE ( 'NONE', #4092, #8623, #2814, .T. ) ;
#6534 = FACE_OUTER_BOUND ( 'NONE', #7758, .T. ) ;
#6535 = CARTESIAN_POINT ( 'NONE',  ( 10.51252401554577887, 5.732672356334978403, -0.3500000000000003109 ) ) ;
#6536 = PRESENTATION_STYLE_ASSIGNMENT (( #2884 ) ) ;
#6537 = ORIENTED_EDGE ( 'NONE', *, *, #4234, .T. ) ;
#6538 = EDGE_CURVE ( 'NONE', #6292, #9211, #1187, .T. ) ;
#6539 = ORIENTED_EDGE ( 'NONE', *, *, #1315, .T. ) ;
#6540 = ORIENTED_EDGE ( 'NONE', *, *, #5168, .F. ) ;
#6541 = CARTESIAN_POINT ( 'NONE',  ( 9.370396961982258688, 5.762359718947904774, -0.3500000000000003109 ) ) ;
#6542 = CARTESIAN_POINT ( 'NONE',  ( 1.540000000000000036, 0.5000000000000000000, -0.3500000000000000888 ) ) ;
#6543 = DIRECTION ( 'NONE',  ( 0.000000000000000000, -0.000000000000000000, -1.000000000000000000 ) ) ;
#6544 =( LENGTH_UNIT ( ) NAMED_UNIT ( * ) SI_UNIT ( .MILLI., .METRE. ) );
#6545 = ORIENTED_EDGE ( 'NONE', *, *, #4968, .T. ) ;
#6546 = EDGE_CURVE ( 'NONE', #8458, #6449, #1986, .T. ) ;
#6547 = PLANE ( 'NONE',  #6923 ) ;
#6548 = DIRECTION ( 'NONE',  ( -3.872150616019656492E-17, -0.8660254037844388186, -0.4999999999999997224 ) ) ;
#6549 = ORIENTED_EDGE ( 'NONE', *, *, #3380, .T. ) ;
#6550 = DIRECTION ( 'NONE',  ( 1.000000000000000000, 1.121588454295349780E-16, -0.000000000000000000 ) ) ;
#6551 = EDGE_CURVE ( 'NONE', #3909, #512, #2709, .T. ) ;
#6552 = AXIS2_PLACEMENT_3D ( 'NONE', #2910, #546, #7299 ) ;
#6553 = VERTEX_POINT ( 'NONE', #1279 ) ;
#6554 = CARTESIAN_POINT ( 'NONE',  ( -0.9999999999999993339, -1.121588454295348794E-16, 0.3499999999999999778 ) ) ;
#6555 = SURFACE_STYLE_USAGE ( .BOTH. , #587 ) ;
#6556 = DIRECTION ( 'NONE',  ( 0.000000000000000000, 1.668003342285388099E-16, 1.000000000000000000 ) ) ;
#6557 = CARTESIAN_POINT ( 'NONE',  ( -0.8601643567029741977, 5.218128553112199697, 0.3499999999999999223 ) ) ;
#6558 =( GEOMETRIC_REPRESENTATION_CONTEXT ( 3 ) GLOBAL_UNCERTAINTY_ASSIGNED_CONTEXT ( ( #9202 ) ) GLOBAL_UNIT_ASSIGNED_CONTEXT ( ( #5806, #2725, #7402 ) ) REPRESENTATION_CONTEXT ( 'NONE', 'WORKASPACE' ) );
#6559 = FILL_AREA_STYLE_COLOUR ( '', #5249 ) ;
#6560 = VECTOR ( 'NONE', #9240, 1000.000000000000000 ) ;
#6561 = CARTESIAN_POINT ( 'NONE',  ( 9.660000000000001918, 6.299999999999999822, 0.3499999999999996447 ) ) ;
#6562 =( NAMED_UNIT ( * ) SI_UNIT ( $, .STERADIAN. ) SOLID_ANGLE_UNIT ( ) );
#6563 = DIRECTION ( 'NONE',  ( -0.000000000000000000, -0.000000000000000000, -1.000000000000000000 ) ) ;
#6564 = VECTOR ( 'NONE', #9558, 1000.000000000000000 ) ;
#6565 = CARTESIAN_POINT ( 'NONE',  ( 8.620000000000000995, 1.800000000000000488, -0.1166666666666670155 ) ) ;
#6566 = LINE ( 'NONE', #9601, #4199 ) ;
#6567 = SURFACE_STYLE_USAGE ( .BOTH. , #8191 ) ;
#6568 = PLANE ( 'NONE',  #2612 ) ;
#6569 = ORIENTED_EDGE ( 'NONE', *, *, #110, .F. ) ;
#6570 = CARTESIAN_POINT ( 'NONE',  ( 2.861845733883979559, 5.626229152235330488, -8.408774101108953214E-17 ) ) ;
#6571 = CARTESIAN_POINT ( 'NONE',  ( 9.810000000000000497, 0.000000000000000000, -0.3499999999999999778 ) ) ;
#6572 = LINE ( 'NONE', #6626, #1386 ) ;
#6573 = ORIENTED_EDGE ( 'NONE', *, *, #820, .T. ) ;
#6574 = ORIENTED_EDGE ( 'NONE', *, *, #7509, .T. ) ;
#6575 = EDGE_CURVE ( 'NONE', #1408, #1797, #2656, .T. ) ;
#6576 = CARTESIAN_POINT ( 'NONE',  ( 6.620000000000000995, -1.121588454295348794E-16, 0.3499999999999997002 ) ) ;
#6577 = PRESENTATION_LAYER_ASSIGNMENT (  '', '', ( #9551 ) ) ;
#6578 = DIRECTION ( 'NONE',  ( -0.000000000000000000, 1.000000000000000000, -0.000000000000000000 ) ) ;
#6579 = ADVANCED_FACE ( 'NONE', ( #1974 ), #4971, .F. ) ;
#6580 = ADVANCED_FACE ( 'NONE', ( #5649 ), #8608, .F. ) ;
#6581 = DIRECTION ( 'NONE',  ( -1.000000000000000000, 0.000000000000000000, 0.000000000000000000 ) ) ;
#6582 = PLANE ( 'NONE',  #3624 ) ;
#6583 = CARTESIAN_POINT ( 'NONE',  ( 0.3525240155457787239, 5.732672356334978403, -0.3499999999999999778 ) ) ;
#6584 = CARTESIAN_POINT ( 'NONE',  ( -0.6867549326077613259, 10.39117142264903570, -0.6500000000000030198 ) ) ;
#6585 = ORIENTED_EDGE ( 'NONE', *, *, #6241, .F. ) ;
#6586 = VECTOR ( 'NONE', #72, 1000.000000000000000 ) ;
#6587 =( NAMED_UNIT ( * ) PLANE_ANGLE_UNIT ( ) SI_UNIT ( $, .RADIAN. ) );
#6588 = ORIENTED_EDGE ( 'NONE', *, *, #6889, .T. ) ;
#6589 = CARTESIAN_POINT ( 'NONE',  ( 2.540000000000000036, 0.5000000000000005551, 0.3499999999999998668 ) ) ;
#6590 = ADVANCED_FACE ( 'NONE', ( #4435 ), #6630, .F. ) ;
#6591 = DIRECTION ( 'NONE',  ( 1.000000000000000000, 0.000000000000000000, 0.000000000000000000 ) ) ;
#6592 = DIRECTION ( 'NONE',  ( 0.000000000000000000, -1.668003342285391551E-16, -1.000000000000000000 ) ) ;
#6593 = MECHANICAL_DESIGN_GEOMETRIC_PRESENTATION_REPRESENTATION (  '', ( #5051 ), #7851 ) ;
#6594 = FACE_OUTER_BOUND ( 'NONE', #6648, .T. ) ;
#6595 = ORIENTED_EDGE ( 'NONE', *, *, #2867, .F. ) ;
#6596 = EDGE_CURVE ( 'NONE', #8501, #5305, #660, .T. ) ;
#6597 =( NAMED_UNIT ( * ) SI_UNIT ( $, .STERADIAN. ) SOLID_ANGLE_UNIT ( ) );
#6598 = CARTESIAN_POINT ( 'NONE',  ( 8.068193045422141552, 5.884855341312110077, 0.3499999999999997002 ) ) ;
#6599 = FACE_OUTER_BOUND ( 'NONE', #6967, .T. ) ;
#6600 = ORIENTED_EDGE ( 'NONE', *, *, #1602, .F. ) ;
#6601 = CARTESIAN_POINT ( 'NONE',  ( 2.892524015545778759, 5.732672356334978403, 0.3499999999999998668 ) ) ;
#6602 = VERTEX_POINT ( 'NONE', #8148 ) ;
#6603 =( LENGTH_UNIT ( ) NAMED_UNIT ( * ) SI_UNIT ( .MILLI., .METRE. ) );
#6604 = VECTOR ( 'NONE', #8995, 1000.000000000000000 ) ;
#6605 = FACE_OUTER_BOUND ( 'NONE', #2018, .T. ) ;
#6606 =( NAMED_UNIT ( * ) PLANE_ANGLE_UNIT ( ) SI_UNIT ( $, .RADIAN. ) );
#6607 = EDGE_CURVE ( 'NONE', #9596, #9484, #1447, .T. ) ;
#6608 = DIRECTION ( 'NONE',  ( 0.000000000000000000, 0.000000000000000000, -1.000000000000000000 ) ) ;
#6609 = FILL_AREA_STYLE_COLOUR ( '', #5198 ) ;
#6610 = VECTOR ( 'NONE', #321, 1000.000000000000000 ) ;
#6611 = CARTESIAN_POINT ( 'NONE',  ( -0.3525240155457798341, 5.732672356334980179, 0.3499999999999999778 ) ) ;
#6612 = SURFACE_STYLE_USAGE ( .BOTH. , #3469 ) ;
#6613 = STYLED_ITEM ( 'NONE', ( #3112 ), #4254 ) ;
#6614 = VERTEX_POINT ( 'NONE', #6766 ) ;
#6615 = DIRECTION ( 'NONE',  ( -0.000000000000000000, -0.000000000000000000, -1.000000000000000000 ) ) ;
#6616 = CARTESIAN_POINT ( 'NONE',  ( 1.678424265108376723, 5.204467366490682423, -0.3499999999999999778 ) ) ;
#6617 = STYLED_ITEM ( 'NONE', ( #8953 ), #1738 ) ;
#6618 = STYLED_ITEM ( 'NONE', ( #487 ), #4782 ) ;
#6619 =( LENGTH_UNIT ( ) NAMED_UNIT ( * ) SI_UNIT ( .MILLI., .METRE. ) );
#6620 = SURFACE_SIDE_STYLE ('',( #7308 ) ) ;
#6621 = DIRECTION ( 'NONE',  ( 0.000000000000000000, 0.000000000000000000, -1.000000000000000000 ) ) ;
#6622 = EDGE_LOOP ( 'NONE', ( #5642, #2077, #3130, #2706 ) ) ;
#6623 = DIRECTION ( 'NONE',  ( -0.000000000000000000, -1.668003342285388099E-16, -1.000000000000000000 ) ) ;
#6624 =( BOUNDED_SURFACE ( )  B_SPLINE_SURFACE ( 2, 3, ( 
 ( #7499, #8282, #8372, #803 ),
 ( #2359, #45, #1595, #4567 ),
 ( #7544, #6855, #850, #3824 ) ),
 .UNSPECIFIED., .F., .F., .T. ) 
 B_SPLINE_SURFACE_WITH_KNOTS ( ( 3, 3 ),
 ( 4, 4 ),
 ( 0.000000000000000000, 1.000000000000000000 ),
 ( -3.500000000000000371E-05, 0.0007349999999999999763 ),
 .UNSPECIFIED. ) 
 GEOMETRIC_REPRESENTATION_ITEM ( )  RATIONAL_B_SPLINE_SURFACE ( (
 ( 1.000000000000000000, 1.000000000000000000, 1.000000000000000000, 1.000000000000000000),
 ( 0.7071067811865475727, 0.7071067811865475727, 0.7071067811865475727, 0.7071067811865475727),
 ( 1.000000000000000000, 1.000000000000000000, 1.000000000000000000, 1.000000000000000000) ) ) 
 REPRESENTATION_ITEM ( '' )  SURFACE ( )  );
#6625 = AXIS2_PLACEMENT_3D ( 'NONE', #422, #1016, #6298 ) ;
#6626 = CARTESIAN_POINT ( 'NONE',  ( 6.080000000000000959, 1.121588454295350273E-16, -0.3500000000000001443 ) ) ;
#6627 = ORIENTED_EDGE ( 'NONE', *, *, #8136, .F. ) ;
#6628 = MECHANICAL_DESIGN_GEOMETRIC_PRESENTATION_REPRESENTATION (  '', ( #8199 ), #8044 ) ;
#6629 = ORIENTED_EDGE ( 'NONE', *, *, #8004, .F. ) ;
#6630 = PLANE ( 'NONE',  #8531 ) ;
#6631 = FILL_AREA_STYLE ('',( #7367 ) ) ;
#6632 = DIRECTION ( 'NONE',  ( 0.000000000000000000, -1.000000000000000000, 0.000000000000000000 ) ) ;
#6633 = FACE_OUTER_BOUND ( 'NONE', #8683, .T. ) ;
#6634 = CARTESIAN_POINT ( 'NONE',  ( 11.16000000000000192, 0.8000000000000007105, 0.3499999999999996447 ) ) ;
#6635 = EDGE_CURVE ( 'NONE', #1945, #7168, #8249, .T. ) ;
#6636 = LINE ( 'NONE', #6584, #6434 ) ;
#6637 = ORIENTED_EDGE ( 'NONE', *, *, #5760, .T. ) ;
#6638 =( LENGTH_UNIT ( ) NAMED_UNIT ( * ) SI_UNIT ( .MILLI., .METRE. ) );
#6639 = UNCERTAINTY_MEASURE_WITH_UNIT (LENGTH_MEASURE( 1.000000000000000082E-05 ), #9328, 'distance_accuracy_value', 'NONE');
#6640 = EDGE_CURVE ( 'NONE', #3255, #4430, #2466, .T. ) ;
#6641 = VERTEX_POINT ( 'NONE', #4834 ) ;
#6642 = DIRECTION ( 'NONE',  ( 0.7071067811865474617, 0.7071067811865474617, -0.000000000000000000 ) ) ;
#6643 = DIRECTION ( 'NONE',  ( 1.000000000000000000, 0.000000000000000000, 0.000000000000000000 ) ) ;
#6644 =( LENGTH_UNIT ( ) NAMED_UNIT ( * ) SI_UNIT ( .MILLI., .METRE. ) );
#6645 = EDGE_LOOP ( 'NONE', ( #6507, #5472, #4360, #3716 ) ) ;
#6646 = CARTESIAN_POINT ( 'NONE',  ( 1.540000000000000924, 6.299999999999999822, 0.1283333333333335213 ) ) ;
#6647 = CARTESIAN_POINT ( 'NONE',  ( 9.473245067392239704, 10.39117142264903570, 0.6499999999999995781 ) ) ;
#6648 = EDGE_LOOP ( 'NONE', ( #6090, #9357, #3990, #3726 ) ) ;
#6649 = DIRECTION ( 'NONE',  ( -0.000000000000000000, -1.000000000000000000, 1.668003342285391551E-16 ) ) ;
#6650 = VERTEX_POINT ( 'NONE', #1055 ) ;
#6651 = LINE ( 'NONE', #9637, #2405 ) ;
#6652 = VECTOR ( 'NONE', #7011, 1000.000000000000000 ) ;
#6653 = PLANE ( 'NONE',  #1947 ) ;
#6654 = CARTESIAN_POINT ( 'NONE',  ( 4.729999999999999538, 8.000000000000000000, -0.3499999999999999778 ) ) ;
#6655 = CARTESIAN_POINT ( 'NONE',  ( 2.189999999999999947, 0.000000000000000000, 0.3499999999999999778 ) ) ;
#6656 = EDGE_LOOP ( 'NONE', ( #5450, #836, #9143, #1672 ) ) ;
#6657 = LINE ( 'NONE', #4616, #4285 ) ;
#6658 = DIRECTION ( 'NONE',  ( -0.000000000000000000, -0.000000000000000000, -1.000000000000000000 ) ) ;
#6659 = AXIS2_PLACEMENT_3D ( 'NONE', #4858, #3040, #5244 ) ;
#6660 = CARTESIAN_POINT ( 'NONE',  ( 5.929183477980651595, 5.324198710742059859, 0.3499999999999998668 ) ) ;
#6661 = CARTESIAN_POINT ( 'NONE',  ( 6.620000000000000995, 2.207665535523969158, -0.3500000000000003109 ) ) ;
#6662 = FILL_AREA_STYLE_COLOUR ( '', #89 ) ;
#6663 = CARTESIAN_POINT ( 'NONE',  ( 5.949615242270667181, 8.500000000000000000, 0.8696152422706663332 ) ) ;
#6664 = LINE ( 'NONE', #1551, #8524 ) ;
#6665 = LINE ( 'NONE', #5902, #1851 ) ;
#6666 = AXIS2_PLACEMENT_3D ( 'NONE', #1899, #1166, #7128 ) ;
#6667 = VERTEX_POINT ( 'NONE', #8384 ) ;
#6668 = EDGE_CURVE ( 'NONE', #814, #3045, #1741, .T. ) ;
#6669 = ORIENTED_EDGE ( 'NONE', *, *, #2052, .F. ) ;
#6670 = CARTESIAN_POINT ( 'NONE',  ( 9.660000000000001918, 6.084152315493286167, -0.3500000000000003664 ) ) ;
#6671 = DIRECTION ( 'NONE',  ( 0.000000000000000000, 1.000000000000000000, -1.668003342285391797E-16 ) ) ;
#6672 = CARTESIAN_POINT ( 'NONE',  ( 8.253148314883512526, 6.299478870653065776, -0.3500000000000003664 ) ) ;
#6673 = CIRCLE ( 'NONE', #4989, 0.2000000000000005107 ) ;
#6674 =( GEOMETRIC_REPRESENTATION_CONTEXT ( 3 ) GLOBAL_UNCERTAINTY_ASSIGNED_CONTEXT ( ( #1605 ) ) GLOBAL_UNIT_ASSIGNED_CONTEXT ( ( #5348, #2946, #2997 ) ) REPRESENTATION_CONTEXT ( 'NONE', 'WORKASPACE' ) );
#6675 = DIRECTION ( 'NONE',  ( -1.000000000000000000, 0.000000000000000000, 0.000000000000000000 ) ) ;
#6676 = CARTESIAN_POINT ( 'NONE',  ( 6.779611261228812857, 5.398486016527555442, 0.3499999999999997002 ) ) ;
#6677 = CARTESIAN_POINT ( 'NONE',  ( 3.226754932607761361, 10.39117142264903570, 0.3499999999999983125 ) ) ;
#6678 = CARTESIAN_POINT ( 'NONE',  ( 11.62999999999999723, 8.500000000000000000, 1.199999999999999512 ) ) ;
#6679 = ORIENTED_EDGE ( 'NONE', *, *, #56, .F. ) ;
#6680 = CARTESIAN_POINT ( 'NONE',  ( 10.60819304542214070, 5.884855341312110077, 0.3499999999999996447 ) ) ;
#6681 = CIRCLE ( 'NONE', #5302, 0.2999999999999999334 ) ;
#6682 = ORIENTED_EDGE ( 'NONE', *, *, #6722, .F. ) ;
#6683 = EDGE_CURVE ( 'NONE', #1150, #1384, #4086, .T. ) ;
#6684 = DIRECTION ( 'NONE',  ( 0.000000000000000000, 1.000000000000000000, -3.097720492815727166E-16 ) ) ;
#6685 = DIRECTION ( 'NONE',  ( 0.000000000000000000, -0.000000000000000000, -1.000000000000000000 ) ) ;
#6686 = FACE_OUTER_BOUND ( 'NONE', #471, .T. ) ;
#6687 = CARTESIAN_POINT ( 'NONE',  ( 5.080000000000000071, 0.5000000000000005551, 0.3499999999999998113 ) ) ;
#6688 = VECTOR ( 'NONE', #5807, 1000.000000000000000 ) ;
#6689 = VERTEX_POINT ( 'NONE', #4132 ) ;
#6690 = PRESENTATION_STYLE_ASSIGNMENT (( #3087 ) ) ;
#6691 = FILL_AREA_STYLE ('',( #2153 ) ) ;
#6692 = ORIENTED_EDGE ( 'NONE', *, *, #3527, .T. ) ;
#6693 = CARTESIAN_POINT ( 'NONE',  ( -1.000000000000000000, 6.500000000000000888, 0.3499999999999989231 ) ) ;
#6694 = ORIENTED_EDGE ( 'NONE', *, *, #7753, .F. ) ;
#6695 = ADVANCED_FACE ( 'NONE', ( #706 ), #9649, .F. ) ;
#6696 = FILL_AREA_STYLE_COLOUR ( '', #842 ) ;
#6697 = ADVANCED_FACE ( 'NONE', ( #21 ), #561, .T. ) ;
#6698 = CARTESIAN_POINT ( 'NONE',  ( 0.9527233231640321875, 3.923639721076658038, 0.3500000000000000333 ) ) ;
#6699 = AXIS2_PLACEMENT_3D ( 'NONE', #644, #5028, #2165 ) ;
#6700 = LINE ( 'NONE', #2308, #6167 ) ;
#6701 = CARTESIAN_POINT ( 'NONE',  ( 1.759430448028449945, 5.815522798723463893, 0.3499999999999999223 ) ) ;
#6702 = VERTEX_POINT ( 'NONE', #3838 ) ;
#6703 = FILL_AREA_STYLE_COLOUR ( '', #3797 ) ;
#6704 = COLOUR_RGB ( '',0.8313725490196077761, 0.6705882352941175961, 0.1294117647058823373 ) ;
#6705 = CARTESIAN_POINT ( 'NONE',  ( 5.941575734891621607, 5.204467366490783675, 0.3499999999999998668 ) ) ;
#6706 = PRESENTATION_STYLE_ASSIGNMENT (( #3730 ) ) ;
#6707 = LINE ( 'NONE', #5367, #8696 ) ;
#6708 = DIRECTION ( 'NONE',  ( -0.000000000000000000, -1.000000000000000000, -0.000000000000000000 ) ) ;
#6709 = CARTESIAN_POINT ( 'NONE',  ( 7.270000000000000462, 0.000000000000000000, 0.3499999999999999778 ) ) ;
#6710 = EDGE_CURVE ( 'NONE', #4797, #7923, #1558, .T. ) ;
#6711 = DIRECTION ( 'NONE',  ( 1.000000000000000000, 0.000000000000000000, 0.000000000000000000 ) ) ;
#6712 = CARTESIAN_POINT ( 'NONE',  ( 0.6454664785273048766, 3.877691542223585142, -0.3500000000000000333 ) ) ;
#6713 = STYLED_ITEM ( 'NONE', ( #4287 ), #3453 ) ;
#6714 = ORIENTED_EDGE ( 'NONE', *, *, #4574, .F. ) ;
#6715 = VERTEX_POINT ( 'NONE', #4536 ) ;
#6716 =( NAMED_UNIT ( * ) SI_UNIT ( $, .STERADIAN. ) SOLID_ANGLE_UNIT ( ) );
#6717 = FACE_BOUND ( 'NONE', #5836, .T. ) ;
#6718 = EDGE_CURVE ( 'NONE', #6487, #6689, #1654, .T. ) ;
#6719 = CARTESIAN_POINT ( 'NONE',  ( 11.62999999999999723, 0.000000000000000000, -0.6499999999999991340 ) ) ;
#6720 = FACE_OUTER_BOUND ( 'NONE', #8312, .T. ) ;
#6721 = UNCERTAINTY_MEASURE_WITH_UNIT (LENGTH_MEASURE( 1.000000000000000082E-05 ), #3578, 'distance_accuracy_value', 'NONE');
#6722 = EDGE_CURVE ( 'NONE', #9381, #919, #3456, .T. ) ;
#6723 = CARTESIAN_POINT ( 'NONE',  ( 6.680020115625524113, 4.171275002134293253, 0.3499999999999998113 ) ) ;
#6724 = FACE_OUTER_BOUND ( 'NONE', #3399, .T. ) ;
#6725 = ORIENTED_EDGE ( 'NONE', *, *, #5674, .T. ) ;
#6726 =( NAMED_UNIT ( * ) SI_UNIT ( $, .STERADIAN. ) SOLID_ANGLE_UNIT ( ) );
#6727 = VERTEX_POINT ( 'NONE', #5282 ) ;
#6728 = CARTESIAN_POINT ( 'NONE',  ( 1.000000000000000666, 0.8000000000000007105, -0.3499999999999999778 ) ) ;
#6729 = CARTESIAN_POINT ( 'NONE',  ( 8.306754932607761432, 6.500000000000000888, -0.3500000000000010880 ) ) ;
#6730 = SURFACE_SIDE_STYLE ('',( #3756 ) ) ;
#6731 = DIRECTION ( 'NONE',  ( 1.000000000000000000, 1.084202172485504434E-16, 0.000000000000000000 ) ) ;
#6732 = DIRECTION ( 'NONE',  ( 0.000000000000000000, 0.000000000000000000, -1.000000000000000000 ) ) ;
#6733 = ORIENTED_EDGE ( 'NONE', *, *, #1644, .T. ) ;
#6734 = AXIS2_PLACEMENT_3D ( 'NONE', #2441, #5401, #3183 ) ;
#6735 = CARTESIAN_POINT ( 'NONE',  ( 7.620000000000000107, -3.000000000000000000, -0.3500000000000002554 ) ) ;
#6736 = SURFACE_STYLE_USAGE ( .BOTH. , #8943 ) ;
#6737 = ORIENTED_EDGE ( 'NONE', *, *, #3347, .T. ) ;
#6738 = LINE ( 'NONE', #835, #1170 ) ;
#6739 = ORIENTED_EDGE ( 'NONE', *, *, #8997, .F. ) ;
#6740 = CARTESIAN_POINT ( 'NONE',  ( -0.3252558198818047974, 5.589454083063166046, -0.3499999999999999778 ) ) ;
#6741 = VECTOR ( 'NONE', #6013, 1000.000000000000000 ) ;
#6742 = LINE ( 'NONE', #3230, #2409 ) ;
#6743 = CARTESIAN_POINT ( 'NONE',  ( 4.631806954577858626, 5.884855341312110077, -0.3500000000000000888 ) ) ;
#6744 = CARTESIAN_POINT ( 'NONE',  ( 9.514533521472694488, 3.877691542223589138, 0.3499999999999997002 ) ) ;
#6745 = CARTESIAN_POINT ( 'NONE',  ( 0.8626260474599316552, 5.194217234910146530, 0.3499999999999999778 ) ) ;
#6746 = EDGE_CURVE ( 'NONE', #1799, #3205, #6145, .T. ) ;
#6747 = CARTESIAN_POINT ( 'NONE',  ( -0.9999999999999995559, 1.800000000000000488, -0.3499999999999999778 ) ) ;
#6748 = ORIENTED_EDGE ( 'NONE', *, *, #1511, .F. ) ;
#6749 = CARTESIAN_POINT ( 'NONE',  ( -0.6867549326077613259, 8.000000000000000000, -0.6500000000000025757 ) ) ;
#6750 = EDGE_CURVE ( 'NONE', #9682, #4609, #817, .T. ) ;
#6751 = LINE ( 'NONE', #3775, #6405 ) ;
#6752 = CARTESIAN_POINT ( 'NONE',  ( 1.000000000000000444, 1.800000000000000488, -0.1166666666666667518 ) ) ;
#6753 = CARTESIAN_POINT ( 'NONE',  ( 8.306754932607761432, 0.5000000000000000000, -0.6500000000000013545 ) ) ;
#6754 = PLANE ( 'NONE',  #8540 ) ;
#6755 = VECTOR ( 'NONE', #5804, 1000.000000000000000 ) ;
#6756 = CARTESIAN_POINT ( 'NONE',  ( -0.9730462009244510435, 3.450480068928324595, -0.3499999999999999778 ) ) ;
#6757 = CARTESIAN_POINT ( 'NONE',  ( 10.86000000000000121, 0.5000000000000006661, 0.3499999999999996447 ) ) ;
#6758 = CARTESIAN_POINT ( 'NONE',  ( 0.6331483148835128638, 6.299478870653065776, -0.3499999999999999778 ) ) ;
#6759 = SURFACE_STYLE_FILL_AREA ( #765 ) ;
#6760 = APPLICATION_CONTEXT ( 'automotive_design' ) ;
#6761 = ORIENTED_EDGE ( 'NONE', *, *, #9051, .F. ) ;
#6762 = VECTOR ( 'NONE', #8079, 1000.000000000000000 ) ;
#6763 = ORIENTED_EDGE ( 'NONE', *, *, #3930, .F. ) ;
#6764 = MECHANICAL_DESIGN_GEOMETRIC_PRESENTATION_REPRESENTATION (  '', ( #8952 ), #8037 ) ;
#6765 = EDGE_CURVE ( 'NONE', #5787, #6887, #4629, .T. ) ;
#6766 = CARTESIAN_POINT ( 'NONE',  ( 6.620000000000000995, 0.8000000000000004885, 0.3499999999999997002 ) ) ;
#6767 = EDGE_CURVE ( 'NONE', #5529, #8266, #7658, .T. ) ;
#6768 = CARTESIAN_POINT ( 'NONE',  ( 10.16000000000000014, 6.299999999999999822, 0.3499999999999996447 ) ) ;
#6769 = SURFACE_SIDE_STYLE ('',( #6911 ) ) ;
#6770 = ORIENTED_EDGE ( 'NONE', *, *, #6710, .F. ) ;
#6771 = CARTESIAN_POINT ( 'NONE',  ( 10.51000000000000156, -2.800000000000001155, 0.3499999999999996447 ) ) ;
#6772 = STYLED_ITEM ( 'NONE', ( #6536 ), #9040 ) ;
#6773 = CARTESIAN_POINT ( 'NONE',  ( 6.833241503964613273, 5.779404586027639290, 0.3499999999999998113 ) ) ;
#6774 = CARTESIAN_POINT ( 'NONE',  ( 0.6867549326077613259, 10.39117142264903570, -0.6500000000000030198 ) ) ;
#6775 = VECTOR ( 'NONE', #7096, 1000.000000000000000 ) ;
#6776 = FACE_OUTER_BOUND ( 'NONE', #3914, .T. ) ;
#6777 = ORIENTED_EDGE ( 'NONE', *, *, #1354, .F. ) ;
#6778 = FILL_AREA_STYLE ('',( #4496 ) ) ;
#6779 = ORIENTED_EDGE ( 'NONE', *, *, #5903, .F. ) ;
#6780 = ADVANCED_FACE ( 'NONE', ( #5420 ), #5375, .F. ) ;
#6781 = CARTESIAN_POINT ( 'NONE',  ( 4.080000000000000071, 0.5000000000000000000, -0.3500000000000000888 ) ) ;
#6782 =( NAMED_UNIT ( * ) SI_UNIT ( $, .STERADIAN. ) SOLID_ANGLE_UNIT ( ) );
#6783 = CARTESIAN_POINT ( 'NONE',  ( 0.4999999999999985012, 6.299999999999999822, -0.3499999999999999778 ) ) ;
#6784 =( LENGTH_UNIT ( ) NAMED_UNIT ( * ) SI_UNIT ( .MILLI., .METRE. ) );
#6785 = CARTESIAN_POINT ( 'NONE',  ( 3.540000000000000480, 1.800000000000000488, 0.1166666666666664742 ) ) ;
#6786 = ORIENTED_EDGE ( 'NONE', *, *, #922, .F. ) ;
#6787 = CARTESIAN_POINT ( 'NONE',  ( 1.540000000000000480, 1.800000000000000488, -0.3849999999999999534 ) ) ;
#6788 =( GEOMETRIC_REPRESENTATION_CONTEXT ( 3 ) GLOBAL_UNCERTAINTY_ASSIGNED_CONTEXT ( ( #4188 ) ) GLOBAL_UNIT_ASSIGNED_CONTEXT ( ( #3150, #2614, #2457 ) ) REPRESENTATION_CONTEXT ( 'NONE', 'WORKASPACE' ) );
#6789 = CARTESIAN_POINT ( 'NONE',  ( 10.31000000000000405, -3.000000000000000000, 0.3499999999999996447 ) ) ;
#6790 = DIRECTION ( 'NONE',  ( 0.000000000000000000, 0.000000000000000000, -1.000000000000000000 ) ) ;
#6791 = VERTEX_POINT ( 'NONE', #8337 ) ;
#6792 = CARTESIAN_POINT ( 'NONE',  ( 3.226754932607761361, 8.000000000000000000, -0.6500000000000030198 ) ) ;
#6793 = EDGE_LOOP ( 'NONE', ( #3159, #3437, #6486, #3750 ) ) ;
#6794 = EDGE_CURVE ( 'NONE', #686, #5045, #7605, .T. ) ;
#6795 = DIRECTION ( 'NONE',  ( 0.000000000000000000, 3.097720492815727166E-16, 1.000000000000000000 ) ) ;
#6796 = CARTESIAN_POINT ( 'NONE',  ( 3.488897102351113944, 4.001162287970013054, 0.3499999999999998668 ) ) ;
#6797 = ORIENTED_EDGE ( 'NONE', *, *, #2191, .T. ) ;
#6798 = FILL_AREA_STYLE_COLOUR ( '', #957 ) ;
#6799 = CARTESIAN_POINT ( 'NONE',  ( 1.000000000000000666, 1.121588454295350273E-16, 0.3499999999999999778 ) ) ;
#6800 = CARTESIAN_POINT ( 'NONE',  ( 1.682161437416074712, 5.240363704784011922, 0.3499999999999998668 ) ) ;
#6801 = ORIENTED_EDGE ( 'NONE', *, *, #9568, .F. ) ;
#6802 =( NAMED_UNIT ( * ) PLANE_ANGLE_UNIT ( ) SI_UNIT ( $, .RADIAN. ) );
#6803 = PRESENTATION_LAYER_ASSIGNMENT (  '', '', ( #7124 ) ) ;
#6804 = VECTOR ( 'NONE', #2524, 1000.000000000000000 ) ;
#6805 = CARTESIAN_POINT ( 'NONE',  ( 2.890000000000001013, -2.800000000000001155, 0.3499999999999998668 ) ) ;
#6806 = EDGE_CURVE ( 'NONE', #2948, #4083, #4581, .T. ) ;
#6807 = FILL_AREA_STYLE ('',( #3826 ) ) ;
#6809 = VECTOR ( 'NONE', #2508, 1000.000000000000000 ) ;
#6808 = CARTESIAN_POINT ( 'NONE',  ( -1.000000000000000000, 6.500000000000000888, 0.3499999999999989231 ) ) ;
#6810 = DIRECTION ( 'NONE',  ( 0.000000000000000000, -0.000000000000000000, -1.000000000000000000 ) ) ;
#6811 = DIRECTION ( 'NONE',  ( 0.000000000000000000, 0.000000000000000000, -1.000000000000000000 ) ) ;
#6812 = CARTESIAN_POINT ( 'NONE',  ( 2.865255819881805444, 5.589454083063163381, 0.3499999999999998668 ) ) ;
#6813 = CARTESIAN_POINT ( 'NONE',  ( 2.540000000000000036, 6.299999999999999822, 0.3499999999999998668 ) ) ;
#6814 = EDGE_LOOP ( 'NONE', ( #2325, #7700, #9109, #3000 ) ) ;
#6815 = VECTOR ( 'NONE', #2363, 1000.000000000000000 ) ;
#6816 = ORIENTED_EDGE ( 'NONE', *, *, #1545, .T. ) ;
#6817 = VECTOR ( 'NONE', #1708, 1000.000000000000000 ) ;
#6818 = DIRECTION ( 'NONE',  ( 0.000000000000000000, 0.000000000000000000, 1.000000000000000000 ) ) ;
#6819 = CARTESIAN_POINT ( 'NONE',  ( 7.669999999999999929, 8.026794919243110726, -0.04999999999999980849 ) ) ;
#6820 = ORIENTED_EDGE ( 'NONE', *, *, #1185, .F. ) ;
#6821 = SURFACE_STYLE_USAGE ( .BOTH. , #4732 ) ;
#6822 = CARTESIAN_POINT ( 'NONE',  ( 6.769360230209761298, 5.307482533055399188, 0.3499999999999997002 ) ) ;
#6823 =( NAMED_UNIT ( * ) PLANE_ANGLE_UNIT ( ) SI_UNIT ( $, .RADIAN. ) );
#6824 = VECTOR ( 'NONE', #6581, 1000.000000000000000 ) ;
#6825 = ADVANCED_FACE ( 'NONE', ( #2467 ), #3999, .T. ) ;
#6826 = VECTOR ( 'NONE', #6151, 1000.000000000000000 ) ;
#6827 = EDGE_CURVE ( 'NONE', #7168, #5860, #8845, .T. ) ;
#6828 = ORIENTED_EDGE ( 'NONE', *, *, #1883, .F. ) ;
#6829 = ORIENTED_EDGE ( 'NONE', *, *, #6517, .T. ) ;
#6830 = MECHANICAL_DESIGN_GEOMETRIC_PRESENTATION_REPRESENTATION (  '', ( #3542 ), #3396 ) ;
#6831 =( NAMED_UNIT ( * ) PLANE_ANGLE_UNIT ( ) SI_UNIT ( $, .RADIAN. ) );
#6832 = DIRECTION ( 'NONE',  ( 0.000000000000000000, 0.000000000000000000, -1.000000000000000000 ) ) ;
#6833 = ORIENTED_EDGE ( 'NONE', *, *, #8118, .T. ) ;
#6834 =( NAMED_UNIT ( * ) PLANE_ANGLE_UNIT ( ) SI_UNIT ( $, .RADIAN. ) );
#6835 = VECTOR ( 'NONE', #9501, 1000.000000000000000 ) ;
#6836 = MECHANICAL_DESIGN_GEOMETRIC_PRESENTATION_REPRESENTATION (  '', ( #7797 ), #2321 ) ;
#6837 = CARTESIAN_POINT ( 'NONE',  ( 11.09369725503312942, 4.293911919605035266, 0.3499999999999996447 ) ) ;
#6838 = ORIENTED_EDGE ( 'NONE', *, *, #9380, .F. ) ;
#6839 = CARTESIAN_POINT ( 'NONE',  ( -1.000000000000000000, 0.5000000000000002220, 0.3499999999999998668 ) ) ;
#6840 = EDGE_LOOP ( 'NONE', ( #7991, #2566, #4040, #2573 ) ) ;
#6841 = VECTOR ( 'NONE', #3879, 1000.000000000000000 ) ;
#6843 = VECTOR ( 'NONE', #5494, 1000.000000000000000 ) ;
#6842 = DIRECTION ( 'NONE',  ( -0.000000000000000000, 0.000000000000000000, 1.000000000000000000 ) ) ;
#6844 = VERTEX_POINT ( 'NONE', #6431 ) ;
#6845 = FACE_OUTER_BOUND ( 'NONE', #6239, .T. ) ;
#6846 = ADVANCED_FACE ( 'NONE', ( #9207 ), #8477, .F. ) ;
#6847 = VERTEX_POINT ( 'NONE', #1154 ) ;
#6848 = CARTESIAN_POINT ( 'NONE',  ( 9.810000000000000497, -1.084202172485501815E-17, -0.3500000000000003109 ) ) ;
#6849 = EDGE_CURVE ( 'NONE', #9283, #9071, #1679, .T. ) ;
#6850 = LINE ( 'NONE', #5262, #4996 ) ;
#6851 = CARTESIAN_POINT ( 'NONE',  ( 9.810000000000000497, 8.000000000000000000, 0.3499999999999999778 ) ) ;
#6852 = DIRECTION ( 'NONE',  ( 1.000000000000000000, 0.000000000000000000, 0.000000000000000000 ) ) ;
#6853 = ORIENTED_EDGE ( 'NONE', *, *, #6538, .T. ) ;
#6854 = DIRECTION ( 'NONE',  ( -1.121588454295349780E-16, 1.000000000000000000, 0.000000000000000000 ) ) ;
#6855 = CARTESIAN_POINT ( 'NONE',  ( 7.020000000000000462, 6.299999999999999822, 0.1283333333333333548 ) ) ;
#6856 = CARTESIAN_POINT ( 'NONE',  ( 6.026936948246132353, 4.039780281224035541, 0.3499999999999998668 ) ) ;
#6857 = FILL_AREA_STYLE_COLOUR ( '', #8107 ) ;
#6858 = PRESENTATION_STYLE_ASSIGNMENT (( #3828 ) ) ;
#6859 =( GEOMETRIC_REPRESENTATION_CONTEXT ( 3 ) GLOBAL_UNCERTAINTY_ASSIGNED_CONTEXT ( ( #4013 ) ) GLOBAL_UNIT_ASSIGNED_CONTEXT ( ( #4932, #3389, #9351 ) ) REPRESENTATION_CONTEXT ( 'NONE', 'WORKASPACE' ) );
#6860 = FACE_OUTER_BOUND ( 'NONE', #8486, .T. ) ;
#6861 = CARTESIAN_POINT ( 'NONE',  ( 7.969999999999999751, 0.000000000000000000, 0.3499999999999999778 ) ) ;
#6862 = CARTESIAN_POINT ( 'NONE',  ( 0.7612207868701985625, 5.920464898423897004, -0.3499999999999999223 ) ) ;
#6863 = VERTEX_POINT ( 'NONE', #314 ) ;
#6864 = VECTOR ( 'NONE', #8432, 1000.000000000000000 ) ;
#6865 = VERTEX_POINT ( 'NONE', #7169 ) ;
#6866 = DIRECTION ( 'NONE',  ( 0.000000000000000000, 0.000000000000000000, 1.000000000000000000 ) ) ;
#6867 = CARTESIAN_POINT ( 'NONE',  ( 8.220000000000000639, 6.299999999999999822, -0.3500000000000002554 ) ) ;
#6868 = CARTESIAN_POINT ( 'NONE',  ( 1.540000000000000036, 0.5000000000000002220, 0.3499999999999998668 ) ) ;
#6869 = VERTEX_POINT ( 'NONE', #7208 ) ;
#6870 =( LENGTH_UNIT ( ) NAMED_UNIT ( * ) SI_UNIT ( .MILLI., .METRE. ) );
#6871 =( GEOMETRIC_REPRESENTATION_CONTEXT ( 3 ) GLOBAL_UNCERTAINTY_ASSIGNED_CONTEXT ( ( #3938 ) ) GLOBAL_UNIT_ASSIGNED_CONTEXT ( ( #4216, #8757, #639 ) ) REPRESENTATION_CONTEXT ( 'NONE', 'WORKASPACE' ) );
#6872 = LINE ( 'NONE', #3161, #6826 ) ;
#6873 = MECHANICAL_DESIGN_GEOMETRIC_PRESENTATION_REPRESENTATION (  '', ( #8437 ), #6420 ) ;
#6874 = EDGE_LOOP ( 'NONE', ( #296, #1554, #792, #5874 ) ) ;
#6875 = ORIENTED_EDGE ( 'NONE', *, *, #6172, .T. ) ;
#6876 =( GEOMETRIC_REPRESENTATION_CONTEXT ( 3 ) GLOBAL_UNCERTAINTY_ASSIGNED_CONTEXT ( ( #7728 ) ) GLOBAL_UNIT_ASSIGNED_CONTEXT ( ( #4484, #7466, #6716 ) ) REPRESENTATION_CONTEXT ( 'NONE', 'WORKASPACE' ) );
#6877 = EDGE_CURVE ( 'NONE', #3085, #736, #4837, .T. ) ;
#6878 = SURFACE_STYLE_FILL_AREA ( #3904 ) ;
#6879 = CARTESIAN_POINT ( 'NONE',  ( 0.6867549326077613259, 10.39117142264903570, 0.3499999999999983125 ) ) ;
#6880 = CARTESIAN_POINT ( 'NONE',  ( 8.265466478527304872, 3.877691542223589138, 0.3499999999999997558 ) ) ;
#6881 = DIRECTION ( 'NONE',  ( -0.000000000000000000, -3.097720492815727166E-16, -1.000000000000000000 ) ) ;
#6882 = SURFACE_STYLE_USAGE ( .BOTH. , #2245 ) ;
#6883 = EDGE_LOOP ( 'NONE', ( #4677, #1267, #7438, #1682 ) ) ;
#6884 = DIRECTION ( 'NONE',  ( -0.000000000000000000, 0.000000000000000000, 1.000000000000000000 ) ) ;
#6885 = CARTESIAN_POINT ( 'NONE',  ( 10.86000000000000121, 0.8000000000000007105, 0.3499999999999996447 ) ) ;
#6886 = CARTESIAN_POINT ( 'NONE',  ( 5.766754932607761397, 10.39117142264903570, 0.3499999999999983125 ) ) ;
#6887 = VERTEX_POINT ( 'NONE', #1249 ) ;
#6888 = ORIENTED_EDGE ( 'NONE', *, *, #4592, .T. ) ;
#6889 = EDGE_CURVE ( 'NONE', #2310, #8873, #3303, .T. ) ;
#6890 = DIRECTION ( 'NONE',  ( 0.000000000000000000, 0.000000000000000000, 1.000000000000000000 ) ) ;
#6891 = CARTESIAN_POINT ( 'NONE',  ( 3.513046200924452300, 3.450480068927959554, 0.3499999999999998113 ) ) ;
#6892 = VERTEX_POINT ( 'NONE', #7858 ) ;
#6893 = CARTESIAN_POINT ( 'NONE',  ( 1.853245067392238710, 0.5000000000000000000, -0.6500000000000013545 ) ) ;
#6894 = LINE ( 'NONE', #8323, #519 ) ;
#6895 = ORIENTED_EDGE ( 'NONE', *, *, #9458, .T. ) ;
#6896 = DIRECTION ( 'NONE',  ( -0.000000000000000000, 0.000000000000000000, 1.000000000000000000 ) ) ;
#6897 = SURFACE_STYLE_FILL_AREA ( #4073 ) ;
#6898 = VECTOR ( 'NONE', #5571, 1000.000000000000000 ) ;
#6899 = UNCERTAINTY_MEASURE_WITH_UNIT (LENGTH_MEASURE( 1.000000000000000082E-05 ), #615, 'distance_accuracy_value', 'NONE');
#6900 = ADVANCED_FACE ( 'NONE', ( #5662 ), #362, .F. ) ;
#6901 =( NAMED_UNIT ( * ) PLANE_ANGLE_UNIT ( ) SI_UNIT ( $, .RADIAN. ) );
#6902 = FILL_AREA_STYLE ('',( #7745 ) ) ;
#6903 = CARTESIAN_POINT ( 'NONE',  ( 0.5218457338839795900, 5.626229152235330488, 0.000000000000000000 ) ) ;
#6904 = CARTESIAN_POINT ( 'NONE',  ( 5.405255819881806367, 5.589454083063162493, -0.3500000000000001443 ) ) ;
#6905 = DIRECTION ( 'NONE',  ( 1.000000000000000000, 0.000000000000000000, 0.000000000000000000 ) ) ;
#6906 = DIRECTION ( 'NONE',  ( 1.000000000000000000, 1.121588454295349780E-16, -0.000000000000000000 ) ) ;
#6907 = VERTEX_POINT ( 'NONE', #2126 ) ;
#6908 = VERTEX_POINT ( 'NONE', #650 ) ;
#6909 = CIRCLE ( 'NONE', #1151, 0.2999999999999999334 ) ;
#6910 = DIRECTION ( 'NONE',  ( 1.084202172485504434E-16, -1.000000000000000000, 0.000000000000000000 ) ) ;
#6911 = SURFACE_STYLE_FILL_AREA ( #8433 ) ;
#6912 = VERTEX_POINT ( 'NONE', #5218 ) ;
#6913 = DIRECTION ( 'NONE',  ( -1.000000000000000000, -1.084202172485504434E-16, 0.000000000000000000 ) ) ;
#6914 = CARTESIAN_POINT ( 'NONE',  ( 9.160000000000001918, 0.8000000000000004885, 0.3499999999999996447 ) ) ;
#6915 = AXIS2_PLACEMENT_3D ( 'NONE', #4910, #3280, #1178 ) ;
#6916 = COLOUR_RGB ( '',0.8313725490196077761, 0.6705882352941175961, 0.1294117647058823373 ) ;
#6917 = CARTESIAN_POINT ( 'NONE',  ( 0.4999999999999985012, 6.299999999999999822, 0.3499999999999999778 ) ) ;
#6918 = VERTEX_POINT ( 'NONE', #2915 ) ;
#6919 = ORIENTED_EDGE ( 'NONE', *, *, #8435, .T. ) ;
#6920 = STYLED_ITEM ( 'NONE', ( #1572 ), #8854 ) ;
#6921 = ADVANCED_FACE ( 'NONE', ( #554 ), #6568, .F. ) ;
#6922 = DIRECTION ( 'NONE',  ( -0.000000000000000000, -0.000000000000000000, 1.000000000000000000 ) ) ;
#6923 = AXIS2_PLACEMENT_3D ( 'NONE', #9479, #436, #1322 ) ;
#6924 = CARTESIAN_POINT ( 'NONE',  ( 10.75999999999999979, 6.299999999999999822, -0.3500000000000003109 ) ) ;
#6925 = AXIS2_PLACEMENT_3D ( 'NONE', #5499, #8461, #7897 ) ;
#6926 = CARTESIAN_POINT ( 'NONE',  ( -0.9999999999999996669, 6.299999999999999822, -0.1283333333333334936 ) ) ;
#6927 = FACE_OUTER_BOUND ( 'NONE', #2840, .T. ) ;
#6928 = ORIENTED_EDGE ( 'NONE', *, *, #3212, .T. ) ;
#6929 = CIRCLE ( 'NONE', #7407, 0.2999999999999999334 ) ;
#6930 = EDGE_CURVE ( 'NONE', #3877, #6477, #8768, .T. ) ;
#6931 = LINE ( 'NONE', #2343, #4619 ) ;
#6932 =( BOUNDED_SURFACE ( )  B_SPLINE_SURFACE ( 3, 1, ( 
 ( #3081, #6062 ),
 ( #3906, #7668 ),
 ( #2339, #5342 ),
 ( #8304, #1617 ),
 ( #4594, #876 ),
 ( #6880, #171 ),
 ( #3166, #5435 ) ),
 .UNSPECIFIED., .F., .F., .T. ) 
 B_SPLINE_SURFACE_WITH_KNOTS ( ( 4, 3, 4 ),
 ( 2, 2 ),
 ( 0.000000000000000000, 0.5000000000000000000, 1.000000000000000000 ),
 ( 0.000000000000000000, 1.000000000000000000 ),
 .UNSPECIFIED. ) 
 GEOMETRIC_REPRESENTATION_ITEM ( )  RATIONAL_B_SPLINE_SURFACE ( (
 ( 1.000000000000000000, 1.000000000000000000),
 ( 0.5953481791230077480, 0.5953481791230077480),
 ( 0.5953481791230077480, 0.5953481791230077480),
 ( 1.000000000000000000, 1.000000000000000000),
 ( 0.5953481791230077480, 0.5953481791230077480),
 ( 0.5953481791230077480, 0.5953481791230077480),
 ( 1.000000000000000000, 1.000000000000000000) ) ) 
 REPRESENTATION_ITEM ( '' )  SURFACE ( )  );
#6933 = ORIENTED_EDGE ( 'NONE', *, *, #5778, .F. ) ;
#6934 = VECTOR ( 'NONE', #8667, 1000.000000000000000 ) ;
#6935 = EDGE_LOOP ( 'NONE', ( #7810, #6173, #3398, #1810 ) ) ;
#6936 = CARTESIAN_POINT ( 'NONE',  ( -0.6867549326077613259, 0.5000000000000002220, 0.3499999999999998668 ) ) ;
#6937 = CARTESIAN_POINT ( 'NONE',  ( 6.080000000000000071, 1.800000000000000488, -0.3500000000000001443 ) ) ;
#6938 = UNCERTAINTY_MEASURE_WITH_UNIT (LENGTH_MEASURE( 1.000000000000000082E-05 ), #6336, 'distance_accuracy_value', 'NONE');
#6939 = CARTESIAN_POINT ( 'NONE',  ( 3.327536108384564706, 5.774771377977483411, 0.3499999999999998113 ) ) ;
#6940 = CARTESIAN_POINT ( 'NONE',  ( 9.810000000000000497, 8.000000000000000000, -0.3499999999999999778 ) ) ;
#6942 = VERTEX_POINT ( 'NONE', #3630 ) ;
#6941 = VECTOR ( 'NONE', #4126, 1000.000000000000000 ) ;
#6943 = LINE ( 'NONE', #3768, #1121 ) ;
#6944 = CARTESIAN_POINT ( 'NONE',  ( 0.6000000000000005329, 6.299999999999999822, 0.3499999999999999778 ) ) ;
#6945 = FACE_OUTER_BOUND ( 'NONE', #9026, .T. ) ;
#6946 = VERTEX_POINT ( 'NONE', #4477 ) ;
#6947 = CARTESIAN_POINT ( 'NONE',  ( 9.478619849678667109, 6.233860305463150731, 0.3499999999999997002 ) ) ;
#6948 = FILL_AREA_STYLE_COLOUR ( '', #9504 ) ;
#6949 = CARTESIAN_POINT ( 'NONE',  ( 7.156643101092098114, 1.700000000000000400, 0.3499999999999997002 ) ) ;
#6950 = UNCERTAINTY_MEASURE_WITH_UNIT (LENGTH_MEASURE( 1.000000000000000082E-05 ), #9442, 'distance_accuracy_value', 'NONE');
#6951 = EDGE_CURVE ( 'NONE', #9038, #3909, #8101, .T. ) ;
#6952 = DIRECTION ( 'NONE',  ( 1.000000000000000000, 0.000000000000000000, 0.000000000000000000 ) ) ;
#6953 = DIRECTION ( 'NONE',  ( 0.000000000000000000, 0.000000000000000000, -1.000000000000000000 ) ) ;
#6954 = DIRECTION ( 'NONE',  ( -1.000000000000000000, 0.000000000000000000, 0.000000000000000000 ) ) ;
#6955 = CARTESIAN_POINT ( 'NONE',  ( 5.079999999999999183, 1.700000000000000178, -0.3500000000000001443 ) ) ;
#6956 = LINE ( 'NONE', #257, #4482 ) ;
#6957 = CARTESIAN_POINT ( 'NONE',  ( 0.7851402509197669133, 5.788964205960195564, -0.3499999999999999778 ) ) ;
#6958 = CYLINDRICAL_SURFACE ( 'NONE', #5793, 0.2999999999999999334 ) ;
#6959 = ORIENTED_EDGE ( 'NONE', *, *, #9517, .T. ) ;
#6960 = UNCERTAINTY_MEASURE_WITH_UNIT (LENGTH_MEASURE( 1.000000000000000082E-05 ), #9326, 'distance_accuracy_value', 'NONE');
#6961 = CARTESIAN_POINT ( 'NONE',  ( 10.84675493260776236, 10.39117142264903570, 0.3499999999999983125 ) ) ;
#6962 = ORIENTED_EDGE ( 'NONE', *, *, #874, .T. ) ;
#6963 = EDGE_CURVE ( 'NONE', #2809, #4050, #4331, .T. ) ;
#6964 =( GEOMETRIC_REPRESENTATION_CONTEXT ( 3 ) GLOBAL_UNCERTAINTY_ASSIGNED_CONTEXT ( ( #1989 ) ) GLOBAL_UNIT_ASSIGNED_CONTEXT ( ( #9288, #6222, #9236 ) ) REPRESENTATION_CONTEXT ( 'NONE', 'WORKASPACE' ) );
#6965 = SURFACE_SIDE_STYLE ('',( #3993 ) ) ;
#6966 = SURFACE_STYLE_USAGE ( .BOTH. , #6769 ) ;
#6967 = EDGE_LOOP ( 'NONE', ( #4091, #3258, #4242, #2995, #111, #4071, #7135, #3814 ) ) ;
#6968 = DIRECTION ( 'NONE',  ( 1.000000000000000000, 0.000000000000000000, 0.000000000000000000 ) ) ;
#6969 = ADVANCED_FACE ( 'NONE', ( #1393 ), #4277, .T. ) ;
#6970 = EDGE_CURVE ( 'NONE', #79, #2037, #5752, .T. ) ;
#6971 = COLOUR_RGB ( '',0.8313725490196077761, 0.6705882352941175961, 0.1294117647058823373 ) ;
#6972 = DIRECTION ( 'NONE',  ( 1.000000000000000000, 0.000000000000000000, 0.000000000000000000 ) ) ;
#6973 = ORIENTED_EDGE ( 'NONE', *, *, #6746, .T. ) ;
#6974 = EDGE_LOOP ( 'NONE', ( #179, #5564, #5791, #3772 ) ) ;
#6975 =( GEOMETRIC_REPRESENTATION_CONTEXT ( 3 ) GLOBAL_UNCERTAINTY_ASSIGNED_CONTEXT ( ( #4139 ) ) GLOBAL_UNIT_ASSIGNED_CONTEXT ( ( #8139, #2777, #9603 ) ) REPRESENTATION_CONTEXT ( 'NONE', 'WORKASPACE' ) );
#6976 = LINE ( 'NONE', #6245, #6804 ) ;
#6977 = MECHANICAL_DESIGN_GEOMETRIC_PRESENTATION_REPRESENTATION (  '', ( #9635 ), #3528 ) ;
#6978 = CARTESIAN_POINT ( 'NONE',  ( 2.540000000000000036, 6.299999999999999822, 0.3499999999999998668 ) ) ;
#6979 = PLANE ( 'NONE',  #7888 ) ;
#6980 = CARTESIAN_POINT ( 'NONE',  ( 3.540000000000000036, 0.5000000000000000000, -0.3500000000000000888 ) ) ;
#6981 = EDGE_LOOP ( 'NONE', ( #2223, #9555, #7014, #4055, #1233, #8302, #834, #2951, #1171, #7825, #7384, #6895, #7979, #1583, #6498, #3203, #8894, #8314, #9162, #5428, #1228 ) ) ;
#6982 = SURFACE_SIDE_STYLE ('',( #76 ) ) ;
#6983 = FACE_OUTER_BOUND ( 'NONE', #8866, .T. ) ;
#6984 = VERTEX_POINT ( 'NONE', #4425 ) ;
#6985 = PRESENTATION_LAYER_ASSIGNMENT (  '', '', ( #4339 ) ) ;
#6986 = VECTOR ( 'NONE', #9024, 1000.000000000000000 ) ;
#6987 = ORIENTED_EDGE ( 'NONE', *, *, #2001, .T. ) ;
#6988 = SURFACE_STYLE_USAGE ( .BOTH. , #4752 ) ;
#6989 =( NAMED_UNIT ( * ) PLANE_ANGLE_UNIT ( ) SI_UNIT ( $, .RADIAN. ) );
#6990 = CARTESIAN_POINT ( 'NONE',  ( 3.485517796674129531, 4.067306563708457112, 0.3499999999999998668 ) ) ;
#6991 = DIRECTION ( 'NONE',  ( -1.000000000000000000, -0.000000000000000000, -0.000000000000000000 ) ) ;
#6992 = VECTOR ( 'NONE', #6732, 1000.000000000000000 ) ;
#6993 = VERTEX_POINT ( 'NONE', #5033 ) ;
#6994 = FILL_AREA_STYLE_COLOUR ( '', #9072 ) ;
#6995 =( BOUNDED_SURFACE ( )  B_SPLINE_SURFACE ( 3, 1, ( 
 ( #3070, #1156 ),
 ( #5035, #1205 ),
 ( #2730, #4229 ),
 ( #5718, #9404 ) ),
 .UNSPECIFIED., .F., .F., .F. ) 
 B_SPLINE_SURFACE_WITH_KNOTS ( ( 4, 4 ),
 ( 2, 2 ),
 ( 0.000000000000000000, 1.000000000000000000 ),
 ( 0.000000000000000000, 1.000000000000000000 ),
 .UNSPECIFIED. ) 
 GEOMETRIC_REPRESENTATION_ITEM ( )  RATIONAL_B_SPLINE_SURFACE ( (
 ( 1.000000000000000000, 1.000000000000000000),
 ( 0.9488815137910384667, 0.9488815137910384667),
 ( 0.9488815137910384667, 0.9488815137910384667),
 ( 1.000000000000000000, 1.000000000000000000) ) ) 
 REPRESENTATION_ITEM ( '' )  SURFACE ( )  );
#6996 =( NAMED_UNIT ( * ) PLANE_ANGLE_UNIT ( ) SI_UNIT ( $, .RADIAN. ) );
#6997 = CARTESIAN_POINT ( 'NONE',  ( 1.540000000000000036, 6.500000000000000888, -0.3500000000000010880 ) ) ;
#6998 = ORIENTED_EDGE ( 'NONE', *, *, #7725, .F. ) ;
#6999 = LINE ( 'NONE', #4022, #6143 ) ;
#7000 = ADVANCED_FACE ( 'NONE', ( #9652, #2967 ), #5944, .T. ) ;
#7001 = CARTESIAN_POINT ( 'NONE',  ( 0.4999999999999985012, 6.299999999999999822, 0.3499999999999999778 ) ) ;
#7002 = VECTOR ( 'NONE', #6164, 1000.000000000000000 ) ;
#7003 = SURFACE_STYLE_USAGE ( .BOTH. , #5651 ) ;
#7004 = EDGE_CURVE ( 'NONE', #7038, #4992, #7451, .T. ) ;
#7005 = DIRECTION ( 'NONE',  ( -1.000000000000000000, 0.000000000000000000, 7.744301232039316681E-17 ) ) ;
#7006 = CARTESIAN_POINT ( 'NONE',  ( 10.66000000000000014, 6.299999999999999822, 0.3499999999999996447 ) ) ;
#7007 = CARTESIAN_POINT ( 'NONE',  ( 5.680000000000000604, 6.299999999999999822, 0.1283333333333331605 ) ) ;
#7008 = CARTESIAN_POINT ( 'NONE',  ( 6.938619849678661744, 6.233860305463148066, 0.3499999999999998113 ) ) ;
#7009 = STYLED_ITEM ( 'NONE', ( #6706 ), #5788 ) ;
#7010 = DIRECTION ( 'NONE',  ( -0.000000000000000000, -0.000000000000000000, -1.000000000000000000 ) ) ;
#7011 = DIRECTION ( 'NONE',  ( 0.000000000000000000, 0.000000000000000000, -1.000000000000000000 ) ) ;
#7012 = CARTESIAN_POINT ( 'NONE',  ( 4.136432165885828738, 4.104507585657485080, 0.3499999999999997558 ) ) ;
#7013 = DIRECTION ( 'NONE',  ( 1.000000000000000000, 0.000000000000000000, 0.000000000000000000 ) ) ;
#7014 = ORIENTED_EDGE ( 'NONE', *, *, #6877, .T. ) ;
#7015 = DIRECTION ( 'NONE',  ( -1.000000000000000000, 0.000000000000000000, 0.000000000000000000 ) ) ;
#7016 = ORIENTED_EDGE ( 'NONE', *, *, #6963, .F. ) ;
#7017 = EDGE_CURVE ( 'NONE', #6022, #1700, #6707, .T. ) ;
#7018 = FILL_AREA_STYLE ('',( #1200 ) ) ;
#7019 = CARTESIAN_POINT ( 'NONE',  ( 10.75999999999999979, 6.299999999999999822, 0.3849999999999996203 ) ) ;
#7020 = EDGE_CURVE ( 'NONE', #4507, #4346, #7785, .T. ) ;
#7021 = ORIENTED_EDGE ( 'NONE', *, *, #4871, .T. ) ;
#7022 = FILL_AREA_STYLE ('',( #9257 ) ) ;
#7023 = MECHANICAL_DESIGN_GEOMETRIC_PRESENTATION_REPRESENTATION (  '', ( #8735 ), #609 ) ;
#7024 = DIRECTION ( 'NONE',  ( 0.6546536707079771977, -0.3779644730092270311, -0.6546536707079771977 ) ) ;
#7025 = EDGE_LOOP ( 'NONE', ( #2294, #2286, #9092, #9036 ) ) ;
#7026 = ORIENTED_EDGE ( 'NONE', *, *, #3555, .F. ) ;
#7027 = EDGE_CURVE ( 'NONE', #6101, #7510, #3108, .T. ) ;
#7028 = ADVANCED_FACE ( 'NONE', ( #6860 ), #857, .F. ) ;
#7029 = AXIS2_PLACEMENT_3D ( 'NONE', #9345, #251, #4716 ) ;
#7030 = CARTESIAN_POINT ( 'NONE',  ( -0.9469369482461336140, 4.039780281224065739, -0.3499999999999999778 ) ) ;
#7031 = PRESENTATION_STYLE_ASSIGNMENT (( #7714 ) ) ;
#7032 = CARTESIAN_POINT ( 'NONE',  ( 0.3218457338839795234, 5.626229152235330488, -0.3499999999999999778 ) ) ;
#7033 = DIRECTION ( 'NONE',  ( -0.000000000000000000, -1.000000000000000000, 1.668003342285391551E-16 ) ) ;
#7034 = FILL_AREA_STYLE_COLOUR ( '', #4602 ) ;
#7035 = ORIENTED_EDGE ( 'NONE', *, *, #1290, .T. ) ;
#7036 = VECTOR ( 'NONE', #443, 1000.000000000000000 ) ;
#7037 = LINE ( 'NONE', #6208, #2111 ) ;
#7038 = VERTEX_POINT ( 'NONE', #9692 ) ;
#7039 = PRESENTATION_LAYER_ASSIGNMENT (  '', '', ( #9521 ) ) ;
#7040 = VERTEX_POINT ( 'NONE', #1081 ) ;
#7041 = EDGE_CURVE ( 'NONE', #1957, #6070, #9056, .T. ) ;
#7042 = CARTESIAN_POINT ( 'NONE',  ( 11.09482518320014677, 4.263498050148222696, -0.3500000000000001998 ) ) ;
#7043 = CARTESIAN_POINT ( 'NONE',  ( 11.16000000000000014, 6.500000000000000888, -0.3500000000000010880 ) ) ;
#7044 = CARTESIAN_POINT ( 'NONE',  ( 9.160000000000001918, 0.5000000000000000000, -0.3500000000000000888 ) ) ;
#7045 = CARTESIAN_POINT ( 'NONE',  ( 3.327162253657094393, 5.777005459572332136, 0.3499999999999999223 ) ) ;
#7046 =( NAMED_UNIT ( * ) SI_UNIT ( $, .STERADIAN. ) SOLID_ANGLE_UNIT ( ) );
#7047 = ORIENTED_EDGE ( 'NONE', *, *, #8758, .F. ) ;
#7048 = CARTESIAN_POINT ( 'NONE',  ( 5.432524015545779683, 5.732672356334978403, -0.3500000000000001443 ) ) ;
#7049 = EDGE_LOOP ( 'NONE', ( #1938, #6384, #3903, #6112 ) ) ;
#7050 = CARTESIAN_POINT ( 'NONE',  ( 9.220020115625525037, 4.171275002134294141, 0.3499999999999997002 ) ) ;
#7051 = PLANE ( 'NONE',  #8682 ) ;
#7052 = DIRECTION ( 'NONE',  ( 0.000000000000000000, 1.668003342285391551E-16, 1.000000000000000000 ) ) ;
#7053 = EDGE_CURVE ( 'NONE', #9022, #2651, #4528, .T. ) ;
#7054 = CARTESIAN_POINT ( 'NONE',  ( 9.160000000000001918, 0.5000000000000002220, 0.3499999999999998668 ) ) ;
#7055 = LINE ( 'NONE', #5551, #597 ) ;
#7056 = CARTESIAN_POINT ( 'NONE',  ( 7.969999999999999751, 8.199999999999999289, 0.3499999999999999778 ) ) ;
#7057 = EDGE_CURVE ( 'NONE', #4128, #3909, #3014, .T. ) ;
#7058 = CARTESIAN_POINT ( 'NONE',  ( 9.460000000000000853, 0.8000000000000004885, 0.3499999999999996447 ) ) ;
#7059 = SURFACE_STYLE_USAGE ( .BOTH. , #3341 ) ;
#7060 = CARTESIAN_POINT ( 'NONE',  ( 11.62999999999999723, 0.000000000000000000, 1.199999999999999512 ) ) ;
#7061 = MECHANICAL_DESIGN_GEOMETRIC_PRESENTATION_REPRESENTATION (  '', ( #7527 ), #3445 ) ;
#7062 = EDGE_CURVE ( 'NONE', #3486, #9431, #153, .T. ) ;
#7063 = ORIENTED_EDGE ( 'NONE', *, *, #1663, .F. ) ;
#7064 = SURFACE_STYLE_USAGE ( .BOTH. , #6383 ) ;
#7065 = ORIENTED_EDGE ( 'NONE', *, *, #8166, .F. ) ;
#7066 = AXIS2_PLACEMENT_3D ( 'NONE', #6492, #6353, #467 ) ;
#7067 = CARTESIAN_POINT ( 'NONE',  ( 5.080000000000000071, 0.5000000000000005551, -0.3500000000000001443 ) ) ;
#7068 = CARTESIAN_POINT ( 'NONE',  ( 7.620000000000000107, 0.5000000000000005551, -0.3500000000000002554 ) ) ;
#7069 = ORIENTED_EDGE ( 'NONE', *, *, #1853, .F. ) ;
#7070 = CARTESIAN_POINT ( 'NONE',  ( 4.729999999999999538, 8.199999999999999289, 0.3499999999999999778 ) ) ;
#7071 = UNCERTAINTY_MEASURE_WITH_UNIT (LENGTH_MEASURE( 1.000000000000000082E-05 ), #5334, 'distance_accuracy_value', 'NONE');
#7072 = EDGE_CURVE ( 'NONE', #9318, #2804, #8286, .T. ) ;
#7073 = EDGE_LOOP ( 'NONE', ( #7425, #4310, #1198, #616, #2142, #2535, #3056, #6987, #8535, #2773, #2830, #1374, #4590, #5486, #6390, #2921, #3372, #8402, #4295, #5361, #6256 ) ) ;
#7074 = AXIS2_PLACEMENT_3D ( 'NONE', #6771, #8297, #268 ) ;
#7075 = ORIENTED_EDGE ( 'NONE', *, *, #4682, .T. ) ;
#7076 = CARTESIAN_POINT ( 'NONE',  ( -0.7982104639796570034, 5.709058272657557609, -0.3499999999999999223 ) ) ;
#7077 = CARTESIAN_POINT ( 'NONE',  ( 5.601845733883980216, 5.626229152235330488, -1.681754820221790643E-16 ) ) ;
#7078 = CARTESIAN_POINT ( 'NONE',  ( 8.451453400084238510, 5.476966929918535065, 0.3499999999999997002 ) ) ;
#7079 = VECTOR ( 'NONE', #8770, 1000.000000000000000 ) ;
#7080 = LINE ( 'NONE', #7774, #3650 ) ;
#7081 = EDGE_LOOP ( 'NONE', ( #3950, #5976, #7172, #6694 ) ) ;
#7082 = PRESENTATION_LAYER_ASSIGNMENT (  '', '', ( #513 ) ) ;
#7083 = DIRECTION ( 'NONE',  ( -1.000000000000000000, 0.000000000000000000, 0.000000000000000000 ) ) ;
#7084 = ORIENTED_EDGE ( 'NONE', *, *, #1828, .T. ) ;
#7085 = ORIENTED_EDGE ( 'NONE', *, *, #36, .F. ) ;
#7086 = AXIS2_PLACEMENT_3D ( 'NONE', #626, #8699, #1270 ) ;
#7087 = VECTOR ( 'NONE', #4766, 1000.000000000000000 ) ;
#7088 = SURFACE_STYLE_FILL_AREA ( #1448 ) ;
#7089 = FACE_OUTER_BOUND ( 'NONE', #6645, .T. ) ;
#7090 = PRESENTATION_STYLE_ASSIGNMENT (( #1126 ) ) ;
#7091 =( NAMED_UNIT ( * ) SI_UNIT ( $, .STERADIAN. ) SOLID_ANGLE_UNIT ( ) );
#7092 = CARTESIAN_POINT ( 'NONE',  ( -0.3500000000000000333, 8.199999999999999289, 0.3499999999999999778 ) ) ;
#7093 = CARTESIAN_POINT ( 'NONE',  ( 8.306754932607761432, 10.39117142264903570, 0.3499999999999983125 ) ) ;
#7094 = ORIENTED_EDGE ( 'NONE', *, *, #5712, .F. ) ;
#7095 = CARTESIAN_POINT ( 'NONE',  ( 4.930000000000001492, -3.000000000000000000, -0.3500000000000001443 ) ) ;
#7096 = DIRECTION ( 'NONE',  ( -1.000000000000000000, -0.000000000000000000, -0.000000000000000000 ) ) ;
#7097 = CARTESIAN_POINT ( 'NONE',  ( 5.080000000000000071, -3.000000000000000000, 0.3499999999999998113 ) ) ;
#7098 = VERTEX_POINT ( 'NONE', #8555 ) ;
#7099 = LINE ( 'NONE', #297, #4450 ) ;
#7100 = ADVANCED_FACE ( 'NONE', ( #6131, #3829 ), #8327, .T. ) ;
#7101 = COLOUR_RGB ( '',0.8313725490196077761, 0.6705882352941175961, 0.1294117647058823373 ) ;
#7102 = FILL_AREA_STYLE_COLOUR ( '', #1704 ) ;
#7103 = LINE ( 'NONE', #3461, #6195 ) ;
#7104 = DIRECTION ( 'NONE',  ( 0.000000000000000000, 3.097720492815727166E-16, 1.000000000000000000 ) ) ;
#7105 = DIRECTION ( 'NONE',  ( 0.000000000000000000, 1.668003342285388099E-16, 1.000000000000000000 ) ) ;
#7106 = LINE ( 'NONE', #1731, #9686 ) ;
#7107 = DIRECTION ( 'NONE',  ( -0.000000000000000000, -3.097720492815727166E-16, -1.000000000000000000 ) ) ;
#7108 = CARTESIAN_POINT ( 'NONE',  ( -0.5999999999999996447, 6.299999999999999822, 0.3499999999999999778 ) ) ;
#7109 = CARTESIAN_POINT ( 'NONE',  ( -1.000000000000000000, 6.500000000000000888, -0.3500000000000010880 ) ) ;
#7110 = CARTESIAN_POINT ( 'NONE',  ( 5.920388738771239723, 5.398486016527106024, -0.3500000000000001443 ) ) ;
#7111 = CARTESIAN_POINT ( 'NONE',  ( 0.9442769795120042886, 4.091073788932197530, -0.3500000000000001443 ) ) ;
#7112 = CARTESIAN_POINT ( 'NONE',  ( -0.5218457338839801452, 5.626229152235333153, 0.3499999999999999778 ) ) ;
#7113 = COLOUR_RGB ( '',0.8313725490196077761, 0.6705882352941175961, 0.1294117647058823373 ) ;
#7114 = CARTESIAN_POINT ( 'NONE',  ( 9.560000000000000497, 6.299999999999999822, 0.1166666666666662522 ) ) ;
#7115 = VERTEX_POINT ( 'NONE', #9013 ) ;
#7116 = PRESENTATION_STYLE_ASSIGNMENT (( #4182 ) ) ;
#7117 = CARTESIAN_POINT ( 'NONE',  ( 0.000000000000000000, 6.299999999999999822, -0.3499999999999999778 ) ) ;
#7118 = COLOUR_RGB ( '',0.8313725490196077761, 0.6705882352941175961, 0.1294117647058823373 ) ;
#7119 = EDGE_CURVE ( 'NONE', #898, #3808, #2268, .T. ) ;
#7120 = ORIENTED_EDGE ( 'NONE', *, *, #1743, .T. ) ;
#7121 = PLANE ( 'NONE',  #7543 ) ;
#7122 =( NAMED_UNIT ( * ) SI_UNIT ( $, .STERADIAN. ) SOLID_ANGLE_UNIT ( ) );
#7123 = ORIENTED_EDGE ( 'NONE', *, *, #3306, .T. ) ;
#7124 = STYLED_ITEM ( 'NONE', ( #4168 ), #6049 ) ;
#7125 = ORIENTED_EDGE ( 'NONE', *, *, #808, .F. ) ;
#7126 = CARTESIAN_POINT ( 'NONE',  ( -0.9527233231640309663, 3.923639721076771725, -0.3500000000000000333 ) ) ;
#7127 = EDGE_CURVE ( 'NONE', #9336, #8631, #5324, .T. ) ;
#7128 = DIRECTION ( 'NONE',  ( 3.097720492815726426E-17, -1.000000000000000000, 0.000000000000000000 ) ) ;
#7129 = DIRECTION ( 'NONE',  ( 0.000000000000000000, 1.000000000000000000, -3.097720492815727166E-16 ) ) ;
#7130 =( NAMED_UNIT ( * ) PLANE_ANGLE_UNIT ( ) SI_UNIT ( $, .RADIAN. ) );
#7131 = STYLED_ITEM ( 'NONE', ( #60 ), #6780 ) ;
#7132 = SURFACE_STYLE_FILL_AREA ( #1169 ) ;
#7133 = EDGE_CURVE ( 'NONE', #6863, #2647, #758, .T. ) ;
#7134 = ORIENTED_EDGE ( 'NONE', *, *, #4708, .F. ) ;
#7135 = ORIENTED_EDGE ( 'NONE', *, *, #402, .T. ) ;
#7136 = CARTESIAN_POINT ( 'NONE',  ( 3.226754932607761361, 0.5000000000000000000, -0.3500000000000000888 ) ) ;
#7137 = ORIENTED_EDGE ( 'NONE', *, *, #7161, .T. ) ;
#7138 = PRESENTATION_LAYER_ASSIGNMENT (  '', '', ( #7929 ) ) ;
#7139 = MECHANICAL_DESIGN_GEOMETRIC_PRESENTATION_REPRESENTATION (  '', ( #264 ), #2930 ) ;
#7140 = DIRECTION ( 'NONE',  ( 0.000000000000000000, 0.000000000000000000, 1.000000000000000000 ) ) ;
#7141 = CARTESIAN_POINT ( 'NONE',  ( 3.540000000000000036, 6.500000000000000888, -0.3500000000000010880 ) ) ;
#7142 = SURFACE_STYLE_USAGE ( .BOTH. , #1222 ) ;
#7143 = CARTESIAN_POINT ( 'NONE',  ( 3.349502423613084812, 5.635051924204145024, 0.3499999999999998668 ) ) ;
#7144 = CARTESIAN_POINT ( 'NONE',  ( 9.810000000000000497, -1.084202172485501815E-17, 0.3499999999999996447 ) ) ;
#7145 = ORIENTED_EDGE ( 'NONE', *, *, #5214, .T. ) ;
#7146 = ADVANCED_FACE ( 'NONE', ( #3149, #3323 ), #9103, .T. ) ;
#7147 = VECTOR ( 'NONE', #3711, 1000.000000000000000 ) ;
#7148 = VECTOR ( 'NONE', #4253, 1000.000000000000000 ) ;
#7149 =( LENGTH_UNIT ( ) NAMED_UNIT ( * ) SI_UNIT ( .MILLI., .METRE. ) );
#7150 = DIRECTION ( 'NONE',  ( -1.000000000000000000, 0.000000000000000000, 7.744301232039316681E-17 ) ) ;
#7151 = ORIENTED_EDGE ( 'NONE', *, *, #7004, .F. ) ;
#7152 = DIRECTION ( 'NONE',  ( 1.121588454295349533E-16, -1.000000000000000000, 0.000000000000000000 ) ) ;
#7153 = LINE ( 'NONE', #4024, #7087 ) ;
#7154 = AXIS2_PLACEMENT_3D ( 'NONE', #2920, #1443, #8818 ) ;
#7155 = EDGE_CURVE ( 'NONE', #6510, #4307, #1816, .T. ) ;
#7156 = COLOUR_RGB ( '',0.8313725490196077761, 0.6705882352941175961, 0.1294117647058823373 ) ;
#7158 = PRESENTATION_LAYER_ASSIGNMENT (  '', '', ( #4821 ) ) ;
#7157 = CARTESIAN_POINT ( 'NONE',  ( 11.62999999999999723, 0.5000000000000000000, -0.6499999999999989120 ) ) ;
#7159 = DIRECTION ( 'NONE',  ( -0.000000000000000000, 1.000000000000000000, -0.000000000000000000 ) ) ;
#7160 = DIRECTION ( 'NONE',  ( 0.7071067811865489050, -0.7071067811865460184, 0.000000000000000000 ) ) ;
#7161 = EDGE_CURVE ( 'NONE', #5781, #1855, #2594, .T. ) ;
#7162 = DIRECTION ( 'NONE',  ( 1.000000000000000000, 0.000000000000000000, 0.000000000000000000 ) ) ;
#7163 = SURFACE_STYLE_USAGE ( .BOTH. , #2027 ) ;
#7164 = CARTESIAN_POINT ( 'NONE',  ( 0.8192859076622390768, 5.570187327444200420, -0.3499999999999998668 ) ) ;
#7165 = VECTOR ( 'NONE', #8163, 1000.000000000000000 ) ;
#7166 = STYLED_ITEM ( 'NONE', ( #1484 ), #818 ) ;
#7167 = CARTESIAN_POINT ( 'NONE',  ( 9.160000000000001918, 1.800000000000000488, -0.3500000000000003109 ) ) ;
#7168 = VERTEX_POINT ( 'NONE', #1549 ) ;
#7169 = CARTESIAN_POINT ( 'NONE',  ( 1.940000000000000613, 6.299999999999999822, 0.3499999999999998668 ) ) ;
#7170 = STYLED_ITEM ( 'NONE', ( #1684 ), #6010 ) ;
#7171 = UNCERTAINTY_MEASURE_WITH_UNIT (LENGTH_MEASURE( 1.000000000000000082E-05 ), #8799, 'distance_accuracy_value', 'NONE');
#7172 = ORIENTED_EDGE ( 'NONE', *, *, #2798, .T. ) ;
#7173 = FACE_OUTER_BOUND ( 'NONE', #3939, .T. ) ;
#7174 =( LENGTH_UNIT ( ) NAMED_UNIT ( * ) SI_UNIT ( .MILLI., .METRE. ) );
#7175 = EDGE_LOOP ( 'NONE', ( #3710, #1028, #9582, #3308 ) ) ;
#7176 = ORIENTED_EDGE ( 'NONE', *, *, #5577, .T. ) ;
#7177 = DIRECTION ( 'NONE',  ( 1.000000000000000000, 0.000000000000000000, 0.000000000000000000 ) ) ;
#7178 = FILL_AREA_STYLE ('',( #8587 ) ) ;
#7179 = DIRECTION ( 'NONE',  ( -0.6546536707079771977, -0.3779644730092270311, -0.6546536707079771977 ) ) ;
#7180 = PLANE ( 'NONE',  #3813 ) ;
#7181 = EDGE_LOOP ( 'NONE', ( #3538, #3122, #7084, #7193, #8740, #3615, #4426, #2045 ) ) ;
#7182 = ORIENTED_EDGE ( 'NONE', *, *, #4651, .F. ) ;
#7183 = SURFACE_STYLE_USAGE ( .BOTH. , #4903 ) ;
#7184 = ADVANCED_FACE ( 'NONE', ( #3778 ), #6754, .F. ) ;
#7185 = ORIENTED_EDGE ( 'NONE', *, *, #6435, .T. ) ;
#7186 = CARTESIAN_POINT ( 'NONE',  ( 11.08405814071715412, 4.443591676420196812, -0.3500000000000002554 ) ) ;
#7187 = DIRECTION ( 'NONE',  ( 0.000000000000000000, -0.000000000000000000, 1.000000000000000000 ) ) ;
#7188 = FILL_AREA_STYLE_COLOUR ( '', #5849 ) ;
#7189 = SURFACE_SIDE_STYLE ('',( #3413 ) ) ;
#7190 = VERTEX_POINT ( 'NONE', #5683 ) ;
#7191 = FILL_AREA_STYLE_COLOUR ( '', #6471 ) ;
#7192 = CARTESIAN_POINT ( 'NONE',  ( 4.133913198591397276, 4.056300144720208500, -0.3500000000000001998 ) ) ;
#7193 = ORIENTED_EDGE ( 'NONE', *, *, #1743, .F. ) ;
#7194 = CARTESIAN_POINT ( 'NONE',  ( 8.620000000000000995, 1.121588454295350273E-16, 0.3499999999999997002 ) ) ;
#7195 = CARTESIAN_POINT ( 'NONE',  ( 8.439285907662240405, 5.570187327444203085, -0.3500000000000002554 ) ) ;
#7196 = VECTOR ( 'NONE', #2202, 1000.000000000000000 ) ;
#7197 = SURFACE_STYLE_FILL_AREA ( #1375 ) ;
#7198 = ADVANCED_FACE ( 'NONE', ( #8649 ), #9423, .F. ) ;
#7199 = PLANE ( 'NONE',  #7352 ) ;
#7200 = DIRECTION ( 'NONE',  ( 0.000000000000000000, 0.000000000000000000, -1.000000000000000000 ) ) ;
#7201 = FILL_AREA_STYLE_COLOUR ( '', #6450 ) ;
#7202 = CARTESIAN_POINT ( 'NONE',  ( 10.84675493260776236, 10.39117142264903570, -0.3500000000000017542 ) ) ;
#7203 =( NAMED_UNIT ( * ) SI_UNIT ( $, .STERADIAN. ) SOLID_ANGLE_UNIT ( ) );
#7204 = CARTESIAN_POINT ( 'NONE',  ( 1.591102897648887682, 4.001162287970070786, -0.3500000000000000888 ) ) ;
#7205 = EDGE_CURVE ( 'NONE', #4662, #848, #9525, .T. ) ;
#7206 = ORIENTED_EDGE ( 'NONE', *, *, #3299, .T. ) ;
#7207 = PRODUCT_RELATED_PRODUCT_CATEGORY ( 'part', '', ( #3566 ) ) ;
#7208 = CARTESIAN_POINT ( 'NONE',  ( 7.270000000000001350, 0.5000000000000005551, -0.3500000000000002554 ) ) ;
#7209 = ORIENTED_EDGE ( 'NONE', *, *, #1400, .T. ) ;
#7210 = FACE_OUTER_BOUND ( 'NONE', #3937, .T. ) ;
#7211 = DIRECTION ( 'NONE',  ( 0.000000000000000000, 0.000000000000000000, -1.000000000000000000 ) ) ;
#7212 = UNCERTAINTY_MEASURE_WITH_UNIT (LENGTH_MEASURE( 1.000000000000000082E-05 ), #7494, 'distance_accuracy_value', 'NONE');
#7213 = VERTEX_POINT ( 'NONE', #3451 ) ;
#7214 = ORIENTED_EDGE ( 'NONE', *, *, #9052, .T. ) ;
#7215 = VECTOR ( 'NONE', #3082, 1000.000000000000000 ) ;
#7216 = UNCERTAINTY_MEASURE_WITH_UNIT (LENGTH_MEASURE( 1.000000000000000082E-05 ), #4039, 'distance_accuracy_value', 'NONE');
#7217 = CARTESIAN_POINT ( 'NONE',  ( 8.141845733883979364, 5.626229152235330488, 0.3499999999999997002 ) ) ;
#7218 = CARTESIAN_POINT ( 'NONE',  ( 8.494994129385570858, 5.069026963384446915, 0.3499999999999997002 ) ) ;
#7219 =( NAMED_UNIT ( * ) PLANE_ANGLE_UNIT ( ) SI_UNIT ( $, .RADIAN. ) );
#7220 = ORIENTED_EDGE ( 'NONE', *, *, #1343, .T. ) ;
#7221 = VECTOR ( 'NONE', #8579, 1000.000000000000000 ) ;
#7222 = ORIENTED_EDGE ( 'NONE', *, *, #6257, .F. ) ;
#7223 = ORIENTED_EDGE ( 'NONE', *, *, #1383, .F. ) ;
#7224 = CARTESIAN_POINT ( 'NONE',  ( 11.16000000000000192, 1.800000000000000488, 0.3499999999999996447 ) ) ;
#7225 = FILL_AREA_STYLE_COLOUR ( '', #4175 ) ;
#7226 = MECHANICAL_DESIGN_GEOMETRIC_PRESENTATION_REPRESENTATION (  '', ( #5986 ), #2393 ) ;
#7227 = SURFACE_STYLE_USAGE ( .BOTH. , #1269 ) ;
#7228 = FACE_OUTER_BOUND ( 'NONE', #7779, .T. ) ;
#7229 = CARTESIAN_POINT ( 'NONE',  ( 4.480000000000000426, 6.299999999999999822, -0.3500000000000001443 ) ) ;
#7230 = EDGE_LOOP ( 'NONE', ( #2379, #6770, #4160, #824 ) ) ;
#7231 = PLANE ( 'NONE',  #1387 ) ;
#7232 = DIRECTION ( 'NONE',  ( 0.000000000000000000, 0.000000000000000000, -1.000000000000000000 ) ) ;
#7233 = CARTESIAN_POINT ( 'NONE',  ( 4.165291895435263569, 4.597665842577887574, -0.3500000000000001443 ) ) ;
#7234 = ORIENTED_EDGE ( 'NONE', *, *, #9276, .T. ) ;
#7235 = FACE_BOUND ( 'NONE', #1502, .T. ) ;
#7236 = AXIS2_PLACEMENT_3D ( 'NONE', #2646, #8650, #9228 ) ;
#7237 = CARTESIAN_POINT ( 'NONE',  ( -0.1499999999999994393, -3.000000000000000000, 0.3499999999999999778 ) ) ;
#7238 = ORIENTED_EDGE ( 'NONE', *, *, #8404, .T. ) ;
#7239 = CARTESIAN_POINT ( 'NONE',  ( 8.477838562583935200, 5.240363704783927545, -0.3500000000000003109 ) ) ;
#7240 = SURFACE_SIDE_STYLE ('',( #7197 ) ) ;
#7241 = PLANE ( 'NONE',  #2672 ) ;
#7242 = CARTESIAN_POINT ( 'NONE',  ( -6.734562392116885002E-17, 8.500000000000000000, -0.8696152422706655560 ) ) ;
#7243 = CARTESIAN_POINT ( 'NONE',  ( 6.620000000000000107, 0.5000000000000000000, -0.3500000000000000888 ) ) ;
#7244 = PRESENTATION_LAYER_ASSIGNMENT (  '', '', ( #6319 ) ) ;
#7245 = CARTESIAN_POINT ( 'NONE',  ( -0.8578385625839258788, 5.240363704784013699, 0.3500000000000000333 ) ) ;
#7246 = VECTOR ( 'NONE', #7232, 1000.000000000000000 ) ;
#7247 = PLANE ( 'NONE',  #4449 ) ;
#7248 = CARTESIAN_POINT ( 'NONE',  ( 5.930639769790269966, 5.307482533055136287, -0.3500000000000001443 ) ) ;
#7249 = CARTESIAN_POINT ( 'NONE',  ( 4.380000000000000782, 0.5000000000000004441, -0.3500000000000001443 ) ) ;
#7250 = DIRECTION ( 'NONE',  ( -1.000000000000000000, 0.000000000000000000, 0.000000000000000000 ) ) ;
#7251 =( BOUNDED_CURVE ( )  B_SPLINE_CURVE ( 3, ( #8610, #4713, #6949, #1728, #5454, #9146, #3379 ),
 .UNSPECIFIED., .F., .T. ) 
 B_SPLINE_CURVE_WITH_KNOTS ( ( 4, 3, 4 ),
 ( 0.8078321013870645162, 3.141592653589793116, 5.475353205792521827 ),
 .UNSPECIFIED. ) 
 CURVE ( )  GEOMETRIC_REPRESENTATION_ITEM ( )  RATIONAL_B_SPLINE_CURVE ( ( 1.000000000000000000, 0.5953481791230077480, 0.5953481791230077480, 1.000000000000000000, 0.5953481791230077480, 0.5953481791230077480, 1.000000000000000000 ) ) 
 REPRESENTATION_ITEM ( '' )  );
#7252 = CARTESIAN_POINT ( 'NONE',  ( 1.593913198591397684, 4.056300144720211165, -0.3500000000000001998 ) ) ;
#7253 = AXIS2_PLACEMENT_3D ( 'NONE', #4079, #403, #4124 ) ;
#7254 = ADVANCED_FACE ( 'NONE', ( #7884 ), #2697, .F. ) ;
#7255 = SURFACE_STYLE_FILL_AREA ( #2168 ) ;
#7256 = LINE ( 'NONE', #3393, #9332 ) ;
#7257 = PRESENTATION_STYLE_ASSIGNMENT (( #2267 ) ) ;
#7258 = DIRECTION ( 'NONE',  ( -1.000000000000000000, 0.000000000000000000, 0.000000000000000000 ) ) ;
#7259 = CARTESIAN_POINT ( 'NONE',  ( 7.620000000000000107, 0.000000000000000000, 0.3499999999999997002 ) ) ;
#7260 = VERTEX_POINT ( 'NONE', #387 ) ;
#7261 = DIRECTION ( 'NONE',  ( -1.000000000000000000, 0.000000000000000000, -0.000000000000000000 ) ) ;
#7262 = PRESENTATION_LAYER_ASSIGNMENT (  '', '', ( #542 ) ) ;
#7263 = FILL_AREA_STYLE ('',( #4333 ) ) ;
#7264 = ADVANCED_FACE ( 'NONE', ( #1127 ), #4158, .T. ) ;
#7265 = ORIENTED_EDGE ( 'NONE', *, *, #4269, .T. ) ;
#7266 = EDGE_LOOP ( 'NONE', ( #8434, #1501, #2813, #5429 ) ) ;
#7267 = VECTOR ( 'NONE', #4052, 1000.000000000000000 ) ;
#7268 = DIRECTION ( 'NONE',  ( 1.000000000000000000, 0.000000000000000000, 0.000000000000000000 ) ) ;
#7269 = DIRECTION ( 'NONE',  ( -1.000000000000000000, 0.000000000000000000, 0.000000000000000000 ) ) ;
#7270 = EDGE_CURVE ( 'NONE', #4050, #3045, #3558, .T. ) ;
#7271 = CARTESIAN_POINT ( 'NONE',  ( 6.933245067392238781, 8.000000000000000000, -0.6500000000000025757 ) ) ;
#7272 = CARTESIAN_POINT ( 'NONE',  ( 8.484197381770396618, 5.178803639424134353, 0.3499999999999997002 ) ) ;
#7273 = EDGE_CURVE ( 'NONE', #569, #4843, #5638, .T. ) ;
#7274 = ORIENTED_EDGE ( 'NONE', *, *, #719, .F. ) ;
#7275 = VECTOR ( 'NONE', #1088, 1000.000000000000000 ) ;
#7276 = EDGE_LOOP ( 'NONE', ( #5326, #6588, #4786, #8102 ) ) ;
#7277 = PRESENTATION_STYLE_ASSIGNMENT (( #7183 ) ) ;
#7278 = ORIENTED_EDGE ( 'NONE', *, *, #1694, .T. ) ;
#7279 = VECTOR ( 'NONE', #6866, 1000.000000000000000 ) ;
#7280 = CARTESIAN_POINT ( 'NONE',  ( 5.949615242270667181, 8.500000000000000000, 0.000000000000000000 ) ) ;
#7281 = COLOUR_RGB ( '',0.8313725490196077761, 0.6705882352941175961, 0.1294117647058823373 ) ;
#7282 = CARTESIAN_POINT ( 'NONE',  ( 2.890000000000001013, -2.800000000000001155, 0.3499999999999998668 ) ) ;
#7283 = FILL_AREA_STYLE_COLOUR ( '', #573 ) ;
#7284 = CARTESIAN_POINT ( 'NONE',  ( 1.540000000000000480, 1.800000000000000044, 0.1166666666666664742 ) ) ;
#7285 = ORIENTED_EDGE ( 'NONE', *, *, #2398, .F. ) ;
#7286 = DIRECTION ( 'NONE',  ( 0.000000000000000000, 0.000000000000000000, -1.000000000000000000 ) ) ;
#7287 = LINE ( 'NONE', #4252, #7246 ) ;
#7288 = EDGE_LOOP ( 'NONE', ( #1856, #6888, #4058, #5663 ) ) ;
#7289 = LINE ( 'NONE', #4361, #51 ) ;
#7290 = AXIS2_PLACEMENT_3D ( 'NONE', #8192, #1294, #52 ) ;
#7291 = ORIENTED_EDGE ( 'NONE', *, *, #2221, .F. ) ;
#7292 = FILL_AREA_STYLE ('',( #1479 ) ) ;
#7293 = DIRECTION ( 'NONE',  ( 1.000000000000000000, 0.000000000000000000, -7.744301232039316681E-17 ) ) ;
#7294 = CARTESIAN_POINT ( 'NONE',  ( 7.969999999999999751, 8.000000000000000000, 0.3499999999999999778 ) ) ;
#7295 = CARTESIAN_POINT ( 'NONE',  ( 2.214744180118195516, 5.589454083063166046, -0.3500000000000000888 ) ) ;
#7296 = DIRECTION ( 'NONE',  ( 1.000000000000000000, 0.000000000000000000, 0.000000000000000000 ) ) ;
#7297 = CARTESIAN_POINT ( 'NONE',  ( 6.080000000000000071, 1.800000000000000488, -0.3500000000000001443 ) ) ;
#7298 = CARTESIAN_POINT ( 'NONE',  ( 9.711806954577857809, 5.884855341312110077, 0.3499999999999996447 ) ) ;
#7299 = DIRECTION ( 'NONE',  ( -1.000000000000000000, 0.000000000000000000, 0.000000000000000000 ) ) ;
#7300 = CARTESIAN_POINT ( 'NONE',  ( 1.690816522019154000, 5.324198710740764895, -0.3500000000000000333 ) ) ;
#7301 = PRESENTATION_LAYER_ASSIGNMENT (  '', '', ( #3542 ) ) ;
#7302 = STYLED_ITEM ( 'NONE', ( #5535 ), #5381 ) ;
#7303 = EDGE_CURVE ( 'NONE', #6942, #1408, #8078, .T. ) ;
#7304 = DIRECTION ( 'NONE',  ( 0.000000000000000000, 0.000000000000000000, -1.000000000000000000 ) ) ;
#7305 = LINE ( 'NONE', #3012, #2803 ) ;
#7306 = CARTESIAN_POINT ( 'NONE',  ( 6.832463891615422114, 5.774771377977408804, -0.3500000000000001998 ) ) ;
#7307 = CARTESIAN_POINT ( 'NONE',  ( 0.4999999999999985012, 6.299999999999999822, 0.3499999999999999778 ) ) ;
#7308 = SURFACE_STYLE_FILL_AREA ( #2872 ) ;
#7309 = VERTEX_POINT ( 'NONE', #6783 ) ;
#7310 = CARTESIAN_POINT ( 'NONE',  ( 3.226754932607761805, 8.000000000000000000, 0.6500000000000000222 ) ) ;
#7311 = STYLED_ITEM ( 'NONE', ( #8837 ), #5397 ) ;
#7312 = VECTOR ( 'NONE', #2483, 1000.000000000000000 ) ;
#7313 = LINE ( 'NONE', #5857, #7616 ) ;
#7314 =( BOUNDED_CURVE ( )  B_SPLINE_CURVE ( 3, ( #1286, #2769, #5755, #595 ),
 .UNSPECIFIED., .F., .T. ) 
 B_SPLINE_CURVE_WITH_KNOTS ( ( 4, 4 ),
 ( 3.924083526751089845, 4.712388980384689674 ),
 .UNSPECIFIED. ) 
 CURVE ( )  GEOMETRIC_REPRESENTATION_ITEM ( )  RATIONAL_B_SPLINE_CURVE ( ( 1.000000000000000000, 0.9488815137910379116, 0.9488815137910379116, 1.000000000000000000 ) ) 
 REPRESENTATION_ITEM ( '' )  );
#7315 = ORIENTED_EDGE ( 'NONE', *, *, #2115, .F. ) ;
#7316 = ORIENTED_EDGE ( 'NONE', *, *, #2971, .F. ) ;
#7317 = EDGE_CURVE ( 'NONE', #6477, #939, #7334, .T. ) ;
#7318 = STYLED_ITEM ( 'NONE', ( #5456 ), #5840 ) ;
#7319 = ADVANCED_FACE ( 'NONE', ( #4550 ), #4352, .F. ) ;
#7320 = LINE ( 'NONE', #8876, #2353 ) ;
#7321 = CARTESIAN_POINT ( 'NONE',  ( 9.473245067392239704, 8.000000000000000000, -0.6500000000000025757 ) ) ;
#7322 = CARTESIAN_POINT ( 'NONE',  ( 6.933245067392238781, 10.39117142264903570, -0.6500000000000030198 ) ) ;
#7323 = DIRECTION ( 'NONE',  ( -0.7071067811865489050, 0.7071067811865460184, -0.000000000000000000 ) ) ;
#7324 = CARTESIAN_POINT ( 'NONE',  ( 9.160000000000001918, 1.800000000000000488, -0.3500000000000003109 ) ) ;
#7325 = EDGE_LOOP ( 'NONE', ( #510, #6539, #8293, #7654 ) ) ;
#7326 = ORIENTED_EDGE ( 'NONE', *, *, #6575, .T. ) ;
#7327 = LINE ( 'NONE', #2642, #4751 ) ;
#7328 = EDGE_CURVE ( 'NONE', #9468, #6262, #4396, .T. ) ;
#7329 = VERTEX_POINT ( 'NONE', #3655 ) ;
#7330 = ADVANCED_FACE ( 'NONE', ( #7525 ), #5872, .F. ) ;
#7331 = VECTOR ( 'NONE', #7604, 1000.000000000000000 ) ;
#7332 = FILL_AREA_STYLE ('',( #3449 ) ) ;
#7333 = PLANE ( 'NONE',  #1053 ) ;
#7334 = LINE ( 'NONE', #1366, #6586 ) ;
#7335 = PLANE ( 'NONE',  #7086 ) ;
#7336 = FILL_AREA_STYLE ('',( #7984 ) ) ;
#7337 = VERTEX_POINT ( 'NONE', #2992 ) ;
#7338 =( NAMED_UNIT ( * ) SI_UNIT ( $, .STERADIAN. ) SOLID_ANGLE_UNIT ( ) );
#7339 = CARTESIAN_POINT ( 'NONE',  ( 4.106953799075547806, 3.450480068928324151, -0.3500000000000001443 ) ) ;
#7340 = ORIENTED_EDGE ( 'NONE', *, *, #2890, .F. ) ;
#7341 = DIRECTION ( 'NONE',  ( 0.000000000000000000, -3.097720492815727166E-16, -1.000000000000000000 ) ) ;
#7342 = STYLED_ITEM ( 'NONE', ( #7116 ), #3050 ) ;
#7344 = ADVANCED_FACE ( 'NONE', ( #828 ), #4504, .F. ) ;
#7343 = FILL_AREA_STYLE_COLOUR ( '', #7591 ) ;
#7345 = VERTEX_POINT ( 'NONE', #5297 ) ;
#7346 = B_SPLINE_CURVE_WITH_KNOTS ( 'NONE', 3,
 ( #494, #5705, #4978, #1982, #9349, #2863, #6424, #1195, #3387, #7999, #5844, #5067, #3524, #7110, #7248, #8717, #1333, #8617, #2116, #4177, #1285, #9493, #4267, #6519, #5802, #2665, #1929, #5120, #1242, #5655, #7297 ),
 .UNSPECIFIED., .F., .F.,
 ( 4, 1, 1, 1, 1, 1, 1, 2, 2, 1, 1, 1, 1, 2, 2, 1, 1, 1, 1, 1, 2, 2, 4 ),
 ( 0.000000000000000000, 0.06250000000000890954, 0.09375000000001364187, 0.1093750000000162093, 0.1171875000000174583, 0.1210937500000182077, 0.1230468750000185824, 0.1240234375000188044, 0.1250000000000190126, 0.1875000000000193456, 0.2187500000000197342, 0.2343750000000199563, 0.2421875000000200950, 0.2460937500000201783, 0.2500000000000202616, 0.3750000000000198730, 0.4375000000000199285, 0.4687500000000200395, 0.4843750000000203171, 0.4921875000000204836, 0.4960937500000203171, 0.5000000000000200950, 1.000000000000000000 ),
 .UNSPECIFIED. ) ;
#7347 = FILL_AREA_STYLE_COLOUR ( '', #4383 ) ;
#7348 = CARTESIAN_POINT ( 'NONE',  ( -0.9446954869561645651, 4.083092593512596125, 0.3499999999999998668 ) ) ;
#7349 = VECTOR ( 'NONE', #2644, 1000.000000000000000 ) ;
#7350 = DIRECTION ( 'NONE',  ( 1.000000000000000000, 0.000000000000000000, 0.000000000000000000 ) ) ;
#7351 = FACE_OUTER_BOUND ( 'NONE', #862, .T. ) ;
#7352 = AXIS2_PLACEMENT_3D ( 'NONE', #1879, #2762, #7052 ) ;
#7353 =( NAMED_UNIT ( * ) SI_UNIT ( $, .STERADIAN. ) SOLID_ANGLE_UNIT ( ) );
#7354 = ORIENTED_EDGE ( 'NONE', *, *, #9005, .T. ) ;
#7355 = CARTESIAN_POINT ( 'NONE',  ( 6.620000000000000995, 1.800000000000000044, 0.1166666666666663077 ) ) ;
#7356 = VECTOR ( 'NONE', #7952, 1000.000000000000000 ) ;
#7357 = ADVANCED_FACE ( 'NONE', ( #6686 ), #9671, .T. ) ;
#7358 = CARTESIAN_POINT ( 'NONE',  ( 10.16000000000000014, 0.5000000000000005551, 0.3499999999999996447 ) ) ;
#7359 = CARTESIAN_POINT ( 'NONE',  ( 6.758770099106167883, 5.207834124282346266, -0.3500000000000002554 ) ) ;
#7360 = CARTESIAN_POINT ( 'NONE',  ( 11.62999999999999723, 0.5000000000000002220, 0.6500000000000010214 ) ) ;
#7361 = ORIENTED_EDGE ( 'NONE', *, *, #5670, .T. ) ;
#7362 = FACE_OUTER_BOUND ( 'NONE', #8847, .T. ) ;
#7363 = EDGE_CURVE ( 'NONE', #4430, #3190, #9080, .T. ) ;
#7364 = DIRECTION ( 'NONE',  ( 0.000000000000000000, -0.000000000000000000, -1.000000000000000000 ) ) ;
#7365 = EDGE_LOOP ( 'NONE', ( #8338, #9549, #8014, #6801 ) ) ;
#7366 = ORIENTED_EDGE ( 'NONE', *, *, #22, .F. ) ;
#7367 = FILL_AREA_STYLE_COLOUR ( '', #3132 ) ;
#7368 = PRESENTATION_LAYER_ASSIGNMENT (  '', '', ( #4890 ) ) ;
#7369 = CARTESIAN_POINT ( 'NONE',  ( -1.469999999999999973, 0.000000000000000000, -0.6499999999999991340 ) ) ;
#7370 = PLANE ( 'NONE',  #4649 ) ;
#7371 = CARTESIAN_POINT ( 'NONE',  ( 3.540000000000000480, 1.800000000000000488, -0.3850000000000000644 ) ) ;
#7372 =( NAMED_UNIT ( * ) PLANE_ANGLE_UNIT ( ) SI_UNIT ( $, .RADIAN. ) );
#7373 = CARTESIAN_POINT ( 'NONE',  ( 0.6867549326077615479, 8.000000000000000000, 0.6500000000000000222 ) ) ;
#7374 = ORIENTED_EDGE ( 'NONE', *, *, #8025, .T. ) ;
#7375 = PRESENTATION_LAYER_ASSIGNMENT (  '', '', ( #5051 ) ) ;
#7376 = ORIENTED_EDGE ( 'NONE', *, *, #2591, .T. ) ;
#7377 = CARTESIAN_POINT ( 'NONE',  ( 9.367514633686706560, 5.744802409713122060, -0.3500000000000003109 ) ) ;
#7378 = AXIS2_PLACEMENT_3D ( 'NONE', #9358, #1892, #6433 ) ;
#7379 = PRESENTATION_STYLE_ASSIGNMENT (( #8121 ) ) ;
#7380 = CARTESIAN_POINT ( 'NONE',  ( 2.076643101092097154, 1.700000000000001288, -0.3500000000000000333 ) ) ;
#7381 = ORIENTED_EDGE ( 'NONE', *, *, #1054, .F. ) ;
#7382 = CARTESIAN_POINT ( 'NONE',  ( 1.540000000000000924, 6.299999999999999822, 0.3849999999999998979 ) ) ;
#7383 = LINE ( 'NONE', #5834, #4947 ) ;
#7384 = ORIENTED_EDGE ( 'NONE', *, *, #8518, .F. ) ;
#7385 = LINE ( 'NONE', #6020, #1648 ) ;
#7386 =( NAMED_UNIT ( * ) SI_UNIT ( $, .STERADIAN. ) SOLID_ANGLE_UNIT ( ) );
#7387 = ORIENTED_EDGE ( 'NONE', *, *, #6029, .T. ) ;
#7388 = CARTESIAN_POINT ( 'NONE',  ( 7.620000000000000107, 0.5000000000000005551, 0.3499999999999997002 ) ) ;
#7389 = VECTOR ( 'NONE', #2362, 1000.000000000000000 ) ;
#7390 = AXIS2_PLACEMENT_3D ( 'NONE', #7644, #3878, #6854 ) ;
#7391 = CARTESIAN_POINT ( 'NONE',  ( -0.9999999999999993339, -1.121588454295348794E-16, -0.3499999999999999778 ) ) ;
#7392 = AXIS2_PLACEMENT_3D ( 'NONE', #3002, #8950, #975 ) ;
#7393 = ADVANCED_FACE ( 'NONE', ( #2243 ), #5022, .T. ) ;
#7394 = AXIS2_PLACEMENT_3D ( 'NONE', #5370, #2271, #7508 ) ;
#7395 = SURFACE_SIDE_STYLE ('',( #3820 ) ) ;
#7396 = PRESENTATION_LAYER_ASSIGNMENT (  '', '', ( #6613 ) ) ;
#7397 = ORIENTED_EDGE ( 'NONE', *, *, #7595, .F. ) ;
#7398 = SURFACE_STYLE_FILL_AREA ( #1431 ) ;
#7399 = CARTESIAN_POINT ( 'NONE',  ( -0.6867549326077613259, 10.39117142264903570, -0.3500000000000017542 ) ) ;
#7400 = LINE ( 'NONE', #2772, #6755 ) ;
#7401 = VECTOR ( 'NONE', #4690, 1000.000000000000000 ) ;
#7402 =( NAMED_UNIT ( * ) SI_UNIT ( $, .STERADIAN. ) SOLID_ANGLE_UNIT ( ) );
#7403 = CARTESIAN_POINT ( 'NONE',  ( 6.620000000000000107, 6.500000000000000888, -0.3500000000000010880 ) ) ;
#7404 = CARTESIAN_POINT ( 'NONE',  ( 8.619999999999999218, 0.5000000000000000000, -0.3500000000000000888 ) ) ;
#7405 = DIRECTION ( 'NONE',  ( 0.000000000000000000, 0.000000000000000000, -1.000000000000000000 ) ) ;
#7406 = LINE ( 'NONE', #8010, #7862 ) ;
#7407 = AXIS2_PLACEMENT_3D ( 'NONE', #6169, #6842, #8949 ) ;
#7408 = LINE ( 'NONE', #8195, #8370 ) ;
#7409 = DIRECTION ( 'NONE',  ( -0.000000000000000000, 1.000000000000000000, -0.000000000000000000 ) ) ;
#7410 = CIRCLE ( 'NONE', #5710, 0.2999999999999999334 ) ;
#7411 = AXIS2_PLACEMENT_3D ( 'NONE', #3187, #9142, #7791 ) ;
#7412 = ORIENTED_EDGE ( 'NONE', *, *, #1757, .F. ) ;
#7413 = VECTOR ( 'NONE', #8957, 1000.000000000000000 ) ;
#7414 = VERTEX_POINT ( 'NONE', #8493 ) ;
#7415 = ADVANCED_FACE ( 'NONE', ( #172 ), #1070, .T. ) ;
#7416 = CYLINDRICAL_SURFACE ( 'NONE', #5030, 0.2999999999999999334 ) ;
#7417 = PLANE ( 'NONE',  #2877 ) ;
#7418 = CARTESIAN_POINT ( 'NONE',  ( 2.190000000000000835, 0.5000000000000005551, -0.3500000000000000888 ) ) ;
#7419 = CARTESIAN_POINT ( 'NONE',  ( -0.3500000000000000333, 8.199999999999999289, -0.3499999999999999778 ) ) ;
#7420 = UNCERTAINTY_MEASURE_WITH_UNIT (LENGTH_MEASURE( 1.000000000000000082E-05 ), #3845, 'distance_accuracy_value', 'NONE');
#7421 = CARTESIAN_POINT ( 'NONE',  ( 6.695941859282681818, 4.443591676418676251, 0.3499999999999997002 ) ) ;
#7422 = CARTESIAN_POINT ( 'NONE',  ( 10.50999999999999979, 8.199999999999999289, -0.3500000000000000333 ) ) ;
#7423 =( NAMED_UNIT ( * ) SI_UNIT ( $, .STERADIAN. ) SOLID_ANGLE_UNIT ( ) );
#7424 = VERTEX_POINT ( 'NONE', #4739 ) ;
#7425 = ORIENTED_EDGE ( 'NONE', *, *, #7205, .F. ) ;
#7426 = AXIS2_PLACEMENT_3D ( 'NONE', #4957, #2489, #9225 ) ;
#7427 = EDGE_CURVE ( 'NONE', #7414, #6487, #3126, .T. ) ;
#7428 = LINE ( 'NONE', #6589, #7581 ) ;
#7429 = CARTESIAN_POINT ( 'NONE',  ( 9.226302744966792702, 4.293911919603389471, -0.3500000000000003109 ) ) ;
#7430 = CARTESIAN_POINT ( 'NONE',  ( 2.189999999999999947, 8.199999999999999289, 0.3499999999999999778 ) ) ;
#7431 = CARTESIAN_POINT ( 'NONE',  ( 3.390639769790269487, 5.307482533055136287, -0.3499999999999999778 ) ) ;
#7433 = ORIENTED_EDGE ( 'NONE', *, *, #4192, .T. ) ;
#7432 = VECTOR ( 'NONE', #4299, 1000.000000000000000 ) ;
#7434 = CARTESIAN_POINT ( 'NONE',  ( 5.080000000000000071, 6.299999999999999822, -0.3500000000000001443 ) ) ;
#7435 = CARTESIAN_POINT ( 'NONE',  ( 7.267475984454220495, 5.732672356334980179, 0.3499999999999997002 ) ) ;
#7436 = EDGE_LOOP ( 'NONE', ( #4228, #5740, #1564, #6360 ) ) ;
#7437 = CARTESIAN_POINT ( 'NONE',  ( 5.130000000000000782, 8.026794919243110726, -0.04999999999999991257 ) ) ;
#7438 = ORIENTED_EDGE ( 'NONE', *, *, #7812, .F. ) ;
#7439 = PRESENTATION_LAYER_ASSIGNMENT (  '', '', ( #8227 ) ) ;
#7440 = AXIS2_PLACEMENT_3D ( 'NONE', #7077, #374, #7258 ) ;
#7441 = PRESENTATION_STYLE_ASSIGNMENT (( #8228 ) ) ;
#7442 = EDGE_CURVE ( 'NONE', #819, #8501, #3907, .T. ) ;
#7443 = CARTESIAN_POINT ( 'NONE',  ( 10.51000000000000156, 0.5000000000000005551, -0.3500000000000003109 ) ) ;
#7444 = CARTESIAN_POINT ( 'NONE',  ( -0.3500000000000000333, 0.000000000000000000, 0.3499999999999999778 ) ) ;
#7445 = VECTOR ( 'NONE', #161, 1000.000000000000000 ) ;
#7446 = LINE ( 'NONE', #1540, #2094 ) ;
#7447 = ORIENTED_EDGE ( 'NONE', *, *, #7004, .T. ) ;
#7448 = DIRECTION ( 'NONE',  ( 1.000000000000000000, -8.673617379884051249E-15, 0.000000000000000000 ) ) ;
#7449 = EDGE_CURVE ( 'NONE', #1616, #2985, #2382, .T. ) ;
#7450 = EDGE_CURVE ( 'NONE', #9381, #5159, #4001, .T. ) ;
#7451 = CIRCLE ( 'NONE', #7290, 0.2000000000000005107 ) ;
#7452 =( GEOMETRIC_REPRESENTATION_CONTEXT ( 3 ) GLOBAL_UNCERTAINTY_ASSIGNED_CONTEXT ( ( #9566 ) ) GLOBAL_UNIT_ASSIGNED_CONTEXT ( ( #6312, #7932, #2645 ) ) REPRESENTATION_CONTEXT ( 'NONE', 'WORKASPACE' ) );
#7453 = CARTESIAN_POINT ( 'NONE',  ( 5.942626047459931726, 5.194217234910147418, 0.3499999999999998113 ) ) ;
#7454 = SURFACE_SIDE_STYLE ('',( #8190 ) ) ;
#7455 = CARTESIAN_POINT ( 'NONE',  ( 6.755802618229585832, 5.178803639423789740, -0.3500000000000003109 ) ) ;
#7456 = DIRECTION ( 'NONE',  ( 0.000000000000000000, 0.000000000000000000, -1.000000000000000000 ) ) ;
#7457 = DIRECTION ( 'NONE',  ( -1.000000000000000000, 0.000000000000000000, 0.000000000000000000 ) ) ;
#7458 = CARTESIAN_POINT ( 'NONE',  ( 3.409615242270666702, 8.500000000000000000, 0.8696152422706663332 ) ) ;
#7459 = CARTESIAN_POINT ( 'NONE',  ( 2.890000000000000124, 0.000000000000000000, 0.3499999999999999778 ) ) ;
#7460 = DIRECTION ( 'NONE',  ( 0.000000000000000000, -0.000000000000000000, -1.000000000000000000 ) ) ;
#7461 = COLOUR_RGB ( '',0.8313725490196077761, 0.6705882352941175961, 0.1294117647058823373 ) ;
#7462 = EDGE_CURVE ( 'NONE', #3240, #1150, #7621, .T. ) ;
#7463 = VERTEX_POINT ( 'NONE', #3546 ) ;
#7464 = VERTEX_POINT ( 'NONE', #2789 ) ;
#7465 = B_SPLINE_CURVE_WITH_KNOTS ( 'NONE', 3,
 ( #6265, #1769, #7735, #4762 ),
 .UNSPECIFIED., .F., .F.,
 ( 4, 4 ),
 ( 0.000000000000000000, 1.000000000000000000 ),
 .UNSPECIFIED. ) ;
#7466 =( NAMED_UNIT ( * ) PLANE_ANGLE_UNIT ( ) SI_UNIT ( $, .RADIAN. ) );
#7467 = FACE_OUTER_BOUND ( 'NONE', #2745, .T. ) ;
#7468 = MECHANICAL_DESIGN_GEOMETRIC_PRESENTATION_REPRESENTATION (  '', ( #2005 ), #6382 ) ;
#7469 = DIRECTION ( 'NONE',  ( 0.000000000000000000, -1.000000000000000000, 4.336808689942016750E-16 ) ) ;
#7470 = CARTESIAN_POINT ( 'NONE',  ( 3.140000000000000568, 6.299999999999999822, 0.1283333333333332438 ) ) ;
#7471 = LINE ( 'NONE', #8298, #5083 ) ;
#7472 = CARTESIAN_POINT ( 'NONE',  ( 0.3500000000000009215, -2.800000000000001155, -0.3499999999999999778 ) ) ;
#7473 = VERTEX_POINT ( 'NONE', #8588 ) ;
#7474 =( LENGTH_UNIT ( ) NAMED_UNIT ( * ) SI_UNIT ( .MILLI., .METRE. ) );
#7475 = ORIENTED_EDGE ( 'NONE', *, *, #8697, .T. ) ;
#7476 = EDGE_CURVE ( 'NONE', #8009, #2177, #1954, .T. ) ;
#7477 = CARTESIAN_POINT ( 'NONE',  ( 6.920000000000000817, 0.8000000000000004885, -0.3500000000000002554 ) ) ;
#7478 = CARTESIAN_POINT ( 'NONE',  ( 9.271150453949026371, 4.917640708295714980, -0.3500000000000003664 ) ) ;
#7479 = CARTESIAN_POINT ( 'NONE',  ( 3.301220786870199042, 5.920464898423894340, -0.3499999999999999778 ) ) ;
#7480 = CARTESIAN_POINT ( 'NONE',  ( -0.1499999999999994393, -3.000000000000000000, -0.3499999999999999778 ) ) ;
#7481 = ORIENTED_EDGE ( 'NONE', *, *, #2129, .F. ) ;
#7482 =( NAMED_UNIT ( * ) SI_UNIT ( $, .STERADIAN. ) SOLID_ANGLE_UNIT ( ) );
#7483 = EDGE_CURVE ( 'NONE', #134, #672, #1998, .T. ) ;
#7484 = CARTESIAN_POINT ( 'NONE',  ( 8.119999999999999218, 6.299999999999999822, 0.3499999999999997002 ) ) ;
#7485 = SURFACE_STYLE_FILL_AREA ( #2344 ) ;
#7486 = EDGE_LOOP ( 'NONE', ( #1297, #2909, #7316, #1295 ) ) ;
#7487 = CARTESIAN_POINT ( 'NONE',  ( 10.51252401554577887, 5.732672356334978403, -0.3500000000000003109 ) ) ;
#7488 = ORIENTED_EDGE ( 'NONE', *, *, #9343, .F. ) ;
#7489 = LINE ( 'NONE', #2257, #5708 ) ;
#7490 =( NAMED_UNIT ( * ) PLANE_ANGLE_UNIT ( ) SI_UNIT ( $, .RADIAN. ) );
#7491 = LINE ( 'NONE', #9184, #2367 ) ;
#7492 = CARTESIAN_POINT ( 'NONE',  ( 0.9336972550331305021, 4.293911919605033489, 0.3499999999999999778 ) ) ;
#7493 = AXIS2_PLACEMENT_3D ( 'NONE', #2226, #4580, #1504 ) ;
#7494 =( LENGTH_UNIT ( ) NAMED_UNIT ( * ) SI_UNIT ( .MILLI., .METRE. ) );
#7495 =( NAMED_UNIT ( * ) PLANE_ANGLE_UNIT ( ) SI_UNIT ( $, .RADIAN. ) );
#7496 = ADVANCED_FACE ( 'NONE', ( #4196 ), #566, .F. ) ;
#7497 = ORIENTED_EDGE ( 'NONE', *, *, #7518, .F. ) ;
#7498 = EDGE_CURVE ( 'NONE', #6702, #8471, #4849, .T. ) ;
#7499 = CARTESIAN_POINT ( 'NONE',  ( 6.620000000000000995, 1.800000000000000488, 0.3849999999999997313 ) ) ;
#7500 = VECTOR ( 'NONE', #2266, 1000.000000000000114 ) ;
#7501 = DIRECTION ( 'NONE',  ( -0.000000000000000000, -1.000000000000000000, 1.668003342285391551E-16 ) ) ;
#7502 = DIRECTION ( 'NONE',  ( 0.000000000000000000, 0.000000000000000000, -1.000000000000000000 ) ) ;
#7503 = CARTESIAN_POINT ( 'NONE',  ( 11.62999999999999723, 0.5000000000000000000, -0.6499999999999989120 ) ) ;
#7504 = CARTESIAN_POINT ( 'NONE',  ( 8.619999999999999218, 6.500000000000000888, 0.3499999999999989231 ) ) ;
#7505 = STYLED_ITEM ( 'NONE', ( #2554 ), #2821 ) ;
#7506 = LINE ( 'NONE', #809, #2551 ) ;
#7507 = DIRECTION ( 'NONE',  ( 0.000000000000000000, 3.097720492815727166E-16, 1.000000000000000000 ) ) ;
#7508 = DIRECTION ( 'NONE',  ( 0.000000000000000000, -0.000000000000000000, -1.000000000000000000 ) ) ;
#7509 = EDGE_CURVE ( 'NONE', #3925, #7614, #3315, .T. ) ;
#7510 = VERTEX_POINT ( 'NONE', #3493 ) ;
#7511 = ORIENTED_EDGE ( 'NONE', *, *, #4693, .F. ) ;
#7512 = DIRECTION ( 'NONE',  ( 0.000000000000000000, -1.668003342285391551E-16, -1.000000000000000000 ) ) ;
#7513 = DIRECTION ( 'NONE',  ( -1.000000000000000000, -0.000000000000000000, -0.000000000000000000 ) ) ;
#7514 = ORIENTED_EDGE ( 'NONE', *, *, #4151, .T. ) ;
#7515 = LINE ( 'NONE', #2281, #1288 ) ;
#7516 = CARTESIAN_POINT ( 'NONE',  ( 6.800714092337829975, 5.570187327444797276, 0.3499999999999997002 ) ) ;
#7517 = CARTESIAN_POINT ( 'NONE',  ( 9.834744180118196510, 5.589454083063166046, 0.3499999999999996447 ) ) ;
#7518 = EDGE_CURVE ( 'NONE', #7923, #8058, #5728, .T. ) ;
#7519 = DIRECTION ( 'NONE',  ( -0.000000000000000000, -1.000000000000000000, 1.668003342285391551E-16 ) ) ;
#7520 = VERTEX_POINT ( 'NONE', #1900 ) ;
#7521 = CARTESIAN_POINT ( 'NONE',  ( 10.65999999999999837, 6.084152315493285279, 0.3499999999999996447 ) ) ;
#7522 = EDGE_LOOP ( 'NONE', ( #33, #3314, #1668, #1787 ) ) ;
#7523 = DIRECTION ( 'NONE',  ( 0.000000000000000000, -1.668003342285391551E-16, -1.000000000000000000 ) ) ;
#7524 = CARTESIAN_POINT ( 'NONE',  ( 10.75999999999999979, 6.299999999999999822, 0.3499999999999996447 ) ) ;
#7525 = FACE_OUTER_BOUND ( 'NONE', #1737, .T. ) ;
#7526 = EDGE_LOOP ( 'NONE', ( #3285, #5416, #1472, #5824 ) ) ;
#7527 = STYLED_ITEM ( 'NONE', ( #8319 ), #9440 ) ;
#7528 = PLANE ( 'NONE',  #425 ) ;
#7529 = FILL_AREA_STYLE ('',( #2947 ) ) ;
#7530 = ORIENTED_EDGE ( 'NONE', *, *, #4402, .T. ) ;
#7531 = CARTESIAN_POINT ( 'NONE',  ( 10.16000000000000014, 6.299999999999999822, -0.3500000000000003109 ) ) ;
#7532 = EDGE_LOOP ( 'NONE', ( #4520, #8156, #8444, #180 ) ) ;
#7533 = EDGE_CURVE ( 'NONE', #9079, #6614, #8733, .T. ) ;
#7534 = STYLED_ITEM ( 'NONE', ( #3600 ), #7599 ) ;
#7535 = DIRECTION ( 'NONE',  ( 1.000000000000000000, 0.000000000000000000, 0.000000000000000000 ) ) ;
#7536 = CARTESIAN_POINT ( 'NONE',  ( 3.540000000000000480, 1.800000000000000488, 0.3499999999999998668 ) ) ;
#7537 = EDGE_LOOP ( 'NONE', ( #3847, #2794, #8843, #5204, #5814, #3128, #2421, #1430, #8496, #4304, #3498, #411 ) ) ;
#7538 = CARTESIAN_POINT ( 'NONE',  ( 9.473245067392239704, 0.5000000000000000000, -0.3500000000000000888 ) ) ;
#7539 = SURFACE_STYLE_FILL_AREA ( #88 ) ;
#7540 = SURFACE_SIDE_STYLE ('',( #1589 ) ) ;
#7541 = CARTESIAN_POINT ( 'NONE',  ( 1.615941859282681303, 4.443591676418676251, 0.3499999999999998113 ) ) ;
#7542 = ORIENTED_EDGE ( 'NONE', *, *, #392, .T. ) ;
#7543 = AXIS2_PLACEMENT_3D ( 'NONE', #6391, #5664, #1939 ) ;
#7544 = CARTESIAN_POINT ( 'NONE',  ( 7.020000000000000462, 6.299999999999999822, 0.3849999999999997313 ) ) ;
#7545 = FACE_OUTER_BOUND ( 'NONE', #9179, .T. ) ;
#7546 = VECTOR ( 'NONE', #1351, 1000.000000000000000 ) ;
#7547 =( NAMED_UNIT ( * ) PLANE_ANGLE_UNIT ( ) SI_UNIT ( $, .RADIAN. ) );
#7548 = CARTESIAN_POINT ( 'NONE',  ( 6.933245067392238781, 0.5000000000000002220, 0.6500000000000011324 ) ) ;
#7549 = DIRECTION ( 'NONE',  ( 0.000000000000000000, 0.000000000000000000, 1.000000000000000000 ) ) ;
#7550 = AXIS2_PLACEMENT_3D ( 'NONE', #6281, #9352, #7015 ) ;
#7551 = DIRECTION ( 'NONE',  ( -0.6546536707079771977, -0.3779644730092270311, -0.6546536707079771977 ) ) ;
#7552 = SURFACE_STYLE_FILL_AREA ( #157 ) ;
#7553 = FILL_AREA_STYLE_COLOUR ( '', #8173 ) ;
#7554 = EDGE_LOOP ( 'NONE', ( #9127, #7905, #8280, #1873 ) ) ;
#7555 = VERTEX_POINT ( 'NONE', #4949 ) ;
#7556 = AXIS2_PLACEMENT_3D ( 'NONE', #3771, #748, #6852 ) ;
#7557 = VECTOR ( 'NONE', #399, 1000.000000000000000 ) ;
#7558 = EDGE_CURVE ( 'NONE', #5098, #1444, #4236, .T. ) ;
#7559 = LINE ( 'NONE', #864, #3421 ) ;
#7560 = DIRECTION ( 'NONE',  ( -1.000000000000000000, -0.000000000000000000, -0.000000000000000000 ) ) ;
#7561 = ORIENTED_EDGE ( 'NONE', *, *, #4768, .T. ) ;
#7562 = FILL_AREA_STYLE ('',( #5377 ) ) ;
#7563 = CARTESIAN_POINT ( 'NONE',  ( 6.834859749080237634, 5.788964205960198228, 0.3499999999999997558 ) ) ;
#7564 = LINE ( 'NONE', #5379, #275 ) ;
#7565 = COLOUR_RGB ( '',0.8313725490196077761, 0.6705882352941175961, 0.1294117647058823373 ) ;
#7566 = VECTOR ( 'NONE', #342, 1000.000000000000000 ) ;
#7567 = PRESENTATION_STYLE_ASSIGNMENT (( #120 ) ) ;
#7568 = ORIENTED_EDGE ( 'NONE', *, *, #8787, .T. ) ;
#7569 = ORIENTED_EDGE ( 'NONE', *, *, #6005, .T. ) ;
#7570 = EDGE_CURVE ( 'NONE', #6727, #1456, #8018, .T. ) ;
#7571 = EDGE_CURVE ( 'NONE', #5929, #5916, #9530, .T. ) ;
#7572 =( LENGTH_UNIT ( ) NAMED_UNIT ( * ) SI_UNIT ( .MILLI., .METRE. ) );
#7573 = LINE ( 'NONE', #3908, #4591 ) ;
#7574 = EDGE_LOOP ( 'NONE', ( #5949, #652, #909, #908 ) ) ;
#7575 = AXIS2_PLACEMENT_3D ( 'NONE', #6885, #283, #9176 ) ;
#7576 = CARTESIAN_POINT ( 'NONE',  ( 11.15311817895943314, 2.798202530626828999, 0.3499999999999996447 ) ) ;
#7577 = ORIENTED_EDGE ( 'NONE', *, *, #4792, .T. ) ;
#7578 = DIRECTION ( 'NONE',  ( 1.000000000000000000, 0.000000000000000000, 0.000000000000000000 ) ) ;
#7579 = VERTEX_POINT ( 'NONE', #6634 ) ;
#7580 = DIRECTION ( 'NONE',  ( -1.000000000000000000, 0.000000000000000000, 0.000000000000000000 ) ) ;
#7581 = VECTOR ( 'NONE', #5917, 1000.000000000000000 ) ;
#7582 = CARTESIAN_POINT ( 'NONE',  ( 7.945255819881804626, 5.589454083063163381, 0.3499999999999997002 ) ) ;
#7583 = SURFACE_SIDE_STYLE ('',( #4654 ) ) ;
#7584 = ORIENTED_EDGE ( 'NONE', *, *, #5957, .F. ) ;
#7585 = CARTESIAN_POINT ( 'NONE',  ( 10.48525581988180555, 5.589454083063165157, -0.3500000000000003109 ) ) ;
#7586 = CARTESIAN_POINT ( 'NONE',  ( 0.8612299008938453238, 5.207834124282260113, 0.3499999999999999778 ) ) ;
#7587 =( NAMED_UNIT ( * ) PLANE_ANGLE_UNIT ( ) SI_UNIT ( $, .RADIAN. ) );
#7588 = CARTESIAN_POINT ( 'NONE',  ( -0.9999999999999995559, 1.800000000000000044, 0.1166666666666665853 ) ) ;
#7589 = EDGE_LOOP ( 'NONE', ( #3318, #1592, #9605, #2430 ) ) ;
#7590 = CARTESIAN_POINT ( 'NONE',  ( 4.558154266116019926, 5.626229152235333153, -0.3500000000000001443 ) ) ;
#7591 = COLOUR_RGB ( '',0.8313725490196077761, 0.6705882352941175961, 0.1294117647058823373 ) ;
#7592 = CARTESIAN_POINT ( 'NONE',  ( 6.013697255033132016, 4.293911919605035266, 0.3499999999999998668 ) ) ;
#7593 = VECTOR ( 'NONE', #8250, 1000.000000000000000 ) ;
#7594 = CARTESIAN_POINT ( 'NONE',  ( 0.000000000000000000, 8.000000000000000000, 0.000000000000000000 ) ) ;
#7595 = EDGE_CURVE ( 'NONE', #8219, #3846, #9514, .T. ) ;
#7596 = LINE ( 'NONE', #156, #6652 ) ;
#7597 = EDGE_CURVE ( 'NONE', #6667, #6863, #7515, .T. ) ;
#7598 = CARTESIAN_POINT ( 'NONE',  ( 8.306754932607761432, 10.39117142264903570, -0.6500000000000030198 ) ) ;
#7599 = ADVANCED_FACE ( 'NONE', ( #6720 ), #1586, .T. ) ;
#7600 = ORIENTED_EDGE ( 'NONE', *, *, #110, .T. ) ;
#7601 = VECTOR ( 'NONE', #7549, 1000.000000000000000 ) ;
#7602 = ORIENTED_EDGE ( 'NONE', *, *, #7127, .F. ) ;
#7603 =( GEOMETRIC_REPRESENTATION_CONTEXT ( 3 ) GLOBAL_UNCERTAINTY_ASSIGNED_CONTEXT ( ( #8116 ) ) GLOBAL_UNIT_ASSIGNED_CONTEXT ( ( #2525, #8492, #6782 ) ) REPRESENTATION_CONTEXT ( 'NONE', 'WORKASPACE' ) );
#7604 = DIRECTION ( 'NONE',  ( -0.000000000000000000, -0.000000000000000000, 1.000000000000000000 ) ) ;
#7605 = LINE ( 'NONE', #3895, #738 ) ;
#7606 = CARTESIAN_POINT ( 'NONE',  ( 8.394147136672705400, 5.851685420754299649, -0.3500000000000003664 ) ) ;
#7607 = ORIENTED_EDGE ( 'NONE', *, *, #3863, .F. ) ;
#7608 = DIRECTION ( 'NONE',  ( -1.000000000000000000, -0.000000000000000000, -0.000000000000000000 ) ) ;
#7609 =( GEOMETRIC_REPRESENTATION_CONTEXT ( 3 ) GLOBAL_UNCERTAINTY_ASSIGNED_CONTEXT ( ( #1773 ) ) GLOBAL_UNIT_ASSIGNED_CONTEXT ( ( #2756, #4964, #6597 ) ) REPRESENTATION_CONTEXT ( 'NONE', 'WORKASPACE' ) );
#7610 =( GEOMETRIC_REPRESENTATION_CONTEXT ( 3 ) GLOBAL_UNCERTAINTY_ASSIGNED_CONTEXT ( ( #7420 ) ) GLOBAL_UNIT_ASSIGNED_CONTEXT ( ( #3845, #166, #8346 ) ) REPRESENTATION_CONTEXT ( 'NONE', 'WORKASPACE' ) );
#7611 = EDGE_CURVE ( 'NONE', #164, #1821, #8824, .T. ) ;
#7612 = DIRECTION ( 'NONE',  ( 0.000000000000000000, -0.000000000000000000, -1.000000000000000000 ) ) ;
#7613 = ORIENTED_EDGE ( 'NONE', *, *, #7057, .T. ) ;
#7614 = VERTEX_POINT ( 'NONE', #6535 ) ;
#7615 = EDGE_CURVE ( 'NONE', #7115, #1344, #5333, .T. ) ;
#7616 = VECTOR ( 'NONE', #7211, 1000.000000000000000 ) ;
#7617 = COLOUR_RGB ( '',0.8313725490196077761, 0.6705882352941175961, 0.1294117647058823373 ) ;
#7618 = VECTOR ( 'NONE', #5251, 1000.000000000000000 ) ;
#7619 = FILL_AREA_STYLE_COLOUR ( '', #7118 ) ;
#7620 = SURFACE_STYLE_FILL_AREA ( #960 ) ;
#7621 = LINE ( 'NONE', #6247, #1615 ) ;
#7622 = CARTESIAN_POINT ( 'NONE',  ( 3.173148314883513343, 6.299478870653064888, -0.3500000000000000888 ) ) ;
#7623 = ORIENTED_EDGE ( 'NONE', *, *, #2485, .F. ) ;
#7624 = DIRECTION ( 'NONE',  ( 0.000000000000000000, -0.000000000000000000, -1.000000000000000000 ) ) ;
#7625 =( GEOMETRIC_REPRESENTATION_CONTEXT ( 3 ) GLOBAL_UNCERTAINTY_ASSIGNED_CONTEXT ( ( #5671 ) ) GLOBAL_UNIT_ASSIGNED_CONTEXT ( ( #8744, #6503, #4354 ) ) REPRESENTATION_CONTEXT ( 'NONE', 'WORKASPACE' ) );
#7626 = CARTESIAN_POINT ( 'NONE',  ( 11.11272332316402967, 3.923639721076657150, 0.3499999999999996447 ) ) ;
#7627 = DIRECTION ( 'NONE',  ( 1.000000000000000000, -0.000000000000000000, 0.000000000000000000 ) ) ;
#7628 =( BOUNDED_CURVE ( )  B_SPLINE_CURVE ( 3, ( #6403, #1265, #9373, #2692, #8644, #6448, #1958 ),
 .UNSPECIFIED., .F., .T. ) 
 B_SPLINE_CURVE_WITH_KNOTS ( ( 4, 3, 4 ),
 ( 0.8078321013870645162, 3.141592653589793116, 5.475353205792521827 ),
 .UNSPECIFIED. ) 
 CURVE ( )  GEOMETRIC_REPRESENTATION_ITEM ( )  RATIONAL_B_SPLINE_CURVE ( ( 1.000000000000000000, 0.5953481791230077480, 0.5953481791230077480, 1.000000000000000000, 0.5953481791230077480, 0.5953481791230077480, 1.000000000000000000 ) ) 
 REPRESENTATION_ITEM ( '' )  );
#7629 = ORIENTED_EDGE ( 'NONE', *, *, #8230, .T. ) ;
#7630 = FILL_AREA_STYLE ('',( #8270 ) ) ;
#7631 = ADVANCED_FACE ( 'NONE', ( #4342 ), #6582, .F. ) ;
#7632 = ORIENTED_EDGE ( 'NONE', *, *, #768, .F. ) ;
#7633 = VECTOR ( 'NONE', #7799, 1000.000000000000000 ) ;
#7635 = STYLED_ITEM ( 'NONE', ( #393 ), #904 ) ;
#7634 = CARTESIAN_POINT ( 'NONE',  ( 0.8696152422706664442, 8.500000000000000000, 0.000000000000000000 ) ) ;
#7636 = CARTESIAN_POINT ( 'NONE',  ( -0.3252558198818047419, 5.589454083063166046, -0.3499999999999999778 ) ) ;
#7637 = CARTESIAN_POINT ( 'NONE',  ( 7.972524015545777942, 5.732672356334978403, -0.3500000000000002554 ) ) ;
#7638 = EDGE_LOOP ( 'NONE', ( #1362, #4600, #2675, #9222 ) ) ;
#7639 =( LENGTH_UNIT ( ) NAMED_UNIT ( * ) SI_UNIT ( .MILLI., .METRE. ) );
#7640 = FACE_OUTER_BOUND ( 'NONE', #3355, .T. ) ;
#7641 = CARTESIAN_POINT ( 'NONE',  ( -0.5999999999999995337, 6.299999999999999822, -0.1166666666666667518 ) ) ;
#7642 = SURFACE_STYLE_FILL_AREA ( #2208 ) ;
#7643 = VERTEX_POINT ( 'NONE', #5142 ) ;
#7644 = CARTESIAN_POINT ( 'NONE',  ( 1.540000000000000702, -1.121588454295348794E-16, 0.3499999999999998668 ) ) ;
#7645 = CARTESIAN_POINT ( 'NONE',  ( -0.4999999999999985012, 6.084152315493286167, -0.3499999999999999223 ) ) ;
#7646 =( BOUNDED_SURFACE ( )  B_SPLINE_SURFACE ( 3, 1, ( 
 ( #4707, #9004 ),
 ( #6744, #8411 ),
 ( #1632, #8275 ),
 ( #934, #2494 ),
 ( #4610, #188 ),
 ( #7680, #3921 ),
 ( #3971, #7585 ) ),
 .UNSPECIFIED., .F., .F., .T. ) 
 B_SPLINE_SURFACE_WITH_KNOTS ( ( 4, 3, 4 ),
 ( 2, 2 ),
 ( 0.000000000000000000, 0.5000000000000000000, 1.000000000000000000 ),
 ( 0.000000000000000000, 1.000000000000000000 ),
 .UNSPECIFIED. ) 
 GEOMETRIC_REPRESENTATION_ITEM ( )  RATIONAL_B_SPLINE_SURFACE ( (
 ( 1.000000000000000000, 1.000000000000000000),
 ( 0.5953481791230077480, 0.5953481791230077480),
 ( 0.5953481791230077480, 0.5953481791230077480),
 ( 1.000000000000000000, 1.000000000000000000),
 ( 0.5953481791230077480, 0.5953481791230077480),
 ( 0.5953481791230077480, 0.5953481791230077480),
 ( 1.000000000000000000, 1.000000000000000000) ) ) 
 REPRESENTATION_ITEM ( '' )  SURFACE ( )  );
#7647 = CARTESIAN_POINT ( 'NONE',  ( 6.032723323164032259, 3.923639721076658038, 0.3499999999999998668 ) ) ;
#7648 = LINE ( 'NONE', #1598, #7389 ) ;
#7649 = PRESENTATION_LAYER_ASSIGNMENT (  '', '', ( #2178 ) ) ;
#7650 = CARTESIAN_POINT ( 'NONE',  ( 0.3218457338839795789, 5.626229152235330488, 0.000000000000000000 ) ) ;
#7651 = CARTESIAN_POINT ( 'NONE',  ( 6.080000000000000071, 6.500000000000000888, -0.3500000000000010880 ) ) ;
#7652 = CARTESIAN_POINT ( 'NONE',  ( 3.226754932607761361, 0.5000000000000000000, -0.6500000000000013545 ) ) ;
#7653 = CARTESIAN_POINT ( 'NONE',  ( 2.890000000000001013, -2.800000000000001155, -0.3500000000000000888 ) ) ;
#7654 = ORIENTED_EDGE ( 'NONE', *, *, #5484, .T. ) ;
#7655 = COLOUR_RGB ( '',0.8313725490196077761, 0.6705882352941175961, 0.1294117647058823373 ) ;
#7656 = EDGE_CURVE ( 'NONE', #2948, #7555, #11, .T. ) ;
#7657 = VERTEX_POINT ( 'NONE', #3211 ) ;
#7658 = LINE ( 'NONE', #8295, #4632 ) ;
#7659 = EDGE_CURVE ( 'NONE', #174, #1439, #7661, .T. ) ;
#7660 = ORIENTED_EDGE ( 'NONE', *, *, #5725, .F. ) ;
#7661 = LINE ( 'NONE', #5516, #3787 ) ;
#7662 = LINE ( 'NONE', #1701, #907 ) ;
#7663 = VECTOR ( 'NONE', #7160, 1000.000000000000114 ) ;
#7664 = DIRECTION ( 'NONE',  ( 0.000000000000000000, 1.000000000000000000, -1.668003342285391551E-16 ) ) ;
#7665 = VECTOR ( 'NONE', #8903, 1000.000000000000000 ) ;
#7666 = ORIENTED_EDGE ( 'NONE', *, *, #6137, .T. ) ;
#7667 = ORIENTED_EDGE ( 'NONE', *, *, #8456, .T. ) ;
#7668 = CARTESIAN_POINT ( 'NONE',  ( 6.974533521472695341, 3.877691542223589138, -0.3500000000000003109 ) ) ;
#7669 = CARTESIAN_POINT ( 'NONE',  ( 1.540000000000000036, 0.5000000000000000000, -0.3500000000000000888 ) ) ;
#7670 = FILL_AREA_STYLE ('',( #8354 ) ) ;
#7671 = ORIENTED_EDGE ( 'NONE', *, *, #4651, .T. ) ;
#7672 =( NAMED_UNIT ( * ) SI_UNIT ( $, .STERADIAN. ) SOLID_ANGLE_UNIT ( ) );
#7673 = FILL_AREA_STYLE ('',( #4746 ) ) ;
#7674 = ORIENTED_EDGE ( 'NONE', *, *, #4517, .F. ) ;
#7675 = ORIENTED_EDGE ( 'NONE', *, *, #1576, .T. ) ;
#7676 = CARTESIAN_POINT ( 'NONE',  ( 0.4633568989079006606, 1.699999999999997957, -0.3500000000000000333 ) ) ;
#7677 = PRESENTATION_LAYER_ASSIGNMENT (  '', '', ( #2212 ) ) ;
#7678 = CARTESIAN_POINT ( 'NONE',  ( 4.580000000000001847, 6.084152315493286167, -0.3500000000000000888 ) ) ;
#7679 = EDGE_LOOP ( 'NONE', ( #9114, #4381, #2371, #560 ) ) ;
#7680 = CARTESIAN_POINT ( 'NONE',  ( 10.80546647852730580, 3.877691542223589138, 0.3499999999999997002 ) ) ;
#7681 =( BOUNDED_SURFACE ( )  B_SPLINE_SURFACE ( 3, 1, ( 
 ( #6601, #9584 ),
 ( #2901, #5881 ),
 ( #8846, #4408 ),
 ( #2157, #1147 ) ),
 .UNSPECIFIED., .F., .F., .T. ) 
 B_SPLINE_SURFACE_WITH_KNOTS ( ( 4, 4 ),
 ( 2, 2 ),
 ( 0.000000000000000000, 1.000000000000000000 ),
 ( 0.000000000000000000, 1.000000000000000000 ),
 .UNSPECIFIED. ) 
 GEOMETRIC_REPRESENTATION_ITEM ( )  RATIONAL_B_SPLINE_SURFACE ( (
 ( 1.000000000000000000, 1.000000000000000000),
 ( 0.9488815137910379116, 0.9488815137910379116),
 ( 0.9488815137910379116, 0.9488815137910379116),
 ( 1.000000000000000000, 1.000000000000000000) ) ) 
 REPRESENTATION_ITEM ( '' )  SURFACE ( )  );
#7682 = CARTESIAN_POINT ( 'NONE',  ( 0.7285020522887943883, 6.125528511109557428, 0.3500000000000000333 ) ) ;
#7683 = CARTESIAN_POINT ( 'NONE',  ( 0.4999999999999985012, 6.084152315493285279, -0.3499999999999999778 ) ) ;
#7684 = DIRECTION ( 'NONE',  ( 0.000000000000000000, 1.000000000000000000, -1.668003342285391551E-16 ) ) ;
#7685 = EDGE_CURVE ( 'NONE', #8584, #970, #5423, .T. ) ;
#7686 = ORIENTED_EDGE ( 'NONE', *, *, #2980, .T. ) ;
#7687 = CARTESIAN_POINT ( 'NONE',  ( 9.526851685116531243, 6.299478870653092422, 0.3499999999999996447 ) ) ;
#7688 = DIRECTION ( 'NONE',  ( -0.000000000000000000, 1.000000000000000000, -0.000000000000000000 ) ) ;
#7689 = PRESENTATION_LAYER_ASSIGNMENT (  '', '', ( #344 ) ) ;
#7690 = UNCERTAINTY_MEASURE_WITH_UNIT (LENGTH_MEASURE( 1.000000000000000082E-05 ), #3337, 'distance_accuracy_value', 'NONE');
#7691 = EDGE_CURVE ( 'NONE', #5567, #3537, #8479, .T. ) ;
#7692 = CARTESIAN_POINT ( 'NONE',  ( 5.601845733883980216, 5.626229152235330488, 0.3499999999999998113 ) ) ;
#7693 = CARTESIAN_POINT ( 'NONE',  ( 10.51000000000000156, -2.800000000000001155, 0.3499999999999996447 ) ) ;
#7694 = VECTOR ( 'NONE', #1850, 1000.000000000000000 ) ;
#7695 = CARTESIAN_POINT ( 'NONE',  ( 8.320000000000000284, 0.5000000000000006661, 0.3499999999999997002 ) ) ;
#7696 = CARTESIAN_POINT ( 'NONE',  ( 0.9006934952134016958, 4.786369049944407372, -0.3499999999999999778 ) ) ;
#7697 = FILL_AREA_STYLE_COLOUR ( '', #9045 ) ;
#7698 = EDGE_LOOP ( 'NONE', ( #2846, #6496, #1011, #3090 ) ) ;
#7699 = CARTESIAN_POINT ( 'NONE',  ( 11.16000000000000014, 6.500000000000000888, -0.3500000000000010880 ) ) ;
#7700 = ORIENTED_EDGE ( 'NONE', *, *, #6722, .T. ) ;
#7701 = STYLED_ITEM ( 'NONE', ( #5701 ), #8502 ) ;
#7702 = ORIENTED_EDGE ( 'NONE', *, *, #3584, .T. ) ;
#7703 = MECHANICAL_DESIGN_GEOMETRIC_PRESENTATION_REPRESENTATION (  '', ( #513 ), #2078 ) ;
#7704 = DIRECTION ( 'NONE',  ( -0.000000000000000000, -0.000000000000000000, -1.000000000000000000 ) ) ;
#7705 = DIRECTION ( 'NONE',  ( 0.000000000000000000, 0.000000000000000000, -1.000000000000000000 ) ) ;
#7706 = EDGE_LOOP ( 'NONE', ( #2326, #2626, #8359, #2932, #5034, #7914, #2586, #6537 ) ) ;
#7707 = ADVANCED_FACE ( 'NONE', ( #6147 ), #9163, .F. ) ;
#7708 = COLOUR_RGB ( '',0.8313725490196077761, 0.6705882352941175961, 0.1294117647058823373 ) ;
#7709 = COLOUR_RGB ( '',0.8313725490196077761, 0.6705882352941175961, 0.1294117647058823373 ) ;
#7710 = ORIENTED_EDGE ( 'NONE', *, *, #9073, .F. ) ;
#7711 = AXIS2_PLACEMENT_3D ( 'NONE', #7978, #3446, #6497 ) ;
#7712 = VERTEX_POINT ( 'NONE', #952 ) ;
#7713 = MECHANICAL_DESIGN_GEOMETRIC_PRESENTATION_REPRESENTATION (  '', ( #8489 ), #1163 ) ;
#7714 = SURFACE_STYLE_USAGE ( .BOTH. , #3531 ) ;
#7715 = COLOUR_RGB ( '',0.8313725490196077761, 0.6705882352941175961, 0.1294117647058823373 ) ;
#7716 = MECHANICAL_DESIGN_GEOMETRIC_PRESENTATION_REPRESENTATION (  '', ( #2256 ), #4500 ) ;
#7717 =( LENGTH_UNIT ( ) NAMED_UNIT ( * ) SI_UNIT ( .MILLI., .METRE. ) );
#7718 = SURFACE_SIDE_STYLE ('',( #4741 ) ) ;
#7719 =( NAMED_UNIT ( * ) PLANE_ANGLE_UNIT ( ) SI_UNIT ( $, .RADIAN. ) );
#7720 = EDGE_CURVE ( 'NONE', #8266, #3226, #2869, .T. ) ;
#7721 = ORIENTED_EDGE ( 'NONE', *, *, #5931, .T. ) ;
#7722 = SURFACE_SIDE_STYLE ('',( #3962 ) ) ;
#7723 = ORIENTED_EDGE ( 'NONE', *, *, #5550, .T. ) ;
#7724 = ORIENTED_EDGE ( 'NONE', *, *, #1013, .T. ) ;
#7725 = EDGE_CURVE ( 'NONE', #469, #7892, #8339, .T. ) ;
#7726 = CARTESIAN_POINT ( 'NONE',  ( 11.00038873877124423, 5.398486016527106912, -0.3500000000000003664 ) ) ;
#7727 = DIRECTION ( 'NONE',  ( -1.000000000000000000, 0.000000000000000000, -0.000000000000000000 ) ) ;
#7728 = UNCERTAINTY_MEASURE_WITH_UNIT (LENGTH_MEASURE( 1.000000000000000082E-05 ), #4484, 'distance_accuracy_value', 'NONE');
#7729 = SURFACE_STYLE_USAGE ( .BOTH. , #1223 ) ;
#7731 = ORIENTED_EDGE ( 'NONE', *, *, #8317, .T. ) ;
#7730 = VECTOR ( 'NONE', #4930, 1000.000000000000000 ) ;
#7732 = PLANE ( 'NONE',  #646 ) ;
#7733 = FILL_AREA_STYLE_COLOUR ( '', #899 ) ;
#7734 = FACE_OUTER_BOUND ( 'NONE', #8369, .T. ) ;
#7735 = CARTESIAN_POINT ( 'NONE',  ( 4.080000000000000959, 1.800000000000000266, -0.1166666666666669044 ) ) ;
#7736 = EDGE_LOOP ( 'NONE', ( #713, #9218, #2481, #6243 ) ) ;
#7737 = LINE ( 'NONE', #3926, #856 ) ;
#7738 = CARTESIAN_POINT ( 'NONE',  ( -0.4481930454221425553, 5.884855341312109189, 0.3499999999999999223 ) ) ;
#7739 = EDGE_CURVE ( 'NONE', #385, #8058, #1610, .T. ) ;
#7740 = LINE ( 'NONE', #1188, #5532 ) ;
#7741 = UNCERTAINTY_MEASURE_WITH_UNIT (LENGTH_MEASURE( 1.000000000000000082E-05 ), #9174, 'distance_accuracy_value', 'NONE');
#7742 = ADVANCED_FACE ( 'NONE', ( #3791 ), #6995, .T. ) ;
#7743 = CARTESIAN_POINT ( 'NONE',  ( 0.6867549326077613259, 10.39117142264903570, -0.6500000000000030198 ) ) ;
#7744 = LINE ( 'NONE', #4076, #5805 ) ;
#7745 = FILL_AREA_STYLE_COLOUR ( '', #1556 ) ;
#7746 = DIRECTION ( 'NONE',  ( 1.000000000000000000, 0.000000000000000000, 0.000000000000000000 ) ) ;
#7747 = DIRECTION ( 'NONE',  ( 0.000000000000000000, 0.000000000000000000, 1.000000000000000000 ) ) ;
#7748 = AXIS2_PLACEMENT_3D ( 'NONE', #2654, #5746, #7945 ) ;
#7749 = CARTESIAN_POINT ( 'NONE',  ( -1.000000000000000000, 0.5000000000000000000, -0.3500000000000000888 ) ) ;
#7750 = FACE_OUTER_BOUND ( 'NONE', #9300, .T. ) ;
#7751 = DIRECTION ( 'NONE',  ( 0.000000000000000000, 1.668003342285391551E-16, 1.000000000000000000 ) ) ;
#7752 = PLANE ( 'NONE',  #8277 ) ;
#7753 = EDGE_CURVE ( 'NONE', #5905, #672, #3480, .T. ) ;
#7754 = ORIENTED_EDGE ( 'NONE', *, *, #5548, .F. ) ;
#7755 = UNCERTAINTY_MEASURE_WITH_UNIT (LENGTH_MEASURE( 1.000000000000000082E-05 ), #198, 'distance_accuracy_value', 'NONE');
#7756 = DIRECTION ( 'NONE',  ( -1.000000000000000000, -3.097720492815726426E-17, 0.000000000000000000 ) ) ;
#7757 = EDGE_CURVE ( 'NONE', #7985, #8324, #1108, .T. ) ;
#7758 = EDGE_LOOP ( 'NONE', ( #4336, #2434, #7602, #5438, #5522, #3021, #6828, #461, #1076, #5085, #3865, #57, #6725, #315, #1758, #1133, #3898, #5619, #9533, #2935, #4399, #2254, #4892, #5795 ) ) ;
#7759 = VECTOR ( 'NONE', #112, 1000.000000000000000 ) ;
#7760 = CARTESIAN_POINT ( 'NONE',  ( 8.619999999999999218, 6.299999999999999822, 0.3849999999999997313 ) ) ;
#7761 = PRESENTATION_STYLE_ASSIGNMENT (( #2278 ) ) ;
#7762 = VERTEX_POINT ( 'NONE', #6483 ) ;
#7763 = CARTESIAN_POINT ( 'NONE',  ( 9.460000000000000853, 0.8000000000000004885, -0.3500000000000003109 ) ) ;
#7764 = AXIS2_PLACEMENT_3D ( 'NONE', #8815, #5127, #3587 ) ;
#7765 = VECTOR ( 'NONE', #475, 1000.000000000000000 ) ;
#7766 = ORIENTED_EDGE ( 'NONE', *, *, #2452, .T. ) ;
#7767 = VERTEX_POINT ( 'NONE', #506 ) ;
#7768 = AXIS2_PLACEMENT_3D ( 'NONE', #1201, #7809, #8675 ) ;
#7769 = CARTESIAN_POINT ( 'NONE',  ( -0.9147081045647341702, 4.597665842577888462, -0.3499999999999999778 ) ) ;
#7770 = DIRECTION ( 'NONE',  ( -0.4999999999999997780, -0.8660254037844388186, 0.000000000000000000 ) ) ;
#7771 = VECTOR ( 'NONE', #1353, 1000.000000000000000 ) ;
#7772 =( NAMED_UNIT ( * ) SI_UNIT ( $, .STERADIAN. ) SOLID_ANGLE_UNIT ( ) );
#7773 =( NAMED_UNIT ( * ) PLANE_ANGLE_UNIT ( ) SI_UNIT ( $, .RADIAN. ) );
#7774 = CARTESIAN_POINT ( 'NONE',  ( 7.620000000000000107, 6.299999999999999822, -0.3500000000000002554 ) ) ;
#7775 = VERTEX_POINT ( 'NONE', #4840 ) ;
#7776 = PRESENTATION_STYLE_ASSIGNMENT (( #3960 ) ) ;
#7777 = CARTESIAN_POINT ( 'NONE',  ( 10.84675493260776236, 0.5000000000000000000, -0.3500000000000000888 ) ) ;
#7778 = CARTESIAN_POINT ( 'NONE',  ( 9.514533521472694488, 3.877691542223589138, -0.3500000000000003109 ) ) ;
#7779 = EDGE_LOOP ( 'NONE', ( #5004, #5002, #5667, #7816 ) ) ;
#7780 = VECTOR ( 'NONE', #6054, 1000.000000000000000 ) ;
#7781 = ORIENTED_EDGE ( 'NONE', *, *, #7615, .T. ) ;
#7782 = VECTOR ( 'NONE', #7024, 1000.000000000000000 ) ;
#7783 = ADVANCED_FACE ( 'NONE', ( #4137 ), #3305, .F. ) ;
#7784 = SURFACE_STYLE_FILL_AREA ( #1760 ) ;
#7785 = LINE ( 'NONE', #1868, #8536 ) ;
#7786 = DIRECTION ( 'NONE',  ( -0.000000000000000000, 0.000000000000000000, 1.000000000000000000 ) ) ;
#7787 = ADVANCED_FACE ( 'NONE', ( #7210 ), #3395, .F. ) ;
#7788 = PRESENTATION_LAYER_ASSIGNMENT (  '', '', ( #2313 ) ) ;
#7789 = ORIENTED_EDGE ( 'NONE', *, *, #2503, .F. ) ;
#7790 = CYLINDRICAL_SURFACE ( 'NONE', #8092, 0.1999999999999999833 ) ;
#7791 = DIRECTION ( 'NONE',  ( 0.000000000000000000, 0.000000000000000000, 1.000000000000000000 ) ) ;
#7792 = DIRECTION ( 'NONE',  ( 0.000000000000000000, 0.000000000000000000, 1.000000000000000000 ) ) ;
#7793 = EDGE_LOOP ( 'NONE', ( #4724, #1512, #5240, #4946 ) ) ;
#7794 = CARTESIAN_POINT ( 'NONE',  ( 9.225174816799757593, 4.263498050147335405, 0.3499999999999997002 ) ) ;
#7795 = FILL_AREA_STYLE_COLOUR ( '', #4125 ) ;
#7796 = AXIS2_PLACEMENT_3D ( 'NONE', #2361, #5365, #9193 ) ;
#7797 = STYLED_ITEM ( 'NONE', ( #1075 ), #810 ) ;
#7798 = LINE ( 'NONE', #1189, #4542 ) ;
#7799 = DIRECTION ( 'NONE',  ( 0.6546536707079771977, -0.3779644730092270311, -0.6546536707079771977 ) ) ;
#7800 =( NAMED_UNIT ( * ) SI_UNIT ( $, .STERADIAN. ) SOLID_ANGLE_UNIT ( ) );
#7801 = CARTESIAN_POINT ( 'NONE',  ( 4.730000000000001315, 0.5000000000000005551, -0.3500000000000001443 ) ) ;
#7802 = EDGE_CURVE ( 'NONE', #391, #7767, #7811, .T. ) ;
#7803 = LINE ( 'NONE', #7060, #1309 ) ;
#7804 = SURFACE_STYLE_FILL_AREA ( #1838 ) ;
#7805 = ORIENTED_EDGE ( 'NONE', *, *, #3552, .T. ) ;
#7806 = CARTESIAN_POINT ( 'NONE',  ( 5.680000000000000604, 6.299999999999999822, -0.1166666666666669044 ) ) ;
#7807 = VERTEX_POINT ( 'NONE', #4889 ) ;
#7808 = DIRECTION ( 'NONE',  ( 0.000000000000000000, 0.000000000000000000, -1.000000000000000000 ) ) ;
#7809 = DIRECTION ( 'NONE',  ( 1.000000000000000000, -0.000000000000000000, 0.000000000000000000 ) ) ;
#7810 = ORIENTED_EDGE ( 'NONE', *, *, #212, .F. ) ;
#7811 = LINE ( 'NONE', #2780, #7221 ) ;
#7812 = EDGE_CURVE ( 'NONE', #9299, #725, #1991, .T. ) ;
#7813 = STYLED_ITEM ( 'NONE', ( #6426 ), #3603 ) ;
#7814 = CARTESIAN_POINT ( 'NONE',  ( 0.000000000000000000, 0.000000000000000000, 0.000000000000000000 ) ) ;
#7815 = EDGE_LOOP ( 'NONE', ( #320, #187, #722, #3394 ) ) ;
#7816 = ORIENTED_EDGE ( 'NONE', *, *, #1149, .F. ) ;
#7817 = COLOUR_RGB ( '',0.8313725490196077761, 0.6705882352941175961, 0.1294117647058823373 ) ;
#7818 = CARTESIAN_POINT ( 'NONE',  ( 0.000000000000000000, -3.000000000000000000, -0.3499999999999999778 ) ) ;
#7819 = CARTESIAN_POINT ( 'NONE',  ( 8.481575734891613649, 5.204467366490781899, 0.3499999999999997002 ) ) ;
#7820 = EDGE_CURVE ( 'NONE', #3267, #2345, #9088, .T. ) ;
#7821 = PLANE ( 'NONE',  #6625 ) ;
#7822 = SURFACE_STYLE_USAGE ( .BOTH. , #4851 ) ;
#7823 = ORIENTED_EDGE ( 'NONE', *, *, #2607, .F. ) ;
#7824 = PRESENTATION_LAYER_ASSIGNMENT (  '', '', ( #7505 ) ) ;
#7825 = ORIENTED_EDGE ( 'NONE', *, *, #2607, .T. ) ;
#7826 = VECTOR ( 'NONE', #1301, 1000.000000000000000 ) ;
#7827 = ORIENTED_EDGE ( 'NONE', *, *, #3590, .T. ) ;
#7828 = SURFACE_SIDE_STYLE ('',( #7088 ) ) ;
#7829 = LINE ( 'NONE', #4107, #3825 ) ;
#7830 = SURFACE_STYLE_FILL_AREA ( #2696 ) ;
#7831 = DIRECTION ( 'NONE',  ( 1.000000000000000000, 0.000000000000000000, 0.000000000000000000 ) ) ;
#7832 = CARTESIAN_POINT ( 'NONE',  ( 3.327121992501589798, 5.777242093666582257, 0.3499999999999999223 ) ) ;
#7833 = ORIENTED_EDGE ( 'NONE', *, *, #3494, .T. ) ;
#7834 = SURFACE_STYLE_USAGE ( .BOTH. , #5539 ) ;
#7835 = ADVANCED_FACE ( 'NONE', ( #7173 ), #7121, .F. ) ;
#7836 = CARTESIAN_POINT ( 'NONE',  ( 10.50999999999999979, 8.000000000000000000, -0.3500000000000000333 ) ) ;
#7837 = ORIENTED_EDGE ( 'NONE', *, *, #6217, .T. ) ;
#7838 = DIRECTION ( 'NONE',  ( -0.6546536707079771977, 0.3779644730092270866, -0.6546536707079770867 ) ) ;
#7839 = CARTESIAN_POINT ( 'NONE',  ( 4.380000000000000782, 0.5000000000000004441, -0.3500000000000001443 ) ) ;
#7840 = CARTESIAN_POINT ( 'NONE',  ( 8.563567834114159893, 4.104507585657628965, -0.3500000000000003664 ) ) ;
#7841 = CARTESIAN_POINT ( 'NONE',  ( 0.3500000000000008105, 1.084202172485506745E-17, 0.3499999999999999778 ) ) ;
#7842 = EDGE_CURVE ( 'NONE', #4180, #423, #7909, .T. ) ;
#7843 = VECTOR ( 'NONE', #6121, 1000.000000000000000 ) ;
#7844 = DIRECTION ( 'NONE',  ( 0.000000000000000000, 0.000000000000000000, 1.000000000000000000 ) ) ;
#7845 = PRESENTATION_STYLE_ASSIGNMENT (( #9054 ) ) ;
#7846 = CARTESIAN_POINT ( 'NONE',  ( 11.62999999999999723, 0.5000000000000000000, -0.6499999999999989120 ) ) ;
#7847 = CARTESIAN_POINT ( 'NONE',  ( 6.080000000000000071, 1.800000000000000488, -0.3850000000000001199 ) ) ;
#7848 = CARTESIAN_POINT ( 'NONE',  ( 4.580000000000001847, 6.084152315493286167, -0.3500000000000000333 ) ) ;
#7849 = CARTESIAN_POINT ( 'NONE',  ( 4.137499970055214860, 4.124619419408428911, 0.3499999999999997558 ) ) ;
#7850 = FILL_AREA_STYLE_COLOUR ( '', #3901 ) ;
#7851 =( GEOMETRIC_REPRESENTATION_CONTEXT ( 3 ) GLOBAL_UNCERTAINTY_ASSIGNED_CONTEXT ( ( #4944 ) ) GLOBAL_UNIT_ASSIGNED_CONTEXT ( ( #7717, #7773, #3854 ) ) REPRESENTATION_CONTEXT ( 'NONE', 'WORKASPACE' ) );
#7852 = ORIENTED_EDGE ( 'NONE', *, *, #2204, .T. ) ;
#7853 = EDGE_LOOP ( 'NONE', ( #637, #1725, #4198, #2682 ) ) ;
#7854 = EDGE_CURVE ( 'NONE', #5054, #4135, #4988, .T. ) ;
#7855 =( NAMED_UNIT ( * ) SI_UNIT ( $, .STERADIAN. ) SOLID_ANGLE_UNIT ( ) );
#7856 = MECHANICAL_DESIGN_GEOMETRIC_PRESENTATION_REPRESENTATION (  '', ( #351 ), #4260 ) ;
#7857 = LINE ( 'NONE', #1153, #8875 ) ;
#7858 = CARTESIAN_POINT ( 'NONE',  ( 10.51000000000000156, 0.5000000000000005551, 0.3499999999999996447 ) ) ;
#7859 = ORIENTED_EDGE ( 'NONE', *, *, #3508, .F. ) ;
#7860 = UNCERTAINTY_MEASURE_WITH_UNIT (LENGTH_MEASURE( 1.000000000000000082E-05 ), #3881, 'distance_accuracy_value', 'NONE');
#7861 = ORIENTED_EDGE ( 'NONE', *, *, #239, .T. ) ;
#7862 = VECTOR ( 'NONE', #7457, 1000.000000000000000 ) ;
#7863 = VERTEX_POINT ( 'NONE', #8817 ) ;
#7864 = VECTOR ( 'NONE', #5927, 1000.000000000000000 ) ;
#7865 = EDGE_CURVE ( 'NONE', #5916, #569, #7406, .T. ) ;
#7866 = LINE ( 'NONE', #464, #511 ) ;
#7867 =( NAMED_UNIT ( * ) PLANE_ANGLE_UNIT ( ) SI_UNIT ( $, .RADIAN. ) );
#7868 = CARTESIAN_POINT ( 'NONE',  ( 4.393245067392238745, 8.000000000000000000, 0.6500000000000000222 ) ) ;
#7869 = CIRCLE ( 'NONE', #9101, 0.2000000000000005107 ) ;
#7870 = PRESENTATION_STYLE_ASSIGNMENT (( #4098 ) ) ;
#7871 = FILL_AREA_STYLE_COLOUR ( '', #1066 ) ;
#7872 = ORIENTED_EDGE ( 'NONE', *, *, #6794, .F. ) ;
#7873 = VECTOR ( 'NONE', #3288, 1000.000000000000000 ) ;
#7874 = ORIENTED_EDGE ( 'NONE', *, *, #4999, .F. ) ;
#7875 = CARTESIAN_POINT ( 'NONE',  ( 6.080000000000000071, 1.800000000000000488, 0.3499999999999998113 ) ) ;
#7876 = ADVANCED_FACE ( 'NONE', ( #760 ), #1296, .T. ) ;
#7877 = ORIENTED_EDGE ( 'NONE', *, *, #4033, .T. ) ;
#7878 = VECTOR ( 'NONE', #6608, 1000.000000000000000 ) ;
#7879 = EDGE_CURVE ( 'NONE', #6402, #6869, #5175, .T. ) ;
#7880 = VECTOR ( 'NONE', #859, 1000.000000000000000 ) ;
#7881 = CIRCLE ( 'NONE', #6925, 0.3000000000000000444 ) ;
#7882 = CARTESIAN_POINT ( 'NONE',  ( 11.03752855243116038, 5.050332720359885563, -0.3500000000000002554 ) ) ;
#7883 =( NAMED_UNIT ( * ) SI_UNIT ( $, .STERADIAN. ) SOLID_ANGLE_UNIT ( ) );
#7884 = FACE_OUTER_BOUND ( 'NONE', #7679, .T. ) ;
#7885 = CARTESIAN_POINT ( 'NONE',  ( 3.473697255033131537, 4.293911919605036154, 0.3499999999999999223 ) ) ;
#7886 = FACE_OUTER_BOUND ( 'NONE', #7526, .T. ) ;
#7887 = ORIENTED_EDGE ( 'NONE', *, *, #4011, .T. ) ;
#7888 = AXIS2_PLACEMENT_3D ( 'NONE', #4898, #4794, #9269 ) ;
#7889 = SURFACE_SIDE_STYLE ('',( #9382 ) ) ;
#7890 = AXIS2_PLACEMENT_3D ( 'NONE', #2207, #1486, #4469 ) ;
#7891 = DIRECTION ( 'NONE',  ( 1.000000000000000000, -0.000000000000000000, 0.000000000000000000 ) ) ;
#7892 = VERTEX_POINT ( 'NONE', #1495 ) ;
#7893 =( NAMED_UNIT ( * ) SI_UNIT ( $, .STERADIAN. ) SOLID_ANGLE_UNIT ( ) );
#7894 = VECTOR ( 'NONE', #791, 1000.000000000000000 ) ;
#7895 = DIRECTION ( 'NONE',  ( 0.000000000000000000, 0.000000000000000000, 1.000000000000000000 ) ) ;
#7896 = CARTESIAN_POINT ( 'NONE',  ( 8.544058140717154970, 4.443591676420196812, -0.3500000000000001998 ) ) ;
#7897 = DIRECTION ( 'NONE',  ( 1.000000000000000000, 0.000000000000000000, 0.000000000000000000 ) ) ;
#7898 =( LENGTH_UNIT ( ) NAMED_UNIT ( * ) SI_UNIT ( .MILLI., .METRE. ) );
#7899 = DIRECTION ( 'NONE',  ( -3.097720492815726426E-17, 1.000000000000000000, 0.000000000000000000 ) ) ;
#7900 = CARTESIAN_POINT ( 'NONE',  ( 5.680000000000000604, 6.299999999999999822, -0.1283333333333336601 ) ) ;
#7901 = FACE_OUTER_BOUND ( 'NONE', #6840, .T. ) ;
#7902 = CARTESIAN_POINT ( 'NONE',  ( 0.9240581407171550854, 4.443591676420198588, -0.3500000000000000333 ) ) ;
#7903 =( GEOMETRIC_REPRESENTATION_CONTEXT ( 3 ) GLOBAL_UNCERTAINTY_ASSIGNED_CONTEXT ( ( #6437 ) ) GLOBAL_UNIT_ASSIGNED_CONTEXT ( ( #8760, #5027, #1381 ) ) REPRESENTATION_CONTEXT ( 'NONE', 'WORKASPACE' ) );
#7904 = CARTESIAN_POINT ( 'NONE',  ( 10.86000000000000121, 0.5000000000000006661, 0.3499999999999996447 ) ) ;
#7905 = ORIENTED_EDGE ( 'NONE', *, *, #820, .F. ) ;
#7906 = DIRECTION ( 'NONE',  ( -1.000000000000000000, -1.084202172485504434E-16, 0.000000000000000000 ) ) ;
#7907 =( LENGTH_UNIT ( ) NAMED_UNIT ( * ) SI_UNIT ( .MILLI., .METRE. ) );
#7908 = EDGE_LOOP ( 'NONE', ( #341, #6761, #2274, #2002 ) ) ;
#7909 = LINE ( 'NONE', #3438, #2383 ) ;
#7910 = EDGE_CURVE ( 'NONE', #4731, #4405, #2128, .T. ) ;
#7911 = UNCERTAINTY_MEASURE_WITH_UNIT (LENGTH_MEASURE( 1.000000000000000082E-05 ), #2582, 'distance_accuracy_value', 'NONE');
#7912 = ORIENTED_EDGE ( 'NONE', *, *, #2237, .T. ) ;
#7913 = COLOUR_RGB ( '',0.8313725490196077761, 0.6705882352941175961, 0.1294117647058823373 ) ;
#7914 = ORIENTED_EDGE ( 'NONE', *, *, #1865, .F. ) ;
#7915 = UNCERTAINTY_MEASURE_WITH_UNIT (LENGTH_MEASURE( 1.000000000000000082E-05 ), #6870, 'distance_accuracy_value', 'NONE');
#7916 = CARTESIAN_POINT ( 'NONE',  ( -0.8612299008938321121, 5.207834124282345378, -0.3499999999999999778 ) ) ;
#7917 = DIRECTION ( 'NONE',  ( 0.000000000000000000, 0.000000000000000000, -1.000000000000000000 ) ) ;
#7918 = CARTESIAN_POINT ( 'NONE',  ( 8.566086801408605567, 4.056300144720193401, 0.3499999999999997002 ) ) ;
#7919 = FILL_AREA_STYLE_COLOUR ( '', #4130 ) ;
#7920 = VECTOR ( 'NONE', #5505, 1000.000000000000000 ) ;
#7921 =( LENGTH_UNIT ( ) NAMED_UNIT ( * ) SI_UNIT ( .MILLI., .METRE. ) );
#7923 = VERTEX_POINT ( 'NONE', #7310 ) ;
#7922 = VECTOR ( 'NONE', #9226, 1000.000000000000000 ) ;
#7924 = EDGE_CURVE ( 'NONE', #5860, #4238, #5987, .T. ) ;
#7925 = LINE ( 'NONE', #606, #5612 ) ;
#7926 = ORIENTED_EDGE ( 'NONE', *, *, #5086, .T. ) ;
#7927 = DIRECTION ( 'NONE',  ( -0.000000000000000000, -0.000000000000000000, -1.000000000000000000 ) ) ;
#7928 = ORIENTED_EDGE ( 'NONE', *, *, #5990, .T. ) ;
#7929 = STYLED_ITEM ( 'NONE', ( #2622 ), #6900 ) ;
#7930 = AXIS2_PLACEMENT_3D ( 'NONE', #676, #1518, #6643 ) ;
#7931 = CARTESIAN_POINT ( 'NONE',  ( 11.10356783411416437, 4.104507585657628965, -0.3500000000000003664 ) ) ;
#7932 =( NAMED_UNIT ( * ) PLANE_ANGLE_UNIT ( ) SI_UNIT ( $, .RADIAN. ) );
#7933 = FILL_AREA_STYLE ('',( #6408 ) ) ;
#7934 = CARTESIAN_POINT ( 'NONE',  ( 3.389183477980650672, 5.324198710742059859, 0.3499999999999999223 ) ) ;
#7935 = CARTESIAN_POINT ( 'NONE',  ( 0.3499999999999999223, 8.000000000000000000, 0.3499999999999999778 ) ) ;
#7936 = B_SPLINE_CURVE_WITH_KNOTS ( 'NONE', 3,
 ( #1232, #5015, #8084, #7339, #9532, #9580, #4209, #4306, #7192, #3458, #1275, #5106, #7233, #5743, #533, #2899, #3509, #8842, #6506, #5158, #2808, #2850, #5835, #8795, #882, #4599, #9676, #683, #4404, #3860, #4511, #1578, #789 ),
 .UNSPECIFIED., .F., .F.,
 ( 4, 1, 1, 1, 1, 1, 1, 2, 2, 1, 1, 1, 1, 1, 2, 2, 1, 1, 1, 1, 1, 1, 2, 2, 4 ),
 ( 0.000000000000000000, 0.2499999999999789058, 0.3749999999999682476, 0.4374999999999629186, 0.4687499999999602540, 0.4843749999999587552, 0.4921874999999583111, 0.4960937499999580891, 0.4999999999999578115, 0.6249999999999521494, 0.6874999999999489297, 0.7187499999999471534, 0.7343749999999461542, 0.7421874999999453770, 0.7460937499999450440, 0.7499999999999447109, 0.8124999999999460432, 0.8437499999999471534, 0.8593749999999475975, 0.8671874999999474865, 0.8710937499999477085, 0.8730468749999480416, 0.8740234374999483746, 0.8749999999999485967, 1.000000000000000000 ),
 .UNSPECIFIED. ) ;
#7937 = ORIENTED_EDGE ( 'NONE', *, *, #4736, .T. ) ;
#7938 = ADVANCED_FACE ( 'NONE', ( #6527 ), #2827, .F. ) ;
#7939 = CARTESIAN_POINT ( 'NONE',  ( 4.080000000000000959, 6.299999999999999822, -0.1283333333333336601 ) ) ;
#7940 = VECTOR ( 'NONE', #773, 1000.000000000000000 ) ;
#7941 = CARTESIAN_POINT ( 'NONE',  ( -1.000000000000000000, 6.500000000000000888, 0.3499999999999989231 ) ) ;
#7942 = FACE_OUTER_BOUND ( 'NONE', #7815, .T. ) ;
#7943 = ORIENTED_EDGE ( 'NONE', *, *, #3383, .F. ) ;
#7944 = CARTESIAN_POINT ( 'NONE',  ( -0.6999999999999995115, 0.5000000000000004441, -0.3499999999999999778 ) ) ;
#7945 = DIRECTION ( 'NONE',  ( 1.000000000000000000, 0.000000000000000000, 0.000000000000000000 ) ) ;
#7946 = B_SPLINE_CURVE_WITH_KNOTS ( 'NONE', 3,
 ( #4614, #7588, #2309, #6747 ),
 .UNSPECIFIED., .F., .F.,
 ( 4, 4 ),
 ( 0.000000000000000000, 1.000000000000000000 ),
 .UNSPECIFIED. ) ;
#7947 = CARTESIAN_POINT ( 'NONE',  ( 2.189999999999999947, 8.000000000000000000, -0.3499999999999999778 ) ) ;
#7948 = VECTOR ( 'NONE', #1915, 1000.000000000000000 ) ;
#7950 = COLOUR_RGB ( '',0.8313725490196077761, 0.6705882352941175961, 0.1294117647058823373 ) ;
#7949 = FILL_AREA_STYLE ('',( #4973 ) ) ;
#7951 = DIRECTION ( 'NONE',  ( -1.000000000000000000, 0.000000000000000000, 0.000000000000000000 ) ) ;
#7952 = DIRECTION ( 'NONE',  ( 0.000000000000000000, 1.000000000000000000, -1.668003342285391797E-16 ) ) ;
#7953 = CARTESIAN_POINT ( 'NONE',  ( 3.061845733883979737, 5.626229152235330488, -0.3500000000000000888 ) ) ;
#7954 = LINE ( 'NONE', #8523, #6934 ) ;
#7955 = CARTESIAN_POINT ( 'NONE',  ( -1.469999999999999973, 8.500000000000000000, -1.199999999999999956 ) ) ;
#7956 = LINE ( 'NONE', #1334, #2767 ) ;
#7957 = COLOUR_RGB ( '',0.8313725490196077761, 0.6705882352941175961, 0.1294117647058823373 ) ;
#7958 =( BOUNDED_CURVE ( )  B_SPLINE_CURVE ( 3, ( #7295, #7997, #8174, #2060, #5163, #5207, #2203 ),
 .UNSPECIFIED., .F., .F. ) 
 B_SPLINE_CURVE_WITH_KNOTS ( ( 4, 3, 4 ),
 ( 0.8078321013870638501, 3.141592653589792228, 5.475353205792520050 ),
 .UNSPECIFIED. ) 
 CURVE ( )  GEOMETRIC_REPRESENTATION_ITEM ( )  RATIONAL_B_SPLINE_CURVE ( ( 1.000000000000000000, 0.5953481791230079700, 0.5953481791230079700, 1.000000000000000000, 0.5953481791230080811, 0.5953481791230080811, 1.000000000000000000 ) ) 
 REPRESENTATION_ITEM ( '' )  );
#7959 = CARTESIAN_POINT ( 'NONE',  ( 7.020000000000000462, 6.299999999999999822, -0.1166666666666670155 ) ) ;
#7960 = ORIENTED_EDGE ( 'NONE', *, *, #8697, .F. ) ;
#7961 = FACE_OUTER_BOUND ( 'NONE', #8923, .T. ) ;
#7962 = CARTESIAN_POINT ( 'NONE',  ( 2.890000000000000124, 8.199999999999999289, 0.3499999999999999778 ) ) ;
#7963 = AXIS2_PLACEMENT_3D ( 'NONE', #2505, #8420, #9150 ) ;
#7964 = UNCERTAINTY_MEASURE_WITH_UNIT (LENGTH_MEASURE( 1.000000000000000082E-05 ), #5269, 'distance_accuracy_value', 'NONE');
#7965 = VERTEX_POINT ( 'NONE', #9550 ) ;
#7966 = CARTESIAN_POINT ( 'NONE',  ( 10.21000000000000085, 8.026794919243110726, -0.04999999999999980849 ) ) ;
#7967 = DIRECTION ( 'NONE',  ( -7.744301232039316681E-17, 0.000000000000000000, -1.000000000000000000 ) ) ;
#7968 = EDGE_CURVE ( 'NONE', #5305, #7775, #3634, .T. ) ;
#7969 = ORIENTED_EDGE ( 'NONE', *, *, #5119, .T. ) ;
#7970 = ORIENTED_EDGE ( 'NONE', *, *, #3294, .T. ) ;
#7971 = EDGE_CURVE ( 'NONE', #2177, #3222, #3734, .T. ) ;
#7972 = CARTESIAN_POINT ( 'NONE',  ( -0.8615757348916230907, 5.204467366490685087, -0.3499999999999999223 ) ) ;
#7973 =( BOUNDED_SURFACE ( )  B_SPLINE_SURFACE ( 3, 1, ( 
 ( #2090, #2984 ),
 ( #8070, #4345 ),
 ( #617, #954 ),
 ( #6917, #3120 ) ),
 .UNSPECIFIED., .F., .F., .T. ) 
 B_SPLINE_SURFACE_WITH_KNOTS ( ( 4, 4 ),
 ( 2, 2 ),
 ( 0.000000000000000000, 1.000000000000000000 ),
 ( 0.000000000000000000, 1.000000000000000000 ),
 .UNSPECIFIED. ) 
 GEOMETRIC_REPRESENTATION_ITEM ( )  RATIONAL_B_SPLINE_SURFACE ( (
 ( 1.000000000000000000, 1.000000000000000000),
 ( 0.9488815137910379116, 0.9488815137910379116),
 ( 0.9488815137910379116, 0.9488815137910379116),
 ( 1.000000000000000000, 1.000000000000000000) ) ) 
 REPRESENTATION_ITEM ( '' )  SURFACE ( )  );
#7974 = FACE_OUTER_BOUND ( 'NONE', #2287, .T. ) ;
#7975 = DIRECTION ( 'NONE',  ( -0.000000000000000000, -1.000000000000000000, 1.668003342285392044E-16 ) ) ;
#7976 = ORIENTED_EDGE ( 'NONE', *, *, #7854, .F. ) ;
#7977 = EDGE_LOOP ( 'NONE', ( #94, #8248, #3414, #9417 ) ) ;
#7978 = CARTESIAN_POINT ( 'NONE',  ( 9.160000000000001918, -1.121588454295348794E-16, 0.3499999999999996447 ) ) ;
#7979 = ORIENTED_EDGE ( 'NONE', *, *, #8935, .F. ) ;
#7980 = STYLED_ITEM ( 'NONE', ( #8673 ), #3101 ) ;
#7981 = CARTESIAN_POINT ( 'NONE',  ( 2.189999999999999947, 0.000000000000000000, -0.3499999999999999778 ) ) ;
#7982 = LINE ( 'NONE', #576, #3237 ) ;
#7983 =( NAMED_UNIT ( * ) PLANE_ANGLE_UNIT ( ) SI_UNIT ( $, .RADIAN. ) );
#7984 = FILL_AREA_STYLE_COLOUR ( '', #7957 ) ;
#7985 = VERTEX_POINT ( 'NONE', #5811 ) ;
#7986 = CARTESIAN_POINT ( 'NONE',  ( 4.480000000000000426, 6.299999999999999822, -0.3850000000000000089 ) ) ;
#7987 =( GEOMETRIC_REPRESENTATION_CONTEXT ( 3 ) GLOBAL_UNCERTAINTY_ASSIGNED_CONTEXT ( ( #6960 ) ) GLOBAL_UNIT_ASSIGNED_CONTEXT ( ( #9326, #4436, #8108 ) ) REPRESENTATION_CONTEXT ( 'NONE', 'WORKASPACE' ) );
#7988 = ADVANCED_FACE ( 'NONE', ( #7362 ), #5081, .F. ) ;
#7989 = PLANE ( 'NONE',  #5084 ) ;
#7990 = DIRECTION ( 'NONE',  ( 0.000000000000000000, 3.097720492815727166E-16, 1.000000000000000000 ) ) ;
#7991 = ORIENTED_EDGE ( 'NONE', *, *, #9429, .T. ) ;
#7992 = LINE ( 'NONE', #2852, #9433 ) ;
#7993 =( NAMED_UNIT ( * ) PLANE_ANGLE_UNIT ( ) SI_UNIT ( $, .RADIAN. ) );
#7994 = DIRECTION ( 'NONE',  ( -1.000000000000000000, -0.000000000000000000, -0.000000000000000000 ) ) ;
#7995 = LINE ( 'NONE', #692, #1161 ) ;
#7996 = CARTESIAN_POINT ( 'NONE',  ( 4.729999999999999538, 8.199999999999999289, -0.3499999999999999778 ) ) ;
#7997 = CARTESIAN_POINT ( 'NONE',  ( 1.894533521472694604, 3.877691542223591359, -0.3500000000000000888 ) ) ;
#7998 = EDGE_CURVE ( 'NONE', #4699, #6070, #710, .T. ) ;
#7999 = CARTESIAN_POINT ( 'NONE',  ( 5.866052886485987550, 5.783587059575307165, -0.3500000000000001443 ) ) ;
#8000 = CARTESIAN_POINT ( 'NONE',  ( 2.189999999999999947, 8.199999999999999289, 0.3499999999999999778 ) ) ;
#8001 = DIRECTION ( 'NONE',  ( 0.000000000000000000, 0.000000000000000000, -1.000000000000000000 ) ) ;
#8002 = FACE_OUTER_BOUND ( 'NONE', #6656, .T. ) ;
#8003 = EDGE_CURVE ( 'NONE', #9178, #9689, #2269, .T. ) ;
#8004 = EDGE_CURVE ( 'NONE', #585, #6019, #5220, .T. ) ;
#8005 = FILL_AREA_STYLE_COLOUR ( '', #7655 ) ;
#8006 = DIRECTION ( 'NONE',  ( -1.000000000000000000, 0.000000000000000000, 0.000000000000000000 ) ) ;
#8007 = DIRECTION ( 'NONE',  ( 0.000000000000000000, 1.000000000000000000, -1.668003342285391551E-16 ) ) ;
#8008 = CARTESIAN_POINT ( 'NONE',  ( 0.000000000000000000, 8.000000000000000000, 0.000000000000000000 ) ) ;
#8009 = VERTEX_POINT ( 'NONE', #6039 ) ;
#8010 = CARTESIAN_POINT ( 'NONE',  ( 7.620000000000000107, 6.299999999999999822, 0.3499999999999997002 ) ) ;
#8011 = AXIS2_PLACEMENT_3D ( 'NONE', #5469, #1702, #7664 ) ;
#8012 =( NAMED_UNIT ( * ) SI_UNIT ( $, .STERADIAN. ) SOLID_ANGLE_UNIT ( ) );
#8013 = ORIENTED_EDGE ( 'NONE', *, *, #4693, .T. ) ;
#8014 = ORIENTED_EDGE ( 'NONE', *, *, #6746, .F. ) ;
#8015 = LINE ( 'NONE', #4437, #2392 ) ;
#8016 = EDGE_CURVE ( 'NONE', #274, #2511, #7506, .T. ) ;
#8017 = DIRECTION ( 'NONE',  ( 0.000000000000000000, 4.336808689942018229E-16, -1.000000000000000000 ) ) ;
#8018 = LINE ( 'NONE', #7868, #964 ) ;
#8019 = ORIENTED_EDGE ( 'NONE', *, *, #169, .F. ) ;
#8020 = DIRECTION ( 'NONE',  ( -0.7071067811865461294, -0.7071067811865490160, 0.000000000000000000 ) ) ;
#8021 = VERTEX_POINT ( 'NONE', #1550 ) ;
#8022 = DIRECTION ( 'NONE',  ( 1.000000000000000000, 0.000000000000000000, 0.000000000000000000 ) ) ;
#8023 = ORIENTED_EDGE ( 'NONE', *, *, #6970, .T. ) ;
#8024 = VECTOR ( 'NONE', #991, 1000.000000000000000 ) ;
#8025 = EDGE_CURVE ( 'NONE', #5689, #7190, #1798, .T. ) ;
#8026 = CARTESIAN_POINT ( 'NONE',  ( -1.469999999999999973, 0.5000000000000002220, 0.6500000000000010214 ) ) ;
#8027 = DIRECTION ( 'NONE',  ( 1.000000000000000000, 0.000000000000000000, 0.000000000000000000 ) ) ;
#8028 = VECTOR ( 'NONE', #2064, 1000.000000000000000 ) ;
#8029 = ORIENTED_EDGE ( 'NONE', *, *, #3097, .F. ) ;
#8030 = FACE_OUTER_BOUND ( 'NONE', #8633, .T. ) ;
#8031 = CARTESIAN_POINT ( 'NONE',  ( 10.84675493260776236, 6.500000000000000888, -0.3500000000000010880 ) ) ;
#8032 = EDGE_CURVE ( 'NONE', #7168, #5159, #2955, .T. ) ;
#8033 = ORIENTED_EDGE ( 'NONE', *, *, #7971, .T. ) ;
#8034 = CARTESIAN_POINT ( 'NONE',  ( 2.865255819881805444, 5.589454083063163381, -0.3500000000000000888 ) ) ;
#8035 = AXIS2_PLACEMENT_3D ( 'NONE', #526, #3504, #8743 ) ;
#8036 = ORIENTED_EDGE ( 'NONE', *, *, #3832, .T. ) ;
#8037 =( GEOMETRIC_REPRESENTATION_CONTEXT ( 3 ) GLOBAL_UNCERTAINTY_ASSIGNED_CONTEXT ( ( #2451 ) ) GLOBAL_UNIT_ASSIGNED_CONTEXT ( ( #5403, #7495, #5935 ) ) REPRESENTATION_CONTEXT ( 'NONE', 'WORKASPACE' ) );
#8038 = CIRCLE ( 'NONE', #5995, 0.2000000000000005107 ) ;
#8039 = CARTESIAN_POINT ( 'NONE',  ( 5.430000000000000604, -2.800000000000001155, 0.3499999999999998113 ) ) ;
#8040 = LINE ( 'NONE', #5114, #2990 ) ;
#8041 = CARTESIAN_POINT ( 'NONE',  ( 10.50999999999999979, 0.000000000000000000, -0.3500000000000000333 ) ) ;
#8042 = FACE_OUTER_BOUND ( 'NONE', #9230, .T. ) ;
#8043 = SURFACE_STYLE_USAGE ( .BOTH. , #8853 ) ;
#8044 =( GEOMETRIC_REPRESENTATION_CONTEXT ( 3 ) GLOBAL_UNCERTAINTY_ASSIGNED_CONTEXT ( ( #289 ) ) GLOBAL_UNIT_ASSIGNED_CONTEXT ( ( #849, #6802, #7893 ) ) REPRESENTATION_CONTEXT ( 'NONE', 'WORKASPACE' ) );
#8045 = EDGE_CURVE ( 'NONE', #5332, #5781, #2740, .T. ) ;
#8046 = CARTESIAN_POINT ( 'NONE',  ( 7.270000000000000462, 8.000000000000000000, 0.3499999999999999778 ) ) ;
#8047 = PLANE ( 'NONE',  #7390 ) ;
#8048 = EDGE_CURVE ( 'NONE', #6043, #3440, #4195, .T. ) ;
#8049 = CARTESIAN_POINT ( 'NONE',  ( 1.540000000000001146, 2.207665535523969602, -0.3500000000000000888 ) ) ;
#8050 = LINE ( 'NONE', #8284, #5169 ) ;
#8051 = FACE_OUTER_BOUND ( 'NONE', #3799, .T. ) ;
#8052 = DIRECTION ( 'NONE',  ( -0.000000000000000000, -0.000000000000000000, -1.000000000000000000 ) ) ;
#8053 = DIRECTION ( 'NONE',  ( 0.000000000000000000, -1.000000000000000000, 1.668003342285391551E-16 ) ) ;
#8054 = ORIENTED_EDGE ( 'NONE', *, *, #7317, .T. ) ;
#8055 = CARTESIAN_POINT ( 'NONE',  ( 3.226754932607761361, 10.39117142264903570, -0.6500000000000030198 ) ) ;
#8056 = EDGE_CURVE ( 'NONE', #4200, #1752, #5621, .T. ) ;
#8057 = ADVANCED_FACE ( 'NONE', ( #5569 ), #5726, .F. ) ;
#8058 = VERTEX_POINT ( 'NONE', #5773 ) ;
#8059 = VERTEX_POINT ( 'NONE', #3401 ) ;
#8060 = VECTOR ( 'NONE', #3124, 1000.000000000000000 ) ;
#8061 = CARTESIAN_POINT ( 'NONE',  ( 3.540000000000000480, 1.800000000000000488, 0.3499999999999998668 ) ) ;
#8062 = CARTESIAN_POINT ( 'NONE',  ( 5.766754932607761397, 10.39117142264903570, -0.6500000000000030198 ) ) ;
#8063 = CARTESIAN_POINT ( 'NONE',  ( 8.348502052288790054, 6.125528511109558316, 0.3499999999999996447 ) ) ;
#8064 = CARTESIAN_POINT ( 'NONE',  ( 5.780000000000001137, 0.5000000000000006661, -0.3500000000000001443 ) ) ;
#8065 = CARTESIAN_POINT ( 'NONE',  ( 9.160000000000001918, 1.800000000000000266, -0.1166666666666670710 ) ) ;
#8066 = EDGE_CURVE ( 'NONE', #3205, #1002, #667, .T. ) ;
#8067 = ORIENTED_EDGE ( 'NONE', *, *, #8404, .F. ) ;
#8068 =( GEOMETRIC_REPRESENTATION_CONTEXT ( 3 ) GLOBAL_UNCERTAINTY_ASSIGNED_CONTEXT ( ( #5716 ) ) GLOBAL_UNIT_ASSIGNED_CONTEXT ( ( #9654, #2175, #655 ) ) REPRESENTATION_CONTEXT ( 'NONE', 'WORKASPACE' ) );
#8069 = PRESENTATION_LAYER_ASSIGNMENT (  '', '', ( #4314 ) ) ;
#8070 = CARTESIAN_POINT ( 'NONE',  ( 0.4481930454221421667, 5.884855341312110966, 0.3500000000000000333 ) ) ;
#8071 = ORIENTED_EDGE ( 'NONE', *, *, #1104, .T. ) ;
#8072 = DIRECTION ( 'NONE',  ( -1.000000000000000000, -1.084202172485504434E-16, 0.000000000000000000 ) ) ;
#8073 = ORIENTED_EDGE ( 'NONE', *, *, #6635, .F. ) ;
#8074 = VECTOR ( 'NONE', #1006, 1000.000000000000000 ) ;
#8075 = SURFACE_STYLE_USAGE ( .BOTH. , #6500 ) ;
#8076 = CLOSED_SHELL ( 'NONE', ( #3678, #6010, #150, #4782, #9040, #7357, #6017, #381, #1959, #810, #9440, #9529, #6697, #5023, #269, #8350, #904, #7393, #364, #6049, #5294, #1409, #2394 ) ) ;
#8077 = LINE ( 'NONE', #2241, #2140 ) ;
#8078 = LINE ( 'NONE', #7430, #7215 ) ;
#8079 = DIRECTION ( 'NONE',  ( 0.000000000000000000, 1.000000000000000000, -1.668003342285391797E-16 ) ) ;
#8080 = CARTESIAN_POINT ( 'NONE',  ( 3.185466478527304801, 3.877691542223586030, 0.3499999999999998668 ) ) ;
#8081 = EDGE_LOOP ( 'NONE', ( #8749, #5508, #7874, #982, #5632, #5161, #1860, #6569, #6190, #3505, #5155, #9414 ) ) ;
#8082 = DIRECTION ( 'NONE',  ( -1.000000000000000000, 0.000000000000000000, 0.000000000000000000 ) ) ;
#8083 = CARTESIAN_POINT ( 'NONE',  ( 8.119999999999997442, 6.084152315493285279, 0.3499999999999997002 ) ) ;
#8084 = CARTESIAN_POINT ( 'NONE',  ( 4.086881821040567075, 2.798202530627315721, -0.3500000000000001443 ) ) ;
#8085 = ORIENTED_EDGE ( 'NONE', *, *, #3347, .F. ) ;
#8086 =( GEOMETRIC_REPRESENTATION_CONTEXT ( 3 ) GLOBAL_UNCERTAINTY_ASSIGNED_CONTEXT ( ( #5617 ) ) GLOBAL_UNIT_ASSIGNED_CONTEXT ( ( #7907, #2727, #8534 ) ) REPRESENTATION_CONTEXT ( 'NONE', 'WORKASPACE' ) );
#8087 = ADVANCED_FACE ( 'NONE', ( #1898 ), #1858, .F. ) ;
#8088 = VERTEX_POINT ( 'NONE', #9460 ) ;
#8089 = EDGE_CURVE ( 'NONE', #229, #2804, #7866, .T. ) ;
#8090 =( LENGTH_UNIT ( ) NAMED_UNIT ( * ) SI_UNIT ( .MILLI., .METRE. ) );
#8091 = CARTESIAN_POINT ( 'NONE',  ( -0.9399798843744761045, 4.171275002134292365, 0.3499999999999999778 ) ) ;
#8092 = AXIS2_PLACEMENT_3D ( 'NONE', #1230, #2848, #5789 ) ;
#8093 = AXIS2_PLACEMENT_3D ( 'NONE', #5232, #8205, #2883 ) ;
#8094 = CARTESIAN_POINT ( 'NONE',  ( -6.734562392116891165E-17, 8.500000000000000000, -0.8696152422706663332 ) ) ;
#8095 = ORIENTED_EDGE ( 'NONE', *, *, #14, .T. ) ;
#8096 = CARTESIAN_POINT ( 'NONE',  ( 1.665005870614370220, 5.069026963383189255, -0.3500000000000000333 ) ) ;
#8097 = CIRCLE ( 'NONE', #3096, 0.2000000000000005107 ) ;
#8098 = AXIS2_PLACEMENT_3D ( 'NONE', #1562, #8209, #2283 ) ;
#8099 = DIRECTION ( 'NONE',  ( 0.000000000000000000, 0.000000000000000000, -1.000000000000000000 ) ) ;
#8100 = DIRECTION ( 'NONE',  ( -3.097720492815726426E-17, 1.000000000000000000, 0.000000000000000000 ) ) ;
#8101 = LINE ( 'NONE', #7404, #2782 ) ;
#8102 = ORIENTED_EDGE ( 'NONE', *, *, #563, .T. ) ;
#8103 =( LENGTH_UNIT ( ) NAMED_UNIT ( * ) SI_UNIT ( .MILLI., .METRE. ) );
#8104 = VECTOR ( 'NONE', #8533, 1000.000000000000000 ) ;
#8105 = ORIENTED_EDGE ( 'NONE', *, *, #6480, .T. ) ;
#8106 = ORIENTED_EDGE ( 'NONE', *, *, #6021, .T. ) ;
#8107 = COLOUR_RGB ( '',0.8313725490196077761, 0.6705882352941175961, 0.1294117647058823373 ) ;
#8108 =( NAMED_UNIT ( * ) SI_UNIT ( $, .STERADIAN. ) SOLID_ANGLE_UNIT ( ) );
#8109 = DIRECTION ( 'NONE',  ( 1.000000000000000000, 0.000000000000000000, 0.000000000000000000 ) ) ;
#8110 = FACE_OUTER_BOUND ( 'NONE', #3032, .T. ) ;
#8111 = CARTESIAN_POINT ( 'NONE',  ( 3.540000000000001368, 6.299999999999999822, 0.1283333333333332438 ) ) ;
#8112 = FACE_OUTER_BOUND ( 'NONE', #61, .T. ) ;
#8113 = DIRECTION ( 'NONE',  ( 0.000000000000000000, -1.000000000000000000, 1.668003342285391551E-16 ) ) ;
#8114 = ORIENTED_EDGE ( 'NONE', *, *, #8980, .F. ) ;
#8115 = CARTESIAN_POINT ( 'NONE',  ( 10.60819304542214070, 5.884855341312110077, -0.3500000000000003664 ) ) ;
#8116 = UNCERTAINTY_MEASURE_WITH_UNIT (LENGTH_MEASURE( 1.000000000000000082E-05 ), #2525, 'distance_accuracy_value', 'NONE');
#8117 = ORIENTED_EDGE ( 'NONE', *, *, #7072, .T. ) ;
#8118 = EDGE_CURVE ( 'NONE', #5470, #9318, #5672, .T. ) ;
#8119 = STYLED_ITEM ( 'NONE', ( #4082 ), #3651 ) ;
#8120 = CARTESIAN_POINT ( 'NONE',  ( 9.298424265108376829, 5.204467366490685087, -0.3500000000000003664 ) ) ;
#8121 = SURFACE_STYLE_USAGE ( .BOTH. , #3452 ) ;
#8122 = CYLINDRICAL_SURFACE ( 'NONE', #5767, 0.2999999999999999334 ) ;
#8123 = EDGE_LOOP ( 'NONE', ( #416, #3595, #4597, #9621 ) ) ;
#8124 = FACE_OUTER_BOUND ( 'NONE', #7522, .T. ) ;
#8125 = EDGE_LOOP ( 'NONE', ( #6763, #371, #8390, #4142 ) ) ;
#8126 = CARTESIAN_POINT ( 'NONE',  ( 2.187475984454220423, 5.732672356334980179, 0.3499999999999998668 ) ) ;
#8127 = STYLED_ITEM ( 'NONE', ( #8861 ), #3134 ) ;
#8128 = VERTEX_POINT ( 'NONE', #5864 ) ;
#8129 = PLANE ( 'NONE',  #4273 ) ;
#8130 =( NAMED_UNIT ( * ) PLANE_ANGLE_UNIT ( ) SI_UNIT ( $, .RADIAN. ) );
#8131 = CARTESIAN_POINT ( 'NONE',  ( -0.8506397697902383648, 5.307482533055398299, 0.3499999999999998113 ) ) ;
#8132 = STYLED_ITEM ( 'NONE', ( #8149 ), #3522 ) ;
#8133 = ADVANCED_FACE ( 'NONE', ( #7467 ), #2976, .F. ) ;
#8134 = PRESENTATION_STYLE_ASSIGNMENT (( #5975 ) ) ;
#8135 = ORIENTED_EDGE ( 'NONE', *, *, #663, .T. ) ;
#8136 = EDGE_CURVE ( 'NONE', #1863, #1384, #9614, .T. ) ;
#8137 = LINE ( 'NONE', #5070, #359 ) ;
#8138 = COLOUR_RGB ( '',0.8313725490196077761, 0.6705882352941175961, 0.1294117647058823373 ) ;
#8139 =( LENGTH_UNIT ( ) NAMED_UNIT ( * ) SI_UNIT ( .MILLI., .METRE. ) );
#8140 = DIRECTION ( 'NONE',  ( -1.000000000000000000, 0.000000000000000000, 7.744301232039316681E-17 ) ) ;
#8141 = ORIENTED_EDGE ( 'NONE', *, *, #8611, .T. ) ;
#8142 = DIRECTION ( 'NONE',  ( 0.000000000000000000, -1.000000000000000000, 1.668003342285391551E-16 ) ) ;
#8143 = DIRECTION ( 'NONE',  ( 0.000000000000000000, -0.000000000000000000, -1.000000000000000000 ) ) ;
#8144 = DIRECTION ( 'NONE',  ( -0.000000000000000000, 1.000000000000000000, -0.000000000000000000 ) ) ;
#8145 = EDGE_CURVE ( 'NONE', #787, #6865, #8015, .T. ) ;
#8146 = ORIENTED_EDGE ( 'NONE', *, *, #4069, .T. ) ;
#8147 = ORIENTED_EDGE ( 'NONE', *, *, #9321, .F. ) ;
#8148 = CARTESIAN_POINT ( 'NONE',  ( 2.890000000000001013, -2.800000000000001155, 0.3499999999999998668 ) ) ;
#8149 = PRESENTATION_STYLE_ASSIGNMENT (( #5182 ) ) ;
#8150 = COLOUR_RGB ( '',0.8313725490196077761, 0.6705882352941175961, 0.1294117647058823373 ) ;
#8151 = FACE_OUTER_BOUND ( 'NONE', #4293, .T. ) ;
#8152 = FACE_OUTER_BOUND ( 'NONE', #6188, .T. ) ;
#8153 = CARTESIAN_POINT ( 'NONE',  ( 3.140000000000000568, 6.299999999999999822, 0.3849999999999998423 ) ) ;
#8154 = CARTESIAN_POINT ( 'NONE',  ( 4.729999999999999538, 8.000000000000000000, 0.3499999999999999778 ) ) ;
#8155 = CARTESIAN_POINT ( 'NONE',  ( 9.160000000000001918, 6.500000000000000888, 0.3499999999999989231 ) ) ;
#8156 = ORIENTED_EDGE ( 'NONE', *, *, #3957, .F. ) ;
#8157 = DIRECTION ( 'NONE',  ( 0.000000000000000000, 1.668003342285388099E-16, 1.000000000000000000 ) ) ;
#8158 = ORIENTED_EDGE ( 'NONE', *, *, #1298, .F. ) ;
#8159 = ADVANCED_FACE ( 'NONE', ( #772, #6717 ), #4385, .T. ) ;
#8160 = CARTESIAN_POINT ( 'NONE',  ( 9.361789536020339142, 5.709058272657558497, -0.3500000000000003109 ) ) ;
#8161 = PRESENTATION_LAYER_ASSIGNMENT (  '', '', ( #1292 ) ) ;
#8162 = LINE ( 'NONE', #2845, #2556 ) ;
#8163 = DIRECTION ( 'NONE',  ( 1.000000000000000000, 0.000000000000000000, -3.310540984688563971E-17 ) ) ;
#8164 = EDGE_LOOP ( 'NONE', ( #4446, #1994, #4348, #9260 ) ) ;
#8165 = LINE ( 'NONE', #5345, #5131 ) ;
#8166 = EDGE_CURVE ( 'NONE', #6215, #1555, #9, .T. ) ;
#8167 = CARTESIAN_POINT ( 'NONE',  ( 1.000000000000000666, 0.8000000000000007105, 0.3499999999999999778 ) ) ;
#8168 = ORIENTED_EDGE ( 'NONE', *, *, #6533, .T. ) ;
#8169 = CARTESIAN_POINT ( 'NONE',  ( 8.619999999999999218, 6.500000000000000888, -0.3500000000000010880 ) ) ;
#8170 = EDGE_CURVE ( 'NONE', #1604, #8821, #8822, .T. ) ;
#8171 = VERTEX_POINT ( 'NONE', #2040 ) ;
#8172 = AXIS2_PLACEMENT_3D ( 'NONE', #3643, #3025, #8109 ) ;
#8173 = COLOUR_RGB ( '',0.8313725490196077761, 0.6705882352941175961, 0.1294117647058823373 ) ;
#8174 = CARTESIAN_POINT ( 'NONE',  ( 2.076643101092097154, 1.700000000000002398, -0.3500000000000000888 ) ) ;
#8175 = ADVANCED_FACE ( 'NONE', ( #1302 ), #8927, .F. ) ;
#8176 =( LENGTH_UNIT ( ) NAMED_UNIT ( * ) SI_UNIT ( .MILLI., .METRE. ) );
#8177 =( GEOMETRIC_REPRESENTATION_CONTEXT ( 3 ) GLOBAL_UNCERTAINTY_ASSIGNED_CONTEXT ( ( #249 ) ) GLOBAL_UNIT_ASSIGNED_CONTEXT ( ( #4263, #2906, #9639 ) ) REPRESENTATION_CONTEXT ( 'NONE', 'WORKASPACE' ) );
#8178 = AXIS2_PLACEMENT_3D ( 'NONE', #1098, #4776, #7751 ) ;
#8179 = CARTESIAN_POINT ( 'NONE',  ( 1.906851685116534023, 6.299478870653091533, 0.3499999999999999223 ) ) ;
#8180 = VECTOR ( 'NONE', #9290, 1000.000000000000000 ) ;
#8181 = ORIENTED_EDGE ( 'NONE', *, *, #8290, .T. ) ;
#8182 = DIRECTION ( 'NONE',  ( -1.000000000000000000, -0.000000000000000000, -0.000000000000000000 ) ) ;
#8183 = FACE_OUTER_BOUND ( 'NONE', #8365, .T. ) ;
#8184 = SURFACE_STYLE_USAGE ( .BOTH. , #9050 ) ;
#8185 = PRESENTATION_LAYER_ASSIGNMENT (  '', '', ( #6772 ) ) ;
#8186 = ADVANCED_BREP_SHAPE_REPRESENTATION ( '100mil Female Pin Header_5P_Wi', ( #5566, #5501, #2095, #2273, #8722, #8544, #5295 ), #3548 ) ;
#8187 = PRESENTATION_LAYER_ASSIGNMENT (  '', '', ( #2734 ) ) ;
#8188 = PRESENTATION_LAYER_ASSIGNMENT (  '', '', ( #2256 ) ) ;
#8189 = CARTESIAN_POINT ( 'NONE',  ( 5.746266211150817149, 6.298959448224883850, 0.3499999999999997002 ) ) ;
#8190 = SURFACE_STYLE_FILL_AREA ( #8915 ) ;
#8191 = SURFACE_SIDE_STYLE ('',( #5171 ) ) ;
#8192 = CARTESIAN_POINT ( 'NONE',  ( 9.638154266116021773, 5.626229152235333153, -0.3500000000000003109 ) ) ;
#8193 = LINE ( 'NONE', #4478, #4820 ) ;
#8194 = DIRECTION ( 'NONE',  ( 0.7071067811865474617, 0.7071067811865474617, -0.000000000000000000 ) ) ;
#8195 = CARTESIAN_POINT ( 'NONE',  ( 0.6867549326077613259, 6.500000000000000888, -0.6500000000000017986 ) ) ;
#8196 = DIRECTION ( 'NONE',  ( 3.097720492815726426E-17, -1.000000000000000000, 0.000000000000000000 ) ) ;
#8197 = VECTOR ( 'NONE', #350, 1000.000000000000000 ) ;
#8198 = ORIENTED_EDGE ( 'NONE', *, *, #197, .T. ) ;
#8199 = STYLED_ITEM ( 'NONE', ( #5405 ), #3844 ) ;
#8200 = ORIENTED_EDGE ( 'NONE', *, *, #7659, .F. ) ;
#8201 =( NAMED_UNIT ( * ) SI_UNIT ( $, .STERADIAN. ) SOLID_ANGLE_UNIT ( ) );
#8202 = CARTESIAN_POINT ( 'NONE',  ( -0.3500000000000000333, 8.000000000000000000, 0.3499999999999999778 ) ) ;
#8203 = EDGE_CURVE ( 'NONE', #5110, #8910, #7869, .T. ) ;
#8204 = PRESENTATION_LAYER_ASSIGNMENT (  '', '', ( #8357 ) ) ;
#8205 = DIRECTION ( 'NONE',  ( 0.000000000000000000, 1.000000000000000000, -1.668003342285391551E-16 ) ) ;
#8206 = CARTESIAN_POINT ( 'NONE',  ( 3.540000000000001368, 6.299999999999999822, -0.1283333333333335768 ) ) ;
#8207 = UNCERTAINTY_MEASURE_WITH_UNIT (LENGTH_MEASURE( 1.000000000000000082E-05 ), #7639, 'distance_accuracy_value', 'NONE');
#8208 = CARTESIAN_POINT ( 'NONE',  ( 7.120000000000000995, 6.084152315493286167, 0.3499999999999997002 ) ) ;
#8209 = DIRECTION ( 'NONE',  ( 0.000000000000000000, -1.668003342285391551E-16, -1.000000000000000000 ) ) ;
#8210 = PRESENTATION_STYLE_ASSIGNMENT (( #5958 ) ) ;
#8211 = VERTEX_POINT ( 'NONE', #8202 ) ;
#8212 = B_SPLINE_CURVE_WITH_KNOTS ( 'NONE', 3,
 ( #5736, #4244, #1317, #7224 ),
 .UNSPECIFIED., .F., .F.,
 ( 4, 4 ),
 ( 0.000000000000000000, 1.000000000000000000 ),
 .UNSPECIFIED. ) ;
#8213 = VERTEX_POINT ( 'NONE', #8061 ) ;
#8214 = AXIS2_PLACEMENT_3D ( 'NONE', #3165, #9669, #917 ) ;
#8215 = LINE ( 'NONE', #4688, #9134 ) ;
#8216 = CARTESIAN_POINT ( 'NONE',  ( 9.431497947711102725, 6.125528511109505914, -0.3500000000000003664 ) ) ;
#8217 = DIRECTION ( 'NONE',  ( 3.097720492815726426E-17, -1.000000000000000000, 0.000000000000000000 ) ) ;
#8218 = CARTESIAN_POINT ( 'NONE',  ( 3.474825183200149326, 4.263498050148223584, -0.3500000000000000333 ) ) ;
#8219 = VERTEX_POINT ( 'NONE', #5137 ) ;
#8220 = EDGE_CURVE ( 'NONE', #2037, #8458, #4340, .T. ) ;
#8221 = CARTESIAN_POINT ( 'NONE',  ( 1.940000000000000613, 6.299999999999999822, 0.1283333333333335213 ) ) ;
#8222 = DIRECTION ( 'NONE',  ( -1.000000000000000000, 0.000000000000000000, 0.000000000000000000 ) ) ;
#8223 = CARTESIAN_POINT ( 'NONE',  ( 3.240000000000000657, 0.5000000000000006661, 0.3499999999999998668 ) ) ;
#8224 = ORIENTED_EDGE ( 'NONE', *, *, #9458, .F. ) ;
#8225 = CARTESIAN_POINT ( 'NONE',  ( 11.02961524227066725, 8.500000000000000000, -0.8696152422706664442 ) ) ;
#8226 = VERTEX_POINT ( 'NONE', #4288 ) ;
#8227 = STYLED_ITEM ( 'NONE', ( #3781 ), #6098 ) ;
#8228 = SURFACE_STYLE_USAGE ( .BOTH. , #8488 ) ;
#8229 = FACE_OUTER_BOUND ( 'NONE', #3263, .T. ) ;
#8230 = EDGE_CURVE ( 'NONE', #7657, #8552, #2227, .T. ) ;
#8231 = CARTESIAN_POINT ( 'NONE',  ( 0.9488971023511131309, 4.001162287970013054, 0.3499999999999999223 ) ) ;
#8232 = STYLED_ITEM ( 'NONE', ( #7441 ), #6697 ) ;
#8233 =( NAMED_UNIT ( * ) SI_UNIT ( $, .STERADIAN. ) SOLID_ANGLE_UNIT ( ) );
#8234 = CARTESIAN_POINT ( 'NONE',  ( 1.753947113514016332, 5.783587059575311606, 0.3499999999999999223 ) ) ;
#8235 = ORIENTED_EDGE ( 'NONE', *, *, #6718, .F. ) ;
#8236 =( NAMED_UNIT ( * ) SI_UNIT ( $, .STERADIAN. ) SOLID_ANGLE_UNIT ( ) );
#8237 = MECHANICAL_DESIGN_GEOMETRIC_PRESENTATION_REPRESENTATION (  '', ( #9310 ), #7603 ) ;
#8238 = CARTESIAN_POINT ( 'NONE',  ( 6.026086801408603755, 4.056300144720193401, 0.3499999999999998113 ) ) ;
#8239 = EDGE_CURVE ( 'NONE', #3133, #813, #1505, .T. ) ;
#8240 = CARTESIAN_POINT ( 'NONE',  ( 4.729999999999999538, 8.000000000000000000, 0.3499999999999999778 ) ) ;
#8241 = DIRECTION ( 'NONE',  ( -0.000000000000000000, -0.000000000000000000, -1.000000000000000000 ) ) ;
#8242 = DIRECTION ( 'NONE',  ( 0.000000000000000000, -0.000000000000000000, -1.000000000000000000 ) ) ;
#8243 = DIRECTION ( 'NONE',  ( 1.000000000000000000, 0.000000000000000000, 0.000000000000000000 ) ) ;
#8244 = FACE_OUTER_BOUND ( 'NONE', #6814, .T. ) ;
#8245 = VECTOR ( 'NONE', #6250, 1000.000000000000000 ) ;
#8246 =( GEOMETRIC_REPRESENTATION_CONTEXT ( 3 ) GLOBAL_UNCERTAINTY_ASSIGNED_CONTEXT ( ( #2738 ) ) GLOBAL_UNIT_ASSIGNED_CONTEXT ( ( #4064, #1764, #7046 ) ) REPRESENTATION_CONTEXT ( 'NONE', 'WORKASPACE' ) );
#8247 = ORIENTED_EDGE ( 'NONE', *, *, #9039, .F. ) ;
#8248 = ORIENTED_EDGE ( 'NONE', *, *, #8256, .F. ) ;
#8249 = LINE ( 'NONE', #3067, #7279 ) ;
#8250 = DIRECTION ( 'NONE',  ( 0.000000000000000000, 0.000000000000000000, 1.000000000000000000 ) ) ;
#8251 =( GEOMETRIC_REPRESENTATION_CONTEXT ( 3 ) GLOBAL_UNCERTAINTY_ASSIGNED_CONTEXT ( ( #4997 ) ) GLOBAL_UNIT_ASSIGNED_CONTEXT ( ( #6544, #3560, #4455 ) ) REPRESENTATION_CONTEXT ( 'NONE', 'WORKASPACE' ) );
#8252 = ORIENTED_EDGE ( 'NONE', *, *, #4826, .F. ) ;
#8253 = CARTESIAN_POINT ( 'NONE',  ( 3.540000000000000480, 1.800000000000000488, -0.1283333333333335768 ) ) ;
#8254 = CARTESIAN_POINT ( 'NONE',  ( -1.469999999999999973, 8.500000000000000000, 1.199999999999999956 ) ) ;
#8255 = CARTESIAN_POINT ( 'NONE',  ( 7.570000000000000284, 8.026794919243110726, -0.04999999999999996808 ) ) ;
#8256 = EDGE_CURVE ( 'NONE', #209, #7463, #564, .T. ) ;
#8257 = DIRECTION ( 'NONE',  ( 0.000000000000000000, -1.000000000000000000, 1.668003342285391551E-16 ) ) ;
#8258 = ORIENTED_EDGE ( 'NONE', *, *, #3621, .F. ) ;
#8259 = CARTESIAN_POINT ( 'NONE',  ( 8.306754932607761432, 0.5000000000000000000, -0.6500000000000013545 ) ) ;
#8260 = EDGE_LOOP ( 'NONE', ( #9505, #4190, #9062, #3362 ) ) ;
#8261 =( BOUNDED_CURVE ( )  B_SPLINE_CURVE ( 3, ( #7637, #651, #2916, #976 ),
 .UNSPECIFIED., .F., .T. ) 
 B_SPLINE_CURVE_WITH_KNOTS ( ( 4, 4 ),
 ( 3.924083526751088957, 4.712388980384689674 ),
 .UNSPECIFIED. ) 
 CURVE ( )  GEOMETRIC_REPRESENTATION_ITEM ( )  RATIONAL_B_SPLINE_CURVE ( ( 1.000000000000000000, 0.9488815137910379116, 0.9488815137910379116, 1.000000000000000000 ) ) 
 REPRESENTATION_ITEM ( '' )  );
#8262 = FACE_OUTER_BOUND ( 'NONE', #2042, .T. ) ;
#8263 = CARTESIAN_POINT ( 'NONE',  ( 9.372837746342908005, 5.777005459572334800, -0.3500000000000001998 ) ) ;
#8264 = CARTESIAN_POINT ( 'NONE',  ( 2.190000000000000835, -2.800000000000001155, 0.3499999999999998668 ) ) ;
#8265 = CARTESIAN_POINT ( 'NONE',  ( 8.619999999999999218, 6.500000000000000888, -0.3500000000000010880 ) ) ;
#8266 = VERTEX_POINT ( 'NONE', #8877 ) ;
#8267 = DIRECTION ( 'NONE',  ( -0.000000000000000000, 1.000000000000000000, -0.000000000000000000 ) ) ;
#8268 = CARTESIAN_POINT ( 'NONE',  ( 8.119999999999999218, 6.299999999999999822, 0.3499999999999997002 ) ) ;
#8269 = EDGE_LOOP ( 'NONE', ( #4912, #2043, #6797, #5855 ) ) ;
#8270 = FILL_AREA_STYLE_COLOUR ( '', #9119 ) ;
#8271 = ORIENTED_EDGE ( 'NONE', *, *, #7072, .F. ) ;
#8272 = LINE ( 'NONE', #7634, #8900 ) ;
#8273 = PLANE ( 'NONE',  #1776 ) ;
#8274 = EDGE_CURVE ( 'NONE', #9320, #6908, #2181, .T. ) ;
#8275 = CARTESIAN_POINT ( 'NONE',  ( 9.696643101092098149, 1.700000000000000400, -0.3500000000000003109 ) ) ;
#8276 = DIRECTION ( 'NONE',  ( -1.121588454295349780E-16, 1.000000000000000000, 0.000000000000000000 ) ) ;
#8277 = AXIS2_PLACEMENT_3D ( 'NONE', #3253, #9248, #4879 ) ;
#8278 = CARTESIAN_POINT ( 'NONE',  ( 9.160000000000001918, 1.800000000000000488, 0.3499999999999996447 ) ) ;
#8279 = CARTESIAN_POINT ( 'NONE',  ( 1.680732764477097740, 5.226749775238759277, 0.3499999999999998668 ) ) ;
#8280 = ORIENTED_EDGE ( 'NONE', *, *, #6217, .F. ) ;
#8281 = DIRECTION ( 'NONE',  ( 0.000000000000000000, 0.000000000000000000, 1.000000000000000000 ) ) ;
#8282 = CARTESIAN_POINT ( 'NONE',  ( 6.620000000000000995, 1.800000000000000488, 0.1283333333333333548 ) ) ;
#8283 = COLOUR_RGB ( '',0.8313725490196077761, 0.6705882352941175961, 0.1294117647058823373 ) ;
#8284 = CARTESIAN_POINT ( 'NONE',  ( 9.160000000000001918, 6.500000000000000888, -0.3500000000000010880 ) ) ;
#8285 = DIRECTION ( 'NONE',  ( 1.121588454295349533E-16, -1.000000000000000000, 0.000000000000000000 ) ) ;
#8286 = LINE ( 'NONE', #1599, #9308 ) ;
#8287 = CARTESIAN_POINT ( 'NONE',  ( 9.460000000000000853, 0.8000000000000004885, 0.3499999999999996447 ) ) ;
#8288 = CARTESIAN_POINT ( 'NONE',  ( 9.810000000000000497, 8.199999999999999289, -0.3499999999999999778 ) ) ;
#8289 = DIRECTION ( 'NONE',  ( 1.000000000000000000, 0.000000000000000000, 0.000000000000000000 ) ) ;
#8290 = EDGE_CURVE ( 'NONE', #6307, #6553, #5817, .T. ) ;
#8291 = ORIENTED_EDGE ( 'NONE', *, *, #6396, .T. ) ;
#8292 = ADVANCED_FACE ( 'NONE', ( #8151 ), #7417, .F. ) ;
#8293 = ORIENTED_EDGE ( 'NONE', *, *, #6607, .F. ) ;
#8294 = CARTESIAN_POINT ( 'NONE',  ( 8.220000000000000639, 6.299999999999999822, -0.1166666666666670155 ) ) ;
#8295 = CARTESIAN_POINT ( 'NONE',  ( 9.460000000000000853, 0.5000000000000004441, -0.3500000000000003109 ) ) ;
#8296 = EDGE_LOOP ( 'NONE', ( #3867, #3307, #8141, #9256 ) ) ;
#8297 = DIRECTION ( 'NONE',  ( -0.7071067811865475727, 0.7071067811865475727, 0.000000000000000000 ) ) ;
#8298 = CARTESIAN_POINT ( 'NONE',  ( 3.226754932607761361, 10.39117142264903570, -0.3500000000000017542 ) ) ;
#8299 = SURFACE_STYLE_FILL_AREA ( #3072 ) ;
#8300 = DIRECTION ( 'NONE',  ( 1.000000000000000000, 1.301042606982605479E-14, 0.000000000000000000 ) ) ;
#8301 = ORIENTED_EDGE ( 'NONE', *, *, #3892, .F. ) ;
#8302 = ORIENTED_EDGE ( 'NONE', *, *, #1037, .F. ) ;
#8303 = PRESENTATION_STYLE_ASSIGNMENT (( #5341 ) ) ;
#8304 = CARTESIAN_POINT ( 'NONE',  ( 7.620000000000000107, 1.700000000000000178, 0.3499999999999997002 ) ) ;
#8305 = CARTESIAN_POINT ( 'NONE',  ( -0.9999999999999996669, 6.299999999999999822, 0.1283333333333336046 ) ) ;
#8306 = CARTESIAN_POINT ( 'NONE',  ( 3.359285907662239445, 5.570187327444203973, -0.3500000000000000888 ) ) ;
#8307 = ORIENTED_EDGE ( 'NONE', *, *, #874, .F. ) ;
#8308 = AXIS2_PLACEMENT_3D ( 'NONE', #9492, #1482, #2817 ) ;
#8309 = DIRECTION ( 'NONE',  ( 1.000000000000000000, 0.000000000000000000, 0.000000000000000000 ) ) ;
#8310 = CARTESIAN_POINT ( 'NONE',  ( 4.080000000000000959, -1.121588454295348794E-16, -0.3500000000000001443 ) ) ;
#8311 = DIRECTION ( 'NONE',  ( -1.000000000000000000, 0.000000000000000000, 0.000000000000000000 ) ) ;
#8312 = EDGE_LOOP ( 'NONE', ( #7960, #4882, #3227, #6682 ) ) ;
#8313 = LINE ( 'NONE', #2949, #2413 ) ;
#8314 = ORIENTED_EDGE ( 'NONE', *, *, #9568, .T. ) ;
#8315 = FILL_AREA_STYLE_COLOUR ( '', #4863 ) ;
#8316 = CARTESIAN_POINT ( 'NONE',  ( -0.6867549326077613259, 0.5000000000000002220, 0.6500000000000011324 ) ) ;
#8317 = EDGE_CURVE ( 'NONE', #1752, #6432, #612, .T. ) ;
#8318 = ORIENTED_EDGE ( 'NONE', *, *, #6640, .F. ) ;
#8319 = PRESENTATION_STYLE_ASSIGNMENT (( #9043 ) ) ;
#8320 = EDGE_CURVE ( 'NONE', #1208, #4967, #2318, .T. ) ;
#8321 = DIRECTION ( 'NONE',  ( -0.000000000000000000, -1.000000000000000000, 1.668003342285391551E-16 ) ) ;
#8322 = CARTESIAN_POINT ( 'NONE',  ( 1.853245067392238710, 10.39117142264903570, -0.6500000000000030198 ) ) ;
#8323 = CARTESIAN_POINT ( 'NONE',  ( 3.039999999999998259, 6.299999999999999822, 0.3499999999999998668 ) ) ;
#8324 = VERTEX_POINT ( 'NONE', #7548 ) ;
#8325 = PRESENTATION_LAYER_ASSIGNMENT (  '', '', ( #351 ) ) ;
#8326 = CARTESIAN_POINT ( 'NONE',  ( 6.080000000000000071, 1.800000000000000488, 0.3499999999999998113 ) ) ;
#8327 = PLANE ( 'NONE',  #6361 ) ;
#8328 = EDGE_CURVE ( 'NONE', #6432, #8171, #7648, .T. ) ;
#8329 = ADVANCED_FACE ( 'NONE', ( #902 ), #253, .F. ) ;
#8330 = FACE_BOUND ( 'NONE', #8738, .T. ) ;
#8331 = ORIENTED_EDGE ( 'NONE', *, *, #7812, .T. ) ;
#8332 = STYLED_ITEM ( 'NONE', ( #7379 ), #8746 ) ;
#8333 = EDGE_LOOP ( 'NONE', ( #5586, #6549, #2597, #1622 ) ) ;
#8334 = AXIS2_PLACEMENT_3D ( 'NONE', #6997, #6323, #7684 ) ;
#8335 = VECTOR ( 'NONE', #5596, 1000.000000000000000 ) ;
#8336 = CARTESIAN_POINT ( 'NONE',  ( 8.220000000000000639, 6.299999999999999822, 0.1166666666666663077 ) ) ;
#8337 = CARTESIAN_POINT ( 'NONE',  ( 2.690000000000002167, -3.000000000000000000, -0.3500000000000000888 ) ) ;
#8338 = ORIENTED_EDGE ( 'NONE', *, *, #4371, .F. ) ;
#8339 = LINE ( 'NONE', #4584, #4419 ) ;
#8340 =( GEOMETRIC_REPRESENTATION_CONTEXT ( 3 ) GLOBAL_UNCERTAINTY_ASSIGNED_CONTEXT ( ( #9147 ) ) GLOBAL_UNIT_ASSIGNED_CONTEXT ( ( #1307, #7372, #9413 ) ) REPRESENTATION_CONTEXT ( 'NONE', 'WORKASPACE' ) );
#8341 = EDGE_CURVE ( 'NONE', #7555, #1985, #855, .T. ) ;
#8342 = CARTESIAN_POINT ( 'NONE',  ( 0.6000000000000005329, 6.299999999999999822, 0.1166666666666665853 ) ) ;
#8343 = LINE ( 'NONE', #4491, #1062 ) ;
#8344 =( GEOMETRIC_REPRESENTATION_CONTEXT ( 3 ) GLOBAL_UNCERTAINTY_ASSIGNED_CONTEXT ( ( #3483 ) ) GLOBAL_UNIT_ASSIGNED_CONTEXT ( ( #5889, #5164, #8233 ) ) REPRESENTATION_CONTEXT ( 'NONE', 'WORKASPACE' ) );
#8345 = VECTOR ( 'NONE', #3664, 1000.000000000000000 ) ;
#8346 =( NAMED_UNIT ( * ) SI_UNIT ( $, .STERADIAN. ) SOLID_ANGLE_UNIT ( ) );
#8347 = ORIENTED_EDGE ( 'NONE', *, *, #5139, .F. ) ;
#8348 = ORIENTED_EDGE ( 'NONE', *, *, #4151, .F. ) ;
#8349 = FACE_OUTER_BOUND ( 'NONE', #1739, .T. ) ;
#8350 = ADVANCED_FACE ( 'NONE', ( #944 ), #201, .T. ) ;
#8351 = PRESENTATION_STYLE_ASSIGNMENT (( #9076 ) ) ;
#8352 = CARTESIAN_POINT ( 'NONE',  ( 2.890000000000000124, 8.000000000000000000, 0.3499999999999999778 ) ) ;
#8353 = CARTESIAN_POINT ( 'NONE',  ( 3.521660679612406586, 3.374693912578978772, -0.3500000000000000888 ) ) ;
#8354 = FILL_AREA_STYLE_COLOUR ( '', #1226 ) ;
#8355 = ORIENTED_EDGE ( 'NONE', *, *, #549, .F. ) ;
#8356 = FACE_OUTER_BOUND ( 'NONE', #7288, .T. ) ;
#8357 = STYLED_ITEM ( 'NONE', ( #1733 ), #2253 ) ;
#8358 = DIRECTION ( 'NONE',  ( -1.000000000000000000, -1.084202172485504434E-16, 0.000000000000000000 ) ) ;
#8359 = ORIENTED_EDGE ( 'NONE', *, *, #7659, .T. ) ;
#8360 = ORIENTED_EDGE ( 'NONE', *, *, #4582, .F. ) ;
#8361 = PLANE ( 'NONE',  #5390 ) ;
#8362 = AXIS2_PLACEMENT_3D ( 'NONE', #2426, #7523, #1569 ) ;
#8363 = LINE ( 'NONE', #7636, #9302 ) ;
#8364 = CARTESIAN_POINT ( 'NONE',  ( 10.48525581988180555, 5.589454083063163381, 0.3499999999999996447 ) ) ;
#8365 = EDGE_LOOP ( 'NONE', ( #790, #2902, #4191, #1720 ) ) ;
#8366 = LINE ( 'NONE', #4560, #1281 ) ;
#8367 = EDGE_CURVE ( 'NONE', #6946, #2385, #4963, .T. ) ;
#8368 = CARTESIAN_POINT ( 'NONE',  ( 10.16000000000000014, 6.299999999999999822, 0.3499999999999996447 ) ) ;
#8369 = EDGE_LOOP ( 'NONE', ( #2187, #7026, #1695, #7021 ) ) ;
#8370 = VECTOR ( 'NONE', #1, 1000.000000000000000 ) ;
#8371 = CARTESIAN_POINT ( 'NONE',  ( -0.4999999999999985012, 6.299999999999999822, 0.3499999999999999778 ) ) ;
#8372 = CARTESIAN_POINT ( 'NONE',  ( 6.620000000000000995, 1.800000000000000488, -0.1283333333333337434 ) ) ;
#8373 = EDGE_CURVE ( 'NONE', #2851, #3267, #5947, .T. ) ;
#8374 = CARTESIAN_POINT ( 'NONE',  ( 6.053046200924453224, 3.450480068927960442, 0.3499999999999998668 ) ) ;
#8376 = VECTOR ( 'NONE', #7951, 1000.000000000000000 ) ;
#8375 = CARTESIAN_POINT ( 'NONE',  ( 2.892524015545778759, 5.732672356334978403, -0.3500000000000000888 ) ) ;
#8377 = CLOSED_SHELL ( 'NONE', ( #9278, #754, #3539, #4928, #1078, #8746, #7184, #5327, #5780, #5071, #1240, #5019, #9323, #6045, #3603, #3050, #3641, #50, #6825, #7876, #7707, #3101, #6098 ) ) ;
#8378 = CARTESIAN_POINT ( 'NONE',  ( 4.729999999999999538, 0.000000000000000000, 0.3499999999999999778 ) ) ;
#8379 = SURFACE_SIDE_STYLE ('',( #7552 ) ) ;
#8380 = DIRECTION ( 'NONE',  ( 0.000000000000000000, -1.000000000000000000, 0.000000000000000000 ) ) ;
#8381 = EDGE_LOOP ( 'NONE', ( #2873, #8181, #2155, #1603 ) ) ;
#8382 = STYLED_ITEM ( 'NONE', ( #2171 ), #6969 ) ;
#8383 = ORIENTED_EDGE ( 'NONE', *, *, #5733, .T. ) ;
#8384 = CARTESIAN_POINT ( 'NONE',  ( 7.470000000000000639, -3.000000000000000000, -0.3500000000000002554 ) ) ;
#8385 = CARTESIAN_POINT ( 'NONE',  ( -1.000000000000000000, 0.5000000000000002220, 0.3499999999999998668 ) ) ;
#8386 = EDGE_LOOP ( 'NONE', ( #7852, #3739, #5609, #8200 ) ) ;
#8387 =( NAMED_UNIT ( * ) PLANE_ANGLE_UNIT ( ) SI_UNIT ( $, .RADIAN. ) );
#8388 = VECTOR ( 'NONE', #3613, 1000.000000000000000 ) ;
#8389 = CARTESIAN_POINT ( 'NONE',  ( 1.540000000000000036, 6.500000000000000888, 0.3499999999999989231 ) ) ;
#8390 = ORIENTED_EDGE ( 'NONE', *, *, #4192, .F. ) ;
#8391 = ORIENTED_EDGE ( 'NONE', *, *, #2422, .F. ) ;
#8392 = VECTOR ( 'NONE', #7409, 1000.000000000000000 ) ;
#8393 = MECHANICAL_DESIGN_GEOMETRIC_PRESENTATION_REPRESENTATION (  '', ( #4821 ), #6674 ) ;
#8394 = PLANE ( 'NONE',  #2754 ) ;
#8395 = CARTESIAN_POINT ( 'NONE',  ( 10.21000000000000085, 8.026794919243110726, 0.05000000000000023870 ) ) ;
#8396 = DIRECTION ( 'NONE',  ( -1.121588454295349780E-16, 1.000000000000000000, 0.000000000000000000 ) ) ;
#8397 = ORIENTED_EDGE ( 'NONE', *, *, #9499, .T. ) ;
#8398 = CARTESIAN_POINT ( 'NONE',  ( 8.320000000000000284, 0.8000000000000007105, -0.3500000000000002554 ) ) ;
#8399 = STYLED_ITEM ( 'NONE', ( #8986 ), #5432 ) ;
#8400 = CARTESIAN_POINT ( 'NONE',  ( 11.02122990089384835, 5.207834124282261001, 0.3499999999999996447 ) ) ;
#8401 = CARTESIAN_POINT ( 'NONE',  ( 9.807475984454221418, 5.732672356334980179, 0.3499999999999996447 ) ) ;
#8402 = ORIENTED_EDGE ( 'NONE', *, *, #766, .T. ) ;
#8403 = ORIENTED_EDGE ( 'NONE', *, *, #5255, .F. ) ;
#8404 = EDGE_CURVE ( 'NONE', #1945, #7213, #2574, .T. ) ;
#8405 = VECTOR ( 'NONE', #3776, 1000.000000000000000 ) ;
#8406 = SURFACE_STYLE_USAGE ( .BOTH. , #5446 ) ;
#8407 = LINE ( 'NONE', #4702, #7922 ) ;
#8408 = DIRECTION ( 'NONE',  ( 0.000000000000000000, -1.000000000000000000, 1.668003342285391551E-16 ) ) ;
#8409 = CARTESIAN_POINT ( 'NONE',  ( 8.141845733883979364, 5.626229152235330488, -0.3500000000000002554 ) ) ;
#8410 = ORIENTED_EDGE ( 'NONE', *, *, #6084, .F. ) ;
#8411 = CARTESIAN_POINT ( 'NONE',  ( 9.514533521472694488, 3.877691542223589138, -0.3500000000000003109 ) ) ;
#8412 = DIRECTION ( 'NONE',  ( 0.000000000000000000, 0.000000000000000000, 1.000000000000000000 ) ) ;
#8413 = CARTESIAN_POINT ( 'NONE',  ( -0.3500000000000000333, 8.000000000000000000, -0.3499999999999999778 ) ) ;
#8414 = CARTESIAN_POINT ( 'NONE',  ( 4.729999999999999538, 8.199999999999999289, 0.3499999999999999778 ) ) ;
#8415 = ORIENTED_EDGE ( 'NONE', *, *, #635, .T. ) ;
#8416 = CARTESIAN_POINT ( 'NONE',  ( 9.424957989553977455, 6.043840788194790647, 0.3499999999999996447 ) ) ;
#8417 = CARTESIAN_POINT ( 'NONE',  ( 0.3500000000000000333, 0.000000000000000000, -0.3500000000000000333 ) ) ;
#8418 = UNCERTAINTY_MEASURE_WITH_UNIT (LENGTH_MEASURE( 1.000000000000000082E-05 ), #4674, 'distance_accuracy_value', 'NONE');
#8419 = EDGE_CURVE ( 'NONE', #6892, #8510, #2456, .T. ) ;
#8420 = DIRECTION ( 'NONE',  ( -1.000000000000000000, -3.097720492815726426E-17, 0.000000000000000000 ) ) ;
#8421 = LINE ( 'NONE', #7693, #8024 ) ;
#8422 = CARTESIAN_POINT ( 'NONE',  ( 1.940000000000000613, 6.299999999999999822, 0.3499999999999998668 ) ) ;
#8423 = DIRECTION ( 'NONE',  ( -0.6546536707079771977, -0.3779644730092270311, -0.6546536707079771977 ) ) ;
#8424 = CARTESIAN_POINT ( 'NONE',  ( 4.260714092337830827, 5.570187327444797276, 0.3499999999999997002 ) ) ;
#8425 = ORIENTED_EDGE ( 'NONE', *, *, #4883, .F. ) ;
#8426 = UNCERTAINTY_MEASURE_WITH_UNIT (LENGTH_MEASURE( 1.000000000000000082E-05 ), #3260, 'distance_accuracy_value', 'NONE');
#8427 = PLANE ( 'NONE',  #3713 ) ;
#8428 = VECTOR ( 'NONE', #8099, 1000.000000000000000 ) ;
#8429 = ORIENTED_EDGE ( 'NONE', *, *, #4934, .T. ) ;
#8430 = EDGE_CURVE ( 'NONE', #2729, #5711, #8421, .T. ) ;
#8431 = ORIENTED_EDGE ( 'NONE', *, *, #6102, .F. ) ;
#8432 = DIRECTION ( 'NONE',  ( -3.097720492815726426E-17, 1.000000000000000000, 0.000000000000000000 ) ) ;
#8433 = FILL_AREA_STYLE ('',( #3942 ) ) ;
#8434 = ORIENTED_EDGE ( 'NONE', *, *, #6241, .T. ) ;
#8435 = EDGE_CURVE ( 'NONE', #9408, #6727, #3777, .T. ) ;
#8436 = SURFACE_STYLE_FILL_AREA ( #2472 ) ;
#8437 = STYLED_ITEM ( 'NONE', ( #2954 ), #2860 ) ;
#8438 = VERTEX_POINT ( 'NONE', #6753 ) ;
#8439 = ORIENTED_EDGE ( 'NONE', *, *, #6499, .T. ) ;
#8440 = DIRECTION ( 'NONE',  ( 0.000000000000000000, 0.000000000000000000, 1.000000000000000000 ) ) ;
#8441 = DIRECTION ( 'NONE',  ( -0.000000000000000000, 0.000000000000000000, 1.000000000000000000 ) ) ;
#8442 = SURFACE_STYLE_FILL_AREA ( #9125 ) ;
#8443 = FILL_AREA_STYLE_COLOUR ( '', #9263 ) ;
#8444 = ORIENTED_EDGE ( 'NONE', *, *, #1352, .F. ) ;
#8445 = PRESENTATION_STYLE_ASSIGNMENT (( #6109 ) ) ;
#8446 = EDGE_CURVE ( 'NONE', #9064, #8821, #49, .T. ) ;
#8447 = LINE ( 'NONE', #3911, #7312 ) ;
#8448 = EDGE_LOOP ( 'NONE', ( #8106, #7387, #6445, #5376 ) ) ;
#8449 = ORIENTED_EDGE ( 'NONE', *, *, #3555, .T. ) ;
#8450 = CARTESIAN_POINT ( 'NONE',  ( 6.920000000000000817, 0.5000000000000004441, 0.3499999999999997002 ) ) ;
#8451 = CARTESIAN_POINT ( 'NONE',  ( 9.160000000000001918, 6.299999999999999822, -0.1283333333333338266 ) ) ;
#8452 = CARTESIAN_POINT ( 'NONE',  ( 3.401575734891618907, 5.204467366490783675, 0.3499999999999999778 ) ) ;
#8453 = EDGE_CURVE ( 'NONE', #423, #8219, #9294, .T. ) ;
#8454 = VERTEX_POINT ( 'NONE', #5600 ) ;
#8455 = LINE ( 'NONE', #796, #7843 ) ;
#8456 = EDGE_CURVE ( 'NONE', #3440, #1714, #6909, .T. ) ;
#8457 = FACE_OUTER_BOUND ( 'NONE', #1652, .T. ) ;
#8458 = VERTEX_POINT ( 'NONE', #4823 ) ;
#8459 = CARTESIAN_POINT ( 'NONE',  ( 9.319611261228809340, 5.398486016527556330, 0.3499999999999997002 ) ) ;
#8460 =( NAMED_UNIT ( * ) PLANE_ANGLE_UNIT ( ) SI_UNIT ( $, .RADIAN. ) );
#8461 = DIRECTION ( 'NONE',  ( 0.000000000000000000, -0.000000000000000000, -1.000000000000000000 ) ) ;
#8462 =( GEOMETRIC_REPRESENTATION_CONTEXT ( 3 ) GLOBAL_UNCERTAINTY_ASSIGNED_CONTEXT ( ( #1109 ) ) GLOBAL_UNIT_ASSIGNED_CONTEXT ( ( #6644, #9625, #5919 ) ) REPRESENTATION_CONTEXT ( 'NONE', 'WORKASPACE' ) );
#8463 = B_SPLINE_CURVE_WITH_KNOTS ( 'NONE', 3,
 ( #4270, #7355, #2120, #4372 ),
 .UNSPECIFIED., .F., .F.,
 ( 4, 4 ),
 ( 0.000000000000000000, 1.000000000000000000 ),
 .UNSPECIFIED. ) ;
#8464 = UNCERTAINTY_MEASURE_WITH_UNIT (LENGTH_MEASURE( 1.000000000000000082E-05 ), #8791, 'distance_accuracy_value', 'NONE');
#8465 = FILL_AREA_STYLE ('',( #5514 ) ) ;
#8466 = SURFACE_STYLE_USAGE ( .BOTH. , #100 ) ;
#8467 = CARTESIAN_POINT ( 'NONE',  ( 6.080000000000000959, 6.299999999999999822, -0.1283333333333336601 ) ) ;
#8468 = LINE ( 'NONE', #3934, #1348 ) ;
#8469 = CARTESIAN_POINT ( 'NONE',  ( 4.080000000000000071, 1.800000000000000488, 0.3499999999999998113 ) ) ;
#8470 =( NAMED_UNIT ( * ) PLANE_ANGLE_UNIT ( ) SI_UNIT ( $, .RADIAN. ) );
#8471 = VERTEX_POINT ( 'NONE', #7056 ) ;
#8472 = CARTESIAN_POINT ( 'NONE',  ( 6.620000000000000107, 6.500000000000000888, 0.3499999999999989231 ) ) ;
#8473 = ORIENTED_EDGE ( 'NONE', *, *, #8089, .F. ) ;
#8474 = AXIS2_PLACEMENT_3D ( 'NONE', #4233, #4144, #8686 ) ;
#8475 = COLOUR_RGB ( '',0.8313725490196077761, 0.6705882352941175961, 0.1294117647058823373 ) ;
#8476 = CARTESIAN_POINT ( 'NONE',  ( 8.220000000000000639, 6.299999999999999822, 0.3849999999999996758 ) ) ;
#8477 = PLANE ( 'NONE',  #7768 ) ;
#8478 = ORIENTED_EDGE ( 'NONE', *, *, #8419, .T. ) ;
#8479 = LINE ( 'NONE', #4787, #4579 ) ;
#8480 = COLOUR_RGB ( '',1.000000000000000000, 1.000000000000000000, 1.000000000000000000 ) ;
#8481 = EDGE_CURVE ( 'NONE', #2543, #7762, #9390, .T. ) ;
#8482 = VECTOR ( 'NONE', #9494, 1000.000000000000000 ) ;
#8483 = ORIENTED_EDGE ( 'NONE', *, *, #7119, .T. ) ;
#8484 = PRESENTATION_LAYER_ASSIGNMENT (  '', '', ( #8803 ) ) ;
#8485 = B_SPLINE_CURVE_WITH_KNOTS ( 'NONE', 3,
 ( #3342, #1885, #3988, #5556, #4081, #996, #9393, #405, #6379, #9350, #1930, #2615, #8424, #353, #1196, #4178, #6425, #258, #4036, #3252, #6233, #9199, #6277, #8571, #7849, #7012, #2509, #5506, #3298, #4878, #8469 ),
 .UNSPECIFIED., .F., .F.,
 ( 4, 1, 1, 1, 1, 1, 1, 2, 2, 1, 1, 1, 1, 2, 2, 1, 1, 1, 1, 1, 2, 2, 4 ),
 ( 0.000000000000000000, 0.06250000000001501577, 0.09375000000002224609, 0.1093750000000261041, 0.1171875000000280054, 0.1210937500000289213, 0.1230468750000293515, 0.1240234375000297262, 0.1250000000000300870, 0.1875000000000285882, 0.2187500000000277833, 0.2343750000000273948, 0.2421875000000271450, 0.2460937500000272560, 0.2500000000000273670, 0.3750000000000259237, 0.4375000000000252021, 0.4687500000000245914, 0.4843750000000242584, 0.4921875000000241474, 0.4960937500000243139, 0.5000000000000244249, 1.000000000000000000 ),
 .UNSPECIFIED. ) ;
#8486 = EDGE_LOOP ( 'NONE', ( #7433, #1217, #8500, #4954 ) ) ;
#8487 = EDGE_CURVE ( 'NONE', #4238, #1945, #3794, .T. ) ;
#8488 = SURFACE_SIDE_STYLE ('',( #6878 ) ) ;
#8489 = STYLED_ITEM ( 'NONE', ( #7870 ), #8922 ) ;
#8490 = FACE_OUTER_BOUND ( 'NONE', #4471, .T. ) ;
#8491 = VECTOR ( 'NONE', #5686, 1000.000000000000000 ) ;
#8492 =( NAMED_UNIT ( * ) PLANE_ANGLE_UNIT ( ) SI_UNIT ( $, .RADIAN. ) );
#8493 = CARTESIAN_POINT ( 'NONE',  ( 3.540000000000000036, 6.500000000000000888, 0.3499999999999989231 ) ) ;
#8494 = CARTESIAN_POINT ( 'NONE',  ( 9.807475984454221418, 5.732672356334980179, 0.3499999999999996447 ) ) ;
#8495 = VECTOR ( 'NONE', #802, 1000.000000000000000 ) ;
#8496 = ORIENTED_EDGE ( 'NONE', *, *, #402, .F. ) ;
#8497 = DIRECTION ( 'NONE',  ( -0.000000000000000000, -0.000000000000000000, -1.000000000000000000 ) ) ;
#8498 =( NAMED_UNIT ( * ) SI_UNIT ( $, .STERADIAN. ) SOLID_ANGLE_UNIT ( ) );
#8499 = DIRECTION ( 'NONE',  ( 0.000000000000000000, 0.000000000000000000, -1.000000000000000000 ) ) ;
#8500 = ORIENTED_EDGE ( 'NONE', *, *, #8328, .F. ) ;
#8501 = VERTEX_POINT ( 'NONE', #4772 ) ;
#8502 = ADVANCED_FACE ( 'NONE', ( #1141 ), #3677, .T. ) ;
#8503 = CARTESIAN_POINT ( 'NONE',  ( 11.01569018916591780, 5.260692584315792786, -0.3500000000000003109 ) ) ;
#8504 = EDGE_CURVE ( 'NONE', #1349, #5744, #5982, .T. ) ;
#8505 = CARTESIAN_POINT ( 'NONE',  ( 9.560000000000000497, 6.299999999999999822, -0.1283333333333338266 ) ) ;
#8506 = DIRECTION ( 'NONE',  ( 0.000000000000000000, -1.000000000000000000, 0.000000000000000000 ) ) ;
#8507 = UNCERTAINTY_MEASURE_WITH_UNIT (LENGTH_MEASURE( 1.000000000000000082E-05 ), #4322, 'distance_accuracy_value', 'NONE');
#8508 = DIRECTION ( 'NONE',  ( 1.000000000000000000, 0.000000000000000000, 0.000000000000000000 ) ) ;
#8510 = VERTEX_POINT ( 'NONE', #7443 ) ;
#8509 = MECHANICAL_DESIGN_GEOMETRIC_PRESENTATION_REPRESENTATION (  '', ( #542 ), #8971 ) ;
#8511 = CARTESIAN_POINT ( 'NONE',  ( 0.7871219925015897623, 5.777242093666581368, 0.3500000000000000888 ) ) ;
#8512 = CARTESIAN_POINT ( 'NONE',  ( 4.730000000000001315, -1.084202172485501815E-17, -0.3500000000000001443 ) ) ;
#8513 = ORIENTED_EDGE ( 'NONE', *, *, #6575, .F. ) ;
#8514 = CARTESIAN_POINT ( 'NONE',  ( 9.259306504786378511, 4.786369049942376996, 0.3499999999999996447 ) ) ;
#8515 = LINE ( 'NONE', #4817, #7275 ) ;
#8516 = FACE_OUTER_BOUND ( 'NONE', #6064, .T. ) ;
#8517 = VECTOR ( 'NONE', #6156, 1000.000000000000114 ) ;
#8518 = EDGE_CURVE ( 'NONE', #7424, #9079, #6515, .T. ) ;
#8519 = LINE ( 'NONE', #8661, #9523 ) ;
#8520 = LINE ( 'NONE', #2454, #2347 ) ;
#8521 = CARTESIAN_POINT ( 'NONE',  ( 2.189999999999999947, 8.199999999999999289, 0.3499999999999999778 ) ) ;
#8522 = DIRECTION ( 'NONE',  ( 1.000000000000000000, 0.000000000000000000, 0.000000000000000000 ) ) ;
#8523 = CARTESIAN_POINT ( 'NONE',  ( 4.393245067392238745, 10.39117142264903570, -0.6500000000000030198 ) ) ;
#8524 = VECTOR ( 'NONE', #7507, 1000.000000000000000 ) ;
#8525 = LINE ( 'NONE', #6184, #5099 ) ;
#8526 = CARTESIAN_POINT ( 'NONE',  ( 0.9348251832001492900, 4.263498050148225360, -0.3499999999999999223 ) ) ;
#8527 = ORIENTED_EDGE ( 'NONE', *, *, #3676, .F. ) ;
#8528 = DIRECTION ( 'NONE',  ( 0.000000000000000000, 1.000000000000000000, -4.336808689942016750E-16 ) ) ;
#8529 = VERTEX_POINT ( 'NONE', #9592 ) ;
#8530 = EDGE_CURVE ( 'NONE', #2345, #4010, #7958, .T. ) ;
#8531 = AXIS2_PLACEMENT_3D ( 'NONE', #2225, #7512, #3742 ) ;
#8532 = STYLED_ITEM ( 'NONE', ( #9422 ), #81 ) ;
#8533 = DIRECTION ( 'NONE',  ( -1.000000000000000000, 0.000000000000000000, 0.000000000000000000 ) ) ;
#8534 =( NAMED_UNIT ( * ) SI_UNIT ( $, .STERADIAN. ) SOLID_ANGLE_UNIT ( ) );
#8535 = ORIENTED_EDGE ( 'NONE', *, *, #8802, .F. ) ;
#8536 = VECTOR ( 'NONE', #1649, 1000.000000000000000 ) ;
#8537 = PRESENTATION_LAYER_ASSIGNMENT (  '', '', ( #9635 ) ) ;
#8538 = EDGE_LOOP ( 'NONE', ( #2746, #7805, #4297, #4565 ) ) ;
#8539 = ORIENTED_EDGE ( 'NONE', *, *, #2014, .F. ) ;
#8540 = AXIS2_PLACEMENT_3D ( 'NONE', #1319, #4909, #7187 ) ;
#8541 = CARTESIAN_POINT ( 'NONE',  ( -0.8314534000845812400, 5.476966929916271098, -0.3499999999999999778 ) ) ;
#8542 = AXIS2_PLACEMENT_3D ( 'NONE', #481, #8655, #1970 ) ;
#8543 = EDGE_CURVE ( 'NONE', #8009, #6667, #2861, .T. ) ;
#8544 = MANIFOLD_SOLID_BREP ( 'LPattern18[4]', #8377 ) ;
#8545 = PRESENTATION_STYLE_ASSIGNMENT (( #376 ) ) ;
#8546 = CARTESIAN_POINT ( 'NONE',  ( 8.568897102351112238, 4.001162287970013054, 0.3499999999999996447 ) ) ;
#8547 = CARTESIAN_POINT ( 'NONE',  ( 9.473245067392239704, 10.39117142264903570, -0.3500000000000017542 ) ) ;
#8548 = ORIENTED_EDGE ( 'NONE', *, *, #7971, .F. ) ;
#8549 = EDGE_LOOP ( 'NONE', ( #643, #7561, #7827, #2000 ) ) ;
#8550 =( GEOMETRIC_REPRESENTATION_CONTEXT ( 3 ) GLOBAL_UNCERTAINTY_ASSIGNED_CONTEXT ( ( #4025 ) ) GLOBAL_UNIT_ASSIGNED_CONTEXT ( ( #7174, #3223, #5481 ) ) REPRESENTATION_CONTEXT ( 'NONE', 'WORKASPACE' ) );
#8551 = PRESENTATION_LAYER_ASSIGNMENT (  '', '', ( #7302 ) ) ;
#8552 = VERTEX_POINT ( 'NONE', #1330 ) ;
#8553 = CARTESIAN_POINT ( 'NONE',  ( 2.540000000000000036, 0.5000000000000005551, 0.3499999999999998668 ) ) ;
#8554 = CARTESIAN_POINT ( 'NONE',  ( -0.3500000000000000333, 8.199999999999999289, 0.3499999999999999778 ) ) ;
#8555 = CARTESIAN_POINT ( 'NONE',  ( 10.50999999999999979, 8.199999999999999289, 0.3499999999999999778 ) ) ;
#8556 = VERTEX_POINT ( 'NONE', #4413 ) ;
#8557 = FILL_AREA_STYLE ('',( #7191 ) ) ;
#8558 = CARTESIAN_POINT ( 'NONE',  ( -1.469999999999999973, 0.5000000000000000000, -0.6499999999999989120 ) ) ;
#8559 = ADVANCED_FACE ( 'NONE', ( #8042 ), #4319, .F. ) ;
#8560 = EDGE_LOOP ( 'NONE', ( #116, #7220, #7125, #4982 ) ) ;
#8561 = CARTESIAN_POINT ( 'NONE',  ( 7.020000000000000462, 6.299999999999999822, 0.3499999999999997002 ) ) ;
#8562 = CARTESIAN_POINT ( 'NONE',  ( 8.520693495213402358, 4.786369049944406484, -0.3500000000000001998 ) ) ;
#8563 = LINE ( 'NONE', #2553, #6159 ) ;
#8564 = COLOUR_RGB ( '',0.8313725490196077761, 0.6705882352941175961, 0.1294117647058823373 ) ;
#8565 = PRESENTATION_LAYER_ASSIGNMENT (  '', '', ( #97 ) ) ;
#8566 = DIRECTION ( 'NONE',  ( 1.000000000000000000, 0.000000000000000000, 0.000000000000000000 ) ) ;
#8567 = PRESENTATION_STYLE_ASSIGNMENT (( #4874 ) ) ;
#8568 = PLANE ( 'NONE',  #3561 ) ;
#8569 = CARTESIAN_POINT ( 'NONE',  ( 4.380000000000000782, 0.8000000000000004885, 0.3499999999999998113 ) ) ;
#8570 = CARTESIAN_POINT ( 'NONE',  ( 1.940000000000000613, 6.299999999999999822, -0.1166666666666668489 ) ) ;
#8571 = CARTESIAN_POINT ( 'NONE',  ( 4.140020115625524966, 4.171275002134293253, 0.3499999999999998668 ) ) ;
#8572 =( NAMED_UNIT ( * ) PLANE_ANGLE_UNIT ( ) SI_UNIT ( $, .RADIAN. ) );
#8573 = ORIENTED_EDGE ( 'NONE', *, *, #7509, .F. ) ;
#8574 = ORIENTED_EDGE ( 'NONE', *, *, #2129, .T. ) ;
#8575 = MECHANICAL_DESIGN_GEOMETRIC_PRESENTATION_REPRESENTATION (  '', ( #8119 ), #1095 ) ;
#8576 = DIRECTION ( 'NONE',  ( -0.000000000000000000, -1.000000000000000000, 1.668003342285392044E-16 ) ) ;
#8577 =( LENGTH_UNIT ( ) NAMED_UNIT ( * ) SI_UNIT ( .MILLI., .METRE. ) );
#8578 = ORIENTED_EDGE ( 'NONE', *, *, #6551, .T. ) ;
#8579 = DIRECTION ( 'NONE',  ( -0.000000000000000000, -1.000000000000000000, -0.000000000000000000 ) ) ;
#8580 = EDGE_CURVE ( 'NONE', #5689, #1897, #2113, .T. ) ;
#8581 = EDGE_CURVE ( 'NONE', #6650, #4731, #8850, .T. ) ;
#8582 =( LENGTH_UNIT ( ) NAMED_UNIT ( * ) SI_UNIT ( .MILLI., .METRE. ) );
#8583 = VERTEX_POINT ( 'NONE', #2352 ) ;
#8584 = VERTEX_POINT ( 'NONE', #5354 ) ;
#8585 = VECTOR ( 'NONE', #4318, 1000.000000000000000 ) ;
#8586 = CARTESIAN_POINT ( 'NONE',  ( 4.080000000000000959, -1.121588454295348794E-16, 0.3499999999999998113 ) ) ;
#8587 = FILL_AREA_STYLE_COLOUR ( '', #1357 ) ;
#8588 = CARTESIAN_POINT ( 'NONE',  ( 5.766754932607761397, 0.5000000000000002220, 0.6500000000000010214 ) ) ;
#8589 = DIRECTION ( 'NONE',  ( -0.000000000000000000, -0.000000000000000000, -1.000000000000000000 ) ) ;
#8590 = ORIENTED_EDGE ( 'NONE', *, *, #8839, .F. ) ;
#8591 = VECTOR ( 'NONE', #2857, 1000.000000000000114 ) ;
#8592 =( NAMED_UNIT ( * ) SI_UNIT ( $, .STERADIAN. ) SOLID_ANGLE_UNIT ( ) );
#8593 = VERTEX_POINT ( 'NONE', #2438 ) ;
#8594 = AXIS2_PLACEMENT_3D ( 'NONE', #6768, #771, #3940 ) ;
#8595 = CARTESIAN_POINT ( 'NONE',  ( 3.226754932607761361, 6.500000000000000888, -0.6500000000000017986 ) ) ;
#8596 = VERTEX_POINT ( 'NONE', #5448 ) ;
#8597 = CARTESIAN_POINT ( 'NONE',  ( 6.620000000000000107, 0.5000000000000000000, -0.3500000000000000888 ) ) ;
#8598 = CARTESIAN_POINT ( 'NONE',  ( 10.94675849603539319, 5.779404586027642843, -0.3500000000000003664 ) ) ;
#8599 = DIRECTION ( 'NONE',  ( -0.000000000000000000, 1.668003342285391551E-16, 1.000000000000000000 ) ) ;
#8600 = PLANE ( 'NONE',  #6915 ) ;
#8601 = CARTESIAN_POINT ( 'NONE',  ( 5.080000000000000071, 6.299999999999999822, 0.3499999999999998113 ) ) ;
#8602 = ORIENTED_EDGE ( 'NONE', *, *, #844, .T. ) ;
#8603 = SURFACE_STYLE_USAGE ( .BOTH. , #7889 ) ;
#8604 = DIRECTION ( 'NONE',  ( -0.000000000000000000, -1.000000000000000000, 1.668003342285392044E-16 ) ) ;
#8605 = PLANE ( 'NONE',  #8334 ) ;
#8606 = ORIENTED_EDGE ( 'NONE', *, *, #5289, .F. ) ;
#8607 = SURFACE_STYLE_FILL_AREA ( #1373 ) ;
#8608 = PLANE ( 'NONE',  #5279 ) ;
#8609 = ADVANCED_FACE ( 'NONE', ( #6845 ), #8273, .F. ) ;
#8610 = CARTESIAN_POINT ( 'NONE',  ( 7.294744180118195587, 5.589454083063166046, 0.3499999999999997002 ) ) ;
#8611 = EDGE_CURVE ( 'NONE', #2647, #6402, #4516, .T. ) ;
#8612 = CARTESIAN_POINT ( 'NONE',  ( 5.080000000000000071, -3.000000000000000000, 0.3499999999999998113 ) ) ;
#8613 = CARTESIAN_POINT ( 'NONE',  ( 4.729999999999999538, 0.000000000000000000, -0.3499999999999999778 ) ) ;
#8614 = DIRECTION ( 'NONE',  ( 1.000000000000000000, 0.000000000000000000, -7.744301232039316681E-17 ) ) ;
#8615 = CARTESIAN_POINT ( 'NONE',  ( -0.8192859076621706871, 5.570187327444797276, 0.3499999999999999778 ) ) ;
#8616 = SURFACE_STYLE_USAGE ( .BOTH. , #5602 ) ;
#8617 = CARTESIAN_POINT ( 'NONE',  ( 5.939267235522908805, 5.226749775238716644, -0.3500000000000001998 ) ) ;
#8618 = CARTESIAN_POINT ( 'NONE',  ( 0.7860528864859864795, 5.783587059575308054, -0.3500000000000000888 ) ) ;
#8619 = FILL_AREA_STYLE ('',( #7850 ) ) ;
#8620 =( BOUNDED_SURFACE ( )  B_SPLINE_SURFACE ( 2, 3, ( 
 ( #3322, #2490, #9136, #889 ),
 ( #974, #5488, #8451, #5447 ),
 ( #4061, #1718, #8505, #1761 ) ),
 .UNSPECIFIED., .F., .F., .T. ) 
 B_SPLINE_SURFACE_WITH_KNOTS ( ( 3, 3 ),
 ( 4, 4 ),
 ( 0.000000000000000000, 1.000000000000000000 ),
 ( -3.500000000000000371E-05, 0.0007349999999999999763 ),
 .UNSPECIFIED. ) 
 GEOMETRIC_REPRESENTATION_ITEM ( )  RATIONAL_B_SPLINE_SURFACE ( (
 ( 1.000000000000000000, 1.000000000000000000, 1.000000000000000000, 1.000000000000000000),
 ( 0.7071067811865475727, 0.7071067811865475727, 0.7071067811865475727, 0.7071067811865475727),
 ( 1.000000000000000000, 1.000000000000000000, 1.000000000000000000, 1.000000000000000000) ) ) 
 REPRESENTATION_ITEM ( '' )  SURFACE ( )  );
#8621 = ADVANCED_FACE ( 'NONE', ( #2304 ), #3868, .F. ) ;
#8622 = PLANE ( 'NONE',  #3470 ) ;
#8623 = VERTEX_POINT ( 'NONE', #6026 ) ;
#8624 = COLOUR_RGB ( '',0.8313725490196077761, 0.6705882352941175961, 0.1294117647058823373 ) ;
#8625 = LINE ( 'NONE', #4885, #6381 ) ;
#8626 = SURFACE_STYLE_FILL_AREA ( #3350 ) ;
#8627 = EDGE_CURVE ( 'NONE', #6908, #7345, #8934, .T. ) ;
#8628 = UNCERTAINTY_MEASURE_WITH_UNIT (LENGTH_MEASURE( 1.000000000000000082E-05 ), #1779, 'distance_accuracy_value', 'NONE');
#8629 = ORIENTED_EDGE ( 'NONE', *, *, #9429, .F. ) ;
#8630 = UNCERTAINTY_MEASURE_WITH_UNIT (LENGTH_MEASURE( 1.000000000000000082E-05 ), #525, 'distance_accuracy_value', 'NONE');
#8631 = VERTEX_POINT ( 'NONE', #8316 ) ;
#8632 = VECTOR ( 'NONE', #8285, 1000.000000000000000 ) ;
#8633 = EDGE_LOOP ( 'NONE', ( #4208, #8773, #6146, #7926, #9048, #7497, #7887, #145 ) ) ;
#8634 = EDGE_CURVE ( 'NONE', #8529, #1609, #5258, .T. ) ;
#8635 = CARTESIAN_POINT ( 'NONE',  ( -0.9452969371955460831, 4.071564961060444965, -0.3500000000000000333 ) ) ;
#8636 = LINE ( 'NONE', #1213, #4019 ) ;
#8637 = CARTESIAN_POINT ( 'NONE',  ( 8.407121992501593866, 5.777242093666580480, 0.3499999999999997558 ) ) ;
#8638 = PRESENTATION_LAYER_ASSIGNMENT (  '', '', ( #688 ) ) ;
#8639 = PRESENTATION_STYLE_ASSIGNMENT (( #7822 ) ) ;
#8640 = EDGE_LOOP ( 'NONE', ( #5265, #3121, #4686, #8029, #4057, #5959, #8483, #8946, #7176, #2578, #7481, #8415, #2173, #9362, #3718, #8429, #4680, #4951, #7723, #3975, #4231 ) ) ;
#8641 = VECTOR ( 'NONE', #9059, 1000.000000000000000 ) ;
#8642 = AXIS2_PLACEMENT_3D ( 'NONE', #4675, #6042, #7460 ) ;
#8643 = ORIENTED_EDGE ( 'NONE', *, *, #5181, .F. ) ;
#8644 = CARTESIAN_POINT ( 'NONE',  ( 5.543356898907902064, 1.699999999999999289, -0.3500000000000001443 ) ) ;
#8645 = ORIENTED_EDGE ( 'NONE', *, *, #1225, .F. ) ;
#8646 = MECHANICAL_DESIGN_GEOMETRIC_PRESENTATION_REPRESENTATION (  '', ( #3186 ), #8344 ) ;
#8647 = VECTOR ( 'NONE', #3499, 1000.000000000000000 ) ;
#8648 = CARTESIAN_POINT ( 'NONE',  ( 10.94605288648599206, 5.783587059575309830, -0.3500000000000004219 ) ) ;
#8649 = FACE_OUTER_BOUND ( 'NONE', #6207, .T. ) ;
#8650 = DIRECTION ( 'NONE',  ( 0.000000000000000000, -0.000000000000000000, -1.000000000000000000 ) ) ;
#8651 =( LENGTH_UNIT ( ) NAMED_UNIT ( * ) SI_UNIT ( .MILLI., .METRE. ) );
#8652 = VERTEX_POINT ( 'NONE', #9685 ) ;
#8653 = VECTOR ( 'NONE', #3661, 1000.000000000000000 ) ;
#8654 = FACE_OUTER_BOUND ( 'NONE', #273, .T. ) ;
#8655 = DIRECTION ( 'NONE',  ( -1.000000000000000000, 0.000000000000000000, 0.000000000000000000 ) ) ;
#8656 = ORIENTED_EDGE ( 'NONE', *, *, #3473, .T. ) ;
#8657 = LINE ( 'NONE', #4166, #1148 ) ;
#8658 = VECTOR ( 'NONE', #8182, 1000.000000000000000 ) ;
#8659 = CARTESIAN_POINT ( 'NONE',  ( 6.620000000000000107, 0.5000000000000002220, 0.3499999999999998668 ) ) ;
#8660 = CARTESIAN_POINT ( 'NONE',  ( 3.226754932607761361, 0.5000000000000000000, -0.6500000000000013545 ) ) ;
#8661 = CARTESIAN_POINT ( 'NONE',  ( 9.810000000000000497, 8.000000000000000000, 0.3499999999999999778 ) ) ;
#8663 = CIRCLE ( 'NONE', #4459, 0.1999999999999999833 ) ;
#8662 = FACE_OUTER_BOUND ( 'NONE', #5961, .T. ) ;
#8664 = FILL_AREA_STYLE ('',( #4364 ) ) ;
#8665 = SURFACE_STYLE_USAGE ( .BOTH. , #2714 ) ;
#8666 = ADVANCED_FACE ( 'NONE', ( #1587 ), #5311, .T. ) ;
#8667 = DIRECTION ( 'NONE',  ( -0.000000000000000000, -1.000000000000000000, 1.668003342285392044E-16 ) ) ;
#8668 = CARTESIAN_POINT ( 'NONE',  ( 11.16000000000000192, 1.121588454295350273E-16, -0.3500000000000003109 ) ) ;
#8669 = PRESENTATION_STYLE_ASSIGNMENT (( #4418 ) ) ;
#8670 = EDGE_CURVE ( 'NONE', #7040, #898, #4559, .T. ) ;
#8671 = DIRECTION ( 'NONE',  ( -0.000000000000000000, -3.097720492815727166E-16, -1.000000000000000000 ) ) ;
#8672 = ORIENTED_EDGE ( 'NONE', *, *, #3330, .T. ) ;
#8673 = PRESENTATION_STYLE_ASSIGNMENT (( #1390 ) ) ;
#8674 = CARTESIAN_POINT ( 'NONE',  ( 3.226754932607761361, 6.500000000000000888, -0.3500000000000010880 ) ) ;
#8675 = DIRECTION ( 'NONE',  ( 0.000000000000000000, 0.000000000000000000, -1.000000000000000000 ) ) ;
#8676 = ORIENTED_EDGE ( 'NONE', *, *, #4841, .F. ) ;
#8677 = DIRECTION ( 'NONE',  ( 1.000000000000000000, 0.000000000000000000, 0.000000000000000000 ) ) ;
#8678 =( BOUNDED_CURVE ( )  B_SPLINE_CURVE ( 3, ( #4415, #2356, #92, #6611 ),
 .UNSPECIFIED., .F., .T. ) 
 B_SPLINE_CURVE_WITH_KNOTS ( ( 4, 4 ),
 ( 1.570796326794896336, 2.359101780428492390 ),
 .UNSPECIFIED. ) 
 CURVE ( )  GEOMETRIC_REPRESENTATION_ITEM ( )  RATIONAL_B_SPLINE_CURVE ( ( 1.000000000000000000, 0.9488815137910384667, 0.9488815137910384667, 1.000000000000000000 ) ) 
 REPRESENTATION_ITEM ( '' )  );
#8679 = UNCERTAINTY_MEASURE_WITH_UNIT (LENGTH_MEASURE( 1.000000000000000082E-05 ), #5007, 'distance_accuracy_value', 'NONE');
#8680 =( NAMED_UNIT ( * ) PLANE_ANGLE_UNIT ( ) SI_UNIT ( $, .RADIAN. ) );
#8681 = EDGE_LOOP ( 'NONE', ( #7872, #3391, #184, #7475, #9262, #2196, #2641, #1960, #633, #1475, #8247, #217, #3871, #6853, #1956, #733, #8994, #3995, #4286, #9674, #778 ) ) ;
#8682 = AXIS2_PLACEMENT_3D ( 'NONE', #2552, #1824, #3977 ) ;
#8683 = EDGE_LOOP ( 'NONE', ( #3454, #9042, #6829, #1904 ) ) ;
#8684 = AXIS2_PLACEMENT_3D ( 'NONE', #5078, #3463, #8566 ) ;
#8685 = UNCERTAINTY_MEASURE_WITH_UNIT (LENGTH_MEASURE( 1.000000000000000082E-05 ), #6465, 'distance_accuracy_value', 'NONE');
#8686 = DIRECTION ( 'NONE',  ( 1.000000000000000000, 0.000000000000000000, 0.000000000000000000 ) ) ;
#8687 = DIRECTION ( 'NONE',  ( 1.000000000000000000, -0.000000000000000000, 0.000000000000000000 ) ) ;
#8688 = CARTESIAN_POINT ( 'NONE',  ( 7.620000000000000107, -3.000000000000000000, 0.3499999999999997002 ) ) ;
#8689 = CARTESIAN_POINT ( 'NONE',  ( 10.66000000000000014, 6.299999999999999822, 0.3499999999999996447 ) ) ;
#8690 = AXIS2_PLACEMENT_3D ( 'NONE', #398, #8709, #4213 ) ;
#8692 = CLOSED_SHELL ( 'NONE', ( #3415, #9200, #1770, #3242, #8854, #818, #2821, #3712, #9447, #5432, #5381, #1795, #2253, #8922, #3844, #2685, #4254, #932, #8502, #9459, #6780, #5801, #5840 ) ) ;
#8691 = ORIENTED_EDGE ( 'NONE', *, *, #7968, .T. ) ;
#8693 = VERTEX_POINT ( 'NONE', #930 ) ;
#8694 = SURFACE_STYLE_FILL_AREA ( #4241 ) ;
#8695 = EDGE_LOOP ( 'NONE', ( #6438, #9159, #5966, #9403, #5238, #1765, #7361, #8736 ) ) ;
#8696 = VECTOR ( 'NONE', #4062, 1000.000000000000000 ) ;
#8697 = EDGE_CURVE ( 'NONE', #8213, #9381, #3996, .T. ) ;
#8698 = FACE_OUTER_BOUND ( 'NONE', #4100, .T. ) ;
#8699 = DIRECTION ( 'NONE',  ( 0.000000000000000000, -1.668003342285391551E-16, -1.000000000000000000 ) ) ;
#8700 = EDGE_LOOP ( 'NONE', ( #4165, #6669, #2179, #6162 ) ) ;
#8701 = CARTESIAN_POINT ( 'NONE',  ( 4.080000000000000959, 6.299999999999999822, 0.1283333333333334103 ) ) ;
#8702 = STYLED_ITEM ( 'NONE', ( #7776 ), #1142 ) ;
#8703 = EDGE_CURVE ( 'NONE', #3752, #3703, #4121, .T. ) ;
#8704 = DIRECTION ( 'NONE',  ( 0.000000000000000000, -0.8660254037844388186, 0.4999999999999997780 ) ) ;
#8705 = ORIENTED_EDGE ( 'NONE', *, *, #9074, .T. ) ;
#8706 = DIRECTION ( 'NONE',  ( -1.000000000000000000, 0.000000000000000000, -0.000000000000000000 ) ) ;
#8707 = EDGE_CURVE ( 'NONE', #4307, #2209, #2723, .T. ) ;
#8708 = PLANE ( 'NONE',  #3516 ) ;
#8709 = DIRECTION ( 'NONE',  ( -0.000000000000000000, 1.668003342285391551E-16, 1.000000000000000000 ) ) ;
#8710 = SURFACE_STYLE_FILL_AREA ( #2657 ) ;
#8711 = VECTOR ( 'NONE', #8140, 1000.000000000000000 ) ;
#8712 = CARTESIAN_POINT ( 'NONE',  ( 7.270000000000000462, -1.084202172485501815E-17, -0.3500000000000002554 ) ) ;
#8713 = LINE ( 'NONE', #2024, #1042 ) ;
#8714 = CARTESIAN_POINT ( 'NONE',  ( 3.540000000000000480, 1.121588454295350273E-16, 0.3499999999999998668 ) ) ;
#8715 = CARTESIAN_POINT ( 'NONE',  ( -0.9442769795120112830, 4.091073788932124700, 0.3500000000000000888 ) ) ;
#8716 = DIRECTION ( 'NONE',  ( -1.000000000000000000, -1.084202172485504434E-16, 0.000000000000000000 ) ) ;
#8717 = CARTESIAN_POINT ( 'NONE',  ( 5.935690189165915065, 5.260692584315792786, -0.3500000000000001998 ) ) ;
#8718 = CARTESIAN_POINT ( 'NONE',  ( -0.8696152422706664442, 8.500000000000000000, -0.8696152422706662222 ) ) ;
#8719 = VECTOR ( 'NONE', #4506, 1000.000000000000000 ) ;
#8720 = CARTESIAN_POINT ( 'NONE',  ( 1.594482203325871206, 4.067306563708465106, -0.3500000000000000888 ) ) ;
#8721 = EDGE_CURVE ( 'NONE', #5351, #164, #2595, .T. ) ;
#8722 = MANIFOLD_SOLID_BREP ( 'LPattern18[3]', #1825 ) ;
#8723 = DIRECTION ( 'NONE',  ( -1.000000000000000000, 0.000000000000000000, 7.744301232039316681E-17 ) ) ;
#8724 = LINE ( 'NONE', #3312, #7267 ) ;
#8725 = CARTESIAN_POINT ( 'NONE',  ( 1.540000000000000036, 6.500000000000000888, -0.3500000000000010880 ) ) ;
#8726 = ORIENTED_EDGE ( 'NONE', *, *, #2843, .T. ) ;
#8727 = CARTESIAN_POINT ( 'NONE',  ( 7.970000000000001528, 1.084202172485506745E-17, 0.3499999999999997002 ) ) ;
#8728 = ORIENTED_EDGE ( 'NONE', *, *, #7739, .T. ) ;
#8729 = EDGE_CURVE ( 'NONE', #5098, #4180, #388, .T. ) ;
#8730 = ORIENTED_EDGE ( 'NONE', *, *, #1343, .F. ) ;
#8731 = CARTESIAN_POINT ( 'NONE',  ( -0.7875361083845766608, 5.774771377977408804, -0.3500000000000000888 ) ) ;
#8732 = ADVANCED_FACE ( 'NONE', ( #290 ), #8600, .F. ) ;
#8733 = LINE ( 'NONE', #2041, #6440 ) ;
#8734 = SURFACE_STYLE_FILL_AREA ( #8779 ) ;
#8735 = STYLED_ITEM ( 'NONE', ( #308 ), #3641 ) ;
#8736 = ORIENTED_EDGE ( 'NONE', *, *, #4585, .T. ) ;
#8737 = CARTESIAN_POINT ( 'NONE',  ( -0.6454664785273052097, 3.877691542223590471, -0.3499999999999999778 ) ) ;
#8738 = EDGE_LOOP ( 'NONE', ( #8726, #434, #5991, #6108 ) ) ;
#8739 = DIRECTION ( 'NONE',  ( 0.000000000000000000, 3.097720492815727166E-16, 1.000000000000000000 ) ) ;
#8740 = ORIENTED_EDGE ( 'NONE', *, *, #2520, .T. ) ;
#8741 = LINE ( 'NONE', #7981, #4472 ) ;
#8742 = EDGE_CURVE ( 'NONE', #8821, #8471, #1083, .T. ) ;
#8743 = DIRECTION ( 'NONE',  ( 1.000000000000000000, 0.000000000000000000, 0.000000000000000000 ) ) ;
#8744 =( LENGTH_UNIT ( ) NAMED_UNIT ( * ) SI_UNIT ( .MILLI., .METRE. ) );
#8745 = ORIENTED_EDGE ( 'NONE', *, *, #7656, .F. ) ;
#8746 = ADVANCED_FACE ( 'NONE', ( #6260 ), #2540, .T. ) ;
#8747 = PLANE ( 'NONE',  #123 ) ;
#8748 = DIRECTION ( 'NONE',  ( -0.000000000000000000, -0.000000000000000000, -1.000000000000000000 ) ) ;
#8749 = ORIENTED_EDGE ( 'NONE', *, *, #6951, .F. ) ;
#8750 = PLANE ( 'NONE',  #9271 ) ;
#8751 = FILL_AREA_STYLE ('',( #2708 ) ) ;
#8752 = ORIENTED_EDGE ( 'NONE', *, *, #6499, .F. ) ;
#8753 = CARTESIAN_POINT ( 'NONE',  ( 8.475690189165920430, 5.260692584315792786, -0.3500000000000002554 ) ) ;
#8754 = ADVANCED_FACE ( 'NONE', ( #9574 ), #2049, .T. ) ;
#8755 = FACE_OUTER_BOUND ( 'NONE', #9306, .T. ) ;
#8756 = CARTESIAN_POINT ( 'NONE',  ( 5.766754932607761397, 0.5000000000000000000, -0.6500000000000013545 ) ) ;
#8757 =( NAMED_UNIT ( * ) PLANE_ANGLE_UNIT ( ) SI_UNIT ( $, .RADIAN. ) );
#8758 = EDGE_CURVE ( 'NONE', #6292, #6306, #3873, .T. ) ;
#8759 = CARTESIAN_POINT ( 'NONE',  ( 4.580000000000001847, 6.299999999999999822, 0.3499999999999998113 ) ) ;
#8760 =( LENGTH_UNIT ( ) NAMED_UNIT ( * ) SI_UNIT ( .MILLI., .METRE. ) );
#8761 = CARTESIAN_POINT ( 'NONE',  ( 8.620000000000000995, 1.121588454295350273E-16, 0.3499999999999997002 ) ) ;
#8762 = CARTESIAN_POINT ( 'NONE',  ( 1.811497947711105727, 6.125528511109506802, -0.3500000000000000888 ) ) ;
#8763 = EDGE_CURVE ( 'NONE', #3048, #6050, #2098, .T. ) ;
#8764 = CARTESIAN_POINT ( 'NONE',  ( 7.620000000000000107, 6.299999999999999822, 0.3499999999999997002 ) ) ;
#8765 = CARTESIAN_POINT ( 'NONE',  ( 6.933245067392238781, 0.5000000000000002220, 0.3499999999999998668 ) ) ;
#8766 = CARTESIAN_POINT ( 'NONE',  ( 6.705291895435266269, 4.597665842577886686, -0.3500000000000001998 ) ) ;
#8767 = DIRECTION ( 'NONE',  ( -0.000000000000000000, 1.668003342285391551E-16, 1.000000000000000000 ) ) ;
#8768 = LINE ( 'NONE', #9450, #1833 ) ;
#8769 = ORIENTED_EDGE ( 'NONE', *, *, #8707, .T. ) ;
#8770 = DIRECTION ( 'NONE',  ( -0.000000000000000000, -1.000000000000000000, 1.668003342285392044E-16 ) ) ;
#8771 = CARTESIAN_POINT ( 'NONE',  ( 1.853245067392238710, 0.5000000000000002220, 0.6500000000000011324 ) ) ;
#8772 = ORIENTED_EDGE ( 'NONE', *, *, #6889, .F. ) ;
#8773 = ORIENTED_EDGE ( 'NONE', *, *, #9161, .T. ) ;
#8774 = PRESENTATION_LAYER_ASSIGNMENT (  '', '', ( #7534 ) ) ;
#8775 = CARTESIAN_POINT ( 'NONE',  ( 6.920000000000000817, 0.8000000000000004885, 0.3499999999999997002 ) ) ;
#8776 = CARTESIAN_POINT ( 'NONE',  ( 4.080000000000000071, 6.500000000000000888, -0.3500000000000010880 ) ) ;
#8777 = CARTESIAN_POINT ( 'NONE',  ( -0.1499999999999994393, -3.000000000000000000, -0.3499999999999999778 ) ) ;
#8778 = CARTESIAN_POINT ( 'NONE',  ( 3.540000000000001368, 6.299999999999999822, -0.3850000000000000644 ) ) ;
#8779 = FILL_AREA_STYLE ('',( #7919 ) ) ;
#8780 = DIRECTION ( 'NONE',  ( 1.000000000000000000, 0.000000000000000000, 0.000000000000000000 ) ) ;
#8781 = EDGE_CURVE ( 'NONE', #1656, #6602, #8162, .T. ) ;
#8782 = ORIENTED_EDGE ( 'NONE', *, *, #1298, .T. ) ;
#8783 =( GEOMETRIC_REPRESENTATION_CONTEXT ( 3 ) GLOBAL_UNCERTAINTY_ASSIGNED_CONTEXT ( ( #3192 ) ) GLOBAL_UNIT_ASSIGNED_CONTEXT ( ( #9307, #5615, #3351 ) ) REPRESENTATION_CONTEXT ( 'NONE', 'WORKASPACE' ) );
#8784 = ORIENTED_EDGE ( 'NONE', *, *, #7865, .T. ) ;
#8785 = B_SPLINE_CURVE_WITH_KNOTS ( 'NONE', 3,
 ( #8326, #1645, #1687, #8374, #5322, #7647, #2964, #6856, #8238, #5941, #3679, #7592, #8962, #1492, #805, #3107, #5980, #7453, #6705, #8914, #6660, #1546, #2213, #5364, #5268, #6129, #9650, #900, #149, #4525, #5215, #8189, #48 ),
 .UNSPECIFIED., .F., .F.,
 ( 4, 1, 1, 1, 1, 1, 1, 2, 2, 1, 1, 1, 1, 1, 2, 2, 1, 1, 1, 1, 1, 1, 2, 2, 4 ),
 ( 0.000000000000000000, 0.2500000000000390799, 0.3750000000000586198, 0.4375000000000683897, 0.4687500000000732747, 0.4843750000000752731, 0.4921875000000759393, 0.4960937500000762723, 0.5000000000000766054, 0.6250000000000781597, 0.6875000000000787148, 0.7187500000000789369, 0.7343750000000790479, 0.7421875000000790479, 0.7460937500000787148, 0.7500000000000784928, 0.8125000000000752731, 0.8437500000000739409, 0.8593750000000732747, 0.8671875000000729417, 0.8710937500000728306, 0.8730468750000724976, 0.8740234375000720535, 0.8750000000000714984, 1.000000000000000000 ),
 .UNSPECIFIED. ) ;
#8786 = CARTESIAN_POINT ( 'NONE',  ( 5.579999999999999183, 6.299999999999999822, 0.3499999999999998113 ) ) ;
#8787 = EDGE_CURVE ( 'NONE', #134, #3822, #9424, .T. ) ;
#8788 = EDGE_LOOP ( 'NONE', ( #3964, #2250, #926, #2329 ) ) ;
#8789 = PRESENTATION_STYLE_ASSIGNMENT (( #8075 ) ) ;
#8790 = CARTESIAN_POINT ( 'NONE',  ( 1.000000000000000000, 6.500000000000000888, -0.3500000000000010880 ) ) ;
#8791 =( LENGTH_UNIT ( ) NAMED_UNIT ( * ) SI_UNIT ( .MILLI., .METRE. ) );
#8792 = SURFACE_STYLE_FILL_AREA ( #527 ) ;
#8793 = EDGE_LOOP ( 'NONE', ( #356, #2876, #572, #3614 ) ) ;
#8794 = CARTESIAN_POINT ( 'NONE',  ( 4.080000000000000071, 1.800000000000000488, -0.1283333333333336601 ) ) ;
#8795 = CARTESIAN_POINT ( 'NONE',  ( 4.281789536020344400, 5.709058272657560273, -0.3500000000000002554 ) ) ;
#8796 = ORIENTED_EDGE ( 'NONE', *, *, #7133, .F. ) ;
#8797 = PLANE ( 'NONE',  #4908 ) ;
#8798 = AXIS2_PLACEMENT_3D ( 'NONE', #5830, #2149, #6543 ) ;
#8799 =( LENGTH_UNIT ( ) NAMED_UNIT ( * ) SI_UNIT ( .MILLI., .METRE. ) );
#8800 = ORIENTED_EDGE ( 'NONE', *, *, #3, .T. ) ;
#8801 = VECTOR ( 'NONE', #395, 1000.000000000000000 ) ;
#8802 = EDGE_CURVE ( 'NONE', #8583, #6918, #250, .T. ) ;
#8803 = STYLED_ITEM ( 'NONE', ( #9388 ), #4705 ) ;
#8804 =( NAMED_UNIT ( * ) PLANE_ANGLE_UNIT ( ) SI_UNIT ( $, .RADIAN. ) );
#8805 = CARTESIAN_POINT ( 'NONE',  ( -0.6867549326077613259, 0.5000000000000000000, -0.6500000000000013545 ) ) ;
#8806 = CARTESIAN_POINT ( 'NONE',  ( 6.750384757729333884, 8.500000000000000000, 0.8696152422706663332 ) ) ;
#8807 =( GEOMETRIC_REPRESENTATION_CONTEXT ( 3 ) GLOBAL_UNCERTAINTY_ASSIGNED_CONTEXT ( ( #8973 ) ) GLOBAL_UNIT_ASSIGNED_CONTEXT ( ( #3428, #493, #4176 ) ) REPRESENTATION_CONTEXT ( 'NONE', 'WORKASPACE' ) );
#8808 = PRESENTATION_STYLE_ASSIGNMENT (( #4466 ) ) ;
#8809 = VECTOR ( 'NONE', #6069, 1000.000000000000000 ) ;
#8810 = SURFACE_STYLE_FILL_AREA ( #447 ) ;
#8811 = LINE ( 'NONE', #8094, #8482 ) ;
#8812 = CARTESIAN_POINT ( 'NONE',  ( 1.625291895435265754, 4.597665842577885797, -0.3499999999999999778 ) ) ;
#8813 = ADVANCED_FACE ( 'NONE', ( #6594 ), #5103, .F. ) ;
#8814 = CARTESIAN_POINT ( 'NONE',  ( 0.3500000000000009215, -2.800000000000001155, 0.3499999999999999778 ) ) ;
#8815 = CARTESIAN_POINT ( 'NONE',  ( 7.620000000000000107, 6.299999999999999822, 0.3499999999999997002 ) ) ;
#8816 = ORIENTED_EDGE ( 'NONE', *, *, #5850, .T. ) ;
#8817 = CARTESIAN_POINT ( 'NONE',  ( -0.9999999999999993339, 0.8000000000000004885, 0.3499999999999999778 ) ) ;
#8818 = DIRECTION ( 'NONE',  ( 1.000000000000000000, 0.000000000000000000, 0.000000000000000000 ) ) ;
#8819 = ORIENTED_EDGE ( 'NONE', *, *, #7449, .F. ) ;
#8820 = ADVANCED_FACE ( 'NONE', ( #4353 ), #7335, .F. ) ;
#8821 = VERTEX_POINT ( 'NONE', #5151 ) ;
#8822 = LINE ( 'NONE', #3694, #7546 ) ;
#8823 = CARTESIAN_POINT ( 'NONE',  ( 11.62999999999999723, 1.601149768326593145E-16, 0.6500000000000012434 ) ) ;
#8824 = LINE ( 'NONE', #3696, #1759 ) ;
#8825 = DIRECTION ( 'NONE',  ( 0.000000000000000000, -1.000000000000000000, 1.668003342285391551E-16 ) ) ;
#8826 = MECHANICAL_DESIGN_GEOMETRIC_PRESENTATION_REPRESENTATION (  '', ( #4314 ), #5112 ) ;
#8827 = CARTESIAN_POINT ( 'NONE',  ( 3.540000000000000480, 0.8000000000000007105, -0.3500000000000000888 ) ) ;
#8828 = EDGE_LOOP ( 'NONE', ( #7660, #7731, #5307, #4630 ) ) ;
#8829 = FILL_AREA_STYLE ('',( #8932 ) ) ;
#8830 = VERTEX_POINT ( 'NONE', #4247 ) ;
#8831 = ADVANCED_FACE ( 'NONE', ( #7228 ), #1413, .F. ) ;
#8832 = VECTOR ( 'NONE', #3789, 1000.000000000000000 ) ;
#8833 = CARTESIAN_POINT ( 'NONE',  ( 7.945255819881804626, 5.589454083063163381, -0.3500000000000002554 ) ) ;
#8834 = CARTESIAN_POINT ( 'NONE',  ( 9.295802618229590308, 5.178803639423790628, -0.3500000000000003109 ) ) ;
#8835 = DIRECTION ( 'NONE',  ( 0.4999999999999997780, -0.8660254037844388186, 0.000000000000000000 ) ) ;
#8836 =( NAMED_UNIT ( * ) SI_UNIT ( $, .STERADIAN. ) SOLID_ANGLE_UNIT ( ) );
#8837 = PRESENTATION_STYLE_ASSIGNMENT (( #9626 ) ) ;
#8838 = ORIENTED_EDGE ( 'NONE', *, *, #6289, .F. ) ;
#8839 = EDGE_CURVE ( 'NONE', #4083, #127, #7573, .T. ) ;
#8840 = DIRECTION ( 'NONE',  ( 0.000000000000000000, -0.000000000000000000, -1.000000000000000000 ) ) ;
#8841 = CYLINDRICAL_SURFACE ( 'NONE', #225, 0.2000000000000000944 ) ;
#8842 = CARTESIAN_POINT ( 'NONE',  ( 4.217373952540059534, 5.194217234909947578, -0.3500000000000001998 ) ) ;
#8843 = ORIENTED_EDGE ( 'NONE', *, *, #1694, .F. ) ;
#8844 =( NAMED_UNIT ( * ) SI_UNIT ( $, .STERADIAN. ) SOLID_ANGLE_UNIT ( ) );
#8845 = CIRCLE ( 'NONE', #9470, 0.2000000000000000944 ) ;
#8846 = CARTESIAN_POINT ( 'NONE',  ( 3.039999999999998703, 6.084152315493285279, 0.3499999999999999223 ) ) ;
#8847 = EDGE_LOOP ( 'NONE', ( #3796, #8348, #558, #8745 ) ) ;
#8848 = DIRECTION ( 'NONE',  ( 0.000000000000000000, 1.668003342285388099E-16, 1.000000000000000000 ) ) ;
#8849 =( LENGTH_UNIT ( ) NAMED_UNIT ( * ) SI_UNIT ( .MILLI., .METRE. ) );
#8850 = LINE ( 'NONE', #697, #6308 ) ;
#8851 = MECHANICAL_DESIGN_GEOMETRIC_PRESENTATION_REPRESENTATION (  '', ( #97 ), #4355 ) ;
#8852 = AXIS2_PLACEMENT_3D ( 'NONE', #8823, #4487, #7469 ) ;
#8853 = SURFACE_SIDE_STYLE ('',( #5065 ) ) ;
#8854 = ADVANCED_FACE ( 'NONE', ( #5387 ), #6014, .T. ) ;
#8855 = PLANE ( 'NONE',  #7556 ) ;
#8856 = ORIENTED_EDGE ( 'NONE', *, *, #3848, .T. ) ;
#8857 = CARTESIAN_POINT ( 'NONE',  ( 5.766754932607761397, 0.5000000000000002220, 0.3499999999999998668 ) ) ;
#8858 = VECTOR ( 'NONE', #3659, 1000.000000000000000 ) ;
#8859 = MECHANICAL_DESIGN_GEOMETRIC_PRESENTATION_REPRESENTATION (  '', ( #7302 ), #3400 ) ;
#8860 = COLOUR_RGB ( '',0.8313725490196077761, 0.6705882352941175961, 0.1294117647058823373 ) ;
#8861 = PRESENTATION_STYLE_ASSIGNMENT (( #2822 ) ) ;
#8862 = CARTESIAN_POINT ( 'NONE',  ( 2.390000000000000568, -3.000000000000000000, 0.3499999999999998668 ) ) ;
#8863 = CARTESIAN_POINT ( 'NONE',  ( 6.674703062804455023, 4.071564961060444077, -0.3500000000000002554 ) ) ;
#8864 = DIRECTION ( 'NONE',  ( 1.000000000000000000, 0.000000000000000000, 0.000000000000000000 ) ) ;
#8865 = FACE_OUTER_BOUND ( 'NONE', #7081, .T. ) ;
#8866 = EDGE_LOOP ( 'NONE', ( #2987, #669, #2075, #5463 ) ) ;
#8867 = CARTESIAN_POINT ( 'NONE',  ( 10.01000000000000156, -3.000000000000000000, 0.3499999999999996447 ) ) ;
#8868 = EDGE_CURVE ( 'NONE', #1220, #1806, #5298, .T. ) ;
#8869 = AXIS2_PLACEMENT_3D ( 'NONE', #4836, #6341, #7808 ) ;
#8870 = EDGE_CURVE ( 'NONE', #5734, #4625, #4454, .T. ) ;
#8871 = PLANE ( 'NONE',  #9449 ) ;
#8872 = CARTESIAN_POINT ( 'NONE',  ( 5.430000000000000604, 8.199999999999999289, 0.3499999999999999778 ) ) ;
#8873 = VERTEX_POINT ( 'NONE', #8264 ) ;
#8874 = VERTEX_POINT ( 'NONE', #2244 ) ;
#8875 = VECTOR ( 'NONE', #4134, 1000.000000000000000 ) ;
#8876 = CARTESIAN_POINT ( 'NONE',  ( 9.473245067392239704, 0.5000000000000000000, -0.6500000000000013545 ) ) ;
#8877 = CARTESIAN_POINT ( 'NONE',  ( 9.460000000000000853, 0.5000000000000004441, -0.3500000000000003109 ) ) ;
#8878 = EDGE_CURVE ( 'NONE', #919, #9596, #2950, .T. ) ;
#8879 = DIRECTION ( 'NONE',  ( 1.000000000000000000, -0.000000000000000000, 0.000000000000000000 ) ) ;
#8880 = SURFACE_SIDE_STYLE ('',( #614 ) ) ;
#8881 = EDGE_CURVE ( 'NONE', #7762, #1957, #1168, .T. ) ;
#8882 = DIRECTION ( 'NONE',  ( -0.000000000000000000, 0.000000000000000000, 1.000000000000000000 ) ) ;
#8883 = CARTESIAN_POINT ( 'NONE',  ( 9.160000000000001918, 1.800000000000000488, 0.3499999999999996447 ) ) ;
#8884 = FILL_AREA_STYLE_COLOUR ( '', #8150 ) ;
#8885 = ORIENTED_EDGE ( 'NONE', *, *, #3890, .T. ) ;
#8886 = CARTESIAN_POINT ( 'NONE',  ( 1.000000000000000000, 0.5000000000000002220, 0.3499999999999998668 ) ) ;
#8887 = UNCERTAINTY_MEASURE_WITH_UNIT (LENGTH_MEASURE( 1.000000000000000082E-05 ), #515, 'distance_accuracy_value', 'NONE');
#8888 = EDGE_LOOP ( 'NONE', ( #4545, #6637, #1107, #769 ) ) ;
#8889 = MECHANICAL_DESIGN_GEOMETRIC_PRESENTATION_REPRESENTATION (  '', ( #7813 ), #6859 ) ;
#8890 = CARTESIAN_POINT ( 'NONE',  ( 6.920000000000000817, 0.5000000000000004441, -0.3500000000000002554 ) ) ;
#8891 = LINE ( 'NONE', #5964, #2445 ) ;
#8892 = CARTESIAN_POINT ( 'NONE',  ( -0.4633568989079023814, 1.700000000000002620, 0.3499999999999999778 ) ) ;
#8893 = PLANE ( 'NONE',  #2628 ) ;
#8894 = ORIENTED_EDGE ( 'NONE', *, *, #5277, .T. ) ;
#8895 = FILL_AREA_STYLE ('',( #2296 ) ) ;
#8896 = PRESENTATION_STYLE_ASSIGNMENT (( #3761 ) ) ;
#8897 = CARTESIAN_POINT ( 'NONE',  ( 7.970000000000001528, 0.5000000000000005551, -0.3500000000000002554 ) ) ;
#8898 = EDGE_LOOP ( 'NONE', ( #8258, #7085, #5132, #8318 ) ) ;
#8899 = DIRECTION ( 'NONE',  ( -0.000000000000000000, -1.000000000000000000, 1.668003342285391551E-16 ) ) ;
#8900 = VECTOR ( 'NONE', #3178, 1000.000000000000000 ) ;
#8901 = ORIENTED_EDGE ( 'NONE', *, *, #9276, .F. ) ;
#8902 = CARTESIAN_POINT ( 'NONE',  ( 1.853245067392238710, 8.000000000000000000, 0.6500000000000000222 ) ) ;
#8903 = DIRECTION ( 'NONE',  ( -0.000000000000000000, -3.097720492815727166E-16, -1.000000000000000000 ) ) ;
#8904 = CARTESIAN_POINT ( 'NONE',  ( -0.9435678341141723324, 4.104507585657485080, 0.3499999999999999778 ) ) ;
#8905 = AXIS2_PLACEMENT_3D ( 'NONE', #5502, #2504, #4029 ) ;
#8906 = FILL_AREA_STYLE ('',( #1380 ) ) ;
#8907 = SURFACE_STYLE_USAGE ( .BOTH. , #38 ) ;
#8908 = PLANE ( 'NONE',  #7890 ) ;
#8909 = AXIS2_PLACEMENT_3D ( 'NONE', #4363, #3667, #2058 ) ;
#8910 = VERTEX_POINT ( 'NONE', #8494 ) ;
#8911 = DIRECTION ( 'NONE',  ( 0.000000000000000000, -1.000000000000000000, 1.668003342285391797E-16 ) ) ;
#8912 = CARTESIAN_POINT ( 'NONE',  ( 1.672165113299161510, 5.142569796484067091, -0.3500000000000000888 ) ) ;
#8913 = EDGE_CURVE ( 'NONE', #8910, #7038, #4147, .T. ) ;
#8914 = CARTESIAN_POINT ( 'NONE',  ( 5.941229900893848281, 5.207834124282262778, 0.3499999999999998113 ) ) ;
#8915 = FILL_AREA_STYLE ('',( #1339 ) ) ;
#8916 = CARTESIAN_POINT ( 'NONE',  ( 6.821789536020343547, 5.709058272657557609, -0.3500000000000002554 ) ) ;
#8917 = B_SPLINE_CURVE_WITH_KNOTS ( 'NONE', 3,
 ( #8969, #8336, #8294, #6867 ),
 .UNSPECIFIED., .F., .F.,
 ( 4, 4 ),
 ( 0.000000000000000000, 1.000000000000000000 ),
 .UNSPECIFIED. ) ;
#8918 = DIRECTION ( 'NONE',  ( 0.000000000000000000, -1.000000000000000000, 0.000000000000000000 ) ) ;
#8919 = CARTESIAN_POINT ( 'NONE',  ( 4.393245067392238745, 0.5000000000000000000, -0.6500000000000013545 ) ) ;
#8920 = DIRECTION ( 'NONE',  ( 1.000000000000000000, 0.000000000000000000, 0.000000000000000000 ) ) ;
#8921 =( NAMED_UNIT ( * ) PLANE_ANGLE_UNIT ( ) SI_UNIT ( $, .RADIAN. ) );
#8922 = ADVANCED_FACE ( 'NONE', ( #3360 ), #7821, .T. ) ;
#8923 = EDGE_LOOP ( 'NONE', ( #2336, #2013, #5392, #7397 ) ) ;
#8924 = EDGE_LOOP ( 'NONE', ( #679, #337, #7326, #8158 ) ) ;
#8925 = ADVANCED_FACE ( 'NONE', ( #1804 ), #6979, .F. ) ;
#8926 = CARTESIAN_POINT ( 'NONE',  ( 2.189999999999999947, 8.000000000000000000, -0.3499999999999999778 ) ) ;
#8927 = PLANE ( 'NONE',  #3638 ) ;
#8928 = DIRECTION ( 'NONE',  ( 0.000000000000000000, 0.000000000000000000, -1.000000000000000000 ) ) ;
#8929 = DIRECTION ( 'NONE',  ( -0.6546536707079771977, 0.3779644730092270311, -0.6546536707079771977 ) ) ;
#8930 = ORIENTED_EDGE ( 'NONE', *, *, #1138, .T. ) ;
#8931 = VECTOR ( 'NONE', #4641, 1000.000000000000000 ) ;
#8932 = FILL_AREA_STYLE_COLOUR ( '', #2736 ) ;
#8933 = EDGE_LOOP ( 'NONE', ( #8147, #5480, #883, #873 ) ) ;
#8934 =( BOUNDED_CURVE ( )  B_SPLINE_CURVE ( 3, ( #4703, #7678, #6743, #3180 ),
 .UNSPECIFIED., .F., .F. ) 
 B_SPLINE_CURVE_WITH_KNOTS ( ( 4, 4 ),
 ( 1.570796326794896336, 2.359101780428492390 ),
 .UNSPECIFIED. ) 
 CURVE ( )  GEOMETRIC_REPRESENTATION_ITEM ( )  RATIONAL_B_SPLINE_CURVE ( ( 1.000000000000000000, 0.9488815137910384667, 0.9488815137910384667, 1.000000000000000000 ) ) 
 REPRESENTATION_ITEM ( '' )  );
#8935 = EDGE_CURVE ( 'NONE', #1886, #8996, #7080, .T. ) ;
#8936 = CARTESIAN_POINT ( 'NONE',  ( 2.040000000000001812, 6.084152315493286167, 0.3499999999999998668 ) ) ;
#8937 = DIRECTION ( 'NONE',  ( -0.000000000000000000, 0.000000000000000000, 1.000000000000000000 ) ) ;
#8938 = DIRECTION ( 'NONE',  ( -0.000000000000000000, 1.000000000000000000, -0.000000000000000000 ) ) ;
#8939 = CARTESIAN_POINT ( 'NONE',  ( -0.5218457338839801452, 5.626229152235333153, -0.3499999999999999778 ) ) ;
#8940 =( GEOMETRIC_REPRESENTATION_CONTEXT ( 3 ) GLOBAL_UNCERTAINTY_ASSIGNED_CONTEXT ( ( #7071 ) ) GLOBAL_UNIT_ASSIGNED_CONTEXT ( ( #5334, #8387, #2519 ) ) REPRESENTATION_CONTEXT ( 'NONE', 'WORKASPACE' ) );
#8941 = DIRECTION ( 'NONE',  ( -1.000000000000000000, -0.000000000000000000, -0.000000000000000000 ) ) ;
#8942 = ORIENTED_EDGE ( 'NONE', *, *, #1544, .T. ) ;
#8943 = SURFACE_SIDE_STYLE ('',( #6458 ) ) ;
#8944 = ORIENTED_EDGE ( 'NONE', *, *, #3358, .T. ) ;
#8945 = CARTESIAN_POINT ( 'NONE',  ( 9.160000000000001918, 6.500000000000000888, 0.3499999999999989231 ) ) ;
#8946 = ORIENTED_EDGE ( 'NONE', *, *, #1842, .T. ) ;
#8947 = VECTOR ( 'NONE', #6671, 1000.000000000000000 ) ;
#8948 = VECTOR ( 'NONE', #4129, 1000.000000000000000 ) ;
#8949 = DIRECTION ( 'NONE',  ( 1.000000000000000000, 0.000000000000000000, 0.000000000000000000 ) ) ;
#8950 = DIRECTION ( 'NONE',  ( -7.744301232039316681E-17, 0.000000000000000000, -1.000000000000000000 ) ) ;
#8951 = STYLED_ITEM ( 'NONE', ( #8808 ), #8544 ) ;
#8952 = STYLED_ITEM ( 'NONE', ( #6124 ), #1534 ) ;
#8953 = PRESENTATION_STYLE_ASSIGNMENT (( #9046 ) ) ;
#8954 = CARTESIAN_POINT ( 'NONE',  ( 1.754859749080237341, 5.788964205960197340, 0.3499999999999999223 ) ) ;
#8955 = VECTOR ( 'NONE', #8848, 1000.000000000000000 ) ;
#8956 = ORIENTED_EDGE ( 'NONE', *, *, #6767, .T. ) ;
#8957 = DIRECTION ( 'NONE',  ( -0.000000000000000000, -0.000000000000000000, -1.000000000000000000 ) ) ;
#8958 = FACE_OUTER_BOUND ( 'NONE', #6622, .T. ) ;
#8959 = VECTOR ( 'NONE', #8716, 1000.000000000000000 ) ;
#8960 = EDGE_CURVE ( 'NONE', #947, #1660, #9172, .T. ) ;
#8961 =( GEOMETRIC_REPRESENTATION_CONTEXT ( 3 ) GLOBAL_UNCERTAINTY_ASSIGNED_CONTEXT ( ( #9364 ) ) GLOBAL_UNIT_ASSIGNED_CONTEXT ( ( #6638, #6587, #6008 ) ) REPRESENTATION_CONTEXT ( 'NONE', 'WORKASPACE' ) );
#8962 = CARTESIAN_POINT ( 'NONE',  ( 5.994708104564600681, 4.597665842580768825, 0.3499999999999997002 ) ) ;
#8963 = CARTESIAN_POINT ( 'NONE',  ( 11.62999999999999723, 1.601149768326593145E-16, 0.6500000000000012434 ) ) ;
#8964 = DIRECTION ( 'NONE',  ( 0.6546536707079770867, 0.3779644730092269755, -0.6546536707079773088 ) ) ;
#8965 = FILL_AREA_STYLE_COLOUR ( '', #5846 ) ;
#8966 = AXIS2_PLACEMENT_3D ( 'NONE', #2907, #744, #1331 ) ;
#8967 = ORIENTED_EDGE ( 'NONE', *, *, #7597, .F. ) ;
#8968 = ORIENTED_EDGE ( 'NONE', *, *, #2668, .F. ) ;
#8969 = CARTESIAN_POINT ( 'NONE',  ( 8.220000000000000639, 6.299999999999999822, 0.3499999999999997002 ) ) ;
#8970 = SURFACE_STYLE_FILL_AREA ( #3261 ) ;
#8971 =( GEOMETRIC_REPRESENTATION_CONTEXT ( 3 ) GLOBAL_UNCERTAINTY_ASSIGNED_CONTEXT ( ( #5666 ) ) GLOBAL_UNIT_ASSIGNED_CONTEXT ( ( #682, #9631, #5200 ) ) REPRESENTATION_CONTEXT ( 'NONE', 'WORKASPACE' ) );
#8972 = FACE_OUTER_BOUND ( 'NONE', #6234, .T. ) ;
#8973 = UNCERTAINTY_MEASURE_WITH_UNIT (LENGTH_MEASURE( 1.000000000000000082E-05 ), #3428, 'distance_accuracy_value', 'NONE');
#8974 = CARTESIAN_POINT ( 'NONE',  ( 7.020000000000000462, 6.299999999999999822, 0.3499999999999997002 ) ) ;
#8975 =( NAMED_UNIT ( * ) SI_UNIT ( $, .STERADIAN. ) SOLID_ANGLE_UNIT ( ) );
#8976 = DIRECTION ( 'NONE',  ( -0.000000000000000000, 1.668003342285391551E-16, 1.000000000000000000 ) ) ;
#8977 = EDGE_LOOP ( 'NONE', ( #5145, #7542, #2891, #948 ) ) ;
#8978 = SURFACE_STYLE_FILL_AREA ( #6778 ) ;
#8979 = ORIENTED_EDGE ( 'NONE', *, *, #8066, .T. ) ;
#8980 = EDGE_CURVE ( 'NONE', #4284, #3226, #3956, .T. ) ;
#8981 = PLANE ( 'NONE',  #8362 ) ;
#8982 = CARTESIAN_POINT ( 'NONE',  ( 9.213063051753863419, 4.039780281224065739, -0.3500000000000001998 ) ) ;
#8983 = DIRECTION ( 'NONE',  ( 0.000000000000000000, 0.000000000000000000, -1.000000000000000000 ) ) ;
#8984 = CARTESIAN_POINT ( 'NONE',  ( 3.140000000000000568, 6.299999999999999822, -0.3500000000000000888 ) ) ;
#8985 = CIRCLE ( 'NONE', #4155, 0.2000000000000000944 ) ;
#8986 = PRESENTATION_STYLE_ASSIGNMENT (( #6882 ) ) ;
#8988 = ORIENTED_EDGE ( 'NONE', *, *, #5063, .T. ) ;
#8987 = AXIS2_PLACEMENT_3D ( 'NONE', #322, #2476, #8007 ) ;
#8989 = CARTESIAN_POINT ( 'NONE',  ( 2.890000000000000124, 0.000000000000000000, -0.3500000000000000333 ) ) ;
#8990 = FILL_AREA_STYLE_COLOUR ( '', #2904 ) ;
#8991 = CYLINDRICAL_SURFACE ( 'NONE', #5303, 0.2000000000000000944 ) ;
#8992 = DIRECTION ( 'NONE',  ( 1.121588454295349533E-16, -1.000000000000000000, 0.000000000000000000 ) ) ;
#8993 =( BOUNDED_CURVE ( )  B_SPLINE_CURVE ( 3, ( #2249, #3612, #2898, #8268 ),
 .UNSPECIFIED., .F., .F. ) 
 B_SPLINE_CURVE_WITH_KNOTS ( ( 4, 4 ),
 ( 3.924083526751088957, 4.712388980384689674 ),
 .UNSPECIFIED. ) 
 CURVE ( )  GEOMETRIC_REPRESENTATION_ITEM ( )  RATIONAL_B_SPLINE_CURVE ( ( 1.000000000000000000, 0.9488815137910379116, 0.9488815137910379116, 1.000000000000000000 ) ) 
 REPRESENTATION_ITEM ( '' )  );
#8994 = ORIENTED_EDGE ( 'NONE', *, *, #3209, .F. ) ;
#8995 = DIRECTION ( 'NONE',  ( 0.000000000000000000, 0.000000000000000000, 1.000000000000000000 ) ) ;
#8996 = VERTEX_POINT ( 'NONE', #2480 ) ;
#8997 = EDGE_CURVE ( 'NONE', #9121, #1468, #227, .T. ) ;
#8998 = MECHANICAL_DESIGN_GEOMETRIC_PRESENTATION_REPRESENTATION (  '', ( #408 ), #3689 ) ;
#8999 = STYLED_ITEM ( 'NONE', ( #4805 ), #50 ) ;
#9000 = CARTESIAN_POINT ( 'NONE',  ( -0.4633568989079023814, 1.700000000000002620, 0.3499999999999999778 ) ) ;
#9001 = DIRECTION ( 'NONE',  ( 0.000000000000000000, -0.000000000000000000, 1.000000000000000000 ) ) ;
#9002 = DIRECTION ( 'NONE',  ( -0.000000000000000000, 1.668003342285391551E-16, 1.000000000000000000 ) ) ;
#9003 = EDGE_CURVE ( 'NONE', #1468, #9431, #6354, .T. ) ;
#9004 = CARTESIAN_POINT ( 'NONE',  ( 9.834744180118196510, 5.589454083063165157, -0.3500000000000003109 ) ) ;
#9005 = EDGE_CURVE ( 'NONE', #8226, #4050, #6399, .T. ) ;
#9006 = PRESENTATION_LAYER_ASSIGNMENT (  '', '', ( #8382 ) ) ;
#9007 = CARTESIAN_POINT ( 'NONE',  ( 1.689360230209762115, 5.307482533055399188, 0.3499999999999998668 ) ) ;
#9008 = ORIENTED_EDGE ( 'NONE', *, *, #2210, .T. ) ;
#9009 = VECTOR ( 'NONE', #2154, 1000.000000000000000 ) ;
#9010 = CARTESIAN_POINT ( 'NONE',  ( 7.970000000000001528, -2.800000000000001155, 0.3499999999999997002 ) ) ;
#9011 = SURFACE_STYLE_FILL_AREA ( #6902 ) ;
#9012 = DIRECTION ( 'NONE',  ( -0.000000000000000000, -0.000000000000000000, -1.000000000000000000 ) ) ;
#9013 = CARTESIAN_POINT ( 'NONE',  ( 2.214744180118195516, 5.589454083063166046, 0.3499999999999998668 ) ) ;
#9014 = CARTESIAN_POINT ( 'NONE',  ( -0.9599994152017123916, 3.767448265748938763, -0.3499999999999999778 ) ) ;
#9015 = DIRECTION ( 'NONE',  ( -0.000000000000000000, -1.000000000000000000, 1.668003342285391551E-16 ) ) ;
#9016 = CARTESIAN_POINT ( 'NONE',  ( 3.540000000000000480, 0.8000000000000007105, 0.3499999999999998668 ) ) ;
#9017 = PRESENTATION_LAYER_ASSIGNMENT (  '', '', ( #9324 ) ) ;
#9018 = VERTEX_POINT ( 'NONE', #9317 ) ;
#9019 = STYLED_ITEM ( 'NONE', ( #7567 ), #9598 ) ;
#9020 = ORIENTED_EDGE ( 'NONE', *, *, #8170, .F. ) ;
#9021 = CARTESIAN_POINT ( 'NONE',  ( 6.620000000000000107, 6.500000000000000888, -0.3500000000000010880 ) ) ;
#9022 = VERTEX_POINT ( 'NONE', #5625 ) ;
#9023 = CARTESIAN_POINT ( 'NONE',  ( 7.171806954577857773, 5.884855341312110077, 0.3499999999999997002 ) ) ;
#9024 = DIRECTION ( 'NONE',  ( -0.000000000000000000, -1.668003342285388099E-16, -1.000000000000000000 ) ) ;
#9025 = CARTESIAN_POINT ( 'NONE',  ( 0.5218457338839795900, 5.626229152235330488, -0.3499999999999999778 ) ) ;
#9026 = EDGE_LOOP ( 'NONE', ( #5517, #9370, #8331, #825 ) ) ;
#9027 =( GEOMETRIC_REPRESENTATION_CONTEXT ( 3 ) GLOBAL_UNCERTAINTY_ASSIGNED_CONTEXT ( ( #8628 ) ) GLOBAL_UNIT_ASSIGNED_CONTEXT ( ( #1779, #5409, #6130 ) ) REPRESENTATION_CONTEXT ( 'NONE', 'WORKASPACE' ) );
#9028 = ORIENTED_EDGE ( 'NONE', *, *, #2765, .F. ) ;
#9029 = ADVANCED_FACE ( 'NONE', ( #6927 ), #5478, .F. ) ;
#9030 = DIRECTION ( 'NONE',  ( 0.000000000000000000, 0.000000000000000000, 1.000000000000000000 ) ) ;
#9031 = SURFACE_STYLE_USAGE ( .BOTH. , #2478 ) ;
#9032 = SURFACE_STYLE_FILL_AREA ( #2148 ) ;
#9033 = ORIENTED_EDGE ( 'NONE', *, *, #8580, .F. ) ;
#9034 = DIRECTION ( 'NONE',  ( 1.000000000000000000, 7.228014483236696555E-16, 0.000000000000000000 ) ) ;
#9035 = DIRECTION ( 'NONE',  ( 0.000000000000000000, 3.097720492815727166E-16, 1.000000000000000000 ) ) ;
#9036 = ORIENTED_EDGE ( 'NONE', *, *, #4457, .T. ) ;
#9037 = CARTESIAN_POINT ( 'NONE',  ( 10.16000000000000014, 0.5000000000000005551, 0.3499999999999996447 ) ) ;
#9038 = VERTEX_POINT ( 'NONE', #5820 ) ;
#9039 = EDGE_CURVE ( 'NONE', #787, #3639, #1257, .T. ) ;
#9040 = ADVANCED_FACE ( 'NONE', ( #8112 ), #7180, .T. ) ;
#9041 = LINE ( 'NONE', #7582, #9457 ) ;
#9042 = ORIENTED_EDGE ( 'NONE', *, *, #2971, .T. ) ;
#9043 = SURFACE_STYLE_USAGE ( .BOTH. , #87 ) ;
#9044 =( NAMED_UNIT ( * ) SI_UNIT ( $, .STERADIAN. ) SOLID_ANGLE_UNIT ( ) );
#9045 = COLOUR_RGB ( '',0.8313725490196077761, 0.6705882352941175961, 0.1294117647058823373 ) ;
#9046 = SURFACE_STYLE_USAGE ( .BOTH. , #7395 ) ;
#9047 = CARTESIAN_POINT ( 'NONE',  ( 1.596432165885827814, 4.104507585657485080, 0.3499999999999999223 ) ) ;
#9048 = ORIENTED_EDGE ( 'NONE', *, *, #2765, .T. ) ;
#9049 =( NAMED_UNIT ( * ) PLANE_ANGLE_UNIT ( ) SI_UNIT ( $, .RADIAN. ) );
#9050 = SURFACE_SIDE_STYLE ('',( #3928 ) ) ;
#9051 = EDGE_CURVE ( 'NONE', #68, #4854, #1778, .T. ) ;
#9052 = EDGE_CURVE ( 'NONE', #5899, #9633, #2743, .T. ) ;
#9053 = MECHANICAL_DESIGN_GEOMETRIC_PRESENTATION_REPRESENTATION (  '', ( #7342 ), #5940 ) ;
#9054 = SURFACE_STYLE_USAGE ( .BOTH. , #6083 ) ;
#9055 =( NAMED_UNIT ( * ) SI_UNIT ( $, .STERADIAN. ) SOLID_ANGLE_UNIT ( ) );
#9056 = LINE ( 'NONE', #5272, #1356 ) ;
#9057 = VECTOR ( 'NONE', #7105, 1000.000000000000000 ) ;
#9058 = CARTESIAN_POINT ( 'NONE',  ( -0.9999999999999993339, -1.121588454295348794E-16, 0.3499999999999999778 ) ) ;
#9059 = DIRECTION ( 'NONE',  ( -0.000000000000000000, 1.000000000000000000, -0.000000000000000000 ) ) ;
#9060 = SURFACE_STYLE_FILL_AREA ( #3936 ) ;
#9061 = VECTOR ( 'NONE', #7005, 1000.000000000000000 ) ;
#9062 = ORIENTED_EDGE ( 'NONE', *, *, #5974, .T. ) ;
#9063 = ADVANCED_FACE ( 'NONE', ( #1999 ), #5776, .F. ) ;
#9064 = VERTEX_POINT ( 'NONE', #9462 ) ;
#9065 = CARTESIAN_POINT ( 'NONE',  ( 0.3252558198818050750, 5.589454083063163381, -0.3499999999999999778 ) ) ;
#9066 = ORIENTED_EDGE ( 'NONE', *, *, #9570, .T. ) ;
#9067 = CARTESIAN_POINT ( 'NONE',  ( 6.719306504786380252, 4.786369049942376108, 0.3499999999999997002 ) ) ;
#9068 = CARTESIAN_POINT ( 'NONE',  ( 3.039999999999998259, 6.299999999999999822, 0.3499999999999998668 ) ) ;
#9069 = CARTESIAN_POINT ( 'NONE',  ( 3.540000000000000480, 1.800000000000000488, -0.3500000000000000888 ) ) ;
#9070 = ORIENTED_EDGE ( 'NONE', *, *, #9412, .F. ) ;
#9071 = VERTEX_POINT ( 'NONE', #8064 ) ;
#9072 = COLOUR_RGB ( '',0.8313725490196077761, 0.6705882352941175961, 0.1294117647058823373 ) ;
#9073 = EDGE_CURVE ( 'NONE', #4346, #814, #2790, .T. ) ;
#9074 = EDGE_CURVE ( 'NONE', #6844, #6091, #4291, .T. ) ;
#9075 = CARTESIAN_POINT ( 'NONE',  ( 2.540000000000000036, 6.500000000000000888, -1.155688030012021264E-15 ) ) ;
#9076 = SURFACE_STYLE_USAGE ( .BOTH. , #3953 ) ;
#9077 = DIRECTION ( 'NONE',  ( 0.000000000000000000, 0.000000000000000000, 1.000000000000000000 ) ) ;
#9078 = CARTESIAN_POINT ( 'NONE',  ( 3.484276979512004324, 4.091073788932194866, -0.3500000000000000888 ) ) ;
#9079 = VERTEX_POINT ( 'NONE', #3792 ) ;
#9080 = CIRCLE ( 'NONE', #2372, 0.1999999999999999833 ) ;
#9081 = LINE ( 'NONE', #4744, #581 ) ;
#9082 = EDGE_CURVE ( 'NONE', #3912, #916, #1306, .T. ) ;
#9083 = LINE ( 'NONE', #3088, #9607 ) ;
#9084 = FACE_OUTER_BOUND ( 'NONE', #8933, .T. ) ;
#9085 = ORIENTED_EDGE ( 'NONE', *, *, #4093, .T. ) ;
#9086 = CARTESIAN_POINT ( 'NONE',  ( 11.62999999999999723, 0.000000000000000000, -1.200000000000000400 ) ) ;
#9087 = ORIENTED_EDGE ( 'NONE', *, *, #5063, .F. ) ;
#9088 = CIRCLE ( 'NONE', #2067, 0.2000000000000000944 ) ;
#9089 = EDGE_LOOP ( 'NONE', ( #8067, #131, #1119, #7675 ) ) ;
#9090 = CARTESIAN_POINT ( 'NONE',  ( 10.50999999999999979, 8.000000000000000000, 0.3499999999999999778 ) ) ;
#9091 = FILL_AREA_STYLE ('',( #2397 ) ) ;
#9092 = ORIENTED_EDGE ( 'NONE', *, *, #607, .F. ) ;
#9093 = DIRECTION ( 'NONE',  ( -3.097720492815726426E-17, 1.000000000000000000, 0.000000000000000000 ) ) ;
#9094 = FILL_AREA_STYLE_COLOUR ( '', #7565 ) ;
#9095 = ORIENTED_EDGE ( 'NONE', *, *, #497, .T. ) ;
#9096 = CARTESIAN_POINT ( 'NONE',  ( 9.290384757729334808, 8.500000000000000000, -0.8696152422706663332 ) ) ;
#9097 = VECTOR ( 'NONE', #9512, 1000.000000000000000 ) ;
#9098 = AXIS2_PLACEMENT_3D ( 'NONE', #7590, #4663, #7448 ) ;
#9099 = CARTESIAN_POINT ( 'NONE',  ( 1.853245067392238710, 0.5000000000000002220, 0.3499999999999998668 ) ) ;
#9100 = CARTESIAN_POINT ( 'NONE',  ( 2.189999999999999947, 8.199999999999999289, -0.3499999999999999778 ) ) ;
#9101 = AXIS2_PLACEMENT_3D ( 'NONE', #2080, #5231, #9559 ) ;
#9102 = CARTESIAN_POINT ( 'NONE',  ( 5.432524015545779683, 5.732672356334978403, 0.3499999999999998113 ) ) ;
#9103 = PLANE ( 'NONE',  #2138 ) ;
#9104 = AXIS2_PLACEMENT_3D ( 'NONE', #6813, #8380, #9156 ) ;
#9105 = LINE ( 'NONE', #7650, #2749 ) ;
#9106 = FACE_OUTER_BOUND ( 'NONE', #4650, .T. ) ;
#9107 = CARTESIAN_POINT ( 'NONE',  ( 0.7350420104460861914, 6.043840788194751568, -0.3499999999999999223 ) ) ;
#9108 = SURFACE_SIDE_STYLE ('',( #6759 ) ) ;
#9109 = ORIENTED_EDGE ( 'NONE', *, *, #1568, .T. ) ;
#9110 = ORIENTED_EDGE ( 'NONE', *, *, #3858, .T. ) ;
#9111 = STYLED_ITEM ( 'NONE', ( #6089 ), #1266 ) ;
#9112 = AXIS2_PLACEMENT_3D ( 'NONE', #6359, #2092, #8022 ) ;
#9113 = SURFACE_SIDE_STYLE ('',( #59 ) ) ;
#9114 = ORIENTED_EDGE ( 'NONE', *, *, #6517, .F. ) ;
#9115 = DIRECTION ( 'NONE',  ( -0.000000000000000000, -0.000000000000000000, -1.000000000000000000 ) ) ;
#9116 =( GEOMETRIC_REPRESENTATION_CONTEXT ( 3 ) GLOBAL_UNCERTAINTY_ASSIGNED_CONTEXT ( ( #6899 ) ) GLOBAL_UNIT_ASSIGNED_CONTEXT ( ( #615, #7219, #4388 ) ) REPRESENTATION_CONTEXT ( 'NONE', 'WORKASPACE' ) );
#9117 = PLANE ( 'NONE',  #2305 ) ;
#9118 = EDGE_CURVE ( 'NONE', #5006, #7807, #135, .T. ) ;
#9119 = COLOUR_RGB ( '',0.8313725490196077761, 0.6705882352941175961, 0.1294117647058823373 ) ;
#9120 = CARTESIAN_POINT ( 'NONE',  ( 10.16000000000000014, -3.000000000000000000, 0.3499999999999996447 ) ) ;
#9121 = VERTEX_POINT ( 'NONE', #9663 ) ;
#9122 = ORIENTED_EDGE ( 'NONE', *, *, #5892, .T. ) ;
#9123 = CARTESIAN_POINT ( 'NONE',  ( 10.48525581988180555, 5.589454083063163381, 0.3499999999999996447 ) ) ;
#9124 = LINE ( 'NONE', #8395, #6817 ) ;
#9125 = FILL_AREA_STYLE ('',( #1803 ) ) ;
#9126 = CARTESIAN_POINT ( 'NONE',  ( 3.325140250919767393, 5.788964205960195564, -0.3500000000000000888 ) ) ;
#9127 = ORIENTED_EDGE ( 'NONE', *, *, #1602, .T. ) ;
#9128 = FACE_OUTER_BOUND ( 'NONE', #4706, .T. ) ;
#9129 = CARTESIAN_POINT ( 'NONE',  ( 11.02783488670080914, 5.142569796484737665, 0.3499999999999995892 ) ) ;
#9130 = CARTESIAN_POINT ( 'NONE',  ( 9.834744180118196510, 5.589454083063166046, -0.3500000000000003109 ) ) ;
#9131 = VERTEX_POINT ( 'NONE', #1782 ) ;
#9132 = ORIENTED_EDGE ( 'NONE', *, *, #6806, .F. ) ;
#9133 = SURFACE_STYLE_FILL_AREA ( #84 ) ;
#9134 = VECTOR ( 'NONE', #9030, 1000.000000000000000 ) ;
#9135 = EDGE_CURVE ( 'NONE', #3043, #2037, #2258, .T. ) ;
#9136 = CARTESIAN_POINT ( 'NONE',  ( 9.160000000000001918, 1.800000000000000488, -0.1283333333333338266 ) ) ;
#9137 = FILL_AREA_STYLE ('',( #1630 ) ) ;
#9138 = CARTESIAN_POINT ( 'NONE',  ( 9.810000000000000497, 0.000000000000000000, 0.3499999999999999778 ) ) ;
#9139 = ORIENTED_EDGE ( 'NONE', *, *, #8003, .F. ) ;
#9140 =( NAMED_UNIT ( * ) PLANE_ANGLE_UNIT ( ) SI_UNIT ( $, .RADIAN. ) );
#9141 = CARTESIAN_POINT ( 'NONE',  ( 5.432524015545779683, 5.732672356334978403, -0.3500000000000001443 ) ) ;
#9142 = DIRECTION ( 'NONE',  ( -1.000000000000000000, 0.000000000000000000, 0.000000000000000000 ) ) ;
#9143 = ORIENTED_EDGE ( 'NONE', *, *, #6750, .F. ) ;
#9144 = LINE ( 'NONE', #1822, #6326 ) ;
#9145 = VECTOR ( 'NONE', #9495, 1000.000000000000000 ) ;
#9146 = CARTESIAN_POINT ( 'NONE',  ( 8.265466478527304872, 3.877691542223589138, 0.3499999999999997002 ) ) ;
#9147 = UNCERTAINTY_MEASURE_WITH_UNIT (LENGTH_MEASURE( 1.000000000000000082E-05 ), #1307, 'distance_accuracy_value', 'NONE');
#9148 = EDGE_CURVE ( 'NONE', #5351, #3302, #1790, .T. ) ;
#9149 = CARTESIAN_POINT ( 'NONE',  ( -0.3525240155457798341, 5.732672356334980179, 0.3499999999999999778 ) ) ;
#9150 = DIRECTION ( 'NONE',  ( 3.097720492815726426E-17, -1.000000000000000000, 0.000000000000000000 ) ) ;
#9152 = VECTOR ( 'NONE', #3851, 1000.000000000000000 ) ;
#9151 =( NAMED_UNIT ( * ) PLANE_ANGLE_UNIT ( ) SI_UNIT ( $, .RADIAN. ) );
#9153 = CARTESIAN_POINT ( 'NONE',  ( 10.94712199250159301, 5.777242093666580480, 0.3499999999999997558 ) ) ;
#9154 = CARTESIAN_POINT ( 'NONE',  ( 1.540000000000000480, 1.800000000000000488, 0.3499999999999998668 ) ) ;
#9155 = CARTESIAN_POINT ( 'NONE',  ( 10.31000000000000405, -3.000000000000000000, 0.3499999999999996447 ) ) ;
#9156 = DIRECTION ( 'NONE',  ( 0.000000000000000000, -0.000000000000000000, -1.000000000000000000 ) ) ;
#9157 = ORIENTED_EDGE ( 'NONE', *, *, #1777, .F. ) ;
#9158 = AXIS2_PLACEMENT_3D ( 'NONE', #1699, #4679, #5330 ) ;
#9159 = ORIENTED_EDGE ( 'NONE', *, *, #2295, .T. ) ;
#9160 = AXIS2_PLACEMENT_3D ( 'NONE', #1463, #6685, #2894 ) ;
#9161 = EDGE_CURVE ( 'NONE', #4891, #5567, #7471, .T. ) ;
#9162 = ORIENTED_EDGE ( 'NONE', *, *, #5261, .T. ) ;
#9163 = PLANE ( 'NONE',  #7074 ) ;
#9164 = PLANE ( 'NONE',  #6523 ) ;
#9165 = ORIENTED_EDGE ( 'NONE', *, *, #2444, .F. ) ;
#9166 = ORIENTED_EDGE ( 'NONE', *, *, #8530, .T. ) ;
#9167 = EDGE_CURVE ( 'NONE', #3240, #391, #3698, .T. ) ;
#9168 = VECTOR ( 'NONE', #1612, 1000.000000000000000 ) ;
#9169 = EDGE_CURVE ( 'NONE', #3175, #6300, #870, .T. ) ;
#9170 = CARTESIAN_POINT ( 'NONE',  ( 0.7000000000000006217, 0.5000000000000006661, 0.3499999999999999778 ) ) ;
#9171 = CARTESIAN_POINT ( 'NONE',  ( -0.5999999999999996447, 6.299999999999999822, 0.1283333333333336046 ) ) ;
#9172 = LINE ( 'NONE', #3404, #7401 ) ;
#9173 = ORIENTED_EDGE ( 'NONE', *, *, #4161, .F. ) ;
#9174 =( LENGTH_UNIT ( ) NAMED_UNIT ( * ) SI_UNIT ( .MILLI., .METRE. ) );
#9175 = VECTOR ( 'NONE', #8576, 1000.000000000000000 ) ;
#9176 = DIRECTION ( 'NONE',  ( 1.000000000000000000, 0.000000000000000000, 0.000000000000000000 ) ) ;
#9177 = CARTESIAN_POINT ( 'NONE',  ( 8.306754932607761432, 10.39117142264903570, -0.6500000000000030198 ) ) ;
#9178 = VERTEX_POINT ( 'NONE', #5955 ) ;
#9179 = EDGE_LOOP ( 'NONE', ( #8574, #7702, #1010, #2998 ) ) ;
#9180 = CARTESIAN_POINT ( 'NONE',  ( 11.10250002994475693, 4.124619419408674936, -0.3500000000000001998 ) ) ;
#9181 = FACE_OUTER_BOUND ( 'NONE', #5372, .T. ) ;
#9182 = UNCERTAINTY_MEASURE_WITH_UNIT (LENGTH_MEASURE( 1.000000000000000082E-05 ), #3020, 'distance_accuracy_value', 'NONE');
#9183 = ORIENTED_EDGE ( 'NONE', *, *, #4054, .F. ) ;
#9184 = CARTESIAN_POINT ( 'NONE',  ( 5.430000000000000604, 0.000000000000000000, 0.3499999999999999778 ) ) ;
#9185 = PRESENTATION_STYLE_ASSIGNMENT (( #338 ) ) ;
#9186 = PRESENTATION_STYLE_ASSIGNMENT (( #4613 ) ) ;
#9187 = CARTESIAN_POINT ( 'NONE',  ( 1.595304513043835470, 4.083092593512597901, 0.3499999999999999223 ) ) ;
#9188 = VERTEX_POINT ( 'NONE', #3746 ) ;
#9189 = CARTESIAN_POINT ( 'NONE',  ( 9.373947113514017104, 5.783587059575307165, 0.3499999999999997002 ) ) ;
#9190 = CARTESIAN_POINT ( 'NONE',  ( 1.000000000000000000, 0.5000000000000000000, -0.3500000000000000888 ) ) ;
#9191 = UNCERTAINTY_MEASURE_WITH_UNIT (LENGTH_MEASURE( 1.000000000000000082E-05 ), #5629, 'distance_accuracy_value', 'NONE');
#9192 = CARTESIAN_POINT ( 'NONE',  ( 2.187475984454220423, 5.732672356334980179, -0.3500000000000000888 ) ) ;
#9193 = DIRECTION ( 'NONE',  ( 1.000000000000000000, 0.000000000000000000, 0.000000000000000000 ) ) ;
#9194 = DIRECTION ( 'NONE',  ( 0.000000000000000000, 1.668003342285391551E-16, 1.000000000000000000 ) ) ;
#9195 = MECHANICAL_DESIGN_GEOMETRIC_PRESENTATION_REPRESENTATION (  '', ( #2488 ), #1931 ) ;
#9196 = EDGE_CURVE ( 'NONE', #9320, #2209, #1014, .T. ) ;
#9197 = CARTESIAN_POINT ( 'NONE',  ( 5.725466478527304837, 3.877691542223584698, -0.3500000000000001443 ) ) ;
#9198 = CARTESIAN_POINT ( 'NONE',  ( -0.3500000000000000333, 8.199999999999999289, 0.3499999999999999778 ) ) ;
#9199 = CARTESIAN_POINT ( 'NONE',  ( 4.155941859282680895, 4.443591676418676251, 0.3499999999999997558 ) ) ;
#9200 = ADVANCED_FACE ( 'NONE', ( #63 ), #3582, .T. ) ;
#9201 = ORIENTED_EDGE ( 'NONE', *, *, #8487, .F. ) ;
#9202 = UNCERTAINTY_MEASURE_WITH_UNIT (LENGTH_MEASURE( 1.000000000000000082E-05 ), #5806, 'distance_accuracy_value', 'NONE');
#9203 = FACE_OUTER_BOUND ( 'NONE', #7554, .T. ) ;
#9204 = MECHANICAL_DESIGN_GEOMETRIC_PRESENTATION_REPRESENTATION (  '', ( #311 ), #4067 ) ;
#9205 = ORIENTED_EDGE ( 'NONE', *, *, #2530, .T. ) ;
#9206 =( NAMED_UNIT ( * ) PLANE_ANGLE_UNIT ( ) SI_UNIT ( $, .RADIAN. ) );
#9207 = FACE_OUTER_BOUND ( 'NONE', #7049, .T. ) ;
#9208 = VERTEX_POINT ( 'NONE', #7801 ) ;
#9209 = EDGE_CURVE ( 'NONE', #4697, #3963, #9391, .T. ) ;
#9210 = ORIENTED_EDGE ( 'NONE', *, *, #7802, .T. ) ;
#9211 = VERTEX_POINT ( 'NONE', #1979 ) ;
#9212 = ADVANCED_FACE ( 'NONE', ( #5026 ), #1284, .T. ) ;
#9213 = CARTESIAN_POINT ( 'NONE',  ( 7.270000000000001350, -2.800000000000001155, 0.3499999999999997002 ) ) ;
#9214 = CARTESIAN_POINT ( 'NONE',  ( 0.000000000000000000, 0.000000000000000000, -0.3499999999999999778 ) ) ;
#9215 = DIRECTION ( 'NONE',  ( -0.000000000000000000, -1.000000000000000000, -0.000000000000000000 ) ) ;
#9216 = SURFACE_STYLE_FILL_AREA ( #1902 ) ;
#9217 = LINE ( 'NONE', #2528, #9487 ) ;
#9218 = ORIENTED_EDGE ( 'NONE', *, *, #1869, .T. ) ;
#9219 = DIRECTION ( 'NONE',  ( 0.7071067811865474617, 0.7071067811865474617, -0.000000000000000000 ) ) ;
#9220 =( LENGTH_UNIT ( ) NAMED_UNIT ( * ) SI_UNIT ( .MILLI., .METRE. ) );
#9221 =( NAMED_UNIT ( * ) PLANE_ANGLE_UNIT ( ) SI_UNIT ( $, .RADIAN. ) );
#9222 = ORIENTED_EDGE ( 'NONE', *, *, #4968, .F. ) ;
#9223 = EDGE_CURVE ( 'NONE', #9408, #1957, #7954, .T. ) ;
#9224 = ORIENTED_EDGE ( 'NONE', *, *, #8504, .F. ) ;
#9225 = DIRECTION ( 'NONE',  ( 0.000000000000000000, 3.097720492815727166E-16, 1.000000000000000000 ) ) ;
#9226 = DIRECTION ( 'NONE',  ( 0.000000000000000000, 1.668003342285388099E-16, 1.000000000000000000 ) ) ;
#9227 = MECHANICAL_DESIGN_GEOMETRIC_PRESENTATION_REPRESENTATION (  '', ( #2212 ), #4240 ) ;
#9228 = DIRECTION ( 'NONE',  ( 1.000000000000000000, -1.301042606982607530E-14, 0.000000000000000000 ) ) ;
#9229 = FILL_AREA_STYLE_COLOUR ( '', #3397 ) ;
#9230 = EDGE_LOOP ( 'NONE', ( #8819, #8782, #3231, #5870 ) ) ;
#9231 = FILL_AREA_STYLE ('',( #7733 ) ) ;
#9232 = CARTESIAN_POINT ( 'NONE',  ( 2.890000000000000124, 8.199999999999999289, 0.3499999999999999778 ) ) ;
#9233 = DIRECTION ( 'NONE',  ( -0.000000000000000000, -0.000000000000000000, 1.000000000000000000 ) ) ;
#9234 = ORIENTED_EDGE ( 'NONE', *, *, #2882, .F. ) ;
#9235 = ADVANCED_FACE ( 'NONE', ( #4264 ), #6274, .F. ) ;
#9236 =( NAMED_UNIT ( * ) SI_UNIT ( $, .STERADIAN. ) SOLID_ANGLE_UNIT ( ) );
#9237 = CARTESIAN_POINT ( 'NONE',  ( 3.226754932607761805, 8.000000000000000000, -0.6500000000000025757 ) ) ;
#9238 = STYLED_ITEM ( 'NONE', ( #3041 ), #7393 ) ;
#9239 =( BOUNDED_SURFACE ( )  B_SPLINE_SURFACE ( 3, 1, ( 
 ( #8371, #3927 ),
 ( #2604, #7645 ),
 ( #7738, #4023 ),
 ( #1727, #1035 ) ),
 .UNSPECIFIED., .F., .F., .F. ) 
 B_SPLINE_SURFACE_WITH_KNOTS ( ( 4, 4 ),
 ( 2, 2 ),
 ( 0.000000000000000000, 1.000000000000000000 ),
 ( 0.000000000000000000, 1.000000000000000000 ),
 .UNSPECIFIED. ) 
 GEOMETRIC_REPRESENTATION_ITEM ( )  RATIONAL_B_SPLINE_SURFACE ( (
 ( 1.000000000000000000, 1.000000000000000000),
 ( 0.9488815137910384667, 0.9488815137910384667),
 ( 0.9488815137910384667, 0.9488815137910384667),
 ( 1.000000000000000000, 1.000000000000000000) ) ) 
 REPRESENTATION_ITEM ( '' )  SURFACE ( )  );
#9240 = DIRECTION ( 'NONE',  ( 1.000000000000000000, 0.000000000000000000, 0.000000000000000000 ) ) ;
#9241 = CARTESIAN_POINT ( 'NONE',  ( 2.890000000000001013, -2.800000000000001155, -0.3500000000000000888 ) ) ;
#9242 = CARTESIAN_POINT ( 'NONE',  ( 8.620000000000000995, 1.800000000000000488, 0.3499999999999997002 ) ) ;
#9243 = CARTESIAN_POINT ( 'NONE',  ( 2.189999999999999947, 8.199999999999999289, -0.3499999999999999778 ) ) ;
#9244 = PRESENTATION_LAYER_ASSIGNMENT (  '', '', ( #3462 ) ) ;
#9245 = DIRECTION ( 'NONE',  ( -1.000000000000000000, -0.000000000000000000, -0.000000000000000000 ) ) ;
#9246 = CARTESIAN_POINT ( 'NONE',  ( 5.430000000000000604, 8.000000000000000000, 0.3499999999999999778 ) ) ;
#9247 = CARTESIAN_POINT ( 'NONE',  ( 1.000000000000000444, 1.800000000000000488, -0.3499999999999999778 ) ) ;
#9248 = DIRECTION ( 'NONE',  ( -0.000000000000000000, 0.000000000000000000, 1.000000000000000000 ) ) ;
#9249 = ORIENTED_EDGE ( 'NONE', *, *, #5048, .F. ) ;
#9250 = CARTESIAN_POINT ( 'NONE',  ( 9.560000000000000497, 6.299999999999999822, -0.1166666666666670710 ) ) ;
#9251 = ORIENTED_EDGE ( 'NONE', *, *, #9638, .F. ) ;
#9252 = EDGE_CURVE ( 'NONE', #7464, #5529, #7410, .T. ) ;
#9253 = COLOUR_RGB ( '',0.8313725490196077761, 0.6705882352941175961, 0.1294117647058823373 ) ;
#9254 = CARTESIAN_POINT ( 'NONE',  ( 8.619999999999999218, 6.299999999999999822, -0.1283333333333337434 ) ) ;
#9255 = FILL_AREA_STYLE_COLOUR ( '', #6200 ) ;
#9256 = ORIENTED_EDGE ( 'NONE', *, *, #7879, .T. ) ;
#9257 = FILL_AREA_STYLE_COLOUR ( '', #1144 ) ;
#9258 = PRESENTATION_LAYER_ASSIGNMENT (  '', '', ( #8951 ) ) ;
#9259 = AXIS2_PLACEMENT_3D ( 'NONE', #4268, #495, #4416 ) ;
#9260 = ORIENTED_EDGE ( 'NONE', *, *, #3946, .T. ) ;
#9261 = VECTOR ( 'NONE', #8157, 1000.000000000000000 ) ;
#9262 = ORIENTED_EDGE ( 'NONE', *, *, #7450, .T. ) ;
#9263 = COLOUR_RGB ( '',0.8313725490196077761, 0.6705882352941175961, 0.1294117647058823373 ) ;
#9264 = DIRECTION ( 'NONE',  ( 0.000000000000000000, 0.000000000000000000, -1.000000000000000000 ) ) ;
#9265 = CARTESIAN_POINT ( 'NONE',  ( 9.160000000000001918, 6.500000000000000888, 0.3499999999999989231 ) ) ;
#9266 = MECHANICAL_DESIGN_GEOMETRIC_PRESENTATION_REPRESENTATION (  '', ( #6617 ), #2411 ) ;
#9267 = CARTESIAN_POINT ( 'NONE',  ( 0.6000000000000005329, 6.299999999999999822, 0.1283333333333333270 ) ) ;
#9268 = DIRECTION ( 'NONE',  ( 0.000000000000000000, 0.000000000000000000, -1.000000000000000000 ) ) ;
#9269 = DIRECTION ( 'NONE',  ( -1.000000000000000000, 0.000000000000000000, 7.744301232039316681E-17 ) ) ;
#9270 = CARTESIAN_POINT ( 'NONE',  ( 5.949615242270667181, 8.500000000000000000, -0.8696152422706664442 ) ) ;
#9271 = AXIS2_PLACEMENT_3D ( 'NONE', #2055, #9534, #5058 ) ;
#9272 = VERTEX_POINT ( 'NONE', #7109 ) ;
#9273 = CARTESIAN_POINT ( 'NONE',  ( 10.94815692900434279, 5.771059683742178592, 0.3499999999999996447 ) ) ;
#9274 = CARTESIAN_POINT ( 'NONE',  ( 2.890000000000000124, 8.199999999999999289, -0.3500000000000000333 ) ) ;
#9275 = ORIENTED_EDGE ( 'NONE', *, *, #8543, .T. ) ;
#9276 = EDGE_CURVE ( 'NONE', #4346, #963, #6378, .T. ) ;
#9277 = ORIENTED_EDGE ( 'NONE', *, *, #969, .T. ) ;
#9278 = ADVANCED_FACE ( 'NONE', ( #3339 ), #1193, .T. ) ;
#9279 = LINE ( 'NONE', #4245, #7765 ) ;
#9280 = CARTESIAN_POINT ( 'NONE',  ( 4.754744180118195551, 5.589454083063166046, -0.3500000000000001443 ) ) ;
#9281 = CARTESIAN_POINT ( 'NONE',  ( 3.401229900893845137, 5.207834124282261001, 0.3499999999999998668 ) ) ;
#9283 = VERTEX_POINT ( 'NONE', #4320 ) ;
#9282 = COLOUR_RGB ( '',0.8313725490196077761, 0.6705882352941175961, 0.1294117647058823373 ) ;
#9284 = FACE_OUTER_BOUND ( 'NONE', #8898, .T. ) ;
#9285 = LINE ( 'NONE', #8512, #3049 ) ;
#9286 = EDGE_LOOP ( 'NONE', ( #7781, #7686, #2038, #5646 ) ) ;
#9287 = CARTESIAN_POINT ( 'NONE',  ( 9.215723020487988748, 4.091073788932123811, 0.3499999999999996447 ) ) ;
#9288 =( LENGTH_UNIT ( ) NAMED_UNIT ( * ) SI_UNIT ( .MILLI., .METRE. ) );
#9289 = CARTESIAN_POINT ( 'NONE',  ( 8.601660679612406213, 3.374693912578980548, -0.3500000000000003109 ) ) ;
#9290 = DIRECTION ( 'NONE',  ( -3.097720492815726426E-17, 1.000000000000000000, 0.000000000000000000 ) ) ;
#9291 = ADVANCED_FACE ( 'NONE', ( #3723 ), #7247, .F. ) ;
#9292 = ADVANCED_FACE ( 'NONE', ( #3671 ), #6518, .T. ) ;
#9293 = CARTESIAN_POINT ( 'NONE',  ( 6.080000000000000959, 0.8000000000000007105, 0.3499999999999998113 ) ) ;
#9294 = LINE ( 'NONE', #6273, #5216 ) ;
#9295 = CIRCLE ( 'NONE', #2125, 0.2999999999999999889 ) ;
#9296 = FILL_AREA_STYLE ('',( #5554 ) ) ;
#9297 = CARTESIAN_POINT ( 'NONE',  ( 0.9435678341141576775, 4.104507585657627189, -0.3500000000000000333 ) ) ;
#9298 = SURFACE_SIDE_STYLE ('',( #7804 ) ) ;
#9299 = VERTEX_POINT ( 'NONE', #5800 ) ;
#9300 = EDGE_LOOP ( 'NONE', ( #6393, #2636, #4555, #7488 ) ) ;
#9301 = DIRECTION ( 'NONE',  ( -0.000000000000000000, -0.000000000000000000, 1.000000000000000000 ) ) ;
#9302 = VECTOR ( 'NONE', #6890, 1000.000000000000000 ) ;
#9303 = DIRECTION ( 'NONE',  ( 0.000000000000000000, 0.000000000000000000, -1.000000000000000000 ) ) ;
#9304 = LINE ( 'NONE', #5611, #3719 ) ;
#9305 = SURFACE_STYLE_USAGE ( .BOTH. , #6342 ) ;
#9306 = EDGE_LOOP ( 'NONE', ( #1312, #3943, #19, #1162 ) ) ;
#9307 =( LENGTH_UNIT ( ) NAMED_UNIT ( * ) SI_UNIT ( .MILLI., .METRE. ) );
#9308 = VECTOR ( 'NONE', #6313, 1000.000000000000000 ) ;
#9310 = STYLED_ITEM ( 'NONE', ( #8351 ), #318 ) ;
#9309 = UNCERTAINTY_MEASURE_WITH_UNIT (LENGTH_MEASURE( 1.000000000000000082E-05 ), #5256, 'distance_accuracy_value', 'NONE');
#9311 = LINE ( 'NONE', #3266, #1363 ) ;
#9312 = VERTEX_POINT ( 'NONE', #9541 ) ;
#9313 = ORIENTED_EDGE ( 'NONE', *, *, #3951, .F. ) ;
#9314 = CARTESIAN_POINT ( 'NONE',  ( 2.892524015545778759, 5.732672356334978403, 0.3499999999999998668 ) ) ;
#9315 = CARTESIAN_POINT ( 'NONE',  ( 1.000000000000000444, 1.800000000000000488, 0.3849999999999998979 ) ) ;
#9316 = CARTESIAN_POINT ( 'NONE',  ( 8.593046200924455036, 3.450480068927960886, 0.3499999999999997558 ) ) ;
#9317 = CARTESIAN_POINT ( 'NONE',  ( -1.469999999999999973, 1.601149768326593145E-16, 0.6500000000000012434 ) ) ;
#9318 = VERTEX_POINT ( 'NONE', #2205 ) ;
#9319 = CARTESIAN_POINT ( 'NONE',  ( -1.574999999999999289, -1.575000000000006173, 0.3499999999999999778 ) ) ;
#9320 = VERTEX_POINT ( 'NONE', #8759 ) ;
#9321 = EDGE_CURVE ( 'NONE', #7115, #3639, #2057, .T. ) ;
#9322 = CARTESIAN_POINT ( 'NONE',  ( 6.620000000000000107, 6.500000000000000888, 0.3499999999999989231 ) ) ;
#9323 = ADVANCED_FACE ( 'NONE', ( #9641 ), #7646, .T. ) ;
#9324 = STYLED_ITEM ( 'NONE', ( #1438 ), #5294 ) ;
#9325 = VERTEX_POINT ( 'NONE', #140 ) ;
#9326 =( LENGTH_UNIT ( ) NAMED_UNIT ( * ) SI_UNIT ( .MILLI., .METRE. ) );
#9327 = CARTESIAN_POINT ( 'NONE',  ( 11.01783856258393790, 5.240363704783927545, -0.3500000000000003109 ) ) ;
#9328 =( LENGTH_UNIT ( ) NAMED_UNIT ( * ) SI_UNIT ( .MILLI., .METRE. ) );
#9329 = DIRECTION ( 'NONE',  ( -0.7071067811865461294, -0.7071067811865490160, 0.000000000000000000 ) ) ;
#9330 = CARTESIAN_POINT ( 'NONE',  ( 3.407834886700807253, 5.142569796484737665, 0.3499999999999997558 ) ) ;
#9331 = FACE_OUTER_BOUND ( 'NONE', #240, .T. ) ;
#9332 = VECTOR ( 'NONE', #8723, 1000.000000000000000 ) ;
#9333 = ORIENTED_EDGE ( 'NONE', *, *, #3892, .T. ) ;
#9334 = CARTESIAN_POINT ( 'NONE',  ( 11.62999999999999723, 0.5000000000000000000, -0.6499999999999989120 ) ) ;
#9335 = LINE ( 'NONE', #2600, #1781 ) ;
#9336 = VERTEX_POINT ( 'NONE', #1721 ) ;
#9337 = DIRECTION ( 'NONE',  ( 0.000000000000000000, 1.668003342285391551E-16, 1.000000000000000000 ) ) ;
#9338 = EDGE_CURVE ( 'NONE', #6907, #970, #6076, .T. ) ;
#9339 = DIRECTION ( 'NONE',  ( 0.000000000000000000, -0.000000000000000000, -1.000000000000000000 ) ) ;
#9340 = CARTESIAN_POINT ( 'NONE',  ( -0.3499999999999991451, 0.5000000000000005551, -0.3499999999999999778 ) ) ;
#9341 = VECTOR ( 'NONE', #8281, 1000.000000000000000 ) ;
#9342 = VECTOR ( 'NONE', #2944, 1000.000000000000000 ) ;
#9343 = EDGE_CURVE ( 'NONE', #6300, #1220, #7491, .T. ) ;
#9344 = PLANE ( 'NONE',  #5180 ) ;
#9345 = CARTESIAN_POINT ( 'NONE',  ( 4.080000000000000959, -1.121588454295348794E-16, 0.3499999999999998113 ) ) ;
#9346 = FACE_OUTER_BOUND ( 'NONE', #6369, .T. ) ;
#9347 = CARTESIAN_POINT ( 'NONE',  ( -0.7867584960353884993, 5.779404586027638402, 0.3499999999999999778 ) ) ;
#9348 = FILL_AREA_STYLE_COLOUR ( '', #852 ) ;
#9349 = CARTESIAN_POINT ( 'NONE',  ( 5.841220786870199078, 5.920464898423897004, -0.3500000000000001443 ) ) ;
#9350 = CARTESIAN_POINT ( 'NONE',  ( 4.293947113514015257, 5.783587059575308054, 0.3499999999999997558 ) ) ;
#9351 =( NAMED_UNIT ( * ) SI_UNIT ( $, .STERADIAN. ) SOLID_ANGLE_UNIT ( ) );
#9352 = DIRECTION ( 'NONE',  ( -0.000000000000000000, -0.000000000000000000, -1.000000000000000000 ) ) ;
#9353 = EDGE_CURVE ( 'NONE', #5252, #9299, #3100, .T. ) ;
#9354 = EDGE_LOOP ( 'NONE', ( #3104, #3690, #8073, #9201 ) ) ;
#9355 = PLANE ( 'NONE',  #2496 ) ;
#9356 =( LENGTH_UNIT ( ) NAMED_UNIT ( * ) SI_UNIT ( .MILLI., .METRE. ) );
#9357 = ORIENTED_EDGE ( 'NONE', *, *, #3147, .F. ) ;
#9358 = CARTESIAN_POINT ( 'NONE',  ( 10.16000000000000014, 6.500000000000000888, -1.155688030012021264E-15 ) ) ;
#9359 = AXIS2_PLACEMENT_3D ( 'NONE', #8764, #6524, #5075 ) ;
#9360 = UNCERTAINTY_MEASURE_WITH_UNIT (LENGTH_MEASURE( 1.000000000000000082E-05 ), #3875, 'distance_accuracy_value', 'NONE');
#9361 = APPLICATION_PROTOCOL_DEFINITION ( 'draft international standard', 'automotive_design', 1998, #133 ) ;
#9362 = ORIENTED_EDGE ( 'NONE', *, *, #8627, .T. ) ;
#9363 = EDGE_LOOP ( 'NONE', ( #9509, #5037, #7285, #312 ) ) ;
#9364 = UNCERTAINTY_MEASURE_WITH_UNIT (LENGTH_MEASURE( 1.000000000000000082E-05 ), #6638, 'distance_accuracy_value', 'NONE');
#9365 = AXIS2_PLACEMENT_3D ( 'NONE', #8714, #9590, #4262 ) ;
#9366 = CARTESIAN_POINT ( 'NONE',  ( 3.039999999999998259, 6.084152315493285279, 0.3499999999999998668 ) ) ;
#9367 = CARTESIAN_POINT ( 'NONE',  ( 0.6000000000000005329, 6.299999999999999822, -0.3849999999999999534 ) ) ;
#9368 = CARTESIAN_POINT ( 'NONE',  ( 8.565296937195549631, 4.071564961060393451, 0.3499999999999997002 ) ) ;
#9369 = CARTESIAN_POINT ( 'NONE',  ( 3.540000000000000480, 1.800000000000000488, -0.3500000000000000888 ) ) ;
#9370 = ORIENTED_EDGE ( 'NONE', *, *, #4612, .F. ) ;
#9371 = ORIENTED_EDGE ( 'NONE', *, *, #5528, .F. ) ;
#9372 = AXIS2_PLACEMENT_3D ( 'NONE', #2277, #6910, #4678 ) ;
#9373 = CARTESIAN_POINT ( 'NONE',  ( 4.616643101092098078, 1.700000000000000400, -0.3500000000000001443 ) ) ;
#9374 = ORIENTED_EDGE ( 'NONE', *, *, #5462, .F. ) ;
#9375 = EDGE_CURVE ( 'NONE', #8471, #9682, #8455, .T. ) ;
#9376 = CARTESIAN_POINT ( 'NONE',  ( 11.09997988437442906, 4.171275002134770205, -0.3500000000000003109 ) ) ;
#9377 = SURFACE_SIDE_STYLE ('',( #4108 ) ) ;
#9378 = PRESENTATION_STYLE_ASSIGNMENT (( #7142 ) ) ;
#9379 = CARTESIAN_POINT ( 'NONE',  ( 3.332485366313218567, 5.744802409713649638, 0.3499999999999998668 ) ) ;
#9380 = EDGE_CURVE ( 'NONE', #5711, #8510, #6943, .T. ) ;
#9381 = VERTEX_POINT ( 'NONE', #2400 ) ;
#9382 = SURFACE_STYLE_FILL_AREA ( #5685 ) ;
#9383 = DIRECTION ( 'NONE',  ( 1.000000000000000000, 1.084202172485504434E-16, 0.000000000000000000 ) ) ;
#9384 = CARTESIAN_POINT ( 'NONE',  ( 9.810000000000000497, 8.199999999999999289, -0.3499999999999999778 ) ) ;
#9385 = ORIENTED_EDGE ( 'NONE', *, *, #7427, .F. ) ;
#9386 = SURFACE_SIDE_STYLE ('',( #4970 ) ) ;
#9387 = DIRECTION ( 'NONE',  ( -1.000000000000000000, 0.000000000000000000, 0.000000000000000000 ) ) ;
#9388 = PRESENTATION_STYLE_ASSIGNMENT (( #6421 ) ) ;
#9389 = CARTESIAN_POINT ( 'NONE',  ( 10.51252401554577887, 5.732672356334978403, 0.3499999999999996447 ) ) ;
#9390 = LINE ( 'NONE', #4876, #2716 ) ;
#9391 = LINE ( 'NONE', #304, #8959 ) ;
#9392 = DIRECTION ( 'NONE',  ( 3.310540984688563971E-17, -0.000000000000000000, 1.000000000000000000 ) ) ;
#9393 = CARTESIAN_POINT ( 'NONE',  ( 4.299430448028449980, 5.815522798723462117, 0.3499999999999998113 ) ) ;
#9394 = PRESENTATION_STYLE_ASSIGNMENT (( #1287 ) ) ;
#9395 = VECTOR ( 'NONE', #7831, 1000.000000000000000 ) ;
#9396 = LINE ( 'NONE', #3257, #6153 ) ;
#9397 = ORIENTED_EDGE ( 'NONE', *, *, #1826, .T. ) ;
#9398 = DIRECTION ( 'NONE',  ( -3.872150616019656492E-17, -0.8660254037844388186, -0.4999999999999997780 ) ) ;
#9399 =( GEOMETRIC_REPRESENTATION_CONTEXT ( 3 ) GLOBAL_UNCERTAINTY_ASSIGNED_CONTEXT ( ( #5455 ) ) GLOBAL_UNIT_ASSIGNED_CONTEXT ( ( #8103, #3589, #9606 ) ) REPRESENTATION_CONTEXT ( 'NONE', 'WORKASPACE' ) );
#9400 = CARTESIAN_POINT ( 'NONE',  ( 5.766754932607761397, 10.39117142264903570, 0.6499999999999995781 ) ) ;
#9401 = DIRECTION ( 'NONE',  ( -1.000000000000000000, -1.084202172485504434E-16, 0.000000000000000000 ) ) ;
#9402 = UNCERTAINTY_MEASURE_WITH_UNIT (LENGTH_MEASURE( 1.000000000000000082E-05 ), #5059, 'distance_accuracy_value', 'NONE');
#9403 = ORIENTED_EDGE ( 'NONE', *, *, #4266, .T. ) ;
#9404 = CARTESIAN_POINT ( 'NONE',  ( 7.267475984454220495, 5.732672356334980179, -0.3500000000000002554 ) ) ;
#9405 = ADVANCED_FACE ( 'NONE', ( #5493 ), #6027, .F. ) ;
#9406 = ORIENTED_EDGE ( 'NONE', *, *, #935, .F. ) ;
#9407 = AXIS2_PLACEMENT_3D ( 'NONE', #2684, #373, #6490 ) ;
#9408 = VERTEX_POINT ( 'NONE', #2307 ) ;
#9409 = VECTOR ( 'NONE', #4780, 1000.000000000000000 ) ;
#9410 = CARTESIAN_POINT ( 'NONE',  ( -0.7285020522888950856, 6.125528511109508578, -0.3499999999999999778 ) ) ;
#9411 = CARTESIAN_POINT ( 'NONE',  ( 8.565517796674130935, 4.067306563708456224, 0.3499999999999996447 ) ) ;
#9412 = EDGE_CURVE ( 'NONE', #8059, #7643, #892, .T. ) ;
#9413 =( NAMED_UNIT ( * ) SI_UNIT ( $, .STERADIAN. ) SOLID_ANGLE_UNIT ( ) );
#9414 = ORIENTED_EDGE ( 'NONE', *, *, #6551, .F. ) ;
#9415 = VERTEX_POINT ( 'NONE', #5356 ) ;
#9416 = LINE ( 'NONE', #2747, #8647 ) ;
#9417 = ORIENTED_EDGE ( 'NONE', *, *, #8763, .F. ) ;
#9418 = VECTOR ( 'NONE', #1453, 1000.000000000000000 ) ;
#9419 = VECTOR ( 'NONE', #8604, 1000.000000000000000 ) ;
#9420 = PRESENTATION_LAYER_ASSIGNMENT (  '', '', ( #3487 ) ) ;
#9421 = CARTESIAN_POINT ( 'NONE',  ( 7.620000000000000107, 1.700000000000000178, -0.3500000000000002554 ) ) ;
#9422 = PRESENTATION_STYLE_ASSIGNMENT (( #2800 ) ) ;
#9423 = PLANE ( 'NONE',  #4811 ) ;
#9424 = LINE ( 'NONE', #3608, #6461 ) ;
#9425 = PRESENTATION_LAYER_ASSIGNMENT (  '', '', ( #470 ) ) ;
#9426 = EDGE_LOOP ( 'NONE', ( #6046, #6692, #840, #5468 ) ) ;
#9427 = PRESENTATION_LAYER_ASSIGNMENT (  '', '', ( #3981 ) ) ;
#9428 = DIRECTION ( 'NONE',  ( 1.084202172485504434E-16, -1.000000000000000000, 0.000000000000000000 ) ) ;
#9429 = EDGE_CURVE ( 'NONE', #4149, #1150, #8366, .T. ) ;
#9430 = DIRECTION ( 'NONE',  ( 0.000000000000000000, 1.000000000000000000, -3.097720492815727166E-16 ) ) ;
#9431 = VERTEX_POINT ( 'NONE', #7538 ) ;
#9432 = CARTESIAN_POINT ( 'NONE',  ( 9.160000000000005471, 2.615493535618376164, 0.3499999999999997558 ) ) ;
#9433 = VECTOR ( 'NONE', #3460, 1000.000000000000000 ) ;
#9434 =( NAMED_UNIT ( * ) SI_UNIT ( $, .STERADIAN. ) SOLID_ANGLE_UNIT ( ) );
#9435 = CARTESIAN_POINT ( 'NONE',  ( 8.497528552431161231, 5.050332720359885563, -0.3500000000000002554 ) ) ;
#9436 =( NAMED_UNIT ( * ) PLANE_ANGLE_UNIT ( ) SI_UNIT ( $, .RADIAN. ) );
#9437 = LINE ( 'NONE', #8712, #313 ) ;
#9438 = DIRECTION ( 'NONE',  ( 1.000000000000000000, 0.000000000000000000, 0.000000000000000000 ) ) ;
#9439 = DIRECTION ( 'NONE',  ( 0.000000000000000000, 0.000000000000000000, -1.000000000000000000 ) ) ;
#9440 = ADVANCED_FACE ( 'NONE', ( #841 ), #3872, .F. ) ;
#9441 = CARTESIAN_POINT ( 'NONE',  ( 1.000000000000000000, 6.500000000000000888, -0.3500000000000010880 ) ) ;
#9442 =( LENGTH_UNIT ( ) NAMED_UNIT ( * ) SI_UNIT ( .MILLI., .METRE. ) );
#9443 = CYLINDRICAL_SURFACE ( 'NONE', #6552, 0.1999999999999999833 ) ;
#9444 = VECTOR ( 'NONE', #5243, 1000.000000000000000 ) ;
#9445 = CARTESIAN_POINT ( 'NONE',  ( 1.000000000000000000, 6.500000000000000888, 0.3499999999999989231 ) ) ;
#9446 = ORIENTED_EDGE ( 'NONE', *, *, #5261, .F. ) ;
#9447 = ADVANCED_FACE ( 'NONE', ( #6263 ), #7732, .T. ) ;
#9448 = LINE ( 'NONE', #3478, #2468 ) ;
#9449 = AXIS2_PLACEMENT_3D ( 'NONE', #9608, #8920, #4428 ) ;
#9450 = CARTESIAN_POINT ( 'NONE',  ( 4.080000000000000071, 6.500000000000000888, 0.3499999999999989231 ) ) ;
#9451 = EDGE_LOOP ( 'NONE', ( #8095, #5764, #6875, #9205, #2878, #3891, #3496, #9475 ) ) ;
#9452 = CARTESIAN_POINT ( 'NONE',  ( 6.933245067392238781, 10.39117142264903570, 0.6499999999999995781 ) ) ;
#9453 = PLANE ( 'NONE',  #4499 ) ;
#9454 = ORIENTED_EDGE ( 'NONE', *, *, #4531, .T. ) ;
#9455 = AXIS2_PLACEMENT_3D ( 'NONE', #8287, #1650, #5369 ) ;
#9456 = ORIENTED_EDGE ( 'NONE', *, *, #4748, .T. ) ;
#9457 = VECTOR ( 'NONE', #4754, 1000.000000000000000 ) ;
#9458 = EDGE_CURVE ( 'NONE', #7424, #8996, #484, .T. ) ;
#9459 = ADVANCED_FACE ( 'NONE', ( #601 ), #2186, .T. ) ;
#9460 = CARTESIAN_POINT ( 'NONE',  ( 9.473245067392239704, 8.000000000000000000, 0.6500000000000000222 ) ) ;
#9461 = CARTESIAN_POINT ( 'NONE',  ( 8.572723323164030518, 3.923639721076657150, 0.3499999999999997002 ) ) ;
#9462 = CARTESIAN_POINT ( 'NONE',  ( 7.270000000000000462, 8.199999999999999289, -0.3499999999999999778 ) ) ;
#9463 = AXIS2_PLACEMENT_3D ( 'NONE', #905, #2563, #5460 ) ;
#9464 = ORIENTED_EDGE ( 'NONE', *, *, #3738, .F. ) ;
#9465 = ORIENTED_EDGE ( 'NONE', *, *, #6963, .T. ) ;
#9466 = CARTESIAN_POINT ( 'NONE',  ( 8.620000000000000995, 0.8000000000000007105, -0.3500000000000002554 ) ) ;
#9467 = ADVANCED_FACE ( 'NONE', ( #3702 ), #2233, .F. ) ;
#9468 = VERTEX_POINT ( 'NONE', #7373 ) ;
#9469 = EDGE_CURVE ( 'NONE', #2623, #4733, #5237, .T. ) ;
#9470 = AXIS2_PLACEMENT_3D ( 'NONE', #2674, #503, #6388 ) ;
#9471 = PRESENTATION_LAYER_ASSIGNMENT (  '', '', ( #6202 ) ) ;
#9472 = LINE ( 'NONE', #7280, #7432 ) ;
#9473 =( NAMED_UNIT ( * ) PLANE_ANGLE_UNIT ( ) SI_UNIT ( $, .RADIAN. ) );
#9474 = SURFACE_STYLE_FILL_AREA ( #7933 ) ;
#9475 = ORIENTED_EDGE ( 'NONE', *, *, #5143, .T. ) ;
#9476 = CARTESIAN_POINT ( 'NONE',  ( 6.080000000000000071, 6.500000000000000888, -0.3500000000000010880 ) ) ;
#9477 = AXIS2_PLACEMENT_3D ( 'NONE', #5439, #7967, #5720 ) ;
#9478 = VECTOR ( 'NONE', #4207, 1000.000000000000000 ) ;
#9479 = CARTESIAN_POINT ( 'NONE',  ( 0.000000000000000000, 6.500000000000000888, -1.155688030012021264E-15 ) ) ;
#9480 = LINE ( 'NONE', #5790, #743 ) ;
#9481 = ORIENTED_EDGE ( 'NONE', *, *, #4366, .T. ) ;
#9482 = DIRECTION ( 'NONE',  ( 0.000000000000000000, 0.000000000000000000, 1.000000000000000000 ) ) ;
#9483 = FACE_OUTER_BOUND ( 'NONE', #9089, .T. ) ;
#9484 = VERTEX_POINT ( 'NONE', #8827 ) ;
#9485 = CARTESIAN_POINT ( 'NONE',  ( 8.620000000000000995, 1.800000000000000488, -0.3500000000000002554 ) ) ;
#9486 =( NAMED_UNIT ( * ) SI_UNIT ( $, .STERADIAN. ) SOLID_ANGLE_UNIT ( ) );
#9487 = VECTOR ( 'NONE', #4148, 1000.000000000000000 ) ;
#9488 = CARTESIAN_POINT ( 'NONE',  ( 6.933245067392238781, 10.39117142264903570, -0.3500000000000017542 ) ) ;
#9489 = DIRECTION ( 'NONE',  ( 0.000000000000000000, 0.000000000000000000, -1.000000000000000000 ) ) ;
#9490 = SURFACE_STYLE_USAGE ( .BOTH. , #6514 ) ;
#9491 = SURFACE_STYLE_FILL_AREA ( #2764 ) ;
#9492 = CARTESIAN_POINT ( 'NONE',  ( 8.141845733883979364, 5.626229152235330488, -2.522632230332685841E-16 ) ) ;
#9493 = CARTESIAN_POINT ( 'NONE',  ( 6.004058140717155823, 4.443591676420198588, -0.3500000000000001443 ) ) ;
#9494 = DIRECTION ( 'NONE',  ( 1.000000000000000000, 0.000000000000000000, -7.744301232039316681E-17 ) ) ;
#9495 = DIRECTION ( 'NONE',  ( 0.000000000000000000, 0.000000000000000000, -1.000000000000000000 ) ) ;
#9496 = FACE_OUTER_BOUND ( 'NONE', #2513, .T. ) ;
#9497 = MECHANICAL_DESIGN_GEOMETRIC_PRESENTATION_REPRESENTATION (  '', ( #5153 ), #3406 ) ;
#9498 = CARTESIAN_POINT ( 'NONE',  ( 1.587276676835969624, 3.923639721076772613, -0.3500000000000001443 ) ) ;
#9499 = EDGE_CURVE ( 'NONE', #3190, #460, #1909, .T. ) ;
#9500 = SURFACE_SIDE_STYLE ('',( #7255 ) ) ;
#9501 = DIRECTION ( 'NONE',  ( -1.000000000000000000, -0.000000000000000000, -0.000000000000000000 ) ) ;
#9502 = CARTESIAN_POINT ( 'NONE',  ( 6.745005870614368959, 5.069026963383187478, -0.3500000000000001998 ) ) ;
#9503 =( NAMED_UNIT ( * ) PLANE_ANGLE_UNIT ( ) SI_UNIT ( $, .RADIAN. ) );
#9504 = COLOUR_RGB ( '',0.8313725490196077761, 0.6705882352941175961, 0.1294117647058823373 ) ;
#9505 = ORIENTED_EDGE ( 'NONE', *, *, #1805, .F. ) ;
#9506 = DIRECTION ( 'NONE',  ( -1.000000000000000000, -1.084202172485504434E-16, 0.000000000000000000 ) ) ;
#9507 = ADVANCED_FACE ( 'NONE', ( #4294 ), #1455, .F. ) ;
#9508 = PRESENTATION_STYLE_ASSIGNMENT (( #2972 ) ) ;
#9509 = ORIENTED_EDGE ( 'NONE', *, *, #4582, .T. ) ;
#9510 = ORIENTED_EDGE ( 'NONE', *, *, #6401, .F. ) ;
#9511 = LINE ( 'NONE', #2039, #7826 ) ;
#9512 = DIRECTION ( 'NONE',  ( -0.000000000000000000, -1.000000000000000000, 1.668003342285391551E-16 ) ) ;
#9513 = DIRECTION ( 'NONE',  ( 0.000000000000000000, 0.000000000000000000, -1.000000000000000000 ) ) ;
#9514 = LINE ( 'NONE', #7419, #4730 ) ;
#9515 = CARTESIAN_POINT ( 'NONE',  ( 2.890000000000001013, 1.084202172485506745E-17, 0.3499999999999998668 ) ) ;
#9516 = ORIENTED_EDGE ( 'NONE', *, *, #7317, .F. ) ;
#9517 = EDGE_CURVE ( 'NONE', #1705, #5046, #6636, .T. ) ;
#9518 = DIRECTION ( 'NONE',  ( 0.7071067811865474617, 0.7071067811865474617, -0.000000000000000000 ) ) ;
#9519 = ORIENTED_EDGE ( 'NONE', *, *, #2977, .F. ) ;
#9520 = EDGE_LOOP ( 'NONE', ( #3839, #2589, #7182, #9464 ) ) ;
#9521 = STYLED_ITEM ( 'NONE', ( #8567 ), #3259 ) ;
#9522 = CARTESIAN_POINT ( 'NONE',  ( 9.834744180118196510, 5.589454083063166046, 0.3499999999999996447 ) ) ;
#9523 = VECTOR ( 'NONE', #7844, 1000.000000000000000 ) ;
#9524 = CARTESIAN_POINT ( 'NONE',  ( 9.372878007498405495, 5.777242093666544953, -0.3500000000000002554 ) ) ;
#9525 = LINE ( 'NONE', #2751, #5587 ) ;
#9526 = DIRECTION ( 'NONE',  ( 3.097720492815726426E-17, -1.000000000000000000, 0.000000000000000000 ) ) ;
#9527 = CARTESIAN_POINT ( 'NONE',  ( 2.539999999999999147, 1.700000000000000178, -0.3500000000000000888 ) ) ;
#9528 = VERTEX_POINT ( 'NONE', #7472 ) ;
#9529 = ADVANCED_FACE ( 'NONE', ( #721 ), #7973, .T. ) ;
#9530 = B_SPLINE_CURVE_WITH_KNOTS ( 'NONE', 3,
 ( #5624, #4897, #6444, #9316, #1167, #9461, #8546, #1304, #7918, #9411, #9368, #421, #2742, #4290, #7218, #516, #7272, #1859, #7819, #1116, #4097, #7078, #377, #3359, #3403, #6398, #2687, #5673, #8637, #4538, #8063, #2137, #5954 ),
 .UNSPECIFIED., .F., .F.,
 ( 4, 1, 1, 1, 1, 1, 1, 2, 2, 1, 1, 1, 1, 1, 2, 2, 1, 1, 1, 1, 1, 1, 2, 2, 4 ),
 ( 0.000000000000000000, 0.2500000000000431877, 0.3750000000000647815, 0.4375000000000756062, 0.4687500000000809908, 0.4843750000000832112, 0.4921875000000840439, 0.4960937500000844325, 0.5000000000000848210, 0.6250000000000872635, 0.6875000000000882627, 0.7187500000000887068, 0.7343750000000890399, 0.7421875000000890399, 0.7460937500000887068, 0.7500000000000883738, 0.8125000000000844880, 0.8437500000000829337, 0.8593750000000820455, 0.8671875000000817124, 0.8710937500000814904, 0.8730468750000810463, 0.8740234375000804912, 0.8750000000000798250, 1.000000000000000000 ),
 .UNSPECIFIED. ) ;
#9531 = CARTESIAN_POINT ( 'NONE',  ( 2.892524015545778759, 5.732672356334978403, -0.3500000000000000888 ) ) ;
#9532 = CARTESIAN_POINT ( 'NONE',  ( 4.120000584798286347, 3.767448265748938763, -0.3500000000000001443 ) ) ;
#9533 = ORIENTED_EDGE ( 'NONE', *, *, #680, .F. ) ;
#9534 = DIRECTION ( 'NONE',  ( 0.000000000000000000, -1.000000000000000000, 0.000000000000000000 ) ) ;
#9535 =( LENGTH_UNIT ( ) NAMED_UNIT ( * ) SI_UNIT ( .MILLI., .METRE. ) );
#9536 = ORIENTED_EDGE ( 'NONE', *, *, #2295, .F. ) ;
#9537 = DIRECTION ( 'NONE',  ( 1.000000000000000000, 1.121588454295349780E-16, -0.000000000000000000 ) ) ;
#9538 = LINE ( 'NONE', #2858, #9152 ) ;
#9539 = FILL_AREA_STYLE_COLOUR ( '', #2832 ) ;
#9540 = DIRECTION ( 'NONE',  ( 0.000000000000000000, 0.000000000000000000, -1.000000000000000000 ) ) ;
#9541 = CARTESIAN_POINT ( 'NONE',  ( 5.680000000000000604, 6.299999999999999822, 0.3499999999999998113 ) ) ;
#9542 = EDGE_CURVE ( 'NONE', #363, #6844, #8, .T. ) ;
#9543 = FILL_AREA_STYLE ('',( #1983 ) ) ;
#9544 = LINE ( 'NONE', #1335, #4212 ) ;
#9545 = CARTESIAN_POINT ( 'NONE',  ( 1.677373952540060609, 5.194217234909947578, -0.3500000000000001443 ) ) ;
#9546 = PRESENTATION_LAYER_ASSIGNMENT (  '', '', ( #7527 ) ) ;
#9547 = CARTESIAN_POINT ( 'NONE',  ( 8.620000000000000995, 1.800000000000000488, 0.1166666666666663077 ) ) ;
#9548 = DIRECTION ( 'NONE',  ( 0.000000000000000000, 3.097720492815727166E-16, 1.000000000000000000 ) ) ;
#9549 = ORIENTED_EDGE ( 'NONE', *, *, #8066, .F. ) ;
#9550 = CARTESIAN_POINT ( 'NONE',  ( 9.810000000000000497, 8.000000000000000000, -0.3499999999999999778 ) ) ;
#9551 = STYLED_ITEM ( 'NONE', ( #593 ), #9323 ) ;
#9552 = CARTESIAN_POINT ( 'NONE',  ( 10.16000000000000014, 6.299999999999999822, 0.3499999999999996447 ) ) ;
#9553 = EDGE_CURVE ( 'NONE', #3488, #1321, #2334, .T. ) ;
#9554 = ORIENTED_EDGE ( 'NONE', *, *, #473, .F. ) ;
#9555 = ORIENTED_EDGE ( 'NONE', *, *, #1113, .T. ) ;
#9556 = MECHANICAL_DESIGN_GEOMETRIC_PRESENTATION_REPRESENTATION (  '', ( #5513 ), #5829 ) ;
#9557 = ADVANCED_FACE ( 'NONE', ( #871 ), #4684, .F. ) ;
#9558 = DIRECTION ( 'NONE',  ( 1.000000000000000000, 0.000000000000000000, 0.000000000000000000 ) ) ;
#9559 = DIRECTION ( 'NONE',  ( 1.000000000000000000, 0.000000000000000000, 0.000000000000000000 ) ) ;
#9560 = LINE ( 'NONE', #5999, #1537 ) ;
#9561 = DIRECTION ( 'NONE',  ( -1.000000000000000000, 0.000000000000000000, 0.000000000000000000 ) ) ;
#9562 = MECHANICAL_DESIGN_GEOMETRIC_PRESENTATION_REPRESENTATION (  '', ( #7534 ), #1446 ) ;
#9563 = DIRECTION ( 'NONE',  ( -1.000000000000000000, 0.000000000000000000, 0.000000000000000000 ) ) ;
#9564 = ORIENTED_EDGE ( 'NONE', *, *, #4103, .F. ) ;
#9565 = LINE ( 'NONE', #4544, #3805 ) ;
#9566 = UNCERTAINTY_MEASURE_WITH_UNIT (LENGTH_MEASURE( 1.000000000000000082E-05 ), #6312, 'distance_accuracy_value', 'NONE');
#9567 = ORIENTED_EDGE ( 'NONE', *, *, #8670, .F. ) ;
#9568 = EDGE_CURVE ( 'NONE', #1624, #1799, #746, .T. ) ;
#9569 =( GEOMETRIC_REPRESENTATION_CONTEXT ( 3 ) GLOBAL_UNCERTAINTY_ASSIGNED_CONTEXT ( ( #3980 ) ) GLOBAL_UNIT_ASSIGNED_CONTEXT ( ( #101, #9151, #9055 ) ) REPRESENTATION_CONTEXT ( 'NONE', 'WORKASPACE' ) );
#9570 = EDGE_CURVE ( 'NONE', #3537, #2144, #3947, .T. ) ;
#9571 = CARTESIAN_POINT ( 'NONE',  ( 9.214703062804455058, 4.071564961060444965, -0.3500000000000003664 ) ) ;
#9572 = MECHANICAL_DESIGN_GEOMETRIC_PRESENTATION_REPRESENTATION (  '', ( #6452 ), #1152 ) ;
#9573 = DIRECTION ( 'NONE',  ( -1.000000000000000000, 0.000000000000000000, 0.000000000000000000 ) ) ;
#9574 = FACE_OUTER_BOUND ( 'NONE', #618, .T. ) ;
#9575 = LINE ( 'NONE', #5739, #7165 ) ;
#9576 = VERTEX_POINT ( 'NONE', #5337 ) ;
#9577 = CARTESIAN_POINT ( 'NONE',  ( 9.810000000000000497, 0.5000000000000005551, -0.3500000000000003109 ) ) ;
#9578 =( BOUNDED_CURVE ( )  B_SPLINE_CURVE ( 3, ( #15, #5427, #3074, #6006 ),
 .UNSPECIFIED., .F., .T. ) 
 B_SPLINE_CURVE_WITH_KNOTS ( ( 4, 4 ),
 ( 1.570796326794896336, 2.359101780428492390 ),
 .UNSPECIFIED. ) 
 CURVE ( )  GEOMETRIC_REPRESENTATION_ITEM ( )  RATIONAL_B_SPLINE_CURVE ( ( 1.000000000000000000, 0.9488815137910384667, 0.9488815137910384667, 1.000000000000000000 ) ) 
 REPRESENTATION_ITEM ( '' )  );
#9579 =( LENGTH_UNIT ( ) NAMED_UNIT ( * ) SI_UNIT ( .MILLI., .METRE. ) );
#9580 = CARTESIAN_POINT ( 'NONE',  ( 4.127276676835967884, 3.923639721076772613, -0.3500000000000001443 ) ) ;
#9581 = SURFACE_STYLE_FILL_AREA ( #7529 ) ;
#9582 = ORIENTED_EDGE ( 'NONE', *, *, #9628, .F. ) ;
#9583 = LINE ( 'NONE', #5017, #1316 ) ;
#9584 = CARTESIAN_POINT ( 'NONE',  ( 2.892524015545778759, 5.732672356334978403, -0.3500000000000000888 ) ) ;
#9585 = EDGE_LOOP ( 'NONE', ( #518, #3035, #7607, #6120 ) ) ;
#9586 = AXIS2_PLACEMENT_3D ( 'NONE', #8414, #4915, #7792 ) ;
#9587 = AXIS2_PLACEMENT_3D ( 'NONE', #5650, #1827, #3423 ) ;
#9588 = LINE ( 'NONE', #5162, #6310 ) ;
#9589 = SURFACE_STYLE_FILL_AREA ( #7292 ) ;
#9590 = DIRECTION ( 'NONE',  ( 1.000000000000000000, 1.121588454295349780E-16, -0.000000000000000000 ) ) ;
#9591 = AXIS2_PLACEMENT_3D ( 'NONE', #6687, #173, #6731 ) ;
#9592 = CARTESIAN_POINT ( 'NONE',  ( 10.50999999999999979, 8.000000000000000000, 0.3499999999999999778 ) ) ;
#9593 = PRESENTATION_LAYER_ASSIGNMENT (  '', '', ( #2096 ) ) ;
#9594 = DIRECTION ( 'NONE',  ( -0.000000000000000000, -1.000000000000000000, 1.668003342285392044E-16 ) ) ;
#9595 = CARTESIAN_POINT ( 'NONE',  ( 9.660000000000001918, 6.084152315493286167, 0.3499999999999996447 ) ) ;
#9596 = VERTEX_POINT ( 'NONE', #9069 ) ;
#9597 = CARTESIAN_POINT ( 'NONE',  ( 1.751843070995635410, 5.771059683742045365, -0.3500000000000000888 ) ) ;
#9598 = ADVANCED_FACE ( 'NONE', ( #6776 ), #9164, .F. ) ;
#9599 = EDGE_CURVE ( 'NONE', #1855, #3846, #6872, .T. ) ;
#9600 = FILL_AREA_STYLE ('',( #647 ) ) ;
#9601 = CARTESIAN_POINT ( 'NONE',  ( 10.01000000000000156, -3.000000000000000000, -0.3500000000000003109 ) ) ;
#9602 = CARTESIAN_POINT ( 'NONE',  ( 6.752165113299162691, 5.142569796484066202, -0.3500000000000003109 ) ) ;
#9603 =( NAMED_UNIT ( * ) SI_UNIT ( $, .STERADIAN. ) SOLID_ANGLE_UNIT ( ) );
#9604 = SURFACE_STYLE_FILL_AREA ( #9091 ) ;
#9605 = ORIENTED_EDGE ( 'NONE', *, *, #6718, .T. ) ;
#9606 =( NAMED_UNIT ( * ) SI_UNIT ( $, .STERADIAN. ) SOLID_ANGLE_UNIT ( ) );
#9607 = VECTOR ( 'NONE', #2387, 1000.000000000000000 ) ;
#9608 = CARTESIAN_POINT ( 'NONE',  ( 0.3500000000000000333, 0.000000000000000000, 0.3499999999999999778 ) ) ;
#9609 = FACE_OUTER_BOUND ( 'NONE', #3325, .T. ) ;
#9610 = ORIENTED_EDGE ( 'NONE', *, *, #7041, .F. ) ;
#9611 = ORIENTED_EDGE ( 'NONE', *, *, #4983, .T. ) ;
#9612 = MECHANICAL_DESIGN_GEOMETRIC_PRESENTATION_REPRESENTATION (  '', ( #4150 ), #1496 ) ;
#9613 = DIRECTION ( 'NONE',  ( -0.000000000000000000, -1.668003342285388099E-16, -1.000000000000000000 ) ) ;
#9614 = LINE ( 'NONE', #7369, #1928 ) ;
#9615 = LINE ( 'NONE', #3599, #6824 ) ;
#9616 = CARTESIAN_POINT ( 'NONE',  ( 3.540000000000000480, 1.800000000000000488, 0.1283333333333332438 ) ) ;
#9617 = CARTESIAN_POINT ( 'NONE',  ( 6.080000000000000071, 1.800000000000000488, 0.3499999999999998113 ) ) ;
#9618 = CIRCLE ( 'NONE', #6495, 0.2000000000000005107 ) ;
#9619 = EDGE_LOOP ( 'NONE', ( #7223, #3663, #4852, #2464 ) ) ;
#9620 = LINE ( 'NONE', #723, #5074 ) ;
#9621 = ORIENTED_EDGE ( 'NONE', *, *, #3979, .F. ) ;
#9622 = MECHANICAL_DESIGN_GEOMETRIC_PRESENTATION_REPRESENTATION (  '', ( #8232 ), #83 ) ;
#9623 = CARTESIAN_POINT ( 'NONE',  ( 6.974533521472694453, 3.877691542223589138, -0.3500000000000002554 ) ) ;
#9624 = CARTESIAN_POINT ( 'NONE',  ( -0.1499999999999994393, -3.000000000000000000, 0.3499999999999999778 ) ) ;
#9625 =( NAMED_UNIT ( * ) PLANE_ANGLE_UNIT ( ) SI_UNIT ( $, .RADIAN. ) );
#9626 = SURFACE_STYLE_USAGE ( .BOTH. , #579 ) ;
#9627 = EDGE_LOOP ( 'NONE', ( #2784, #8772, #3920, #4045 ) ) ;
#9628 = EDGE_CURVE ( 'NONE', #1886, #8458, #9578, .T. ) ;
#9629 = LINE ( 'NONE', #6735, #3887 ) ;
#9630 = ADVANCED_FACE ( 'NONE', ( #5290 ), #2423, .F. ) ;
#9631 =( NAMED_UNIT ( * ) PLANE_ANGLE_UNIT ( ) SI_UNIT ( $, .RADIAN. ) );
#9632 = FILL_AREA_STYLE_COLOUR ( '', #8860 ) ;
#9633 = VERTEX_POINT ( 'NONE', #1563 ) ;
#9634 = LINE ( 'NONE', #9037, #221 ) ;
#9635 = STYLED_ITEM ( 'NONE', ( #7090 ), #150 ) ;
#9636 = ORIENTED_EDGE ( 'NONE', *, *, #413, .T. ) ;
#9637 = CARTESIAN_POINT ( 'NONE',  ( 10.51000000000000156, -2.800000000000001155, -0.3500000000000003109 ) ) ;
#9638 = EDGE_CURVE ( 'NONE', #8584, #5529, #4541, .T. ) ;
#9639 =( NAMED_UNIT ( * ) SI_UNIT ( $, .STERADIAN. ) SOLID_ANGLE_UNIT ( ) );
#9640 = VECTOR ( 'NONE', #4554, 1000.000000000000000 ) ;
#9641 = FACE_OUTER_BOUND ( 'NONE', #8560, .T. ) ;
#9642 = PRESENTATION_STYLE_ASSIGNMENT (( #6612 ) ) ;
#9643 = ORIENTED_EDGE ( 'NONE', *, *, #7611, .T. ) ;
#9644 = CARTESIAN_POINT ( 'NONE',  ( 11.62999999999999723, 0.5000000000000000000, -0.6499999999999989120 ) ) ;
#9645 = DIRECTION ( 'NONE',  ( 1.121588454295349533E-16, -1.000000000000000000, 0.000000000000000000 ) ) ;
#9646 = EDGE_CURVE ( 'NONE', #9018, #7767, #65, .T. ) ;
#9647 = CARTESIAN_POINT ( 'NONE',  ( 6.933245067392238781, 0.5000000000000000000, -0.6500000000000013545 ) ) ;
#9648 =( GEOMETRIC_REPRESENTATION_CONTEXT ( 3 ) GLOBAL_UNCERTAINTY_ASSIGNED_CONTEXT ( ( #462 ) ) GLOBAL_UNIT_ASSIGNED_CONTEXT ( ( #3918, #3631, #4655 ) ) REPRESENTATION_CONTEXT ( 'NONE', 'WORKASPACE' ) );
#9649 = PLANE ( 'NONE',  #1034 ) ;
#9650 = CARTESIAN_POINT ( 'NONE',  ( 5.868156929004344491, 5.771059683742180368, 0.3499999999999998113 ) ) ;
#9651 =( NAMED_UNIT ( * ) PLANE_ANGLE_UNIT ( ) SI_UNIT ( $, .RADIAN. ) );
#9652 = FACE_OUTER_BOUND ( 'NONE', #7230, .T. ) ;
#9653 = VECTOR ( 'NONE', #8006, 1000.000000000000000 ) ;
#9654 =( LENGTH_UNIT ( ) NAMED_UNIT ( * ) SI_UNIT ( .MILLI., .METRE. ) );
#9655 = ADVANCED_FACE ( 'NONE', ( #1159 ), #3353, .F. ) ;
#9656 = ORIENTED_EDGE ( 'NONE', *, *, #5214, .F. ) ;
#9657 = ORIENTED_EDGE ( 'NONE', *, *, #1401, .F. ) ;
#9658 = VECTOR ( 'NONE', #8100, 1000.000000000000000 ) ;
#9659 = DIRECTION ( 'NONE',  ( -1.000000000000000000, 0.000000000000000000, 0.000000000000000000 ) ) ;
#9660 = DIRECTION ( 'NONE',  ( -0.000000000000000000, -0.000000000000000000, -1.000000000000000000 ) ) ;
#9661 = DIRECTION ( 'NONE',  ( -0.000000000000000000, -1.668003342285388099E-16, -1.000000000000000000 ) ) ;
#9662 = CARTESIAN_POINT ( 'NONE',  ( 2.214744180118195516, 5.589454083063166046, 0.3499999999999998668 ) ) ;
#9663 = CARTESIAN_POINT ( 'NONE',  ( 9.160000000000001918, 6.500000000000000888, -0.3500000000000010880 ) ) ;
#9664 = LINE ( 'NONE', #3842, #6986 ) ;
#9665 = FILL_AREA_STYLE ('',( #8884 ) ) ;
#9666 = ORIENTED_EDGE ( 'NONE', *, *, #1591, .F. ) ;
#9667 = CARTESIAN_POINT ( 'NONE',  ( 10.65999999999999837, 6.084152315493285279, -0.3500000000000003664 ) ) ;
#9668 = EDGE_LOOP ( 'NONE', ( #3563, #9275, #1102, #9333 ) ) ;
#9669 = DIRECTION ( 'NONE',  ( 0.000000000000000000, 1.000000000000000000, -3.097720492815727166E-16 ) ) ;
#9670 = CARTESIAN_POINT ( 'NONE',  ( 9.292165113299159174, 5.142569796484067091, -0.3500000000000003109 ) ) ;
#9671 = PLANE ( 'NONE',  #3780 ) ;
#9672 = CARTESIAN_POINT ( 'NONE',  ( 3.314147136672700000, 5.851685420754297873, -0.3500000000000000888 ) ) ;
#9673 = CARTESIAN_POINT ( 'NONE',  ( 2.865255819881804999, 5.589454083063163381, -0.3500000000000000888 ) ) ;
#9674 = ORIENTED_EDGE ( 'NONE', *, *, #8781, .T. ) ;
#9675 = CARTESIAN_POINT ( 'NONE',  ( 1.670384757729333813, 8.500000000000000000, -0.8696152422706662222 ) ) ;
#9676 = CARTESIAN_POINT ( 'NONE',  ( 4.291843070995635223, 5.771059683742046253, -0.3500000000000001443 ) ) ;
#9677 =( BOUNDED_CURVE ( )  B_SPLINE_CURVE ( 3, ( #5130, #5036, #5768, #2036, #2781, #508, #2074 ),
 .UNSPECIFIED., .F., .T. ) 
 B_SPLINE_CURVE_WITH_KNOTS ( ( 4, 3, 4 ),
 ( 0.8078321013870645162, 3.141592653589793116, 5.475353205792521827 ),
 .UNSPECIFIED. ) 
 CURVE ( )  GEOMETRIC_REPRESENTATION_ITEM ( )  RATIONAL_B_SPLINE_CURVE ( ( 1.000000000000000000, 0.5953481791230077480, 0.5953481791230077480, 1.000000000000000000, 0.5953481791230077480, 0.5953481791230077480, 1.000000000000000000 ) ) 
 REPRESENTATION_ITEM ( '' )  );
#9678 = ORIENTED_EDGE ( 'NONE', *, *, #5579, .F. ) ;
#9679 = CARTESIAN_POINT ( 'NONE',  ( -0.6867549326077613259, 6.500000000000000888, -0.3500000000000010880 ) ) ;
#9680 = VECTOR ( 'NONE', #6035, 1000.000000000000000 ) ;
#9681 = EDGE_CURVE ( 'NONE', #329, #1384, #9311, .T. ) ;
#9682 = VERTEX_POINT ( 'NONE', #5618 ) ;
#9683 = EDGE_CURVE ( 'NONE', #3354, #8821, #272, .T. ) ;
#9684 = CARTESIAN_POINT ( 'NONE',  ( 7.970000000000001528, -2.800000000000001155, 0.3499999999999997002 ) ) ;
#9685 = CARTESIAN_POINT ( 'NONE',  ( 11.16000000000000192, 0.8000000000000007105, -0.3500000000000003109 ) ) ;
#9686 = VECTOR ( 'NONE', #6228, 1000.000000000000000 ) ;
#9687 =( NAMED_UNIT ( * ) PLANE_ANGLE_UNIT ( ) SI_UNIT ( $, .RADIAN. ) );
#9688 = FILL_AREA_STYLE ('',( #6078 ) ) ;
#9689 = VERTEX_POINT ( 'NONE', #1796 ) ;
#9690 = CARTESIAN_POINT ( 'NONE',  ( 0.9650000000000007461, -1.575000000000006173, 0.3499999999999998668 ) ) ;
#9691 = FILL_AREA_STYLE_COLOUR ( '', #5825 ) ;
#9692 = CARTESIAN_POINT ( 'NONE',  ( 9.807475984454221418, 5.732672356334980179, -0.3500000000000003109 ) ) ;
#9693 = DIRECTION ( 'NONE',  ( -1.000000000000000000, -0.000000000000000000, -0.000000000000000000 ) ) ;
#9694 = DIRECTION ( 'NONE',  ( -0.000000000000000000, -0.000000000000000000, -1.000000000000000000 ) ) ;
ENDSEC;
END-ISO-10303-21;
