ISO-10303-21;
HEADER;
FILE_DESCRIPTION (( 'STEP AP214' ),
    '1' );
FILE_NAME ('100mill Female Pin Header_5P_Gr.STEP',
    '2026-02-28T15:40:47',
    ( '' ),
    ( '' ),
    'SwSTEP 2.0',
    'SolidWorks 2024',
    '' );
FILE_SCHEMA (( 'AUTOMOTIVE_DESIGN' ));
ENDSEC;

DATA;
#1 = FACE_OUTER_BOUND ( 'NONE', #3339, .T. ) ;
#2 = CARTESIAN_POINT ( 'NONE',  ( -1.469999999999999973, 0.000000000000000000, -1.199999999999999956 ) ) ;
#3 = LINE ( 'NONE', #2182, #9297 ) ;
#4 = COLOUR_RGB ( '',0.8313725490196077761, 0.6705882352941175961, 0.1294117647058823373 ) ;
#5 = LINE ( 'NONE', #1438, #7568 ) ;
#6 = B_SPLINE_CURVE_WITH_KNOTS ( 'NONE', 3,
 ( #5160, #9540, #5842, #1481, #6662, #3195, #4388, #5111, #9643, #8073, #3648, #2974, #2121, #8122, #2229, #2070, #5205, #9589, #5063, #8169, #639, #8870, #5990, #2921, #5895, #1435, #8021, #8957, #1334, #7386, #740, #3747, #1532 ),
 .UNSPECIFIED., .F., .F.,
 ( 4, 1, 1, 1, 1, 1, 1, 2, 2, 1, 1, 1, 1, 1, 2, 2, 1, 1, 1, 1, 1, 1, 2, 2, 4 ),
 ( 0.000000000000000000, 0.2500000000000431877, 0.3750000000000647815, 0.4375000000000756062, 0.4687500000000809908, 0.4843750000000832112, 0.4921875000000840439, 0.4960937500000844325, 0.5000000000000848210, 0.6250000000000872635, 0.6875000000000882627, 0.7187500000000887068, 0.7343750000000890399, 0.7421875000000890399, 0.7460937500000887068, 0.7500000000000883738, 0.8125000000000844880, 0.8437500000000829337, 0.8593750000000820455, 0.8671875000000817124, 0.8710937500000814904, 0.8730468750000810463, 0.8740234375000804912, 0.8750000000000798250, 1.000000000000000000 ),
 .UNSPECIFIED. ) ;
#7 = VERTEX_POINT ( 'NONE', #9266 ) ;
#8 = ORIENTED_EDGE ( 'NONE', *, *, #8664, .T. ) ;
#9 = CARTESIAN_POINT ( 'NONE',  ( 8.620000000000000995, 2.207665535523691158, 0.3499999999999998668 ) ) ;
#10 = CARTESIAN_POINT ( 'NONE',  ( 6.884957989553973867, 6.043840788194787095, 0.3499999999999997558 ) ) ;
#11 = EDGE_LOOP ( 'NONE', ( #5137, #8601, #3316, #8016, #2846, #8328, #5189, #1835, #6928, #3840, #2910, #573 ) ) ;
#12 = CARTESIAN_POINT ( 'NONE',  ( -0.6867549326077613259, 6.500000000000000888, 0.3499999999999989231 ) ) ;
#13 = LINE ( 'NONE', #851, #3502 ) ;
#14 = CARTESIAN_POINT ( 'NONE',  ( 10.84675493260776236, 0.5000000000000000000, -0.3500000000000000888 ) ) ;
#15 = CARTESIAN_POINT ( 'NONE',  ( 11.09997988437442906, 4.171275002134770205, -0.3500000000000003109 ) ) ;
#16 = CARTESIAN_POINT ( 'NONE',  ( 11.02961524227066370, 8.500000000000000000, 0.000000000000000000 ) ) ;
#17 = CARTESIAN_POINT ( 'NONE',  ( 7.020000000000000462, 6.299999999999999822, -0.1283333333333337434 ) ) ;
#18 = CARTESIAN_POINT ( 'NONE',  ( 1.811497947711105727, 6.125528511109506802, -0.3500000000000000888 ) ) ;
#19 = EDGE_CURVE ( 'NONE', #3688, #437, #7016, .T. ) ;
#20 = EDGE_CURVE ( 'NONE', #2505, #3903, #6154, .T. ) ;
#21 = ORIENTED_EDGE ( 'NONE', *, *, #1828, .F. ) ;
#22 = CARTESIAN_POINT ( 'NONE',  ( 1.540000000000000036, 0.5000000000000002220, 0.3499999999999998668 ) ) ;
#23 = ORIENTED_EDGE ( 'NONE', *, *, #2770, .F. ) ;
#24 = CARTESIAN_POINT ( 'NONE',  ( 2.540000000000000036, 6.299999999999999822, 0.3499999999999998668 ) ) ;
#25 = LINE ( 'NONE', #5037, #8521 ) ;
#26 = DIRECTION ( 'NONE',  ( 1.000000000000000000, 0.000000000000000000, 0.000000000000000000 ) ) ;
#27 = EDGE_LOOP ( 'NONE', ( #8330, #6498, #5547, #6392, #2391, #1303, #6275, #7291, #9670, #7698, #8408, #2674, #4341, #5964, #7981, #7877, #6011, #8403, #808, #725, #9177 ) ) ;
#28 = SURFACE_SIDE_STYLE ('',( #1506 ) ) ;
#29 =( NAMED_UNIT ( * ) PLANE_ANGLE_UNIT ( ) SI_UNIT ( $, .RADIAN. ) );
#30 = FILL_AREA_STYLE ('',( #2303 ) ) ;
#31 = ORIENTED_EDGE ( 'NONE', *, *, #4206, .T. ) ;
#32 = SHAPE_DEFINITION_REPRESENTATION ( #6292, #9561 ) ;
#33 = EDGE_LOOP ( 'NONE', ( #4099, #5619, #9296, #4111 ) ) ;
#34 = FILL_AREA_STYLE ('',( #2413 ) ) ;
#35 = VECTOR ( 'NONE', #4450, 1000.000000000000000 ) ;
#36 = CARTESIAN_POINT ( 'NONE',  ( -0.7896030380177390118, 5.762359718947904774, -0.3500000000000000888 ) ) ;
#37 = CARTESIAN_POINT ( 'NONE',  ( 7.294744180118195587, 5.589454083063166046, 0.3499999999999997002 ) ) ;
#38 = VERTEX_POINT ( 'NONE', #3910 ) ;
#39 = LINE ( 'NONE', #4435, #5900 ) ;
#40 = VECTOR ( 'NONE', #9239, 1000.000000000000000 ) ;
#41 = MECHANICAL_DESIGN_GEOMETRIC_PRESENTATION_REPRESENTATION (  '', ( #2092 ), #6995 ) ;
#42 = PLANE ( 'NONE',  #618 ) ;
#43 = DIRECTION ( 'NONE',  ( -1.000000000000000000, -1.084202172485504434E-16, 0.000000000000000000 ) ) ;
#44 = VERTEX_POINT ( 'NONE', #2594 ) ;
#45 = AXIS2_PLACEMENT_3D ( 'NONE', #1209, #2743, #5659 ) ;
#46 = CARTESIAN_POINT ( 'NONE',  ( 5.713148314883513379, 6.299478870653064888, -0.3500000000000001998 ) ) ;
#47 = CARTESIAN_POINT ( 'NONE',  ( 5.432524015545779683, 5.732672356334978403, -0.3500000000000001443 ) ) ;
#48 = COLOUR_RGB ( '',0.000000000000000000, 0.7529411764705882248, 0.000000000000000000 ) ;
#49 = CARTESIAN_POINT ( 'NONE',  ( 4.729999999999999538, 8.000000000000000000, 0.3499999999999999778 ) ) ;
#50 = ORIENTED_EDGE ( 'NONE', *, *, #8298, .F. ) ;
#51 = ADVANCED_FACE ( 'NONE', ( #5373 ), #912, .F. ) ;
#52 = VERTEX_POINT ( 'NONE', #1645 ) ;
#53 = CARTESIAN_POINT ( 'NONE',  ( 4.480000000000000426, 6.299999999999999822, -0.3850000000000000089 ) ) ;
#54 = CARTESIAN_POINT ( 'NONE',  ( 6.769360230209761298, 5.307482533055399188, 0.3499999999999997002 ) ) ;
#55 = ORIENTED_EDGE ( 'NONE', *, *, #9250, .T. ) ;
#56 = CARTESIAN_POINT ( 'NONE',  ( 2.892524015545778759, 5.732672356334978403, -0.3500000000000000888 ) ) ;
#57 = CARTESIAN_POINT ( 'NONE',  ( 9.160000000000001918, 1.800000000000000044, 0.1166666666666662522 ) ) ;
#58 = LINE ( 'NONE', #5909, #6446 ) ;
#59 = AXIS2_PLACEMENT_3D ( 'NONE', #9256, #3215, #3312 ) ;
#60 = CARTESIAN_POINT ( 'NONE',  ( -1.000000000000000000, 6.500000000000000888, 0.3499999999999989231 ) ) ;
#61 = CARTESIAN_POINT ( 'NONE',  ( 10.60819304542214070, 5.884855341312110077, -0.3500000000000003664 ) ) ;
#62 = VERTEX_POINT ( 'NONE', #862 ) ;
#63 = SURFACE_STYLE_FILL_AREA ( #3856 ) ;
#64 = ORIENTED_EDGE ( 'NONE', *, *, #3928, .T. ) ;
#65 = CARTESIAN_POINT ( 'NONE',  ( 11.16000000000000192, 1.121588454295350273E-16, -0.3500000000000003109 ) ) ;
#66 = EDGE_CURVE ( 'NONE', #5034, #8364, #6965, .T. ) ;
#67 = FACE_OUTER_BOUND ( 'NONE', #2729, .T. ) ;
#68 = ORIENTED_EDGE ( 'NONE', *, *, #5527, .F. ) ;
#69 = PLANE ( 'NONE',  #3984 ) ;
#70 =( LENGTH_UNIT ( ) NAMED_UNIT ( * ) SI_UNIT ( .MILLI., .METRE. ) );
#71 = CARTESIAN_POINT ( 'NONE',  ( 4.080000000000000071, 0.5000000000000000000, -0.3500000000000000888 ) ) ;
#72 = DIRECTION ( 'NONE',  ( -1.000000000000000000, -1.084202172485504434E-16, 0.000000000000000000 ) ) ;
#73 = EDGE_LOOP ( 'NONE', ( #2856, #7230, #2892, #3210 ) ) ;
#74 = CARTESIAN_POINT ( 'NONE',  ( 8.141845733883979364, 5.626229152235330488, 0.3499999999999997002 ) ) ;
#75 = APPLICATION_PROTOCOL_DEFINITION ( 'draft international standard', 'automotive_design', 1998, #8884 ) ;
#76 =( BOUNDED_SURFACE ( )  B_SPLINE_SURFACE ( 2, 3, ( 
 ( #5306, #3700, #3119, #5253 ),
 ( #4543, #6670, #7486, #8964 ),
 ( #7393, #7532, #6716, #53 ) ),
 .UNSPECIFIED., .F., .F., .F. ) 
 B_SPLINE_SURFACE_WITH_KNOTS ( ( 3, 3 ),
 ( 4, 4 ),
 ( 0.000000000000000000, 1.000000000000000000 ),
 ( -3.500000000000000371E-05, 0.0007349999999999999763 ),
 .UNSPECIFIED. ) 
 GEOMETRIC_REPRESENTATION_ITEM ( )  RATIONAL_B_SPLINE_SURFACE ( (
 ( 1.000000000000000000, 1.000000000000000000, 1.000000000000000000, 1.000000000000000000),
 ( 0.7071067811865475727, 0.7071067811865475727, 0.7071067811865475727, 0.7071067811865475727),
 ( 1.000000000000000000, 1.000000000000000000, 1.000000000000000000, 1.000000000000000000) ) ) 
 REPRESENTATION_ITEM ( '' )  SURFACE ( )  );
#77 = LINE ( 'NONE', #3967, #8061 ) ;
#78 = EDGE_CURVE ( 'NONE', #3964, #998, #8231, .T. ) ;
#79 = CARTESIAN_POINT ( 'NONE',  ( 0.1500000000000021316, -3.000000000000000000, -0.3499999999999999778 ) ) ;
#80 = VERTEX_POINT ( 'NONE', #4250 ) ;
#81 = CIRCLE ( 'NONE', #716, 0.2999999999999999334 ) ;
#82 = DIRECTION ( 'NONE',  ( -0.7071067811865474617, -0.7071067811865474617, -0.000000000000000000 ) ) ;
#83 = ADVANCED_FACE ( 'NONE', ( #458 ), #7795, .T. ) ;
#84 = DIRECTION ( 'NONE',  ( 1.000000000000000000, 0.000000000000000000, 0.000000000000000000 ) ) ;
#85 = STYLED_ITEM ( 'NONE', ( #295 ), #8645 ) ;
#86 =( LENGTH_UNIT ( ) NAMED_UNIT ( * ) SI_UNIT ( .MILLI., .METRE. ) );
#87 = EDGE_LOOP ( 'NONE', ( #7831, #4146, #9545, #2684 ) ) ;
#88 = MECHANICAL_DESIGN_GEOMETRIC_PRESENTATION_REPRESENTATION (  '', ( #6196 ), #7428 ) ;
#89 = VECTOR ( 'NONE', #4248, 1000.000000000000000 ) ;
#90 = FACE_OUTER_BOUND ( 'NONE', #9535, .T. ) ;
#91 = VECTOR ( 'NONE', #4959, 1000.000000000000000 ) ;
#92 = FACE_OUTER_BOUND ( 'NONE', #4644, .T. ) ;
#93 = DIRECTION ( 'NONE',  ( -1.000000000000000000, 0.000000000000000000, 0.000000000000000000 ) ) ;
#94 = VECTOR ( 'NONE', #8494, 1000.000000000000114 ) ;
#95 = EDGE_CURVE ( 'NONE', #5475, #6443, #4102, .T. ) ;
#96 = CARTESIAN_POINT ( 'NONE',  ( 6.933245067392238781, 10.39117142264903570, 0.6499999999999995781 ) ) ;
#97 = ORIENTED_EDGE ( 'NONE', *, *, #5454, .F. ) ;
#98 = CARTESIAN_POINT ( 'NONE',  ( 6.019979884374425438, 4.171275002134769316, -0.3500000000000001998 ) ) ;
#99 = DIRECTION ( 'NONE',  ( -0.000000000000000000, -0.000000000000000000, -1.000000000000000000 ) ) ;
#100 =( NAMED_UNIT ( * ) SI_UNIT ( $, .STERADIAN. ) SOLID_ANGLE_UNIT ( ) );
#101 = EDGE_LOOP ( 'NONE', ( #3288, #8374, #6820, #905 ) ) ;
#102 =( GEOMETRIC_REPRESENTATION_CONTEXT ( 3 ) GLOBAL_UNCERTAINTY_ASSIGNED_CONTEXT ( ( #8375 ) ) GLOBAL_UNIT_ASSIGNED_CONTEXT ( ( #9071, #1551, #3355 ) ) REPRESENTATION_CONTEXT ( 'NONE', 'WORKASPACE' ) );
#103 = ORIENTED_EDGE ( 'NONE', *, *, #2474, .F. ) ;
#104 = PRESENTATION_STYLE_ASSIGNMENT (( #2187 ) ) ;
#105 = CARTESIAN_POINT ( 'NONE',  ( 6.676432165885828773, 4.104507585657484192, 0.3499999999999997558 ) ) ;
#106 = CARTESIAN_POINT ( 'NONE',  ( 5.766754932607761397, 6.500000000000000888, -0.3500000000000010880 ) ) ;
#107 = LINE ( 'NONE', #1631, #1294 ) ;
#108 = AXIS2_PLACEMENT_3D ( 'NONE', #3588, #992, #6953 ) ;
#109 = DIRECTION ( 'NONE',  ( -0.000000000000000000, -1.668003342285388099E-16, -1.000000000000000000 ) ) ;
#110 = VECTOR ( 'NONE', #3272, 1000.000000000000000 ) ;
#111 = VECTOR ( 'NONE', #9642, 1000.000000000000000 ) ;
#112 = CARTESIAN_POINT ( 'NONE',  ( -0.7350420104460260173, 6.043840788194787983, 0.3499999999999999223 ) ) ;
#113 = FACE_OUTER_BOUND ( 'NONE', #6009, .T. ) ;
#114 = ORIENTED_EDGE ( 'NONE', *, *, #1262, .F. ) ;
#115 = FACE_OUTER_BOUND ( 'NONE', #3596, .T. ) ;
#116 = EDGE_LOOP ( 'NONE', ( #5043, #1583, #1234, #3201 ) ) ;
#117 = EDGE_CURVE ( 'NONE', #855, #3894, #6432, .T. ) ;
#118 = DIRECTION ( 'NONE',  ( -1.121588454295349780E-16, 1.000000000000000000, 0.000000000000000000 ) ) ;
#119 = CARTESIAN_POINT ( 'NONE',  ( 5.080000000000000071, 0.5000000000000005551, -0.3500000000000001443 ) ) ;
#120 = CARTESIAN_POINT ( 'NONE',  ( 9.373241503964610644, 5.779404586027638402, 0.3499999999999997002 ) ) ;
#121 = CARTESIAN_POINT ( 'NONE',  ( 3.513046200924452300, 3.450480068927959554, 0.3499999999999998113 ) ) ;
#122 = VECTOR ( 'NONE', #3237, 1000.000000000000000 ) ;
#123 =( LENGTH_UNIT ( ) NAMED_UNIT ( * ) SI_UNIT ( .MILLI., .METRE. ) );
#124 = DIRECTION ( 'NONE',  ( 0.000000000000000000, 3.097720492815727166E-16, 1.000000000000000000 ) ) ;
#125 = VERTEX_POINT ( 'NONE', #7204 ) ;
#126 = VERTEX_POINT ( 'NONE', #7936 ) ;
#127 =( NAMED_UNIT ( * ) SI_UNIT ( $, .STERADIAN. ) SOLID_ANGLE_UNIT ( ) );
#128 = CARTESIAN_POINT ( 'NONE',  ( 1.540000000000000036, 6.500000000000000888, -0.3500000000000010880 ) ) ;
#129 = LINE ( 'NONE', #6120, #5752 ) ;
#130 = ORIENTED_EDGE ( 'NONE', *, *, #7851, .F. ) ;
#131 = PRESENTATION_STYLE_ASSIGNMENT (( #3878 ) ) ;
#132 =( NAMED_UNIT ( * ) PLANE_ANGLE_UNIT ( ) SI_UNIT ( $, .RADIAN. ) );
#133 = VECTOR ( 'NONE', #972, 1000.000000000000000 ) ;
#134 = CARTESIAN_POINT ( 'NONE',  ( 4.080000000000000071, 6.500000000000000888, 0.3499999999999989231 ) ) ;
#135 = ORIENTED_EDGE ( 'NONE', *, *, #3931, .T. ) ;
#136 = EDGE_CURVE ( 'NONE', #7468, #6487, #9416, .T. ) ;
#137 = PRODUCT_DEFINITION ( 'UNKNOWN', '', #6114, #8882 ) ;
#138 = CARTESIAN_POINT ( 'NONE',  ( 6.080000000000000071, 6.500000000000000888, 0.3499999999999989231 ) ) ;
#139 = PRESENTATION_STYLE_ASSIGNMENT (( #5394 ) ) ;
#140 = LINE ( 'NONE', #8354, #1063 ) ;
#141 = ORIENTED_EDGE ( 'NONE', *, *, #3024, .F. ) ;
#142 = VECTOR ( 'NONE', #4074, 1000.000000000000000 ) ;
#143 = PRESENTATION_STYLE_ASSIGNMENT (( #4764 ) ) ;
#144 = CARTESIAN_POINT ( 'NONE',  ( 1.540000000000000480, 1.800000000000000488, 0.3499999999999998668 ) ) ;
#145 = CARTESIAN_POINT ( 'NONE',  ( 5.680000000000000604, 6.299999999999999822, 0.1283333333333331605 ) ) ;
#146 = VERTEX_POINT ( 'NONE', #3520 ) ;
#147 = ORIENTED_EDGE ( 'NONE', *, *, #4363, .F. ) ;
#148 = DIRECTION ( 'NONE',  ( -0.000000000000000000, 1.000000000000000000, -0.000000000000000000 ) ) ;
#149 = VECTOR ( 'NONE', #4326, 1000.000000000000000 ) ;
#150 = PLANE ( 'NONE',  #2210 ) ;
#151 = FACE_OUTER_BOUND ( 'NONE', #7317, .T. ) ;
#152 = CARTESIAN_POINT ( 'NONE',  ( -1.000000000000000000, 6.500000000000000888, -0.3500000000000010880 ) ) ;
#153 = CARTESIAN_POINT ( 'NONE',  ( 5.080000000000000071, 6.500000000000000888, -1.155688030012021264E-15 ) ) ;
#154 = AXIS2_PLACEMENT_3D ( 'NONE', #8833, #7262, #703 ) ;
#155 = VECTOR ( 'NONE', #4999, 1000.000000000000000 ) ;
#156 = PLANE ( 'NONE',  #6494 ) ;
#157 = FILL_AREA_STYLE_COLOUR ( '', #8509 ) ;
#158 = VERTEX_POINT ( 'NONE', #5703 ) ;
#159 = UNCERTAINTY_MEASURE_WITH_UNIT (LENGTH_MEASURE( 1.000000000000000082E-05 ), #2771, 'distance_accuracy_value', 'NONE');
#160 = FILL_AREA_STYLE ('',( #4778 ) ) ;
#161 = ORIENTED_EDGE ( 'NONE', *, *, #117, .F. ) ;
#162 = PRESENTATION_LAYER_ASSIGNMENT (  '', '', ( #1892 ) ) ;
#163 = DIRECTION ( 'NONE',  ( -1.000000000000000000, 0.000000000000000000, 0.000000000000000000 ) ) ;
#164 =( GEOMETRIC_REPRESENTATION_CONTEXT ( 3 ) GLOBAL_UNCERTAINTY_ASSIGNED_CONTEXT ( ( #7387 ) ) GLOBAL_UNIT_ASSIGNED_CONTEXT ( ( #5092, #2908, #5872 ) ) REPRESENTATION_CONTEXT ( 'NONE', 'WORKASPACE' ) );
#165 = DIRECTION ( 'NONE',  ( -0.000000000000000000, 0.000000000000000000, 1.000000000000000000 ) ) ;
#166 = EDGE_CURVE ( 'NONE', #2523, #9511, #1984, .T. ) ;
#167 = CARTESIAN_POINT ( 'NONE',  ( 3.540000000000000036, 0.5000000000000000000, -0.3500000000000000888 ) ) ;
#168 = DIRECTION ( 'NONE',  ( -1.000000000000000000, -0.000000000000000000, -0.000000000000000000 ) ) ;
#169 = CARTESIAN_POINT ( 'NONE',  ( 0.4633568989079006606, 1.699999999999997957, 0.3500000000000000333 ) ) ;
#170 = CARTESIAN_POINT ( 'NONE',  ( 11.63000000000000078, 0.5000000000000000000, -0.6499999999999989120 ) ) ;
#171 = VERTEX_POINT ( 'NONE', #507 ) ;
#172 = ORIENTED_EDGE ( 'NONE', *, *, #3931, .F. ) ;
#173 = EDGE_CURVE ( 'NONE', #3621, #4914, #7835, .T. ) ;
#174 = CARTESIAN_POINT ( 'NONE',  ( 3.226754932607761361, 6.500000000000000888, 0.3499999999999988676 ) ) ;
#175 = CARTESIAN_POINT ( 'NONE',  ( 1.000000000000000666, 0.8000000000000007105, 0.3499999999999999778 ) ) ;
#176 = FACE_BOUND ( 'NONE', #2330, .T. ) ;
#177 = ORIENTED_EDGE ( 'NONE', *, *, #256, .F. ) ;
#178 = DIRECTION ( 'NONE',  ( 3.097720492815726426E-17, -1.000000000000000000, 0.000000000000000000 ) ) ;
#179 = EDGE_CURVE ( 'NONE', #8466, #2316, #1298, .T. ) ;
#180 = ORIENTED_EDGE ( 'NONE', *, *, #6525, .F. ) ;
#181 = CARTESIAN_POINT ( 'NONE',  ( 0.3500000000000008105, 0.5000000000000005551, 0.3499999999999999778 ) ) ;
#182 = CARTESIAN_POINT ( 'NONE',  ( 11.16000000000000192, 1.800000000000000488, -0.1166666666666670710 ) ) ;
#183 = CARTESIAN_POINT ( 'NONE',  ( 5.780000000000001137, 0.8000000000000007105, 0.3499999999999998113 ) ) ;
#184 = SURFACE_SIDE_STYLE ('',( #3889 ) ) ;
#185 = VECTOR ( 'NONE', #354, 1000.000000000000000 ) ;
#186 = ORIENTED_EDGE ( 'NONE', *, *, #1139, .F. ) ;
#187 = EDGE_CURVE ( 'NONE', #2927, #4380, #8776, .T. ) ;
#188 = CARTESIAN_POINT ( 'NONE',  ( 6.080000000000000071, 0.5000000000000000000, -0.3500000000000000888 ) ) ;
#189 = CARTESIAN_POINT ( 'NONE',  ( 10.16000000000000014, 6.299999999999999822, -0.3500000000000003109 ) ) ;
#190 = DIRECTION ( 'NONE',  ( -0.000000000000000000, 1.000000000000000000, -0.000000000000000000 ) ) ;
#191 = ORIENTED_EDGE ( 'NONE', *, *, #7880, .T. ) ;
#192 = STYLED_ITEM ( 'NONE', ( #7335 ), #438 ) ;
#193 = ORIENTED_EDGE ( 'NONE', *, *, #4252, .T. ) ;
#194 = CARTESIAN_POINT ( 'NONE',  ( 8.408156929004345415, 5.771059683742178592, 0.3499999999999997002 ) ) ;
#195 = CARTESIAN_POINT ( 'NONE',  ( 7.020000000000000462, 6.299999999999999822, 0.3499999999999997002 ) ) ;
#196 = UNCERTAINTY_MEASURE_WITH_UNIT (LENGTH_MEASURE( 1.000000000000000082E-05 ), #5244, 'distance_accuracy_value', 'NONE');
#197 = UNCERTAINTY_MEASURE_WITH_UNIT (LENGTH_MEASURE( 1.000000000000000082E-05 ), #8961, 'distance_accuracy_value', 'NONE');
#198 =( NAMED_UNIT ( * ) PLANE_ANGLE_UNIT ( ) SI_UNIT ( $, .RADIAN. ) );
#199 =( LENGTH_UNIT ( ) NAMED_UNIT ( * ) SI_UNIT ( .MILLI., .METRE. ) );
#200 = DIRECTION ( 'NONE',  ( 0.000000000000000000, 0.000000000000000000, 1.000000000000000000 ) ) ;
#201 = MECHANICAL_DESIGN_GEOMETRIC_PRESENTATION_REPRESENTATION (  '', ( #2419 ), #5686 ) ;
#202 = CARTESIAN_POINT ( 'NONE',  ( 3.140000000000000568, 6.299999999999999822, 0.3499999999999998668 ) ) ;
#203 = FILL_AREA_STYLE ('',( #2584 ) ) ;
#204 = VECTOR ( 'NONE', #2177, 1000.000000000000000 ) ;
#205 = ORIENTED_EDGE ( 'NONE', *, *, #4047, .F. ) ;
#206 = LINE ( 'NONE', #1048, #3732 ) ;
#207 = FACE_OUTER_BOUND ( 'NONE', #3652, .T. ) ;
#208 = EDGE_CURVE ( 'NONE', #5384, #234, #2655, .T. ) ;
#209 = CARTESIAN_POINT ( 'NONE',  ( 9.359832123124276038, 5.699693040756021567, 0.3499999999999997558 ) ) ;
#210 = CARTESIAN_POINT ( 'NONE',  ( 3.401229900893845137, 5.207834124282261001, 0.3499999999999998668 ) ) ;
#211 = DIRECTION ( 'NONE',  ( 1.000000000000000000, -8.673617379884035472E-15, 0.000000000000000000 ) ) ;
#212 = PRESENTATION_STYLE_ASSIGNMENT (( #3959 ) ) ;
#213 = DIRECTION ( 'NONE',  ( 0.000000000000000000, 1.668003342285392044E-16, 1.000000000000000000 ) ) ;
#214 = ORIENTED_EDGE ( 'NONE', *, *, #9621, .F. ) ;
#215 = ORIENTED_EDGE ( 'NONE', *, *, #1691, .F. ) ;
#216 = EDGE_LOOP ( 'NONE', ( #6381, #6318, #1146, #1082 ) ) ;
#217 = FACE_OUTER_BOUND ( 'NONE', #304, .T. ) ;
#218 =( NAMED_UNIT ( * ) SI_UNIT ( $, .STERADIAN. ) SOLID_ANGLE_UNIT ( ) );
#219 = ADVANCED_FACE ( 'NONE', ( #1888 ), #7836, .F. ) ;
#220 = DIRECTION ( 'NONE',  ( 0.000000000000000000, -0.000000000000000000, -1.000000000000000000 ) ) ;
#221 = DIRECTION ( 'NONE',  ( 0.6546536707079769757, 0.3779644730092273086, -0.6546536707079770867 ) ) ;
#222 = VERTEX_POINT ( 'NONE', #5261 ) ;
#223 = CARTESIAN_POINT ( 'NONE',  ( 1.540000000000000036, 6.500000000000000888, 0.3499999999999989231 ) ) ;
#224 = VECTOR ( 'NONE', #8623, 1000.000000000000000 ) ;
#225 = FILL_AREA_STYLE_COLOUR ( '', #2582 ) ;
#226 = FILL_AREA_STYLE ('',( #3974 ) ) ;
#227 = EDGE_LOOP ( 'NONE', ( #2631, #9650, #4181, #7740 ) ) ;
#228 = CARTESIAN_POINT ( 'NONE',  ( 3.226754932607761805, 8.000000000000000000, -0.6500000000000025757 ) ) ;
#229 = DIRECTION ( 'NONE',  ( 0.000000000000000000, 0.000000000000000000, 1.000000000000000000 ) ) ;
#230 = FILL_AREA_STYLE_COLOUR ( '', #3761 ) ;
#231 = VECTOR ( 'NONE', #5067, 1000.000000000000000 ) ;
#232 = PRESENTATION_STYLE_ASSIGNMENT (( #6938 ) ) ;
#233 = EDGE_CURVE ( 'NONE', #8466, #9094, #8346, .T. ) ;
#234 = VERTEX_POINT ( 'NONE', #6047 ) ;
#235 = CARTESIAN_POINT ( 'NONE',  ( 6.080000000000000071, 1.800000000000000488, -0.3500000000000001443 ) ) ;
#236 = LINE ( 'NONE', #8453, #4643 ) ;
#237 = SURFACE_STYLE_FILL_AREA ( #6849 ) ;
#238 = STYLED_ITEM ( 'NONE', ( #143 ), #2776 ) ;
#239 = ORIENTED_EDGE ( 'NONE', *, *, #8749, .F. ) ;
#240 = EDGE_LOOP ( 'NONE', ( #1977, #654, #321, #6974 ) ) ;
#241 = CARTESIAN_POINT ( 'NONE',  ( 8.565296937195549631, 4.071564961060393451, 0.3499999999999997002 ) ) ;
#242 = PRESENTATION_STYLE_ASSIGNMENT (( #4916 ) ) ;
#243 = COLOUR_RGB ( '',0.8313725490196077761, 0.6705882352941175961, 0.1294117647058823373 ) ;
#244 = CARTESIAN_POINT ( 'NONE',  ( 0.6867549326077613259, 6.500000000000000888, -0.3500000000000010880 ) ) ;
#245 = PRESENTATION_LAYER_ASSIGNMENT (  '', '', ( #4507 ) ) ;
#246 = CARTESIAN_POINT ( 'NONE',  ( 0.000000000000000000, 8.500000000000000000, 0.8696152422706630025 ) ) ;
#247 = VECTOR ( 'NONE', #2612, 1000.000000000000000 ) ;
#248 = DIRECTION ( 'NONE',  ( -0.000000000000000000, -0.000000000000000000, 1.000000000000000000 ) ) ;
#249 = PRESENTATION_STYLE_ASSIGNMENT (( #6189 ) ) ;
#250 = COLOUR_RGB ( '',0.8313725490196077761, 0.6705882352941175961, 0.1294117647058823373 ) ;
#251 = DIRECTION ( 'NONE',  ( 1.000000000000000000, 0.000000000000000000, 0.000000000000000000 ) ) ;
#252 = SURFACE_STYLE_USAGE ( .BOTH. , #2646 ) ;
#253 = VERTEX_POINT ( 'NONE', #698 ) ;
#254 = EDGE_CURVE ( 'NONE', #2274, #1788, #3661, .T. ) ;
#255 = LINE ( 'NONE', #7646, #6684 ) ;
#256 = EDGE_CURVE ( 'NONE', #7489, #3621, #58, .T. ) ;
#257 = ORIENTED_EDGE ( 'NONE', *, *, #8988, .F. ) ;
#258 = VECTOR ( 'NONE', #2308, 1000.000000000000000 ) ;
#259 = VECTOR ( 'NONE', #2019, 1000.000000000000000 ) ;
#260 = LINE ( 'NONE', #4597, #2139 ) ;
#261 = CARTESIAN_POINT ( 'NONE',  ( 9.302161437416076595, 5.240363704784012810, 0.3499999999999997558 ) ) ;
#262 = CARTESIAN_POINT ( 'NONE',  ( 3.140000000000000568, 6.299999999999999822, 0.3499999999999998668 ) ) ;
#263 = CARTESIAN_POINT ( 'NONE',  ( 5.080000000000000071, 1.700000000000000178, -0.3500000000000001443 ) ) ;
#264 = COLOUR_RGB ( '',0.8313725490196077761, 0.6705882352941175961, 0.1294117647058823373 ) ;
#265 = SURFACE_STYLE_USAGE ( .BOTH. , #1056 ) ;
#266 = PRESENTATION_LAYER_ASSIGNMENT (  '', '', ( #1999 ) ) ;
#267 = LINE ( 'NONE', #6782, #949 ) ;
#268 = EDGE_LOOP ( 'NONE', ( #1929, #1640, #4744, #8729 ) ) ;
#269 = VERTEX_POINT ( 'NONE', #8926 ) ;
#270 = DIRECTION ( 'NONE',  ( 0.000000000000000000, 0.000000000000000000, 1.000000000000000000 ) ) ;
#271 =( LENGTH_UNIT ( ) NAMED_UNIT ( * ) SI_UNIT ( .MILLI., .METRE. ) );
#272 = COLOUR_RGB ( '',0.8313725490196077761, 0.6705882352941175961, 0.1294117647058823373 ) ;
#273 = LINE ( 'NONE', #5529, #5927 ) ;
#274 = CARTESIAN_POINT ( 'NONE',  ( 1.684309810834100363, 5.260692584315934006, 0.3499999999999998113 ) ) ;
#275 = ORIENTED_EDGE ( 'NONE', *, *, #308, .F. ) ;
#276 = DIRECTION ( 'NONE',  ( -0.000000000000000000, -3.097720492815727166E-16, -1.000000000000000000 ) ) ;
#277 =( NAMED_UNIT ( * ) SI_UNIT ( $, .STERADIAN. ) SOLID_ANGLE_UNIT ( ) );
#278 = ORIENTED_EDGE ( 'NONE', *, *, #8116, .F. ) ;
#279 = STYLED_ITEM ( 'NONE', ( #4850 ), #7837 ) ;
#280 = CARTESIAN_POINT ( 'NONE',  ( 4.730000000000001315, 0.5000000000000005551, -0.3500000000000001443 ) ) ;
#281 = CARTESIAN_POINT ( 'NONE',  ( 4.730000000000001315, -1.084202172485501815E-17, -0.3500000000000001443 ) ) ;
#282 = FILL_AREA_STYLE ('',( #1757 ) ) ;
#283 = ORIENTED_EDGE ( 'NONE', *, *, #7576, .T. ) ;
#284 = EDGE_CURVE ( 'NONE', #3166, #1106, #6579, .T. ) ;
#285 = PLANE ( 'NONE',  #3404 ) ;
#286 = CARTESIAN_POINT ( 'NONE',  ( 6.933245067392238781, 8.000000000000000000, -0.6500000000000030198 ) ) ;
#287 = CARTESIAN_POINT ( 'NONE',  ( 6.920000000000000817, 0.8000000000000004885, 0.3499999999999997002 ) ) ;
#288 = ORIENTED_EDGE ( 'NONE', *, *, #7402, .F. ) ;
#289 = EDGE_CURVE ( 'NONE', #6667, #3440, #2885, .T. ) ;
#290 = ADVANCED_FACE ( 'NONE', ( #2192 ), #5214, .F. ) ;
#291 = ORIENTED_EDGE ( 'NONE', *, *, #4923, .F. ) ;
#292 = DIRECTION ( 'NONE',  ( 0.000000000000000000, 0.000000000000000000, -1.000000000000000000 ) ) ;
#293 = LINE ( 'NONE', #6278, #1881 ) ;
#294 = AXIS2_PLACEMENT_3D ( 'NONE', #6565, #1386, #3549 ) ;
#295 = PRESENTATION_STYLE_ASSIGNMENT (( #9204 ) ) ;
#296 = FACE_OUTER_BOUND ( 'NONE', #5367, .T. ) ;
#297 = CARTESIAN_POINT ( 'NONE',  ( 9.160000000000001918, 6.299999999999999822, 0.1283333333333332438 ) ) ;
#298 = CARTESIAN_POINT ( 'NONE',  ( 3.140000000000000568, 6.299999999999999822, -0.1166666666666668489 ) ) ;
#299 =( NAMED_UNIT ( * ) SI_UNIT ( $, .STERADIAN. ) SOLID_ANGLE_UNIT ( ) );
#300 = COLOUR_RGB ( '',0.8313725490196077761, 0.6705882352941175961, 0.1294117647058823373 ) ;
#301 = EDGE_CURVE ( 'NONE', #269, #5868, #7416, .T. ) ;
#302 = ORIENTED_EDGE ( 'NONE', *, *, #6479, .F. ) ;
#303 = CARTESIAN_POINT ( 'NONE',  ( -0.3500000000000000333, 0.000000000000000000, 0.3499999999999999778 ) ) ;
#304 = EDGE_LOOP ( 'NONE', ( #6180, #5662, #2184, #7815 ) ) ;
#305 = DIRECTION ( 'NONE',  ( 0.000000000000000000, 0.000000000000000000, -1.000000000000000000 ) ) ;
#306 =( LENGTH_UNIT ( ) NAMED_UNIT ( * ) SI_UNIT ( .MILLI., .METRE. ) );
#307 = DIRECTION ( 'NONE',  ( 1.000000000000000000, 0.000000000000000000, -7.744301232039316681E-17 ) ) ;
#308 = EDGE_CURVE ( 'NONE', #8294, #5773, #8088, .T. ) ;
#309 = CARTESIAN_POINT ( 'NONE',  ( 3.404197381770398323, 5.178803639424134353, 0.3499999999999998113 ) ) ;
#310 =( NAMED_UNIT ( * ) PLANE_ANGLE_UNIT ( ) SI_UNIT ( $, .RADIAN. ) );
#311 = CARTESIAN_POINT ( 'NONE',  ( 6.045000000000000817, -1.575000000000006173, 0.3499999999999997002 ) ) ;
#312 = ADVANCED_FACE ( 'NONE', ( #4399 ), #3072, .F. ) ;
#313 = VECTOR ( 'NONE', #8658, 1000.000000000000000 ) ;
#314 = CARTESIAN_POINT ( 'NONE',  ( 10.51000000000000156, -2.800000000000001155, 0.3499999999999996447 ) ) ;
#315 = ORIENTED_EDGE ( 'NONE', *, *, #3779, .T. ) ;
#316 = ORIENTED_EDGE ( 'NONE', *, *, #7548, .T. ) ;
#317 = DIRECTION ( 'NONE',  ( -0.000000000000000000, 0.000000000000000000, 1.000000000000000000 ) ) ;
#318 = DIRECTION ( 'NONE',  ( 0.000000000000000000, 0.000000000000000000, -1.000000000000000000 ) ) ;
#319 = CARTESIAN_POINT ( 'NONE',  ( 0.3500000000000008105, 1.084202172485506745E-17, 0.3499999999999999778 ) ) ;
#320 = CARTESIAN_POINT ( 'NONE',  ( 1.558339320387593485, 3.374693912574938448, 0.3499999999999998668 ) ) ;
#321 = ORIENTED_EDGE ( 'NONE', *, *, #3568, .F. ) ;
#322 = CARTESIAN_POINT ( 'NONE',  ( 3.340167876875768549, 5.699693040755679618, -0.3500000000000001998 ) ) ;
#323 =( NAMED_UNIT ( * ) PLANE_ANGLE_UNIT ( ) SI_UNIT ( $, .RADIAN. ) );
#324 = CARTESIAN_POINT ( 'NONE',  ( 1.606302744966793483, 4.293911919603389471, -0.3500000000000001998 ) ) ;
#325 = CARTESIAN_POINT ( 'NONE',  ( 5.867162253657094872, 5.777005459572333912, 0.3499999999999998668 ) ) ;
#326 = ORIENTED_EDGE ( 'NONE', *, *, #4252, .F. ) ;
#327 = CARTESIAN_POINT ( 'NONE',  ( -0.9999999999999996669, 6.299999999999999822, -0.3849999999999998979 ) ) ;
#328 = CARTESIAN_POINT ( 'NONE',  ( 0.3500000000000000333, 8.000000000000000000, -0.3500000000000000333 ) ) ;
#329 = LINE ( 'NONE', #8694, #2618 ) ;
#330 = DIRECTION ( 'NONE',  ( 1.121588454295349533E-16, -1.000000000000000000, 0.000000000000000000 ) ) ;
#331 = ORIENTED_EDGE ( 'NONE', *, *, #4412, .T. ) ;
#332 = EDGE_CURVE ( 'NONE', #7544, #2007, #2679, .T. ) ;
#333 = DIRECTION ( 'NONE',  ( 1.000000000000000000, 1.121588454295349780E-16, -0.000000000000000000 ) ) ;
#334 = CARTESIAN_POINT ( 'NONE',  ( 9.660000000000001918, 6.084152315493286167, 0.3499999999999996447 ) ) ;
#335 = DIRECTION ( 'NONE',  ( 1.000000000000000000, 0.000000000000000000, 0.000000000000000000 ) ) ;
#336 = ORIENTED_EDGE ( 'NONE', *, *, #9086, .T. ) ;
#337 = VERTEX_POINT ( 'NONE', #8499 ) ;
#338 = FILL_AREA_STYLE_COLOUR ( '', #1143 ) ;
#339 = PRESENTATION_LAYER_ASSIGNMENT (  '', '', ( #5673 ) ) ;
#340 = LINE ( 'NONE', #8977, #7763 ) ;
#341 = CARTESIAN_POINT ( 'NONE',  ( 2.540000000000000036, -3.000000000000000000, -0.3500000000000000888 ) ) ;
#342 = FACE_OUTER_BOUND ( 'NONE', #1292, .T. ) ;
#343 = CARTESIAN_POINT ( 'NONE',  ( 9.160000000000001918, 6.299999999999999822, 0.3849999999999996758 ) ) ;
#344 = CARTESIAN_POINT ( 'NONE',  ( -0.3500000000000000333, 8.000000000000000000, 0.3499999999999999778 ) ) ;
#345 = PRESENTATION_LAYER_ASSIGNMENT (  '', '', ( #5054 ) ) ;
#346 = CARTESIAN_POINT ( 'NONE',  ( 8.619999999999999218, 6.500000000000000888, -0.3500000000000010880 ) ) ;
#347 = EDGE_CURVE ( 'NONE', #2683, #3643, #6812, .T. ) ;
#348 = DIRECTION ( 'NONE',  ( -1.000000000000000000, 0.000000000000000000, 0.000000000000000000 ) ) ;
#349 = ORIENTED_EDGE ( 'NONE', *, *, #4107, .F. ) ;
#350 = EDGE_LOOP ( 'NONE', ( #5179, #4719, #1442, #2448 ) ) ;
#351 = PRESENTATION_STYLE_ASSIGNMENT (( #3472 ) ) ;
#352 = ADVANCED_FACE ( 'NONE', ( #5312 ), #7591, .F. ) ;
#353 = EDGE_CURVE ( 'NONE', #3577, #855, #8602, .T. ) ;
#354 = DIRECTION ( 'NONE',  ( -1.000000000000000000, 0.000000000000000000, 0.000000000000000000 ) ) ;
#355 = VECTOR ( 'NONE', #8736, 1000.000000000000000 ) ;
#356 = CARTESIAN_POINT ( 'NONE',  ( 4.616643101092098078, 1.700000000000000400, -0.3500000000000001443 ) ) ;
#357 = CARTESIAN_POINT ( 'NONE',  ( 9.160000000000001918, 6.500000000000000888, 0.3499999999999989231 ) ) ;
#358 = CARTESIAN_POINT ( 'NONE',  ( 8.405140250919769684, 5.788964205960196452, -0.3500000000000003664 ) ) ;
#359 = ORIENTED_EDGE ( 'NONE', *, *, #8993, .T. ) ;
#360 = UNCERTAINTY_MEASURE_WITH_UNIT (LENGTH_MEASURE( 1.000000000000000082E-05 ), #5811, 'distance_accuracy_value', 'NONE');
#361 = ORIENTED_EDGE ( 'NONE', *, *, #78, .F. ) ;
#362 = CARTESIAN_POINT ( 'NONE',  ( 9.160000000000001918, 0.8000000000000004885, 0.3499999999999996447 ) ) ;
#363 = CARTESIAN_POINT ( 'NONE',  ( 3.061845733883979737, 5.626229152235330488, -0.3500000000000000888 ) ) ;
#364 = CARTESIAN_POINT ( 'NONE',  ( 11.63000000000000078, 0.5000000000000002220, 0.6500000000000010214 ) ) ;
#365 = ORIENTED_EDGE ( 'NONE', *, *, #9338, .T. ) ;
#366 = CARTESIAN_POINT ( 'NONE',  ( 3.399267235522908326, 5.226749775238715756, -0.3500000000000000888 ) ) ;
#367 = CARTESIAN_POINT ( 'NONE',  ( 5.430000000000000604, 8.200000000000001066, 0.3499999999999999778 ) ) ;
#368 = CARTESIAN_POINT ( 'NONE',  ( 1.594703062804454285, 4.071564961060444077, -0.3500000000000001443 ) ) ;
#369 = DIRECTION ( 'NONE',  ( -1.000000000000000000, 0.000000000000000000, 0.000000000000000000 ) ) ;
#370 = ORIENTED_EDGE ( 'NONE', *, *, #3138, .T. ) ;
#371 = SURFACE_STYLE_FILL_AREA ( #9478 ) ;
#372 = EDGE_CURVE ( 'NONE', #4629, #234, #3175, .T. ) ;
#373 = EDGE_CURVE ( 'NONE', #8236, #7155, #3348, .T. ) ;
#374 = DIRECTION ( 'NONE',  ( 0.6546536707079769757, 0.3779644730092273086, -0.6546536707079771977 ) ) ;
#375 = SURFACE_STYLE_USAGE ( .BOTH. , #5590 ) ;
#376 = VECTOR ( 'NONE', #407, 1000.000000000000114 ) ;
#377 = PLANE ( 'NONE',  #428 ) ;
#378 = EDGE_LOOP ( 'NONE', ( #3076, #9546, #4160, #2367 ) ) ;
#379 = DIRECTION ( 'NONE',  ( 0.000000000000000000, 0.000000000000000000, -1.000000000000000000 ) ) ;
#380 = LINE ( 'NONE', #4276, #451 ) ;
#381 = EDGE_LOOP ( 'NONE', ( #2237, #103, #8095, #3789 ) ) ;
#382 = MECHANICAL_DESIGN_GEOMETRIC_PRESENTATION_REPRESENTATION (  '', ( #1806 ), #1336 ) ;
#383 = ORIENTED_EDGE ( 'NONE', *, *, #3094, .F. ) ;
#384 = STYLED_ITEM ( 'NONE', ( #8174 ), #3380 ) ;
#385 = DIRECTION ( 'NONE',  ( -0.000000000000000000, 0.000000000000000000, 1.000000000000000000 ) ) ;
#386 = EDGE_CURVE ( 'NONE', #171, #7252, #3451, .T. ) ;
#387 = FACE_OUTER_BOUND ( 'NONE', #216, .T. ) ;
#388 = DIRECTION ( 'NONE',  ( 1.000000000000000000, 0.000000000000000000, 0.000000000000000000 ) ) ;
#389 = FILL_AREA_STYLE_COLOUR ( '', #4505 ) ;
#390 = FILL_AREA_STYLE ('',( #9359 ) ) ;
#391 = VECTOR ( 'NONE', #335, 1000.000000000000000 ) ;
#392 = FILL_AREA_STYLE ('',( #2830 ) ) ;
#393 =( GEOMETRIC_REPRESENTATION_CONTEXT ( 3 ) GLOBAL_UNCERTAINTY_ASSIGNED_CONTEXT ( ( #1436 ) ) GLOBAL_UNIT_ASSIGNED_CONTEXT ( ( #1862, #5634, #1910 ) ) REPRESENTATION_CONTEXT ( 'NONE', 'WORKASPACE' ) );
#394 =( LENGTH_UNIT ( ) NAMED_UNIT ( * ) SI_UNIT ( .MILLI., .METRE. ) );
#395 = PRESENTATION_STYLE_ASSIGNMENT (( #8615 ) ) ;
#396 = PRESENTATION_STYLE_ASSIGNMENT (( #7876 ) ) ;
#397 = EDGE_CURVE ( 'NONE', #9516, #3688, #1866, .T. ) ;
#398 = VECTOR ( 'NONE', #2239, 1000.000000000000000 ) ;
#399 = ORIENTED_EDGE ( 'NONE', *, *, #7162, .F. ) ;
#400 = CARTESIAN_POINT ( 'NONE',  ( 9.560000000000000497, 6.299999999999999822, 0.1166666666666662522 ) ) ;
#401 = MECHANICAL_DESIGN_GEOMETRIC_PRESENTATION_REPRESENTATION (  '', ( #2942 ), #1981 ) ;
#402 = AXIS2_PLACEMENT_3D ( 'NONE', #8158, #3738, #5237 ) ;
#403 = CARTESIAN_POINT ( 'NONE',  ( 7.620000000000000107, 0.5000000000000005551, -0.3500000000000002554 ) ) ;
#404 =( GEOMETRIC_REPRESENTATION_CONTEXT ( 3 ) GLOBAL_UNCERTAINTY_ASSIGNED_CONTEXT ( ( #159 ) ) GLOBAL_UNIT_ASSIGNED_CONTEXT ( ( #2771, #7143, #8017 ) ) REPRESENTATION_CONTEXT ( 'NONE', 'WORKASPACE' ) );
#405 = FILL_AREA_STYLE ('',( #1247 ) ) ;
#406 = CARTESIAN_POINT ( 'NONE',  ( 0.3500000000000000333, 8.000000000000000000, 0.3499999999999999778 ) ) ;
#407 = DIRECTION ( 'NONE',  ( 0.6546536707079769757, 0.3779644730092273086, -0.6546536707079770867 ) ) ;
#408 = EDGE_CURVE ( 'NONE', #52, #4116, #6598, .T. ) ;
#409 = DIRECTION ( 'NONE',  ( 0.000000000000000000, 0.000000000000000000, -1.000000000000000000 ) ) ;
#410 = CARTESIAN_POINT ( 'NONE',  ( 0.3500000000000008105, 0.5000000000000005551, -0.3499999999999999778 ) ) ;
#411 = ORIENTED_EDGE ( 'NONE', *, *, #1812, .F. ) ;
#412 = STYLED_ITEM ( 'NONE', ( #4358 ), #6875 ) ;
#413 = EDGE_CURVE ( 'NONE', #7969, #4061, #4958, .T. ) ;
#414 = ORIENTED_EDGE ( 'NONE', *, *, #1355, .T. ) ;
#415 = PRESENTATION_LAYER_ASSIGNMENT (  '', '', ( #4664 ) ) ;
#416 = CARTESIAN_POINT ( 'NONE',  ( 2.690000000000002167, -3.000000000000000000, -0.3500000000000000888 ) ) ;
#417 = EDGE_CURVE ( 'NONE', #4420, #2299, #2057, .T. ) ;
#418 =( NAMED_UNIT ( * ) SI_UNIT ( $, .STERADIAN. ) SOLID_ANGLE_UNIT ( ) );
#419 = CARTESIAN_POINT ( 'NONE',  ( 4.754744180118195551, 5.589454083063166046, 0.3499999999999998113 ) ) ;
#420 = ORIENTED_EDGE ( 'NONE', *, *, #6876, .F. ) ;
#421 = CARTESIAN_POINT ( 'NONE',  ( 7.972524015545777942, 5.732672356334978403, -0.3500000000000002554 ) ) ;
#422 = AXIS2_PLACEMENT_3D ( 'NONE', #906, #999, #3220 ) ;
#423 = SURFACE_SIDE_STYLE ('',( #3491 ) ) ;
#424 = CARTESIAN_POINT ( 'NONE',  ( 1.690816522019154000, 5.324198710740764895, -0.3500000000000000333 ) ) ;
#425 = LINE ( 'NONE', #5627, #5958 ) ;
#426 = ORIENTED_EDGE ( 'NONE', *, *, #2233, .F. ) ;
#427 = LINE ( 'NONE', #1225, #3092 ) ;
#428 = AXIS2_PLACEMENT_3D ( 'NONE', #2812, #9525, #9433 ) ;
#429 = CARTESIAN_POINT ( 'NONE',  ( 4.380000000000000782, 0.5000000000000004441, 0.3499999999999998113 ) ) ;
#430 = CARTESIAN_POINT ( 'NONE',  ( 0.3252558198818050195, 5.589454083063163381, 0.3499999999999999778 ) ) ;
#431 = VERTEX_POINT ( 'NONE', #7182 ) ;
#432 = FILL_AREA_STYLE ('',( #8554 ) ) ;
#433 = VECTOR ( 'NONE', #1012, 1000.000000000000000 ) ;
#434 = ADVANCED_FACE ( 'NONE', ( #6556 ), #5829, .F. ) ;
#435 = VECTOR ( 'NONE', #3241, 1000.000000000000000 ) ;
#436 = CARTESIAN_POINT ( 'NONE',  ( 4.318779213129838368, 5.920464898423918321, 0.3499999999999998668 ) ) ;
#437 = VERTEX_POINT ( 'NONE', #1229 ) ;
#438 = ADVANCED_FACE ( 'NONE', ( #482 ), #2008, .T. ) ;
#439 = ORIENTED_EDGE ( 'NONE', *, *, #7413, .T. ) ;
#440 = FACE_OUTER_BOUND ( 'NONE', #772, .T. ) ;
#441 = DIRECTION ( 'NONE',  ( 1.000000000000000000, 0.000000000000000000, 0.000000000000000000 ) ) ;
#442 = DIRECTION ( 'NONE',  ( 0.000000000000000000, 0.000000000000000000, 1.000000000000000000 ) ) ;
#443 = FACE_OUTER_BOUND ( 'NONE', #6898, .T. ) ;
#445 = DIRECTION ( 'NONE',  ( 1.000000000000000000, 0.000000000000000000, 0.000000000000000000 ) ) ;
#444 = COLOUR_RGB ( '',0.8313725490196077761, 0.6705882352941175961, 0.1294117647058823373 ) ;
#446 = SURFACE_SIDE_STYLE ('',( #1092 ) ) ;
#447 = DIRECTION ( 'NONE',  ( 0.000000000000000000, 3.097720492815727166E-16, 1.000000000000000000 ) ) ;
#448 = FILL_AREA_STYLE_COLOUR ( '', #5727 ) ;
#449 = CARTESIAN_POINT ( 'NONE',  ( 3.540000000000000480, 1.800000000000000488, -0.1166666666666668489 ) ) ;
#450 = MANIFOLD_SOLID_BREP ( 'LPattern18[3]', #7547 ) ;
#451 = VECTOR ( 'NONE', #9439, 1000.000000000000000 ) ;
#452 = VERTEX_POINT ( 'NONE', #7470 ) ;
#453 = UNCERTAINTY_MEASURE_WITH_UNIT (LENGTH_MEASURE( 1.000000000000000082E-05 ), #9117, 'distance_accuracy_value', 'NONE');
#454 = ORIENTED_EDGE ( 'NONE', *, *, #5185, .T. ) ;
#455 = CARTESIAN_POINT ( 'NONE',  ( 10.16000000000000014, 0.5000000000000005551, 0.3499999999999996447 ) ) ;
#456 = SURFACE_STYLE_USAGE ( .BOTH. , #3370 ) ;
#457 = ADVANCED_FACE ( 'NONE', ( #8156 ), #2423, .T. ) ;
#458 = FACE_OUTER_BOUND ( 'NONE', #1049, .T. ) ;
#459 = DIRECTION ( 'NONE',  ( -0.5000000000000001110, -0.8660254037844385966, 0.000000000000000000 ) ) ;
#460 = CARTESIAN_POINT ( 'NONE',  ( 7.270000000000000462, 0.000000000000000000, 0.3499999999999999778 ) ) ;
#461 = DIRECTION ( 'NONE',  ( 0.000000000000000000, 0.000000000000000000, -1.000000000000000000 ) ) ;
#462 = CARTESIAN_POINT ( 'NONE',  ( 8.601660679612406213, 3.374693912578980548, -0.3500000000000003109 ) ) ;
#463 = EDGE_LOOP ( 'NONE', ( #5489, #4606, #205, #2398 ) ) ;
#464 = ORIENTED_EDGE ( 'NONE', *, *, #5655, .T. ) ;
#465 = CARTESIAN_POINT ( 'NONE',  ( 7.020000000000000462, 6.299999999999999822, -0.3500000000000002554 ) ) ;
#466 = AXIS2_PLACEMENT_3D ( 'NONE', #1965, #7921, #1236 ) ;
#467 = CARTESIAN_POINT ( 'NONE',  ( 6.674703062804455023, 4.071564961060444077, -0.3500000000000002554 ) ) ;
#468 = VERTEX_POINT ( 'NONE', #5932 ) ;
#469 = EDGE_CURVE ( 'NONE', #7174, #9363, #877, .T. ) ;
#470 = CARTESIAN_POINT ( 'NONE',  ( 11.63000000000000078, 0.000000000000000000, 1.199999999999999512 ) ) ;
#471 = VECTOR ( 'NONE', #8149, 1000.000000000000000 ) ;
#472 = VECTOR ( 'NONE', #5724, 1000.000000000000000 ) ;
#473 = EDGE_CURVE ( 'NONE', #712, #7599, #8255, .T. ) ;
#474 = LINE ( 'NONE', #6304, #7033 ) ;
#475 = ORIENTED_EDGE ( 'NONE', *, *, #4955, .T. ) ;
#476 = VECTOR ( 'NONE', #4487, 1000.000000000000000 ) ;
#477 = PRESENTATION_STYLE_ASSIGNMENT (( #7716 ) ) ;
#478 = CARTESIAN_POINT ( 'NONE',  ( 0.8888495460508764046, 4.917640708297875030, 0.3499999999999999778 ) ) ;
#479 =( GEOMETRIC_REPRESENTATION_CONTEXT ( 3 ) GLOBAL_UNCERTAINTY_ASSIGNED_CONTEXT ( ( #6911 ) ) GLOBAL_UNIT_ASSIGNED_CONTEXT ( ( #1242, #6427, #3606 ) ) REPRESENTATION_CONTEXT ( 'NONE', 'WORKASPACE' ) );
#480 = CARTESIAN_POINT ( 'NONE',  ( 0.6867549326077613259, 6.500000000000000888, -0.6500000000000017986 ) ) ;
#481 = ORIENTED_EDGE ( 'NONE', *, *, #7464, .F. ) ;
#482 = FACE_OUTER_BOUND ( 'NONE', #8194, .T. ) ;
#483 = LINE ( 'NONE', #6455, #9470 ) ;
#484 =( LENGTH_UNIT ( ) NAMED_UNIT ( * ) SI_UNIT ( .MILLI., .METRE. ) );
#485 = PLANE ( 'NONE',  #5157 ) ;
#486 = ORIENTED_EDGE ( 'NONE', *, *, #9684, .T. ) ;
#487 = EDGE_LOOP ( 'NONE', ( #6851, #9013, #8892, #6922 ) ) ;
#488 = SURFACE_STYLE_FILL_AREA ( #4182 ) ;
#489 = CARTESIAN_POINT ( 'NONE',  ( 11.63000000000000078, 0.000000000000000000, -0.6499999999999991340 ) ) ;
#490 =( NAMED_UNIT ( * ) PLANE_ANGLE_UNIT ( ) SI_UNIT ( $, .RADIAN. ) );
#491 = EDGE_CURVE ( 'NONE', #6629, #2898, #3052, .T. ) ;
#492 = FACE_BOUND ( 'NONE', #268, .T. ) ;
#493 = CARTESIAN_POINT ( 'NONE',  ( -5.421010862427528333E-17, 0.5000000000000005551, 0.3499999999999999778 ) ) ;
#494 = EDGE_CURVE ( 'NONE', #3440, #1076, #3008, .T. ) ;
#495 = FILL_AREA_STYLE ('',( #448 ) ) ;
#496 = DIRECTION ( 'NONE',  ( -0.000000000000000000, -0.000000000000000000, 1.000000000000000000 ) ) ;
#497 = DIRECTION ( 'NONE',  ( 0.000000000000000000, 0.000000000000000000, -1.000000000000000000 ) ) ;
#498 = ORIENTED_EDGE ( 'NONE', *, *, #3332, .F. ) ;
#499 = CARTESIAN_POINT ( 'NONE',  ( 9.807475984454221418, 5.732672356334980179, -0.3500000000000003109 ) ) ;
#500 = ORIENTED_EDGE ( 'NONE', *, *, #8849, .T. ) ;
#501 = ADVANCED_FACE ( 'NONE', ( #4474 ), #2963, .F. ) ;
#502 = LINE ( 'NONE', #6246, #6360 ) ;
#503 = VECTOR ( 'NONE', #6478, 1000.000000000000000 ) ;
#504 = CARTESIAN_POINT ( 'NONE',  ( 5.543356898907900288, 1.699999999999997957, -0.3500000000000001443 ) ) ;
#505 = DIRECTION ( 'NONE',  ( 1.000000000000000000, 0.000000000000000000, 0.000000000000000000 ) ) ;
#506 = VECTOR ( 'NONE', #8886, 1000.000000000000000 ) ;
#507 = CARTESIAN_POINT ( 'NONE',  ( 11.63000000000000078, 0.000000000000000000, 0.6500000000000012434 ) ) ;
#508 = DIRECTION ( 'NONE',  ( -0.000000000000000000, -1.668003342285388099E-16, -1.000000000000000000 ) ) ;
#509 = CARTESIAN_POINT ( 'NONE',  ( 1.853245067392238710, 6.500000000000000888, -0.6500000000000017986 ) ) ;
#510 = DIRECTION ( 'NONE',  ( 0.000000000000000000, -1.000000000000000000, 0.000000000000000000 ) ) ;
#511 = CARTESIAN_POINT ( 'NONE',  ( 8.620000000000002771, 2.615493535622418708, -0.3500000000000003109 ) ) ;
#512 = EDGE_LOOP ( 'NONE', ( #5396, #5687, #4733, #1604 ) ) ;
#513 = ORIENTED_EDGE ( 'NONE', *, *, #4167, .T. ) ;
#514 = DIRECTION ( 'NONE',  ( -0.000000000000000000, -0.000000000000000000, -1.000000000000000000 ) ) ;
#515 = CARTESIAN_POINT ( 'NONE',  ( 2.018154266116020334, 5.626229152235333153, -0.3500000000000000888 ) ) ;
#516 = VECTOR ( 'NONE', #5714, 1000.000000000000000 ) ;
#517 =( NAMED_UNIT ( * ) PLANE_ANGLE_UNIT ( ) SI_UNIT ( $, .RADIAN. ) );
#518 = ORIENTED_EDGE ( 'NONE', *, *, #6472, .T. ) ;
#519 = DIRECTION ( 'NONE',  ( 3.097720492815726426E-17, -1.000000000000000000, 0.000000000000000000 ) ) ;
#520 =( LENGTH_UNIT ( ) NAMED_UNIT ( * ) SI_UNIT ( .MILLI., .METRE. ) );
#521 = CARTESIAN_POINT ( 'NONE',  ( 0.5218457338839795900, 5.626229152235330488, -0.3499999999999999778 ) ) ;
#522 = ORIENTED_EDGE ( 'NONE', *, *, #8317, .F. ) ;
#523 =( NAMED_UNIT ( * ) SI_UNIT ( $, .STERADIAN. ) SOLID_ANGLE_UNIT ( ) );
#524 =( LENGTH_UNIT ( ) NAMED_UNIT ( * ) SI_UNIT ( .MILLI., .METRE. ) );
#525 = CARTESIAN_POINT ( 'NONE',  ( 0.7982104639795067902, 5.709058272658547040, 0.3499999999999999778 ) ) ;
#526 = SURFACE_SIDE_STYLE ('',( #5604 ) ) ;
#527 = ORIENTED_EDGE ( 'NONE', *, *, #5032, .T. ) ;
#528 = EDGE_CURVE ( 'NONE', #7023, #38, #9185, .T. ) ;
#529 = DIRECTION ( 'NONE',  ( -0.000000000000000000, -0.000000000000000000, -1.000000000000000000 ) ) ;
#530 = CARTESIAN_POINT ( 'NONE',  ( 10.50999999999999979, 0.000000000000000000, 0.3499999999999999778 ) ) ;
#531 = LINE ( 'NONE', #7967, #9306 ) ;
#532 = CARTESIAN_POINT ( 'NONE',  ( -0.9999999999999995559, 1.800000000000000488, -0.3499999999999999778 ) ) ;
#533 = ORIENTED_EDGE ( 'NONE', *, *, #2592, .T. ) ;
#534 = UNCERTAINTY_MEASURE_WITH_UNIT (LENGTH_MEASURE( 1.000000000000000082E-05 ), #8425, 'distance_accuracy_value', 'NONE');
#535 = VERTEX_POINT ( 'NONE', #4710 ) ;
#536 = CARTESIAN_POINT ( 'NONE',  ( 4.393245067392238745, 8.000000000000000000, 0.6500000000000000222 ) ) ;
#537 = EDGE_CURVE ( 'NONE', #8739, #3041, #8444, .T. ) ;
#538 = PLANE ( 'NONE',  #294 ) ;
#539 = CARTESIAN_POINT ( 'NONE',  ( 0.3218457338839795789, 5.626229152235330488, 0.000000000000000000 ) ) ;
#540 = SURFACE_STYLE_FILL_AREA ( #392 ) ;
#541 = DIRECTION ( 'NONE',  ( 0.000000000000000000, -0.8660254037844385966, 0.5000000000000001110 ) ) ;
#542 = CARTESIAN_POINT ( 'NONE',  ( 2.539999999999998703, 1.700000000000000178, 0.3499999999999998668 ) ) ;
#543 = FACE_OUTER_BOUND ( 'NONE', #942, .T. ) ;
#544 = MANIFOLD_SOLID_BREP ( 'LPattern18[1]', #840 ) ;
#545 = MECHANICAL_DESIGN_GEOMETRIC_PRESENTATION_REPRESENTATION (  '', ( #2447 ), #6334 ) ;
#546 = ORIENTED_EDGE ( 'NONE', *, *, #5694, .F. ) ;
#547 = CARTESIAN_POINT ( 'NONE',  ( 1.000000000000000444, 1.800000000000000488, 0.3499999999999999778 ) ) ;
#548 = ORIENTED_EDGE ( 'NONE', *, *, #4412, .F. ) ;
#549 = VECTOR ( 'NONE', #2875, 1000.000000000000000 ) ;
#550 = FILL_AREA_STYLE ('',( #7253 ) ) ;
#551 = VECTOR ( 'NONE', #8333, 1000.000000000000000 ) ;
#552 = DIRECTION ( 'NONE',  ( 1.000000000000000000, 0.000000000000000000, 0.000000000000000000 ) ) ;
#553 = ADVANCED_FACE ( 'NONE', ( #3242 ), #6217, .T. ) ;
#554 = FACE_OUTER_BOUND ( 'NONE', #5070, .T. ) ;
#555 =( LENGTH_UNIT ( ) NAMED_UNIT ( * ) SI_UNIT ( .MILLI., .METRE. ) );
#556 = CARTESIAN_POINT ( 'NONE',  ( 10.48184573388397922, 5.626229152235330488, 0.3499999999999996447 ) ) ;
#557 = AXIS2_PLACEMENT_3D ( 'NONE', #9103, #6903, #3754 ) ;
#558 = CARTESIAN_POINT ( 'NONE',  ( 10.16000000000000014, -3.000000000000000000, 0.3499999999999996447 ) ) ;
#559 = FILL_AREA_STYLE_COLOUR ( '', #5894 ) ;
#560 = EDGE_CURVE ( 'NONE', #5048, #7174, #1798, .T. ) ;
#561 = ADVANCED_FACE ( 'NONE', ( #4119 ), #7072, .F. ) ;
#562 = COLOUR_RGB ( '',0.8313725490196077761, 0.6705882352941175961, 0.1294117647058823373 ) ;
#563 = CARTESIAN_POINT ( 'NONE',  ( 0.9006934952134016958, 4.786369049944407372, -0.3499999999999999778 ) ) ;
#564 = ORIENTED_EDGE ( 'NONE', *, *, #8165, .T. ) ;
#565 = VECTOR ( 'NONE', #8398, 1000.000000000000000 ) ;
#566 = VERTEX_POINT ( 'NONE', #7852 ) ;
#567 = CARTESIAN_POINT ( 'NONE',  ( -0.6867549326077613259, 8.000000000000000000, -0.6500000000000025757 ) ) ;
#568 = MANIFOLD_SOLID_BREP ( 'LPattern18[2]', #5072 ) ;
#569 = CARTESIAN_POINT ( 'NONE',  ( 7.020000000000000462, 6.299999999999999822, -0.3500000000000002554 ) ) ;
#570 = DIRECTION ( 'NONE',  ( -1.000000000000000000, -0.000000000000000000, -0.000000000000000000 ) ) ;
#571 = EDGE_LOOP ( 'NONE', ( #3594, #4343, #8080, #799 ) ) ;
#572 = COLOUR_RGB ( '',0.8313725490196077761, 0.6705882352941175961, 0.1294117647058823373 ) ;
#573 = ORIENTED_EDGE ( 'NONE', *, *, #9064, .F. ) ;
#574 = CARTESIAN_POINT ( 'NONE',  ( 4.281789536020344400, 5.709058272657560273, -0.3500000000000002554 ) ) ;
#575 = CARTESIAN_POINT ( 'NONE',  ( 6.620000000000000107, 0.5000000000000002220, 0.3499999999999998668 ) ) ;
#576 = AXIS2_PLACEMENT_3D ( 'NONE', #3768, #6589, #9669 ) ;
#577 = CARTESIAN_POINT ( 'NONE',  ( 8.620000000000000995, 1.121588454295350273E-16, 0.3499999999999997002 ) ) ;
#578 = PRESENTATION_LAYER_ASSIGNMENT (  '', '', ( #9168 ) ) ;
#579 = SURFACE_SIDE_STYLE ('',( #5827 ) ) ;
#580 = VECTOR ( 'NONE', #4100, 1000.000000000000000 ) ;
#581 = LINE ( 'NONE', #8802, #3039 ) ;
#582 = ORIENTED_EDGE ( 'NONE', *, *, #4834, .T. ) ;
#583 = FILL_AREA_STYLE_COLOUR ( '', #7228 ) ;
#584 = DIRECTION ( 'NONE',  ( -0.000000000000000000, 0.000000000000000000, 1.000000000000000000 ) ) ;
#585 = ADVANCED_FACE ( 'NONE', ( #1263 ), #3197, .T. ) ;
#586 = CARTESIAN_POINT ( 'NONE',  ( 5.405255819881805479, 5.589454083063163381, -0.3500000000000001443 ) ) ;
#587 = CARTESIAN_POINT ( 'NONE',  ( -0.3500000000000000333, 8.200000000000001066, 0.3499999999999999778 ) ) ;
#588 = ORIENTED_EDGE ( 'NONE', *, *, #4802, .F. ) ;
#589 = VECTOR ( 'NONE', #43, 1000.000000000000000 ) ;
#590 = ORIENTED_EDGE ( 'NONE', *, *, #2978, .T. ) ;
#591 = CARTESIAN_POINT ( 'NONE',  ( 8.306754932607761432, 10.39117142264903570, 0.6499999999999995781 ) ) ;
#592 = CARTESIAN_POINT ( 'NONE',  ( 4.480000000000000426, 6.299999999999999822, -0.3500000000000001443 ) ) ;
#593 =( NAMED_UNIT ( * ) SI_UNIT ( $, .STERADIAN. ) SOLID_ANGLE_UNIT ( ) );
#594 = DIRECTION ( 'NONE',  ( -0.6546536707079770867, -0.3779644730092274196, -0.6546536707079770867 ) ) ;
#595 = CIRCLE ( 'NONE', #5922, 0.2999999999999999334 ) ;
#596 = DIRECTION ( 'NONE',  ( -3.097720492815726426E-17, 1.000000000000000000, 0.000000000000000000 ) ) ;
#597 = SURFACE_STYLE_USAGE ( .BOTH. , #8022 ) ;
#598 = CARTESIAN_POINT ( 'NONE',  ( 4.730000000000001315, -2.800000000000001155, 0.3499999999999998113 ) ) ;
#599 = ADVANCED_FACE ( 'NONE', ( #8789 ), #1836, .T. ) ;
#600 = SURFACE_STYLE_FILL_AREA ( #5747 ) ;
#601 = B_SPLINE_CURVE_WITH_KNOTS ( 'NONE', 3,
 ( #1856, #3338, #9282, #4265, #8592, #4995, #4857, #2758, #1222, #1905, #3492, #4214, #9339, #2613, #4122, #2050, #9427, #8737, #7219, #8002, #2715, #7075, #1268, #7902, #8689, #1313, #3389, #2808, #6352, #325, #4900, #7810, #7124 ),
 .UNSPECIFIED., .F., .F.,
 ( 4, 1, 1, 1, 1, 1, 1, 2, 2, 1, 1, 1, 1, 1, 2, 2, 1, 1, 1, 1, 1, 1, 2, 2, 4 ),
 ( 0.000000000000000000, 0.2500000000000390799, 0.3750000000000586198, 0.4375000000000683897, 0.4687500000000732747, 0.4843750000000752731, 0.4921875000000759393, 0.4960937500000762723, 0.5000000000000766054, 0.6250000000000781597, 0.6875000000000787148, 0.7187500000000789369, 0.7343750000000790479, 0.7421875000000790479, 0.7460937500000787148, 0.7500000000000784928, 0.8125000000000752731, 0.8437500000000739409, 0.8593750000000732747, 0.8671875000000729417, 0.8710937500000728306, 0.8730468750000724976, 0.8740234375000720535, 0.8750000000000714984, 1.000000000000000000 ),
 .UNSPECIFIED. ) ;
#602 = ORIENTED_EDGE ( 'NONE', *, *, #9163, .T. ) ;
#603 = ORIENTED_EDGE ( 'NONE', *, *, #5637, .F. ) ;
#604 = LINE ( 'NONE', #4145, #1896 ) ;
#605 = ORIENTED_EDGE ( 'NONE', *, *, #956, .T. ) ;
#606 = DIRECTION ( 'NONE',  ( 0.000000000000000000, 1.668003342285388099E-16, 1.000000000000000000 ) ) ;
#607 = LINE ( 'NONE', #8029, #2817 ) ;
#608 = CARTESIAN_POINT ( 'NONE',  ( 10.92122078687020093, 5.920464898423896116, -0.3500000000000003109 ) ) ;
#609 = FACE_OUTER_BOUND ( 'NONE', #6865, .T. ) ;
#610 =( LENGTH_UNIT ( ) NAMED_UNIT ( * ) SI_UNIT ( .MILLI., .METRE. ) );
#611 = VECTOR ( 'NONE', #9686, 1000.000000000000000 ) ;
#612 = CARTESIAN_POINT ( 'NONE',  ( 1.750396961982262134, 5.762359718947906551, -0.3500000000000002554 ) ) ;
#613 = SURFACE_STYLE_FILL_AREA ( #5033 ) ;
#614 = ORIENTED_EDGE ( 'NONE', *, *, #5527, .T. ) ;
#615 = ORIENTED_EDGE ( 'NONE', *, *, #4118, .T. ) ;
#616 =( NAMED_UNIT ( * ) PLANE_ANGLE_UNIT ( ) SI_UNIT ( $, .RADIAN. ) );
#617 = CARTESIAN_POINT ( 'NONE',  ( 6.757373952540061346, 5.194217234909946690, -0.3500000000000003664 ) ) ;
#618 = AXIS2_PLACEMENT_3D ( 'NONE', #6029, #8402, #4619 ) ;
#619 = CARTESIAN_POINT ( 'NONE',  ( 10.11000000000000121, 8.026794919243112503, -0.04999999999999996808 ) ) ;
#620 = ORIENTED_EDGE ( 'NONE', *, *, #7035, .T. ) ;
#621 = PRESENTATION_STYLE_ASSIGNMENT (( #6493 ) ) ;
#622 = EDGE_CURVE ( 'NONE', #5942, #3701, #2091, .T. ) ;
#623 =( NAMED_UNIT ( * ) PLANE_ANGLE_UNIT ( ) SI_UNIT ( $, .RADIAN. ) );
#624 = ORIENTED_EDGE ( 'NONE', *, *, #3213, .F. ) ;
#625 = DIRECTION ( 'NONE',  ( 0.000000000000000000, -3.097720492815727166E-16, -1.000000000000000000 ) ) ;
#626 = LINE ( 'NONE', #4371, #5417 ) ;
#627 = SURFACE_STYLE_USAGE ( .BOTH. , #8461 ) ;
#629 = ORIENTED_EDGE ( 'NONE', *, *, #4687, .F. ) ;
#628 = VECTOR ( 'NONE', #7554, 1000.000000000000000 ) ;
#630 = CARTESIAN_POINT ( 'NONE',  ( -0.8615757348916230907, 5.204467366490685087, -0.3499999999999999223 ) ) ;
#631 = FACE_OUTER_BOUND ( 'NONE', #6206, .T. ) ;
#632 = ORIENTED_EDGE ( 'NONE', *, *, #4934, .T. ) ;
#633 = ORIENTED_EDGE ( 'NONE', *, *, #844, .T. ) ;
#634 = CARTESIAN_POINT ( 'NONE',  ( 10.62335689890790036, 1.699999999999999289, 0.3499999999999996447 ) ) ;
#635 = CARTESIAN_POINT ( 'NONE',  ( 9.160000000000001918, 6.500000000000000888, 0.3499999999999989231 ) ) ;
#636 = CARTESIAN_POINT ( 'NONE',  ( -0.8696152422706630025, 8.500000000000000000, 0.8696152422706630025 ) ) ;
#637 = CARTESIAN_POINT ( 'NONE',  ( 7.270000000000000462, 8.000000000000000000, -0.3499999999999999778 ) ) ;
#638 = CARTESIAN_POINT ( 'NONE',  ( 3.226754932607761361, 10.39117142264903570, -0.3500000000000017542 ) ) ;
#639 = CARTESIAN_POINT ( 'NONE',  ( 11.00918347798065433, 5.324198710742061635, 0.3499999999999997002 ) ) ;
#640 = CARTESIAN_POINT ( 'NONE',  ( 5.899285907662241257, 5.570187327444201308, -0.3500000000000001998 ) ) ;
#641 = CARTESIAN_POINT ( 'NONE',  ( 11.63000000000000078, 0.5000000000000000000, -0.6499999999999989120 ) ) ;
#642 = MANIFOLD_SOLID_BREP ( 'Fillet3', #6310 ) ;
#643 = VERTEX_POINT ( 'NONE', #8291 ) ;
#644 = VERTEX_POINT ( 'NONE', #865 ) ;
#645 = DIRECTION ( 'NONE',  ( 0.000000000000000000, 0.000000000000000000, 1.000000000000000000 ) ) ;
#646 = ORIENTED_EDGE ( 'NONE', *, *, #3331, .T. ) ;
#647 = EDGE_CURVE ( 'NONE', #337, #1480, #6109, .T. ) ;
#648 = CARTESIAN_POINT ( 'NONE',  ( 3.039999999999998259, 6.299999999999999822, 0.3499999999999998668 ) ) ;
#649 = CARTESIAN_POINT ( 'NONE',  ( 9.298770099106169695, 5.207834124282346266, -0.3500000000000002554 ) ) ;
#650 = CARTESIAN_POINT ( 'NONE',  ( 10.94675849603539319, 5.779404586027642843, -0.3500000000000003664 ) ) ;
#651 = CARTESIAN_POINT ( 'NONE',  ( 8.119999999999999218, 6.299999999999999822, -0.3500000000000002554 ) ) ;
#652 = CARTESIAN_POINT ( 'NONE',  ( 2.189999999999999947, 0.000000000000000000, 0.3499999999999999778 ) ) ;
#653 = CARTESIAN_POINT ( 'NONE',  ( 0.8192859076622390768, 5.570187327444200420, -0.3499999999999998668 ) ) ;
#654 = ORIENTED_EDGE ( 'NONE', *, *, #1956, .F. ) ;
#655 = PLANE ( 'NONE',  #7918 ) ;
#656 = ORIENTED_EDGE ( 'NONE', *, *, #5000, .F. ) ;
#657 = CARTESIAN_POINT ( 'NONE',  ( 2.865255819881804999, 5.589454083063163381, -0.3500000000000000888 ) ) ;
#658 = ADVANCED_FACE ( 'NONE', ( #3725 ), #3676, .F. ) ;
#659 = COLOUR_RGB ( '',0.8313725490196077761, 0.6705882352941175961, 0.1294117647058823373 ) ;
#660 = CARTESIAN_POINT ( 'NONE',  ( 5.405255819881805479, 5.589454083063163381, 0.3499999999999998113 ) ) ;
#661 = VERTEX_POINT ( 'NONE', #1508 ) ;
#662 =( GEOMETRIC_REPRESENTATION_CONTEXT ( 3 ) GLOBAL_UNCERTAINTY_ASSIGNED_CONTEXT ( ( #6769 ) ) GLOBAL_UNIT_ASSIGNED_CONTEXT ( ( #3148, #2368, #6743 ) ) REPRESENTATION_CONTEXT ( 'NONE', 'WORKASPACE' ) );
#663 = FILL_AREA_STYLE ('',( #9569 ) ) ;
#664 = ORIENTED_EDGE ( 'NONE', *, *, #8277, .T. ) ;
#665 = ADVANCED_FACE ( 'NONE', ( #9614 ), #4464, .F. ) ;
#666 = CARTESIAN_POINT ( 'NONE',  ( 4.480000000000000426, 6.299999999999999822, -0.3500000000000001443 ) ) ;
#667 = CARTESIAN_POINT ( 'NONE',  ( 6.080000000000000959, 1.121588454295350273E-16, -0.3500000000000001443 ) ) ;
#668 = AXIS2_PLACEMENT_3D ( 'NONE', #5140, #6591, #1165 ) ;
#669 = VERTEX_POINT ( 'NONE', #8899 ) ;
#670 = UNCERTAINTY_MEASURE_WITH_UNIT (LENGTH_MEASURE( 1.000000000000000082E-05 ), #5361, 'distance_accuracy_value', 'NONE');
#671 = CARTESIAN_POINT ( 'NONE',  ( 3.540000000000000036, 6.500000000000000888, 0.3499999999999989231 ) ) ;
#672 = UNCERTAINTY_MEASURE_WITH_UNIT (LENGTH_MEASURE( 1.000000000000000082E-05 ), #1489, 'distance_accuracy_value', 'NONE');
#673 = CARTESIAN_POINT ( 'NONE',  ( -0.8888495460509765467, 4.917640708295714980, -0.3499999999999999223 ) ) ;
#674 = VECTOR ( 'NONE', #1968, 1000.000000000000000 ) ;
#675 = CARTESIAN_POINT ( 'NONE',  ( 2.189999999999999947, 8.200000000000001066, 0.3499999999999999778 ) ) ;
#676 = EDGE_CURVE ( 'NONE', #6489, #5467, #2207, .T. ) ;
#677 = ORIENTED_EDGE ( 'NONE', *, *, #1735, .T. ) ;
#678 = ORIENTED_EDGE ( 'NONE', *, *, #6564, .T. ) ;
#679 = DIRECTION ( 'NONE',  ( -3.097720492815726426E-17, 1.000000000000000000, 0.000000000000000000 ) ) ;
#680 = CARTESIAN_POINT ( 'NONE',  ( 4.729999999999999538, 8.200000000000001066, 0.3499999999999999778 ) ) ;
#681 = SURFACE_STYLE_USAGE ( .BOTH. , #5059 ) ;
#682 = ORIENTED_EDGE ( 'NONE', *, *, #5695, .F. ) ;
#683 = SURFACE_STYLE_FILL_AREA ( #8168 ) ;
#684 =( LENGTH_UNIT ( ) NAMED_UNIT ( * ) SI_UNIT ( .MILLI., .METRE. ) );
#685 = CARTESIAN_POINT ( 'NONE',  ( 5.865140250919768761, 5.788964205960195564, -0.3500000000000001443 ) ) ;
#686 = LINE ( 'NONE', #1337, #7271 ) ;
#687 = CARTESIAN_POINT ( 'NONE',  ( -0.3252558198818047419, 5.589454083063166046, -0.3499999999999999778 ) ) ;
#688 = ORIENTED_EDGE ( 'NONE', *, *, #8817, .T. ) ;
#689 = EDGE_CURVE ( 'NONE', #5443, #7023, #7460, .T. ) ;
#690 = MECHANICAL_DESIGN_GEOMETRIC_PRESENTATION_REPRESENTATION (  '', ( #3059 ), #7717 ) ;
#691 = ORIENTED_EDGE ( 'NONE', *, *, #3656, .F. ) ;
#692 = VERTEX_POINT ( 'NONE', #1694 ) ;
#693 = EDGE_CURVE ( 'NONE', #1488, #2316, #7020, .T. ) ;
#694 = FILL_AREA_STYLE ('',( #2130 ) ) ;
#695 = DIRECTION ( 'NONE',  ( 0.000000000000000000, 1.668003342285392044E-16, 1.000000000000000000 ) ) ;
#696 = LINE ( 'NONE', #6578, #1231 ) ;
#697 = VECTOR ( 'NONE', #3569, 1000.000000000000000 ) ;
#698 = CARTESIAN_POINT ( 'NONE',  ( 4.080000000000000959, 0.8000000000000004885, -0.3500000000000001443 ) ) ;
#699 = EDGE_CURVE ( 'NONE', #6830, #5048, #6203, .T. ) ;
#700 = SURFACE_STYLE_FILL_AREA ( #3758 ) ;
#701 = FACE_OUTER_BOUND ( 'NONE', #9503, .T. ) ;
#702 = CARTESIAN_POINT ( 'NONE',  ( 10.51252401554577887, 5.732672356334977515, -0.3500000000000003109 ) ) ;
#703 = DIRECTION ( 'NONE',  ( 0.000000000000000000, -0.000000000000000000, 1.000000000000000000 ) ) ;
#704 = ORIENTED_EDGE ( 'NONE', *, *, #1204, .F. ) ;
#705 = DIRECTION ( 'NONE',  ( 0.000000000000000000, 0.000000000000000000, 1.000000000000000000 ) ) ;
#706 = STYLED_ITEM ( 'NONE', ( #1775 ), #1038 ) ;
#707 = VERTEX_POINT ( 'NONE', #2547 ) ;
#708 = COLOUR_RGB ( '',0.8313725490196077761, 0.6705882352941175961, 0.1294117647058823373 ) ;
#709 = FACE_OUTER_BOUND ( 'NONE', #2572, .T. ) ;
#710 = DIRECTION ( 'NONE',  ( -0.6546536707079770867, 0.3779644730092274196, -0.6546536707079770867 ) ) ;
#711 =( BOUNDED_CURVE ( )  B_SPLINE_CURVE ( 3, ( #8863, #6655, #3689, #2170 ),
 .UNSPECIFIED., .F., .F. ) 
 B_SPLINE_CURVE_WITH_KNOTS ( ( 4, 4 ),
 ( 1.570796326794896336, 2.359101780428492390 ),
 .UNSPECIFIED. ) 
 CURVE ( )  GEOMETRIC_REPRESENTATION_ITEM ( )  RATIONAL_B_SPLINE_CURVE ( ( 1.000000000000000000, 0.9488815137910384667, 0.9488815137910384667, 1.000000000000000000 ) ) 
 REPRESENTATION_ITEM ( '' )  );
#712 = VERTEX_POINT ( 'NONE', #2596 ) ;
#713 = CARTESIAN_POINT ( 'NONE',  ( 11.16000000000000192, 0.8000000000000007105, -0.3500000000000003109 ) ) ;
#714 = COLOUR_RGB ( '',0.8313725490196077761, 0.6705882352941175961, 0.1294117647058823373 ) ;
#715 = DIRECTION ( 'NONE',  ( 0.000000000000000000, -0.000000000000000000, 1.000000000000000000 ) ) ;
#716 = AXIS2_PLACEMENT_3D ( 'NONE', #5248, #6612, #8171 ) ;
#717 = EDGE_CURVE ( 'NONE', #7155, #8143, #9130, .T. ) ;
#718 = ORIENTED_EDGE ( 'NONE', *, *, #373, .T. ) ;
#719 = ADVANCED_FACE ( 'NONE', ( #8334 ), #2746, .T. ) ;
#720 = CARTESIAN_POINT ( 'NONE',  ( 4.230816522019154924, 5.324198710740767559, -0.3500000000000003109 ) ) ;
#721 = VECTOR ( 'NONE', #5551, 1000.000000000000000 ) ;
#722 = DIRECTION ( 'NONE',  ( -0.7071067811865489050, 0.7071067811865460184, -0.000000000000000000 ) ) ;
#723 = AXIS2_PLACEMENT_3D ( 'NONE', #1123, #7234, #4274 ) ;
#724 = DIRECTION ( 'NONE',  ( 0.000000000000000000, 0.000000000000000000, -1.000000000000000000 ) ) ;
#725 = ORIENTED_EDGE ( 'NONE', *, *, #7794, .T. ) ;
#726 = AXIS2_PLACEMENT_3D ( 'NONE', #5886, #2270, #6605 ) ;
#727 = CARTESIAN_POINT ( 'NONE',  ( 5.579999999999999183, 6.299999999999999822, 0.3499999999999998113 ) ) ;
#728 = EDGE_CURVE ( 'NONE', #8433, #1565, #3488, .T. ) ;
#729 = SURFACE_SIDE_STYLE ('',( #3685 ) ) ;
#730 = VERTEX_POINT ( 'NONE', #9119 ) ;
#731 =( GEOMETRIC_REPRESENTATION_CONTEXT ( 3 ) GLOBAL_UNCERTAINTY_ASSIGNED_CONTEXT ( ( #4489 ) ) GLOBAL_UNIT_ASSIGNED_CONTEXT ( ( #5769, #517, #5038 ) ) REPRESENTATION_CONTEXT ( 'NONE', 'WORKASPACE' ) );
#732 = FACE_OUTER_BOUND ( 'NONE', #2248, .T. ) ;
#733 = VECTOR ( 'NONE', #7166, 1000.000000000000000 ) ;
#734 = VECTOR ( 'NONE', #8763, 1000.000000000000114 ) ;
#735 = PLANE ( 'NONE',  #6404 ) ;
#736 = CARTESIAN_POINT ( 'NONE',  ( 4.380000000000000782, 0.8000000000000004885, 0.3499999999999998113 ) ) ;
#737 = EDGE_LOOP ( 'NONE', ( #6795, #135, #7546, #7179 ) ) ;
#738 = EDGE_CURVE ( 'NONE', #2539, #7660, #3836, .T. ) ;
#739 = CARTESIAN_POINT ( 'NONE',  ( 5.680000000000000604, 6.299999999999999822, -0.3500000000000001443 ) ) ;
#740 = CARTESIAN_POINT ( 'NONE',  ( 10.88850205228879275, 6.125528511109558316, 0.3499999999999996447 ) ) ;
#741 = COLOUR_RGB ( '',0.8313725490196077761, 0.6705882352941175961, 0.1294117647058823373 ) ;
#742 = UNCERTAINTY_MEASURE_WITH_UNIT (LENGTH_MEASURE( 1.000000000000000082E-05 ), #1841, 'distance_accuracy_value', 'NONE');
#743 = DIRECTION ( 'NONE',  ( 0.7071067811865474617, 0.7071067811865474617, -0.000000000000000000 ) ) ;
#744 = VECTOR ( 'NONE', #760, 1000.000000000000000 ) ;
#745 = CARTESIAN_POINT ( 'NONE',  ( 7.267475984454220495, 5.732672356334980179, 0.3499999999999997002 ) ) ;
#746 = EDGE_CURVE ( 'NONE', #5097, #4033, #3226, .T. ) ;
#747 = CARTESIAN_POINT ( 'NONE',  ( -1.000000000000000000, 0.5000000000000002220, 0.3499999999999998668 ) ) ;
#748 = EDGE_LOOP ( 'NONE', ( #3793, #370, #5899, #2946 ) ) ;
#749 = CARTESIAN_POINT ( 'NONE',  ( 8.620000000000000995, 1.800000000000000488, 0.3499999999999997002 ) ) ;
#750 = CARTESIAN_POINT ( 'NONE',  ( 1.853245067392238710, 8.000000000000000000, -0.6500000000000030198 ) ) ;
#751 = ORIENTED_EDGE ( 'NONE', *, *, #896, .T. ) ;
#752 = VECTOR ( 'NONE', #2006, 1000.000000000000000 ) ;
#753 = SURFACE_STYLE_FILL_AREA ( #5357 ) ;
#754 = DIRECTION ( 'NONE',  ( -0.7071067811865489050, 0.7071067811865460184, -0.000000000000000000 ) ) ;
#755 = CARTESIAN_POINT ( 'NONE',  ( 1.000000000000000444, 1.800000000000000488, 0.3499999999999999778 ) ) ;
#756 = PRESENTATION_STYLE_ASSIGNMENT (( #9659 ) ) ;
#757 = PRESENTATION_STYLE_ASSIGNMENT (( #6679 ) ) ;
#758 = VECTOR ( 'NONE', #5311, 1000.000000000000000 ) ;
#759 = ORIENTED_EDGE ( 'NONE', *, *, #5093, .T. ) ;
#760 = DIRECTION ( 'NONE',  ( -1.000000000000000000, 0.000000000000000000, 0.000000000000000000 ) ) ;
#761 = ORIENTED_EDGE ( 'NONE', *, *, #254, .F. ) ;
#762 = SURFACE_SIDE_STYLE ('',( #3670 ) ) ;
#763 = CARTESIAN_POINT ( 'NONE',  ( 2.890000000000001013, 1.084202172485506745E-17, 0.3499999999999998668 ) ) ;
#764 = CARTESIAN_POINT ( 'NONE',  ( 6.920000000000000817, 0.8000000000000004885, 0.3499999999999997002 ) ) ;
#765 = ORIENTED_EDGE ( 'NONE', *, *, #6369, .T. ) ;
#766 = AXIS2_PLACEMENT_3D ( 'NONE', #1607, #4609, #2364 ) ;
#767 =( NAMED_UNIT ( * ) PLANE_ANGLE_UNIT ( ) SI_UNIT ( $, .RADIAN. ) );
#768 = CARTESIAN_POINT ( 'NONE',  ( 3.061845733883979737, 5.626229152235330488, 0.3499999999999998668 ) ) ;
#769 = EDGE_CURVE ( 'NONE', #4355, #2235, #3278, .T. ) ;
#770 = CARTESIAN_POINT ( 'NONE',  ( 8.619999999999999218, 6.299999999999999822, 0.1283333333333330495 ) ) ;
#771 = FACE_OUTER_BOUND ( 'NONE', #2834, .T. ) ;
#772 = EDGE_LOOP ( 'NONE', ( #4109, #5485, #2461, #4966 ) ) ;
#773 = VECTOR ( 'NONE', #9134, 1000.000000000000000 ) ;
#774 = CARTESIAN_POINT ( 'NONE',  ( 4.133913198591397276, 4.056300144720208500, -0.3500000000000001998 ) ) ;
#775 =( GEOMETRIC_REPRESENTATION_CONTEXT ( 3 ) GLOBAL_UNCERTAINTY_ASSIGNED_CONTEXT ( ( #1380 ) ) GLOBAL_UNIT_ASSIGNED_CONTEXT ( ( #5647, #7048, #7005 ) ) REPRESENTATION_CONTEXT ( 'NONE', 'WORKASPACE' ) );
#776 =( BOUNDED_CURVE ( )  B_SPLINE_CURVE ( 3, ( #8472, #1782, #3425, #1149 ),
 .UNSPECIFIED., .F., .F. ) 
 B_SPLINE_CURVE_WITH_KNOTS ( ( 4, 4 ),
 ( 3.924083526751089845, 4.712388980384689674 ),
 .UNSPECIFIED. ) 
 CURVE ( )  GEOMETRIC_REPRESENTATION_ITEM ( )  RATIONAL_B_SPLINE_CURVE ( ( 1.000000000000000000, 0.9488815137910379116, 0.9488815137910379116, 1.000000000000000000 ) ) 
 REPRESENTATION_ITEM ( '' )  );
#777 = CARTESIAN_POINT ( 'NONE',  ( 11.63000000000000078, 0.5000000000000000000, -0.6499999999999989120 ) ) ;
#778 = DIRECTION ( 'NONE',  ( 0.000000000000000000, 0.000000000000000000, -1.000000000000000000 ) ) ;
#779 = EDGE_CURVE ( 'NONE', #2235, #8455, #6581, .T. ) ;
#780 = VERTEX_POINT ( 'NONE', #4983 ) ;
#781 = CARTESIAN_POINT ( 'NONE',  ( 2.890000000000000124, 8.200000000000001066, 0.3499999999999999778 ) ) ;
#782 = COLOUR_RGB ( '',0.8313725490196077761, 0.6705882352941175961, 0.1294117647058823373 ) ;
#783 = SURFACE_STYLE_USAGE ( .BOTH. , #5295 ) ;
#784 = ORIENTED_EDGE ( 'NONE', *, *, #5441, .F. ) ;
#785 = DIRECTION ( 'NONE',  ( 0.000000000000000000, 1.000000000000000000, -1.668003342285391551E-16 ) ) ;
#786 = DIRECTION ( 'NONE',  ( -1.000000000000000000, 0.000000000000000000, 0.000000000000000000 ) ) ;
#787 = EDGE_CURVE ( 'NONE', #3952, #964, #7160, .T. ) ;
#788 = CARTESIAN_POINT ( 'NONE',  ( 3.226754932607761361, 0.5000000000000000000, -0.3500000000000000888 ) ) ;
#789 = EDGE_CURVE ( 'NONE', #2716, #4134, #4151, .T. ) ;
#790 = ORIENTED_EDGE ( 'NONE', *, *, #8793, .F. ) ;
#791 = CARTESIAN_POINT ( 'NONE',  ( -0.3500000000000000333, 8.200000000000001066, -0.3499999999999999778 ) ) ;
#792 = CARTESIAN_POINT ( 'NONE',  ( 5.579999999999999183, 6.299999999999999822, -0.3500000000000001443 ) ) ;
#793 = VECTOR ( 'NONE', #3553, 1000.000000000000000 ) ;
#794 = CARTESIAN_POINT ( 'NONE',  ( 3.003356898907900252, 1.699999999999997957, -0.3500000000000000888 ) ) ;
#795 = PRESENTATION_LAYER_ASSIGNMENT (  '', '', ( #9381 ) ) ;
#796 = VERTEX_POINT ( 'NONE', #4201 ) ;
#797 = SURFACE_STYLE_FILL_AREA ( #3838 ) ;
#798 = CARTESIAN_POINT ( 'NONE',  ( 6.638339320387594000, 3.374693912574938448, 0.3499999999999997558 ) ) ;
#799 = ORIENTED_EDGE ( 'NONE', *, *, #2752, .F. ) ;
#800 =( NAMED_UNIT ( * ) SI_UNIT ( $, .STERADIAN. ) SOLID_ANGLE_UNIT ( ) );
#801 = ADVANCED_FACE ( 'NONE', ( #6482 ), #2794, .F. ) ;
#802 = CYLINDRICAL_SURFACE ( 'NONE', #9566, 0.2999999999999999334 ) ;
#803 = DIRECTION ( 'NONE',  ( 1.000000000000000000, 0.000000000000000000, -7.744301232039316681E-17 ) ) ;
#804 = CARTESIAN_POINT ( 'NONE',  ( 11.09482518320014677, 4.263498050148222696, -0.3500000000000001998 ) ) ;
#805 = DIRECTION ( 'NONE',  ( 0.000000000000000000, 0.000000000000000000, -1.000000000000000000 ) ) ;
#806 = DIRECTION ( 'NONE',  ( 1.000000000000000000, 0.000000000000000000, 0.000000000000000000 ) ) ;
#807 = CARTESIAN_POINT ( 'NONE',  ( 9.810000000000000497, 0.000000000000000000, -0.3499999999999999778 ) ) ;
#808 = ORIENTED_EDGE ( 'NONE', *, *, #934, .T. ) ;
#809 = VERTEX_POINT ( 'NONE', #4253 ) ;
#810 =( LENGTH_UNIT ( ) NAMED_UNIT ( * ) SI_UNIT ( .MILLI., .METRE. ) );
#811 = PRESENTATION_STYLE_ASSIGNMENT (( #7550 ) ) ;
#812 = CARTESIAN_POINT ( 'NONE',  ( 1.670384757729337144, 8.500000000000000000, -0.8696152422706630025 ) ) ;
#813 = EDGE_LOOP ( 'NONE', ( #5713, #620, #7394, #646 ) ) ;
#814 =( LENGTH_UNIT ( ) NAMED_UNIT ( * ) SI_UNIT ( .MILLI., .METRE. ) );
#815 = CARTESIAN_POINT ( 'NONE',  ( 0.000000000000000000, 0.000000000000000000, 0.000000000000000000 ) ) ;
#816 = DIRECTION ( 'NONE',  ( -0.000000000000000000, -1.000000000000000000, 1.668003342285391551E-16 ) ) ;
#817 = ORIENTED_EDGE ( 'NONE', *, *, #8301, .F. ) ;
#818 = CARTESIAN_POINT ( 'NONE',  ( 1.540000000000000036, 6.500000000000000888, -0.3500000000000010880 ) ) ;
#819 = CARTESIAN_POINT ( 'NONE',  ( 4.393245067392238745, 0.5000000000000000000, -0.6500000000000013545 ) ) ;
#820 = CARTESIAN_POINT ( 'NONE',  ( 2.890000000000000124, 0.000000000000000000, 0.3499999999999999778 ) ) ;
#821 = SURFACE_SIDE_STYLE ('',( #2909 ) ) ;
#822 = ORIENTED_EDGE ( 'NONE', *, *, #2450, .T. ) ;
#823 = CARTESIAN_POINT ( 'NONE',  ( 0.3500000000000009215, -2.800000000000001155, -0.3499999999999999778 ) ) ;
#824 = VECTOR ( 'NONE', #82, 1000.000000000000114 ) ;
#825 = EDGE_CURVE ( 'NONE', #6830, #2246, #1936, .T. ) ;
#826 =( NAMED_UNIT ( * ) SI_UNIT ( $, .STERADIAN. ) SOLID_ANGLE_UNIT ( ) );
#827 =( NAMED_UNIT ( * ) SI_UNIT ( $, .STERADIAN. ) SOLID_ANGLE_UNIT ( ) );
#828 = ORIENTED_EDGE ( 'NONE', *, *, #2506, .F. ) ;
#829 =( BOUNDED_SURFACE ( )  B_SPLINE_SURFACE ( 3, 1, ( 
 ( #5081, #6543 ),
 ( #2143, #9667 ),
 ( #2948, #2991 ),
 ( #9559, #8096 ),
 ( #2250, #8190 ),
 ( #1502, #8038 ),
 ( #1362, #657 ) ),
 .UNSPECIFIED., .F., .F., .F. ) 
 B_SPLINE_SURFACE_WITH_KNOTS ( ( 4, 3, 4 ),
 ( 2, 2 ),
 ( 0.000000000000000000, 0.5000000000000000000, 1.000000000000000000 ),
 ( 0.000000000000000000, 1.000000000000000000 ),
 .UNSPECIFIED. ) 
 GEOMETRIC_REPRESENTATION_ITEM ( )  RATIONAL_B_SPLINE_SURFACE ( (
 ( 1.000000000000000000, 1.000000000000000000),
 ( 0.5953481791230077480, 0.5953481791230077480),
 ( 0.5953481791230077480, 0.5953481791230077480),
 ( 1.000000000000000000, 1.000000000000000000),
 ( 0.5953481791230079700, 0.5953481791230079700),
 ( 0.5953481791230079700, 0.5953481791230079700),
 ( 1.000000000000000000, 1.000000000000000000) ) ) 
 REPRESENTATION_ITEM ( '' )  SURFACE ( )  );
#830 = CARTESIAN_POINT ( 'NONE',  ( 9.160000000000001918, 1.800000000000000488, -0.3500000000000003109 ) ) ;
#831 = PRESENTATION_LAYER_ASSIGNMENT (  '', '', ( #2092 ) ) ;
#832 = FACE_OUTER_BOUND ( 'NONE', #7580, .T. ) ;
#833 = CARTESIAN_POINT ( 'NONE',  ( -0.6867549326077613259, 8.000000000000000000, 0.6500000000000000222 ) ) ;
#834 = EDGE_CURVE ( 'NONE', #9225, #3831, #5660, .T. ) ;
#835 = ORIENTED_EDGE ( 'NONE', *, *, #4301, .T. ) ;
#836 = AXIS2_PLACEMENT_3D ( 'NONE', #4211, #8100, #519 ) ;
#837 = EDGE_CURVE ( 'NONE', #6546, #5117, #3522, .T. ) ;
#838 = CARTESIAN_POINT ( 'NONE',  ( 3.226754932607761361, 10.39117142264903570, -0.6500000000000030198 ) ) ;
#839 = FILL_AREA_STYLE ('',( #9196 ) ) ;
#840 = CLOSED_SHELL ( 'NONE', ( #6363, #6940, #4224, #8713, #5275, #1536, #51, #3012, #585, #2511, #6875, #5061, #6833, #1038, #7358, #5194, #3314, #1450, #1801, #1588, #8573, #5403, #1164 ) ) ;
#841 = CARTESIAN_POINT ( 'NONE',  ( 6.080000000000000071, 1.800000000000000488, -0.1283333333333336601 ) ) ;
#842 = ORIENTED_EDGE ( 'NONE', *, *, #1187, .T. ) ;
#843 = ADVANCED_FACE ( 'NONE', ( #2704 ), #1890, .F. ) ;
#844 = EDGE_CURVE ( 'NONE', #7275, #6265, #3478, .T. ) ;
#845 = VERTEX_POINT ( 'NONE', #8726 ) ;
#846 = B_SPLINE_CURVE_WITH_KNOTS ( 'NONE', 3,
 ( #1232, #4179, #8013, #3593, #436, #6458, #3455, #5642, #2012, #7968, #6560, #6413, #9531, #5597, #8557, #1868, #4869, #3403, #1125, #4133, #6365, #9352, #2912, #8062, #6600, #3740, #4432, #4477, #8207, #3010, #5982 ),
 .UNSPECIFIED., .F., .F.,
 ( 4, 1, 1, 1, 1, 1, 1, 2, 2, 1, 1, 1, 1, 2, 2, 1, 1, 1, 1, 1, 2, 2, 4 ),
 ( 0.000000000000000000, 0.06250000000001501577, 0.09375000000002224609, 0.1093750000000261041, 0.1171875000000280054, 0.1210937500000289213, 0.1230468750000293515, 0.1240234375000297262, 0.1250000000000300870, 0.1875000000000285882, 0.2187500000000277833, 0.2343750000000273948, 0.2421875000000271450, 0.2460937500000272560, 0.2500000000000273670, 0.3750000000000259237, 0.4375000000000252021, 0.4687500000000245914, 0.4843750000000242584, 0.4921875000000241474, 0.4960937500000243139, 0.5000000000000244249, 1.000000000000000000 ),
 .UNSPECIFIED. ) ;
#847 = DIRECTION ( 'NONE',  ( 0.000000000000000000, 0.000000000000000000, -1.000000000000000000 ) ) ;
#848 = CARTESIAN_POINT ( 'NONE',  ( 6.675723020487990489, 4.091073788932124700, 0.3499999999999997002 ) ) ;
#849 = EDGE_LOOP ( 'NONE', ( #4763, #5416, #632, #2477 ) ) ;
#850 = DIRECTION ( 'NONE',  ( 0.000000000000000000, 0.000000000000000000, -1.000000000000000000 ) ) ;
#851 = CARTESIAN_POINT ( 'NONE',  ( 7.620000000000000107, 0.5000000000000005551, -0.3500000000000002554 ) ) ;
#852 = CARTESIAN_POINT ( 'NONE',  ( 5.766754932607761397, 0.5000000000000002220, 0.3499999999999998668 ) ) ;
#853 = DIRECTION ( 'NONE',  ( -1.000000000000000000, 0.000000000000000000, -0.000000000000000000 ) ) ;
#854 = CARTESIAN_POINT ( 'NONE',  ( 7.945255819881804626, 5.589454083063163381, 0.3499999999999997002 ) ) ;
#855 = VERTEX_POINT ( 'NONE', #3428 ) ;
#856 = LINE ( 'NONE', #9665, #1845 ) ;
#857 = EDGE_LOOP ( 'NONE', ( #275, #4956, #6403, #3915 ) ) ;
#858 = DIRECTION ( 'NONE',  ( 0.000000000000000000, -0.000000000000000000, -1.000000000000000000 ) ) ;
#859 = VECTOR ( 'NONE', #1986, 1000.000000000000000 ) ;
#860 = DIRECTION ( 'NONE',  ( 1.000000000000000000, 0.000000000000000000, 0.000000000000000000 ) ) ;
#861 = DIRECTION ( 'NONE',  ( 1.000000000000000000, 0.000000000000000000, 0.000000000000000000 ) ) ;
#862 = CARTESIAN_POINT ( 'NONE',  ( 0.6867549326077613259, 0.5000000000000002220, 0.3499999999999998668 ) ) ;
#863 = EDGE_CURVE ( 'NONE', #8433, #3218, #7886, .T. ) ;
#864 = CARTESIAN_POINT ( 'NONE',  ( 3.533118178959433919, 2.798202530626828555, 0.3499999999999998668 ) ) ;
#865 = CARTESIAN_POINT ( 'NONE',  ( 6.933245067392238781, 0.5000000000000002220, 0.3499999999999998668 ) ) ;
#866 = SURFACE_SIDE_STYLE ('',( #3592 ) ) ;
#867 = STYLED_ITEM ( 'NONE', ( #5496 ), #1266 ) ;
#868 = VERTEX_POINT ( 'NONE', #4935 ) ;
#869 = VECTOR ( 'NONE', #1395, 1000.000000000000000 ) ;
#870 = VERTEX_POINT ( 'NONE', #6434 ) ;
#871 = CARTESIAN_POINT ( 'NONE',  ( 4.393245067392238745, 0.5000000000000000000, -0.6500000000000013545 ) ) ;
#872 = SURFACE_SIDE_STYLE ('',( #7511 ) ) ;
#873 = AXIS2_PLACEMENT_3D ( 'NONE', #4562, #5832, #2866 ) ;
#874 = PLANE ( 'NONE',  #9342 ) ;
#875 = DIRECTION ( 'NONE',  ( 0.000000000000000000, -0.000000000000000000, -1.000000000000000000 ) ) ;
#876 = ORIENTED_EDGE ( 'NONE', *, *, #6006, .T. ) ;
#877 = LINE ( 'NONE', #9628, #1305 ) ;
#878 = DIRECTION ( 'NONE',  ( -1.000000000000000000, 0.000000000000000000, 0.000000000000000000 ) ) ;
#879 = PRESENTATION_LAYER_ASSIGNMENT (  '', '', ( #7746 ) ) ;
#880 = FILL_AREA_STYLE_COLOUR ( '', #2024 ) ;
#881 = ORIENTED_EDGE ( 'NONE', *, *, #9485, .T. ) ;
#882 = AXIS2_PLACEMENT_3D ( 'NONE', #7398, #2981, #695 ) ;
#883 = FACE_OUTER_BOUND ( 'NONE', #3188, .T. ) ;
#884 = DIRECTION ( 'NONE',  ( 0.000000000000000000, 0.000000000000000000, 1.000000000000000000 ) ) ;
#885 = DIRECTION ( 'NONE',  ( 1.000000000000000000, 0.000000000000000000, 0.000000000000000000 ) ) ;
#886 = ORIENTED_EDGE ( 'NONE', *, *, #2804, .F. ) ;
#887 = DIRECTION ( 'NONE',  ( 0.000000000000000000, -0.000000000000000000, -1.000000000000000000 ) ) ;
#888 = CARTESIAN_POINT ( 'NONE',  ( 1.000000000000000444, 6.299999999999999822, -0.1283333333333334936 ) ) ;
#889 = FILL_AREA_STYLE_COLOUR ( '', #5785 ) ;
#890 = VERTEX_POINT ( 'NONE', #7839 ) ;
#891 = VECTOR ( 'NONE', #4941, 1000.000000000000000 ) ;
#892 = ORIENTED_EDGE ( 'NONE', *, *, #3406, .F. ) ;
#893 = CARTESIAN_POINT ( 'NONE',  ( 8.418210463979503899, 5.709058272658547040, 0.3499999999999997002 ) ) ;
#894 = CARTESIAN_POINT ( 'NONE',  ( 4.730000000000001315, -2.800000000000001155, -0.3500000000000001443 ) ) ;
#895 = UNCERTAINTY_MEASURE_WITH_UNIT (LENGTH_MEASURE( 1.000000000000000082E-05 ), #7434, 'distance_accuracy_value', 'NONE');
#896 = EDGE_CURVE ( 'NONE', #4355, #3326, #1352, .T. ) ;
#897 = LINE ( 'NONE', #8415, #6658 ) ;
#898 = CARTESIAN_POINT ( 'NONE',  ( 3.039999999999998703, 6.084152315493285279, -0.3500000000000001443 ) ) ;
#899 = LINE ( 'NONE', #1680, #758 ) ;
#900 = CARTESIAN_POINT ( 'NONE',  ( 7.945255819881804626, 5.589454083063163381, 0.3499999999999997002 ) ) ;
#901 = DIRECTION ( 'NONE',  ( -0.7071067811865474617, -0.7071067811865474617, -0.000000000000000000 ) ) ;
#902 = DIRECTION ( 'NONE',  ( -0.000000000000000000, 0.000000000000000000, 1.000000000000000000 ) ) ;
#903 = EDGE_CURVE ( 'NONE', #468, #7210, #6388, .T. ) ;
#904 =( LENGTH_UNIT ( ) NAMED_UNIT ( * ) SI_UNIT ( .MILLI., .METRE. ) );
#905 = ORIENTED_EDGE ( 'NONE', *, *, #6006, .F. ) ;
#906 = CARTESIAN_POINT ( 'NONE',  ( -1.000000000000000000, 6.500000000000000888, -0.3500000000000010880 ) ) ;
#907 = VECTOR ( 'NONE', #6084, 1000.000000000000000 ) ;
#908 = EDGE_LOOP ( 'NONE', ( #7126, #8529, #7101, #3231 ) ) ;
#909 = DIRECTION ( 'NONE',  ( 0.000000000000000000, 0.000000000000000000, 1.000000000000000000 ) ) ;
#910 = ADVANCED_FACE ( 'NONE', ( #4350 ), #9418, .T. ) ;
#911 = LINE ( 'NONE', #3812, #551 ) ;
#912 = PLANE ( 'NONE',  #4121 ) ;
#913 = CARTESIAN_POINT ( 'NONE',  ( 3.328156929004345344, 5.771059683742179480, 0.3499999999999998113 ) ) ;
#914 = CIRCLE ( 'NONE', #8091, 0.1999999999999996503 ) ;
#915 = SURFACE_SIDE_STYLE ('',( #5425 ) ) ;
#916 = FACE_OUTER_BOUND ( 'NONE', #6491, .T. ) ;
#917 = EDGE_LOOP ( 'NONE', ( #326, #8985, #475, #784 ) ) ;
#918 = ORIENTED_EDGE ( 'NONE', *, *, #2689, .T. ) ;
#919 = LINE ( 'NONE', #1561, #7448 ) ;
#920 = ADVANCED_FACE ( 'NONE', ( #701 ), #8888, .F. ) ;
#921 = PRESENTATION_LAYER_ASSIGNMENT (  '', '', ( #1399 ) ) ;
#922 = FACE_OUTER_BOUND ( 'NONE', #6671, .T. ) ;
#923 = LINE ( 'NONE', #2555, #5300 ) ;
#924 = CARTESIAN_POINT ( 'NONE',  ( 5.579999999999999183, 6.299999999999999822, 0.3499999999999998113 ) ) ;
#925 = ORIENTED_EDGE ( 'NONE', *, *, #4703, .T. ) ;
#926 = DIRECTION ( 'NONE',  ( -0.000000000000000000, -0.000000000000000000, 1.000000000000000000 ) ) ;
#927 = CARTESIAN_POINT ( 'NONE',  ( 4.580000000000001847, 6.084152315493286167, 0.3499999999999998668 ) ) ;
#928 = SURFACE_STYLE_USAGE ( .BOTH. , #7619 ) ;
#929 = VECTOR ( 'NONE', #1474, 1000.000000000000000 ) ;
#930 = DIRECTION ( 'NONE',  ( 3.097720492815726426E-17, -1.000000000000000000, 0.000000000000000000 ) ) ;
#931 = ORIENTED_EDGE ( 'NONE', *, *, #7410, .T. ) ;
#932 = DIRECTION ( 'NONE',  ( -3.872150616019658957E-17, -0.8660254037844387076, -0.5000000000000001110 ) ) ;
#933 = DIRECTION ( 'NONE',  ( 1.121588454295349533E-16, -1.000000000000000000, 0.000000000000000000 ) ) ;
#934 = EDGE_CURVE ( 'NONE', #7849, #1530, #2194, .T. ) ;
#935 = CARTESIAN_POINT ( 'NONE',  ( 5.766754932607761397, 10.39117142264903570, -0.6500000000000030198 ) ) ;
#936 = DIRECTION ( 'NONE',  ( -0.000000000000000000, -0.000000000000000000, -1.000000000000000000 ) ) ;
#937 = ORIENTED_EDGE ( 'NONE', *, *, #7572, .F. ) ;
#938 = AXIS2_PLACEMENT_3D ( 'NONE', #9236, #9343, #7859 ) ;
#939 = FACE_OUTER_BOUND ( 'NONE', #9007, .T. ) ;
#940 = CARTESIAN_POINT ( 'NONE',  ( 8.141845733883979364, 5.626229152235330488, 0.3499999999999997002 ) ) ;
#941 = FACE_OUTER_BOUND ( 'NONE', #857, .T. ) ;
#942 = EDGE_LOOP ( 'NONE', ( #2027, #5934, #765, #6900, #5230, #1359, #6416, #9421 ) ) ;
#943 = ORIENTED_EDGE ( 'NONE', *, *, #117, .T. ) ;
#944 = CARTESIAN_POINT ( 'NONE',  ( 8.553697255033128499, 4.293911919605035266, 0.3499999999999997002 ) ) ;
#945 = AXIS2_PLACEMENT_3D ( 'NONE', #1186, #9356, #6234 ) ;
#946 = CARTESIAN_POINT ( 'NONE',  ( 6.677499970055217560, 4.124619419408429799, 0.3499999999999997002 ) ) ;
#947 = PLANE ( 'NONE',  #3398 ) ;
#948 = PRESENTATION_STYLE_ASSIGNMENT (( #6720 ) ) ;
#949 = VECTOR ( 'NONE', #816, 1000.000000000000000 ) ;
#950 = SURFACE_STYLE_FILL_AREA ( #6957 ) ;
#951 = DIRECTION ( 'NONE',  ( 1.000000000000000000, 0.000000000000000000, 0.000000000000000000 ) ) ;
#952 = ORIENTED_EDGE ( 'NONE', *, *, #5753, .T. ) ;
#953 = UNCERTAINTY_MEASURE_WITH_UNIT (LENGTH_MEASURE( 1.000000000000000082E-05 ), #8940, 'distance_accuracy_value', 'NONE');
#954 = CARTESIAN_POINT ( 'NONE',  ( 1.840000000000000524, 0.5000000000000004441, -0.3500000000000000888 ) ) ;
#955 = VERTEX_POINT ( 'NONE', #4591 ) ;
#956 = EDGE_CURVE ( 'NONE', #6391, #5097, #6005, .T. ) ;
#957 = CIRCLE ( 'NONE', #6422, 0.1999999999999996503 ) ;
#958 = CIRCLE ( 'NONE', #2224, 0.2999999999999999889 ) ;
#959 = CARTESIAN_POINT ( 'NONE',  ( 1.670384757729337144, 8.500000000000000000, 0.8696152422706630025 ) ) ;
#960 = CARTESIAN_POINT ( 'NONE',  ( -6.734562392116859118E-17, 8.500000000000000000, -0.8696152422706624474 ) ) ;
#961 = SURFACE_SIDE_STYLE ('',( #4152 ) ) ;
#962 = CARTESIAN_POINT ( 'NONE',  ( 10.62335689890790036, 1.699999999999999289, -0.3500000000000003109 ) ) ;
#963 = ORIENTED_EDGE ( 'NONE', *, *, #6496, .T. ) ;
#964 = VERTEX_POINT ( 'NONE', #8233 ) ;
#965 = FILL_AREA_STYLE_COLOUR ( '', #2953 ) ;
#966 = DIRECTION ( 'NONE',  ( 0.000000000000000000, 0.000000000000000000, 1.000000000000000000 ) ) ;
#967 = FACE_BOUND ( 'NONE', #6245, .T. ) ;
#968 = CARTESIAN_POINT ( 'NONE',  ( 1.682161437416074712, 5.240363704784011922, 0.3499999999999998668 ) ) ;
#969 = VERTEX_POINT ( 'NONE', #1404 ) ;
#970 = DIRECTION ( 'NONE',  ( -0.000000000000000000, -1.668003342285388099E-16, -1.000000000000000000 ) ) ;
#971 =( BOUNDED_CURVE ( )  B_SPLINE_CURVE ( 3, ( #4576, #6749, #2466, #5448 ),
 .UNSPECIFIED., .F., .F. ) 
 B_SPLINE_CURVE_WITH_KNOTS ( ( 4, 4 ),
 ( 3.924083526751089845, 4.712388980384689674 ),
 .UNSPECIFIED. ) 
 CURVE ( )  GEOMETRIC_REPRESENTATION_ITEM ( )  RATIONAL_B_SPLINE_CURVE ( ( 1.000000000000000000, 0.9488815137910379116, 0.9488815137910379116, 1.000000000000000000 ) ) 
 REPRESENTATION_ITEM ( '' )  );
#972 = DIRECTION ( 'NONE',  ( -1.000000000000000000, -0.000000000000000000, -0.000000000000000000 ) ) ;
#973 = ORIENTED_EDGE ( 'NONE', *, *, #7510, .T. ) ;
#974 = DIRECTION ( 'NONE',  ( 1.000000000000000000, 0.000000000000000000, 0.000000000000000000 ) ) ;
#975 = CARTESIAN_POINT ( 'NONE',  ( 1.000000000000000666, 1.121588454295350273E-16, 0.3499999999999999778 ) ) ;
#976 = COLOUR_RGB ( '',0.8313725490196077761, 0.6705882352941175961, 0.1294117647058823373 ) ;
#977 = DIRECTION ( 'NONE',  ( -1.000000000000000000, 0.000000000000000000, 0.000000000000000000 ) ) ;
#978 = CARTESIAN_POINT ( 'NONE',  ( 1.540000000000000702, 0.8000000000000004885, 0.3499999999999998668 ) ) ;
#979 = ORIENTED_EDGE ( 'NONE', *, *, #6271, .T. ) ;
#980 = ADVANCED_FACE ( 'NONE', ( #8139 ), #1590, .F. ) ;
#981 = CARTESIAN_POINT ( 'NONE',  ( 5.430000000000000604, 8.200000000000001066, 0.3499999999999999778 ) ) ;
#982 = ADVANCED_FACE ( 'NONE', ( #2244 ), #2156, .T. ) ;
#983 = CARTESIAN_POINT ( 'NONE',  ( 0.3252558198818050195, 5.589454083063163381, -0.3499999999999999778 ) ) ;
#984 = ORIENTED_EDGE ( 'NONE', *, *, #3191, .T. ) ;
#985 = VECTOR ( 'NONE', #1913, 1000.000000000000000 ) ;
#986 = ORIENTED_EDGE ( 'NONE', *, *, #6097, .T. ) ;
#987 = CARTESIAN_POINT ( 'NONE',  ( 8.534708104564600717, 4.597665842580767936, 0.3499999999999997002 ) ) ;
#988 = FILL_AREA_STYLE_COLOUR ( '', #300 ) ;
#989 = UNCERTAINTY_MEASURE_WITH_UNIT (LENGTH_MEASURE( 1.000000000000000082E-05 ), #8090, 'distance_accuracy_value', 'NONE');
#990 = DIRECTION ( 'NONE',  ( 0.000000000000000000, 0.000000000000000000, 1.000000000000000000 ) ) ;
#991 = CARTESIAN_POINT ( 'NONE',  ( 9.160000000000001918, 0.5000000000000000000, -0.3500000000000000888 ) ) ;
#992 = DIRECTION ( 'NONE',  ( -0.000000000000000000, 0.000000000000000000, 1.000000000000000000 ) ) ;
#993 = PRESENTATION_STYLE_ASSIGNMENT (( #3902 ) ) ;
#994 = DIRECTION ( 'NONE',  ( 0.000000000000000000, 3.097720492815727166E-16, 1.000000000000000000 ) ) ;
#995 = ADVANCED_FACE ( 'NONE', ( #5264 ), #7496, .F. ) ;
#996 =( NAMED_UNIT ( * ) SI_UNIT ( $, .STERADIAN. ) SOLID_ANGLE_UNIT ( ) );
#997 = VECTOR ( 'NONE', #5671, 1000.000000000000000 ) ;
#998 = VERTEX_POINT ( 'NONE', #8419 ) ;
#999 = DIRECTION ( 'NONE',  ( 0.000000000000000000, -1.668003342285391551E-16, -1.000000000000000000 ) ) ;
#1000 = ORIENTED_EDGE ( 'NONE', *, *, #2359, .T. ) ;
#1001 =( NAMED_UNIT ( * ) SI_UNIT ( $, .STERADIAN. ) SOLID_ANGLE_UNIT ( ) );
#1002 = VECTOR ( 'NONE', #7313, 1000.000000000000000 ) ;
#1003 = CARTESIAN_POINT ( 'NONE',  ( 3.428849546050877439, 4.917640708297875030, 0.3499999999999999223 ) ) ;
#1004 = DIRECTION ( 'NONE',  ( 1.000000000000000000, 0.000000000000000000, 0.000000000000000000 ) ) ;
#1005 = SURFACE_STYLE_FILL_AREA ( #6338 ) ;
#1006 = FACE_OUTER_BOUND ( 'NONE', #7441, .T. ) ;
#1007 = ORIENTED_EDGE ( 'NONE', *, *, #8437, .T. ) ;
#1008 = ORIENTED_EDGE ( 'NONE', *, *, #8000, .F. ) ;
#1009 = CARTESIAN_POINT ( 'NONE',  ( 11.16000000000000192, 6.299999999999999822, -0.3850000000000002864 ) ) ;
#1010 = CARTESIAN_POINT ( 'NONE',  ( 3.540000000000000480, 1.800000000000000488, -0.3500000000000000888 ) ) ;
#1011 = ADVANCED_FACE ( 'NONE', ( #8517 ), #156, .F. ) ;
#1012 = DIRECTION ( 'NONE',  ( 1.000000000000000000, 0.000000000000000000, 0.000000000000000000 ) ) ;
#1013 = EDGE_CURVE ( 'NONE', #2246, #6633, #9161, .T. ) ;
#1014 = CARTESIAN_POINT ( 'NONE',  ( 1.600020115625523598, 4.171275002134291476, 0.3499999999999998668 ) ) ;
#1015 = ORIENTED_EDGE ( 'NONE', *, *, #6527, .F. ) ;
#1016 = VECTOR ( 'NONE', #5810, 1000.000000000000000 ) ;
#1017 = ADVANCED_FACE ( 'NONE', ( #8326 ), #3995, .T. ) ;
#1018 = MECHANICAL_DESIGN_GEOMETRIC_PRESENTATION_REPRESENTATION (  '', ( #384 ), #2611 ) ;
#1019 = SURFACE_SIDE_STYLE ('',( #7710 ) ) ;
#1020 = EDGE_CURVE ( 'NONE', #6329, #3105, #9459, .T. ) ;
#1021 = DIRECTION ( 'NONE',  ( 0.000000000000000000, 0.000000000000000000, 1.000000000000000000 ) ) ;
#1022 = ORIENTED_EDGE ( 'NONE', *, *, #1725, .F. ) ;
#1023 = SURFACE_STYLE_FILL_AREA ( #9191 ) ;
#1024 =( GEOMETRIC_REPRESENTATION_CONTEXT ( 3 ) GLOBAL_UNCERTAINTY_ASSIGNED_CONTEXT ( ( #3638 ) ) GLOBAL_UNIT_ASSIGNED_CONTEXT ( ( #8076, #6036, #5302 ) ) REPRESENTATION_CONTEXT ( 'NONE', 'WORKASPACE' ) );
#1025 = FILL_AREA_STYLE ('',( #3344 ) ) ;
#1026 = MECHANICAL_DESIGN_GEOMETRIC_PRESENTATION_REPRESENTATION (  '', ( #7429 ), #7736 ) ;
#1027 = CARTESIAN_POINT ( 'NONE',  ( 0.6454664785273048766, 3.877691542223585142, 0.3499999999999999778 ) ) ;
#1028 = ORIENTED_EDGE ( 'NONE', *, *, #4327, .F. ) ;
#1029 = EDGE_CURVE ( 'NONE', #3147, #7822, #6815, .T. ) ;
#1030 = DIRECTION ( 'NONE',  ( 1.121588454295349533E-16, -1.000000000000000000, 0.000000000000000000 ) ) ;
#1031 = PRESENTATION_LAYER_ASSIGNMENT (  '', '', ( #3236 ) ) ;
#1032 = CARTESIAN_POINT ( 'NONE',  ( -0.3499999999999991451, 0.5000000000000005551, -0.3499999999999999778 ) ) ;
#1033 = CARTESIAN_POINT ( 'NONE',  ( -1.000000000000000000, 0.5000000000000000000, -0.3500000000000000888 ) ) ;
#1034 = ORIENTED_EDGE ( 'NONE', *, *, #4943, .F. ) ;
#1035 = ORIENTED_EDGE ( 'NONE', *, *, #6549, .F. ) ;
#1036 = CARTESIAN_POINT ( 'NONE',  ( 8.481575734891613649, 5.204467366490781899, 0.3499999999999997002 ) ) ;
#1037 = DIRECTION ( 'NONE',  ( 1.000000000000000000, 0.000000000000000000, 0.000000000000000000 ) ) ;
#1038 = ADVANCED_FACE ( 'NONE', ( #113 ), #5412, .T. ) ;
#1039 = STYLED_ITEM ( 'NONE', ( #212 ), #1629 ) ;
#1040 = DIRECTION ( 'NONE',  ( 0.000000000000000000, -1.000000000000000000, 1.668003342285391551E-16 ) ) ;
#1041 = STYLED_ITEM ( 'NONE', ( #7935 ), #4925 ) ;
#1042 = DIRECTION ( 'NONE',  ( -3.097720492815726426E-17, 1.000000000000000000, 0.000000000000000000 ) ) ;
#1043 =( GEOMETRIC_REPRESENTATION_CONTEXT ( 3 ) GLOBAL_UNCERTAINTY_ASSIGNED_CONTEXT ( ( #9202 ) ) GLOBAL_UNIT_ASSIGNED_CONTEXT ( ( #904, #1636, #2389 ) ) REPRESENTATION_CONTEXT ( 'NONE', 'WORKASPACE' ) );
#1044 = CARTESIAN_POINT ( 'NONE',  ( 11.63000000000000078, 8.500000000000000000, -1.200000000000000400 ) ) ;
#1045 = DIRECTION ( 'NONE',  ( 0.000000000000000000, -1.000000000000000000, 1.668003342285391797E-16 ) ) ;
#1046 = SURFACE_SIDE_STYLE ('',( #3951 ) ) ;
#1047 = ORIENTED_EDGE ( 'NONE', *, *, #2597, .T. ) ;
#1048 = CARTESIAN_POINT ( 'NONE',  ( -0.6867549326077613259, 0.5000000000000000000, -0.6500000000000013545 ) ) ;
#1049 = EDGE_LOOP ( 'NONE', ( #5859, #5545, #3501, #1486 ) ) ;
#1050 = STYLED_ITEM ( 'NONE', ( #5624 ), #5403 ) ;
#1051 = CARTESIAN_POINT ( 'NONE',  ( -1.469999999999999973, 0.5000000000000002220, 0.6500000000000010214 ) ) ;
#1052 = COLOUR_RGB ( '',0.8313725490196077761, 0.6705882352941175961, 0.1294117647058823373 ) ;
#1053 = SURFACE_STYLE_FILL_AREA ( #2545 ) ;
#1054 = CARTESIAN_POINT ( 'NONE',  ( 9.160000000000001918, 0.5000000000000002220, 0.3499999999999998668 ) ) ;
#1055 = CARTESIAN_POINT ( 'NONE',  ( -0.6454664785273052097, 3.877691542223591359, 0.3499999999999999778 ) ) ;
#1056 = SURFACE_SIDE_STYLE ('',( #1005 ) ) ;
#1057 = VECTOR ( 'NONE', #2273, 1000.000000000000000 ) ;
#1058 = CARTESIAN_POINT ( 'NONE',  ( 8.400569551971560855, 5.815522798723456788, -0.3500000000000002554 ) ) ;
#1059 = ORIENTED_EDGE ( 'NONE', *, *, #413, .F. ) ;
#1060 = ORIENTED_EDGE ( 'NONE', *, *, #9338, .F. ) ;
#1061 = LINE ( 'NONE', #7803, #2326 ) ;
#1062 = EDGE_CURVE ( 'NONE', #4380, #3436, #3950, .T. ) ;
#1063 = VECTOR ( 'NONE', #6129, 1000.000000000000000 ) ;
#1064 = PLANE ( 'NONE',  #6682 ) ;
#1065 = ORIENTED_EDGE ( 'NONE', *, *, #3718, .F. ) ;
#1066 = CARTESIAN_POINT ( 'NONE',  ( 3.326052886485986182, 5.783587059575307165, -0.3500000000000000333 ) ) ;
#1067 =( LENGTH_UNIT ( ) NAMED_UNIT ( * ) SI_UNIT ( .MILLI., .METRE. ) );
#1068 = CARTESIAN_POINT ( 'NONE',  ( 6.974533521472695341, 3.877691542223589138, -0.3500000000000003109 ) ) ;
#1069 = DIRECTION ( 'NONE',  ( -0.000000000000000000, -0.000000000000000000, -1.000000000000000000 ) ) ;
#1070 = ORIENTED_EDGE ( 'NONE', *, *, #8937, .F. ) ;
#1071 = VECTOR ( 'NONE', #3821, 1000.000000000000000 ) ;
#1072 = CARTESIAN_POINT ( 'NONE',  ( -0.9999999999999996669, 6.299999999999999822, 0.3850000000000000089 ) ) ;
#1073 = CARTESIAN_POINT ( 'NONE',  ( -0.3500000000000000333, 8.000000000000000000, 0.3499999999999999778 ) ) ;
#1074 = DIRECTION ( 'NONE',  ( -0.7071067811865475727, 0.7071067811865475727, 0.000000000000000000 ) ) ;
#1075 = EDGE_CURVE ( 'NONE', #890, #4511, #9311, .T. ) ;
#1076 = VERTEX_POINT ( 'NONE', #4239 ) ;
#1077 = FILL_AREA_STYLE ('',( #5359 ) ) ;
#1078 = VECTOR ( 'NONE', #2319, 1000.000000000000000 ) ;
#1079 = CARTESIAN_POINT ( 'NONE',  ( 9.660000000000001918, 6.299999999999999822, 0.3499999999999996447 ) ) ;
#1080 = DIRECTION ( 'NONE',  ( -1.000000000000000000, 0.000000000000000000, 7.744301232039316681E-17 ) ) ;
#1081 = DIRECTION ( 'NONE',  ( 3.097720492815726426E-17, -1.000000000000000000, 0.000000000000000000 ) ) ;
#1082 = ORIENTED_EDGE ( 'NONE', *, *, #6730, .F. ) ;
#1083 = ORIENTED_EDGE ( 'NONE', *, *, #8332, .T. ) ;
#1084 = CARTESIAN_POINT ( 'NONE',  ( 8.568897102351112238, 4.001162287970013054, 0.3499999999999996447 ) ) ;
#1085 = DIRECTION ( 'NONE',  ( -0.7071067811865474617, -0.7071067811865474617, -0.000000000000000000 ) ) ;
#1086 = CYLINDRICAL_SURFACE ( 'NONE', #4522, 0.2999999999999999889 ) ;
#1087 = MECHANICAL_DESIGN_GEOMETRIC_PRESENTATION_REPRESENTATION (  '', ( #1240 ), #3911 ) ;
#1088 = PRESENTATION_LAYER_ASSIGNMENT (  '', '', ( #5787 ) ) ;
#1089 = SURFACE_STYLE_FILL_AREA ( #4770 ) ;
#1090 =( BOUNDED_SURFACE ( )  B_SPLINE_SURFACE ( 2, 3, ( 
 ( #7528, #841, #6799, #1623 ),
 ( #3301, #9147, #7044, #5455 ),
 ( #5399, #8360, #145, #2629 ) ),
 .UNSPECIFIED., .F., .F., .F. ) 
 B_SPLINE_SURFACE_WITH_KNOTS ( ( 3, 3 ),
 ( 4, 4 ),
 ( 0.000000000000000000, 1.000000000000000000 ),
 ( -0.0007349999999999999763, 3.500000000000000371E-05 ),
 .UNSPECIFIED. ) 
 GEOMETRIC_REPRESENTATION_ITEM ( )  RATIONAL_B_SPLINE_SURFACE ( (
 ( 1.000000000000000000, 1.000000000000000000, 1.000000000000000000, 1.000000000000000000),
 ( 0.7071067811865475727, 0.7071067811865475727, 0.7071067811865475727, 0.7071067811865475727),
 ( 1.000000000000000000, 1.000000000000000000, 1.000000000000000000, 1.000000000000000000) ) ) 
 REPRESENTATION_ITEM ( '' )  SURFACE ( )  );
#1091 = PLANE ( 'NONE',  #8074 ) ;
#1092 = SURFACE_STYLE_FILL_AREA ( #390 ) ;
#1093 = CARTESIAN_POINT ( 'NONE',  ( 1.540000000000000702, -1.121588454295348794E-16, -0.3500000000000000888 ) ) ;
#1094 = CARTESIAN_POINT ( 'NONE',  ( 0.3218457338839795234, 5.626229152235330488, -0.3499999999999999778 ) ) ;
#1095 = EDGE_CURVE ( 'NONE', #9353, #5601, #7137, .T. ) ;
#1096 = COLOUR_RGB ( '',0.8313725490196077761, 0.6705882352941175961, 0.1294117647058823373 ) ;
#1097 = ORIENTED_EDGE ( 'NONE', *, *, #397, .T. ) ;
#1098 = SURFACE_STYLE_USAGE ( .BOTH. , #4734 ) ;
#1099 = ORIENTED_EDGE ( 'NONE', *, *, #3993, .T. ) ;
#1100 = SURFACE_SIDE_STYLE ('',( #1932 ) ) ;
#1101 = PRESENTATION_LAYER_ASSIGNMENT (  '', '', ( #7659 ) ) ;
#1102 = DIRECTION ( 'NONE',  ( 1.000000000000000000, 0.000000000000000000, 0.000000000000000000 ) ) ;
#1103 = LINE ( 'NONE', #5567, #1979 ) ;
#1104 = CARTESIAN_POINT ( 'NONE',  ( 9.473245067392239704, 10.39117142264903570, -0.6500000000000030198 ) ) ;
#1105 = ORIENTED_EDGE ( 'NONE', *, *, #8867, .T. ) ;
#1106 = VERTEX_POINT ( 'NONE', #8023 ) ;
#1107 = CARTESIAN_POINT ( 'NONE',  ( 7.020000000000000462, 6.299999999999999822, -0.1166666666666670155 ) ) ;
#1108 = DIRECTION ( 'NONE',  ( -0.000000000000000000, 0.000000000000000000, 1.000000000000000000 ) ) ;
#1109 = CARTESIAN_POINT ( 'NONE',  ( 5.780000000000001137, 0.8000000000000007105, -0.3500000000000001443 ) ) ;
#1110 = VERTEX_POINT ( 'NONE', #5020 ) ;
#1111 = CARTESIAN_POINT ( 'NONE',  ( 3.359285907662239445, 5.570187327444203973, -0.3500000000000000888 ) ) ;
#1112 = DIRECTION ( 'NONE',  ( -0.000000000000000000, -1.000000000000000000, 1.668003342285391551E-16 ) ) ;
#1113 = CARTESIAN_POINT ( 'NONE',  ( 1.540000000000000480, 1.800000000000000488, -0.3500000000000000888 ) ) ;
#1114 = CARTESIAN_POINT ( 'NONE',  ( 5.080000000000000071, -3.000000000000000000, 0.3499999999999998113 ) ) ;
#1115 = VERTEX_POINT ( 'NONE', #6470 ) ;
#1116 =( NAMED_UNIT ( * ) SI_UNIT ( $, .STERADIAN. ) SOLID_ANGLE_UNIT ( ) );
#1117 = CARTESIAN_POINT ( 'NONE',  ( -0.9999999999999995559, 1.800000000000000488, -0.1283333333333334936 ) ) ;
#1118 = DIRECTION ( 'NONE',  ( -3.872150616019658957E-17, -0.8660254037844385966, -0.5000000000000001110 ) ) ;
#1119 = CARTESIAN_POINT ( 'NONE',  ( 0.9460868014086034616, 4.056300144720193401, 0.3499999999999999778 ) ) ;
#1120 = ORIENTED_EDGE ( 'NONE', *, *, #738, .T. ) ;
#1121 = EDGE_CURVE ( 'NONE', #2518, #2140, #2185, .T. ) ;
#1122 = PRESENTATION_STYLE_ASSIGNMENT (( #9348 ) ) ;
#1123 = CARTESIAN_POINT ( 'NONE',  ( 8.141845733883979364, 5.626229152235330488, -2.522632230332685348E-16 ) ) ;
#1124 = CARTESIAN_POINT ( 'NONE',  ( 1.540000000000000480, 1.800000000000000488, -0.3849999999999999534 ) ) ;
#1125 = CARTESIAN_POINT ( 'NONE',  ( 4.219835643297026095, 5.218128553112202361, 0.3499999999999998668 ) ) ;
#1126 = ORIENTED_EDGE ( 'NONE', *, *, #6451, .F. ) ;
#1127 = EDGE_LOOP ( 'NONE', ( #8049, #3232, #8028, #4515 ) ) ;
#1128 = FILL_AREA_STYLE_COLOUR ( '', #3386 ) ;
#1129 = LINE ( 'NONE', #7868, #8585 ) ;
#1130 = MECHANICAL_DESIGN_GEOMETRIC_PRESENTATION_REPRESENTATION (  '', ( #5362 ), #2404 ) ;
#1131 = CARTESIAN_POINT ( 'NONE',  ( 11.63000000000000078, 0.000000000000000000, -0.6499999999999991340 ) ) ;
#1132 = LINE ( 'NONE', #4186, #9618 ) ;
#1133 = ADVANCED_FACE ( 'NONE', ( #8569 ), #3416, .F. ) ;
#1134 = CARTESIAN_POINT ( 'NONE',  ( 0.000000000000000000, 8.500000000000000000, 0.8696152422706630025 ) ) ;
#1135 = LINE ( 'NONE', #493, #7812 ) ;
#1136 = VECTOR ( 'NONE', #1586, 1000.000000000000000 ) ;
#1137 = PLANE ( 'NONE',  #2933 ) ;
#1138 = CARTESIAN_POINT ( 'NONE',  ( 7.770000000000002238, -3.000000000000000000, 0.3499999999999997002 ) ) ;
#1139 = EDGE_CURVE ( 'NONE', #3147, #3060, #7099, .T. ) ;
#1140 = PRESENTATION_LAYER_ASSIGNMENT (  '', '', ( #192 ) ) ;
#1141 = EDGE_CURVE ( 'NONE', #9652, #3872, #7197, .T. ) ;
#1142 = CARTESIAN_POINT ( 'NONE',  ( 7.620000000000000107, 0.000000000000000000, 0.3499999999999997002 ) ) ;
#1143 = COLOUR_RGB ( '',0.8313725490196077761, 0.6705882352941175961, 0.1294117647058823373 ) ;
#1144 = ORIENTED_EDGE ( 'NONE', *, *, #6906, .T. ) ;
#1145 = CARTESIAN_POINT ( 'NONE',  ( 2.189999999999999947, 8.200000000000001066, -0.3499999999999999778 ) ) ;
#1146 = ORIENTED_EDGE ( 'NONE', *, *, #2032, .T. ) ;
#1147 =( BOUNDED_CURVE ( )  B_SPLINE_CURVE ( 3, ( #7595, #5363, #9066, #2347, #2987, #9603, #854 ),
 .UNSPECIFIED., .F., .F. ) 
 B_SPLINE_CURVE_WITH_KNOTS ( ( 4, 3, 4 ),
 ( 0.8078321013870645162, 3.141592653589793116, 5.475353205792521827 ),
 .UNSPECIFIED. ) 
 CURVE ( )  GEOMETRIC_REPRESENTATION_ITEM ( )  RATIONAL_B_SPLINE_CURVE ( ( 1.000000000000000000, 0.5953481791230077480, 0.5953481791230077480, 1.000000000000000000, 0.5953481791230077480, 0.5953481791230077480, 1.000000000000000000 ) ) 
 REPRESENTATION_ITEM ( '' )  );
#1148 = DIRECTION ( 'NONE',  ( -0.7071067811865461294, -0.7071067811865490160, 0.000000000000000000 ) ) ;
#1149 = CARTESIAN_POINT ( 'NONE',  ( 0.4999999999999985012, 6.299999999999999822, 0.3499999999999999778 ) ) ;
#1150 = CARTESIAN_POINT ( 'NONE',  ( 9.220020115625525037, 4.171275002134294141, 0.3499999999999997002 ) ) ;
#1151 = PLANE ( 'NONE',  #6473 ) ;
#1152 = AXIS2_PLACEMENT_3D ( 'NONE', #6060, #1556, #3863 ) ;
#1153 = DIRECTION ( 'NONE',  ( -0.000000000000000000, -3.097720492815727166E-16, -1.000000000000000000 ) ) ;
#1154 = FILL_AREA_STYLE ('',( #6918 ) ) ;
#1155 = CARTESIAN_POINT ( 'NONE',  ( 8.559979884374426362, 4.171275002134770205, -0.3500000000000003109 ) ) ;
#1156 = ORIENTED_EDGE ( 'NONE', *, *, #7672, .T. ) ;
#1157 = UNCERTAINTY_MEASURE_WITH_UNIT (LENGTH_MEASURE( 1.000000000000000082E-05 ), #6523, 'distance_accuracy_value', 'NONE');
#1158 = ORIENTED_EDGE ( 'NONE', *, *, #1466, .F. ) ;
#1159 = CARTESIAN_POINT ( 'NONE',  ( 10.84675493260776236, 8.000000000000000000, -0.6500000000000030198 ) ) ;
#1160 = ADVANCED_FACE ( 'NONE', ( #5745 ), #2781, .T. ) ;
#1161 = CARTESIAN_POINT ( 'NONE',  ( 5.080000000000000071, 1.700000000000000178, 0.3499999999999998113 ) ) ;
#1162 = ORIENTED_EDGE ( 'NONE', *, *, #3191, .F. ) ;
#1163 = CARTESIAN_POINT ( 'NONE',  ( -0.6867549326077613259, 0.5000000000000000000, -0.6500000000000013545 ) ) ;
#1164 = ADVANCED_FACE ( 'NONE', ( #6327 ), #5696, .T. ) ;
#1165 = DIRECTION ( 'NONE',  ( 1.000000000000000000, 1.084202172485504434E-16, 0.000000000000000000 ) ) ;
#1166 = EDGE_CURVE ( 'NONE', #4767, #7669, #2975, .T. ) ;
#1167 = CARTESIAN_POINT ( 'NONE',  ( 7.620000000000000107, 1.700000000000000178, -0.3500000000000002554 ) ) ;
#1168 = DIRECTION ( 'NONE',  ( 1.121588454295349533E-16, -1.000000000000000000, 0.000000000000000000 ) ) ;
#1169 = ORIENTED_EDGE ( 'NONE', *, *, #622, .F. ) ;
#1170 = EDGE_CURVE ( 'NONE', #8507, #8160, #4442, .T. ) ;
#1171 = CARTESIAN_POINT ( 'NONE',  ( 4.080000000000000071, 6.500000000000000888, 0.3499999999999989231 ) ) ;
#1172 = LINE ( 'NONE', #2005, #3858 ) ;
#1173 = MECHANICAL_DESIGN_GEOMETRIC_PRESENTATION_REPRESENTATION (  '', ( #5401 ), #1797 ) ;
#1174 = LINE ( 'NONE', #1810, #3742 ) ;
#1175 = VERTEX_POINT ( 'NONE', #2923 ) ;
#1176 =( LENGTH_UNIT ( ) NAMED_UNIT ( * ) SI_UNIT ( .MILLI., .METRE. ) );
#1177 = CARTESIAN_POINT ( 'NONE',  ( 11.63000000000000078, 0.5000000000000000000, -0.6499999999999989120 ) ) ;
#1178 = CARTESIAN_POINT ( 'NONE',  ( 6.933245067392238781, 6.500000000000000888, 0.3499999999999989231 ) ) ;
#1179 = CARTESIAN_POINT ( 'NONE',  ( -0.4481930454221425553, 5.884855341312109189, -0.3499999999999999223 ) ) ;
#1180 = ORIENTED_EDGE ( 'NONE', *, *, #738, .F. ) ;
#1181 = MECHANICAL_DESIGN_GEOMETRIC_PRESENTATION_REPRESENTATION (  '', ( #7735 ), #7881 ) ;
#1182 = ORIENTED_EDGE ( 'NONE', *, *, #2354, .T. ) ;
#1183 = EDGE_CURVE ( 'NONE', #4914, #2551, #9543, .T. ) ;
#1184 = CARTESIAN_POINT ( 'NONE',  ( 2.187475984454220423, 5.732672356334980179, -0.3500000000000000888 ) ) ;
#1185 = PRESENTATION_LAYER_ASSIGNMENT (  '', '', ( #8039 ) ) ;
#1186 = CARTESIAN_POINT ( 'NONE',  ( 6.620000000000000107, 6.500000000000000888, -0.3500000000000010880 ) ) ;
#1187 = EDGE_CURVE ( 'NONE', #566, #2971, #686, .T. ) ;
#1188 = FACE_OUTER_BOUND ( 'NONE', #2891, .T. ) ;
#1189 = B_SPLINE_CURVE_WITH_KNOTS ( 'NONE', 3,
 ( #3756, #8182, #3707, #8827, #7985, #2241, #2838, #2132, #8924, #5073, #5125, #4501, #1491, #5807, #7355, #6721, #6001, #9656, #8968, #649, #3660, #1348, #6622, #6676, #9598, #5906, #1296, #8775, #7255, #4294, #2934, #8885, #2191 ),
 .UNSPECIFIED., .F., .F.,
 ( 4, 1, 1, 1, 1, 1, 1, 2, 2, 1, 1, 1, 1, 1, 2, 2, 1, 1, 1, 1, 1, 1, 2, 2, 4 ),
 ( 0.000000000000000000, 0.2499999999999771849, 0.3749999999999656386, 0.4374999999999598654, 0.4687499999999569233, 0.4843749999999553690, 0.4921874999999548694, 0.4960937499999545919, 0.4999999999999543698, 0.6249999999999473754, 0.6874999999999436007, 0.7187499999999412692, 0.7343749999999401590, 0.7421874999999392708, 0.7460937499999388267, 0.7499999999999382716, 0.8124999999999380496, 0.8437499999999381606, 0.8593749999999382716, 0.8671874999999378275, 0.8710937499999380496, 0.8730468749999384936, 0.8740234374999388267, 0.8749999999999390488, 1.000000000000000000 ),
 .UNSPECIFIED. ) ;
#1190 = CARTESIAN_POINT ( 'NONE',  ( 6.920000000000000817, 0.8000000000000004885, -0.3500000000000002554 ) ) ;
#1191 = DIRECTION ( 'NONE',  ( 1.121588454295349533E-16, -1.000000000000000000, 0.000000000000000000 ) ) ;
#1192 = DIRECTION ( 'NONE',  ( 0.000000000000000000, -1.000000000000000000, 0.000000000000000000 ) ) ;
#1193 = AXIS2_PLACEMENT_3D ( 'NONE', #4579, #5844, #8123 ) ;
#1194 =( NAMED_UNIT ( * ) PLANE_ANGLE_UNIT ( ) SI_UNIT ( $, .RADIAN. ) );
#1195 =( LENGTH_UNIT ( ) NAMED_UNIT ( * ) SI_UNIT ( .MILLI., .METRE. ) );
#1196 = VECTOR ( 'NONE', #5805, 1000.000000000000000 ) ;
#1197 = ORIENTED_EDGE ( 'NONE', *, *, #4050, .F. ) ;
#1198 = ADVANCED_FACE ( 'NONE', ( #8172 ), #8820, .F. ) ;
#1199 = CARTESIAN_POINT ( 'NONE',  ( 6.620000000000000995, 0.8000000000000004885, -0.3500000000000002554 ) ) ;
#1200 = MECHANICAL_DESIGN_GEOMETRIC_PRESENTATION_REPRESENTATION (  '', ( #1039 ), #5110 ) ;
#1201 = ORIENTED_EDGE ( 'NONE', *, *, #3165, .F. ) ;
#1202 = STYLED_ITEM ( 'NONE', ( #1643 ), #4838 ) ;
#1203 = VECTOR ( 'NONE', #3540, 1000.000000000000000 ) ;
#1204 = EDGE_CURVE ( 'NONE', #1456, #9411, #6099, .T. ) ;
#1205 = CARTESIAN_POINT ( 'NONE',  ( 4.080000000000000071, 0.5000000000000000000, -0.3500000000000000888 ) ) ;
#1206 = LINE ( 'NONE', #7015, #1357 ) ;
#1207 =( GEOMETRIC_REPRESENTATION_CONTEXT ( 3 ) GLOBAL_UNCERTAINTY_ASSIGNED_CONTEXT ( ( #5468 ) ) GLOBAL_UNIT_ASSIGNED_CONTEXT ( ( #4902, #5775, #1116 ) ) REPRESENTATION_CONTEXT ( 'NONE', 'WORKASPACE' ) );
#1208 = SURFACE_STYLE_USAGE ( .BOTH. , #4885 ) ;
#1209 = CARTESIAN_POINT ( 'NONE',  ( 10.68184573388398029, 5.626229152235330488, 0.3499999999999996447 ) ) ;
#1210 = SURFACE_SIDE_STYLE ('',( #6537 ) ) ;
#1211 = COLOUR_RGB ( '',0.8313725490196077761, 0.6705882352941175961, 0.1294117647058823373 ) ;
#1212 = CARTESIAN_POINT ( 'NONE',  ( 8.301380150321415741, 6.233860305463102769, -0.3500000000000003109 ) ) ;
#1213 = VERTEX_POINT ( 'NONE', #8875 ) ;
#1214 = ORIENTED_EDGE ( 'NONE', *, *, #353, .T. ) ;
#1215 = LINE ( 'NONE', #1159, #891 ) ;
#1216 = CARTESIAN_POINT ( 'NONE',  ( 6.673063051753868713, 4.039780281224067515, -0.3500000000000002554 ) ) ;
#1217 = FILL_AREA_STYLE_COLOUR ( '', #7139 ) ;
#1218 = VERTEX_POINT ( 'NONE', #3749 ) ;
#1219 = CIRCLE ( 'NONE', #3265, 0.3000000000000000444 ) ;
#1220 =( NAMED_UNIT ( * ) SI_UNIT ( $, .STERADIAN. ) SOLID_ANGLE_UNIT ( ) );
#1221 = CARTESIAN_POINT ( 'NONE',  ( 1.540000000000001146, 2.207665535523969602, -0.3500000000000000888 ) ) ;
#1222 = CARTESIAN_POINT ( 'NONE',  ( 6.026086801408603755, 4.056300144720193401, 0.3499999999999998113 ) ) ;
#1223 = EDGE_CURVE ( 'NONE', #6707, #7188, #3696, .T. ) ;
#1224 = ORIENTED_EDGE ( 'NONE', *, *, #2253, .F. ) ;
#1225 = CARTESIAN_POINT ( 'NONE',  ( 2.189999999999999947, 8.200000000000001066, -0.3499999999999999778 ) ) ;
#1226 = DIRECTION ( 'NONE',  ( 1.000000000000000000, 0.000000000000000000, 0.000000000000000000 ) ) ;
#1227 = FILL_AREA_STYLE_COLOUR ( '', #4049 ) ;
#1228 = EDGE_LOOP ( 'NONE', ( #1741, #8570, #6714, #4991 ) ) ;
#1229 = CARTESIAN_POINT ( 'NONE',  ( 7.969999999999999751, 8.200000000000001066, 0.3499999999999999778 ) ) ;
#1230 = SURFACE_STYLE_FILL_AREA ( #432 ) ;
#1231 = VECTOR ( 'NONE', #4449, 1000.000000000000000 ) ;
#1232 = CARTESIAN_POINT ( 'NONE',  ( 4.480000000000000426, 6.299999999999999822, 0.3499999999999998113 ) ) ;
#1233 = ORIENTED_EDGE ( 'NONE', *, *, #491, .F. ) ;
#1234 = ORIENTED_EDGE ( 'NONE', *, *, #6544, .T. ) ;
#1235 = LINE ( 'NONE', #4230, #6941 ) ;
#1236 = DIRECTION ( 'NONE',  ( 1.000000000000000000, 0.000000000000000000, 0.000000000000000000 ) ) ;
#1237 = CARTESIAN_POINT ( 'NONE',  ( 3.140000000000000568, 6.299999999999999822, 0.1283333333333332438 ) ) ;
#1238 =( LENGTH_UNIT ( ) NAMED_UNIT ( * ) SI_UNIT ( .MILLI., .METRE. ) );
#1239 = EDGE_CURVE ( 'NONE', #8812, #1384, #6712, .T. ) ;
#1240 = STYLED_ITEM ( 'NONE', ( #8313 ), #3419 ) ;
#1241 = ORIENTED_EDGE ( 'NONE', *, *, #6816, .T. ) ;
#1242 =( LENGTH_UNIT ( ) NAMED_UNIT ( * ) SI_UNIT ( .MILLI., .METRE. ) );
#1243 = ORIENTED_EDGE ( 'NONE', *, *, #417, .F. ) ;
#1244 = LINE ( 'NONE', #4247, #9336 ) ;
#1245 = CARTESIAN_POINT ( 'NONE',  ( 10.68184573388398029, 5.626229152235330488, -3.363509640443580300E-16 ) ) ;
#1246 = CARTESIAN_POINT ( 'NONE',  ( 8.489615242270662776, 8.500000000000000000, 0.8696152422706630025 ) ) ;
#1247 = FILL_AREA_STYLE_COLOUR ( '', #659 ) ;
#1249 = CARTESIAN_POINT ( 'NONE',  ( 11.63000000000000078, 1.601149768326593145E-16, 0.6500000000000012434 ) ) ;
#1248 = CIRCLE ( 'NONE', #3461, 0.1999999999999996503 ) ;
#1250 = DIRECTION ( 'NONE',  ( 0.000000000000000000, 0.000000000000000000, 1.000000000000000000 ) ) ;
#1251 =( NAMED_UNIT ( * ) SI_UNIT ( $, .STERADIAN. ) SOLID_ANGLE_UNIT ( ) );
#1252 = EDGE_CURVE ( 'NONE', #3956, #2724, #2232, .T. ) ;
#1253 = CARTESIAN_POINT ( 'NONE',  ( 11.63000000000000078, 0.5000000000000000000, -0.6499999999999989120 ) ) ;
#1254 = ORIENTED_EDGE ( 'NONE', *, *, #1223, .T. ) ;
#1255 = ORIENTED_EDGE ( 'NONE', *, *, #3376, .T. ) ;
#1256 = VECTOR ( 'NONE', #5584, 1000.000000000000114 ) ;
#1257 = CARTESIAN_POINT ( 'NONE',  ( 6.933245067392238781, 6.500000000000000888, -0.6500000000000017986 ) ) ;
#1258 = EDGE_CURVE ( 'NONE', #1480, #7, #3791, .T. ) ;
#1259 = CARTESIAN_POINT ( 'NONE',  ( 8.306754932607761432, 8.000000000000000000, -0.6500000000000030198 ) ) ;
#1260 = FILL_AREA_STYLE_COLOUR ( '', #6980 ) ;
#1261 = VERTEX_POINT ( 'NONE', #598 ) ;
#1262 = EDGE_CURVE ( 'NONE', #437, #1897, #3, .T. ) ;
#1263 = FACE_OUTER_BOUND ( 'NONE', #4433, .T. ) ;
#1264 = EDGE_CURVE ( 'NONE', #2146, #1213, #2125, .T. ) ;
#1265 = ADVANCED_FACE ( 'NONE', ( #5164 ), #8124, .F. ) ;
#1266 = ADVANCED_FACE ( 'NONE', ( #4539 ), #4786, .T. ) ;
#1267 = EDGE_CURVE ( 'NONE', #4493, #870, #5453, .T. ) ;
#1268 = CARTESIAN_POINT ( 'NONE',  ( 5.889502423613084403, 5.635051924204144136, 0.3499999999999998668 ) ) ;
#1269 = ORIENTED_EDGE ( 'NONE', *, *, #5663, .T. ) ;
#1270 = CYLINDRICAL_SURFACE ( 'NONE', #4340, 0.2999999999999999334 ) ;
#1271 = LINE ( 'NONE', #4217, #1424 ) ;
#1272 = FACE_OUTER_BOUND ( 'NONE', #4806, .T. ) ;
#1273 = FILL_AREA_STYLE ('',( #1227 ) ) ;
#1274 = EDGE_LOOP ( 'NONE', ( #4791, #9564, #7517, #9067 ) ) ;
#1275 = EDGE_CURVE ( 'NONE', #8014, #222, #5347, .T. ) ;
#1276 = CARTESIAN_POINT ( 'NONE',  ( -0.9446954869561645651, 4.083092593512596125, 0.3499999999999998668 ) ) ;
#1277 = CARTESIAN_POINT ( 'NONE',  ( 0.3500000000000000333, 8.200000000000001066, 0.3499999999999999778 ) ) ;
#1278 = FACE_OUTER_BOUND ( 'NONE', #6192, .T. ) ;
#1279 = ORIENTED_EDGE ( 'NONE', *, *, #3153, .F. ) ;
#1280 = ORIENTED_EDGE ( 'NONE', *, *, #7905, .T. ) ;
#1281 = PLANE ( 'NONE',  #4400 ) ;
#1282 = DIRECTION ( 'NONE',  ( 0.000000000000000000, 0.000000000000000000, 1.000000000000000000 ) ) ;
#1283 = FILL_AREA_STYLE_COLOUR ( '', #6862 ) ;
#1284 = CARTESIAN_POINT ( 'NONE',  ( 6.080000000000000071, 1.800000000000000488, -0.3500000000000001443 ) ) ;
#1285 = EDGE_CURVE ( 'NONE', #2025, #8236, #3702, .T. ) ;
#1286 = DIRECTION ( 'NONE',  ( 1.000000000000000000, 1.084202172485504434E-16, 0.000000000000000000 ) ) ;
#1287 = EDGE_CURVE ( 'NONE', #6633, #4221, #6896, .T. ) ;
#1288 = SURFACE_SIDE_STYLE ('',( #2023 ) ) ;
#1289 = COLOUR_RGB ( '',0.8313725490196077761, 0.6705882352941175961, 0.1294117647058823373 ) ;
#1290 = ORIENTED_EDGE ( 'NONE', *, *, #4357, .T. ) ;
#1291 = PRESENTATION_STYLE_ASSIGNMENT (( #8666 ) ) ;
#1292 = EDGE_LOOP ( 'NONE', ( #6882, #2040, #4462, #4749 ) ) ;
#1293 = DIRECTION ( 'NONE',  ( 0.000000000000000000, 0.000000000000000000, -1.000000000000000000 ) ) ;
#1294 = VECTOR ( 'NONE', #5310, 1000.000000000000000 ) ;
#1295 = CARTESIAN_POINT ( 'NONE',  ( 1.540000000000000036, 6.500000000000000888, 0.3499999999999989231 ) ) ;
#1296 = CARTESIAN_POINT ( 'NONE',  ( 9.371843070995636182, 5.771059683742046253, -0.3500000000000003664 ) ) ;
#1297 = VECTOR ( 'NONE', #6122, 1000.000000000000000 ) ;
#1298 = LINE ( 'NONE', #7257, #3653 ) ;
#1299 = CARTESIAN_POINT ( 'NONE',  ( 2.189999999999999947, 0.000000000000000000, -0.3499999999999999778 ) ) ;
#1300 = DIRECTION ( 'NONE',  ( -1.000000000000000000, 0.000000000000000000, -0.000000000000000000 ) ) ;
#1301 = DIRECTION ( 'NONE',  ( 0.000000000000000000, -0.000000000000000000, -1.000000000000000000 ) ) ;
#1302 = PLANE ( 'NONE',  #154 ) ;
#1303 = ORIENTED_EDGE ( 'NONE', *, *, #4934, .F. ) ;
#1304 = ORIENTED_EDGE ( 'NONE', *, *, #2689, .F. ) ;
#1305 = VECTOR ( 'NONE', #5292, 1000.000000000000000 ) ;
#1306 = AXIS2_PLACEMENT_3D ( 'NONE', #4342, #7305, #5654 ) ;
#1307 = LINE ( 'NONE', #7267, #4022 ) ;
#1308 = EDGE_CURVE ( 'NONE', #1218, #8094, #7629, .T. ) ;
#1309 = VECTOR ( 'NONE', #6609, 1000.000000000000000 ) ;
#1310 = VERTEX_POINT ( 'NONE', #144 ) ;
#1311 = PRESENTATION_STYLE_ASSIGNMENT (( #7215 ) ) ;
#1312 = COLOUR_RGB ( '',0.8313725490196077761, 0.6705882352941175961, 0.1294117647058823373 ) ;
#1313 = CARTESIAN_POINT ( 'NONE',  ( 5.869603038017698893, 5.762359718948173892, 0.3499999999999998113 ) ) ;
#1314 = EDGE_LOOP ( 'NONE', ( #518, #4175, #1366, #4858 ) ) ;
#1315 = COLOUR_RGB ( '',0.8313725490196077761, 0.6705882352941175961, 0.1294117647058823373 ) ;
#1316 = DIRECTION ( 'NONE',  ( 0.000000000000000000, 0.000000000000000000, -1.000000000000000000 ) ) ;
#1317 = PLANE ( 'NONE',  #1887 ) ;
#1318 = CARTESIAN_POINT ( 'NONE',  ( 0.8749941293855708624, 5.069026963384446915, 0.3500000000000000333 ) ) ;
#1319 = DIRECTION ( 'NONE',  ( 0.000000000000000000, 0.000000000000000000, -1.000000000000000000 ) ) ;
#1320 = CARTESIAN_POINT ( 'NONE',  ( 4.380000000000000782, 0.8000000000000004885, 0.3499999999999998113 ) ) ;
#1321 = ORIENTED_EDGE ( 'NONE', *, *, #2719, .T. ) ;
#1322 = AXIS2_PLACEMENT_3D ( 'NONE', #7539, #3662, #2193 ) ;
#1323 = DIRECTION ( 'NONE',  ( 0.000000000000000000, 0.000000000000000000, -1.000000000000000000 ) ) ;
#1324 = CARTESIAN_POINT ( 'NONE',  ( 8.220000000000000639, 6.299999999999999822, -0.1283333333333337434 ) ) ;
#1325 = CARTESIAN_POINT ( 'NONE',  ( -0.3525240155457798341, 5.732672356334980179, -0.3499999999999999778 ) ) ;
#1326 = ORIENTED_EDGE ( 'NONE', *, *, #4320, .F. ) ;
#1327 = UNCERTAINTY_MEASURE_WITH_UNIT (LENGTH_MEASURE( 1.000000000000000082E-05 ), #8287, 'distance_accuracy_value', 'NONE');
#1328 = ORIENTED_EDGE ( 'NONE', *, *, #9673, .T. ) ;
#1329 = DIRECTION ( 'NONE',  ( 1.084202172485504434E-16, -1.000000000000000000, 0.000000000000000000 ) ) ;
#1330 = DIRECTION ( 'NONE',  ( -1.000000000000000000, -3.097720492815726426E-17, 0.000000000000000000 ) ) ;
#1331 = AXIS2_PLACEMENT_3D ( 'NONE', #3372, #8476, #1004 ) ;
#1332 = EDGE_CURVE ( 'NONE', #7849, #3317, #4580, .T. ) ;
#1333 = CARTESIAN_POINT ( 'NONE',  ( 6.933245067392238781, 0.5000000000000002220, 0.6500000000000011324 ) ) ;
#1334 = CARTESIAN_POINT ( 'NONE',  ( 10.94712199250159301, 5.777242093666580480, 0.3499999999999997558 ) ) ;
#1335 = CARTESIAN_POINT ( 'NONE',  ( -0.3525240155457798341, 5.732672356334980179, -0.3499999999999999778 ) ) ;
#1336 =( GEOMETRIC_REPRESENTATION_CONTEXT ( 3 ) GLOBAL_UNCERTAINTY_ASSIGNED_CONTEXT ( ( #670 ) ) GLOBAL_UNIT_ASSIGNED_CONTEXT ( ( #5361, #7685, #996 ) ) REPRESENTATION_CONTEXT ( 'NONE', 'WORKASPACE' ) );
#1337 = CARTESIAN_POINT ( 'NONE',  ( 8.306754932607761432, 10.39117142264903570, -0.3500000000000017542 ) ) ;
#1338 = FACE_OUTER_BOUND ( 'NONE', #1614, .T. ) ;
#1339 = AXIS2_PLACEMENT_3D ( 'NONE', #7055, #3996, #348 ) ;
#1340 = ORIENTED_EDGE ( 'NONE', *, *, #6607, .F. ) ;
#1341 = EDGE_CURVE ( 'NONE', #9471, #4134, #2471, .T. ) ;
#1342 = CARTESIAN_POINT ( 'NONE',  ( -0.6999999999999995115, 0.8000000000000004885, 0.3499999999999999778 ) ) ;
#1343 = EDGE_CURVE ( 'NONE', #7041, #3436, #236, .T. ) ;
#1344 = ORIENTED_EDGE ( 'NONE', *, *, #2396, .T. ) ;
#1345 = COLOUR_RGB ( '',0.8313725490196077761, 0.6705882352941175961, 0.1294117647058823373 ) ;
#1346 = VECTOR ( 'NONE', #4598, 1000.000000000000000 ) ;
#1347 = FILL_AREA_STYLE_COLOUR ( '', #7999 ) ;
#1348 = CARTESIAN_POINT ( 'NONE',  ( 9.328546599915416238, 5.476966929916271987, -0.3500000000000003109 ) ) ;
#1349 = CARTESIAN_POINT ( 'NONE',  ( 10.79314831488351523, 6.299478870653065776, -0.3500000000000003109 ) ) ;
#1350 = LINE ( 'NONE', #8032, #7711 ) ;
#1351 = PRESENTATION_LAYER_ASSIGNMENT (  '', '', ( #6199 ) ) ;
#1352 = LINE ( 'NONE', #2656, #8497 ) ;
#1353 =( BOUNDED_CURVE ( )  B_SPLINE_CURVE ( 3, ( #1703, #4706, #4796, #5483 ),
 .UNSPECIFIED., .F., .F. ) 
 B_SPLINE_CURVE_WITH_KNOTS ( ( 4, 4 ),
 ( 3.924083526751088957, 4.712388980384689674 ),
 .UNSPECIFIED. ) 
 CURVE ( )  GEOMETRIC_REPRESENTATION_ITEM ( )  RATIONAL_B_SPLINE_CURVE ( ( 1.000000000000000000, 0.9488815137910379116, 0.9488815137910379116, 1.000000000000000000 ) ) 
 REPRESENTATION_ITEM ( '' )  );
#1354 =( NAMED_UNIT ( * ) PLANE_ANGLE_UNIT ( ) SI_UNIT ( $, .RADIAN. ) );
#1355 = EDGE_CURVE ( 'NONE', #2971, #4493, #1714, .T. ) ;
#1356 = AXIS2_PLACEMENT_3D ( 'NONE', #8727, #2037, #9370 ) ;
#1357 = VECTOR ( 'NONE', #8826, 1000.000000000000000 ) ;
#1358 = CARTESIAN_POINT ( 'NONE',  ( 0.9435678341141576775, 4.104507585657627189, -0.3500000000000000333 ) ) ;
#1359 = ORIENTED_EDGE ( 'NONE', *, *, #4167, .F. ) ;
#1360 = VECTOR ( 'NONE', #2219, 1000.000000000000000 ) ;
#1361 = VERTEX_POINT ( 'NONE', #1032 ) ;
#1362 = CARTESIAN_POINT ( 'NONE',  ( 2.865255819881804999, 5.589454083063163381, 0.3499999999999998668 ) ) ;
#1363 = VECTOR ( 'NONE', #679, 1000.000000000000000 ) ;
#1364 = CARTESIAN_POINT ( 'NONE',  ( 6.953733788849080000, 6.298959448224836777, -0.3500000000000003109 ) ) ;
#1365 = FACE_OUTER_BOUND ( 'NONE', #5497, .T. ) ;
#1366 = ORIENTED_EDGE ( 'NONE', *, *, #7672, .F. ) ;
#1367 = AXIS2_PLACEMENT_3D ( 'NONE', #1899, #7069, #3486 ) ;
#1368 = SURFACE_STYLE_FILL_AREA ( #8044 ) ;
#1369 = CIRCLE ( 'NONE', #1526, 0.2999999999999999334 ) ;
#1370 = ORIENTED_EDGE ( 'NONE', *, *, #1141, .T. ) ;
#1371 = CARTESIAN_POINT ( 'NONE',  ( 4.218424265108378535, 5.204467366490685087, -0.3500000000000001998 ) ) ;
#1372 = CARTESIAN_POINT ( 'NONE',  ( 9.810000000000000497, -1.084202172485501815E-17, 0.3499999999999996447 ) ) ;
#1373 = VECTOR ( 'NONE', #6632, 1000.000000000000000 ) ;
#1374 = FILL_AREA_STYLE ('',( #8055 ) ) ;
#1375 = VECTOR ( 'NONE', #1191, 1000.000000000000000 ) ;
#1376 = CARTESIAN_POINT ( 'NONE',  ( 5.528193045422142404, 5.884855341312109189, 0.3499999999999998668 ) ) ;
#1377 = ORIENTED_EDGE ( 'NONE', *, *, #7939, .F. ) ;
#1378 = UNCERTAINTY_MEASURE_WITH_UNIT (LENGTH_MEASURE( 1.000000000000000082E-05 ), #123, 'distance_accuracy_value', 'NONE');
#1379 = DIRECTION ( 'NONE',  ( -0.000000000000000000, -1.000000000000000000, 1.668003342285391551E-16 ) ) ;
#1380 = UNCERTAINTY_MEASURE_WITH_UNIT (LENGTH_MEASURE( 1.000000000000000082E-05 ), #5647, 'distance_accuracy_value', 'NONE');
#1381 = CARTESIAN_POINT ( 'NONE',  ( -0.9999999999999995559, 1.800000000000000488, -0.3499999999999999778 ) ) ;
#1382 = DIRECTION ( 'NONE',  ( -0.000000000000000000, 1.668003342285391551E-16, 1.000000000000000000 ) ) ;
#1383 = EDGE_LOOP ( 'NONE', ( #3347, #1674, #7608, #9164, #2600, #8520, #5851, #4977 ) ) ;
#1384 = VERTEX_POINT ( 'NONE', #286 ) ;
#1385 = DIRECTION ( 'NONE',  ( -1.000000000000000000, -0.000000000000000000, 3.310540984688563355E-17 ) ) ;
#1386 = DIRECTION ( 'NONE',  ( 0.000000000000000000, -1.000000000000000000, 0.000000000000000000 ) ) ;
#1387 = VECTOR ( 'NONE', #6137, 1000.000000000000000 ) ;
#1388 = CARTESIAN_POINT ( 'NONE',  ( 3.140000000000000568, 6.299999999999999822, -0.1283333333333335768 ) ) ;
#1389 = CARTESIAN_POINT ( 'NONE',  ( 9.290384757729338361, 8.500000000000000000, 0.8696152422706630025 ) ) ;
#1390 = VECTOR ( 'NONE', #5956, 1000.000000000000000 ) ;
#1391 = CARTESIAN_POINT ( 'NONE',  ( 4.393245067392238745, 0.5000000000000002220, 0.3499999999999998668 ) ) ;
#1392 = EDGE_CURVE ( 'NONE', #8316, #9570, #3833, .T. ) ;
#1393 = CARTESIAN_POINT ( 'NONE',  ( 11.16000000000000192, 0.8000000000000007105, 0.3499999999999996447 ) ) ;
#1394 = DIRECTION ( 'NONE',  ( 1.000000000000000000, 0.000000000000000000, 0.000000000000000000 ) ) ;
#1395 = DIRECTION ( 'NONE',  ( -1.000000000000000000, -0.000000000000000000, -0.000000000000000000 ) ) ;
#1396 = VERTEX_POINT ( 'NONE', #2381 ) ;
#1397 = CARTESIAN_POINT ( 'NONE',  ( 0.3500000000000009215, -2.800000000000001155, 0.3499999999999999778 ) ) ;
#1398 = ORIENTED_EDGE ( 'NONE', *, *, #9369, .T. ) ;
#1399 = STYLED_ITEM ( 'NONE', ( #6976 ), #4537 ) ;
#1400 =( LENGTH_UNIT ( ) NAMED_UNIT ( * ) SI_UNIT ( .MILLI., .METRE. ) );
#1401 = CARTESIAN_POINT ( 'NONE',  ( 5.725466478527304837, 3.877691542223584698, 0.3499999999999998668 ) ) ;
#1402 = LINE ( 'NONE', #8087, #7154 ) ;
#1403 = CARTESIAN_POINT ( 'NONE',  ( 11.00038873877124423, 5.398486016527106912, -0.3500000000000003664 ) ) ;
#1404 = CARTESIAN_POINT ( 'NONE',  ( 1.840000000000000524, 0.5000000000000004441, -0.3500000000000000888 ) ) ;
#1405 = MECHANICAL_DESIGN_GEOMETRIC_PRESENTATION_REPRESENTATION (  '', ( #1560 ), #8414 ) ;
#1406 = CARTESIAN_POINT ( 'NONE',  ( 1.591102897648887682, 4.001162287970070786, -0.3500000000000000888 ) ) ;
#1407 = CARTESIAN_POINT ( 'NONE',  ( 0.9240581407171550854, 4.443591676420198588, -0.3500000000000000333 ) ) ;
#1408 = ORIENTED_EDGE ( 'NONE', *, *, #8092, .T. ) ;
#1409 = ORIENTED_EDGE ( 'NONE', *, *, #6440, .F. ) ;
#1410 = SURFACE_STYLE_USAGE ( .BOTH. , #762 ) ;
#1411 = STYLED_ITEM ( 'NONE', ( #1909 ), #8878 ) ;
#1412 = DIRECTION ( 'NONE',  ( 1.000000000000000000, 0.000000000000000000, 0.000000000000000000 ) ) ;
#1413 = ORIENTED_EDGE ( 'NONE', *, *, #256, .T. ) ;
#1414 = FILL_AREA_STYLE_COLOUR ( '', #1953 ) ;
#1415 = CARTESIAN_POINT ( 'NONE',  ( 9.660000000000001918, 6.299999999999999822, 0.3499999999999996447 ) ) ;
#1416 = ORIENTED_EDGE ( 'NONE', *, *, #2016, .F. ) ;
#1417 = VECTOR ( 'NONE', #1525, 1000.000000000000000 ) ;
#1418 = CARTESIAN_POINT ( 'NONE',  ( 4.215802618229587573, 5.178803639423790628, -0.3500000000000002554 ) ) ;
#1419 = DIRECTION ( 'NONE',  ( 1.000000000000000000, -1.301042606982607530E-14, 0.000000000000000000 ) ) ;
#1420 = DIRECTION ( 'NONE',  ( -1.000000000000000000, 0.000000000000000000, 0.000000000000000000 ) ) ;
#1421 = CARTESIAN_POINT ( 'NONE',  ( 5.528193045422142404, 5.884855341312109189, -0.3500000000000001443 ) ) ;
#1423 = ORIENTED_EDGE ( 'NONE', *, *, #4324, .F. ) ;
#1422 = VECTOR ( 'NONE', #8293, 1000.000000000000000 ) ;
#1424 = VECTOR ( 'NONE', #8851, 1000.000000000000000 ) ;
#1425 = CARTESIAN_POINT ( 'NONE',  ( -0.8578385625839258788, 5.240363704784013699, 0.3500000000000000333 ) ) ;
#1426 = CARTESIAN_POINT ( 'NONE',  ( -0.9527233231640309663, 3.923639721076771725, -0.3500000000000000333 ) ) ;
#1427 = FILL_AREA_STYLE_COLOUR ( '', #4385 ) ;
#1428 = ORIENTED_EDGE ( 'NONE', *, *, #3866, .F. ) ;
#1429 = VECTOR ( 'NONE', #4188, 1000.000000000000114 ) ;
#1430 = EDGE_LOOP ( 'NONE', ( #3625, #9680, #5178, #937 ) ) ;
#1431 = LINE ( 'NONE', #635, #2998 ) ;
#1432 = STYLED_ITEM ( 'NONE', ( #1291 ), #5795 ) ;
#1433 = LINE ( 'NONE', #4386, #5069 ) ;
#1434 = DIRECTION ( 'NONE',  ( 0.000000000000000000, 1.000000000000000000, -1.668003342285391797E-16 ) ) ;
#1435 = CARTESIAN_POINT ( 'NONE',  ( 10.94960303801769541, 5.762359718948173892, 0.3499999999999995892 ) ) ;
#1436 = UNCERTAINTY_MEASURE_WITH_UNIT (LENGTH_MEASURE( 1.000000000000000082E-05 ), #1862, 'distance_accuracy_value', 'NONE');
#1437 = CARTESIAN_POINT ( 'NONE',  ( -0.1499999999999994393, -3.000000000000000000, 0.3499999999999999778 ) ) ;
#1438 = CARTESIAN_POINT ( 'NONE',  ( 3.540000000000000036, 6.500000000000000888, -0.3500000000000010880 ) ) ;
#1439 = ORIENTED_EDGE ( 'NONE', *, *, #699, .T. ) ;
#1440 = VERTEX_POINT ( 'NONE', #8700 ) ;
#1441 = LINE ( 'NONE', #4495, #6380 ) ;
#1442 = ORIENTED_EDGE ( 'NONE', *, *, #8427, .F. ) ;
#1443 = EDGE_CURVE ( 'NONE', #796, #2236, #3541, .T. ) ;
#1444 =( NAMED_UNIT ( * ) PLANE_ANGLE_UNIT ( ) SI_UNIT ( $, .RADIAN. ) );
#1445 = UNCERTAINTY_MEASURE_WITH_UNIT (LENGTH_MEASURE( 1.000000000000000082E-05 ), #524, 'distance_accuracy_value', 'NONE');
#1446 = SURFACE_SIDE_STYLE ('',( #2240 ) ) ;
#1447 = CARTESIAN_POINT ( 'NONE',  ( 2.890000000000000124, 0.000000000000000000, 0.3499999999999999778 ) ) ;
#1448 = CARTESIAN_POINT ( 'NONE',  ( 10.94377056972039952, 5.796998266909026754, -0.3500000000000003664 ) ) ;
#1449 = DIRECTION ( 'NONE',  ( 0.000000000000000000, -0.000000000000000000, -1.000000000000000000 ) ) ;
#1450 = ADVANCED_FACE ( 'NONE', ( #5733 ), #5843, .T. ) ;
#1451 = CARTESIAN_POINT ( 'NONE',  ( -5.421010862427528333E-17, 0.5000000000000005551, 0.3499999999999999778 ) ) ;
#1452 = CARTESIAN_POINT ( 'NONE',  ( 10.60819304542214070, 5.884855341312110077, 0.3499999999999996447 ) ) ;
#1453 = CARTESIAN_POINT ( 'NONE',  ( 1.000000000000000444, 1.800000000000000488, -0.3499999999999999778 ) ) ;
#1454 = EDGE_LOOP ( 'NONE', ( #414, #9392, #7444, #8914 ) ) ;
#1455 = CARTESIAN_POINT ( 'NONE',  ( 0.000000000000000000, -3.000000000000000000, 0.3499999999999999778 ) ) ;
#1456 = VERTEX_POINT ( 'NONE', #8556 ) ;
#1457 = LINE ( 'NONE', #7319, #5896 ) ;
#1458 =( NAMED_UNIT ( * ) SI_UNIT ( $, .STERADIAN. ) SOLID_ANGLE_UNIT ( ) );
#1459 = EDGE_LOOP ( 'NONE', ( #8593, #3954, #1803, #5217 ) ) ;
#1460 = B_SPLINE_CURVE_WITH_KNOTS ( 'NONE', 3,
 ( #7592, #6142, #6240, #3949 ),
 .UNSPECIFIED., .F., .F.,
 ( 4, 4 ),
 ( 0.000000000000000000, 1.000000000000000000 ),
 .UNSPECIFIED. ) ;
#1461 =( NAMED_UNIT ( * ) SI_UNIT ( $, .STERADIAN. ) SOLID_ANGLE_UNIT ( ) );
#1462 = VECTOR ( 'NONE', #1379, 1000.000000000000000 ) ;
#1463 = CARTESIAN_POINT ( 'NONE',  ( 10.16000000000000014, 0.5000000000000005551, 0.3499999999999996447 ) ) ;
#1464 = ORIENTED_EDGE ( 'NONE', *, *, #5413, .F. ) ;
#1465 = LINE ( 'NONE', #5869, #2317 ) ;
#1466 = EDGE_CURVE ( 'NONE', #8861, #5203, #531, .T. ) ;
#1467 = CARTESIAN_POINT ( 'NONE',  ( 10.84675493260776236, 0.5000000000000000000, -0.6500000000000013545 ) ) ;
#1468 = LINE ( 'NONE', #2262, #8251 ) ;
#1469 = VECTOR ( 'NONE', #1112, 1000.000000000000000 ) ;
#1470 = EDGE_LOOP ( 'NONE', ( #1865, #8268, #546, #1398 ) ) ;
#1471 = CARTESIAN_POINT ( 'NONE',  ( 4.393245067392238745, 8.000000000000000000, -0.6500000000000025757 ) ) ;
#1472 = CARTESIAN_POINT ( 'NONE',  ( -0.9336972550332069964, 4.293911919603389471, -0.3499999999999999778 ) ) ;
#1473 = PRESENTATION_LAYER_ASSIGNMENT (  '', '', ( #8475 ) ) ;
#1474 = DIRECTION ( 'NONE',  ( 1.000000000000000000, 0.000000000000000000, -7.744301232039316681E-17 ) ) ;
#1475 = ORIENTED_EDGE ( 'NONE', *, *, #1095, .T. ) ;
#1476 = CARTESIAN_POINT ( 'NONE',  ( 7.120000000000000995, 6.299999999999999822, -0.3500000000000002554 ) ) ;
#1477 = LINE ( 'NONE', #6889, #5182 ) ;
#1478 = EDGE_CURVE ( 'NONE', #4033, #5193, #7136, .T. ) ;
#1479 =( NAMED_UNIT ( * ) PLANE_ANGLE_UNIT ( ) SI_UNIT ( $, .RADIAN. ) );
#1480 = VERTEX_POINT ( 'NONE', #1277 ) ;
#1481 = CARTESIAN_POINT ( 'NONE',  ( 11.13304620092445596, 3.450480068927960886, 0.3499999999999997558 ) ) ;
#1482 = DIRECTION ( 'NONE',  ( -3.097720492815726426E-17, 1.000000000000000000, 0.000000000000000000 ) ) ;
#1483 = DIRECTION ( 'NONE',  ( -1.000000000000000000, 0.000000000000000000, -0.000000000000000000 ) ) ;
#1484 = CARTESIAN_POINT ( 'NONE',  ( 1.894533521472694604, 3.877691542223591359, -0.3500000000000000888 ) ) ;
#1485 = ORIENTED_EDGE ( 'NONE', *, *, #3818, .F. ) ;
#1486 = ORIENTED_EDGE ( 'NONE', *, *, #1751, .F. ) ;
#1487 = CARTESIAN_POINT ( 'NONE',  ( 6.080000000000000071, 1.800000000000000488, 0.3499999999999998113 ) ) ;
#1488 = VERTEX_POINT ( 'NONE', #5641 ) ;
#1489 =( LENGTH_UNIT ( ) NAMED_UNIT ( * ) SI_UNIT ( .MILLI., .METRE. ) );
#1490 = CARTESIAN_POINT ( 'NONE',  ( 5.543356898907900288, 1.699999999999997957, 0.3499999999999998668 ) ) ;
#1491 = CARTESIAN_POINT ( 'NONE',  ( 9.245291895435267193, 4.597665842577886686, -0.3500000000000002554 ) ) ;
#1492 = AXIS2_PLACEMENT_3D ( 'NONE', #3958, #1785, #211 ) ;
#1493 = CARTESIAN_POINT ( 'NONE',  ( 10.94514025091977061, 5.788964205960196452, -0.3500000000000004219 ) ) ;
#1494 = DIRECTION ( 'NONE',  ( 1.000000000000000000, -4.336808689942006692E-15, 0.000000000000000000 ) ) ;
#1495 = DIRECTION ( 'NONE',  ( -3.872150616019658957E-17, -0.8660254037844387076, -0.5000000000000001110 ) ) ;
#1496 = DIRECTION ( 'NONE',  ( -1.000000000000000000, -0.000000000000000000, -0.000000000000000000 ) ) ;
#1497 = ORIENTED_EDGE ( 'NONE', *, *, #6577, .T. ) ;
#1498 =( NAMED_UNIT ( * ) PLANE_ANGLE_UNIT ( ) SI_UNIT ( $, .RADIAN. ) );
#1499 = EDGE_CURVE ( 'NONE', #9291, #9225, #1959, .T. ) ;
#1500 =( GEOMETRIC_REPRESENTATION_CONTEXT ( 3 ) GLOBAL_UNCERTAINTY_ASSIGNED_CONTEXT ( ( #5879 ) ) GLOBAL_UNIT_ASSIGNED_CONTEXT ( ( #7009, #9065, #7641 ) ) REPRESENTATION_CONTEXT ( 'NONE', 'WORKASPACE' ) );
#1501 = VERTEX_POINT ( 'NONE', #1178 ) ;
#1502 = CARTESIAN_POINT ( 'NONE',  ( 3.185466478527304801, 3.877691542223586030, 0.3499999999999998668 ) ) ;
#1503 = AXIS2_PLACEMENT_3D ( 'NONE', #9407, #8078, #4339 ) ;
#1504 = CARTESIAN_POINT ( 'NONE',  ( 9.807475984454221418, 5.732672356334980179, 0.3499999999999996447 ) ) ;
#1505 = VERTEX_POINT ( 'NONE', #9487 ) ;
#1506 = SURFACE_STYLE_FILL_AREA ( #6634 ) ;
#1507 = AXIS2_PLACEMENT_3D ( 'NONE', #1695, #4739, #3279 ) ;
#1508 = CARTESIAN_POINT ( 'NONE',  ( 1.853245067392238710, 8.000000000000000000, 0.6500000000000000222 ) ) ;
#1510 = PLANE ( 'NONE',  #3552 ) ;
#1509 = MECHANICAL_DESIGN_GEOMETRIC_PRESENTATION_REPRESENTATION (  '', ( #5250 ), #2294 ) ;
#1511 = ORIENTED_EDGE ( 'NONE', *, *, #7417, .T. ) ;
#1512 = AXIS2_PLACEMENT_3D ( 'NONE', #4185, #5502, #1967 ) ;
#1513 = CIRCLE ( 'NONE', #2462, 0.2999999999999999334 ) ;
#1514 = CARTESIAN_POINT ( 'NONE',  ( -1.000000000000000000, 6.500000000000000888, -0.3500000000000010880 ) ) ;
#1515 = CARTESIAN_POINT ( 'NONE',  ( 7.171806954577857773, 5.884855341312110077, -0.3500000000000002554 ) ) ;
#1516 = SURFACE_STYLE_FILL_AREA ( #8056 ) ;
#1517 = ORIENTED_EDGE ( 'NONE', *, *, #6083, .F. ) ;
#1518 = PRESENTATION_LAYER_ASSIGNMENT (  '', '', ( #5739 ) ) ;
#1519 = FACE_OUTER_BOUND ( 'NONE', #101, .T. ) ;
#1520 = DIRECTION ( 'NONE',  ( 1.000000000000000000, 0.000000000000000000, 0.000000000000000000 ) ) ;
#1521 = ADVANCED_FACE ( 'NONE', ( #4178 ), #2859, .T. ) ;
#1522 = ORIENTED_EDGE ( 'NONE', *, *, #2624, .F. ) ;
#1523 = AXIS2_PLACEMENT_3D ( 'NONE', #8979, #6014, #8933 ) ;
#1524 = CARTESIAN_POINT ( 'NONE',  ( 6.620000000000000107, 6.500000000000000888, -0.3500000000000010880 ) ) ;
#1525 = DIRECTION ( 'NONE',  ( -0.000000000000000000, 1.000000000000000000, -0.000000000000000000 ) ) ;
#1526 = AXIS2_PLACEMENT_3D ( 'NONE', #7026, #317, #3329 ) ;
#1527 = VECTOR ( 'NONE', #1434, 1000.000000000000000 ) ;
#1528 = LINE ( 'NONE', #4531, #1712 ) ;
#1529 = DIRECTION ( 'NONE',  ( -1.000000000000000000, 0.000000000000000000, 0.000000000000000000 ) ) ;
#1530 = VERTEX_POINT ( 'NONE', #8982 ) ;
#1531 = DIRECTION ( 'NONE',  ( -1.000000000000000000, 0.000000000000000000, 7.744301232039316681E-17 ) ) ;
#1532 = CARTESIAN_POINT ( 'NONE',  ( 10.75999999999999979, 6.299999999999999822, 0.3499999999999996447 ) ) ;
#1533 = VECTOR ( 'NONE', #221, 1000.000000000000114 ) ;
#1534 = DIRECTION ( 'NONE',  ( -0.000000000000000000, -1.000000000000000000, 1.668003342285391551E-16 ) ) ;
#1535 = AXIS2_PLACEMENT_3D ( 'NONE', #1455, #4510, #4456 ) ;
#1536 = ADVANCED_FACE ( 'NONE', ( #9036 ), #8196, .T. ) ;
#1537 = DIRECTION ( 'NONE',  ( 0.000000000000000000, -1.000000000000000000, 4.336808689942017243E-16 ) ) ;
#1538 = ORIENTED_EDGE ( 'NONE', *, *, #5655, .F. ) ;
#1539 = CARTESIAN_POINT ( 'NONE',  ( 6.833241503964613273, 5.779404586027639290, 0.3499999999999998113 ) ) ;
#1540 = VERTEX_POINT ( 'NONE', #8335 ) ;
#1541 = B_SPLINE_CURVE_WITH_KNOTS ( 'NONE', 3,
 ( #592, #5013, #5738, #2871 ),
 .UNSPECIFIED., .F., .F.,
 ( 4, 4 ),
 ( 0.000000000000000000, 1.000000000000000000 ),
 .UNSPECIFIED. ) ;
#1542 =( GEOMETRIC_REPRESENTATION_CONTEXT ( 3 ) GLOBAL_UNCERTAINTY_ASSIGNED_CONTEXT ( ( #4632 ) ) GLOBAL_UNIT_ASSIGNED_CONTEXT ( ( #7083, #6408, #3634 ) ) REPRESENTATION_CONTEXT ( 'NONE', 'WORKASPACE' ) );
#1543 = CARTESIAN_POINT ( 'NONE',  ( 5.230000000000002203, -3.000000000000000000, 0.3499999999999998113 ) ) ;
#1544 =( NAMED_UNIT ( * ) PLANE_ANGLE_UNIT ( ) SI_UNIT ( $, .RADIAN. ) );
#1545 = CARTESIAN_POINT ( 'NONE',  ( 11.01926723552291243, 5.226749775238715756, -0.3500000000000003109 ) ) ;
#1546 = MECHANICAL_DESIGN_GEOMETRIC_PRESENTATION_REPRESENTATION (  '', ( #279 ), #4536 ) ;
#1547 = ADVANCED_FACE ( 'NONE', ( #6872 ), #1510, .T. ) ;
#1548 = EDGE_LOOP ( 'NONE', ( #31, #5537, #8880, #9584 ) ) ;
#1549 = FILL_AREA_STYLE_COLOUR ( '', #5754 ) ;
#1550 = ORIENTED_EDGE ( 'NONE', *, *, #7402, .T. ) ;
#1551 =( NAMED_UNIT ( * ) PLANE_ANGLE_UNIT ( ) SI_UNIT ( $, .RADIAN. ) );
#1552 = CARTESIAN_POINT ( 'NONE',  ( 10.16000000000000014, 0.5000000000000005551, 0.3499999999999996447 ) ) ;
#1553 = EDGE_CURVE ( 'NONE', #8455, #7058, #2818, .T. ) ;
#1554 = PLANE ( 'NONE',  #1523 ) ;
#1555 = VERTEX_POINT ( 'NONE', #1647 ) ;
#1556 = DIRECTION ( 'NONE',  ( -0.000000000000000000, 1.668003342285391551E-16, 1.000000000000000000 ) ) ;
#1557 = CARTESIAN_POINT ( 'NONE',  ( 8.620000000000000995, 1.800000000000000488, -0.3850000000000002309 ) ) ;
#1558 = CARTESIAN_POINT ( 'NONE',  ( 10.48525581988180555, 5.589454083063163381, -0.3500000000000003109 ) ) ;
#1559 = ORIENTED_EDGE ( 'NONE', *, *, #8019, .F. ) ;
#1560 = STYLED_ITEM ( 'NONE', ( #7723 ), #3432 ) ;
#1561 = CARTESIAN_POINT ( 'NONE',  ( 6.620000000000000107, 0.5000000000000000000, -0.3500000000000000888 ) ) ;
#1562 = VECTOR ( 'NONE', #388, 1000.000000000000000 ) ;
#1563 = DIRECTION ( 'NONE',  ( 0.000000000000000000, 1.000000000000000000, -1.668003342285391551E-16 ) ) ;
#1564 = CARTESIAN_POINT ( 'NONE',  ( 3.061845733883979737, 5.626229152235330488, -0.3500000000000000888 ) ) ;
#1565 = VERTEX_POINT ( 'NONE', #586 ) ;
#1566 =( NAMED_UNIT ( * ) PLANE_ANGLE_UNIT ( ) SI_UNIT ( $, .RADIAN. ) );
#1567 = AXIS2_PLACEMENT_3D ( 'NONE', #4825, #5645, #1872 ) ;
#1568 = CARTESIAN_POINT ( 'NONE',  ( -1.000000000000000000, 6.500000000000000888, 0.3499999999999989231 ) ) ;
#1569 = ORIENTED_EDGE ( 'NONE', *, *, #19, .F. ) ;
#1570 = DIRECTION ( 'NONE',  ( -0.7071067811865489050, 0.7071067811865460184, -0.000000000000000000 ) ) ;
#1571 =( NAMED_UNIT ( * ) PLANE_ANGLE_UNIT ( ) SI_UNIT ( $, .RADIAN. ) );
#1572 = CARTESIAN_POINT ( 'NONE',  ( 7.620000000000000107, -3.000000000000000000, 0.3499999999999997002 ) ) ;
#1573 = AXIS2_PLACEMENT_3D ( 'NONE', #8642, #7906, #1226 ) ;
#1574 = DIRECTION ( 'NONE',  ( 0.000000000000000000, 1.000000000000000000, -3.097720492815727166E-16 ) ) ;
#1575 = EDGE_LOOP ( 'NONE', ( #6698, #6176, #5199, #2706 ) ) ;
#1576 = DIRECTION ( 'NONE',  ( -1.000000000000000000, 0.000000000000000000, 0.000000000000000000 ) ) ;
#1577 = CARTESIAN_POINT ( 'NONE',  ( 4.727475984454220459, 5.732672356334980179, 0.3499999999999998113 ) ) ;
#1578 = COLOUR_RGB ( '',0.8313725490196077761, 0.6705882352941175961, 0.1294117647058823373 ) ;
#1579 = LINE ( 'NONE', #7390, #869 ) ;
#1580 = ORIENTED_EDGE ( 'NONE', *, *, #8048, .T. ) ;
#1581 = ORIENTED_EDGE ( 'NONE', *, *, #6639, .F. ) ;
#1582 = DIRECTION ( 'NONE',  ( 0.000000000000000000, 1.000000000000000000, -1.668003342285392044E-16 ) ) ;
#1583 = ORIENTED_EDGE ( 'NONE', *, *, #8303, .T. ) ;
#1584 = ADVANCED_FACE ( 'NONE', ( #8752 ), #7553, .T. ) ;
#1585 = DIRECTION ( 'NONE',  ( -0.6546536707079770867, 0.3779644730092274196, -0.6546536707079770867 ) ) ;
#1586 = DIRECTION ( 'NONE',  ( -1.000000000000000000, -0.000000000000000000, -0.000000000000000000 ) ) ;
#1587 = LINE ( 'NONE', #5358, #3746 ) ;
#1588 = ADVANCED_FACE ( 'NONE', ( #8385 ), #2497, .T. ) ;
#1589 = CARTESIAN_POINT ( 'NONE',  ( -0.5999999999999996447, 6.299999999999999822, 0.3499999999999999778 ) ) ;
#1590 = PLANE ( 'NONE',  #6488 ) ;
#1591 = UNCERTAINTY_MEASURE_WITH_UNIT (LENGTH_MEASURE( 1.000000000000000082E-05 ), #7709, 'distance_accuracy_value', 'NONE');
#1592 = DIRECTION ( 'NONE',  ( -1.000000000000000000, 0.000000000000000000, 0.000000000000000000 ) ) ;
#1593 = VERTEX_POINT ( 'NONE', #6970 ) ;
#1594 = CARTESIAN_POINT ( 'NONE',  ( 9.290384757729338361, 8.500000000000000000, -0.8696152422706630025 ) ) ;
#1595 = ORIENTED_EDGE ( 'NONE', *, *, #8749, .T. ) ;
#1596 = SURFACE_STYLE_FILL_AREA ( #5602 ) ;
#1597 = ADVANCED_FACE ( 'NONE', ( #2444 ), #5428, .F. ) ;
#1598 = EDGE_CURVE ( 'NONE', #7891, #7103, #4698, .T. ) ;
#1599 = FACE_OUTER_BOUND ( 'NONE', #5003, .T. ) ;
#1600 = FILL_AREA_STYLE_COLOUR ( '', #5885 ) ;
#1601 = ORIENTED_EDGE ( 'NONE', *, *, #9347, .T. ) ;
#1602 = CARTESIAN_POINT ( 'NONE',  ( 3.540000000000000480, 2.207665535523691602, 0.3499999999999999223 ) ) ;
#1603 = FACE_OUTER_BOUND ( 'NONE', #4229, .T. ) ;
#1604 = ORIENTED_EDGE ( 'NONE', *, *, #4366, .F. ) ;
#1605 = ORIENTED_EDGE ( 'NONE', *, *, #8063, .T. ) ;
#1606 = CARTESIAN_POINT ( 'NONE',  ( 3.409615242270663149, 8.500000000000000000, 0.000000000000000000 ) ) ;
#1607 = CARTESIAN_POINT ( 'NONE',  ( 11.16000000000000192, 1.121588454295350273E-16, 0.3499999999999996447 ) ) ;
#1608 = CARTESIAN_POINT ( 'NONE',  ( 5.579999999999999183, 6.084152315493285279, -0.3500000000000001443 ) ) ;
#1609 = ORIENTED_EDGE ( 'NONE', *, *, #7357, .T. ) ;
#1610 = CARTESIAN_POINT ( 'NONE',  ( 4.580000000000001847, 6.299999999999999822, -0.3500000000000001443 ) ) ;
#1611 = DIRECTION ( 'NONE',  ( 1.000000000000000000, 0.000000000000000000, 0.000000000000000000 ) ) ;
#1612 = CARTESIAN_POINT ( 'NONE',  ( -1.469999999999999973, 0.5000000000000000000, -0.6499999999999989120 ) ) ;
#1613 = EDGE_CURVE ( 'NONE', #5708, #4255, #1103, .T. ) ;
#1614 = EDGE_LOOP ( 'NONE', ( #4195, #7665, #1778, #4256 ) ) ;
#1615 = PLANE ( 'NONE',  #3720 ) ;
#1616 = DIRECTION ( 'NONE',  ( -1.000000000000000000, -1.084202172485504434E-16, 0.000000000000000000 ) ) ;
#1617 = EDGE_CURVE ( 'NONE', #3055, #2246, #4106, .T. ) ;
#1618 = CARTESIAN_POINT ( 'NONE',  ( 9.810000000000000497, 0.000000000000000000, 0.3499999999999999778 ) ) ;
#1619 = FACE_OUTER_BOUND ( 'NONE', #7724, .T. ) ;
#1620 = ORIENTED_EDGE ( 'NONE', *, *, #8406, .F. ) ;
#1621 = VECTOR ( 'NONE', #4993, 1000.000000000000114 ) ;
#1622 = CARTESIAN_POINT ( 'NONE',  ( 6.024276979512004360, 4.091073788932197530, -0.3500000000000001998 ) ) ;
#1623 = CARTESIAN_POINT ( 'NONE',  ( 6.080000000000000071, 1.800000000000000488, 0.3849999999999997868 ) ) ;
#1624 = ORIENTED_EDGE ( 'NONE', *, *, #3806, .T. ) ;
#1625 = ADVANCED_FACE ( 'NONE', ( #3227 ), #7062, .F. ) ;
#1626 = EDGE_LOOP ( 'NONE', ( #7563, #4616, #1180, #3545 ) ) ;
#1627 = CARTESIAN_POINT ( 'NONE',  ( 8.484197381770396618, 5.178803639424134353, 0.3499999999999997002 ) ) ;
#1628 = FACE_OUTER_BOUND ( 'NONE', #1470, .T. ) ;
#1629 = ADVANCED_FACE ( 'NONE', ( #7655 ), #2657, .T. ) ;
#1630 = PRESENTATION_STYLE_ASSIGNMENT (( #4587 ) ) ;
#1631 = CARTESIAN_POINT ( 'NONE',  ( 5.430000000000000604, 1.084202172485506745E-17, -0.3500000000000001443 ) ) ;
#1632 = LINE ( 'NONE', #6811, #8400 ) ;
#1633 = CARTESIAN_POINT ( 'NONE',  ( -0.8506397697902383648, 5.307482533055398299, 0.3499999999999998113 ) ) ;
#1634 =( LENGTH_UNIT ( ) NAMED_UNIT ( * ) SI_UNIT ( .MILLI., .METRE. ) );
#1635 = CARTESIAN_POINT ( 'NONE',  ( -0.5218457338839801452, 5.626229152235333153, 0.3499999999999999778 ) ) ;
#1636 =( NAMED_UNIT ( * ) PLANE_ANGLE_UNIT ( ) SI_UNIT ( $, .RADIAN. ) );
#1637 = ADVANCED_FACE ( 'NONE', ( #8033, #1987 ), #9467, .T. ) ;
#1638 = EDGE_LOOP ( 'NONE', ( #8468, #5542, #4323, #1849 ) ) ;
#1639 = CARTESIAN_POINT ( 'NONE',  ( 2.540000000000000036, 6.299999999999999822, -0.3500000000000000888 ) ) ;
#1640 = ORIENTED_EDGE ( 'NONE', *, *, #1864, .T. ) ;
#1641 = EDGE_CURVE ( 'NONE', #8295, #7133, #6539, .T. ) ;
#1642 = CARTESIAN_POINT ( 'NONE',  ( 7.270000000000000462, 0.000000000000000000, -0.3499999999999999778 ) ) ;
#1643 = PRESENTATION_STYLE_ASSIGNMENT (( #7650 ) ) ;
#1644 = LINE ( 'NONE', #6058, #1808 ) ;
#1645 = CARTESIAN_POINT ( 'NONE',  ( -0.5999999999999996447, 6.299999999999999822, 0.3499999999999999778 ) ) ;
#1646 = ADVANCED_FACE ( 'NONE', ( #5031 ), #9419, .F. ) ;
#1647 = CARTESIAN_POINT ( 'NONE',  ( 7.270000000000000462, 8.000000000000000000, -0.3499999999999999778 ) ) ;
#1648 = AXIS2_PLACEMENT_3D ( 'NONE', #1635, #2537, #251 ) ;
#1649 = FACE_OUTER_BOUND ( 'NONE', #8675, .T. ) ;
#1650 = ORIENTED_EDGE ( 'NONE', *, *, #903, .T. ) ;
#1651 = VECTOR ( 'NONE', #8716, 1000.000000000000000 ) ;
#1652 = ORIENTED_EDGE ( 'NONE', *, *, #301, .T. ) ;
#1653 = CARTESIAN_POINT ( 'NONE',  ( -1.469999999999999973, 8.500000000000000000, 1.199999999999999956 ) ) ;
#1654 = CARTESIAN_POINT ( 'NONE',  ( 7.970000000000001528, -2.800000000000001155, 0.3499999999999997002 ) ) ;
#1655 = VECTOR ( 'NONE', #3116, 1000.000000000000000 ) ;
#1656 = CARTESIAN_POINT ( 'NONE',  ( 0.05000000000000002359, 8.026794919243112503, -0.05000000000000002359 ) ) ;
#1657 = ORIENTED_EDGE ( 'NONE', *, *, #2770, .T. ) ;
#1658 = STYLED_ITEM ( 'NONE', ( #6407 ), #5653 ) ;
#1659 = MECHANICAL_DESIGN_GEOMETRIC_PRESENTATION_REPRESENTATION (  '', ( #8205 ), #4647 ) ;
#1660 = VECTOR ( 'NONE', #3946, 1000.000000000000000 ) ;
#1661 = ORIENTED_EDGE ( 'NONE', *, *, #2524, .T. ) ;
#1662 = COLOUR_RGB ( '',0.8313725490196077761, 0.6705882352941175961, 0.1294117647058823373 ) ;
#1663 = LINE ( 'NONE', #4023, #6208 ) ;
#1664 = CARTESIAN_POINT ( 'NONE',  ( 6.933245067392238781, 10.39117142264903570, -0.6500000000000030198 ) ) ;
#1665 = CARTESIAN_POINT ( 'NONE',  ( -0.3252558198818047974, 5.589454083063166046, 0.3499999999999999778 ) ) ;
#1666 = ORIENTED_EDGE ( 'NONE', *, *, #8543, .F. ) ;
#1667 = DIRECTION ( 'NONE',  ( 0.000000000000000000, 0.000000000000000000, -1.000000000000000000 ) ) ;
#1668 = ADVANCED_FACE ( 'NONE', ( #6483 ), #1937, .F. ) ;
#1669 =( NAMED_UNIT ( * ) SI_UNIT ( $, .STERADIAN. ) SOLID_ANGLE_UNIT ( ) );
#1670 = SURFACE_STYLE_FILL_AREA ( #6897 ) ;
#1671 = VERTEX_POINT ( 'NONE', #7260 ) ;
#1672 =( GEOMETRIC_REPRESENTATION_CONTEXT ( 3 ) GLOBAL_UNCERTAINTY_ASSIGNED_CONTEXT ( ( #1731 ) ) GLOBAL_UNIT_ASSIGNED_CONTEXT ( ( #5181, #8145, #4459 ) ) REPRESENTATION_CONTEXT ( 'NONE', 'WORKASPACE' ) );
#1673 = MECHANICAL_DESIGN_GEOMETRIC_PRESENTATION_REPRESENTATION (  '', ( #2800 ), #6828 ) ;
#1674 = ORIENTED_EDGE ( 'NONE', *, *, #3467, .F. ) ;
#1675 = CARTESIAN_POINT ( 'NONE',  ( 8.412485366313218194, 5.744802409713649638, 0.3499999999999997002 ) ) ;
#1676 = CARTESIAN_POINT ( 'NONE',  ( 6.762161437416076559, 5.240363704784009258, 0.3499999999999997558 ) ) ;
#1677 = UNCERTAINTY_MEASURE_WITH_UNIT (LENGTH_MEASURE( 1.000000000000000082E-05 ), #6858, 'distance_accuracy_value', 'NONE');
#1678 = AXIS2_PLACEMENT_3D ( 'NONE', #1109, #6396, #4260 ) ;
#1679 = ADVANCED_FACE ( 'NONE', ( #4202 ), #5603, .F. ) ;
#1680 = CARTESIAN_POINT ( 'NONE',  ( 6.920000000000000817, 0.5000000000000004441, -0.3500000000000002554 ) ) ;
#1681 = VECTOR ( 'NONE', #6330, 1000.000000000000000 ) ;
#1682 = FACE_OUTER_BOUND ( 'NONE', #9045, .T. ) ;
#1683 = EDGE_CURVE ( 'NONE', #4051, #3688, #1132, .T. ) ;
#1684 = ORIENTED_EDGE ( 'NONE', *, *, #6895, .F. ) ;
#1685 = LINE ( 'NONE', #6912, #6068 ) ;
#1686 = VECTOR ( 'NONE', #9050, 1000.000000000000000 ) ;
#1687 = ORIENTED_EDGE ( 'NONE', *, *, #5720, .F. ) ;
#1688 = CARTESIAN_POINT ( 'NONE',  ( 4.558154266116019926, 5.626229152235333153, 0.3499999999999998113 ) ) ;
#1689 = EDGE_CURVE ( 'NONE', #4559, #868, #8416, .T. ) ;
#1690 = CARTESIAN_POINT ( 'NONE',  ( 7.270000000000000462, 8.200000000000001066, 0.3499999999999999778 ) ) ;
#1691 = EDGE_CURVE ( 'NONE', #7983, #5792, #1513, .T. ) ;
#1692 =( LENGTH_UNIT ( ) NAMED_UNIT ( * ) SI_UNIT ( .MILLI., .METRE. ) );
#1693 = VECTOR ( 'NONE', #3564, 1000.000000000000000 ) ;
#1694 = CARTESIAN_POINT ( 'NONE',  ( 4.210384757729336513, 8.500000000000000000, -0.8696152422706630025 ) ) ;
#1695 = CARTESIAN_POINT ( 'NONE',  ( 5.080000000000000071, 0.000000000000000000, 0.3499999999999998113 ) ) ;
#1696 = DIRECTION ( 'NONE',  ( 0.000000000000000000, -0.000000000000000000, -1.000000000000000000 ) ) ;
#1697 = VERTEX_POINT ( 'NONE', #991 ) ;
#1698 = ORIENTED_EDGE ( 'NONE', *, *, #4468, .F. ) ;
#1699 = UNCERTAINTY_MEASURE_WITH_UNIT (LENGTH_MEASURE( 1.000000000000000082E-05 ), #4306, 'distance_accuracy_value', 'NONE');
#1700 = CARTESIAN_POINT ( 'NONE',  ( 10.75999999999999979, 6.299999999999999822, 0.3849999999999996203 ) ) ;
#1701 = MECHANICAL_DESIGN_GEOMETRIC_PRESENTATION_REPRESENTATION (  '', ( #1399 ), #4997 ) ;
#1702 = CARTESIAN_POINT ( 'NONE',  ( 8.620000000000000995, 1.800000000000000488, -0.3500000000000002554 ) ) ;
#1703 = CARTESIAN_POINT ( 'NONE',  ( 7.972524015545777942, 5.732672356334978403, -0.3500000000000002554 ) ) ;
#1704 = FACE_BOUND ( 'NONE', #4891, .T. ) ;
#1705 = ORIENTED_EDGE ( 'NONE', *, *, #7357, .F. ) ;
#1706 = FACE_OUTER_BOUND ( 'NONE', #6961, .T. ) ;
#1707 = PLANE ( 'NONE',  #9622 ) ;
#1708 = VECTOR ( 'NONE', #6171, 1000.000000000000000 ) ;
#1709 = ORIENTED_EDGE ( 'NONE', *, *, #1332, .F. ) ;
#1710 = CARTESIAN_POINT ( 'NONE',  ( -1.018126922434469523E-15, 1.700000000000000178, 0.3499999999999999778 ) ) ;
#1711 = EDGE_LOOP ( 'NONE', ( #1811, #3179, #1595, #1269 ) ) ;
#1712 = VECTOR ( 'NONE', #786, 1000.000000000000000 ) ;
#1713 =( BOUNDED_CURVE ( )  B_SPLINE_CURVE ( 3, ( #6439, #1994, #2753, #4847 ),
 .UNSPECIFIED., .F., .F. ) 
 B_SPLINE_CURVE_WITH_KNOTS ( ( 4, 4 ),
 ( 3.924083526751089845, 4.712388980384689674 ),
 .UNSPECIFIED. ) 
 CURVE ( )  GEOMETRIC_REPRESENTATION_ITEM ( )  RATIONAL_B_SPLINE_CURVE ( ( 1.000000000000000000, 0.9488815137910379116, 0.9488815137910379116, 1.000000000000000000 ) ) 
 REPRESENTATION_ITEM ( '' )  );
#1714 = LINE ( 'NONE', #3255, #8843 ) ;
#1715 = ORIENTED_EDGE ( 'NONE', *, *, #8427, .T. ) ;
#1716 = ORIENTED_EDGE ( 'NONE', *, *, #7251, .F. ) ;
#1717 = EDGE_CURVE ( 'NONE', #2971, #2129, #2638, .T. ) ;
#1718 = CARTESIAN_POINT ( 'NONE',  ( 8.348502052288790054, 6.125528511109558316, 0.3499999999999996447 ) ) ;
#1719 = MECHANICAL_DESIGN_GEOMETRIC_PRESENTATION_REPRESENTATION (  '', ( #9203 ), #2370 ) ;
#1720 = EDGE_CURVE ( 'NONE', #6619, #6601, #3712, .T. ) ;
#1721 = FILL_AREA_STYLE_COLOUR ( '', #7583 ) ;
#1722 = CARTESIAN_POINT ( 'NONE',  ( 8.306754932607761432, 6.500000000000000888, -0.6500000000000017986 ) ) ;
#1723 = DIRECTION ( 'NONE',  ( -0.7071067811865489050, 0.7071067811865460184, -0.000000000000000000 ) ) ;
#1724 = DIRECTION ( 'NONE',  ( 0.000000000000000000, -0.8660254037844385966, 0.5000000000000001110 ) ) ;
#1725 = EDGE_CURVE ( 'NONE', #3036, #7209, #7006, .T. ) ;
#1726 = VECTOR ( 'NONE', #3230, 1000.000000000000000 ) ;
#1727 = CARTESIAN_POINT ( 'NONE',  ( 9.810000000000000497, -2.800000000000001155, 0.3499999999999996447 ) ) ;
#1728 = CARTESIAN_POINT ( 'NONE',  ( 9.160000000000001918, 6.500000000000000888, -0.3500000000000010880 ) ) ;
#1729 = SURFACE_STYLE_FILL_AREA ( #2486 ) ;
#1730 = ORIENTED_EDGE ( 'NONE', *, *, #3251, .F. ) ;
#1731 = UNCERTAINTY_MEASURE_WITH_UNIT (LENGTH_MEASURE( 1.000000000000000082E-05 ), #5181, 'distance_accuracy_value', 'NONE');
#1732 = LINE ( 'NONE', #4098, #9490 ) ;
#1733 = ADVANCED_FACE ( 'NONE', ( #4878 ), #9251, .F. ) ;
#1734 = VERTEX_POINT ( 'NONE', #2483 ) ;
#1735 = EDGE_CURVE ( 'NONE', #3367, #1758, #4727, .T. ) ;
#1736 = CARTESIAN_POINT ( 'NONE',  ( 9.385852863327317053, 5.851685420754308531, 0.3499999999999996447 ) ) ;
#1737 = CARTESIAN_POINT ( 'NONE',  ( 3.454708104564600202, 4.597665842580767936, 0.3499999999999998113 ) ) ;
#1738 = CARTESIAN_POINT ( 'NONE',  ( 9.473245067392239704, 0.5000000000000000000, -0.6500000000000013545 ) ) ;
#1739 =( LENGTH_UNIT ( ) NAMED_UNIT ( * ) SI_UNIT ( .MILLI., .METRE. ) );
#1740 = PLANE ( 'NONE',  #3932 ) ;
#1741 = ORIENTED_EDGE ( 'NONE', *, *, #1864, .F. ) ;
#1742 = ORIENTED_EDGE ( 'NONE', *, *, #8637, .T. ) ;
#1743 = CARTESIAN_POINT ( 'NONE',  ( 11.16000000000000192, 6.299999999999999822, -0.1283333333333338266 ) ) ;
#1744 = DIRECTION ( 'NONE',  ( 0.000000000000000000, 0.000000000000000000, 1.000000000000000000 ) ) ;
#1745 = FACE_OUTER_BOUND ( 'NONE', #487, .T. ) ;
#1746 = DIRECTION ( 'NONE',  ( 0.000000000000000000, -1.000000000000000000, 0.000000000000000000 ) ) ;
#1747 = ORIENTED_EDGE ( 'NONE', *, *, #7830, .T. ) ;
#1748 = CARTESIAN_POINT ( 'NONE',  ( 3.275042010446086671, 6.043840788194753344, -0.3500000000000001443 ) ) ;
#1749 = PLANE ( 'NONE',  #2465 ) ;
#1750 = LINE ( 'NONE', #2512, #5941 ) ;
#1751 = EDGE_CURVE ( 'NONE', #6601, #643, #4918, .T. ) ;
#1752 = ORIENTED_EDGE ( 'NONE', *, *, #9449, .T. ) ;
#1753 = CARTESIAN_POINT ( 'NONE',  ( 7.270000000000001350, -2.800000000000001155, -0.3500000000000002554 ) ) ;
#1754 = LINE ( 'NONE', #4861, #3474 ) ;
#1755 = EDGE_CURVE ( 'NONE', #38, #6305, #4830, .T. ) ;
#1756 = VECTOR ( 'NONE', #3124, 1000.000000000000000 ) ;
#1757 = FILL_AREA_STYLE_COLOUR ( '', #272 ) ;
#1758 = VERTEX_POINT ( 'NONE', #1824 ) ;
#1759 = CARTESIAN_POINT ( 'NONE',  ( 6.023567834114157193, 4.104507585657628077, -0.3500000000000001443 ) ) ;
#1760 = DIRECTION ( 'NONE',  ( 1.000000000000000000, 0.000000000000000000, 0.000000000000000000 ) ) ;
#1761 = VERTEX_POINT ( 'NONE', #6279 ) ;
#1762 = STYLED_ITEM ( 'NONE', ( #1122 ), #312 ) ;
#1763 = ORIENTED_EDGE ( 'NONE', *, *, #1262, .T. ) ;
#1764 = LINE ( 'NONE', #6277, #6538 ) ;
#1765 = CARTESIAN_POINT ( 'NONE',  ( 6.620000000000000107, 0.5000000000000000000, -0.3500000000000000888 ) ) ;
#1766 = UNCERTAINTY_MEASURE_WITH_UNIT (LENGTH_MEASURE( 1.000000000000000082E-05 ), #3641, 'distance_accuracy_value', 'NONE');
#1767 =( GEOMETRIC_REPRESENTATION_CONTEXT ( 3 ) GLOBAL_UNCERTAINTY_ASSIGNED_CONTEXT ( ( #3327 ) ) GLOBAL_UNIT_ASSIGNED_CONTEXT ( ( #7950, #3531, #7899 ) ) REPRESENTATION_CONTEXT ( 'NONE', 'WORKASPACE' ) );
#1768 = FILL_AREA_STYLE_COLOUR ( '', #9313 ) ;
#1769 = CARTESIAN_POINT ( 'NONE',  ( 6.933245067392238781, 10.39117142264903570, -0.3500000000000017542 ) ) ;
#1770 = FILL_AREA_STYLE ('',( #7682 ) ) ;
#1771 = B_SPLINE_CURVE_WITH_KNOTS ( 'NONE', 3,
 ( #4313, #4424, #7911, #6553 ),
 .UNSPECIFIED., .F., .F.,
 ( 4, 4 ),
 ( 0.000000000000000000, 1.000000000000000000 ),
 .UNSPECIFIED. ) ;
#1772 = CARTESIAN_POINT ( 'NONE',  ( 9.160000000000001918, 1.800000000000000488, 0.1283333333333332715 ) ) ;
#1773 = PRESENTATION_LAYER_ASSIGNMENT (  '', '', ( #2419 ) ) ;
#1774 = PLANE ( 'NONE',  #3706 ) ;
#1775 = PRESENTATION_STYLE_ASSIGNMENT (( #9208 ) ) ;
#1776 = DIRECTION ( 'NONE',  ( -0.000000000000000000, -0.000000000000000000, -1.000000000000000000 ) ) ;
#1777 = B_SPLINE_CURVE_WITH_KNOTS ( 'NONE', 3,
 ( #1113, #1221, #8542, #4899, #4163, #7074, #1406, #3665, #6625, #8490, #368, #324, #6303, #6400, #3388, #7123, #7900, #2714, #8636, #3337, #424, #9380, #1946, #4948, #4213, #612, #3618, #6582, #5857, #5129, #18, #2196, #5176 ),
 .UNSPECIFIED., .F., .F.,
 ( 4, 1, 1, 1, 1, 1, 1, 2, 2, 1, 1, 1, 1, 1, 2, 2, 1, 1, 1, 1, 1, 1, 2, 2, 4 ),
 ( 0.000000000000000000, 0.2499999999999786282, 0.3749999999999678590, 0.4374999999999624190, 0.4687499999999596989, 0.4843749999999582001, 0.4921874999999577560, 0.4960937499999575340, 0.4999999999999573674, 0.6249999999999519273, 0.6874999999999489297, 0.7187499999999471534, 0.7343749999999462652, 0.7421874999999454880, 0.7460937499999451550, 0.7499999999999447109, 0.8124999999999459321, 0.8437499999999468203, 0.8593749999999472644, 0.8671874999999471534, 0.8710937499999473754, 0.8730468749999479305, 0.8740234374999481526, 0.8749999999999483746, 1.000000000000000000 ),
 .UNSPECIFIED. ) ;
#1778 = ORIENTED_EDGE ( 'NONE', *, *, #9555, .F. ) ;
#1779 = CARTESIAN_POINT ( 'NONE',  ( 2.040000000000001812, 6.299999999999999822, 0.3499999999999998668 ) ) ;
#1780 = ORIENTED_EDGE ( 'NONE', *, *, #4870, .F. ) ;
#1781 = LINE ( 'NONE', #4780, #7132 ) ;
#1782 = CARTESIAN_POINT ( 'NONE',  ( 0.4481930454221421667, 5.884855341312110077, 0.3499999999999999778 ) ) ;
#1783 = CARTESIAN_POINT ( 'NONE',  ( 9.235941859282679189, 4.443591676418676251, 0.3499999999999996447 ) ) ;
#1784 = CARTESIAN_POINT ( 'NONE',  ( 3.540000000000000480, 1.800000000000000488, 0.3499999999999998668 ) ) ;
#1785 = DIRECTION ( 'NONE',  ( 0.000000000000000000, -0.000000000000000000, -1.000000000000000000 ) ) ;
#1786 =( NAMED_UNIT ( * ) SI_UNIT ( $, .STERADIAN. ) SOLID_ANGLE_UNIT ( ) );
#1787 = CARTESIAN_POINT ( 'NONE',  ( 0.7612207868701985625, 5.920464898423897004, -0.3499999999999999223 ) ) ;
#1788 = VERTEX_POINT ( 'NONE', #3357 ) ;
#1789 = ORIENTED_EDGE ( 'NONE', *, *, #1972, .F. ) ;
#1790 = EDGE_CURVE ( 'NONE', #9363, #6633, #8613, .T. ) ;
#1791 = CARTESIAN_POINT ( 'NONE',  ( -0.9999999999999993339, 0.8000000000000004885, -0.3499999999999999778 ) ) ;
#1792 = SURFACE_STYLE_FILL_AREA ( #7947 ) ;
#1793 =( NAMED_UNIT ( * ) PLANE_ANGLE_UNIT ( ) SI_UNIT ( $, .RADIAN. ) );
#1794 = CARTESIAN_POINT ( 'NONE',  ( 1.595723020487988641, 4.091073788932123811, 0.3499999999999998113 ) ) ;
#1795 = ORIENTED_EDGE ( 'NONE', *, *, #179, .F. ) ;
#1796 = CARTESIAN_POINT ( 'NONE',  ( 8.619999999999999218, 6.500000000000000888, -0.3500000000000010880 ) ) ;
#1797 =( GEOMETRIC_REPRESENTATION_CONTEXT ( 3 ) GLOBAL_UNCERTAINTY_ASSIGNED_CONTEXT ( ( #5098 ) ) GLOBAL_UNIT_ASSIGNED_CONTEXT ( ( #2346, #8928, #3852 ) ) REPRESENTATION_CONTEXT ( 'NONE', 'WORKASPACE' ) );
#1798 = LINE ( 'NONE', #7808, #1469 ) ;
#1799 = VECTOR ( 'NONE', #1776, 1000.000000000000000 ) ;
#1800 = CARTESIAN_POINT ( 'NONE',  ( 7.156643101092098114, 1.700000000000000400, -0.3500000000000003109 ) ) ;
#1801 = ADVANCED_FACE ( 'NONE', ( #8460 ), #4431, .T. ) ;
#1802 = CARTESIAN_POINT ( 'NONE',  ( 6.620000000000000107, 6.500000000000000888, 0.3499999999999989231 ) ) ;
#1803 = ORIENTED_EDGE ( 'NONE', *, *, #8437, .F. ) ;
#1804 = CARTESIAN_POINT ( 'NONE',  ( 2.214744180118195516, 5.589454083063166046, -0.3500000000000000888 ) ) ;
#1805 =( NAMED_UNIT ( * ) SI_UNIT ( $, .STERADIAN. ) SOLID_ANGLE_UNIT ( ) );
#1806 = STYLED_ITEM ( 'NONE', ( #6143 ), #1017 ) ;
#1807 =( NAMED_UNIT ( * ) PLANE_ANGLE_UNIT ( ) SI_UNIT ( $, .RADIAN. ) );
#1808 = VECTOR ( 'NONE', #5325, 1000.000000000000000 ) ;
#1809 = VECTOR ( 'NONE', #4835, 1000.000000000000000 ) ;
#1810 = CARTESIAN_POINT ( 'NONE',  ( -0.05000000000000018319, 8.026794919243112503, -0.04999999999999996808 ) ) ;
#1811 = ORIENTED_EDGE ( 'NONE', *, *, #5327, .F. ) ;
#1812 = EDGE_CURVE ( 'NONE', #9231, #4072, #8656, .T. ) ;
#1813 = AXIS2_PLACEMENT_3D ( 'NONE', #5122, #6576, #3658 ) ;
#1814 = CARTESIAN_POINT ( 'NONE',  ( -0.6331483148834667896, 6.299478870653091533, 0.3500000000000000888 ) ) ;
#1815 = DIRECTION ( 'NONE',  ( -0.000000000000000000, 0.000000000000000000, 1.000000000000000000 ) ) ;
#1816 = PRESENTATION_LAYER_ASSIGNMENT (  '', '', ( #4336 ) ) ;
#1817 = ORIENTED_EDGE ( 'NONE', *, *, #717, .T. ) ;
#1818 = ORIENTED_EDGE ( 'NONE', *, *, #7491, .F. ) ;
#1819 = DIRECTION ( 'NONE',  ( 0.7071067811865489050, -0.7071067811865460184, 0.000000000000000000 ) ) ;
#1820 =( LENGTH_UNIT ( ) NAMED_UNIT ( * ) SI_UNIT ( .MILLI., .METRE. ) );
#1821 = AXIS2_PLACEMENT_3D ( 'NONE', #9688, #5984, #5240 ) ;
#1822 = FACE_BOUND ( 'NONE', #5291, .T. ) ;
#1823 = CIRCLE ( 'NONE', #7288, 0.2000000000000000944 ) ;
#1824 = CARTESIAN_POINT ( 'NONE',  ( 6.933245067392238781, 0.5000000000000000000, -0.3500000000000000888 ) ) ;
#1825 = FACE_OUTER_BOUND ( 'NONE', #27, .T. ) ;
#1826 = VECTOR ( 'NONE', #1496, 1000.000000000000000 ) ;
#1827 = CARTESIAN_POINT ( 'NONE',  ( 5.401845733883980039, 5.626229152235330488, -1.681754820221790150E-16 ) ) ;
#1828 = EDGE_CURVE ( 'NONE', #3041, #3577, #5382, .T. ) ;
#1829 = DIRECTION ( 'NONE',  ( 0.000000000000000000, 0.000000000000000000, -1.000000000000000000 ) ) ;
#1830 = VECTOR ( 'NONE', #4988, 1000.000000000000000 ) ;
#1831 = SURFACE_STYLE_USAGE ( .BOTH. , #4775 ) ;
#1832 = LINE ( 'NONE', #9312, #4947 ) ;
#1833 = EDGE_LOOP ( 'NONE', ( #9167, #7374, #7903, #1517 ) ) ;
#1834 = DIRECTION ( 'NONE',  ( 0.000000000000000000, 3.097720492815727166E-16, 1.000000000000000000 ) ) ;
#1835 = ORIENTED_EDGE ( 'NONE', *, *, #769, .F. ) ;
#1836 =( BOUNDED_SURFACE ( )  B_SPLINE_SURFACE ( 3, 1, ( 
 ( #3581, #6548 ),
 ( #9518, #2853 ),
 ( #3135, #2302 ),
 ( #2399, #4416 ) ),
 .UNSPECIFIED., .F., .F., .F. ) 
 B_SPLINE_SURFACE_WITH_KNOTS ( ( 4, 4 ),
 ( 2, 2 ),
 ( 0.000000000000000000, 1.000000000000000000 ),
 ( 0.000000000000000000, 1.000000000000000000 ),
 .UNSPECIFIED. ) 
 GEOMETRIC_REPRESENTATION_ITEM ( )  RATIONAL_B_SPLINE_SURFACE ( (
 ( 1.000000000000000000, 1.000000000000000000),
 ( 0.9488815137910384667, 0.9488815137910384667),
 ( 0.9488815137910384667, 0.9488815137910384667),
 ( 1.000000000000000000, 1.000000000000000000) ) ) 
 REPRESENTATION_ITEM ( '' )  SURFACE ( )  );
#1837 = COLOUR_RGB ( '',0.8313725490196077761, 0.6705882352941175961, 0.1294117647058823373 ) ;
#1838 = STYLED_ITEM ( 'NONE', ( #5290 ), #5275 ) ;
#1839 = MECHANICAL_DESIGN_GEOMETRIC_PRESENTATION_REPRESENTATION (  '', ( #9027 ), #8712 ) ;
#1840 =( GEOMETRIC_REPRESENTATION_CONTEXT ( 3 ) GLOBAL_UNCERTAINTY_ASSIGNED_CONTEXT ( ( #6854 ) ) GLOBAL_UNIT_ASSIGNED_CONTEXT ( ( #6332, #9319, #2591 ) ) REPRESENTATION_CONTEXT ( 'NONE', 'WORKASPACE' ) );
#1841 =( LENGTH_UNIT ( ) NAMED_UNIT ( * ) SI_UNIT ( .MILLI., .METRE. ) );
#1842 = EDGE_CURVE ( 'NONE', #1115, #4193, #8868, .T. ) ;
#1843 = LINE ( 'NONE', #1889, #5223 ) ;
#1844 = DIRECTION ( 'NONE',  ( -1.000000000000000000, 0.000000000000000000, 7.744301232039316681E-17 ) ) ;
#1845 = VECTOR ( 'NONE', #8238, 1000.000000000000000 ) ;
#1846 = CARTESIAN_POINT ( 'NONE',  ( 8.563567834114159893, 4.104507585657628965, -0.3500000000000003664 ) ) ;
#1847 = ORIENTED_EDGE ( 'NONE', *, *, #1466, .T. ) ;
#1848 = UNCERTAINTY_MEASURE_WITH_UNIT (LENGTH_MEASURE( 1.000000000000000082E-05 ), #8971, 'distance_accuracy_value', 'NONE');
#1849 = ORIENTED_EDGE ( 'NONE', *, *, #3199, .F. ) ;
#1850 = VECTOR ( 'NONE', #330, 1000.000000000000000 ) ;
#1851 = FILL_AREA_STYLE_COLOUR ( '', #4684 ) ;
#1852 = CARTESIAN_POINT ( 'NONE',  ( 8.620000000000000995, 0.8000000000000007105, 0.3499999999999997002 ) ) ;
#1853 = ORIENTED_EDGE ( 'NONE', *, *, #2687, .F. ) ;
#1854 = VECTOR ( 'NONE', #970, 1000.000000000000000 ) ;
#1855 = CARTESIAN_POINT ( 'NONE',  ( 3.320569551971561673, 5.815522798723455900, -0.3500000000000000333 ) ) ;
#1856 = CARTESIAN_POINT ( 'NONE',  ( 6.080000000000000071, 1.800000000000000488, 0.3499999999999998113 ) ) ;
#1857 = ORIENTED_EDGE ( 'NONE', *, *, #6479, .T. ) ;
#1858 = EDGE_CURVE ( 'NONE', #4642, #3970, #5742, .T. ) ;
#1859 = SURFACE_SIDE_STYLE ('',( #7079 ) ) ;
#1860 = SURFACE_SIDE_STYLE ('',( #1023 ) ) ;
#1861 = CARTESIAN_POINT ( 'NONE',  ( 10.84675493260776236, 0.5000000000000002220, 0.3499999999999998668 ) ) ;
#1862 =( LENGTH_UNIT ( ) NAMED_UNIT ( * ) SI_UNIT ( .MILLI., .METRE. ) );
#1863 =( NAMED_UNIT ( * ) PLANE_ANGLE_UNIT ( ) SI_UNIT ( $, .RADIAN. ) );
#1864 = EDGE_CURVE ( 'NONE', #6443, #1555, #4235, .T. ) ;
#1865 = ORIENTED_EDGE ( 'NONE', *, *, #9333, .T. ) ;
#1866 = LINE ( 'NONE', #6411, #40 ) ;
#1867 = AXIS2_PLACEMENT_3D ( 'NONE', #8114, #6026, #1520 ) ;
#1868 = CARTESIAN_POINT ( 'NONE',  ( 4.224309810834100176, 5.260692584315934894, 0.3499999999999997558 ) ) ;
#1869 = EDGE_LOOP ( 'NONE', ( #3667, #8559, #8771, #9625 ) ) ;
#1870 = ORIENTED_EDGE ( 'NONE', *, *, #2173, .T. ) ;
#1871 = CARTESIAN_POINT ( 'NONE',  ( 7.270000000000000462, -1.084202172485501815E-17, 0.3499999999999997002 ) ) ;
#1872 = DIRECTION ( 'NONE',  ( -1.000000000000000000, 0.000000000000000000, 0.000000000000000000 ) ) ;
#1873 = FACE_OUTER_BOUND ( 'NONE', #8451, .T. ) ;
#1874 = MECHANICAL_DESIGN_GEOMETRIC_PRESENTATION_REPRESENTATION (  '', ( #1411 ), #2204 ) ;
#1875 = SURFACE_SIDE_STYLE ('',( #1089 ) ) ;
#1876 = DIRECTION ( 'NONE',  ( 0.000000000000000000, 3.097720492815727166E-16, 1.000000000000000000 ) ) ;
#1877 = CARTESIAN_POINT ( 'NONE',  ( 9.160000000000001918, 1.800000000000000488, -0.3850000000000001754 ) ) ;
#1878 = SURFACE_STYLE_USAGE ( .BOTH. , #4975 ) ;
#1879 = DIRECTION ( 'NONE',  ( 0.000000000000000000, 0.000000000000000000, 1.000000000000000000 ) ) ;
#1880 = CARTESIAN_POINT ( 'NONE',  ( 11.63000000000000078, 0.5000000000000002220, 0.6500000000000010214 ) ) ;
#1881 = VECTOR ( 'NONE', #441, 1000.000000000000000 ) ;
#1882 = ORIENTED_EDGE ( 'NONE', *, *, #5694, .T. ) ;
#1883 = EDGE_CURVE ( 'NONE', #692, #2505, #7192, .T. ) ;
#1884 = ORIENTED_EDGE ( 'NONE', *, *, #2522, .T. ) ;
#1885 = DIRECTION ( 'NONE',  ( 0.000000000000000000, 0.000000000000000000, 1.000000000000000000 ) ) ;
#1886 = VECTOR ( 'NONE', #5522, 1000.000000000000000 ) ;
#1887 = AXIS2_PLACEMENT_3D ( 'NONE', #5777, #9522, #6405 ) ;
#1888 = FACE_OUTER_BOUND ( 'NONE', #3253, .T. ) ;
#1889 = CARTESIAN_POINT ( 'NONE',  ( 3.226754932607761361, 6.500000000000000888, -0.6500000000000017986 ) ) ;
#1890 = PLANE ( 'NONE',  #8197 ) ;
#1891 = EDGE_CURVE ( 'NONE', #868, #643, #1433, .T. ) ;
#1892 = STYLED_ITEM ( 'NONE', ( #7927 ), #4328 ) ;
#1893 = DIRECTION ( 'NONE',  ( 0.5000000000000001110, -0.8660254037844385966, 0.000000000000000000 ) ) ;
#1894 = ORIENTED_EDGE ( 'NONE', *, *, #3678, .F. ) ;
#1895 = EDGE_CURVE ( 'NONE', #3784, #3036, #4331, .T. ) ;
#1896 = VECTOR ( 'NONE', #2878, 1000.000000000000000 ) ;
#1897 = VERTEX_POINT ( 'NONE', #2829 ) ;
#1898 = CARTESIAN_POINT ( 'NONE',  ( -0.6867549326077613259, 8.000000000000000000, -0.6500000000000030198 ) ) ;
#1899 = CARTESIAN_POINT ( 'NONE',  ( 0.000000000000000000, 0.000000000000000000, -0.3499999999999999778 ) ) ;
#1900 = DIRECTION ( 'NONE',  ( -1.000000000000000000, 0.000000000000000000, 0.000000000000000000 ) ) ;
#1901 = ORIENTED_EDGE ( 'NONE', *, *, #5354, .T. ) ;
#1902 = CARTESIAN_POINT ( 'NONE',  ( 3.440693495213402286, 4.786369049944407372, -0.3500000000000000888 ) ) ;
#1903 = DIRECTION ( 'NONE',  ( 0.5000000000000001110, -0.8660254037844385966, 0.000000000000000000 ) ) ;
#1904 = CARTESIAN_POINT ( 'NONE',  ( 8.220000000000000639, 6.299999999999999822, 0.3499999999999997002 ) ) ;
#1905 = CARTESIAN_POINT ( 'NONE',  ( 6.025517796674130011, 4.067306563708457112, 0.3499999999999999223 ) ) ;
#1906 = VERTEX_POINT ( 'NONE', #5797 ) ;
#1907 = CARTESIAN_POINT ( 'NONE',  ( 9.473245067392239704, 8.000000000000000000, 0.6500000000000000222 ) ) ;
#1908 =( LENGTH_UNIT ( ) NAMED_UNIT ( * ) SI_UNIT ( .MILLI., .METRE. ) );
#1909 = PRESENTATION_STYLE_ASSIGNMENT (( #6269 ) ) ;
#1910 =( NAMED_UNIT ( * ) SI_UNIT ( $, .STERADIAN. ) SOLID_ANGLE_UNIT ( ) );
#1911 = SURFACE_STYLE_USAGE ( .BOTH. , #5636 ) ;
#1912 = ORIENTED_EDGE ( 'NONE', *, *, #5704, .F. ) ;
#1913 = DIRECTION ( 'NONE',  ( -0.000000000000000000, -0.000000000000000000, -1.000000000000000000 ) ) ;
#1914 = CARTESIAN_POINT ( 'NONE',  ( 4.393245067392238745, 8.000000000000000000, -0.6500000000000030198 ) ) ;
#1915 = CARTESIAN_POINT ( 'NONE',  ( 6.933245067392238781, 8.000000000000000000, 0.6500000000000000222 ) ) ;
#1916 = ORIENTED_EDGE ( 'NONE', *, *, #837, .T. ) ;
#1917 = VERTEX_POINT ( 'NONE', #9538 ) ;
#1918 = LINE ( 'NONE', #6371, #4476 ) ;
#1919 = FILL_AREA_STYLE ('',( #988 ) ) ;
#1920 = ADVANCED_FACE ( 'NONE', ( #3646 ), #3171, .T. ) ;
#1921 = LINE ( 'NONE', #5689, #6368 ) ;
#1922 = DIRECTION ( 'NONE',  ( -1.000000000000000000, -1.084202172485504434E-16, 0.000000000000000000 ) ) ;
#1923 = DIRECTION ( 'NONE',  ( 0.000000000000000000, -0.000000000000000000, -1.000000000000000000 ) ) ;
#1924 = LINE ( 'NONE', #4187, #4035 ) ;
#1925 = CARTESIAN_POINT ( 'NONE',  ( 8.619999999999999218, 0.5000000000000000000, -0.3500000000000000888 ) ) ;
#1926 = FACE_OUTER_BOUND ( 'NONE', #240, .T. ) ;
#1927 = FILL_AREA_STYLE ('',( #7929 ) ) ;
#1928 = VECTOR ( 'NONE', #1819, 1000.000000000000114 ) ;
#1929 = ORIENTED_EDGE ( 'NONE', *, *, #95, .T. ) ;
#1930 = CARTESIAN_POINT ( 'NONE',  ( 0.6000000000000005329, 6.299999999999999822, -0.1166666666666667518 ) ) ;
#1931 = ORIENTED_EDGE ( 'NONE', *, *, #2036, .F. ) ;
#1932 = SURFACE_STYLE_FILL_AREA ( #5989 ) ;
#1933 = STYLED_ITEM ( 'NONE', ( #4751 ), #553 ) ;
#1934 = DIRECTION ( 'NONE',  ( 0.000000000000000000, 1.668003342285388099E-16, 1.000000000000000000 ) ) ;
#1935 = MECHANICAL_DESIGN_GEOMETRIC_PRESENTATION_REPRESENTATION (  '', ( #6163 ), #6465 ) ;
#1936 = LINE ( 'NONE', #509, #8828 ) ;
#1937 = PLANE ( 'NONE',  #4177 ) ;
#1938 = CARTESIAN_POINT ( 'NONE',  ( 0.6331483148835128638, 6.299478870653065776, -0.3499999999999999778 ) ) ;
#1939 = ORIENTED_EDGE ( 'NONE', *, *, #5058, .F. ) ;
#1940 = VERTEX_POINT ( 'NONE', #8635 ) ;
#1941 = LINE ( 'NONE', #5574, #4663 ) ;
#1942 = CARTESIAN_POINT ( 'NONE',  ( 6.671102897648887975, 4.001162287970071674, -0.3500000000000003109 ) ) ;
#1943 =( NAMED_UNIT ( * ) SI_UNIT ( $, .STERADIAN. ) SOLID_ANGLE_UNIT ( ) );
#1944 = ORIENTED_EDGE ( 'NONE', *, *, #8969, .T. ) ;
#1945 = CARTESIAN_POINT ( 'NONE',  ( 5.430000000000000604, 0.5000000000000005551, 0.3499999999999998113 ) ) ;
#1946 = CARTESIAN_POINT ( 'NONE',  ( 1.730497576386657910, 5.635051924202447715, -0.3500000000000000333 ) ) ;
#1947 = AXIS2_PLACEMENT_3D ( 'NONE', #3127, #853, #6096 ) ;
#1948 = DIRECTION ( 'NONE',  ( -1.000000000000000000, -1.084202172485504434E-16, 0.000000000000000000 ) ) ;
#1949 = EDGE_LOOP ( 'NONE', ( #9099, #6745, #2128, #5350 ) ) ;
#1950 = CARTESIAN_POINT ( 'NONE',  ( 9.810000000000000497, -1.084202172485501815E-17, -0.3500000000000003109 ) ) ;
#1951 = FACE_OUTER_BOUND ( 'NONE', #8531, .T. ) ;
#1952 = CARTESIAN_POINT ( 'NONE',  ( 0.9147081045646002773, 4.597665842580766160, 0.3499999999999999223 ) ) ;
#1953 = COLOUR_RGB ( '',0.8313725490196077761, 0.6705882352941175961, 0.1294117647058823373 ) ;
#1954 = PRESENTATION_STYLE_ASSIGNMENT (( #4372 ) ) ;
#1955 = ORIENTED_EDGE ( 'NONE', *, *, #8849, .F. ) ;
#1956 = EDGE_CURVE ( 'NONE', #7725, #4255, #6547, .T. ) ;
#1957 = CARTESIAN_POINT ( 'NONE',  ( -0.9348251832002444361, 4.263498050147335405, 0.3499999999999999223 ) ) ;
#1958 = DIRECTION ( 'NONE',  ( 0.000000000000000000, -0.000000000000000000, -1.000000000000000000 ) ) ;
#1959 = LINE ( 'NONE', #8604, #5568 ) ;
#1960 = LINE ( 'NONE', #8649, #7636 ) ;
#1961 = ORIENTED_EDGE ( 'NONE', *, *, #2847, .F. ) ;
#1962 = VECTOR ( 'NONE', #9362, 1000.000000000000000 ) ;
#1963 = VERTEX_POINT ( 'NONE', #7270 ) ;
#1964 = DIRECTION ( 'NONE',  ( 1.000000000000000000, 0.000000000000000000, 0.000000000000000000 ) ) ;
#1965 = CARTESIAN_POINT ( 'NONE',  ( 0.5218457338839795900, 5.626229152235330488, 0.3499999999999999778 ) ) ;
#1966 = CARTESIAN_POINT ( 'NONE',  ( 0.3252558198818050750, 5.589454083063163381, 0.3499999999999999778 ) ) ;
#1967 = DIRECTION ( 'NONE',  ( 0.000000000000000000, -0.000000000000000000, -1.000000000000000000 ) ) ;
#1968 = DIRECTION ( 'NONE',  ( -1.000000000000000000, 0.000000000000000000, 7.744301232039316681E-17 ) ) ;
#1969 = DIRECTION ( 'NONE',  ( -3.097720492815726426E-17, 1.000000000000000000, 0.000000000000000000 ) ) ;
#1970 = PRESENTATION_LAYER_ASSIGNMENT (  '', '', ( #867 ) ) ;
#1971 = SURFACE_SIDE_STYLE ('',( #9404 ) ) ;
#1972 = EDGE_CURVE ( 'NONE', #2662, #2062, #5821, .T. ) ;
#1973 = VECTOR ( 'NONE', #4490, 1000.000000000000000 ) ;
#1974 = FACE_OUTER_BOUND ( 'NONE', #6784, .T. ) ;
#1975 = CARTESIAN_POINT ( 'NONE',  ( 3.540000000000000480, 1.800000000000000488, -0.3500000000000000888 ) ) ;
#1976 =( NAMED_UNIT ( * ) PLANE_ANGLE_UNIT ( ) SI_UNIT ( $, .RADIAN. ) );
#1977 = ORIENTED_EDGE ( 'NONE', *, *, #1613, .T. ) ;
#1978 = FILL_AREA_STYLE_COLOUR ( '', #8925 ) ;
#1979 = VECTOR ( 'NONE', #7840, 1000.000000000000114 ) ;
#1980 = ORIENTED_EDGE ( 'NONE', *, *, #3095, .F. ) ;
#1981 =( GEOMETRIC_REPRESENTATION_CONTEXT ( 3 ) GLOBAL_UNCERTAINTY_ASSIGNED_CONTEXT ( ( #2113 ) ) GLOBAL_UNIT_ASSIGNED_CONTEXT ( ( #5222, #8097, #4411 ) ) REPRESENTATION_CONTEXT ( 'NONE', 'WORKASPACE' ) );
#1982 = CARTESIAN_POINT ( 'NONE',  ( 2.540000000000000036, 0.5000000000000005551, -0.3500000000000000888 ) ) ;
#1983 = MECHANICAL_DESIGN_GEOMETRIC_PRESENTATION_REPRESENTATION (  '', ( #8856 ), #1207 ) ;
#1984 = LINE ( 'NONE', #2840, #185 ) ;
#1985 = DIRECTION ( 'NONE',  ( 0.000000000000000000, 0.000000000000000000, 1.000000000000000000 ) ) ;
#1986 = DIRECTION ( 'NONE',  ( 0.000000000000000000, -1.000000000000000000, 1.668003342285391797E-16 ) ) ;
#1987 = FACE_BOUND ( 'NONE', #2799, .T. ) ;
#1988 = CARTESIAN_POINT ( 'NONE',  ( 8.544058140717154970, 4.443591676420196812, -0.3500000000000001998 ) ) ;
#1989 = ORIENTED_EDGE ( 'NONE', *, *, #8209, .T. ) ;
#1990 = VECTOR ( 'NONE', #9563, 1000.000000000000000 ) ;
#1991 =( GEOMETRIC_REPRESENTATION_CONTEXT ( 3 ) GLOBAL_UNCERTAINTY_ASSIGNED_CONTEXT ( ( #7688 ) ) GLOBAL_UNIT_ASSIGNED_CONTEXT ( ( #5478, #2362, #127 ) ) REPRESENTATION_CONTEXT ( 'NONE', 'WORKASPACE' ) );
#1992 = EDGE_LOOP ( 'NONE', ( #3375, #6209, #5422, #6555 ) ) ;
#1993 = PRESENTATION_LAYER_ASSIGNMENT (  '', '', ( #2800 ) ) ;
#1994 = CARTESIAN_POINT ( 'NONE',  ( 0.4481930454221421667, 5.884855341312110077, -0.3499999999999999778 ) ) ;
#1995 =( LENGTH_UNIT ( ) NAMED_UNIT ( * ) SI_UNIT ( .MILLI., .METRE. ) );
#1996 = ORIENTED_EDGE ( 'NONE', *, *, #8102, .F. ) ;
#1997 =( GEOMETRIC_REPRESENTATION_CONTEXT ( 3 ) GLOBAL_UNCERTAINTY_ASSIGNED_CONTEXT ( ( #8872 ) ) GLOBAL_UNIT_ASSIGNED_CONTEXT ( ( #9624, #4425, #9679 ) ) REPRESENTATION_CONTEXT ( 'NONE', 'WORKASPACE' ) );
#1998 = CARTESIAN_POINT ( 'NONE',  ( -0.6999999999999995115, 0.5000000000000004441, -0.3499999999999999778 ) ) ;
#1999 = STYLED_ITEM ( 'NONE', ( #8571 ), #7358 ) ;
#2000 = DIRECTION ( 'NONE',  ( 0.000000000000000000, 0.000000000000000000, 1.000000000000000000 ) ) ;
#2001 = ORIENTED_EDGE ( 'NONE', *, *, #3001, .T. ) ;
#2002 = FACE_OUTER_BOUND ( 'NONE', #2209, .T. ) ;
#2003 = CARTESIAN_POINT ( 'NONE',  ( 8.119999999999999218, 6.299999999999999822, 0.3499999999999997002 ) ) ;
#2004 = VECTOR ( 'NONE', #5146, 1000.000000000000000 ) ;
#2005 = CARTESIAN_POINT ( 'NONE',  ( 8.619999999999999218, 6.500000000000000888, 0.3499999999999989231 ) ) ;
#2006 = DIRECTION ( 'NONE',  ( 0.000000000000000000, 1.668003342285388099E-16, 1.000000000000000000 ) ) ;
#2007 = VERTEX_POINT ( 'NONE', #1998 ) ;
#2008 = CYLINDRICAL_SURFACE ( 'NONE', #7691, 0.1999999999999999833 ) ;
#2009 = DIRECTION ( 'NONE',  ( -0.000000000000000000, -0.000000000000000000, 1.000000000000000000 ) ) ;
#2010 = MECHANICAL_DESIGN_GEOMETRIC_PRESENTATION_REPRESENTATION (  '', ( #4990 ), #4518 ) ;
#2011 = CARTESIAN_POINT ( 'NONE',  ( 1.540000000000000480, 1.800000000000000488, 0.3849999999999998979 ) ) ;
#2012 = CARTESIAN_POINT ( 'NONE',  ( 4.294859749080236710, 5.788964205960196452, 0.3499999999999998668 ) ) ;
#2013 = ORIENTED_EDGE ( 'NONE', *, *, #903, .F. ) ;
#2014 = ORIENTED_EDGE ( 'NONE', *, *, #7125, .T. ) ;
#2015 = FACE_OUTER_BOUND ( 'NONE', #4215, .T. ) ;
#2016 = EDGE_CURVE ( 'NONE', #3657, #9577, #9517, .T. ) ;
#2017 = SURFACE_STYLE_FILL_AREA ( #5156 ) ;
#2018 = FILL_AREA_STYLE_COLOUR ( '', #5538 ) ;
#2019 = DIRECTION ( 'NONE',  ( -0.000000000000000000, -1.000000000000000000, 1.668003342285391551E-16 ) ) ;
#2020 = B_SPLINE_CURVE_WITH_KNOTS ( 'NONE', 3,
 ( #7814, #8745, #2054, #9288, #2811, #4219, #5677, #2722, #1119, #5779, #8006, #7129, #1952, #478, #1318, #6311, #9432, #5001, #4128, #4312, #7082, #7957, #7224, #525, #3535, #5190, #3002, #4521, #2860, #6021, #8990, #6552, #3775 ),
 .UNSPECIFIED., .F., .F.,
 ( 4, 1, 1, 1, 1, 1, 1, 2, 2, 1, 1, 1, 1, 1, 2, 2, 1, 1, 1, 1, 1, 1, 2, 2, 4 ),
 ( 0.000000000000000000, 0.2500000000000368039, 0.3750000000000551781, 0.4375000000000643929, 0.4687500000000690004, 0.4843750000000708877, 0.4921875000000714429, 0.4960937500000717759, 0.5000000000000720535, 0.6250000000000727196, 0.6875000000000727196, 0.7187500000000727196, 0.7343750000000727196, 0.7421875000000727196, 0.7460937500000723865, 0.7500000000000720535, 0.8125000000000687228, 0.8437500000000673905, 0.8593750000000667244, 0.8671875000000663913, 0.8710937500000661693, 0.8730468750000658362, 0.8740234375000652811, 0.8750000000000647260, 1.000000000000000000 ),
 .UNSPECIFIED. ) ;
#2021 = PRESENTATION_STYLE_ASSIGNMENT (( #4282 ) ) ;
#2022 = CARTESIAN_POINT ( 'NONE',  ( 10.84675493260776236, 6.500000000000000888, -0.3500000000000010880 ) ) ;
#2023 = SURFACE_STYLE_FILL_AREA ( #5609 ) ;
#2024 = COLOUR_RGB ( '',0.000000000000000000, 0.7529411764705882248, 0.000000000000000000 ) ;
#2025 = VERTEX_POINT ( 'NONE', #6444 ) ;
#2026 = MECHANICAL_DESIGN_GEOMETRIC_PRESENTATION_REPRESENTATION (  '', ( #8576 ), #8733 ) ;
#2027 = ORIENTED_EDGE ( 'NONE', *, *, #2217, .T. ) ;
#2028 = DIRECTION ( 'NONE',  ( 1.000000000000000000, 0.000000000000000000, 0.000000000000000000 ) ) ;
#2029 = PRESENTATION_STYLE_ASSIGNMENT (( #7254 ) ) ;
#2030 = DIRECTION ( 'NONE',  ( 3.097720492815726426E-17, -1.000000000000000000, 0.000000000000000000 ) ) ;
#2031 = DIRECTION ( 'NONE',  ( 1.000000000000000000, 0.000000000000000000, 0.000000000000000000 ) ) ;
#2032 = EDGE_CURVE ( 'NONE', #8295, #5443, #8842, .T. ) ;
#2034 = CARTESIAN_POINT ( 'NONE',  ( 1.940000000000000835, 6.299999999999999822, 0.1166666666666664742 ) ) ;
#2033 = STYLED_ITEM ( 'NONE', ( #5937 ), #9391 ) ;
#2035 = CARTESIAN_POINT ( 'NONE',  ( 4.754744180118195551, 5.589454083063166046, -0.3500000000000001443 ) ) ;
#2036 = EDGE_CURVE ( 'NONE', #4767, #2446, #2098, .T. ) ;
#2037 = DIRECTION ( 'NONE',  ( 0.000000000000000000, 0.000000000000000000, 1.000000000000000000 ) ) ;
#2038 = CARTESIAN_POINT ( 'NONE',  ( 0.9442769795120042886, 4.091073788932197530, -0.3500000000000001443 ) ) ;
#2039 = ORIENTED_EDGE ( 'NONE', *, *, #3094, .T. ) ;
#2040 = ORIENTED_EDGE ( 'NONE', *, *, #6401, .F. ) ;
#2041 = VECTOR ( 'NONE', #6497, 1000.000000000000000 ) ;
#2042 = FILL_AREA_STYLE_COLOUR ( '', #3257 ) ;
#2043 = VECTOR ( 'NONE', #2760, 1000.000000000000000 ) ;
#2044 = ADVANCED_FACE ( 'NONE', ( #2148 ), #5138, .T. ) ;
#2045 = CARTESIAN_POINT ( 'NONE',  ( 6.821789536020343547, 5.709058272657557609, -0.3500000000000002554 ) ) ;
#2046 = CARTESIAN_POINT ( 'NONE',  ( 3.240000000000000657, 0.8000000000000007105, 0.3499999999999998668 ) ) ;
#2047 = ORIENTED_EDGE ( 'NONE', *, *, #537, .T. ) ;
#2048 = LINE ( 'NONE', #5040, #2578 ) ;
#2049 = SURFACE_STYLE_FILL_AREA ( #4994 ) ;
#2050 = CARTESIAN_POINT ( 'NONE',  ( 5.947834886700809065, 5.142569796484739442, 0.3499999999999997558 ) ) ;
#2051 = ORIENTED_EDGE ( 'NONE', *, *, #1287, .T. ) ;
#2052 = EDGE_CURVE ( 'NONE', #4625, #171, #5771, .T. ) ;
#2053 = CARTESIAN_POINT ( 'NONE',  ( 1.853245067392238710, 0.5000000000000002220, 0.3499999999999998668 ) ) ;
#2054 = CARTESIAN_POINT ( 'NONE',  ( 0.9931181789594349940, 2.798202530626829887, 0.3500000000000000333 ) ) ;
#2055 = SURFACE_STYLE_FILL_AREA ( #1273 ) ;
#2056 = ORIENTED_EDGE ( 'NONE', *, *, #1239, .T. ) ;
#2057 = LINE ( 'NONE', #3590, #5370 ) ;
#2058 = EDGE_CURVE ( 'NONE', #1593, #3608, #2048, .T. ) ;
#2059 = SURFACE_SIDE_STYLE ('',( #1230 ) ) ;
#2060 = FILL_AREA_STYLE_COLOUR ( '', #1345 ) ;
#2061 = DIRECTION ( 'NONE',  ( 1.000000000000000000, 0.000000000000000000, 0.000000000000000000 ) ) ;
#2062 = VERTEX_POINT ( 'NONE', #713 ) ;
#2063 = EDGE_CURVE ( 'NONE', #2956, #6227, #3675, .T. ) ;
#2064 = ORIENTED_EDGE ( 'NONE', *, *, #7907, .F. ) ;
#2065 = LINE ( 'NONE', #591, #8631 ) ;
#2066 = DIRECTION ( 'NONE',  ( 0.000000000000000000, 1.000000000000000000, 4.336808689942018722E-16 ) ) ;
#2067 = DIRECTION ( 'NONE',  ( 1.000000000000000000, 1.121588454295349780E-16, -0.000000000000000000 ) ) ;
#2068 = DIRECTION ( 'NONE',  ( 1.000000000000000000, 0.000000000000000000, -7.744301232039316681E-17 ) ) ;
#2069 = DIRECTION ( 'NONE',  ( -1.000000000000000000, 0.000000000000000000, 0.000000000000000000 ) ) ;
#2070 = CARTESIAN_POINT ( 'NONE',  ( 11.02783488670080914, 5.142569796484737665, 0.3499999999999995892 ) ) ;
#2071 = DIRECTION ( 'NONE',  ( 0.000000000000000000, 0.000000000000000000, -1.000000000000000000 ) ) ;
#2072 = ADVANCED_FACE ( 'NONE', ( #3724 ), #4159, .T. ) ;
#2073 = CARTESIAN_POINT ( 'NONE',  ( 3.185466478527304801, 3.877691542223584698, 0.3499999999999998668 ) ) ;
#2074 = PLANE ( 'NONE',  #3073 ) ;
#2075 = ORIENTED_EDGE ( 'NONE', *, *, #4114, .F. ) ;
#2076 = FACE_OUTER_BOUND ( 'NONE', #3817, .T. ) ;
#2077 = ORIENTED_EDGE ( 'NONE', *, *, #2295, .T. ) ;
#2078 = ADVANCED_FACE ( 'NONE', ( #8244 ), #4650, .F. ) ;
#2079 = PRESENTATION_STYLE_ASSIGNMENT (( #4396 ) ) ;
#2080 =( GEOMETRIC_REPRESENTATION_CONTEXT ( 3 ) GLOBAL_UNCERTAINTY_ASSIGNED_CONTEXT ( ( #3020 ) ) GLOBAL_UNIT_ASSIGNED_CONTEXT ( ( #2813, #9252, #2639 ) ) REPRESENTATION_CONTEXT ( 'NONE', 'WORKASPACE' ) );
#2081 = FACE_OUTER_BOUND ( 'NONE', #1711, .T. ) ;
#2082 = PLANE ( 'NONE',  #5144 ) ;
#2083 = COLOUR_RGB ( '',0.8313725490196077761, 0.6705882352941175961, 0.1294117647058823373 ) ;
#2084 = CARTESIAN_POINT ( 'NONE',  ( -1.469999999999999973, 8.500000000000000000, -1.199999999999999956 ) ) ;
#2085 = CARTESIAN_POINT ( 'NONE',  ( 10.66000000000000014, 6.299999999999999822, -0.3500000000000003109 ) ) ;
#2086 = CARTESIAN_POINT ( 'NONE',  ( 4.080000000000000071, 0.5000000000000000000, -0.3500000000000000888 ) ) ;
#2087 = SURFACE_STYLE_FILL_AREA ( #9509 ) ;
#2088 = CARTESIAN_POINT ( 'NONE',  ( 0.7805695519715610819, 5.815522798723457676, -0.3499999999999999778 ) ) ;
#2089 = ORIENTED_EDGE ( 'NONE', *, *, #2493, .T. ) ;
#2090 = ORIENTED_EDGE ( 'NONE', *, *, #284, .F. ) ;
#2091 = CIRCLE ( 'NONE', #7537, 0.2000000000000000944 ) ;
#2092 = STYLED_ITEM ( 'NONE', ( #104 ), #5890 ) ;
#2093 = LINE ( 'NONE', #567, #3726 ) ;
#2094 = CARTESIAN_POINT ( 'NONE',  ( 6.752165113299162691, 5.142569796484066202, -0.3500000000000003109 ) ) ;
#2095 = CARTESIAN_POINT ( 'NONE',  ( -1.000000000000000000, 6.500000000000000888, -0.3500000000000010880 ) ) ;
#2096 = VERTEX_POINT ( 'NONE', #7504 ) ;
#2097 = ADVANCED_FACE ( 'NONE', ( #3814 ), #69, .F. ) ;
#2098 = LINE ( 'NONE', #4415, #516 ) ;
#2099 = SURFACE_SIDE_STYLE ('',( #7998 ) ) ;
#2100 = VECTOR ( 'NONE', #6200, 1000.000000000000000 ) ;
#2101 = EDGE_CURVE ( 'NONE', #2140, #3750, #3686, .T. ) ;
#2102 = CARTESIAN_POINT ( 'NONE',  ( 11.63000000000000078, 0.5000000000000000000, -0.6499999999999989120 ) ) ;
#2103 = ORIENTED_EDGE ( 'NONE', *, *, #4797, .T. ) ;
#2104 = CARTESIAN_POINT ( 'NONE',  ( 4.133063051753866901, 4.039780281224065739, -0.3500000000000001998 ) ) ;
#2105 = CARTESIAN_POINT ( 'NONE',  ( 1.000000000000000000, 0.5000000000000002220, 0.3499999999999998668 ) ) ;
#2106 = EDGE_CURVE ( 'NONE', #3963, #6113, #3276, .T. ) ;
#2107 = CARTESIAN_POINT ( 'NONE',  ( 2.040000000000001812, 6.084152315493286167, -0.3500000000000000333 ) ) ;
#2108 = EDGE_CURVE ( 'NONE', #5948, #9557, #5423, .T. ) ;
#2109 = ORIENTED_EDGE ( 'NONE', *, *, #9567, .T. ) ;
#2110 = SURFACE_SIDE_STYLE ('',( #4272 ) ) ;
#2111 = CARTESIAN_POINT ( 'NONE',  ( -0.7871622536570914708, 5.777005459572337465, -0.3500000000000000333 ) ) ;
#2112 = ORIENTED_EDGE ( 'NONE', *, *, #2719, .F. ) ;
#2113 = UNCERTAINTY_MEASURE_WITH_UNIT (LENGTH_MEASURE( 1.000000000000000082E-05 ), #5222, 'distance_accuracy_value', 'NONE');
#2114 = ORIENTED_EDGE ( 'NONE', *, *, #4480, .T. ) ;
#2115 = B_SPLINE_CURVE_WITH_KNOTS ( 'NONE', 3,
 ( #2664, #5623, #9277, #2606, #3381, #8586, #1942, #1216, #5576, #7168, #467, #4259, #8839, #8785, #2203, #2094, #5082, #617, #7365, #8041, #2145, #4359, #6588, #2045, #5917, #3721, #9562, #7457, #5862, #6686, #5818, #1364, #569 ),
 .UNSPECIFIED., .F., .F.,
 ( 4, 1, 1, 1, 1, 1, 1, 2, 2, 1, 1, 1, 1, 1, 2, 2, 1, 1, 1, 1, 1, 1, 2, 2, 4 ),
 ( 0.000000000000000000, 0.2499999999999766853, 0.3749999999999649170, 0.4374999999999590328, 0.4687499999999560907, 0.4843749999999544253, 0.4921874999999539257, 0.4960937499999537037, 0.4999999999999533706, 0.6249999999999473754, 0.6874999999999440448, 0.7187499999999420464, 0.7343749999999410472, 0.7421874999999402700, 0.7460937499999397149, 0.7499999999999392708, 0.8124999999999397149, 0.8437499999999402700, 0.8593749999999404920, 0.8671874999999403810, 0.8710937499999406031, 0.8730468749999411582, 0.8740234374999413802, 0.8749999999999416023, 1.000000000000000000 ),
 .UNSPECIFIED. ) ;
#2116 = LINE ( 'NONE', #8067, #1363 ) ;
#2117 = CARTESIAN_POINT ( 'NONE',  ( 6.620000000000000107, 6.500000000000000888, -0.3500000000000010880 ) ) ;
#2118 = MECHANICAL_DESIGN_GEOMETRIC_PRESENTATION_REPRESENTATION (  '', ( #8983 ), #2601 ) ;
#2119 = FACE_OUTER_BOUND ( 'NONE', #5994, .T. ) ;
#2120 = SURFACE_SIDE_STYLE ('',( #9587 ) ) ;
#2121 = CARTESIAN_POINT ( 'NONE',  ( 11.07470810456460164, 4.597665842580767936, 0.3499999999999996447 ) ) ;
#2122 = EDGE_CURVE ( 'NONE', #1440, #6546, #1843, .T. ) ;
#2123 = CARTESIAN_POINT ( 'NONE',  ( 5.866052886485987550, 5.783587059575307165, -0.3500000000000001443 ) ) ;
#2124 = VECTOR ( 'NONE', #7439, 1000.000000000000000 ) ;
#2125 = LINE ( 'NONE', #5992, #3385 ) ;
#2126 = VECTOR ( 'NONE', #4776, 1000.000000000000000 ) ;
#2127 = ORIENTED_EDGE ( 'NONE', *, *, #5224, .F. ) ;
#2128 = ORIENTED_EDGE ( 'NONE', *, *, #5451, .T. ) ;
#2129 = VERTEX_POINT ( 'NONE', #8474 ) ;
#2130 = FILL_AREA_STYLE_COLOUR ( '', #6506 ) ;
#2131 = CARTESIAN_POINT ( 'NONE',  ( 4.434533521472694417, 3.877691542223590471, 0.3499999999999998668 ) ) ;
#2132 = CARTESIAN_POINT ( 'NONE',  ( 9.213063051753863419, 4.039780281224065739, -0.3500000000000001998 ) ) ;
#2133 = CARTESIAN_POINT ( 'NONE',  ( 11.10250002994475693, 4.124619419408674936, -0.3500000000000001998 ) ) ;
#2134 = DIRECTION ( 'NONE',  ( -1.000000000000000000, 0.000000000000000000, 7.744301232039316681E-17 ) ) ;
#2135 = PRESENTATION_LAYER_ASSIGNMENT (  '', '', ( #2306 ) ) ;
#2136 = CARTESIAN_POINT ( 'NONE',  ( 6.620000000000000107, 6.299999999999999822, 0.1283333333333333270 ) ) ;
#2137 = CARTESIAN_POINT ( 'NONE',  ( 8.083356898907899435, 1.699999999999999734, -0.3500000000000003109 ) ) ;
#2138 =( GEOMETRIC_REPRESENTATION_CONTEXT ( 3 ) GLOBAL_UNCERTAINTY_ASSIGNED_CONTEXT ( ( #9578 ) ) GLOBAL_UNIT_ASSIGNED_CONTEXT ( ( #1739, #6250, #1786 ) ) REPRESENTATION_CONTEXT ( 'NONE', 'WORKASPACE' ) );
#2139 = VECTOR ( 'NONE', #2395, 1000.000000000000000 ) ;
#2140 = VERTEX_POINT ( 'NONE', #1784 ) ;
#2141 = VECTOR ( 'NONE', #5005, 1000.000000000000000 ) ;
#2142 = ORIENTED_EDGE ( 'NONE', *, *, #1883, .T. ) ;
#2143 = CARTESIAN_POINT ( 'NONE',  ( 1.894533521472694604, 3.877691542223590471, 0.3499999999999999223 ) ) ;
#2144 = COLOUR_RGB ( '',0.8313725490196077761, 0.6705882352941175961, 0.1294117647058823373 ) ;
#2145 = CARTESIAN_POINT ( 'NONE',  ( 6.770816522019155848, 5.324198710740767559, -0.3500000000000003109 ) ) ;
#2146 = VERTEX_POINT ( 'NONE', #4784 ) ;
#2147 = VECTOR ( 'NONE', #318, 1000.000000000000000 ) ;
#2148 = FACE_OUTER_BOUND ( 'NONE', #6313, .T. ) ;
#2149 = VECTOR ( 'NONE', #8532, 1000.000000000000114 ) ;
#2150 = VECTOR ( 'NONE', #8469, 1000.000000000000000 ) ;
#2151 = CARTESIAN_POINT ( 'NONE',  ( 6.080000000000000071, 6.500000000000000888, -0.3500000000000010880 ) ) ;
#2152 = EDGE_CURVE ( 'NONE', #1963, #8920, #6336, .T. ) ;
#2153 = ORIENTED_EDGE ( 'NONE', *, *, #5781, .T. ) ;
#2154 = DIRECTION ( 'NONE',  ( -0.7071067811865475727, 0.7071067811865475727, 0.000000000000000000 ) ) ;
#2155 = CARTESIAN_POINT ( 'NONE',  ( 7.470000000000000639, -3.000000000000000000, -0.3500000000000002554 ) ) ;
#2156 =( BOUNDED_SURFACE ( )  B_SPLINE_SURFACE ( 2, 3, ( 
 ( #2887, #9602, #2289, #3759 ),
 ( #5856, #2136, #9022, #6726 ),
 ( #8973, #3804, #17, #8831 ) ),
 .UNSPECIFIED., .F., .F., .F. ) 
 B_SPLINE_SURFACE_WITH_KNOTS ( ( 3, 3 ),
 ( 4, 4 ),
 ( 0.000000000000000000, 1.000000000000000000 ),
 ( -3.500000000000000371E-05, 0.0007349999999999999763 ),
 .UNSPECIFIED. ) 
 GEOMETRIC_REPRESENTATION_ITEM ( )  RATIONAL_B_SPLINE_SURFACE ( (
 ( 1.000000000000000000, 1.000000000000000000, 1.000000000000000000, 1.000000000000000000),
 ( 0.7071067811865475727, 0.7071067811865475727, 0.7071067811865475727, 0.7071067811865475727),
 ( 1.000000000000000000, 1.000000000000000000, 1.000000000000000000, 1.000000000000000000) ) ) 
 REPRESENTATION_ITEM ( '' )  SURFACE ( )  );
#2157 = MECHANICAL_DESIGN_GEOMETRIC_PRESENTATION_REPRESENTATION (  '', ( #5132 ), #8237 ) ;
#2158 = VECTOR ( 'NONE', #7093, 1000.000000000000000 ) ;
#2159 = FACE_OUTER_BOUND ( 'NONE', #8980, .T. ) ;
#2160 = ORIENTED_EDGE ( 'NONE', *, *, #4366, .T. ) ;
#2161 = UNCERTAINTY_MEASURE_WITH_UNIT (LENGTH_MEASURE( 1.000000000000000082E-05 ), #484, 'distance_accuracy_value', 'NONE');
#2162 =( NAMED_UNIT ( * ) PLANE_ANGLE_UNIT ( ) SI_UNIT ( $, .RADIAN. ) );
#2163 = UNCERTAINTY_MEASURE_WITH_UNIT (LENGTH_MEASURE( 1.000000000000000082E-05 ), #2761, 'distance_accuracy_value', 'NONE');
#2164 = CARTESIAN_POINT ( 'NONE',  ( 10.51252401554577887, 5.732672356334978403, -0.3500000000000003109 ) ) ;
#2165 = FILL_AREA_STYLE ('',( #7338 ) ) ;
#2166 = ADVANCED_FACE ( 'NONE', ( #4057 ), #7797, .T. ) ;
#2167 = ORIENTED_EDGE ( 'NONE', *, *, #1392, .F. ) ;
#2168 = VECTOR ( 'NONE', #2468, 1000.000000000000000 ) ;
#2169 = ORIENTED_EDGE ( 'NONE', *, *, #2542, .F. ) ;
#2170 = CARTESIAN_POINT ( 'NONE',  ( 4.727475984454220459, 5.732672356334980179, 0.3499999999999998113 ) ) ;
#2171 = LINE ( 'NONE', #9443, #7181 ) ;
#2172 = EDGE_CURVE ( 'NONE', #9331, #4965, #5761, .T. ) ;
#2173 = EDGE_CURVE ( 'NONE', #2990, #2274, #3048, .T. ) ;
#2174 = EDGE_CURVE ( 'NONE', #3139, #6531, #6387, .T. ) ;
#2175 = EDGE_CURVE ( 'NONE', #171, #3166, #6433, .T. ) ;
#2176 = PLANE ( 'NONE',  #5006 ) ;
#2177 = DIRECTION ( 'NONE',  ( -0.000000000000000000, -0.000000000000000000, -1.000000000000000000 ) ) ;
#2178 = PRESENTATION_STYLE_ASSIGNMENT (( #5204 ) ) ;
#2179 = CIRCLE ( 'NONE', #7465, 0.2000000000000000944 ) ;
#2180 = CARTESIAN_POINT ( 'NONE',  ( 5.601845733883980216, 5.626229152235330488, 0.3499999999999998113 ) ) ;
#2181 = CARTESIAN_POINT ( 'NONE',  ( -0.3500000000000000333, 8.200000000000001066, 0.3499999999999999778 ) ) ;
#2182 = CARTESIAN_POINT ( 'NONE',  ( 7.969999999999999751, 8.200000000000001066, 0.3499999999999999778 ) ) ;
#2183 = CARTESIAN_POINT ( 'NONE',  ( -0.1499999999999994393, -3.000000000000000000, -0.3499999999999999778 ) ) ;
#2184 = ORIENTED_EDGE ( 'NONE', *, *, #233, .F. ) ;
#2185 = B_SPLINE_CURVE_WITH_KNOTS ( 'NONE', 3,
 ( #1975, #449, #3510, #7979 ),
 .UNSPECIFIED., .F., .F.,
 ( 4, 4 ),
 ( 0.000000000000000000, 1.000000000000000000 ),
 .UNSPECIFIED. ) ;
#2186 = ORIENTED_EDGE ( 'NONE', *, *, #3433, .F. ) ;
#2187 = SURFACE_STYLE_USAGE ( .BOTH. , #6804 ) ;
#2188 = ORIENTED_EDGE ( 'NONE', *, *, #6024, .T. ) ;
#2189 = CYLINDRICAL_SURFACE ( 'NONE', #2783, 0.1999999999999999833 ) ;
#2190 = FILL_AREA_STYLE_COLOUR ( '', #3402 ) ;
#2191 = CARTESIAN_POINT ( 'NONE',  ( 9.560000000000000497, 6.299999999999999822, -0.3500000000000003109 ) ) ;
#2192 = FACE_OUTER_BOUND ( 'NONE', #2216, .T. ) ;
#2193 = DIRECTION ( 'NONE',  ( 1.000000000000000000, 0.000000000000000000, 0.000000000000000000 ) ) ;
#2194 = LINE ( 'NONE', #5961, #9450 ) ;
#2195 = COLOUR_RGB ( '',0.8313725490196077761, 0.6705882352941175961, 0.1294117647058823373 ) ;
#2196 = CARTESIAN_POINT ( 'NONE',  ( 1.873733788849081039, 6.298959448224836777, -0.3500000000000001443 ) ) ;
#2197 = EDGE_CURVE ( 'NONE', #1671, #8861, #7258, .T. ) ;
#2198 = CARTESIAN_POINT ( 'NONE',  ( 0.8403887387712397627, 5.398486016527106024, -0.3499999999999999778 ) ) ;
#2199 = ORIENTED_EDGE ( 'NONE', *, *, #8744, .T. ) ;
#2200 = LINE ( 'NONE', #1639, #8874 ) ;
#2201 = ORIENTED_EDGE ( 'NONE', *, *, #9639, .F. ) ;
#2202 = SURFACE_SIDE_STYLE ('',( #5916 ) ) ;
#2203 = CARTESIAN_POINT ( 'NONE',  ( 6.745005870614368959, 5.069026963383187478, -0.3500000000000001998 ) ) ;
#2204 =( GEOMETRIC_REPRESENTATION_CONTEXT ( 3 ) GLOBAL_UNCERTAINTY_ASSIGNED_CONTEXT ( ( #8806 ) ) GLOBAL_UNIT_ASSIGNED_CONTEXT ( ( #4025, #1807, #2516 ) ) REPRESENTATION_CONTEXT ( 'NONE', 'WORKASPACE' ) );
#2205 = FILL_AREA_STYLE ('',( #2950 ) ) ;
#2206 = ORIENTED_EDGE ( 'NONE', *, *, #8629, .T. ) ;
#2207 = LINE ( 'NONE', #8148, #6179 ) ;
#2208 = VECTOR ( 'NONE', #369, 1000.000000000000000 ) ;
#2209 = EDGE_LOOP ( 'NONE', ( #5560, #3774, #2336, #5211 ) ) ;
#2210 = AXIS2_PLACEMENT_3D ( 'NONE', #6761, #3120, #9014 ) ;
#2211 =( NAMED_UNIT ( * ) PLANE_ANGLE_UNIT ( ) SI_UNIT ( $, .RADIAN. ) );
#2212 = DIRECTION ( 'NONE',  ( -1.121588454295349780E-16, 1.000000000000000000, 0.000000000000000000 ) ) ;
#2213 = CARTESIAN_POINT ( 'NONE',  ( 7.969999999999999751, 0.000000000000000000, 0.3499999999999999778 ) ) ;
#2214 = FILL_AREA_STYLE_COLOUR ( '', #9644 ) ;
#2216 = EDGE_LOOP ( 'NONE', ( #2335, #8847, #5035, #7213 ) ) ;
#2215 = AXIS2_PLACEMENT_3D ( 'NONE', #9272, #1893, #9420 ) ;
#2217 = EDGE_CURVE ( 'NONE', #2446, #7917, #7885, .T. ) ;
#2218 = AXIS2_PLACEMENT_3D ( 'NONE', #2325, #5241, #4618 ) ;
#2219 = DIRECTION ( 'NONE',  ( -0.000000000000000000, -1.000000000000000000, -0.000000000000000000 ) ) ;
#2220 = CARTESIAN_POINT ( 'NONE',  ( 5.766754932607761397, 10.39117142264903570, 0.3499999999999983125 ) ) ;
#2221 = ORIENTED_EDGE ( 'NONE', *, *, #7618, .F. ) ;
#2222 =( GEOMETRIC_REPRESENTATION_CONTEXT ( 3 ) GLOBAL_UNCERTAINTY_ASSIGNED_CONTEXT ( ( #8065 ) ) GLOBAL_UNIT_ASSIGNED_CONTEXT ( ( #684, #6883, #6709 ) ) REPRESENTATION_CONTEXT ( 'NONE', 'WORKASPACE' ) );
#2223 = DIRECTION ( 'NONE',  ( -0.000000000000000000, -0.000000000000000000, -1.000000000000000000 ) ) ;
#2224 = AXIS2_PLACEMENT_3D ( 'NONE', #1342, #2835, #5023 ) ;
#2225 = ADVANCED_FACE ( 'NONE', ( #4251 ), #2886, .F. ) ;
#2226 = LINE ( 'NONE', #3830, #589 ) ;
#2227 = VERTEX_POINT ( 'NONE', #5705 ) ;
#2228 = DIRECTION ( 'NONE',  ( 0.000000000000000000, -1.000000000000000000, 0.000000000000000000 ) ) ;
#2229 = CARTESIAN_POINT ( 'NONE',  ( 11.03499412938557356, 5.069026963384446915, 0.3499999999999997002 ) ) ;
#2230 = UNCERTAINTY_MEASURE_WITH_UNIT (LENGTH_MEASURE( 1.000000000000000082E-05 ), #3722, 'distance_accuracy_value', 'NONE');
#2231 =( NAMED_UNIT ( * ) PLANE_ANGLE_UNIT ( ) SI_UNIT ( $, .RADIAN. ) );
#2232 = LINE ( 'NONE', #5206, #2124 ) ;
#2233 = EDGE_CURVE ( 'NONE', #3906, #9651, #8671, .T. ) ;
#2234 = CARTESIAN_POINT ( 'NONE',  ( 2.214744180118195516, 5.589454083063166046, -0.3500000000000000888 ) ) ;
#2235 = VERTEX_POINT ( 'NONE', #7205 ) ;
#2236 = VERTEX_POINT ( 'NONE', #4982 ) ;
#2237 = ORIENTED_EDGE ( 'NONE', *, *, #408, .F. ) ;
#2238 = EDGE_CURVE ( 'NONE', #7917, #2574, #1350, .T. ) ;
#2239 = DIRECTION ( 'NONE',  ( -0.000000000000000000, -1.000000000000000000, 1.668003342285391551E-16 ) ) ;
#2240 = SURFACE_STYLE_FILL_AREA ( #8086 ) ;
#2241 = CARTESIAN_POINT ( 'NONE',  ( 9.207276676835965290, 3.923639721076769948, -0.3500000000000002554 ) ) ;
#2242 = CARTESIAN_POINT ( 'NONE',  ( 10.93414713667270632, 5.851685420754299649, -0.3500000000000004219 ) ) ;
#2243 = PLANE ( 'NONE',  #2757 ) ;
#2244 = FACE_OUTER_BOUND ( 'NONE', #5024, .T. ) ;
#2245 = CARTESIAN_POINT ( 'NONE',  ( 10.65999999999999837, 6.084152315493285279, -0.3500000000000003664 ) ) ;
#2246 = VERTEX_POINT ( 'NONE', #8622 ) ;
#2247 = CARTESIAN_POINT ( 'NONE',  ( 7.620000000000000107, 6.500000000000000888, -1.155688030012021264E-15 ) ) ;
#2248 = EDGE_LOOP ( 'NONE', ( #1961, #8176, #481, #7045 ) ) ;
#2249 = MECHANICAL_DESIGN_GEOMETRIC_PRESENTATION_REPRESENTATION (  '', ( #6445 ), #5521 ) ;
#2250 = CARTESIAN_POINT ( 'NONE',  ( 3.003356898907901140, 1.699999999999999067, 0.3499999999999998668 ) ) ;
#2251 = VECTOR ( 'NONE', #7060, 1000.000000000000000 ) ;
#2252 = CARTESIAN_POINT ( 'NONE',  ( 0.6867549326077615479, 8.000000000000000000, -0.6500000000000025757 ) ) ;
#2253 = EDGE_CURVE ( 'NONE', #3927, #337, #4349, .T. ) ;
#2254 = DIRECTION ( 'NONE',  ( -0.000000000000000000, -0.000000000000000000, -1.000000000000000000 ) ) ;
#2255 = ORIENTED_EDGE ( 'NONE', *, *, #4506, .F. ) ;
#2256 = CARTESIAN_POINT ( 'NONE',  ( 2.189999999999999947, 8.200000000000001066, -0.3499999999999999778 ) ) ;
#2257 = SURFACE_STYLE_FILL_AREA ( #30 ) ;
#2258 = FACE_OUTER_BOUND ( 'NONE', #512, .T. ) ;
#2259 = EDGE_LOOP ( 'NONE', ( #588, #7579, #1290, #1428 ) ) ;
#2260 = FACE_OUTER_BOUND ( 'NONE', #7046, .T. ) ;
#2261 = ADVANCED_FACE ( 'NONE', ( #4933 ), #7159, .F. ) ;
#2262 = CARTESIAN_POINT ( 'NONE',  ( 1.540000000000000036, 6.500000000000000888, -0.3500000000000010880 ) ) ;
#2263 =( GEOMETRIC_REPRESENTATION_CONTEXT ( 3 ) GLOBAL_UNCERTAINTY_ASSIGNED_CONTEXT ( ( #7452 ) ) GLOBAL_UNIT_ASSIGNED_CONTEXT ( ( #5865, #4262, #1220 ) ) REPRESENTATION_CONTEXT ( 'NONE', 'WORKASPACE' ) );
#2264 =( LENGTH_UNIT ( ) NAMED_UNIT ( * ) SI_UNIT ( .MILLI., .METRE. ) );
#2265 = ORIENTED_EDGE ( 'NONE', *, *, #4753, .T. ) ;
#2266 =( NAMED_UNIT ( * ) SI_UNIT ( $, .STERADIAN. ) SOLID_ANGLE_UNIT ( ) );
#2267 = CARTESIAN_POINT ( 'NONE',  ( 10.51252401554577887, 5.732672356334978403, 0.3499999999999996447 ) ) ;
#2268 = AXIS2_PLACEMENT_3D ( 'NONE', #8120, #2775, #9445 ) ;
#2269 = ORIENTED_EDGE ( 'NONE', *, *, #136, .T. ) ;
#2270 = DIRECTION ( 'NONE',  ( 0.000000000000000000, -0.000000000000000000, -1.000000000000000000 ) ) ;
#2271 = SURFACE_STYLE_FILL_AREA ( #8307 ) ;
#2272 = VECTOR ( 'NONE', #3567, 1000.000000000000000 ) ;
#2273 = DIRECTION ( 'NONE',  ( 0.000000000000000000, 3.097720492815727166E-16, 1.000000000000000000 ) ) ;
#2274 = VERTEX_POINT ( 'NONE', #556 ) ;
#2275 = PLANE ( 'NONE',  #6526 ) ;
#2276 = LINE ( 'NONE', #5247, #3480 ) ;
#2277 = LINE ( 'NONE', #4441, #6801 ) ;
#2278 = CARTESIAN_POINT ( 'NONE',  ( 2.018154266116020334, 5.626229152235333153, -8.408774101108950749E-17 ) ) ;
#2279 = ORIENTED_EDGE ( 'NONE', *, *, #3566, .T. ) ;
#2280 = ORIENTED_EDGE ( 'NONE', *, *, #8501, .F. ) ;
#2281 = ADVANCED_FACE ( 'NONE', ( #609 ), #1151, .F. ) ;
#2282 = DIRECTION ( 'NONE',  ( -0.7071067811865475727, 0.7071067811865475727, 0.000000000000000000 ) ) ;
#2283 = FACE_OUTER_BOUND ( 'NONE', #8855, .T. ) ;
#2284 = ORIENTED_EDGE ( 'NONE', *, *, #5630, .T. ) ;
#2285 = CARTESIAN_POINT ( 'NONE',  ( 7.270000000000000462, 8.200000000000001066, 0.3499999999999999778 ) ) ;
#2286 =( NAMED_UNIT ( * ) PLANE_ANGLE_UNIT ( ) SI_UNIT ( $, .RADIAN. ) );
#2287 = PLANE ( 'NONE',  #5613 ) ;
#2288 = CARTESIAN_POINT ( 'NONE',  ( 9.160000000000001918, 6.500000000000000888, -0.3500000000000010880 ) ) ;
#2289 = CARTESIAN_POINT ( 'NONE',  ( 6.620000000000000995, 1.800000000000000488, -0.1283333333333337434 ) ) ;
#2290 = SURFACE_STYLE_FILL_AREA ( #5317 ) ;
#2291 = ORIENTED_EDGE ( 'NONE', *, *, #2979, .F. ) ;
#2292 = CARTESIAN_POINT ( 'NONE',  ( 5.430000000000000604, 8.200000000000001066, 0.3499999999999999778 ) ) ;
#2293 = ORIENTED_EDGE ( 'NONE', *, *, #746, .T. ) ;
#2294 =( GEOMETRIC_REPRESENTATION_CONTEXT ( 3 ) GLOBAL_UNCERTAINTY_ASSIGNED_CONTEXT ( ( #1157 ) ) GLOBAL_UNIT_ASSIGNED_CONTEXT ( ( #6523, #4190, #7299 ) ) REPRESENTATION_CONTEXT ( 'NONE', 'WORKASPACE' ) );
#2295 = EDGE_CURVE ( 'NONE', #2422, #8225, #9553, .T. ) ;
#2296 = DIRECTION ( 'NONE',  ( 0.000000000000000000, 1.000000000000000000, 0.000000000000000000 ) ) ;
#2297 = VECTOR ( 'NONE', #6385, 1000.000000000000000 ) ;
#2298 = CARTESIAN_POINT ( 'NONE',  ( 5.725466478527304837, 3.877691542223589138, 0.3499999999999997558 ) ) ;
#2299 = VERTEX_POINT ( 'NONE', #2842 ) ;
#2300 = SURFACE_STYLE_USAGE ( .BOTH. , #28 ) ;
#2301 = STYLED_ITEM ( 'NONE', ( #6559 ), #1584 ) ;
#2302 = CARTESIAN_POINT ( 'NONE',  ( 7.171806954577857773, 5.884855341312109189, -0.3500000000000001443 ) ) ;
#2303 = FILL_AREA_STYLE_COLOUR ( '', #714 ) ;
#2304 =( NAMED_UNIT ( * ) SI_UNIT ( $, .STERADIAN. ) SOLID_ANGLE_UNIT ( ) );
#2305 = ORIENTED_EDGE ( 'NONE', *, *, #9684, .F. ) ;
#2306 = STYLED_ITEM ( 'NONE', ( #2079 ), #8562 ) ;
#2307 =( BOUNDED_CURVE ( )  B_SPLINE_CURVE ( 3, ( #3050, #5929, #1515, #7467 ),
 .UNSPECIFIED., .F., .F. ) 
 B_SPLINE_CURVE_WITH_KNOTS ( ( 4, 4 ),
 ( 1.570796326794896336, 2.359101780428492390 ),
 .UNSPECIFIED. ) 
 CURVE ( )  GEOMETRIC_REPRESENTATION_ITEM ( )  RATIONAL_B_SPLINE_CURVE ( ( 1.000000000000000000, 0.9488815137910384667, 0.9488815137910384667, 1.000000000000000000 ) ) 
 REPRESENTATION_ITEM ( '' )  );
#2308 = DIRECTION ( 'NONE',  ( -1.000000000000000000, 0.000000000000000000, 0.000000000000000000 ) ) ;
#2309 = PRODUCT_RELATED_PRODUCT_CATEGORY ( 'part', '', ( #4126 ) ) ;
#2310 = AXIS2_PLACEMENT_3D ( 'NONE', #6435, #510, #1301 ) ;
#2311 =( GEOMETRIC_REPRESENTATION_CONTEXT ( 3 ) GLOBAL_UNCERTAINTY_ASSIGNED_CONTEXT ( ( #1327 ) ) GLOBAL_UNIT_ASSIGNED_CONTEXT ( ( #8287, #7502, #1001 ) ) REPRESENTATION_CONTEXT ( 'NONE', 'WORKASPACE' ) );
#2312 = FILL_AREA_STYLE ('',( #6641 ) ) ;
#2313 = COLOUR_RGB ( '',0.8313725490196077761, 0.6705882352941175961, 0.1294117647058823373 ) ;
#2314 = CARTESIAN_POINT ( 'NONE',  ( 2.189999999999999947, 8.200000000000001066, 0.3499999999999999778 ) ) ;
#2315 = FILL_AREA_STYLE_COLOUR ( '', #741 ) ;
#2316 = VERTEX_POINT ( 'NONE', #2085 ) ;
#2317 = VECTOR ( 'NONE', #8850, 1000.000000000000000 ) ;
#2318 = CARTESIAN_POINT ( 'NONE',  ( 1.840000000000000524, 0.5000000000000004441, 0.3499999999999998668 ) ) ;
#2319 = DIRECTION ( 'NONE',  ( 0.000000000000000000, -1.000000000000000000, 1.668003342285391797E-16 ) ) ;
#2320 = EDGE_CURVE ( 'NONE', #6691, #7351, #5904, .T. ) ;
#2321 = ORIENTED_EDGE ( 'NONE', *, *, #7955, .F. ) ;
#2322 = ADVANCED_FACE ( 'NONE', ( #4295 ), #8777, .F. ) ;
#2323 = MECHANICAL_DESIGN_GEOMETRIC_PRESENTATION_REPRESENTATION (  '', ( #6522 ), #9017 ) ;
#2324 = CARTESIAN_POINT ( 'NONE',  ( 4.930000000000001492, -3.000000000000000000, -0.3500000000000001443 ) ) ;
#2325 = CARTESIAN_POINT ( 'NONE',  ( 7.098154266116019961, 5.626229152235333153, -2.522632230332685348E-16 ) ) ;
#2326 = VECTOR ( 'NONE', #514, 1000.000000000000000 ) ;
#2327 = MECHANICAL_DESIGN_GEOMETRIC_PRESENTATION_REPRESENTATION (  '', ( #4664 ), #1840 ) ;
#2328 = EDGE_CURVE ( 'NONE', #2898, #9291, #2345, .T. ) ;
#2329 = PLANE ( 'NONE',  #3607 ) ;
#2330 = EDGE_LOOP ( 'NONE', ( #9520, #4271, #5365, #6659 ) ) ;
#2331 = CARTESIAN_POINT ( 'NONE',  ( 1.000000000000000000, 6.500000000000000888, -0.3500000000000010880 ) ) ;
#2332 = VECTOR ( 'NONE', #6891, 1000.000000000000000 ) ;
#2333 = CARTESIAN_POINT ( 'NONE',  ( 5.528193045422142404, 5.884855341312109189, -0.3500000000000000888 ) ) ;
#2334 = CARTESIAN_POINT ( 'NONE',  ( 2.865255819881805444, 5.589454083063163381, -0.3500000000000000888 ) ) ;
#2335 = ORIENTED_EDGE ( 'NONE', *, *, #5393, .T. ) ;
#2336 = ORIENTED_EDGE ( 'NONE', *, *, #8282, .F. ) ;
#2337 =( NAMED_UNIT ( * ) SI_UNIT ( $, .STERADIAN. ) SOLID_ANGLE_UNIT ( ) );
#2338 = CARTESIAN_POINT ( 'NONE',  ( 11.63000000000000078, 0.5000000000000000000, -0.6499999999999989120 ) ) ;
#2339 = EDGE_LOOP ( 'NONE', ( #3256, #9664, #1340, #1989 ) ) ;
#2340 = COLOUR_RGB ( '',0.8313725490196077761, 0.6705882352941175961, 0.1294117647058823373 ) ;
#2341 = SURFACE_SIDE_STYLE ('',( #6856 ) ) ;
#2342 = CARTESIAN_POINT ( 'NONE',  ( 2.988193045422142369, 5.884855341312110966, 0.3499999999999999223 ) ) ;
#2343 = CARTESIAN_POINT ( 'NONE',  ( -6.734562392116857885E-17, 8.500000000000000000, -0.8696152422706622254 ) ) ;
#2344 = CARTESIAN_POINT ( 'NONE',  ( -0.6999999999999995115, 0.5000000000000004441, -0.3499999999999999778 ) ) ;
#2345 = LINE ( 'NONE', #3803, #8972 ) ;
#2346 =( LENGTH_UNIT ( ) NAMED_UNIT ( * ) SI_UNIT ( .MILLI., .METRE. ) );
#2347 = CARTESIAN_POINT ( 'NONE',  ( 7.620000000000000107, 1.700000000000000178, 0.3499999999999997002 ) ) ;
#2348 = EDGE_LOOP ( 'NONE', ( #9143, #55, #4592, #6125 ) ) ;
#2349 =( NAMED_UNIT ( * ) SI_UNIT ( $, .STERADIAN. ) SOLID_ANGLE_UNIT ( ) );
#2350 = SURFACE_STYLE_FILL_AREA ( #4001 ) ;
#2351 = PLANE ( 'NONE',  #4171 ) ;
#2352 = ORIENTED_EDGE ( 'NONE', *, *, #9347, .F. ) ;
#2353 = VECTOR ( 'NONE', #3925, 1000.000000000000000 ) ;
#2354 = EDGE_CURVE ( 'NONE', #730, #5915, #4550, .T. ) ;
#2355 = DIRECTION ( 'NONE',  ( 0.000000000000000000, 3.097720492815727166E-16, 1.000000000000000000 ) ) ;
#2356 =( LENGTH_UNIT ( ) NAMED_UNIT ( * ) SI_UNIT ( .MILLI., .METRE. ) );
#2357 = DIRECTION ( 'NONE',  ( 0.6546536707079769757, 0.3779644730092273086, -0.6546536707079771977 ) ) ;
#2358 = ORIENTED_EDGE ( 'NONE', *, *, #4761, .T. ) ;
#2359 = EDGE_CURVE ( 'NONE', #6244, #692, #9021, .T. ) ;
#2360 = ORIENTED_EDGE ( 'NONE', *, *, #3753, .T. ) ;
#2361 = EDGE_CURVE ( 'NONE', #4204, #3583, #8184, .T. ) ;
#2362 =( NAMED_UNIT ( * ) PLANE_ANGLE_UNIT ( ) SI_UNIT ( $, .RADIAN. ) );
#2363 = AXIS2_PLACEMENT_3D ( 'NONE', #8459, #4138, #990 ) ;
#2364 = DIRECTION ( 'NONE',  ( -1.121588454295349780E-16, 1.000000000000000000, 0.000000000000000000 ) ) ;
#2365 = DIRECTION ( 'NONE',  ( 1.000000000000000000, 0.000000000000000000, 0.000000000000000000 ) ) ;
#2366 = CARTESIAN_POINT ( 'NONE',  ( -1.469999999999999973, 8.500000000000000000, 1.199999999999999956 ) ) ;
#2367 = ORIENTED_EDGE ( 'NONE', *, *, #5967, .F. ) ;
#2368 =( NAMED_UNIT ( * ) PLANE_ANGLE_UNIT ( ) SI_UNIT ( $, .RADIAN. ) );
#2369 =( LENGTH_UNIT ( ) NAMED_UNIT ( * ) SI_UNIT ( .MILLI., .METRE. ) );
#2370 =( GEOMETRIC_REPRESENTATION_CONTEXT ( 3 ) GLOBAL_UNCERTAINTY_ASSIGNED_CONTEXT ( ( #2163 ) ) GLOBAL_UNIT_ASSIGNED_CONTEXT ( ( #2761, #8693, #4218 ) ) REPRESENTATION_CONTEXT ( 'NONE', 'WORKASPACE' ) );
#2371 = ADVANCED_FACE ( 'NONE', ( #6813 ), #8141, .T. ) ;
#2372 =( NAMED_UNIT ( * ) PLANE_ANGLE_UNIT ( ) SI_UNIT ( $, .RADIAN. ) );
#2373 = EDGE_LOOP ( 'NONE', ( #6887, #5737, #6085, #1789 ) ) ;
#2374 = CARTESIAN_POINT ( 'NONE',  ( 6.620000000000000995, -1.121588454295348794E-16, 0.3499999999999997002 ) ) ;
#2375 = MECHANICAL_DESIGN_GEOMETRIC_PRESENTATION_REPRESENTATION (  '', ( #3291 ), #6263 ) ;
#2376 = FACE_OUTER_BOUND ( 'NONE', #748, .T. ) ;
#2377 = CYLINDRICAL_SURFACE ( 'NONE', #7612, 0.2999999999999999334 ) ;
#2378 = EDGE_LOOP ( 'NONE', ( #9198, #5620, #8208, #3654 ) ) ;
#2379 = ADVANCED_FACE ( 'NONE', ( #6678 ), #4590, .F. ) ;
#2380 = DIRECTION ( 'NONE',  ( -0.000000000000000000, -0.000000000000000000, -1.000000000000000000 ) ) ;
#2381 = CARTESIAN_POINT ( 'NONE',  ( 0.3525240155457787239, 5.732672356334978403, 0.3499999999999999778 ) ) ;
#2382 = AXIS2_PLACEMENT_3D ( 'NONE', #5867, #5924, #9672 ) ;
#2383 = CARTESIAN_POINT ( 'NONE',  ( 6.620000000000000107, 0.5000000000000000000, -0.3500000000000000888 ) ) ;
#2384 = ORIENTED_EDGE ( 'NONE', *, *, #332, .F. ) ;
#2385 = ORIENTED_EDGE ( 'NONE', *, *, #2720, .T. ) ;
#2386 = SURFACE_STYLE_FILL_AREA ( #9057 ) ;
#2387 = CARTESIAN_POINT ( 'NONE',  ( 9.160000000000001918, 1.800000000000000488, -0.3500000000000003109 ) ) ;
#2388 = FILL_AREA_STYLE_COLOUR ( '', #3396 ) ;
#2389 =( NAMED_UNIT ( * ) SI_UNIT ( $, .STERADIAN. ) SOLID_ANGLE_UNIT ( ) );
#2390 = B_SPLINE_CURVE_WITH_KNOTS ( 'NONE', 3,
 ( #6711, #8819, #5163, #8221 ),
 .UNSPECIFIED., .F., .F.,
 ( 4, 4 ),
 ( 0.000000000000000000, 1.000000000000000000 ),
 .UNSPECIFIED. ) ;
#2391 = ORIENTED_EDGE ( 'NONE', *, *, #6527, .T. ) ;
#2392 = CARTESIAN_POINT ( 'NONE',  ( 4.393245067392238745, 0.5000000000000000000, -0.3500000000000000888 ) ) ;
#2393 = ORIENTED_EDGE ( 'NONE', *, *, #1443, .F. ) ;
#2394 = FACE_OUTER_BOUND ( 'NONE', #5134, .T. ) ;
#2395 = DIRECTION ( 'NONE',  ( -0.000000000000000000, -3.097720492815727166E-16, -1.000000000000000000 ) ) ;
#2396 = EDGE_CURVE ( 'NONE', #1788, #2951, #4774, .T. ) ;
#2397 = CARTESIAN_POINT ( 'NONE',  ( 2.865255819881805444, 5.589454083063163381, 0.3499999999999998668 ) ) ;
#2398 = ORIENTED_EDGE ( 'NONE', *, *, #1842, .F. ) ;
#2399 = CARTESIAN_POINT ( 'NONE',  ( 7.267475984454220495, 5.732672356334980179, 0.3499999999999997002 ) ) ;
#2400 = DIRECTION ( 'NONE',  ( 1.000000000000000000, 0.000000000000000000, 0.000000000000000000 ) ) ;
#2401 = DIRECTION ( 'NONE',  ( -1.000000000000000000, 0.000000000000000000, 0.000000000000000000 ) ) ;
#2402 = ORIENTED_EDGE ( 'NONE', *, *, #1121, .T. ) ;
#2403 = ORIENTED_EDGE ( 'NONE', *, *, #7699, .T. ) ;
#2404 =( GEOMETRIC_REPRESENTATION_CONTEXT ( 3 ) GLOBAL_UNCERTAINTY_ASSIGNED_CONTEXT ( ( #3513 ) ) GLOBAL_UNIT_ASSIGNED_CONTEXT ( ( #555, #5658, #9506 ) ) REPRESENTATION_CONTEXT ( 'NONE', 'WORKASPACE' ) );
#2405 = CARTESIAN_POINT ( 'NONE',  ( 10.75999999999999979, 6.299999999999999822, 0.1283333333333329940 ) ) ;
#2406 = FILL_AREA_STYLE_COLOUR ( '', #444 ) ;
#2407 = EDGE_CURVE ( 'NONE', #9121, #3963, #4488, .T. ) ;
#2408 = DIRECTION ( 'NONE',  ( 0.000000000000000000, -1.000000000000000000, 0.000000000000000000 ) ) ;
#2409 = CIRCLE ( 'NONE', #8154, 0.1999999999999996503 ) ;
#2410 = CARTESIAN_POINT ( 'NONE',  ( 1.753241503964612091, 5.779404586027639290, 0.3499999999999999223 ) ) ;
#2411 = EDGE_CURVE ( 'NONE', #2062, #8343, #8653, .T. ) ;
#2412 = ORIENTED_EDGE ( 'NONE', *, *, #4797, .F. ) ;
#2413 = FILL_AREA_STYLE_COLOUR ( '', #2884 ) ;
#2414 = MECHANICAL_DESIGN_GEOMETRIC_PRESENTATION_REPRESENTATION (  '', ( #192 ), #7845 ) ;
#2415 = LINE ( 'NONE', #4755, #2353 ) ;
#2416 = VERTEX_POINT ( 'NONE', #9601 ) ;
#2417 = PLANE ( 'NONE',  #8058 ) ;
#2418 = CARTESIAN_POINT ( 'NONE',  ( 9.810000000000000497, 0.000000000000000000, 0.3499999999999999778 ) ) ;
#2419 = STYLED_ITEM ( 'NONE', ( #6170 ), #544 ) ;
#2420 = SURFACE_SIDE_STYLE ('',( #9004 ) ) ;
#2421 = PRESENTATION_STYLE_ASSIGNMENT (( #5395 ) ) ;
#2422 = VERTEX_POINT ( 'NONE', #2936 ) ;
#2423 =( BOUNDED_SURFACE ( )  B_SPLINE_SURFACE ( 3, 1, ( 
 ( #3824, #1610 ),
 ( #927, #3781 ),
 ( #3737, #6699 ),
 ( #6647, #7560 ) ),
 .UNSPECIFIED., .F., .F., .F. ) 
 B_SPLINE_SURFACE_WITH_KNOTS ( ( 4, 4 ),
 ( 2, 2 ),
 ( 0.000000000000000000, 1.000000000000000000 ),
 ( 0.000000000000000000, 1.000000000000000000 ),
 .UNSPECIFIED. ) 
 GEOMETRIC_REPRESENTATION_ITEM ( )  RATIONAL_B_SPLINE_SURFACE ( (
 ( 1.000000000000000000, 1.000000000000000000),
 ( 0.9488815137910384667, 0.9488815137910384667),
 ( 0.9488815137910384667, 0.9488815137910384667),
 ( 1.000000000000000000, 1.000000000000000000) ) ) 
 REPRESENTATION_ITEM ( '' )  SURFACE ( )  );
#2424 = CARTESIAN_POINT ( 'NONE',  ( 5.937838562583937829, 5.240363704783929322, -0.3500000000000001998 ) ) ;
#2425 = SURFACE_STYLE_FILL_AREA ( #839 ) ;
#2426 = ORIENTED_EDGE ( 'NONE', *, *, #7003, .T. ) ;
#2427 = EDGE_LOOP ( 'NONE', ( #5402, #1162, #1687, #603 ) ) ;
#2428 = DIRECTION ( 'NONE',  ( -0.000000000000000000, 1.000000000000000000, -0.000000000000000000 ) ) ;
#2429 = DIRECTION ( 'NONE',  ( -3.097720492815726426E-17, 1.000000000000000000, 0.000000000000000000 ) ) ;
#2430 = SURFACE_STYLE_USAGE ( .BOTH. , #2341 ) ;
#2431 = CARTESIAN_POINT ( 'NONE',  ( 11.63000000000000078, 0.5000000000000000000, -0.6499999999999989120 ) ) ;
#2432 = CARTESIAN_POINT ( 'NONE',  ( 7.620000000000000107, 6.299999999999999822, 0.3499999999999997002 ) ) ;
#2433 = DIRECTION ( 'NONE',  ( -1.121588454295349780E-16, 1.000000000000000000, 0.000000000000000000 ) ) ;
#2434 = ORIENTED_EDGE ( 'NONE', *, *, #6951, .T. ) ;
#2435 = UNCERTAINTY_MEASURE_WITH_UNIT (LENGTH_MEASURE( 1.000000000000000082E-05 ), #8894, 'distance_accuracy_value', 'NONE');
#2436 = CARTESIAN_POINT ( 'NONE',  ( 4.393245067392238745, 10.39117142264903570, -0.6500000000000030198 ) ) ;
#2437 = EDGE_LOOP ( 'NONE', ( #1060, #8289, #7378, #9583 ) ) ;
#2438 = VECTOR ( 'NONE', #7604, 1000.000000000000000 ) ;
#2439 = CARTESIAN_POINT ( 'NONE',  ( 7.267475984454220495, 5.732672356334980179, 0.3499999999999997002 ) ) ;
#2440 = CARTESIAN_POINT ( 'NONE',  ( 6.620000000000000107, 6.500000000000000888, -0.3500000000000010880 ) ) ;
#2441 = CARTESIAN_POINT ( 'NONE',  ( 9.379430448028449163, 5.815522798723463005, 0.3499999999999997558 ) ) ;
#2442 = CARTESIAN_POINT ( 'NONE',  ( 3.407834886700807253, 5.142569796484737665, 0.3499999999999997558 ) ) ;
#2443 = FILL_AREA_STYLE_COLOUR ( '', #7256 ) ;
#2444 = FACE_OUTER_BOUND ( 'NONE', #5524, .T. ) ;
#2445 = LINE ( 'NONE', #3962, #1726 ) ;
#2446 = VERTEX_POINT ( 'NONE', #9658 ) ;
#2447 = STYLED_ITEM ( 'NONE', ( #5610 ), #3140 ) ;
#2448 = ORIENTED_EDGE ( 'NONE', *, *, #1029, .F. ) ;
#2449 = CARTESIAN_POINT ( 'NONE',  ( 2.890000000000000124, 8.000000000000000000, 0.3499999999999999778 ) ) ;
#2450 = EDGE_CURVE ( 'NONE', #7913, #62, #2984, .T. ) ;
#2451 = FILL_AREA_STYLE ('',( #2406 ) ) ;
#2452 = VECTOR ( 'NONE', #2400, 1000.000000000000000 ) ;
#2453 = CARTESIAN_POINT ( 'NONE',  ( 3.039999999999998259, 6.299999999999999822, -0.3500000000000000888 ) ) ;
#2454 = ORIENTED_EDGE ( 'NONE', *, *, #693, .T. ) ;
#2455 = CIRCLE ( 'NONE', #7890, 0.1999999999999996503 ) ;
#2456 = FACE_OUTER_BOUND ( 'NONE', #5184, .T. ) ;
#2457 = FILL_AREA_STYLE ('',( #2509 ) ) ;
#2458 = ADVANCED_FACE ( 'NONE', ( #8927 ), #2243, .F. ) ;
#2459 = MECHANICAL_DESIGN_GEOMETRIC_PRESENTATION_REPRESENTATION (  '', ( #2306 ), #7739 ) ;
#2460 = DIRECTION ( 'NONE',  ( -0.000000000000000000, 1.000000000000000000, -0.000000000000000000 ) ) ;
#2461 = ORIENTED_EDGE ( 'NONE', *, *, #2032, .F. ) ;
#2462 = AXIS2_PLACEMENT_3D ( 'NONE', #1190, #1923, #445 ) ;
#2463 = STYLED_ITEM ( 'NONE', ( #811 ), #4889 ) ;
#2464 = LINE ( 'NONE', #6790, #5118 ) ;
#2465 = AXIS2_PLACEMENT_3D ( 'NONE', #5293, #6264, #178 ) ;
#2466 = CARTESIAN_POINT ( 'NONE',  ( 3.039999999999998259, 6.084152315493285279, 0.3499999999999998668 ) ) ;
#2467 = STYLED_ITEM ( 'NONE', ( #7623 ), #6247 ) ;
#2468 = DIRECTION ( 'NONE',  ( -0.000000000000000000, -0.000000000000000000, 1.000000000000000000 ) ) ;
#2469 = VERTEX_POINT ( 'NONE', #3268 ) ;
#2470 = AXIS2_PLACEMENT_3D ( 'NONE', #363, #5767, #8680 ) ;
#2471 = LINE ( 'NONE', #8405, #7111 ) ;
#2472 = ORIENTED_EDGE ( 'NONE', *, *, #3779, .F. ) ;
#2473 = AXIS2_PLACEMENT_3D ( 'NONE', #8286, #163, #909 ) ;
#2474 = EDGE_CURVE ( 'NONE', #8261, #52, #1460, .T. ) ;
#2475 = EDGE_CURVE ( 'NONE', #9032, #6651, #7737, .T. ) ;
#2476 = EDGE_CURVE ( 'NONE', #9651, #7174, #9159, .T. ) ;
#2477 = ORIENTED_EDGE ( 'NONE', *, *, #3044, .T. ) ;
#2478 = CARTESIAN_POINT ( 'NONE',  ( 8.286266211150815408, 6.298959448224885627, 0.3499999999999997558 ) ) ;
#2479 = CARTESIAN_POINT ( 'NONE',  ( 6.759835643297026131, 5.218128553112201473, 0.3499999999999997002 ) ) ;
#2480 = UNCERTAINTY_MEASURE_WITH_UNIT (LENGTH_MEASURE( 1.000000000000000082E-05 ), #9181, 'distance_accuracy_value', 'NONE');
#2481 = UNCERTAINTY_MEASURE_WITH_UNIT (LENGTH_MEASURE( 1.000000000000000082E-05 ), #7738, 'distance_accuracy_value', 'NONE');
#2482 = DIRECTION ( 'NONE',  ( 0.000000000000000000, -0.8660254037844385966, 0.5000000000000001110 ) ) ;
#2483 = CARTESIAN_POINT ( 'NONE',  ( 10.86000000000000121, 0.5000000000000006661, 0.3499999999999996447 ) ) ;
#2484 = PRESENTATION_STYLE_ASSIGNMENT (( #4635 ) ) ;
#2485 = AXIS2_PLACEMENT_3D ( 'NONE', #8513, #6504, #4041 ) ;
#2486 = FILL_AREA_STYLE ('',( #8372 ) ) ;
#2487 = EDGE_CURVE ( 'NONE', #3750, #1940, #9259, .T. ) ;
#2488 = VERTEX_POINT ( 'NONE', #1094 ) ;
#2489 = CARTESIAN_POINT ( 'NONE',  ( -1.469999999999999973, 1.601149768326593145E-16, 0.6500000000000012434 ) ) ;
#2490 = AXIS2_PLACEMENT_3D ( 'NONE', #8166, #1574, #7569 ) ;
#2491 = ORIENTED_EDGE ( 'NONE', *, *, #7241, .T. ) ;
#2492 = PRESENTATION_STYLE_ASSIGNMENT (( #6869 ) ) ;
#2493 = EDGE_CURVE ( 'NONE', #969, #5056, #8491, .T. ) ;
#2494 = CARTESIAN_POINT ( 'NONE',  ( 3.327536108384564706, 5.774771377977483411, 0.3499999999999998113 ) ) ;
#2495 = VECTOR ( 'NONE', #248, 1000.000000000000000 ) ;
#2496 = CARTESIAN_POINT ( 'NONE',  ( -0.4633568989079023814, 1.700000000000002620, -0.3499999999999999778 ) ) ;
#2497 = PLANE ( 'NONE',  #9472 ) ;
#2498 = LINE ( 'NONE', #6829, #7349 ) ;
#2499 = EDGE_LOOP ( 'NONE', ( #2809, #8704, #7756, #3813 ) ) ;
#2500 = EDGE_LOOP ( 'NONE', ( #7326, #533, #6688, #5379 ) ) ;
#2501 = EDGE_LOOP ( 'NONE', ( #8824, #5415, #3234, #5153 ) ) ;
#2502 = CARTESIAN_POINT ( 'NONE',  ( 3.474825183200149326, 4.263498050148223584, -0.3500000000000000333 ) ) ;
#2503 = LINE ( 'NONE', #3968, #433 ) ;
#2504 = CARTESIAN_POINT ( 'NONE',  ( 1.662471447568717453, 5.050332720358726490, 0.3499999999999998668 ) ) ;
#2505 = VERTEX_POINT ( 'NONE', #5506 ) ;
#2506 = EDGE_CURVE ( 'NONE', #9047, #6616, #8418, .T. ) ;
#2507 = LINE ( 'NONE', #3971, #5973 ) ;
#2508 = EDGE_CURVE ( 'NONE', #8627, #6932, #3994, .T. ) ;
#2509 = FILL_AREA_STYLE_COLOUR ( '', #3204 ) ;
#2510 = SURFACE_STYLE_USAGE ( .BOTH. , #8304 ) ;
#2511 = ADVANCED_FACE ( 'NONE', ( #1682 ), #1774, .T. ) ;
#2512 = CARTESIAN_POINT ( 'NONE',  ( 10.50999999999999979, 0.000000000000000000, 0.3499999999999999778 ) ) ;
#2513 = ORIENTED_EDGE ( 'NONE', *, *, #6697, .F. ) ;
#2514 = VECTOR ( 'NONE', #8258, 1000.000000000000000 ) ;
#2515 = DIRECTION ( 'NONE',  ( -0.000000000000000000, -1.668003342285388099E-16, -1.000000000000000000 ) ) ;
#2516 =( NAMED_UNIT ( * ) SI_UNIT ( $, .STERADIAN. ) SOLID_ANGLE_UNIT ( ) );
#2517 = CARTESIAN_POINT ( 'NONE',  ( -1.000000000000000000, 6.500000000000000888, -0.3500000000000010880 ) ) ;
#2518 = VERTEX_POINT ( 'NONE', #3176 ) ;
#2519 = AXIS2_PLACEMENT_3D ( 'NONE', #1618, #7567, #7521 ) ;
#2520 = EDGE_CURVE ( 'NONE', #707, #8316, #4730, .T. ) ;
#2521 =( LENGTH_UNIT ( ) NAMED_UNIT ( * ) SI_UNIT ( .MILLI., .METRE. ) );
#2522 = EDGE_CURVE ( 'NONE', #8619, #7037, #5434, .T. ) ;
#2523 = VERTEX_POINT ( 'NONE', #2583 ) ;
#2524 = EDGE_CURVE ( 'NONE', #8160, #5305, #5360, .T. ) ;
#2525 = COLOUR_RGB ( '',0.000000000000000000, 0.7529411764705882248, 0.000000000000000000 ) ;
#2526 = ORIENTED_EDGE ( 'NONE', *, *, #6637, .F. ) ;
#2527 = CARTESIAN_POINT ( 'NONE',  ( 8.487834886700804660, 5.142569796484737665, 0.3499999999999996447 ) ) ;
#2528 = PRESENTATION_LAYER_ASSIGNMENT (  '', '', ( #4242 ) ) ;
#2529 = ADVANCED_FACE ( 'NONE', ( #1926 ), #1137, .F. ) ;
#2530 =( NAMED_UNIT ( * ) SI_UNIT ( $, .STERADIAN. ) SOLID_ANGLE_UNIT ( ) );
#2531 = DIRECTION ( 'NONE',  ( 0.000000000000000000, -1.668003342285391551E-16, -1.000000000000000000 ) ) ;
#2532 = FILL_AREA_STYLE ('',( #9206 ) ) ;
#2533 = CARTESIAN_POINT ( 'NONE',  ( 1.540000000000000480, 1.800000000000000044, 0.1166666666666664742 ) ) ;
#2534 = PRESENTATION_LAYER_ASSIGNMENT (  '', '', ( #8917 ) ) ;
#2536 = DIRECTION ( 'NONE',  ( 1.000000000000000000, 0.000000000000000000, 0.000000000000000000 ) ) ;
#2535 = COLOUR_RGB ( '',0.8313725490196077761, 0.6705882352941175961, 0.1294117647058823373 ) ;
#2537 = DIRECTION ( 'NONE',  ( -0.000000000000000000, 0.000000000000000000, 1.000000000000000000 ) ) ;
#2538 = DIRECTION ( 'NONE',  ( 0.000000000000000000, 0.000000000000000000, 1.000000000000000000 ) ) ;
#2539 = VERTEX_POINT ( 'NONE', #1335 ) ;
#2540 =( NAMED_UNIT ( * ) SI_UNIT ( $, .STERADIAN. ) SOLID_ANGLE_UNIT ( ) );
#2541 = ORIENTED_EDGE ( 'NONE', *, *, #6092, .F. ) ;
#2542 = EDGE_CURVE ( 'NONE', #6232, #7822, #4921, .T. ) ;
#2543 = LINE ( 'NONE', #5512, #2150 ) ;
#2544 =( NAMED_UNIT ( * ) SI_UNIT ( $, .STERADIAN. ) SOLID_ANGLE_UNIT ( ) );
#2545 = FILL_AREA_STYLE ('',( #9169 ) ) ;
#2546 = DIRECTION ( 'NONE',  ( -0.000000000000000000, -0.000000000000000000, -1.000000000000000000 ) ) ;
#2547 = CARTESIAN_POINT ( 'NONE',  ( 1.000000000000000000, 6.500000000000000888, -0.3500000000000010880 ) ) ;
#2548 =( NAMED_UNIT ( * ) SI_UNIT ( $, .STERADIAN. ) SOLID_ANGLE_UNIT ( ) );
#2549 = CARTESIAN_POINT ( 'NONE',  ( 1.853245067392238710, 10.39117142264903570, 0.3499999999999983125 ) ) ;
#2550 = ORIENTED_EDGE ( 'NONE', *, *, #2640, .T. ) ;
#2551 = VERTEX_POINT ( 'NONE', #7828 ) ;
#2552 = LINE ( 'NONE', #5526, #2149 ) ;
#2553 = ADVANCED_FACE ( 'NONE', ( #5799 ), #2642, .T. ) ;
#2554 =( NAMED_UNIT ( * ) PLANE_ANGLE_UNIT ( ) SI_UNIT ( $, .RADIAN. ) );
#2555 = CARTESIAN_POINT ( 'NONE',  ( -1.469999999999999973, 0.000000000000000000, 1.199999999999999956 ) ) ;
#2556 = ADVANCED_FACE ( 'NONE', ( #1974 ), #4238, .F. ) ;
#2557 = CARTESIAN_POINT ( 'NONE',  ( 1.679835643297026282, 5.218128553112200585, 0.3499999999999998668 ) ) ;
#2558 = ORIENTED_EDGE ( 'NONE', *, *, #8844, .F. ) ;
#2559 = CARTESIAN_POINT ( 'NONE',  ( 3.221380150321418334, 6.233860305463102769, -0.3500000000000002554 ) ) ;
#2560 = CARTESIAN_POINT ( 'NONE',  ( 5.080000000000000071, 0.5000000000000005551, 0.3499999999999998113 ) ) ;
#2561 =( NAMED_UNIT ( * ) PLANE_ANGLE_UNIT ( ) SI_UNIT ( $, .RADIAN. ) );
#2562 = CARTESIAN_POINT ( 'NONE',  ( 6.620000000000000107, 6.500000000000000888, 0.3499999999999989231 ) ) ;
#2563 = VERTEX_POINT ( 'NONE', #7196 ) ;
#2564 = CARTESIAN_POINT ( 'NONE',  ( 4.729999999999999538, 8.200000000000001066, 0.3499999999999999778 ) ) ;
#2565 = DIRECTION ( 'NONE',  ( -3.097720492815726426E-17, 1.000000000000000000, 0.000000000000000000 ) ) ;
#2566 =( NAMED_UNIT ( * ) SI_UNIT ( $, .STERADIAN. ) SOLID_ANGLE_UNIT ( ) );
#2567 = VECTOR ( 'NONE', #379, 1000.000000000000000 ) ;
#2568 = ORIENTED_EDGE ( 'NONE', *, *, #8993, .F. ) ;
#2569 = CARTESIAN_POINT ( 'NONE',  ( 3.240000000000000657, 0.5000000000000006661, 0.3499999999999998668 ) ) ;
#2570 = CARTESIAN_POINT ( 'NONE',  ( 4.480000000000000426, 6.299999999999999822, -0.3500000000000001443 ) ) ;
#2571 = CARTESIAN_POINT ( 'NONE',  ( -0.4999999999999985012, 6.084152315493286167, 0.3499999999999999223 ) ) ;
#2572 = EDGE_LOOP ( 'NONE', ( #8079, #7896, #7743, #9080 ) ) ;
#2573 = AXIS2_PLACEMENT_3D ( 'NONE', #2560, #5533, #8489 ) ;
#2574 = VERTEX_POINT ( 'NONE', #2022 ) ;
#2575 = LINE ( 'NONE', #3354, #1928 ) ;
#2576 = SURFACE_STYLE_USAGE ( .BOTH. , #3307 ) ;
#2577 = DIRECTION ( 'NONE',  ( -1.000000000000000000, 0.000000000000000000, 0.000000000000000000 ) ) ;
#2578 = VECTOR ( 'NONE', #4463, 1000.000000000000000 ) ;
#2579 = CARTESIAN_POINT ( 'NONE',  ( 9.460000000000000853, 0.5000000000000004441, -0.3500000000000003109 ) ) ;
#2580 = LINE ( 'NONE', #246, #8702 ) ;
#2581 = LINE ( 'NONE', #1827, #3727 ) ;
#2582 = COLOUR_RGB ( '',0.000000000000000000, 0.7529411764705882248, 0.000000000000000000 ) ;
#2583 = CARTESIAN_POINT ( 'NONE',  ( 4.580000000000001847, 6.299999999999999822, 0.3499999999999998113 ) ) ;
#2584 = FILL_AREA_STYLE_COLOUR ( '', #4637 ) ;
#2585 = FACE_OUTER_BOUND ( 'NONE', #7788, .T. ) ;
#2586 = EDGE_CURVE ( 'NONE', #5467, #4625, #7874, .T. ) ;
#2587 = AXIS2_PLACEMENT_3D ( 'NONE', #7838, #459, #5029 ) ;
#2588 = ORIENTED_EDGE ( 'NONE', *, *, #4943, .T. ) ;
#2589 = CARTESIAN_POINT ( 'NONE',  ( 8.119999999999999218, 6.299999999999999822, 0.3499999999999997002 ) ) ;
#2590 = ORIENTED_EDGE ( 'NONE', *, *, #5513, .T. ) ;
#2591 =( NAMED_UNIT ( * ) SI_UNIT ( $, .STERADIAN. ) SOLID_ANGLE_UNIT ( ) );
#2592 = EDGE_CURVE ( 'NONE', #4051, #5034, #5019, .T. ) ;
#2593 = CYLINDRICAL_SURFACE ( 'NONE', #5581, 0.2000000000000005107 ) ;
#2594 = CARTESIAN_POINT ( 'NONE',  ( 0.6867549326077615479, 8.000000000000000000, 0.6500000000000000222 ) ) ;
#2595 = DIRECTION ( 'NONE',  ( -0.000000000000000000, -0.000000000000000000, -1.000000000000000000 ) ) ;
#2596 = CARTESIAN_POINT ( 'NONE',  ( 0.3500000000000009215, -2.800000000000001155, -0.3499999999999999778 ) ) ;
#2597 = EDGE_CURVE ( 'NONE', #5467, #8189, #8568, .T. ) ;
#2598 =( NAMED_UNIT ( * ) PLANE_ANGLE_UNIT ( ) SI_UNIT ( $, .RADIAN. ) );
#2599 = CARTESIAN_POINT ( 'NONE',  ( 9.807475984454221418, 5.732672356334980179, -0.3500000000000003109 ) ) ;
#2600 = ORIENTED_EDGE ( 'NONE', *, *, #7312, .F. ) ;
#2601 =( GEOMETRIC_REPRESENTATION_CONTEXT ( 3 ) GLOBAL_UNCERTAINTY_ASSIGNED_CONTEXT ( ( #4083 ) ) GLOBAL_UNIT_ASSIGNED_CONTEXT ( ( #2356, #6017, #6824 ) ) REPRESENTATION_CONTEXT ( 'NONE', 'WORKASPACE' ) );
#2602 = EDGE_CURVE ( 'NONE', #8446, #6253, #4283, .T. ) ;
#2603 = ORIENTED_EDGE ( 'NONE', *, *, #8844, .T. ) ;
#2604 = CARTESIAN_POINT ( 'NONE',  ( 7.020000000000000462, 6.299999999999999822, -0.3500000000000002554 ) ) ;
#2605 = ADVANCED_FACE ( 'NONE', ( #7245 ), #9498, .T. ) ;
#2606 = CARTESIAN_POINT ( 'NONE',  ( 6.646953799075549618, 3.450480068928325039, -0.3500000000000003109 ) ) ;
#2607 = CARTESIAN_POINT ( 'NONE',  ( 4.729999999999999538, 8.200000000000001066, -0.3499999999999999778 ) ) ;
#2608 = CARTESIAN_POINT ( 'NONE',  ( 4.434533521472695305, 3.877691542223589138, 0.3499999999999997558 ) ) ;
#2609 = ORIENTED_EDGE ( 'NONE', *, *, #5354, .F. ) ;
#2610 = SURFACE_SIDE_STYLE ('',( #3922 ) ) ;
#2611 =( GEOMETRIC_REPRESENTATION_CONTEXT ( 3 ) GLOBAL_UNCERTAINTY_ASSIGNED_CONTEXT ( ( #197 ) ) GLOBAL_UNIT_ASSIGNED_CONTEXT ( ( #8961, #5947, #100 ) ) REPRESENTATION_CONTEXT ( 'NONE', 'WORKASPACE' ) );
#2612 = DIRECTION ( 'NONE',  ( -0.000000000000000000, -0.000000000000000000, -1.000000000000000000 ) ) ;
#2613 = CARTESIAN_POINT ( 'NONE',  ( 5.968849546050877031, 4.917640708297875918, 0.3499999999999998113 ) ) ;
#2614 = ORIENTED_EDGE ( 'NONE', *, *, #3406, .T. ) ;
#2615 = CARTESIAN_POINT ( 'NONE',  ( 7.171806954577857773, 5.884855341312110077, 0.3499999999999997002 ) ) ;
#2616 = DIRECTION ( 'NONE',  ( 1.121588454295349533E-16, -1.000000000000000000, 0.000000000000000000 ) ) ;
#2617 = LINE ( 'NONE', #1073, #142 ) ;
#2618 = VECTOR ( 'NONE', #4172, 1000.000000000000000 ) ;
#2619 = VECTOR ( 'NONE', #7978, 1000.000000000000000 ) ;
#2620 = LINE ( 'NONE', #2517, #6376 ) ;
#2621 = ORIENTED_EDGE ( 'NONE', *, *, #2101, .T. ) ;
#2622 = VECTOR ( 'NONE', #4089, 1000.000000000000000 ) ;
#2623 = CARTESIAN_POINT ( 'NONE',  ( -0.7851402509197632495, 5.788964205960194676, 0.3499999999999999223 ) ) ;
#2624 = EDGE_CURVE ( 'NONE', #8394, #7370, #8075, .T. ) ;
#2625 = CARTESIAN_POINT ( 'NONE',  ( 9.160000000000001918, 0.5000000000000000000, -0.3500000000000000888 ) ) ;
#2626 = EDGE_CURVE ( 'NONE', #7089, #3872, #9590, .T. ) ;
#2627 = PRESENTATION_LAYER_ASSIGNMENT (  '', '', ( #9316 ) ) ;
#2628 = CARTESIAN_POINT ( 'NONE',  ( 1.940000000000000613, 6.299999999999999822, 0.1283333333333335213 ) ) ;
#2629 = CARTESIAN_POINT ( 'NONE',  ( 5.680000000000000604, 6.299999999999999822, 0.3849999999999997868 ) ) ;
#2630 = CIRCLE ( 'NONE', #5259, 0.2000000000000005107 ) ;
#2631 = ORIENTED_EDGE ( 'NONE', *, *, #7794, .F. ) ;
#2632 = EDGE_CURVE ( 'NONE', #9512, #6742, #8873, .T. ) ;
#2633 = ORIENTED_EDGE ( 'NONE', *, *, #2320, .F. ) ;
#2634 = LINE ( 'NONE', #4967, #3217 ) ;
#2635 =( NAMED_UNIT ( * ) PLANE_ANGLE_UNIT ( ) SI_UNIT ( $, .RADIAN. ) );
#2636 =( GEOMETRIC_REPRESENTATION_CONTEXT ( 3 ) GLOBAL_UNCERTAINTY_ASSIGNED_CONTEXT ( ( #6146 ) ) GLOBAL_UNIT_ASSIGNED_CONTEXT ( ( #5391, #8350, #9235 ) ) REPRESENTATION_CONTEXT ( 'NONE', 'WORKASPACE' ) );
#2637 = PRESENTATION_STYLE_ASSIGNMENT (( #3308 ) ) ;
#2638 = LINE ( 'NONE', #1722, #7895 ) ;
#2639 =( NAMED_UNIT ( * ) SI_UNIT ( $, .STERADIAN. ) SOLID_ANGLE_UNIT ( ) );
#2640 = EDGE_CURVE ( 'NONE', #707, #5783, #3021, .T. ) ;
#2641 = LINE ( 'NONE', #5607, #9387 ) ;
#2642 = PLANE ( 'NONE',  #6038 ) ;
#2643 = VECTOR ( 'NONE', #7600, 1000.000000000000000 ) ;
#2644 = EDGE_CURVE ( 'NONE', #809, #5384, #81, .T. ) ;
#2645 = CARTESIAN_POINT ( 'NONE',  ( 2.076643101092097154, 1.700000000000002398, 0.3499999999999998668 ) ) ;
#2646 = SURFACE_SIDE_STYLE ('',( #1729 ) ) ;
#2647 = EDGE_LOOP ( 'NONE', ( #3778, #1224, #6270, #3011 ) ) ;
#2648 = LINE ( 'NONE', #7790, #6224 ) ;
#2649 = ORIENTED_EDGE ( 'NONE', *, *, #4157, .F. ) ;
#2650 = EDGE_CURVE ( 'NONE', #9121, #7351, #5114, .T. ) ;
#2651 = VECTOR ( 'NONE', #1282, 1000.000000000000000 ) ;
#2652 = DIRECTION ( 'NONE',  ( -0.000000000000000000, 1.668003342285391551E-16, 1.000000000000000000 ) ) ;
#2653 = AXIS2_PLACEMENT_3D ( 'NONE', #4980, #7934, #9412 ) ;
#2654 =( NAMED_UNIT ( * ) PLANE_ANGLE_UNIT ( ) SI_UNIT ( $, .RADIAN. ) );
#2655 = LINE ( 'NONE', #5617, #6908 ) ;
#2656 = CARTESIAN_POINT ( 'NONE',  ( 4.393245067392238745, 10.39117142264903570, 0.3499999999999983125 ) ) ;
#2657 = CYLINDRICAL_SURFACE ( 'NONE', #1356, 0.2999999999999999889 ) ;
#2658 =( GEOMETRIC_REPRESENTATION_CONTEXT ( 3 ) GLOBAL_UNCERTAINTY_ASSIGNED_CONTEXT ( ( #6183 ) ) GLOBAL_UNIT_ASSIGNED_CONTEXT ( ( #7331, #6022, #6786 ) ) REPRESENTATION_CONTEXT ( 'NONE', 'WORKASPACE' ) );
#2659 = CARTESIAN_POINT ( 'NONE',  ( 6.080000000000000071, 0.5000000000000002220, 0.3499999999999998668 ) ) ;
#2660 = ORIENTED_EDGE ( 'NONE', *, *, #5815, .T. ) ;
#2661 = UNCERTAINTY_MEASURE_WITH_UNIT (LENGTH_MEASURE( 1.000000000000000082E-05 ), #814, 'distance_accuracy_value', 'NONE');
#2662 = VERTEX_POINT ( 'NONE', #1393 ) ;
#2663 = CARTESIAN_POINT ( 'NONE',  ( 11.73500000000000298, -1.575000000000001066, 0.3499999999999996447 ) ) ;
#2664 = CARTESIAN_POINT ( 'NONE',  ( 6.620000000000000995, 1.800000000000000488, -0.3500000000000002554 ) ) ;
#2665 = EDGE_CURVE ( 'NONE', #2820, #3209, #3061, .T. ) ;
#2666 = VECTOR ( 'NONE', #5191, 1000.000000000000000 ) ;
#2667 = DIRECTION ( 'NONE',  ( 1.000000000000000000, 0.000000000000000000, 0.000000000000000000 ) ) ;
#2668 = ORIENTED_EDGE ( 'NONE', *, *, #2320, .T. ) ;
#2669 = CARTESIAN_POINT ( 'NONE',  ( 3.380388738771240575, 5.398486016527106912, -0.3500000000000000888 ) ) ;
#2670 =( NAMED_UNIT ( * ) PLANE_ANGLE_UNIT ( ) SI_UNIT ( $, .RADIAN. ) );
#2671 = ADVANCED_FACE ( 'NONE', ( #8958 ), #6034, .F. ) ;
#2672 = EDGE_CURVE ( 'NONE', #6230, #7188, #3748, .T. ) ;
#2673 = DIRECTION ( 'NONE',  ( 0.000000000000000000, -0.000000000000000000, -1.000000000000000000 ) ) ;
#2674 = ORIENTED_EDGE ( 'NONE', *, *, #5058, .T. ) ;
#2675 = SURFACE_STYLE_USAGE ( .BOTH. , #7038 ) ;
#2676 = FACE_OUTER_BOUND ( 'NONE', #6331, .T. ) ;
#2677 = CARTESIAN_POINT ( 'NONE',  ( 7.294744180118195587, 5.589454083063166046, -0.3500000000000002554 ) ) ;
#2678 = ORIENTED_EDGE ( 'NONE', *, *, #4907, .T. ) ;
#2679 = LINE ( 'NONE', #2344, #2567 ) ;
#2680 = CARTESIAN_POINT ( 'NONE',  ( 9.711806954577857809, 5.884855341312110077, 0.3499999999999996447 ) ) ;
#2681 =( NAMED_UNIT ( * ) PLANE_ANGLE_UNIT ( ) SI_UNIT ( $, .RADIAN. ) );
#2682 = CARTESIAN_POINT ( 'NONE',  ( 7.970000000000001528, -2.800000000000001155, 0.3499999999999997002 ) ) ;
#2683 = VERTEX_POINT ( 'NONE', #6568 ) ;
#2684 = ORIENTED_EDGE ( 'NONE', *, *, #8552, .T. ) ;
#2685 = DIRECTION ( 'NONE',  ( -1.000000000000000000, -3.097720492815726426E-17, 0.000000000000000000 ) ) ;
#2686 = CARTESIAN_POINT ( 'NONE',  ( 9.810000000000000497, 8.200000000000001066, 0.3499999999999999778 ) ) ;
#2687 = EDGE_CURVE ( 'NONE', #2683, #8285, #2390, .T. ) ;
#2688 = MECHANICAL_DESIGN_GEOMETRIC_PRESENTATION_REPRESENTATION (  '', ( #5787 ), #9366 ) ;
#2689 = EDGE_CURVE ( 'NONE', #8627, #3745, #2277, .T. ) ;
#2690 = FACE_OUTER_BOUND ( 'NONE', #7609, .T. ) ;
#2691 = SURFACE_STYLE_USAGE ( .BOTH. , #7731 ) ;
#2692 =( NAMED_UNIT ( * ) SI_UNIT ( $, .STERADIAN. ) SOLID_ANGLE_UNIT ( ) );
#2693 = CARTESIAN_POINT ( 'NONE',  ( 1.853245067392238710, 0.5000000000000000000, -0.6500000000000013545 ) ) ;
#2694 = DIRECTION ( 'NONE',  ( -3.097720492815726426E-17, 1.000000000000000000, 0.000000000000000000 ) ) ;
#2695 = FILL_AREA_STYLE_COLOUR ( '', #3539 ) ;
#2696 = ORIENTED_EDGE ( 'NONE', *, *, #7613, .F. ) ;
#2697 = DIRECTION ( 'NONE',  ( 0.000000000000000000, 1.000000000000000000, -3.097720492815727166E-16 ) ) ;
#2698 = EDGE_LOOP ( 'NONE', ( #6039, #6294, #9526, #1894 ) ) ;
#2699 = EDGE_CURVE ( 'NONE', #8285, #8306, #3321, .T. ) ;
#2700 = LINE ( 'NONE', #403, #6063 ) ;
#2701 = PRESENTATION_STYLE_ASSIGNMENT (( #456 ) ) ;
#2702 = CARTESIAN_POINT ( 'NONE',  ( 9.217499970055216707, 4.124619419408429799, 0.3499999999999996447 ) ) ;
#2703 = CARTESIAN_POINT ( 'NONE',  ( 1.853245067392238710, 0.5000000000000000000, -0.6500000000000013545 ) ) ;
#2704 = FACE_OUTER_BOUND ( 'NONE', #3067, .T. ) ;
#2705 = CARTESIAN_POINT ( 'NONE',  ( 8.439285907662240405, 5.570187327444203085, -0.3500000000000002554 ) ) ;
#2706 = ORIENTED_EDGE ( 'NONE', *, *, #3106, .T. ) ;
#2707 = PRESENTATION_LAYER_ASSIGNMENT (  '', '', ( #1432 ) ) ;
#2708 = EDGE_LOOP ( 'NONE', ( #5920, #6103, #2064, #1709 ) ) ;
#2709 = CARTESIAN_POINT ( 'NONE',  ( 1.540000000000000702, -1.121588454295348794E-16, 0.3499999999999998668 ) ) ;
#2710 = PLANE ( 'NONE',  #6354 ) ;
#2711 = DIRECTION ( 'NONE',  ( -0.000000000000000000, -0.000000000000000000, -1.000000000000000000 ) ) ;
#2712 = ORIENTED_EDGE ( 'NONE', *, *, #1499, .T. ) ;
#2713 = CARTESIAN_POINT ( 'NONE',  ( 10.80546647852730580, 3.877691542223589138, 0.3499999999999997002 ) ) ;
#2714 = CARTESIAN_POINT ( 'NONE',  ( 1.677373952540060609, 5.194217234909947578, -0.3500000000000001443 ) ) ;
#2715 = CARTESIAN_POINT ( 'NONE',  ( 5.929183477980651595, 5.324198710742059859, 0.3499999999999998668 ) ) ;
#2716 = VERTEX_POINT ( 'NONE', #188 ) ;
#2717 = PRESENTATION_STYLE_ASSIGNMENT (( #4166 ) ) ;
#2718 = LINE ( 'NONE', #2155, #5802 ) ;
#2719 = EDGE_CURVE ( 'NONE', #5998, #5783, #4030, .T. ) ;
#2720 = EDGE_CURVE ( 'NONE', #3855, #1218, #9144, .T. ) ;
#2721 = CARTESIAN_POINT ( 'NONE',  ( 5.405255819881805479, 5.589454083063163381, 0.3499999999999998113 ) ) ;
#2722 = CARTESIAN_POINT ( 'NONE',  ( 0.9469369482461342802, 4.039780281224036429, 0.3499999999999999223 ) ) ;
#2723 = FACE_OUTER_BOUND ( 'NONE', #8284, .T. ) ;
#2724 = VERTEX_POINT ( 'NONE', #2570 ) ;
#2725 = FILL_AREA_STYLE ('',( #7286 ) ) ;
#2726 = CARTESIAN_POINT ( 'NONE',  ( 1.940000000000000613, 6.299999999999999822, -0.3849999999999999534 ) ) ;
#2727 = DIRECTION ( 'NONE',  ( 0.000000000000000000, 0.000000000000000000, -1.000000000000000000 ) ) ;
#2728 = VERTEX_POINT ( 'NONE', #3832 ) ;
#2729 = EDGE_LOOP ( 'NONE', ( #7778, #9372, #3543, #6145 ) ) ;
#2730 = ADVANCED_FACE ( 'NONE', ( #5346 ), #9095, .F. ) ;
#2731 = CARTESIAN_POINT ( 'NONE',  ( 4.080000000000000071, 6.500000000000000888, 0.3499999999999989231 ) ) ;
#2732 = DIRECTION ( 'NONE',  ( -0.000000000000000000, -1.668003342285388099E-16, -1.000000000000000000 ) ) ;
#2733 = CARTESIAN_POINT ( 'NONE',  ( 10.50999999999999979, 8.000000000000000000, -0.3500000000000000333 ) ) ;
#2734 = PRESENTATION_STYLE_ASSIGNMENT (( #1878 ) ) ;
#2735 = DIRECTION ( 'NONE',  ( -1.000000000000000000, -1.084202172485504434E-16, 0.000000000000000000 ) ) ;
#2736 = EDGE_LOOP ( 'NONE', ( #6344, #5729, #3827, #4392 ) ) ;
#2737 = DIRECTION ( 'NONE',  ( 0.000000000000000000, 3.097720492815727166E-16, 1.000000000000000000 ) ) ;
#2738 = ORIENTED_EDGE ( 'NONE', *, *, #6167, .T. ) ;
#2739 = B_SPLINE_CURVE_WITH_KNOTS ( 'NONE', 3,
 ( #7683, #57, #7536, #2387 ),
 .UNSPECIFIED., .F., .F.,
 ( 4, 4 ),
 ( 0.000000000000000000, 1.000000000000000000 ),
 .UNSPECIFIED. ) ;
#2740 = CARTESIAN_POINT ( 'NONE',  ( 10.75999999999999979, 6.299999999999999822, -0.3500000000000003109 ) ) ;
#2741 = CARTESIAN_POINT ( 'NONE',  ( 0.4481930454221421667, 5.884855341312110966, 0.3500000000000000333 ) ) ;
#2742 = CARTESIAN_POINT ( 'NONE',  ( 0.000000000000000000, 6.299999999999999822, -0.3499999999999999778 ) ) ;
#2743 = DIRECTION ( 'NONE',  ( -0.000000000000000000, 0.000000000000000000, 1.000000000000000000 ) ) ;
#2744 = VECTOR ( 'NONE', #6735, 1000.000000000000000 ) ;
#2745 = CARTESIAN_POINT ( 'NONE',  ( 4.080000000000000071, 0.5000000000000002220, 0.3499999999999998668 ) ) ;
#2746 =( BOUNDED_SURFACE ( )  B_SPLINE_SURFACE ( 3, 1, ( 
 ( #6291, #9171 ),
 ( #1055, #7694 ),
 ( #3323, #2496 ),
 ( #8383, #9269 ),
 ( #169, #3913 ),
 ( #4843, #6917 ),
 ( #4104, #6968 ) ),
 .UNSPECIFIED., .F., .F., .F. ) 
 B_SPLINE_SURFACE_WITH_KNOTS ( ( 4, 3, 4 ),
 ( 2, 2 ),
 ( 0.000000000000000000, 0.5000000000000000000, 1.000000000000000000 ),
 ( 0.000000000000000000, 1.000000000000000000 ),
 .UNSPECIFIED. ) 
 GEOMETRIC_REPRESENTATION_ITEM ( )  RATIONAL_B_SPLINE_SURFACE ( (
 ( 1.000000000000000000, 1.000000000000000000),
 ( 0.5953481791230080811, 0.5953481791230080811),
 ( 0.5953481791230080811, 0.5953481791230080811),
 ( 1.000000000000000000, 1.000000000000000000),
 ( 0.5953481791230077480, 0.5953481791230077480),
 ( 0.5953481791230077480, 0.5953481791230077480),
 ( 1.000000000000000000, 1.000000000000000000) ) ) 
 REPRESENTATION_ITEM ( '' )  SURFACE ( )  );
#2747 =( NAMED_UNIT ( * ) SI_UNIT ( $, .STERADIAN. ) SOLID_ANGLE_UNIT ( ) );
#2748 = EDGE_CURVE ( 'NONE', #1110, #5384, #4623, .T. ) ;
#2749 = CARTESIAN_POINT ( 'NONE',  ( 8.564276979512005283, 4.091073788932196642, -0.3500000000000003664 ) ) ;
#2750 = ORIENTED_EDGE ( 'NONE', *, *, #1598, .T. ) ;
#2751 = ORIENTED_EDGE ( 'NONE', *, *, #7292, .T. ) ;
#2752 = EDGE_CURVE ( 'NONE', #7209, #1076, #6942, .T. ) ;
#2753 = CARTESIAN_POINT ( 'NONE',  ( 0.4999999999999985012, 6.084152315493285279, -0.3499999999999999778 ) ) ;
#2754 = FACE_OUTER_BOUND ( 'NONE', #7220, .T. ) ;
#2755 = ORIENTED_EDGE ( 'NONE', *, *, #8092, .F. ) ;
#2756 = CARTESIAN_POINT ( 'NONE',  ( 9.514533521472694488, 3.877691542223589138, 0.3499999999999997002 ) ) ;
#2757 = AXIS2_PLACEMENT_3D ( 'NONE', #346, #7786, #1829 ) ;
#2758 = CARTESIAN_POINT ( 'NONE',  ( 6.026936948246132353, 4.039780281224035541, 0.3499999999999998668 ) ) ;
#2759 = EDGE_LOOP ( 'NONE', ( #1666, #5208, #9176, #1233 ) ) ;
#2760 = DIRECTION ( 'NONE',  ( -3.097720492815726426E-17, 1.000000000000000000, 0.000000000000000000 ) ) ;
#2761 =( LENGTH_UNIT ( ) NAMED_UNIT ( * ) SI_UNIT ( .MILLI., .METRE. ) );
#2762 = ORIENTED_EDGE ( 'NONE', *, *, #2016, .T. ) ;
#2763 = VECTOR ( 'NONE', #8127, 1000.000000000000000 ) ;
#2764 =( LENGTH_UNIT ( ) NAMED_UNIT ( * ) SI_UNIT ( .MILLI., .METRE. ) );
#2765 = CYLINDRICAL_SURFACE ( 'NONE', #723, 0.2000000000000005107 ) ;
#2766 = FACE_OUTER_BOUND ( 'NONE', #7497, .T. ) ;
#2767 = ORIENTED_EDGE ( 'NONE', *, *, #2699, .T. ) ;
#2768 = STYLED_ITEM ( 'NONE', ( #3556 ), #1164 ) ;
#2769 = ORIENTED_EDGE ( 'NONE', *, *, #3444, .F. ) ;
#2770 = EDGE_CURVE ( 'NONE', #8143, #4446, #3860, .T. ) ;
#2771 =( LENGTH_UNIT ( ) NAMED_UNIT ( * ) SI_UNIT ( .MILLI., .METRE. ) );
#2772 = FACE_OUTER_BOUND ( 'NONE', #8976, .T. ) ;
#2773 = CARTESIAN_POINT ( 'NONE',  ( 2.091806954577857258, 5.884855341312109189, 0.3499999999999998668 ) ) ;
#2774 = DIRECTION ( 'NONE',  ( -0.000000000000000000, 0.000000000000000000, 1.000000000000000000 ) ) ;
#2775 = DIRECTION ( 'NONE',  ( 0.000000000000000000, -0.000000000000000000, -1.000000000000000000 ) ) ;
#2776 = ADVANCED_FACE ( 'NONE', ( #939 ), #285, .T. ) ;
#2777 = CARTESIAN_POINT ( 'NONE',  ( 10.51000000000000156, -2.800000000000001155, 0.3499999999999996447 ) ) ;
#2778 = FILL_AREA_STYLE ('',( #6420 ) ) ;
#2779 = COLOUR_RGB ( '',0.8313725490196077761, 0.6705882352941175961, 0.1294117647058823373 ) ;
#2780 = CARTESIAN_POINT ( 'NONE',  ( 11.63000000000000078, 8.500000000000000000, 1.199999999999999512 ) ) ;
#2781 = CYLINDRICAL_SURFACE ( 'NONE', #6955, 0.1999999999999996503 ) ;
#2782 = ADVANCED_FACE ( 'NONE', ( #6273 ), #9240, .F. ) ;
#2783 = AXIS2_PLACEMENT_3D ( 'NONE', #4447, #7445, #6477 ) ;
#2784 = EDGE_CURVE ( 'NONE', #5792, #5791, #4176, .T. ) ;
#2785 = ORIENTED_EDGE ( 'NONE', *, *, #9524, .T. ) ;
#2786 = PRESENTATION_LAYER_ASSIGNMENT (  '', '', ( #1039 ) ) ;
#2787 = ORIENTED_EDGE ( 'NONE', *, *, #469, .F. ) ;
#2788 = AXIS2_PLACEMENT_3D ( 'NONE', #8699, #4131, #6508 ) ;
#2789 =( NAMED_UNIT ( * ) PLANE_ANGLE_UNIT ( ) SI_UNIT ( $, .RADIAN. ) );
#2790 = CARTESIAN_POINT ( 'NONE',  ( 7.270000000000001350, 0.5000000000000005551, -0.3500000000000002554 ) ) ;
#2791 = AXIS2_PLACEMENT_3D ( 'NONE', #1524, #7474, #785 ) ;
#2792 = CARTESIAN_POINT ( 'NONE',  ( 2.540000000000000036, 0.5000000000000005551, 0.3499999999999998668 ) ) ;
#2793 = CARTESIAN_POINT ( 'NONE',  ( 1.940000000000000613, 6.299999999999999822, -0.3500000000000000888 ) ) ;
#2794 = PLANE ( 'NONE',  #7098 ) ;
#2795 = DIRECTION ( 'NONE',  ( 1.000000000000000000, 0.000000000000000000, 0.000000000000000000 ) ) ;
#2796 = LINE ( 'NONE', #1253, #7501 ) ;
#2797 = ORIENTED_EDGE ( 'NONE', *, *, #6723, .T. ) ;
#2798 = VECTOR ( 'NONE', #2254, 1000.000000000000000 ) ;
#2799 = EDGE_LOOP ( 'NONE', ( #4046, #1901, #4374, #6090 ) ) ;
#2800 = STYLED_ITEM ( 'NONE', ( #2178 ), #8266 ) ;
#2801 =( NAMED_UNIT ( * ) SI_UNIT ( $, .STERADIAN. ) SOLID_ANGLE_UNIT ( ) );
#2802 = DIRECTION ( 'NONE',  ( 0.000000000000000000, -0.000000000000000000, -1.000000000000000000 ) ) ;
#2803 = EDGE_CURVE ( 'NONE', #3855, #5823, #8502, .T. ) ;
#2804 = EDGE_CURVE ( 'NONE', #7917, #6227, #6315, .T. ) ;
#2805 = SURFACE_SIDE_STYLE ('',( #9473 ) ) ;
#2806 = EDGE_LOOP ( 'NONE', ( #8066, #6089, #2997, #2762 ) ) ;
#2807 = AXIS2_PLACEMENT_3D ( 'NONE', #6147, #6285, #7598 ) ;
#2808 = CARTESIAN_POINT ( 'NONE',  ( 5.867536108384567406, 5.774771377977485187, 0.3499999999999998113 ) ) ;
#2809 = ORIENTED_EDGE ( 'NONE', *, *, #347, .F. ) ;
#2810 = CIRCLE ( 'NONE', #7926, 0.1999999999999999833 ) ;
#2811 = CARTESIAN_POINT ( 'NONE',  ( 0.9599994152017131688, 3.767448265748726932, 0.3500000000000000333 ) ) ;
#2812 = CARTESIAN_POINT ( 'NONE',  ( -5.421010862427528333E-17, 0.5000000000000005551, 0.3499999999999999778 ) ) ;
#2813 =( LENGTH_UNIT ( ) NAMED_UNIT ( * ) SI_UNIT ( .MILLI., .METRE. ) );
#2814 = ORIENTED_EDGE ( 'NONE', *, *, #6993, .F. ) ;
#2815 = SURFACE_SIDE_STYLE ('',( #8059 ) ) ;
#2816 = LINE ( 'NONE', #5731, #3089 ) ;
#2817 = VECTOR ( 'NONE', #754, 1000.000000000000114 ) ;
#2818 = LINE ( 'NONE', #71, #2452 ) ;
#2819 = DIRECTION ( 'NONE',  ( 0.000000000000000000, 0.000000000000000000, 1.000000000000000000 ) ) ;
#2820 = VERTEX_POINT ( 'NONE', #5050 ) ;
#2821 = ADVANCED_FACE ( 'NONE', ( #7965 ), #5595, .F. ) ;
#2822 = UNCERTAINTY_MEASURE_WITH_UNIT (LENGTH_MEASURE( 1.000000000000000082E-05 ), #5018, 'distance_accuracy_value', 'NONE');
#2823 = ORIENTED_EDGE ( 'NONE', *, *, #6607, .T. ) ;
#2824 = FACE_OUTER_BOUND ( 'NONE', #6734, .T. ) ;
#2825 = CARTESIAN_POINT ( 'NONE',  ( 2.018154266116020334, 5.626229152235333153, 0.3499999999999998668 ) ) ;
#2826 = ADVANCED_FACE ( 'NONE', ( #7183 ), #7135, .F. ) ;
#2827 = ADVANCED_FACE ( 'NONE', ( #8751 ), #2765, .T. ) ;
#2828 =( NAMED_UNIT ( * ) PLANE_ANGLE_UNIT ( ) SI_UNIT ( $, .RADIAN. ) );
#2829 = CARTESIAN_POINT ( 'NONE',  ( 7.969999999999999751, 8.200000000000001066, -0.3500000000000000333 ) ) ;
#2830 = FILL_AREA_STYLE_COLOUR ( '', #4 ) ;
#2831 = FILL_AREA_STYLE_COLOUR ( '', #4954 ) ;
#2832 = CARTESIAN_POINT ( 'NONE',  ( 1.894533521472694604, 3.877691542223591359, 0.3499999999999998668 ) ) ;
#2833 =( LENGTH_UNIT ( ) NAMED_UNIT ( * ) SI_UNIT ( .MILLI., .METRE. ) );
#2834 = EDGE_LOOP ( 'NONE', ( #582, #9211, #3447, #8837 ) ) ;
#2835 = DIRECTION ( 'NONE',  ( -0.000000000000000000, 0.000000000000000000, 1.000000000000000000 ) ) ;
#2836 = ORIENTED_EDGE ( 'NONE', *, *, #353, .F. ) ;
#2837 =( NAMED_UNIT ( * ) SI_UNIT ( $, .STERADIAN. ) SOLID_ANGLE_UNIT ( ) );
#2838 = CARTESIAN_POINT ( 'NONE',  ( 9.211102897648885346, 4.001162287970069009, -0.3500000000000002554 ) ) ;
#2839 = EDGE_CURVE ( 'NONE', #643, #6850, #4653, .T. ) ;
#2840 = CARTESIAN_POINT ( 'NONE',  ( 5.080000000000000071, 6.299999999999999822, 0.3499999999999998113 ) ) ;
#2842 = CARTESIAN_POINT ( 'NONE',  ( -0.6867549326077613259, 0.5000000000000000000, -0.3500000000000000888 ) ) ;
#2841 = PRESENTATION_LAYER_ASSIGNMENT (  '', '', ( #9203 ) ) ;
#2843 = DIRECTION ( 'NONE',  ( -0.000000000000000000, -1.000000000000000000, 1.668003342285392044E-16 ) ) ;
#2844 = PRESENTATION_STYLE_ASSIGNMENT (( #7161 ) ) ;
#2845 = CARTESIAN_POINT ( 'NONE',  ( 0.8601643567029795268, 5.218128553112160617, -0.3500000000000000333 ) ) ;
#2846 = ORIENTED_EDGE ( 'NONE', *, *, #6492, .F. ) ;
#2847 = EDGE_CURVE ( 'NONE', #125, #6230, #9349, .T. ) ;
#2848 = ORIENTED_EDGE ( 'NONE', *, *, #1641, .T. ) ;
#2849 = CARTESIAN_POINT ( 'NONE',  ( 10.66000000000000014, 6.084152315493285279, 0.3499999999999996447 ) ) ;
#2850 = LINE ( 'NONE', #1504, #2798 ) ;
#2851 = ORIENTED_EDGE ( 'NONE', *, *, #8213, .F. ) ;
#2852 = CARTESIAN_POINT ( 'NONE',  ( 10.62335689890790036, 1.699999999999999734, 0.3499999999999997002 ) ) ;
#2853 = CARTESIAN_POINT ( 'NONE',  ( 7.120000000000001883, 6.084152315493286167, -0.3500000000000001443 ) ) ;
#2854 =( GEOMETRIC_REPRESENTATION_CONTEXT ( 3 ) GLOBAL_UNCERTAINTY_ASSIGNED_CONTEXT ( ( #4379 ) ) GLOBAL_UNIT_ASSIGNED_CONTEXT ( ( #8248, #9519, #2304 ) ) REPRESENTATION_CONTEXT ( 'NONE', 'WORKASPACE' ) );
#2855 = DIRECTION ( 'NONE',  ( 1.000000000000000000, 1.084202172485504434E-16, 0.000000000000000000 ) ) ;
#2856 = ORIENTED_EDGE ( 'NONE', *, *, #4888, .F. ) ;
#2857 = CARTESIAN_POINT ( 'NONE',  ( 4.165291895435263569, 4.597665842577887574, -0.3500000000000001443 ) ) ;
#2858 = DIRECTION ( 'NONE',  ( 0.000000000000000000, 1.000000000000000000, -1.668003342285392044E-16 ) ) ;
#2859 =( BOUNDED_SURFACE ( )  B_SPLINE_SURFACE ( 2, 3, ( 
 ( #1557, #8808, #7462, #6736 ),
 ( #8011, #5228, #770, #3770 ),
 ( #5051, #1324, #5328, #7507 ) ),
 .UNSPECIFIED., .F., .F., .F. ) 
 B_SPLINE_SURFACE_WITH_KNOTS ( ( 3, 3 ),
 ( 4, 4 ),
 ( 0.000000000000000000, 1.000000000000000000 ),
 ( -0.0007349999999999999763, 3.500000000000000371E-05 ),
 .UNSPECIFIED. ) 
 GEOMETRIC_REPRESENTATION_ITEM ( )  RATIONAL_B_SPLINE_SURFACE ( (
 ( 1.000000000000000000, 1.000000000000000000, 1.000000000000000000, 1.000000000000000000),
 ( 0.7071067811865475727, 0.7071067811865475727, 0.7071067811865475727, 0.7071067811865475727),
 ( 1.000000000000000000, 1.000000000000000000, 1.000000000000000000, 1.000000000000000000) ) ) 
 REPRESENTATION_ITEM ( '' )  SURFACE ( )  );
#2860 = CARTESIAN_POINT ( 'NONE',  ( 0.7871219925015897623, 5.777242093666581368, 0.3500000000000000888 ) ) ;
#2861 = SURFACE_STYLE_USAGE ( .BOTH. , #579 ) ;
#2862 = DIRECTION ( 'NONE',  ( 1.000000000000000000, 0.000000000000000000, 0.000000000000000000 ) ) ;
#2863 = ORIENTED_EDGE ( 'NONE', *, *, #9682, .F. ) ;
#2864 = CARTESIAN_POINT ( 'NONE',  ( -0.9006934952136197436, 4.786369049942374332, 0.3499999999999999223 ) ) ;
#2865 = CARTESIAN_POINT ( 'NONE',  ( -0.7871219925015946473, 5.777242093666543177, -0.3499999999999999778 ) ) ;
#2866 = DIRECTION ( 'NONE',  ( 3.097720492815726426E-17, -1.000000000000000000, 0.000000000000000000 ) ) ;
#2867 = LINE ( 'NONE', #9582, #611 ) ;
#2868 = ORIENTED_EDGE ( 'NONE', *, *, #8629, .F. ) ;
#2869 = ORIENTED_EDGE ( 'NONE', *, *, #3494, .F. ) ;
#2870 = CARTESIAN_POINT ( 'NONE',  ( 9.514533521472694488, 3.877691542223589138, 0.3499999999999996447 ) ) ;
#2871 = CARTESIAN_POINT ( 'NONE',  ( 4.480000000000000426, 6.299999999999999822, 0.3499999999999998113 ) ) ;
#2872 = DIRECTION ( 'NONE',  ( 1.000000000000000000, 0.000000000000000000, 0.000000000000000000 ) ) ;
#2873 = CARTESIAN_POINT ( 'NONE',  ( 3.540000000000000480, 1.800000000000000488, -0.3850000000000000644 ) ) ;
#2874 = CARTESIAN_POINT ( 'NONE',  ( 5.863770569720395898, 5.796998266909026754, -0.3500000000000000888 ) ) ;
#2875 = DIRECTION ( 'NONE',  ( 0.000000000000000000, 0.000000000000000000, -1.000000000000000000 ) ) ;
#2876 = ORIENTED_EDGE ( 'NONE', *, *, #3390, .F. ) ;
#2877 = EDGE_LOOP ( 'NONE', ( #5570, #8803, #3274, #1853 ) ) ;
#2878 = DIRECTION ( 'NONE',  ( 0.000000000000000000, 1.000000000000000000, -4.336808689942016750E-16 ) ) ;
#2879 = ORIENTED_EDGE ( 'NONE', *, *, #6637, .T. ) ;
#2880 = SURFACE_STYLE_USAGE ( .BOTH. , #3703 ) ;
#2881 = STYLED_ITEM ( 'NONE', ( #2484 ), #5061 ) ;
#2882 = DIRECTION ( 'NONE',  ( 0.000000000000000000, 0.000000000000000000, 1.000000000000000000 ) ) ;
#2883 = CARTESIAN_POINT ( 'NONE',  ( 0.6867549326077613259, 6.500000000000000888, 0.3499999999999988676 ) ) ;
#2884 = COLOUR_RGB ( '',0.8313725490196077761, 0.6705882352941175961, 0.1294117647058823373 ) ;
#2885 = LINE ( 'NONE', #2935, #506 ) ;
#2886 = PLANE ( 'NONE',  #9435 ) ;
#2887 = CARTESIAN_POINT ( 'NONE',  ( 6.620000000000000995, 1.800000000000000488, 0.3849999999999997313 ) ) ;
#2888 = MECHANICAL_DESIGN_GEOMETRIC_PRESENTATION_REPRESENTATION (  '', ( #7068 ), #7847 ) ;
#2889 = CARTESIAN_POINT ( 'NONE',  ( 6.974533521472695341, 3.877691542223589138, 0.3499999999999997558 ) ) ;
#2890 = CARTESIAN_POINT ( 'NONE',  ( 0.9348251832001492900, 4.263498050148225360, -0.3499999999999999223 ) ) ;
#2891 = EDGE_LOOP ( 'NONE', ( #1377, #9273, #5847, #4881 ) ) ;
#2892 = ORIENTED_EDGE ( 'NONE', *, *, #8738, .F. ) ;
#2893 = AXIS2_PLACEMENT_3D ( 'NONE', #7667, #4803, #5487 ) ;
#2894 = FACE_OUTER_BOUND ( 'NONE', #1869, .T. ) ;
#2895 = FILL_AREA_STYLE ('',( #7411 ) ) ;
#2896 = MECHANICAL_DESIGN_GEOMETRIC_PRESENTATION_REPRESENTATION (  '', ( #6771 ), #3515 ) ;
#2897 = DIRECTION ( 'NONE',  ( -0.000000000000000000, 0.000000000000000000, 1.000000000000000000 ) ) ;
#2898 = VERTEX_POINT ( 'NONE', #1914 ) ;
#2899 = EDGE_CURVE ( 'NONE', #3857, #3681, #7915, .T. ) ;
#2900 = CARTESIAN_POINT ( 'NONE',  ( 11.16000000000000192, 0.8000000000000007105, 0.3499999999999996447 ) ) ;
#2901 = FILL_AREA_STYLE ('',( #6399 ) ) ;
#2902 = EDGE_CURVE ( 'NONE', #5470, #5792, #2816, .T. ) ;
#2903 = SURFACE_STYLE_USAGE ( .BOTH. , #8900 ) ;
#2904 = ORIENTED_EDGE ( 'NONE', *, *, #6661, .T. ) ;
#2905 = EDGE_CURVE ( 'NONE', #6561, #7164, #483, .T. ) ;
#2906 = CARTESIAN_POINT ( 'NONE',  ( 4.292837746342909711, 5.777005459572336576, -0.3500000000000000888 ) ) ;
#2907 = DIRECTION ( 'NONE',  ( -0.000000000000000000, -3.097720492815727166E-16, -1.000000000000000000 ) ) ;
#2908 =( NAMED_UNIT ( * ) PLANE_ANGLE_UNIT ( ) SI_UNIT ( $, .RADIAN. ) );
#2909 = SURFACE_STYLE_FILL_AREA ( #9576 ) ;
#2910 = ORIENTED_EDGE ( 'NONE', *, *, #7575, .F. ) ;
#2911 = CARTESIAN_POINT ( 'NONE',  ( -0.9999999999999993339, 2.207665535523969158, -0.3500000000000000333 ) ) ;
#2912 = CARTESIAN_POINT ( 'NONE',  ( 4.145174816799755746, 4.263498050147334517, 0.3499999999999997558 ) ) ;
#2913 = ORIENTED_EDGE ( 'NONE', *, *, #5369, .T. ) ;
#2914 = ORIENTED_EDGE ( 'NONE', *, *, #2924, .F. ) ;
#2915 = CARTESIAN_POINT ( 'NONE',  ( 2.214744180118195516, 5.589454083063166046, 0.3499999999999998668 ) ) ;
#2916 = AXIS2_PLACEMENT_3D ( 'NONE', #1451, #6768, #2985 ) ;
#2917 = FACE_OUTER_BOUND ( 'NONE', #2339, .T. ) ;
#2918 = CARTESIAN_POINT ( 'NONE',  ( 9.834744180118196510, 5.589454083063165157, -0.3500000000000003109 ) ) ;
#2919 = CARTESIAN_POINT ( 'NONE',  ( 10.86000000000000121, 0.5000000000000006661, -0.3500000000000003109 ) ) ;
#2920 = EDGE_CURVE ( 'NONE', #3471, #8261, #4258, .T. ) ;
#2921 = CARTESIAN_POINT ( 'NONE',  ( 10.95821046397950660, 5.709058272658547040, 0.3499999999999996447 ) ) ;
#2922 = DIRECTION ( 'NONE',  ( -1.000000000000000000, 0.000000000000000000, 0.000000000000000000 ) ) ;
#2923 = CARTESIAN_POINT ( 'NONE',  ( 4.080000000000000959, 0.8000000000000004885, 0.3499999999999998113 ) ) ;
#2924 = EDGE_CURVE ( 'NONE', #6489, #9128, #4525, .T. ) ;
#2925 = SURFACE_STYLE_FILL_AREA ( #9592 ) ;
#2926 = VECTOR ( 'NONE', #190, 1000.000000000000000 ) ;
#2927 = VERTEX_POINT ( 'NONE', #7337 ) ;
#2928 = ORIENTED_EDGE ( 'NONE', *, *, #8440, .T. ) ;
#2929 = CARTESIAN_POINT ( 'NONE',  ( 6.080000000000000959, 1.800000000000000488, -0.1166666666666669044 ) ) ;
#2930 = ORIENTED_EDGE ( 'NONE', *, *, #9629, .F. ) ;
#2931 = VECTOR ( 'NONE', #6848, 1000.000000000000000 ) ;
#2932 =( NAMED_UNIT ( * ) SI_UNIT ( $, .STERADIAN. ) SOLID_ANGLE_UNIT ( ) );
#2933 = AXIS2_PLACEMENT_3D ( 'NONE', #3602, #541, #4337 ) ;
#2934 = CARTESIAN_POINT ( 'NONE',  ( 9.431497947711102725, 6.125528511109505914, -0.3500000000000003664 ) ) ;
#2935 = CARTESIAN_POINT ( 'NONE',  ( 5.430000000000000604, 8.000000000000000000, 0.3499999999999999778 ) ) ;
#2936 = CARTESIAN_POINT ( 'NONE',  ( 10.50999999999999979, 8.000000000000000000, 0.3499999999999999778 ) ) ;
#2937 = PRESENTATION_LAYER_ASSIGNMENT (  '', '', ( #7117 ) ) ;
#2938 = CARTESIAN_POINT ( 'NONE',  ( 9.810000000000000497, 8.200000000000001066, -0.3499999999999999778 ) ) ;
#2939 = CARTESIAN_POINT ( 'NONE',  ( 10.65999999999999837, 6.084152315493285279, 0.3499999999999996447 ) ) ;
#2940 = AXIS2_PLACEMENT_3D ( 'NONE', #7990, #2795, #461 ) ;
#2941 = ADVANCED_FACE ( 'NONE', ( #3684 ), #3009, .F. ) ;
#2942 = STYLED_ITEM ( 'NONE', ( #3575 ), #4793 ) ;
#2943 = ORIENTED_EDGE ( 'NONE', *, *, #9401, .T. ) ;
#2944 = STYLED_ITEM ( 'NONE', ( #6886 ), #3019 ) ;
#2945 = DIRECTION ( 'NONE',  ( -1.000000000000000000, -0.000000000000000000, -0.000000000000000000 ) ) ;
#2946 = ORIENTED_EDGE ( 'NONE', *, *, #9384, .F. ) ;
#2947 = EDGE_CURVE ( 'NONE', #9298, #5942, #5881, .T. ) ;
#2948 = CARTESIAN_POINT ( 'NONE',  ( 2.076643101092097154, 1.700000000000001288, 0.3499999999999999223 ) ) ;
#2949 = DIRECTION ( 'NONE',  ( -0.000000000000000000, 1.000000000000000000, -0.000000000000000000 ) ) ;
#2950 = FILL_AREA_STYLE_COLOUR ( '', #1837 ) ;
#2951 = VERTEX_POINT ( 'NONE', #2164 ) ;
#2952 = AXIS2_PLACEMENT_3D ( 'NONE', #764, #4360, #26 ) ;
#2953 = COLOUR_RGB ( '',0.8313725490196077761, 0.6705882352941175961, 0.1294117647058823373 ) ;
#2954 = VECTOR ( 'NONE', #9262, 1000.000000000000000 ) ;
#2955 = CARTESIAN_POINT ( 'NONE',  ( 1.853245067392238710, 0.5000000000000002220, 0.6500000000000011324 ) ) ;
#2956 = VERTEX_POINT ( 'NONE', #5150 ) ;
#2957 = CARTESIAN_POINT ( 'NONE',  ( 7.969999999999999751, 8.000000000000000000, -0.3500000000000000333 ) ) ;
#2958 = SURFACE_SIDE_STYLE ('',( #9620 ) ) ;
#2959 = STYLED_ITEM ( 'NONE', ( #9330 ), #5389 ) ;
#2960 = VECTOR ( 'NONE', #7975, 1000.000000000000000 ) ;
#2961 = ORIENTED_EDGE ( 'NONE', *, *, #4547, .F. ) ;
#2962 = UNCERTAINTY_MEASURE_WITH_UNIT (LENGTH_MEASURE( 1.000000000000000082E-05 ), #8648, 'distance_accuracy_value', 'NONE');
#2963 = PLANE ( 'NONE',  #2893 ) ;
#2964 = UNCERTAINTY_MEASURE_WITH_UNIT (LENGTH_MEASURE( 1.000000000000000082E-05 ), #4039, 'distance_accuracy_value', 'NONE');
#2965 = CARTESIAN_POINT ( 'NONE',  ( -0.8314534000845812400, 5.476966929916271098, -0.3499999999999999778 ) ) ;
#2966 = PRESENTATION_STYLE_ASSIGNMENT (( #8810 ) ) ;
#2967 = ORIENTED_EDGE ( 'NONE', *, *, #2475, .F. ) ;
#2968 = VERTEX_POINT ( 'NONE', #4475 ) ;
#2969 = PLANE ( 'NONE',  #9216 ) ;
#2970 =( LENGTH_UNIT ( ) NAMED_UNIT ( * ) SI_UNIT ( .MILLI., .METRE. ) );
#2971 = VERTEX_POINT ( 'NONE', #7425 ) ;
#2972 = LINE ( 'NONE', #6520, #8077 ) ;
#2973 = AXIS2_PLACEMENT_3D ( 'NONE', #128, #6119, #6643 ) ;
#2974 = CARTESIAN_POINT ( 'NONE',  ( 11.09369725503312942, 4.293911919605035266, 0.3499999999999996447 ) ) ;
#2975 = LINE ( 'NONE', #3650, #3544 ) ;
#2976 = ORIENTED_EDGE ( 'NONE', *, *, #2522, .F. ) ;
#2977 = ORIENTED_EDGE ( 'NONE', *, *, #166, .T. ) ;
#2978 = EDGE_CURVE ( 'NONE', #3643, #9411, #8807, .T. ) ;
#2979 = EDGE_CURVE ( 'NONE', #3471, #6561, #5980, .T. ) ;
#2980 = ORIENTED_EDGE ( 'NONE', *, *, #7988, .F. ) ;
#2981 = DIRECTION ( 'NONE',  ( 0.000000000000000000, 1.000000000000000000, -1.668003342285392044E-16 ) ) ;
#2982 = DIRECTION ( 'NONE',  ( -0.000000000000000000, 1.000000000000000000, -0.000000000000000000 ) ) ;
#2983 = CARTESIAN_POINT ( 'NONE',  ( 10.94056955197156178, 5.815522798723456788, -0.3500000000000003664 ) ) ;
#2984 = LINE ( 'NONE', #8887, #5702 ) ;
#2985 = DIRECTION ( 'NONE',  ( 1.000000000000000000, 1.084202172485504434E-16, 0.000000000000000000 ) ) ;
#2986 = PRESENTATION_LAYER_ASSIGNMENT (  '', '', ( #1560 ) ) ;
#2987 = CARTESIAN_POINT ( 'NONE',  ( 8.083356898907899435, 1.699999999999999289, 0.3499999999999997002 ) ) ;
#2988 = EDGE_LOOP ( 'NONE', ( #5698, #2393, #9025, #9114 ) ) ;
#2989 = CARTESIAN_POINT ( 'NONE',  ( -0.9999999999999993339, 0.8000000000000004885, 0.3499999999999999778 ) ) ;
#2990 = VERTEX_POINT ( 'NONE', #2267 ) ;
#2991 = CARTESIAN_POINT ( 'NONE',  ( 2.076643101092097154, 1.700000000000001288, -0.3500000000000000333 ) ) ;
#2992 = CIRCLE ( 'NONE', #4394, 0.2999999999999999889 ) ;
#2993 = DIRECTION ( 'NONE',  ( -0.000000000000000000, 1.000000000000000000, -0.000000000000000000 ) ) ;
#2994 = VERTEX_POINT ( 'NONE', #2318 ) ;
#2995 = FILL_AREA_STYLE_COLOUR ( '', #6306 ) ;
#2996 = SURFACE_STYLE_FILL_AREA ( #5186 ) ;
#2997 = ORIENTED_EDGE ( 'NONE', *, *, #9441, .T. ) ;
#2998 = VECTOR ( 'NONE', #8864, 1000.000000000000000 ) ;
#2999 = ADVANCED_FACE ( 'NONE', ( #1519 ), #7472, .F. ) ;
#3000 = CARTESIAN_POINT ( 'NONE',  ( 4.205005870614371588, 5.069026963383188367, -0.3500000000000000888 ) ) ;
#3001 = EDGE_CURVE ( 'NONE', #6514, #5823, #2630, .T. ) ;
#3002 = CARTESIAN_POINT ( 'NONE',  ( 0.7881569290043444198, 5.771059683742178592, 0.3500000000000000333 ) ) ;
#3003 = DIRECTION ( 'NONE',  ( -0.000000000000000000, -3.097720492815727166E-16, -1.000000000000000000 ) ) ;
#3004 =( NAMED_UNIT ( * ) PLANE_ANGLE_UNIT ( ) SI_UNIT ( $, .RADIAN. ) );
#3006 = EDGE_LOOP ( 'NONE', ( #5255, #8131, #4542, #5580 ) ) ;
#3005 = VECTOR ( 'NONE', #9371, 1000.000000000000000 ) ;
#3007 = COLOUR_RGB ( '',0.8313725490196077761, 0.6705882352941175961, 0.1294117647058823373 ) ;
#3008 = LINE ( 'NONE', #5979, #6296 ) ;
#3009 = PLANE ( 'NONE',  #402 ) ;
#3010 = CARTESIAN_POINT ( 'NONE',  ( 4.080000000000001847, 2.615493535618376164, 0.3499999999999998668 ) ) ;
#3011 = ORIENTED_EDGE ( 'NONE', *, *, #1258, .F. ) ;
#3012 = ADVANCED_FACE ( 'NONE', ( #6838 ), #1749, .F. ) ;
#3013 = CARTESIAN_POINT ( 'NONE',  ( 7.270000000000000462, 8.000000000000000000, 0.3499999999999999778 ) ) ;
#3014 = LINE ( 'NONE', #1572, #2514 ) ;
#3015 = FACE_OUTER_BOUND ( 'NONE', #1430, .T. ) ;
#3016 = ORIENTED_EDGE ( 'NONE', *, *, #3948, .T. ) ;
#3017 = FILL_AREA_STYLE_COLOUR ( '', #6499 ) ;
#3018 = CARTESIAN_POINT ( 'NONE',  ( 4.080000000000000959, 0.8000000000000004885, 0.3499999999999998113 ) ) ;
#3019 = ADVANCED_FACE ( 'NONE', ( #6123 ), #8445, .F. ) ;
#3020 = UNCERTAINTY_MEASURE_WITH_UNIT (LENGTH_MEASURE( 1.000000000000000082E-05 ), #2813, 'distance_accuracy_value', 'NONE');
#3021 = LINE ( 'NONE', #2331, #3079 ) ;
#3022 = DIRECTION ( 'NONE',  ( 0.000000000000000000, 0.000000000000000000, -1.000000000000000000 ) ) ;
#3023 = ORIENTED_EDGE ( 'NONE', *, *, #8477, .T. ) ;
#3024 = EDGE_CURVE ( 'NONE', #44, #6172, #3825, .T. ) ;
#3025 = ORIENTED_EDGE ( 'NONE', *, *, #5962, .T. ) ;
#3026 = CARTESIAN_POINT ( 'NONE',  ( 8.613118178959435767, 2.798202530626828999, 0.3499999999999996447 ) ) ;
#3027 = CARTESIAN_POINT ( 'NONE',  ( 6.779611261228812857, 5.398486016527555442, 0.3499999999999997002 ) ) ;
#3028 = ORIENTED_EDGE ( 'NONE', *, *, #2542, .T. ) ;
#3029 = LINE ( 'NONE', #7535, #1660 ) ;
#3030 = CARTESIAN_POINT ( 'NONE',  ( 10.86000000000000121, 0.5000000000000006661, 0.3499999999999996447 ) ) ;
#3031 = DIRECTION ( 'NONE',  ( -3.097720492815726426E-17, 1.000000000000000000, 0.000000000000000000 ) ) ;
#3032 = ADVANCED_FACE ( 'NONE', ( #4754 ), #1707, .F. ) ;
#3033 = CARTESIAN_POINT ( 'NONE',  ( 8.119999999999997442, 6.084152315493285279, -0.3500000000000003109 ) ) ;
#3034 = FILL_AREA_STYLE_COLOUR ( '', #3691 ) ;
#3035 = FACE_OUTER_BOUND ( 'NONE', #7318, .T. ) ;
#3036 = VERTEX_POINT ( 'NONE', #9046 ) ;
#3037 = LINE ( 'NONE', #6628, #7606 ) ;
#3038 = VERTEX_POINT ( 'NONE', #5339 ) ;
#3039 = VECTOR ( 'NONE', #7229, 1000.000000000000000 ) ;
#3040 = DIRECTION ( 'NONE',  ( 3.097720492815726426E-17, -1.000000000000000000, 0.000000000000000000 ) ) ;
#3041 = VERTEX_POINT ( 'NONE', #4711 ) ;
#3042 = CARTESIAN_POINT ( 'NONE',  ( 9.711806954577857809, 5.884855341312109189, -0.3500000000000002554 ) ) ;
#3043 = ADVANCED_FACE ( 'NONE', ( #3879 ), #3842, .T. ) ;
#3044 = EDGE_CURVE ( 'NONE', #9397, #6487, #9337, .T. ) ;
#3045 = PRESENTATION_LAYER_ASSIGNMENT (  '', '', ( #8470 ) ) ;
#3046 = ORIENTED_EDGE ( 'NONE', *, *, #3083, .F. ) ;
#3047 = CARTESIAN_POINT ( 'NONE',  ( 4.080000000000000959, 2.207665535523968270, -0.3500000000000001443 ) ) ;
#3048 = CIRCLE ( 'NONE', #45, 0.2000000000000005107 ) ;
#3049 = PLANE ( 'NONE',  #6423 ) ;
#3050 = CARTESIAN_POINT ( 'NONE',  ( 7.120000000000000995, 6.299999999999999822, -0.3500000000000002554 ) ) ;
#3051 = VERTEX_POINT ( 'NONE', #1904 ) ;
#3052 = LINE ( 'NONE', #1471, #1297 ) ;
#3053 = CARTESIAN_POINT ( 'NONE',  ( -0.7881569290043646259, 5.771059683742046253, -0.3499999999999999778 ) ) ;
#3054 = CARTESIAN_POINT ( 'NONE',  ( -6.734562392116862816E-17, 8.500000000000000000, -0.8696152422706628915 ) ) ;
#3055 = VERTEX_POINT ( 'NONE', #7362 ) ;
#3056 = PLANE ( 'NONE',  #2791 ) ;
#3057 = CARTESIAN_POINT ( 'NONE',  ( -1.469999999999999973, 0.000000000000000000, 1.199999999999999956 ) ) ;
#3058 = DIRECTION ( 'NONE',  ( 1.000000000000000000, 0.000000000000000000, 0.000000000000000000 ) ) ;
#3059 = STYLED_ITEM ( 'NONE', ( #7451 ), #2371 ) ;
#3060 = VERTEX_POINT ( 'NONE', #7172 ) ;
#3061 = LINE ( 'NONE', #6664, #5418 ) ;
#3062 = CARTESIAN_POINT ( 'NONE',  ( 1.840000000000000524, 0.8000000000000004885, 0.3499999999999998668 ) ) ;
#3063 = DIRECTION ( 'NONE',  ( -1.000000000000000000, 0.000000000000000000, 0.000000000000000000 ) ) ;
#3064 = STYLED_ITEM ( 'NONE', ( #5519 ), #719 ) ;
#3065 = ORIENTED_EDGE ( 'NONE', *, *, #6164, .T. ) ;
#3066 = CARTESIAN_POINT ( 'NONE',  ( 6.680020115625524113, 4.171275002134293253, 0.3499999999999998113 ) ) ;
#3067 = EDGE_LOOP ( 'NONE', ( #1485, #1144, #7170, #4000 ) ) ;
#3068 = EDGE_CURVE ( 'NONE', #158, #6691, #1777, .T. ) ;
#3069 = SURFACE_STYLE_FILL_AREA ( #550 ) ;
#3070 = CARTESIAN_POINT ( 'NONE',  ( 2.189999999999999947, 8.000000000000000000, 0.3499999999999999778 ) ) ;
#3071 = PRESENTATION_LAYER_ASSIGNMENT (  '', '', ( #8983 ) ) ;
#3072 = PLANE ( 'NONE',  #7066 ) ;
#3073 = AXIS2_PLACEMENT_3D ( 'NONE', #7303, #9544, #3603 ) ;
#3074 = CARTESIAN_POINT ( 'NONE',  ( -0.3525240155457798341, 5.732672356334980179, 0.3499999999999999778 ) ) ;
#3075 = EDGE_LOOP ( 'NONE', ( #9364, #1022, #6562, #5710 ) ) ;
#3076 = ORIENTED_EDGE ( 'NONE', *, *, #2197, .F. ) ;
#3077 = AXIS2_PLACEMENT_3D ( 'NONE', #7178, #4903, #8550 ) ;
#3078 = PRESENTATION_STYLE_ASSIGNMENT (( #5368 ) ) ;
#3079 = VECTOR ( 'NONE', #1534, 1000.000000000000000 ) ;
#3080 = LINE ( 'NONE', #6866, #8684 ) ;
#3081 = EDGE_CURVE ( 'NONE', #1593, #3105, #4852, .T. ) ;
#3082 =( GEOMETRIC_REPRESENTATION_CONTEXT ( 3 ) GLOBAL_UNCERTAINTY_ASSIGNED_CONTEXT ( ( #3639 ) ) GLOBAL_UNIT_ASSIGNED_CONTEXT ( ( #3122, #6139, #5999 ) ) REPRESENTATION_CONTEXT ( 'NONE', 'WORKASPACE' ) );
#3083 = EDGE_CURVE ( 'NONE', #7969, #6546, #3711, .T. ) ;
#3084 = DIRECTION ( 'NONE',  ( -0.000000000000000000, -0.000000000000000000, -1.000000000000000000 ) ) ;
#3085 = VERTEX_POINT ( 'NONE', #8889 ) ;
#3086 = DIRECTION ( 'NONE',  ( 0.000000000000000000, 1.000000000000000000, -3.097720492815727166E-16 ) ) ;
#3087 = AXIS2_PLACEMENT_3D ( 'NONE', #940, #3937, #8311 ) ;
#3088 = DIRECTION ( 'NONE',  ( -0.000000000000000000, 0.000000000000000000, 1.000000000000000000 ) ) ;
#3089 = VECTOR ( 'NONE', #4079, 1000.000000000000000 ) ;
#3090 = CARTESIAN_POINT ( 'NONE',  ( 9.160000000000001918, 6.500000000000000888, 0.3499999999999989231 ) ) ;
#3091 = ORIENTED_EDGE ( 'NONE', *, *, #5557, .T. ) ;
#3092 = VECTOR ( 'NONE', #4860, 1000.000000000000000 ) ;
#3093 = LINE ( 'NONE', #8391, #258 ) ;
#3094 = EDGE_CURVE ( 'NONE', #3621, #8236, #1147, .T. ) ;
#3095 = EDGE_CURVE ( 'NONE', #1940, #2968, #3854, .T. ) ;
#3096 = MECHANICAL_DESIGN_GEOMETRIC_PRESENTATION_REPRESENTATION (  '', ( #6672 ), #9323 ) ;
#3097 = CARTESIAN_POINT ( 'NONE',  ( 3.483567834114158934, 4.104507585657628077, -0.3500000000000001998 ) ) ;
#3098 = CARTESIAN_POINT ( 'NONE',  ( 9.473245067392239704, 8.000000000000000000, -0.6500000000000030198 ) ) ;
#3099 = ADVANCED_FACE ( 'NONE', ( #3035 ), #4641, .T. ) ;
#3100 = CARTESIAN_POINT ( 'NONE',  ( 5.432524015545779683, 5.732672356334978403, 0.3499999999999998113 ) ) ;
#3101 = ORIENTED_EDGE ( 'NONE', *, *, #473, .T. ) ;
#3102 = VECTOR ( 'NONE', #7758, 1000.000000000000000 ) ;
#3103 = FILL_AREA_STYLE_COLOUR ( '', #2083 ) ;
#3104 = CARTESIAN_POINT ( 'NONE',  ( 7.970000000000001528, 1.084202172485506745E-17, 0.3499999999999997002 ) ) ;
#3105 = VERTEX_POINT ( 'NONE', #3805 ) ;
#3106 = EDGE_CURVE ( 'NONE', #4629, #1110, #6783, .T. ) ;
#3107 = PRESENTATION_LAYER_ASSIGNMENT (  '', '', ( #6522 ) ) ;
#3108 =( GEOMETRIC_REPRESENTATION_CONTEXT ( 3 ) GLOBAL_UNCERTAINTY_ASSIGNED_CONTEXT ( ( #9645 ) ) GLOBAL_UNIT_ASSIGNED_CONTEXT ( ( #7373, #3004, #6741 ) ) REPRESENTATION_CONTEXT ( 'NONE', 'WORKASPACE' ) );
#3109 = DIRECTION ( 'NONE',  ( -3.097720492815726426E-17, 1.000000000000000000, 0.000000000000000000 ) ) ;
#3110 = DIRECTION ( 'NONE',  ( 0.000000000000000000, 1.000000000000000000, -1.668003342285392044E-16 ) ) ;
#3111 = AXIS2_PLACEMENT_3D ( 'NONE', #8072, #2228, #4486 ) ;
#3112 = ORIENTED_EDGE ( 'NONE', *, *, #5691, .T. ) ;
#3113 =( BOUNDED_SURFACE ( )  B_SPLINE_SURFACE ( 3, 1, ( 
 ( #3100, #6070 ),
 ( #1376, #1421 ),
 ( #5335, #1608 ),
 ( #924, #6978 ) ),
 .UNSPECIFIED., .F., .F., .F. ) 
 B_SPLINE_SURFACE_WITH_KNOTS ( ( 4, 4 ),
 ( 2, 2 ),
 ( 0.000000000000000000, 1.000000000000000000 ),
 ( 0.000000000000000000, 1.000000000000000000 ),
 .UNSPECIFIED. ) 
 GEOMETRIC_REPRESENTATION_ITEM ( )  RATIONAL_B_SPLINE_SURFACE ( (
 ( 1.000000000000000000, 1.000000000000000000),
 ( 0.9488815137910380226, 0.9488815137910380226),
 ( 0.9488815137910380226, 0.9488815137910380226),
 ( 1.000000000000000000, 1.000000000000000000) ) ) 
 REPRESENTATION_ITEM ( '' )  SURFACE ( )  );
#3114 = DIRECTION ( 'NONE',  ( 0.5000000000000001110, -0.8660254037844385966, 0.000000000000000000 ) ) ;
#3115 = PRESENTATION_LAYER_ASSIGNMENT (  '', '', ( #7459 ) ) ;
#3116 = DIRECTION ( 'NONE',  ( -1.000000000000000000, 0.000000000000000000, 0.000000000000000000 ) ) ;
#3117 = ORIENTED_EDGE ( 'NONE', *, *, #7964, .F. ) ;
#3118 = ORIENTED_EDGE ( 'NONE', *, *, #7490, .F. ) ;
#3119 = CARTESIAN_POINT ( 'NONE',  ( 4.080000000000000071, 1.800000000000000488, -0.1283333333333336601 ) ) ;
#3120 = DIRECTION ( 'NONE',  ( 3.310540984688563355E-17, -0.000000000000000000, 1.000000000000000000 ) ) ;
#3121 =( GEOMETRIC_REPRESENTATION_CONTEXT ( 3 ) GLOBAL_UNCERTAINTY_ASSIGNED_CONTEXT ( ( #5407 ) ) GLOBAL_UNIT_ASSIGNED_CONTEXT ( ( #8800, #5046, #5728 ) ) REPRESENTATION_CONTEXT ( 'NONE', 'WORKASPACE' ) );
#3122 =( LENGTH_UNIT ( ) NAMED_UNIT ( * ) SI_UNIT ( .MILLI., .METRE. ) );
#3123 = AXIS2_PLACEMENT_3D ( 'NONE', #223, #6302, #4067 ) ;
#3124 = DIRECTION ( 'NONE',  ( -0.000000000000000000, -3.097720492815727166E-16, -1.000000000000000000 ) ) ;
#3125 = CARTESIAN_POINT ( 'NONE',  ( 8.220000000000000639, 6.299999999999999822, 0.3499999999999997002 ) ) ;
#3126 = CARTESIAN_POINT ( 'NONE',  ( -0.7867584960353884993, 5.779404586027638402, 0.3499999999999999778 ) ) ;
#3127 = CARTESIAN_POINT ( 'NONE',  ( 4.729999999999999538, 0.000000000000000000, 0.3499999999999999778 ) ) ;
#3128 = ORIENTED_EDGE ( 'NONE', *, *, #6271, .F. ) ;
#3129 = CARTESIAN_POINT ( 'NONE',  ( 8.489615242270662776, 8.500000000000000000, 0.000000000000000000 ) ) ;
#3130 = ORIENTED_EDGE ( 'NONE', *, *, #8609, .T. ) ;
#3131 = DIRECTION ( 'NONE',  ( 0.000000000000000000, 0.000000000000000000, -1.000000000000000000 ) ) ;
#3132 = FILL_AREA_STYLE ('',( #3223 ) ) ;
#3133 = SURFACE_STYLE_FILL_AREA ( #3862 ) ;
#3134 = CARTESIAN_POINT ( 'NONE',  ( 9.660000000000001918, 6.084152315493286167, -0.3500000000000002554 ) ) ;
#3135 = CARTESIAN_POINT ( 'NONE',  ( 7.171806954577857773, 5.884855341312109189, 0.3499999999999997558 ) ) ;
#3136 = ADVANCED_FACE ( 'NONE', ( #4552 ), #9137, .T. ) ;
#3137 = CARTESIAN_POINT ( 'NONE',  ( 11.63000000000000078, 0.5000000000000000000, -0.6499999999999989120 ) ) ;
#3138 = EDGE_CURVE ( 'NONE', #3139, #6305, #6727, .T. ) ;
#3139 = VERTEX_POINT ( 'NONE', #5556 ) ;
#3140 = ADVANCED_FACE ( 'NONE', ( #2585 ), #6191, .T. ) ;
#3141 = ORIENTED_EDGE ( 'NONE', *, *, #2524, .F. ) ;
#3142 = LINE ( 'NONE', #818, #6358 ) ;
#3143 = PRODUCT_CONTEXT ( 'NONE', #7549, 'mechanical' ) ;
#3144 = CARTESIAN_POINT ( 'NONE',  ( -1.000000000000000000, 6.500000000000000888, 0.3499999999999989231 ) ) ;
#3145 = CARTESIAN_POINT ( 'NONE',  ( 8.306754932607761432, 0.5000000000000000000, -0.6500000000000013545 ) ) ;
#3146 = CARTESIAN_POINT ( 'NONE',  ( 1.754859749080237341, 5.788964205960197340, 0.3499999999999999223 ) ) ;
#3147 = VERTEX_POINT ( 'NONE', #9162 ) ;
#3148 =( LENGTH_UNIT ( ) NAMED_UNIT ( * ) SI_UNIT ( .MILLI., .METRE. ) );
#3149 = SURFACE_STYLE_FILL_AREA ( #4614 ) ;
#3150 = AXIS2_PLACEMENT_3D ( 'NONE', #2338, #1582, #8272 ) ;
#3151 = CARTESIAN_POINT ( 'NONE',  ( 10.84675493260776236, 10.39117142264903570, 0.3499999999999983125 ) ) ;
#3152 = EDGE_LOOP ( 'NONE', ( #4473, #4210, #4444, #1304 ) ) ;
#3153 = EDGE_CURVE ( 'NONE', #7891, #3147, #1832, .T. ) ;
#3154 = SURFACE_SIDE_STYLE ('',( #6080 ) ) ;
#3155 = FILL_AREA_STYLE_COLOUR ( '', #782 ) ;
#3156 = VECTOR ( 'NONE', #72, 1000.000000000000000 ) ;
#3157 = LINE ( 'NONE', #4671, #7482 ) ;
#3158 = AXIS2_PLACEMENT_3D ( 'NONE', #5044, #2858, #9386 ) ;
#3159 = CARTESIAN_POINT ( 'NONE',  ( 7.620000000000000107, 6.299999999999999822, 0.3499999999999997002 ) ) ;
#3160 = ORIENTED_EDGE ( 'NONE', *, *, #3678, .T. ) ;
#3161 = CARTESIAN_POINT ( 'NONE',  ( 5.940164356702981152, 5.218128553112162393, -0.3500000000000001443 ) ) ;
#3162 = CARTESIAN_POINT ( 'NONE',  ( 1.000000000000000444, 1.800000000000000488, -0.3849999999999999534 ) ) ;
#3163 = ORIENTED_EDGE ( 'NONE', *, *, #6389, .F. ) ;
#3164 = VECTOR ( 'NONE', #6475, 1000.000000000000000 ) ;
#3165 = EDGE_CURVE ( 'NONE', #6742, #6987, #6144, .T. ) ;
#3166 = VERTEX_POINT ( 'NONE', #1880 ) ;
#3167 = CARTESIAN_POINT ( 'NONE',  ( 8.565517796674130935, 4.067306563708456224, 0.3499999999999996447 ) ) ;
#3168 = DIRECTION ( 'NONE',  ( -1.000000000000000000, -0.000000000000000000, -0.000000000000000000 ) ) ;
#3169 = UNCERTAINTY_MEASURE_WITH_UNIT (LENGTH_MEASURE( 1.000000000000000082E-05 ), #7674, 'distance_accuracy_value', 'NONE');
#3170 = CARTESIAN_POINT ( 'NONE',  ( 10.16000000000000014, 6.299999999999999822, 0.3499999999999996447 ) ) ;
#3171 =( BOUNDED_SURFACE ( )  B_SPLINE_SURFACE ( 3, 1, ( 
 ( #7345, #2918 ),
 ( #2756, #6398 ),
 ( #7171, #9377 ),
 ( #3578, #4305 ),
 ( #2852, #7323 ),
 ( #2713, #3626 ),
 ( #9475, #5085 ) ),
 .UNSPECIFIED., .F., .F., .F. ) 
 B_SPLINE_SURFACE_WITH_KNOTS ( ( 4, 3, 4 ),
 ( 2, 2 ),
 ( 0.000000000000000000, 0.5000000000000000000, 1.000000000000000000 ),
 ( 0.000000000000000000, 1.000000000000000000 ),
 .UNSPECIFIED. ) 
 GEOMETRIC_REPRESENTATION_ITEM ( )  RATIONAL_B_SPLINE_SURFACE ( (
 ( 1.000000000000000000, 1.000000000000000000),
 ( 0.5953481791230077480, 0.5953481791230077480),
 ( 0.5953481791230077480, 0.5953481791230077480),
 ( 1.000000000000000000, 1.000000000000000000),
 ( 0.5953481791230077480, 0.5953481791230077480),
 ( 0.5953481791230077480, 0.5953481791230077480),
 ( 1.000000000000000000, 1.000000000000000000) ) ) 
 REPRESENTATION_ITEM ( '' )  SURFACE ( )  );
#3172 = LINE ( 'NONE', #152, #1756 ) ;
#3173 = ADVANCED_FACE ( 'NONE', ( #7829 ), #7686, .T. ) ;
#3174 = LINE ( 'NONE', #8228, #2495 ) ;
#3175 = LINE ( 'NONE', #8324, #4129 ) ;
#3176 = CARTESIAN_POINT ( 'NONE',  ( 3.540000000000000480, 1.800000000000000488, -0.3500000000000000888 ) ) ;
#3177 = DIRECTION ( 'NONE',  ( -1.000000000000000000, 0.000000000000000000, 0.000000000000000000 ) ) ;
#3178 = DIRECTION ( 'NONE',  ( -0.000000000000000000, 0.000000000000000000, 1.000000000000000000 ) ) ;
#3179 = ORIENTED_EDGE ( 'NONE', *, *, #2947, .T. ) ;
#3180 = ORIENTED_EDGE ( 'NONE', *, *, #3365, .T. ) ;
#3181 = PLANE ( 'NONE',  #2473 ) ;
#3182 = DIRECTION ( 'NONE',  ( 0.000000000000000000, 0.000000000000000000, -1.000000000000000000 ) ) ;
#3183 = DIRECTION ( 'NONE',  ( 0.000000000000000000, 1.000000000000000000, -1.668003342285391551E-16 ) ) ;
#3184 = CARTESIAN_POINT ( 'NONE',  ( 3.414994129385570343, 5.069026963384445139, 0.3499999999999997558 ) ) ;
#3185 = CARTESIAN_POINT ( 'NONE',  ( 4.754744180118195551, 5.589454083063166046, -0.3500000000000001443 ) ) ;
#3186 = CARTESIAN_POINT ( 'NONE',  ( -0.6867549326077613259, 10.39117142264903570, -0.6500000000000030198 ) ) ;
#3187 = ORIENTED_EDGE ( 'NONE', *, *, #4423, .F. ) ;
#3188 = EDGE_LOOP ( 'NONE', ( #3677, #3714, #6731, #7115 ) ) ;
#3189 = AXIS2_PLACEMENT_3D ( 'NONE', #4932, #7158, #1102 ) ;
#3190 = CARTESIAN_POINT ( 'NONE',  ( 0.3500000000000000333, 8.200000000000001066, 0.3499999999999999778 ) ) ;
#3191 = EDGE_CURVE ( 'NONE', #2820, #5593, #3363, .T. ) ;
#3192 =( NAMED_UNIT ( * ) SI_UNIT ( $, .STERADIAN. ) SOLID_ANGLE_UNIT ( ) );
#3193 = PLANE ( 'NONE',  #8871 ) ;
#3194 = ORIENTED_EDGE ( 'NONE', *, *, #6585, .F. ) ;
#3195 = CARTESIAN_POINT ( 'NONE',  ( 11.11272332316402967, 3.923639721076657150, 0.3499999999999996447 ) ) ;
#3196 = EDGE_CURVE ( 'NONE', #8225, #3139, #5508, .T. ) ;
#3197 = PLANE ( 'NONE',  #668 ) ;
#3198 =( LENGTH_UNIT ( ) NAMED_UNIT ( * ) SI_UNIT ( .MILLI., .METRE. ) );
#3199 = EDGE_CURVE ( 'NONE', #2523, #3956, #6328, .T. ) ;
#3200 = LINE ( 'NONE', #3151, #1708 ) ;
#3201 = ORIENTED_EDGE ( 'NONE', *, *, #1735, .F. ) ;
#3202 = CARTESIAN_POINT ( 'NONE',  ( 3.409615242270663149, 8.500000000000000000, -0.8696152422706631135 ) ) ;
#3203 = CARTESIAN_POINT ( 'NONE',  ( -0.9999999999999995559, 1.800000000000000488, -0.3849999999999998979 ) ) ;
#3204 = COLOUR_RGB ( '',0.8313725490196077761, 0.6705882352941175961, 0.1294117647058823373 ) ;
#3205 =( LENGTH_UNIT ( ) NAMED_UNIT ( * ) SI_UNIT ( .MILLI., .METRE. ) );
#3206 = ORIENTED_EDGE ( 'NONE', *, *, #8988, .T. ) ;
#3207 = CARTESIAN_POINT ( 'NONE',  ( 5.939267235522908805, 5.226749775238716644, -0.3500000000000001998 ) ) ;
#3208 = FILL_AREA_STYLE_COLOUR ( '', #6855 ) ;
#3209 = VERTEX_POINT ( 'NONE', #6570 ) ;
#3210 = ORIENTED_EDGE ( 'NONE', *, *, #1275, .F. ) ;
#3211 = CARTESIAN_POINT ( 'NONE',  ( 8.451453400084238510, 5.476966929918535065, 0.3499999999999997002 ) ) ;
#3212 = CARTESIAN_POINT ( 'NONE',  ( 5.080000000000000071, 0.5000000000000005551, 0.3499999999999998113 ) ) ;
#3213 = EDGE_CURVE ( 'NONE', #8316, #7913, #4143, .T. ) ;
#3214 =( NAMED_UNIT ( * ) SI_UNIT ( $, .STERADIAN. ) SOLID_ANGLE_UNIT ( ) );
#3215 = DIRECTION ( 'NONE',  ( 0.000000000000000000, -0.000000000000000000, -1.000000000000000000 ) ) ;
#3216 = DIRECTION ( 'NONE',  ( -0.000000000000000000, -0.000000000000000000, -1.000000000000000000 ) ) ;
#3217 = VECTOR ( 'NONE', #3458, 1000.000000000000000 ) ;
#3218 = VERTEX_POINT ( 'NONE', #3468 ) ;
#3219 = UNCERTAINTY_MEASURE_WITH_UNIT (LENGTH_MEASURE( 1.000000000000000082E-05 ), #6307, 'distance_accuracy_value', 'NONE');
#3220 = DIRECTION ( 'NONE',  ( 0.000000000000000000, 1.000000000000000000, -1.668003342285391551E-16 ) ) ;
#3221 = ORIENTED_EDGE ( 'NONE', *, *, #7361, .T. ) ;
#3222 = COLOUR_RGB ( '',0.8313725490196077761, 0.6705882352941175961, 0.1294117647058823373 ) ;
#3223 = FILL_AREA_STYLE_COLOUR ( '', #5426 ) ;
#3224 = CARTESIAN_POINT ( 'NONE',  ( 9.560000000000000497, 6.299999999999999822, 0.3499999999999996447 ) ) ;
#3225 = CARTESIAN_POINT ( 'NONE',  ( 3.485296937195549116, 4.071564961060393451, 0.3499999999999999223 ) ) ;
#3226 = LINE ( 'NONE', #1738, #7414 ) ;
#3227 = FACE_OUTER_BOUND ( 'NONE', #4527, .T. ) ;
#3228 = ADVANCED_FACE ( 'NONE', ( #5697 ), #4241, .F. ) ;
#3229 = AXIS2_PLACEMENT_3D ( 'NONE', #5507, #902, #951 ) ;
#3230 = DIRECTION ( 'NONE',  ( -0.000000000000000000, -0.000000000000000000, -1.000000000000000000 ) ) ;
#3231 = ORIENTED_EDGE ( 'NONE', *, *, #9228, .F. ) ;
#3232 = ORIENTED_EDGE ( 'NONE', *, *, #4716, .T. ) ;
#3233 = PRESENTATION_LAYER_ASSIGNMENT (  '', '', ( #2447 ) ) ;
#3234 = ORIENTED_EDGE ( 'NONE', *, *, #9333, .F. ) ;
#3235 = CARTESIAN_POINT ( 'NONE',  ( 9.473245067392239704, 0.5000000000000000000, -0.3500000000000000888 ) ) ;
#3236 = STYLED_ITEM ( 'NONE', ( #9530 ), #1536 ) ;
#3237 = DIRECTION ( 'NONE',  ( 1.000000000000000000, 0.000000000000000000, 0.000000000000000000 ) ) ;
#3238 = CARTESIAN_POINT ( 'NONE',  ( 1.778779213129837000, 5.920464898423919209, 0.3499999999999998668 ) ) ;
#3239 = ORIENTED_EDGE ( 'NONE', *, *, #5759, .F. ) ;
#3240 = VECTOR ( 'NONE', #6132, 1000.000000000000000 ) ;
#3241 = DIRECTION ( 'NONE',  ( 1.000000000000000000, 0.000000000000000000, 0.000000000000000000 ) ) ;
#3242 = FACE_OUTER_BOUND ( 'NONE', #1274, .T. ) ;
#3243 = AXIS2_PLACEMENT_3D ( 'NONE', #8720, #2028, #1293 ) ;
#3244 =( NAMED_UNIT ( * ) PLANE_ANGLE_UNIT ( ) SI_UNIT ( $, .RADIAN. ) );
#3245 = EDGE_LOOP ( 'NONE', ( #1581, #6541, #9694, #349 ) ) ;
#3246 = VECTOR ( 'NONE', #7825, 1000.000000000000000 ) ;
#3247 =( GEOMETRIC_REPRESENTATION_CONTEXT ( 3 ) GLOBAL_UNCERTAINTY_ASSIGNED_CONTEXT ( ( #534 ) ) GLOBAL_UNIT_ASSIGNED_CONTEXT ( ( #8425, #6057, #6821 ) ) REPRESENTATION_CONTEXT ( 'NONE', 'WORKASPACE' ) );
#3248 = DIRECTION ( 'NONE',  ( -0.000000000000000000, -1.000000000000000000, 1.668003342285392044E-16 ) ) ;
#3249 =( GEOMETRIC_REPRESENTATION_CONTEXT ( 3 ) GLOBAL_UNCERTAINTY_ASSIGNED_CONTEXT ( ( #989 ) ) GLOBAL_UNIT_ASSIGNED_CONTEXT ( ( #8090, #2561, #9554 ) ) REPRESENTATION_CONTEXT ( 'NONE', 'WORKASPACE' ) );
#3250 = DIRECTION ( 'NONE',  ( 0.7071067811865489050, -0.7071067811865460184, 0.000000000000000000 ) ) ;
#3251 = EDGE_CURVE ( 'NONE', #964, #8822, #7152, .T. ) ;
#3252 = FILL_AREA_STYLE ('',( #230 ) ) ;
#3253 = EDGE_LOOP ( 'NONE', ( #1730, #1099, #5209, #68 ) ) ;
#3254 =( LENGTH_UNIT ( ) NAMED_UNIT ( * ) SI_UNIT ( .MILLI., .METRE. ) );
#3255 = CARTESIAN_POINT ( 'NONE',  ( 6.620000000000000107, 6.500000000000000888, -0.3500000000000010880 ) ) ;
#3256 = ORIENTED_EDGE ( 'NONE', *, *, #4324, .T. ) ;
#3257 = COLOUR_RGB ( '',0.8313725490196077761, 0.6705882352941175961, 0.1294117647058823373 ) ;
#3258 = VECTOR ( 'NONE', #9403, 1000.000000000000000 ) ;
#3259 = ORIENTED_EDGE ( 'NONE', *, *, #7499, .T. ) ;
#3260 = CARTESIAN_POINT ( 'NONE',  ( 0.6867549326077613259, 0.5000000000000000000, -0.3500000000000000888 ) ) ;
#3261 = UNCERTAINTY_MEASURE_WITH_UNIT (LENGTH_MEASURE( 1.000000000000000082E-05 ), #4677, 'distance_accuracy_value', 'NONE');
#3262 = CARTESIAN_POINT ( 'NONE',  ( 8.306754932607761432, 0.5000000000000000000, -0.6500000000000013545 ) ) ;
#3263 = DIRECTION ( 'NONE',  ( -0.000000000000000000, 0.000000000000000000, 1.000000000000000000 ) ) ;
#3264 = LINE ( 'NONE', #7283, #3731 ) ;
#3265 = AXIS2_PLACEMENT_3D ( 'NONE', #5436, #9127, #8342 ) ;
#3266 = CARTESIAN_POINT ( 'NONE',  ( 4.115000000000001101, -1.575000000000001066, 0.3499999999999998668 ) ) ;
#3267 = COLOUR_RGB ( '',0.8313725490196077761, 0.6705882352941175961, 0.1294117647058823373 ) ;
#3268 = CARTESIAN_POINT ( 'NONE',  ( 7.470000000000000639, -3.000000000000000000, -0.3500000000000002554 ) ) ;
#3269 = DIRECTION ( 'NONE',  ( -1.000000000000000000, 0.000000000000000000, 0.000000000000000000 ) ) ;
#3270 = DIRECTION ( 'NONE',  ( -3.097720492815726426E-17, 1.000000000000000000, 0.000000000000000000 ) ) ;
#3271 = ORIENTED_EDGE ( 'NONE', *, *, #6661, .F. ) ;
#3272 = DIRECTION ( 'NONE',  ( -0.000000000000000000, 1.000000000000000000, -0.000000000000000000 ) ) ;
#3273 = AXIS2_PLACEMENT_3D ( 'NONE', #7772, #1074, #9141 ) ;
#3274 = ORIENTED_EDGE ( 'NONE', *, *, #2699, .F. ) ;
#3275 = CARTESIAN_POINT ( 'NONE',  ( 9.300732764477098513, 5.226749775238757501, 0.3499999999999996447 ) ) ;
#3276 = LINE ( 'NONE', #9218, #9111 ) ;
#3277 = VECTOR ( 'NONE', #5435, 1000.000000000000114 ) ;
#3278 = LINE ( 'NONE', #2745, #9289 ) ;
#3279 = DIRECTION ( 'NONE',  ( 1.000000000000000000, 0.000000000000000000, 0.000000000000000000 ) ) ;
#3280 = ADVANCED_FACE ( 'NONE', ( #1338 ), #8024, .F. ) ;
#3281 = CARTESIAN_POINT ( 'NONE',  ( 10.16000000000000014, 1.700000000000000178, -0.3500000000000003109 ) ) ;
#3282 = ORIENTED_EDGE ( 'NONE', *, *, #6003, .F. ) ;
#3283 = EDGE_LOOP ( 'NONE', ( #8115, #2265, #4457, #3987 ) ) ;
#3284 = CARTESIAN_POINT ( 'NONE',  ( 0.4999999999999985012, 6.299999999999999822, -0.3499999999999999778 ) ) ;
#3285 = CARTESIAN_POINT ( 'NONE',  ( 3.521660679612406586, 3.374693912578978772, -0.3500000000000000888 ) ) ;
#3286 = CARTESIAN_POINT ( 'NONE',  ( -0.3499999999999990896, -2.800000000000001155, -0.3499999999999999778 ) ) ;
#3287 = CARTESIAN_POINT ( 'NONE',  ( 1.615941859282681303, 4.443591676418676251, 0.3499999999999998113 ) ) ;
#3288 = ORIENTED_EDGE ( 'NONE', *, *, #1613, .F. ) ;
#3289 = CARTESIAN_POINT ( 'NONE',  ( 3.301220786870199042, 5.920464898423894340, -0.3499999999999999778 ) ) ;
#3290 = ADVANCED_FACE ( 'NONE', ( #543 ), #5651, .F. ) ;
#3291 = STYLED_ITEM ( 'NONE', ( #3880 ), #3773 ) ;
#3292 = CARTESIAN_POINT ( 'NONE',  ( 5.766754932607761397, 6.500000000000000888, 0.3499999999999988676 ) ) ;
#3293 = ORIENTED_EDGE ( 'NONE', *, *, #3753, .F. ) ;
#3294 = VECTOR ( 'NONE', #6890, 1000.000000000000000 ) ;
#3295 = CARTESIAN_POINT ( 'NONE',  ( 9.810000000000000497, 8.200000000000001066, -0.3499999999999999778 ) ) ;
#3296 = CARTESIAN_POINT ( 'NONE',  ( 4.729999999999999538, 8.200000000000001066, -0.3499999999999999778 ) ) ;
#3297 = ORIENTED_EDGE ( 'NONE', *, *, #469, .T. ) ;
#3298 = ADVANCED_FACE ( 'NONE', ( #9452 ), #2074, .F. ) ;
#3299 = VECTOR ( 'NONE', #6563, 1000.000000000000000 ) ;
#3300 = CARTESIAN_POINT ( 'NONE',  ( 8.619999999999999218, 6.500000000000000888, -0.3500000000000010880 ) ) ;
#3301 = CARTESIAN_POINT ( 'NONE',  ( 6.080000000000000959, 6.299999999999999822, -0.3850000000000001199 ) ) ;
#3302 = EDGE_LOOP ( 'NONE', ( #7500, #1070, #2967, #5267 ) ) ;
#3303 = AXIS2_PLACEMENT_3D ( 'NONE', #521, #2673, #5721 ) ;
#3304 = EDGE_LOOP ( 'NONE', ( #5304, #1000, #2142, #5531 ) ) ;
#3305 = LINE ( 'NONE', #9246, #7314 ) ;
#3306 = VECTOR ( 'NONE', #3250, 1000.000000000000114 ) ;
#3307 = SURFACE_SIDE_STYLE ('',( #7823 ) ) ;
#3308 = SURFACE_STYLE_USAGE ( .BOTH. , #1875 ) ;
#3309 = DIRECTION ( 'NONE',  ( -0.000000000000000000, -0.000000000000000000, -1.000000000000000000 ) ) ;
#3310 = CARTESIAN_POINT ( 'NONE',  ( 1.540000000000000480, 1.800000000000000488, -0.3500000000000000888 ) ) ;
#3311 = PRESENTATION_LAYER_ASSIGNMENT (  '', '', ( #4093 ) ) ;
#3312 = DIRECTION ( 'NONE',  ( 1.000000000000000000, 0.000000000000000000, 0.000000000000000000 ) ) ;
#3313 = DIRECTION ( 'NONE',  ( -0.000000000000000000, -0.000000000000000000, -1.000000000000000000 ) ) ;
#3314 = ADVANCED_FACE ( 'NONE', ( #8616 ), #6425, .T. ) ;
#3315 = PRESENTATION_STYLE_ASSIGNMENT (( #9257 ) ) ;
#3316 = ORIENTED_EDGE ( 'NONE', *, *, #8477, .F. ) ;
#3317 = VERTEX_POINT ( 'NONE', #2183 ) ;
#3318 = CARTESIAN_POINT ( 'NONE',  ( 0.000000000000000000, 8.500000000000000000, 0.8696152422706630025 ) ) ;
#3319 = CARTESIAN_POINT ( 'NONE',  ( 0.3525240155457787239, 5.732672356334978403, 0.3499999999999999778 ) ) ;
#3320 = CARTESIAN_POINT ( 'NONE',  ( 9.424957989553977455, 6.043840788194790647, 0.3499999999999996447 ) ) ;
#3321 = B_SPLINE_CURVE_WITH_KNOTS ( 'NONE', 3,
 ( #6754, #46, #5301, #8264, #7525, #7388, #9542, #2874, #685, #2123, #4389, #7347, #640, #3649, #3695, #8404, #2424, #3207, #3161, #6796, #4720, #3936, #8310, #98, #6086, #1759, #1622, #9195, #7676, #8357, #235 ),
 .UNSPECIFIED., .F., .F.,
 ( 4, 1, 1, 1, 1, 1, 1, 2, 2, 1, 1, 1, 1, 2, 2, 1, 1, 1, 1, 1, 2, 2, 4 ),
 ( 0.000000000000000000, 0.06250000000000890954, 0.09375000000001364187, 0.1093750000000162093, 0.1171875000000174583, 0.1210937500000182077, 0.1230468750000185824, 0.1240234375000188044, 0.1250000000000190126, 0.1875000000000193456, 0.2187500000000197342, 0.2343750000000199563, 0.2421875000000200950, 0.2460937500000201783, 0.2500000000000202616, 0.3750000000000198730, 0.4375000000000199285, 0.4687500000000200395, 0.4843750000000203171, 0.4921875000000204836, 0.4960937500000203171, 0.5000000000000200950, 1.000000000000000000 ),
 .UNSPECIFIED. ) ;
#3322 = FILL_AREA_STYLE ('',( #7019 ) ) ;
#3323 = CARTESIAN_POINT ( 'NONE',  ( -0.4633568989079023814, 1.700000000000002620, 0.3499999999999999778 ) ) ;
#3324 = DIRECTION ( 'NONE',  ( 0.7071067811865489050, -0.7071067811865460184, 0.000000000000000000 ) ) ;
#3325 = CARTESIAN_POINT ( 'NONE',  ( 8.381220786870201778, 5.920464898423896116, -0.3500000000000002554 ) ) ;
#3326 = VERTEX_POINT ( 'NONE', #5348 ) ;
#3327 = UNCERTAINTY_MEASURE_WITH_UNIT (LENGTH_MEASURE( 1.000000000000000082E-05 ), #7950, 'distance_accuracy_value', 'NONE');
#3328 = VERTEX_POINT ( 'NONE', #2334 ) ;
#3329 = DIRECTION ( 'NONE',  ( 1.000000000000000000, 0.000000000000000000, 0.000000000000000000 ) ) ;
#3330 = LINE ( 'NONE', #4113, #3412 ) ;
#3331 = EDGE_CURVE ( 'NONE', #7660, #6329, #5207, .T. ) ;
#3332 = EDGE_CURVE ( 'NONE', #6348, #3328, #5161, .T. ) ;
#3333 = LINE ( 'NONE', #7028, #3277 ) ;
#3334 = CARTESIAN_POINT ( 'NONE',  ( 2.892524015545778759, 5.732672356334978403, -0.3500000000000000888 ) ) ;
#3335 = VERTEX_POINT ( 'NONE', #2383 ) ;
#3336 = CARTESIAN_POINT ( 'NONE',  ( 3.390639769790269487, 5.307482533055136287, -0.3499999999999999778 ) ) ;
#3337 = CARTESIAN_POINT ( 'NONE',  ( 1.678770099106168256, 5.207834124282345378, -0.3500000000000000888 ) ) ;
#3338 = CARTESIAN_POINT ( 'NONE',  ( 6.080000000000000959, 2.207665535523691602, 0.3499999999999998668 ) ) ;
#3339 = EDGE_LOOP ( 'NONE', ( #50, #656, #8919, #3693 ) ) ;
#3340 = FILL_AREA_STYLE_COLOUR ( '', #6973 ) ;
#3341 = EDGE_CURVE ( 'NONE', #9570, #62, #3792, .T. ) ;
#3342 = CARTESIAN_POINT ( 'NONE',  ( -0.9999999999999995559, 1.800000000000000488, 0.1283333333333336046 ) ) ;
#3343 = MECHANICAL_DESIGN_GEOMETRIC_PRESENTATION_REPRESENTATION (  '', ( #5054 ), #2080 ) ;
#3344 = FILL_AREA_STYLE_COLOUR ( '', #7175 ) ;
#3345 = DIRECTION ( 'NONE',  ( -1.121588454295349780E-16, 1.000000000000000000, 0.000000000000000000 ) ) ;
#3346 = FACE_OUTER_BOUND ( 'NONE', #4066, .T. ) ;
#3347 = ORIENTED_EDGE ( 'NONE', *, *, #4480, .F. ) ;
#3348 = LINE ( 'NONE', #900, #985 ) ;
#3349 = VECTOR ( 'NONE', #1964, 1000.000000000000000 ) ;
#3350 = CARTESIAN_POINT ( 'NONE',  ( 6.620000000000000995, 0.8000000000000004885, 0.3499999999999997002 ) ) ;
#3351 = ORIENTED_EDGE ( 'NONE', *, *, #3928, .F. ) ;
#3352 = STYLED_ITEM ( 'NONE', ( #4601 ), #642 ) ;
#3353 = EDGE_LOOP ( 'NONE', ( #704, #2109, #7821, #590 ) ) ;
#3354 = CARTESIAN_POINT ( 'NONE',  ( 8.585000000000000853, -1.575000000000006173, 0.3499999999999996447 ) ) ;
#3355 =( NAMED_UNIT ( * ) SI_UNIT ( $, .STERADIAN. ) SOLID_ANGLE_UNIT ( ) );
#3356 = LINE ( 'NONE', #341, #2622 ) ;
#3357 = CARTESIAN_POINT ( 'NONE',  ( 10.48184573388397922, 5.626229152235330488, -0.3500000000000003109 ) ) ;
#3358 = CARTESIAN_POINT ( 'NONE',  ( 3.061845733883979737, 5.626229152235330488, -8.408774101108950749E-17 ) ) ;
#3359 = CARTESIAN_POINT ( 'NONE',  ( 9.560000000000000497, 6.299999999999999822, 0.1283333333333332715 ) ) ;
#3360 = CARTESIAN_POINT ( 'NONE',  ( 4.580000000000001847, 6.299999999999999822, -0.3500000000000001443 ) ) ;
#3361 = VECTOR ( 'NONE', #7747, 1000.000000000000000 ) ;
#3362 = SURFACE_STYLE_FILL_AREA ( #7053 ) ;
#3363 = LINE ( 'NONE', #6958, #9299 ) ;
#3364 = ORIENTED_EDGE ( 'NONE', *, *, #2784, .F. ) ;
#3365 = EDGE_CURVE ( 'NONE', #7489, #7155, #4105, .T. ) ;
#3366 = CARTESIAN_POINT ( 'NONE',  ( -1.000000000000000000, 6.500000000000000888, 0.3499999999999989231 ) ) ;
#3367 = VERTEX_POINT ( 'NONE', #5303 ) ;
#3368 = EDGE_CURVE ( 'NONE', #3784, #6667, #8918, .T. ) ;
#3369 = EDGE_CURVE ( 'NONE', #7832, #669, #1579, .T. ) ;
#3370 = SURFACE_SIDE_STYLE ('',( #9415 ) ) ;
#3371 = SURFACE_STYLE_FILL_AREA ( #405 ) ;
#3372 = CARTESIAN_POINT ( 'NONE',  ( 8.141845733883979364, 5.626229152235330488, -0.3500000000000002554 ) ) ;
#3373 = DIRECTION ( 'NONE',  ( -0.000000000000000000, 1.668003342285391551E-16, 1.000000000000000000 ) ) ;
#3374 = CARTESIAN_POINT ( 'NONE',  ( 8.460388738771245087, 5.398486016527106912, -0.3500000000000003109 ) ) ;
#3375 = ORIENTED_EDGE ( 'NONE', *, *, #7791, .T. ) ;
#3376 = EDGE_CURVE ( 'NONE', #5102, #5104, #5, .T. ) ;
#3377 = VECTOR ( 'NONE', #2843, 1000.000000000000000 ) ;
#3378 = ORIENTED_EDGE ( 'NONE', *, *, #8356, .T. ) ;
#3379 = CARTESIAN_POINT ( 'NONE',  ( 5.766754932607761397, 8.000000000000000000, -0.6500000000000025757 ) ) ;
#3380 = ADVANCED_FACE ( 'NONE', ( #6666 ), #1090, .T. ) ;
#3381 = CARTESIAN_POINT ( 'NONE',  ( 6.660000584798288159, 3.767448265748939207, -0.3500000000000003109 ) ) ;
#3382 = CARTESIAN_POINT ( 'NONE',  ( 1.540000000000000480, 1.800000000000000488, 0.3499999999999998668 ) ) ;
#3383 = ORIENTED_EDGE ( 'NONE', *, *, #5090, .T. ) ;
#3384 = CARTESIAN_POINT ( 'NONE',  ( 3.400164356702979784, 5.218128553112158841, -0.3500000000000000888 ) ) ;
#3385 = VECTOR ( 'NONE', #5115, 1000.000000000000000 ) ;
#3386 = COLOUR_RGB ( '',0.8313725490196077761, 0.6705882352941175961, 0.1294117647058823373 ) ;
#3387 =( NAMED_UNIT ( * ) SI_UNIT ( $, .STERADIAN. ) SOLID_ANGLE_UNIT ( ) );
#3388 = CARTESIAN_POINT ( 'NONE',  ( 1.665005870614370220, 5.069026963383189255, -0.3500000000000000333 ) ) ;
#3389 = CARTESIAN_POINT ( 'NONE',  ( 5.868156929004344491, 5.771059683742180368, 0.3499999999999998113 ) ) ;
#3390 = EDGE_CURVE ( 'NONE', #5791, #3060, #5878, .T. ) ;
#3391 = ORIENTED_EDGE ( 'NONE', *, *, #779, .T. ) ;
#3392 = CARTESIAN_POINT ( 'NONE',  ( -0.5999999999999996447, 6.299999999999999822, -0.3849999999999998979 ) ) ;
#3393 =( GEOMETRIC_REPRESENTATION_CONTEXT ( 3 ) GLOBAL_UNCERTAINTY_ASSIGNED_CONTEXT ( ( #8804 ) ) GLOBAL_UNIT_ASSIGNED_CONTEXT ( ( #2521, #4031, #1669 ) ) REPRESENTATION_CONTEXT ( 'NONE', 'WORKASPACE' ) );
#3394 = FACE_OUTER_BOUND ( 'NONE', #2348, .T. ) ;
#3395 = MECHANICAL_DESIGN_GEOMETRIC_PRESENTATION_REPRESENTATION (  '', ( #1658 ), #393 ) ;
#3396 = COLOUR_RGB ( '',0.8313725490196077761, 0.6705882352941175961, 0.1294117647058823373 ) ;
#3397 = ORIENTED_EDGE ( 'NONE', *, *, #7651, .T. ) ;
#3398 = AXIS2_PLACEMENT_3D ( 'NONE', #2285, #2482, #5460 ) ;
#3399 = CARTESIAN_POINT ( 'NONE',  ( -0.6813801503213369193, 6.233860305463149842, 0.3500000000000000888 ) ) ;
#3400 = DIRECTION ( 'NONE',  ( 0.000000000000000000, 0.000000000000000000, -1.000000000000000000 ) ) ;
#3401 = DIRECTION ( 'NONE',  ( 1.000000000000000000, 0.000000000000000000, 0.000000000000000000 ) ) ;
#3402 = COLOUR_RGB ( '',0.8313725490196077761, 0.6705882352941175961, 0.1294117647058823373 ) ;
#3403 = CARTESIAN_POINT ( 'NONE',  ( 4.220732764477097554, 5.226749775238761053, 0.3499999999999998668 ) ) ;
#3404 = AXIS2_PLACEMENT_3D ( 'NONE', #4816, #5495, #8452 ) ;
#3405 = ORIENTED_EDGE ( 'NONE', *, *, #7613, .T. ) ;
#3406 = EDGE_CURVE ( 'NONE', #5475, #437, #7630, .T. ) ;
#3407 = ORIENTED_EDGE ( 'NONE', *, *, #3772, .T. ) ;
#3408 = CYLINDRICAL_SURFACE ( 'NONE', #1567, 0.1999999999999996503 ) ;
#3409 = VECTOR ( 'NONE', #8797, 1000.000000000000000 ) ;
#3410 = CARTESIAN_POINT ( 'NONE',  ( 2.091806954577857258, 5.884855341312109189, -0.3500000000000000333 ) ) ;
#3411 = CARTESIAN_POINT ( 'NONE',  ( 11.63000000000000078, 0.000000000000000000, -1.200000000000000400 ) ) ;
#3412 = VECTOR ( 'NONE', #8632, 1000.000000000000000 ) ;
#3413 = CARTESIAN_POINT ( 'NONE',  ( 4.729999999999999538, 8.200000000000001066, 0.3499999999999999778 ) ) ;
#3414 = SURFACE_STYLE_USAGE ( .BOTH. , #446 ) ;
#3415 = CARTESIAN_POINT ( 'NONE',  ( 4.631806954577858626, 5.884855341312110077, -0.3500000000000000888 ) ) ;
#3416 = PLANE ( 'NONE',  #4005 ) ;
#3417 = COLOUR_RGB ( '',0.8313725490196077761, 0.6705882352941175961, 0.1294117647058823373 ) ;
#3418 = CARTESIAN_POINT ( 'NONE',  ( 10.84675493260776236, 10.39117142264903570, -0.6500000000000030198 ) ) ;
#3419 = ADVANCED_FACE ( 'NONE', ( #941 ), #4081, .F. ) ;
#3420 = VERTEX_POINT ( 'NONE', #983 ) ;
#3421 = CARTESIAN_POINT ( 'NONE',  ( 10.16000000000000014, 6.500000000000000888, -1.155688030012021264E-15 ) ) ;
#3422 = VERTEX_POINT ( 'NONE', #1033 ) ;
#3423 = AXIS2_PLACEMENT_3D ( 'NONE', #2686, #8611, #442 ) ;
#3424 = DIRECTION ( 'NONE',  ( -1.000000000000000000, -1.084202172485504434E-16, 0.000000000000000000 ) ) ;
#3425 = CARTESIAN_POINT ( 'NONE',  ( 0.4999999999999985012, 6.084152315493285279, 0.3499999999999999778 ) ) ;
#3426 = CARTESIAN_POINT ( 'NONE',  ( 9.215723020487988748, 4.091073788932123811, 0.3499999999999996447 ) ) ;
#3427 = CARTESIAN_POINT ( 'NONE',  ( 9.810000000000000497, 8.000000000000000000, 0.3499999999999999778 ) ) ;
#3428 = CARTESIAN_POINT ( 'NONE',  ( 3.240000000000000657, 0.5000000000000006661, 0.3499999999999998668 ) ) ;
#3429 = B_SPLINE_CURVE_WITH_KNOTS ( 'NONE', 3,
 ( #3125, #9061, #7639, #6764 ),
 .UNSPECIFIED., .F., .F.,
 ( 4, 4 ),
 ( 0.000000000000000000, 1.000000000000000000 ),
 .UNSPECIFIED. ) ;
#3430 =( BOUNDED_CURVE ( )  B_SPLINE_CURVE ( 3, ( #4890, #7888, #7208, #2599 ),
 .UNSPECIFIED., .F., .F. ) 
 B_SPLINE_CURVE_WITH_KNOTS ( ( 4, 4 ),
 ( 1.570796326794896336, 2.359101780428492390 ),
 .UNSPECIFIED. ) 
 CURVE ( )  GEOMETRIC_REPRESENTATION_ITEM ( )  RATIONAL_B_SPLINE_CURVE ( ( 1.000000000000000000, 0.9488815137910384667, 0.9488815137910384667, 1.000000000000000000 ) ) 
 REPRESENTATION_ITEM ( '' )  );
#3431 = VECTOR ( 'NONE', #6845, 1000.000000000000000 ) ;
#3432 = ADVANCED_FACE ( 'NONE', ( #8407 ), #6457, .T. ) ;
#3433 = EDGE_CURVE ( 'NONE', #3608, #2539, #7395, .T. ) ;
#3434 = LINE ( 'NONE', #314, #3473 ) ;
#3435 = ORIENTED_EDGE ( 'NONE', *, *, #2052, .T. ) ;
#3436 = VERTEX_POINT ( 'NONE', #7916 ) ;
#3437 = CARTESIAN_POINT ( 'NONE',  ( 6.080000000000000071, 6.500000000000000888, -0.3500000000000010880 ) ) ;
#3438 = AXIS2_PLACEMENT_3D ( 'NONE', #6299, #7804, #6165 ) ;
#3439 = CARTESIAN_POINT ( 'NONE',  ( 5.543356898907902064, 1.699999999999999289, 0.3499999999999997558 ) ) ;
#3440 = VERTEX_POINT ( 'NONE', #8701 ) ;
#3441 = CARTESIAN_POINT ( 'NONE',  ( 4.729999999999999538, 0.000000000000000000, 0.3499999999999999778 ) ) ;
#3442 =( NAMED_UNIT ( * ) SI_UNIT ( $, .STERADIAN. ) SOLID_ANGLE_UNIT ( ) );
#3443 = CARTESIAN_POINT ( 'NONE',  ( 7.620000000000000107, 1.700000000000000178, 0.3499999999999997002 ) ) ;
#3444 = EDGE_CURVE ( 'NONE', #146, #1505, #1960, .T. ) ;
#3445 = EDGE_CURVE ( 'NONE', #8498, #3681, #380, .T. ) ;
#3446 = DIRECTION ( 'NONE',  ( -0.000000000000000000, -1.000000000000000000, 1.668003342285391551E-16 ) ) ;
#3447 = ORIENTED_EDGE ( 'NONE', *, *, #1891, .F. ) ;
#3448 = CARTESIAN_POINT ( 'NONE',  ( 2.890000000000001013, -2.800000000000001155, 0.3499999999999998668 ) ) ;
#3449 = CARTESIAN_POINT ( 'NONE',  ( -1.469999999999999973, 8.500000000000000000, -1.199999999999999956 ) ) ;
#3450 = ORIENTED_EDGE ( 'NONE', *, *, #2233, .T. ) ;
#3451 = LINE ( 'NONE', #6272, #9568 ) ;
#3452 = PRESENTATION_LAYER_ASSIGNMENT (  '', '', ( #7327 ) ) ;
#3453 =( NAMED_UNIT ( * ) SI_UNIT ( $, .STERADIAN. ) SOLID_ANGLE_UNIT ( ) );
#3454 = CARTESIAN_POINT ( 'NONE',  ( 1.540000000000000480, 1.800000000000000488, -0.1283333333333335768 ) ) ;
#3455 = CARTESIAN_POINT ( 'NONE',  ( 4.299430448028449980, 5.815522798723462117, 0.3499999999999998113 ) ) ;
#3456 = EDGE_LOOP ( 'NONE', ( #7524, #886, #3669, #7480, #3351, #6512, #3794, #6115 ) ) ;
#3457 = ORIENTED_EDGE ( 'NONE', *, *, #8448, .F. ) ;
#3458 = DIRECTION ( 'NONE',  ( -1.000000000000000000, 0.000000000000000000, 7.744301232039316681E-17 ) ) ;
#3459 = PRESENTATION_STYLE_ASSIGNMENT (( #2576 ) ) ;
#3460 = CARTESIAN_POINT ( 'NONE',  ( 0.6000000000000005329, 6.299999999999999822, 0.3499999999999999778 ) ) ;
#3461 = AXIS2_PLACEMENT_3D ( 'NONE', #8815, #5840, #5741 ) ;
#3462 = SURFACE_STYLE_USAGE ( .BOTH. , #2120 ) ;
#3463 = EDGE_CURVE ( 'NONE', #1384, #796, #8605, .T. ) ;
#3464 = CARTESIAN_POINT ( 'NONE',  ( 1.540000000000000480, 1.800000000000000488, 0.3499999999999998668 ) ) ;
#3465 = ADVANCED_FACE ( 'NONE', ( #1278 ), #485, .F. ) ;
#3466 = CYLINDRICAL_SURFACE ( 'NONE', #7664, 0.2000000000000005107 ) ;
#3467 = EDGE_CURVE ( 'NONE', #3422, #2299, #7235, .T. ) ;
#3468 = CARTESIAN_POINT ( 'NONE',  ( 4.754744180118195551, 5.589454083063166046, 0.3499999999999998113 ) ) ;
#3469 = ORIENTED_EDGE ( 'NONE', *, *, #4687, .T. ) ;
#3470 = FACE_OUTER_BOUND ( 'NONE', #4361, .T. ) ;
#3471 = VERTEX_POINT ( 'NONE', #532 ) ;
#3472 = SURFACE_STYLE_USAGE ( .BOTH. , #1100 ) ;
#3473 = VECTOR ( 'NONE', #4254, 1000.000000000000000 ) ;
#3474 = VECTOR ( 'NONE', #229, 1000.000000000000000 ) ;
#3475 = ADVANCED_FACE ( 'NONE', ( #2766 ), #4963, .F. ) ;
#3476 = DIRECTION ( 'NONE',  ( 0.000000000000000000, 0.000000000000000000, -1.000000000000000000 ) ) ;
#3477 = DIRECTION ( 'NONE',  ( 0.000000000000000000, 0.000000000000000000, -1.000000000000000000 ) ) ;
#3478 = LINE ( 'NONE', #4887, #376 ) ;
#3479 = CARTESIAN_POINT ( 'NONE',  ( 0.000000000000000000, 6.299999999999999822, 0.3499999999999999778 ) ) ;
#3480 = VECTOR ( 'NONE', #8219, 1000.000000000000000 ) ;
#3481 = CARTESIAN_POINT ( 'NONE',  ( 6.620000000000000995, 1.800000000000000488, -0.3500000000000002554 ) ) ;
#3482 = ORIENTED_EDGE ( 'NONE', *, *, #8625, .T. ) ;
#3483 = AXIS2_PLACEMENT_3D ( 'NONE', #4289, #9410, #7250 ) ;
#3484 = ORIENTED_EDGE ( 'NONE', *, *, #7218, .T. ) ;
#3485 = CARTESIAN_POINT ( 'NONE',  ( 1.940000000000000613, 6.299999999999999822, -0.3500000000000000888 ) ) ;
#3486 = DIRECTION ( 'NONE',  ( 1.000000000000000000, 0.000000000000000000, 0.000000000000000000 ) ) ;
#3487 = FACE_OUTER_BOUND ( 'NONE', #9051, .T. ) ;
#3488 =( BOUNDED_CURVE ( )  B_SPLINE_CURVE ( 3, ( #3185, #6156, #356, #263, #6337, #4697, #7654 ),
 .UNSPECIFIED., .F., .F. ) 
 B_SPLINE_CURVE_WITH_KNOTS ( ( 4, 3, 4 ),
 ( 0.8078321013870645162, 3.141592653589793116, 5.475353205792521827 ),
 .UNSPECIFIED. ) 
 CURVE ( )  GEOMETRIC_REPRESENTATION_ITEM ( )  RATIONAL_B_SPLINE_CURVE ( ( 1.000000000000000000, 0.5953481791230077480, 0.5953481791230077480, 1.000000000000000000, 0.5953481791230077480, 0.5953481791230077480, 1.000000000000000000 ) ) 
 REPRESENTATION_ITEM ( '' )  );
#3489 = VERTEX_POINT ( 'NONE', #7289 ) ;
#3490 = FILL_AREA_STYLE_COLOUR ( '', #7077 ) ;
#3491 = SURFACE_STYLE_FILL_AREA ( #2901 ) ;
#3492 = CARTESIAN_POINT ( 'NONE',  ( 6.025296937195550484, 4.071564961060393451, 0.3499999999999998113 ) ) ;
#3493 = ORIENTED_EDGE ( 'NONE', *, *, #4753, .F. ) ;
#3494 = EDGE_CURVE ( 'NONE', #468, #845, #7864, .T. ) ;
#3495 = LINE ( 'NONE', #8743, #4410 ) ;
#3496 = EDGE_CURVE ( 'NONE', #3903, #7209, #7088, .T. ) ;
#3497 = ORIENTED_EDGE ( 'NONE', *, *, #6401, .T. ) ;
#3498 = DIRECTION ( 'NONE',  ( 0.000000000000000000, 1.000000000000000000, -1.668003342285391551E-16 ) ) ;
#3499 = CARTESIAN_POINT ( 'NONE',  ( 1.540000000000000480, 1.800000000000000488, 0.1283333333333335213 ) ) ;
#3500 = DIRECTION ( 'NONE',  ( -0.5000000000000001110, -0.8660254037844385966, 0.000000000000000000 ) ) ;
#3501 = ORIENTED_EDGE ( 'NONE', *, *, #2839, .F. ) ;
#3502 = VECTOR ( 'NONE', #6857, 1000.000000000000000 ) ;
#3503 = VERTEX_POINT ( 'NONE', #2682 ) ;
#3504 = CARTESIAN_POINT ( 'NONE',  ( 5.766754932607761397, 8.000000000000000000, 0.6500000000000000222 ) ) ;
#3505 = DIRECTION ( 'NONE',  ( -1.121588454295349780E-16, 1.000000000000000000, 0.000000000000000000 ) ) ;
#3506 = CARTESIAN_POINT ( 'NONE',  ( 3.540000000000000480, 1.800000000000000488, 0.3849999999999998423 ) ) ;
#3507 =( NAMED_UNIT ( * ) PLANE_ANGLE_UNIT ( ) SI_UNIT ( $, .RADIAN. ) );
#3508 = DIRECTION ( 'NONE',  ( 1.121588454295349533E-16, -1.000000000000000000, 0.000000000000000000 ) ) ;
#3509 = CARTESIAN_POINT ( 'NONE',  ( 7.620000000000000107, 0.5000000000000005551, 0.3499999999999997002 ) ) ;
#3510 = CARTESIAN_POINT ( 'NONE',  ( 3.540000000000000480, 1.800000000000000488, 0.1166666666666664742 ) ) ;
#3511 = STYLED_ITEM ( 'NONE', ( #6507 ), #450 ) ;
#3512 = ORIENTED_EDGE ( 'NONE', *, *, #4761, .F. ) ;
#3513 = UNCERTAINTY_MEASURE_WITH_UNIT (LENGTH_MEASURE( 1.000000000000000082E-05 ), #555, 'distance_accuracy_value', 'NONE');
#3514 = PLANE ( 'NONE',  #1306 ) ;
#3515 =( GEOMETRIC_REPRESENTATION_CONTEXT ( 3 ) GLOBAL_UNCERTAINTY_ASSIGNED_CONTEXT ( ( #2661 ) ) GLOBAL_UNIT_ASSIGNED_CONTEXT ( ( #814, #767, #8898 ) ) REPRESENTATION_CONTEXT ( 'NONE', 'WORKASPACE' ) );
#3516 = ORIENTED_EDGE ( 'NONE', *, *, #4534, .T. ) ;
#3517 = SURFACE_SIDE_STYLE ('',( #8825 ) ) ;
#3518 = EDGE_CURVE ( 'NONE', #9511, #8619, #846, .T. ) ;
#3519 = LINE ( 'NONE', #4448, #503 ) ;
#3520 = CARTESIAN_POINT ( 'NONE',  ( 5.766754932607761397, 0.5000000000000000000, -0.6500000000000013545 ) ) ;
#3521 = DIRECTION ( 'NONE',  ( 0.000000000000000000, 1.000000000000000000, -1.668003342285391797E-16 ) ) ;
#3522 = LINE ( 'NONE', #8672, #859 ) ;
#3523 = CARTESIAN_POINT ( 'NONE',  ( 9.290384757729338361, 8.500000000000000000, 0.000000000000000000 ) ) ;
#3524 = CARTESIAN_POINT ( 'NONE',  ( 8.497528552431161231, 5.050332720359885563, -0.3500000000000002554 ) ) ;
#3525 = ORIENTED_EDGE ( 'NONE', *, *, #5270, .T. ) ;
#3526 = VERTEX_POINT ( 'NONE', #5833 ) ;
#3527 = DIRECTION ( 'NONE',  ( 0.000000000000000000, 0.000000000000000000, -1.000000000000000000 ) ) ;
#3528 = AXIS2_PLACEMENT_3D ( 'NONE', #1299, #8830, #2134 ) ;
#3529 = CARTESIAN_POINT ( 'NONE',  ( 1.540000000000000480, 2.615493535618376608, 0.3499999999999998113 ) ) ;
#3530 = ORIENTED_EDGE ( 'NONE', *, *, #2508, .F. ) ;
#3531 =( NAMED_UNIT ( * ) PLANE_ANGLE_UNIT ( ) SI_UNIT ( $, .RADIAN. ) );
#3532 = CARTESIAN_POINT ( 'NONE',  ( 7.270000000000000462, 8.000000000000000000, 0.3499999999999999778 ) ) ;
#3533 = ORIENTED_EDGE ( 'NONE', *, *, #4743, .F. ) ;
#3534 =( NAMED_UNIT ( * ) SI_UNIT ( $, .STERADIAN. ) SOLID_ANGLE_UNIT ( ) );
#3535 = CARTESIAN_POINT ( 'NONE',  ( 0.7924853663132173098, 5.744802409713647862, 0.3499999999999999223 ) ) ;
#3536 = CARTESIAN_POINT ( 'NONE',  ( 5.430000000000000604, -2.800000000000001155, 0.3499999999999998113 ) ) ;
#3537 = DIRECTION ( 'NONE',  ( -1.000000000000000000, 0.000000000000000000, 0.000000000000000000 ) ) ;
#3538 = ORIENTED_EDGE ( 'NONE', *, *, #6082, .T. ) ;
#3539 = COLOUR_RGB ( '',0.8313725490196077761, 0.6705882352941175961, 0.1294117647058823373 ) ;
#3540 = DIRECTION ( 'NONE',  ( -0.000000000000000000, -0.000000000000000000, 1.000000000000000000 ) ) ;
#3541 = LINE ( 'NONE', #1915, #391 ) ;
#3542 = DIRECTION ( 'NONE',  ( -0.000000000000000000, 1.668003342285391551E-16, 1.000000000000000000 ) ) ;
#3543 = ORIENTED_EDGE ( 'NONE', *, *, #1355, .F. ) ;
#3544 = VECTOR ( 'NONE', #4491, 1000.000000000000000 ) ;
#3545 = ORIENTED_EDGE ( 'NONE', *, *, #3772, .F. ) ;
#3546 = LINE ( 'NONE', #5012, #8796 ) ;
#3547 = VECTOR ( 'NONE', #2380, 1000.000000000000000 ) ;
#3548 = DIRECTION ( 'NONE',  ( 0.000000000000000000, 1.000000000000000000, -3.097720492815727166E-16 ) ) ;
#3549 = DIRECTION ( 'NONE',  ( 0.000000000000000000, -0.000000000000000000, -1.000000000000000000 ) ) ;
#3550 = CARTESIAN_POINT ( 'NONE',  ( 3.540000000000001368, 6.299999999999999822, -0.3850000000000000644 ) ) ;
#3551 = CARTESIAN_POINT ( 'NONE',  ( 0.000000000000000000, 8.500000000000000000, 0.8696152422706630025 ) ) ;
#3552 = AXIS2_PLACEMENT_3D ( 'NONE', #815, #6780, #4517 ) ;
#3553 = DIRECTION ( 'NONE',  ( -0.000000000000000000, -0.000000000000000000, 1.000000000000000000 ) ) ;
#3554 = COLOUR_RGB ( '',0.8313725490196077761, 0.6705882352941175961, 0.1294117647058823373 ) ;
#3555 = DIRECTION ( 'NONE',  ( 0.000000000000000000, 0.000000000000000000, 1.000000000000000000 ) ) ;
#3556 = PRESENTATION_STYLE_ASSIGNMENT (( #7246 ) ) ;
#3557 = CARTESIAN_POINT ( 'NONE',  ( 5.080000000000000071, 6.500000000000000888, -1.155688030012021264E-15 ) ) ;
#3558 = ORIENTED_EDGE ( 'NONE', *, *, #5233, .F. ) ;
#3559 = CARTESIAN_POINT ( 'NONE',  ( 0.6000000000000005329, 6.299999999999999822, -0.3499999999999999778 ) ) ;
#3560 = ORIENTED_EDGE ( 'NONE', *, *, #7438, .F. ) ;
#3561 =( GEOMETRIC_REPRESENTATION_CONTEXT ( 3 ) GLOBAL_UNCERTAINTY_ASSIGNED_CONTEXT ( ( #7293 ) ) GLOBAL_UNIT_ASSIGNED_CONTEXT ( ( #306, #9214, #2544 ) ) REPRESENTATION_CONTEXT ( 'NONE', 'WORKASPACE' ) );
#3562 = MECHANICAL_DESIGN_GEOMETRIC_PRESENTATION_REPRESENTATION (  '', ( #7751 ), #1043 ) ;
#3563 = CARTESIAN_POINT ( 'NONE',  ( 0.000000000000000000, 6.299999999999999822, 0.3499999999999999778 ) ) ;
#3564 = DIRECTION ( 'NONE',  ( -0.000000000000000000, -0.000000000000000000, 1.000000000000000000 ) ) ;
#3565 = STYLED_ITEM ( 'NONE', ( #2717 ), #6421 ) ;
#3566 = EDGE_CURVE ( 'NONE', #4479, #1213, #2867, .T. ) ;
#3567 = DIRECTION ( 'NONE',  ( 0.000000000000000000, 0.000000000000000000, -1.000000000000000000 ) ) ;
#3568 = EDGE_CURVE ( 'NONE', #4840, #7725, #7377, .T. ) ;
#3569 = DIRECTION ( 'NONE',  ( 0.000000000000000000, 3.097720492815727166E-16, 1.000000000000000000 ) ) ;
#3570 =( LENGTH_UNIT ( ) NAMED_UNIT ( * ) SI_UNIT ( .MILLI., .METRE. ) );
#3571 = ORIENTED_EDGE ( 'NONE', *, *, #6536, .F. ) ;
#3572 = PRESENTATION_LAYER_ASSIGNMENT (  '', '', ( #1050 ) ) ;
#3573 = MECHANICAL_DESIGN_GEOMETRIC_PRESENTATION_REPRESENTATION (  '', ( #9168 ), #102 ) ;
#3574 = ORIENTED_EDGE ( 'NONE', *, *, #6056, .T. ) ;
#3575 = PRESENTATION_STYLE_ASSIGNMENT (( #3623 ) ) ;
#3576 = LINE ( 'NONE', #619, #7908 ) ;
#3577 = VERTEX_POINT ( 'NONE', #6650 ) ;
#3578 = CARTESIAN_POINT ( 'NONE',  ( 10.16000000000000014, 1.700000000000000178, 0.3499999999999996447 ) ) ;
#3579 = MECHANICAL_DESIGN_GEOMETRIC_PRESENTATION_REPRESENTATION (  '', ( #7769 ), #4832 ) ;
#3580 = EDGE_CURVE ( 'NONE', #5611, #6265, #5882, .T. ) ;
#3581 = CARTESIAN_POINT ( 'NONE',  ( 7.120000000000000995, 6.299999999999999822, 0.3499999999999997002 ) ) ;
#3582 = CARTESIAN_POINT ( 'NONE',  ( -0.6867549326077613259, 0.5000000000000000000, -0.6500000000000013545 ) ) ;
#3583 = VERTEX_POINT ( 'NONE', #3783 ) ;
#3584 = PLANE ( 'NONE',  #7593 ) ;
#3585 = DIRECTION ( 'NONE',  ( -1.000000000000000000, -0.000000000000000000, -0.000000000000000000 ) ) ;
#3586 = STYLED_ITEM ( 'NONE', ( #5095 ), #7594 ) ;
#3587 = DIRECTION ( 'NONE',  ( 1.121588454295349533E-16, -1.000000000000000000, 0.000000000000000000 ) ) ;
#3588 = CARTESIAN_POINT ( 'NONE',  ( 3.240000000000000657, 0.8000000000000007105, 0.3499999999999998668 ) ) ;
#3589 = ORIENTED_EDGE ( 'NONE', *, *, #746, .F. ) ;
#3590 = CARTESIAN_POINT ( 'NONE',  ( -0.6867549326077613259, 10.39117142264903570, -0.3500000000000017542 ) ) ;
#3591 = CARTESIAN_POINT ( 'NONE',  ( -0.9730462009244510435, 3.450480068928324595, -0.3499999999999999778 ) ) ;
#3592 = SURFACE_STYLE_FILL_AREA ( #6062 ) ;
#3593 = CARTESIAN_POINT ( 'NONE',  ( 4.344957989553972943, 6.043840788194787095, 0.3499999999999997558 ) ) ;
#3594 = ORIENTED_EDGE ( 'NONE', *, *, #3496, .F. ) ;
#3595 = UNCERTAINTY_MEASURE_WITH_UNIT (LENGTH_MEASURE( 1.000000000000000082E-05 ), #6395, 'distance_accuracy_value', 'NONE');
#3596 = EDGE_LOOP ( 'NONE', ( #6846, #7186, #8389, #1083 ) ) ;
#3597 = DIRECTION ( 'NONE',  ( -1.000000000000000000, 0.000000000000000000, 7.744301232039316681E-17 ) ) ;
#3598 = PRESENTATION_STYLE_ASSIGNMENT (( #3462 ) ) ;
#3599 = DIRECTION ( 'NONE',  ( 1.000000000000000000, 0.000000000000000000, 0.000000000000000000 ) ) ;
#3600 = ADVANCED_FACE ( 'NONE', ( #631 ), #9632, .F. ) ;
#3601 = LINE ( 'NONE', #4440, #8133 ) ;
#3602 = CARTESIAN_POINT ( 'NONE',  ( 2.189999999999999947, 8.200000000000001066, 0.3499999999999999778 ) ) ;
#3603 = DIRECTION ( 'NONE',  ( -1.000000000000000000, 0.000000000000000000, 7.744301232039316681E-17 ) ) ;
#3604 = ORIENTED_EDGE ( 'NONE', *, *, #2476, .T. ) ;
#3605 = ORIENTED_EDGE ( 'NONE', *, *, #3798, .F. ) ;
#3606 =( NAMED_UNIT ( * ) SI_UNIT ( $, .STERADIAN. ) SOLID_ANGLE_UNIT ( ) );
#3607 = AXIS2_PLACEMENT_3D ( 'NONE', #5243, #9691, #9139 ) ;
#3608 = VERTEX_POINT ( 'NONE', #6701 ) ;
#3609 =( NAMED_UNIT ( * ) SI_UNIT ( $, .STERADIAN. ) SOLID_ANGLE_UNIT ( ) );
#3610 = LINE ( 'NONE', #3705, #7587 ) ;
#3611 = FACE_OUTER_BOUND ( 'NONE', #6130, .T. ) ;
#3612 = ADVANCED_FACE ( 'NONE', ( #8159 ), #5238, .F. ) ;
#3613 = CARTESIAN_POINT ( 'NONE',  ( 11.16000000000000725, 2.615493535622418708, -0.3500000000000004774 ) ) ;
#3614 = PRESENTATION_LAYER_ASSIGNMENT (  '', '', ( #3291 ) ) ;
#3616 = CARTESIAN_POINT ( 'NONE',  ( 9.810000000000000497, 0.000000000000000000, 0.3499999999999999778 ) ) ;
#3615 = VECTOR ( 'NONE', #1085, 1000.000000000000114 ) ;
#3617 = EDGE_CURVE ( 'NONE', #3745, #8104, #3826, .T. ) ;
#3618 = CARTESIAN_POINT ( 'NONE',  ( 1.751843070995635410, 5.771059683742045365, -0.3500000000000000888 ) ) ;
#3619 = CARTESIAN_POINT ( 'NONE',  ( 0.8506397697902693400, 5.307482533055135399, -0.3499999999999999778 ) ) ;
#3620 = ORIENTED_EDGE ( 'NONE', *, *, #8165, .F. ) ;
#3621 = VERTEX_POINT ( 'NONE', #37 ) ;
#3622 = VECTOR ( 'NONE', #933, 1000.000000000000000 ) ;
#3623 = SURFACE_STYLE_USAGE ( .BOTH. , #9668 ) ;
#3624 = CARTESIAN_POINT ( 'NONE',  ( 9.810000000000000497, 8.200000000000001066, 0.3499999999999999778 ) ) ;
#3625 = ORIENTED_EDGE ( 'NONE', *, *, #7491, .T. ) ;
#3626 = CARTESIAN_POINT ( 'NONE',  ( 10.80546647852730580, 3.877691542223589138, -0.3500000000000003109 ) ) ;
#3627 = FILL_AREA_STYLE ('',( #7272 ) ) ;
#3628 = MECHANICAL_DESIGN_GEOMETRIC_PRESENTATION_REPRESENTATION (  '', ( #8917 ), #2854 ) ;
#3629 = ORIENTED_EDGE ( 'NONE', *, *, #7516, .F. ) ;
#3630 = CARTESIAN_POINT ( 'NONE',  ( 4.290396961982261281, 5.762359718947903886, -0.3500000000000001443 ) ) ;
#3631 = DIRECTION ( 'NONE',  ( -0.7071067811865489050, 0.7071067811865460184, -0.000000000000000000 ) ) ;
#3632 = EDGE_CURVE ( 'NONE', #3717, #2728, #8860, .T. ) ;
#3633 = PRESENTATION_STYLE_ASSIGNMENT (( #5928 ) ) ;
#3634 =( NAMED_UNIT ( * ) SI_UNIT ( $, .STERADIAN. ) SOLID_ANGLE_UNIT ( ) );
#3635 = ADVANCED_FACE ( 'NONE', ( #4377 ), #4572, .F. ) ;
#3636 = CARTESIAN_POINT ( 'NONE',  ( 0.000000000000000000, 0.000000000000000000, 0.3499999999999999778 ) ) ;
#3637 = ORIENTED_EDGE ( 'NONE', *, *, #3947, .F. ) ;
#3638 = UNCERTAINTY_MEASURE_WITH_UNIT (LENGTH_MEASURE( 1.000000000000000082E-05 ), #8076, 'distance_accuracy_value', 'NONE');
#3639 = UNCERTAINTY_MEASURE_WITH_UNIT (LENGTH_MEASURE( 1.000000000000000082E-05 ), #3122, 'distance_accuracy_value', 'NONE');
#3640 = CARTESIAN_POINT ( 'NONE',  ( -0.8749941293856292601, 5.069026963383188367, -0.3499999999999999778 ) ) ;
#3641 =( LENGTH_UNIT ( ) NAMED_UNIT ( * ) SI_UNIT ( .MILLI., .METRE. ) );
#3642 = EDGE_LOOP ( 'NONE', ( #1624, #7627, #7675, #3571 ) ) ;
#3643 = VERTEX_POINT ( 'NONE', #6219 ) ;
#3644 = PLANE ( 'NONE',  #4712 ) ;
#3645 =( NAMED_UNIT ( * ) SI_UNIT ( $, .STERADIAN. ) SOLID_ANGLE_UNIT ( ) );
#3646 = FACE_OUTER_BOUND ( 'NONE', #7070, .T. ) ;
#3647 = DIRECTION ( 'NONE',  ( -0.000000000000000000, -0.000000000000000000, -1.000000000000000000 ) ) ;
#3648 = CARTESIAN_POINT ( 'NONE',  ( 11.10529693719554878, 4.071564961060393451, 0.3499999999999996447 ) ) ;
#3649 = CARTESIAN_POINT ( 'NONE',  ( 5.920388738771239723, 5.398486016527106024, -0.3500000000000001443 ) ) ;
#3650 = CARTESIAN_POINT ( 'NONE',  ( 9.473245067392239704, 8.000000000000000000, -0.6500000000000025757 ) ) ;
#3651 = CARTESIAN_POINT ( 'NONE',  ( 2.076643101092097154, 1.700000000000002398, -0.3500000000000000888 ) ) ;
#3652 = EDGE_LOOP ( 'NONE', ( #8064, #3206, #4288, #8769 ) ) ;
#3653 = VECTOR ( 'NONE', #5808, 1000.000000000000000 ) ;
#3654 = ORIENTED_EDGE ( 'NONE', *, *, #5938, .F. ) ;
#3655 = CARTESIAN_POINT ( 'NONE',  ( 11.02961524227066370, 8.500000000000000000, 0.8696152422706630025 ) ) ;
#3656 = EDGE_CURVE ( 'NONE', #870, #2129, #9087, .T. ) ;
#3657 = VERTEX_POINT ( 'NONE', #4713 ) ;
#3658 = DIRECTION ( 'NONE',  ( -1.121588454295349780E-16, 1.000000000000000000, 0.000000000000000000 ) ) ;
#3659 = LINE ( 'NONE', #3563, #4740 ) ;
#3660 = CARTESIAN_POINT ( 'NONE',  ( 9.310816522019157659, 5.324198710740768448, -0.3500000000000003664 ) ) ;
#3661 = LINE ( 'NONE', #3708, #4745 ) ;
#3662 = DIRECTION ( 'NONE',  ( 0.000000000000000000, -0.000000000000000000, -1.000000000000000000 ) ) ;
#3663 = DIRECTION ( 'NONE',  ( -1.000000000000000000, 0.000000000000000000, -0.000000000000000000 ) ) ;
#3664 = AXIS2_PLACEMENT_3D ( 'NONE', #1871, #2685, #7973 ) ;
#3665 = CARTESIAN_POINT ( 'NONE',  ( 1.593063051753866866, 4.039780281224067515, -0.3500000000000001443 ) ) ;
#3666 =( NAMED_UNIT ( * ) PLANE_ANGLE_UNIT ( ) SI_UNIT ( $, .RADIAN. ) );
#3667 = ORIENTED_EDGE ( 'NONE', *, *, #8969, .F. ) ;
#3668 = DIRECTION ( 'NONE',  ( 0.000000000000000000, 3.097720492815727166E-16, 1.000000000000000000 ) ) ;
#3669 = ORIENTED_EDGE ( 'NONE', *, *, #2217, .F. ) ;
#3670 = SURFACE_STYLE_FILL_AREA ( #7995 ) ;
#3671 = DIRECTION ( 'NONE',  ( -0.000000000000000000, -1.000000000000000000, 1.668003342285391551E-16 ) ) ;
#3672 = PRESENTATION_LAYER_ASSIGNMENT (  '', '', ( #7701 ) ) ;
#3673 = LINE ( 'NONE', #9515, #1990 ) ;
#3674 = ORIENTED_EDGE ( 'NONE', *, *, #1308, .F. ) ;
#3675 = LINE ( 'NONE', #6108, #2744 ) ;
#3676 = PLANE ( 'NONE',  #7264 ) ;
#3677 = ORIENTED_EDGE ( 'NONE', *, *, #8858, .T. ) ;
#3678 = EDGE_CURVE ( 'NONE', #2422, #7023, #1750, .T. ) ;
#3679 = CARTESIAN_POINT ( 'NONE',  ( 4.292878007498406312, 5.777242093666543177, -0.3500000000000000888 ) ) ;
#3680 = LINE ( 'NONE', #3874, #4058 ) ;
#3681 = VERTEX_POINT ( 'NONE', #1612 ) ;
#3682 =( NAMED_UNIT ( * ) PLANE_ANGLE_UNIT ( ) SI_UNIT ( $, .RADIAN. ) );
#3683 = EDGE_CURVE ( 'NONE', #4865, #3952, #2415, .T. ) ;
#3684 = FACE_OUTER_BOUND ( 'NONE', #33, .T. ) ;
#3685 = SURFACE_STYLE_FILL_AREA ( #7515 ) ;
#3686 = B_SPLINE_CURVE_WITH_KNOTS ( 'NONE', 3,
 ( #8290, #1602, #864, #121, #6248, #6916, #5472, #4737, #9118, #6155, #3225, #8429, #1737, #1003, #3184, #2442, #309, #5518, #5618, #210, #3957, #4003, #3912, #6966, #6201, #9170, #913, #2494, #7693, #6870, #7748, #5565, #262 ),
 .UNSPECIFIED., .F., .F.,
 ( 4, 1, 1, 1, 1, 1, 1, 2, 2, 1, 1, 1, 1, 1, 2, 2, 1, 1, 1, 1, 1, 1, 2, 2, 4 ),
 ( 0.000000000000000000, 0.2500000000000361933, 0.3750000000000542899, 0.4375000000000633382, 0.4687500000000678346, 0.4843750000000696665, 0.4921875000000702771, 0.4960937500000705547, 0.5000000000000708322, 0.6250000000000717204, 0.6875000000000718314, 0.7187500000000719425, 0.7343750000000720535, 0.7421875000000720535, 0.7460937500000717204, 0.7500000000000713873, 0.8125000000000683897, 0.8437500000000672795, 0.8593750000000668354, 0.8671875000000666134, 0.8710937500000665024, 0.8730468750000660583, 0.8740234375000656142, 0.8750000000000650591, 1.000000000000000000 ),
 .UNSPECIFIED. ) ;
#3687 = ORIENTED_EDGE ( 'NONE', *, *, #5066, .F. ) ;
#3688 = VERTEX_POINT ( 'NONE', #5340 ) ;
#3689 = CARTESIAN_POINT ( 'NONE',  ( 4.631806954577858626, 5.884855341312110077, 0.3499999999999998113 ) ) ;
#3690 = LINE ( 'NONE', #8118, #8913 ) ;
#3691 = COLOUR_RGB ( '',0.8313725490196077761, 0.6705882352941175961, 0.1294117647058823373 ) ;
#3692 = FILL_AREA_STYLE ('',( #1283 ) ) ;
#3693 = ORIENTED_EDGE ( 'NONE', *, *, #1170, .F. ) ;
#3694 = UNCERTAINTY_MEASURE_WITH_UNIT (LENGTH_MEASURE( 1.000000000000000082E-05 ), #7984, 'distance_accuracy_value', 'NONE');
#3695 = CARTESIAN_POINT ( 'NONE',  ( 5.930639769790269966, 5.307482533055136287, -0.3500000000000001443 ) ) ;
#3696 = LINE ( 'NONE', #641, #8515 ) ;
#3697 = CARTESIAN_POINT ( 'NONE',  ( 6.974533521472694453, 3.877691542223589138, -0.3500000000000002554 ) ) ;
#3698 =( GEOMETRIC_REPRESENTATION_CONTEXT ( 3 ) GLOBAL_UNCERTAINTY_ASSIGNED_CONTEXT ( ( #8413 ) ) GLOBAL_UNIT_ASSIGNED_CONTEXT ( ( #4689, #6909, #4732 ) ) REPRESENTATION_CONTEXT ( 'NONE', 'WORKASPACE' ) );
#3699 = ORIENTED_EDGE ( 'NONE', *, *, #6195, .T. ) ;
#3700 = CARTESIAN_POINT ( 'NONE',  ( 4.080000000000000071, 1.800000000000000488, 0.1283333333333334381 ) ) ;
#3701 = VERTEX_POINT ( 'NONE', #9187 ) ;
#3702 = CIRCLE ( 'NONE', #3087, 0.2000000000000005107 ) ;
#3703 = SURFACE_SIDE_STYLE ('',( #6673 ) ) ;
#3704 = COLOUR_RGB ( '',0.8313725490196077761, 0.6705882352941175961, 0.1294117647058823373 ) ;
#3705 = CARTESIAN_POINT ( 'NONE',  ( 4.730000000000001315, -2.800000000000001155, 0.3499999999999998113 ) ) ;
#3706 = AXIS2_PLACEMENT_3D ( 'NONE', #7640, #4640, #2433 ) ;
#3707 = CARTESIAN_POINT ( 'NONE',  ( 9.166881821040568923, 2.798202530627315721, -0.3500000000000003664 ) ) ;
#3708 = CARTESIAN_POINT ( 'NONE',  ( 10.48184573388397922, 5.626229152235330488, -3.363509640443580300E-16 ) ) ;
#3709 = SURFACE_STYLE_USAGE ( .BOTH. , #5175 ) ;
#3710 =( GEOMETRIC_REPRESENTATION_CONTEXT ( 3 ) GLOBAL_UNCERTAINTY_ASSIGNED_CONTEXT ( ( #2964 ) ) GLOBAL_UNIT_ASSIGNED_CONTEXT ( ( #4039, #6322, #2530 ) ) REPRESENTATION_CONTEXT ( 'NONE', 'WORKASPACE' ) );
#3711 = LINE ( 'NONE', #3760, #1826 ) ;
#3712 = CIRCLE ( 'NONE', #3864, 0.2999999999999999334 ) ;
#3713 = LINE ( 'NONE', #9556, #8431 ) ;
#3714 = ORIENTED_EDGE ( 'NONE', *, *, #1883, .F. ) ;
#3715 = PRESENTATION_LAYER_ASSIGNMENT (  '', '', ( #7898 ) ) ;
#3716 = CARTESIAN_POINT ( 'NONE',  ( 7.570000000000000284, 8.026794919243112503, -0.04999999999999996808 ) ) ;
#3717 = VERTEX_POINT ( 'NONE', #1802 ) ;
#3718 = EDGE_CURVE ( 'NONE', #7165, #8920, #3200, .T. ) ;
#3719 = CARTESIAN_POINT ( 'NONE',  ( 7.970000000000001528, -2.800000000000001155, -0.3500000000000002554 ) ) ;
#3720 = AXIS2_PLACEMENT_3D ( 'NONE', #4808, #7714, #5539 ) ;
#3721 = CARTESIAN_POINT ( 'NONE',  ( 6.830396961982260429, 5.762359718947905662, -0.3500000000000003109 ) ) ;
#3722 =( LENGTH_UNIT ( ) NAMED_UNIT ( * ) SI_UNIT ( .MILLI., .METRE. ) );
#3723 = ORIENTED_EDGE ( 'NONE', *, *, #528, .F. ) ;
#3724 = FACE_OUTER_BOUND ( 'NONE', #9243, .T. ) ;
#3725 = FACE_OUTER_BOUND ( 'NONE', #9183, .T. ) ;
#3726 = VECTOR ( 'NONE', #5221, 1000.000000000000000 ) ;
#3727 = VECTOR ( 'NONE', #4092, 1000.000000000000000 ) ;
#3728 = ORIENTED_EDGE ( 'NONE', *, *, #1717, .T. ) ;
#3729 = CARTESIAN_POINT ( 'NONE',  ( 4.218770099106167848, 5.207834124282345378, -0.3500000000000001998 ) ) ;
#3730 = PLANE ( 'NONE',  #8361 ) ;
#3731 = VECTOR ( 'NONE', #1042, 1000.000000000000000 ) ;
#3732 = VECTOR ( 'NONE', #5510, 1000.000000000000000 ) ;
#3733 = CARTESIAN_POINT ( 'NONE',  ( 9.160000000000001918, 0.5000000000000000000, -0.3500000000000000888 ) ) ;
#3734 = PLANE ( 'NONE',  #6221 ) ;
#3735 = ORIENTED_EDGE ( 'NONE', *, *, #7955, .T. ) ;
#3736 = EDGE_CURVE ( 'NONE', #6575, #8390, #3976, .T. ) ;
#3737 = CARTESIAN_POINT ( 'NONE',  ( 4.631806954577857738, 5.884855341312109189, 0.3499999999999998668 ) ) ;
#3738 = DIRECTION ( 'NONE',  ( 0.000000000000000000, -1.668003342285391551E-16, -1.000000000000000000 ) ) ;
#3739 = VECTOR ( 'NONE', #7001, 1000.000000000000000 ) ;
#3740 = CARTESIAN_POINT ( 'NONE',  ( 4.136432165885828738, 4.104507585657485080, 0.3499999999999997558 ) ) ;
#3741 = EDGE_LOOP ( 'NONE', ( #8735, #7972, #5614, #6638, #1752, #2914, #1008, #9376 ) ) ;
#3742 = VECTOR ( 'NONE', #9193, 1000.000000000000114 ) ;
#3743 = DIRECTION ( 'NONE',  ( -0.000000000000000000, -1.000000000000000000, 1.668003342285391551E-16 ) ) ;
#3744 = CARTESIAN_POINT ( 'NONE',  ( 8.306754932607761432, 8.000000000000000000, -0.6500000000000025757 ) ) ;
#3745 = VERTEX_POINT ( 'NONE', #3292 ) ;
#3746 = VECTOR ( 'NONE', #4589, 1000.000000000000114 ) ;
#3747 = CARTESIAN_POINT ( 'NONE',  ( 10.82626621115081633, 6.298959448224885627, 0.3499999999999997002 ) ) ;
#3748 = LINE ( 'NONE', #838, #1973 ) ;
#3749 = CARTESIAN_POINT ( 'NONE',  ( 9.660000000000001918, 6.299999999999999822, -0.3500000000000003109 ) ) ;
#3750 = VERTEX_POINT ( 'NONE', #4805 ) ;
#3751 = DIRECTION ( 'NONE',  ( 1.000000000000000000, 1.084202172485504434E-16, 0.000000000000000000 ) ) ;
#3752 = ORIENTED_EDGE ( 'NONE', *, *, #8867, .F. ) ;
#3753 = EDGE_CURVE ( 'NONE', #6505, #2235, #4615, .T. ) ;
#3754 = DIRECTION ( 'NONE',  ( 1.000000000000000000, 0.000000000000000000, 0.000000000000000000 ) ) ;
#3755 = FILL_AREA_STYLE_COLOUR ( '', #976 ) ;
#3756 = CARTESIAN_POINT ( 'NONE',  ( 9.160000000000001918, 1.800000000000000488, -0.3500000000000003109 ) ) ;
#3757 = CARTESIAN_POINT ( 'NONE',  ( 11.01569018916591780, 5.260692584315792786, -0.3500000000000003109 ) ) ;
#3758 = FILL_AREA_STYLE ('',( #4503 ) ) ;
#3759 = CARTESIAN_POINT ( 'NONE',  ( 6.620000000000000995, 1.800000000000000488, -0.3850000000000001199 ) ) ;
#3760 = CARTESIAN_POINT ( 'NONE',  ( 1.540000000000000036, 6.500000000000000888, 0.3499999999999989231 ) ) ;
#3761 = COLOUR_RGB ( '',0.8313725490196077761, 0.6705882352941175961, 0.1294117647058823373 ) ;
#3762 = ORIENTED_EDGE ( 'NONE', *, *, #1095, .F. ) ;
#3763 = CARTESIAN_POINT ( 'NONE',  ( 11.63000000000000078, 0.5000000000000002220, 0.6500000000000010214 ) ) ;
#3764 = EDGE_LOOP ( 'NONE', ( #5978, #984, #2738, #191 ) ) ;
#3765 = SURFACE_SIDE_STYLE ('',( #4877 ) ) ;
#3766 = DIRECTION ( 'NONE',  ( -3.097720492815726426E-17, 1.000000000000000000, 0.000000000000000000 ) ) ;
#3767 = CIRCLE ( 'NONE', #466, 0.1999999999999999833 ) ;
#3768 = CARTESIAN_POINT ( 'NONE',  ( -1.469999999999999973, 8.500000000000000000, 1.199999999999999956 ) ) ;
#3769 = ORIENTED_EDGE ( 'NONE', *, *, #6758, .T. ) ;
#3770 = CARTESIAN_POINT ( 'NONE',  ( 8.619999999999999218, 6.299999999999999822, 0.3849999999999997313 ) ) ;
#3771 = LINE ( 'NONE', #7325, #6268 ) ;
#3772 = EDGE_CURVE ( 'NONE', #3105, #2539, #4019, .T. ) ;
#3773 = MANIFOLD_SOLID_BREP ( 'LPattern18[4]', #8015 ) ;
#3774 = ORIENTED_EDGE ( 'NONE', *, *, #8070, .F. ) ;
#3775 = CARTESIAN_POINT ( 'NONE',  ( 0.6000000000000005329, 6.299999999999999822, 0.3499999999999999778 ) ) ;
#3776 = CARTESIAN_POINT ( 'NONE',  ( 0.3500000000000009215, -2.800000000000001155, 0.3499999999999999778 ) ) ;
#3777 =( NAMED_UNIT ( * ) PLANE_ANGLE_UNIT ( ) SI_UNIT ( $, .RADIAN. ) );
#3778 = ORIENTED_EDGE ( 'NONE', *, *, #647, .F. ) ;
#3779 = EDGE_CURVE ( 'NONE', #6168, #6669, #4071, .T. ) ;
#3780 = MECHANICAL_DESIGN_GEOMETRIC_PRESENTATION_REPRESENTATION (  '', ( #9381 ), #4249 ) ;
#3781 = CARTESIAN_POINT ( 'NONE',  ( 4.580000000000001847, 6.084152315493286167, -0.3500000000000000333 ) ) ;
#3782 = CARTESIAN_POINT ( 'NONE',  ( -0.7982104639796570034, 5.709058272657557609, -0.3499999999999999223 ) ) ;
#3783 = CARTESIAN_POINT ( 'NONE',  ( 5.780000000000001137, 0.5000000000000006661, 0.3499999999999998113 ) ) ;
#3784 = VERTEX_POINT ( 'NONE', #5674 ) ;
#3785 = CARTESIAN_POINT ( 'NONE',  ( 4.480000000000000426, 6.299999999999999822, 0.3499999999999998113 ) ) ;
#3786 = EDGE_CURVE ( 'NONE', #5142, #6253, #7036, .T. ) ;
#3787 = EDGE_CURVE ( 'NONE', #535, #2683, #601, .T. ) ;
#3788 = CARTESIAN_POINT ( 'NONE',  ( 9.473245067392239704, 6.500000000000000888, -0.3500000000000010880 ) ) ;
#3789 = ORIENTED_EDGE ( 'NONE', *, *, #5666, .F. ) ;
#3790 = CARTESIAN_POINT ( 'NONE',  ( 7.620000000000000107, 6.299999999999999822, -0.3500000000000002554 ) ) ;
#3791 = LINE ( 'NONE', #9591, #3846 ) ;
#3792 = LINE ( 'NONE', #747, #5564 ) ;
#3793 = ORIENTED_EDGE ( 'NONE', *, *, #2174, .F. ) ;
#3794 = ORIENTED_EDGE ( 'NONE', *, *, #5776, .F. ) ;
#3795 =( NAMED_UNIT ( * ) PLANE_ANGLE_UNIT ( ) SI_UNIT ( $, .RADIAN. ) );
#3796 = CARTESIAN_POINT ( 'NONE',  ( 6.620000000000000995, 1.800000000000000488, 0.3499999999999997002 ) ) ;
#3797 = ORIENTED_EDGE ( 'NONE', *, *, #4054, .T. ) ;
#3798 = EDGE_CURVE ( 'NONE', #7236, #4965, #474, .T. ) ;
#3799 = DIRECTION ( 'NONE',  ( 0.000000000000000000, 0.000000000000000000, 1.000000000000000000 ) ) ;
#3800 = CARTESIAN_POINT ( 'NONE',  ( 3.039999999999998259, 6.299999999999999822, 0.3499999999999998668 ) ) ;
#3801 = CARTESIAN_POINT ( 'NONE',  ( 7.972524015545777942, 5.732672356334978403, 0.3499999999999997002 ) ) ;
#3802 = CARTESIAN_POINT ( 'NONE',  ( 11.16000000000000192, 1.800000000000000488, -0.3500000000000003109 ) ) ;
#3803 = CARTESIAN_POINT ( 'NONE',  ( 4.393245067392238745, 8.000000000000000000, -0.6500000000000030198 ) ) ;
#3804 = CARTESIAN_POINT ( 'NONE',  ( 7.020000000000000462, 6.299999999999999822, 0.1283333333333333548 ) ) ;
#3805 = CARTESIAN_POINT ( 'NONE',  ( -0.3525240155457798341, 5.732672356334980179, 0.3499999999999999778 ) ) ;
#3806 = EDGE_CURVE ( 'NONE', #5828, #5611, #6447, .T. ) ;
#3807 = EDGE_CURVE ( 'NONE', #2488, #8273, #8424, .T. ) ;
#3808 = ORIENTED_EDGE ( 'NONE', *, *, #2902, .F. ) ;
#3809 = DIRECTION ( 'NONE',  ( 1.121588454295349533E-16, -1.000000000000000000, 0.000000000000000000 ) ) ;
#3810 = ORIENTED_EDGE ( 'NONE', *, *, #6231, .F. ) ;
#3811 =( GEOMETRIC_REPRESENTATION_CONTEXT ( 3 ) GLOBAL_UNCERTAINTY_ASSIGNED_CONTEXT ( ( #7878 ) ) GLOBAL_UNIT_ASSIGNED_CONTEXT ( ( #1176, #7538, #3847 ) ) REPRESENTATION_CONTEXT ( 'NONE', 'WORKASPACE' ) );
#3812 = CARTESIAN_POINT ( 'NONE',  ( 7.970000000000001528, 1.084202172485506745E-17, 0.3499999999999997002 ) ) ;
#3813 = ORIENTED_EDGE ( 'NONE', *, *, #2978, .F. ) ;
#3814 = FACE_OUTER_BOUND ( 'NONE', #1949, .T. ) ;
#3815 = STYLED_ITEM ( 'NONE', ( #8270 ), #5888 ) ;
#3816 = CARTESIAN_POINT ( 'NONE',  ( 10.21000000000000085, 8.026794919243112503, -0.04999999999999996808 ) ) ;
#3817 = EDGE_LOOP ( 'NONE', ( #5685, #9261, #1409, #2976 ) ) ;
#3818 = EDGE_CURVE ( 'NONE', #1555, #9516, #8544, .T. ) ;
#3819 = PRESENTATION_STYLE_ASSIGNMENT (( #4607 ) ) ;
#3820 = VECTOR ( 'NONE', #8788, 1000.000000000000000 ) ;
#3821 = DIRECTION ( 'NONE',  ( 0.000000000000000000, 0.000000000000000000, 1.000000000000000000 ) ) ;
#3822 = PRESENTATION_STYLE_ASSIGNMENT (( #5876 ) ) ;
#3823 = ORIENTED_EDGE ( 'NONE', *, *, #413, .T. ) ;
#3824 = CARTESIAN_POINT ( 'NONE',  ( 4.580000000000001847, 6.299999999999999822, 0.3499999999999998113 ) ) ;
#3825 = LINE ( 'NONE', #7561, #565 ) ;
#3826 = LINE ( 'NONE', #2220, #1078 ) ;
#3827 = ORIENTED_EDGE ( 'NONE', *, *, #4068, .F. ) ;
#3828 = CARTESIAN_POINT ( 'NONE',  ( 2.190000000000000835, 0.5000000000000005551, 0.3499999999999998668 ) ) ;
#3829 = CARTESIAN_POINT ( 'NONE',  ( 11.63000000000000078, 0.5000000000000000000, -0.6499999999999989120 ) ) ;
#3830 = CARTESIAN_POINT ( 'NONE',  ( -5.421010862427528333E-17, 0.5000000000000005551, -0.3499999999999999778 ) ) ;
#3831 = VERTEX_POINT ( 'NONE', #7854 ) ;
#3832 = CARTESIAN_POINT ( 'NONE',  ( 6.620000000000000107, 0.5000000000000002220, 0.3499999999999998668 ) ) ;
#3833 = LINE ( 'NONE', #6087, #4333 ) ;
#3834 = DIRECTION ( 'NONE',  ( -1.000000000000000000, -0.000000000000000000, -0.000000000000000000 ) ) ;
#3835 = ORIENTED_EDGE ( 'NONE', *, *, #3960, .F. ) ;
#3836 = CIRCLE ( 'NONE', #1492, 0.1999999999999999833 ) ;
#3837 = ORIENTED_EDGE ( 'NONE', *, *, #8817, .F. ) ;
#3838 = FILL_AREA_STYLE ('',( #4445 ) ) ;
#3839 = CARTESIAN_POINT ( 'NONE',  ( 6.675304513043835541, 4.083092593512597901, 0.3499999999999997002 ) ) ;
#3840 = ORIENTED_EDGE ( 'NONE', *, *, #3369, .T. ) ;
#3841 = CARTESIAN_POINT ( 'NONE',  ( 4.080000000000000071, 1.800000000000000488, 0.3499999999999998113 ) ) ;
#3842 =( BOUNDED_SURFACE ( )  B_SPLINE_SURFACE ( 3, 1, ( 
 ( #5672, #7853 ),
 ( #2889, #1068 ),
 ( #4405, #1800 ),
 ( #3443, #1167 ),
 ( #7034, #2137 ),
 ( #4804, #4120 ),
 ( #8591, #5534 ) ),
 .UNSPECIFIED., .F., .F., .F. ) 
 B_SPLINE_SURFACE_WITH_KNOTS ( ( 4, 3, 4 ),
 ( 2, 2 ),
 ( 0.000000000000000000, 0.5000000000000000000, 1.000000000000000000 ),
 ( 0.000000000000000000, 1.000000000000000000 ),
 .UNSPECIFIED. ) 
 GEOMETRIC_REPRESENTATION_ITEM ( )  RATIONAL_B_SPLINE_SURFACE ( (
 ( 1.000000000000000000, 1.000000000000000000),
 ( 0.5953481791230077480, 0.5953481791230077480),
 ( 0.5953481791230077480, 0.5953481791230077480),
 ( 1.000000000000000000, 1.000000000000000000),
 ( 0.5953481791230077480, 0.5953481791230077480),
 ( 0.5953481791230077480, 0.5953481791230077480),
 ( 1.000000000000000000, 1.000000000000000000) ) ) 
 REPRESENTATION_ITEM ( '' )  SURFACE ( )  );
#3843 =( NAMED_UNIT ( * ) PLANE_ANGLE_UNIT ( ) SI_UNIT ( $, .RADIAN. ) );
#3844 = EDGE_CURVE ( 'NONE', #7037, #253, #425, .T. ) ;
#3845 = FACE_OUTER_BOUND ( 'NONE', #9477, .T. ) ;
#3846 = VECTOR ( 'NONE', #5898, 1000.000000000000000 ) ;
#3847 =( NAMED_UNIT ( * ) SI_UNIT ( $, .STERADIAN. ) SOLID_ANGLE_UNIT ( ) );
#3848 = EDGE_CURVE ( 'NONE', #8507, #9512, #6402, .T. ) ;
#3849 = MANIFOLD_SOLID_BREP ( 'LPattern17', #9271 ) ;
#3850 =( GEOMETRIC_REPRESENTATION_CONTEXT ( 3 ) GLOBAL_UNCERTAINTY_ASSIGNED_CONTEXT ( ( #3945 ) ) GLOBAL_UNIT_ASSIGNED_CONTEXT ( ( #2833, #5846, #7198 ) ) REPRESENTATION_CONTEXT ( 'NONE', 'WORKASPACE' ) );
#3851 = CARTESIAN_POINT ( 'NONE',  ( 5.780000000000001137, 0.5000000000000006661, 0.3499999999999998113 ) ) ;
#3852 =( NAMED_UNIT ( * ) SI_UNIT ( $, .STERADIAN. ) SOLID_ANGLE_UNIT ( ) );
#3853 = ADVANCED_FACE ( 'NONE', ( #2258 ), #4164, .F. ) ;
#3854 = LINE ( 'NONE', #6049, #6511 ) ;
#3855 = VERTEX_POINT ( 'NONE', #1415 ) ;
#3856 = FILL_AREA_STYLE ('',( #1549 ) ) ;
#3857 = VERTEX_POINT ( 'NONE', #3582 ) ;
#3858 = VECTOR ( 'NONE', #5726, 1000.000000000000000 ) ;
#3859 = DIRECTION ( 'NONE',  ( 1.121588454295349533E-16, -1.000000000000000000, 0.000000000000000000 ) ) ;
#3860 = CIRCLE ( 'NONE', #4790, 0.2000000000000005107 ) ;
#3861 = ADVANCED_FACE ( 'NONE', ( #771 ), #5974, .T. ) ;
#3862 = FILL_AREA_STYLE ('',( #1600 ) ) ;
#3863 = DIRECTION ( 'NONE',  ( 0.000000000000000000, -1.000000000000000000, 1.668003342285391551E-16 ) ) ;
#3864 = AXIS2_PLACEMENT_3D ( 'NONE', #4139, #3263, #6237 ) ;
#3865 = SURFACE_STYLE_FILL_AREA ( #7505 ) ;
#3866 = EDGE_CURVE ( 'NONE', #3894, #8144, #3771, .T. ) ;
#3868 = SURFACE_STYLE_USAGE ( .BOTH. , #866 ) ;
#3867 = PRESENTATION_LAYER_ASSIGNMENT (  '', '', ( #2944 ) ) ;
#3869 = DIRECTION ( 'NONE',  ( 0.000000000000000000, 1.000000000000000000, -1.668003342285392044E-16 ) ) ;
#3870 = ORIENTED_EDGE ( 'NONE', *, *, #9039, .F. ) ;
#3871 = MECHANICAL_DESIGN_GEOMETRIC_PRESENTATION_REPRESENTATION (  '', ( #2467 ), #2636 ) ;
#3872 = VERTEX_POINT ( 'NONE', #8938 ) ;
#3873 = LINE ( 'NONE', #871, #8865 ) ;
#3874 = CARTESIAN_POINT ( 'NONE',  ( 11.63000000000000078, 0.5000000000000002220, 0.6500000000000010214 ) ) ;
#3875 = FACE_BOUND ( 'NONE', #6319, .T. ) ;
#3876 = ORIENTED_EDGE ( 'NONE', *, *, #4468, .T. ) ;
#3877 = VECTOR ( 'NONE', #7610, 1000.000000000000000 ) ;
#3878 = SURFACE_STYLE_USAGE ( .BOTH. , #8946 ) ;
#3879 = FACE_OUTER_BOUND ( 'NONE', #8309, .T. ) ;
#3880 = PRESENTATION_STYLE_ASSIGNMENT (( #7562 ) ) ;
#3881 = ORIENTED_EDGE ( 'NONE', *, *, #693, .F. ) ;
#3882 = VECTOR ( 'NONE', #2667, 1000.000000000000000 ) ;
#3883 = AXIS2_PLACEMENT_3D ( 'NONE', #3358, #3309, #3537 ) ;
#3884 = FILL_AREA_STYLE_COLOUR ( '', #250 ) ;
#3885 = CARTESIAN_POINT ( 'NONE',  ( 11.63000000000000078, 8.500000000000000000, -1.200000000000000400 ) ) ;
#3886 =( GEOMETRIC_REPRESENTATION_CONTEXT ( 3 ) GLOBAL_UNCERTAINTY_ASSIGNED_CONTEXT ( ( #7635 ) ) GLOBAL_UNIT_ASSIGNED_CONTEXT ( ( #810, #490, #9444 ) ) REPRESENTATION_CONTEXT ( 'NONE', 'WORKASPACE' ) );
#3887 = VECTOR ( 'NONE', #6287, 1000.000000000000000 ) ;
#3888 = FILL_AREA_STYLE ('',( #9586 ) ) ;
#3889 = SURFACE_STYLE_FILL_AREA ( #4620 ) ;
#3890 = EDGE_LOOP ( 'NONE', ( #9258, #5699, #1326, #2127 ) ) ;
#3891 = SURFACE_SIDE_STYLE ('',( #6894 ) ) ;
#3892 = VECTOR ( 'NONE', #3003, 1000.000000000000000 ) ;
#3893 =( NAMED_UNIT ( * ) PLANE_ANGLE_UNIT ( ) SI_UNIT ( $, .RADIAN. ) );
#3894 = VERTEX_POINT ( 'NONE', #4419 ) ;
#3895 = EDGE_LOOP ( 'NONE', ( #8243, #4583, #3383, #4082, #6461, #2255, #8934, #3028, #1715, #7392, #3808, #6596, #2472, #7866, #9212, #3180, #1817, #1657, #6550, #5308, #5995 ) ) ;
#3896 = ADVANCED_FACE ( 'NONE', ( #7369 ), #6737, .F. ) ;
#3897 = DIRECTION ( 'NONE',  ( 1.121588454295349533E-16, -1.000000000000000000, 0.000000000000000000 ) ) ;
#3898 = LINE ( 'NONE', #6853, #7962 ) ;
#3899 = VECTOR ( 'NONE', #6258, 1000.000000000000000 ) ;
#3900 = CARTESIAN_POINT ( 'NONE',  ( -0.3500000000000000333, 8.000000000000000000, 0.3499999999999999778 ) ) ;
#3901 = FILL_AREA_STYLE ('',( #3755 ) ) ;
#3902 = SURFACE_STYLE_USAGE ( .BOTH. , #9158 ) ;
#3903 = VERTEX_POINT ( 'NONE', #8047 ) ;
#3904 = ADVANCED_FACE ( 'NONE', ( #5284 ), #8794, .F. ) ;
#3905 = LINE ( 'NONE', #2436, #8239 ) ;
#3906 = VERTEX_POINT ( 'NONE', #2955 ) ;
#3907 = CARTESIAN_POINT ( 'NONE',  ( 6.080000000000000959, 0.8000000000000007105, 0.3499999999999998113 ) ) ;
#3908 = CARTESIAN_POINT ( 'NONE',  ( 7.620000000000000107, -3.000000000000000000, 0.3499999999999997002 ) ) ;
#3909 = DIRECTION ( 'NONE',  ( 0.000000000000000000, -0.000000000000000000, -1.000000000000000000 ) ) ;
#3910 = CARTESIAN_POINT ( 'NONE',  ( 10.50999999999999979, 8.200000000000001066, -0.3500000000000000333 ) ) ;
#3911 =( GEOMETRIC_REPRESENTATION_CONTEXT ( 3 ) GLOBAL_UNCERTAINTY_ASSIGNED_CONTEXT ( ( #3261 ) ) GLOBAL_UNIT_ASSIGNED_CONTEXT ( ( #4677, #3893, #9197 ) ) REPRESENTATION_CONTEXT ( 'NONE', 'WORKASPACE' ) );
#3912 = CARTESIAN_POINT ( 'NONE',  ( 3.349502423613084812, 5.635051924204145024, 0.3499999999999998668 ) ) ;
#3913 = CARTESIAN_POINT ( 'NONE',  ( 0.4633568989079006606, 1.699999999999997957, -0.3500000000000000333 ) ) ;
#3914 = DIRECTION ( 'NONE',  ( -1.000000000000000000, 0.000000000000000000, 0.000000000000000000 ) ) ;
#3915 = ORIENTED_EDGE ( 'NONE', *, *, #9245, .F. ) ;
#3916 = ORIENTED_EDGE ( 'NONE', *, *, #3369, .F. ) ;
#3917 = DIRECTION ( 'NONE',  ( 0.000000000000000000, 0.000000000000000000, -1.000000000000000000 ) ) ;
#3918 = SURFACE_STYLE_USAGE ( .BOTH. , #4013 ) ;
#3919 = CARTESIAN_POINT ( 'NONE',  ( 1.858619849678662783, 6.233860305463148066, 0.3499999999999997558 ) ) ;
#3920 = ORIENTED_EDGE ( 'NONE', *, *, #9039, .T. ) ;
#3921 = LINE ( 'NONE', #3018, #8596 ) ;
#3922 = SURFACE_STYLE_FILL_AREA ( #6983 ) ;
#3923 = PRESENTATION_STYLE_ASSIGNMENT (( #928 ) ) ;
#3924 = MECHANICAL_DESIGN_GEOMETRIC_PRESENTATION_REPRESENTATION (  '', ( #4242 ), #9692 ) ;
#3925 = DIRECTION ( 'NONE',  ( -1.000000000000000000, -0.000000000000000000, -0.000000000000000000 ) ) ;
#3926 = EDGE_CURVE ( 'NONE', #3906, #6172, #5141, .T. ) ;
#3927 = VERTEX_POINT ( 'NONE', #4465 ) ;
#3928 = EDGE_CURVE ( 'NONE', #3166, #5736, #7415, .T. ) ;
#3929 = CARTESIAN_POINT ( 'NONE',  ( 4.210384757729336513, 8.500000000000000000, 0.8696152422706630025 ) ) ;
#3930 = CARTESIAN_POINT ( 'NONE',  ( -0.6867549326077613259, 6.500000000000000888, -0.6500000000000017986 ) ) ;
#3931 = EDGE_CURVE ( 'NONE', #8966, #1565, #2445, .T. ) ;
#3932 = AXIS2_PLACEMENT_3D ( 'NONE', #170, #3869, #213 ) ;
#3933 = CARTESIAN_POINT ( 'NONE',  ( 10.60819304542214248, 5.884855341312109189, -0.3500000000000002554 ) ) ;
#3934 = LINE ( 'NONE', #4577, #1057 ) ;
#3935 = ORIENTED_EDGE ( 'NONE', *, *, #2174, .T. ) ;
#3936 = CARTESIAN_POINT ( 'NONE',  ( 6.004058140717155823, 4.443591676420198588, -0.3500000000000001443 ) ) ;
#3937 = DIRECTION ( 'NONE',  ( -0.000000000000000000, 0.000000000000000000, 1.000000000000000000 ) ) ;
#3938 = VECTOR ( 'NONE', #6468, 1000.000000000000000 ) ;
#3939 = ORIENTED_EDGE ( 'NONE', *, *, #7216, .F. ) ;
#3940 = ADVANCED_FACE ( 'NONE', ( #1603 ), #1740, .F. ) ;
#3941 = ORIENTED_EDGE ( 'NONE', *, *, #3463, .T. ) ;
#3942 = CARTESIAN_POINT ( 'NONE',  ( 8.409603038017694487, 5.762359718948173892, 0.3499999999999996447 ) ) ;
#3943 = DIRECTION ( 'NONE',  ( -1.000000000000000000, -0.000000000000000000, -0.000000000000000000 ) ) ;
#3944 = UNCERTAINTY_MEASURE_WITH_UNIT (LENGTH_MEASURE( 1.000000000000000082E-05 ), #6774, 'distance_accuracy_value', 'NONE');
#3945 = UNCERTAINTY_MEASURE_WITH_UNIT (LENGTH_MEASURE( 1.000000000000000082E-05 ), #2833, 'distance_accuracy_value', 'NONE');
#3946 = DIRECTION ( 'NONE',  ( 0.000000000000000000, -3.097720492815727166E-16, -1.000000000000000000 ) ) ;
#3947 = EDGE_CURVE ( 'NONE', #809, #2146, #6112, .T. ) ;
#3948 = EDGE_CURVE ( 'NONE', #8690, #1906, #8336, .T. ) ;
#3949 = CARTESIAN_POINT ( 'NONE',  ( -0.5999999999999996447, 6.299999999999999822, 0.3499999999999999778 ) ) ;
#3950 = LINE ( 'NONE', #6190, #9607 ) ;
#3951 = SURFACE_STYLE_FILL_AREA ( #9110 ) ;
#3952 = VERTEX_POINT ( 'NONE', #3090 ) ;
#3953 = DIRECTION ( 'NONE',  ( -0.000000000000000000, 1.000000000000000000, -0.000000000000000000 ) ) ;
#3954 = ORIENTED_EDGE ( 'NONE', *, *, #7251, .T. ) ;
#3955 = LINE ( 'NONE', #1552, #8368 ) ;
#3956 = VERTEX_POINT ( 'NONE', #9174 ) ;
#3957 = CARTESIAN_POINT ( 'NONE',  ( 3.389183477980650672, 5.324198710742059859, 0.3499999999999999223 ) ) ;
#3958 = CARTESIAN_POINT ( 'NONE',  ( -0.5218457338839801452, 5.626229152235333153, -0.3499999999999999778 ) ) ;
#3959 = SURFACE_STYLE_USAGE ( .BOTH. , #961 ) ;
#3960 = EDGE_CURVE ( 'NONE', #5783, #9570, #2498, .T. ) ;
#3961 = MECHANICAL_DESIGN_GEOMETRIC_PRESENTATION_REPRESENTATION (  '', ( #2881 ), #8312 ) ;
#3962 = CARTESIAN_POINT ( 'NONE',  ( 5.405255819881805479, 5.589454083063163381, 0.3499999999999998113 ) ) ;
#3963 = VERTEX_POINT ( 'NONE', #9221 ) ;
#3964 = VERTEX_POINT ( 'NONE', #4603 ) ;
#3965 = AXIS2_PLACEMENT_3D ( 'NONE', #2288, #9657, #6002 ) ;
#3966 = LINE ( 'NONE', #6923, #8069 ) ;
#3967 = CARTESIAN_POINT ( 'NONE',  ( 7.270000000000000462, 8.200000000000001066, 0.3499999999999999778 ) ) ;
#3968 = CARTESIAN_POINT ( 'NONE',  ( 10.16000000000000014, -3.000000000000000000, -0.3500000000000003109 ) ) ;
#3969 = CARTESIAN_POINT ( 'NONE',  ( 1.720714092337829015, 5.570187327444797276, 0.3499999999999998668 ) ) ;
#3970 = VERTEX_POINT ( 'NONE', #9078 ) ;
#3971 = CARTESIAN_POINT ( 'NONE',  ( 11.63000000000000078, 0.5000000000000000000, -0.6499999999999989120 ) ) ;
#3972 = SURFACE_STYLE_FILL_AREA ( #2457 ) ;
#3973 =( GEOMETRIC_REPRESENTATION_CONTEXT ( 3 ) GLOBAL_UNCERTAINTY_ASSIGNED_CONTEXT ( ( #5749 ) ) GLOBAL_UNIT_ASSIGNED_CONTEXT ( ( #4317, #2162, #2266 ) ) REPRESENTATION_CONTEXT ( 'NONE', 'WORKASPACE' ) );
#3974 = FILL_AREA_STYLE_COLOUR ( '', #6045 ) ;
#3975 = EDGE_CURVE ( 'NONE', #5868, #4564, #5329, .T. ) ;
#3976 = LINE ( 'NONE', #7712, #7167 ) ;
#3977 = ORIENTED_EDGE ( 'NONE', *, *, #4050, .T. ) ;
#3978 = LINE ( 'NONE', #6933, #7285 ) ;
#3979 = DIRECTION ( 'NONE',  ( 1.000000000000000000, 1.121588454295349780E-16, -0.000000000000000000 ) ) ;
#3980 =( GEOMETRIC_REPRESENTATION_CONTEXT ( 3 ) GLOBAL_UNCERTAINTY_ASSIGNED_CONTEXT ( ( #1699 ) ) GLOBAL_UNIT_ASSIGNED_CONTEXT ( ( #4306, #7951, #3442 ) ) REPRESENTATION_CONTEXT ( 'NONE', 'WORKASPACE' ) );
#3981 = FACE_OUTER_BOUND ( 'NONE', #2806, .T. ) ;
#3982 = ORIENTED_EDGE ( 'NONE', *, *, #6083, .T. ) ;
#3983 = ADVANCED_FACE ( 'NONE', ( #916 ), #4741, .F. ) ;
#3984 = AXIS2_PLACEMENT_3D ( 'NONE', #9033, #3086, #2355 ) ;
#3985 = DIRECTION ( 'NONE',  ( -0.000000000000000000, -1.000000000000000000, 1.668003342285391551E-16 ) ) ;
#3986 = ORIENTED_EDGE ( 'NONE', *, *, #5041, .F. ) ;
#3987 = ORIENTED_EDGE ( 'NONE', *, *, #6951, .F. ) ;
#3988 = LINE ( 'NONE', #6181, #7620 ) ;
#3989 = PLANE ( 'NONE',  #8271 ) ;
#3990 = VECTOR ( 'NONE', #1934, 1000.000000000000000 ) ;
#3991 = LINE ( 'NONE', #7094, #1562 ) ;
#3992 = SURFACE_STYLE_FILL_AREA ( #4636 ) ;
#3993 = EDGE_CURVE ( 'NONE', #964, #1697, #267, .T. ) ;
#3994 = LINE ( 'NONE', #8516, #6785 ) ;
#3995 = CYLINDRICAL_SURFACE ( 'NONE', #4322, 0.2000000000000005107 ) ;
#3996 = DIRECTION ( 'NONE',  ( -0.000000000000000000, -0.000000000000000000, -1.000000000000000000 ) ) ;
#3997 = ORIENTED_EDGE ( 'NONE', *, *, #2632, .T. ) ;
#3998 = UNCERTAINTY_MEASURE_WITH_UNIT (LENGTH_MEASURE( 1.000000000000000082E-05 ), #4584, 'distance_accuracy_value', 'NONE');
#3999 =( LENGTH_UNIT ( ) NAMED_UNIT ( * ) SI_UNIT ( .MILLI., .METRE. ) );
#4000 = ORIENTED_EDGE ( 'NONE', *, *, #397, .F. ) ;
#4001 = FILL_AREA_STYLE ('',( #8241 ) ) ;
#4002 = CARTESIAN_POINT ( 'NONE',  ( 9.319611261228809340, 5.398486016527556330, 0.3499999999999997002 ) ) ;
#4003 = CARTESIAN_POINT ( 'NONE',  ( 3.371453400084237551, 5.476966929918533289, 0.3499999999999998668 ) ) ;
#4004 = DIRECTION ( 'NONE',  ( -0.000000000000000000, -0.000000000000000000, -1.000000000000000000 ) ) ;
#4005 = AXIS2_PLACEMENT_3D ( 'NONE', #5065, #5650, #1879 ) ;
#4006 = DIRECTION ( 'NONE',  ( 0.000000000000000000, 0.000000000000000000, -1.000000000000000000 ) ) ;
#4007 = ORIENTED_EDGE ( 'NONE', *, *, #8191, .F. ) ;
#4008 = ORIENTED_EDGE ( 'NONE', *, *, #417, .T. ) ;
#4009 = CARTESIAN_POINT ( 'NONE',  ( 10.75999999999999979, 6.299999999999999822, -0.3850000000000002864 ) ) ;
#4010 = CARTESIAN_POINT ( 'NONE',  ( 3.482500029944759934, 4.124619419408675824, -0.3500000000000000888 ) ) ;
#4011 = ADVANCED_FACE ( 'NONE', ( #1006 ), #6873, .F. ) ;
#4012 = EDGE_CURVE ( 'NONE', #4524, #4193, #8447, .T. ) ;
#4013 = SURFACE_SIDE_STYLE ('',( #6211 ) ) ;
#4014 = CARTESIAN_POINT ( 'NONE',  ( 1.597499970055215934, 4.124619419408430687, 0.3499999999999999778 ) ) ;
#4015 = ORIENTED_EDGE ( 'NONE', *, *, #5465, .F. ) ;
#4016 = AXIS2_PLACEMENT_3D ( 'NONE', #9393, #1958, #7086 ) ;
#4017 = LINE ( 'NONE', #7666, #7354 ) ;
#4018 = SURFACE_SIDE_STYLE ('',( #3972 ) ) ;
#4019 = LINE ( 'NONE', #5535, #7787 ) ;
#4020 = ORIENTED_EDGE ( 'NONE', *, *, #6104, .F. ) ;
#4021 = VECTOR ( 'NONE', #6185, 1000.000000000000000 ) ;
#4022 = VECTOR ( 'NONE', #3671, 1000.000000000000000 ) ;
#4023 = CARTESIAN_POINT ( 'NONE',  ( 0.3500000000000008105, 1.084202172485506745E-17, -0.3499999999999999778 ) ) ;
#4024 = CARTESIAN_POINT ( 'NONE',  ( -0.9999999999999995559, 1.800000000000000488, 0.3849999999999999534 ) ) ;
#4025 =( LENGTH_UNIT ( ) NAMED_UNIT ( * ) SI_UNIT ( .MILLI., .METRE. ) );
#4026 = VECTOR ( 'NONE', #4073, 1000.000000000000000 ) ;
#4027 = ADVANCED_FACE ( 'NONE', ( #1649 ), #7607, .F. ) ;
#4028 = LINE ( 'NONE', #6992, #9180 ) ;
#4029 = ORIENTED_EDGE ( 'NONE', *, *, #2947, .F. ) ;
#4030 = LINE ( 'NONE', #6847, #3240 ) ;
#4031 =( NAMED_UNIT ( * ) PLANE_ANGLE_UNIT ( ) SI_UNIT ( $, .RADIAN. ) );
#4032 = SURFACE_STYLE_USAGE ( .BOTH. , #4818 ) ;
#4033 = VERTEX_POINT ( 'NONE', #9120 ) ;
#4034 = CIRCLE ( 'NONE', #5282, 0.2000000000000005107 ) ;
#4035 = VECTOR ( 'NONE', #8514, 1000.000000000000000 ) ;
#4036 = ORIENTED_EDGE ( 'NONE', *, *, #1013, .F. ) ;
#4037 = CARTESIAN_POINT ( 'NONE',  ( -1.469999999999999973, 0.000000000000000000, -0.6499999999999991340 ) ) ;
#4038 = CARTESIAN_POINT ( 'NONE',  ( 3.061845733883979737, 5.626229152235330488, 0.3499999999999998668 ) ) ;
#4039 =( LENGTH_UNIT ( ) NAMED_UNIT ( * ) SI_UNIT ( .MILLI., .METRE. ) );
#4040 =( LENGTH_UNIT ( ) NAMED_UNIT ( * ) SI_UNIT ( .MILLI., .METRE. ) );
#4041 = DIRECTION ( 'NONE',  ( 0.000000000000000000, 0.000000000000000000, -1.000000000000000000 ) ) ;
#4042 = CARTESIAN_POINT ( 'NONE',  ( 9.160000000000001918, 1.800000000000000488, 0.3849999999999996758 ) ) ;
#4043 = CARTESIAN_POINT ( 'NONE',  ( 4.080000000000000959, 1.800000000000000044, 0.1166666666666664187 ) ) ;
#4044 = SURFACE_STYLE_FILL_AREA ( #6907 ) ;
#4045 = VECTOR ( 'NONE', #645, 1000.000000000000000 ) ;
#4046 = ORIENTED_EDGE ( 'NONE', *, *, #289, .T. ) ;
#4047 = EDGE_CURVE ( 'NONE', #4193, #1788, #6111, .T. ) ;
#4048 = FACE_OUTER_BOUND ( 'NONE', #8795, .T. ) ;
#4049 = COLOUR_RGB ( '',0.8313725490196077761, 0.6705882352941175961, 0.1294117647058823373 ) ;
#4050 = EDGE_CURVE ( 'NONE', #9651, #6830, #6920, .T. ) ;
#4051 = VERTEX_POINT ( 'NONE', #4563 ) ;
#4052 = EDGE_CURVE ( 'NONE', #38, #730, #9037, .T. ) ;
#4053 = DIRECTION ( 'NONE',  ( -1.000000000000000000, 0.000000000000000000, 0.000000000000000000 ) ) ;
#4054 = EDGE_CURVE ( 'NONE', #7669, #3970, #4060, .T. ) ;
#4055 = DIRECTION ( 'NONE',  ( -1.000000000000000000, 0.000000000000000000, 0.000000000000000000 ) ) ;
#4056 = SURFACE_SIDE_STYLE ('',( #1053 ) ) ;
#4057 = FACE_OUTER_BOUND ( 'NONE', #2373, .T. ) ;
#4058 = VECTOR ( 'NONE', #6069, 1000.000000000000000 ) ;
#4059 = CARTESIAN_POINT ( 'NONE',  ( 9.810000000000000497, 8.200000000000001066, 0.3499999999999999778 ) ) ;
#4060 = LINE ( 'NONE', #1104, #3005 ) ;
#4061 = VERTEX_POINT ( 'NONE', #4153 ) ;
#4062 = EDGE_LOOP ( 'NONE', ( #7025, #3128, #3117, #6136 ) ) ;
#4063 = CARTESIAN_POINT ( 'NONE',  ( 5.430000000000000604, -2.800000000000001155, 0.3499999999999998113 ) ) ;
#4064 = DIRECTION ( 'NONE',  ( 1.000000000000000000, -8.673617379884030739E-15, 0.000000000000000000 ) ) ;
#4065 = CARTESIAN_POINT ( 'NONE',  ( 1.940000000000000613, 6.299999999999999822, 0.3499999999999998668 ) ) ;
#4066 = EDGE_LOOP ( 'NONE', ( #411, #6023, #7889, #8421 ) ) ;
#4067 = DIRECTION ( 'NONE',  ( 0.000000000000000000, -1.000000000000000000, 1.668003342285391551E-16 ) ) ;
#4068 = EDGE_CURVE ( 'NONE', #7089, #4629, #6088, .T. ) ;
#4069 = PRESENTATION_STYLE_ASSIGNMENT (( #7764 ) ) ;
#4070 = MECHANICAL_DESIGN_GEOMETRIC_PRESENTATION_REPRESENTATION (  '', ( #7327 ), #5004 ) ;
#4071 = LINE ( 'NONE', #5042, #2208 ) ;
#4072 = VERTEX_POINT ( 'NONE', #410 ) ;
#4073 = DIRECTION ( 'NONE',  ( -0.000000000000000000, -1.000000000000000000, 1.668003342285391551E-16 ) ) ;
#4074 = DIRECTION ( 'NONE',  ( 0.000000000000000000, 0.000000000000000000, 1.000000000000000000 ) ) ;
#4075 = DIRECTION ( 'NONE',  ( -0.000000000000000000, -0.000000000000000000, 1.000000000000000000 ) ) ;
#4076 = ORIENTED_EDGE ( 'NONE', *, *, #7477, .F. ) ;
#4077 = AXIS2_PLACEMENT_3D ( 'NONE', #680, #8706, #4231 ) ;
#4078 = DIRECTION ( 'NONE',  ( 1.121588454295349533E-16, -1.000000000000000000, 0.000000000000000000 ) ) ;
#4079 = DIRECTION ( 'NONE',  ( 1.121588454295349533E-16, -1.000000000000000000, 0.000000000000000000 ) ) ;
#4080 = PRESENTATION_STYLE_ASSIGNMENT (( #7087 ) ) ;
#4081 = PLANE ( 'NONE',  #7479 ) ;
#4082 = ORIENTED_EDGE ( 'NONE', *, *, #3566, .F. ) ;
#4083 = UNCERTAINTY_MEASURE_WITH_UNIT (LENGTH_MEASURE( 1.000000000000000082E-05 ), #2356, 'distance_accuracy_value', 'NONE');
#4084 = EDGE_LOOP ( 'NONE', ( #522, #7792, #7142, #3723 ) ) ;
#4085 = FACE_OUTER_BOUND ( 'NONE', #8337, .T. ) ;
#4086 = AXIS2_PLACEMENT_3D ( 'NONE', #3829, #3110, #6081 ) ;
#4087 = SURFACE_SIDE_STYLE ('',( #6949 ) ) ;
#4088 = PLANE ( 'NONE',  #4197 ) ;
#4089 = DIRECTION ( 'NONE',  ( 1.000000000000000000, 0.000000000000000000, 0.000000000000000000 ) ) ;
#4090 =( NAMED_UNIT ( * ) PLANE_ANGLE_UNIT ( ) SI_UNIT ( $, .RADIAN. ) );
#4091 = LINE ( 'NONE', #6554, #9254 ) ;
#4092 = DIRECTION ( 'NONE',  ( -0.000000000000000000, -0.000000000000000000, -1.000000000000000000 ) ) ;
#4093 = STYLED_ITEM ( 'NONE', ( #8929 ), #4168 ) ;
#4094 =( NAMED_UNIT ( * ) SI_UNIT ( $, .STERADIAN. ) SOLID_ANGLE_UNIT ( ) );
#4095 = CARTESIAN_POINT ( 'NONE',  ( 3.003356898907900252, 1.699999999999997957, 0.3499999999999998668 ) ) ;
#4096 = DIRECTION ( 'NONE',  ( 0.000000000000000000, 0.000000000000000000, -1.000000000000000000 ) ) ;
#4097 = ORIENTED_EDGE ( 'NONE', *, *, #3368, .F. ) ;
#4098 = CARTESIAN_POINT ( 'NONE',  ( 5.080000000000000071, 0.5000000000000005551, -0.3500000000000001443 ) ) ;
#4099 = ORIENTED_EDGE ( 'NONE', *, *, #2804, .T. ) ;
#4100 = DIRECTION ( 'NONE',  ( -0.000000000000000000, -3.097720492815727166E-16, -1.000000000000000000 ) ) ;
#4101 = DIRECTION ( 'NONE',  ( -0.000000000000000000, -0.000000000000000000, -1.000000000000000000 ) ) ;
#4102 = LINE ( 'NONE', #9464, #6751 ) ;
#4103 = ADVANCED_FACE ( 'NONE', ( #7941 ), #6340, .F. ) ;
#4104 = CARTESIAN_POINT ( 'NONE',  ( 0.3252558198818050750, 5.589454083063163381, 0.3499999999999999778 ) ) ;
#4105 =( BOUNDED_CURVE ( )  B_SPLINE_CURVE ( 3, ( #6713, #3697, #4391, #5249, #6756, #6037, #8267 ),
 .UNSPECIFIED., .F., .F. ) 
 B_SPLINE_CURVE_WITH_KNOTS ( ( 4, 3, 4 ),
 ( 0.8078321013870645162, 3.141592653589793116, 5.475353205792521827 ),
 .UNSPECIFIED. ) 
 CURVE ( )  GEOMETRIC_REPRESENTATION_ITEM ( )  RATIONAL_B_SPLINE_CURVE ( ( 1.000000000000000000, 0.5953481791230077480, 0.5953481791230077480, 1.000000000000000000, 0.5953481791230077480, 0.5953481791230077480, 1.000000000000000000 ) ) 
 REPRESENTATION_ITEM ( '' )  );
#4106 = LINE ( 'NONE', #8430, #8052 ) ;
#4107 = EDGE_CURVE ( 'NONE', #8294, #7509, #3434, .T. ) ;
#4108 = CARTESIAN_POINT ( 'NONE',  ( 8.477838562583935200, 5.240363704783927545, -0.3500000000000003109 ) ) ;
#4109 = ORIENTED_EDGE ( 'NONE', *, *, #8317, .T. ) ;
#4110 = UNCERTAINTY_MEASURE_WITH_UNIT (LENGTH_MEASURE( 1.000000000000000082E-05 ), #1634, 'distance_accuracy_value', 'NONE');
#4111 = ORIENTED_EDGE ( 'NONE', *, *, #2238, .F. ) ;
#4112 = LINE ( 'NONE', #6393, #5744 ) ;
#4113 = CARTESIAN_POINT ( 'NONE',  ( -0.3500000000000000333, 0.000000000000000000, -0.3499999999999999778 ) ) ;
#4114 = EDGE_CURVE ( 'NONE', #4820, #5470, #9223, .T. ) ;
#4115 =( LENGTH_UNIT ( ) NAMED_UNIT ( * ) SI_UNIT ( .MILLI., .METRE. ) );
#4116 = VERTEX_POINT ( 'NONE', #7798 ) ;
#4117 = CARTESIAN_POINT ( 'NONE',  ( 3.397838562583936906, 5.240363704783927545, -0.3500000000000001998 ) ) ;
#4118 = EDGE_CURVE ( 'NONE', #5736, #2446, #2796, .T. ) ;
#4119 = FACE_OUTER_BOUND ( 'NONE', #571, .T. ) ;
#4120 = CARTESIAN_POINT ( 'NONE',  ( 8.265466478527304872, 3.877691542223589138, -0.3500000000000003109 ) ) ;
#4121 = AXIS2_PLACEMENT_3D ( 'NONE', #6915, #8428, #4841 ) ;
#4122 = CARTESIAN_POINT ( 'NONE',  ( 5.954994129385573487, 5.069026963384447804, 0.3499999999999997558 ) ) ;
#4123 = ORIENTED_EDGE ( 'NONE', *, *, #9369, .F. ) ;
#4124 = CARTESIAN_POINT ( 'NONE',  ( -0.5999999999999996447, 6.299999999999999822, 0.3849999999999999534 ) ) ;
#4125 = COLOUR_RGB ( '',0.8313725490196077761, 0.6705882352941175961, 0.1294117647058823373 ) ;
#4126 = PRODUCT ( '100mill Female Pin Header_5P_Gr', '100mill Female Pin Header_5P_Gr', '', ( #3143 ) ) ;
#4127 = LINE ( 'NONE', #4170, #7954 ) ;
#4128 = CARTESIAN_POINT ( 'NONE',  ( 0.8615757348916189828, 5.204467366490783675, 0.3500000000000000333 ) ) ;
#4129 = VECTOR ( 'NONE', #4078, 1000.000000000000000 ) ;
#4130 = ORIENTED_EDGE ( 'NONE', *, *, #4402, .T. ) ;
#4131 = DIRECTION ( 'NONE',  ( 0.000000000000000000, -0.8660254037844385966, 0.5000000000000001110 ) ) ;
#4132 = CARTESIAN_POINT ( 'NONE',  ( 9.160000000000001918, 0.5000000000000002220, 0.3499999999999998668 ) ) ;
#4133 = CARTESIAN_POINT ( 'NONE',  ( 4.202471447568718155, 5.050332720358729155, 0.3499999999999999778 ) ) ;
#4134 = VERTEX_POINT ( 'NONE', #2659 ) ;
#4135 = ORIENTED_EDGE ( 'NONE', *, *, #2597, .F. ) ;
#4136 = CARTESIAN_POINT ( 'NONE',  ( 11.16000000000000192, 1.800000000000000488, -0.3500000000000003109 ) ) ;
#4137 = LINE ( 'NONE', #4969, #2158 ) ;
#4138 = DIRECTION ( 'NONE',  ( -0.7071067811865461294, -0.7071067811865490160, 0.000000000000000000 ) ) ;
#4139 = CARTESIAN_POINT ( 'NONE',  ( 9.460000000000000853, 0.8000000000000004885, 0.3499999999999996447 ) ) ;
#4140 = EDGE_CURVE ( 'NONE', #1218, #5837, #3430, .T. ) ;
#4141 = LINE ( 'NONE', #344, #313 ) ;
#4142 = CARTESIAN_POINT ( 'NONE',  ( 7.270000000000000462, -1.084202172485501815E-17, -0.3500000000000002554 ) ) ;
#4143 = LINE ( 'NONE', #4287, #1651 ) ;
#4144 = ORIENTED_EDGE ( 'NONE', *, *, #896, .F. ) ;
#4145 = CARTESIAN_POINT ( 'NONE',  ( -1.469999999999999973, 1.601149768326593145E-16, 0.6500000000000012434 ) ) ;
#4146 = ORIENTED_EDGE ( 'NONE', *, *, #5691, .F. ) ;
#4147 = CARTESIAN_POINT ( 'NONE',  ( 6.620000000000000107, 6.500000000000000888, -0.3500000000000010880 ) ) ;
#4148 = CARTESIAN_POINT ( 'NONE',  ( 0.3525240155457787239, 5.732672356334978403, -0.3499999999999999778 ) ) ;
#4149 = CARTESIAN_POINT ( 'NONE',  ( 9.216432165885828809, 4.104507585657484192, 0.3499999999999997002 ) ) ;
#4150 = DIRECTION ( 'NONE',  ( 0.000000000000000000, 0.000000000000000000, -1.000000000000000000 ) ) ;
#4151 = LINE ( 'NONE', #9466, #697 ) ;
#4152 = SURFACE_STYLE_FILL_AREA ( #1154 ) ;
#4153 = CARTESIAN_POINT ( 'NONE',  ( 3.540000000000000036, 0.5000000000000002220, 0.3499999999999998668 ) ) ;
#4154 = ORIENTED_EDGE ( 'NONE', *, *, #4834, .F. ) ;
#4155 = ORIENTED_EDGE ( 'NONE', *, *, #2173, .F. ) ;
#4156 = CARTESIAN_POINT ( 'NONE',  ( 1.853245067392238710, 0.5000000000000000000, -0.3500000000000000888 ) ) ;
#4157 = EDGE_CURVE ( 'NONE', #7468, #269, #8893, .T. ) ;
#4158 =( NAMED_UNIT ( * ) PLANE_ANGLE_UNIT ( ) SI_UNIT ( $, .RADIAN. ) );
#4159 =( BOUNDED_SURFACE ( )  B_SPLINE_SURFACE ( 3, 1, ( 
 ( #4560, #8981 ),
 ( #9671, #3134 ),
 ( #5921, #3042 ),
 ( #6016, #5280 ) ),
 .UNSPECIFIED., .F., .F., .F. ) 
 B_SPLINE_SURFACE_WITH_KNOTS ( ( 4, 4 ),
 ( 2, 2 ),
 ( 0.000000000000000000, 1.000000000000000000 ),
 ( 0.000000000000000000, 1.000000000000000000 ),
 .UNSPECIFIED. ) 
 GEOMETRIC_REPRESENTATION_ITEM ( )  RATIONAL_B_SPLINE_SURFACE ( (
 ( 1.000000000000000000, 1.000000000000000000),
 ( 0.9488815137910384667, 0.9488815137910384667),
 ( 0.9488815137910384667, 0.9488815137910384667),
 ( 1.000000000000000000, 1.000000000000000000) ) ) 
 REPRESENTATION_ITEM ( '' )  SURFACE ( )  );
#4160 = ORIENTED_EDGE ( 'NONE', *, *, #1258, .T. ) ;
#4161 = DIRECTION ( 'NONE',  ( 1.000000000000000000, 0.000000000000000000, 0.000000000000000000 ) ) ;
#4162 = MECHANICAL_DESIGN_GEOMETRIC_PRESENTATION_REPRESENTATION (  '', ( #706 ), #1500 ) ;
#4163 = CARTESIAN_POINT ( 'NONE',  ( 1.580000584798288088, 3.767448265748938763, -0.3500000000000000888 ) ) ;
#4164 = PLANE ( 'NONE',  #2382 ) ;
#4165 = ORIENTED_EDGE ( 'NONE', *, *, #2175, .F. ) ;
#4166 = SURFACE_STYLE_USAGE ( .BOTH. , #1859 ) ;
#4167 = EDGE_CURVE ( 'NONE', #8754, #1106, #3713, .T. ) ;
#4168 = ADVANCED_FACE ( 'NONE', ( #4406 ), #1302, .F. ) ;
#4169 = VECTOR ( 'NONE', #5683, 1000.000000000000000 ) ;
#4170 = CARTESIAN_POINT ( 'NONE',  ( 2.690000000000002167, -3.000000000000000000, 0.3499999999999998668 ) ) ;
#4171 = AXIS2_PLACEMENT_3D ( 'NONE', #8598, #7860, #3345 ) ;
#4172 = DIRECTION ( 'NONE',  ( 0.000000000000000000, -1.000000000000000000, 1.668003342285391797E-16 ) ) ;
#4173 = PRESENTATION_LAYER_ASSIGNMENT (  '', '', ( #7429 ) ) ;
#4174 = SURFACE_SIDE_STYLE ('',( #4904 ) ) ;
#4175 = ORIENTED_EDGE ( 'NONE', *, *, #3376, .F. ) ;
#4176 = LINE ( 'NONE', #3350, #1203 ) ;
#4177 = AXIS2_PLACEMENT_3D ( 'NONE', #3479, #4936, #7887 ) ;
#4178 = FACE_OUTER_BOUND ( 'NONE', #2736, .T. ) ;
#4179 = CARTESIAN_POINT ( 'NONE',  ( 4.446851685116533837, 6.299478870653093310, 0.3499999999999998668 ) ) ;
#4180 = VERTEX_POINT ( 'NONE', #6680 ) ;
#4181 = ORIENTED_EDGE ( 'NONE', *, *, #473, .F. ) ;
#4182 = FILL_AREA_STYLE ('',( #1128 ) ) ;
#4183 = VECTOR ( 'NONE', #1570, 1000.000000000000114 ) ;
#4184 = CARTESIAN_POINT ( 'NONE',  ( 4.729999999999999538, 8.000000000000000000, 0.3499999999999999778 ) ) ;
#4185 = CARTESIAN_POINT ( 'NONE',  ( 7.620000000000000107, 6.299999999999999822, 0.3499999999999997002 ) ) ;
#4186 = CARTESIAN_POINT ( 'NONE',  ( 7.270000000000000462, 8.200000000000001066, 0.3499999999999999778 ) ) ;
#4187 = CARTESIAN_POINT ( 'NONE',  ( 6.933245067392238781, 10.39117142264903570, 0.3499999999999983125 ) ) ;
#4188 = DIRECTION ( 'NONE',  ( 0.6546536707079770867, -0.3779644730092274196, -0.6546536707079770867 ) ) ;
#4189 = AXIS2_PLACEMENT_3D ( 'NONE', #2440, #9116, #3183 ) ;
#4190 =( NAMED_UNIT ( * ) PLANE_ANGLE_UNIT ( ) SI_UNIT ( $, .RADIAN. ) );
#4191 = STYLED_ITEM ( 'NONE', ( #7408 ), #6833 ) ;
#4192 = VECTOR ( 'NONE', #3599, 1000.000000000000000 ) ;
#4193 = VERTEX_POINT ( 'NONE', #6540 ) ;
#4194 = SURFACE_STYLE_FILL_AREA ( #7931 ) ;
#4195 = ORIENTED_EDGE ( 'NONE', *, *, #2979, .T. ) ;
#4196 = MECHANICAL_DESIGN_GEOMETRIC_PRESENTATION_REPRESENTATION (  '', ( #2959 ), #8536 ) ;
#4197 = AXIS2_PLACEMENT_3D ( 'NONE', #4826, #4557, #7781 ) ;
#4198 = FILL_AREA_STYLE_COLOUR ( '', #5112 ) ;
#4199 = CARTESIAN_POINT ( 'NONE',  ( 9.225174816799757593, 4.263498050147335405, 0.3499999999999997002 ) ) ;
#4200 = CARTESIAN_POINT ( 'NONE',  ( -1.000000000000000000, 0.5000000000000002220, 0.3499999999999998668 ) ) ;
#4201 = CARTESIAN_POINT ( 'NONE',  ( 6.933245067392238781, 8.000000000000000000, 0.6500000000000000222 ) ) ;
#4202 = FACE_OUTER_BOUND ( 'NONE', #7065, .T. ) ;
#4203 = CARTESIAN_POINT ( 'NONE',  ( 8.420167876875765955, 5.699693040755677842, -0.3500000000000002554 ) ) ;
#4204 = VERTEX_POINT ( 'NONE', #8780 ) ;
#4205 = ORIENTED_EDGE ( 'NONE', *, *, #6428, .F. ) ;
#4206 = EDGE_CURVE ( 'NONE', #80, #7544, #1135, .T. ) ;
#4207 = LINE ( 'NONE', #3437, #5126 ) ;
#4208 = SURFACE_STYLE_USAGE ( .BOTH. , #9375 ) ;
#4209 = AXIS2_PLACEMENT_3D ( 'NONE', #4548, #1724, #6140 ) ;
#4210 = ORIENTED_EDGE ( 'NONE', *, *, #9621, .T. ) ;
#4211 = CARTESIAN_POINT ( 'NONE',  ( 4.730000000000001315, -1.084202172485501815E-17, 0.3499999999999998113 ) ) ;
#4212 =( NAMED_UNIT ( * ) SI_UNIT ( $, .STERADIAN. ) SOLID_ANGLE_UNIT ( ) );
#4213 = CARTESIAN_POINT ( 'NONE',  ( 1.747514633686702901, 5.744802409713122060, -0.3500000000000000888 ) ) ;
#4214 = CARTESIAN_POINT ( 'NONE',  ( 6.013697255033132016, 4.293911919605035266, 0.3499999999999998668 ) ) ;
#4215 = EDGE_LOOP ( 'NONE', ( #3025, #7713, #2321, #615, #1931, #6944, #3797, #527, #2412, #2056, #2588, #7531, #2558, #8877, #3221, #1254, #8487, #9373, #6738, #9150, #3457, #1241, #1601, #7456 ) ) ;
#4216 = CYLINDRICAL_SURFACE ( 'NONE', #6668, 0.2000000000000000944 ) ;
#4217 = CARTESIAN_POINT ( 'NONE',  ( 1.000000000000000666, 0.8000000000000007105, 0.3499999999999999778 ) ) ;
#4218 =( NAMED_UNIT ( * ) SI_UNIT ( $, .STERADIAN. ) SOLID_ANGLE_UNIT ( ) );
#4219 = CARTESIAN_POINT ( 'NONE',  ( 0.9527233231640321875, 3.923639721076658038, 0.3500000000000000333 ) ) ;
#4220 = SURFACE_SIDE_STYLE ('',( #2055 ) ) ;
#4221 = VERTEX_POINT ( 'NONE', #2693 ) ;
#4222 = CARTESIAN_POINT ( 'NONE',  ( -0.9816606796124067724, 3.374693912574938892, 0.3499999999999999778 ) ) ;
#4223 = VECTOR ( 'NONE', #5052, 1000.000000000000114 ) ;
#4224 = ADVANCED_FACE ( 'NONE', ( #7785 ), #7051, .F. ) ;
#4225 = SURFACE_STYLE_USAGE ( .BOTH. , #2059 ) ;
#4226 = PRESENTATION_STYLE_ASSIGNMENT (( #5596 ) ) ;
#4227 = CARTESIAN_POINT ( 'NONE',  ( -0.4481930454221425553, 5.884855341312109189, 0.3499999999999999223 ) ) ;
#4228 = ORIENTED_EDGE ( 'NONE', *, *, #19, .T. ) ;
#4229 = EDGE_LOOP ( 'NONE', ( #9422, #7407, #8667, #5084, #9284, #817, #2696, #7765, #3589, #2403, #7570, #2305 ) ) ;
#4230 = CARTESIAN_POINT ( 'NONE',  ( 4.080000000000000071, 0.5000000000000000000, -0.3500000000000000888 ) ) ;
#4231 = DIRECTION ( 'NONE',  ( 0.000000000000000000, 0.000000000000000000, 1.000000000000000000 ) ) ;
#4232 = CARTESIAN_POINT ( 'NONE',  ( 2.040000000000001812, 6.299999999999999822, 0.3499999999999998668 ) ) ;
#4233 = VECTOR ( 'NONE', #374, 1000.000000000000114 ) ;
#4234 = PRESENTATION_STYLE_ASSIGNMENT (( #5940 ) ) ;
#4235 = LINE ( 'NONE', #637, #674 ) ;
#4236 = DIRECTION ( 'NONE',  ( 0.000000000000000000, -1.000000000000000000, 0.000000000000000000 ) ) ;
#4237 = DIRECTION ( 'NONE',  ( 1.000000000000000000, 0.000000000000000000, 0.000000000000000000 ) ) ;
#4238 = PLANE ( 'NONE',  #9149 ) ;
#4239 = CARTESIAN_POINT ( 'NONE',  ( 5.430000000000000604, 8.200000000000001066, -0.3500000000000000333 ) ) ;
#4240 = STYLED_ITEM ( 'NONE', ( #4308 ), #3849 ) ;
#4241 = PLANE ( 'NONE',  #9140 ) ;
#4242 = STYLED_ITEM ( 'NONE', ( #3459 ), #9125 ) ;
#4243 = ORIENTED_EDGE ( 'NONE', *, *, #956, .F. ) ;
#4244 = PLANE ( 'NONE',  #9389 ) ;
#4245 = ORIENTED_EDGE ( 'NONE', *, *, #3844, .T. ) ;
#4246 = EDGE_CURVE ( 'NONE', #6850, #6619, #7097, .T. ) ;
#4247 = CARTESIAN_POINT ( 'NONE',  ( 1.670384757729337144, 8.500000000000000000, 0.000000000000000000 ) ) ;
#4248 = DIRECTION ( 'NONE',  ( -0.000000000000000000, -1.000000000000000000, 1.668003342285392044E-16 ) ) ;
#4249 =( GEOMETRIC_REPRESENTATION_CONTEXT ( 3 ) GLOBAL_UNCERTAINTY_ASSIGNED_CONTEXT ( ( #9550 ) ) GLOBAL_UNIT_ASSIGNED_CONTEXT ( ( #1908, #6174, #5632 ) ) REPRESENTATION_CONTEXT ( 'NONE', 'WORKASPACE' ) );
#4250 = CARTESIAN_POINT ( 'NONE',  ( -0.3499999999999991451, 0.5000000000000005551, 0.3499999999999999778 ) ) ;
#4251 = FACE_OUTER_BOUND ( 'NONE', #2698, .T. ) ;
#4252 = EDGE_CURVE ( 'NONE', #8580, #1671, #4141, .T. ) ;
#4253 = CARTESIAN_POINT ( 'NONE',  ( 8.320000000000000284, 0.5000000000000006661, 0.3499999999999997002 ) ) ;
#4254 = DIRECTION ( 'NONE',  ( 0.000000000000000000, 0.000000000000000000, -1.000000000000000000 ) ) ;
#4255 = VERTEX_POINT ( 'NONE', #6521 ) ;
#4256 = ORIENTED_EDGE ( 'NONE', *, *, #5666, .T. ) ;
#4257 = DIRECTION ( 'NONE',  ( 0.000000000000000000, -3.097720492815727166E-16, -1.000000000000000000 ) ) ;
#4258 = B_SPLINE_CURVE_WITH_KNOTS ( 'NONE', 3,
 ( #1381, #2911, #5831, #3591, #4430, #1426, #8859, #8112, #7376, #9630, #9529, #1472, #6558, #673, #3640, #9683, #8206, #6649, #630, #6700, #8060, #2965, #6599, #3782, #6744, #36, #3053, #4376, #2865, #2111, #8908, #9581, #5933 ),
 .UNSPECIFIED., .F., .F.,
 ( 4, 1, 1, 1, 1, 1, 1, 2, 2, 1, 1, 1, 1, 1, 2, 2, 1, 1, 1, 1, 1, 1, 2, 2, 4 ),
 ( 0.000000000000000000, 0.2499999999999785727, 0.3749999999999677480, 0.4374999999999623634, 0.4687499999999595879, 0.4843749999999580891, 0.4921874999999576450, 0.4960937499999574229, 0.4999999999999572564, 0.6249999999999515943, 0.6874999999999485967, 0.7187499999999468203, 0.7343749999999459321, 0.7421874999999451550, 0.7460937499999447109, 0.7499999999999442668, 0.8124999999999452660, 0.8437499999999460432, 0.8593749999999463762, 0.8671874999999462652, 0.8710937499999464873, 0.8730468749999469313, 0.8740234374999471534, 0.8749999999999473754, 1.000000000000000000 ),
 .UNSPECIFIED. ) ;
#4259 = CARTESIAN_POINT ( 'NONE',  ( 6.686302744966793554, 4.293911919603387695, -0.3500000000000002554 ) ) ;
#4260 = DIRECTION ( 'NONE',  ( 1.000000000000000000, 0.000000000000000000, 0.000000000000000000 ) ) ;
#4261 = EDGE_LOOP ( 'NONE', ( #2660, #7697, #8932, #1511, #5476, #8435, #4304, #9383, #688, #3916, #7645, #2712, #4485, #4700, #8109, #6831, #3574, #8128, #4243, #979, #513, #2090, #4165, #6999 ) ) ;
#4262 =( NAMED_UNIT ( * ) PLANE_ANGLE_UNIT ( ) SI_UNIT ( $, .RADIAN. ) );
#4263 = EDGE_CURVE ( 'NONE', #6254, #7879, #7244, .T. ) ;
#4264 = EDGE_CURVE ( 'NONE', #2518, #3041, #9497, .T. ) ;
#4265 = CARTESIAN_POINT ( 'NONE',  ( 6.053046200924453224, 3.450480068927960442, 0.3499999999999998668 ) ) ;
#4266 = ORIENTED_EDGE ( 'NONE', *, *, #233, .T. ) ;
#4267 = PRESENTATION_STYLE_ASSIGNMENT (( #2675 ) ) ;
#4268 = LINE ( 'NONE', #575, #7809 ) ;
#4269 = CARTESIAN_POINT ( 'NONE',  ( 3.039999999999998259, 6.299999999999999822, 0.3499999999999998668 ) ) ;
#4270 = SURFACE_STYLE_USAGE ( .BOTH. , #526 ) ;
#4271 = ORIENTED_EDGE ( 'NONE', *, *, #8467, .T. ) ;
#4272 = SURFACE_STYLE_FILL_AREA ( #2725 ) ;
#4273 = AXIS2_PLACEMENT_3D ( 'NONE', #7359, #8829, #5127 ) ;
#4274 = DIRECTION ( 'NONE',  ( -1.000000000000000000, 0.000000000000000000, 0.000000000000000000 ) ) ;
#4275 = SURFACE_SIDE_STYLE ('',( #6412 ) ) ;
#4276 = CARTESIAN_POINT ( 'NONE',  ( -1.469999999999999973, 0.5000000000000000000, -0.6499999999999989120 ) ) ;
#4277 = ORIENTED_EDGE ( 'NONE', *, *, #4140, .F. ) ;
#4278 = ORIENTED_EDGE ( 'NONE', *, *, #6003, .T. ) ;
#4279 =( NAMED_UNIT ( * ) PLANE_ANGLE_UNIT ( ) SI_UNIT ( $, .RADIAN. ) );
#4280 = CARTESIAN_POINT ( 'NONE',  ( 4.080000000000000071, 1.800000000000000488, -0.3500000000000001443 ) ) ;
#4281 = PLANE ( 'NONE',  #3111 ) ;
#4282 = SURFACE_STYLE_USAGE ( .BOTH. , #8764 ) ;
#4283 = LINE ( 'NONE', #5608, #8996 ) ;
#4284 = CARTESIAN_POINT ( 'NONE',  ( 7.620000000000000107, 0.5000000000000005551, 0.3499999999999997002 ) ) ;
#4285 = AXIS2_PLACEMENT_3D ( 'NONE', #153, #8278, #9292 ) ;
#4286 = COLOUR_RGB ( '',0.8313725490196077761, 0.6705882352941175961, 0.1294117647058823373 ) ;
#4287 = CARTESIAN_POINT ( 'NONE',  ( -1.000000000000000000, 6.500000000000000888, 0.3499999999999989231 ) ) ;
#4288 = ORIENTED_EDGE ( 'NONE', *, *, #4506, .T. ) ;
#4289 = CARTESIAN_POINT ( 'NONE',  ( 5.601845733883980216, 5.626229152235330488, -1.681754820221790150E-16 ) ) ;
#4290 = ORIENTED_EDGE ( 'NONE', *, *, #2175, .T. ) ;
#4291 = PLANE ( 'NONE',  #8998 ) ;
#4292 = AXIS2_PLACEMENT_3D ( 'NONE', #367, #1903, #4898 ) ;
#4293 = CARTESIAN_POINT ( 'NONE',  ( 1.540000000000000702, 0.8000000000000004885, -0.3500000000000000888 ) ) ;
#4294 = CARTESIAN_POINT ( 'NONE',  ( 9.372837746342908005, 5.777005459572334800, -0.3500000000000001998 ) ) ;
#4295 = FACE_OUTER_BOUND ( 'NONE', #2378, .T. ) ;
#4296 = VECTOR ( 'NONE', #8138, 1000.000000000000000 ) ;
#4297 = DIRECTION ( 'NONE',  ( 1.000000000000000000, 0.000000000000000000, 0.000000000000000000 ) ) ;
#4298 = ORIENTED_EDGE ( 'NONE', *, *, #7817, .T. ) ;
#4299 = ORIENTED_EDGE ( 'NONE', *, *, #6300, .F. ) ;
#4300 = PLANE ( 'NONE',  #6524 ) ;
#4301 = EDGE_CURVE ( 'NONE', #3956, #222, #6825, .T. ) ;
#4302 = LINE ( 'NONE', #9610, #7120 ) ;
#4303 = DIRECTION ( 'NONE',  ( 0.000000000000000000, 0.000000000000000000, -1.000000000000000000 ) ) ;
#4304 = ORIENTED_EDGE ( 'NONE', *, *, #7218, .F. ) ;
#4305 = CARTESIAN_POINT ( 'NONE',  ( 10.16000000000000014, 1.700000000000000178, -0.3500000000000003109 ) ) ;
#4306 =( LENGTH_UNIT ( ) NAMED_UNIT ( * ) SI_UNIT ( .MILLI., .METRE. ) );
#4307 =( GEOMETRIC_REPRESENTATION_CONTEXT ( 3 ) GLOBAL_UNCERTAINTY_ASSIGNED_CONTEXT ( ( #6646 ) ) GLOBAL_UNIT_ASSIGNED_CONTEXT ( ( #610, #8578, #5314 ) ) REPRESENTATION_CONTEXT ( 'NONE', 'WORKASPACE' ) );
#4308 = PRESENTATION_STYLE_ASSIGNMENT (( #5772 ) ) ;
#4309 = ORIENTED_EDGE ( 'NONE', *, *, #7722, .F. ) ;
#4310 = LINE ( 'NONE', #7277, #3409 ) ;
#4311 = FACE_OUTER_BOUND ( 'NONE', #11, .T. ) ;
#4312 = CARTESIAN_POINT ( 'NONE',  ( 0.8612299008938453238, 5.207834124282260113, 0.3499999999999999778 ) ) ;
#4313 = CARTESIAN_POINT ( 'NONE',  ( 10.75999999999999979, 6.299999999999999822, 0.3499999999999996447 ) ) ;
#4314 = CARTESIAN_POINT ( 'NONE',  ( 0.7000000000000006217, 0.5000000000000006661, 0.3499999999999999778 ) ) ;
#4315 = ORIENTED_EDGE ( 'NONE', *, *, #6440, .T. ) ;
#4316 = STYLED_ITEM ( 'NONE', ( #396 ), #3314 ) ;
#4317 =( LENGTH_UNIT ( ) NAMED_UNIT ( * ) SI_UNIT ( .MILLI., .METRE. ) );
#4318 = DIRECTION ( 'NONE',  ( 0.000000000000000000, 0.000000000000000000, 1.000000000000000000 ) ) ;
#4319 = CARTESIAN_POINT ( 'NONE',  ( -0.3525240155457798341, 5.732672356334980179, 0.3499999999999999778 ) ) ;
#4320 = EDGE_CURVE ( 'NONE', #8690, #7370, #6377, .T. ) ;
#4321 = ORIENTED_EDGE ( 'NONE', *, *, #1858, .T. ) ;
#4322 = AXIS2_PLACEMENT_3D ( 'NONE', #4731, #3216, #3269 ) ;
#4323 = ORIENTED_EDGE ( 'NONE', *, *, #4301, .F. ) ;
#4324 = EDGE_CURVE ( 'NONE', #158, #5056, #4880, .T. ) ;
#4325 = AXIS2_PLACEMENT_3D ( 'NONE', #1437, #9646, #4538 ) ;
#4326 = DIRECTION ( 'NONE',  ( -0.000000000000000000, -0.000000000000000000, -1.000000000000000000 ) ) ;
#4327 = EDGE_CURVE ( 'NONE', #1540, #8132, #2641, .T. ) ;
#4328 = ADVANCED_FACE ( 'NONE', ( #7150 ), #3466, .T. ) ;
#4329 =( GEOMETRIC_REPRESENTATION_CONTEXT ( 3 ) GLOBAL_UNCERTAINTY_ASSIGNED_CONTEXT ( ( #4429 ) ) GLOBAL_UNIT_ASSIGNED_CONTEXT ( ( #5309, #198, #800 ) ) REPRESENTATION_CONTEXT ( 'NONE', 'WORKASPACE' ) );
#4330 = DIRECTION ( 'NONE',  ( -1.000000000000000000, -3.097720492815726426E-17, 0.000000000000000000 ) ) ;
#4331 = LINE ( 'NONE', #4971, #1309 ) ;
#4332 = CARTESIAN_POINT ( 'NONE',  ( 0.3525240155457787239, 5.732672356334978403, -0.3499999999999999778 ) ) ;
#4333 = VECTOR ( 'NONE', #9053, 1000.000000000000000 ) ;
#4334 = DIRECTION ( 'NONE',  ( -0.000000000000000000, 0.000000000000000000, 1.000000000000000000 ) ) ;
#4335 = CIRCLE ( 'NONE', #7436, 0.1999999999999996503 ) ;
#4336 = STYLED_ITEM ( 'NONE', ( #3923 ), #3012 ) ;
#4337 = DIRECTION ( 'NONE',  ( 1.000000000000000000, 0.000000000000000000, 0.000000000000000000 ) ) ;
#4338 = CARTESIAN_POINT ( 'NONE',  ( 5.579999999999999183, 6.084152315493285279, -0.3500000000000000888 ) ) ;
#4339 = DIRECTION ( 'NONE',  ( -1.121588454295349780E-16, 1.000000000000000000, 0.000000000000000000 ) ) ;
#4340 = AXIS2_PLACEMENT_3D ( 'NONE', #7857, #4951, #6449 ) ;
#4341 = ORIENTED_EDGE ( 'NONE', *, *, #408, .T. ) ;
#4342 = CARTESIAN_POINT ( 'NONE',  ( 1.000000000000000000, 6.500000000000000888, -0.3500000000000010880 ) ) ;
#4343 = ORIENTED_EDGE ( 'NONE', *, *, #20, .F. ) ;
#4344 = CARTESIAN_POINT ( 'NONE',  ( 8.619999999999999218, 6.500000000000000888, -0.3500000000000010880 ) ) ;
#4345 = CARTESIAN_POINT ( 'NONE',  ( 5.079999999999999183, 1.700000000000000178, 0.3499999999999998113 ) ) ;
#4346 = CARTESIAN_POINT ( 'NONE',  ( 7.270000000000001350, -2.800000000000001155, 0.3499999999999997002 ) ) ;
#4347 = COLOUR_RGB ( '',0.8313725490196077761, 0.6705882352941175961, 0.1294117647058823373 ) ;
#4348 = CARTESIAN_POINT ( 'NONE',  ( 11.14166067961241247, 3.374693912578980548, -0.3500000000000003664 ) ) ;
#4349 = LINE ( 'NONE', #6535, #1002 ) ;
#4350 = FACE_OUTER_BOUND ( 'NONE', #1548, .T. ) ;
#4351 = CARTESIAN_POINT ( 'NONE',  ( 0.7867584960353884993, 5.779404586027643731, -0.3499999999999999778 ) ) ;
#4352 = ORIENTED_EDGE ( 'NONE', *, *, #2253, .T. ) ;
#4353 = CIRCLE ( 'NONE', #108, 0.2999999999999999334 ) ;
#4354 = PRESENTATION_LAYER_ASSIGNMENT (  '', '', ( #8386 ) ) ;
#4355 = VERTEX_POINT ( 'NONE', #1391 ) ;
#4356 = AXIS2_PLACEMENT_3D ( 'NONE', #8668, #2652, #5615 ) ;
#4357 = EDGE_CURVE ( 'NONE', #9032, #8144, #3601, .T. ) ;
#4358 = PRESENTATION_STYLE_ASSIGNMENT (( #5036 ) ) ;
#4359 = CARTESIAN_POINT ( 'NONE',  ( 6.788546599915416202, 5.476966929916270210, -0.3500000000000001998 ) ) ;
#4360 = DIRECTION ( 'NONE',  ( 0.000000000000000000, 0.000000000000000000, 1.000000000000000000 ) ) ;
#4361 = EDGE_LOOP ( 'NONE', ( #5456, #5975, #4666, #5068 ) ) ;
#4362 = SURFACE_SIDE_STYLE ('',( #1368 ) ) ;
#4363 = EDGE_CURVE ( 'NONE', #5509, #955, #957, .T. ) ;
#4364 = DIRECTION ( 'NONE',  ( 0.000000000000000000, 1.000000000000000000, -1.668003342285392044E-16 ) ) ;
#4365 = ORIENTED_EDGE ( 'NONE', *, *, #6525, .T. ) ;
#4366 = EDGE_CURVE ( 'NONE', #4033, #4865, #7617, .T. ) ;
#4367 = CARTESIAN_POINT ( 'NONE',  ( 4.080000000000000071, 1.800000000000000488, -0.3500000000000001443 ) ) ;
#4368 = CARTESIAN_POINT ( 'NONE',  ( 5.430000000000000604, 0.000000000000000000, 0.3499999999999999778 ) ) ;
#4369 = VECTOR ( 'NONE', #5235, 1000.000000000000000 ) ;
#4370 = CIRCLE ( 'NONE', #6079, 0.3000000000000000444 ) ;
#4371 = CARTESIAN_POINT ( 'NONE',  ( 2.390000000000000568, -3.000000000000000000, -0.3500000000000000888 ) ) ;
#4372 = SURFACE_STYLE_USAGE ( .BOTH. , #4220 ) ;
#4373 = SURFACE_SIDE_STYLE ('',( #1516 ) ) ;
#4374 = ORIENTED_EDGE ( 'NONE', *, *, #6993, .T. ) ;
#4375 = DIRECTION ( 'NONE',  ( 1.000000000000000000, 0.000000000000000000, 0.000000000000000000 ) ) ;
#4376 = CARTESIAN_POINT ( 'NONE',  ( -0.7875361083845766608, 5.774771377977408804, -0.3500000000000000888 ) ) ;
#4377 = FACE_OUTER_BOUND ( 'NONE', #7862, .T. ) ;
#4378 = ORIENTED_EDGE ( 'NONE', *, *, #5905, .T. ) ;
#4379 = UNCERTAINTY_MEASURE_WITH_UNIT (LENGTH_MEASURE( 1.000000000000000082E-05 ), #8248, 'distance_accuracy_value', 'NONE');
#4380 = VERTEX_POINT ( 'NONE', #2 ) ;
#4381 = CARTESIAN_POINT ( 'NONE',  ( -1.018126922434469523E-15, 1.700000000000000178, -0.3499999999999999778 ) ) ;
#4382 = CARTESIAN_POINT ( 'NONE',  ( -0.6867549326077613259, 10.39117142264903570, -0.6500000000000030198 ) ) ;
#4383 = EDGE_CURVE ( 'NONE', #253, #1175, #3921, .T. ) ;
#4384 = DIRECTION ( 'NONE',  ( 3.097720492815726426E-17, -1.000000000000000000, 0.000000000000000000 ) ) ;
#4386 = CARTESIAN_POINT ( 'NONE',  ( 10.16000000000000014, 0.5000000000000005551, -0.3500000000000003109 ) ) ;
#4385 = COLOUR_RGB ( '',0.8313725490196077761, 0.6705882352941175961, 0.1294117647058823373 ) ;
#4387 = LINE ( 'NONE', #8711, #734 ) ;
#4388 = CARTESIAN_POINT ( 'NONE',  ( 11.10889710235111316, 4.001162287970013054, 0.3499999999999996447 ) ) ;
#4389 = CARTESIAN_POINT ( 'NONE',  ( 5.866758496035390458, 5.779404586027644619, -0.3500000000000001443 ) ) ;
#4390 = CARTESIAN_POINT ( 'NONE',  ( -0.3500000000000000333, 0.000000000000000000, 0.3499999999999999778 ) ) ;
#4391 = CARTESIAN_POINT ( 'NONE',  ( 7.156643101092098114, 1.700000000000000400, -0.3500000000000002554 ) ) ;
#4392 = ORIENTED_EDGE ( 'NONE', *, *, #8048, .F. ) ;
#4393 = ORIENTED_EDGE ( 'NONE', *, *, #537, .F. ) ;
#4394 = AXIS2_PLACEMENT_3D ( 'NONE', #8549, #9287, #7081 ) ;
#4395 = ORIENTED_EDGE ( 'NONE', *, *, #1895, .T. ) ;
#4396 = SURFACE_STYLE_USAGE ( .BOTH. , #3517 ) ;
#4397 = CARTESIAN_POINT ( 'NONE',  ( 5.405255819881806367, 5.589454083063162493, 0.3499999999999998113 ) ) ;
#4398 = DIRECTION ( 'NONE',  ( 1.000000000000000000, 0.000000000000000000, 0.000000000000000000 ) ) ;
#4399 = FACE_OUTER_BOUND ( 'NONE', #5664, .T. ) ;
#4401 = CARTESIAN_POINT ( 'NONE',  ( 2.187475984454220423, 5.732672356334980179, 0.3499999999999998668 ) ) ;
#4400 = AXIS2_PLACEMENT_3D ( 'NONE', #489, #6516, #2066 ) ;
#4402 = EDGE_CURVE ( 'NONE', #5643, #431, #6, .T. ) ;
#4403 = SURFACE_STYLE_FILL_AREA ( #7401 ) ;
#4404 = EDGE_CURVE ( 'NONE', #9471, #3745, #2276, .T. ) ;
#4405 = CARTESIAN_POINT ( 'NONE',  ( 7.156643101092098114, 1.700000000000000400, 0.3499999999999997558 ) ) ;
#4406 = FACE_OUTER_BOUND ( 'NONE', #6760, .T. ) ;
#4407 = ORIENTED_EDGE ( 'NONE', *, *, #5000, .T. ) ;
#4408 = EDGE_LOOP ( 'NONE', ( #7559, #1580, #8683, #5321 ) ) ;
#4409 = MECHANICAL_DESIGN_GEOMETRIC_PRESENTATION_REPRESENTATION (  '', ( #4093 ), #5026 ) ;
#4410 = VECTOR ( 'NONE', #6450, 1000.000000000000000 ) ;
#4411 =( NAMED_UNIT ( * ) SI_UNIT ( $, .STERADIAN. ) SOLID_ANGLE_UNIT ( ) );
#4412 = EDGE_CURVE ( 'NONE', #5168, #3422, #4662, .T. ) ;
#4413 = SURFACE_STYLE_USAGE ( .BOTH. , #5863 ) ;
#4414 = ORIENTED_EDGE ( 'NONE', *, *, #6544, .F. ) ;
#4415 = CARTESIAN_POINT ( 'NONE',  ( 10.84675493260776236, 10.39117142264903570, -0.6500000000000030198 ) ) ;
#4416 = CARTESIAN_POINT ( 'NONE',  ( 7.267475984454220495, 5.732672356334980179, -0.3500000000000002554 ) ) ;
#4417 = VECTOR ( 'NONE', #276, 1000.000000000000000 ) ;
#4418 = VECTOR ( 'NONE', #3587, 1000.000000000000000 ) ;
#4419 = CARTESIAN_POINT ( 'NONE',  ( 2.890000000000001013, 0.5000000000000005551, 0.3499999999999998668 ) ) ;
#4420 = VERTEX_POINT ( 'NONE', #7122 ) ;
#4421 = CARTESIAN_POINT ( 'NONE',  ( 4.217373952540059534, 5.194217234909947578, -0.3500000000000001998 ) ) ;
#4422 = APPLICATION_PROTOCOL_DEFINITION ( 'draft international standard', 'automotive_design', 1998, #7549 ) ;
#4423 = EDGE_CURVE ( 'NONE', #5048, #3055, #6350, .T. ) ;
#4424 = CARTESIAN_POINT ( 'NONE',  ( 10.75999999999999979, 6.299999999999999822, 0.1166666666666662522 ) ) ;
#4425 =( NAMED_UNIT ( * ) PLANE_ANGLE_UNIT ( ) SI_UNIT ( $, .RADIAN. ) );
#4426 = ORIENTED_EDGE ( 'NONE', *, *, #2475, .T. ) ;
#4427 = UNCERTAINTY_MEASURE_WITH_UNIT (LENGTH_MEASURE( 1.000000000000000082E-05 ), #7151, 'distance_accuracy_value', 'NONE');
#4428 = SURFACE_STYLE_USAGE ( .BOTH. , #2110 ) ;
#4429 = UNCERTAINTY_MEASURE_WITH_UNIT (LENGTH_MEASURE( 1.000000000000000082E-05 ), #5309, 'distance_accuracy_value', 'NONE');
#4430 = CARTESIAN_POINT ( 'NONE',  ( -0.9599994152017123916, 3.767448265748938763, -0.3499999999999999778 ) ) ;
#4431 =( BOUNDED_SURFACE ( )  B_SPLINE_SURFACE ( 2, 3, ( 
 ( #2873, #7242, #5892, #3506 ),
 ( #3550, #7924, #9402, #5692 ),
 ( #5016, #1388, #1237, #8816 ) ),
 .UNSPECIFIED., .F., .F., .F. ) 
 B_SPLINE_SURFACE_WITH_KNOTS ( ( 3, 3 ),
 ( 4, 4 ),
 ( 0.000000000000000000, 1.000000000000000000 ),
 ( -0.0007349999999999999763, 3.500000000000000371E-05 ),
 .UNSPECIFIED. ) 
 GEOMETRIC_REPRESENTATION_ITEM ( )  RATIONAL_B_SPLINE_SURFACE ( (
 ( 1.000000000000000000, 1.000000000000000000, 1.000000000000000000, 1.000000000000000000),
 ( 0.7071067811865475727, 0.7071067811865475727, 0.7071067811865475727, 0.7071067811865475727),
 ( 1.000000000000000000, 1.000000000000000000, 1.000000000000000000, 1.000000000000000000) ) ) 
 REPRESENTATION_ITEM ( '' )  SURFACE ( )  );
#4432 = CARTESIAN_POINT ( 'NONE',  ( 4.135723020487988677, 4.091073788932124700, 0.3499999999999998113 ) ) ;
#4433 = EDGE_LOOP ( 'NONE', ( #1698, #1214, #943, #8377 ) ) ;
#4434 = ORIENTED_EDGE ( 'NONE', *, *, #8063, .F. ) ;
#4435 = CARTESIAN_POINT ( 'NONE',  ( 7.941845733883979186, 5.626229152235330488, -2.522632230332685348E-16 ) ) ;
#4436 = PLANE ( 'NONE',  #4077 ) ;
#4437 =( NAMED_UNIT ( * ) PLANE_ANGLE_UNIT ( ) SI_UNIT ( $, .RADIAN. ) );
#4438 = DIRECTION ( 'NONE',  ( -1.000000000000000000, -1.084202172485504434E-16, 0.000000000000000000 ) ) ;
#4439 = CARTESIAN_POINT ( 'NONE',  ( 1.000000000000000000, 6.500000000000000888, 0.3499999999999989231 ) ) ;
#4440 = CARTESIAN_POINT ( 'NONE',  ( 2.890000000000001013, 1.084202172485506745E-17, -0.3500000000000000888 ) ) ;
#4441 = CARTESIAN_POINT ( 'NONE',  ( 5.766754932607761397, 6.500000000000000888, -0.6500000000000017986 ) ) ;
#4442 = LINE ( 'NONE', #9648, #549 ) ;
#4443 = FILL_AREA_STYLE_COLOUR ( '', #708 ) ;
#4444 = ORIENTED_EDGE ( 'NONE', *, *, #4404, .T. ) ;
#4445 = FILL_AREA_STYLE_COLOUR ( '', #4286 ) ;
#4446 = VERTEX_POINT ( 'NONE', #421 ) ;
#4447 = CARTESIAN_POINT ( 'NONE',  ( -0.5218457338839801452, 5.626229152235333153, 0.000000000000000000 ) ) ;
#4448 = CARTESIAN_POINT ( 'NONE',  ( 11.63000000000000078, 0.5000000000000000000, -0.6499999999999989120 ) ) ;
#4449 = DIRECTION ( 'NONE',  ( -0.000000000000000000, -1.000000000000000000, -4.336808689942017736E-16 ) ) ;
#4450 = DIRECTION ( 'NONE',  ( -1.000000000000000000, -0.000000000000000000, -0.000000000000000000 ) ) ;
#4451 = CARTESIAN_POINT ( 'NONE',  ( 2.040000000000001812, 6.084152315493286167, 0.3499999999999998113 ) ) ;
#4452 = CARTESIAN_POINT ( 'NONE',  ( 8.620000000000000995, 1.800000000000000488, -0.1166666666666670155 ) ) ;
#4453 = FILL_AREA_STYLE_COLOUR ( '', #1578 ) ;
#4454 = ORIENTED_EDGE ( 'NONE', *, *, #5546, .F. ) ;
#4455 = EDGE_CURVE ( 'NONE', #5509, #3643, #9458, .T. ) ;
#4456 = DIRECTION ( 'NONE',  ( 0.000000000000000000, -0.000000000000000000, 1.000000000000000000 ) ) ;
#4457 = ORIENTED_EDGE ( 'NONE', *, *, #1553, .T. ) ;
#4458 = VECTOR ( 'NONE', #6885, 1000.000000000000000 ) ;
#4459 =( NAMED_UNIT ( * ) SI_UNIT ( $, .STERADIAN. ) SOLID_ANGLE_UNIT ( ) );
#4460 = SURFACE_STYLE_FILL_AREA ( #2895 ) ;
#4461 = CARTESIAN_POINT ( 'NONE',  ( 6.620000000000000995, 1.800000000000000488, -0.3500000000000002554 ) ) ;
#4462 = ORIENTED_EDGE ( 'NONE', *, *, #7249, .F. ) ;
#4463 = DIRECTION ( 'NONE',  ( -0.000000000000000000, -0.000000000000000000, -1.000000000000000000 ) ) ;
#4464 = PLANE ( 'NONE',  #5709 ) ;
#4465 = CARTESIAN_POINT ( 'NONE',  ( 0.8696152422706630025, 8.500000000000000000, -0.8696152422706631135 ) ) ;
#4466 = EDGE_CURVE ( 'NONE', #4221, #5477, #2507, .T. ) ;
#4467 = ORIENTED_EDGE ( 'NONE', *, *, #7438, .T. ) ;
#4468 = EDGE_CURVE ( 'NONE', #3577, #8144, #4017, .T. ) ;
#4469 = PRESENTATION_STYLE_ASSIGNMENT (( #7419 ) ) ;
#4470 = ADVANCED_FACE ( 'NONE', ( #1706 ), #4897, .F. ) ;
#4471 = FACE_OUTER_BOUND ( 'NONE', #9326, .T. ) ;
#4472 = DIRECTION ( 'NONE',  ( 0.000000000000000000, 0.000000000000000000, -1.000000000000000000 ) ) ;
#4473 = ORIENTED_EDGE ( 'NONE', *, *, #2508, .T. ) ;
#4474 = FACE_OUTER_BOUND ( 'NONE', #6027, .T. ) ;
#4475 = CARTESIAN_POINT ( 'NONE',  ( 3.039999999999998259, 6.299999999999999822, -0.3500000000000000888 ) ) ;
#4476 = VECTOR ( 'NONE', #4915, 1000.000000000000000 ) ;
#4477 = CARTESIAN_POINT ( 'NONE',  ( 4.135304513043836394, 4.083092593512598789, 0.3499999999999998668 ) ) ;
#4478 = EDGE_CURVE ( 'NONE', #2563, #9231, #4370, .T. ) ;
#4479 = VERTEX_POINT ( 'NONE', #7762 ) ;
#4480 = EDGE_CURVE ( 'NONE', #2299, #3857, #5486, .T. ) ;
#4481 = CARTESIAN_POINT ( 'NONE',  ( 0.6867549326077647676, 0.5000000000000002220, 0.6500000000000010214 ) ) ;
#4482 = LINE ( 'NONE', #8212, #7350 ) ;
#4483 = STYLED_ITEM ( 'NONE', ( #5076 ), #910 ) ;
#4484 = ADVANCED_FACE ( 'NONE', ( #2456 ), #8395, .F. ) ;
#4485 = ORIENTED_EDGE ( 'NONE', *, *, #834, .T. ) ;
#4486 = DIRECTION ( 'NONE',  ( 0.000000000000000000, -0.000000000000000000, -1.000000000000000000 ) ) ;
#4487 = DIRECTION ( 'NONE',  ( 0.000000000000000000, 1.000000000000000000, -1.668003342285391797E-16 ) ) ;
#4488 =( BOUNDED_CURVE ( )  B_SPLINE_CURVE ( 3, ( #5128, #4451, #8089, #4401 ),
 .UNSPECIFIED., .F., .F. ) 
 B_SPLINE_CURVE_WITH_KNOTS ( ( 4, 4 ),
 ( 1.570796326794896336, 2.359101780428492390 ),
 .UNSPECIFIED. ) 
 CURVE ( )  GEOMETRIC_REPRESENTATION_ITEM ( )  RATIONAL_B_SPLINE_CURVE ( ( 1.000000000000000000, 0.9488815137910384667, 0.9488815137910384667, 1.000000000000000000 ) ) 
 REPRESENTATION_ITEM ( '' )  );
#4489 = UNCERTAINTY_MEASURE_WITH_UNIT (LENGTH_MEASURE( 1.000000000000000082E-05 ), #5769, 'distance_accuracy_value', 'NONE');
#4490 = DIRECTION ( 'NONE',  ( -0.000000000000000000, -1.000000000000000000, 1.668003342285392044E-16 ) ) ;
#4491 = DIRECTION ( 'NONE',  ( -1.000000000000000000, 0.000000000000000000, 0.000000000000000000 ) ) ;
#4492 = AXIS2_PLACEMENT_3D ( 'NONE', #1142, #3178, #7643 ) ;
#4493 = VERTEX_POINT ( 'NONE', #1796 ) ;
#4494 = ORIENTED_EDGE ( 'NONE', *, *, #2474, .T. ) ;
#4495 = CARTESIAN_POINT ( 'NONE',  ( 2.189999999999999947, 0.000000000000000000, -0.3499999999999999778 ) ) ;
#4496 = CARTESIAN_POINT ( 'NONE',  ( 7.470000000000000639, -3.000000000000000000, -0.3500000000000002554 ) ) ;
#4497 = ORIENTED_EDGE ( 'NONE', *, *, #301, .F. ) ;
#4498 = MECHANICAL_DESIGN_GEOMETRIC_PRESENTATION_REPRESENTATION (  '', ( #2301 ), #5725 ) ;
#4499 = CARTESIAN_POINT ( 'NONE',  ( 5.725466478527304837, 3.877691542223584698, -0.3500000000000001443 ) ) ;
#4500 = VECTOR ( 'NONE', #5946, 1000.000000000000000 ) ;
#4501 = CARTESIAN_POINT ( 'NONE',  ( 9.226302744966792702, 4.293911919603389471, -0.3500000000000003109 ) ) ;
#4502 = CARTESIAN_POINT ( 'NONE',  ( 1.000000000000000444, 1.800000000000000488, 0.1166666666666665853 ) ) ;
#4503 = FILL_AREA_STYLE_COLOUR ( '', #1315 ) ;
#4504 = DIRECTION ( 'NONE',  ( 0.000000000000000000, -1.000000000000000000, 0.000000000000000000 ) ) ;
#4505 = COLOUR_RGB ( '',0.8313725490196077761, 0.6705882352941175961, 0.1294117647058823373 ) ;
#4506 = EDGE_CURVE ( 'NONE', #2469, #890, #9281, .T. ) ;
#4507 = STYLED_ITEM ( 'NONE', ( #2701 ), #4919 ) ;
#4508 = ORIENTED_EDGE ( 'NONE', *, *, #7966, .T. ) ;
#4509 = VECTOR ( 'NONE', #5682, 1000.000000000000000 ) ;
#4510 = DIRECTION ( 'NONE',  ( 0.000000000000000000, 1.000000000000000000, 0.000000000000000000 ) ) ;
#4511 = VERTEX_POINT ( 'NONE', #9184 ) ;
#4512 = CARTESIAN_POINT ( 'NONE',  ( 10.60819304542214248, 5.884855341312109189, 0.3499999999999996447 ) ) ;
#4513 = CARTESIAN_POINT ( 'NONE',  ( 8.306754932607761432, 10.39117142264903570, -0.6500000000000030198 ) ) ;
#4514 =( NAMED_UNIT ( * ) PLANE_ANGLE_UNIT ( ) SI_UNIT ( $, .RADIAN. ) );
#4515 = ORIENTED_EDGE ( 'NONE', *, *, #7356, .F. ) ;
#4516 = DIRECTION ( 'NONE',  ( 1.000000000000000000, 0.000000000000000000, 0.000000000000000000 ) ) ;
#4517 = DIRECTION ( 'NONE',  ( 0.000000000000000000, -0.000000000000000000, -1.000000000000000000 ) ) ;
#4518 =( GEOMETRIC_REPRESENTATION_CONTEXT ( 3 ) GLOBAL_UNCERTAINTY_ASSIGNED_CONTEXT ( ( #1677 ) ) GLOBAL_UNIT_ASSIGNED_CONTEXT ( ( #6858, #1544, #6046 ) ) REPRESENTATION_CONTEXT ( 'NONE', 'WORKASPACE' ) );
#4519 = ORIENTED_EDGE ( 'NONE', *, *, #3153, .T. ) ;
#4520 =( NAMED_UNIT ( * ) SI_UNIT ( $, .STERADIAN. ) SOLID_ANGLE_UNIT ( ) );
#4521 = CARTESIAN_POINT ( 'NONE',  ( 0.7875361083845654475, 5.774771377977485187, 0.3499999999999999223 ) ) ;
#4522 = AXIS2_PLACEMENT_3D ( 'NONE', #6055, #3131, #2577 ) ;
#4523 = DIRECTION ( 'NONE',  ( 1.000000000000000000, 0.000000000000000000, 0.000000000000000000 ) ) ;
#4524 = VERTEX_POINT ( 'NONE', #9334 ) ;
#4525 = LINE ( 'NONE', #5196, #1360 ) ;
#4526 = DIRECTION ( 'NONE',  ( -0.000000000000000000, -1.000000000000000000, 1.668003342285391551E-16 ) ) ;
#4527 = EDGE_LOOP ( 'NONE', ( #8572, #3497, #8423, #1065 ) ) ;
#4528 = VECTOR ( 'NONE', #8746, 1000.000000000000114 ) ;
#4529 = PLANE ( 'NONE',  #1821 ) ;
#4530 = LINE ( 'NONE', #2374, #3622 ) ;
#4531 = CARTESIAN_POINT ( 'NONE',  ( 10.16000000000000014, 6.299999999999999822, 0.3499999999999996447 ) ) ;
#4532 = LINE ( 'NONE', #5987, #6532 ) ;
#4533 = ORIENTED_EDGE ( 'NONE', *, *, #179, .T. ) ;
#4534 = EDGE_CURVE ( 'NONE', #1940, #2518, #7223, .T. ) ;
#4535 = FACE_OUTER_BOUND ( 'NONE', #3006, .T. ) ;
#4536 =( GEOMETRIC_REPRESENTATION_CONTEXT ( 3 ) GLOBAL_UNCERTAINTY_ASSIGNED_CONTEXT ( ( #2480 ) ) GLOBAL_UNIT_ASSIGNED_CONTEXT ( ( #9181, #1793, #3192 ) ) REPRESENTATION_CONTEXT ( 'NONE', 'WORKASPACE' ) );
#4537 = ADVANCED_FACE ( 'NONE', ( #922 ), #9179, .T. ) ;
#4538 = DIRECTION ( 'NONE',  ( 0.000000000000000000, 0.000000000000000000, 1.000000000000000000 ) ) ;
#4539 = FACE_OUTER_BOUND ( 'NONE', #6384, .T. ) ;
#4540 = EDGE_CURVE ( 'NONE', #7832, #4355, #4746, .T. ) ;
#4541 = EDGE_LOOP ( 'NONE', ( #130, #1497, #2751, #1370 ) ) ;
#4542 = ORIENTED_EDGE ( 'NONE', *, *, #7180, .F. ) ;
#4543 = CARTESIAN_POINT ( 'NONE',  ( 4.080000000000000959, 6.299999999999999822, 0.3849999999999998423 ) ) ;
#4544 = CARTESIAN_POINT ( 'NONE',  ( 6.938619849678661744, 6.233860305463148066, 0.3499999999999998113 ) ) ;
#4545 = ORIENTED_EDGE ( 'NONE', *, *, #1891, .T. ) ;
#4546 = SURFACE_SIDE_STYLE ('',( #3069 ) ) ;
#4547 = EDGE_CURVE ( 'NONE', #8634, #7236, #6118, .T. ) ;
#4548 = CARTESIAN_POINT ( 'NONE',  ( 4.729999999999999538, 8.200000000000001066, 0.3499999999999999778 ) ) ;
#4549 = CARTESIAN_POINT ( 'NONE',  ( 11.02016435670298300, 5.218128553112161505, -0.3500000000000003664 ) ) ;
#4550 = LINE ( 'NONE', #16, #7240 ) ;
#4551 = DIRECTION ( 'NONE',  ( -0.000000000000000000, -1.000000000000000000, 1.668003342285392044E-16 ) ) ;
#4552 = FACE_OUTER_BOUND ( 'NONE', #6593, .T. ) ;
#4553 = AXIS2_PLACEMENT_3D ( 'NONE', #9537, #2774, #2872 ) ;
#4554 = ORIENTED_EDGE ( 'NONE', *, *, #6231, .T. ) ;
#4555 = SURFACE_SIDE_STYLE ('',( #63 ) ) ;
#4556 = ORIENTED_EDGE ( 'NONE', *, *, #7193, .T. ) ;
#4557 = DIRECTION ( 'NONE',  ( 0.000000000000000000, -1.000000000000000000, 0.000000000000000000 ) ) ;
#4558 = MECHANICAL_DESIGN_GEOMETRIC_PRESENTATION_REPRESENTATION (  '', ( #2033 ), #5969 ) ;
#4559 = VERTEX_POINT ( 'NONE', #7662 ) ;
#4560 = CARTESIAN_POINT ( 'NONE',  ( 9.660000000000001918, 6.299999999999999822, 0.3499999999999996447 ) ) ;
#4561 = SURFACE_STYLE_USAGE ( .BOTH. , #5972 ) ;
#4562 = CARTESIAN_POINT ( 'NONE',  ( 2.190000000000000835, -1.084202172485501815E-17, 0.3499999999999998668 ) ) ;
#4563 = CARTESIAN_POINT ( 'NONE',  ( 6.750384757729337437, 8.500000000000000000, 0.8696152422706630025 ) ) ;
#4564 = VERTEX_POINT ( 'NONE', #175 ) ;
#4565 = DIRECTION ( 'NONE',  ( 1.000000000000000000, 0.000000000000000000, 0.000000000000000000 ) ) ;
#4566 = SURFACE_SIDE_STYLE ('',( #8484 ) ) ;
#4567 = CARTESIAN_POINT ( 'NONE',  ( -0.3252558198818047974, 5.589454083063166046, -0.3499999999999999778 ) ) ;
#4568 = CARTESIAN_POINT ( 'NONE',  ( 2.540000000000000036, 0.5000000000000005551, 0.3499999999999998668 ) ) ;
#4570 = EDGE_LOOP ( 'NONE', ( #2876, #3364, #215, #1996 ) ) ;
#4569 = MECHANICAL_DESIGN_GEOMETRIC_PRESENTATION_REPRESENTATION (  '', ( #8756 ), #8126 ) ;
#4571 = FILL_AREA_STYLE_COLOUR ( '', #6663 ) ;
#4572 = PLANE ( 'NONE',  #4696 ) ;
#4573 = ORIENTED_EDGE ( 'NONE', *, *, #787, .F. ) ;
#4574 = FACE_OUTER_BOUND ( 'NONE', #116, .T. ) ;
#4575 = CARTESIAN_POINT ( 'NONE',  ( 0.4999999999999985012, 6.299999999999999822, 0.3499999999999999778 ) ) ;
#4576 = CARTESIAN_POINT ( 'NONE',  ( 2.892524015545778759, 5.732672356334978403, 0.3499999999999998668 ) ) ;
#4577 = CARTESIAN_POINT ( 'NONE',  ( 11.16000000000000014, 0.5000000000000000000, -0.3500000000000000888 ) ) ;
#4578 = ORIENTED_EDGE ( 'NONE', *, *, #7771, .F. ) ;
#4579 = CARTESIAN_POINT ( 'NONE',  ( 2.540000000000000036, 6.500000000000000888, -1.155688030012021264E-15 ) ) ;
#4580 = LINE ( 'NONE', #7526, #2931 ) ;
#4581 = DIRECTION ( 'NONE',  ( -0.000000000000000000, -1.000000000000000000, 1.668003342285391551E-16 ) ) ;
#4582 = ORIENTED_EDGE ( 'NONE', *, *, #4534, .F. ) ;
#4583 = ORIENTED_EDGE ( 'NONE', *, *, #8282, .T. ) ;
#4584 =( LENGTH_UNIT ( ) NAMED_UNIT ( * ) SI_UNIT ( .MILLI., .METRE. ) );
#4585 = CARTESIAN_POINT ( 'NONE',  ( 6.834859749080237634, 5.788964205960198228, 0.3499999999999997558 ) ) ;
#4586 = ORIENTED_EDGE ( 'NONE', *, *, #3632, .F. ) ;
#4587 = SURFACE_STYLE_USAGE ( .BOTH. , #4546 ) ;
#4588 = FACE_OUTER_BOUND ( 'NONE', #908, .T. ) ;
#4589 = DIRECTION ( 'NONE',  ( 0.7071067811865474617, 0.7071067811865474617, -0.000000000000000000 ) ) ;
#4590 = PLANE ( 'NONE',  #1947 ) ;
#4591 = CARTESIAN_POINT ( 'NONE',  ( 5.401845733883980039, 5.626229152235330488, 0.3499999999999998113 ) ) ;
#4592 = ORIENTED_EDGE ( 'NONE', *, *, #166, .F. ) ;
#4593 = PLANE ( 'NONE',  #1535 ) ;
#4594 = ORIENTED_EDGE ( 'NONE', *, *, #7043, .T. ) ;
#4595 = FACE_OUTER_BOUND ( 'NONE', #7199, .T. ) ;
#4596 = PRESENTATION_LAYER_ASSIGNMENT (  '', '', ( #7530 ) ) ;
#4597 = CARTESIAN_POINT ( 'NONE',  ( 6.620000000000000107, 0.5000000000000000000, -0.3500000000000000888 ) ) ;
#4598 = DIRECTION ( 'NONE',  ( -1.000000000000000000, -1.084202172485504434E-16, 0.000000000000000000 ) ) ;
#4599 = ORIENTED_EDGE ( 'NONE', *, *, #3736, .T. ) ;
#4600 = B_SPLINE_CURVE_WITH_KNOTS ( 'NONE', 3,
 ( #4863, #9480, #5045, #9344 ),
 .UNSPECIFIED., .F., .F.,
 ( 4, 4 ),
 ( 0.000000000000000000, 1.000000000000000000 ),
 .UNSPECIFIED. ) ;
#4601 = PRESENTATION_STYLE_ASSIGNMENT (( #4561 ) ) ;
#4602 = COLOUR_RGB ( '',0.8313725490196077761, 0.6705882352941175961, 0.1294117647058823373 ) ;
#4603 = CARTESIAN_POINT ( 'NONE',  ( 9.560000000000000497, 6.299999999999999822, 0.3499999999999996447 ) ) ;
#4604 = ORIENTED_EDGE ( 'NONE', *, *, #5635, .T. ) ;
#4605 = EDGE_CURVE ( 'NONE', #3503, #4479, #9083, .T. ) ;
#4606 = ORIENTED_EDGE ( 'NONE', *, *, #254, .T. ) ;
#4607 = SURFACE_STYLE_USAGE ( .BOTH. , #4702 ) ;
#4608 = VECTOR ( 'NONE', #2732, 1000.000000000000000 ) ;
#4609 = DIRECTION ( 'NONE',  ( 1.000000000000000000, 1.121588454295349780E-16, -0.000000000000000000 ) ) ;
#4610 = DIRECTION ( 'NONE',  ( 0.000000000000000000, -0.000000000000000000, -1.000000000000000000 ) ) ;
#4611 = DIRECTION ( 'NONE',  ( -1.000000000000000000, 0.000000000000000000, 7.744301232039316681E-17 ) ) ;
#4612 = ORIENTED_EDGE ( 'NONE', *, *, #5715, .F. ) ;
#4613 = SURFACE_SIDE_STYLE ('',( #5385 ) ) ;
#4614 = FILL_AREA_STYLE ('',( #4571 ) ) ;
#4615 = LINE ( 'NONE', #134, #773 ) ;
#4616 = ORIENTED_EDGE ( 'NONE', *, *, #3331, .F. ) ;
#4617 = SURFACE_STYLE_USAGE ( .BOTH. , #3154 ) ;
#4618 = DIRECTION ( 'NONE',  ( -1.000000000000000000, 0.000000000000000000, 0.000000000000000000 ) ) ;
#4619 = DIRECTION ( 'NONE',  ( 0.000000000000000000, 0.000000000000000000, -1.000000000000000000 ) ) ;
#4620 = FILL_AREA_STYLE ('',( #6794 ) ) ;
#4621 =( BOUNDED_CURVE ( )  B_SPLINE_CURVE ( 3, ( #4837, #9113, #6864, #2589 ),
 .UNSPECIFIED., .F., .F. ) 
 B_SPLINE_CURVE_WITH_KNOTS ( ( 4, 4 ),
 ( 3.924083526751088957, 4.712388980384689674 ),
 .UNSPECIFIED. ) 
 CURVE ( )  GEOMETRIC_REPRESENTATION_ITEM ( )  RATIONAL_B_SPLINE_CURVE ( ( 1.000000000000000000, 0.9488815137910379116, 0.9488815137910379116, 1.000000000000000000 ) ) 
 REPRESENTATION_ITEM ( '' )  );
#4622 = ORIENTED_EDGE ( 'NONE', *, *, #3848, .T. ) ;
#4623 = LINE ( 'NONE', #7628, #9309 ) ;
#4624 = SURFACE_SIDE_STYLE ('',( #1670 ) ) ;
#4625 = VERTEX_POINT ( 'NONE', #6879 ) ;
#4626 = VECTOR ( 'NONE', #4297, 1000.000000000000000 ) ;
#4627 = EDGE_CURVE ( 'NONE', #3038, #3688, #77, .T. ) ;
#4628 = ADVANCED_FACE ( 'NONE', ( #8438 ), #5333, .F. ) ;
#4629 = VERTEX_POINT ( 'NONE', #1702 ) ;
#4630 = CARTESIAN_POINT ( 'NONE',  ( 8.566086801408605567, 4.056300144720193401, 0.3499999999999997002 ) ) ;
#4631 = CARTESIAN_POINT ( 'NONE',  ( 6.833947113514016181, 5.783587059575308942, 0.3499999999999997558 ) ) ;
#4632 = UNCERTAINTY_MEASURE_WITH_UNIT (LENGTH_MEASURE( 1.000000000000000082E-05 ), #7083, 'distance_accuracy_value', 'NONE');
#4633 = EDGE_CURVE ( 'NONE', #7779, #4913, #4705, .T. ) ;
#4634 = DIRECTION ( 'NONE',  ( -0.7071067811865475727, 0.7071067811865475727, 0.000000000000000000 ) ) ;
#4635 = SURFACE_STYLE_USAGE ( .BOTH. , #9016 ) ;
#4636 = FILL_AREA_STYLE ('',( #6094 ) ) ;
#4637 = COLOUR_RGB ( '',0.8313725490196077761, 0.6705882352941175961, 0.1294117647058823373 ) ;
#4638 = SURFACE_SIDE_STYLE ('',( #8553 ) ) ;
#4639 = MECHANICAL_DESIGN_GEOMETRIC_PRESENTATION_REPRESENTATION (  '', ( #4316 ), #6948 ) ;
#4640 = DIRECTION ( 'NONE',  ( 1.000000000000000000, 1.121588454295349780E-16, -0.000000000000000000 ) ) ;
#4641 = PLANE ( 'NONE',  #7290 ) ;
#4642 = VERTEX_POINT ( 'NONE', #3235 ) ;
#4643 = VECTOR ( 'NONE', #6133, 1000.000000000000000 ) ;
#4644 = EDGE_LOOP ( 'NONE', ( #5644, #177, #4578, #6718 ) ) ;
#4645 = CIRCLE ( 'NONE', #9308, 0.2999999999999999334 ) ;
#4646 = FILL_AREA_STYLE_COLOUR ( '', #4347 ) ;
#4647 =( GEOMETRIC_REPRESENTATION_CONTEXT ( 3 ) GLOBAL_UNCERTAINTY_ASSIGNED_CONTEXT ( ( #4110 ) ) GLOBAL_UNIT_ASSIGNED_CONTEXT ( ( #1634, #9207, #4094 ) ) REPRESENTATION_CONTEXT ( 'NONE', 'WORKASPACE' ) );
#4648 = MECHANICAL_DESIGN_GEOMETRIC_PRESENTATION_REPRESENTATION (  '', ( #7746 ), #3082 ) ;
#4649 = LINE ( 'NONE', #119, #1346 ) ;
#4650 = PLANE ( 'NONE',  #1152 ) ;
#4651 = VECTOR ( 'NONE', #409, 1000.000000000000000 ) ;
#4652 = VECTOR ( 'NONE', #6386, 1000.000000000000000 ) ;
#4653 = CIRCLE ( 'NONE', #4016, 0.2999999999999999334 ) ;
#4654 = CARTESIAN_POINT ( 'NONE',  ( 3.540000000000000036, 6.500000000000000888, -0.3500000000000010880 ) ) ;
#4655 = ORIENTED_EDGE ( 'NONE', *, *, #2487, .F. ) ;
#4656 = ORIENTED_EDGE ( 'NONE', *, *, #2902, .T. ) ;
#4657 = LINE ( 'NONE', #1606, #8379 ) ;
#4658 = DIRECTION ( 'NONE',  ( -1.000000000000000000, -0.000000000000000000, -0.000000000000000000 ) ) ;
#4659 = LINE ( 'NONE', #3145, #2666 ) ;
#4660 = DIRECTION ( 'NONE',  ( 0.000000000000000000, 0.000000000000000000, -1.000000000000000000 ) ) ;
#4661 = ORIENTED_EDGE ( 'NONE', *, *, #8891, .F. ) ;
#4662 = LINE ( 'NONE', #9232, #8923 ) ;
#4663 = VECTOR ( 'NONE', #5711, 1000.000000000000000 ) ;
#4664 = STYLED_ITEM ( 'NONE', ( #351 ), #8396 ) ;
#4665 = FILL_AREA_STYLE ('',( #5488 ) ) ;
#4666 = ORIENTED_EDGE ( 'NONE', *, *, #3251, .T. ) ;
#4667 = CIRCLE ( 'NONE', #1678, 0.2999999999999999334 ) ;
#4668 = CARTESIAN_POINT ( 'NONE',  ( 10.80546647852730580, 3.877691542223589138, 0.3499999999999996447 ) ) ;
#4669 = LINE ( 'NONE', #3885, #5639 ) ;
#4670 = PRESENTATION_LAYER_ASSIGNMENT (  '', '', ( #7769 ) ) ;
#4671 = CARTESIAN_POINT ( 'NONE',  ( 3.226754932607761361, 10.39117142264903570, 0.6499999999999995781 ) ) ;
#4672 = LINE ( 'NONE', #833, #907 ) ;
#4673 = EDGE_LOOP ( 'NONE', ( #5236, #9491, #2851, #4130, #500, #6077, #1870, #6284, #9028, #2001, #4979, #316, #8890, #7427, #6644, #4154, #2930, #7391, #1650, #6627, #6054 ) ) ;
#4674 = DIRECTION ( 'NONE',  ( 1.000000000000000000, -4.336808689942006692E-15, 0.000000000000000000 ) ) ;
#4675 = CARTESIAN_POINT ( 'NONE',  ( 1.000000000000000444, 1.800000000000000488, -0.1283333333333334936 ) ) ;
#4676 = ADVANCED_FACE ( 'NONE', ( #8297 ), #5480, .F. ) ;
#4677 =( LENGTH_UNIT ( ) NAMED_UNIT ( * ) SI_UNIT ( .MILLI., .METRE. ) );
#4678 = ORIENTED_EDGE ( 'NONE', *, *, #3848, .F. ) ;
#4679 = EDGE_LOOP ( 'NONE', ( #6065, #147, #6910, #6367 ) ) ;
#4680 = DIRECTION ( 'NONE',  ( 0.000000000000000000, 3.097720492815727166E-16, 1.000000000000000000 ) ) ;
#4681 = LINE ( 'NONE', #7634, #6867 ) ;
#4682 =( BOUNDED_CURVE ( )  B_SPLINE_CURVE ( 3, ( #1665, #7432, #5449, #1710, #6359, #1027, #430 ),
 .UNSPECIFIED., .F., .F. ) 
 B_SPLINE_CURVE_WITH_KNOTS ( ( 4, 3, 4 ),
 ( 0.8078321013870641831, 3.141592653589792228, 5.475353205792520939 ),
 .UNSPECIFIED. ) 
 CURVE ( )  GEOMETRIC_REPRESENTATION_ITEM ( )  RATIONAL_B_SPLINE_CURVE ( ( 1.000000000000000000, 0.5953481791230080811, 0.5953481791230080811, 1.000000000000000000, 0.5953481791230077480, 0.5953481791230077480, 1.000000000000000000 ) ) 
 REPRESENTATION_ITEM ( '' )  );
#4683 = EDGE_CURVE ( 'NONE', #6113, #6348, #1823, .T. ) ;
#4684 = COLOUR_RGB ( '',0.8313725490196077761, 0.6705882352941175961, 0.1294117647058823373 ) ;
#4685 = LINE ( 'NONE', #8417, #9097 ) ;
#4686 = DIRECTION ( 'NONE',  ( 0.000000000000000000, 0.000000000000000000, 1.000000000000000000 ) ) ;
#4687 = EDGE_CURVE ( 'NONE', #3328, #5804, #5433, .T. ) ;
#4688 = ADVANCED_FACE ( 'NONE', ( #6298 ), #2710, .T. ) ;
#4689 =( LENGTH_UNIT ( ) NAMED_UNIT ( * ) SI_UNIT ( .MILLI., .METRE. ) );
#4690 = ORIENTED_EDGE ( 'NONE', *, *, #3844, .F. ) ;
#4691 = UNCERTAINTY_MEASURE_WITH_UNIT (LENGTH_MEASURE( 1.000000000000000082E-05 ), #7295, 'distance_accuracy_value', 'NONE');
#4692 = CARTESIAN_POINT ( 'NONE',  ( 1.940000000000000613, 6.299999999999999822, 0.3499999999999998668 ) ) ;
#4693 = ORIENTED_EDGE ( 'NONE', *, *, #2640, .F. ) ;
#4694 = DIRECTION ( 'NONE',  ( -1.000000000000000000, 0.000000000000000000, 0.000000000000000000 ) ) ;
#4695 =( NAMED_UNIT ( * ) SI_UNIT ( $, .STERADIAN. ) SOLID_ANGLE_UNIT ( ) );
#4696 = AXIS2_PLACEMENT_3D ( 'NONE', #3104, #5388, #930 ) ;
#4697 = CARTESIAN_POINT ( 'NONE',  ( 5.725466478527304837, 3.877691542223589138, -0.3500000000000001443 ) ) ;
#4698 = LINE ( 'NONE', #311, #6202 ) ;
#4699 = DIRECTION ( 'NONE',  ( 1.000000000000000000, 0.000000000000000000, 0.000000000000000000 ) ) ;
#4700 = ORIENTED_EDGE ( 'NONE', *, *, #7107, .F. ) ;
#4701 = ORIENTED_EDGE ( 'NONE', *, *, #3068, .T. ) ;
#4702 = SURFACE_SIDE_STYLE ('',( #7661 ) ) ;
#4703 = EDGE_CURVE ( 'NONE', #2236, #8812, #7027, .T. ) ;
#4704 = AXIS2_PLACEMENT_3D ( 'NONE', #1171, #4760, #4811 ) ;
#4705 = LINE ( 'NONE', #5528, #5586 ) ;
#4706 = CARTESIAN_POINT ( 'NONE',  ( 8.068193045422141552, 5.884855341312109189, -0.3500000000000002554 ) ) ;
#4707 = FACE_BOUND ( 'NONE', #3304, .T. ) ;
#4708 = ORIENTED_EDGE ( 'NONE', *, *, #9260, .F. ) ;
#4709 = CARTESIAN_POINT ( 'NONE',  ( 0.7000000000000006217, 0.8000000000000007105, -0.3499999999999999778 ) ) ;
#4710 = CARTESIAN_POINT ( 'NONE',  ( 6.080000000000000071, 1.800000000000000488, 0.3499999999999998113 ) ) ;
#4711 = CARTESIAN_POINT ( 'NONE',  ( 3.540000000000000480, 0.8000000000000007105, -0.3500000000000000888 ) ) ;
#4712 = AXIS2_PLACEMENT_3D ( 'NONE', #8068, #3548, #5106 ) ;
#4713 = CARTESIAN_POINT ( 'NONE',  ( 5.430000000000000604, 0.5000000000000005551, 0.3499999999999998113 ) ) ;
#4714 = EDGE_LOOP ( 'NONE', ( #5628, #7306, #2221, #2526 ) ) ;
#4715 = PRESENTATION_STYLE_ASSIGNMENT (( #8401 ) ) ;
#4716 = EDGE_CURVE ( 'NONE', #5203, #8394, #3330, .T. ) ;
#4717 = PRESENTATION_LAYER_ASSIGNMENT (  '', '', ( #8756 ) ) ;
#4718 = LINE ( 'NONE', #978, #8555 ) ;
#4719 = ORIENTED_EDGE ( 'NONE', *, *, #8102, .T. ) ;
#4720 = CARTESIAN_POINT ( 'NONE',  ( 5.980693495213403210, 4.786369049944409149, -0.3500000000000001998 ) ) ;
#4721 = CARTESIAN_POINT ( 'NONE',  ( 1.853245067392238710, 0.5000000000000000000, -0.6500000000000013545 ) ) ;
#4722 = EDGE_LOOP ( 'NONE', ( #1035, #7647, #876, #4612 ) ) ;
#4723 = ORIENTED_EDGE ( 'NONE', *, *, #2520, .F. ) ;
#4724 = CARTESIAN_POINT ( 'NONE',  ( 0.3500000000000000333, 0.000000000000000000, -0.3500000000000000333 ) ) ;
#4725 = LINE ( 'NONE', #8608, #3615 ) ;
#4726 = UNCERTAINTY_MEASURE_WITH_UNIT (LENGTH_MEASURE( 1.000000000000000082E-05 ), #2369, 'distance_accuracy_value', 'NONE');
#4727 = LINE ( 'NONE', #1769, #4021 ) ;
#4728 = DIRECTION ( 'NONE',  ( 0.000000000000000000, 0.000000000000000000, 1.000000000000000000 ) ) ;
#4729 = CARTESIAN_POINT ( 'NONE',  ( 4.727475984454220459, 5.732672356334980179, 0.3499999999999998113 ) ) ;
#4730 = LINE ( 'NONE', #7684, #5105 ) ;
#4731 = CARTESIAN_POINT ( 'NONE',  ( 8.141845733883979364, 5.626229152235330488, -2.522632230332685348E-16 ) ) ;
#4732 =( NAMED_UNIT ( * ) SI_UNIT ( $, .STERADIAN. ) SOLID_ANGLE_UNIT ( ) );
#4733 = ORIENTED_EDGE ( 'NONE', *, *, #3683, .F. ) ;
#4734 = SURFACE_SIDE_STYLE ('',( #8422 ) ) ;
#4735 = ORIENTED_EDGE ( 'NONE', *, *, #2058, .F. ) ;
#4736 = CARTESIAN_POINT ( 'NONE',  ( 9.374859749080236782, 5.788964205960197340, 0.3499999999999996447 ) ) ;
#4737 = CARTESIAN_POINT ( 'NONE',  ( 3.486936948246134982, 4.039780281224035541, 0.3499999999999998113 ) ) ;
#4738 = DIRECTION ( 'NONE',  ( -0.000000000000000000, -1.668003342285388099E-16, -1.000000000000000000 ) ) ;
#4739 = DIRECTION ( 'NONE',  ( -0.000000000000000000, 0.000000000000000000, 1.000000000000000000 ) ) ;
#4740 = VECTOR ( 'NONE', #9504, 1000.000000000000000 ) ;
#4741 = PLANE ( 'NONE',  #9379 ) ;
#4742 = ORIENTED_EDGE ( 'NONE', *, *, #1341, .T. ) ;
#4743 = EDGE_CURVE ( 'NONE', #5470, #6669, #2115, .T. ) ;
#4744 = ORIENTED_EDGE ( 'NONE', *, *, #3818, .T. ) ;
#4745 = VECTOR ( 'NONE', #6766, 1000.000000000000000 ) ;
#4746 = LINE ( 'NONE', #819, #6243 ) ;
#4747 = CARTESIAN_POINT ( 'NONE',  ( 8.619999999999999218, 0.5000000000000002220, 0.3499999999999998668 ) ) ;
#4748 = CARTESIAN_POINT ( 'NONE',  ( 5.230000000000002203, -3.000000000000000000, -0.3500000000000001443 ) ) ;
#4749 = ORIENTED_EDGE ( 'NONE', *, *, #2063, .T. ) ;
#4750 = CARTESIAN_POINT ( 'NONE',  ( 5.432524015545779683, 5.732672356334978403, 0.3499999999999998113 ) ) ;
#4751 = PRESENTATION_STYLE_ASSIGNMENT (( #7032 ) ) ;
#4752 = MECHANICAL_DESIGN_GEOMETRIC_PRESENTATION_REPRESENTATION (  '', ( #3511 ), #3973 ) ;
#4753 = EDGE_CURVE ( 'NONE', #780, #8455, #1307, .T. ) ;
#4754 = FACE_OUTER_BOUND ( 'NONE', #7552, .T. ) ;
#4755 = CARTESIAN_POINT ( 'NONE',  ( 9.160000000000001918, 6.500000000000000888, 0.3499999999999989231 ) ) ;
#4756 = ORIENTED_EDGE ( 'NONE', *, *, #8116, .T. ) ;
#4757 = VECTOR ( 'NONE', #5075, 1000.000000000000000 ) ;
#4758 = DIRECTION ( 'NONE',  ( -1.000000000000000000, 0.000000000000000000, 7.744301232039316681E-17 ) ) ;
#4759 = CARTESIAN_POINT ( 'NONE',  ( -0.9999999999999996669, 6.299999999999999822, 0.1283333333333336046 ) ) ;
#4760 = DIRECTION ( 'NONE',  ( -0.000000000000000000, 1.668003342285391551E-16, 1.000000000000000000 ) ) ;
#4761 = EDGE_CURVE ( 'NONE', #5477, #5998, #1457, .T. ) ;
#4762 = CARTESIAN_POINT ( 'NONE',  ( 0.3218457338839795234, 5.626229152235330488, 0.3499999999999999778 ) ) ;
#4763 = ORIENTED_EDGE ( 'NONE', *, *, #6587, .F. ) ;
#4764 = SURFACE_STYLE_USAGE ( .BOTH. , #3891 ) ;
#4765 = SURFACE_SIDE_STYLE ('',( #2425 ) ) ;
#4766 = ORIENTED_EDGE ( 'NONE', *, *, #8891, .T. ) ;
#4767 = VERTEX_POINT ( 'NONE', #8895 ) ;
#4768 = CARTESIAN_POINT ( 'NONE',  ( 8.508849546050877066, 4.917640708297875030, 0.3499999999999997002 ) ) ;
#4769 = FILL_AREA_STYLE_COLOUR ( '', #1096 ) ;
#4770 = FILL_AREA_STYLE ('',( #1768 ) ) ;
#4771 = CARTESIAN_POINT ( 'NONE',  ( 9.810000000000000497, 8.200000000000001066, -0.3499999999999999778 ) ) ;
#4772 = CARTESIAN_POINT ( 'NONE',  ( 9.560000000000000497, 6.299999999999999822, 0.3849999999999996758 ) ) ;
#4773 = CARTESIAN_POINT ( 'NONE',  ( 4.080000000000000071, 1.800000000000000488, 0.3499999999999998113 ) ) ;
#4774 = CIRCLE ( 'NONE', #7409, 0.2000000000000005107 ) ;
#4775 = SURFACE_SIDE_STYLE ('',( #5555 ) ) ;
#4776 = DIRECTION ( 'NONE',  ( -1.000000000000000000, 0.000000000000000000, 7.744301232039316681E-17 ) ) ;
#4777 = VERTEX_POINT ( 'NONE', #2252 ) ;
#4778 = FILL_AREA_STYLE_COLOUR ( '', #3267 ) ;
#4779 = ORIENTED_EDGE ( 'NONE', *, *, #3444, .T. ) ;
#4780 = CARTESIAN_POINT ( 'NONE',  ( 5.080000000000000071, 6.299999999999999822, -0.3500000000000001443 ) ) ;
#4781 = CARTESIAN_POINT ( 'NONE',  ( 0.4999999999999985012, 6.299999999999999822, -0.3499999999999999778 ) ) ;
#4782 = COLOUR_RGB ( '',0.8313725490196077761, 0.6705882352941175961, 0.1294117647058823373 ) ;
#4783 = CARTESIAN_POINT ( 'NONE',  ( 9.304309810834103800, 5.260692584315934006, 0.3499999999999996447 ) ) ;
#4784 = CARTESIAN_POINT ( 'NONE',  ( 7.970000000000001528, 0.5000000000000005551, 0.3499999999999997002 ) ) ;
#4785 =( NAMED_UNIT ( * ) SI_UNIT ( $, .STERADIAN. ) SOLID_ANGLE_UNIT ( ) );
#4786 =( BOUNDED_SURFACE ( )  B_SPLINE_SURFACE ( 2, 3, ( 
 ( #3162, #4675, #6229, #7574 ),
 ( #6798, #888, #5398, #6998 ),
 ( #7721, #8265, #9241, #9146 ) ),
 .UNSPECIFIED., .F., .F., .F. ) 
 B_SPLINE_SURFACE_WITH_KNOTS ( ( 3, 3 ),
 ( 4, 4 ),
 ( 0.000000000000000000, 1.000000000000000000 ),
 ( -0.0007349999999999999763, 3.500000000000000371E-05 ),
 .UNSPECIFIED. ) 
 GEOMETRIC_REPRESENTATION_ITEM ( )  RATIONAL_B_SPLINE_SURFACE ( (
 ( 1.000000000000000000, 1.000000000000000000, 1.000000000000000000, 1.000000000000000000),
 ( 0.7071067811865475727, 0.7071067811865475727, 0.7071067811865475727, 0.7071067811865475727),
 ( 1.000000000000000000, 1.000000000000000000, 1.000000000000000000, 1.000000000000000000) ) ) 
 REPRESENTATION_ITEM ( '' )  SURFACE ( )  );
#4787 = AXIS2_PLACEMENT_3D ( 'NONE', #3062, #6665, #1394 ) ;
#4788 = CARTESIAN_POINT ( 'NONE',  ( 8.394147136672705400, 5.851685420754299649, -0.3500000000000003664 ) ) ;
#4789 = ORIENTED_EDGE ( 'NONE', *, *, #5173, .F. ) ;
#4790 = AXIS2_PLACEMENT_3D ( 'NONE', #7571, #887, #4674 ) ;
#4791 = ORIENTED_EDGE ( 'NONE', *, *, #5465, .T. ) ;
#4792 = CARTESIAN_POINT ( 'NONE',  ( 9.810000000000000497, 8.200000000000001066, 0.3499999999999999778 ) ) ;
#4793 = ADVANCED_FACE ( 'NONE', ( #709 ), #5183, .T. ) ;
#4794 = VECTOR ( 'NONE', #3799, 1000.000000000000000 ) ;
#4795 = PRESENTATION_LAYER_ASSIGNMENT (  '', '', ( #6196 ) ) ;
#4796 = CARTESIAN_POINT ( 'NONE',  ( 8.119999999999999218, 6.084152315493285279, -0.3500000000000002554 ) ) ;
#4797 = EDGE_CURVE ( 'NONE', #8812, #8644, #6631, .T. ) ;
#4798 = ORIENTED_EDGE ( 'NONE', *, *, #6876, .T. ) ;
#4799 = AXIS2_PLACEMENT_3D ( 'NONE', #9133, #9186, #84 ) ;
#4800 = EDGE_CURVE ( 'NONE', #3489, #9558, #4302, .T. ) ;
#4801 = DIRECTION ( 'NONE',  ( -0.000000000000000000, -1.000000000000000000, 1.668003342285391551E-16 ) ) ;
#4802 = EDGE_CURVE ( 'NONE', #6397, #3894, #8146, .T. ) ;
#4803 = DIRECTION ( 'NONE',  ( 0.000000000000000000, -1.000000000000000000, 0.000000000000000000 ) ) ;
#4804 = CARTESIAN_POINT ( 'NONE',  ( 8.265466478527304872, 3.877691542223589138, 0.3499999999999997558 ) ) ;
#4805 = CARTESIAN_POINT ( 'NONE',  ( 3.140000000000000568, 6.299999999999999822, 0.3499999999999998668 ) ) ;
#4806 = EDGE_LOOP ( 'NONE', ( #4779, #1857, #918, #5523, #1609, #7458, #7367, #2603 ) ) ;
#4807 = PRESENTATION_LAYER_ASSIGNMENT (  '', '', ( #6672 ) ) ;
#4808 = CARTESIAN_POINT ( 'NONE',  ( 10.01000000000000156, -3.000000000000000000, 0.3499999999999996447 ) ) ;
#4809 = PRESENTATION_LAYER_ASSIGNMENT (  '', '', ( #7751 ) ) ;
#4810 = CARTESIAN_POINT ( 'NONE',  ( -0.5999999999999996447, 6.299999999999999822, -0.1283333333333334936 ) ) ;
#4811 = DIRECTION ( 'NONE',  ( 0.000000000000000000, -1.000000000000000000, 1.668003342285391551E-16 ) ) ;
#4812 = AXIS2_PLACEMENT_3D ( 'NONE', #8758, #1329, #6320 ) ;
#4813 = PRESENTATION_STYLE_ASSIGNMENT (( #1911 ) ) ;
#4814 = ORIENTED_EDGE ( 'NONE', *, *, #4716, .F. ) ;
#4815 = CARTESIAN_POINT ( 'NONE',  ( -0.7805695519715506459, 5.815522798723463893, 0.3499999999999999778 ) ) ;
#4816 = CARTESIAN_POINT ( 'NONE',  ( 7.620000000000000107, 0.5000000000000005551, 0.3499999999999997002 ) ) ;
#4817 =( NAMED_UNIT ( * ) SI_UNIT ( $, .STERADIAN. ) SOLID_ANGLE_UNIT ( ) );
#4818 = SURFACE_SIDE_STYLE ('',( #237 ) ) ;
#4819 = AXIS2_PLACEMENT_3D ( 'NONE', #5919, #2897, #1412 ) ;
#4820 = VERTEX_POINT ( 'NONE', #6733 ) ;
#4821 = MECHANICAL_DESIGN_GEOMETRIC_PRESENTATION_REPRESENTATION (  '', ( #4191 ), #9481 ) ;
#4822 = AXIS2_PLACEMENT_3D ( 'NONE', #6431, #1148, #1885 ) ;
#4823 = ORIENTED_EDGE ( 'NONE', *, *, #7943, .F. ) ;
#4824 = CARTESIAN_POINT ( 'NONE',  ( 8.572723323164030518, 3.923639721076657150, 0.3499999999999997002 ) ) ;
#4825 = CARTESIAN_POINT ( 'NONE',  ( 4.558154266116019926, 5.626229152235333153, -1.681754820221790150E-16 ) ) ;
#4826 = CARTESIAN_POINT ( 'NONE',  ( 0.000000000000000000, 8.000000000000000000, 0.000000000000000000 ) ) ;
#4827 = EDGE_CURVE ( 'NONE', #6230, #8994, #25, .T. ) ;
#4828 = PLANE ( 'NONE',  #1512 ) ;
#4829 = B_SPLINE_CURVE_WITH_KNOTS ( 'NONE', 3,
 ( #3464, #2533, #5505, #3310 ),
 .UNSPECIFIED., .F., .F.,
 ( 4, 4 ),
 ( 0.000000000000000000, 1.000000000000000000 ),
 .UNSPECIFIED. ) ;
#4830 = LINE ( 'NONE', #4771, #721 ) ;
#4831 = PRESENTATION_STYLE_ASSIGNMENT (( #3414 ) ) ;
#4832 =( GEOMETRIC_REPRESENTATION_CONTEXT ( 3 ) GLOBAL_UNCERTAINTY_ASSIGNED_CONTEXT ( ( #3944 ) ) GLOBAL_UNIT_ASSIGNED_CONTEXT ( ( #6774, #1498, #2349 ) ) REPRESENTATION_CONTEXT ( 'NONE', 'WORKASPACE' ) );
#4833 = CARTESIAN_POINT ( 'NONE',  ( 3.540000000000000480, 1.121588454295350273E-16, -0.3500000000000000888 ) ) ;
#4834 = EDGE_CURVE ( 'NONE', #4559, #6601, #3955, .T. ) ;
#4835 = DIRECTION ( 'NONE',  ( 1.000000000000000000, 0.000000000000000000, 0.000000000000000000 ) ) ;
#4836 = ORIENTED_EDGE ( 'NONE', *, *, #2122, .T. ) ;
#4837 = CARTESIAN_POINT ( 'NONE',  ( 7.972524015545777942, 5.732672356334978403, 0.3499999999999997002 ) ) ;
#4838 = ADVANCED_FACE ( 'NONE', ( #1599 ), #5323, .F. ) ;
#4839 = MECHANICAL_DESIGN_GEOMETRIC_PRESENTATION_REPRESENTATION (  '', ( #3586 ), #2658 ) ;
#4840 = VERTEX_POINT ( 'NONE', #959 ) ;
#4841 = DIRECTION ( 'NONE',  ( 0.000000000000000000, -0.000000000000000000, 1.000000000000000000 ) ) ;
#4842 = PRESENTATION_STYLE_ASSIGNMENT (( #8525 ) ) ;
#4843 = CARTESIAN_POINT ( 'NONE',  ( 0.6454664785273048766, 3.877691542223585142, 0.3500000000000000333 ) ) ;
#4844 = CARTESIAN_POINT ( 'NONE',  ( 8.620000000000000995, 1.800000000000000488, -0.3500000000000002554 ) ) ;
#4845 = ORIENTED_EDGE ( 'NONE', *, *, #6781, .F. ) ;
#4846 = ORIENTED_EDGE ( 'NONE', *, *, #6308, .F. ) ;
#4847 = CARTESIAN_POINT ( 'NONE',  ( 0.4999999999999985012, 6.299999999999999822, -0.3499999999999999778 ) ) ;
#4848 = AXIS2_PLACEMENT_3D ( 'NONE', #4912, #3542, #5790 ) ;
#4849 =( NAMED_UNIT ( * ) PLANE_ANGLE_UNIT ( ) SI_UNIT ( $, .RADIAN. ) );
#4850 = PRESENTATION_STYLE_ASSIGNMENT (( #3918 ) ) ;
#4851 = SURFACE_SIDE_STYLE ('',( #8734 ) ) ;
#4852 =( BOUNDED_CURVE ( )  B_SPLINE_CURVE ( 3, ( #5265, #9661, #6007, #3074 ),
 .UNSPECIFIED., .F., .F. ) 
 B_SPLINE_CURVE_WITH_KNOTS ( ( 4, 4 ),
 ( 1.570796326794896336, 2.359101780428492390 ),
 .UNSPECIFIED. ) 
 CURVE ( )  GEOMETRIC_REPRESENTATION_ITEM ( )  RATIONAL_B_SPLINE_CURVE ( ( 1.000000000000000000, 0.9488815137910384667, 0.9488815137910384667, 1.000000000000000000 ) ) 
 REPRESENTATION_ITEM ( '' )  );
#4853 = EDGE_LOOP ( 'NONE', ( #5285, #6071, #9608, #8302 ) ) ;
#4854 = DIRECTION ( 'NONE',  ( -1.000000000000000000, -1.084202172485504434E-16, 0.000000000000000000 ) ) ;
#4855 = SURFACE_STYLE_USAGE ( .BOTH. , #2610 ) ;
#4856 = CARTESIAN_POINT ( 'NONE',  ( 0.4999999999999985012, 6.299999999999999822, 0.3499999999999999778 ) ) ;
#4857 = CARTESIAN_POINT ( 'NONE',  ( 6.028897102351114867, 4.001162287970013054, 0.3499999999999998668 ) ) ;
#4858 = ORIENTED_EDGE ( 'NONE', *, *, #8277, .F. ) ;
#4859 = CIRCLE ( 'NONE', #5479, 0.2999999999999999334 ) ;
#4860 = DIRECTION ( 'NONE',  ( -1.000000000000000000, 0.000000000000000000, 7.744301232039316681E-17 ) ) ;
#4861 = CARTESIAN_POINT ( 'NONE',  ( 2.214744180118195516, 5.589454083063166046, -0.3500000000000000888 ) ) ;
#4862 = SURFACE_STYLE_FILL_AREA ( #1025 ) ;
#4863 = CARTESIAN_POINT ( 'NONE',  ( -0.9999999999999995559, 1.800000000000000488, 0.3499999999999999778 ) ) ;
#4864 = DIRECTION ( 'NONE',  ( -0.000000000000000000, 0.000000000000000000, 1.000000000000000000 ) ) ;
#4865 = VERTEX_POINT ( 'NONE', #6963 ) ;
#4866 = MECHANICAL_DESIGN_GEOMETRIC_PRESENTATION_REPRESENTATION (  '', ( #9058 ), #6724 ) ;
#4867 = CARTESIAN_POINT ( 'NONE',  ( -0.7837705697203889432, 5.796998266909027642, 0.3499999999999999778 ) ) ;
#4868 =( NAMED_UNIT ( * ) PLANE_ANGLE_UNIT ( ) SI_UNIT ( $, .RADIAN. ) );
#4869 = CARTESIAN_POINT ( 'NONE',  ( 4.222161437416073859, 5.240363704784011922, 0.3499999999999998668 ) ) ;
#4870 = EDGE_CURVE ( 'NONE', #2728, #3335, #260, .T. ) ;
#4871 = ORIENTED_EDGE ( 'NONE', *, *, #8213, .T. ) ;
#4872 = VECTOR ( 'NONE', #6205, 1000.000000000000000 ) ;
#4873 = ORIENTED_EDGE ( 'NONE', *, *, #9040, .F. ) ;
#4874 = PRESENTATION_STYLE_ASSIGNMENT (( #7238 ) ) ;
#4875 =( GEOMETRIC_REPRESENTATION_CONTEXT ( 3 ) GLOBAL_UNCERTAINTY_ASSIGNED_CONTEXT ( ( #1445 ) ) GLOBAL_UNIT_ASSIGNED_CONTEXT ( ( #524, #7222, #3534 ) ) REPRESENTATION_CONTEXT ( 'NONE', 'WORKASPACE' ) );
#4876 = FACE_OUTER_BOUND ( 'NONE', #73, .T. ) ;
#4877 = SURFACE_STYLE_FILL_AREA ( #8561 ) ;
#4878 = FACE_OUTER_BOUND ( 'NONE', #6178, .T. ) ;
#4879 = CARTESIAN_POINT ( 'NONE',  ( 9.160000000000001918, 6.299999999999999822, -0.3850000000000002309 ) ) ;
#4880 = LINE ( 'NONE', #1093, #3938 ) ;
#4881 = ORIENTED_EDGE ( 'NONE', *, *, #7379, .T. ) ;
#4882 = CARTESIAN_POINT ( 'NONE',  ( 6.620000000000000995, 0.8000000000000004885, 0.3499999999999997002 ) ) ;
#4883 = ORIENTED_EDGE ( 'NONE', *, *, #8989, .T. ) ;
#4884 = LINE ( 'NONE', #7105, #89 ) ;
#4885 = SURFACE_SIDE_STYLE ('',( #3371 ) ) ;
#4886 = DIRECTION ( 'NONE',  ( 0.000000000000000000, 3.097720492815727166E-16, 1.000000000000000000 ) ) ;
#4887 = CARTESIAN_POINT ( 'NONE',  ( 2.590000000000000302, 8.026794919243112503, -0.05000000000000002359 ) ) ;
#4888 = EDGE_CURVE ( 'NONE', #3218, #8014, #4335, .T. ) ;
#4889 = ADVANCED_FACE ( 'NONE', ( #207 ), #5371, .F. ) ;
#4890 = CARTESIAN_POINT ( 'NONE',  ( 9.660000000000001918, 6.299999999999999822, -0.3500000000000003109 ) ) ;
#4891 = EDGE_LOOP ( 'NONE', ( #9088, #2848, #5450, #1182 ) ) ;
#4892 = UNCERTAINTY_MEASURE_WITH_UNIT (LENGTH_MEASURE( 1.000000000000000082E-05 ), #4910, 'distance_accuracy_value', 'NONE');
#4893 = ORIENTED_EDGE ( 'NONE', *, *, #4888, .T. ) ;
#4894 = LINE ( 'NONE', #2709, #8530 ) ;
#4895 = CYLINDRICAL_SURFACE ( 'NONE', #9479, 0.2999999999999999334 ) ;
#4896 = ORIENTED_EDGE ( 'NONE', *, *, #5233, .T. ) ;
#4897 = PLANE ( 'NONE',  #4992 ) ;
#4898 = DIRECTION ( 'NONE',  ( 0.000000000000000000, 0.000000000000000000, -1.000000000000000000 ) ) ;
#4899 = CARTESIAN_POINT ( 'NONE',  ( 1.566953799075549103, 3.450480068928325927, -0.3500000000000000888 ) ) ;
#4900 = CARTESIAN_POINT ( 'NONE',  ( 5.808502052288794459, 6.125528511109557428, 0.3499999999999998668 ) ) ;
#4901 = ORIENTED_EDGE ( 'NONE', *, *, #5090, .F. ) ;
#4902 =( LENGTH_UNIT ( ) NAMED_UNIT ( * ) SI_UNIT ( .MILLI., .METRE. ) );
#4903 = DIRECTION ( 'NONE',  ( 1.000000000000000000, -0.000000000000000000, 0.000000000000000000 ) ) ;
#4904 = SURFACE_STYLE_FILL_AREA ( #9290 ) ;
#4905 = MECHANICAL_DESIGN_GEOMETRIC_PRESENTATION_REPRESENTATION (  '', ( #7530 ), #662 ) ;
#4906 = ORIENTED_EDGE ( 'NONE', *, *, #7773, .T. ) ;
#4907 = EDGE_CURVE ( 'NONE', #7041, #8665, #3080, .T. ) ;
#4908 = DIRECTION ( 'NONE',  ( -1.000000000000000000, -0.000000000000000000, -0.000000000000000000 ) ) ;
#4909 = PRESENTATION_LAYER_ASSIGNMENT (  '', '', ( #7068 ) ) ;
#4910 =( LENGTH_UNIT ( ) NAMED_UNIT ( * ) SI_UNIT ( .MILLI., .METRE. ) );
#4911 = CARTESIAN_POINT ( 'NONE',  ( 1.540000000000000924, 6.299999999999999822, -0.3850000000000000089 ) ) ;
#4912 = CARTESIAN_POINT ( 'NONE',  ( 6.620000000000000107, 6.500000000000000888, 0.3499999999999989231 ) ) ;
#4913 = VERTEX_POINT ( 'NONE', #6151 ) ;
#4914 = VERTEX_POINT ( 'NONE', #2439 ) ;
#4915 = DIRECTION ( 'NONE',  ( 0.000000000000000000, 0.000000000000000000, 1.000000000000000000 ) ) ;
#4916 = SURFACE_STYLE_USAGE ( .BOTH. , #4087 ) ;
#4917 = VECTOR ( 'NONE', #2595, 1000.000000000000000 ) ;
#4918 = LINE ( 'NONE', #2579, #6967 ) ;
#4919 = ADVANCED_FACE ( 'NONE', ( #5419 ), #7819, .T. ) ;
#4920 = CARTESIAN_POINT ( 'NONE',  ( 9.560000000000000497, 6.299999999999999822, -0.3850000000000001754 ) ) ;
#4921 = LINE ( 'NONE', #4142, #8362 ) ;
#4922 = CARTESIAN_POINT ( 'NONE',  ( 8.119999999999999218, 6.299999999999999822, 0.3499999999999997002 ) ) ;
#4923 = EDGE_CURVE ( 'NONE', #4180, #9457, #6333, .T. ) ;
#4924 = SURFACE_STYLE_FILL_AREA ( #1927 ) ;
#4925 = ADVANCED_FACE ( 'NONE', ( #7883 ), #2593, .T. ) ;
#4926 = VERTEX_POINT ( 'NONE', #4930 ) ;
#4927 = SURFACE_SIDE_STYLE ('',( #4194 ) ) ;
#4928 = ORIENTED_EDGE ( 'NONE', *, *, #1895, .F. ) ;
#4929 = LINE ( 'NONE', #7202, #8541 ) ;
#4930 = CARTESIAN_POINT ( 'NONE',  ( 6.933245067392238781, 0.5000000000000000000, -0.6500000000000013545 ) ) ;
#4931 = PRESENTATION_LAYER_ASSIGNMENT (  '', '', ( #3059 ) ) ;
#4932 = CARTESIAN_POINT ( 'NONE',  ( 9.460000000000000853, 0.8000000000000004885, 0.3499999999999996447 ) ) ;
#4933 = FACE_OUTER_BOUND ( 'NONE', #3642, .T. ) ;
#4934 = EDGE_CURVE ( 'NONE', #1396, #9397, #776, .T. ) ;
#4935 = CARTESIAN_POINT ( 'NONE',  ( 9.810000000000000497, 0.5000000000000005551, -0.3500000000000003109 ) ) ;
#4936 = DIRECTION ( 'NONE',  ( 0.000000000000000000, -1.000000000000000000, 0.000000000000000000 ) ) ;
#4937 = CARTESIAN_POINT ( 'NONE',  ( 8.470639769790270890, 5.307482533055136287, -0.3500000000000003109 ) ) ;
#4938 = ORIENTED_EDGE ( 'NONE', *, *, #1075, .F. ) ;
#4939 = PRESENTATION_LAYER_ASSIGNMENT (  '', '', ( #3064 ) ) ;
#4940 = ORIENTED_EDGE ( 'NONE', *, *, #3798, .T. ) ;
#4941 = DIRECTION ( 'NONE',  ( 0.000000000000000000, 0.000000000000000000, -1.000000000000000000 ) ) ;
#4942 =( NAMED_UNIT ( * ) SI_UNIT ( $, .STERADIAN. ) SOLID_ANGLE_UNIT ( ) );
#4943 = EDGE_CURVE ( 'NONE', #1384, #4926, #4884, .T. ) ;
#4944 = DIRECTION ( 'NONE',  ( -1.000000000000000000, 0.000000000000000000, 0.000000000000000000 ) ) ;
#4945 = ORIENTED_EDGE ( 'NONE', *, *, #3068, .F. ) ;
#4946 = FILL_AREA_STYLE_COLOUR ( '', #1312 ) ;
#4947 = VECTOR ( 'NONE', #3270, 1000.000000000000000 ) ;
#4948 = CARTESIAN_POINT ( 'NONE',  ( 1.741789536020343032, 5.709058272657556721, -0.3499999999999999778 ) ) ;
#4949 = SURFACE_SIDE_STYLE ('',( #9476 ) ) ;
#4950 = ORIENTED_EDGE ( 'NONE', *, *, #3948, .F. ) ;
#4951 = DIRECTION ( 'NONE',  ( 0.000000000000000000, 0.000000000000000000, -1.000000000000000000 ) ) ;
#4952 = LINE ( 'NONE', #7956, #8434 ) ;
#4953 = PRESENTATION_LAYER_ASSIGNMENT (  '', '', ( #9148 ) ) ;
#4954 = COLOUR_RGB ( '',0.8313725490196077761, 0.6705882352941175961, 0.1294117647058823373 ) ;
#4955 = EDGE_CURVE ( 'NONE', #7370, #1480, #1206, .T. ) ;
#4956 = ORIENTED_EDGE ( 'NONE', *, *, #4107, .T. ) ;
#4957 = VECTOR ( 'NONE', #8084, 1000.000000000000114 ) ;
#4958 = LINE ( 'NONE', #671, #1462 ) ;
#4959 = DIRECTION ( 'NONE',  ( 0.000000000000000000, 0.000000000000000000, -1.000000000000000000 ) ) ;
#4960 = VECTOR ( 'NONE', #5461, 1000.000000000000000 ) ;
#4961 = SURFACE_SIDE_STYLE ('',( #6456 ) ) ;
#4962 = PRESENTATION_LAYER_ASSIGNMENT (  '', '', ( #2463 ) ) ;
#4963 = PLANE ( 'NONE',  #4848 ) ;
#4964 = MECHANICAL_DESIGN_GEOMETRIC_PRESENTATION_REPRESENTATION (  '', ( #7898 ), #3249 ) ;
#4965 = VERTEX_POINT ( 'NONE', #8883 ) ;
#4966 = ORIENTED_EDGE ( 'NONE', *, *, #7424, .F. ) ;
#4967 = CARTESIAN_POINT ( 'NONE',  ( -0.3500000000000000333, 8.200000000000001066, -0.3499999999999999778 ) ) ;
#4968 = CARTESIAN_POINT ( 'NONE',  ( 4.380000000000000782, 0.5000000000000004441, -0.3500000000000001443 ) ) ;
#4969 = CARTESIAN_POINT ( 'NONE',  ( -0.6867549326077613259, 10.39117142264903570, 0.6499999999999995781 ) ) ;
#4970 = ADVANCED_FACE ( 'NONE', ( #5124 ), #6621, .F. ) ;
#4971 = CARTESIAN_POINT ( 'NONE',  ( 4.729999999999999538, 0.000000000000000000, 0.3499999999999999778 ) ) ;
#4972 = CARTESIAN_POINT ( 'NONE',  ( -0.3499999999999992006, -1.084202172485501815E-17, 0.3499999999999999778 ) ) ;
#4973 = SURFACE_STYLE_USAGE ( .BOTH. , #1971 ) ;
#4974 = AXIS2_PLACEMENT_3D ( 'NONE', #7805, #2711, #1900 ) ;
#4975 = SURFACE_SIDE_STYLE ('',( #9405 ) ) ;
#4976 = VECTOR ( 'NONE', #3527, 1000.000000000000000 ) ;
#4977 = ORIENTED_EDGE ( 'NONE', *, *, #2899, .F. ) ;
#4978 = CARTESIAN_POINT ( 'NONE',  ( 9.560000000000000497, 6.299999999999999822, 0.3499999999999996447 ) ) ;
#4979 = ORIENTED_EDGE ( 'NONE', *, *, #2803, .F. ) ;
#4980 = CARTESIAN_POINT ( 'NONE',  ( 9.638154266116021773, 5.626229152235333153, -0.3500000000000003109 ) ) ;
#4981 = CARTESIAN_POINT ( 'NONE',  ( 9.178339320387596700, 3.374693912574938448, 0.3499999999999998113 ) ) ;
#4982 = CARTESIAN_POINT ( 'NONE',  ( 8.306754932607761432, 8.000000000000000000, 0.6500000000000000222 ) ) ;
#4983 = CARTESIAN_POINT ( 'NONE',  ( 4.080000000000000071, 6.500000000000000888, -0.3500000000000010880 ) ) ;
#4984 = VECTOR ( 'NONE', #1420, 1000.000000000000000 ) ;
#4985 = CARTESIAN_POINT ( 'NONE',  ( 6.620000000000000995, 1.800000000000000044, 0.1166666666666663077 ) ) ;
#4986 = ORIENTED_EDGE ( 'NONE', *, *, #5369, .F. ) ;
#4987 = ORIENTED_EDGE ( 'NONE', *, *, #1264, .T. ) ;
#4988 = DIRECTION ( 'NONE',  ( -0.000000000000000000, -0.000000000000000000, -1.000000000000000000 ) ) ;
#4989 = EDGE_CURVE ( 'NONE', #62, #6172, #9597, .T. ) ;
#4990 = STYLED_ITEM ( 'NONE', ( #993 ), #8125 ) ;
#4991 = ORIENTED_EDGE ( 'NONE', *, *, #6906, .F. ) ;
#4992 = AXIS2_PLACEMENT_3D ( 'NONE', #3441, #7850, #8588 ) ;
#4993 = DIRECTION ( 'NONE',  ( 0.6546536707079770867, -0.3779644730092274196, -0.6546536707079770867 ) ) ;
#4994 = FILL_AREA_STYLE ('',( #4946 ) ) ;
#4995 = CARTESIAN_POINT ( 'NONE',  ( 6.032723323164032259, 3.923639721076658038, 0.3499999999999998668 ) ) ;
#4996 = VERTEX_POINT ( 'NONE', #648 ) ;
#4997 =( GEOMETRIC_REPRESENTATION_CONTEXT ( 3 ) GLOBAL_UNCERTAINTY_ASSIGNED_CONTEXT ( ( #8755 ) ) GLOBAL_UNIT_ASSIGNED_CONTEXT ( ( #271, #2554, #218 ) ) REPRESENTATION_CONTEXT ( 'NONE', 'WORKASPACE' ) );
#4998 = DIRECTION ( 'NONE',  ( -0.000000000000000000, -0.000000000000000000, -1.000000000000000000 ) ) ;
#4999 = DIRECTION ( 'NONE',  ( 0.000000000000000000, 3.097720492815727166E-16, 1.000000000000000000 ) ) ;
#5000 = EDGE_CURVE ( 'NONE', #9038, #1261, #3610, .T. ) ;
#5001 = CARTESIAN_POINT ( 'NONE',  ( 0.8626260474599316552, 5.194217234910146530, 0.3499999999999999778 ) ) ;
#5002 = CARTESIAN_POINT ( 'NONE',  ( 1.000000000000000666, 1.121588454295350273E-16, -0.3499999999999999778 ) ) ;
#5003 = EDGE_LOOP ( 'NONE', ( #4245, #6213, #1126, #1884 ) ) ;
#5004 =( GEOMETRIC_REPRESENTATION_CONTEXT ( 3 ) GLOBAL_UNCERTAINTY_ASSIGNED_CONTEXT ( ( #7729 ) ) GLOBAL_UNIT_ASSIGNED_CONTEXT ( ( #86, #3244, #6986 ) ) REPRESENTATION_CONTEXT ( 'NONE', 'WORKASPACE' ) );
#5005 = DIRECTION ( 'NONE',  ( -1.000000000000000000, -0.000000000000000000, -0.000000000000000000 ) ) ;
#5006 = AXIS2_PLACEMENT_3D ( 'NONE', #8761, #4330, #4384 ) ;
#5007 = CARTESIAN_POINT ( 'NONE',  ( 1.540000000000000924, 6.299999999999999822, -0.1283333333333335768 ) ) ;
#5008 = CARTESIAN_POINT ( 'NONE',  ( -0.3525240155457798341, 5.732672356334980179, -0.3499999999999999778 ) ) ;
#5009 = ORIENTED_EDGE ( 'NONE', *, *, #7757, .T. ) ;
#5010 = ADVANCED_FACE ( 'NONE', ( #6674 ), #5789, .T. ) ;
#5011 = ORIENTED_EDGE ( 'NONE', *, *, #8738, .T. ) ;
#5012 = CARTESIAN_POINT ( 'NONE',  ( 6.620000000000000107, 0.5000000000000002220, 0.3499999999999998668 ) ) ;
#5013 = CARTESIAN_POINT ( 'NONE',  ( 4.480000000000000426, 6.299999999999999822, -0.1166666666666669044 ) ) ;
#5014 = CARTESIAN_POINT ( 'NONE',  ( 4.393245067392238745, 10.39117142264903570, -0.3500000000000017542 ) ) ;
#5015 = VECTOR ( 'NONE', #7342, 1000.000000000000000 ) ;
#5016 = CARTESIAN_POINT ( 'NONE',  ( 3.140000000000000568, 6.299999999999999822, -0.3850000000000000644 ) ) ;
#5017 = CARTESIAN_POINT ( 'NONE',  ( 9.160000000000001918, 0.5000000000000000000, -0.3500000000000000888 ) ) ;
#5018 =( LENGTH_UNIT ( ) NAMED_UNIT ( * ) SI_UNIT ( .MILLI., .METRE. ) );
#5019 = LINE ( 'NONE', #9448, #6656 ) ;
#5020 = CARTESIAN_POINT ( 'NONE',  ( 8.620000000000000995, 1.800000000000000488, 0.3499999999999997002 ) ) ;
#5021 = VECTOR ( 'NONE', #1948, 1000.000000000000000 ) ;
#5022 = ORIENTED_EDGE ( 'NONE', *, *, #8637, .F. ) ;
#5023 = DIRECTION ( 'NONE',  ( 1.000000000000000000, 0.000000000000000000, 0.000000000000000000 ) ) ;
#5024 = EDGE_LOOP ( 'NONE', ( #7412, #3194, #3533, #2075 ) ) ;
#5025 = FACE_OUTER_BOUND ( 'NONE', #3302, .T. ) ;
#5026 =( GEOMETRIC_REPRESENTATION_CONTEXT ( 3 ) GLOBAL_UNCERTAINTY_ASSIGNED_CONTEXT ( ( #5836 ) ) GLOBAL_UNIT_ASSIGNED_CONTEXT ( ( #8093, #3666, #6626 ) ) REPRESENTATION_CONTEXT ( 'NONE', 'WORKASPACE' ) );
#5027 = CARTESIAN_POINT ( 'NONE',  ( 4.754744180118195551, 5.589454083063165157, -0.3500000000000001443 ) ) ;
#5028 = CARTESIAN_POINT ( 'NONE',  ( -0.1499999999999994393, -3.000000000000000000, 0.3499999999999999778 ) ) ;
#5029 = DIRECTION ( 'NONE',  ( 0.000000000000000000, 0.000000000000000000, 1.000000000000000000 ) ) ;
#5030 = FILL_AREA_STYLE_COLOUR ( '', #3222 ) ;
#5031 = FACE_OUTER_BOUND ( 'NONE', #378, .T. ) ;
#5032 = EDGE_CURVE ( 'NONE', #3970, #8644, #3519, .T. ) ;
#5033 = FILL_AREA_STYLE ('',( #4453 ) ) ;
#5034 = VERTEX_POINT ( 'NONE', #9461 ) ;
#5035 = ORIENTED_EDGE ( 'NONE', *, *, #9200, .T. ) ;
#5036 = SURFACE_STYLE_USAGE ( .BOTH. , #2202 ) ;
#5037 = CARTESIAN_POINT ( 'NONE',  ( 1.853245067392238710, 8.000000000000000000, -0.6500000000000025757 ) ) ;
#5038 =( NAMED_UNIT ( * ) SI_UNIT ( $, .STERADIAN. ) SOLID_ANGLE_UNIT ( ) );
#5039 = ORIENTED_EDGE ( 'NONE', *, *, #2784, .T. ) ;
#5040 = CARTESIAN_POINT ( 'NONE',  ( -0.4999999999999985012, 6.299999999999999822, 0.3499999999999999778 ) ) ;
#5041 = EDGE_CURVE ( 'NONE', #1565, #2227, #2409, .T. ) ;
#5042 = CARTESIAN_POINT ( 'NONE',  ( 7.620000000000000107, 6.299999999999999822, -0.3500000000000002554 ) ) ;
#5043 = ORIENTED_EDGE ( 'NONE', *, *, #7773, .F. ) ;
#5044 = CARTESIAN_POINT ( 'NONE',  ( 11.63000000000000078, 0.5000000000000000000, -0.6499999999999989120 ) ) ;
#5045 = CARTESIAN_POINT ( 'NONE',  ( -0.9999999999999995559, 1.800000000000000266, -0.1166666666666667518 ) ) ;
#5046 =( NAMED_UNIT ( * ) PLANE_ANGLE_UNIT ( ) SI_UNIT ( $, .RADIAN. ) );
#5047 = CYLINDRICAL_SURFACE ( 'NONE', #3883, 0.2000000000000000944 ) ;
#5048 = VERTEX_POINT ( 'NONE', #1295 ) ;
#5049 = CARTESIAN_POINT ( 'NONE',  ( -0.8592672355229022951, 5.226749775238759277, 0.3499999999999999778 ) ) ;
#5050 = CARTESIAN_POINT ( 'NONE',  ( 2.190000000000000835, -2.800000000000001155, -0.3500000000000000888 ) ) ;
#5051 = CARTESIAN_POINT ( 'NONE',  ( 8.220000000000000639, 6.299999999999999822, -0.3850000000000002309 ) ) ;
#5052 = DIRECTION ( 'NONE',  ( -0.6546536707079770867, -0.3779644730092274196, -0.6546536707079770867 ) ) ;
#5053 = EDGE_LOOP ( 'NONE', ( #3538, #4586, #8256, #3620 ) ) ;
#5054 = STYLED_ITEM ( 'NONE', ( #7783 ), #5194 ) ;
#5055 = UNCERTAINTY_MEASURE_WITH_UNIT (LENGTH_MEASURE( 1.000000000000000082E-05 ), #1995, 'distance_accuracy_value', 'NONE');
#5056 = VERTEX_POINT ( 'NONE', #4293 ) ;
#5057 = CARTESIAN_POINT ( 'NONE',  ( 7.270000000000000462, 8.000000000000000000, 0.3499999999999999778 ) ) ;
#5058 = EDGE_CURVE ( 'NONE', #1593, #52, #3659, .T. ) ;
#5059 = SURFACE_SIDE_STYLE ('',( #5891 ) ) ;
#5060 = FILL_AREA_STYLE ('',( #2018 ) ) ;
#5061 = ADVANCED_FACE ( 'NONE', ( #2081 ), #5414, .T. ) ;
#5062 = LINE ( 'NONE', #6610, #111 ) ;
#5063 = CARTESIAN_POINT ( 'NONE',  ( 11.02157573489161635, 5.204467366490781899, 0.3499999999999996447 ) ) ;
#5064 = SURFACE_STYLE_FILL_AREA ( #8765 ) ;
#5065 = CARTESIAN_POINT ( 'NONE',  ( 4.393245067392238745, 10.39117142264903570, -0.6500000000000030198 ) ) ;
#5066 = EDGE_CURVE ( 'NONE', #6987, #9577, #107, .T. ) ;
#5067 = DIRECTION ( 'NONE',  ( 1.000000000000000000, 0.000000000000000000, 0.000000000000000000 ) ) ;
#5068 = ORIENTED_EDGE ( 'NONE', *, *, #6430, .F. ) ;
#5069 = VECTOR ( 'NONE', #4438, 1000.000000000000000 ) ;
#5070 = EDGE_LOOP ( 'NONE', ( #6753, #5299, #8178, #5656 ) ) ;
#5071 = PLANE ( 'NONE',  #1813 ) ;
#5072 = CLOSED_SHELL ( 'NONE', ( #1160, #457, #8878, #4838, #553, #2044, #4168, #9135, #8978, #8527, #8266, #5279, #5010, #1584, #8741, #5795, #9125, #5888, #3380, #8396, #7584, #7406, #5123 ) ) ;
#5073 = CARTESIAN_POINT ( 'NONE',  ( 9.214482203325877308, 4.067306563708465106, -0.3500000000000003664 ) ) ;
#5074 = CARTESIAN_POINT ( 'NONE',  ( 10.89504201044608855, 6.043840788194753344, -0.3500000000000003664 ) ) ;
#5075 = DIRECTION ( 'NONE',  ( -1.000000000000000000, -0.000000000000000000, -0.000000000000000000 ) ) ;
#5076 = PRESENTATION_STYLE_ASSIGNMENT (( #8778 ) ) ;
#5077 = EDGE_CURVE ( 'NONE', #7236, #5168, #3172, .T. ) ;
#5078 = CARTESIAN_POINT ( 'NONE',  ( 0.7837705697203947164, 5.796998266909027642, -0.3499999999999999778 ) ) ;
#5079 = ORIENTED_EDGE ( 'NONE', *, *, #5066, .T. ) ;
#5080 = ORIENTED_EDGE ( 'NONE', *, *, #8463, .T. ) ;
#5081 = CARTESIAN_POINT ( 'NONE',  ( 2.214744180118195516, 5.589454083063166046, 0.3499999999999998668 ) ) ;
#5082 = CARTESIAN_POINT ( 'NONE',  ( 6.755802618229585832, 5.178803639423789740, -0.3500000000000003109 ) ) ;
#5083 = LINE ( 'NONE', #8840, #1373 ) ;
#5084 = ORIENTED_EDGE ( 'NONE', *, *, #5032, .F. ) ;
#5085 = CARTESIAN_POINT ( 'NONE',  ( 10.48525581988180555, 5.589454083063165157, -0.3500000000000003109 ) ) ;
#5086 =( NAMED_UNIT ( * ) PLANE_ANGLE_UNIT ( ) SI_UNIT ( $, .RADIAN. ) );
#5087 = VECTOR ( 'NONE', #1153, 1000.000000000000000 ) ;
#5088 = DIRECTION ( 'NONE',  ( 0.000000000000000000, 1.668003342285392044E-16, 1.000000000000000000 ) ) ;
#5089 = ORIENTED_EDGE ( 'NONE', *, *, #3165, .T. ) ;
#5090 = EDGE_CURVE ( 'NONE', #5119, #1213, #13, .T. ) ;
#5091 = CARTESIAN_POINT ( 'NONE',  ( 4.212165113299160879, 5.142569796484067091, -0.3500000000000001998 ) ) ;
#5092 =( LENGTH_UNIT ( ) NAMED_UNIT ( * ) SI_UNIT ( .MILLI., .METRE. ) );
#5093 = EDGE_CURVE ( 'NONE', #845, #9047, #4685, .T. ) ;
#5094 = COLOUR_RGB ( '',0.8313725490196077761, 0.6705882352941175961, 0.1294117647058823373 ) ;
#5095 = PRESENTATION_STYLE_ASSIGNMENT (( #2861 ) ) ;
#5096 = EDGE_CURVE ( 'NONE', #1501, #3717, #7492, .T. ) ;
#5097 = VERTEX_POINT ( 'NONE', #6093 ) ;
#5098 = UNCERTAINTY_MEASURE_WITH_UNIT (LENGTH_MEASURE( 1.000000000000000082E-05 ), #2346, 'distance_accuracy_value', 'NONE');
#5099 = FILL_AREA_STYLE ('',( #583 ) ) ;
#5100 = UNCERTAINTY_MEASURE_WITH_UNIT (LENGTH_MEASURE( 1.000000000000000082E-05 ), #1820, 'distance_accuracy_value', 'NONE');
#5101 = DIRECTION ( 'NONE',  ( -0.000000000000000000, -0.000000000000000000, -1.000000000000000000 ) ) ;
#5102 = VERTEX_POINT ( 'NONE', #6044 ) ;
#5103 = MECHANICAL_DESIGN_GEOMETRIC_PRESENTATION_REPRESENTATION (  '', ( #3236 ), #6652 ) ;
#5104 = VERTEX_POINT ( 'NONE', #8275 ) ;
#5105 = VECTOR ( 'NONE', #994, 1000.000000000000000 ) ;
#5106 = DIRECTION ( 'NONE',  ( 0.000000000000000000, 3.097720492815727166E-16, 1.000000000000000000 ) ) ;
#5107 = MECHANICAL_DESIGN_GEOMETRIC_PRESENTATION_REPRESENTATION (  '', ( #7431 ), #775 ) ;
#5108 =( LENGTH_UNIT ( ) NAMED_UNIT ( * ) SI_UNIT ( .MILLI., .METRE. ) );
#5109 = CARTESIAN_POINT ( 'NONE',  ( 8.320000000000000284, 0.8000000000000007105, -0.3500000000000002554 ) ) ;
#5110 =( GEOMETRIC_REPRESENTATION_CONTEXT ( 3 ) GLOBAL_UNCERTAINTY_ASSIGNED_CONTEXT ( ( #7800 ) ) GLOBAL_UNIT_ASSIGNED_CONTEXT ( ( #3570, #5763, #1251 ) ) REPRESENTATION_CONTEXT ( 'NONE', 'WORKASPACE' ) );
#5111 = CARTESIAN_POINT ( 'NONE',  ( 11.10693694824613331, 4.039780281224036429, 0.3499999999999997002 ) ) ;
#5112 = COLOUR_RGB ( '',0.8313725490196077761, 0.6705882352941175961, 0.1294117647058823373 ) ;
#5113 = VECTOR ( 'NONE', #4318, 1000.000000000000000 ) ;
#5114 = LINE ( 'NONE', #5991, #9615 ) ;
#5115 = DIRECTION ( 'NONE',  ( -0.000000000000000000, -0.000000000000000000, -1.000000000000000000 ) ) ;
#5116 = SURFACE_SIDE_STYLE ('',( #4924 ) ) ;
#5117 = VERTEX_POINT ( 'NONE', #6186 ) ;
#5118 = VECTOR ( 'NONE', #974, 1000.000000000000000 ) ;
#5119 = VERTEX_POINT ( 'NONE', #8967 ) ;
#5120 = EDGE_CURVE ( 'NONE', #4926, #146, #6763, .T. ) ;
#5121 = ORIENTED_EDGE ( 'NONE', *, *, #4357, .F. ) ;
#5122 = CARTESIAN_POINT ( 'NONE',  ( 6.080000000000000959, 1.121588454295350273E-16, 0.3499999999999998113 ) ) ;
#5123 = ADVANCED_FACE ( 'NONE', ( #4588 ), #802, .T. ) ;
#5124 = FACE_OUTER_BOUND ( 'NONE', #1383, .T. ) ;
#5125 = CARTESIAN_POINT ( 'NONE',  ( 9.214703062804455058, 4.071564961060444965, -0.3500000000000003664 ) ) ;
#5126 = VECTOR ( 'NONE', #7945, 1000.000000000000000 ) ;
#5127 = DIRECTION ( 'NONE',  ( 0.000000000000000000, 3.097720492815727166E-16, 1.000000000000000000 ) ) ;
#5128 = CARTESIAN_POINT ( 'NONE',  ( 2.040000000000001812, 6.299999999999999822, 0.3499999999999998668 ) ) ;
#5129 = CARTESIAN_POINT ( 'NONE',  ( 1.752837746342908343, 5.777005459572334800, -0.3499999999999999778 ) ) ;
#5130 = DIRECTION ( 'NONE',  ( -0.000000000000000000, -1.000000000000000000, 1.668003342285392044E-16 ) ) ;
#5131 = ORIENTED_EDGE ( 'NONE', *, *, #1287, .F. ) ;
#5132 = STYLED_ITEM ( 'NONE', ( #7332 ), #5272 ) ;
#5133 = VECTOR ( 'NONE', #7869, 1000.000000000000000 ) ;
#5134 = EDGE_LOOP ( 'NONE', ( #8834, #3629, #5351, #2863 ) ) ;
#5135 = FACE_OUTER_BOUND ( 'NONE', #6437, .T. ) ;
#5136 = DIRECTION ( 'NONE',  ( -1.000000000000000000, -3.097720492815726426E-17, 0.000000000000000000 ) ) ;
#5137 = ORIENTED_EDGE ( 'NONE', *, *, #5557, .F. ) ;
#5138 = PLANE ( 'NONE',  #836 ) ;
#5139 = AXIS2_PLACEMENT_3D ( 'NONE', #2213, #4523, #778 ) ;
#5140 = CARTESIAN_POINT ( 'NONE',  ( 2.540000000000000036, 0.5000000000000005551, 0.3499999999999998668 ) ) ;
#5141 = LINE ( 'NONE', #5188, #471 ) ;
#5142 = VERTEX_POINT ( 'NONE', #4314 ) ;
#5143 = CARTESIAN_POINT ( 'NONE',  ( 4.120000584798286347, 3.767448265748938763, -0.3500000000000001443 ) ) ;
#5144 = AXIS2_PLACEMENT_3D ( 'NONE', #6534, #8135, #4686 ) ;
#5145 = LINE ( 'NONE', #667, #4418 ) ;
#5146 = DIRECTION ( 'NONE',  ( 0.000000000000000000, 3.097720492815727166E-16, 1.000000000000000000 ) ) ;
#5147 = DIRECTION ( 'NONE',  ( 1.084202172485504434E-16, -1.000000000000000000, 0.000000000000000000 ) ) ;
#5148 = ORIENTED_EDGE ( 'NONE', *, *, #6577, .F. ) ;
#5149 = CARTESIAN_POINT ( 'NONE',  ( -0.9425000299447844343, 4.124619419408428023, 0.3499999999999999223 ) ) ;
#5150 = CARTESIAN_POINT ( 'NONE',  ( 11.16000000000000014, 6.500000000000000888, -0.3500000000000010880 ) ) ;
#5151 = SURFACE_STYLE_FILL_AREA ( #2165 ) ;
#5152 = ORIENTED_EDGE ( 'NONE', *, *, #7757, .F. ) ;
#5153 = ORIENTED_EDGE ( 'NONE', *, *, #4907, .F. ) ;
#5154 = CARTESIAN_POINT ( 'NONE',  ( -0.6454664785273052097, 3.877691542223590471, -0.3499999999999999778 ) ) ;
#5155 = LINE ( 'NONE', #4968, #7343 ) ;
#5156 = FILL_AREA_STYLE ('',( #9640 ) ) ;
#5158 = CARTESIAN_POINT ( 'NONE',  ( 9.473245067392239704, 0.5000000000000000000, -0.6500000000000013545 ) ) ;
#5157 = AXIS2_PLACEMENT_3D ( 'NONE', #587, #3500, #7138 ) ;
#5159 = CARTESIAN_POINT ( 'NONE',  ( 7.270000000000000462, 8.200000000000001066, -0.3499999999999999778 ) ) ;
#5160 = CARTESIAN_POINT ( 'NONE',  ( 11.16000000000000192, 1.800000000000000488, 0.3499999999999996447 ) ) ;
#5161 =( BOUNDED_CURVE ( )  B_SPLINE_CURVE ( 3, ( #2234, #1484, #3651, #6614, #794, #5993, #9054 ),
 .UNSPECIFIED., .F., .F. ) 
 B_SPLINE_CURVE_WITH_KNOTS ( ( 4, 3, 4 ),
 ( 0.8078321013870638501, 3.141592653589792228, 5.475353205792520050 ),
 .UNSPECIFIED. ) 
 CURVE ( )  GEOMETRIC_REPRESENTATION_ITEM ( )  RATIONAL_B_SPLINE_CURVE ( ( 1.000000000000000000, 0.5953481791230079700, 0.5953481791230079700, 1.000000000000000000, 0.5953481791230080811, 0.5953481791230080811, 1.000000000000000000 ) ) 
 REPRESENTATION_ITEM ( '' )  );
#5162 = UNCERTAINTY_MEASURE_WITH_UNIT (LENGTH_MEASURE( 1.000000000000000082E-05 ), #2264, 'distance_accuracy_value', 'NONE');
#5163 = CARTESIAN_POINT ( 'NONE',  ( 5.680000000000000604, 6.299999999999999822, -0.1166666666666669044 ) ) ;
#5164 = FACE_OUTER_BOUND ( 'NONE', #4261, .T. ) ;
#5165 = SURFACE_STYLE_USAGE ( .BOTH. , #9649 ) ;
#5166 = ORIENTED_EDGE ( 'NONE', *, *, #3494, .T. ) ;
#5167 =( LENGTH_UNIT ( ) NAMED_UNIT ( * ) SI_UNIT ( .MILLI., .METRE. ) );
#5168 = VERTEX_POINT ( 'NONE', #8565 ) ;
#5169 = B_SPLINE_CURVE_WITH_KNOTS ( 'NONE', 3,
 ( #9595, #2929, #8879, #1487 ),
 .UNSPECIFIED., .F., .F.,
 ( 4, 4 ),
 ( 0.000000000000000000, 1.000000000000000000 ),
 .UNSPECIFIED. ) ;
#5170 = FILL_AREA_STYLE_COLOUR ( '', #3417 ) ;
#5171 = CARTESIAN_POINT ( 'NONE',  ( 3.540000000000000036, 6.500000000000000888, 0.3499999999999989231 ) ) ;
#5172 = CARTESIAN_POINT ( 'NONE',  ( 11.10427697951200976, 4.091073788932196642, -0.3500000000000002554 ) ) ;
#5173 = EDGE_CURVE ( 'NONE', #998, #6619, #581, .T. ) ;
#5175 = SURFACE_SIDE_STYLE ('',( #700 ) ) ;
#5174 = VECTOR ( 'NONE', #1037, 1000.000000000000000 ) ;
#5176 = CARTESIAN_POINT ( 'NONE',  ( 1.940000000000000613, 6.299999999999999822, -0.3500000000000000888 ) ) ;
#5177 = CARTESIAN_POINT ( 'NONE',  ( 0.8592672355229086234, 5.226749775238715756, -0.3500000000000001443 ) ) ;
#5178 = ORIENTED_EDGE ( 'NONE', *, *, #3213, .T. ) ;
#5179 = ORIENTED_EDGE ( 'NONE', *, *, #1139, .T. ) ;
#5180 = VECTOR ( 'NONE', #2357, 1000.000000000000114 ) ;
#5181 =( LENGTH_UNIT ( ) NAMED_UNIT ( * ) SI_UNIT ( .MILLI., .METRE. ) );
#5182 = VECTOR ( 'NONE', #1616, 1000.000000000000000 ) ;
#5183 = PLANE ( 'NONE',  #5266 ) ;
#5184 = EDGE_LOOP ( 'NONE', ( #3046, #3823, #8167, #5239 ) ) ;
#5185 = EDGE_CURVE ( 'NONE', #7799, #437, #4091, .T. ) ;
#5186 = FILL_AREA_STYLE ('',( #5281 ) ) ;
#5187 = MECHANICAL_DESIGN_GEOMETRIC_PRESENTATION_REPRESENTATION (  '', ( #1892 ), #2222 ) ;
#5188 = CARTESIAN_POINT ( 'NONE',  ( 11.63000000000000078, 0.5000000000000002220, 0.6500000000000010214 ) ) ;
#5189 = ORIENTED_EDGE ( 'NONE', *, *, #779, .F. ) ;
#5190 = CARTESIAN_POINT ( 'NONE',  ( 0.7896030380176978225, 5.762359718948173892, 0.3499999999999999223 ) ) ;
#5191 = DIRECTION ( 'NONE',  ( 0.000000000000000000, 1.668003342285388099E-16, 1.000000000000000000 ) ) ;
#5192 = FACE_OUTER_BOUND ( 'NONE', #1459, .T. ) ;
#5193 = VERTEX_POINT ( 'NONE', #5782 ) ;
#5194 = ADVANCED_FACE ( 'NONE', ( #296 ), #5047, .T. ) ;
#5195 =( LENGTH_UNIT ( ) NAMED_UNIT ( * ) SI_UNIT ( .MILLI., .METRE. ) );
#5196 = CARTESIAN_POINT ( 'NONE',  ( -1.469999999999999973, 8.500000000000000000, 1.199999999999999956 ) ) ;
#5197 = EDGE_CURVE ( 'NONE', #855, #8739, #4353, .T. ) ;
#5198 = CARTESIAN_POINT ( 'NONE',  ( 6.620000000000000107, 6.500000000000000888, 0.3499999999999989231 ) ) ;
#5199 = ORIENTED_EDGE ( 'NONE', *, *, #372, .F. ) ;
#5200 = CARTESIAN_POINT ( 'NONE',  ( 0.6454664785273048766, 3.877691542223585142, -0.3499999999999999778 ) ) ;
#5201 = CARTESIAN_POINT ( 'NONE',  ( 11.16000000000000192, 1.800000000000000488, 0.3499999999999996447 ) ) ;
#5202 = CARTESIAN_POINT ( 'NONE',  ( 0.000000000000000000, 8.500000000000000000, 0.8696152422706630025 ) ) ;
#5203 = VERTEX_POINT ( 'NONE', #9483 ) ;
#5204 = SURFACE_STYLE_USAGE ( .BOTH. , #9539 ) ;
#5205 = CARTESIAN_POINT ( 'NONE',  ( 11.02419738177039754, 5.178803639424134353, 0.3499999999999996447 ) ) ;
#5206 = CARTESIAN_POINT ( 'NONE',  ( 5.080000000000000071, 6.299999999999999822, -0.3500000000000001443 ) ) ;
#5207 = LINE ( 'NONE', #687, #2763 ) ;
#5208 = ORIENTED_EDGE ( 'NONE', *, *, #1499, .F. ) ;
#5209 = ORIENTED_EDGE ( 'NONE', *, *, #8301, .T. ) ;
#5210 = PLANE ( 'NONE',  #6074 ) ;
#5211 = ORIENTED_EDGE ( 'NONE', *, *, #208, .F. ) ;
#5212 = FILL_AREA_STYLE ('',( #5170 ) ) ;
#5213 = CARTESIAN_POINT ( 'NONE',  ( 2.189999999999999947, 0.000000000000000000, 0.3499999999999999778 ) ) ;
#5214 = PLANE ( 'NONE',  #4273 ) ;
#5215 = DIRECTION ( 'NONE',  ( 0.000000000000000000, -1.000000000000000000, 1.668003342285391551E-16 ) ) ;
#5216 = CARTESIAN_POINT ( 'NONE',  ( 10.66000000000000014, 6.299999999999999822, 0.3499999999999996447 ) ) ;
#5217 = ORIENTED_EDGE ( 'NONE', *, *, #7880, .F. ) ;
#5218 = LINE ( 'NONE', #6819, #744 ) ;
#5219 = EDGE_LOOP ( 'NONE', ( #6414, #8703, #214, #678 ) ) ;
#5220 = VECTOR ( 'NONE', #6262, 1000.000000000000000 ) ;
#5221 = DIRECTION ( 'NONE',  ( -1.000000000000000000, 0.000000000000000000, 0.000000000000000000 ) ) ;
#5222 =( LENGTH_UNIT ( ) NAMED_UNIT ( * ) SI_UNIT ( .MILLI., .METRE. ) );
#5223 = VECTOR ( 'NONE', #4886, 1000.000000000000000 ) ;
#5224 = EDGE_CURVE ( 'NONE', #337, #8690, #2580, .T. ) ;
#5225 = LINE ( 'NONE', #8042, #8378 ) ;
#5226 = ORIENTED_EDGE ( 'NONE', *, *, #7464, .T. ) ;
#5227 = DIRECTION ( 'NONE',  ( -3.872150616019658957E-17, -0.8660254037844385966, -0.5000000000000001110 ) ) ;
#5228 = CARTESIAN_POINT ( 'NONE',  ( 8.619999999999999218, 6.299999999999999822, -0.1283333333333337434 ) ) ;
#5229 =( LENGTH_UNIT ( ) NAMED_UNIT ( * ) SI_UNIT ( .MILLI., .METRE. ) );
#5230 = ORIENTED_EDGE ( 'NONE', *, *, #5776, .T. ) ;
#5231 = VECTOR ( 'NONE', #508, 1000.000000000000000 ) ;
#5232 = CARTESIAN_POINT ( 'NONE',  ( 4.292463891615423854, 5.774771377977410580, -0.3500000000000001443 ) ) ;
#5233 = EDGE_CURVE ( 'NONE', #6742, #3657, #3264, .T. ) ;
#5234 = CARTESIAN_POINT ( 'NONE',  ( 2.187475984454220423, 5.732672356334980179, -0.3500000000000000888 ) ) ;
#5235 = DIRECTION ( 'NONE',  ( 0.000000000000000000, 0.000000000000000000, -1.000000000000000000 ) ) ;
#5236 = ORIENTED_EDGE ( 'NONE', *, *, #8463, .F. ) ;
#5237 = DIRECTION ( 'NONE',  ( 0.000000000000000000, 1.000000000000000000, -1.668003342285391551E-16 ) ) ;
#5238 = PLANE ( 'NONE',  #1867 ) ;
#5239 = ORIENTED_EDGE ( 'NONE', *, *, #837, .F. ) ;
#5240 = DIRECTION ( 'NONE',  ( 0.000000000000000000, -0.000000000000000000, -1.000000000000000000 ) ) ;
#5241 = DIRECTION ( 'NONE',  ( -0.000000000000000000, -0.000000000000000000, -1.000000000000000000 ) ) ;
#5242 = PRESENTATION_LAYER_ASSIGNMENT (  '', '', ( #5401 ) ) ;
#5243 = CARTESIAN_POINT ( 'NONE',  ( 5.080000000000000071, 0.000000000000000000, -0.3500000000000001443 ) ) ;
#5244 =( LENGTH_UNIT ( ) NAMED_UNIT ( * ) SI_UNIT ( .MILLI., .METRE. ) );
#5245 = ORIENTED_EDGE ( 'NONE', *, *, #6564, .F. ) ;
#5246 = DIRECTION ( 'NONE',  ( -3.872150616019658957E-17, -0.8660254037844387076, -0.5000000000000001110 ) ) ;
#5247 = CARTESIAN_POINT ( 'NONE',  ( 4.080000000000000071, 6.500000000000000888, 0.3499999999999989231 ) ) ;
#5248 = CARTESIAN_POINT ( 'NONE',  ( 8.320000000000000284, 0.8000000000000007105, 0.3499999999999997002 ) ) ;
#5249 = CARTESIAN_POINT ( 'NONE',  ( 7.620000000000000107, 1.700000000000000178, -0.3500000000000002554 ) ) ;
#5250 = STYLED_ITEM ( 'NONE', ( #2734 ), #2553 ) ;
#5251 = ORIENTED_EDGE ( 'NONE', *, *, #3332, .T. ) ;
#5252 = VERTEX_POINT ( 'NONE', #9304 ) ;
#5253 = CARTESIAN_POINT ( 'NONE',  ( 4.080000000000000071, 1.800000000000000488, -0.3850000000000000089 ) ) ;
#5254 = PLANE ( 'NONE',  #3150 ) ;
#5255 = ORIENTED_EDGE ( 'NONE', *, *, #8538, .T. ) ;
#5256 = STYLED_ITEM ( 'NONE', ( #4226 ), #1521 ) ;
#5257 = FILL_AREA_STYLE ('',( #1721 ) ) ;
#5258 = ADVANCED_FACE ( 'NONE', ( #342 ), #6324, .F. ) ;
#5259 = AXIS2_PLACEMENT_3D ( 'NONE', #7287, #584, #1611 ) ;
#5260 = CARTESIAN_POINT ( 'NONE',  ( -1.469999999999999973, 8.500000000000000000, 1.199999999999999956 ) ) ;
#5261 = CARTESIAN_POINT ( 'NONE',  ( 4.727475984454220459, 5.732672356334980179, -0.3500000000000001443 ) ) ;
#5262 = CARTESIAN_POINT ( 'NONE',  ( 8.068193045422141552, 5.884855341312110077, 0.3499999999999997002 ) ) ;
#5263 = COLOUR_RGB ( '',0.8313725490196077761, 0.6705882352941175961, 0.1294117647058823373 ) ;
#5264 = FACE_OUTER_BOUND ( 'NONE', #7056, .T. ) ;
#5265 = CARTESIAN_POINT ( 'NONE',  ( -0.4999999999999985012, 6.299999999999999822, 0.3499999999999999778 ) ) ;
#5266 = AXIS2_PLACEMENT_3D ( 'NONE', #8192, #5136, #3040 ) ;
#5267 = ORIENTED_EDGE ( 'NONE', *, *, #8235, .F. ) ;
#5268 = VECTOR ( 'NONE', #9024, 1000.000000000000000 ) ;
#5269 = CARTESIAN_POINT ( 'NONE',  ( 10.84675493260776236, 6.500000000000000888, 0.3499999999999988676 ) ) ;
#5270 = EDGE_CURVE ( 'NONE', #269, #2563, #7959, .T. ) ;
#5271 = ORIENTED_EDGE ( 'NONE', *, *, #4478, .T. ) ;
#5272 = ADVANCED_FACE ( 'NONE', ( #1825 ), #1091, .T. ) ;
#5273 = SURFACE_SIDE_STYLE ('',( #1596 ) ) ;
#5274 = COLOUR_RGB ( '',0.8313725490196077761, 0.6705882352941175961, 0.1294117647058823373 ) ;
#5275 = ADVANCED_FACE ( 'NONE', ( #5192 ), #3734, .T. ) ;
#5276 = DIRECTION ( 'NONE',  ( 0.000000000000000000, -0.000000000000000000, 1.000000000000000000 ) ) ;
#5277 = FACE_OUTER_BOUND ( 'NONE', #1992, .T. ) ;
#5278 = ORIENTED_EDGE ( 'NONE', *, *, #4052, .T. ) ;
#5279 = ADVANCED_FACE ( 'NONE', ( #6595 ), #3113, .T. ) ;
#5280 = CARTESIAN_POINT ( 'NONE',  ( 9.807475984454221418, 5.732672356334980179, -0.3500000000000003109 ) ) ;
#5281 = FILL_AREA_STYLE_COLOUR ( '', #9575 ) ;
#5282 = AXIS2_PLACEMENT_3D ( 'NONE', #74, #9123, #6878 ) ;
#5283 = VECTOR ( 'NONE', #5893, 1000.000000000000000 ) ;
#5284 = FACE_OUTER_BOUND ( 'NONE', #3456, .T. ) ;
#5285 = ORIENTED_EDGE ( 'NONE', *, *, #289, .F. ) ;
#5286 = CARTESIAN_POINT ( 'NONE',  ( 2.189999999999999947, 8.200000000000001066, 0.3499999999999999778 ) ) ;
#5287 = DIRECTION ( 'NONE',  ( 1.000000000000000000, 1.121588454295349780E-16, -0.000000000000000000 ) ) ;
#5288 = MECHANICAL_DESIGN_GEOMETRIC_PRESENTATION_REPRESENTATION (  '', ( #1999 ), #6990 ) ;
#5289 = LINE ( 'NONE', #6695, #1071 ) ;
#5290 = PRESENTATION_STYLE_ASSIGNMENT (( #8906 ) ) ;
#5291 = EDGE_LOOP ( 'NONE', ( #2077, #6773, #3935, #1747 ) ) ;
#5292 = DIRECTION ( 'NONE',  ( -0.000000000000000000, -3.097720492815727166E-16, -1.000000000000000000 ) ) ;
#5293 = CARTESIAN_POINT ( 'NONE',  ( 2.890000000000001013, 1.084202172485506745E-17, 0.3499999999999998668 ) ) ;
#5294 = VECTOR ( 'NONE', #148, 1000.000000000000000 ) ;
#5295 = SURFACE_SIDE_STYLE ('',( #5151 ) ) ;
#5296 = ORIENTED_EDGE ( 'NONE', *, *, #2407, .T. ) ;
#5297 = PLANE ( 'NONE',  #8224 ) ;
#5298 = LINE ( 'NONE', #3930, #9527 ) ;
#5299 = ORIENTED_EDGE ( 'NONE', *, *, #2592, .F. ) ;
#5300 = VECTOR ( 'NONE', #8439, 1000.000000000000000 ) ;
#5301 = CARTESIAN_POINT ( 'NONE',  ( 5.761380150321416593, 6.233860305463101881, -0.3500000000000000333 ) ) ;
#5302 =( NAMED_UNIT ( * ) SI_UNIT ( $, .STERADIAN. ) SOLID_ANGLE_UNIT ( ) );
#5303 = CARTESIAN_POINT ( 'NONE',  ( 6.933245067392238781, 6.500000000000000888, -0.3500000000000010880 ) ) ;
#5304 = ORIENTED_EDGE ( 'NONE', *, *, #8347, .T. ) ;
#5305 = VERTEX_POINT ( 'NONE', #4748 ) ;
#5306 = CARTESIAN_POINT ( 'NONE',  ( 4.080000000000000071, 1.800000000000000488, 0.3849999999999998423 ) ) ;
#5307 = CARTESIAN_POINT ( 'NONE',  ( 6.695941859282681818, 4.443591676418676251, 0.3499999999999997002 ) ) ;
#5308 = ORIENTED_EDGE ( 'NONE', *, *, #2626, .F. ) ;
#5309 =( LENGTH_UNIT ( ) NAMED_UNIT ( * ) SI_UNIT ( .MILLI., .METRE. ) );
#5310 = DIRECTION ( 'NONE',  ( -3.097720492815726426E-17, 1.000000000000000000, 0.000000000000000000 ) ) ;
#5311 = DIRECTION ( 'NONE',  ( 0.000000000000000000, 0.000000000000000000, -1.000000000000000000 ) ) ;
#5312 = FACE_OUTER_BOUND ( 'NONE', #3152, .T. ) ;
#5313 = DIRECTION ( 'NONE',  ( 0.000000000000000000, 0.000000000000000000, 1.000000000000000000 ) ) ;
#5314 =( NAMED_UNIT ( * ) SI_UNIT ( $, .STERADIAN. ) SOLID_ANGLE_UNIT ( ) );
#5315 = UNCERTAINTY_MEASURE_WITH_UNIT (LENGTH_MEASURE( 1.000000000000000082E-05 ), #1067, 'distance_accuracy_value', 'NONE');
#5316 = PRESENTATION_LAYER_ASSIGNMENT (  '', '', ( #1240 ) ) ;
#5317 = FILL_AREA_STYLE ('',( #8283 ) ) ;
#5318 = AXIS2_PLACEMENT_3D ( 'NONE', #9494, #2067, #3505 ) ;
#5319 = EDGE_LOOP ( 'NONE', ( #8456, #6286, #4789, #1605 ) ) ;
#5320 = DIRECTION ( 'NONE',  ( -1.000000000000000000, 0.000000000000000000, 0.000000000000000000 ) ) ;
#5321 = ORIENTED_EDGE ( 'NONE', *, *, #1141, .F. ) ;
#5322 = LINE ( 'NONE', #65, #7910 ) ;
#5323 = PLANE ( 'NONE',  #9619 ) ;
#5324 = VECTOR ( 'NONE', #7443, 1000.000000000000000 ) ;
#5325 = DIRECTION ( 'NONE',  ( 0.000000000000000000, 0.000000000000000000, -1.000000000000000000 ) ) ;
#5326 = EDGE_LOOP ( 'NONE', ( #633, #6728, #8493, #3163 ) ) ;
#5327 = EDGE_CURVE ( 'NONE', #9298, #2968, #8832, .T. ) ;
#5328 = CARTESIAN_POINT ( 'NONE',  ( 8.220000000000000639, 6.299999999999999822, 0.1283333333333330772 ) ) ;
#5329 = LINE ( 'NONE', #5474, #628 ) ;
#5330 = ORIENTED_EDGE ( 'NONE', *, *, #3947, .T. ) ;
#5331 = VECTOR ( 'NONE', #5985, 1000.000000000000000 ) ;
#5332 = ORIENTED_EDGE ( 'NONE', *, *, #699, .F. ) ;
#5333 = PLANE ( 'NONE',  #6050 ) ;
#5334 = CARTESIAN_POINT ( 'NONE',  ( 0.6867549326077613259, 8.000000000000000000, -0.6500000000000030198 ) ) ;
#5335 = CARTESIAN_POINT ( 'NONE',  ( 5.579999999999999183, 6.084152315493285279, 0.3499999999999998668 ) ) ;
#5336 = ORIENTED_EDGE ( 'NONE', *, *, #1308, .T. ) ;
#5337 = EDGE_CURVE ( 'NONE', #5142, #4564, #1219, .T. ) ;
#5338 = DIRECTION ( 'NONE',  ( -0.000000000000000000, 1.000000000000000000, -0.000000000000000000 ) ) ;
#5339 = CARTESIAN_POINT ( 'NONE',  ( 7.270000000000000462, 8.200000000000001066, -0.3499999999999999778 ) ) ;
#5340 = CARTESIAN_POINT ( 'NONE',  ( 7.270000000000000462, 8.200000000000001066, 0.3499999999999999778 ) ) ;
#5341 = ORIENTED_EDGE ( 'NONE', *, *, #2748, .F. ) ;
#5342 = CARTESIAN_POINT ( 'NONE',  ( 4.729999999999999538, 8.200000000000001066, -0.3499999999999999778 ) ) ;
#5343 = LINE ( 'NONE', #2418, #1417 ) ;
#5344 = CARTESIAN_POINT ( 'NONE',  ( -0.3500000000000000333, 8.200000000000001066, 0.3499999999999999778 ) ) ;
#5345 = VERTEX_POINT ( 'NONE', #8486 ) ;
#5346 = FACE_OUTER_BOUND ( 'NONE', #4084, .T. ) ;
#5347 = LINE ( 'NONE', #1577, #8045 ) ;
#5348 = CARTESIAN_POINT ( 'NONE',  ( 4.393245067392238745, 6.500000000000000888, 0.3499999999999989231 ) ) ;
#5349 = ADVANCED_FACE ( 'NONE', ( #7558 ), #1064, .F. ) ;
#5350 = ORIENTED_EDGE ( 'NONE', *, *, #9401, .F. ) ;
#5351 = ORIENTED_EDGE ( 'NONE', *, *, #4478, .F. ) ;
#5352 = SURFACE_SIDE_STYLE ('',( #2386 ) ) ;
#5353 = DIRECTION ( 'NONE',  ( 0.000000000000000000, 0.000000000000000000, -1.000000000000000000 ) ) ;
#5354 = EDGE_CURVE ( 'NONE', #3440, #3489, #129, .T. ) ;
#5355 = ADVANCED_FACE ( 'NONE', ( #1704, #9230, #4707, #176, #3875, #6880 ), #3193, .F. ) ;
#5356 = DIRECTION ( 'NONE',  ( 0.000000000000000000, -1.000000000000000000, 0.000000000000000000 ) ) ;
#5357 = FILL_AREA_STYLE ('',( #1347 ) ) ;
#5358 = CARTESIAN_POINT ( 'NONE',  ( 9.195000000000002061, -1.575000000000001066, 0.3499999999999997002 ) ) ;
#5359 = FILL_AREA_STYLE_COLOUR ( '', #1289 ) ;
#5360 = LINE ( 'NONE', #5553, #1809 ) ;
#5361 =( LENGTH_UNIT ( ) NAMED_UNIT ( * ) SI_UNIT ( .MILLI., .METRE. ) );
#5362 = STYLED_ITEM ( 'NONE', ( #8670 ), #83 ) ;
#5363 = CARTESIAN_POINT ( 'NONE',  ( 6.974533521472694453, 3.877691542223589138, 0.3499999999999997002 ) ) ;
#5364 = EDGE_CURVE ( 'NONE', #7, #3927, #6836, .T. ) ;
#5365 = ORIENTED_EDGE ( 'NONE', *, *, #3580, .T. ) ;
#5366 = CARTESIAN_POINT ( 'NONE',  ( 7.945255819881804626, 5.589454083063163381, -0.3500000000000002554 ) ) ;
#5367 = EDGE_LOOP ( 'NONE', ( #4454, #1169, #4029, #9532 ) ) ;
#5368 = SURFACE_STYLE_USAGE ( .BOTH. , #5273 ) ;
#5369 = EDGE_CURVE ( 'NONE', #7351, #1310, #8582, .T. ) ;
#5370 = VECTOR ( 'NONE', #7233, 1000.000000000000000 ) ;
#5371 = PLANE ( 'NONE',  #6204 ) ;
#5372 = DIRECTION ( 'NONE',  ( 0.000000000000000000, 3.097720492815727166E-16, 1.000000000000000000 ) ) ;
#5373 = FACE_OUTER_BOUND ( 'NONE', #5913, .T. ) ;
#5374 = FILL_AREA_STYLE ('',( #2443 ) ) ;
#5375 = SURFACE_SIDE_STYLE ('',( #2257 ) ) ;
#5376 = EDGE_CURVE ( 'NONE', #8545, #4204, #4667, .T. ) ;
#5377 = MECHANICAL_DESIGN_GEOMETRIC_PRESENTATION_REPRESENTATION (  '', ( #3352 ), #8030 ) ;
#5378 = CARTESIAN_POINT ( 'NONE',  ( 10.80546647852730580, 3.877691542223589138, -0.3500000000000003109 ) ) ;
#5379 = ORIENTED_EDGE ( 'NONE', *, *, #7212, .T. ) ;
#5380 = EDGE_LOOP ( 'NONE', ( #1047, #1882, #9396, #5949 ) ) ;
#5381 = DIRECTION ( 'NONE',  ( -0.000000000000000000, -1.668003342285388099E-16, -1.000000000000000000 ) ) ;
#5382 = CIRCLE ( 'NONE', #2268, 0.2999999999999999334 ) ;
#5383 = CARTESIAN_POINT ( 'NONE',  ( 3.039999999999998259, 6.084152315493285279, -0.3500000000000000888 ) ) ;
#5384 = VERTEX_POINT ( 'NONE', #1852 ) ;
#5385 = SURFACE_STYLE_FILL_AREA ( #34 ) ;
#5386 =( NAMED_UNIT ( * ) SI_UNIT ( $, .STERADIAN. ) SOLID_ANGLE_UNIT ( ) );
#5387 = B_SPLINE_CURVE_WITH_KNOTS ( 'NONE', 3,
 ( #7475, #182, #8912, #5201 ),
 .UNSPECIFIED., .F., .F.,
 ( 4, 4 ),
 ( 0.000000000000000000, 1.000000000000000000 ),
 .UNSPECIFIED. ) ;
#5388 = DIRECTION ( 'NONE',  ( -1.000000000000000000, -3.097720492815726426E-17, 0.000000000000000000 ) ) ;
#5389 = ADVANCED_FACE ( 'NONE', ( #3487 ), #9423, .T. ) ;
#5390 = ORIENTED_EDGE ( 'NONE', *, *, #7471, .F. ) ;
#5391 =( LENGTH_UNIT ( ) NAMED_UNIT ( * ) SI_UNIT ( .MILLI., .METRE. ) );
#5392 = CARTESIAN_POINT ( 'NONE',  ( 5.579999999999999183, 6.299999999999999822, -0.3500000000000001443 ) ) ;
#5393 = EDGE_CURVE ( 'NONE', #2574, #2956, #6442, .T. ) ;
#5394 = SURFACE_STYLE_USAGE ( .BOTH. , #2420 ) ;
#5395 = SURFACE_STYLE_USAGE ( .BOTH. , #184 ) ;
#5396 = ORIENTED_EDGE ( 'NONE', *, *, #1478, .T. ) ;
#5397 = CARTESIAN_POINT ( 'NONE',  ( 10.50999999999999979, 8.200000000000001066, 0.3499999999999999778 ) ) ;
#5398 = CARTESIAN_POINT ( 'NONE',  ( 1.000000000000000444, 6.299999999999999822, 0.1283333333333333270 ) ) ;
#5399 = CARTESIAN_POINT ( 'NONE',  ( 5.680000000000000604, 6.299999999999999822, -0.3850000000000001199 ) ) ;
#5400 = ORIENTED_EDGE ( 'NONE', *, *, #2101, .F. ) ;
#5401 = STYLED_ITEM ( 'NONE', ( #756 ), #982 ) ;
#5402 = ORIENTED_EDGE ( 'NONE', *, *, #7576, .F. ) ;
#5403 = ADVANCED_FACE ( 'NONE', ( #2754 ), #4895, .T. ) ;
#5404 = CARTESIAN_POINT ( 'NONE',  ( 8.482626047459934426, 5.194217234910147418, 0.3499999999999996447 ) ) ;
#5405 = CARTESIAN_POINT ( 'NONE',  ( 10.51252401554577887, 5.732672356334978403, -0.3500000000000003109 ) ) ;
#5406 = EDGE_CURVE ( 'NONE', #5252, #8498, #7268, .T. ) ;
#5407 = UNCERTAINTY_MEASURE_WITH_UNIT (LENGTH_MEASURE( 1.000000000000000082E-05 ), #8800, 'distance_accuracy_value', 'NONE');
#5408 = PRESENTATION_STYLE_ASSIGNMENT (( #2430 ) ) ;
#5409 = SURFACE_SIDE_STYLE ('',( #7638 ) ) ;
#5410 = VECTOR ( 'NONE', #7928, 1000.000000000000000 ) ;
#5411 = CARTESIAN_POINT ( 'NONE',  ( 3.140000000000000568, 6.299999999999999822, -0.3500000000000000888 ) ) ;
#5412 = PLANE ( 'NONE',  #3229 ) ;
#5413 = EDGE_CURVE ( 'NONE', #3218, #8966, #6772, .T. ) ;
#5414 =( BOUNDED_SURFACE ( )  B_SPLINE_SURFACE ( 3, 1, ( 
 ( #6000, #56 ),
 ( #2342, #9060 ),
 ( #7588, #898 ),
 ( #3800, #9104 ) ),
 .UNSPECIFIED., .F., .F., .F. ) 
 B_SPLINE_SURFACE_WITH_KNOTS ( ( 4, 4 ),
 ( 2, 2 ),
 ( 0.000000000000000000, 1.000000000000000000 ),
 ( 0.000000000000000000, 1.000000000000000000 ),
 .UNSPECIFIED. ) 
 GEOMETRIC_REPRESENTATION_ITEM ( )  RATIONAL_B_SPLINE_SURFACE ( (
 ( 1.000000000000000000, 1.000000000000000000),
 ( 0.9488815137910379116, 0.9488815137910379116),
 ( 0.9488815137910379116, 0.9488815137910379116),
 ( 1.000000000000000000, 1.000000000000000000) ) ) 
 REPRESENTATION_ITEM ( '' )  SURFACE ( )  );
#5415 = ORIENTED_EDGE ( 'NONE', *, *, #1062, .F. ) ;
#5416 = ORIENTED_EDGE ( 'NONE', *, *, #7722, .T. ) ;
#5417 = VECTOR ( 'NONE', #722, 1000.000000000000114 ) ;
#5418 = VECTOR ( 'NONE', #1482, 1000.000000000000000 ) ;
#5419 = FACE_OUTER_BOUND ( 'NONE', #849, .T. ) ;
#5420 = CIRCLE ( 'NONE', #557, 0.1999999999999996503 ) ;
#5421 = LINE ( 'NONE', #6822, #6800 ) ;
#5422 = ORIENTED_EDGE ( 'NONE', *, *, #676, .F. ) ;
#5423 = LINE ( 'NONE', #8577, #4917 ) ;
#5424 = PRESENTATION_LAYER_ASSIGNMENT (  '', '', ( #7749 ) ) ;
#5425 = SURFACE_STYLE_FILL_AREA ( #5374 ) ;
#5426 = COLOUR_RGB ( '',0.8313725490196077761, 0.6705882352941175961, 0.1294117647058823373 ) ;
#5428 = PLANE ( 'NONE',  #7585 ) ;
#5427 =( GEOMETRIC_REPRESENTATION_CONTEXT ( 3 ) GLOBAL_UNCERTAINTY_ASSIGNED_CONTEXT ( ( #8581 ) ) GLOBAL_UNIT_ASSIGNED_CONTEXT ( ( #3254, #6996, #7720 ) ) REPRESENTATION_CONTEXT ( 'NONE', 'WORKASPACE' ) );
#5429 = CARTESIAN_POINT ( 'NONE',  ( 9.834744180118196510, 5.589454083063166046, -0.3500000000000003109 ) ) ;
#5430 = EDGE_LOOP ( 'NONE', ( #5152, #7064, #7997, #8043 ) ) ;
#5431 = ORIENTED_EDGE ( 'NONE', *, *, #5759, .T. ) ;
#5432 = CARTESIAN_POINT ( 'NONE',  ( 9.834744180118196510, 5.589454083063166046, 0.3499999999999996447 ) ) ;
#5433 = CIRCLE ( 'NONE', #2470, 0.2000000000000000944 ) ;
#5434 = B_SPLINE_CURVE_WITH_KNOTS ( 'NONE', 3,
 ( #4773, #4043, #7008, #6281 ),
 .UNSPECIFIED., .F., .F.,
 ( 4, 4 ),
 ( 0.000000000000000000, 1.000000000000000000 ),
 .UNSPECIFIED. ) ;
#5435 = DIRECTION ( 'NONE',  ( 0.7071067811865474617, 0.7071067811865474617, -0.000000000000000000 ) ) ;
#5436 = CARTESIAN_POINT ( 'NONE',  ( 0.7000000000000006217, 0.8000000000000007105, 0.3499999999999999778 ) ) ;
#5437 = ORIENTED_EDGE ( 'NONE', *, *, #4455, .F. ) ;
#5438 = CARTESIAN_POINT ( 'NONE',  ( 1.540000000000000036, 6.500000000000000888, -0.3500000000000010880 ) ) ;
#5439 = COLOUR_RGB ( '',0.8313725490196077761, 0.6705882352941175961, 0.1294117647058823373 ) ;
#5440 = COLOUR_RGB ( '',0.8313725490196077761, 0.6705882352941175961, 0.1294117647058823373 ) ;
#5441 = EDGE_CURVE ( 'NONE', #1671, #1480, #5225, .T. ) ;
#5442 = ADVANCED_FACE ( 'NONE', ( #5277 ), #8896, .F. ) ;
#5443 = VERTEX_POINT ( 'NONE', #3624 ) ;
#5444 = MECHANICAL_DESIGN_GEOMETRIC_PRESENTATION_REPRESENTATION (  '', ( #6366 ), #3108 ) ;
#5445 = DIRECTION ( 'NONE',  ( 0.000000000000000000, 1.000000000000000000, -1.668003342285391797E-16 ) ) ;
#5446 = FILL_AREA_STYLE_COLOUR ( '', #3007 ) ;
#5447 = VECTOR ( 'NONE', #3809, 1000.000000000000000 ) ;
#5448 = CARTESIAN_POINT ( 'NONE',  ( 3.039999999999998259, 6.299999999999999822, 0.3499999999999998668 ) ) ;
#5449 = CARTESIAN_POINT ( 'NONE',  ( -0.4633568989079023814, 1.700000000000002620, 0.3499999999999999778 ) ) ;
#5450 = ORIENTED_EDGE ( 'NONE', *, *, #8019, .T. ) ;
#5451 = EDGE_CURVE ( 'NONE', #5168, #4420, #8786, .T. ) ;
#5452 = CIRCLE ( 'NONE', #6689, 0.2999999999999999334 ) ;
#5453 = LINE ( 'NONE', #3300, #8673 ) ;
#5454 = EDGE_CURVE ( 'NONE', #6305, #7133, #3576, .T. ) ;
#5455 = CARTESIAN_POINT ( 'NONE',  ( 6.080000000000000959, 6.299999999999999822, 0.3849999999999998423 ) ) ;
#5456 = ORIENTED_EDGE ( 'NONE', *, *, #3683, .T. ) ;
#5457 = EDGE_LOOP ( 'NONE', ( #7802, #7485, #4906, #2513 ) ) ;
#5458 = CARTESIAN_POINT ( 'NONE',  ( 8.220000000000000639, 6.299999999999999822, 0.3499999999999997002 ) ) ;
#5459 = CARTESIAN_POINT ( 'NONE',  ( 6.742471447568716414, 5.050332720358727379, 0.3499999999999997002 ) ) ;
#5460 = DIRECTION ( 'NONE',  ( 1.000000000000000000, 0.000000000000000000, 0.000000000000000000 ) ) ;
#5461 = DIRECTION ( 'NONE',  ( 1.000000000000000000, 0.000000000000000000, 0.000000000000000000 ) ) ;
#5462 = CARTESIAN_POINT ( 'NONE',  ( 6.920000000000000817, 0.5000000000000004441, -0.3500000000000002554 ) ) ;
#5463 = CARTESIAN_POINT ( 'NONE',  ( 3.140000000000000568, 6.299999999999999822, 0.1166666666666664742 ) ) ;
#5464 = DIRECTION ( 'NONE',  ( -0.000000000000000000, 0.000000000000000000, 1.000000000000000000 ) ) ;
#5465 = EDGE_CURVE ( 'NONE', #5948, #8930, #5083, .T. ) ;
#5466 = CARTESIAN_POINT ( 'NONE',  ( 5.430000000000000604, -2.800000000000001155, 0.3499999999999998113 ) ) ;
#5467 = VERTEX_POINT ( 'NONE', #8098 ) ;
#5468 = UNCERTAINTY_MEASURE_WITH_UNIT (LENGTH_MEASURE( 1.000000000000000082E-05 ), #4902, 'distance_accuracy_value', 'NONE');
#5469 = LINE ( 'NONE', #303, #110 ) ;
#5470 = VERTEX_POINT ( 'NONE', #4461 ) ;
#5471 = STYLED_ITEM ( 'NONE', ( #2966 ), #3612 ) ;
#5472 = CARTESIAN_POINT ( 'NONE',  ( 3.488897102351113944, 4.001162287970013054, 0.3499999999999998668 ) ) ;
#5473 = DIRECTION ( 'NONE',  ( -7.744301232039316681E-17, 0.000000000000000000, -1.000000000000000000 ) ) ;
#5474 = CARTESIAN_POINT ( 'NONE',  ( 1.000000000000000666, 1.121588454295350273E-16, 0.3499999999999999778 ) ) ;
#5475 = VERTEX_POINT ( 'NONE', #5970 ) ;
#5476 = ORIENTED_EDGE ( 'NONE', *, *, #3024, .T. ) ;
#5477 = VERTEX_POINT ( 'NONE', #6545 ) ;
#5478 =( LENGTH_UNIT ( ) NAMED_UNIT ( * ) SI_UNIT ( .MILLI., .METRE. ) );
#5479 = AXIS2_PLACEMENT_3D ( 'NONE', #183, #8953, #3058 ) ;
#5480 = PLANE ( 'NONE',  #1367 ) ;
#5481 = EDGE_CURVE ( 'NONE', #5998, #8650, #3673, .T. ) ;
#5482 = EDGE_CURVE ( 'NONE', #2274, #1115, #6061, .T. ) ;
#5483 = CARTESIAN_POINT ( 'NONE',  ( 8.119999999999999218, 6.299999999999999822, -0.3500000000000002554 ) ) ;
#5484 = CARTESIAN_POINT ( 'NONE',  ( 1.689360230209762115, 5.307482533055399188, 0.3499999999999998668 ) ) ;
#5485 = ORIENTED_EDGE ( 'NONE', *, *, #689, .F. ) ;
#5486 = LINE ( 'NONE', #1163, #1854 ) ;
#5487 = DIRECTION ( 'NONE',  ( 0.000000000000000000, -0.000000000000000000, -1.000000000000000000 ) ) ;
#5488 = FILL_AREA_STYLE_COLOUR ( '', #5897 ) ;
#5489 = ORIENTED_EDGE ( 'NONE', *, *, #5482, .F. ) ;
#5490 = CARTESIAN_POINT ( 'NONE',  ( -0.3252558198818047974, 5.589454083063166046, 0.3499999999999999778 ) ) ;
#5491 = AXIS2_PLACEMENT_3D ( 'NONE', #9446, #1192, #7827 ) ;
#5492 = DIRECTION ( 'NONE',  ( -1.000000000000000000, 0.000000000000000000, 7.744301232039316681E-17 ) ) ;
#5493 = LINE ( 'NONE', #8450, #2168 ) ;
#5494 = EDGE_LOOP ( 'NONE', ( #7631, #2167, #4723, #2550 ) ) ;
#5495 = DIRECTION ( 'NONE',  ( 1.084202172485504434E-16, -1.000000000000000000, 0.000000000000000000 ) ) ;
#5496 = PRESENTATION_STYLE_ASSIGNMENT (( #8359 ) ) ;
#5497 = EDGE_LOOP ( 'NONE', ( #1158, #8617, #3982, #4814 ) ) ;
#5498 = ORIENTED_EDGE ( 'NONE', *, *, #4404, .F. ) ;
#5499 = CARTESIAN_POINT ( 'NONE',  ( 2.865255819881805444, 5.589454083063163381, 0.3499999999999998668 ) ) ;
#5500 =( NAMED_UNIT ( * ) SI_UNIT ( $, .STERADIAN. ) SOLID_ANGLE_UNIT ( ) );
#5501 = UNCERTAINTY_MEASURE_WITH_UNIT (LENGTH_MEASURE( 1.000000000000000082E-05 ), #6177, 'distance_accuracy_value', 'NONE');
#5502 = DIRECTION ( 'NONE',  ( 0.000000000000000000, -1.000000000000000000, 0.000000000000000000 ) ) ;
#5503 = DIRECTION ( 'NONE',  ( 1.000000000000000000, 0.000000000000000000, 0.000000000000000000 ) ) ;
#5504 = SURFACE_STYLE_FILL_AREA ( #2532 ) ;
#5505 = CARTESIAN_POINT ( 'NONE',  ( 1.540000000000000480, 1.800000000000000266, -0.1166666666666668489 ) ) ;
#5506 = CARTESIAN_POINT ( 'NONE',  ( 5.949615242270663629, 8.500000000000000000, -0.8696152422706631135 ) ) ;
#5507 = CARTESIAN_POINT ( 'NONE',  ( 2.540000000000000036, 0.000000000000000000, 0.3499999999999998668 ) ) ;
#5508 = LINE ( 'NONE', #6283, #2126 ) ;
#5509 = VERTEX_POINT ( 'NONE', #5819 ) ;
#5510 = DIRECTION ( 'NONE',  ( -0.000000000000000000, -1.668003342285388099E-16, -1.000000000000000000 ) ) ;
#5511 = ADVANCED_FACE ( 'NONE', ( #1365 ), #1554, .F. ) ;
#5512 = CARTESIAN_POINT ( 'NONE',  ( 2.540000000000000036, 0.5000000000000005551, 0.3499999999999998668 ) ) ;
#5513 = EDGE_CURVE ( 'NONE', #5823, #5837, #2850, .T. ) ;
#5514 = FILL_AREA_STYLE_COLOUR ( '', #9318 ) ;
#5515 = ADVANCED_FACE ( 'NONE', ( #9611 ), #6687, .T. ) ;
#5516 = VECTOR ( 'NONE', #3031, 1000.000000000000000 ) ;
#5517 = CARTESIAN_POINT ( 'NONE',  ( 9.373947113514017104, 5.783587059575307165, 0.3499999999999997002 ) ) ;
#5518 = CARTESIAN_POINT ( 'NONE',  ( 3.402626047459932579, 5.194217234910147418, 0.3499999999999998113 ) ) ;
#5519 = PRESENTATION_STYLE_ASSIGNMENT (( #6871 ) ) ;
#5520 = PRESENTATION_STYLE_ASSIGNMENT (( #265 ) ) ;
#5521 =( GEOMETRIC_REPRESENTATION_CONTEXT ( 3 ) GLOBAL_UNCERTAINTY_ASSIGNED_CONTEXT ( ( #6710 ) ) GLOBAL_UNIT_ASSIGNED_CONTEXT ( ( #199, #2286, #7732 ) ) REPRESENTATION_CONTEXT ( 'NONE', 'WORKASPACE' ) );
#5522 = DIRECTION ( 'NONE',  ( 0.000000000000000000, 1.000000000000000000, -1.668003342285391797E-16 ) ) ;
#5523 = ORIENTED_EDGE ( 'NONE', *, *, #3617, .T. ) ;
#5524 = EDGE_LOOP ( 'NONE', ( #2609, #5834, #4298, #8862 ) ) ;
#5525 = COLOUR_RGB ( '',0.8313725490196077761, 0.6705882352941175961, 0.1294117647058823373 ) ;
#5526 = CARTESIAN_POINT ( 'NONE',  ( 10.51000000000000156, -2.800000000000001155, -0.3500000000000003109 ) ) ;
#5527 = EDGE_CURVE ( 'NONE', #8822, #4642, #6778, .T. ) ;
#5528 = CARTESIAN_POINT ( 'NONE',  ( -0.3499999999999990896, -2.800000000000001155, 0.3499999999999999778 ) ) ;
#5529 = CARTESIAN_POINT ( 'NONE',  ( 2.190000000000000835, 0.5000000000000005551, 0.3499999999999998668 ) ) ;
#5530 = CARTESIAN_POINT ( 'NONE',  ( 1.596432165885827814, 4.104507585657485080, 0.3499999999999999223 ) ) ;
#5531 = ORIENTED_EDGE ( 'NONE', *, *, #20, .T. ) ;
#5532 = CARTESIAN_POINT ( 'NONE',  ( 3.173148314883513343, 6.299478870653064888, -0.3500000000000000888 ) ) ;
#5533 = DIRECTION ( 'NONE',  ( 1.084202172485504434E-16, -1.000000000000000000, 0.000000000000000000 ) ) ;
#5534 = CARTESIAN_POINT ( 'NONE',  ( 7.945255819881804626, 5.589454083063165157, -0.3500000000000002554 ) ) ;
#5535 = CARTESIAN_POINT ( 'NONE',  ( -0.3525240155457798341, 5.732672356334980179, 0.3499999999999999778 ) ) ;
#5536 = ADVANCED_FACE ( 'NONE', ( #67 ), #6153, .F. ) ;
#5537 = ORIENTED_EDGE ( 'NONE', *, *, #332, .T. ) ;
#5538 = COLOUR_RGB ( '',0.8313725490196077761, 0.6705882352941175961, 0.1294117647058823373 ) ;
#5539 = DIRECTION ( 'NONE',  ( 0.000000000000000000, 0.000000000000000000, 1.000000000000000000 ) ) ;
#5540 = EDGE_CURVE ( 'NONE', #9557, #1761, #4649, .T. ) ;
#5541 = FACE_OUTER_BOUND ( 'NONE', #7933, .T. ) ;
#5542 = ORIENTED_EDGE ( 'NONE', *, *, #1275, .T. ) ;
#5543 = DIRECTION ( 'NONE',  ( 0.000000000000000000, 0.000000000000000000, -1.000000000000000000 ) ) ;
#5544 = CARTESIAN_POINT ( 'NONE',  ( -0.4999999999999985012, 6.084152315493286167, -0.3499999999999999223 ) ) ;
#5545 = ORIENTED_EDGE ( 'NONE', *, *, #4246, .F. ) ;
#5546 = EDGE_CURVE ( 'NONE', #3701, #5804, #5421, .T. ) ;
#5547 = ORIENTED_EDGE ( 'NONE', *, *, #3975, .F. ) ;
#5548 = CARTESIAN_POINT ( 'NONE',  ( 8.407162253657096684, 5.777005459572332136, 0.3499999999999997002 ) ) ;
#5549 = CARTESIAN_POINT ( 'NONE',  ( 2.040000000000001812, 6.299999999999999822, 0.3499999999999998668 ) ) ;
#5550 = VECTOR ( 'NONE', #6860, 1000.000000000000000 ) ;
#5551 = DIRECTION ( 'NONE',  ( -1.000000000000000000, 0.000000000000000000, 7.744301232039316681E-17 ) ) ;
#5552 = DIRECTION ( 'NONE',  ( -1.000000000000000000, 0.000000000000000000, 0.000000000000000000 ) ) ;
#5553 = CARTESIAN_POINT ( 'NONE',  ( 5.080000000000000071, -3.000000000000000000, -0.3500000000000001443 ) ) ;
#5554 = VECTOR ( 'NONE', #9076, 1000.000000000000114 ) ;
#5555 = SURFACE_STYLE_FILL_AREA ( #203 ) ;
#5556 = CARTESIAN_POINT ( 'NONE',  ( 9.810000000000000497, 8.000000000000000000, -0.3499999999999999778 ) ) ;
#5557 = EDGE_CURVE ( 'NONE', #5104, #4061, #6106, .T. ) ;
#5558 = ORIENTED_EDGE ( 'NONE', *, *, #1972, .T. ) ;
#5559 = LINE ( 'NONE', #1779, #1681 ) ;
#5560 = ORIENTED_EDGE ( 'NONE', *, *, #2644, .F. ) ;
#5561 = COLOUR_RGB ( '',0.8313725490196077761, 0.6705882352941175961, 0.1294117647058823373 ) ;
#5562 = CARTESIAN_POINT ( 'NONE',  ( 4.930000000000001492, -3.000000000000000000, 0.3499999999999998113 ) ) ;
#5563 = CARTESIAN_POINT ( 'NONE',  ( 0.4999999999999985012, 6.299999999999999822, 0.3499999999999999778 ) ) ;
#5564 = VECTOR ( 'NONE', #3834, 1000.000000000000000 ) ;
#5565 = CARTESIAN_POINT ( 'NONE',  ( 3.206266211150818890, 6.298959448224888291, 0.3499999999999999223 ) ) ;
#5566 = CARTESIAN_POINT ( 'NONE',  ( 10.66000000000000014, 6.299999999999999822, 0.3499999999999996447 ) ) ;
#5567 = CARTESIAN_POINT ( 'NONE',  ( 2.590000000000000302, 8.026794919243112503, 0.04999999999999996808 ) ) ;
#5568 = VECTOR ( 'NONE', #3401, 1000.000000000000000 ) ;
#5569 = CARTESIAN_POINT ( 'NONE',  ( 8.253148314883512526, 6.299478870653065776, -0.3500000000000003664 ) ) ;
#5570 = ORIENTED_EDGE ( 'NONE', *, *, #3787, .F. ) ;
#5571 = UNCERTAINTY_MEASURE_WITH_UNIT (LENGTH_MEASURE( 1.000000000000000082E-05 ), #4040, 'distance_accuracy_value', 'NONE');
#5572 = PRESENTATION_LAYER_ASSIGNMENT (  '', '', ( #8205 ) ) ;
#5573 = ORIENTED_EDGE ( 'NONE', *, *, #2407, .F. ) ;
#5574 = CARTESIAN_POINT ( 'NONE',  ( 4.080000000000000071, 6.500000000000000888, -0.3500000000000010880 ) ) ;
#5575 =( GEOMETRIC_REPRESENTATION_CONTEXT ( 3 ) GLOBAL_UNCERTAINTY_ASSIGNED_CONTEXT ( ( #8111 ) ) GLOBAL_UNIT_ASSIGNED_CONTEXT ( ( #1400, #1444, #3609 ) ) REPRESENTATION_CONTEXT ( 'NONE', 'WORKASPACE' ) );
#5576 = CARTESIAN_POINT ( 'NONE',  ( 6.673913198591398199, 4.056300144720211165, -0.3500000000000003664 ) ) ;
#5577 = PRESENTATION_LAYER_ASSIGNMENT (  '', '', ( #6339 ) ) ;
#5578 = CARTESIAN_POINT ( 'NONE',  ( 4.393245067392238745, 0.5000000000000002220, 0.6500000000000011324 ) ) ;
#5579 = CARTESIAN_POINT ( 'NONE',  ( 4.616643101092098078, 1.700000000000000400, 0.3499999999999997558 ) ) ;
#5580 = ORIENTED_EDGE ( 'NONE', *, *, #8382, .F. ) ;
#5581 = AXIS2_PLACEMENT_3D ( 'NONE', #1245, #4101, #4055 ) ;
#5582 = AXIS2_PLACEMENT_3D ( 'NONE', #7818, #5786, #3498 ) ;
#5583 =( GEOMETRIC_REPRESENTATION_CONTEXT ( 3 ) GLOBAL_UNCERTAINTY_ASSIGNED_CONTEXT ( ( #953 ) ) GLOBAL_UNIT_ASSIGNED_CONTEXT ( ( #8940, #2211, #4520 ) ) REPRESENTATION_CONTEXT ( 'NONE', 'WORKASPACE' ) );
#5584 = DIRECTION ( 'NONE',  ( -0.6546536707079770867, 0.3779644730092273641, -0.6546536707079769757 ) ) ;
#5585 = ORIENTED_EDGE ( 'NONE', *, *, #9132, .F. ) ;
#5586 = VECTOR ( 'NONE', #966, 1000.000000000000000 ) ;
#5587 = CARTESIAN_POINT ( 'NONE',  ( 7.267475984454220495, 5.732672356334980179, 0.3499999999999997002 ) ) ;
#5588 = FILL_AREA_STYLE_COLOUR ( '', #2535 ) ;
#5589 = SURFACE_SIDE_STYLE ('',( #4862 ) ) ;
#5590 = SURFACE_SIDE_STYLE ('',( #3133 ) ) ;
#5591 = VECTOR ( 'NONE', #8584, 1000.000000000000114 ) ;
#5592 = CARTESIAN_POINT ( 'NONE',  ( 10.51000000000000156, -2.800000000000001155, -0.3500000000000003109 ) ) ;
#5593 = VERTEX_POINT ( 'NONE', #7602 ) ;
#5594 = CARTESIAN_POINT ( 'NONE',  ( -0.7860528864859843701, 5.783587059575309830, 0.3500000000000000333 ) ) ;
#5595 = PLANE ( 'NONE',  #5582 ) ;
#5596 = SURFACE_STYLE_USAGE ( .BOTH. , #4961 ) ;
#5597 = CARTESIAN_POINT ( 'NONE',  ( 4.239611261228811934, 5.398486016527557219, 0.3499999999999998113 ) ) ;
#5598 = ORIENTED_EDGE ( 'NONE', *, *, #3081, .T. ) ;
#5599 = COLOUR_RGB ( '',0.8313725490196077761, 0.6705882352941175961, 0.1294117647058823373 ) ;
#5600 = AXIS2_PLACEMENT_3D ( 'NONE', #2432, #4236, #7826 ) ;
#5601 = VERTEX_POINT ( 'NONE', #2397 ) ;
#5602 = FILL_AREA_STYLE ('',( #4646 ) ) ;
#5603 = PLANE ( 'NONE',  #9155 ) ;
#5604 = SURFACE_STYLE_FILL_AREA ( #1770 ) ;
#5605 = FACE_OUTER_BOUND ( 'NONE', #6841, .T. ) ;
#5606 = MECHANICAL_DESIGN_GEOMETRIC_PRESENTATION_REPRESENTATION (  '', ( #7149 ), #3121 ) ;
#5607 = CARTESIAN_POINT ( 'NONE',  ( 2.189999999999999947, 8.000000000000000000, 0.3499999999999999778 ) ) ;
#5608 = CARTESIAN_POINT ( 'NONE',  ( 0.3500000000000008105, 1.084202172485506745E-17, 0.3499999999999999778 ) ) ;
#5609 = FILL_AREA_STYLE ('',( #8715 ) ) ;
#5610 = PRESENTATION_STYLE_ASSIGNMENT (( #252 ) ) ;
#5611 = VERTEX_POINT ( 'NONE', #812 ) ;
#5612 = DIRECTION ( 'NONE',  ( 0.000000000000000000, 1.668003342285388099E-16, 1.000000000000000000 ) ) ;
#5613 = AXIS2_PLACEMENT_3D ( 'NONE', #5213, #7310, #4398 ) ;
#5614 = ORIENTED_EDGE ( 'NONE', *, *, #3445, .F. ) ;
#5615 = DIRECTION ( 'NONE',  ( 0.000000000000000000, -1.000000000000000000, 1.668003342285391551E-16 ) ) ;
#5616 =( BOUNDED_SURFACE ( )  B_SPLINE_SURFACE ( 2, 3, ( 
 ( #4042, #1772, #7148, #1877 ),
 ( #343, #297, #7733, #4879 ),
 ( #4772, #3359, #9305, #4920 ) ),
 .UNSPECIFIED., .F., .F., .F. ) 
 B_SPLINE_SURFACE_WITH_KNOTS ( ( 3, 3 ),
 ( 4, 4 ),
 ( 0.000000000000000000, 1.000000000000000000 ),
 ( -3.500000000000000371E-05, 0.0007349999999999999763 ),
 .UNSPECIFIED. ) 
 GEOMETRIC_REPRESENTATION_ITEM ( )  RATIONAL_B_SPLINE_SURFACE ( (
 ( 1.000000000000000000, 1.000000000000000000, 1.000000000000000000, 1.000000000000000000),
 ( 0.7071067811865475727, 0.7071067811865475727, 0.7071067811865475727, 0.7071067811865475727),
 ( 1.000000000000000000, 1.000000000000000000, 1.000000000000000000, 1.000000000000000000) ) ) 
 REPRESENTATION_ITEM ( '' )  SURFACE ( )  );
#5617 = CARTESIAN_POINT ( 'NONE',  ( 8.620000000000000995, 0.8000000000000007105, 0.3499999999999997002 ) ) ;
#5618 = CARTESIAN_POINT ( 'NONE',  ( 3.401575734891618907, 5.204467366490783675, 0.3499999999999999778 ) ) ;
#5619 = ORIENTED_EDGE ( 'NONE', *, *, #2063, .F. ) ;
#5620 = ORIENTED_EDGE ( 'NONE', *, *, #5715, .T. ) ;
#5621 = LINE ( 'NONE', #2663, #5591 ) ;
#5622 = MECHANICAL_DESIGN_GEOMETRIC_PRESENTATION_REPRESENTATION (  '', ( #5471 ), #7946 ) ;
#5623 = CARTESIAN_POINT ( 'NONE',  ( 6.620000000000000995, 2.207665535523969158, -0.3500000000000003109 ) ) ;
#5624 = PRESENTATION_STYLE_ASSIGNMENT (( #9279 ) ) ;
#5625 = ORIENTED_EDGE ( 'NONE', *, *, #3341, .T. ) ;
#5626 = CARTESIAN_POINT ( 'NONE',  ( 3.417528552431158495, 5.050332720359886451, -0.3500000000000000888 ) ) ;
#5627 = CARTESIAN_POINT ( 'NONE',  ( 4.080000000000000959, -1.121588454295348794E-16, -0.3500000000000001443 ) ) ;
#5628 = ORIENTED_EDGE ( 'NONE', *, *, #6428, .T. ) ;
#5629 =( GEOMETRIC_REPRESENTATION_CONTEXT ( 3 ) GLOBAL_UNCERTAINTY_ASSIGNED_CONTEXT ( ( #7336 ) ) GLOBAL_UNIT_ASSIGNED_CONTEXT ( ( #7923, #2828, #593 ) ) REPRESENTATION_CONTEXT ( 'NONE', 'WORKASPACE' ) );
#5630 = EDGE_CURVE ( 'NONE', #3503, #2146, #911, .T. ) ;
#5631 = DIRECTION ( 'NONE',  ( 0.000000000000000000, 3.097720492815727166E-16, 1.000000000000000000 ) ) ;
#5632 =( NAMED_UNIT ( * ) SI_UNIT ( $, .STERADIAN. ) SOLID_ANGLE_UNIT ( ) );
#5633 = LINE ( 'NONE', #281, #8909 ) ;
#5634 =( NAMED_UNIT ( * ) PLANE_ANGLE_UNIT ( ) SI_UNIT ( $, .RADIAN. ) );
#5635 = EDGE_CURVE ( 'NONE', #1761, #253, #4645, .T. ) ;
#5636 = SURFACE_SIDE_STYLE ('',( #8600 ) ) ;
#5637 = EDGE_CURVE ( 'NONE', #4180, #1917, #1644, .T. ) ;
#5638 = ORIENTED_EDGE ( 'NONE', *, *, #6430, .T. ) ;
#5639 = VECTOR ( 'NONE', #7624, 1000.000000000000000 ) ;
#5640 = DIRECTION ( 'NONE',  ( -1.000000000000000000, 0.000000000000000000, 0.000000000000000000 ) ) ;
#5641 = CARTESIAN_POINT ( 'NONE',  ( 10.66000000000000014, 6.299999999999999822, 0.3499999999999996447 ) ) ;
#5642 = CARTESIAN_POINT ( 'NONE',  ( 4.296229430279611350, 5.796998266909029418, 0.3499999999999998668 ) ) ;
#5643 = VERTEX_POINT ( 'NONE', #9031 ) ;
#5644 = ORIENTED_EDGE ( 'NONE', *, *, #173, .F. ) ;
#5645 = DIRECTION ( 'NONE',  ( -0.000000000000000000, -0.000000000000000000, -1.000000000000000000 ) ) ;
#5646 = CARTESIAN_POINT ( 'NONE',  ( 2.187475984454220423, 5.732672356334980179, -0.3500000000000000888 ) ) ;
#5647 =( LENGTH_UNIT ( ) NAMED_UNIT ( * ) SI_UNIT ( .MILLI., .METRE. ) );
#5648 = DIRECTION ( 'NONE',  ( 0.000000000000000000, 1.000000000000000000, -1.668003342285391551E-16 ) ) ;
#5649 = VECTOR ( 'NONE', #9677, 1000.000000000000000 ) ;
#5650 = DIRECTION ( 'NONE',  ( -1.000000000000000000, 0.000000000000000000, 0.000000000000000000 ) ) ;
#5651 = PLANE ( 'NONE',  #6956 ) ;
#5652 = ORIENTED_EDGE ( 'NONE', *, *, #560, .T. ) ;
#5653 = ADVANCED_FACE ( 'NONE', ( #6868 ), #2351, .F. ) ;
#5654 = DIRECTION ( 'NONE',  ( 0.000000000000000000, 0.000000000000000000, -1.000000000000000000 ) ) ;
#5655 = EDGE_CURVE ( 'NONE', #2129, #9594, #329, .T. ) ;
#5656 = ORIENTED_EDGE ( 'NONE', *, *, #4627, .F. ) ;
#5657 = LINE ( 'NONE', #1982, #2297 ) ;
#5658 =( NAMED_UNIT ( * ) PLANE_ANGLE_UNIT ( ) SI_UNIT ( $, .RADIAN. ) );
#5659 = DIRECTION ( 'NONE',  ( 1.000000000000000000, 0.000000000000000000, 0.000000000000000000 ) ) ;
#5660 = LINE ( 'NONE', #7206, #3377 ) ;
#5661 = CARTESIAN_POINT ( 'NONE',  ( 8.475690189165920430, 5.260692584315792786, -0.3500000000000002554 ) ) ;
#5662 = ORIENTED_EDGE ( 'NONE', *, *, #9447, .F. ) ;
#5663 = EDGE_CURVE ( 'NONE', #4996, #2968, #9388, .T. ) ;
#5664 = EDGE_LOOP ( 'NONE', ( #4656, #5039, #9340, #9079 ) ) ;
#5665 = CARTESIAN_POINT ( 'NONE',  ( 7.972524015545777942, 5.732672356334978403, -0.3500000000000002554 ) ) ;
#5666 = EDGE_CURVE ( 'NONE', #4116, #3471, #4600, .T. ) ;
#5667 =( BOUNDED_SURFACE ( )  B_SPLINE_SURFACE ( 2, 3, ( 
 ( #4024, #3342, #1117, #3203 ),
 ( #1072, #4759, #7858, #327 ),
 ( #4124, #8595, #4810, #3392 ) ),
 .UNSPECIFIED., .F., .F., .F. ) 
 B_SPLINE_SURFACE_WITH_KNOTS ( ( 3, 3 ),
 ( 4, 4 ),
 ( 0.000000000000000000, 1.000000000000000000 ),
 ( -3.500000000000000371E-05, 0.0007349999999999999763 ),
 .UNSPECIFIED. ) 
 GEOMETRIC_REPRESENTATION_ITEM ( )  RATIONAL_B_SPLINE_SURFACE ( (
 ( 1.000000000000000000, 1.000000000000000000, 1.000000000000000000, 1.000000000000000000),
 ( 0.7071067811865475727, 0.7071067811865475727, 0.7071067811865475727, 0.7071067811865475727),
 ( 1.000000000000000000, 1.000000000000000000, 1.000000000000000000, 1.000000000000000000) ) ) 
 REPRESENTATION_ITEM ( '' )  SURFACE ( )  );
#5668 = DIRECTION ( 'NONE',  ( 1.000000000000000000, 0.000000000000000000, 0.000000000000000000 ) ) ;
#5669 = FILL_AREA_STYLE ('',( #1260 ) ) ;
#5670 = ORIENTED_EDGE ( 'NONE', *, *, #9447, .T. ) ;
#5671 = DIRECTION ( 'NONE',  ( 1.000000000000000000, 0.000000000000000000, 0.000000000000000000 ) ) ;
#5672 = CARTESIAN_POINT ( 'NONE',  ( 7.294744180118195587, 5.589454083063165157, 0.3499999999999997002 ) ) ;
#5673 = STYLED_ITEM ( 'NONE', ( #2492 ), #51 ) ;
#5674 = CARTESIAN_POINT ( 'NONE',  ( 4.729999999999999538, 8.000000000000000000, 0.3499999999999999778 ) ) ;
#5675 = ORIENTED_EDGE ( 'NONE', *, *, #5720, .T. ) ;
#5676 = CARTESIAN_POINT ( 'NONE',  ( -0.3500000000000000333, 8.200000000000001066, -0.3499999999999999778 ) ) ;
#5677 = CARTESIAN_POINT ( 'NONE',  ( 0.9488971023511131309, 4.001162287970013054, 0.3499999999999999223 ) ) ;
#5678 = PLANE ( 'NONE',  #8083 ) ;
#5679 = ORIENTED_EDGE ( 'NONE', *, *, #5871, .F. ) ;
#5680 =( NAMED_UNIT ( * ) SI_UNIT ( $, .STERADIAN. ) SOLID_ANGLE_UNIT ( ) );
#5681 = ADVANCED_FACE ( 'NONE', ( #1272 ), #6452, .F. ) ;
#5682 = DIRECTION ( 'NONE',  ( 1.000000000000000000, 0.000000000000000000, 0.000000000000000000 ) ) ;
#5683 = DIRECTION ( 'NONE',  ( -1.000000000000000000, -0.000000000000000000, -0.000000000000000000 ) ) ;
#5684 = CARTESIAN_POINT ( 'NONE',  ( -0.4481930454221424998, 5.884855341312110077, -0.3499999999999999223 ) ) ;
#5685 = ORIENTED_EDGE ( 'NONE', *, *, #3518, .F. ) ;
#5686 =( GEOMETRIC_REPRESENTATION_CONTEXT ( 3 ) GLOBAL_UNCERTAINTY_ASSIGNED_CONTEXT ( ( #5315 ) ) GLOBAL_UNIT_ASSIGNED_CONTEXT ( ( #1067, #323, #9131 ) ) REPRESENTATION_CONTEXT ( 'NONE', 'WORKASPACE' ) );
#5687 = ORIENTED_EDGE ( 'NONE', *, *, #9485, .F. ) ;
#5688 = CARTESIAN_POINT ( 'NONE',  ( 0.000000000000000000, -3.000000000000000000, -0.3499999999999999778 ) ) ;
#5689 = CARTESIAN_POINT ( 'NONE',  ( 4.393245067392238745, 10.39117142264903570, 0.6499999999999995781 ) ) ;
#5690 = VECTOR ( 'NONE', #8686, 1000.000000000000000 ) ;
#5691 = EDGE_CURVE ( 'NONE', #870, #7879, #1172, .T. ) ;
#5692 = CARTESIAN_POINT ( 'NONE',  ( 3.540000000000001368, 6.299999999999999822, 0.3849999999999998979 ) ) ;
#5693 = LINE ( 'NONE', #8657, #5746 ) ;
#5694 = EDGE_CURVE ( 'NONE', #8189, #2927, #6502, .T. ) ;
#5695 = EDGE_CURVE ( 'NONE', #5868, #7000, #2020, .T. ) ;
#5696 = CYLINDRICAL_SURFACE ( 'NONE', #4787, 0.2999999999999999334 ) ;
#5697 = FACE_OUTER_BOUND ( 'NONE', #9085, .T. ) ;
#5698 = ORIENTED_EDGE ( 'NONE', *, *, #4703, .F. ) ;
#5699 = ORIENTED_EDGE ( 'NONE', *, *, #4955, .F. ) ;
#5700 = PLANE ( 'NONE',  #4356 ) ;
#5701 = CARTESIAN_POINT ( 'NONE',  ( 0.4999999999999985012, 6.084152315493285279, 0.3500000000000000333 ) ) ;
#5702 = VECTOR ( 'NONE', #5960, 1000.000000000000000 ) ;
#5703 = CARTESIAN_POINT ( 'NONE',  ( 1.540000000000000480, 1.800000000000000488, -0.3500000000000000888 ) ) ;
#5704 = EDGE_CURVE ( 'NONE', #3085, #6113, #8772, .T. ) ;
#5705 = CARTESIAN_POINT ( 'NONE',  ( 5.401845733883980039, 5.626229152235330488, -0.3500000000000001443 ) ) ;
#5706 = DIRECTION ( 'NONE',  ( -1.000000000000000000, -0.000000000000000000, -0.000000000000000000 ) ) ;
#5707 = CARTESIAN_POINT ( 'NONE',  ( 8.403770569720398598, 5.796998266909026754, -0.3500000000000003664 ) ) ;
#5708 = VERTEX_POINT ( 'NONE', #7330 ) ;
#5709 = AXIS2_PLACEMENT_3D ( 'NONE', #2256, #5227, #5923 ) ;
#5710 = ORIENTED_EDGE ( 'NONE', *, *, #8347, .F. ) ;
#5711 = DIRECTION ( 'NONE',  ( -0.000000000000000000, -3.097720492815727166E-16, -1.000000000000000000 ) ) ;
#5712 = SURFACE_STYLE_USAGE ( .BOTH. , #4851 ) ;
#5713 = ORIENTED_EDGE ( 'NONE', *, *, #7469, .T. ) ;
#5714 = DIRECTION ( 'NONE',  ( -0.000000000000000000, -1.000000000000000000, 1.668003342285392044E-16 ) ) ;
#5715 = EDGE_CURVE ( 'NONE', #3526, #7275, #9573, .T. ) ;
#5716 = PRESENTATION_LAYER_ASSIGNMENT (  '', '', ( #706 ) ) ;
#5717 = SURFACE_STYLE_USAGE ( .BOTH. , #423 ) ;
#5718 = STYLED_ITEM ( 'NONE', ( #7247 ), #3280 ) ;
#5719 = ADVANCED_FACE ( 'NONE', ( #2260 ), #3730, .F. ) ;
#5720 = EDGE_CURVE ( 'NONE', #1917, #2820, #626, .T. ) ;
#5721 = DIRECTION ( 'NONE',  ( 1.000000000000000000, 1.301042606982605479E-14, 0.000000000000000000 ) ) ;
#5722 = ORIENTED_EDGE ( 'NONE', *, *, #7964, .T. ) ;
#5723 = LINE ( 'NONE', #8691, #6814 ) ;
#5724 = DIRECTION ( 'NONE',  ( -3.097720492815726426E-17, 1.000000000000000000, 0.000000000000000000 ) ) ;
#5725 =( GEOMETRIC_REPRESENTATION_CONTEXT ( 3 ) GLOBAL_UNCERTAINTY_ASSIGNED_CONTEXT ( ( #8110 ) ) GLOBAL_UNIT_ASSIGNED_CONTEXT ( ( #6110, #2598, #2548 ) ) REPRESENTATION_CONTEXT ( 'NONE', 'WORKASPACE' ) );
#5726 = DIRECTION ( 'NONE',  ( -0.000000000000000000, -1.000000000000000000, 1.668003342285391551E-16 ) ) ;
#5727 = COLOUR_RGB ( '',0.8313725490196077761, 0.6705882352941175961, 0.1294117647058823373 ) ;
#5728 =( NAMED_UNIT ( * ) SI_UNIT ( $, .STERADIAN. ) SOLID_ANGLE_UNIT ( ) );
#5729 = ORIENTED_EDGE ( 'NONE', *, *, #3106, .F. ) ;
#5730 = DIRECTION ( 'NONE',  ( -0.000000000000000000, 0.000000000000000000, 1.000000000000000000 ) ) ;
#5731 = CARTESIAN_POINT ( 'NONE',  ( 6.620000000000000995, -1.121588454295348794E-16, -0.3500000000000002554 ) ) ;
#5732 = MECHANICAL_DESIGN_GEOMETRIC_PRESENTATION_REPRESENTATION (  '', ( #9316 ), #9268 ) ;
#5733 = FACE_OUTER_BOUND ( 'NONE', #7153, .T. ) ;
#5734 = MECHANICAL_DESIGN_GEOMETRIC_PRESENTATION_REPRESENTATION (  '', ( #4507 ), #3561 ) ;
#5735 = CARTESIAN_POINT ( 'NONE',  ( 5.130000000000000782, 8.026794919243112503, 0.04999999999999958644 ) ) ;
#5736 = VERTEX_POINT ( 'NONE', #777 ) ;
#5737 = ORIENTED_EDGE ( 'NONE', *, *, #7905, .F. ) ;
#5738 = CARTESIAN_POINT ( 'NONE',  ( 4.480000000000001315, 6.299999999999999822, 0.1166666666666664187 ) ) ;
#5739 = STYLED_ITEM ( 'NONE', ( #4469 ), #6463 ) ;
#5740 = CARTESIAN_POINT ( 'NONE',  ( 2.187475984454220423, 5.732672356334980179, 0.3499999999999998668 ) ) ;
#5741 = DIRECTION ( 'NONE',  ( 1.000000000000000000, -8.673617379884051249E-15, 0.000000000000000000 ) ) ;
#5742 = LINE ( 'NONE', #5158, #4608 ) ;
#5743 = DIRECTION ( 'NONE',  ( 1.084202172485504434E-16, -1.000000000000000000, 0.000000000000000000 ) ) ;
#5744 = VECTOR ( 'NONE', #9374, 1000.000000000000000 ) ;
#5745 = FACE_OUTER_BOUND ( 'NONE', #5765, .T. ) ;
#5746 = VECTOR ( 'NONE', #6280, 1000.000000000000000 ) ;
#5747 = FILL_AREA_STYLE ('',( #2695 ) ) ;
#5748 = EDGE_LOOP ( 'NONE', ( #7919, #5766, #6757, #114 ) ) ;
#5749 = UNCERTAINTY_MEASURE_WITH_UNIT (LENGTH_MEASURE( 1.000000000000000082E-05 ), #4317, 'distance_accuracy_value', 'NONE');
#5750 = CARTESIAN_POINT ( 'NONE',  ( 1.000000000000000000, 0.5000000000000000000, -0.3500000000000000888 ) ) ;
#5751 = ORIENTED_EDGE ( 'NONE', *, *, #3083, .T. ) ;
#5752 = VECTOR ( 'NONE', #4611, 1000.000000000000000 ) ;
#5753 = EDGE_CURVE ( 'NONE', #2227, #1456, #2455, .T. ) ;
#5754 = COLOUR_RGB ( '',0.8313725490196077761, 0.6705882352941175961, 0.1294117647058823373 ) ;
#5755 = PLANE ( 'NONE',  #3243 ) ;
#5756 = DIRECTION ( 'NONE',  ( 0.000000000000000000, -0.000000000000000000, -1.000000000000000000 ) ) ;
#5757 = CARTESIAN_POINT ( 'NONE',  ( 9.810000000000000497, 8.000000000000000000, 0.3499999999999999778 ) ) ;
#5758 = ADVANCED_FACE ( 'NONE', ( #8799 ), #3049, .T. ) ;
#5759 = EDGE_CURVE ( 'NONE', #8306, #8545, #5145, .T. ) ;
#5760 = CARTESIAN_POINT ( 'NONE',  ( 7.098154266116019961, 5.626229152235333153, 0.3499999999999997002 ) ) ;
#5761 = LINE ( 'NONE', #4200, #4757 ) ;
#5762 = DIRECTION ( 'NONE',  ( -1.000000000000000000, 0.000000000000000000, 0.000000000000000000 ) ) ;
#5763 =( NAMED_UNIT ( * ) PLANE_ANGLE_UNIT ( ) SI_UNIT ( $, .RADIAN. ) );
#5764 = CARTESIAN_POINT ( 'NONE',  ( 0.7851402509197669133, 5.788964205960195564, -0.3499999999999999778 ) ) ;
#5765 = EDGE_LOOP ( 'NONE', ( #2868, #8639, #3986, #172 ) ) ;
#5766 = ORIENTED_EDGE ( 'NONE', *, *, #7212, .F. ) ;
#5767 = DIRECTION ( 'NONE',  ( 0.000000000000000000, -0.000000000000000000, -1.000000000000000000 ) ) ;
#5768 = VECTOR ( 'NONE', #2982, 1000.000000000000000 ) ;
#5769 =( LENGTH_UNIT ( ) NAMED_UNIT ( * ) SI_UNIT ( .MILLI., .METRE. ) );
#5770 = ORIENTED_EDGE ( 'NONE', *, *, #1725, .T. ) ;
#5771 = LINE ( 'NONE', #470, #355 ) ;
#5772 = SURFACE_STYLE_USAGE ( .BOTH. , #4949 ) ;
#5773 = VERTEX_POINT ( 'NONE', #8904 ) ;
#5774 = VECTOR ( 'NONE', #4658, 1000.000000000000000 ) ;
#5775 =( NAMED_UNIT ( * ) PLANE_ANGLE_UNIT ( ) SI_UNIT ( $, .RADIAN. ) );
#5776 = EDGE_CURVE ( 'NONE', #8920, #1106, #8152, .T. ) ;
#5777 = CARTESIAN_POINT ( 'NONE',  ( 4.080000000000000071, 6.500000000000000888, -0.3500000000000010880 ) ) ;
#5778 = ADVANCED_FACE ( 'NONE', ( #4471 ), #7420, .F. ) ;
#5779 = CARTESIAN_POINT ( 'NONE',  ( 0.9455177966741296069, 4.067306563708456224, 0.3500000000000000333 ) ) ;
#5780 = LINE ( 'NONE', #5875, #4528 ) ;
#5781 = EDGE_CURVE ( 'NONE', #8094, #3964, #7704, .T. ) ;
#5782 = CARTESIAN_POINT ( 'NONE',  ( 9.160000000000001918, 0.5000000000000002220, 0.3499999999999998668 ) ) ;
#5783 = VERTEX_POINT ( 'NONE', #5750 ) ;
#5784 = CARTESIAN_POINT ( 'NONE',  ( -0.8775285524312824714, 5.050332720358726490, 0.3499999999999999778 ) ) ;
#5785 = COLOUR_RGB ( '',0.8313725490196077761, 0.6705882352941175961, 0.1294117647058823373 ) ;
#5786 = DIRECTION ( 'NONE',  ( 0.000000000000000000, -1.668003342285391551E-16, -1.000000000000000000 ) ) ;
#5787 = STYLED_ITEM ( 'NONE', ( #139 ), #8741 ) ;
#5788 = SURFACE_STYLE_USAGE ( .BOTH. , #5375 ) ;
#5789 =( BOUNDED_SURFACE ( )  B_SPLINE_SURFACE ( 3, 1, ( 
 ( #8774, #5027 ),
 ( #2131, #8134 ),
 ( #5955, #8722 ),
 ( #4345, #8181 ),
 ( #1490, #504 ),
 ( #1401, #4499 ),
 ( #4397, #6533 ) ),
 .UNSPECIFIED., .F., .F., .F. ) 
 B_SPLINE_SURFACE_WITH_KNOTS ( ( 4, 3, 4 ),
 ( 2, 2 ),
 ( 0.000000000000000000, 0.5000000000000000000, 1.000000000000000000 ),
 ( 0.000000000000000000, 1.000000000000000000 ),
 .UNSPECIFIED. ) 
 GEOMETRIC_REPRESENTATION_ITEM ( )  RATIONAL_B_SPLINE_SURFACE ( (
 ( 1.000000000000000000, 1.000000000000000000),
 ( 0.5953481791230080811, 0.5953481791230080811),
 ( 0.5953481791230080811, 0.5953481791230080811),
 ( 1.000000000000000000, 1.000000000000000000),
 ( 0.5953481791230080811, 0.5953481791230080811),
 ( 0.5953481791230080811, 0.5953481791230080811),
 ( 1.000000000000000000, 1.000000000000000000) ) ) 
 REPRESENTATION_ITEM ( '' )  SURFACE ( )  );
#5790 = DIRECTION ( 'NONE',  ( 0.000000000000000000, -1.000000000000000000, 1.668003342285391551E-16 ) ) ;
#5791 = VERTEX_POINT ( 'NONE', #4882 ) ;
#5792 = VERTEX_POINT ( 'NONE', #1199 ) ;
#5793 = PLANE ( 'NONE',  #4812 ) ;
#5794 = DIRECTION ( 'NONE',  ( -0.000000000000000000, 0.000000000000000000, 1.000000000000000000 ) ) ;
#5795 = ADVANCED_FACE ( 'NONE', ( #6530 ), #9501, .T. ) ;
#5796 = FACE_OUTER_BOUND ( 'NONE', #917, .T. ) ;
#5797 = CARTESIAN_POINT ( 'NONE',  ( -0.8696152422706630025, 8.500000000000000000, -0.8696152422706630025 ) ) ;
#5798 = FILL_AREA_STYLE_COLOUR ( '', #1052 ) ;
#5799 = FACE_OUTER_BOUND ( 'NONE', #350, .T. ) ;
#5800 =( NAMED_UNIT ( * ) SI_UNIT ( $, .STERADIAN. ) SOLID_ANGLE_UNIT ( ) );
#5801 = CARTESIAN_POINT ( 'NONE',  ( 9.160000000000001918, 6.500000000000000888, -0.3500000000000010880 ) ) ;
#5802 = VECTOR ( 'NONE', #3631, 1000.000000000000114 ) ;
#5803 = ORIENTED_EDGE ( 'NONE', *, *, #4264, .F. ) ;
#5804 = VERTEX_POINT ( 'NONE', #8718 ) ;
#5805 = DIRECTION ( 'NONE',  ( 0.000000000000000000, 0.000000000000000000, -1.000000000000000000 ) ) ;
#5806 = VECTOR ( 'NONE', #447, 1000.000000000000000 ) ;
#5807 = CARTESIAN_POINT ( 'NONE',  ( 9.271150453949026371, 4.917640708295714980, -0.3500000000000003664 ) ) ;
#5808 = DIRECTION ( 'NONE',  ( -1.000000000000000000, 0.000000000000000000, 0.000000000000000000 ) ) ;
#5809 = CARTESIAN_POINT ( 'NONE',  ( 1.940000000000000613, 6.299999999999999822, -0.1166666666666668489 ) ) ;
#5810 = DIRECTION ( 'NONE',  ( 0.000000000000000000, 0.000000000000000000, 1.000000000000000000 ) ) ;
#5811 =( LENGTH_UNIT ( ) NAMED_UNIT ( * ) SI_UNIT ( .MILLI., .METRE. ) );
#5812 = CARTESIAN_POINT ( 'NONE',  ( 0.8775285524311584595, 5.050332720359886451, -0.3500000000000000333 ) ) ;
#5813 = ORIENTED_EDGE ( 'NONE', *, *, #8320, .T. ) ;
#5814 = ORIENTED_EDGE ( 'NONE', *, *, #1617, .T. ) ;
#5815 = EDGE_CURVE ( 'NONE', #7252, #8498, #604, .T. ) ;
#5816 = CARTESIAN_POINT ( 'NONE',  ( 10.66000000000000014, 6.299999999999999822, 0.3499999999999996447 ) ) ;
#5817 = ADVANCED_FACE ( 'NONE', ( #3470 ), #4244, .F. ) ;
#5818 = CARTESIAN_POINT ( 'NONE',  ( 6.891497947711103578, 6.125528511109506802, -0.3500000000000001443 ) ) ;
#5819 = CARTESIAN_POINT ( 'NONE',  ( 5.432524015545779683, 5.732672356334978403, 0.3499999999999998113 ) ) ;
#5820 = ORIENTED_EDGE ( 'NONE', *, *, #2172, .T. ) ;
#5821 = LINE ( 'NONE', #2900, #5690 ) ;
#5822 = DIRECTION ( 'NONE',  ( 1.000000000000000000, -0.000000000000000000, 0.000000000000000000 ) ) ;
#5823 = VERTEX_POINT ( 'NONE', #6574 ) ;
#5824 = EDGE_CURVE ( 'NONE', #3526, #126, #8770, .T. ) ;
#5825 = CARTESIAN_POINT ( 'NONE',  ( 10.51000000000000156, -2.800000000000001155, 0.3499999999999996447 ) ) ;
#5826 = CARTESIAN_POINT ( 'NONE',  ( 2.890000000000000124, 0.000000000000000000, -0.3500000000000000333 ) ) ;
#5827 = SURFACE_STYLE_FILL_AREA ( #1374 ) ;
#5828 = VERTEX_POINT ( 'NONE', #1145 ) ;
#5829 = PLANE ( 'NONE',  #7384 ) ;
#5830 = EDGE_CURVE ( 'NONE', #7164, #7544, #958, .T. ) ;
#5831 = CARTESIAN_POINT ( 'NONE',  ( -0.9931181789594337728, 2.798202530627314832, -0.3499999999999998668 ) ) ;
#5832 = DIRECTION ( 'NONE',  ( -1.000000000000000000, -3.097720492815726426E-17, 0.000000000000000000 ) ) ;
#5833 = CARTESIAN_POINT ( 'NONE',  ( 2.890000000000000124, 8.000000000000000000, -0.3500000000000000333 ) ) ;
#5834 = ORIENTED_EDGE ( 'NONE', *, *, #494, .T. ) ;
#5835 = VECTOR ( 'NONE', #8321, 1000.000000000000000 ) ;
#5836 = UNCERTAINTY_MEASURE_WITH_UNIT (LENGTH_MEASURE( 1.000000000000000082E-05 ), #8093, 'distance_accuracy_value', 'NONE');
#5837 = VERTEX_POINT ( 'NONE', #499 ) ;
#5838 = CARTESIAN_POINT ( 'NONE',  ( 9.696643101092098149, 1.700000000000000400, 0.3499999999999996447 ) ) ;
#5839 = DIRECTION ( 'NONE',  ( 3.097720492815726426E-17, -1.000000000000000000, 0.000000000000000000 ) ) ;
#5840 = DIRECTION ( 'NONE',  ( 0.000000000000000000, -0.000000000000000000, -1.000000000000000000 ) ) ;
#5841 = ADVANCED_FACE ( 'NONE', ( #7102 ), #3514, .F. ) ;
#5842 = CARTESIAN_POINT ( 'NONE',  ( 11.15311817895943314, 2.798202530626828999, 0.3499999999999996447 ) ) ;
#5843 =( BOUNDED_SURFACE ( )  B_SPLINE_SURFACE ( 2, 3, ( 
 ( #2011, #3499, #3454, #1124 ),
 ( #9394, #7184, #5007, #4911 ),
 ( #7863, #2628, #9438, #2726 ) ),
 .UNSPECIFIED., .F., .F., .F. ) 
 B_SPLINE_SURFACE_WITH_KNOTS ( ( 3, 3 ),
 ( 4, 4 ),
 ( 0.000000000000000000, 1.000000000000000000 ),
 ( -3.500000000000000371E-05, 0.0007349999999999999763 ),
 .UNSPECIFIED. ) 
 GEOMETRIC_REPRESENTATION_ITEM ( )  RATIONAL_B_SPLINE_SURFACE ( (
 ( 1.000000000000000000, 1.000000000000000000, 1.000000000000000000, 1.000000000000000000),
 ( 0.7071067811865475727, 0.7071067811865475727, 0.7071067811865475727, 0.7071067811865475727),
 ( 1.000000000000000000, 1.000000000000000000, 1.000000000000000000, 1.000000000000000000) ) ) 
 REPRESENTATION_ITEM ( '' )  SURFACE ( )  );
#5844 = DIRECTION ( 'NONE',  ( 0.000000000000000000, 1.000000000000000000, -3.097720492815727166E-16 ) ) ;
#5845 = DIRECTION ( 'NONE',  ( -0.000000000000000000, 0.000000000000000000, 1.000000000000000000 ) ) ;
#5846 =( NAMED_UNIT ( * ) PLANE_ANGLE_UNIT ( ) SI_UNIT ( $, .RADIAN. ) );
#5847 = ORIENTED_EDGE ( 'NONE', *, *, #8130, .T. ) ;
#5848 = ORIENTED_EDGE ( 'NONE', *, *, #5481, .F. ) ;
#5849 = SURFACE_STYLE_FILL_AREA ( #9547 ) ;
#5850 = VECTOR ( 'NONE', #2068, 1000.000000000000000 ) ;
#5851 = ORIENTED_EDGE ( 'NONE', *, *, #3445, .T. ) ;
#5852 = LINE ( 'NONE', #7396, #1196 ) ;
#5853 = DIRECTION ( 'NONE',  ( -3.097720492815726426E-17, 1.000000000000000000, 0.000000000000000000 ) ) ;
#5854 = CARTESIAN_POINT ( 'NONE',  ( 10.84138015032141666, 6.233860305463102769, -0.3500000000000002554 ) ) ;
#5855 = DIRECTION ( 'NONE',  ( -0.000000000000000000, 0.000000000000000000, 1.000000000000000000 ) ) ;
#5856 = CARTESIAN_POINT ( 'NONE',  ( 6.620000000000000107, 6.299999999999999822, 0.3849999999999997313 ) ) ;
#5857 = CARTESIAN_POINT ( 'NONE',  ( 1.752878007498405610, 5.777242093666543177, -0.3500000000000000888 ) ) ;
#5858 = CARTESIAN_POINT ( 'NONE',  ( 1.000000000000000222, 2.615493535622417820, -0.3499999999999999778 ) ) ;
#5859 = ORIENTED_EDGE ( 'NONE', *, *, #1720, .F. ) ;
#5860 = ORIENTED_EDGE ( 'NONE', *, *, #1598, .F. ) ;
#5861 = FILL_AREA_STYLE_COLOUR ( '', #5439 ) ;
#5862 = CARTESIAN_POINT ( 'NONE',  ( 6.832878007498406348, 5.777242093666541400, -0.3500000000000003109 ) ) ;
#5863 = SURFACE_SIDE_STYLE ('',( #7320 ) ) ;
#5864 = ORIENTED_EDGE ( 'NONE', *, *, #6076, .F. ) ;
#5865 =( LENGTH_UNIT ( ) NAMED_UNIT ( * ) SI_UNIT ( .MILLI., .METRE. ) );
#5866 = PRESENTATION_LAYER_ASSIGNMENT (  '', '', ( #4483 ) ) ;
#5867 = CARTESIAN_POINT ( 'NONE',  ( 9.160000000000001918, 6.500000000000000888, 0.3499999999999989231 ) ) ;
#5868 = VERTEX_POINT ( 'NONE', #547 ) ;
#5869 = CARTESIAN_POINT ( 'NONE',  ( 4.080000000000000959, -1.121588454295348794E-16, 0.3499999999999998113 ) ) ;
#5870 = CARTESIAN_POINT ( 'NONE',  ( 8.306754932607761432, 0.5000000000000002220, 0.3499999999999998668 ) ) ;
#5871 = EDGE_CURVE ( 'NONE', #7000, #7468, #8641, .T. ) ;
#5872 =( NAMED_UNIT ( * ) SI_UNIT ( $, .STERADIAN. ) SOLID_ANGLE_UNIT ( ) );
#5873 = VECTOR ( 'NONE', #2735, 1000.000000000000000 ) ;
#5874 = STYLED_ITEM ( 'NONE', ( #4874 ), #6116 ) ;
#5875 = CARTESIAN_POINT ( 'NONE',  ( 0.9650000000000007461, -1.575000000000006173, 0.3499999999999998668 ) ) ;
#5876 = SURFACE_STYLE_USAGE ( .BOTH. , #821 ) ;
#5877 = ORIENTED_EDGE ( 'NONE', *, *, #6602, .T. ) ;
#5878 = CIRCLE ( 'NONE', #7727, 0.2999999999999999334 ) ;
#5879 = UNCERTAINTY_MEASURE_WITH_UNIT (LENGTH_MEASURE( 1.000000000000000082E-05 ), #7009, 'distance_accuracy_value', 'NONE');
#5880 = UNCERTAINTY_MEASURE_WITH_UNIT (LENGTH_MEASURE( 1.000000000000000082E-05 ), #9300, 'distance_accuracy_value', 'NONE');
#5881 = LINE ( 'NONE', #6025, #5113 ) ;
#5882 = LINE ( 'NONE', #3054, #929 ) ;
#5883 = ORIENTED_EDGE ( 'NONE', *, *, #6097, .F. ) ;
#5884 = ORIENTED_EDGE ( 'NONE', *, *, #4320, .T. ) ;
#5885 = COLOUR_RGB ( '',0.8313725490196077761, 0.6705882352941175961, 0.1294117647058823373 ) ;
#5886 = CARTESIAN_POINT ( 'NONE',  ( 0.5218457338839795900, 5.626229152235330488, -0.3499999999999999778 ) ) ;
#5887 = LINE ( 'NONE', #9636, #149 ) ;
#5888 = ADVANCED_FACE ( 'NONE', ( #2076 ), #76, .T. ) ;
#5889 = MECHANICAL_DESIGN_GEOMETRIC_PRESENTATION_REPRESENTATION (  '', ( #7117 ), #5575 ) ;
#5890 = ADVANCED_FACE ( 'NONE', ( #8177 ), #5210, .F. ) ;
#5891 = SURFACE_STYLE_FILL_AREA ( #3692 ) ;
#5892 = CARTESIAN_POINT ( 'NONE',  ( 3.540000000000000480, 1.800000000000000488, 0.1283333333333332438 ) ) ;
#5893 = DIRECTION ( 'NONE',  ( -1.000000000000000000, 0.000000000000000000, 0.000000000000000000 ) ) ;
#5894 = COLOUR_RGB ( '',0.8313725490196077761, 0.6705882352941175961, 0.1294117647058823373 ) ;
#5895 = CARTESIAN_POINT ( 'NONE',  ( 10.95248536631321912, 5.744802409713649638, 0.3499999999999996447 ) ) ;
#5896 = VECTOR ( 'NONE', #8732, 1000.000000000000000 ) ;
#5897 = COLOUR_RGB ( '',0.8313725490196077761, 0.6705882352941175961, 0.1294117647058823373 ) ;
#5898 = DIRECTION ( 'NONE',  ( 0.000000000000000000, 0.000000000000000000, -1.000000000000000000 ) ) ;
#5899 = ORIENTED_EDGE ( 'NONE', *, *, #6730, .T. ) ;
#5900 = VECTOR ( 'NONE', #2223, 1000.000000000000000 ) ;
#5901 = ORIENTED_EDGE ( 'NONE', *, *, #2108, .T. ) ;
#5902 = ORIENTED_EDGE ( 'NONE', *, *, #7322, .F. ) ;
#5903 = VECTOR ( 'NONE', #3917, 1000.000000000000000 ) ;
#5904 = B_SPLINE_CURVE_WITH_KNOTS ( 'NONE', 3,
 ( #2793, #5809, #2034, #7987 ),
 .UNSPECIFIED., .F., .F.,
 ( 4, 4 ),
 ( 0.000000000000000000, 1.000000000000000000 ),
 .UNSPECIFIED. ) ;
#5905 = EDGE_CURVE ( 'NONE', #4524, #6514, #7352, .T. ) ;
#5906 = CARTESIAN_POINT ( 'NONE',  ( 9.370396961982258688, 5.762359718947904774, -0.3500000000000003109 ) ) ;
#5907 = MECHANICAL_DESIGN_GEOMETRIC_PRESENTATION_REPRESENTATION (  '', ( #412 ), #1672 ) ;
#5908 = PRESENTATION_LAYER_ASSIGNMENT (  '', '', ( #6984 ) ) ;
#5909 = CARTESIAN_POINT ( 'NONE',  ( 7.294744180118195587, 5.589454083063166046, -0.3500000000000002554 ) ) ;
#5910 =( NAMED_UNIT ( * ) PLANE_ANGLE_UNIT ( ) SI_UNIT ( $, .RADIAN. ) );
#5911 = DIRECTION ( 'NONE',  ( -1.000000000000000000, 0.000000000000000000, 7.744301232039316681E-17 ) ) ;
#5912 = CARTESIAN_POINT ( 'NONE',  ( 10.51252401554577887, 5.732672356334977515, 0.3499999999999996447 ) ) ;
#5913 = EDGE_LOOP ( 'NONE', ( #291, #8155, #1742, #6994 ) ) ;
#5914 = VECTOR ( 'NONE', #7689, 1000.000000000000000 ) ;
#5915 = VERTEX_POINT ( 'NONE', #3655 ) ;
#5916 = SURFACE_STYLE_FILL_AREA ( #6630 ) ;
#5917 = CARTESIAN_POINT ( 'NONE',  ( 6.827514633686702972, 5.744802409713121172, -0.3500000000000002554 ) ) ;
#5918 = EDGE_CURVE ( 'NONE', #8306, #535, #5169, .T. ) ;
#5919 = CARTESIAN_POINT ( 'NONE',  ( 10.68184573388398029, 5.626229152235330488, 0.3499999999999996447 ) ) ;
#5920 = ORIENTED_EDGE ( 'NONE', *, *, #9541, .F. ) ;
#5921 = CARTESIAN_POINT ( 'NONE',  ( 9.711806954577857809, 5.884855341312109189, 0.3499999999999997002 ) ) ;
#5922 = AXIS2_PLACEMENT_3D ( 'NONE', #736, #7478, #6175 ) ;
#5923 = DIRECTION ( 'NONE',  ( -1.000000000000000000, 0.000000000000000000, 7.744301232039316681E-17 ) ) ;
#5924 = DIRECTION ( 'NONE',  ( -0.000000000000000000, 1.668003342285391551E-16, 1.000000000000000000 ) ) ;
#5925 = ORIENTED_EDGE ( 'NONE', *, *, #9107, .T. ) ;
#5926 = SURFACE_SIDE_STYLE ('',( #9617 ) ) ;
#5927 = VECTOR ( 'NONE', #7759, 1000.000000000000000 ) ;
#5928 = SURFACE_STYLE_USAGE ( .BOTH. , #2958 ) ;
#5929 = CARTESIAN_POINT ( 'NONE',  ( 7.120000000000000995, 6.084152315493286167, -0.3500000000000002554 ) ) ;
#5930 =( NAMED_UNIT ( * ) SI_UNIT ( $, .STERADIAN. ) SOLID_ANGLE_UNIT ( ) );
#5931 = ORIENTED_EDGE ( 'NONE', *, *, #4363, .T. ) ;
#5932 = CARTESIAN_POINT ( 'NONE',  ( 10.01000000000000156, -3.000000000000000000, 0.3499999999999996447 ) ) ;
#5933 = CARTESIAN_POINT ( 'NONE',  ( -0.5999999999999996447, 6.299999999999999822, -0.3499999999999999778 ) ) ;
#5934 = ORIENTED_EDGE ( 'NONE', *, *, #2238, .T. ) ;
#5935 = ORIENTED_EDGE ( 'NONE', *, *, #8298, .T. ) ;
#5936 = CARTESIAN_POINT ( 'NONE',  ( -0.3252558198818047974, 5.589454083063166046, -0.3499999999999999778 ) ) ;
#5937 = PRESENTATION_STYLE_ASSIGNMENT (( #9003 ) ) ;
#5938 = EDGE_CURVE ( 'NONE', #126, #5828, #1441, .T. ) ;
#5939 = EDGE_CURVE ( 'NONE', #1110, #3051, #6893, .T. ) ;
#5940 = SURFACE_STYLE_USAGE ( .BOTH. , #6466 ) ;
#5942 = VERTEX_POINT ( 'NONE', #8410 ) ;
#5941 = VECTOR ( 'NONE', #2460, 1000.000000000000000 ) ;
#5943 = DIRECTION ( 'NONE',  ( 1.000000000000000000, 0.000000000000000000, 0.000000000000000000 ) ) ;
#5944 = DIRECTION ( 'NONE',  ( -0.000000000000000000, -0.000000000000000000, -1.000000000000000000 ) ) ;
#5945 = UNCERTAINTY_MEASURE_WITH_UNIT (LENGTH_MEASURE( 1.000000000000000082E-05 ), #4115, 'distance_accuracy_value', 'NONE');
#5946 = DIRECTION ( 'NONE',  ( 0.000000000000000000, 0.000000000000000000, 1.000000000000000000 ) ) ;
#5947 =( NAMED_UNIT ( * ) PLANE_ANGLE_UNIT ( ) SI_UNIT ( $, .RADIAN. ) );
#5948 = VERTEX_POINT ( 'NONE', #8365 ) ;
#5949 = ORIENTED_EDGE ( 'NONE', *, *, #676, .T. ) ;
#5950 = SURFACE_STYLE_USAGE ( .BOTH. , #8823 ) ;
#5951 = COLOUR_RGB ( '',0.8313725490196077761, 0.6705882352941175961, 0.1294117647058823373 ) ;
#5952 = EDGE_CURVE ( 'NONE', #6353, #6850, #3988, .T. ) ;
#5953 = VERTEX_POINT ( 'NONE', #8508 ) ;
#5954 =( NAMED_UNIT ( * ) PLANE_ANGLE_UNIT ( ) SI_UNIT ( $, .RADIAN. ) );
#5955 = CARTESIAN_POINT ( 'NONE',  ( 4.616643101092098078, 1.700000000000002620, 0.3499999999999998668 ) ) ;
#5956 = DIRECTION ( 'NONE',  ( 0.000000000000000000, 0.000000000000000000, 1.000000000000000000 ) ) ;
#5957 = CARTESIAN_POINT ( 'NONE',  ( 11.03752855243116038, 5.050332720359885563, -0.3500000000000002554 ) ) ;
#5958 = VECTOR ( 'NONE', #1168, 1000.000000000000000 ) ;
#5960 = DIRECTION ( 'NONE',  ( 0.000000000000000000, -1.000000000000000000, 1.668003342285391797E-16 ) ) ;
#5959 = PRESENTATION_LAYER_ASSIGNMENT (  '', '', ( #9058 ) ) ;
#5961 = CARTESIAN_POINT ( 'NONE',  ( 0.000000000000000000, -3.000000000000000000, 0.3499999999999999778 ) ) ;
#5962 = EDGE_CURVE ( 'NONE', #3681, #3436, #6901, .T. ) ;
#5963 = SURFACE_SIDE_STYLE ('',( #613 ) ) ;
#5964 = ORIENTED_EDGE ( 'NONE', *, *, #9555, .T. ) ;
#5965 = FACE_OUTER_BOUND ( 'NONE', #5457, .T. ) ;
#5966 = ORIENTED_EDGE ( 'NONE', *, *, #3926, .T. ) ;
#5967 = EDGE_CURVE ( 'NONE', #8861, #7, #6852, .T. ) ;
#5968 = LINE ( 'NONE', #3719, #7601 ) ;
#5969 =( GEOMETRIC_REPRESENTATION_CONTEXT ( 3 ) GLOBAL_UNCERTAINTY_ASSIGNED_CONTEXT ( ( #8085 ) ) GLOBAL_UNIT_ASSIGNED_CONTEXT ( ( #8351, #1571, #6127 ) ) REPRESENTATION_CONTEXT ( 'NONE', 'WORKASPACE' ) );
#5970 = CARTESIAN_POINT ( 'NONE',  ( 7.969999999999999751, 8.000000000000000000, 0.3499999999999999778 ) ) ;
#5971 = ORIENTED_EDGE ( 'NONE', *, *, #3632, .T. ) ;
#5972 = SURFACE_SIDE_STYLE ('',( #2996 ) ) ;
#5973 = VECTOR ( 'NONE', #6929, 1000.000000000000000 ) ;
#5974 = PLANE ( 'NONE',  #9534 ) ;
#5975 = ORIENTED_EDGE ( 'NONE', *, *, #787, .T. ) ;
#5976 = CARTESIAN_POINT ( 'NONE',  ( 4.351497947711107095, 6.125528511109508578, -0.3500000000000001443 ) ) ;
#5977 = DIRECTION ( 'NONE',  ( 0.000000000000000000, 1.000000000000000000, -1.668003342285391551E-16 ) ) ;
#5978 = ORIENTED_EDGE ( 'NONE', *, *, #2665, .F. ) ;
#5979 = CARTESIAN_POINT ( 'NONE',  ( 5.430000000000000604, 0.000000000000000000, -0.3500000000000000333 ) ) ;
#5980 = LINE ( 'NONE', #8948, #7744 ) ;
#5981 = EDGE_CURVE ( 'NONE', #5601, #3328, #7680, .T. ) ;
#5982 = CARTESIAN_POINT ( 'NONE',  ( 4.080000000000000071, 1.800000000000000488, 0.3499999999999998113 ) ) ;
#5983 = ORIENTED_EDGE ( 'NONE', *, *, #7907, .T. ) ;
#5984 = DIRECTION ( 'NONE',  ( 0.000000000000000000, -1.000000000000000000, 0.000000000000000000 ) ) ;
#5985 = DIRECTION ( 'NONE',  ( -0.000000000000000000, -0.000000000000000000, 1.000000000000000000 ) ) ;
#5986 = CARTESIAN_POINT ( 'NONE',  ( 10.66000000000000014, 6.084152315493285279, -0.3500000000000002554 ) ) ;
#5987 = CARTESIAN_POINT ( 'NONE',  ( -0.3499999999999991451, 0.5000000000000005551, 0.3499999999999999778 ) ) ;
#5988 = ORIENTED_EDGE ( 'NONE', *, *, #1285, .T. ) ;
#5989 = FILL_AREA_STYLE ('',( #3017 ) ) ;
#5990 = CARTESIAN_POINT ( 'NONE',  ( 10.96950242361308447, 5.635051924204145024, 0.3499999999999997002 ) ) ;
#5991 = CARTESIAN_POINT ( 'NONE',  ( 2.540000000000000036, 6.299999999999999822, 0.3499999999999998668 ) ) ;
#5992 = CARTESIAN_POINT ( 'NONE',  ( 7.970000000000001528, 0.5000000000000005551, 0.3499999999999997002 ) ) ;
#5993 = CARTESIAN_POINT ( 'NONE',  ( 3.185466478527304801, 3.877691542223584698, -0.3500000000000000888 ) ) ;
#5994 = EDGE_LOOP ( 'NONE', ( #5431, #7811, #2491, #3687, #7961, #3141, #3699, #1105, #7994, #4604, #4690, #4315, #6220, #835, #5011, #6979, #6921, #952, #8479, #2280, #2767 ) ) ;
#5995 = ORIENTED_EDGE ( 'NONE', *, *, #4068, .T. ) ;
#5996 = CARTESIAN_POINT ( 'NONE',  ( 8.593046200924455036, 3.450480068927960886, 0.3499999999999997558 ) ) ;
#5997 = CARTESIAN_POINT ( 'NONE',  ( 6.760732764477098478, 5.226749775238759277, 0.3499999999999996447 ) ) ;
#5998 = VERTEX_POINT ( 'NONE', #3260 ) ;
#5999 =( NAMED_UNIT ( * ) SI_UNIT ( $, .STERADIAN. ) SOLID_ANGLE_UNIT ( ) );
#6000 = CARTESIAN_POINT ( 'NONE',  ( 2.892524015545778759, 5.732672356334978403, 0.3499999999999998668 ) ) ;
#6001 = CARTESIAN_POINT ( 'NONE',  ( 9.295802618229590308, 5.178803639423790628, -0.3500000000000003109 ) ) ;
#6002 = DIRECTION ( 'NONE',  ( 0.000000000000000000, 1.000000000000000000, -1.668003342285391551E-16 ) ) ;
#6003 = EDGE_CURVE ( 'NONE', #1540, #7725, #6233, .T. ) ;
#6004 = CARTESIAN_POINT ( 'NONE',  ( 10.68184573388398029, 5.626229152235330488, -0.3500000000000003109 ) ) ;
#6005 = LINE ( 'NONE', #8281, #9599 ) ;
#6006 = EDGE_CURVE ( 'NONE', #4255, #7275, #1764, .T. ) ;
#6007 = CARTESIAN_POINT ( 'NONE',  ( -0.4481930454221424998, 5.884855341312110077, 0.3499999999999999223 ) ) ;
#6008 = AXIS2_PLACEMENT_3D ( 'NONE', #7937, #3477, #9507 ) ;
#6009 = EDGE_LOOP ( 'NONE', ( #161, #8897, #9548, #2621, #1944, #239, #6837, #5925, #3762, #365, #5573, #7719, #2913, #2823, #4467, #9327, #7658, #283, #7513, #7119, #9474 ) ) ;
#6010 = LINE ( 'NONE', #3716, #9173 ) ;
#6011 = ORIENTED_EDGE ( 'NONE', *, *, #8130, .F. ) ;
#6012 = PRESENTATION_STYLE_ASSIGNMENT (( #6732 ) ) ;
#6013 = CARTESIAN_POINT ( 'NONE',  ( 4.080000000000000959, -1.121588454295348794E-16, 0.3499999999999998113 ) ) ;
#6014 = DIRECTION ( 'NONE',  ( -7.744301232039316681E-17, 0.000000000000000000, -1.000000000000000000 ) ) ;
#6015 = ORIENTED_EDGE ( 'NONE', *, *, #6587, .T. ) ;
#6016 = CARTESIAN_POINT ( 'NONE',  ( 9.807475984454221418, 5.732672356334980179, 0.3499999999999996447 ) ) ;
#6017 =( NAMED_UNIT ( * ) PLANE_ANGLE_UNIT ( ) SI_UNIT ( $, .RADIAN. ) );
#6018 = DIRECTION ( 'NONE',  ( 0.000000000000000000, 0.000000000000000000, -1.000000000000000000 ) ) ;
#6019 = ORIENTED_EDGE ( 'NONE', *, *, #6141, .T. ) ;
#6020 = CARTESIAN_POINT ( 'NONE',  ( 4.134703062804453211, 4.071564961060444077, -0.3500000000000000888 ) ) ;
#6021 = CARTESIAN_POINT ( 'NONE',  ( 0.7871622536570932471, 5.777005459572332136, 0.3499999999999999778 ) ) ;
#6022 =( NAMED_UNIT ( * ) PLANE_ANGLE_UNIT ( ) SI_UNIT ( $, .RADIAN. ) );
#6023 = ORIENTED_EDGE ( 'NONE', *, *, #7516, .T. ) ;
#6024 = EDGE_CURVE ( 'NONE', #5102, #7969, #3305, .T. ) ;
#6025 = CARTESIAN_POINT ( 'NONE',  ( 2.892524015545778759, 5.732672356334978403, -0.3500000000000000888 ) ) ;
#6026 = DIRECTION ( 'NONE',  ( -0.000000000000000000, 0.000000000000000000, 1.000000000000000000 ) ) ;
#6027 = EDGE_LOOP ( 'NONE', ( #5336, #2153, #8558, #2385 ) ) ;
#6028 = LINE ( 'NONE', #2324, #4183 ) ;
#6029 = CARTESIAN_POINT ( 'NONE',  ( 0.6867549326077613259, 10.39117142264903570, -0.6500000000000030198 ) ) ;
#6030 = VECTOR ( 'NONE', #4096, 1000.000000000000000 ) ;
#6031 = EDGE_CURVE ( 'NONE', #6616, #468, #2575, .T. ) ;
#6032 = LINE ( 'NONE', #96, #1686 ) ;
#6033 = ORIENTED_EDGE ( 'NONE', *, *, #9690, .F. ) ;
#6034 = PLANE ( 'NONE',  #1193 ) ;
#6035 = VECTOR ( 'NONE', #9010, 1000.000000000000000 ) ;
#6036 =( NAMED_UNIT ( * ) PLANE_ANGLE_UNIT ( ) SI_UNIT ( $, .RADIAN. ) );
#6037 = CARTESIAN_POINT ( 'NONE',  ( 8.265466478527304872, 3.877691542223589138, -0.3500000000000002554 ) ) ;
#6038 = AXIS2_PLACEMENT_3D ( 'NONE', #3509, #5743, #1286 ) ;
#6039 = ORIENTED_EDGE ( 'NONE', *, *, #7830, .F. ) ;
#6040 =( NAMED_UNIT ( * ) SI_UNIT ( $, .STERADIAN. ) SOLID_ANGLE_UNIT ( ) );
#6041 = CARTESIAN_POINT ( 'NONE',  ( 6.839430448028450016, 5.815522798723461229, 0.3499999999999997002 ) ) ;
#6042 = ORIENTED_EDGE ( 'NONE', *, *, #9449, .F. ) ;
#6043 = DIRECTION ( 'NONE',  ( 0.000000000000000000, -0.000000000000000000, -1.000000000000000000 ) ) ;
#6044 = CARTESIAN_POINT ( 'NONE',  ( 3.540000000000000036, 6.500000000000000888, -0.3500000000000010880 ) ) ;
#6045 = COLOUR_RGB ( '',0.8313725490196077761, 0.6705882352941175961, 0.1294117647058823373 ) ;
#6046 =( NAMED_UNIT ( * ) SI_UNIT ( $, .STERADIAN. ) SOLID_ANGLE_UNIT ( ) );
#6047 = CARTESIAN_POINT ( 'NONE',  ( 8.620000000000000995, 0.8000000000000007105, -0.3500000000000002554 ) ) ;
#6048 = CARTESIAN_POINT ( 'NONE',  ( 8.119999999999997442, 6.084152315493285279, 0.3499999999999997002 ) ) ;
#6049 = CARTESIAN_POINT ( 'NONE',  ( 2.540000000000000036, 6.299999999999999822, -0.3500000000000000888 ) ) ;
#6050 = AXIS2_PLACEMENT_3D ( 'NONE', #3190, #8392, #9227 ) ;
#6051 = ORIENTED_EDGE ( 'NONE', *, *, #5224, .T. ) ;
#6052 = ADVANCED_FACE ( 'NONE', ( #4085 ), #7047, .T. ) ;
#6053 = CARTESIAN_POINT ( 'NONE',  ( 3.226754932607761361, 0.5000000000000000000, -0.6500000000000013545 ) ) ;
#6054 = ORIENTED_EDGE ( 'NONE', *, *, #308, .T. ) ;
#6055 = CARTESIAN_POINT ( 'NONE',  ( 0.7000000000000006217, 0.8000000000000007105, 0.3499999999999999778 ) ) ;
#6056 = EDGE_CURVE ( 'NONE', #2236, #6702, #2065, .T. ) ;
#6057 =( NAMED_UNIT ( * ) PLANE_ANGLE_UNIT ( ) SI_UNIT ( $, .RADIAN. ) );
#6058 = CARTESIAN_POINT ( 'NONE',  ( 2.390000000000000568, -3.000000000000000000, -0.3500000000000000888 ) ) ;
#6059 = EDGE_LOOP ( 'NONE', ( #2814, #8399, #6370, #4928 ) ) ;
#6060 = CARTESIAN_POINT ( 'NONE',  ( 1.540000000000000036, 6.500000000000000888, 0.3499999999999989231 ) ) ;
#6061 = CIRCLE ( 'NONE', #4819, 0.2000000000000005107 ) ;
#6062 = FILL_AREA_STYLE ('',( #2060 ) ) ;
#6063 = VECTOR ( 'NONE', #3424, 1000.000000000000000 ) ;
#6064 = DIRECTION ( 'NONE',  ( 1.000000000000000000, -0.000000000000000000, 0.000000000000000000 ) ) ;
#6065 = ORIENTED_EDGE ( 'NONE', *, *, #8262, .F. ) ;
#6066 = DIRECTION ( 'NONE',  ( -0.000000000000000000, -1.000000000000000000, 1.668003342285391551E-16 ) ) ;
#6067 = CARTESIAN_POINT ( 'NONE',  ( 3.540000000000001368, 2.615493535622417376, -0.3500000000000001443 ) ) ;
#6068 = VECTOR ( 'NONE', #3953, 1000.000000000000000 ) ;
#6069 = DIRECTION ( 'NONE',  ( -1.000000000000000000, -0.000000000000000000, -0.000000000000000000 ) ) ;
#6070 = CARTESIAN_POINT ( 'NONE',  ( 5.432524015545779683, 5.732672356334978403, -0.3500000000000001443 ) ) ;
#6071 = ORIENTED_EDGE ( 'NONE', *, *, #9639, .T. ) ;
#6072 = SURFACE_STYLE_FILL_AREA ( #7423 ) ;
#6073 = CARTESIAN_POINT ( 'NONE',  ( 4.080000000000000071, 6.500000000000000888, -0.3500000000000010880 ) ) ;
#6074 = AXIS2_PLACEMENT_3D ( 'NONE', #1397, #2282, #847 ) ;
#6075 = SURFACE_STYLE_FILL_AREA ( #6840 ) ;
#6076 = EDGE_CURVE ( 'NONE', #3317, #7599, #6515, .T. ) ;
#6077 = ORIENTED_EDGE ( 'NONE', *, *, #6758, .F. ) ;
#6078 = COLOUR_RGB ( '',0.8313725490196077761, 0.6705882352941175961, 0.1294117647058823373 ) ;
#6079 = AXIS2_PLACEMENT_3D ( 'NONE', #4709, #6215, #4161 ) ;
#6080 = SURFACE_STYLE_FILL_AREA ( #9048 ) ;
#6081 = DIRECTION ( 'NONE',  ( 0.000000000000000000, 1.668003342285392044E-16, 1.000000000000000000 ) ) ;
#6082 = EDGE_CURVE ( 'NONE', #644, #2728, #3546, .T. ) ;
#6083 = EDGE_CURVE ( 'NONE', #7, #8394, #2634, .T. ) ;
#6084 = DIRECTION ( 'NONE',  ( 1.000000000000000000, 0.000000000000000000, 0.000000000000000000 ) ) ;
#6085 = ORIENTED_EDGE ( 'NONE', *, *, #2411, .F. ) ;
#6086 = CARTESIAN_POINT ( 'NONE',  ( 6.022500029944760414, 4.124619419408677601, -0.3500000000000001443 ) ) ;
#6087 = CARTESIAN_POINT ( 'NONE',  ( 1.000000000000000000, 6.500000000000000888, 0.3499999999999989231 ) ) ;
#6088 = B_SPLINE_CURVE_WITH_KNOTS ( 'NONE', 3,
 ( #8674, #5569, #1212, #8579, #3325, #4788, #1058, #5707, #358, #6436, #6293, #4203, #2705, #3374, #4937, #5661, #4108, #7022, #8528, #3524, #7163, #1988, #7842, #1155, #7112, #1846, #2749, #8626, #462, #511, #4844 ),
 .UNSPECIFIED., .F., .F.,
 ( 4, 1, 1, 1, 1, 1, 1, 2, 2, 1, 1, 1, 1, 2, 2, 1, 1, 1, 1, 1, 2, 2, 4 ),
 ( 0.000000000000000000, 0.06249999999999997224, 0.09375000000000043021, 0.1093750000000007633, 0.1171875000000009992, 0.1210937500000012768, 0.1230468750000014710, 0.1240234375000016237, 0.1250000000000017764, 0.1875000000000052458, 0.2187500000000072442, 0.2343750000000082712, 0.2421875000000087708, 0.2460937500000089651, 0.2500000000000091593, 0.3750000000000101585, 0.4375000000000109357, 0.4687500000000113243, 0.4843750000000117684, 0.4921875000000119904, 0.4960937500000118794, 0.5000000000000117684, 1.000000000000000000 ),
 .UNSPECIFIED. ) ;
#6089 = ORIENTED_EDGE ( 'NONE', *, *, #2361, .T. ) ;
#6090 = ORIENTED_EDGE ( 'NONE', *, *, #3368, .T. ) ;
#6091 = CARTESIAN_POINT ( 'NONE',  ( 6.836229430279609609, 5.796998266909029418, 0.3499999999999997002 ) ) ;
#6092 = EDGE_CURVE ( 'NONE', #9516, #5475, #7920, .T. ) ;
#6093 = CARTESIAN_POINT ( 'NONE',  ( 9.473245067392239704, 0.5000000000000002220, 0.6500000000000011324 ) ) ;
#6094 = FILL_AREA_STYLE_COLOUR ( '', #9189 ) ;
#6095 = CARTESIAN_POINT ( 'NONE',  ( -0.8192859076621706871, 5.570187327444797276, 0.3499999999999999778 ) ) ;
#6096 = DIRECTION ( 'NONE',  ( -0.000000000000000000, 0.000000000000000000, 1.000000000000000000 ) ) ;
#6097 = EDGE_CURVE ( 'NONE', #6232, #7891, #1918, .T. ) ;
#6098 = PRESENTATION_LAYER_ASSIGNMENT (  '', '', ( #1411 ) ) ;
#6099 =( BOUNDED_CURVE ( )  B_SPLINE_CURVE ( 3, ( #47, #2333, #4338, #792 ),
 .UNSPECIFIED., .F., .F. ) 
 B_SPLINE_CURVE_WITH_KNOTS ( ( 4, 4 ),
 ( 3.924083526751090290, 4.712388980384689674 ),
 .UNSPECIFIED. ) 
 CURVE ( )  GEOMETRIC_REPRESENTATION_ITEM ( )  RATIONAL_B_SPLINE_CURVE ( ( 1.000000000000000000, 0.9488815137910380226, 0.9488815137910380226, 1.000000000000000000 ) ) 
 REPRESENTATION_ITEM ( '' )  );
#6100 = ORIENTED_EDGE ( 'NONE', *, *, #6228, .T. ) ;
#6101 = CARTESIAN_POINT ( 'NONE',  ( 10.31000000000000405, -3.000000000000000000, 0.3499999999999996447 ) ) ;
#6102 = B_SPLINE_CURVE_WITH_KNOTS ( 'NONE', 3,
 ( #2604, #1107, #7846, #9328 ),
 .UNSPECIFIED., .F., .F.,
 ( 4, 4 ),
 ( 0.000000000000000000, 1.000000000000000000 ),
 .UNSPECIFIED. ) ;
#6103 = ORIENTED_EDGE ( 'NONE', *, *, #4633, .F. ) ;
#6104 = EDGE_CURVE ( 'NONE', #1505, #2716, #1235, .T. ) ;
#6105 = CIRCLE ( 'NONE', #6256, 0.2000000000000000944 ) ;
#6106 = LINE ( 'NONE', #167, #8995 ) ;
#6107 = CARTESIAN_POINT ( 'NONE',  ( 9.299835643297027943, 5.218128553112201473, 0.3499999999999997002 ) ) ;
#6108 = CARTESIAN_POINT ( 'NONE',  ( 11.16000000000000014, 6.500000000000000888, -0.3500000000000010880 ) ) ;
#6109 = LINE ( 'NONE', #8246, #5554 ) ;
#6110 =( LENGTH_UNIT ( ) NAMED_UNIT ( * ) SI_UNIT ( .MILLI., .METRE. ) );
#6111 = CIRCLE ( 'NONE', #6415, 0.2000000000000005107 ) ;
#6112 = LINE ( 'NONE', #8432, #3156 ) ;
#6113 = VERTEX_POINT ( 'NONE', #1184 ) ;
#6114 = PRODUCT_DEFINITION_FORMATION_WITH_SPECIFIED_SOURCE ( 'ANY', '', #4126, .NOT_KNOWN. ) ;
#6115 = ORIENTED_EDGE ( 'NONE', *, *, #2152, .F. ) ;
#6116 = ADVANCED_FACE ( 'NONE', ( #2824 ), #5793, .T. ) ;
#6117 = FILL_AREA_STYLE ('',( #965 ) ) ;
#6118 = LINE ( 'NONE', #3144, #5774 ) ;
#6119 = DIRECTION ( 'NONE',  ( -1.000000000000000000, 0.000000000000000000, 0.000000000000000000 ) ) ;
#6120 = CARTESIAN_POINT ( 'NONE',  ( 4.729999999999999538, 8.000000000000000000, -0.3499999999999999778 ) ) ;
#6121 = EDGE_LOOP ( 'NONE', ( #5400, #6972, #4582, #4655 ) ) ;
#6122 = DIRECTION ( 'NONE',  ( -1.000000000000000000, 0.000000000000000000, 0.000000000000000000 ) ) ;
#6123 = FACE_OUTER_BOUND ( 'NONE', #3895, .T. ) ;
#6124 = ADVANCED_FACE ( 'NONE', ( #440 ), #5297, .F. ) ;
#6125 = ORIENTED_EDGE ( 'NONE', *, *, #3199, .T. ) ;
#6126 = LINE ( 'NONE', #7564, #7755 ) ;
#6127 =( NAMED_UNIT ( * ) SI_UNIT ( $, .STERADIAN. ) SOLID_ANGLE_UNIT ( ) );
#6128 = CARTESIAN_POINT ( 'NONE',  ( 10.51252401554577887, 5.732672356334978403, -0.3500000000000003109 ) ) ;
#6129 = DIRECTION ( 'NONE',  ( 0.000000000000000000, 0.000000000000000000, 1.000000000000000000 ) ) ;
#6130 = EDGE_LOOP ( 'NONE', ( #1028, #4278, #8254, #4823 ) ) ;
#6131 = EDGE_CURVE ( 'NONE', #3420, #2488, #9626, .T. ) ;
#6132 = DIRECTION ( 'NONE',  ( 1.000000000000000000, 0.000000000000000000, 0.000000000000000000 ) ) ;
#6133 = DIRECTION ( 'NONE',  ( -1.000000000000000000, -0.000000000000000000, -0.000000000000000000 ) ) ;
#6134 = SURFACE_STYLE_USAGE ( .BOTH. , #4624 ) ;
#6135 = ORIENTED_EDGE ( 'NONE', *, *, #4140, .T. ) ;
#6136 = ORIENTED_EDGE ( 'NONE', *, *, #1166, .F. ) ;
#6137 = DIRECTION ( 'NONE',  ( -0.000000000000000000, -1.000000000000000000, -4.336808689942017736E-16 ) ) ;
#6138 = LINE ( 'NONE', #9101, #8119 ) ;
#6139 =( NAMED_UNIT ( * ) PLANE_ANGLE_UNIT ( ) SI_UNIT ( $, .RADIAN. ) );
#6140 = DIRECTION ( 'NONE',  ( 1.000000000000000000, 0.000000000000000000, 0.000000000000000000 ) ) ;
#6141 = EDGE_CURVE ( 'NONE', #2025, #8143, #39, .T. ) ;
#6142 = CARTESIAN_POINT ( 'NONE',  ( -0.5999999999999995337, 6.299999999999999822, -0.1166666666666667518 ) ) ;
#6143 = PRESENTATION_STYLE_ASSIGNMENT (( #1831 ) ) ;
#6144 = LINE ( 'NONE', #5466, #6030 ) ;
#6145 = ORIENTED_EDGE ( 'NONE', *, *, #1187, .F. ) ;
#6146 = UNCERTAINTY_MEASURE_WITH_UNIT (LENGTH_MEASURE( 1.000000000000000082E-05 ), #5391, 'distance_accuracy_value', 'NONE');
#6147 = CARTESIAN_POINT ( 'NONE',  ( 2.540000000000000036, 0.000000000000000000, -0.3500000000000000888 ) ) ;
#6148 = ORIENTED_EDGE ( 'NONE', *, *, #3433, .T. ) ;
#6149 = DIRECTION ( 'NONE',  ( 0.000000000000000000, 0.000000000000000000, -1.000000000000000000 ) ) ;
#6150 = MECHANICAL_DESIGN_GEOMETRIC_PRESENTATION_REPRESENTATION (  '', ( #1762 ), #3811 ) ;
#6151 = CARTESIAN_POINT ( 'NONE',  ( -0.3499999999999990896, -2.800000000000001155, 0.3499999999999999778 ) ) ;
#6152 = EDGE_CURVE ( 'NONE', #2523, #8014, #711, .T. ) ;
#6153 = PLANE ( 'NONE',  #4189 ) ;
#6154 = LINE ( 'NONE', #6289, #3361 ) ;
#6155 = CARTESIAN_POINT ( 'NONE',  ( 3.485517796674129531, 4.067306563708457112, 0.3499999999999998668 ) ) ;
#6156 = CARTESIAN_POINT ( 'NONE',  ( 4.434533521472695305, 3.877691542223589138, -0.3500000000000001443 ) ) ;
#6157 = CARTESIAN_POINT ( 'NONE',  ( 2.390000000000000568, -3.000000000000000000, 0.3499999999999998668 ) ) ;
#6158 = COLOUR_RGB ( '',0.8313725490196077761, 0.6705882352941175961, 0.1294117647058823373 ) ;
#6159 = DIRECTION ( 'NONE',  ( 0.000000000000000000, 0.000000000000000000, 1.000000000000000000 ) ) ;
#6160 = ORIENTED_EDGE ( 'NONE', *, *, #7125, .F. ) ;
#6161 = ORIENTED_EDGE ( 'NONE', *, *, #7383, .T. ) ;
#6162 = LINE ( 'NONE', #2449, #4976 ) ;
#6163 = STYLED_ITEM ( 'NONE', ( #4842 ), #2166 ) ;
#6164 = EDGE_CURVE ( 'NONE', #7660, #3420, #7078, .T. ) ;
#6165 = DIRECTION ( 'NONE',  ( 0.000000000000000000, -0.000000000000000000, -1.000000000000000000 ) ) ;
#6166 = CARTESIAN_POINT ( 'NONE',  ( 0.000000000000000000, 8.500000000000000000, 0.000000000000000000 ) ) ;
#6167 = EDGE_CURVE ( 'NONE', #5593, #6361, #2116, .T. ) ;
#6168 = VERTEX_POINT ( 'NONE', #1476 ) ;
#6169 = CARTESIAN_POINT ( 'NONE',  ( 9.473245067392239704, 10.39117142264903570, 0.3499999999999983125 ) ) ;
#6170 = PRESENTATION_STYLE_ASSIGNMENT (( #4855 ) ) ;
#6171 = DIRECTION ( 'NONE',  ( 0.000000000000000000, -1.000000000000000000, 1.668003342285391797E-16 ) ) ;
#6172 = VERTEX_POINT ( 'NONE', #4481 ) ;
#6173 = ADVANCED_FACE ( 'NONE', ( #732, #6703 ), #4529, .T. ) ;
#6174 =( NAMED_UNIT ( * ) PLANE_ANGLE_UNIT ( ) SI_UNIT ( $, .RADIAN. ) );
#6175 = DIRECTION ( 'NONE',  ( 1.000000000000000000, 0.000000000000000000, 0.000000000000000000 ) ) ;
#6176 = ORIENTED_EDGE ( 'NONE', *, *, #208, .T. ) ;
#6177 =( LENGTH_UNIT ( ) NAMED_UNIT ( * ) SI_UNIT ( .MILLI., .METRE. ) );
#6178 = EDGE_LOOP ( 'NONE', ( #9633, #963, #7690, #4036 ) ) ;
#6179 = VECTOR ( 'NONE', #8195, 1000.000000000000000 ) ;
#6180 = ORIENTED_EDGE ( 'NONE', *, *, #4402, .F. ) ;
#6181 = CARTESIAN_POINT ( 'NONE',  ( 9.160000000000001918, -1.121588454295348794E-16, -0.3500000000000003109 ) ) ;
#6182 = DIRECTION ( 'NONE',  ( 1.084202172485504434E-16, -1.000000000000000000, 0.000000000000000000 ) ) ;
#6183 = UNCERTAINTY_MEASURE_WITH_UNIT (LENGTH_MEASURE( 1.000000000000000082E-05 ), #7331, 'distance_accuracy_value', 'NONE');
#6184 = UNCERTAINTY_MEASURE_WITH_UNIT (LENGTH_MEASURE( 1.000000000000000082E-05 ), #3198, 'distance_accuracy_value', 'NONE');
#6185 = DIRECTION ( 'NONE',  ( 0.000000000000000000, -1.000000000000000000, 1.668003342285391797E-16 ) ) ;
#6186 = CARTESIAN_POINT ( 'NONE',  ( 3.226754932607761361, 0.5000000000000002220, 0.3499999999999998668 ) ) ;
#6187 = LINE ( 'NONE', #2343, #9662 ) ;
#6188 = PRESENTATION_LAYER_ASSIGNMENT (  '', '', ( #7735 ) ) ;
#6189 = SURFACE_STYLE_USAGE ( .BOTH. , #7052 ) ;
#6190 = CARTESIAN_POINT ( 'NONE',  ( -1.469999999999999973, 0.000000000000000000, 1.199999999999999956 ) ) ;
#6191 = PLANE ( 'NONE',  #4492 ) ;
#6192 = EDGE_LOOP ( 'NONE', ( #3259, #4950, #5884, #1522 ) ) ;
#6193 = CARTESIAN_POINT ( 'NONE',  ( 11.16000000000000014, 6.500000000000000888, 0.3499999999999989231 ) ) ;
#6194 = ADVANCED_FACE ( 'NONE', ( #4574 ), #3056, .F. ) ;
#6195 = EDGE_CURVE ( 'NONE', #8160, #9038, #6028, .T. ) ;
#6196 = STYLED_ITEM ( 'NONE', ( #4080 ), #1450 ) ;
#6197 = ORIENTED_EDGE ( 'NONE', *, *, #6031, .F. ) ;
#6198 = SURFACE_STYLE_FILL_AREA ( #3132 ) ;
#6199 = STYLED_ITEM ( 'NONE', ( #5408 ), #8624 ) ;
#6200 = DIRECTION ( 'NONE',  ( 1.000000000000000000, 0.000000000000000000, 0.000000000000000000 ) ) ;
#6201 = CARTESIAN_POINT ( 'NONE',  ( 3.332485366313218567, 5.744802409713649638, 0.3499999999999998668 ) ) ;
#6202 = VECTOR ( 'NONE', #3324, 1000.000000000000114 ) ;
#6203 = LINE ( 'NONE', #6249, #2438 ) ;
#6204 = AXIS2_PLACEMENT_3D ( 'NONE', #3908, #2296, #5276 ) ;
#6205 = DIRECTION ( 'NONE',  ( -0.000000000000000000, -1.668003342285391551E-16, -1.000000000000000000 ) ) ;
#6206 = EDGE_LOOP ( 'NONE', ( #5820, #3605, #2961, #3810 ) ) ;
#6207 = ORIENTED_EDGE ( 'NONE', *, *, #9245, .T. ) ;
#6208 = VECTOR ( 'NONE', #3109, 1000.000000000000000 ) ;
#6209 = ORIENTED_EDGE ( 'NONE', *, *, #2586, .F. ) ;
#6210 = FILL_AREA_STYLE_COLOUR ( '', #572 ) ;
#6211 = SURFACE_STYLE_FILL_AREA ( #6925 ) ;
#6212 = CARTESIAN_POINT ( 'NONE',  ( 1.739832123124272822, 5.699693040756022455, 0.3499999999999999778 ) ) ;
#6213 = ORIENTED_EDGE ( 'NONE', *, *, #4383, .T. ) ;
#6214 = VECTOR ( 'NONE', #570, 1000.000000000000000 ) ;
#6215 = DIRECTION ( 'NONE',  ( 0.000000000000000000, -0.000000000000000000, -1.000000000000000000 ) ) ;
#6216 = PRESENTATION_LAYER_ASSIGNMENT (  '', '', ( #9637 ) ) ;
#6217 = PLANE ( 'NONE',  #2573 ) ;
#6218 = CIRCLE ( 'NONE', #9482, 0.2999999999999999334 ) ;
#6219 = CARTESIAN_POINT ( 'NONE',  ( 5.579999999999999183, 6.299999999999999822, 0.3499999999999998113 ) ) ;
#6220 = ORIENTED_EDGE ( 'NONE', *, *, #1252, .F. ) ;
#6221 = AXIS2_PLACEMENT_3D ( 'NONE', #4568, #5147, #8203 ) ;
#6222 = LINE ( 'NONE', #9190, #7440 ) ;
#6223 =( NAMED_UNIT ( * ) PLANE_ANGLE_UNIT ( ) SI_UNIT ( $, .RADIAN. ) );
#6224 = VECTOR ( 'NONE', #5612, 1000.000000000000000 ) ;
#6225 = SURFACE_STYLE_FILL_AREA ( #3252 ) ;
#6226 = CARTESIAN_POINT ( 'NONE',  ( 6.080000000000000959, 1.121588454295350273E-16, 0.3499999999999998113 ) ) ;
#6227 = VERTEX_POINT ( 'NONE', #7518 ) ;
#6228 = EDGE_CURVE ( 'NONE', #6514, #1115, #8082, .T. ) ;
#6229 = CARTESIAN_POINT ( 'NONE',  ( 1.000000000000000444, 1.800000000000000488, 0.1283333333333333270 ) ) ;
#6230 = VERTEX_POINT ( 'NONE', #228 ) ;
#6231 = EDGE_CURVE ( 'NONE', #9331, #8634, #6126, .T. ) ;
#6232 = VERTEX_POINT ( 'NONE', #1753 ) ;
#6233 = LINE ( 'NONE', #8457, #6839 ) ;
#6234 = DIRECTION ( 'NONE',  ( 0.000000000000000000, 0.000000000000000000, 1.000000000000000000 ) ) ;
#6235 = PRESENTATION_LAYER_ASSIGNMENT (  '', '', ( #4990 ) ) ;
#6236 = SURFACE_SIDE_STYLE ('',( #7730 ) ) ;
#6237 = DIRECTION ( 'NONE',  ( 1.000000000000000000, 0.000000000000000000, 0.000000000000000000 ) ) ;
#6238 = DIRECTION ( 'NONE',  ( 1.121588454295349533E-16, -1.000000000000000000, 0.000000000000000000 ) ) ;
#6239 = LINE ( 'NONE', #3070, #7932 ) ;
#6240 = CARTESIAN_POINT ( 'NONE',  ( -0.5999999999999995337, 6.299999999999999822, 0.1166666666666665853 ) ) ;
#6241 = SURFACE_SIDE_STYLE ('',( #4044 ) ) ;
#6242 = ADVANCED_FACE ( 'NONE', ( #883 ), #2417, .F. ) ;
#6243 = VECTOR ( 'NONE', #6924, 1000.000000000000000 ) ;
#6244 = VERTEX_POINT ( 'NONE', #3929 ) ;
#6245 = EDGE_LOOP ( 'NONE', ( #7632, #1847, #8175, #193 ) ) ;
#6246 = CARTESIAN_POINT ( 'NONE',  ( 3.226754932607761361, 0.5000000000000000000, -0.6500000000000013545 ) ) ;
#6247 = ADVANCED_FACE ( 'NONE', ( #9089 ), #1615, .T. ) ;
#6248 = CARTESIAN_POINT ( 'NONE',  ( 3.499999415201711983, 3.767448265748724712, 0.3499999999999998113 ) ) ;
#6249 = CARTESIAN_POINT ( 'NONE',  ( 1.540000000000000036, 6.500000000000000888, 0.3499999999999989231 ) ) ;
#6250 =( NAMED_UNIT ( * ) PLANE_ANGLE_UNIT ( ) SI_UNIT ( $, .RADIAN. ) );
#6251 = EDGE_CURVE ( 'NONE', #712, #4072, #1663, .T. ) ;
#6252 = CARTESIAN_POINT ( 'NONE',  ( 10.68184573388398029, 5.626229152235330488, -0.3500000000000003109 ) ) ;
#6253 = VERTEX_POINT ( 'NONE', #181 ) ;
#6254 = VERTEX_POINT ( 'NONE', #7670 ) ;
#6255 = CARTESIAN_POINT ( 'NONE',  ( 11.16000000000000192, 1.800000000000000488, -0.3850000000000002864 ) ) ;
#6256 = AXIS2_PLACEMENT_3D ( 'NONE', #4038, #385, #7092 ) ;
#6257 = SURFACE_STYLE_USAGE ( .BOTH. , #872 ) ;
#6258 = DIRECTION ( 'NONE',  ( -1.000000000000000000, 0.000000000000000000, 7.744301232039316681E-17 ) ) ;
#6259 = CARTESIAN_POINT ( 'NONE',  ( 2.988193045422142369, 5.884855341312110077, -0.3500000000000000888 ) ) ;
#6260 = ORIENTED_EDGE ( 'NONE', *, *, #2720, .F. ) ;
#6261 = CARTESIAN_POINT ( 'NONE',  ( 3.314147136672700000, 5.851685420754297873, -0.3500000000000000888 ) ) ;
#6262 = DIRECTION ( 'NONE',  ( 0.000000000000000000, 0.000000000000000000, -1.000000000000000000 ) ) ;
#6263 =( GEOMETRIC_REPRESENTATION_CONTEXT ( 3 ) GLOBAL_UNCERTAINTY_ASSIGNED_CONTEXT ( ( #6513 ) ) GLOBAL_UNIT_ASSIGNED_CONTEXT ( ( #8492, #2372, #277 ) ) REPRESENTATION_CONTEXT ( 'NONE', 'WORKASPACE' ) );
#6264 = DIRECTION ( 'NONE',  ( -1.000000000000000000, -3.097720492815726426E-17, 0.000000000000000000 ) ) ;
#6265 = VERTEX_POINT ( 'NONE', #3202 ) ;
#6266 = LINE ( 'NONE', #2564, #94 ) ;
#6267 = FILL_AREA_STYLE ('',( #5588 ) ) ;
#6268 = VECTOR ( 'NONE', #8846, 1000.000000000000000 ) ;
#6269 = SURFACE_STYLE_USAGE ( .BOTH. , #5589 ) ;
#6270 = ORIENTED_EDGE ( 'NONE', *, *, #5364, .F. ) ;
#6271 = EDGE_CURVE ( 'NONE', #6391, #8754, #2464, .T. ) ;
#6272 = CARTESIAN_POINT ( 'NONE',  ( 11.63000000000000078, 1.601149768326593145E-16, 0.6500000000000012434 ) ) ;
#6273 = FACE_OUTER_BOUND ( 'NONE', #8198, .T. ) ;
#6274 = CARTESIAN_POINT ( 'NONE',  ( 7.969999999999999751, 0.000000000000000000, 0.3499999999999999778 ) ) ;
#6275 = ORIENTED_EDGE ( 'NONE', *, *, #9283, .T. ) ;
#6276 = EDGE_LOOP ( 'NONE', ( #454, #1569, #8607, #4007 ) ) ;
#6277 = CARTESIAN_POINT ( 'NONE',  ( 2.890000000000000124, 8.200000000000001066, 0.3499999999999999778 ) ) ;
#6278 = CARTESIAN_POINT ( 'NONE',  ( 1.853245067392238710, 8.000000000000000000, 0.6500000000000000222 ) ) ;
#6279 = CARTESIAN_POINT ( 'NONE',  ( 4.380000000000000782, 0.5000000000000004441, -0.3500000000000001443 ) ) ;
#6280 = DIRECTION ( 'NONE',  ( 0.000000000000000000, 0.000000000000000000, -1.000000000000000000 ) ) ;
#6281 = CARTESIAN_POINT ( 'NONE',  ( 4.080000000000000071, 1.800000000000000488, -0.3500000000000001443 ) ) ;
#6282 = FILL_AREA_STYLE_COLOUR ( '', #8505 ) ;
#6283 = CARTESIAN_POINT ( 'NONE',  ( 9.810000000000000497, 8.000000000000000000, -0.3499999999999999778 ) ) ;
#6284 = ORIENTED_EDGE ( 'NONE', *, *, #5482, .T. ) ;
#6285 = DIRECTION ( 'NONE',  ( -0.000000000000000000, 0.000000000000000000, 1.000000000000000000 ) ) ;
#6286 = ORIENTED_EDGE ( 'NONE', *, *, #4246, .T. ) ;
#6287 = DIRECTION ( 'NONE',  ( -1.000000000000000000, -1.084202172485504434E-16, 0.000000000000000000 ) ) ;
#6288 = CARTESIAN_POINT ( 'NONE',  ( 0.4481930454221421667, 5.884855341312110966, -0.3500000000000000333 ) ) ;
#6289 = CARTESIAN_POINT ( 'NONE',  ( 5.949615242270663629, 8.500000000000000000, 0.000000000000000000 ) ) ;
#6290 = SURFACE_STYLE_FILL_AREA ( #3322 ) ;
#6291 = CARTESIAN_POINT ( 'NONE',  ( -0.3252558198818047974, 5.589454083063166046, 0.3499999999999999778 ) ) ;
#6292 = PRODUCT_DEFINITION_SHAPE ( 'NONE', 'NONE',  #137 ) ;
#6293 = CARTESIAN_POINT ( 'NONE',  ( 8.406758496035392270, 5.779404586027642843, -0.3500000000000002554 ) ) ;
#6294 = ORIENTED_EDGE ( 'NONE', *, *, #9384, .T. ) ;
#6295 = ORIENTED_EDGE ( 'NONE', *, *, #5918, .T. ) ;
#6296 = VECTOR ( 'NONE', #5338, 1000.000000000000000 ) ;
#6297 = DIRECTION ( 'NONE',  ( 1.121588454295349533E-16, -1.000000000000000000, 0.000000000000000000 ) ) ;
#6298 = FACE_OUTER_BOUND ( 'NONE', #4673, .T. ) ;
#6299 = CARTESIAN_POINT ( 'NONE',  ( 0.000000000000000000, 8.000000000000000000, 0.000000000000000000 ) ) ;
#6300 = EDGE_CURVE ( 'NONE', #8994, #4221, #3978, .T. ) ;
#6301 = ORIENTED_EDGE ( 'NONE', *, *, #6549, .T. ) ;
#6302 = DIRECTION ( 'NONE',  ( -0.000000000000000000, 1.668003342285391551E-16, 1.000000000000000000 ) ) ;
#6303 = CARTESIAN_POINT ( 'NONE',  ( 1.625291895435265754, 4.597665842577885797, -0.3499999999999999778 ) ) ;
#6304 = CARTESIAN_POINT ( 'NONE',  ( -1.000000000000000000, 6.500000000000000888, 0.3499999999999989231 ) ) ;
#6305 = VERTEX_POINT ( 'NONE', #3295 ) ;
#6306 = COLOUR_RGB ( '',0.8313725490196077761, 0.6705882352941175961, 0.1294117647058823373 ) ;
#6307 =( LENGTH_UNIT ( ) NAMED_UNIT ( * ) SI_UNIT ( .MILLI., .METRE. ) );
#6308 = EDGE_CURVE ( 'NONE', #1758, #4926, #6222, .T. ) ;
#6309 = CARTESIAN_POINT ( 'NONE',  ( -1.574999999999999289, -1.575000000000006173, 0.3499999999999999778 ) ) ;
#6310 = CLOSED_SHELL ( 'NONE', ( #3173, #3432, #7594, #3280, #910, #8688, #7227, #7837, #7542, #9560, #1668, #4919, #719, #5272, #4676, #438, #8562, #9523, #1266, #2605, #5890, #6899, #1629 ) ) ;
#6311 = CARTESIAN_POINT ( 'NONE',  ( 0.8678348867008081058, 5.142569796484738553, 0.3500000000000000333 ) ) ;
#6312 = FILL_AREA_STYLE_COLOUR ( '', #6078 ) ;
#6313 = EDGE_LOOP ( 'NONE', ( #3752, #4407, #4798, #5901 ) ) ;
#6314 = CARTESIAN_POINT ( 'NONE',  ( -0.7741471366726800918, 5.851685420754310307, 0.3500000000000000888 ) ) ;
#6315 = LINE ( 'NONE', #2625, #4509 ) ;
#6316 = FILL_AREA_STYLE ('',( #6364 ) ) ;
#6317 = CARTESIAN_POINT ( 'NONE',  ( 10.51000000000000156, 1.084202172485506745E-17, 0.3499999999999996447 ) ) ;
#6318 = ORIENTED_EDGE ( 'NONE', *, *, #1641, .F. ) ;
#6319 = EDGE_LOOP ( 'NONE', ( #6051, #3016, #336, #4352 ) ) ;
#6320 = DIRECTION ( 'NONE',  ( 1.000000000000000000, 1.084202172485504434E-16, 0.000000000000000000 ) ) ;
#6321 = LINE ( 'NONE', #3907, #9335 ) ;
#6322 =( NAMED_UNIT ( * ) PLANE_ANGLE_UNIT ( ) SI_UNIT ( $, .RADIAN. ) );
#6323 =( NAMED_UNIT ( * ) SI_UNIT ( $, .STERADIAN. ) SOLID_ANGLE_UNIT ( ) );
#6324 = PLANE ( 'NONE',  #2485 ) ;
#6325 =( NAMED_UNIT ( * ) PLANE_ANGLE_UNIT ( ) SI_UNIT ( $, .RADIAN. ) );
#6326 = VECTOR ( 'NONE', #4004, 1000.000000000000000 ) ;
#6327 = FACE_OUTER_BOUND ( 'NONE', #9596, .T. ) ;
#6328 = LINE ( 'NONE', #8465, #1799 ) ;
#6329 = VERTEX_POINT ( 'NONE', #5490 ) ;
#6330 = DIRECTION ( 'NONE',  ( -0.000000000000000000, -0.000000000000000000, -1.000000000000000000 ) ) ;
#6331 = EDGE_LOOP ( 'NONE', ( #7084, #8587, #7555, #1652 ) ) ;
#6332 =( LENGTH_UNIT ( ) NAMED_UNIT ( * ) SI_UNIT ( .MILLI., .METRE. ) );
#6333 = LINE ( 'NONE', #9265, #4652 ) ;
#6334 =( GEOMETRIC_REPRESENTATION_CONTEXT ( 3 ) GLOBAL_UNCERTAINTY_ASSIGNED_CONTEXT ( ( #2481 ) ) GLOBAL_UNIT_ASSIGNED_CONTEXT ( ( #7738, #7010, #299 ) ) REPRESENTATION_CONTEXT ( 'NONE', 'WORKASPACE' ) );
#6335 = DIRECTION ( 'NONE',  ( -0.000000000000000000, -1.000000000000000000, -0.000000000000000000 ) ) ;
#6336 = LINE ( 'NONE', #1054, #8640 ) ;
#6337 = CARTESIAN_POINT ( 'NONE',  ( 5.543356898907902064, 1.699999999999999289, -0.3500000000000001443 ) ) ;
#6338 = FILL_AREA_STYLE ('',( #7695 ) ) ;
#6339 = STYLED_ITEM ( 'NONE', ( #5520 ), #1588 ) ;
#6340 = PLANE ( 'NONE',  #2215 ) ;
#6341 = ORIENTED_EDGE ( 'NONE', *, *, #6496, .F. ) ;
#6342 = VECTOR ( 'NONE', #7909, 1000.000000000000000 ) ;
#6343 = UNCERTAINTY_MEASURE_WITH_UNIT (LENGTH_MEASURE( 1.000000000000000082E-05 ), #394, 'distance_accuracy_value', 'NONE');
#6344 = ORIENTED_EDGE ( 'NONE', *, *, #5939, .F. ) ;
#6345 = EDGE_CURVE ( 'NONE', #6244, #3036, #6266, .T. ) ;
#6346 = CARTESIAN_POINT ( 'NONE',  ( 9.460000000000000853, 0.5000000000000004441, 0.3499999999999996447 ) ) ;
#6347 = SURFACE_STYLE_USAGE ( .BOTH. , #4566 ) ;
#6348 = VERTEX_POINT ( 'NONE', #1804 ) ;
#6349 = VECTOR ( 'NONE', #7996, 1000.000000000000000 ) ;
#6350 = LINE ( 'NONE', #5438, #4417 ) ;
#6351 =( GEOMETRIC_REPRESENTATION_CONTEXT ( 3 ) GLOBAL_UNCERTAINTY_ASSIGNED_CONTEXT ( ( #3219 ) ) GLOBAL_UNIT_ASSIGNED_CONTEXT ( ( #6307, #7221, #523 ) ) REPRESENTATION_CONTEXT ( 'NONE', 'WORKASPACE' ) );
#6352 = CARTESIAN_POINT ( 'NONE',  ( 5.867121992501592942, 5.777242093666581368, 0.3499999999999997558 ) ) ;
#6353 = VERTEX_POINT ( 'NONE', #830 ) ;
#6354 = AXIS2_PLACEMENT_3D ( 'NONE', #7894, #1108, #5668 ) ;
#6355 = SURFACE_STYLE_FILL_AREA ( #6267 ) ;
#6356 = DIRECTION ( 'NONE',  ( 0.000000000000000000, 0.000000000000000000, 1.000000000000000000 ) ) ;
#6357 = DIRECTION ( 'NONE',  ( -0.000000000000000000, -0.000000000000000000, -1.000000000000000000 ) ) ;
#6358 = VECTOR ( 'NONE', #6066, 1000.000000000000000 ) ;
#6359 = CARTESIAN_POINT ( 'NONE',  ( 0.4633568989079006606, 1.699999999999997957, 0.3499999999999999778 ) ) ;
#6360 = VECTOR ( 'NONE', #9213, 1000.000000000000000 ) ;
#6361 = VERTEX_POINT ( 'NONE', #3828 ) ;
#6362 = CARTESIAN_POINT ( 'NONE',  ( -0.8556901891658993398, 5.260692584315935783, 0.3500000000000000333 ) ) ;
#6363 = ADVANCED_FACE ( 'NONE', ( #90 ), #4216, .T. ) ;
#6364 = FILL_AREA_STYLE_COLOUR ( '', #6960 ) ;
#6365 = CARTESIAN_POINT ( 'NONE',  ( 4.179306504786379328, 4.786369049942377885, 0.3499999999999997558 ) ) ;
#6366 = STYLED_ITEM ( 'NONE', ( #3822 ), #5279 ) ;
#6367 = ORIENTED_EDGE ( 'NONE', *, *, #5753, .F. ) ;
#6368 = VECTOR ( 'NONE', #7922, 1000.000000000000000 ) ;
#6369 = EDGE_CURVE ( 'NONE', #2574, #7165, #5723, .T. ) ;
#6370 = ORIENTED_EDGE ( 'NONE', *, *, #7162, .T. ) ;
#6371 = CARTESIAN_POINT ( 'NONE',  ( 7.270000000000001350, -2.800000000000001155, 0.3499999999999997002 ) ) ;
#6372 =( NAMED_UNIT ( * ) PLANE_ANGLE_UNIT ( ) SI_UNIT ( $, .RADIAN. ) );
#6373 = LINE ( 'NONE', #4184, #2651 ) ;
#6374 = LINE ( 'NONE', #6952, #7018 ) ;
#6375 = CARTESIAN_POINT ( 'NONE',  ( 1.540000000000000036, 0.5000000000000000000, -0.3500000000000000888 ) ) ;
#6376 = VECTOR ( 'NONE', #9237, 1000.000000000000000 ) ;
#6377 = LINE ( 'NONE', #9360, #1429 ) ;
#6378 = CARTESIAN_POINT ( 'NONE',  ( 11.63000000000000078, 8.500000000000000000, 1.199999999999999512 ) ) ;
#6379 = SURFACE_SIDE_STYLE ('',( #3362 ) ) ;
#6380 = VECTOR ( 'NONE', #7442, 1000.000000000000000 ) ;
#6381 = ORIENTED_EDGE ( 'NONE', *, *, #5454, .T. ) ;
#6382 = CARTESIAN_POINT ( 'NONE',  ( 9.560000000000000497, 6.299999999999999822, -0.3500000000000003109 ) ) ;
#6383 = AXIS2_PLACEMENT_3D ( 'NONE', #820, #2365, #4472 ) ;
#6384 = EDGE_LOOP ( 'NONE', ( #682, #4497, #2649, #5679 ) ) ;
#6385 = DIRECTION ( 'NONE',  ( -1.000000000000000000, -1.084202172485504434E-16, 0.000000000000000000 ) ) ;
#6386 = DIRECTION ( 'NONE',  ( 1.000000000000000000, 0.000000000000000000, 0.000000000000000000 ) ) ;
#6387 = LINE ( 'NONE', #3427, #6777 ) ;
#6388 = LINE ( 'NONE', #558, #4626 ) ;
#6389 = EDGE_CURVE ( 'NONE', #7275, #5828, #427, .T. ) ;
#6390 = CARTESIAN_POINT ( 'NONE',  ( 6.620000000000000995, 1.800000000000000266, -0.1166666666666670155 ) ) ;
#6391 = VERTEX_POINT ( 'NONE', #1907 ) ;
#6392 = ORIENTED_EDGE ( 'NONE', *, *, #5695, .T. ) ;
#6393 = CARTESIAN_POINT ( 'NONE',  ( 10.31000000000000405, -3.000000000000000000, 0.3499999999999996447 ) ) ;
#6394 = VECTOR ( 'NONE', #2061, 1000.000000000000000 ) ;
#6395 =( LENGTH_UNIT ( ) NAMED_UNIT ( * ) SI_UNIT ( .MILLI., .METRE. ) );
#6396 = DIRECTION ( 'NONE',  ( 0.000000000000000000, -0.000000000000000000, -1.000000000000000000 ) ) ;
#6397 = VERTEX_POINT ( 'NONE', #3448 ) ;
#6398 = CARTESIAN_POINT ( 'NONE',  ( 9.514533521472694488, 3.877691542223589138, -0.3500000000000003109 ) ) ;
#6399 = FILL_AREA_STYLE_COLOUR ( '', #48 ) ;
#6400 = CARTESIAN_POINT ( 'NONE',  ( 1.651150453949023378, 4.917640708295714091, -0.3500000000000000333 ) ) ;
#6401 = EDGE_CURVE ( 'NONE', #7265, #1963, #9385, .T. ) ;
#6402 = LINE ( 'NONE', #1114, #2041 ) ;
#6403 = ORIENTED_EDGE ( 'NONE', *, *, #9040, .T. ) ;
#6404 = AXIS2_PLACEMENT_3D ( 'NONE', #1664, #93, #884 ) ;
#6405 = DIRECTION ( 'NONE',  ( 0.000000000000000000, 1.000000000000000000, -1.668003342285391551E-16 ) ) ;
#6406 = LINE ( 'NONE', #8597, #4233 ) ;
#6407 = PRESENTATION_STYLE_ASSIGNMENT (( #375 ) ) ;
#6408 =( NAMED_UNIT ( * ) PLANE_ANGLE_UNIT ( ) SI_UNIT ( $, .RADIAN. ) );
#6409 = ORIENTED_EDGE ( 'NONE', *, *, #7966, .F. ) ;
#6410 = VECTOR ( 'NONE', #5353, 1000.000000000000000 ) ;
#6411 = CARTESIAN_POINT ( 'NONE',  ( 7.270000000000000462, 0.000000000000000000, 0.3499999999999999778 ) ) ;
#6412 = SURFACE_STYLE_FILL_AREA ( #9351 ) ;
#6413 = CARTESIAN_POINT ( 'NONE',  ( 4.279832123124273302, 5.699693040756022455, 0.3499999999999999223 ) ) ;
#6414 = ORIENTED_EDGE ( 'NONE', *, *, #789, .T. ) ;
#6415 = AXIS2_PLACEMENT_3D ( 'NONE', #6252, #1696, #4699 ) ;
#6416 = ORIENTED_EDGE ( 'NONE', *, *, #6608, .T. ) ;
#6417 = LINE ( 'NONE', #1966, #5133 ) ;
#6418 =( NAMED_UNIT ( * ) PLANE_ANGLE_UNIT ( ) SI_UNIT ( $, .RADIAN. ) );
#6419 = CARTESIAN_POINT ( 'NONE',  ( 2.890000000000001013, 0.5000000000000005551, -0.3500000000000000888 ) ) ;
#6420 = FILL_AREA_STYLE_COLOUR ( '', #6881 ) ;
#6421 = ADVANCED_FACE ( 'NONE', ( #2002 ), #1270, .T. ) ;
#6422 = AXIS2_PLACEMENT_3D ( 'NONE', #2180, #4334, #6567 ) ;
#6423 = AXIS2_PLACEMENT_3D ( 'NONE', #577, #5287, #2212 ) ;
#6424 = CARTESIAN_POINT ( 'NONE',  ( 5.601845733883980216, 5.626229152235330488, -1.681754820221790150E-16 ) ) ;
#6425 = CYLINDRICAL_SURFACE ( 'NONE', #8986, 0.2000000000000000944 ) ;
#6426 = ORIENTED_EDGE ( 'NONE', *, *, #347, .T. ) ;
#6427 =( NAMED_UNIT ( * ) PLANE_ANGLE_UNIT ( ) SI_UNIT ( $, .RADIAN. ) );
#6428 = EDGE_CURVE ( 'NONE', #452, #4914, #9082, .T. ) ;
#6429 = ORIENTED_EDGE ( 'NONE', *, *, #1812, .T. ) ;
#6430 = EDGE_CURVE ( 'NONE', #4865, #8822, #6500, .T. ) ;
#6431 = CARTESIAN_POINT ( 'NONE',  ( 4.930000000000001492, -3.000000000000000000, 0.3499999999999998113 ) ) ;
#6432 = LINE ( 'NONE', #2792, #2251 ) ;
#6433 = LINE ( 'NONE', #1249, #6931 ) ;
#6434 = CARTESIAN_POINT ( 'NONE',  ( 8.619999999999999218, 6.500000000000000888, 0.3499999999999989231 ) ) ;
#6435 = CARTESIAN_POINT ( 'NONE',  ( 0.000000000000000000, 8.000000000000000000, 0.000000000000000000 ) ) ;
#6436 = CARTESIAN_POINT ( 'NONE',  ( 8.406052886485989362, 5.783587059575309830, -0.3500000000000004219 ) ) ;
#6437 = EDGE_LOOP ( 'NONE', ( #1475, #9222, #498, #2785 ) ) ;
#6438 = ORIENTED_EDGE ( 'NONE', *, *, #6141, .F. ) ;
#6439 = CARTESIAN_POINT ( 'NONE',  ( 0.3525240155457787239, 5.732672356334978403, -0.3499999999999999778 ) ) ;
#6440 = EDGE_CURVE ( 'NONE', #7037, #2724, #8179, .T. ) ;
#6441 = PRESENTATION_STYLE_ASSIGNMENT (( #4208 ) ) ;
#6442 = LINE ( 'NONE', #7169, #3882 ) ;
#6443 = VERTEX_POINT ( 'NONE', #2957 ) ;
#6444 = CARTESIAN_POINT ( 'NONE',  ( 7.941845733883979186, 5.626229152235330488, 0.3499999999999997002 ) ) ;
#6445 = STYLED_ITEM ( 'NONE', ( #948 ), #5123 ) ;
#6446 = VECTOR ( 'NONE', #6677, 1000.000000000000000 ) ;
#6447 = LINE ( 'NONE', #7952, #1256 ) ;
#6448 = ORIENTED_EDGE ( 'NONE', *, *, #2450, .F. ) ;
#6449 = DIRECTION ( 'NONE',  ( -1.000000000000000000, 0.000000000000000000, 0.000000000000000000 ) ) ;
#6450 = DIRECTION ( 'NONE',  ( 0.000000000000000000, 0.000000000000000000, 1.000000000000000000 ) ) ;
#6451 = EDGE_CURVE ( 'NONE', #8619, #1175, #1465, .T. ) ;
#6452 = PLANE ( 'NONE',  #3077 ) ;
#6453 = CARTESIAN_POINT ( 'NONE',  ( -0.6999999999999995115, 0.5000000000000004441, 0.3499999999999999778 ) ) ;
#6454 = ORIENTED_EDGE ( 'NONE', *, *, #4327, .T. ) ;
#6455 = CARTESIAN_POINT ( 'NONE',  ( -0.9999999999999993339, 0.8000000000000004885, 0.3499999999999999778 ) ) ;
#6456 = SURFACE_STYLE_FILL_AREA ( #6316 ) ;
#6457 =( BOUNDED_SURFACE ( )  B_SPLINE_SURFACE ( 3, 1, ( 
 ( #8503, #9242 ),
 ( #2571, #5544 ),
 ( #4227, #1179 ),
 ( #4319, #1325 ) ),
 .UNSPECIFIED., .F., .F., .F. ) 
 B_SPLINE_SURFACE_WITH_KNOTS ( ( 4, 4 ),
 ( 2, 2 ),
 ( 0.000000000000000000, 1.000000000000000000 ),
 ( 0.000000000000000000, 1.000000000000000000 ),
 .UNSPECIFIED. ) 
 GEOMETRIC_REPRESENTATION_ITEM ( )  RATIONAL_B_SPLINE_SURFACE ( (
 ( 1.000000000000000000, 1.000000000000000000),
 ( 0.9488815137910384667, 0.9488815137910384667),
 ( 0.9488815137910384667, 0.9488815137910384667),
 ( 1.000000000000000000, 1.000000000000000000) ) ) 
 REPRESENTATION_ITEM ( '' )  SURFACE ( )  );
#6458 = CARTESIAN_POINT ( 'NONE',  ( 4.305852863327319646, 5.851685420754309419, 0.3499999999999998668 ) ) ;
#6459 = EDGE_LOOP ( 'NONE', ( #7113, #602, #7556, #9041 ) ) ;
#6460 = PRESENTATION_LAYER_ASSIGNMENT (  '', '', ( #1933 ) ) ;
#6461 = ORIENTED_EDGE ( 'NONE', *, *, #6781, .T. ) ;
#6462 = DIRECTION ( 'NONE',  ( -7.744301232039316681E-17, 0.000000000000000000, -1.000000000000000000 ) ) ;
#6463 = ADVANCED_FACE ( 'NONE', ( #8987 ), #3584, .F. ) ;
#6464 = CARTESIAN_POINT ( 'NONE',  ( 2.040000000000001812, 6.299999999999999822, -0.3500000000000000888 ) ) ;
#6465 =( GEOMETRIC_REPRESENTATION_CONTEXT ( 3 ) GLOBAL_UNCERTAINTY_ASSIGNED_CONTEXT ( ( #9274 ) ) GLOBAL_UNIT_ASSIGNED_CONTEXT ( ( #1692, #7061, #7653 ) ) REPRESENTATION_CONTEXT ( 'NONE', 'WORKASPACE' ) );
#6466 = SURFACE_SIDE_STYLE ('',( #2017 ) ) ;
#6467 = CARTESIAN_POINT ( 'NONE',  ( -5.421010862427528333E-17, 0.5000000000000005551, -0.3499999999999999778 ) ) ;
#6468 = DIRECTION ( 'NONE',  ( 1.121588454295349533E-16, -1.000000000000000000, 0.000000000000000000 ) ) ;
#6469 = DIRECTION ( 'NONE',  ( -0.000000000000000000, -1.000000000000000000, -0.000000000000000000 ) ) ;
#6470 = CARTESIAN_POINT ( 'NONE',  ( 10.48525581988180555, 5.589454083063163381, 0.3499999999999996447 ) ) ;
#6471 = DIRECTION ( 'NONE',  ( 0.000000000000000000, 1.000000000000000000, -3.097720492815727166E-16 ) ) ;
#6472 = EDGE_CURVE ( 'NONE', #7380, #5104, #4310, .T. ) ;
#6473 = AXIS2_PLACEMENT_3D ( 'NONE', #6481, #9465, #4150 ) ;
#6474 = ORIENTED_EDGE ( 'NONE', *, *, #6251, .F. ) ;
#6475 = DIRECTION ( 'NONE',  ( -1.000000000000000000, 0.000000000000000000, 7.744301232039316681E-17 ) ) ;
#6476 = ORIENTED_EDGE ( 'NONE', *, *, #7572, .T. ) ;
#6477 = DIRECTION ( 'NONE',  ( -1.000000000000000000, 0.000000000000000000, 0.000000000000000000 ) ) ;
#6478 = DIRECTION ( 'NONE',  ( -1.000000000000000000, -0.000000000000000000, -0.000000000000000000 ) ) ;
#6479 = EDGE_CURVE ( 'NONE', #1505, #8627, #3966, .T. ) ;
#6480 = CARTESIAN_POINT ( 'NONE',  ( 7.098154266116019961, 5.626229152235333153, -0.3500000000000002554 ) ) ;
#6481 = CARTESIAN_POINT ( 'NONE',  ( 3.226754932607761361, 10.39117142264903570, -0.6500000000000030198 ) ) ;
#6482 = FACE_OUTER_BOUND ( 'NONE', #7944, .T. ) ;
#6483 = FACE_OUTER_BOUND ( 'NONE', #7333, .T. ) ;
#6484 = ADVANCED_FACE ( 'NONE', ( #217 ), #9510, .T. ) ;
#6485 = EDGE_CURVE ( 'NONE', #6265, #5708, #4657, .T. ) ;
#6486 = CARTESIAN_POINT ( 'NONE',  ( 0.6813801503214174105, 6.233860305463100104, -0.3499999999999999778 ) ) ;
#6487 = VERTEX_POINT ( 'NONE', #3284 ) ;
#6488 = AXIS2_PLACEMENT_3D ( 'NONE', #60, #7540, #5215 ) ;
#6489 = VERTEX_POINT ( 'NONE', #1653 ) ;
#6490 = CARTESIAN_POINT ( 'NONE',  ( 9.160000000000001918, 0.8000000000000004885, -0.3500000000000003109 ) ) ;
#6491 = EDGE_LOOP ( 'NONE', ( #2943, #4008, #2114, #2352, #4599, #4594, #7621, #4554 ) ) ;
#6492 = EDGE_CURVE ( 'NONE', #7058, #6707, #3873, .T. ) ;
#6493 = SURFACE_STYLE_USAGE ( .BOTH. , #4362 ) ;
#6494 = AXIS2_PLACEMENT_3D ( 'NONE', #1728, #3177, #8371 ) ;
#6495 = PRESENTATION_LAYER_ASSIGNMENT (  '', '', ( #5250 ) ) ;
#6496 = EDGE_CURVE ( 'NONE', #3055, #9363, #3142, .T. ) ;
#6497 = DIRECTION ( 'NONE',  ( 1.000000000000000000, 0.000000000000000000, 0.000000000000000000 ) ) ;
#6498 = ORIENTED_EDGE ( 'NONE', *, *, #5337, .T. ) ;
#6499 = COLOUR_RGB ( '',0.8313725490196077761, 0.6705882352941175961, 0.1294117647058823373 ) ;
#6500 = LINE ( 'NONE', #8546, #9012 ) ;
#6501 = LINE ( 'NONE', #4368, #8129 ) ;
#6502 = LINE ( 'NONE', #3449, #6342 ) ;
#6503 = STYLED_ITEM ( 'NONE', ( #8647 ), #2827 ) ;
#6504 = DIRECTION ( 'NONE',  ( 1.000000000000000000, -0.000000000000000000, 0.000000000000000000 ) ) ;
#6505 = VERTEX_POINT ( 'NONE', #8250 ) ;
#6506 = COLOUR_RGB ( '',0.8313725490196077761, 0.6705882352941175961, 0.1294117647058823373 ) ;
#6507 = PRESENTATION_STYLE_ASSIGNMENT (( #6597 ) ) ;
#6508 = DIRECTION ( 'NONE',  ( 1.000000000000000000, 0.000000000000000000, 0.000000000000000000 ) ) ;
#6509 = PRESENTATION_LAYER_ASSIGNMENT (  '', '', ( #1041 ) ) ;
#6510 = CARTESIAN_POINT ( 'NONE',  ( -0.4999999999999985012, 6.299999999999999822, -0.3499999999999999778 ) ) ;
#6511 = VECTOR ( 'NONE', #1592, 1000.000000000000000 ) ;
#6512 = ORIENTED_EDGE ( 'NONE', *, *, #284, .T. ) ;
#6513 = UNCERTAINTY_MEASURE_WITH_UNIT (LENGTH_MEASURE( 1.000000000000000082E-05 ), #8492, 'distance_accuracy_value', 'NONE');
#6514 = VERTEX_POINT ( 'NONE', #5432 ) ;
#6515 = LINE ( 'NONE', #5688, #3349 ) ;
#6516 = DIRECTION ( 'NONE',  ( 0.000000000000000000, 4.336808689942018722E-16, -1.000000000000000000 ) ) ;
#6517 = PRESENTATION_LAYER_ASSIGNMENT (  '', '', ( #2467 ) ) ;
#6518 = PLANE ( 'NONE',  #4553 ) ;
#6519 = CARTESIAN_POINT ( 'NONE',  ( 10.48525581988180555, 5.589454083063163381, 0.3499999999999996447 ) ) ;
#6520 = CARTESIAN_POINT ( 'NONE',  ( 7.620000000000000107, 6.299999999999999822, 0.3499999999999997002 ) ) ;
#6521 = CARTESIAN_POINT ( 'NONE',  ( 2.890000000000000124, 8.200000000000001066, 0.3499999999999999778 ) ) ;
#6522 = STYLED_ITEM ( 'NONE', ( #8193 ), #5515 ) ;
#6523 =( LENGTH_UNIT ( ) NAMED_UNIT ( * ) SI_UNIT ( .MILLI., .METRE. ) );
#6524 = AXIS2_PLACEMENT_3D ( 'NONE', #24, #9029, #858 ) ;
#6525 = EDGE_CURVE ( 'NONE', #8057, #2025, #4034, .T. ) ;
#6526 = AXIS2_PLACEMENT_3D ( 'NONE', #6708, #5246, #8217 ) ;
#6527 = EDGE_CURVE ( 'NONE', #7000, #9397, #3093, .T. ) ;
#6528 = DIRECTION ( 'NONE',  ( 0.000000000000000000, 3.097720492815727166E-16, 1.000000000000000000 ) ) ;
#6529 = EDGE_LOOP ( 'NONE', ( #2541, #1097, #4228, #892 ) ) ;
#6530 = FACE_OUTER_BOUND ( 'NONE', #4679, .T. ) ;
#6531 = VERTEX_POINT ( 'NONE', #8339 ) ;
#6532 = VECTOR ( 'NONE', #936, 1000.000000000000000 ) ;
#6533 = CARTESIAN_POINT ( 'NONE',  ( 5.405255819881806367, 5.589454083063162493, -0.3500000000000001443 ) ) ;
#6534 = CARTESIAN_POINT ( 'NONE',  ( 7.270000000000000462, 8.200000000000001066, 0.3499999999999999778 ) ) ;
#6535 = CARTESIAN_POINT ( 'NONE',  ( 0.8696152422706630025, 8.500000000000000000, 0.000000000000000000 ) ) ;
#6536 = EDGE_CURVE ( 'NONE', #5828, #7725, #9042, .T. ) ;
#6537 = SURFACE_STYLE_FILL_AREA ( #7989 ) ;
#6538 = VECTOR ( 'NONE', #292, 1000.000000000000000 ) ;
#6539 = LINE ( 'NONE', #3523, #4651 ) ;
#6540 = CARTESIAN_POINT ( 'NONE',  ( 10.48525581988180555, 5.589454083063163381, -0.3500000000000003109 ) ) ;
#6541 = ORIENTED_EDGE ( 'NONE', *, *, #6602, .F. ) ;
#6542 = ORIENTED_EDGE ( 'NONE', *, *, #2847, .T. ) ;
#6543 = CARTESIAN_POINT ( 'NONE',  ( 2.214744180118195516, 5.589454083063166046, -0.3500000000000000888 ) ) ;
#6544 = EDGE_CURVE ( 'NONE', #3335, #1758, #919, .T. ) ;
#6545 = CARTESIAN_POINT ( 'NONE',  ( 0.6867549326077613259, 0.5000000000000000000, -0.6500000000000013545 ) ) ;
#6546 = VERTEX_POINT ( 'NONE', #174 ) ;
#6547 = LINE ( 'NONE', #7214, #997 ) ;
#6548 = CARTESIAN_POINT ( 'NONE',  ( 7.120000000000000995, 6.299999999999999822, -0.3500000000000002554 ) ) ;
#6549 = EDGE_CURVE ( 'NONE', #8132, #3526, #6162, .T. ) ;
#6550 = ORIENTED_EDGE ( 'NONE', *, *, #7851, .T. ) ;
#6551 = CARTESIAN_POINT ( 'NONE',  ( 4.248546599915419719, 5.476966929916272875, -0.3500000000000001443 ) ) ;
#6552 = CARTESIAN_POINT ( 'NONE',  ( 0.6662662111508188545, 6.298959448224887403, 0.3500000000000000888 ) ) ;
#6553 = CARTESIAN_POINT ( 'NONE',  ( 10.75999999999999979, 6.299999999999999822, -0.3500000000000003109 ) ) ;
#6554 = CARTESIAN_POINT ( 'NONE',  ( 7.669999999999999929, 8.026794919243112503, 0.05000000000000034972 ) ) ;
#6555 = ORIENTED_EDGE ( 'NONE', *, *, #2924, .T. ) ;
#6556 = FACE_OUTER_BOUND ( 'NONE', #6529, .T. ) ;
#6557 = PRESENTATION_LAYER_ASSIGNMENT (  '', '', ( #5471 ) ) ;
#6558 = CARTESIAN_POINT ( 'NONE',  ( -0.9147081045647341702, 4.597665842577888462, -0.3499999999999999778 ) ) ;
#6559 = PRESENTATION_STYLE_ASSIGNMENT (( #3868 ) ) ;
#6560 = CARTESIAN_POINT ( 'NONE',  ( 4.293241503964613237, 5.779404586027640178, 0.3499999999999999223 ) ) ;
#6561 = VERTEX_POINT ( 'NONE', #1791 ) ;
#6562 = ORIENTED_EDGE ( 'NONE', *, *, #6345, .F. ) ;
#6563 = DIRECTION ( 'NONE',  ( -1.000000000000000000, -0.000000000000000000, -0.000000000000000000 ) ) ;
#6564 = EDGE_CURVE ( 'NONE', #6932, #2716, #4207, .T. ) ;
#6565 = CARTESIAN_POINT ( 'NONE',  ( 0.000000000000000000, 8.000000000000000000, 0.000000000000000000 ) ) ;
#6566 = CARTESIAN_POINT ( 'NONE',  ( 8.489615242270662776, 8.500000000000000000, -0.8696152422706631135 ) ) ;
#6567 = DIRECTION ( 'NONE',  ( 1.000000000000000000, 0.000000000000000000, 0.000000000000000000 ) ) ;
#6568 = CARTESIAN_POINT ( 'NONE',  ( 5.680000000000000604, 6.299999999999999822, 0.3499999999999998113 ) ) ;
#6569 = DIRECTION ( 'NONE',  ( 0.000000000000000000, 1.000000000000000000, -1.668003342285391797E-16 ) ) ;
#6570 = CARTESIAN_POINT ( 'NONE',  ( 2.190000000000000835, 0.5000000000000005551, -0.3500000000000000888 ) ) ;
#6571 = ORIENTED_EDGE ( 'NONE', *, *, #386, .F. ) ;
#6572 = MECHANICAL_DESIGN_GEOMETRIC_PRESENTATION_REPRESENTATION (  '', ( #7659 ), #8750 ) ;
#6573 = ORIENTED_EDGE ( 'NONE', *, *, #9627, .T. ) ;
#6574 = CARTESIAN_POINT ( 'NONE',  ( 9.807475984454221418, 5.732672356334980179, 0.3499999999999996447 ) ) ;
#6575 = VERTEX_POINT ( 'NONE', #1898 ) ;
#6576 = DIRECTION ( 'NONE',  ( 1.000000000000000000, 1.121588454295349780E-16, -0.000000000000000000 ) ) ;
#6577 = EDGE_CURVE ( 'NONE', #4446, #8057, #7067, .T. ) ;
#6578 = CARTESIAN_POINT ( 'NONE',  ( 11.63000000000000078, 0.000000000000000000, -0.6499999999999991340 ) ) ;
#6579 = LINE ( 'NONE', #6623, #35 ) ;
#6580 = DIRECTION ( 'NONE',  ( 1.000000000000000000, 0.000000000000000000, 0.000000000000000000 ) ) ;
#6581 = LINE ( 'NONE', #2086, #224 ) ;
#6582 = CARTESIAN_POINT ( 'NONE',  ( 1.752463891615423375, 5.774771377977407916, -0.3499999999999999778 ) ) ;
#6583 = CARTESIAN_POINT ( 'NONE',  ( 0.8578385625839363149, 5.240363704783927545, -0.3500000000000000333 ) ) ;
#6584 = ORIENTED_EDGE ( 'NONE', *, *, #8760, .T. ) ;
#6585 = EDGE_CURVE ( 'NONE', #6669, #8962, #6102, .T. ) ;
#6586 = ORIENTED_EDGE ( 'NONE', *, *, #9107, .F. ) ;
#6587 = EDGE_CURVE ( 'NONE', #8273, #6487, #1713, .T. ) ;
#6588 = CARTESIAN_POINT ( 'NONE',  ( 6.810497576386658203, 5.635051924202448603, -0.3500000000000003109 ) ) ;
#6589 = DIRECTION ( 'NONE',  ( -3.310540984688563355E-17, 0.000000000000000000, -1.000000000000000000 ) ) ;
#6590 = ORIENTED_EDGE ( 'NONE', *, *, #2839, .T. ) ;
#6591 = DIRECTION ( 'NONE',  ( 1.084202172485504434E-16, -1.000000000000000000, 0.000000000000000000 ) ) ;
#6592 = DIRECTION ( 'NONE',  ( 1.084202172485504434E-16, -1.000000000000000000, 0.000000000000000000 ) ) ;
#6593 = EDGE_LOOP ( 'NONE', ( #790, #359, #3769, #2454 ) ) ;
#6594 = CARTESIAN_POINT ( 'NONE',  ( 4.086881821040567075, 2.798202530627315721, -0.3500000000000001443 ) ) ;
#6595 = FACE_OUTER_BOUND ( 'NONE', #3353, .T. ) ;
#6596 = ORIENTED_EDGE ( 'NONE', *, *, #4743, .T. ) ;
#6597 = SURFACE_STYLE_USAGE ( .BOTH. , #2815 ) ;
#6598 = B_SPLINE_CURVE_WITH_KNOTS ( 'NONE', 3,
 ( #1589, #1814, #3399, #112, #7816, #6314, #4815, #4867, #2623, #5594, #3126, #9062, #6095, #7085, #1633, #6362, #1425, #5049, #9436, #5784, #2864, #8805, #1957, #9528, #5149, #8698, #7375, #1276, #4222, #8009, #8646 ),
 .UNSPECIFIED., .F., .F.,
 ( 4, 1, 1, 1, 1, 1, 1, 2, 2, 1, 1, 1, 1, 2, 2, 1, 1, 1, 1, 1, 2, 2, 4 ),
 ( 0.000000000000000000, 0.06250000000001437739, 0.09375000000002127465, 0.1093750000000249245, 0.1171875000000267425, 0.1210937500000276584, 0.1230468750000281303, 0.1240234375000285189, 0.1250000000000288936, 0.1875000000000276723, 0.2187500000000270617, 0.2343750000000267564, 0.2421875000000266176, 0.2460937500000268119, 0.2500000000000269784, 0.3750000000000259237, 0.4375000000000253686, 0.4687500000000248135, 0.4843750000000245359, 0.4921875000000244249, 0.4960937500000245914, 0.5000000000000247580, 1.000000000000000000 ),
 .UNSPECIFIED. ) ;
#6599 = CARTESIAN_POINT ( 'NONE',  ( -0.8095024236133424589, 5.635051924202448603, -0.3499999999999999778 ) ) ;
#6600 = CARTESIAN_POINT ( 'NONE',  ( 4.137499970055214860, 4.124619419408428911, 0.3499999999999997558 ) ) ;
#6601 = VERTEX_POINT ( 'NONE', #6346 ) ;
#6602 = EDGE_CURVE ( 'NONE', #2096, #7210, #4112, .T. ) ;
#6603 = STYLED_ITEM ( 'NONE', ( #2029 ), #5010 ) ;
#6604 = EDGE_LOOP ( 'NONE', ( #9489, #2199, #3118, #8227, #6426, #5437, #5931, #2206, #1464, #4893, #8757, #2977, #6762, #6779, #931, #4015, #420, #5935, #4622, #3997, #4896 ) ) ;
#6605 = DIRECTION ( 'NONE',  ( 1.000000000000000000, 0.000000000000000000, 0.000000000000000000 ) ) ;
#6606 = CARTESIAN_POINT ( 'NONE',  ( 7.270000000000000462, 0.000000000000000000, -0.3499999999999999778 ) ) ;
#6607 = EDGE_CURVE ( 'NONE', #1310, #9484, #4894, .T. ) ;
#6608 = EDGE_CURVE ( 'NONE', #8754, #4767, #1215, .T. ) ;
#6609 = DIRECTION ( 'NONE',  ( -0.000000000000000000, 1.000000000000000000, -0.000000000000000000 ) ) ;
#6610 = CARTESIAN_POINT ( 'NONE',  ( 0.1500000000000021316, -3.000000000000000000, 0.3499999999999999778 ) ) ;
#6611 = DIRECTION ( 'NONE',  ( -1.000000000000000000, 0.000000000000000000, 0.000000000000000000 ) ) ;
#6612 = DIRECTION ( 'NONE',  ( -0.000000000000000000, 0.000000000000000000, 1.000000000000000000 ) ) ;
#6613 = STYLED_ITEM ( 'NONE', ( #7324 ), #568 ) ;
#6614 = CARTESIAN_POINT ( 'NONE',  ( 2.539999999999998703, 1.700000000000000178, -0.3500000000000000888 ) ) ;
#6615 = ORIENTED_EDGE ( 'NONE', *, *, #2058, .T. ) ;
#6616 = VERTEX_POINT ( 'NONE', #9226 ) ;
#6617 = CARTESIAN_POINT ( 'NONE',  ( 9.834744180118196510, 5.589454083063166046, -0.3500000000000003109 ) ) ;
#6618 = VECTOR ( 'NONE', #8710, 1000.000000000000000 ) ;
#6619 = VERTEX_POINT ( 'NONE', #362 ) ;
#6620 = CARTESIAN_POINT ( 'NONE',  ( 6.080000000000000959, 0.8000000000000007105, -0.3500000000000001443 ) ) ;
#6621 = PLANE ( 'NONE',  #882 ) ;
#6622 = CARTESIAN_POINT ( 'NONE',  ( 9.350497576386660015, 5.635051924202448603, -0.3500000000000002554 ) ) ;
#6623 = CARTESIAN_POINT ( 'NONE',  ( 11.63000000000000078, 0.5000000000000002220, 0.6500000000000010214 ) ) ;
#6624 = SURFACE_SIDE_STYLE ('',( #4403 ) ) ;
#6625 = CARTESIAN_POINT ( 'NONE',  ( 1.593913198591397684, 4.056300144720211165, -0.3500000000000001998 ) ) ;
#6626 =( NAMED_UNIT ( * ) SI_UNIT ( $, .STERADIAN. ) SOLID_ANGLE_UNIT ( ) );
#6627 = ORIENTED_EDGE ( 'NONE', *, *, #6639, .T. ) ;
#6628 = CARTESIAN_POINT ( 'NONE',  ( 4.729999999999999538, 8.200000000000001066, 0.3499999999999999778 ) ) ;
#6629 = VERTEX_POINT ( 'NONE', #3379 ) ;
#6630 = FILL_AREA_STYLE ('',( #5861 ) ) ;
#6631 = LINE ( 'NONE', #4513, #6349 ) ;
#6632 = DIRECTION ( 'NONE',  ( -1.000000000000000000, -1.084202172485504434E-16, 0.000000000000000000 ) ) ;
#6633 = VERTEX_POINT ( 'NONE', #4156 ) ;
#6634 = FILL_AREA_STYLE ('',( #2995 ) ) ;
#6635 = DIRECTION ( 'NONE',  ( 0.000000000000000000, 1.000000000000000000, 0.000000000000000000 ) ) ;
#6636 = VECTOR ( 'NONE', #9219, 1000.000000000000000 ) ;
#6637 = EDGE_CURVE ( 'NONE', #452, #6168, #8630, .T. ) ;
#6638 = ORIENTED_EDGE ( 'NONE', *, *, #5815, .F. ) ;
#6639 = EDGE_CURVE ( 'NONE', #7210, #8294, #5621, .T. ) ;
#6640 = FILL_AREA_STYLE_COLOUR ( '', #2144 ) ;
#6641 = FILL_AREA_STYLE_COLOUR ( '', #3704 ) ;
#6642 = VECTOR ( 'NONE', #1045, 1000.000000000000000 ) ;
#6643 = DIRECTION ( 'NONE',  ( 0.000000000000000000, 0.000000000000000000, 1.000000000000000000 ) ) ;
#6644 = ORIENTED_EDGE ( 'NONE', *, *, #1720, .T. ) ;
#6645 = VECTOR ( 'NONE', #9011, 1000.000000000000000 ) ;
#6646 = UNCERTAINTY_MEASURE_WITH_UNIT (LENGTH_MEASURE( 1.000000000000000082E-05 ), #610, 'distance_accuracy_value', 'NONE');
#6647 = CARTESIAN_POINT ( 'NONE',  ( 4.727475984454220459, 5.732672356334980179, 0.3499999999999998113 ) ) ;
#6648 = UNCERTAINTY_MEASURE_WITH_UNIT (LENGTH_MEASURE( 1.000000000000000082E-05 ), #2970, 'distance_accuracy_value', 'NONE');
#6649 = CARTESIAN_POINT ( 'NONE',  ( -0.8626260474599404260, 5.194217234909946690, -0.3499999999999999778 ) ) ;
#6650 = CARTESIAN_POINT ( 'NONE',  ( 3.240000000000000657, 0.5000000000000006661, -0.3500000000000000888 ) ) ;
#6651 = VERTEX_POINT ( 'NONE', #416 ) ;
#6652 =( GEOMETRIC_REPRESENTATION_CONTEXT ( 3 ) GLOBAL_UNCERTAINTY_ASSIGNED_CONTEXT ( ( #1378 ) ) GLOBAL_UNIT_ASSIGNED_CONTEXT ( ( #123, #8292, #9077 ) ) REPRESENTATION_CONTEXT ( 'NONE', 'WORKASPACE' ) );
#6653 = ORIENTED_EDGE ( 'NONE', *, *, #4989, .T. ) ;
#6654 = VECTOR ( 'NONE', #6357, 1000.000000000000000 ) ;
#6655 = CARTESIAN_POINT ( 'NONE',  ( 4.580000000000001847, 6.084152315493286167, 0.3499999999999998113 ) ) ;
#6656 = VECTOR ( 'NONE', #2071, 1000.000000000000000 ) ;
#6657 = CARTESIAN_POINT ( 'NONE',  ( 0.7000000000000006217, 0.5000000000000006661, -0.3499999999999999778 ) ) ;
#6658 = VECTOR ( 'NONE', #1585, 1000.000000000000114 ) ;
#6659 = ORIENTED_EDGE ( 'NONE', *, *, #6485, .T. ) ;
#6660 = LINE ( 'NONE', #7243, #8866 ) ;
#6661 = EDGE_CURVE ( 'NONE', #6505, #780, #1941, .T. ) ;
#6662 = CARTESIAN_POINT ( 'NONE',  ( 11.11999941520171120, 3.767448265748724268, 0.3499999999999996447 ) ) ;
#6663 = COLOUR_RGB ( '',0.8313725490196077761, 0.6705882352941175961, 0.1294117647058823373 ) ;
#6664 = CARTESIAN_POINT ( 'NONE',  ( 2.190000000000000835, -1.084202172485501815E-17, -0.3500000000000000888 ) ) ;
#6665 = DIRECTION ( 'NONE',  ( 0.000000000000000000, 0.000000000000000000, 1.000000000000000000 ) ) ;
#6666 = FACE_OUTER_BOUND ( 'NONE', #2877, .T. ) ;
#6667 = VERTEX_POINT ( 'NONE', #7892 ) ;
#6668 = AXIS2_PLACEMENT_3D ( 'NONE', #9430, #4998, #7176 ) ;
#6669 = VERTEX_POINT ( 'NONE', #465 ) ;
#6670 = CARTESIAN_POINT ( 'NONE',  ( 4.080000000000000959, 6.299999999999999822, 0.1283333333333334103 ) ) ;
#6671 = EDGE_LOOP ( 'NONE', ( #4871, #5558, #1684, #5670 ) ) ;
#6672 = STYLED_ITEM ( 'NONE', ( #6441 ), #4688 ) ;
#6673 = SURFACE_STYLE_FILL_AREA ( #5212 ) ;
#6674 = FACE_OUTER_BOUND ( 'NONE', #737, .T. ) ;
#6675 = MECHANICAL_DESIGN_GEOMETRIC_PRESENTATION_REPRESENTATION (  '', ( #1050 ), #731 ) ;
#6676 = CARTESIAN_POINT ( 'NONE',  ( 9.361789536020339142, 5.709058272657558497, -0.3500000000000003109 ) ) ;
#6677 = DIRECTION ( 'NONE',  ( 0.000000000000000000, 0.000000000000000000, 1.000000000000000000 ) ) ;
#6678 = FACE_OUTER_BOUND ( 'NONE', #6059, .T. ) ;
#6679 = SURFACE_STYLE_USAGE ( .BOTH. , #6770 ) ;
#6680 = CARTESIAN_POINT ( 'NONE',  ( 2.390000000000000568, -3.000000000000000000, 0.3499999999999998668 ) ) ;
#6681 = ORIENTED_EDGE ( 'NONE', *, *, #7490, .T. ) ;
#6682 = AXIS2_PLACEMENT_3D ( 'NONE', #2366, #8393, #4660 ) ;
#6683 = CARTESIAN_POINT ( 'NONE',  ( 3.540000000000000480, 1.121588454295350273E-16, 0.3499999999999998668 ) ) ;
#6684 = VECTOR ( 'NONE', #1834, 1000.000000000000000 ) ;
#6685 = ORIENTED_EDGE ( 'NONE', *, *, #8793, .T. ) ;
#6686 = CARTESIAN_POINT ( 'NONE',  ( 6.832837746342909746, 5.777005459572336576, -0.3500000000000002554 ) ) ;
#6687 = CYLINDRICAL_SURFACE ( 'NONE', #2952, 0.2999999999999999334 ) ;
#6688 = ORIENTED_EDGE ( 'NONE', *, *, #66, .T. ) ;
#6689 = AXIS2_PLACEMENT_3D ( 'NONE', #8259, #6750, #885 ) ;
#6690 = PRESENTATION_STYLE_ASSIGNMENT (( #7368 ) ) ;
#6691 = VERTEX_POINT ( 'NONE', #3485 ) ;
#6692 = CARTESIAN_POINT ( 'NONE',  ( 4.127276676835967884, 3.923639721076772613, -0.3500000000000001443 ) ) ;
#6693 = VECTOR ( 'NONE', #6904, 1000.000000000000114 ) ;
#6694 = DIRECTION ( 'NONE',  ( 0.000000000000000000, 0.000000000000000000, -1.000000000000000000 ) ) ;
#6695 = CARTESIAN_POINT ( 'NONE',  ( 0.3525240155457787239, 5.732672356334978403, -0.3499999999999999778 ) ) ;
#6696 = DIRECTION ( 'NONE',  ( 1.000000000000000000, 0.000000000000000000, 0.000000000000000000 ) ) ;
#6697 = EDGE_CURVE ( 'NONE', #1501, #3367, #8678, .T. ) ;
#6698 = ORIENTED_EDGE ( 'NONE', *, *, #2748, .T. ) ;
#6699 = CARTESIAN_POINT ( 'NONE',  ( 4.631806954577857738, 5.884855341312109189, -0.3500000000000000333 ) ) ;
#6700 = CARTESIAN_POINT ( 'NONE',  ( -0.8612299008938321121, 5.207834124282345378, -0.3499999999999999778 ) ) ;
#6701 = CARTESIAN_POINT ( 'NONE',  ( -0.4999999999999985012, 6.299999999999999822, -0.3499999999999999778 ) ) ;
#6702 = VERTEX_POINT ( 'NONE', #9276 ) ;
#6703 = FACE_BOUND ( 'NONE', #8719, .T. ) ;
#6704 = CARTESIAN_POINT ( 'NONE',  ( 5.230000000000002203, -3.000000000000000000, 0.3499999999999998113 ) ) ;
#6705 =( NAMED_UNIT ( * ) SI_UNIT ( $, .STERADIAN. ) SOLID_ANGLE_UNIT ( ) );
#6707 = VERTEX_POINT ( 'NONE', #7211 ) ;
#6706 = VECTOR ( 'NONE', #4526, 1000.000000000000000 ) ;
#6708 = CARTESIAN_POINT ( 'NONE',  ( 7.270000000000000462, 8.200000000000001066, -0.3499999999999999778 ) ) ;
#6709 =( NAMED_UNIT ( * ) SI_UNIT ( $, .STERADIAN. ) SOLID_ANGLE_UNIT ( ) );
#6710 = UNCERTAINTY_MEASURE_WITH_UNIT (LENGTH_MEASURE( 1.000000000000000082E-05 ), #199, 'distance_accuracy_value', 'NONE');
#6711 = CARTESIAN_POINT ( 'NONE',  ( 5.680000000000000604, 6.299999999999999822, 0.3499999999999998113 ) ) ;
#6712 = LINE ( 'NONE', #7348, #8036 ) ;
#6713 = CARTESIAN_POINT ( 'NONE',  ( 7.294744180118195587, 5.589454083063166046, -0.3500000000000002554 ) ) ;
#6714 = ORIENTED_EDGE ( 'NONE', *, *, #8382, .T. ) ;
#6715 = ORIENTED_EDGE ( 'NONE', *, *, #825, .T. ) ;
#6716 = CARTESIAN_POINT ( 'NONE',  ( 4.480000000000000426, 6.299999999999999822, -0.1283333333333336601 ) ) ;
#6717 = CARTESIAN_POINT ( 'NONE',  ( 6.719306504786380252, 4.786369049942376108, 0.3499999999999997002 ) ) ;
#6718 = ORIENTED_EDGE ( 'NONE', *, *, #1183, .F. ) ;
#6719 = EDGE_CURVE ( 'NONE', #6253, #4072, #1061, .T. ) ;
#6720 = SURFACE_STYLE_USAGE ( .BOTH. , #5409 ) ;
#6721 = CARTESIAN_POINT ( 'NONE',  ( 9.292165113299159174, 5.142569796484067091, -0.3500000000000003109 ) ) ;
#6722 = CARTESIAN_POINT ( 'NONE',  ( 10.51000000000000156, 1.084202172485506745E-17, 0.3499999999999996447 ) ) ;
#6723 = EDGE_CURVE ( 'NONE', #7509, #2096, #2552, .T. ) ;
#6725 = CARTESIAN_POINT ( 'NONE',  ( 7.972524015545777942, 5.732672356334977515, 0.3499999999999997002 ) ) ;
#6724 =( GEOMETRIC_REPRESENTATION_CONTEXT ( 3 ) GLOBAL_UNCERTAINTY_ASSIGNED_CONTEXT ( ( #5880 ) ) GLOBAL_UNIT_ASSIGNED_CONTEXT ( ( #9300, #2635, #5500 ) ) REPRESENTATION_CONTEXT ( 'NONE', 'WORKASPACE' ) );
#6726 = CARTESIAN_POINT ( 'NONE',  ( 6.620000000000000107, 6.299999999999999822, -0.3850000000000001199 ) ) ;
#6727 = LINE ( 'NONE', #807, #5268 ) ;
#6728 = ORIENTED_EDGE ( 'NONE', *, *, #3580, .F. ) ;
#6729 = LINE ( 'NONE', #3763, #9647 ) ;
#6730 = EDGE_CURVE ( 'NONE', #6305, #5443, #8482, .T. ) ;
#6731 = ORIENTED_EDGE ( 'NONE', *, *, #8610, .F. ) ;
#6732 = SURFACE_STYLE_USAGE ( .BOTH. , #3765 ) ;
#6733 = CARTESIAN_POINT ( 'NONE',  ( 6.620000000000000995, 1.800000000000000488, 0.3499999999999997002 ) ) ;
#6734 = EDGE_LOOP ( 'NONE', ( #8821, #1280, #5080, #6207 ) ) ;
#6735 = DIRECTION ( 'NONE',  ( -0.000000000000000000, -1.000000000000000000, 1.668003342285391551E-16 ) ) ;
#6736 = CARTESIAN_POINT ( 'NONE',  ( 8.620000000000000995, 1.800000000000000488, 0.3849999999999996758 ) ) ;
#6737 = PLANE ( 'NONE',  #9070 ) ;
#6738 = ORIENTED_EDGE ( 'NONE', *, *, #6300, .T. ) ;
#6739 = CARTESIAN_POINT ( 'NONE',  ( 4.131102897648887939, 4.001162287970069897, -0.3500000000000000888 ) ) ;
#6740 = PLANE ( 'NONE',  #5139 ) ;
#6741 =( NAMED_UNIT ( * ) SI_UNIT ( $, .STERADIAN. ) SOLID_ANGLE_UNIT ( ) );
#6742 = VERTEX_POINT ( 'NONE', #4063 ) ;
#6743 =( NAMED_UNIT ( * ) SI_UNIT ( $, .STERADIAN. ) SOLID_ANGLE_UNIT ( ) );
#6744 = CARTESIAN_POINT ( 'NONE',  ( -0.7924853663132970238, 5.744802409713119395, -0.3499999999999998668 ) ) ;
#6745 = ORIENTED_EDGE ( 'NONE', *, *, #5077, .T. ) ;
#6746 = UNCERTAINTY_MEASURE_WITH_UNIT (LENGTH_MEASURE( 1.000000000000000082E-05 ), #70, 'distance_accuracy_value', 'NONE');
#6747 = CARTESIAN_POINT ( 'NONE',  ( 9.810000000000000497, 8.200000000000001066, 0.3499999999999999778 ) ) ;
#6748 = FACE_OUTER_BOUND ( 'NONE', #381, .T. ) ;
#6749 = CARTESIAN_POINT ( 'NONE',  ( 2.988193045422142369, 5.884855341312110077, 0.3499999999999998668 ) ) ;
#6750 = DIRECTION ( 'NONE',  ( -0.000000000000000000, 0.000000000000000000, 1.000000000000000000 ) ) ;
#6751 = VECTOR ( 'NONE', #3476, 1000.000000000000000 ) ;
#6752 = EDGE_CURVE ( 'NONE', #1734, #2662, #1369, .T. ) ;
#6753 = ORIENTED_EDGE ( 'NONE', *, *, #7180, .T. ) ;
#6754 = CARTESIAN_POINT ( 'NONE',  ( 5.680000000000000604, 6.299999999999999822, -0.3500000000000001443 ) ) ;
#6755 = MECHANICAL_DESIGN_GEOMETRIC_PRESENTATION_REPRESENTATION (  '', ( #6603 ), #8943 ) ;
#6756 = CARTESIAN_POINT ( 'NONE',  ( 8.083356898907899435, 1.699999999999999289, -0.3500000000000002554 ) ) ;
#6757 = ORIENTED_EDGE ( 'NONE', *, *, #8538, .F. ) ;
#6758 = EDGE_CURVE ( 'NONE', #2990, #1488, #7506, .T. ) ;
#6759 = PRESENTATION_LAYER_ASSIGNMENT (  '', '', ( #3511 ) ) ;
#6760 = EDGE_LOOP ( 'NONE', ( #4678, #8147, #1661, #3482 ) ) ;
#6761 = CARTESIAN_POINT ( 'NONE',  ( -1.469999999999999973, 8.500000000000000000, -1.199999999999999956 ) ) ;
#6762 = ORIENTED_EDGE ( 'NONE', *, *, #3518, .T. ) ;
#6763 = LINE ( 'NONE', #2431, #1136 ) ;
#6764 = CARTESIAN_POINT ( 'NONE',  ( 8.220000000000000639, 6.299999999999999822, -0.3500000000000002554 ) ) ;
#6765 = MECHANICAL_DESIGN_GEOMETRIC_PRESENTATION_REPRESENTATION (  '', ( #8173 ), #3980 ) ;
#6766 = DIRECTION ( 'NONE',  ( -0.000000000000000000, -0.000000000000000000, -1.000000000000000000 ) ) ;
#6767 = CARTESIAN_POINT ( 'NONE',  ( 7.972524015545777942, 5.732672356334977515, -0.3500000000000002554 ) ) ;
#6768 = DIRECTION ( 'NONE',  ( 1.084202172485504434E-16, -1.000000000000000000, 0.000000000000000000 ) ) ;
#6769 = UNCERTAINTY_MEASURE_WITH_UNIT (LENGTH_MEASURE( 1.000000000000000082E-05 ), #3148, 'distance_accuracy_value', 'NONE');
#6770 = SURFACE_SIDE_STYLE ('',( #2290 ) ) ;
#6771 = STYLED_ITEM ( 'NONE', ( #8936 ), #2072 ) ;
#6772 =( BOUNDED_CURVE ( )  B_SPLINE_CURVE ( 3, ( #419, #2608, #5579, #1161, #3439, #2298, #660 ),
 .UNSPECIFIED., .F., .F. ) 
 B_SPLINE_CURVE_WITH_KNOTS ( ( 4, 3, 4 ),
 ( 0.8078321013870645162, 3.141592653589793116, 5.475353205792521827 ),
 .UNSPECIFIED. ) 
 CURVE ( )  GEOMETRIC_REPRESENTATION_ITEM ( )  RATIONAL_B_SPLINE_CURVE ( ( 1.000000000000000000, 0.5953481791230077480, 0.5953481791230077480, 1.000000000000000000, 0.5953481791230077480, 0.5953481791230077480, 1.000000000000000000 ) ) 
 REPRESENTATION_ITEM ( '' )  );
#6773 = ORIENTED_EDGE ( 'NONE', *, *, #3196, .T. ) ;
#6774 =( LENGTH_UNIT ( ) NAMED_UNIT ( * ) SI_UNIT ( .MILLI., .METRE. ) );
#6775 = EDGE_LOOP ( 'NONE', ( #624, #8945, #5625, #6448 ) ) ;
#6776 = PRESENTATION_LAYER_ASSIGNMENT (  '', '', ( #8173 ) ) ;
#6777 = VECTOR ( 'NONE', #1985, 1000.000000000000000 ) ;
#6778 = LINE ( 'NONE', #8288, #6826 ) ;
#6779 = ORIENTED_EDGE ( 'NONE', *, *, #6451, .T. ) ;
#6780 = DIRECTION ( 'NONE',  ( 0.000000000000000000, -1.000000000000000000, 0.000000000000000000 ) ) ;
#6781 = EDGE_CURVE ( 'NONE', #4479, #890, #5968, .T. ) ;
#6782 = CARTESIAN_POINT ( 'NONE',  ( 9.160000000000001918, 6.500000000000000888, -0.3500000000000010880 ) ) ;
#6783 = B_SPLINE_CURVE_WITH_KNOTS ( 'NONE', 3,
 ( #7453, #4452, #8234, #7541 ),
 .UNSPECIFIED., .F., .F.,
 ( 4, 4 ),
 ( 0.000000000000000000, 1.000000000000000000 ),
 .UNSPECIFIED. ) ;
#6784 = EDGE_LOOP ( 'NONE', ( #6715, #7616, #2051, #4299, #5226, #3484, #3450, #3977 ) ) ;
#6785 = VECTOR ( 'NONE', #2536, 1000.000000000000000 ) ;
#6786 =( NAMED_UNIT ( * ) SI_UNIT ( $, .STERADIAN. ) SOLID_ANGLE_UNIT ( ) );
#6787 = ORIENTED_EDGE ( 'NONE', *, *, #4054, .F. ) ;
#6788 =( GEOMETRIC_REPRESENTATION_CONTEXT ( 3 ) GLOBAL_UNCERTAINTY_ASSIGNED_CONTEXT ( ( #7334 ) ) GLOBAL_UNIT_ASSIGNED_CONTEXT ( ( #9322, #310, #4785 ) ) REPRESENTATION_CONTEXT ( 'NONE', 'WORKASPACE' ) );
#6789 = ORIENTED_EDGE ( 'NONE', *, *, #3807, .F. ) ;
#6790 = CARTESIAN_POINT ( 'NONE',  ( 9.473245067392239704, 8.000000000000000000, 0.6500000000000000222 ) ) ;
#6791 = CYLINDRICAL_SURFACE ( 'NONE', #2218, 0.1999999999999996503 ) ;
#6792 = COLOUR_RGB ( '',0.8313725490196077761, 0.6705882352941175961, 0.1294117647058823373 ) ;
#6793 = CARTESIAN_POINT ( 'NONE',  ( 10.84675493260776236, 8.000000000000000000, 0.6500000000000000222 ) ) ;
#6794 = FILL_AREA_STYLE_COLOUR ( '', #5599 ) ;
#6795 = ORIENTED_EDGE ( 'NONE', *, *, #5413, .T. ) ;
#6796 = CARTESIAN_POINT ( 'NONE',  ( 5.957528552431158531, 5.050332720359885563, -0.3500000000000000888 ) ) ;
#6797 = MECHANICAL_DESIGN_GEOMETRIC_PRESENTATION_REPRESENTATION (  '', ( #6339 ), #2138 ) ;
#6798 = CARTESIAN_POINT ( 'NONE',  ( 1.000000000000000444, 6.299999999999999822, -0.3850000000000000089 ) ) ;
#6799 = CARTESIAN_POINT ( 'NONE',  ( 6.080000000000000071, 1.800000000000000488, 0.1283333333333331605 ) ) ;
#6800 = VECTOR ( 'NONE', #3084, 1000.000000000000000 ) ;
#6801 = VECTOR ( 'NONE', #7483, 1000.000000000000000 ) ;
#6802 = ORIENTED_EDGE ( 'NONE', *, *, #2411, .T. ) ;
#6803 = EDGE_LOOP ( 'NONE', ( #3558, #5089, #5079, #1416 ) ) ;
#6804 = SURFACE_SIDE_STYLE ('',( #797 ) ) ;
#6805 = CARTESIAN_POINT ( 'NONE',  ( 6.819832123124272449, 5.699693040756021567, 0.3499999999999997558 ) ) ;
#6806 = AXIS2_PLACEMENT_3D ( 'NONE', #7095, #2531, #5648 ) ;
#6807 = LINE ( 'NONE', #1543, #4794 ) ;
#6808 = VECTOR ( 'NONE', #606, 1000.000000000000000 ) ;
#6809 = CARTESIAN_POINT ( 'NONE',  ( 6.620000000000000107, 6.500000000000000888, 0.3499999999999989231 ) ) ;
#6810 = AXIS2_PLACEMENT_3D ( 'NONE', #781, #8010, #1323 ) ;
#6811 = CARTESIAN_POINT ( 'NONE',  ( 6.933245067392238781, 0.5000000000000000000, -0.6500000000000013545 ) ) ;
#6812 = LINE ( 'NONE', #7775, #8952 ) ;
#6813 = FACE_OUTER_BOUND ( 'NONE', #4541, .T. ) ;
#6814 = VECTOR ( 'NONE', #5631, 1000.000000000000000 ) ;
#6815 = LINE ( 'NONE', #9109, #7104 ) ;
#6816 = EDGE_CURVE ( 'NONE', #4777, #6575, #2093, .T. ) ;
#6817 = DIRECTION ( 'NONE',  ( 0.000000000000000000, -0.000000000000000000, -1.000000000000000000 ) ) ;
#6818 = ORIENTED_EDGE ( 'NONE', *, *, #4157, .T. ) ;
#6819 = CARTESIAN_POINT ( 'NONE',  ( 0.000000000000000000, 6.299999999999999822, -0.3499999999999999778 ) ) ;
#6820 = ORIENTED_EDGE ( 'NONE', *, *, #844, .F. ) ;
#6821 =( NAMED_UNIT ( * ) SI_UNIT ( $, .STERADIAN. ) SOLID_ANGLE_UNIT ( ) );
#6822 = CARTESIAN_POINT ( 'NONE',  ( 2.861845733883979559, 5.626229152235330488, -8.408774101108950749E-17 ) ) ;
#6823 = CARTESIAN_POINT ( 'NONE',  ( 9.376229430279611421, 5.796998266909030306, 0.3499999999999997002 ) ) ;
#6824 =( NAMED_UNIT ( * ) SI_UNIT ( $, .STERADIAN. ) SOLID_ANGLE_UNIT ( ) );
#6825 =( BOUNDED_CURVE ( )  B_SPLINE_CURVE ( 3, ( #3360, #9307, #3415, #7873 ),
 .UNSPECIFIED., .F., .F. ) 
 B_SPLINE_CURVE_WITH_KNOTS ( ( 4, 4 ),
 ( 1.570796326794896336, 2.359101780428492390 ),
 .UNSPECIFIED. ) 
 CURVE ( )  GEOMETRIC_REPRESENTATION_ITEM ( )  RATIONAL_B_SPLINE_CURVE ( ( 1.000000000000000000, 0.9488815137910384667, 0.9488815137910384667, 1.000000000000000000 ) ) 
 REPRESENTATION_ITEM ( '' )  );
#6826 = VECTOR ( 'NONE', #9073, 1000.000000000000000 ) ;
#6827 = PRESENTATION_LAYER_ASSIGNMENT (  '', '', ( #5132 ) ) ;
#6828 =( GEOMETRIC_REPRESENTATION_CONTEXT ( 3 ) GLOBAL_UNCERTAINTY_ASSIGNED_CONTEXT ( ( #895 ) ) GLOBAL_UNIT_ASSIGNED_CONTEXT ( ( #7434, #8915, #8121 ) ) REPRESENTATION_CONTEXT ( 'NONE', 'WORKASPACE' ) );
#6829 = CARTESIAN_POINT ( 'NONE',  ( 1.000000000000000000, 0.5000000000000000000, -0.3500000000000000888 ) ) ;
#6830 = VERTEX_POINT ( 'NONE', #9609 ) ;
#6831 = ORIENTED_EDGE ( 'NONE', *, *, #1443, .T. ) ;
#6832 = DIRECTION ( 'NONE',  ( 0.000000000000000000, 1.000000000000000000, -1.668003342285391797E-16 ) ) ;
#6833 = ADVANCED_FACE ( 'NONE', ( #5135 ), #829, .T. ) ;
#6834 = CARTESIAN_POINT ( 'NONE',  ( 3.484276979512004324, 4.091073788932194866, -0.3500000000000000888 ) ) ;
#6835 = PLANE ( 'NONE',  #2973 ) ;
#6836 = LINE ( 'NONE', #1656, #1533 ) ;
#6837 = ORIENTED_EDGE ( 'NONE', *, *, #622, .T. ) ;
#6838 = FACE_OUTER_BOUND ( 'NONE', #2259, .T. ) ;
#6839 = VECTOR ( 'NONE', #2428, 1000.000000000000000 ) ;
#6840 = FILL_AREA_STYLE ('',( #880 ) ) ;
#6841 = EDGE_LOOP ( 'NONE', ( #361, #7844, #6409, #4434 ) ) ;
#6842 = VECTOR ( 'NONE', #7493, 1000.000000000000000 ) ;
#6843 = CARTESIAN_POINT ( 'NONE',  ( 2.690000000000002167, -3.000000000000000000, 0.3499999999999998668 ) ) ;
#6844 = FACE_OUTER_BOUND ( 'NONE', #8677, .T. ) ;
#6845 = DIRECTION ( 'NONE',  ( -1.000000000000000000, 0.000000000000000000, 0.000000000000000000 ) ) ;
#6846 = ORIENTED_EDGE ( 'NONE', *, *, #934, .F. ) ;
#6847 = CARTESIAN_POINT ( 'NONE',  ( -1.000000000000000000, 0.5000000000000000000, -0.3500000000000000888 ) ) ;
#6848 = DIRECTION ( 'NONE',  ( 0.000000000000000000, 0.000000000000000000, -1.000000000000000000 ) ) ;
#6849 = FILL_AREA_STYLE ('',( #3208 ) ) ;
#6850 = VERTEX_POINT ( 'NONE', #6490 ) ;
#6851 = ORIENTED_EDGE ( 'NONE', *, *, #2602, .F. ) ;
#6852 = LINE ( 'NONE', #4724, #5294 ) ;
#6853 = CARTESIAN_POINT ( 'NONE',  ( 4.080000000000000071, 6.500000000000000888, 0.3499999999999989231 ) ) ;
#6854 = UNCERTAINTY_MEASURE_WITH_UNIT (LENGTH_MEASURE( 1.000000000000000082E-05 ), #6332, 'distance_accuracy_value', 'NONE');
#6855 = COLOUR_RGB ( '',0.8313725490196077761, 0.6705882352941175961, 0.1294117647058823373 ) ;
#6856 = SURFACE_STYLE_FILL_AREA ( #5257 ) ;
#6857 = DIRECTION ( 'NONE',  ( -1.000000000000000000, -1.084202172485504434E-16, 0.000000000000000000 ) ) ;
#6858 =( LENGTH_UNIT ( ) NAMED_UNIT ( * ) SI_UNIT ( .MILLI., .METRE. ) );
#6859 = DIRECTION ( 'NONE',  ( -1.121588454295349780E-16, 1.000000000000000000, 0.000000000000000000 ) ) ;
#6860 = DIRECTION ( 'NONE',  ( 0.000000000000000000, 0.000000000000000000, 1.000000000000000000 ) ) ;
#6861 = CARTESIAN_POINT ( 'NONE',  ( 1.853245067392238710, 10.39117142264903570, -0.3500000000000017542 ) ) ;
#6862 = COLOUR_RGB ( '',0.8313725490196077761, 0.6705882352941175961, 0.1294117647058823373 ) ;
#6863 = ORIENTED_EDGE ( 'NONE', *, *, #7575, .T. ) ;
#6864 = CARTESIAN_POINT ( 'NONE',  ( 8.119999999999999218, 6.084152315493285279, 0.3499999999999997002 ) ) ;
#6865 = EDGE_LOOP ( 'NONE', ( #3023, #664, #4836, #1916, #6863, #3837, #6542, #7806 ) ) ;
#6866 = CARTESIAN_POINT ( 'NONE',  ( 11.63000000000000078, 0.000000000000000000, 1.199999999999999512 ) ) ;
#6867 = VECTOR ( 'NONE', #3943, 1000.000000000000000 ) ;
#6868 = FACE_OUTER_BOUND ( 'NONE', #5319, .T. ) ;
#6869 = SURFACE_STYLE_USAGE ( .BOTH. , #4056 ) ;
#6870 = CARTESIAN_POINT ( 'NONE',  ( 3.327162253657094393, 5.777005459572332136, 0.3499999999999999223 ) ) ;
#6871 = SURFACE_STYLE_USAGE ( .BOTH. , #915 ) ;
#6872 = FACE_OUTER_BOUND ( 'NONE', #2501, .T. ) ;
#6873 = PLANE ( 'NONE',  #8590 ) ;
#6874 = ORIENTED_EDGE ( 'NONE', *, *, #528, .T. ) ;
#6875 = ADVANCED_FACE ( 'NONE', ( #2894 ), #4300, .F. ) ;
#6876 = EDGE_CURVE ( 'NONE', #1261, #5948, #340, .T. ) ;
#6877 = ORIENTED_EDGE ( 'NONE', *, *, #5376, .F. ) ;
#6878 = DIRECTION ( 'NONE',  ( 1.000000000000000000, 0.000000000000000000, 0.000000000000000000 ) ) ;
#6879 = CARTESIAN_POINT ( 'NONE',  ( 11.63000000000000078, 0.000000000000000000, 1.199999999999999512 ) ) ;
#6880 = FACE_OUTER_BOUND ( 'NONE', #5380, .T. ) ;
#6882 = ORIENTED_EDGE ( 'NONE', *, *, #7366, .T. ) ;
#6881 = COLOUR_RGB ( '',0.8313725490196077761, 0.6705882352941175961, 0.1294117647058823373 ) ;
#6883 =( NAMED_UNIT ( * ) PLANE_ANGLE_UNIT ( ) SI_UNIT ( $, .RADIAN. ) );
#6884 = AXIS2_PLACEMENT_3D ( 'NONE', #1514, #8252, #1563 ) ;
#6885 = DIRECTION ( 'NONE',  ( 0.000000000000000000, 0.000000000000000000, -1.000000000000000000 ) ) ;
#6886 = PRESENTATION_STYLE_ASSIGNMENT (( #2510 ) ) ;
#6887 = ORIENTED_EDGE ( 'NONE', *, *, #6752, .F. ) ;
#6888 = ADVANCED_FACE ( 'NONE', ( #4595 ), #3181, .F. ) ;
#6889 = CARTESIAN_POINT ( 'NONE',  ( 5.080000000000000071, 0.5000000000000005551, 0.3499999999999998113 ) ) ;
#6890 = DIRECTION ( 'NONE',  ( -0.000000000000000000, -1.000000000000000000, 1.668003342285392044E-16 ) ) ;
#6891 = DIRECTION ( 'NONE',  ( -1.000000000000000000, 0.000000000000000000, 0.000000000000000000 ) ) ;
#6892 = EDGE_LOOP ( 'NONE', ( #3405, #6959, #4573, #881 ) ) ;
#6893 = B_SPLINE_CURVE_WITH_KNOTS ( 'NONE', 3,
 ( #749, #9, #3026, #5996, #7780, #4824, #1084, #9100, #4630, #3167, #241, #944, #987, #4768, #9201, #2527, #1627, #5404, #1036, #6947, #7726, #3211, #7581, #893, #1675, #3942, #194, #9152, #7633, #5548, #1718, #2478, #5458 ),
 .UNSPECIFIED., .F., .F.,
 ( 4, 1, 1, 1, 1, 1, 1, 2, 2, 1, 1, 1, 1, 1, 2, 2, 1, 1, 1, 1, 1, 1, 2, 2, 4 ),
 ( 0.000000000000000000, 0.2500000000000431877, 0.3750000000000647815, 0.4375000000000756062, 0.4687500000000809908, 0.4843750000000832112, 0.4921875000000840439, 0.4960937500000844325, 0.5000000000000848210, 0.6250000000000872635, 0.6875000000000882627, 0.7187500000000887068, 0.7343750000000890399, 0.7421875000000890399, 0.7460937500000887068, 0.7500000000000883738, 0.8125000000000844880, 0.8437500000000829337, 0.8593750000000820455, 0.8671875000000817124, 0.8710937500000814904, 0.8730468750000810463, 0.8740234375000804912, 0.8750000000000798250, 1.000000000000000000 ),
 .UNSPECIFIED. ) ;
#6894 = SURFACE_STYLE_FILL_AREA ( #7776 ) ;
#6895 = EDGE_CURVE ( 'NONE', #9094, #2062, #5322, .T. ) ;
#6896 = LINE ( 'NONE', #4721, #7742 ) ;
#6897 = FILL_AREA_STYLE ('',( #889 ) ) ;
#6898 = EDGE_LOOP ( 'NONE', ( #5498, #4742, #9098, #9234 ) ) ;
#6899 = ADVANCED_FACE ( 'NONE', ( #2394 ), #1086, .T. ) ;
#6900 = ORIENTED_EDGE ( 'NONE', *, *, #3718, .T. ) ;
#6901 = LINE ( 'NONE', #4037, #1387 ) ;
#6902 = LINE ( 'NONE', #4496, #6410 ) ;
#6903 = DIRECTION ( 'NONE',  ( -0.000000000000000000, 0.000000000000000000, 1.000000000000000000 ) ) ;
#6904 = DIRECTION ( 'NONE',  ( 0.7071067811865474617, 0.7071067811865474617, -0.000000000000000000 ) ) ;
#6905 = CARTESIAN_POINT ( 'NONE',  ( 2.890000000000001013, -2.800000000000001155, -0.3500000000000000888 ) ) ;
#6906 = EDGE_CURVE ( 'NONE', #1555, #3038, #8331, .T. ) ;
#6907 = FILL_AREA_STYLE ('',( #6282 ) ) ;
#6908 = VECTOR ( 'NONE', #8575, 1000.000000000000000 ) ;
#6909 =( NAMED_UNIT ( * ) PLANE_ANGLE_UNIT ( ) SI_UNIT ( $, .RADIAN. ) );
#6910 = ORIENTED_EDGE ( 'NONE', *, *, #9567, .F. ) ;
#6911 = UNCERTAINTY_MEASURE_WITH_UNIT (LENGTH_MEASURE( 1.000000000000000082E-05 ), #1242, 'distance_accuracy_value', 'NONE');
#6912 = CARTESIAN_POINT ( 'NONE',  ( 7.969999999999999751, 0.000000000000000000, -0.3500000000000000333 ) ) ;
#6913 = ORIENTED_EDGE ( 'NONE', *, *, #2493, .F. ) ;
#6914 = DIRECTION ( 'NONE',  ( 1.000000000000000000, 1.121588454295349780E-16, -0.000000000000000000 ) ) ;
#6915 = CARTESIAN_POINT ( 'NONE',  ( 2.540000000000000036, -3.000000000000000000, 0.3499999999999998668 ) ) ;
#6916 = CARTESIAN_POINT ( 'NONE',  ( 3.492723323164030447, 3.923639721076658038, 0.3499999999999998668 ) ) ;
#6917 = CARTESIAN_POINT ( 'NONE',  ( 0.6454664785273048766, 3.877691542223585142, -0.3500000000000000333 ) ) ;
#6918 = FILL_AREA_STYLE_COLOUR ( '', #243 ) ;
#6919 = PRESENTATION_LAYER_ASSIGNMENT (  '', '', ( #6613 ) ) ;
#6920 = LINE ( 'NONE', #2549, #1886 ) ;
#6921 = ORIENTED_EDGE ( 'NONE', *, *, #5041, .T. ) ;
#6922 = ORIENTED_EDGE ( 'NONE', *, *, #6719, .F. ) ;
#6923 = CARTESIAN_POINT ( 'NONE',  ( 5.766754932607761397, 10.39117142264903570, -0.3500000000000017542 ) ) ;
#6924 = DIRECTION ( 'NONE',  ( -0.000000000000000000, -1.668003342285388099E-16, -1.000000000000000000 ) ) ;
#6925 = FILL_AREA_STYLE ('',( #1851 ) ) ;
#6926 = EDGE_CURVE ( 'NONE', #2416, #8545, #6321, .T. ) ;
#6927 = CARTESIAN_POINT ( 'NONE',  ( 1.906851685116534023, 6.299478870653091533, 0.3499999999999999223 ) ) ;
#6928 = ORIENTED_EDGE ( 'NONE', *, *, #4540, .F. ) ;
#6929 = DIRECTION ( 'NONE',  ( -1.000000000000000000, -0.000000000000000000, -0.000000000000000000 ) ) ;
#6930 = DIRECTION ( 'NONE',  ( 0.000000000000000000, 0.000000000000000000, 1.000000000000000000 ) ) ;
#6931 = VECTOR ( 'NONE', #9417, 1000.000000000000000 ) ;
#6932 = VERTEX_POINT ( 'NONE', #9249 ) ;
#6933 = CARTESIAN_POINT ( 'NONE',  ( 1.853245067392238710, 10.39117142264903570, -0.6500000000000030198 ) ) ;
#6934 = DIRECTION ( 'NONE',  ( -1.121588454295349780E-16, 1.000000000000000000, 0.000000000000000000 ) ) ;
#6935 = PLANE ( 'NONE',  #7487 ) ;
#6936 = ADVANCED_FACE ( 'NONE', ( #8511, #1822 ), #4088, .T. ) ;
#6937 = VECTOR ( 'NONE', #901, 1000.000000000000114 ) ;
#6938 = SURFACE_STYLE_USAGE ( .BOTH. , #4174 ) ;
#6939 = ORIENTED_EDGE ( 'NONE', *, *, #5197, .F. ) ;
#6940 = ADVANCED_FACE ( 'NONE', ( #1873 ), #7702, .T. ) ;
#6941 = VECTOR ( 'NONE', #7867, 1000.000000000000000 ) ;
#6942 = LINE ( 'NONE', #981, #8676 ) ;
#6943 = DIRECTION ( 'NONE',  ( -0.000000000000000000, -1.668003342285388099E-16, -1.000000000000000000 ) ) ;
#6944 = ORIENTED_EDGE ( 'NONE', *, *, #1166, .T. ) ;
#6945 = MECHANICAL_DESIGN_GEOMETRIC_PRESENTATION_REPRESENTATION (  '', ( #4483 ), #4307 ) ;
#6946 = ORIENTED_EDGE ( 'NONE', *, *, #2122, .F. ) ;
#6947 = CARTESIAN_POINT ( 'NONE',  ( 8.481229900893845652, 5.207834124282261001, 0.3499999999999997002 ) ) ;
#6948 =( GEOMETRIC_REPRESENTATION_CONTEXT ( 3 ) GLOBAL_UNCERTAINTY_ASSIGNED_CONTEXT ( ( #6950 ) ) GLOBAL_UNIT_ASSIGNED_CONTEXT ( ( #1195, #1976, #7980 ) ) REPRESENTATION_CONTEXT ( 'NONE', 'WORKASPACE' ) );
#6949 = SURFACE_STYLE_FILL_AREA ( #1919 ) ;
#6950 = UNCERTAINTY_MEASURE_WITH_UNIT (LENGTH_MEASURE( 1.000000000000000082E-05 ), #1195, 'distance_accuracy_value', 'NONE');
#6951 = EDGE_CURVE ( 'NONE', #5953, #7058, #8707, .T. ) ;
#6952 = CARTESIAN_POINT ( 'NONE',  ( 10.16000000000000014, 0.5000000000000005551, -0.3500000000000003109 ) ) ;
#6953 = DIRECTION ( 'NONE',  ( 1.000000000000000000, 0.000000000000000000, 0.000000000000000000 ) ) ;
#6954 = PLANE ( 'NONE',  #4209 ) ;
#6955 = AXIS2_PLACEMENT_3D ( 'NONE', #6424, #9451, #9406 ) ;
#6956 = AXIS2_PLACEMENT_3D ( 'NONE', #3418, #8767, #497 ) ;
#6957 = FILL_AREA_STYLE ('',( #2388 ) ) ;
#6958 = CARTESIAN_POINT ( 'NONE',  ( 2.190000000000000835, -2.800000000000001155, 0.3499999999999998668 ) ) ;
#6959 = ORIENTED_EDGE ( 'NONE', *, *, #3993, .F. ) ;
#6960 = COLOUR_RGB ( '',0.8313725490196077761, 0.6705882352941175961, 0.1294117647058823373 ) ;
#6961 = EDGE_LOOP ( 'NONE', ( #4097, #4395, #5770, #2201 ) ) ;
#6962 = VECTOR ( 'NONE', #6469, 1000.000000000000000 ) ;
#6963 = CARTESIAN_POINT ( 'NONE',  ( 9.473245067392239704, 6.500000000000000888, 0.3499999999999989231 ) ) ;
#6964 = PRESENTATION_LAYER_ASSIGNMENT (  '', '', ( #7431 ) ) ;
#6965 = LINE ( 'NONE', #960, #8784 ) ;
#6966 = CARTESIAN_POINT ( 'NONE',  ( 3.338210463979507381, 5.709058272658548816, 0.3499999999999999778 ) ) ;
#6967 = VECTOR ( 'NONE', #7871, 1000.000000000000000 ) ;
#6968 = CARTESIAN_POINT ( 'NONE',  ( 0.3252558198818050750, 5.589454083063163381, -0.3499999999999999778 ) ) ;
#6970 = CARTESIAN_POINT ( 'NONE',  ( -0.4999999999999985012, 6.299999999999999822, 0.3499999999999999778 ) ) ;
#6969 = AXIS2_PLACEMENT_3D ( 'NONE', #530, #9293, #3400 ) ;
#6971 = CARTESIAN_POINT ( 'NONE',  ( 9.696643101092098149, 1.700000000000000400, -0.3500000000000003109 ) ) ;
#6972 = ORIENTED_EDGE ( 'NONE', *, *, #1121, .F. ) ;
#6973 = COLOUR_RGB ( '',0.8313725490196077761, 0.6705882352941175961, 0.1294117647058823373 ) ;
#6974 = ORIENTED_EDGE ( 'NONE', *, *, #8506, .F. ) ;
#6975 = CARTESIAN_POINT ( 'NONE',  ( 11.16000000000000192, 1.800000000000000488, 0.1283333333333329940 ) ) ;
#6976 = PRESENTATION_STYLE_ASSIGNMENT (( #6257 ) ) ;
#6977 = PLANE ( 'NONE',  #7004 ) ;
#6978 = CARTESIAN_POINT ( 'NONE',  ( 5.579999999999999183, 6.299999999999999822, -0.3500000000000001443 ) ) ;
#6979 = ORIENTED_EDGE ( 'NONE', *, *, #728, .T. ) ;
#6980 = COLOUR_RGB ( '',0.8313725490196077761, 0.6705882352941175961, 0.1294117647058823373 ) ;
#6981 = CARTESIAN_POINT ( 'NONE',  ( 5.579999999999999183, 6.299999999999999822, 0.3499999999999998113 ) ) ;
#6982 = PRESENTATION_LAYER_ASSIGNMENT (  '', '', ( #412 ) ) ;
#6983 = FILL_AREA_STYLE ('',( #225 ) ) ;
#6984 = STYLED_ITEM ( 'NONE', ( #4831 ), #8164 ) ;
#6985 = SURFACE_STYLE_FILL_AREA ( #4665 ) ;
#6986 =( NAMED_UNIT ( * ) SI_UNIT ( $, .STERADIAN. ) SOLID_ANGLE_UNIT ( ) );
#6987 = VERTEX_POINT ( 'NONE', #9399 ) ;
#6988 = CARTESIAN_POINT ( 'NONE',  ( 10.48525581988180555, 5.589454083063163381, 0.3499999999999996447 ) ) ;
#6989 = SURFACE_STYLE_USAGE ( .BOTH. , #1860 ) ;
#6990 =( GEOMETRIC_REPRESENTATION_CONTEXT ( 3 ) GLOBAL_UNCERTAINTY_ASSIGNED_CONTEXT ( ( #9102 ) ) GLOBAL_UNIT_ASSIGNED_CONTEXT ( ( #3999, #7741, #2540 ) ) REPRESENTATION_CONTEXT ( 'NONE', 'WORKASPACE' ) );
#6991 = PLANE ( 'NONE',  #9685 ) ;
#6992 = CARTESIAN_POINT ( 'NONE',  ( 8.306754932607761432, 0.5000000000000000000, -0.6500000000000013545 ) ) ;
#6993 = EDGE_CURVE ( 'NONE', #3489, #3784, #6373, .T. ) ;
#6994 = ORIENTED_EDGE ( 'NONE', *, *, #8937, .T. ) ;
#6995 =( GEOMETRIC_REPRESENTATION_CONTEXT ( 3 ) GLOBAL_UNCERTAINTY_ASSIGNED_CONTEXT ( ( #9165 ) ) GLOBAL_UNIT_ASSIGNED_CONTEXT ( ( #5167, #8921, #6040 ) ) REPRESENTATION_CONTEXT ( 'NONE', 'WORKASPACE' ) );
#6996 =( NAMED_UNIT ( * ) PLANE_ANGLE_UNIT ( ) SI_UNIT ( $, .RADIAN. ) );
#6997 = PRESENTATION_LAYER_ASSIGNMENT (  '', '', ( #7149 ) ) ;
#6998 = CARTESIAN_POINT ( 'NONE',  ( 1.000000000000000444, 6.299999999999999822, 0.3850000000000000089 ) ) ;
#6999 = ORIENTED_EDGE ( 'NONE', *, *, #386, .T. ) ;
#7000 = VERTEX_POINT ( 'NONE', #3460 ) ;
#7001 = DIRECTION ( 'NONE',  ( -0.000000000000000000, -0.000000000000000000, -1.000000000000000000 ) ) ;
#7002 = DIRECTION ( 'NONE',  ( 1.000000000000000000, 0.000000000000000000, -7.744301232039316681E-17 ) ) ;
#7003 = EDGE_CURVE ( 'NONE', #9291, #7832, #1921, .T. ) ;
#7004 = AXIS2_PLACEMENT_3D ( 'NONE', #319, #9229, #2030 ) ;
#7005 =( NAMED_UNIT ( * ) SI_UNIT ( $, .STERADIAN. ) SOLID_ANGLE_UNIT ( ) );
#7006 = LINE ( 'NONE', #3413, #4960 ) ;
#7007 = LINE ( 'NONE', #1134, #3258 ) ;
#7008 = CARTESIAN_POINT ( 'NONE',  ( 4.080000000000000959, 1.800000000000000266, -0.1166666666666669044 ) ) ;
#7009 =( LENGTH_UNIT ( ) NAMED_UNIT ( * ) SI_UNIT ( .MILLI., .METRE. ) );
#7010 =( NAMED_UNIT ( * ) PLANE_ANGLE_UNIT ( ) SI_UNIT ( $, .RADIAN. ) );
#7011 = ORIENTED_EDGE ( 'NONE', *, *, #6585, .T. ) ;
#7012 = DIRECTION ( 'NONE',  ( -1.000000000000000000, -1.084202172485504434E-16, 0.000000000000000000 ) ) ;
#7013 = ORIENTED_EDGE ( 'NONE', *, *, #2361, .F. ) ;
#7014 = LINE ( 'NONE', #3318, #2954 ) ;
#7015 = CARTESIAN_POINT ( 'NONE',  ( -0.3500000000000000333, 8.200000000000001066, 0.3499999999999999778 ) ) ;
#7016 = LINE ( 'NONE', #1690, #2100 ) ;
#7017 = VECTOR ( 'NONE', #2727, 1000.000000000000000 ) ;
#7019 = FILL_AREA_STYLE_COLOUR ( '', #7856 ) ;
#7018 = VECTOR ( 'NONE', #1922, 1000.000000000000000 ) ;
#7020 = LINE ( 'NONE', #5566, #6326 ) ;
#7021 = DIRECTION ( 'NONE',  ( -0.7071067811865461294, -0.7071067811865490160, 0.000000000000000000 ) ) ;
#7022 = CARTESIAN_POINT ( 'NONE',  ( 8.479267235522909729, 5.226749775238715756, -0.3500000000000004219 ) ) ;
#7023 = VERTEX_POINT ( 'NONE', #8654 ) ;
#7024 = UNCERTAINTY_MEASURE_WITH_UNIT (LENGTH_MEASURE( 1.000000000000000082E-05 ), #5108, 'distance_accuracy_value', 'NONE');
#7025 = ORIENTED_EDGE ( 'NONE', *, *, #6608, .F. ) ;
#7026 = CARTESIAN_POINT ( 'NONE',  ( 10.86000000000000121, 0.8000000000000007105, 0.3499999999999996447 ) ) ;
#7027 = LINE ( 'NONE', #1259, #2147 ) ;
#7028 = CARTESIAN_POINT ( 'NONE',  ( 1.575000000000001066, -1.575000000000001066, 0.3499999999999999778 ) ) ;
#7029 = CARTESIAN_POINT ( 'NONE',  ( 1.804957989553974684, 6.043840788194787983, 0.3499999999999999223 ) ) ;
#7030 = ORIENTED_EDGE ( 'NONE', *, *, #5093, .F. ) ;
#7031 = CARTESIAN_POINT ( 'NONE',  ( 3.326758496035389090, 5.779404586027643731, -0.3500000000000001443 ) ) ;
#7032 = SURFACE_STYLE_USAGE ( .BOTH. , #4018 ) ;
#7033 = VECTOR ( 'NONE', #3446, 1000.000000000000000 ) ;
#7034 = CARTESIAN_POINT ( 'NONE',  ( 8.083356898907899435, 1.699999999999999734, 0.3499999999999997558 ) ) ;
#7035 = EDGE_CURVE ( 'NONE', #5345, #3420, #6417, .T. ) ;
#7036 = LINE ( 'NONE', #7173, #5021 ) ;
#7037 = VERTEX_POINT ( 'NONE', #4280 ) ;
#7038 = SURFACE_SIDE_STYLE ('',( #371 ) ) ;
#7039 = VECTOR ( 'NONE', #3508, 1000.000000000000000 ) ;
#7040 = CARTESIAN_POINT ( 'NONE',  ( 0.5218457338839795900, 5.626229152235330488, 0.3499999999999999778 ) ) ;
#7041 = VERTEX_POINT ( 'NONE', #1131 ) ;
#7042 = DIRECTION ( 'NONE',  ( -0.000000000000000000, -0.000000000000000000, 1.000000000000000000 ) ) ;
#7043 = EDGE_CURVE ( 'NONE', #8390, #5252, #4137, .T. ) ;
#7044 = CARTESIAN_POINT ( 'NONE',  ( 6.080000000000000959, 6.299999999999999822, 0.1283333333333331328 ) ) ;
#7045 = ORIENTED_EDGE ( 'NONE', *, *, #4827, .F. ) ;
#7046 = EDGE_LOOP ( 'NONE', ( #973, #842, #3728, #464, #3397, #7404, #925, #2103 ) ) ;
#7047 = PLANE ( 'NONE',  #3664 ) ;
#7048 =( NAMED_UNIT ( * ) PLANE_ANGLE_UNIT ( ) SI_UNIT ( $, .RADIAN. ) );
#7049 = SURFACE_STYLE_FILL_AREA ( #9358 ) ;
#7050 = DIRECTION ( 'NONE',  ( -0.6546536707079770867, -0.3779644730092274196, -0.6546536707079770867 ) ) ;
#7051 = PLANE ( 'NONE',  #5491 ) ;
#7052 = SURFACE_SIDE_STYLE ('',( #950 ) ) ;
#7053 = FILL_AREA_STYLE ('',( #8766 ) ) ;
#7054 = ADVANCED_FACE ( 'NONE', ( #387 ), #9357, .F. ) ;
#7055 = CARTESIAN_POINT ( 'NONE',  ( 0.5218457338839795900, 5.626229152235330488, 0.000000000000000000 ) ) ;
#7056 = EDGE_LOOP ( 'NONE', ( #2755, #7463, #8314, #3282 ) ) ;
#7057 = PLANE ( 'NONE',  #2807 ) ;
#7058 = VERTEX_POINT ( 'NONE', #2392 ) ;
#7059 = FILL_AREA_STYLE ('',( #5514 ) ) ;
#7060 = DIRECTION ( 'NONE',  ( -1.000000000000000000, -1.084202172485504434E-16, 0.000000000000000000 ) ) ;
#7061 =( NAMED_UNIT ( * ) PLANE_ANGLE_UNIT ( ) SI_UNIT ( $, .RADIAN. ) );
#7062 = PLANE ( 'NONE',  #8218 ) ;
#7063 = CARTESIAN_POINT ( 'NONE',  ( 6.620000000000000995, 1.800000000000000488, 0.3499999999999997002 ) ) ;
#7064 = ORIENTED_EDGE ( 'NONE', *, *, #7417, .F. ) ;
#7065 = EDGE_LOOP ( 'NONE', ( #1156, #2188, #5751, #6946 ) ) ;
#7066 = AXIS2_PLACEMENT_3D ( 'NONE', #7134, #333, #6859 ) ;
#7067 = LINE ( 'NONE', #5665, #733 ) ;
#7068 = STYLED_ITEM ( 'NONE', ( #7189 ), #6052 ) ;
#7069 = DIRECTION ( 'NONE',  ( -0.000000000000000000, 0.000000000000000000, 1.000000000000000000 ) ) ;
#7070 = EDGE_LOOP ( 'NONE', ( #6100, #7269, #7930, #4378 ) ) ;
#7071 = CARTESIAN_POINT ( 'NONE',  ( 7.620000000000000107, -3.000000000000000000, -0.3500000000000002554 ) ) ;
#7072 = PLANE ( 'NONE',  #4292 ) ;
#7073 =( GEOMETRIC_REPRESENTATION_CONTEXT ( 3 ) GLOBAL_UNCERTAINTY_ASSIGNED_CONTEXT ( ( #1591 ) ) GLOBAL_UNIT_ASSIGNED_CONTEXT ( ( #7709, #2670, #3387 ) ) REPRESENTATION_CONTEXT ( 'NONE', 'WORKASPACE' ) );
#7074 = CARTESIAN_POINT ( 'NONE',  ( 1.587276676835969624, 3.923639721076772613, -0.3500000000000001443 ) ) ;
#7075 = CARTESIAN_POINT ( 'NONE',  ( 5.911453400084235810, 5.476966929918534177, 0.3499999999999998113 ) ) ;
#7076 = EDGE_LOOP ( 'NONE', ( #6438, #180, #5148, #23 ) ) ;
#7077 = COLOUR_RGB ( '',0.8313725490196077761, 0.6705882352941175961, 0.1294117647058823373 ) ;
#7078 =( BOUNDED_CURVE ( )  B_SPLINE_CURVE ( 3, ( #5936, #5154, #7381, #4381, #8813, #5200, #8161 ),
 .UNSPECIFIED., .F., .F. ) 
 B_SPLINE_CURVE_WITH_KNOTS ( ( 4, 3, 4 ),
 ( 0.8078321013870641831, 3.141592653589792228, 5.475353205792520939 ),
 .UNSPECIFIED. ) 
 CURVE ( )  GEOMETRIC_REPRESENTATION_ITEM ( )  RATIONAL_B_SPLINE_CURVE ( ( 1.000000000000000000, 0.5953481791230080811, 0.5953481791230080811, 1.000000000000000000, 0.5953481791230077480, 0.5953481791230077480, 1.000000000000000000 ) ) 
 REPRESENTATION_ITEM ( '' )  );
#7079 = SURFACE_STYLE_FILL_AREA ( #7904 ) ;
#7080 = PLANE ( 'NONE',  #8279 ) ;
#7081 = DIRECTION ( 'NONE',  ( 1.000000000000000000, 7.228014483236696555E-16, 0.000000000000000000 ) ) ;
#7082 = CARTESIAN_POINT ( 'NONE',  ( 0.8491834779806503031, 5.324198710742059859, 0.3499999999999999778 ) ) ;
#7083 =( LENGTH_UNIT ( ) NAMED_UNIT ( * ) SI_UNIT ( .MILLI., .METRE. ) );
#7084 = ORIENTED_EDGE ( 'NONE', *, *, #3975, .T. ) ;
#7085 = CARTESIAN_POINT ( 'NONE',  ( -0.8403887387711881374, 5.398486016527556330, 0.3499999999999999778 ) ) ;
#7086 = DIRECTION ( 'NONE',  ( 1.000000000000000000, 0.000000000000000000, 0.000000000000000000 ) ) ;
#7087 = SURFACE_STYLE_USAGE ( .BOTH. , #4275 ) ;
#7088 = LINE ( 'NONE', #5735, #4223 ) ;
#7089 = VERTEX_POINT ( 'NONE', #8329 ) ;
#7090 = ORIENTED_EDGE ( 'NONE', *, *, #4264, .T. ) ;
#7091 = SURFACE_SIDE_STYLE ('',( #488 ) ) ;
#7092 = DIRECTION ( 'NONE',  ( 1.000000000000000000, 0.000000000000000000, 0.000000000000000000 ) ) ;
#7093 = DIRECTION ( 'NONE',  ( -0.000000000000000000, -1.000000000000000000, 1.668003342285392044E-16 ) ) ;
#7094 = CARTESIAN_POINT ( 'NONE',  ( 4.080000000000000071, 6.500000000000000888, -0.3500000000000010880 ) ) ;
#7095 = CARTESIAN_POINT ( 'NONE',  ( 1.540000000000000036, 6.500000000000000888, -0.3500000000000010880 ) ) ;
#7096 = LINE ( 'NONE', #7872, #1375 ) ;
#7097 = LINE ( 'NONE', #8567, #793 ) ;
#7098 = AXIS2_PLACEMENT_3D ( 'NONE', #7110, #5762, #1250 ) ;
#7099 = LINE ( 'NONE', #4284, #5873 ) ;
#7100 = SURFACE_STYLE_USAGE ( .BOTH. , #9499 ) ;
#7101 = ORIENTED_EDGE ( 'NONE', *, *, #5635, .F. ) ;
#7102 = FACE_OUTER_BOUND ( 'NONE', #5494, .T. ) ;
#7103 = VERTEX_POINT ( 'NONE', #9068 ) ;
#7104 = VECTOR ( 'NONE', #3313, 1000.000000000000000 ) ;
#7105 = CARTESIAN_POINT ( 'NONE',  ( 6.933245067392238781, 10.39117142264903570, -0.6500000000000030198 ) ) ;
#7106 = PRESENTATION_LAYER_ASSIGNMENT (  '', '', ( #5718 ) ) ;
#7107 = EDGE_CURVE ( 'NONE', #8269, #3831, #6729, .T. ) ;
#7108 = CARTESIAN_POINT ( 'NONE',  ( 9.215304513043832912, 4.083092593512597013, 0.3499999999999996447 ) ) ;
#7109 = CARTESIAN_POINT ( 'NONE',  ( 10.50999999999999979, 8.000000000000000000, 0.3499999999999999778 ) ) ;
#7110 = CARTESIAN_POINT ( 'NONE',  ( 11.63000000000000078, 8.500000000000000000, 1.199999999999999512 ) ) ;
#7111 = VECTOR ( 'NONE', #3985, 1000.000000000000000 ) ;
#7112 = CARTESIAN_POINT ( 'NONE',  ( 8.562500029944757785, 4.124619419408674936, -0.3500000000000001443 ) ) ;
#7113 = ORIENTED_EDGE ( 'NONE', *, *, #3196, .F. ) ;
#7114 = PRESENTATION_LAYER_ASSIGNMENT (  '', '', ( #1658 ) ) ;
#7115 = ORIENTED_EDGE ( 'NONE', *, *, #7817, .F. ) ;
#7116 = CARTESIAN_POINT ( 'NONE',  ( 7.120000000000000995, 6.299999999999999822, 0.3499999999999997002 ) ) ;
#7117 = STYLED_ITEM ( 'NONE', ( #8180 ), #8527 ) ;
#7118 = MECHANICAL_DESIGN_GEOMETRIC_PRESENTATION_REPRESENTATION (  '', ( #7749 ), #8367 ) ;
#7119 = ORIENTED_EDGE ( 'NONE', *, *, #8040, .T. ) ;
#7120 = VECTOR ( 'NONE', #2949, 1000.000000000000000 ) ;
#7121 = MECHANICAL_DESIGN_GEOMETRIC_PRESENTATION_REPRESENTATION (  '', ( #4336 ), #8054 ) ;
#7122 = CARTESIAN_POINT ( 'NONE',  ( -0.6867549326077613259, 6.500000000000000888, -0.3500000000000010880 ) ) ;
#7123 = CARTESIAN_POINT ( 'NONE',  ( 1.672165113299161510, 5.142569796484067091, -0.3500000000000000888 ) ) ;
#7124 = CARTESIAN_POINT ( 'NONE',  ( 5.680000000000000604, 6.299999999999999822, 0.3499999999999998113 ) ) ;
#7125 = EDGE_CURVE ( 'NONE', #3608, #8261, #5218, .T. ) ;
#7126 = ORIENTED_EDGE ( 'NONE', *, *, #7410, .F. ) ;
#7127 = STYLED_ITEM ( 'NONE', ( #9329 ), #4676 ) ;
#7128 = CARTESIAN_POINT ( 'NONE',  ( 7.020000000000000462, 6.299999999999999822, 0.3499999999999997002 ) ) ;
#7129 = CARTESIAN_POINT ( 'NONE',  ( 0.9336972550331305021, 4.293911919605033489, 0.3499999999999999778 ) ) ;
#7130 = MECHANICAL_DESIGN_GEOMETRIC_PRESENTATION_REPRESENTATION (  '', ( #9637 ), #1991 ) ;
#7131 = PLANE ( 'NONE',  #3273 ) ;
#7132 = VECTOR ( 'NONE', #4053, 1000.000000000000000 ) ;
#7133 = VERTEX_POINT ( 'NONE', #1594 ) ;
#7134 = CARTESIAN_POINT ( 'NONE',  ( 6.620000000000000995, -1.121588454295348794E-16, 0.3499999999999997002 ) ) ;
#7135 = PLANE ( 'NONE',  #2788 ) ;
#7136 = LINE ( 'NONE', #4132, #4169 ) ;
#7137 =( BOUNDED_CURVE ( )  B_SPLINE_CURVE ( 3, ( #7875, #2832, #2645, #542, #4095, #2073, #8661 ),
 .UNSPECIFIED., .F., .F. ) 
 B_SPLINE_CURVE_WITH_KNOTS ( ( 4, 3, 4 ),
 ( 0.8078321013870638501, 3.141592653589792228, 5.475353205792520050 ),
 .UNSPECIFIED. ) 
 CURVE ( )  GEOMETRIC_REPRESENTATION_ITEM ( )  RATIONAL_B_SPLINE_CURVE ( ( 1.000000000000000000, 0.5953481791230079700, 0.5953481791230079700, 1.000000000000000000, 0.5953481791230080811, 0.5953481791230080811, 1.000000000000000000 ) ) 
 REPRESENTATION_ITEM ( '' )  );
#7138 = DIRECTION ( 'NONE',  ( 0.000000000000000000, 0.000000000000000000, 1.000000000000000000 ) ) ;
#7139 = COLOUR_RGB ( '',0.8313725490196077761, 0.6705882352941175961, 0.1294117647058823373 ) ;
#7140 = ORIENTED_EDGE ( 'NONE', *, *, #8625, .F. ) ;
#7141 = MECHANICAL_DESIGN_GEOMETRIC_PRESENTATION_REPRESENTATION (  '', ( #8386 ), #3886 ) ;
#7142 = ORIENTED_EDGE ( 'NONE', *, *, #4052, .F. ) ;
#7143 =( NAMED_UNIT ( * ) PLANE_ANGLE_UNIT ( ) SI_UNIT ( $, .RADIAN. ) );
#7144 = FACE_OUTER_BOUND ( 'NONE', #7304, .T. ) ;
#7145 = CARTESIAN_POINT ( 'NONE',  ( 2.040000000000001812, 6.084152315493286167, -0.3500000000000000333 ) ) ;
#7146 = FILL_AREA_STYLE ('',( #9400 ) ) ;
#7147 = CARTESIAN_POINT ( 'NONE',  ( 9.810000000000000497, 0.5000000000000005551, 0.3499999999999996447 ) ) ;
#7148 = CARTESIAN_POINT ( 'NONE',  ( 9.160000000000001918, 1.800000000000000488, -0.1283333333333338266 ) ) ;
#7149 = STYLED_ITEM ( 'NONE', ( #1954 ), #7584 ) ;
#7150 = FACE_OUTER_BOUND ( 'NONE', #463, .T. ) ;
#7151 =( LENGTH_UNIT ( ) NAMED_UNIT ( * ) SI_UNIT ( .MILLI., .METRE. ) );
#7152 = LINE ( 'NONE', #5801, #231 ) ;
#7153 = EDGE_LOOP ( 'NONE', ( #4986, #2633, #4945, #9469 ) ) ;
#7154 = VECTOR ( 'NONE', #5853, 1000.000000000000000 ) ;
#7155 = VERTEX_POINT ( 'NONE', #5366 ) ;
#7156 = LINE ( 'NONE', #455, #3887 ) ;
#7157 = SURFACE_SIDE_STYLE ('',( #7834 ) ) ;
#7158 = DIRECTION ( 'NONE',  ( 0.000000000000000000, 0.000000000000000000, 1.000000000000000000 ) ) ;
#7159 = PLANE ( 'NONE',  #2587 ) ;
#7160 = LINE ( 'NONE', #9508, #5087 ) ;
#7161 = SURFACE_STYLE_USAGE ( .BOTH. , #7207 ) ;
#7162 = EDGE_CURVE ( 'NONE', #9558, #3036, #3037, .T. ) ;
#7163 = CARTESIAN_POINT ( 'NONE',  ( 8.520693495213402358, 4.786369049944406484, -0.3500000000000001998 ) ) ;
#7164 = VERTEX_POINT ( 'NONE', #2989 ) ;
#7165 = VERTEX_POINT ( 'NONE', #5269 ) ;
#7166 = DIRECTION ( 'NONE',  ( 0.000000000000000000, 0.000000000000000000, 1.000000000000000000 ) ) ;
#7167 = VECTOR ( 'NONE', #1021, 1000.000000000000000 ) ;
#7168 = CARTESIAN_POINT ( 'NONE',  ( 6.674482203325871055, 4.067306563708464218, -0.3500000000000002554 ) ) ;
#7169 = CARTESIAN_POINT ( 'NONE',  ( 9.160000000000001918, 6.500000000000000888, -0.3500000000000010880 ) ) ;
#7170 = ORIENTED_EDGE ( 'NONE', *, *, #4627, .T. ) ;
#7171 = CARTESIAN_POINT ( 'NONE',  ( 9.696643101092098149, 1.700000000000000400, 0.3499999999999997002 ) ) ;
#7172 = CARTESIAN_POINT ( 'NONE',  ( 6.920000000000000817, 0.5000000000000004441, 0.3499999999999997002 ) ) ;
#7173 = CARTESIAN_POINT ( 'NONE',  ( -5.421010862427528333E-17, 0.5000000000000005551, 0.3499999999999999778 ) ) ;
#7174 = VERTEX_POINT ( 'NONE', #22 ) ;
#7175 = COLOUR_RGB ( '',0.8313725490196077761, 0.6705882352941175961, 0.1294117647058823373 ) ;
#7176 = DIRECTION ( 'NONE',  ( -1.000000000000000000, 0.000000000000000000, 0.000000000000000000 ) ) ;
#7177 = LINE ( 'NONE', #1950, #2043 ) ;
#7178 = CARTESIAN_POINT ( 'NONE',  ( 5.766754932607761397, 10.39117142264903570, -0.6500000000000030198 ) ) ;
#7179 = ORIENTED_EDGE ( 'NONE', *, *, #863, .T. ) ;
#7180 = EDGE_CURVE ( 'NONE', #3038, #5034, #6010, .T. ) ;
#7181 = VECTOR ( 'NONE', #1385, 1000.000000000000000 ) ;
#7182 = CARTESIAN_POINT ( 'NONE',  ( 10.75999999999999979, 6.299999999999999822, 0.3499999999999996447 ) ) ;
#7183 = FACE_OUTER_BOUND ( 'NONE', #3890, .T. ) ;
#7184 = CARTESIAN_POINT ( 'NONE',  ( 1.540000000000000924, 6.299999999999999822, 0.1283333333333335213 ) ) ;
#7185 = CARTESIAN_POINT ( 'NONE',  ( 6.933245067392238781, 8.000000000000000000, -0.6500000000000030198 ) ) ;
#7186 = ORIENTED_EDGE ( 'NONE', *, *, #1332, .T. ) ;
#7187 = AXIS2_PLACEMENT_3D ( 'NONE', #8388, #3914, #6159 ) ;
#7188 = VERTEX_POINT ( 'NONE', #6053 ) ;
#7189 = PRESENTATION_STYLE_ASSIGNMENT (( #8318 ) ) ;
#7190 = FACE_OUTER_BOUND ( 'NONE', #1228, .T. ) ;
#7191 = CARTESIAN_POINT ( 'NONE',  ( 2.040000000000001812, 6.084152315493286167, 0.3499999999999998668 ) ) ;
#7192 = LINE ( 'NONE', #9495, #5850 ) ;
#7193 = EDGE_CURVE ( 'NONE', #2140, #8739, #8975, .T. ) ;
#7194 = CARTESIAN_POINT ( 'NONE',  ( 7.941845733883979186, 5.626229152235330488, -0.3500000000000002554 ) ) ;
#7195 =( NAMED_UNIT ( * ) SI_UNIT ( $, .STERADIAN. ) SOLID_ANGLE_UNIT ( ) );
#7196 = CARTESIAN_POINT ( 'NONE',  ( 1.000000000000000666, 0.8000000000000007105, -0.3499999999999999778 ) ) ;
#7197 = LINE ( 'NONE', #4922, #5410 ) ;
#7198 =( NAMED_UNIT ( * ) SI_UNIT ( $, .STERADIAN. ) SOLID_ANGLE_UNIT ( ) );
#7199 = EDGE_LOOP ( 'NONE', ( #5638, #614, #4321, #6787, #5722, #605, #2293, #2160 ) ) ;
#7200 = CARTESIAN_POINT ( 'NONE',  ( 2.189999999999999947, 8.000000000000000000, -0.3499999999999999778 ) ) ;
#7201 = ORIENTED_EDGE ( 'NONE', *, *, #7361, .F. ) ;
#7202 = CARTESIAN_POINT ( 'NONE',  ( 0.6867549326077613259, 10.39117142264903570, -0.6500000000000030198 ) ) ;
#7203 = FILL_AREA_STYLE ('',( #4198 ) ) ;
#7204 = CARTESIAN_POINT ( 'NONE',  ( 3.226754932607761805, 8.000000000000000000, 0.6500000000000000222 ) ) ;
#7205 = CARTESIAN_POINT ( 'NONE',  ( 4.080000000000000071, 0.5000000000000002220, 0.3499999999999998668 ) ) ;
#7206 = CARTESIAN_POINT ( 'NONE',  ( 5.766754932607761397, 10.39117142264903570, 0.6499999999999995781 ) ) ;
#7207 = SURFACE_SIDE_STYLE ('',( #2087 ) ) ;
#7208 = CARTESIAN_POINT ( 'NONE',  ( 9.711806954577857809, 5.884855341312110077, -0.3500000000000003664 ) ) ;
#7209 = VERTEX_POINT ( 'NONE', #2292 ) ;
#7210 = VERTEX_POINT ( 'NONE', #6101 ) ;
#7211 = CARTESIAN_POINT ( 'NONE',  ( 4.393245067392238745, 0.5000000000000000000, -0.6500000000000013545 ) ) ;
#7212 = EDGE_CURVE ( 'NONE', #8364, #7799, #7545, .T. ) ;
#7213 = ORIENTED_EDGE ( 'NONE', *, *, #6369, .F. ) ;
#7214 = CARTESIAN_POINT ( 'NONE',  ( 2.189999999999999947, 8.200000000000001066, 0.3499999999999999778 ) ) ;
#7215 = SURFACE_STYLE_USAGE ( .BOTH. , #2099 ) ;
#7216 = EDGE_CURVE ( 'NONE', #3085, #6691, #2200, .T. ) ;
#7217 = AXIS2_PLACEMENT_3D ( 'NONE', #5760, #8724, #2031 ) ;
#7218 = EDGE_CURVE ( 'NONE', #661, #3906, #856, .T. ) ;
#7219 = CARTESIAN_POINT ( 'NONE',  ( 5.941575734891621607, 5.204467366490783675, 0.3499999999999998668 ) ) ;
#7220 = EDGE_LOOP ( 'NONE', ( #6939, #2836, #21, #4393 ) ) ;
#7221 =( NAMED_UNIT ( * ) PLANE_ANGLE_UNIT ( ) SI_UNIT ( $, .RADIAN. ) );
#7222 =( NAMED_UNIT ( * ) PLANE_ANGLE_UNIT ( ) SI_UNIT ( $, .RADIAN. ) );
#7223 = B_SPLINE_CURVE_WITH_KNOTS ( 'NONE', 3,
 ( #8443, #5532, #2559, #1748, #3289, #6261, #1855, #8488, #8539, #1066, #7031, #322, #1111, #2669, #3336, #7807, #4117, #366, #3384, #5626, #1902, #7611, #2502, #7557, #4010, #3097, #6834, #8340, #3285, #6067, #1010 ),
 .UNSPECIFIED., .F., .F.,
 ( 4, 1, 1, 1, 1, 1, 1, 2, 2, 1, 1, 1, 1, 2, 2, 1, 1, 1, 1, 1, 2, 2, 4 ),
 ( 0.000000000000000000, 0.06250000000001421085, 0.09375000000002159384, 0.1093750000000254796, 0.1171875000000274225, 0.1210937500000285605, 0.1230468750000291295, 0.1240234375000294070, 0.1250000000000296985, 0.1875000000000308087, 0.2187500000000316414, 0.2343750000000320299, 0.2421875000000322242, 0.2460937500000323075, 0.2500000000000323630, 0.3750000000000306422, 0.4375000000000300315, 0.4687500000000297540, 0.4843750000000298650, 0.4921875000000299205, 0.4960937500000296985, 0.5000000000000294209, 1.000000000000000000 ),
 .UNSPECIFIED. ) ;
#7224 = CARTESIAN_POINT ( 'NONE',  ( 0.8095024236130845541, 5.635051924204145912, 0.3499999999999999778 ) ) ;
#7225 = ADVANCED_FACE ( 'NONE', ( #5965 ), #655, .F. ) ;
#7226 = PLANE ( 'NONE',  #7777 ) ;
#7227 = ADVANCED_FACE ( 'NONE', ( #115 ), #4593, .F. ) ;
#7228 = COLOUR_RGB ( '',0.000000000000000000, 0.7529411764705882248, 0.000000000000000000 ) ;
#7229 = DIRECTION ( 'NONE',  ( 1.121588454295349533E-16, -1.000000000000000000, 0.000000000000000000 ) ) ;
#7230 = ORIENTED_EDGE ( 'NONE', *, *, #863, .F. ) ;
#7231 = PRESENTATION_LAYER_ASSIGNMENT (  '', '', ( #3815 ) ) ;
#7232 = ADVANCED_FACE ( 'NONE', ( #7455 ), #9315, .F. ) ;
#7233 = DIRECTION ( 'NONE',  ( 0.000000000000000000, -1.000000000000000000, 1.668003342285391797E-16 ) ) ;
#7234 = DIRECTION ( 'NONE',  ( -0.000000000000000000, -0.000000000000000000, -1.000000000000000000 ) ) ;
#7235 = LINE ( 'NONE', #9488, #6394 ) ;
#7236 = VERTEX_POINT ( 'NONE', #3366 ) ;
#7237 = ORIENTED_EDGE ( 'NONE', *, *, #3001, .F. ) ;
#7238 = SURFACE_STYLE_USAGE ( .BOTH. , #7091 ) ;
#7239 = CARTESIAN_POINT ( 'NONE',  ( -0.6867549326077613259, 0.5000000000000002220, 0.3499999999999998668 ) ) ;
#7240 = VECTOR ( 'NONE', #7495, 1000.000000000000000 ) ;
#7241 = EDGE_CURVE ( 'NONE', #4204, #9577, #1732, .T. ) ;
#7242 = CARTESIAN_POINT ( 'NONE',  ( 3.540000000000000480, 1.800000000000000488, -0.1283333333333335768 ) ) ;
#7243 = CARTESIAN_POINT ( 'NONE',  ( 10.21000000000000085, 8.026794919243112503, 0.05000000000000034972 ) ) ;
#7244 = LINE ( 'NONE', #1925, #5806 ) ;
#7245 = FACE_OUTER_BOUND ( 'NONE', #2708, .T. ) ;
#7246 = SURFACE_STYLE_USAGE ( .BOTH. , #1288 ) ;
#7247 = PRESENTATION_STYLE_ASSIGNMENT (( #7100 ) ) ;
#7248 = ORIENTED_EDGE ( 'NONE', *, *, #5952, .F. ) ;
#7249 = EDGE_CURVE ( 'NONE', #2956, #7265, #255, .T. ) ;
#7250 = DIRECTION ( 'NONE',  ( -1.000000000000000000, 0.000000000000000000, 0.000000000000000000 ) ) ;
#7251 = EDGE_CURVE ( 'NONE', #2994, #969, #9166, .T. ) ;
#7252 = VERTEX_POINT ( 'NONE', #2489 ) ;
#7253 = FILL_AREA_STYLE_COLOUR ( '', #5263 ) ;
#7254 = SURFACE_STYLE_USAGE ( .BOTH. , #1446 ) ;
#7255 = CARTESIAN_POINT ( 'NONE',  ( 9.372878007498405495, 5.777242093666544953, -0.3500000000000002554 ) ) ;
#7256 = COLOUR_RGB ( '',0.8313725490196077761, 0.6705882352941175961, 0.1294117647058823373 ) ;
#7257 = CARTESIAN_POINT ( 'NONE',  ( 10.16000000000000014, 6.299999999999999822, -0.3500000000000003109 ) ) ;
#7258 = LINE ( 'NONE', #406, #8185 ) ;
#7259 = DIRECTION ( 'NONE',  ( 0.000000000000000000, 1.000000000000000000, -1.668003342285391797E-16 ) ) ;
#7260 = CARTESIAN_POINT ( 'NONE',  ( 0.3499999999999999223, 8.000000000000000000, 0.3499999999999999778 ) ) ;
#7261 = EDGE_CURVE ( 'NONE', #6443, #1897, #1685, .T. ) ;
#7262 = DIRECTION ( 'NONE',  ( 0.000000000000000000, 1.000000000000000000, 0.000000000000000000 ) ) ;
#7263 = ORIENTED_EDGE ( 'NONE', *, *, #5120, .F. ) ;
#7264 = AXIS2_PLACEMENT_3D ( 'NONE', #8101, #6635, #715 ) ;
#7265 = VERTEX_POINT ( 'NONE', #6193 ) ;
#7266 = MECHANICAL_DESIGN_GEOMETRIC_PRESENTATION_REPRESENTATION (  '', ( #5718 ), #3850 ) ;
#7267 = CARTESIAN_POINT ( 'NONE',  ( 4.080000000000000071, 6.500000000000000888, -0.3500000000000010880 ) ) ;
#7268 = LINE ( 'NONE', #364, #6214 ) ;
#7269 = ORIENTED_EDGE ( 'NONE', *, *, #1842, .T. ) ;
#7270 = CARTESIAN_POINT ( 'NONE',  ( 11.16000000000000014, 0.5000000000000002220, 0.3499999999999998668 ) ) ;
#7271 = VECTOR ( 'NONE', #6569, 1000.000000000000000 ) ;
#7272 = FILL_AREA_STYLE_COLOUR ( '', #6158 ) ;
#7273 = VECTOR ( 'NONE', #743, 1000.000000000000114 ) ;
#7274 = SURFACE_STYLE_FILL_AREA ( #663 ) ;
#7275 = VERTEX_POINT ( 'NONE', #8519 ) ;
#7276 = MECHANICAL_DESIGN_GEOMETRIC_PRESENTATION_REPRESENTATION (  '', ( #85 ), #3710 ) ;
#7277 = CARTESIAN_POINT ( 'NONE',  ( 1.540000000000000036, 0.5000000000000000000, -0.3500000000000000888 ) ) ;
#7278 = PLANE ( 'NONE',  #3158 ) ;
#7279 = COLOUR_RGB ( '',0.8313725490196077761, 0.6705882352941175961, 0.1294117647058823373 ) ;
#7280 =( GEOMETRIC_REPRESENTATION_CONTEXT ( 3 ) GLOBAL_UNCERTAINTY_ASSIGNED_CONTEXT ( ( #742 ) ) GLOBAL_UNIT_ASSIGNED_CONTEXT ( ( #1841, #2654, #9365 ) ) REPRESENTATION_CONTEXT ( 'NONE', 'WORKASPACE' ) );
#7281 = CARTESIAN_POINT ( 'NONE',  ( 5.601845733883980216, 5.626229152235330488, -0.3500000000000001443 ) ) ;
#7282 =( GEOMETRIC_REPRESENTATION_CONTEXT ( 3 ) GLOBAL_UNCERTAINTY_ASSIGNED_CONTEXT ( ( #4892 ) ) GLOBAL_UNIT_ASSIGNED_CONTEXT ( ( #4910, #8603, #3453 ) ) REPRESENTATION_CONTEXT ( 'NONE', 'WORKASPACE' ) );
#7283 = CARTESIAN_POINT ( 'NONE',  ( 5.430000000000000604, 1.084202172485506745E-17, 0.3499999999999998113 ) ) ;
#7284 = ORIENTED_EDGE ( 'NONE', *, *, #4540, .T. ) ;
#7285 = VECTOR ( 'NONE', #3248, 1000.000000000000000 ) ;
#7286 = FILL_AREA_STYLE_COLOUR ( '', #5525 ) ;
#7287 = CARTESIAN_POINT ( 'NONE',  ( 9.638154266116021773, 5.626229152235333153, 0.3499999999999996447 ) ) ;
#7288 = AXIS2_PLACEMENT_3D ( 'NONE', #515, #2802, #4064 ) ;
#7289 = CARTESIAN_POINT ( 'NONE',  ( 4.729999999999999538, 8.000000000000000000, -0.3499999999999999778 ) ) ;
#7290 = AXIS2_PLACEMENT_3D ( 'NONE', #8140, #4504, #6817 ) ;
#7291 = ORIENTED_EDGE ( 'NONE', *, *, #7471, .T. ) ;
#7292 = EDGE_CURVE ( 'NONE', #8057, #9652, #4621, .T. ) ;
#7293 = UNCERTAINTY_MEASURE_WITH_UNIT (LENGTH_MEASURE( 1.000000000000000082E-05 ), #306, 'distance_accuracy_value', 'NONE');
#7294 = ORIENTED_EDGE ( 'NONE', *, *, #3390, .T. ) ;
#7295 =( LENGTH_UNIT ( ) NAMED_UNIT ( * ) SI_UNIT ( .MILLI., .METRE. ) );
#7296 = CARTESIAN_POINT ( 'NONE',  ( 5.430000000000000604, 1.084202172485506745E-17, 0.3499999999999998113 ) ) ;
#7297 = VECTOR ( 'NONE', #4257, 1000.000000000000000 ) ;
#7298 = LINE ( 'NONE', #3551, #5283 ) ;
#7299 =( NAMED_UNIT ( * ) SI_UNIT ( $, .STERADIAN. ) SOLID_ANGLE_UNIT ( ) );
#7300 = VECTOR ( 'NONE', #7405, 1000.000000000000000 ) ;
#7301 = DIRECTION ( 'NONE',  ( -1.000000000000000000, 0.000000000000000000, 0.000000000000000000 ) ) ;
#7302 = CIRCLE ( 'NONE', #2653, 0.2000000000000005107 ) ;
#7303 = CARTESIAN_POINT ( 'NONE',  ( 9.810000000000000497, 0.000000000000000000, -0.3499999999999999778 ) ) ;
#7304 = EDGE_LOOP ( 'NONE', ( #9634, #9354, #1620, #5971 ) ) ;
#7305 = DIRECTION ( 'NONE',  ( 1.000000000000000000, -0.000000000000000000, 0.000000000000000000 ) ) ;
#7306 = ORIENTED_EDGE ( 'NONE', *, *, #1183, .T. ) ;
#7307 = PRESENTATION_LAYER_ASSIGNMENT (  '', '', ( #9027 ) ) ;
#7308 = FACE_OUTER_BOUND ( 'NONE', #1626, .T. ) ;
#7309 = CARTESIAN_POINT ( 'NONE',  ( 5.601845733883980216, 5.626229152235330488, -0.3500000000000001443 ) ) ;
#7310 = DIRECTION ( 'NONE',  ( -0.000000000000000000, 0.000000000000000000, 1.000000000000000000 ) ) ;
#7311 = CARTESIAN_POINT ( 'NONE',  ( 11.01783856258393790, 5.240363704783927545, -0.3500000000000003109 ) ) ;
#7312 = EDGE_CURVE ( 'NONE', #5252, #9331, #206, .T. ) ;
#7313 = DIRECTION ( 'NONE',  ( 0.000000000000000000, 0.000000000000000000, 1.000000000000000000 ) ) ;
#7314 = VECTOR ( 'NONE', #4680, 1000.000000000000000 ) ;
#7315 = MECHANICAL_DESIGN_GEOMETRIC_PRESENTATION_REPRESENTATION (  '', ( #7459 ), #1542 ) ;
#7316 = CARTESIAN_POINT ( 'NONE',  ( 0.9816606796124074386, 3.374693912578979216, -0.3499999999999999223 ) ) ;
#7317 = EDGE_LOOP ( 'NONE', ( #1955, #7340, #4533, #3881 ) ) ;
#7318 = EDGE_LOOP ( 'NONE', ( #6571, #9175, #8355, #6042 ) ) ;
#7319 = CARTESIAN_POINT ( 'NONE',  ( 0.6867549326077613259, 0.5000000000000000000, -0.6500000000000013545 ) ) ;
#7320 = SURFACE_STYLE_FILL_AREA ( #2205 ) ;
#7321 = EDGE_LOOP ( 'NONE', ( #3130, #2434, #8787, #7201, #9194, #2426, #7284, #751 ) ) ;
#7322 = EDGE_CURVE ( 'NONE', #9121, #3085, #5559, .T. ) ;
#7323 = CARTESIAN_POINT ( 'NONE',  ( 10.62335689890790036, 1.699999999999999734, -0.3500000000000003109 ) ) ;
#7324 = PRESENTATION_STYLE_ASSIGNMENT (( #5717 ) ) ;
#7325 = CARTESIAN_POINT ( 'NONE',  ( 2.890000000000001013, 0.5000000000000005551, 0.3499999999999998668 ) ) ;
#7326 = ORIENTED_EDGE ( 'NONE', *, *, #8191, .T. ) ;
#7327 = STYLED_ITEM ( 'NONE', ( #8305 ), #3635 ) ;
#7328 = CARTESIAN_POINT ( 'NONE',  ( 4.134482203325870131, 4.067306563708462441, -0.3499999999999999778 ) ) ;
#7329 = CARTESIAN_POINT ( 'NONE',  ( 6.080000000000000071, 6.500000000000000888, -0.3500000000000010880 ) ) ;
#7330 = CARTESIAN_POINT ( 'NONE',  ( 3.409615242270663149, 8.500000000000000000, 0.8696152422706630025 ) ) ;
#7331 =( LENGTH_UNIT ( ) NAMED_UNIT ( * ) SI_UNIT ( .MILLI., .METRE. ) );
#7332 = PRESENTATION_STYLE_ASSIGNMENT (( #627 ) ) ;
#7333 = EDGE_LOOP ( 'NONE', ( #1015, #8409, #2269, #7678 ) ) ;
#7334 = UNCERTAINTY_MEASURE_WITH_UNIT (LENGTH_MEASURE( 1.000000000000000082E-05 ), #9322, 'distance_accuracy_value', 'NONE');
#7335 = PRESENTATION_STYLE_ASSIGNMENT (( #4428 ) ) ;
#7336 = UNCERTAINTY_MEASURE_WITH_UNIT (LENGTH_MEASURE( 1.000000000000000082E-05 ), #7923, 'distance_accuracy_value', 'NONE');
#7337 = CARTESIAN_POINT ( 'NONE',  ( -1.469999999999999973, 8.500000000000000000, -1.199999999999999956 ) ) ;
#7338 = FILL_AREA_STYLE_COLOUR ( '', #2195 ) ;
#7339 = ORIENTED_EDGE ( 'NONE', *, *, #2396, .F. ) ;
#7340 = ORIENTED_EDGE ( 'NONE', *, *, #7589, .T. ) ;
#7341 = CARTESIAN_POINT ( 'NONE',  ( 10.16000000000000014, 1.700000000000000178, 0.3499999999999996447 ) ) ;
#7342 = DIRECTION ( 'NONE',  ( -0.000000000000000000, -1.000000000000000000, 1.668003342285392044E-16 ) ) ;
#7343 = VECTOR ( 'NONE', #8018, 1000.000000000000000 ) ;
#7344 = PRESENTATION_STYLE_ASSIGNMENT (( #681 ) ) ;
#7345 = CARTESIAN_POINT ( 'NONE',  ( 9.834744180118196510, 5.589454083063165157, 0.3499999999999996447 ) ) ;
#7346 = CARTESIAN_POINT ( 'NONE',  ( 6.620000000000000107, 6.500000000000000888, -0.3500000000000010880 ) ) ;
#7347 = CARTESIAN_POINT ( 'NONE',  ( 5.880167876875766808, 5.699693040755678730, -0.3500000000000001443 ) ) ;
#7348 = CARTESIAN_POINT ( 'NONE',  ( 6.933245067392238781, 8.000000000000000000, -0.6500000000000025757 ) ) ;
#7349 = VECTOR ( 'NONE', #124, 1000.000000000000000 ) ;
#7350 = VECTOR ( 'NONE', #3743, 1000.000000000000000 ) ;
#7351 = VERTEX_POINT ( 'NONE', #4692 ) ;
#7352 = LINE ( 'NONE', #6617, #4045 ) ;
#7353 = ORIENTED_EDGE ( 'NONE', *, *, #5451, .F. ) ;
#7354 = VECTOR ( 'NONE', #4854, 1000.000000000000000 ) ;
#7355 = CARTESIAN_POINT ( 'NONE',  ( 9.285005870614373436, 5.069026963383189255, -0.3500000000000003664 ) ) ;
#7356 = EDGE_CURVE ( 'NONE', #8580, #7370, #5469, .T. ) ;
#7357 = EDGE_CURVE ( 'NONE', #8104, #3831, #2648, .T. ) ;
#7358 = ADVANCED_FACE ( 'NONE', ( #4048 ), #7057, .F. ) ;
#7359 = CARTESIAN_POINT ( 'NONE',  ( 10.16000000000000014, 6.500000000000000888, -1.155688030012021264E-15 ) ) ;
#7360 = CARTESIAN_POINT ( 'NONE',  ( 8.068193045422141552, 5.884855341312110077, -0.3500000000000003109 ) ) ;
#7361 = EDGE_CURVE ( 'NONE', #2898, #6707, #3905, .T. ) ;
#7362 = CARTESIAN_POINT ( 'NONE',  ( 1.540000000000000036, 6.500000000000000888, -0.3500000000000010880 ) ) ;
#7363 = ORIENTED_EDGE ( 'NONE', *, *, #2586, .T. ) ;
#7364 = ORIENTED_EDGE ( 'NONE', *, *, #2803, .T. ) ;
#7365 = CARTESIAN_POINT ( 'NONE',  ( 6.758424265108376794, 5.204467366490683311, -0.3500000000000001998 ) ) ;
#7366 = EDGE_CURVE ( 'NONE', #6227, #1963, #3934, .T. ) ;
#7367 = ORIENTED_EDGE ( 'NONE', *, *, #8543, .T. ) ;
#7368 = SURFACE_STYLE_USAGE ( .BOTH. , #9035 ) ;
#7369 = FACE_OUTER_BOUND ( 'NONE', #5219, .T. ) ;
#7370 = VERTEX_POINT ( 'NONE', #5344 ) ;
#7371 = CARTESIAN_POINT ( 'NONE',  ( 4.287514633686703824, 5.744802409713121172, -0.3500000000000001443 ) ) ;
#7372 = CARTESIAN_POINT ( 'NONE',  ( 2.091806954577857258, 5.884855341312110077, -0.3500000000000000333 ) ) ;
#7373 =( LENGTH_UNIT ( ) NAMED_UNIT ( * ) SI_UNIT ( .MILLI., .METRE. ) );
#7374 = ORIENTED_EDGE ( 'NONE', *, *, #9086, .F. ) ;
#7375 = CARTESIAN_POINT ( 'NONE',  ( -0.9442769795120112830, 4.091073788932124700, 0.3500000000000000888 ) ) ;
#7376 = CARTESIAN_POINT ( 'NONE',  ( -0.9460868014086029065, 4.056300144720209389, -0.3500000000000000888 ) ) ;
#7377 = LINE ( 'NONE', #675, #8260 ) ;
#7378 = ORIENTED_EDGE ( 'NONE', *, *, #4683, .F. ) ;
#7379 = EDGE_CURVE ( 'NONE', #80, #1361, #4532, .T. ) ;
#7380 = VERTEX_POINT ( 'NONE', #788 ) ;
#7381 = CARTESIAN_POINT ( 'NONE',  ( -0.4633568989079023814, 1.700000000000002620, -0.3499999999999999778 ) ) ;
#7382 = FACE_OUTER_BOUND ( 'NONE', #1454, .T. ) ;
#7383 = EDGE_CURVE ( 'NONE', #1361, #2007, #2226, .T. ) ;
#7384 = AXIS2_PLACEMENT_3D ( 'NONE', #7914, #5730, #4375 ) ;
#7385 = LINE ( 'NONE', #539, #8229 ) ;
#7386 = CARTESIAN_POINT ( 'NONE',  ( 10.94716225365709583, 5.777005459572332136, 0.3499999999999996447 ) ) ;
#7387 = UNCERTAINTY_MEASURE_WITH_UNIT (LENGTH_MEASURE( 1.000000000000000082E-05 ), #5092, 'distance_accuracy_value', 'NONE');
#7388 = CARTESIAN_POINT ( 'NONE',  ( 5.854147136672700924, 5.851685420754298761, -0.3500000000000001443 ) ) ;
#7389 = MECHANICAL_DESIGN_GEOMETRIC_PRESENTATION_REPRESENTATION (  '', ( #1933 ), #7073 ) ;
#7390 = CARTESIAN_POINT ( 'NONE',  ( 11.63000000000000078, 0.5000000000000002220, 0.6500000000000010214 ) ) ;
#7391 = ORIENTED_EDGE ( 'NONE', *, *, #6031, .T. ) ;
#7392 = ORIENTED_EDGE ( 'NONE', *, *, #1691, .T. ) ;
#7393 = CARTESIAN_POINT ( 'NONE',  ( 4.480000000000000426, 6.299999999999999822, 0.3849999999999998423 ) ) ;
#7394 = ORIENTED_EDGE ( 'NONE', *, *, #6164, .F. ) ;
#7395 =( BOUNDED_CURVE ( )  B_SPLINE_CURVE ( 3, ( #6510, #9395, #5684, #5008 ),
 .UNSPECIFIED., .F., .F. ) 
 B_SPLINE_CURVE_WITH_KNOTS ( ( 4, 4 ),
 ( 1.570796326794896336, 2.359101780428492390 ),
 .UNSPECIFIED. ) 
 CURVE ( )  GEOMETRIC_REPRESENTATION_ITEM ( )  RATIONAL_B_SPLINE_CURVE ( ( 1.000000000000000000, 0.9488815137910384667, 0.9488815137910384667, 1.000000000000000000 ) ) 
 REPRESENTATION_ITEM ( '' )  );
#7396 = CARTESIAN_POINT ( 'NONE',  ( 5.766754932607761397, 8.000000000000000000, -0.6500000000000030198 ) ) ;
#7397 = UNCERTAINTY_MEASURE_WITH_UNIT (LENGTH_MEASURE( 1.000000000000000082E-05 ), #8495, 'distance_accuracy_value', 'NONE');
#7398 = CARTESIAN_POINT ( 'NONE',  ( 11.63000000000000078, 0.5000000000000000000, -0.6499999999999989120 ) ) ;
#7399 = CARTESIAN_POINT ( 'NONE',  ( 9.473245067392239704, 8.000000000000000000, -0.6500000000000030198 ) ) ;
#7400 = CARTESIAN_POINT ( 'NONE',  ( 1.000000000000000444, 1.800000000000000488, -0.3499999999999999778 ) ) ;
#7401 = FILL_AREA_STYLE ('',( #3034 ) ) ;
#7402 = EDGE_CURVE ( 'NONE', #452, #8962, #7626, .T. ) ;
#7403 = CARTESIAN_POINT ( 'NONE',  ( 0.9446954869561655643, 4.083092593512565038, -0.3499999999999998668 ) ) ;
#7404 = ORIENTED_EDGE ( 'NONE', *, *, #6056, .F. ) ;
#7405 = DIRECTION ( 'NONE',  ( 0.000000000000000000, 0.000000000000000000, 1.000000000000000000 ) ) ;
#7406 = ADVANCED_FACE ( 'NONE', ( #1619 ), #2377, .T. ) ;
#7407 = ORIENTED_EDGE ( 'NONE', *, *, #9075, .F. ) ;
#7408 = PRESENTATION_STYLE_ASSIGNMENT (( #1410 ) ) ;
#7409 = AXIS2_PLACEMENT_3D ( 'NONE', #6004, #1449, #1494 ) ;
#7410 = EDGE_CURVE ( 'NONE', #1175, #8930, #595, .T. ) ;
#7411 = FILL_AREA_STYLE_COLOUR ( '', #1662 ) ;
#7412 = ORIENTED_EDGE ( 'NONE', *, *, #8989, .F. ) ;
#7413 = EDGE_CURVE ( 'NONE', #796, #8269, #6032, .T. ) ;
#7414 = VECTOR ( 'NONE', #4738, 1000.000000000000000 ) ;
#7415 = LINE ( 'NONE', #3137, #4872 ) ;
#7416 = B_SPLINE_CURVE_WITH_KNOTS ( 'NONE', 3,
 ( #7400, #8183, #4502, #755 ),
 .UNSPECIFIED., .F., .F.,
 ( 4, 4 ),
 ( 0.000000000000000000, 1.000000000000000000 ),
 .UNSPECIFIED. ) ;
#7417 = EDGE_CURVE ( 'NONE', #8390, #44, #4672, .T. ) ;
#7418 = EDGE_LOOP ( 'NONE', ( #9188, #6019, #8037, #7422 ) ) ;
#7419 = SURFACE_STYLE_USAGE ( .BOTH. , #5926 ) ;
#7420 = PLANE ( 'NONE',  #6884 ) ;
#7421 = FACE_OUTER_BOUND ( 'NONE', #7503, .T. ) ;
#7422 = ORIENTED_EDGE ( 'NONE', *, *, #373, .F. ) ;
#7423 = FILL_AREA_STYLE ('',( #3103 ) ) ;
#7424 = EDGE_CURVE ( 'NONE', #5915, #8295, #9693, .T. ) ;
#7425 = CARTESIAN_POINT ( 'NONE',  ( 8.306754932607761432, 6.500000000000000888, -0.3500000000000010880 ) ) ;
#7426 =( NAMED_UNIT ( * ) PLANE_ANGLE_UNIT ( ) SI_UNIT ( $, .RADIAN. ) );
#7427 = ORIENTED_EDGE ( 'NONE', *, *, #5173, .T. ) ;
#7428 =( GEOMETRIC_REPRESENTATION_CONTEXT ( 3 ) GLOBAL_UNCERTAINTY_ASSIGNED_CONTEXT ( ( #2962 ) ) GLOBAL_UNIT_ASSIGNED_CONTEXT ( ( #8648, #2681, #4817 ) ) REPRESENTATION_CONTEXT ( 'NONE', 'WORKASPACE' ) );
#7429 = STYLED_ITEM ( 'NONE', ( #9310 ), #2605 ) ;
#7430 = CARTESIAN_POINT ( 'NONE',  ( 1.540000000000000036, 0.5000000000000000000, -0.3500000000000000888 ) ) ;
#7431 = STYLED_ITEM ( 'NONE', ( #2637 ), #8663 ) ;
#7432 = CARTESIAN_POINT ( 'NONE',  ( -0.6454664785273052097, 3.877691542223590471, 0.3499999999999999778 ) ) ;
#7433 = ORIENTED_EDGE ( 'NONE', *, *, #7801, .T. ) ;
#7434 =( LENGTH_UNIT ( ) NAMED_UNIT ( * ) SI_UNIT ( .MILLI., .METRE. ) );
#7435 = CARTESIAN_POINT ( 'NONE',  ( 10.68184573388398029, 5.626229152235330488, -3.363509640443580300E-16 ) ) ;
#7436 = AXIS2_PLACEMENT_3D ( 'NONE', #1688, #165, #860 ) ;
#7437 =( NAMED_UNIT ( * ) SI_UNIT ( $, .STERADIAN. ) SOLID_ANGLE_UNIT ( ) );
#7438 = EDGE_CURVE ( 'NONE', #9484, #2994, #5452, .T. ) ;
#7439 = DIRECTION ( 'NONE',  ( -1.000000000000000000, 0.000000000000000000, 0.000000000000000000 ) ) ;
#7440 = VECTOR ( 'NONE', #2515, 1000.000000000000000 ) ;
#7441 = EDGE_LOOP ( 'NONE', ( #3091, #1059, #8081, #1255 ) ) ;
#7442 = DIRECTION ( 'NONE',  ( -0.000000000000000000, 1.000000000000000000, -0.000000000000000000 ) ) ;
#7443 = DIRECTION ( 'NONE',  ( 0.000000000000000000, 0.000000000000000000, 1.000000000000000000 ) ) ;
#7444 = ORIENTED_EDGE ( 'NONE', *, *, #3656, .T. ) ;
#7445 = DIRECTION ( 'NONE',  ( -0.000000000000000000, -0.000000000000000000, -1.000000000000000000 ) ) ;
#7446 =( LENGTH_UNIT ( ) NAMED_UNIT ( * ) SI_UNIT ( .MILLI., .METRE. ) );
#7447 = LINE ( 'NONE', #3030, #1693 ) ;
#7448 = VECTOR ( 'NONE', #4565, 1000.000000000000000 ) ;
#7449 = VECTOR ( 'NONE', #1531, 1000.000000000000000 ) ;
#7450 = CARTESIAN_POINT ( 'NONE',  ( 11.10356783411416437, 4.104507585657628965, -0.3500000000000003664 ) ) ;
#7451 = PRESENTATION_STYLE_ASSIGNMENT (( #3709 ) ) ;
#7452 = UNCERTAINTY_MEASURE_WITH_UNIT (LENGTH_MEASURE( 1.000000000000000082E-05 ), #5865, 'distance_accuracy_value', 'NONE');
#7453 = CARTESIAN_POINT ( 'NONE',  ( 8.620000000000000995, 1.800000000000000488, -0.3500000000000002554 ) ) ;
#7454 = EDGE_LOOP ( 'NONE', ( #3525, #5271, #6429, #6474, #3101, #5864, #5983, #7953, #6161, #4766, #2291, #8035, #6160, #6148, #1120, #3065, #9440, #7761, #6015, #8583, #6818 ) ) ;
#7455 = FACE_OUTER_BOUND ( 'NONE', #8338, .T. ) ;
#7456 = ORIENTED_EDGE ( 'NONE', *, *, #2899, .T. ) ;
#7457 = CARTESIAN_POINT ( 'NONE',  ( 6.832463891615422114, 5.774771377977408804, -0.3500000000000001998 ) ) ;
#7458 = ORIENTED_EDGE ( 'NONE', *, *, #834, .F. ) ;
#7459 = STYLED_ITEM ( 'NONE', ( #232 ), #7542 ) ;
#7460 = LINE ( 'NONE', #4059, #6636 ) ;
#7461 = ADVANCED_FACE ( 'NONE', ( #3015 ), #9006, .F. ) ;
#7462 = CARTESIAN_POINT ( 'NONE',  ( 8.620000000000000995, 1.800000000000000488, 0.1283333333333330772 ) ) ;
#7463 = ORIENTED_EDGE ( 'NONE', *, *, #5938, .T. ) ;
#7464 = EDGE_CURVE ( 'NONE', #8994, #661, #140, .T. ) ;
#7465 = AXIS2_PLACEMENT_3D ( 'NONE', #1564, #4610, #8153 ) ;
#7466 = DIRECTION ( 'NONE',  ( 1.000000000000000000, -0.000000000000000000, 0.000000000000000000 ) ) ;
#7467 = CARTESIAN_POINT ( 'NONE',  ( 7.267475984454220495, 5.732672356334980179, -0.3500000000000002554 ) ) ;
#7468 = VERTEX_POINT ( 'NONE', #9092 ) ;
#7469 = EDGE_CURVE ( 'NONE', #6329, #5345, #4682, .T. ) ;
#7470 = CARTESIAN_POINT ( 'NONE',  ( 7.120000000000000995, 6.299999999999999822, 0.3499999999999997002 ) ) ;
#7471 = EDGE_CURVE ( 'NONE', #7473, #5345, #2810, .T. ) ;
#7472 = PLANE ( 'NONE',  #6810 ) ;
#7473 = VERTEX_POINT ( 'NONE', #4762 ) ;
#7474 = DIRECTION ( 'NONE',  ( 0.000000000000000000, -1.668003342285391551E-16, -1.000000000000000000 ) ) ;
#7475 = CARTESIAN_POINT ( 'NONE',  ( 11.16000000000000192, 1.800000000000000488, -0.3500000000000003109 ) ) ;
#7476 = DIRECTION ( 'NONE',  ( -0.000000000000000000, -1.000000000000000000, 1.668003342285392044E-16 ) ) ;
#7477 = EDGE_CURVE ( 'NONE', #5056, #9484, #4718, .T. ) ;
#7478 = DIRECTION ( 'NONE',  ( -0.000000000000000000, 0.000000000000000000, 1.000000000000000000 ) ) ;
#7480 = ORIENTED_EDGE ( 'NONE', *, *, #4118, .F. ) ;
#7479 = AXIS2_PLACEMENT_3D ( 'NONE', #6317, #9295, #1081 ) ;
#7481 = PLANE ( 'NONE',  #4822 ) ;
#7482 = VECTOR ( 'NONE', #7476, 1000.000000000000000 ) ;
#7483 = DIRECTION ( 'NONE',  ( 0.000000000000000000, 3.097720492815727166E-16, 1.000000000000000000 ) ) ;
#7484 = DIRECTION ( 'NONE',  ( -0.000000000000000000, -0.000000000000000000, -1.000000000000000000 ) ) ;
#7485 = ORIENTED_EDGE ( 'NONE', *, *, #8406, .T. ) ;
#7486 = CARTESIAN_POINT ( 'NONE',  ( 4.080000000000000959, 6.299999999999999822, -0.1283333333333336601 ) ) ;
#7487 = AXIS2_PLACEMENT_3D ( 'NONE', #3212, #6182, #3751 ) ;
#7488 = CARTESIAN_POINT ( 'NONE',  ( 6.764309810834101100, 5.260692584315934894, 0.3499999999999997002 ) ) ;
#7489 = VERTEX_POINT ( 'NONE', #2677 ) ;
#7490 = EDGE_CURVE ( 'NONE', #535, #2416, #7718, .T. ) ;
#7491 = EDGE_CURVE ( 'NONE', #8650, #707, #2620, .T. ) ;
#7492 = LINE ( 'NONE', #6809, #5835 ) ;
#7493 = DIRECTION ( 'NONE',  ( -0.000000000000000000, -0.000000000000000000, 1.000000000000000000 ) ) ;
#7494 = CARTESIAN_POINT ( 'NONE',  ( 11.06069349521339973, 4.786369049944406484, -0.3500000000000002554 ) ) ;
#7495 = DIRECTION ( 'NONE',  ( 0.000000000000000000, 0.000000000000000000, 1.000000000000000000 ) ) ;
#7496 = PLANE ( 'NONE',  #8352 ) ;
#7497 = EDGE_LOOP ( 'NONE', ( #691, #3112, #486, #1538 ) ) ;
#7498 = SURFACE_STYLE_USAGE ( .BOTH. , #4555 ) ;
#7499 = EDGE_CURVE ( 'NONE', #8394, #1906, #1174, .T. ) ;
#7500 = ORIENTED_EDGE ( 'NONE', *, *, #8040, .F. ) ;
#7501 = VECTOR ( 'NONE', #9325, 1000.000000000000000 ) ;
#7502 =( NAMED_UNIT ( * ) PLANE_ANGLE_UNIT ( ) SI_UNIT ( $, .RADIAN. ) );
#7503 = EDGE_LOOP ( 'NONE', ( #3297, #6341, #3187, #5652 ) ) ;
#7504 = CARTESIAN_POINT ( 'NONE',  ( 10.31000000000000405, -3.000000000000000000, -0.3500000000000003109 ) ) ;
#7505 = FILL_AREA_STYLE ('',( #1414 ) ) ;
#7506 =( BOUNDED_CURVE ( )  B_SPLINE_CURVE ( 3, ( #9513, #4512, #2849, #5816 ),
 .UNSPECIFIED., .F., .F. ) 
 B_SPLINE_CURVE_WITH_KNOTS ( ( 4, 4 ),
 ( 3.924083526751088957, 4.712388980384689674 ),
 .UNSPECIFIED. ) 
 CURVE ( )  GEOMETRIC_REPRESENTATION_ITEM ( )  RATIONAL_B_SPLINE_CURVE ( ( 1.000000000000000000, 0.9488815137910379116, 0.9488815137910379116, 1.000000000000000000 ) ) 
 REPRESENTATION_ITEM ( '' )  );
#7507 = CARTESIAN_POINT ( 'NONE',  ( 8.220000000000000639, 6.299999999999999822, 0.3849999999999996758 ) ) ;
#7508 = CARTESIAN_POINT ( 'NONE',  ( -0.8696152422706630025, 8.500000000000000000, 0.000000000000000000 ) ) ;
#7509 = VERTEX_POINT ( 'NONE', #5592 ) ;
#7510 = EDGE_CURVE ( 'NONE', #8644, #566, #4028, .T. ) ;
#7511 = SURFACE_STYLE_FILL_AREA ( #2451 ) ;
#7512 = PLANE ( 'NONE',  #6383 ) ;
#7513 = ORIENTED_EDGE ( 'NONE', *, *, #4923, .T. ) ;
#7514 =( NAMED_UNIT ( * ) SI_UNIT ( $, .STERADIAN. ) SOLID_ANGLE_UNIT ( ) );
#7515 = FILL_AREA_STYLE ('',( #1427 ) ) ;
#7516 = EDGE_CURVE ( 'NONE', #9231, #5142, #5493, .T. ) ;
#7517 = ORIENTED_EDGE ( 'NONE', *, *, #5540, .F. ) ;
#7518 = CARTESIAN_POINT ( 'NONE',  ( 11.16000000000000014, 0.5000000000000000000, -0.3500000000000000888 ) ) ;
#7519 = FACE_OUTER_BOUND ( 'NONE', #7942, .T. ) ;
#7520 = ADVANCED_FACE ( 'NONE', ( #5541 ), #7131, .F. ) ;
#7521 = DIRECTION ( 'NONE',  ( -0.000000000000000000, 0.000000000000000000, 1.000000000000000000 ) ) ;
#7522 = DIRECTION ( 'NONE',  ( 0.000000000000000000, 0.000000000000000000, -1.000000000000000000 ) ) ;
#7523 = MECHANICAL_DESIGN_GEOMETRIC_PRESENTATION_REPRESENTATION (  '', ( #5673 ), #8157 ) ;
#7524 = ORIENTED_EDGE ( 'NONE', *, *, #7366, .F. ) ;
#7525 = CARTESIAN_POINT ( 'NONE',  ( 5.841220786870199078, 5.920464898423897004, -0.3500000000000001443 ) ) ;
#7526 = CARTESIAN_POINT ( 'NONE',  ( -0.1499999999999994393, -3.000000000000000000, -0.3499999999999999778 ) ) ;
#7527 = PRESENTATION_LAYER_ASSIGNMENT (  '', '', ( #2881 ) ) ;
#7528 = CARTESIAN_POINT ( 'NONE',  ( 6.080000000000000071, 1.800000000000000488, -0.3850000000000001199 ) ) ;
#7529 = ORIENTED_EDGE ( 'NONE', *, *, #5077, .F. ) ;
#7530 = STYLED_ITEM ( 'NONE', ( #131 ), #501 ) ;
#7531 = ORIENTED_EDGE ( 'NONE', *, *, #5120, .T. ) ;
#7532 = CARTESIAN_POINT ( 'NONE',  ( 4.480000000000000426, 6.299999999999999822, 0.1283333333333334381 ) ) ;
#7533 = CARTESIAN_POINT ( 'NONE',  ( 6.685174816799756670, 4.263498050147334517, 0.3499999999999997558 ) ) ;
#7534 = ORIENTED_EDGE ( 'NONE', *, *, #5824, .T. ) ;
#7535 = CARTESIAN_POINT ( 'NONE',  ( 4.393245067392238745, 6.500000000000000888, -0.6500000000000017986 ) ) ;
#7536 = CARTESIAN_POINT ( 'NONE',  ( 9.160000000000001918, 1.800000000000000266, -0.1166666666666670710 ) ) ;
#7537 = AXIS2_PLACEMENT_3D ( 'NONE', #768, #3088, #4516 ) ;
#7538 =( NAMED_UNIT ( * ) PLANE_ANGLE_UNIT ( ) SI_UNIT ( $, .RADIAN. ) );
#7539 = CARTESIAN_POINT ( 'NONE',  ( 10.86000000000000121, 0.8000000000000007105, -0.3500000000000003109 ) ) ;
#7540 = DIRECTION ( 'NONE',  ( -0.000000000000000000, 1.668003342285391551E-16, 1.000000000000000000 ) ) ;
#7541 = CARTESIAN_POINT ( 'NONE',  ( 8.620000000000000995, 1.800000000000000488, 0.3499999999999997002 ) ) ;
#7542 = ADVANCED_FACE ( 'NONE', ( #3346 ), #377, .T. ) ;
#7543 = PRESENTATION_LAYER_ASSIGNMENT (  '', '', ( #6771 ) ) ;
#7544 = VERTEX_POINT ( 'NONE', #6453 ) ;
#7545 = LINE ( 'NONE', #3129, #7300 ) ;
#7546 = ORIENTED_EDGE ( 'NONE', *, *, #728, .F. ) ;
#7547 = CLOSED_SHELL ( 'NONE', ( #2827, #599, #8125, #312, #2553, #6052, #4889, #3635, #2776, #5758, #8645, #2371, #3043, #3140, #3019, #1017, #9391, #982, #1521, #8663, #7520, #6421, #5515 ) ) ;
#7548 = EDGE_CURVE ( 'NONE', #3855, #3964, #8108, .T. ) ;
#7549 = APPLICATION_CONTEXT ( 'automotive_design' ) ;
#7550 = SURFACE_STYLE_USAGE ( .BOTH. , #8380 ) ;
#7551 = CARTESIAN_POINT ( 'NONE',  ( 4.380000000000000782, 0.8000000000000004885, -0.3500000000000001443 ) ) ;
#7552 = EDGE_LOOP ( 'NONE', ( #3391, #3493, #3271, #2360 ) ) ;
#7553 = PLANE ( 'NONE',  #1507 ) ;
#7554 = DIRECTION ( 'NONE',  ( 1.121588454295349533E-16, -1.000000000000000000, 0.000000000000000000 ) ) ;
#7555 = ORIENTED_EDGE ( 'NONE', *, *, #5270, .F. ) ;
#7556 = ORIENTED_EDGE ( 'NONE', *, *, #1755, .T. ) ;
#7557 = CARTESIAN_POINT ( 'NONE',  ( 3.479979884374425403, 4.171275002134771093, -0.3500000000000000888 ) ) ;
#7558 = FACE_OUTER_BOUND ( 'NONE', #3741, .T. ) ;
#7559 = ORIENTED_EDGE ( 'NONE', *, *, #8356, .F. ) ;
#7560 = CARTESIAN_POINT ( 'NONE',  ( 4.727475984454220459, 5.732672356334980179, -0.3500000000000001443 ) ) ;
#7561 = CARTESIAN_POINT ( 'NONE',  ( 0.6867549326077613259, 10.39117142264903570, 0.6499999999999995781 ) ) ;
#7562 = SURFACE_STYLE_USAGE ( .BOTH. , #8348 ) ;
#7563 = ORIENTED_EDGE ( 'NONE', *, *, #1020, .F. ) ;
#7564 = CARTESIAN_POINT ( 'NONE',  ( -0.6867549326077613259, 10.39117142264903570, 0.3499999999999983125 ) ) ;
#7565 = LINE ( 'NONE', #3057, #5331 ) ;
#7566 = AXIS2_PLACEMENT_3D ( 'NONE', #4390, #1483, #5845 ) ;
#7567 = DIRECTION ( 'NONE',  ( -1.000000000000000000, 0.000000000000000000, -0.000000000000000000 ) ) ;
#7568 = VECTOR ( 'NONE', #4581, 1000.000000000000000 ) ;
#7569 = DIRECTION ( 'NONE',  ( 0.000000000000000000, 3.097720492815727166E-16, 1.000000000000000000 ) ) ;
#7570 = ORIENTED_EDGE ( 'NONE', *, *, #7651, .F. ) ;
#7571 = CARTESIAN_POINT ( 'NONE',  ( 8.141845733883979364, 5.626229152235330488, -0.3500000000000002554 ) ) ;
#7572 = EDGE_CURVE ( 'NONE', #8650, #7913, #8695, .T. ) ;
#7573 = MECHANICAL_DESIGN_GEOMETRIC_PRESENTATION_REPRESENTATION (  '', ( #867 ), #3393 ) ;
#7574 = CARTESIAN_POINT ( 'NONE',  ( 1.000000000000000444, 1.800000000000000488, 0.3849999999999998979 ) ) ;
#7575 = EDGE_CURVE ( 'NONE', #5117, #669, #9390, .T. ) ;
#7576 = EDGE_CURVE ( 'NONE', #5593, #4180, #5780, .T. ) ;
#7577 =( NAMED_UNIT ( * ) SI_UNIT ( $, .STERADIAN. ) SOLID_ANGLE_UNIT ( ) );
#7578 = VECTOR ( 'NONE', #2922, 1000.000000000000000 ) ;
#7579 = ORIENTED_EDGE ( 'NONE', *, *, #8235, .T. ) ;
#7580 = EDGE_LOOP ( 'NONE', ( #2358, #7949, #6476, #822, #6653, #141, #5009, #9666 ) ) ;
#7581 = CARTESIAN_POINT ( 'NONE',  ( 8.429502423613083550, 5.635051924204145024, 0.3499999999999997002 ) ) ;
#7582 = CARTESIAN_POINT ( 'NONE',  ( 6.619999999999999218, 2.615493535618375276, 0.3499999999999996447 ) ) ;
#7583 = COLOUR_RGB ( '',0.8313725490196077761, 0.6705882352941175961, 0.1294117647058823373 ) ;
#7584 = ADVANCED_FACE ( 'NONE', ( #2159 ), #7226, .F. ) ;
#7585 = AXIS2_PLACEMENT_3D ( 'NONE', #7752, #5473, #1844 ) ;
#7586 = FACE_OUTER_BOUND ( 'NONE', #6276, .T. ) ;
#7587 = VECTOR ( 'NONE', #2882, 1000.000000000000000 ) ;
#7588 = CARTESIAN_POINT ( 'NONE',  ( 3.039999999999998703, 6.084152315493285279, 0.3499999999999999223 ) ) ;
#7589 = EDGE_CURVE ( 'NONE', #431, #8466, #1771, .T. ) ;
#7590 = LINE ( 'NONE', #3266, #6693 ) ;
#7591 = PLANE ( 'NONE',  #4285 ) ;
#7592 = CARTESIAN_POINT ( 'NONE',  ( -0.5999999999999996447, 6.299999999999999822, -0.3499999999999999778 ) ) ;
#7593 = AXIS2_PLACEMENT_3D ( 'NONE', #5825, #2154, #1316 ) ;
#7594 = ADVANCED_FACE ( 'NONE', ( #2723 ), #5678, .F. ) ;
#7595 = CARTESIAN_POINT ( 'NONE',  ( 7.294744180118195587, 5.589454083063166046, 0.3499999999999997002 ) ) ;
#7596 = MECHANICAL_DESIGN_GEOMETRIC_PRESENTATION_REPRESENTATION (  '', ( #7127 ), #8373 ) ;
#7597 = ORIENTED_EDGE ( 'NONE', *, *, #7107, .T. ) ;
#7598 = DIRECTION ( 'NONE',  ( 1.000000000000000000, 0.000000000000000000, 0.000000000000000000 ) ) ;
#7599 = VERTEX_POINT ( 'NONE', #79 ) ;
#7600 = DIRECTION ( 'NONE',  ( -0.000000000000000000, 1.000000000000000000, -0.000000000000000000 ) ) ;
#7601 = VECTOR ( 'NONE', #8783, 1000.000000000000114 ) ;
#7602 = CARTESIAN_POINT ( 'NONE',  ( 2.190000000000000835, -2.800000000000001155, 0.3499999999999998668 ) ) ;
#7603 = CARTESIAN_POINT ( 'NONE',  ( 9.526851685116531243, 6.299478870653092422, 0.3499999999999996447 ) ) ;
#7604 = DIRECTION ( 'NONE',  ( -1.000000000000000000, -0.000000000000000000, -0.000000000000000000 ) ) ;
#7605 = PRESENTATION_LAYER_ASSIGNMENT (  '', '', ( #1838 ) ) ;
#7606 = VECTOR ( 'NONE', #705, 1000.000000000000000 ) ;
#7607 = PLANE ( 'NONE',  #7187 ) ;
#7608 = ORIENTED_EDGE ( 'NONE', *, *, #9673, .F. ) ;
#7609 = EDGE_LOOP ( 'NONE', ( #5860, #5883, #6033, #257 ) ) ;
#7610 = DIRECTION ( 'NONE',  ( 0.000000000000000000, 0.000000000000000000, 1.000000000000000000 ) ) ;
#7611 = CARTESIAN_POINT ( 'NONE',  ( 3.464058140717155343, 4.443591676420198588, -0.3500000000000000333 ) ) ;
#7612 = AXIS2_PLACEMENT_3D ( 'NONE', #8954, #7522, #1529 ) ;
#7613 = EDGE_CURVE ( 'NONE', #5193, #1697, #9678, .T. ) ;
#7614 = LINE ( 'NONE', #3776, #4369 ) ;
#7615 = CARTESIAN_POINT ( 'NONE',  ( 1.765852863327320721, 5.851685420754309419, 0.3499999999999998668 ) ) ;
#7616 = ORIENTED_EDGE ( 'NONE', *, *, #1013, .T. ) ;
#7617 = LINE ( 'NONE', #6169, #476 ) ;
#7618 = EDGE_CURVE ( 'NONE', #6168, #2551, #2307, .T. ) ;
#7619 = SURFACE_SIDE_STYLE ('',( #6985 ) ) ;
#7620 = VECTOR ( 'NONE', #3897, 1000.000000000000000 ) ;
#7621 = ORIENTED_EDGE ( 'NONE', *, *, #7312, .T. ) ;
#7622 = VECTOR ( 'NONE', #724, 1000.000000000000000 ) ;
#7623 = PRESENTATION_STYLE_ASSIGNMENT (( #4617 ) ) ;
#7624 = DIRECTION ( 'NONE',  ( -0.000000000000000000, -1.000000000000000000, -0.000000000000000000 ) ) ;
#7625 =( NAMED_UNIT ( * ) SI_UNIT ( $, .STERADIAN. ) SOLID_ANGLE_UNIT ( ) );
#7626 = LINE ( 'NONE', #3159, #2332 ) ;
#7627 = ORIENTED_EDGE ( 'NONE', *, *, #8467, .F. ) ;
#7628 = CARTESIAN_POINT ( 'NONE',  ( 8.620000000000000995, 1.121588454295350273E-16, 0.3499999999999997002 ) ) ;
#7629 = LINE ( 'NONE', #189, #1655 ) ;
#7630 = LINE ( 'NONE', #6274, #2926 ) ;
#7631 = ORIENTED_EDGE ( 'NONE', *, *, #3960, .T. ) ;
#7632 = ORIENTED_EDGE ( 'NONE', *, *, #2197, .T. ) ;
#7633 = CARTESIAN_POINT ( 'NONE',  ( 8.407121992501593866, 5.777242093666580480, 0.3499999999999997558 ) ) ;
#7634 = CARTESIAN_POINT ( 'NONE',  ( 1.540000000000000036, 0.5000000000000002220, 0.3499999999999998668 ) ) ;
#7635 = UNCERTAINTY_MEASURE_WITH_UNIT (LENGTH_MEASURE( 1.000000000000000082E-05 ), #810, 'distance_accuracy_value', 'NONE');
#7636 = VECTOR ( 'NONE', #7820, 1000.000000000000000 ) ;
#7637 = CARTESIAN_POINT ( 'NONE',  ( 2.890000000000001013, -2.800000000000001155, 0.3499999999999998668 ) ) ;
#7638 = SURFACE_STYLE_FILL_AREA ( #3901 ) ;
#7639 = CARTESIAN_POINT ( 'NONE',  ( 8.220000000000000639, 6.299999999999999822, -0.1166666666666670155 ) ) ;
#7640 = CARTESIAN_POINT ( 'NONE',  ( 3.540000000000000480, 1.121588454295350273E-16, 0.3499999999999998668 ) ) ;
#7641 =( NAMED_UNIT ( * ) SI_UNIT ( $, .STERADIAN. ) SOLID_ANGLE_UNIT ( ) );
#7642 = ADVANCED_FACE ( 'NONE', ( #8905 ), #874, .F. ) ;
#7643 = DIRECTION ( 'NONE',  ( 1.000000000000000000, 0.000000000000000000, 0.000000000000000000 ) ) ;
#7644 = PRESENTATION_LAYER_ASSIGNMENT (  '', '', ( #8263 ) ) ;
#7645 = ORIENTED_EDGE ( 'NONE', *, *, #7003, .F. ) ;
#7646 = CARTESIAN_POINT ( 'NONE',  ( 11.16000000000000014, 6.500000000000000888, -0.3500000000000010880 ) ) ;
#7647 = ORIENTED_EDGE ( 'NONE', *, *, #7943, .T. ) ;
#7648 = ADVANCED_FACE ( 'NONE', ( #8299 ), #6740, .F. ) ;
#7649 = VECTOR ( 'NONE', #2000, 1000.000000000000000 ) ;
#7650 = SURFACE_STYLE_USAGE ( .BOTH. , #9115 ) ;
#7651 = EDGE_CURVE ( 'NONE', #9594, #6702, #4659, .T. ) ;
#7652 = CARTESIAN_POINT ( 'NONE',  ( 9.309360230209762221, 5.307482533055399188, 0.3499999999999996447 ) ) ;
#7653 =( NAMED_UNIT ( * ) SI_UNIT ( $, .STERADIAN. ) SOLID_ANGLE_UNIT ( ) );
#7654 = CARTESIAN_POINT ( 'NONE',  ( 5.405255819881805479, 5.589454083063163381, -0.3500000000000001443 ) ) ;
#7655 = FACE_OUTER_BOUND ( 'NONE', #8535, .T. ) ;
#7656 = COLOUR_RGB ( '',0.8313725490196077761, 0.6705882352941175961, 0.1294117647058823373 ) ;
#7657 = CARTESIAN_POINT ( 'NONE',  ( 9.514533521472694488, 3.877691542223589138, -0.3500000000000003109 ) ) ;
#7658 = ORIENTED_EDGE ( 'NONE', *, *, #6167, .F. ) ;
#7659 = STYLED_ITEM ( 'NONE', ( #8547 ), #9523 ) ;
#7660 = VERTEX_POINT ( 'NONE', #4567 ) ;
#7661 = SURFACE_STYLE_FILL_AREA ( #6117 ) ;
#7662 = CARTESIAN_POINT ( 'NONE',  ( 9.810000000000000497, 0.5000000000000005551, 0.3499999999999996447 ) ) ;
#7663 = CARTESIAN_POINT ( 'NONE',  ( 1.699611261228812342, 5.398486016527555442, 0.3499999999999998668 ) ) ;
#7665 = ORIENTED_EDGE ( 'NONE', *, *, #2905, .T. ) ;
#7664 = AXIS2_PLACEMENT_3D ( 'NONE', #7435, #5944, #6611 ) ;
#7666 = CARTESIAN_POINT ( 'NONE',  ( 2.540000000000000036, 0.5000000000000005551, -0.3500000000000000888 ) ) ;
#7667 = CARTESIAN_POINT ( 'NONE',  ( 10.16000000000000014, 6.299999999999999822, 0.3499999999999996447 ) ) ;
#7668 = EDGE_CURVE ( 'NONE', #8446, #712, #7614, .T. ) ;
#7669 = VERTEX_POINT ( 'NONE', #3098 ) ;
#7670 = CARTESIAN_POINT ( 'NONE',  ( 8.619999999999999218, 0.5000000000000000000, -0.3500000000000000888 ) ) ;
#7671 = EDGE_CURVE ( 'NONE', #5804, #9298, #2179, .T. ) ;
#7672 = EDGE_CURVE ( 'NONE', #1440, #5102, #1468, .T. ) ;
#7673 = CARTESIAN_POINT ( 'NONE',  ( 2.540000000000000036, 6.299999999999999822, 0.3499999999999998668 ) ) ;
#7674 =( LENGTH_UNIT ( ) NAMED_UNIT ( * ) SI_UNIT ( .MILLI., .METRE. ) );
#7675 = ORIENTED_EDGE ( 'NONE', *, *, #3568, .T. ) ;
#7676 = CARTESIAN_POINT ( 'NONE',  ( 6.061660679612409730, 3.374693912578979660, -0.3500000000000003109 ) ) ;
#7677 = DIRECTION ( 'NONE',  ( 1.000000000000000000, 0.000000000000000000, 0.000000000000000000 ) ) ;
#7678 = ORIENTED_EDGE ( 'NONE', *, *, #3044, .F. ) ;
#7679 = ORIENTED_EDGE ( 'NONE', *, *, #9163, .F. ) ;
#7680 = LINE ( 'NONE', #5499, #3739 ) ;
#7681 = FACE_OUTER_BOUND ( 'NONE', #6803, .T. ) ;
#7682 = FILL_AREA_STYLE_COLOUR ( '', #4125 ) ;
#7683 = CARTESIAN_POINT ( 'NONE',  ( 9.160000000000001918, 1.800000000000000488, 0.3499999999999996447 ) ) ;
#7684 = CARTESIAN_POINT ( 'NONE',  ( 1.000000000000000000, 6.500000000000000888, -0.3500000000000010880 ) ) ;
#7685 =( NAMED_UNIT ( * ) PLANE_ANGLE_UNIT ( ) SI_UNIT ( $, .RADIAN. ) );
#7686 = CYLINDRICAL_SURFACE ( 'NONE', #1339, 0.1999999999999999833 ) ;
#7687 = EDGE_LOOP ( 'NONE', ( #6197, #828, #7030, #2869 ) ) ;
#7688 = UNCERTAINTY_MEASURE_WITH_UNIT (LENGTH_MEASURE( 1.000000000000000082E-05 ), #5478, 'distance_accuracy_value', 'NONE');
#7689 = DIRECTION ( 'NONE',  ( 0.000000000000000000, 0.000000000000000000, -1.000000000000000000 ) ) ;
#7690 = ORIENTED_EDGE ( 'NONE', *, *, #1790, .T. ) ;
#7691 = AXIS2_PLACEMENT_3D ( 'NONE', #7963, #529, #8857 ) ;
#7692 = CARTESIAN_POINT ( 'NONE',  ( 9.340714092337830010, 5.570187327444797276, 0.3499999999999997002 ) ) ;
#7693 = CARTESIAN_POINT ( 'NONE',  ( 3.327121992501589798, 5.777242093666582257, 0.3499999999999999223 ) ) ;
#7694 = CARTESIAN_POINT ( 'NONE',  ( -0.6454664785273052097, 3.877691542223591359, -0.3499999999999999778 ) ) ;
#7695 = FILL_AREA_STYLE_COLOUR ( '', #7279 ) ;
#7696 = DIRECTION ( 'NONE',  ( 0.000000000000000000, 0.000000000000000000, 1.000000000000000000 ) ) ;
#7697 = ORIENTED_EDGE ( 'NONE', *, *, #5406, .F. ) ;
#7698 = ORIENTED_EDGE ( 'NONE', *, *, #1020, .T. ) ;
#7699 = EDGE_CURVE ( 'NONE', #5097, #6702, #3680, .T. ) ;
#7700 = CARTESIAN_POINT ( 'NONE',  ( 11.16000000000000192, 1.800000000000000488, 0.3849999999999996203 ) ) ;
#7701 = STYLED_ITEM ( 'NONE', ( #3598 ), #1920 ) ;
#7702 =( BOUNDED_SURFACE ( )  B_SPLINE_SURFACE ( 3, 1, ( 
 ( #4232, #6464 ),
 ( #7191, #7145 ),
 ( #2773, #3410 ),
 ( #5740, #5646 ) ),
 .UNSPECIFIED., .F., .F., .F. ) 
 B_SPLINE_SURFACE_WITH_KNOTS ( ( 4, 4 ),
 ( 2, 2 ),
 ( 0.000000000000000000, 1.000000000000000000 ),
 ( 0.000000000000000000, 1.000000000000000000 ),
 .UNSPECIFIED. ) 
 GEOMETRIC_REPRESENTATION_ITEM ( )  RATIONAL_B_SPLINE_SURFACE ( (
 ( 1.000000000000000000, 1.000000000000000000),
 ( 0.9488815137910384667, 0.9488815137910384667),
 ( 0.9488815137910384667, 0.9488815137910384667),
 ( 1.000000000000000000, 1.000000000000000000) ) ) 
 REPRESENTATION_ITEM ( '' )  SURFACE ( )  );
#7703 = FILL_AREA_STYLE ('',( #6210 ) ) ;
#7704 = B_SPLINE_CURVE_WITH_KNOTS ( 'NONE', 3,
 ( #6382, #7982, #400, #4978 ),
 .UNSPECIFIED., .F., .F.,
 ( 4, 4 ),
 ( 0.000000000000000000, 1.000000000000000000 ),
 .UNSPECIFIED. ) ;
#7705 = FACE_OUTER_BOUND ( 'NONE', #5430, .T. ) ;
#7706 = CARTESIAN_POINT ( 'NONE',  ( 1.605174816799755266, 4.263498050147333629, 0.3499999999999998113 ) ) ;
#7707 = EDGE_LOOP ( 'NONE', ( #8223, #5245, #3530, #302 ) ) ;
#7708 = CARTESIAN_POINT ( 'NONE',  ( 5.579999999999999183, 6.084152315493285279, 0.3499999999999998113 ) ) ;
#7709 =( LENGTH_UNIT ( ) NAMED_UNIT ( * ) SI_UNIT ( .MILLI., .METRE. ) );
#7710 = SURFACE_STYLE_FILL_AREA ( #226 ) ;
#7711 = VECTOR ( 'NONE', #3521, 1000.000000000000000 ) ;
#7712 = CARTESIAN_POINT ( 'NONE',  ( -0.6867549326077613259, 8.000000000000000000, -0.6500000000000030198 ) ) ;
#7713 = ORIENTED_EDGE ( 'NONE', *, *, #1343, .F. ) ;
#7714 = DIRECTION ( 'NONE',  ( -0.7071067811865461294, -0.7071067811865490160, 0.000000000000000000 ) ) ;
#7715 = CARTESIAN_POINT ( 'NONE',  ( -0.9999999999999993339, -1.121588454295348794E-16, 0.3499999999999999778 ) ) ;
#7716 = SURFACE_STYLE_USAGE ( .BOTH. , #8449 ) ;
#7717 =( GEOMETRIC_REPRESENTATION_CONTEXT ( 3 ) GLOBAL_UNCERTAINTY_ASSIGNED_CONTEXT ( ( #1848 ) ) GLOBAL_UNIT_ASSIGNED_CONTEXT ( ( #8971, #5910, #9063 ) ) REPRESENTATION_CONTEXT ( 'NONE', 'WORKASPACE' ) );
#7718 = LINE ( 'NONE', #6226, #1850 ) ;
#7719 = ORIENTED_EDGE ( 'NONE', *, *, #2650, .T. ) ;
#7720 =( NAMED_UNIT ( * ) SI_UNIT ( $, .STERADIAN. ) SOLID_ANGLE_UNIT ( ) );
#7721 = CARTESIAN_POINT ( 'NONE',  ( 0.6000000000000005329, 6.299999999999999822, -0.3849999999999999534 ) ) ;
#7722 = EDGE_CURVE ( 'NONE', #8273, #1396, #5289, .T. ) ;
#7723 = PRESENTATION_STYLE_ASSIGNMENT (( #6134 ) ) ;
#7724 = EDGE_LOOP ( 'NONE', ( #9056, #7013, #6877, #8955 ) ) ;
#7725 = VERTEX_POINT ( 'NONE', #2314 ) ;
#7726 = CARTESIAN_POINT ( 'NONE',  ( 8.469183477980651631, 5.324198710742061635, 0.3499999999999998113 ) ) ;
#7727 = AXIS2_PLACEMENT_3D ( 'NONE', #287, #1815, #7677 ) ;
#7728 = LINE ( 'NONE', #1765, #5174 ) ;
#7729 = UNCERTAINTY_MEASURE_WITH_UNIT (LENGTH_MEASURE( 1.000000000000000082E-05 ), #86, 'distance_accuracy_value', 'NONE');
#7730 = SURFACE_STYLE_FILL_AREA ( #7146 ) ;
#7731 = SURFACE_SIDE_STYLE ('',( #7049 ) ) ;
#7732 =( NAMED_UNIT ( * ) SI_UNIT ( $, .STERADIAN. ) SOLID_ANGLE_UNIT ( ) );
#7733 = CARTESIAN_POINT ( 'NONE',  ( 9.160000000000001918, 6.299999999999999822, -0.1283333333333338266 ) ) ;
#7734 = ADVANCED_FACE ( 'NONE', ( #8202 ), #7512, .F. ) ;
#7735 = STYLED_ITEM ( 'NONE', ( #395 ), #1160 ) ;
#7736 =( GEOMETRIC_REPRESENTATION_CONTEXT ( 3 ) GLOBAL_UNCERTAINTY_ASSIGNED_CONTEXT ( ( #6343 ) ) GLOBAL_UNIT_ASSIGNED_CONTEXT ( ( #394, #2231, #7437 ) ) REPRESENTATION_CONTEXT ( 'NONE', 'WORKASPACE' ) );
#7737 = LINE ( 'NONE', #6905, #6937 ) ;
#7738 =( LENGTH_UNIT ( ) NAMED_UNIT ( * ) SI_UNIT ( .MILLI., .METRE. ) );
#7739 =( GEOMETRIC_REPRESENTATION_CONTEXT ( 3 ) GLOBAL_UNCERTAINTY_ASSIGNED_CONTEXT ( ( #672 ) ) GLOBAL_UNIT_ASSIGNED_CONTEXT ( ( #1489, #5954, #2932 ) ) REPRESENTATION_CONTEXT ( 'NONE', 'WORKASPACE' ) );
#7740 = ORIENTED_EDGE ( 'NONE', *, *, #7668, .F. ) ;
#7741 =( NAMED_UNIT ( * ) PLANE_ANGLE_UNIT ( ) SI_UNIT ( $, .RADIAN. ) );
#7742 = VECTOR ( 'NONE', #6943, 1000.000000000000000 ) ;
#7743 = ORIENTED_EDGE ( 'NONE', *, *, #9629, .T. ) ;
#7744 = VECTOR ( 'NONE', #8997, 1000.000000000000000 ) ;
#7745 = CARTESIAN_POINT ( 'NONE',  ( 4.754744180118195551, 5.589454083063166046, -0.3500000000000001443 ) ) ;
#7746 = STYLED_ITEM ( 'NONE', ( #1630 ), #8573 ) ;
#7747 = DIRECTION ( 'NONE',  ( 0.000000000000000000, 0.000000000000000000, 1.000000000000000000 ) ) ;
#7748 = CARTESIAN_POINT ( 'NONE',  ( 3.268502052288794868, 6.125528511109557428, 0.3499999999999999223 ) ) ;
#7749 = STYLED_ITEM ( 'NONE', ( #2844 ), #1668 ) ;
#7750 = VECTOR ( 'NONE', #3766, 1000.000000000000000 ) ;
#7752 = CARTESIAN_POINT ( 'NONE',  ( 4.729999999999999538, 0.000000000000000000, -0.3499999999999999778 ) ) ;
#7751 = STYLED_ITEM ( 'NONE', ( #757 ), #3136 ) ;
#7753 = CARTESIAN_POINT ( 'NONE',  ( 0.6000000000000005329, 6.299999999999999822, -0.3499999999999999778 ) ) ;
#7754 = ORIENTED_EDGE ( 'NONE', *, *, #7261, .F. ) ;
#7755 = VECTOR ( 'NONE', #5445, 1000.000000000000000 ) ;
#7756 = ORIENTED_EDGE ( 'NONE', *, *, #8501, .T. ) ;
#7757 = EDGE_CURVE ( 'NONE', #44, #4777, #9043, .T. ) ;
#7758 = DIRECTION ( 'NONE',  ( 0.000000000000000000, 0.000000000000000000, 1.000000000000000000 ) ) ;
#7759 = DIRECTION ( 'NONE',  ( -0.000000000000000000, -0.000000000000000000, -1.000000000000000000 ) ) ;
#7760 = CARTESIAN_POINT ( 'NONE',  ( 1.595304513043835470, 4.083092593512597901, 0.3499999999999999223 ) ) ;
#7761 = ORIENTED_EDGE ( 'NONE', *, *, #3807, .T. ) ;
#7762 = CARTESIAN_POINT ( 'NONE',  ( 7.970000000000001528, -2.800000000000001155, -0.3500000000000002554 ) ) ;
#7763 = VECTOR ( 'NONE', #7824, 1000.000000000000000 ) ;
#7764 = SURFACE_STYLE_USAGE ( .BOTH. , #1019 ) ;
#7765 = ORIENTED_EDGE ( 'NONE', *, *, #1478, .F. ) ;
#7766 = ADVANCED_FACE ( 'NONE', ( #7421 ), #6835, .F. ) ;
#7767 = CARTESIAN_POINT ( 'NONE',  ( 7.120000000000000995, 6.299999999999999822, 0.3499999999999997002 ) ) ;
#7768 = LINE ( 'NONE', #6309, #3306 ) ;
#7769 = STYLED_ITEM ( 'NONE', ( #9606 ), #7227 ) ;
#7770 = PLANE ( 'NONE',  #938 ) ;
#7771 = EDGE_CURVE ( 'NONE', #2551, #7489, #914, .T. ) ;
#7772 = CARTESIAN_POINT ( 'NONE',  ( 7.970000000000001528, -2.800000000000001155, 0.3499999999999997002 ) ) ;
#7773 = EDGE_CURVE ( 'NONE', #9280, #3367, #8534, .T. ) ;
#7774 = ORIENTED_EDGE ( 'NONE', *, *, #5327, .T. ) ;
#7775 = CARTESIAN_POINT ( 'NONE',  ( 5.080000000000000071, 6.299999999999999822, 0.3499999999999998113 ) ) ;
#7776 = FILL_AREA_STYLE ('',( #8500 ) ) ;
#7777 = AXIS2_PLACEMENT_3D ( 'NONE', #3536, #8007, #1319 ) ;
#7778 = ORIENTED_EDGE ( 'NONE', *, *, #9075, .T. ) ;
#7779 = VERTEX_POINT ( 'NONE', #3286 ) ;
#7780 = CARTESIAN_POINT ( 'NONE',  ( 8.579999415201710278, 3.767448265748724268, 0.3499999999999997002 ) ) ;
#7781 = DIRECTION ( 'NONE',  ( 0.000000000000000000, -0.000000000000000000, -1.000000000000000000 ) ) ;
#7782 = FACE_OUTER_BOUND ( 'NONE', #4408, .T. ) ;
#7783 = PRESENTATION_STYLE_ASSIGNMENT (( #4270 ) ) ;
#7784 = CARTESIAN_POINT ( 'NONE',  ( -0.5999999999999996447, 6.299999999999999822, -0.3499999999999999778 ) ) ;
#7785 = FACE_OUTER_BOUND ( 'NONE', #9275, .T. ) ;
#7786 = DIRECTION ( 'NONE',  ( 1.000000000000000000, -0.000000000000000000, 0.000000000000000000 ) ) ;
#7787 = VECTOR ( 'NONE', #1069, 1000.000000000000000 ) ;
#7788 = EDGE_LOOP ( 'NONE', ( #3637, #9112, #5341, #8518, #3378, #9434, #4365, #5988, #383, #8187, #4205, #1550, #4883, #9000, #7294, #186, #1279, #2750, #6584, #4756, #2284 ) ) ;
#7789 = ADVANCED_FACE ( 'NONE', ( #7705, #967 ), #8485, .T. ) ;
#7790 = CARTESIAN_POINT ( 'NONE',  ( 5.766754932607761397, 0.5000000000000000000, -0.6500000000000013545 ) ) ;
#7791 = EDGE_CURVE ( 'NONE', #9128, #4625, #923, .T. ) ;
#7792 = ORIENTED_EDGE ( 'NONE', *, *, #2354, .F. ) ;
#7793 = FACE_OUTER_BOUND ( 'NONE', #5053, .T. ) ;
#7794 = EDGE_CURVE ( 'NONE', #1530, #8446, #3333, .T. ) ;
#7795 = CYLINDRICAL_SURFACE ( 'NONE', #3189, 0.2999999999999999334 ) ;
#7797 = CYLINDRICAL_SURFACE ( 'NONE', #6008, 0.2999999999999999334 ) ;
#7796 = PRESENTATION_LAYER_ASSIGNMENT (  '', '', ( #8576 ) ) ;
#7798 = CARTESIAN_POINT ( 'NONE',  ( -0.9999999999999995559, 1.800000000000000488, 0.3499999999999999778 ) ) ;
#7799 = VERTEX_POINT ( 'NONE', #1246 ) ;
#7800 = UNCERTAINTY_MEASURE_WITH_UNIT (LENGTH_MEASURE( 1.000000000000000082E-05 ), #3570, 'distance_accuracy_value', 'NONE');
#7801 = EDGE_CURVE ( 'NONE', #845, #2096, #2503, .T. ) ;
#7802 = ORIENTED_EDGE ( 'NONE', *, *, #5096, .T. ) ;
#7803 = CARTESIAN_POINT ( 'NONE',  ( 0.3500000000000008105, 0.5000000000000005551, 0.3499999999999999778 ) ) ;
#7804 = DIRECTION ( 'NONE',  ( 0.000000000000000000, -1.000000000000000000, 0.000000000000000000 ) ) ;
#7805 = CARTESIAN_POINT ( 'NONE',  ( 9.638154266116021773, 5.626229152235333153, -3.363509640443580300E-16 ) ) ;
#7806 = ORIENTED_EDGE ( 'NONE', *, *, #2672, .T. ) ;
#7807 = CARTESIAN_POINT ( 'NONE',  ( 3.395690189165919026, 5.260692584315793674, -0.3500000000000001443 ) ) ;
#7808 = CARTESIAN_POINT ( 'NONE',  ( 1.540000000000000036, 6.500000000000000888, 0.3499999999999989231 ) ) ;
#7809 = VECTOR ( 'NONE', #3585, 1000.000000000000000 ) ;
#7810 = CARTESIAN_POINT ( 'NONE',  ( 5.746266211150817149, 6.298959448224883850, 0.3499999999999997002 ) ) ;
#7811 = ORIENTED_EDGE ( 'NONE', *, *, #5376, .T. ) ;
#7812 = VECTOR ( 'NONE', #8614, 1000.000000000000000 ) ;
#7813 = FACE_OUTER_BOUND ( 'NONE', #1833, .T. ) ;
#7814 = CARTESIAN_POINT ( 'NONE',  ( 1.000000000000000444, 1.800000000000000488, 0.3499999999999999778 ) ) ;
#7815 = ORIENTED_EDGE ( 'NONE', *, *, #7589, .F. ) ;
#7816 = CARTESIAN_POINT ( 'NONE',  ( -0.7612207868701631464, 5.920464898423919209, 0.3500000000000000333 ) ) ;
#7817 = EDGE_CURVE ( 'NONE', #1076, #9558, #9278, .T. ) ;
#7818 = CARTESIAN_POINT ( 'NONE',  ( 1.540000000000000036, 6.500000000000000888, -0.3500000000000010880 ) ) ;
#7819 =( BOUNDED_SURFACE ( )  B_SPLINE_SURFACE ( 3, 1, ( 
 ( #3319, #4148 ),
 ( #2741, #6288 ),
 ( #5701, #8669 ),
 ( #5563, #4781 ) ),
 .UNSPECIFIED., .F., .F., .F. ) 
 B_SPLINE_SURFACE_WITH_KNOTS ( ( 4, 4 ),
 ( 2, 2 ),
 ( 0.000000000000000000, 1.000000000000000000 ),
 ( 0.000000000000000000, 1.000000000000000000 ),
 .UNSPECIFIED. ) 
 GEOMETRIC_REPRESENTATION_ITEM ( )  RATIONAL_B_SPLINE_SURFACE ( (
 ( 1.000000000000000000, 1.000000000000000000),
 ( 0.9488815137910379116, 0.9488815137910379116),
 ( 0.9488815137910379116, 0.9488815137910379116),
 ( 1.000000000000000000, 1.000000000000000000) ) ) 
 REPRESENTATION_ITEM ( '' )  SURFACE ( )  );
#7820 = DIRECTION ( 'NONE',  ( 0.000000000000000000, 1.668003342285388099E-16, 1.000000000000000000 ) ) ;
#7821 = ORIENTED_EDGE ( 'NONE', *, *, #4455, .T. ) ;
#7822 = VERTEX_POINT ( 'NONE', #2790 ) ;
#7823 = SURFACE_STYLE_FILL_AREA ( #8510 ) ;
#7824 = DIRECTION ( 'NONE',  ( -3.097720492815726426E-17, 1.000000000000000000, 0.000000000000000000 ) ) ;
#7825 = DIRECTION ( 'NONE',  ( -0.000000000000000000, -0.000000000000000000, -1.000000000000000000 ) ) ;
#7826 = DIRECTION ( 'NONE',  ( 0.000000000000000000, -0.000000000000000000, -1.000000000000000000 ) ) ;
#7827 = DIRECTION ( 'NONE',  ( 0.000000000000000000, -0.000000000000000000, -1.000000000000000000 ) ) ;
#7828 = CARTESIAN_POINT ( 'NONE',  ( 7.267475984454220495, 5.732672356334980179, -0.3500000000000002554 ) ) ;
#7829 = FACE_OUTER_BOUND ( 'NONE', #8651, .T. ) ;
#7830 = EDGE_CURVE ( 'NONE', #6531, #2422, #9126, .T. ) ;
#7831 = ORIENTED_EDGE ( 'NONE', *, *, #4263, .T. ) ;
#7832 = VERTEX_POINT ( 'NONE', #5578 ) ;
#7833 = LINE ( 'NONE', #4147, #580 ) ;
#7834 = SURFACE_STYLE_FILL_AREA ( #7203 ) ;
#7835 = CIRCLE ( 'NONE', #7217, 0.1999999999999996503 ) ;
#7836 = PLANE ( 'NONE',  #3965 ) ;
#7837 = ADVANCED_FACE ( 'NONE', ( #1745 ), #6977, .F. ) ;
#7838 = CARTESIAN_POINT ( 'NONE',  ( 2.189999999999999947, 8.200000000000001066, 0.3499999999999999778 ) ) ;
#7839 = CARTESIAN_POINT ( 'NONE',  ( 7.770000000000002238, -3.000000000000000000, -0.3500000000000002554 ) ) ;
#7840 = DIRECTION ( 'NONE',  ( -0.6546536707079770867, -0.3779644730092274196, -0.6546536707079770867 ) ) ;
#7841 = PRESENTATION_LAYER_ASSIGNMENT (  '', '', ( #6445 ) ) ;
#7842 = CARTESIAN_POINT ( 'NONE',  ( 8.554825183200147620, 4.263498050148222696, -0.3500000000000001998 ) ) ;
#7843 = ORIENTED_EDGE ( 'NONE', *, *, #4605, .T. ) ;
#7844 = ORIENTED_EDGE ( 'NONE', *, *, #5781, .F. ) ;
#7845 =( GEOMETRIC_REPRESENTATION_CONTEXT ( 3 ) GLOBAL_UNCERTAINTY_ASSIGNED_CONTEXT ( ( #9455 ) ) GLOBAL_UNIT_ASSIGNED_CONTEXT ( ( #2764, #3682, #5680 ) ) REPRESENTATION_CONTEXT ( 'NONE', 'WORKASPACE' ) );
#7846 = CARTESIAN_POINT ( 'NONE',  ( 7.020000000000000462, 6.299999999999999822, 0.1166666666666663077 ) ) ;
#7847 =( GEOMETRIC_REPRESENTATION_CONTEXT ( 3 ) GLOBAL_UNCERTAINTY_ASSIGNED_CONTEXT ( ( #4691 ) ) GLOBAL_UNIT_ASSIGNED_CONTEXT ( ( #7295, #4279, #8560 ) ) REPRESENTATION_CONTEXT ( 'NONE', 'WORKASPACE' ) );
#7848 =( NAMED_UNIT ( * ) PLANE_ANGLE_UNIT ( ) SI_UNIT ( $, .RADIAN. ) );
#7849 = VERTEX_POINT ( 'NONE', #5028 ) ;
#7850 = DIRECTION ( 'NONE',  ( -0.000000000000000000, 0.000000000000000000, 1.000000000000000000 ) ) ;
#7851 = EDGE_CURVE ( 'NONE', #4446, #3872, #1353, .T. ) ;
#7852 = CARTESIAN_POINT ( 'NONE',  ( 8.306754932607761432, 0.5000000000000000000, -0.3500000000000000888 ) ) ;
#7853 = CARTESIAN_POINT ( 'NONE',  ( 7.294744180118195587, 5.589454083063165157, -0.3500000000000002554 ) ) ;
#7854 = CARTESIAN_POINT ( 'NONE',  ( 5.766754932607763173, 0.5000000000000002220, 0.6500000000000010214 ) ) ;
#7855 = ORIENTED_EDGE ( 'NONE', *, *, #8440, .F. ) ;
#7856 = COLOUR_RGB ( '',0.8313725490196077761, 0.6705882352941175961, 0.1294117647058823373 ) ;
#7857 = CARTESIAN_POINT ( 'NONE',  ( 8.320000000000000284, 0.8000000000000007105, 0.3499999999999997002 ) ) ;
#7858 = CARTESIAN_POINT ( 'NONE',  ( -0.9999999999999996669, 6.299999999999999822, -0.1283333333333334936 ) ) ;
#7859 = DIRECTION ( 'NONE',  ( 0.000000000000000000, -0.000000000000000000, -1.000000000000000000 ) ) ;
#7860 = DIRECTION ( 'NONE',  ( 1.000000000000000000, 1.121588454295349780E-16, -0.000000000000000000 ) ) ;
#7861 = DIRECTION ( 'NONE',  ( 0.000000000000000000, 1.668003342285388099E-16, 1.000000000000000000 ) ) ;
#7862 = EDGE_LOOP ( 'NONE', ( #8876, #7843, #2279, #9314 ) ) ;
#7863 = CARTESIAN_POINT ( 'NONE',  ( 1.940000000000000613, 6.299999999999999822, 0.3849999999999998979 ) ) ;
#7864 = LINE ( 'NONE', #8753, #7017 ) ;
#7865 = ORIENTED_EDGE ( 'NONE', *, *, #7035, .F. ) ;
#7866 = ORIENTED_EDGE ( 'NONE', *, *, #7618, .T. ) ;
#7867 = DIRECTION ( 'NONE',  ( 1.000000000000000000, 0.000000000000000000, 0.000000000000000000 ) ) ;
#7868 = CARTESIAN_POINT ( 'NONE',  ( -6.734562392116865281E-17, 8.500000000000000000, -0.8696152422706631135 ) ) ;
#7869 = DIRECTION ( 'NONE',  ( -0.000000000000000000, -0.000000000000000000, -1.000000000000000000 ) ) ;
#7870 = PLANE ( 'NONE',  #9154 ) ;
#7871 = DIRECTION ( 'NONE',  ( 0.000000000000000000, 0.000000000000000000, -1.000000000000000000 ) ) ;
#7872 = CARTESIAN_POINT ( 'NONE',  ( 11.16000000000000192, 1.121588454295350273E-16, 0.3499999999999996447 ) ) ;
#7873 = CARTESIAN_POINT ( 'NONE',  ( 4.727475984454220459, 5.732672356334980179, -0.3500000000000001443 ) ) ;
#7874 = LINE ( 'NONE', #6378, #6962 ) ;
#7875 = CARTESIAN_POINT ( 'NONE',  ( 2.214744180118195516, 5.589454083063166046, 0.3499999999999998668 ) ) ;
#7876 = SURFACE_STYLE_USAGE ( .BOTH. , #5116 ) ;
#7877 = ORIENTED_EDGE ( 'NONE', *, *, #4206, .F. ) ;
#7878 = UNCERTAINTY_MEASURE_WITH_UNIT (LENGTH_MEASURE( 1.000000000000000082E-05 ), #1176, 'distance_accuracy_value', 'NONE');
#7879 = VERTEX_POINT ( 'NONE', #4747 ) ;
#7880 = EDGE_CURVE ( 'NONE', #6361, #3209, #273, .T. ) ;
#7881 =( GEOMETRIC_REPRESENTATION_CONTEXT ( 3 ) GLOBAL_UNCERTAINTY_ASSIGNED_CONTEXT ( ( #4427 ) ) GLOBAL_UNIT_ASSIGNED_CONTEXT ( ( #7151, #1194, #5800 ) ) REPRESENTATION_CONTEXT ( 'NONE', 'WORKASPACE' ) );
#7882 = DIRECTION ( 'NONE',  ( -0.000000000000000000, -1.000000000000000000, 1.668003342285392044E-16 ) ) ;
#7883 = FACE_OUTER_BOUND ( 'NONE', #9612, .T. ) ;
#7884 = CARTESIAN_POINT ( 'NONE',  ( 9.160000000000001918, 1.800000000000000488, 0.3499999999999996447 ) ) ;
#7885 = LINE ( 'NONE', #9367, #3990 ) ;
#7886 = LINE ( 'NONE', #2035, #1016 ) ;
#7887 = DIRECTION ( 'NONE',  ( 0.000000000000000000, -0.000000000000000000, -1.000000000000000000 ) ) ;
#7888 = CARTESIAN_POINT ( 'NONE',  ( 9.660000000000001918, 6.084152315493286167, -0.3500000000000003664 ) ) ;
#7889 = ORIENTED_EDGE ( 'NONE', *, *, #3786, .T. ) ;
#7890 = AXIS2_PLACEMENT_3D ( 'NONE', #7281, #8200, #1419 ) ;
#7891 = VERTEX_POINT ( 'NONE', #4346 ) ;
#7892 = CARTESIAN_POINT ( 'NONE',  ( 5.430000000000000604, 8.000000000000000000, 0.3499999999999999778 ) ) ;
#7893 = COLOUR_RGB ( '',0.8313725490196077761, 0.6705882352941175961, 0.1294117647058823373 ) ;
#7894 = CARTESIAN_POINT ( 'NONE',  ( 10.16000000000000014, 0.000000000000000000, 0.3499999999999996447 ) ) ;
#7895 = VECTOR ( 'NONE', #9303, 1000.000000000000000 ) ;
#7896 = ORIENTED_EDGE ( 'NONE', *, *, #2506, .T. ) ;
#7897 = MECHANICAL_DESIGN_GEOMETRIC_PRESENTATION_REPRESENTATION (  '', ( #2463 ), #3247 ) ;
#7898 = STYLED_ITEM ( 'NONE', ( #4069 ), #3043 ) ;
#7899 =( NAMED_UNIT ( * ) SI_UNIT ( $, .STERADIAN. ) SOLID_ANGLE_UNIT ( ) );
#7900 = CARTESIAN_POINT ( 'NONE',  ( 1.675802618229585317, 5.178803639423790628, -0.3500000000000000888 ) ) ;
#7901 = PRESENTATION_LAYER_ASSIGNMENT (  '', '', ( #8856 ) ) ;
#7902 = CARTESIAN_POINT ( 'NONE',  ( 5.878210463979507416, 5.709058272658547040, 0.3499999999999997558 ) ) ;
#7903 = ORIENTED_EDGE ( 'NONE', *, *, #7499, .F. ) ;
#7904 = FILL_AREA_STYLE ('',( #8742 ) ) ;
#7905 = EDGE_CURVE ( 'NONE', #8343, #1734, #7447, .T. ) ;
#7906 = DIRECTION ( 'NONE',  ( 0.000000000000000000, 0.000000000000000000, 1.000000000000000000 ) ) ;
#7907 = EDGE_CURVE ( 'NONE', #3317, #7779, #607, .T. ) ;
#7908 = VECTOR ( 'NONE', #710, 1000.000000000000114 ) ;
#7909 = DIRECTION ( 'NONE',  ( -1.000000000000000000, -0.000000000000000000, 3.310540984688563355E-17 ) ) ;
#7910 = VECTOR ( 'NONE', #3859, 1000.000000000000000 ) ;
#7911 = CARTESIAN_POINT ( 'NONE',  ( 10.75999999999999979, 6.299999999999999822, -0.1166666666666670710 ) ) ;
#7912 =( GEOMETRIC_REPRESENTATION_CONTEXT ( 3 ) GLOBAL_UNCERTAINTY_ASSIGNED_CONTEXT ( ( #8412 ) ) GLOBAL_UNIT_ASSIGNED_CONTEXT ( ( #1238, #3507, #2692 ) ) REPRESENTATION_CONTEXT ( 'NONE', 'WORKASPACE' ) );
#7913 = VERTEX_POINT ( 'NONE', #2883 ) ;
#7914 = CARTESIAN_POINT ( 'NONE',  ( 7.270000000000000462, 0.000000000000000000, 0.3499999999999999778 ) ) ;
#7915 = LINE ( 'NONE', #1177, #2141 ) ;
#7916 = CARTESIAN_POINT ( 'NONE',  ( -1.469999999999999973, 0.000000000000000000, -0.6499999999999991340 ) ) ;
#7917 = VERTEX_POINT ( 'NONE', #14 ) ;
#7918 = AXIS2_PLACEMENT_3D ( 'NONE', #2247, #8188, #3668 ) ;
#7919 = ORIENTED_EDGE ( 'NONE', *, *, #5185, .F. ) ;
#7920 = LINE ( 'NONE', #5057, #8655 ) ;
#7921 = DIRECTION ( 'NONE',  ( -0.000000000000000000, 0.000000000000000000, 1.000000000000000000 ) ) ;
#7922 = DIRECTION ( 'NONE',  ( -0.000000000000000000, -1.000000000000000000, 1.668003342285392044E-16 ) ) ;
#7923 =( LENGTH_UNIT ( ) NAMED_UNIT ( * ) SI_UNIT ( .MILLI., .METRE. ) );
#7924 = CARTESIAN_POINT ( 'NONE',  ( 3.540000000000001368, 6.299999999999999822, -0.1283333333333335768 ) ) ;
#7925 = CARTESIAN_POINT ( 'NONE',  ( 2.890000000000000124, 8.000000000000000000, 0.3499999999999999778 ) ) ;
#7926 = AXIS2_PLACEMENT_3D ( 'NONE', #7040, #4864, #9345 ) ;
#7927 = PRESENTATION_STYLE_ASSIGNMENT (( #4973 ) ) ;
#7928 = DIRECTION ( 'NONE',  ( -0.000000000000000000, -0.000000000000000000, -1.000000000000000000 ) ) ;
#7929 = FILL_AREA_STYLE_COLOUR ( '', #8838 ) ;
#7930 = ORIENTED_EDGE ( 'NONE', *, *, #4012, .F. ) ;
#7931 = FILL_AREA_STYLE ('',( #1978 ) ) ;
#7932 = VECTOR ( 'NONE', #200, 1000.000000000000000 ) ;
#7933 = EDGE_LOOP ( 'NONE', ( #278, #4938, #4845, #8782 ) ) ;
#7934 = DIRECTION ( 'NONE',  ( 0.000000000000000000, -0.000000000000000000, -1.000000000000000000 ) ) ;
#7935 = PRESENTATION_STYLE_ASSIGNMENT (( #9320 ) ) ;
#7936 = CARTESIAN_POINT ( 'NONE',  ( 2.189999999999999947, 8.000000000000000000, -0.3499999999999999778 ) ) ;
#7937 = CARTESIAN_POINT ( 'NONE',  ( 10.86000000000000121, 0.8000000000000007105, 0.3499999999999996447 ) ) ;
#7938 = DIRECTION ( 'NONE',  ( -0.000000000000000000, 0.000000000000000000, 1.000000000000000000 ) ) ;
#7939 = EDGE_CURVE ( 'NONE', #7779, #1361, #1402, .T. ) ;
#7940 = ADVANCED_FACE ( 'NONE', ( #3611 ), #2287, .F. ) ;
#7941 = FACE_OUTER_BOUND ( 'NONE', #5748, .T. ) ;
#7942 = EDGE_LOOP ( 'NONE', ( #8606, #4020, #2769, #7263, #4846, #4414, #1780, #9408, #2980, #7597, #1705, #4708 ) ) ;
#7943 = EDGE_CURVE ( 'NONE', #8132, #4255, #9505, .T. ) ;
#7944 = EDGE_LOOP ( 'NONE', ( #64, #3735, #2678, #4123, #4135, #7363, #3435, #4290 ) ) ;
#7945 = DIRECTION ( 'NONE',  ( -0.000000000000000000, -1.000000000000000000, 1.668003342285391551E-16 ) ) ;
#7946 =( GEOMETRIC_REPRESENTATION_CONTEXT ( 3 ) GLOBAL_UNCERTAINTY_ASSIGNED_CONTEXT ( ( #1766 ) ) GLOBAL_UNIT_ASSIGNED_CONTEXT ( ( #3641, #7426, #827 ) ) REPRESENTATION_CONTEXT ( 'NONE', 'WORKASPACE' ) );
#7947 = FILL_AREA_STYLE ('',( #8533 ) ) ;
#7948 = VECTOR ( 'NONE', #977, 1000.000000000000000 ) ;
#7949 = ORIENTED_EDGE ( 'NONE', *, *, #5481, .T. ) ;
#7950 =( LENGTH_UNIT ( ) NAMED_UNIT ( * ) SI_UNIT ( .MILLI., .METRE. ) );
#7951 =( NAMED_UNIT ( * ) PLANE_ANGLE_UNIT ( ) SI_UNIT ( $, .RADIAN. ) );
#7952 = CARTESIAN_POINT ( 'NONE',  ( 2.490000000000000213, 8.026794919243112503, -0.04999999999999996808 ) ) ;
#7953 = ORIENTED_EDGE ( 'NONE', *, *, #7939, .T. ) ;
#7954 = VECTOR ( 'NONE', #6356, 1000.000000000000000 ) ;
#7955 = EDGE_CURVE ( 'NONE', #5736, #7041, #696, .T. ) ;
#7956 = CARTESIAN_POINT ( 'NONE',  ( -1.000000000000000000, 0.5000000000000000000, -0.3500000000000000888 ) ) ;
#7957 = CARTESIAN_POINT ( 'NONE',  ( 0.8314534000842377370, 5.476966929918534177, 0.3499999999999999778 ) ) ;
#7958 = CARTESIAN_POINT ( 'NONE',  ( 3.226754932607761361, 0.5000000000000000000, -0.6500000000000013545 ) ) ;
#7959 = LINE ( 'NONE', #5002, #9172 ) ;
#7961 = ORIENTED_EDGE ( 'NONE', *, *, #9132, .T. ) ;
#7960 = PRESENTATION_LAYER_ASSIGNMENT (  '', '', ( #4240 ) ) ;
#7962 = VECTOR ( 'NONE', #3168, 1000.000000000000000 ) ;
#7963 = CARTESIAN_POINT ( 'NONE',  ( 0.5218457338839795900, 5.626229152235330488, 0.000000000000000000 ) ) ;
#7964 = EDGE_CURVE ( 'NONE', #7669, #6391, #9551, .T. ) ;
#7965 = FACE_OUTER_BOUND ( 'NONE', #1314, .T. ) ;
#7966 = EDGE_CURVE ( 'NONE', #6353, #8094, #1189, .T. ) ;
#7967 = CARTESIAN_POINT ( 'NONE',  ( -0.3500000000000000333, 8.000000000000000000, -0.3499999999999999778 ) ) ;
#7968 = CARTESIAN_POINT ( 'NONE',  ( 4.293947113514015257, 5.783587059575308054, 0.3499999999999997558 ) ) ;
#7969 = VERTEX_POINT ( 'NONE', #5171 ) ;
#7970 = ADVANCED_FACE ( 'NONE', ( #554 ), #2082, .F. ) ;
#7971 =( GEOMETRIC_REPRESENTATION_CONTEXT ( 3 ) GLOBAL_UNCERTAINTY_ASSIGNED_CONTEXT ( ( #9533 ) ) GLOBAL_UNIT_ASSIGNED_CONTEXT ( ( #5229, #623, #8103 ) ) REPRESENTATION_CONTEXT ( 'NONE', 'WORKASPACE' ) );
#7972 = ORIENTED_EDGE ( 'NONE', *, *, #5962, .F. ) ;
#7973 = DIRECTION ( 'NONE',  ( 3.097720492815726426E-17, -1.000000000000000000, 0.000000000000000000 ) ) ;
#7974 = CARTESIAN_POINT ( 'NONE',  ( 2.892524015545778759, 5.732672356334978403, -0.3500000000000000888 ) ) ;
#7975 = DIRECTION ( 'NONE',  ( 0.000000000000000000, -1.000000000000000000, 1.668003342285391797E-16 ) ) ;
#7976 = FACE_OUTER_BOUND ( 'NONE', #2988, .T. ) ;
#7977 = LINE ( 'NONE', #5017, #4192 ) ;
#7978 = DIRECTION ( 'NONE',  ( 0.000000000000000000, 0.000000000000000000, -1.000000000000000000 ) ) ;
#7979 = CARTESIAN_POINT ( 'NONE',  ( 3.540000000000000480, 1.800000000000000488, 0.3499999999999998668 ) ) ;
#7980 =( NAMED_UNIT ( * ) SI_UNIT ( $, .STERADIAN. ) SOLID_ANGLE_UNIT ( ) );
#7981 = ORIENTED_EDGE ( 'NONE', *, *, #5830, .T. ) ;
#7982 = CARTESIAN_POINT ( 'NONE',  ( 9.560000000000000497, 6.299999999999999822, -0.1166666666666670710 ) ) ;
#7983 = VERTEX_POINT ( 'NONE', #5462 ) ;
#7984 =( LENGTH_UNIT ( ) NAMED_UNIT ( * ) SI_UNIT ( .MILLI., .METRE. ) );
#7985 = CARTESIAN_POINT ( 'NONE',  ( 9.200000584798285530, 3.767448265748938319, -0.3500000000000003109 ) ) ;
#7986 = DIRECTION ( 'NONE',  ( -1.000000000000000000, 0.000000000000000000, 0.000000000000000000 ) ) ;
#7987 = CARTESIAN_POINT ( 'NONE',  ( 1.940000000000000613, 6.299999999999999822, 0.3499999999999998668 ) ) ;
#7988 = EDGE_CURVE ( 'NONE', #8269, #644, #1632, .T. ) ;
#7989 = FILL_AREA_STYLE ('',( #5030 ) ) ;
#7990 = CARTESIAN_POINT ( 'NONE',  ( 0.3500000000000000333, 0.000000000000000000, 0.3499999999999999778 ) ) ;
#7991 = ADVANCED_FACE ( 'NONE', ( #8276 ), #6954, .F. ) ;
#7992 = SURFACE_STYLE_USAGE ( .BOTH. , #5963 ) ;
#7993 = ORIENTED_EDGE ( 'NONE', *, *, #2650, .F. ) ;
#7994 = ORIENTED_EDGE ( 'NONE', *, *, #5540, .T. ) ;
#7995 = FILL_AREA_STYLE ('',( #2042 ) ) ;
#7996 = DIRECTION ( 'NONE',  ( -0.000000000000000000, -1.000000000000000000, 1.668003342285392044E-16 ) ) ;
#7997 = ORIENTED_EDGE ( 'NONE', *, *, #3736, .F. ) ;
#7998 = SURFACE_STYLE_FILL_AREA ( #3627 ) ;
#7999 = COLOUR_RGB ( '',0.8313725490196077761, 0.6705882352941175961, 0.1294117647058823373 ) ;
#8000 = EDGE_CURVE ( 'NONE', #2927, #6489, #8322, .T. ) ;
#8001 =( GEOMETRIC_REPRESENTATION_CONTEXT ( 3 ) GLOBAL_UNCERTAINTY_ASSIGNED_CONTEXT ( ( #9023 ) ) GLOBAL_UNIT_ASSIGNED_CONTEXT ( ( #5195, #1566, #7514 ) ) REPRESENTATION_CONTEXT ( 'NONE', 'WORKASPACE' ) );
#8002 = CARTESIAN_POINT ( 'NONE',  ( 5.941229900893848281, 5.207834124282262778, 0.3499999999999998113 ) ) ;
#8003 = ORIENTED_EDGE ( 'NONE', *, *, #8320, .F. ) ;
#8004 = FILL_AREA_STYLE ('',( #6640 ) ) ;
#8005 = FACE_OUTER_BOUND ( 'NONE', #7707, .T. ) ;
#8006 = CARTESIAN_POINT ( 'NONE',  ( 0.9452969371955494138, 4.071564961060394339, 0.3500000000000000333 ) ) ;
#8007 = DIRECTION ( 'NONE',  ( -0.7071067811865475727, 0.7071067811865475727, 0.000000000000000000 ) ) ;
#8008 = ORIENTED_EDGE ( 'NONE', *, *, #9283, .F. ) ;
#8009 = CARTESIAN_POINT ( 'NONE',  ( -1.000000000000000000, 2.615493535618376608, 0.3500000000000000333 ) ) ;
#8010 = DIRECTION ( 'NONE',  ( 0.5000000000000001110, -0.8660254037844385966, 0.000000000000000000 ) ) ;
#8011 = CARTESIAN_POINT ( 'NONE',  ( 8.619999999999999218, 6.299999999999999822, -0.3850000000000002309 ) ) ;
#8012 = MECHANICAL_DESIGN_GEOMETRIC_PRESENTATION_REPRESENTATION (  '', ( #7701 ), #8327 ) ;
#8013 = CARTESIAN_POINT ( 'NONE',  ( 4.398619849678662597, 6.233860305463148066, 0.3499999999999998113 ) ) ;
#8014 = VERTEX_POINT ( 'NONE', #4729 ) ;
#8015 = CLOSED_SHELL ( 'NONE', ( #4328, #2072, #501, #5653, #3861, #4793, #658, #3419, #6116, #4537, #8624, #3136, #1920, #4688, #3612, #4925, #5389, #8164, #6484, #6247, #6463, #2166, #83 ) ) ;
#8016 = ORIENTED_EDGE ( 'NONE', *, *, #1223, .F. ) ;
#8017 =( NAMED_UNIT ( * ) SI_UNIT ( $, .STERADIAN. ) SOLID_ANGLE_UNIT ( ) );
#8018 = DIRECTION ( 'NONE',  ( 0.000000000000000000, 0.000000000000000000, -1.000000000000000000 ) ) ;
#8019 = EDGE_CURVE ( 'NONE', #7133, #730, #6187, .T. ) ;
#8020 = DIRECTION ( 'NONE',  ( 0.000000000000000000, -0.000000000000000000, -1.000000000000000000 ) ) ;
#8021 = CARTESIAN_POINT ( 'NONE',  ( 10.94815692900434279, 5.771059683742178592, 0.3499999999999996447 ) ) ;
#8022 = SURFACE_SIDE_STYLE ('',( #5064 ) ) ;
#8023 = CARTESIAN_POINT ( 'NONE',  ( 10.84675493260776236, 0.5000000000000002220, 0.6500000000000010214 ) ) ;
#8024 = PLANE ( 'NONE',  #1503 ) ;
#8025 = VECTOR ( 'NONE', #9108, 1000.000000000000000 ) ;
#8026 = ORIENTED_EDGE ( 'NONE', *, *, #3365, .F. ) ;
#8027 = FILL_AREA_STYLE_COLOUR ( '', #4602 ) ;
#8028 = ORIENTED_EDGE ( 'NONE', *, *, #2624, .T. ) ;
#8029 = CARTESIAN_POINT ( 'NONE',  ( -0.1499999999999994393, -3.000000000000000000, -0.3499999999999999778 ) ) ;
#8030 =( GEOMETRIC_REPRESENTATION_CONTEXT ( 3 ) GLOBAL_UNCERTAINTY_ASSIGNED_CONTEXT ( ( #6746 ) ) GLOBAL_UNIT_ASSIGNED_CONTEXT ( ( #70, #29, #1461 ) ) REPRESENTATION_CONTEXT ( 'NONE', 'WORKASPACE' ) );
#8031 = CARTESIAN_POINT ( 'NONE',  ( 10.96016787687576688, 5.699693040755677842, -0.3500000000000002554 ) ) ;
#8032 = CARTESIAN_POINT ( 'NONE',  ( 10.84675493260776236, 10.39117142264903570, -0.3500000000000017542 ) ) ;
#8033 = FACE_OUTER_BOUND ( 'NONE', #2759, .T. ) ;
#8034 = CARTESIAN_POINT ( 'NONE',  ( 0.7860528864859864795, 5.783587059575308054, -0.3500000000000000888 ) ) ;
#8035 = ORIENTED_EDGE ( 'NONE', *, *, #2920, .T. ) ;
#8036 = VECTOR ( 'NONE', #7301, 1000.000000000000000 ) ;
#8037 = ORIENTED_EDGE ( 'NONE', *, *, #717, .F. ) ;
#8038 = CARTESIAN_POINT ( 'NONE',  ( 3.185466478527304801, 3.877691542223586030, -0.3500000000000001443 ) ) ;
#8039 = STYLED_ITEM ( 'NONE', ( #3315 ), #3173 ) ;
#8040 = EDGE_CURVE ( 'NONE', #9457, #6397, #7590, .T. ) ;
#8041 = CARTESIAN_POINT ( 'NONE',  ( 6.758770099106167883, 5.207834124282346266, -0.3500000000000002554 ) ) ;
#8042 = CARTESIAN_POINT ( 'NONE',  ( 0.3500000000000000333, 0.000000000000000000, 0.3499999999999999778 ) ) ;
#8043 = ORIENTED_EDGE ( 'NONE', *, *, #6816, .F. ) ;
#8044 = FILL_AREA_STYLE ('',( #3490 ) ) ;
#8045 = VECTOR ( 'NONE', #99, 1000.000000000000000 ) ;
#8046 = AXIS2_PLACEMENT_3D ( 'NONE', #5397, #3114, #1667 ) ;
#8047 = CARTESIAN_POINT ( 'NONE',  ( 5.949615242270663629, 8.500000000000000000, 0.8696152422706630025 ) ) ;
#8048 = EDGE_CURVE ( 'NONE', #3051, #7089, #3429, .T. ) ;
#8049 = ORIENTED_EDGE ( 'NONE', *, *, #8903, .F. ) ;
#8050 = B_SPLINE_CURVE_WITH_KNOTS ( 'NONE', 3,
 ( #195, #9153, #4544, #10, #8226, #8319, #6041, #6091, #4585, #4631, #1539, #6805, #8965, #3027, #54, #7488, #1676, #5997, #2479, #5459, #6717, #5307, #7533, #3066, #946, #105, #848, #3839, #798, #7582, #3796 ),
 .UNSPECIFIED., .F., .F.,
 ( 4, 1, 1, 1, 1, 1, 1, 2, 2, 1, 1, 1, 1, 2, 2, 1, 1, 1, 1, 1, 2, 2, 4 ),
 ( 0.000000000000000000, 0.06250000000001179612, 0.09375000000001741662, 0.1093750000000204697, 0.1171875000000220379, 0.1210937500000228428, 0.1230468750000232731, 0.1240234375000236478, 0.1250000000000240086, 0.1875000000000225098, 0.2187500000000217881, 0.2343750000000214828, 0.2421875000000213440, 0.2460937500000215383, 0.2500000000000217604, 0.3750000000000213718, 0.4375000000000212053, 0.4687500000000208722, 0.4843750000000206501, 0.4921875000000205391, 0.4960937500000208167, 0.5000000000000209832, 1.000000000000000000 ),
 .UNSPECIFIED. ) ;
#8051 = CARTESIAN_POINT ( 'NONE',  ( 4.413733788849079964, 6.298959448224835889, -0.3500000000000000888 ) ) ;
#8052 = VECTOR ( 'NONE', #8526, 1000.000000000000000 ) ;
#8053 = PRESENTATION_LAYER_ASSIGNMENT (  '', '', ( #1202 ) ) ;
#8054 =( GEOMETRIC_REPRESENTATION_CONTEXT ( 3 ) GLOBAL_UNCERTAINTY_ASSIGNED_CONTEXT ( ( #4726 ) ) GLOBAL_UNIT_ASSIGNED_CONTEXT ( ( #2369, #132, #826 ) ) REPRESENTATION_CONTEXT ( 'NONE', 'WORKASPACE' ) );
#8055 = FILL_AREA_STYLE_COLOUR ( '', #2340 ) ;
#8056 = FILL_AREA_STYLE ('',( #2315 ) ) ;
#8057 = VERTEX_POINT ( 'NONE', #3801 ) ;
#8058 = AXIS2_PLACEMENT_3D ( 'NONE', #5342, #932, #4758 ) ;
#8059 = SURFACE_STYLE_FILL_AREA ( #5099 ) ;
#8060 = CARTESIAN_POINT ( 'NONE',  ( -0.8491834779808464795, 5.324198710740767559, -0.3500000000000000333 ) ) ;
#8061 = VECTOR ( 'NONE', #1744, 1000.000000000000000 ) ;
#8062 = CARTESIAN_POINT ( 'NONE',  ( 4.140020115625524966, 4.171275002134293253, 0.3499999999999998668 ) ) ;
#8063 = EDGE_CURVE ( 'NONE', #998, #6353, #2739, .T. ) ;
#8064 = ORIENTED_EDGE ( 'NONE', *, *, #8760, .F. ) ;
#8065 = UNCERTAINTY_MEASURE_WITH_UNIT (LENGTH_MEASURE( 1.000000000000000082E-05 ), #684, 'distance_accuracy_value', 'NONE');
#8066 = ORIENTED_EDGE ( 'NONE', *, *, #7241, .F. ) ;
#8067 = CARTESIAN_POINT ( 'NONE',  ( 2.190000000000000835, -1.084202172485501815E-17, 0.3499999999999998668 ) ) ;
#8068 = CARTESIAN_POINT ( 'NONE',  ( 7.620000000000000107, 6.500000000000000888, -1.155688030012021264E-15 ) ) ;
#8069 = VECTOR ( 'NONE', #6832, 1000.000000000000000 ) ;
#8070 = EDGE_CURVE ( 'NONE', #5119, #809, #3174, .T. ) ;
#8071 = PLANE ( 'NONE',  #5318 ) ;
#8072 = CARTESIAN_POINT ( 'NONE',  ( 5.080000000000000071, 6.299999999999999822, 0.3499999999999998113 ) ) ;
#8073 = CARTESIAN_POINT ( 'NONE',  ( 11.10551779667412831, 4.067306563708456224, 0.3499999999999997002 ) ) ;
#8074 = AXIS2_PLACEMENT_3D ( 'NONE', #3636, #8944, #6696 ) ;
#8075 = LINE ( 'NONE', #2181, #4500 ) ;
#8076 =( LENGTH_UNIT ( ) NAMED_UNIT ( * ) SI_UNIT ( .MILLI., .METRE. ) );
#8077 = VECTOR ( 'NONE', #2069, 1000.000000000000000 ) ;
#8078 = DIRECTION ( 'NONE',  ( 1.000000000000000000, 1.121588454295349780E-16, -0.000000000000000000 ) ) ;
#8079 = ORIENTED_EDGE ( 'NONE', *, *, #9627, .F. ) ;
#8080 = ORIENTED_EDGE ( 'NONE', *, *, #8858, .F. ) ;
#8081 = ORIENTED_EDGE ( 'NONE', *, *, #6024, .F. ) ;
#8082 =( BOUNDED_CURVE ( )  B_SPLINE_CURVE ( 3, ( #9536, #2870, #5838, #7341, #634, #4668, #6988 ),
 .UNSPECIFIED., .F., .F. ) 
 B_SPLINE_CURVE_WITH_KNOTS ( ( 4, 3, 4 ),
 ( 0.8078321013870645162, 3.141592653589793116, 5.475353205792521827 ),
 .UNSPECIFIED. ) 
 CURVE ( )  GEOMETRIC_REPRESENTATION_ITEM ( )  RATIONAL_B_SPLINE_CURVE ( ( 1.000000000000000000, 0.5953481791230077480, 0.5953481791230077480, 1.000000000000000000, 0.5953481791230077480, 0.5953481791230077480, 1.000000000000000000 ) ) 
 REPRESENTATION_ITEM ( '' )  );
#8083 = AXIS2_PLACEMENT_3D ( 'NONE', #8942, #2408, #8341 ) ;
#8084 = DIRECTION ( 'NONE',  ( 0.6546536707079769757, 0.3779644730092273086, -0.6546536707079771977 ) ) ;
#8085 = UNCERTAINTY_MEASURE_WITH_UNIT (LENGTH_MEASURE( 1.000000000000000082E-05 ), #8351, 'distance_accuracy_value', 'NONE');
#8086 = FILL_AREA_STYLE ('',( #2190 ) ) ;
#8087 = CARTESIAN_POINT ( 'NONE',  ( -0.3499999999999992006, -1.084202172485501815E-17, -0.3499999999999999778 ) ) ;
#8088 = LINE ( 'NONE', #6722, #5516 ) ;
#8089 = CARTESIAN_POINT ( 'NONE',  ( 2.091806954577857258, 5.884855341312110077, 0.3499999999999998113 ) ) ;
#8090 =( LENGTH_UNIT ( ) NAMED_UNIT ( * ) SI_UNIT ( .MILLI., .METRE. ) );
#8091 = AXIS2_PLACEMENT_3D ( 'NONE', #6480, #220, #8723 ) ;
#8092 = EDGE_CURVE ( 'NONE', #126, #1540, #6239, .T. ) ;
#8093 =( LENGTH_UNIT ( ) NAMED_UNIT ( * ) SI_UNIT ( .MILLI., .METRE. ) );
#8094 = VERTEX_POINT ( 'NONE', #8370 ) ;
#8095 = ORIENTED_EDGE ( 'NONE', *, *, #2920, .F. ) ;
#8096 = CARTESIAN_POINT ( 'NONE',  ( 2.539999999999999147, 1.700000000000000178, -0.3500000000000000888 ) ) ;
#8097 =( NAMED_UNIT ( * ) PLANE_ANGLE_UNIT ( ) SI_UNIT ( $, .RADIAN. ) );
#8098 = CARTESIAN_POINT ( 'NONE',  ( 11.63000000000000078, 8.500000000000000000, 1.199999999999999512 ) ) ;
#8099 = ORIENTED_EDGE ( 'NONE', *, *, #6697, .T. ) ;
#8100 = DIRECTION ( 'NONE',  ( -1.000000000000000000, -3.097720492815726426E-17, 0.000000000000000000 ) ) ;
#8101 = CARTESIAN_POINT ( 'NONE',  ( 10.16000000000000014, -3.000000000000000000, 0.3499999999999996447 ) ) ;
#8102 = EDGE_CURVE ( 'NONE', #3060, #7983, #899, .T. ) ;
#8103 =( NAMED_UNIT ( * ) SI_UNIT ( $, .STERADIAN. ) SOLID_ANGLE_UNIT ( ) );
#8104 = VERTEX_POINT ( 'NONE', #852 ) ;
#8105 = VECTOR ( 'NONE', #2819, 1000.000000000000000 ) ;
#8106 = CARTESIAN_POINT ( 'NONE',  ( 4.191150453949023635, 4.917640708295713203, -0.3500000000000000888 ) ) ;
#8107 = DIRECTION ( 'NONE',  ( -0.000000000000000000, 1.000000000000000000, -0.000000000000000000 ) ) ;
#8108 = LINE ( 'NONE', #9574, #4984 ) ;
#8109 = ORIENTED_EDGE ( 'NONE', *, *, #7413, .F. ) ;
#8110 = UNCERTAINTY_MEASURE_WITH_UNIT (LENGTH_MEASURE( 1.000000000000000082E-05 ), #6110, 'distance_accuracy_value', 'NONE');
#8111 = UNCERTAINTY_MEASURE_WITH_UNIT (LENGTH_MEASURE( 1.000000000000000082E-05 ), #1400, 'distance_accuracy_value', 'NONE');
#8112 = CARTESIAN_POINT ( 'NONE',  ( -0.9469369482461336140, 4.039780281224065739, -0.3499999999999999778 ) ) ;
#8113 = COLOUR_RGB ( '',0.8313725490196077761, 0.6705882352941175961, 0.1294117647058823373 ) ;
#8114 = CARTESIAN_POINT ( 'NONE',  ( 10.16000000000000014, 0.000000000000000000, -0.3500000000000003109 ) ) ;
#8115 = ORIENTED_EDGE ( 'NONE', *, *, #8664, .F. ) ;
#8116 = EDGE_CURVE ( 'NONE', #4511, #3503, #1587, .T. ) ;
#8117 = ORIENTED_EDGE ( 'NONE', *, *, #560, .F. ) ;
#8118 = CARTESIAN_POINT ( 'NONE',  ( 10.50999999999999979, 0.000000000000000000, -0.3500000000000000333 ) ) ;
#8119 = VECTOR ( 'NONE', #2429, 1000.000000000000000 ) ;
#8120 = CARTESIAN_POINT ( 'NONE',  ( 3.240000000000000657, 0.8000000000000007105, -0.3500000000000000888 ) ) ;
#8121 =( NAMED_UNIT ( * ) SI_UNIT ( $, .STERADIAN. ) SOLID_ANGLE_UNIT ( ) );
#8122 = CARTESIAN_POINT ( 'NONE',  ( 11.04884954605087799, 4.917640708297875030, 0.3499999999999996447 ) ) ;
#8123 = DIRECTION ( 'NONE',  ( 0.000000000000000000, 3.097720492815727166E-16, 1.000000000000000000 ) ) ;
#8124 = PLANE ( 'NONE',  #8835 ) ;
#8125 = ADVANCED_FACE ( 'NONE', ( #3845 ), #9018, .F. ) ;
#8126 =( GEOMETRIC_REPRESENTATION_CONTEXT ( 3 ) GLOBAL_UNCERTAINTY_ASSIGNED_CONTEXT ( ( #2822 ) ) GLOBAL_UNIT_ASSIGNED_CONTEXT ( ( #5018, #6325, #7195 ) ) REPRESENTATION_CONTEXT ( 'NONE', 'WORKASPACE' ) );
#8127 = DIRECTION ( 'NONE',  ( 0.000000000000000000, 0.000000000000000000, 1.000000000000000000 ) ) ;
#8128 = ORIENTED_EDGE ( 'NONE', *, *, #7699, .F. ) ;
#8129 = VECTOR ( 'NONE', #8692, 1000.000000000000000 ) ;
#8130 = EDGE_CURVE ( 'NONE', #4913, #80, #8462, .T. ) ;
#8131 = ORIENTED_EDGE ( 'NONE', *, *, #66, .F. ) ;
#8132 = VERTEX_POINT ( 'NONE', #7925 ) ;
#8133 = VECTOR ( 'NONE', #596, 1000.000000000000000 ) ;
#8134 = CARTESIAN_POINT ( 'NONE',  ( 4.434533521472694417, 3.877691542223590471, -0.3500000000000001443 ) ) ;
#8135 = DIRECTION ( 'NONE',  ( -0.5000000000000001110, -0.8660254037844385966, 0.000000000000000000 ) ) ;
#8136 = MECHANICAL_DESIGN_GEOMETRIC_PRESENTATION_REPRESENTATION (  '', ( #1432 ), #479 ) ;
#8137 = CARTESIAN_POINT ( 'NONE',  ( 11.01063976979027181, 5.307482533055136287, -0.3500000000000003664 ) ) ;
#8138 = DIRECTION ( 'NONE',  ( -0.000000000000000000, -0.000000000000000000, 1.000000000000000000 ) ) ;
#8139 = FACE_OUTER_BOUND ( 'NONE', #6775, .T. ) ;
#8140 = CARTESIAN_POINT ( 'NONE',  ( 0.000000000000000000, 0.000000000000000000, 0.000000000000000000 ) ) ;
#8141 =( BOUNDED_SURFACE ( )  B_SPLINE_SURFACE ( 3, 1, ( 
 ( #6725, #6767 ),
 ( #5262, #7360 ),
 ( #6048, #3033 ),
 ( #8280, #651 ) ),
 .UNSPECIFIED., .F., .F., .F. ) 
 B_SPLINE_SURFACE_WITH_KNOTS ( ( 4, 4 ),
 ( 2, 2 ),
 ( 0.000000000000000000, 1.000000000000000000 ),
 ( 0.000000000000000000, 1.000000000000000000 ),
 .UNSPECIFIED. ) 
 GEOMETRIC_REPRESENTATION_ITEM ( )  RATIONAL_B_SPLINE_SURFACE ( (
 ( 1.000000000000000000, 1.000000000000000000),
 ( 0.9488815137910379116, 0.9488815137910379116),
 ( 0.9488815137910379116, 0.9488815137910379116),
 ( 1.000000000000000000, 1.000000000000000000) ) ) 
 REPRESENTATION_ITEM ( '' )  SURFACE ( )  );
#8142 = CARTESIAN_POINT ( 'NONE',  ( 0.9425000299447587881, 4.124619419408675824, -0.3499999999999999778 ) ) ;
#8143 = VERTEX_POINT ( 'NONE', #7194 ) ;
#8144 = VERTEX_POINT ( 'NONE', #6419 ) ;
#8145 =( NAMED_UNIT ( * ) PLANE_ANGLE_UNIT ( ) SI_UNIT ( $, .RADIAN. ) );
#8146 = LINE ( 'NONE', #763, #7750 ) ;
#8147 = ORIENTED_EDGE ( 'NONE', *, *, #1170, .T. ) ;
#8148 = CARTESIAN_POINT ( 'NONE',  ( -1.469999999999999973, 8.500000000000000000, 1.199999999999999956 ) ) ;
#8149 = DIRECTION ( 'NONE',  ( -1.000000000000000000, -0.000000000000000000, -0.000000000000000000 ) ) ;
#8150 = ORIENTED_EDGE ( 'NONE', *, *, #2359, .F. ) ;
#8151 = CARTESIAN_POINT ( 'NONE',  ( 4.270497576386657279, 5.635051924202448603, -0.3500000000000001443 ) ) ;
#8152 = LINE ( 'NONE', #1467, #5649 ) ;
#8153 = DIRECTION ( 'NONE',  ( 1.000000000000000000, 8.673617379884030739E-15, 0.000000000000000000 ) ) ;
#8154 = AXIS2_PLACEMENT_3D ( 'NONE', #7309, #5756, #552 ) ;
#8155 = ORIENTED_EDGE ( 'NONE', *, *, #5637, .T. ) ;
#8156 = FACE_OUTER_BOUND ( 'NONE', #1638, .T. ) ;
#8157 =( GEOMETRIC_REPRESENTATION_CONTEXT ( 3 ) GLOBAL_UNCERTAINTY_ASSIGNED_CONTEXT ( ( #453 ) ) GLOBAL_UNIT_ASSIGNED_CONTEXT ( ( #9117, #8524, #4695 ) ) REPRESENTATION_CONTEXT ( 'NONE', 'WORKASPACE' ) );
#8158 = CARTESIAN_POINT ( 'NONE',  ( 9.160000000000001918, 6.500000000000000888, -0.3500000000000010880 ) ) ;
#8159 = FACE_OUTER_BOUND ( 'NONE', #8811, .T. ) ;
#8160 = VERTEX_POINT ( 'NONE', #8566 ) ;
#8161 = CARTESIAN_POINT ( 'NONE',  ( 0.3252558198818050195, 5.589454083063163381, -0.3499999999999999778 ) ) ;
#8162 = CARTESIAN_POINT ( 'NONE',  ( 1.540000000000000702, 0.8000000000000004885, 0.3499999999999998668 ) ) ;
#8163 = VECTOR ( 'NONE', #7042, 1000.000000000000000 ) ;
#8164 = ADVANCED_FACE ( 'NONE', ( #5605 ), #5616, .T. ) ;
#8165 = EDGE_CURVE ( 'NONE', #644, #1501, #1924, .T. ) ;
#8166 = CARTESIAN_POINT ( 'NONE',  ( 0.000000000000000000, 6.500000000000000888, -1.155688030012021264E-15 ) ) ;
#8167 = ORIENTED_EDGE ( 'NONE', *, *, #9064, .T. ) ;
#8168 = FILL_AREA_STYLE ('',( #5798 ) ) ;
#8169 = CARTESIAN_POINT ( 'NONE',  ( 11.02122990089384835, 5.207834124282261001, 0.3499999999999996447 ) ) ;
#8170 = UNCERTAINTY_MEASURE_WITH_UNIT (LENGTH_MEASURE( 1.000000000000000082E-05 ), #7446, 'distance_accuracy_value', 'NONE');
#8171 = DIRECTION ( 'NONE',  ( 1.000000000000000000, 0.000000000000000000, 0.000000000000000000 ) ) ;
#8172 = FACE_OUTER_BOUND ( 'NONE', #1127, .T. ) ;
#8173 = STYLED_ITEM ( 'NONE', ( #9378 ), #585 ) ;
#8174 = PRESENTATION_STYLE_ASSIGNMENT (( #5165 ) ) ;
#8175 = ORIENTED_EDGE ( 'NONE', *, *, #8903, .T. ) ;
#8176 = ORIENTED_EDGE ( 'NONE', *, *, #9124, .F. ) ;
#8177 = FACE_OUTER_BOUND ( 'NONE', #227, .T. ) ;
#8178 = ORIENTED_EDGE ( 'NONE', *, *, #1683, .T. ) ;
#8179 = B_SPLINE_CURVE_WITH_KNOTS ( 'NONE', 3,
 ( #4367, #3047, #6594, #9521, #5143, #6692, #6739, #2104, #774, #7328, #6020, #9571, #2857, #8106, #3000, #5091, #1418, #4421, #1371, #3729, #720, #6551, #8151, #574, #7371, #3630, #9676, #5232, #3679, #2906, #5976, #8051, #666 ),
 .UNSPECIFIED., .F., .F.,
 ( 4, 1, 1, 1, 1, 1, 1, 2, 2, 1, 1, 1, 1, 1, 2, 2, 1, 1, 1, 1, 1, 1, 2, 2, 4 ),
 ( 0.000000000000000000, 0.2499999999999789058, 0.3749999999999682476, 0.4374999999999629186, 0.4687499999999602540, 0.4843749999999587552, 0.4921874999999583111, 0.4960937499999580891, 0.4999999999999578115, 0.6249999999999521494, 0.6874999999999489297, 0.7187499999999471534, 0.7343749999999461542, 0.7421874999999453770, 0.7460937499999450440, 0.7499999999999447109, 0.8124999999999460432, 0.8437499999999471534, 0.8593749999999475975, 0.8671874999999474865, 0.8710937499999477085, 0.8730468749999480416, 0.8740234374999483746, 0.8749999999999485967, 1.000000000000000000 ),
 .UNSPECIFIED. ) ;
#8180 = PRESENTATION_STYLE_ASSIGNMENT (( #2880 ) ) ;
#8181 = CARTESIAN_POINT ( 'NONE',  ( 5.079999999999999183, 1.700000000000000178, -0.3500000000000001443 ) ) ;
#8182 = CARTESIAN_POINT ( 'NONE',  ( 9.160000000000001918, 2.207665535523968714, -0.3500000000000003664 ) ) ;
#8183 = CARTESIAN_POINT ( 'NONE',  ( 1.000000000000000444, 1.800000000000000488, -0.1166666666666667518 ) ) ;
#8184 = LINE ( 'NONE', #3851, #4296 ) ;
#8185 = VECTOR ( 'NONE', #8725, 1000.000000000000000 ) ;
#8186 = CARTESIAN_POINT ( 'NONE',  ( 10.66000000000000014, 6.299999999999999822, -0.3500000000000003109 ) ) ;
#8187 = ORIENTED_EDGE ( 'NONE', *, *, #173, .T. ) ;
#8188 = DIRECTION ( 'NONE',  ( 0.000000000000000000, 1.000000000000000000, -3.097720492815727166E-16 ) ) ;
#8189 = VERTEX_POINT ( 'NONE', #1044 ) ;
#8190 = CARTESIAN_POINT ( 'NONE',  ( 3.003356898907901140, 1.699999999999999067, -0.3500000000000001443 ) ) ;
#8191 = EDGE_CURVE ( 'NONE', #7799, #4051, #7007, .T. ) ;
#8192 = CARTESIAN_POINT ( 'NONE',  ( 9.810000000000000497, -1.084202172485501815E-17, 0.3499999999999996447 ) ) ;
#8193 = PRESENTATION_STYLE_ASSIGNMENT (( #4413 ) ) ;
#8194 = EDGE_LOOP ( 'NONE', ( #8003, #8008, #4309, #6789 ) ) ;
#8195 = DIRECTION ( 'NONE',  ( 1.000000000000000000, 0.000000000000000000, -3.310540984688563355E-17 ) ) ;
#8196 = PLANE ( 'NONE',  #873 ) ;
#8197 = AXIS2_PLACEMENT_3D ( 'NONE', #460, #1300, #7938 ) ;
#8198 = EDGE_LOOP ( 'NONE', ( #9687, #3160, #6874, #7679 ) ) ;
#8199 = PRESENTATION_LAYER_ASSIGNMENT (  '', '', ( #4316 ) ) ;
#8200 = DIRECTION ( 'NONE',  ( 0.000000000000000000, -0.000000000000000000, -1.000000000000000000 ) ) ;
#8201 = MECHANICAL_DESIGN_GEOMETRIC_PRESENTATION_REPRESENTATION (  '', ( #2768 ), #1024 ) ;
#8202 = FACE_OUTER_BOUND ( 'NONE', #4722, .T. ) ;
#8203 = DIRECTION ( 'NONE',  ( 1.000000000000000000, 1.084202172485504434E-16, 0.000000000000000000 ) ) ;
#8204 = ORIENTED_EDGE ( 'NONE', *, *, #4012, .T. ) ;
#8205 = STYLED_ITEM ( 'NONE', ( #249 ), #2511 ) ;
#8206 = CARTESIAN_POINT ( 'NONE',  ( -0.8641973817704142746, 5.178803639423790628, -0.3500000000000000333 ) ) ;
#8207 = CARTESIAN_POINT ( 'NONE',  ( 4.098339320387594853, 3.374693912574938892, 0.3499999999999999223 ) ) ;
#8208 = ORIENTED_EDGE ( 'NONE', *, *, #6389, .T. ) ;
#8209 = EDGE_CURVE ( 'NONE', #1310, #158, #4829, .T. ) ;
#8210 = UNCERTAINTY_MEASURE_WITH_UNIT (LENGTH_MEASURE( 1.000000000000000082E-05 ), #520, 'distance_accuracy_value', 'NONE');
#8211 = MECHANICAL_DESIGN_GEOMETRIC_PRESENTATION_REPRESENTATION (  '', ( #238 ), #5427 ) ;
#8212 = CARTESIAN_POINT ( 'NONE',  ( 9.160000000000001918, 6.500000000000000888, 0.3499999999999989231 ) ) ;
#8213 = EDGE_CURVE ( 'NONE', #5643, #2662, #7096, .T. ) ;
#8214 = LINE ( 'NONE', #935, #3294 ) ;
#8215 = MECHANICAL_DESIGN_GEOMETRIC_PRESENTATION_REPRESENTATION (  '', ( #6199 ), #4329 ) ;
#8216 = ORIENTED_EDGE ( 'NONE', *, *, #825, .F. ) ;
#8217 = DIRECTION ( 'NONE',  ( -1.000000000000000000, 0.000000000000000000, 7.744301232039316681E-17 ) ) ;
#8218 = AXIS2_PLACEMENT_3D ( 'NONE', #357, #3373, #9324 ) ;
#8219 = DIRECTION ( 'NONE',  ( -1.000000000000000000, -0.000000000000000000, -0.000000000000000000 ) ) ;
#8220 = PRESENTATION_LAYER_ASSIGNMENT (  '', '', ( #6503 ) ) ;
#8221 = CARTESIAN_POINT ( 'NONE',  ( 5.680000000000000604, 6.299999999999999822, -0.3500000000000001443 ) ) ;
#8222 = DIRECTION ( 'NONE',  ( -0.000000000000000000, 4.336808689942017243E-16, 1.000000000000000000 ) ) ;
#8223 = ORIENTED_EDGE ( 'NONE', *, *, #6104, .T. ) ;
#8224 = AXIS2_PLACEMENT_3D ( 'NONE', #6747, #8257, #8911 ) ;
#8225 = VERTEX_POINT ( 'NONE', #2733 ) ;
#8226 = CARTESIAN_POINT ( 'NONE',  ( 6.858779213129837515, 5.920464898423917433, 0.3499999999999997002 ) ) ;
#8227 = ORIENTED_EDGE ( 'NONE', *, *, #3787, .T. ) ;
#8228 = CARTESIAN_POINT ( 'NONE',  ( 8.320000000000000284, 0.5000000000000006661, 0.3499999999999997002 ) ) ;
#8229 = VECTOR ( 'NONE', #3647, 1000.000000000000000 ) ;
#8230 = CARTESIAN_POINT ( 'NONE',  ( 10.97928590766224133, 5.570187327444203085, -0.3500000000000003109 ) ) ;
#8231 = B_SPLINE_CURVE_WITH_KNOTS ( 'NONE', 3,
 ( #3224, #7603, #8381, #3320, #8473, #1736, #2441, #6823, #4736, #5517, #120, #209, #7692, #4002, #7652, #4783, #261, #3275, #6107, #9217, #9074, #1783, #4199, #1150, #2702, #4149, #3426, #7108, #4981, #8621, #7884 ),
 .UNSPECIFIED., .F., .F.,
 ( 4, 1, 1, 1, 1, 1, 1, 2, 2, 1, 1, 1, 1, 2, 2, 1, 1, 1, 1, 1, 2, 2, 4 ),
 ( 0.000000000000000000, 0.06250000000000892342, 0.09375000000001330880, 0.1093750000000156958, 0.1171875000000169031, 0.1210937500000174444, 0.1230468750000177081, 0.1240234375000179995, 0.1250000000000182909, 0.1875000000000187350, 0.2187500000000189571, 0.2343750000000190403, 0.2421875000000190681, 0.2460937500000193179, 0.2500000000000195399, 0.3750000000000208722, 0.4375000000000215383, 0.4687500000000216493, 0.4843750000000216493, 0.4921875000000216493, 0.4960937500000218714, 0.5000000000000220934, 1.000000000000000000 ),
 .UNSPECIFIED. ) ;
#8232 = CARTESIAN_POINT ( 'NONE',  ( 4.210384757729336513, 8.500000000000000000, 0.000000000000000000 ) ) ;
#8233 = CARTESIAN_POINT ( 'NONE',  ( 9.160000000000001918, 6.500000000000000888, -0.3500000000000010880 ) ) ;
#8234 = CARTESIAN_POINT ( 'NONE',  ( 8.620000000000000995, 1.800000000000000488, 0.1166666666666663077 ) ) ;
#8235 = EDGE_CURVE ( 'NONE', #6397, #9032, #5693, .T. ) ;
#8236 = VERTEX_POINT ( 'NONE', #9253 ) ;
#8237 =( GEOMETRIC_REPRESENTATION_CONTEXT ( 3 ) GLOBAL_UNCERTAINTY_ASSIGNED_CONTEXT ( ( #5162 ) ) GLOBAL_UNIT_ASSIGNED_CONTEXT ( ( #2264, #3777, #5930 ) ) REPRESENTATION_CONTEXT ( 'NONE', 'WORKASPACE' ) );
#8238 = DIRECTION ( 'NONE',  ( -0.000000000000000000, -1.000000000000000000, 1.668003342285392044E-16 ) ) ;
#8239 = VECTOR ( 'NONE', #8376, 1000.000000000000000 ) ;
#8240 = ORIENTED_EDGE ( 'NONE', *, *, #4047, .T. ) ;
#8241 = FILL_AREA_STYLE_COLOUR ( '', #3554 ) ;
#8242 = DIRECTION ( 'NONE',  ( 1.000000000000000000, 0.000000000000000000, 0.000000000000000000 ) ) ;
#8243 = ORIENTED_EDGE ( 'NONE', *, *, #372, .T. ) ;
#8244 = FACE_OUTER_BOUND ( 'NONE', #8551, .T. ) ;
#8245 =( GEOMETRIC_REPRESENTATION_CONTEXT ( 3 ) GLOBAL_UNCERTAINTY_ASSIGNED_CONTEXT ( ( #3169 ) ) GLOBAL_UNIT_ASSIGNED_CONTEXT ( ( #7674, #1863, #2566 ) ) REPRESENTATION_CONTEXT ( 'NONE', 'WORKASPACE' ) );
#8246 = CARTESIAN_POINT ( 'NONE',  ( 0.05000000000000007910, 8.026794919243112503, 0.04999999999999996808 ) ) ;
#8247 =( NAMED_UNIT ( * ) SI_UNIT ( $, .STERADIAN. ) SOLID_ANGLE_UNIT ( ) );
#8248 =( LENGTH_UNIT ( ) NAMED_UNIT ( * ) SI_UNIT ( .MILLI., .METRE. ) );
#8249 = ORIENTED_EDGE ( 'NONE', *, *, #7801, .F. ) ;
#8250 = CARTESIAN_POINT ( 'NONE',  ( 4.080000000000000071, 6.500000000000000888, 0.3499999999999989231 ) ) ;
#8251 = VECTOR ( 'NONE', #8992, 1000.000000000000000 ) ;
#8252 = DIRECTION ( 'NONE',  ( 0.000000000000000000, -1.668003342285391551E-16, -1.000000000000000000 ) ) ;
#8253 = CARTESIAN_POINT ( 'NONE',  ( 4.080000000000000071, 6.500000000000000888, -0.3500000000000010880 ) ) ;
#8254 = ORIENTED_EDGE ( 'NONE', *, *, #1956, .T. ) ;
#8255 = LINE ( 'NONE', #823, #824 ) ;
#8256 = ORIENTED_EDGE ( 'NONE', *, *, #5096, .F. ) ;
#8257 = DIRECTION ( 'NONE',  ( 0.000000000000000000, -0.8660254037844385966, 0.5000000000000001110 ) ) ;
#8258 = DIRECTION ( 'NONE',  ( 1.000000000000000000, 0.000000000000000000, 0.000000000000000000 ) ) ;
#8259 = CARTESIAN_POINT ( 'NONE',  ( 1.840000000000000524, 0.8000000000000004885, 0.3499999999999998668 ) ) ;
#8261 = VERTEX_POINT ( 'NONE', #7784 ) ;
#8260 = VECTOR ( 'NONE', #8949, 1000.000000000000114 ) ;
#8262 = EDGE_CURVE ( 'NONE', #955, #2227, #2581, .T. ) ;
#8263 = STYLED_ITEM ( 'NONE', ( #4234 ), #8713 ) ;
#8264 = CARTESIAN_POINT ( 'NONE',  ( 5.815042010446086707, 6.043840788194751568, -0.3500000000000001998 ) ) ;
#8265 = CARTESIAN_POINT ( 'NONE',  ( 0.6000000000000005329, 6.299999999999999822, -0.1283333333333334936 ) ) ;
#8266 = ADVANCED_FACE ( 'NONE', ( #9496 ), #4281, .F. ) ;
#8267 = CARTESIAN_POINT ( 'NONE',  ( 7.945255819881804626, 5.589454083063163381, -0.3500000000000002554 ) ) ;
#8268 = ORIENTED_EDGE ( 'NONE', *, *, #187, .F. ) ;
#8269 = VERTEX_POINT ( 'NONE', #1333 ) ;
#8270 = PRESENTATION_STYLE_ASSIGNMENT (( #5950 ) ) ;
#8271 = AXIS2_PLACEMENT_3D ( 'NONE', #7296, #1330, #5839 ) ;
#8272 = DIRECTION ( 'NONE',  ( 0.000000000000000000, 1.668003342285392044E-16, 1.000000000000000000 ) ) ;
#8273 = VERTEX_POINT ( 'NONE', #4332 ) ;
#8274 = PLANE ( 'NONE',  #8679 ) ;
#8275 = CARTESIAN_POINT ( 'NONE',  ( 3.540000000000000036, 0.5000000000000000000, -0.3500000000000000888 ) ) ;
#8276 = FACE_OUTER_BOUND ( 'NONE', #3075, .T. ) ;
#8277 = EDGE_CURVE ( 'NONE', #7380, #1440, #8818, .T. ) ;
#8278 = DIRECTION ( 'NONE',  ( 0.000000000000000000, 1.000000000000000000, -3.097720492815727166E-16 ) ) ;
#8280 = CARTESIAN_POINT ( 'NONE',  ( 8.119999999999999218, 6.299999999999999822, 0.3499999999999997002 ) ) ;
#8279 = AXIS2_PLACEMENT_3D ( 'NONE', #975, #3979, #6934 ) ;
#8281 = CARTESIAN_POINT ( 'NONE',  ( 9.473245067392239704, 10.39117142264903570, 0.6499999999999995781 ) ) ;
#8282 = EDGE_CURVE ( 'NONE', #234, #5119, #6218, .T. ) ;
#8283 = FILL_AREA_STYLE_COLOUR ( '', #2313 ) ;
#8284 = EDGE_LOOP ( 'NONE', ( #2014, #4494, #1939, #6615 ) ) ;
#8285 = VERTEX_POINT ( 'NONE', #739 ) ;
#8286 = CARTESIAN_POINT ( 'NONE',  ( 9.473245067392239704, 10.39117142264903570, -0.6500000000000030198 ) ) ;
#8287 =( LENGTH_UNIT ( ) NAMED_UNIT ( * ) SI_UNIT ( .MILLI., .METRE. ) );
#8288 = CARTESIAN_POINT ( 'NONE',  ( 9.473245067392239704, 10.39117142264903570, -0.3500000000000017542 ) ) ;
#8289 = ORIENTED_EDGE ( 'NONE', *, *, #9524, .F. ) ;
#8290 = CARTESIAN_POINT ( 'NONE',  ( 3.540000000000000480, 1.800000000000000488, 0.3499999999999998668 ) ) ;
#8291 = CARTESIAN_POINT ( 'NONE',  ( 9.460000000000000853, 0.5000000000000004441, -0.3500000000000003109 ) ) ;
#8292 =( NAMED_UNIT ( * ) PLANE_ANGLE_UNIT ( ) SI_UNIT ( $, .RADIAN. ) );
#8293 = DIRECTION ( 'NONE',  ( 0.000000000000000000, 0.000000000000000000, -1.000000000000000000 ) ) ;
#8294 = VERTEX_POINT ( 'NONE', #2777 ) ;
#8295 = VERTEX_POINT ( 'NONE', #1389 ) ;
#8296 = CARTESIAN_POINT ( 'NONE',  ( 11.16000000000000192, 6.299999999999999822, 0.3849999999999996758 ) ) ;
#8297 = FACE_OUTER_BOUND ( 'NONE', #7454, .T. ) ;
#8298 = EDGE_CURVE ( 'NONE', #1261, #8507, #4387, .T. ) ;
#8299 = FACE_OUTER_BOUND ( 'NONE', #8349, .T. ) ;
#8300 = CARTESIAN_POINT ( 'NONE',  ( 1.756229430279611314, 5.796998266909028530, 0.3499999999999998668 ) ) ;
#8301 = EDGE_CURVE ( 'NONE', #1697, #4642, #7977, .T. ) ;
#8302 = ORIENTED_EDGE ( 'NONE', *, *, #494, .F. ) ;
#8303 = EDGE_CURVE ( 'NONE', #9280, #3335, #9588, .T. ) ;
#8304 = SURFACE_SIDE_STYLE ('',( #3149 ) ) ;
#8305 = PRESENTATION_STYLE_ASSIGNMENT (( #783 ) ) ;
#8306 = VERTEX_POINT ( 'NONE', #1284 ) ;
#8307 = FILL_AREA_STYLE ('',( #3155 ) ) ;
#8308 = PLANE ( 'NONE',  #2519 ) ;
#8309 = EDGE_LOOP ( 'NONE', ( #2039, #718, #8026, #1413 ) ) ;
#8310 = CARTESIAN_POINT ( 'NONE',  ( 6.014825183200147585, 4.263498050148225360, -0.3500000000000001998 ) ) ;
#8311 = DIRECTION ( 'NONE',  ( 1.000000000000000000, 0.000000000000000000, 0.000000000000000000 ) ) ;
#8312 =( GEOMETRIC_REPRESENTATION_CONTEXT ( 3 ) GLOBAL_UNCERTAINTY_ASSIGNED_CONTEXT ( ( #8170 ) ) GLOBAL_UNIT_ASSIGNED_CONTEXT ( ( #7446, #3843, #3214 ) ) REPRESENTATION_CONTEXT ( 'NONE', 'WORKASPACE' ) );
#8313 = PRESENTATION_STYLE_ASSIGNMENT (( #4032 ) ) ;
#8314 = ORIENTED_EDGE ( 'NONE', *, *, #6536, .T. ) ;
#8315 = MECHANICAL_DESIGN_GEOMETRIC_PRESENTATION_REPRESENTATION (  '', ( #8470 ), #8001 ) ;
#8316 = VERTEX_POINT ( 'NONE', #4439 ) ;
#8317 = EDGE_CURVE ( 'NONE', #5915, #7023, #6660, .T. ) ;
#8318 = SURFACE_STYLE_USAGE ( .BOTH. , #5352 ) ;
#8319 = CARTESIAN_POINT ( 'NONE',  ( 6.845852863327321458, 5.851685420754310307, 0.3499999999999997558 ) ) ;
#8320 = EDGE_CURVE ( 'NONE', #7473, #2488, #7385, .T. ) ;
#8321 = DIRECTION ( 'NONE',  ( -1.000000000000000000, -0.000000000000000000, -0.000000000000000000 ) ) ;
#8322 = LINE ( 'NONE', #5260, #6842 ) ;
#8323 = PRESENTATION_LAYER_ASSIGNMENT (  '', '', ( #9263 ) ) ;
#8324 = CARTESIAN_POINT ( 'NONE',  ( 8.620000000000000995, 1.121588454295350273E-16, -0.3500000000000002554 ) ) ;
#8325 = CARTESIAN_POINT ( 'NONE',  ( 1.540000000000000036, 0.5000000000000002220, 0.3499999999999998668 ) ) ;
#8326 = FACE_OUTER_BOUND ( 'NONE', #7076, .T. ) ;
#8327 =( GEOMETRIC_REPRESENTATION_CONTEXT ( 3 ) GLOBAL_UNCERTAINTY_ASSIGNED_CONTEXT ( ( #7024 ) ) GLOBAL_UNIT_ASSIGNED_CONTEXT ( ( #5108, #6418, #8762 ) ) REPRESENTATION_CONTEXT ( 'NONE', 'WORKASPACE' ) );
#8328 = ORIENTED_EDGE ( 'NONE', *, *, #1553, .F. ) ;
#8329 = CARTESIAN_POINT ( 'NONE',  ( 8.220000000000000639, 6.299999999999999822, -0.3500000000000002554 ) ) ;
#8330 = ORIENTED_EDGE ( 'NONE', *, *, #3786, .F. ) ;
#8331 = LINE ( 'NONE', #1642, #2643 ) ;
#8332 = EDGE_CURVE ( 'NONE', #7599, #1530, #5062, .T. ) ;
#8333 = DIRECTION ( 'NONE',  ( -3.097720492815726426E-17, 1.000000000000000000, 0.000000000000000000 ) ) ;
#8334 = FACE_OUTER_BOUND ( 'NONE', #813, .T. ) ;
#8335 = CARTESIAN_POINT ( 'NONE',  ( 2.189999999999999947, 8.000000000000000000, 0.3499999999999999778 ) ) ;
#8336 = LINE ( 'NONE', #7508, #1422 ) ;
#8337 = EDGE_LOOP ( 'NONE', ( #2169, #986, #4519, #9151 ) ) ;
#8338 = EDGE_LOOP ( 'NONE', ( #1321, #4693, #1818, #5848 ) ) ;
#8339 = CARTESIAN_POINT ( 'NONE',  ( 9.810000000000000497, 8.000000000000000000, 0.3499999999999999778 ) ) ;
#8340 = CARTESIAN_POINT ( 'NONE',  ( 3.484695486956164601, 4.083092593512564150, -0.3499999999999999778 ) ) ;
#8341 = DIRECTION ( 'NONE',  ( 0.000000000000000000, -0.000000000000000000, -1.000000000000000000 ) ) ;
#8342 = DIRECTION ( 'NONE',  ( 1.000000000000000000, 0.000000000000000000, 0.000000000000000000 ) ) ;
#8343 = VERTEX_POINT ( 'NONE', #2919 ) ;
#8344 = AXIS2_PLACEMENT_3D ( 'NONE', #2938, #1495, #5911 ) ;
#8345 = SURFACE_STYLE_USAGE ( .BOTH. , #4613 ) ;
#8346 = B_SPLINE_CURVE_WITH_KNOTS ( 'NONE', 3,
 ( #9020, #1349, #5854, #5074, #608, #2242, #2983, #1448, #1493, #8970, #650, #8031, #8230, #1403, #8137, #3757, #7311, #1545, #4549, #5957, #7494, #9600, #804, #15, #2133, #7450, #5172, #9552, #4348, #3613, #3802 ),
 .UNSPECIFIED., .F., .F.,
 ( 4, 1, 1, 1, 1, 1, 1, 2, 2, 1, 1, 1, 1, 2, 2, 1, 1, 1, 1, 1, 2, 2, 4 ),
 ( 0.000000000000000000, 0.06249999999999997224, 0.09375000000000043021, 0.1093750000000007633, 0.1171875000000009992, 0.1210937500000012768, 0.1230468750000014710, 0.1240234375000016237, 0.1250000000000017764, 0.1875000000000052458, 0.2187500000000072442, 0.2343750000000082712, 0.2421875000000087708, 0.2460937500000089651, 0.2500000000000091593, 0.3750000000000101585, 0.4375000000000109357, 0.4687500000000113243, 0.4843750000000117684, 0.4921875000000119904, 0.4960937500000118794, 0.5000000000000117684, 1.000000000000000000 ),
 .UNSPECIFIED. ) ;
#8347 = EDGE_CURVE ( 'NONE', #3903, #6244, #7298, .T. ) ;
#8348 = SURFACE_SIDE_STYLE ('',( #6075 ) ) ;
#8349 = EDGE_LOOP ( 'NONE', ( #8950, #2614, #1763, #7754 ) ) ;
#8350 =( NAMED_UNIT ( * ) PLANE_ANGLE_UNIT ( ) SI_UNIT ( $, .RADIAN. ) );
#8351 =( LENGTH_UNIT ( ) NAMED_UNIT ( * ) SI_UNIT ( .MILLI., .METRE. ) );
#8352 = AXIS2_PLACEMENT_3D ( 'NONE', #652, #3663, #5464 ) ;
#8353 = MECHANICAL_DESIGN_GEOMETRIC_PRESENTATION_REPRESENTATION (  '', ( #8039 ), #3698 ) ;
#8354 = CARTESIAN_POINT ( 'NONE',  ( 1.853245067392238710, 8.000000000000000000, -0.6500000000000030198 ) ) ;
#8355 = ORIENTED_EDGE ( 'NONE', *, *, #7791, .F. ) ;
#8356 = EDGE_CURVE ( 'NONE', #3051, #9652, #2972, .T. ) ;
#8357 = CARTESIAN_POINT ( 'NONE',  ( 6.080000000000003624, 2.615493535622418264, -0.3500000000000002554 ) ) ;
#8358 =( GEOMETRIC_REPRESENTATION_CONTEXT ( 3 ) GLOBAL_UNCERTAINTY_ASSIGNED_CONTEXT ( ( #2161 ) ) GLOBAL_UNIT_ASSIGNED_CONTEXT ( ( #484, #4868, #8247 ) ) REPRESENTATION_CONTEXT ( 'NONE', 'WORKASPACE' ) );
#8359 = SURFACE_STYLE_USAGE ( .BOTH. , #4765 ) ;
#8360 = CARTESIAN_POINT ( 'NONE',  ( 5.680000000000000604, 6.299999999999999822, -0.1283333333333336601 ) ) ;
#8361 = AXIS2_PLACEMENT_3D ( 'NONE', #8941, #7466, #6694 ) ;
#8362 = VECTOR ( 'NONE', #2694, 1000.000000000000000 ) ;
#8363 = ORIENTED_EDGE ( 'NONE', *, *, #2476, .F. ) ;
#8364 = VERTEX_POINT ( 'NONE', #6566 ) ;
#8365 = CARTESIAN_POINT ( 'NONE',  ( 4.730000000000001315, 0.5000000000000005551, 0.3499999999999998113 ) ) ;
#8366 = CARTESIAN_POINT ( 'NONE',  ( 9.810000000000000497, -2.800000000000001155, -0.3500000000000003109 ) ) ;
#8367 =( GEOMETRIC_REPRESENTATION_CONTEXT ( 3 ) GLOBAL_UNCERTAINTY_ASSIGNED_CONTEXT ( ( #360 ) ) GLOBAL_UNIT_ASSIGNED_CONTEXT ( ( #5811, #1354, #2747 ) ) REPRESENTATION_CONTEXT ( 'NONE', 'WORKASPACE' ) );
#8368 = VECTOR ( 'NONE', #9072, 1000.000000000000000 ) ;
#8369 = MECHANICAL_DESIGN_GEOMETRIC_PRESENTATION_REPRESENTATION (  '', ( #2944 ), #9002 ) ;
#8370 = CARTESIAN_POINT ( 'NONE',  ( 9.560000000000000497, 6.299999999999999822, -0.3500000000000003109 ) ) ;
#8371 = DIRECTION ( 'NONE',  ( 0.000000000000000000, 0.000000000000000000, 1.000000000000000000 ) ) ;
#8372 = FILL_AREA_STYLE_COLOUR ( '', #4782 ) ;
#8373 =( GEOMETRIC_REPRESENTATION_CONTEXT ( 3 ) GLOBAL_UNCERTAINTY_ASSIGNED_CONTEXT ( ( #3595 ) ) GLOBAL_UNIT_ASSIGNED_CONTEXT ( ( #6395, #4158, #4942 ) ) REPRESENTATION_CONTEXT ( 'NONE', 'WORKASPACE' ) );
#8374 = ORIENTED_EDGE ( 'NONE', *, *, #6485, .F. ) ;
#8375 = UNCERTAINTY_MEASURE_WITH_UNIT (LENGTH_MEASURE( 1.000000000000000082E-05 ), #9071, 'distance_accuracy_value', 'NONE');
#8376 = DIRECTION ( 'NONE',  ( -0.000000000000000000, -1.000000000000000000, 1.668003342285392044E-16 ) ) ;
#8377 = ORIENTED_EDGE ( 'NONE', *, *, #3866, .T. ) ;
#8378 = VECTOR ( 'NONE', #2993, 1000.000000000000000 ) ;
#8379 = VECTOR ( 'NONE', #270, 1000.000000000000000 ) ;
#8380 = SURFACE_SIDE_STYLE ('',( #6198 ) ) ;
#8381 = CARTESIAN_POINT ( 'NONE',  ( 9.478619849678667109, 6.233860305463150731, 0.3499999999999997002 ) ) ;
#8382 = EDGE_CURVE ( 'NONE', #1897, #3038, #8869, .T. ) ;
#8383 = CARTESIAN_POINT ( 'NONE',  ( -1.018126922434469523E-15, 1.700000000000000178, 0.3499999999999999778 ) ) ;
#8384 = PRESENTATION_LAYER_ASSIGNMENT (  '', '', ( #2959 ) ) ;
#8385 = FACE_OUTER_BOUND ( 'NONE', #2427, .T. ) ;
#8386 = STYLED_ITEM ( 'NONE', ( #6012 ), #6940 ) ;
#8387 = ADVANCED_FACE ( 'NONE', ( #4535 ), #2275, .F. ) ;
#8388 = CARTESIAN_POINT ( 'NONE',  ( -1.000000000000000000, 6.500000000000000888, -0.3500000000000010880 ) ) ;
#8389 = ORIENTED_EDGE ( 'NONE', *, *, #6076, .T. ) ;
#8390 = VERTEX_POINT ( 'NONE', #8956 ) ;
#8391 = CARTESIAN_POINT ( 'NONE',  ( 0.000000000000000000, 6.299999999999999822, 0.3499999999999999778 ) ) ;
#8392 = DIRECTION ( 'NONE',  ( 0.5000000000000001110, -0.8660254037844385966, 0.000000000000000000 ) ) ;
#8393 = DIRECTION ( 'NONE',  ( 1.000000000000000000, -0.000000000000000000, 0.000000000000000000 ) ) ;
#8394 = VERTEX_POINT ( 'NONE', #791 ) ;
#8395 = PLANE ( 'NONE',  #3123 ) ;
#8396 = ADVANCED_FACE ( 'NONE', ( #1 ), #7481, .T. ) ;
#8397 = CARTESIAN_POINT ( 'NONE',  ( 3.540000000000000480, 0.8000000000000007105, 0.3499999999999998668 ) ) ;
#8398 = DIRECTION ( 'NONE',  ( -0.000000000000000000, -1.000000000000000000, 1.668003342285392044E-16 ) ) ;
#8399 = ORIENTED_EDGE ( 'NONE', *, *, #4800, .T. ) ;
#8400 = VECTOR ( 'NONE', #109, 1000.000000000000000 ) ;
#8401 = SURFACE_STYLE_USAGE ( .BOTH. , #9341 ) ;
#8402 = DIRECTION ( 'NONE',  ( 1.000000000000000000, -0.000000000000000000, 0.000000000000000000 ) ) ;
#8403 = ORIENTED_EDGE ( 'NONE', *, *, #9541, .T. ) ;
#8404 = CARTESIAN_POINT ( 'NONE',  ( 5.935690189165915065, 5.260692584315792786, -0.3500000000000001998 ) ) ;
#8405 = CARTESIAN_POINT ( 'NONE',  ( 6.080000000000000071, 6.500000000000000888, 0.3499999999999989231 ) ) ;
#8406 = EDGE_CURVE ( 'NONE', #3717, #9280, #7833, .T. ) ;
#8407 = FACE_OUTER_BOUND ( 'NONE', #8481, .T. ) ;
#8408 = ORIENTED_EDGE ( 'NONE', *, *, #3081, .F. ) ;
#8409 = ORIENTED_EDGE ( 'NONE', *, *, #5871, .T. ) ;
#8410 = CARTESIAN_POINT ( 'NONE',  ( 2.892524015545778759, 5.732672356334978403, 0.3499999999999998668 ) ) ;
#8411 = LINE ( 'NONE', #5405, #5324 ) ;
#8412 = UNCERTAINTY_MEASURE_WITH_UNIT (LENGTH_MEASURE( 1.000000000000000082E-05 ), #1238, 'distance_accuracy_value', 'NONE');
#8413 = UNCERTAINTY_MEASURE_WITH_UNIT (LENGTH_MEASURE( 1.000000000000000082E-05 ), #4689, 'distance_accuracy_value', 'NONE');
#8414 =( GEOMETRIC_REPRESENTATION_CONTEXT ( 3 ) GLOBAL_UNCERTAINTY_ASSIGNED_CONTEXT ( ( #5501 ) ) GLOBAL_UNIT_ASSIGNED_CONTEXT ( ( #6177, #8454, #7577 ) ) REPRESENTATION_CONTEXT ( 'NONE', 'WORKASPACE' ) );
#8415 = CARTESIAN_POINT ( 'NONE',  ( 5.029999999999999361, 8.026794919243112503, -0.04999999999999996808 ) ) ;
#8416 = LINE ( 'NONE', #7147, #3246 ) ;
#8417 = CARTESIAN_POINT ( 'NONE',  ( 10.01000000000000156, -3.000000000000000000, -0.3500000000000003109 ) ) ;
#8418 = LINE ( 'NONE', #1727, #5550 ) ;
#8419 = CARTESIAN_POINT ( 'NONE',  ( 9.160000000000001918, 1.800000000000000488, 0.3499999999999996447 ) ) ;
#8420 = ADVANCED_FACE ( 'NONE', ( #7793 ), #5700, .F. ) ;
#8421 = ORIENTED_EDGE ( 'NONE', *, *, #6719, .T. ) ;
#8422 = SURFACE_STYLE_FILL_AREA ( #160 ) ;
#8423 = ORIENTED_EDGE ( 'NONE', *, *, #2152, .T. ) ;
#8424 = CIRCLE ( 'NONE', #3303, 0.1999999999999999833 ) ;
#8425 =( LENGTH_UNIT ( ) NAMED_UNIT ( * ) SI_UNIT ( .MILLI., .METRE. ) );
#8426 = AXIS2_PLACEMENT_3D ( 'NONE', #2825, #5794, #8759 ) ;
#8427 = EDGE_CURVE ( 'NONE', #7822, #7983, #2700, .T. ) ;
#8428 = DIRECTION ( 'NONE',  ( 0.000000000000000000, 1.000000000000000000, 0.000000000000000000 ) ) ;
#8429 = CARTESIAN_POINT ( 'NONE',  ( 3.473697255033131537, 4.293911919605036154, 0.3499999999999999223 ) ) ;
#8430 = CARTESIAN_POINT ( 'NONE',  ( 1.540000000000000036, 6.500000000000000888, -0.3500000000000010880 ) ) ;
#8431 = VECTOR ( 'NONE', #5130, 1000.000000000000000 ) ;
#8432 = CARTESIAN_POINT ( 'NONE',  ( 7.620000000000000107, 0.5000000000000005551, 0.3499999999999997002 ) ) ;
#8433 = VERTEX_POINT ( 'NONE', #7745 ) ;
#8434 = VECTOR ( 'NONE', #2907, 1000.000000000000000 ) ;
#8435 = ORIENTED_EDGE ( 'NONE', *, *, #3926, .F. ) ;
#8436 = CARTESIAN_POINT ( 'NONE',  ( 11.16000000000000192, 6.299999999999999822, 0.1283333333333329662 ) ) ;
#8437 = EDGE_CURVE ( 'NONE', #3209, #969, #5657, .T. ) ;
#8438 = FACE_OUTER_BOUND ( 'NONE', #2647, .T. ) ;
#8439 = DIRECTION ( 'NONE',  ( 1.000000000000000000, 0.000000000000000000, -3.310540984688563355E-17 ) ) ;
#8440 = EDGE_CURVE ( 'NONE', #5837, #4524, #7302, .T. ) ;
#8441 = CARTESIAN_POINT ( 'NONE',  ( 1.639306504786380403, 4.786369049942375220, 0.3499999999999998668 ) ) ;
#8442 = EDGE_LOOP ( 'NONE', ( #6681, #9069, #3239, #6295 ) ) ;
#8443 = CARTESIAN_POINT ( 'NONE',  ( 3.140000000000000568, 6.299999999999999822, -0.3500000000000000888 ) ) ;
#8444 = LINE ( 'NONE', #8397, #5220 ) ;
#8445 = PLANE ( 'NONE',  #4799 ) ;
#8446 = VERTEX_POINT ( 'NONE', #8620 ) ;
#8447 =( BOUNDED_CURVE ( )  B_SPLINE_CURVE ( 3, ( #5429, #7657, #6971, #3281, #962, #5378, #1558 ),
 .UNSPECIFIED., .F., .F. ) 
 B_SPLINE_CURVE_WITH_KNOTS ( ( 4, 3, 4 ),
 ( 0.8078321013870645162, 3.141592653589793116, 5.475353205792521827 ),
 .UNSPECIFIED. ) 
 CURVE ( )  GEOMETRIC_REPRESENTATION_ITEM ( )  RATIONAL_B_SPLINE_CURVE ( ( 1.000000000000000000, 0.5953481791230077480, 0.5953481791230077480, 1.000000000000000000, 0.5953481791230077480, 0.5953481791230077480, 1.000000000000000000 ) ) 
 REPRESENTATION_ITEM ( '' )  );
#8448 = EDGE_CURVE ( 'NONE', #4777, #5477, #4929, .T. ) ;
#8449 = SURFACE_SIDE_STYLE ('',( #6225 ) ) ;
#8450 = CARTESIAN_POINT ( 'NONE',  ( 0.7000000000000006217, 0.5000000000000006661, 0.3499999999999999778 ) ) ;
#8451 = EDGE_LOOP ( 'NONE', ( #5296, #8841, #1912, #5902 ) ) ;
#8452 = DIRECTION ( 'NONE',  ( 1.000000000000000000, 1.084202172485504434E-16, 0.000000000000000000 ) ) ;
#8453 = CARTESIAN_POINT ( 'NONE',  ( 11.63000000000000078, 0.000000000000000000, -0.6499999999999991340 ) ) ;
#8454 =( NAMED_UNIT ( * ) PLANE_ANGLE_UNIT ( ) SI_UNIT ( $, .RADIAN. ) );
#8455 = VERTEX_POINT ( 'NONE', #1205 ) ;
#8456 = ORIENTED_EDGE ( 'NONE', *, *, #5952, .T. ) ;
#8457 = CARTESIAN_POINT ( 'NONE',  ( 2.189999999999999947, 0.000000000000000000, 0.3499999999999999778 ) ) ;
#8458 = CARTESIAN_POINT ( 'NONE',  ( -1.469999999999999973, 0.000000000000000000, 1.199999999999999956 ) ) ;
#8459 = CARTESIAN_POINT ( 'NONE',  ( 7.470000000000000639, -3.000000000000000000, 0.3499999999999997002 ) ) ;
#8460 = FACE_OUTER_BOUND ( 'NONE', #6121, .T. ) ;
#8461 = SURFACE_SIDE_STYLE ('',( #5504 ) ) ;
#8462 = LINE ( 'NONE', #4972, #9638 ) ;
#8463 = EDGE_CURVE ( 'NONE', #1734, #5773, #7156, .T. ) ;
#8464 = VECTOR ( 'NONE', #6335, 1000.000000000000000 ) ;
#8465 = CARTESIAN_POINT ( 'NONE',  ( 4.580000000000001847, 6.299999999999999822, 0.3499999999999998113 ) ) ;
#8466 = VERTEX_POINT ( 'NONE', #2740 ) ;
#8467 = EDGE_CURVE ( 'NONE', #4840, #5611, #1244, .T. ) ;
#8468 = ORIENTED_EDGE ( 'NONE', *, *, #6152, .T. ) ;
#8469 = DIRECTION ( 'NONE',  ( -1.000000000000000000, -1.084202172485504434E-16, 0.000000000000000000 ) ) ;
#8470 = STYLED_ITEM ( 'NONE', ( #9681 ), #457 ) ;
#8471 = MECHANICAL_DESIGN_GEOMETRIC_PRESENTATION_REPRESENTATION (  '', ( #3815 ), #9264 ) ;
#8472 = CARTESIAN_POINT ( 'NONE',  ( 0.3525240155457787239, 5.732672356334978403, 0.3499999999999999778 ) ) ;
#8473 = CARTESIAN_POINT ( 'NONE',  ( 9.398779213129836663, 5.920464898423918321, 0.3499999999999996447 ) ) ;
#8474 = CARTESIAN_POINT ( 'NONE',  ( 8.306754932607761432, 6.500000000000000888, 0.3499999999999988676 ) ) ;
#8475 = STYLED_ITEM ( 'NONE', ( #621 ), #2044 ) ;
#8476 = DIRECTION ( 'NONE',  ( 0.000000000000000000, -0.000000000000000000, -1.000000000000000000 ) ) ;
#8477 = EDGE_CURVE ( 'NONE', #7188, #7380, #502, .T. ) ;
#8478 = CARTESIAN_POINT ( 'NONE',  ( 0.7741471366726996317, 5.851685420754297873, -0.3499999999999998668 ) ) ;
#8479 = ORIENTED_EDGE ( 'NONE', *, *, #1204, .T. ) ;
#8480 = EDGE_CURVE ( 'NONE', #6361, #2994, #2543, .T. ) ;
#8481 = EDGE_LOOP ( 'NONE', ( #5598, #3407, #2186, #4735 ) ) ;
#8482 = LINE ( 'NONE', #4792, #3102 ) ;
#8483 = VECTOR ( 'NONE', #805, 1000.000000000000000 ) ;
#8484 = SURFACE_STYLE_FILL_AREA ( #7703 ) ;
#8485 = PLANE ( 'NONE',  #3438 ) ;
#8486 = CARTESIAN_POINT ( 'NONE',  ( 0.3252558198818050195, 5.589454083063163381, 0.3499999999999999778 ) ) ;
#8487 = ORIENTED_EDGE ( 'NONE', *, *, #2672, .F. ) ;
#8488 = CARTESIAN_POINT ( 'NONE',  ( 3.323770569720394530, 5.796998266909027642, -0.3500000000000000888 ) ) ;
#8489 = DIRECTION ( 'NONE',  ( 1.000000000000000000, 1.084202172485504434E-16, 0.000000000000000000 ) ) ;
#8490 = CARTESIAN_POINT ( 'NONE',  ( 1.594482203325871206, 4.067306563708465106, -0.3500000000000000888 ) ) ;
#8491 = CIRCLE ( 'NONE', #59, 0.2999999999999999334 ) ;
#8492 =( LENGTH_UNIT ( ) NAMED_UNIT ( * ) SI_UNIT ( .MILLI., .METRE. ) );
#8493 = ORIENTED_EDGE ( 'NONE', *, *, #3806, .F. ) ;
#8494 = DIRECTION ( 'NONE',  ( 0.6546536707079770867, -0.3779644730092274196, -0.6546536707079770867 ) ) ;
#8495 =( LENGTH_UNIT ( ) NAMED_UNIT ( * ) SI_UNIT ( .MILLI., .METRE. ) );
#8496 = PLANE ( 'NONE',  #4704 ) ;
#8497 = VECTOR ( 'NONE', #7259, 1000.000000000000000 ) ;
#8498 = VERTEX_POINT ( 'NONE', #1051 ) ;
#8499 = CARTESIAN_POINT ( 'NONE',  ( 0.8696152422706630025, 8.500000000000000000, 0.8696152422706630025 ) ) ;
#8500 = FILL_AREA_STYLE_COLOUR ( '', #2779 ) ;
#8501 = EDGE_CURVE ( 'NONE', #8285, #9411, #1781, .T. ) ;
#8502 =( BOUNDED_CURVE ( )  B_SPLINE_CURVE ( 3, ( #1079, #334, #2680, #9437 ),
 .UNSPECIFIED., .F., .F. ) 
 B_SPLINE_CURVE_WITH_KNOTS ( ( 4, 4 ),
 ( 1.570796326794896336, 2.359101780428492390 ),
 .UNSPECIFIED. ) 
 CURVE ( )  GEOMETRIC_REPRESENTATION_ITEM ( )  RATIONAL_B_SPLINE_CURVE ( ( 1.000000000000000000, 0.9488815137910384667, 0.9488815137910384667, 1.000000000000000000 ) ) 
 REPRESENTATION_ITEM ( '' )  );
#8503 = CARTESIAN_POINT ( 'NONE',  ( -0.4999999999999985012, 6.299999999999999822, 0.3499999999999999778 ) ) ;
#8504 = ORIENTED_EDGE ( 'NONE', *, *, #6131, .F. ) ;
#8505 = COLOUR_RGB ( '',0.8313725490196077761, 0.6705882352941175961, 0.1294117647058823373 ) ;
#8506 = EDGE_CURVE ( 'NONE', #5708, #4840, #7014, .T. ) ;
#8507 = VERTEX_POINT ( 'NONE', #5562 ) ;
#8508 = CARTESIAN_POINT ( 'NONE',  ( 4.393245067392238745, 6.500000000000000888, -0.3500000000000010880 ) ) ;
#8509 = COLOUR_RGB ( '',0.8313725490196077761, 0.6705882352941175961, 0.1294117647058823373 ) ;
#8510 = FILL_AREA_STYLE ('',( #4769 ) ) ;
#8511 = FACE_OUTER_BOUND ( 'NONE', #4062, .T. ) ;
#8512 = CARTESIAN_POINT ( 'NONE',  ( 2.540000000000000036, 6.500000000000000888, -1.155688030012021264E-15 ) ) ;
#8513 = CARTESIAN_POINT ( 'NONE',  ( 11.16000000000000014, 6.500000000000000888, -0.3500000000000010880 ) ) ;
#8514 = DIRECTION ( 'NONE',  ( 0.000000000000000000, 1.000000000000000000, -1.668003342285391797E-16 ) ) ;
#8515 = VECTOR ( 'NONE', #8916, 1000.000000000000000 ) ;
#8516 = CARTESIAN_POINT ( 'NONE',  ( 4.080000000000000071, 6.500000000000000888, -0.3500000000000010880 ) ) ;
#8517 = FACE_OUTER_BOUND ( 'NONE', #6892, .T. ) ;
#8518 = ORIENTED_EDGE ( 'NONE', *, *, #5939, .T. ) ;
#8519 = CARTESIAN_POINT ( 'NONE',  ( 2.890000000000000124, 8.200000000000001066, -0.3500000000000000333 ) ) ;
#8520 = ORIENTED_EDGE ( 'NONE', *, *, #5406, .T. ) ;
#8521 = VECTOR ( 'NONE', #4694, 1000.000000000000000 ) ;
#8522 = VECTOR ( 'NONE', #5101, 1000.000000000000000 ) ;
#8523 = FACE_OUTER_BOUND ( 'NONE', #8442, .T. ) ;
#8524 =( NAMED_UNIT ( * ) PLANE_ANGLE_UNIT ( ) SI_UNIT ( $, .RADIAN. ) );
#8525 = SURFACE_STYLE_USAGE ( .BOTH. , #9267 ) ;
#8526 = DIRECTION ( 'NONE',  ( 1.000000000000000000, 0.000000000000000000, 0.000000000000000000 ) ) ;
#8527 = ADVANCED_FACE ( 'NONE', ( #8523 ), #5071, .T. ) ;
#8528 = CARTESIAN_POINT ( 'NONE',  ( 8.480164356702980299, 5.218128553112161505, -0.3500000000000003664 ) ) ;
#8529 = ORIENTED_EDGE ( 'NONE', *, *, #4383, .F. ) ;
#8530 = VECTOR ( 'NONE', #6297, 1000.000000000000000 ) ;
#8531 = EDGE_LOOP ( 'NONE', ( #9317, #3293, #3870, #4144 ) ) ;
#8532 = DIRECTION ( 'NONE',  ( -0.7071067811865474617, -0.7071067811865474617, -0.000000000000000000 ) ) ;
#8533 = FILL_AREA_STYLE_COLOUR ( '', #1211 ) ;
#8534 = LINE ( 'NONE', #9463, #9502 ) ;
#8535 = EDGE_LOOP ( 'NONE', ( #8963, #8922, #4661, #2384 ) ) ;
#8536 =( GEOMETRIC_REPRESENTATION_CONTEXT ( 3 ) GLOBAL_UNCERTAINTY_ASSIGNED_CONTEXT ( ( #5945 ) ) GLOBAL_UNIT_ASSIGNED_CONTEXT ( ( #4115, #7848, #1943 ) ) REPRESENTATION_CONTEXT ( 'NONE', 'WORKASPACE' ) );
#8537 = PRESENTATION_LAYER_ASSIGNMENT (  '', '', ( #6366 ) ) ;
#8538 = EDGE_CURVE ( 'NONE', #1897, #8364, #9654, .T. ) ;
#8539 = CARTESIAN_POINT ( 'NONE',  ( 3.325140250919767393, 5.788964205960195564, -0.3500000000000000888 ) ) ;
#8540 = COLOUR_RGB ( '',0.8313725490196077761, 0.6705882352941175961, 0.1294117647058823373 ) ;
#8541 = VECTOR ( 'NONE', #7882, 1000.000000000000000 ) ;
#8542 = CARTESIAN_POINT ( 'NONE',  ( 1.546881821040566152, 2.798202530627316609, -0.3500000000000000333 ) ) ;
#8543 = EDGE_CURVE ( 'NONE', #9225, #6629, #5852, .T. ) ;
#8544 = LINE ( 'NONE', #3532, #7649 ) ;
#8545 = VERTEX_POINT ( 'NONE', #6620 ) ;
#8546 = CARTESIAN_POINT ( 'NONE',  ( 9.473245067392239704, 6.500000000000000888, -0.6500000000000017986 ) ) ;
#8547 = PRESENTATION_STYLE_ASSIGNMENT (( #6989 ) ) ;
#8548 = STYLED_ITEM ( 'NONE', ( #4813 ), #7520 ) ;
#8549 = CARTESIAN_POINT ( 'NONE',  ( -0.6999999999999995115, 0.8000000000000004885, -0.3499999999999999778 ) ) ;
#8550 = DIRECTION ( 'NONE',  ( 0.000000000000000000, 0.000000000000000000, -1.000000000000000000 ) ) ;
#8551 = EDGE_LOOP ( 'NONE', ( #3604, #8117, #5332, #1197 ) ) ;
#8552 = EDGE_CURVE ( 'NONE', #4493, #6254, #8773, .T. ) ;
#8553 = SURFACE_STYLE_FILL_AREA ( #1077 ) ;
#8554 = FILL_AREA_STYLE_COLOUR ( '', #8685 ) ;
#8555 = VECTOR ( 'NONE', #4075, 1000.000000000000000 ) ;
#8556 = CARTESIAN_POINT ( 'NONE',  ( 5.432524015545779683, 5.732672356334978403, -0.3500000000000001443 ) ) ;
#8557 = CARTESIAN_POINT ( 'NONE',  ( 4.229360230209762150, 5.307482533055399188, 0.3499999999999997558 ) ) ;
#8558 = ORIENTED_EDGE ( 'NONE', *, *, #7548, .F. ) ;
#8559 = ORIENTED_EDGE ( 'NONE', *, *, #2487, .T. ) ;
#8560 =( NAMED_UNIT ( * ) SI_UNIT ( $, .STERADIAN. ) SOLID_ANGLE_UNIT ( ) );
#8561 = FILL_AREA_STYLE ('',( #9301 ) ) ;
#8562 = ADVANCED_FACE ( 'NONE', ( #7308 ), #2189, .T. ) ;
#8563 = ADVANCED_FACE ( 'NONE', ( #9460 ), #5755, .F. ) ;
#8564 = DIRECTION ( 'NONE',  ( 0.000000000000000000, 1.000000000000000000, -3.097720492815727166E-16 ) ) ;
#8565 = CARTESIAN_POINT ( 'NONE',  ( -1.000000000000000000, 6.500000000000000888, -0.3500000000000010880 ) ) ;
#8566 = CARTESIAN_POINT ( 'NONE',  ( 4.930000000000001492, -3.000000000000000000, -0.3500000000000001443 ) ) ;
#8567 = CARTESIAN_POINT ( 'NONE',  ( 9.160000000000001918, 0.8000000000000004885, 0.3499999999999996447 ) ) ;
#8568 = LINE ( 'NONE', #2780, #2619 ) ;
#8569 = FACE_OUTER_BOUND ( 'NONE', #7321, .T. ) ;
#8570 = ORIENTED_EDGE ( 'NONE', *, *, #7261, .T. ) ;
#8571 = PRESENTATION_STYLE_ASSIGNMENT (( #1098 ) ) ;
#8572 = ORIENTED_EDGE ( 'NONE', *, *, #9200, .F. ) ;
#8573 = ADVANCED_FACE ( 'NONE', ( #5025 ), #4291, .F. ) ;
#8574 = ADVANCED_FACE ( 'NONE', ( #7586 ), #947, .F. ) ;
#8575 = DIRECTION ( 'NONE',  ( 0.000000000000000000, 0.000000000000000000, -1.000000000000000000 ) ) ;
#8577 = CARTESIAN_POINT ( 'NONE',  ( 4.730000000000001315, 0.5000000000000005551, 0.3499999999999998113 ) ) ;
#8576 = STYLED_ITEM ( 'NONE', ( #7344 ), #8688 ) ;
#8578 =( NAMED_UNIT ( * ) PLANE_ANGLE_UNIT ( ) SI_UNIT ( $, .RADIAN. ) );
#8579 = CARTESIAN_POINT ( 'NONE',  ( 8.355042010446085854, 6.043840788194753344, -0.3500000000000002554 ) ) ;
#8580 = VERTEX_POINT ( 'NONE', #3900 ) ;
#8581 = UNCERTAINTY_MEASURE_WITH_UNIT (LENGTH_MEASURE( 1.000000000000000082E-05 ), #3254, 'distance_accuracy_value', 'NONE');
#8582 = B_SPLINE_CURVE_WITH_KNOTS ( 'NONE', 3,
 ( #4065, #6927, #3919, #7029, #3238, #7615, #9044, #8300, #3146, #9084, #2410, #6212, #3969, #7663, #5484, #274, #968, #9182, #2557, #2504, #8441, #3287, #7706, #1014, #4014, #5530, #1794, #7760, #320, #3529, #3382 ),
 .UNSPECIFIED., .F., .F.,
 ( 4, 1, 1, 1, 1, 1, 1, 2, 2, 1, 1, 1, 1, 2, 2, 1, 1, 1, 1, 1, 2, 2, 4 ),
 ( 0.000000000000000000, 0.06250000000001504352, 0.09375000000002228773, 0.1093750000000261041, 0.1171875000000280193, 0.1210937500000289907, 0.1230468750000294764, 0.1240234375000298789, 0.1250000000000302813, 0.1875000000000290323, 0.2187500000000284217, 0.2343750000000281164, 0.2421875000000279776, 0.2460937500000281442, 0.2500000000000283107, 0.3750000000000269229, 0.4375000000000262568, 0.4687500000000256462, 0.4843750000000253686, 0.4921875000000252021, 0.4960937500000253686, 0.5000000000000255351, 1.000000000000000000 ),
 .UNSPECIFIED. ) ;
#8583 = ORIENTED_EDGE ( 'NONE', *, *, #136, .F. ) ;
#8584 = DIRECTION ( 'NONE',  ( 0.7071067811865474617, 0.7071067811865474617, -0.000000000000000000 ) ) ;
#8585 = VECTOR ( 'NONE', #7002, 1000.000000000000000 ) ;
#8586 = CARTESIAN_POINT ( 'NONE',  ( 6.667276676835965254, 3.923639721076770837, -0.3500000000000001998 ) ) ;
#8587 = ORIENTED_EDGE ( 'NONE', *, *, #9682, .T. ) ;
#8588 = DIRECTION ( 'NONE',  ( 1.000000000000000000, 0.000000000000000000, 0.000000000000000000 ) ) ;
#8589 = CARTESIAN_POINT ( 'NONE',  ( 10.50999999999999979, 8.200000000000001066, 0.3499999999999999778 ) ) ;
#8590 = AXIS2_PLACEMENT_3D ( 'NONE', #4654, #6064, #4006 ) ;
#8591 = CARTESIAN_POINT ( 'NONE',  ( 7.945255819881804626, 5.589454083063165157, 0.3499999999999997002 ) ) ;
#8592 = CARTESIAN_POINT ( 'NONE',  ( 6.039999415201713795, 3.767448265748726044, 0.3499999999999998668 ) ) ;
#8593 = ORIENTED_EDGE ( 'NONE', *, *, #8480, .T. ) ;
#8594 = CARTESIAN_POINT ( 'NONE',  ( 11.16000000000000014, 6.500000000000000888, 0.3499999999999989231 ) ) ;
#8595 = CARTESIAN_POINT ( 'NONE',  ( -0.5999999999999996447, 6.299999999999999822, 0.1283333333333336046 ) ) ;
#8596 = VECTOR ( 'NONE', #926, 1000.000000000000000 ) ;
#8597 = CARTESIAN_POINT ( 'NONE',  ( 5.130000000000000782, 8.026794919243112503, -0.05000000000000002359 ) ) ;
#8598 = CARTESIAN_POINT ( 'NONE',  ( 9.160000000000001918, -1.121588454295348794E-16, 0.3499999999999996447 ) ) ;
#8599 = MECHANICAL_DESIGN_GEOMETRIC_PRESENTATION_REPRESENTATION (  '', ( #9148 ), #164 ) ;
#8600 = SURFACE_STYLE_FILL_AREA ( #282 ) ;
#8601 = ORIENTED_EDGE ( 'NONE', *, *, #6472, .F. ) ;
#8602 = LINE ( 'NONE', #2569, #8163 ) ;
#8603 =( NAMED_UNIT ( * ) PLANE_ANGLE_UNIT ( ) SI_UNIT ( $, .RADIAN. ) );
#8604 = CARTESIAN_POINT ( 'NONE',  ( 4.393245067392238745, 8.000000000000000000, 0.6500000000000000222 ) ) ;
#8605 = LINE ( 'NONE', #7185, #8105 ) ;
#8606 = ORIENTED_EDGE ( 'NONE', *, *, #789, .F. ) ;
#8607 = ORIENTED_EDGE ( 'NONE', *, *, #1683, .F. ) ;
#8608 = CARTESIAN_POINT ( 'NONE',  ( 5.430000000000000604, -2.800000000000001155, -0.3500000000000001443 ) ) ;
#8609 = EDGE_CURVE ( 'NONE', #3326, #5953, #3029, .T. ) ;
#8610 = EDGE_CURVE ( 'NONE', #9558, #692, #897, .T. ) ;
#8611 = DIRECTION ( 'NONE',  ( -0.5000000000000001110, -0.8660254037844385966, 0.000000000000000000 ) ) ;
#8612 = PLANE ( 'NONE',  #2363 ) ;
#8613 = LINE ( 'NONE', #6375, #8682 ) ;
#8614 = DIRECTION ( 'NONE',  ( -1.000000000000000000, -1.084202172485504434E-16, 0.000000000000000000 ) ) ;
#8615 = SURFACE_STYLE_USAGE ( .BOTH. , #6379 ) ;
#8616 = FACE_OUTER_BOUND ( 'NONE', #2437, .T. ) ;
#8617 = ORIENTED_EDGE ( 'NONE', *, *, #5967, .T. ) ;
#8618 = CARTESIAN_POINT ( 'NONE',  ( 0.6000000000000005329, 6.299999999999999822, 0.1166666666666665853 ) ) ;
#8619 = VERTEX_POINT ( 'NONE', #3841 ) ;
#8620 = CARTESIAN_POINT ( 'NONE',  ( 0.3500000000000009215, -2.800000000000001155, 0.3499999999999999778 ) ) ;
#8621 = CARTESIAN_POINT ( 'NONE',  ( 9.160000000000005471, 2.615493535618376164, 0.3499999999999997558 ) ) ;
#8622 = CARTESIAN_POINT ( 'NONE',  ( 1.853245067392238710, 6.500000000000000888, -0.3500000000000010880 ) ) ;
#8623 = DIRECTION ( 'NONE',  ( -0.000000000000000000, -3.097720492815727166E-16, -1.000000000000000000 ) ) ;
#8624 = ADVANCED_FACE ( 'NONE', ( #151 ), #8274, .F. ) ;
#8625 = EDGE_CURVE ( 'NONE', #5305, #9512, #6807, .T. ) ;
#8626 = CARTESIAN_POINT ( 'NONE',  ( 8.564695486956164672, 4.083092593512565038, -0.3500000000000002554 ) ) ;
#8627 = VERTEX_POINT ( 'NONE', #106 ) ;
#8628 = ORIENTED_EDGE ( 'NONE', *, *, #5981, .F. ) ;
#8629 = EDGE_CURVE ( 'NONE', #955, #8966, #5420, .T. ) ;
#8630 = LINE ( 'NONE', #7116, #1830 ) ;
#8631 = VECTOR ( 'NONE', #8705, 1000.000000000000000 ) ;
#8632 = DIRECTION ( 'NONE',  ( -0.000000000000000000, 1.000000000000000000, -0.000000000000000000 ) ) ;
#8633 = FILL_AREA_STYLE ('',( #1217 ) ) ;
#8634 = VERTEX_POINT ( 'NONE', #12 ) ;
#8635 = CARTESIAN_POINT ( 'NONE',  ( 3.140000000000000568, 6.299999999999999822, -0.3500000000000000888 ) ) ;
#8636 = CARTESIAN_POINT ( 'NONE',  ( 1.678424265108376723, 5.204467366490682423, -0.3499999999999999778 ) ) ;
#8637 = EDGE_CURVE ( 'NONE', #1917, #6651, #3356, .T. ) ;
#8638 = FILL_AREA_STYLE ('',( #9382 ) ) ;
#8639 = ORIENTED_EDGE ( 'NONE', *, *, #8262, .T. ) ;
#8640 = VECTOR ( 'NONE', #168, 1000.000000000000000 ) ;
#8641 = B_SPLINE_CURVE_WITH_KNOTS ( 'NONE', 3,
 ( #9456, #8618, #1930, #3559 ),
 .UNSPECIFIED., .F., .F.,
 ( 4, 4 ),
 ( 0.000000000000000000, 1.000000000000000000 ),
 .UNSPECIFIED. ) ;
#8642 = CARTESIAN_POINT ( 'NONE',  ( 0.000000000000000000, 0.000000000000000000, 0.000000000000000000 ) ) ;
#8643 = LINE ( 'NONE', #7673, #7948 ) ;
#8644 = VERTEX_POINT ( 'NONE', #3262 ) ;
#8645 = ADVANCED_FACE ( 'NONE', ( #7782 ), #4828, .F. ) ;
#8646 = CARTESIAN_POINT ( 'NONE',  ( -0.9999999999999995559, 1.800000000000000488, 0.3499999999999999778 ) ) ;
#8647 = PRESENTATION_STYLE_ASSIGNMENT (( #4225 ) ) ;
#8648 =( LENGTH_UNIT ( ) NAMED_UNIT ( * ) SI_UNIT ( .MILLI., .METRE. ) );
#8649 = CARTESIAN_POINT ( 'NONE',  ( 5.766754932607761397, 0.5000000000000000000, -0.6500000000000013545 ) ) ;
#8650 = VERTEX_POINT ( 'NONE', #244 ) ;
#8651 = EDGE_LOOP ( 'NONE', ( #5390, #5813, #8504, #7865 ) ) ;
#8652 = CARTESIAN_POINT ( 'NONE',  ( 4.080000000000000071, 0.5000000000000002220, 0.3499999999999998668 ) ) ;
#8653 = CIRCLE ( 'NONE', #1322, 0.2999999999999999334 ) ;
#8654 = CARTESIAN_POINT ( 'NONE',  ( 10.50999999999999979, 8.200000000000001066, 0.3499999999999999778 ) ) ;
#8655 = VECTOR ( 'NONE', #9355, 1000.000000000000000 ) ;
#8656 = LINE ( 'NONE', #6467, #6618 ) ;
#8657 = CARTESIAN_POINT ( 'NONE',  ( 2.890000000000001013, -2.800000000000001155, 0.3499999999999998668 ) ) ;
#8658 = DIRECTION ( 'NONE',  ( 1.000000000000000000, 0.000000000000000000, 0.000000000000000000 ) ) ;
#8659 = CARTESIAN_POINT ( 'NONE',  ( 1.853245067392238710, 10.39117142264903570, -0.6500000000000030198 ) ) ;
#8660 = MECHANICAL_DESIGN_GEOMETRIC_PRESENTATION_REPRESENTATION (  '', ( #3064 ), #6788 ) ;
#8661 = CARTESIAN_POINT ( 'NONE',  ( 2.865255819881805444, 5.589454083063163381, 0.3499999999999998668 ) ) ;
#8662 = ADVANCED_FACE ( 'NONE', ( #443 ), #7870, .F. ) ;
#8663 = ADVANCED_FACE ( 'NONE', ( #2690 ), #8612, .T. ) ;
#8664 = EDGE_CURVE ( 'NONE', #780, #5953, #3991, .T. ) ;
#8665 = VERTEX_POINT ( 'NONE', #3411 ) ;
#8666 = SURFACE_STYLE_USAGE ( .BOTH. , #4927 ) ;
#8667 = ORIENTED_EDGE ( 'NONE', *, *, #7510, .F. ) ;
#8668 = CARTESIAN_POINT ( 'NONE',  ( 6.620000000000000107, 6.500000000000000888, 0.3499999999999989231 ) ) ;
#8669 = CARTESIAN_POINT ( 'NONE',  ( 0.4999999999999985012, 6.084152315493285279, -0.3500000000000000333 ) ) ;
#8670 = PRESENTATION_STYLE_ASSIGNMENT (( #1208 ) ) ;
#8671 = LINE ( 'NONE', #2703, #5231 ) ;
#8672 = CARTESIAN_POINT ( 'NONE',  ( 3.226754932607761361, 10.39117142264903570, 0.3499999999999983125 ) ) ;
#8673 = VECTOR ( 'NONE', #9096, 1000.000000000000000 ) ;
#8674 = CARTESIAN_POINT ( 'NONE',  ( 8.220000000000000639, 6.299999999999999822, -0.3500000000000002554 ) ) ;
#8675 = EDGE_LOOP ( 'NONE', ( #1328, #548, #7529, #4940 ) ) ;
#8676 = VECTOR ( 'NONE', #5543, 1000.000000000000000 ) ;
#8677 = EDGE_LOOP ( 'NONE', ( #8099, #677, #9500, #1034, #3941, #439, #8717, #564 ) ) ;
#8678 = LINE ( 'NONE', #1257, #7297 ) ;
#8679 = AXIS2_PLACEMENT_3D ( 'NONE', #3170, #5356, #6043 ) ;
#8680 = DIRECTION ( 'NONE',  ( 1.000000000000000000, 0.000000000000000000, 0.000000000000000000 ) ) ;
#8681 = EDGE_CURVE ( 'NONE', #8343, #8901, #6374, .T. ) ;
#8682 = VECTOR ( 'NONE', #5503, 1000.000000000000000 ) ;
#8683 = ORIENTED_EDGE ( 'NONE', *, *, #2626, .T. ) ;
#8684 = VECTOR ( 'NONE', #3182, 1000.000000000000000 ) ;
#8685 = COLOUR_RGB ( '',0.8313725490196077761, 0.6705882352941175961, 0.1294117647058823373 ) ;
#8686 = DIRECTION ( 'NONE',  ( 0.000000000000000000, 0.000000000000000000, -1.000000000000000000 ) ) ;
#8687 = SURFACE_STYLE_USAGE ( .BOTH. , #9565 ) ;
#8688 = ADVANCED_FACE ( 'NONE', ( #1188 ), #2176, .T. ) ;
#8689 = CARTESIAN_POINT ( 'NONE',  ( 5.872485366313218158, 5.744802409713649638, 0.3499999999999998113 ) ) ;
#8690 = VERTEX_POINT ( 'NONE', #636 ) ;
#8691 = CARTESIAN_POINT ( 'NONE',  ( 10.84675493260776236, 6.500000000000000888, -0.6500000000000017986 ) ) ;
#8692 = DIRECTION ( 'NONE',  ( -0.000000000000000000, 1.000000000000000000, -0.000000000000000000 ) ) ;
#8693 =( NAMED_UNIT ( * ) PLANE_ANGLE_UNIT ( ) SI_UNIT ( $, .RADIAN. ) );
#8694 = CARTESIAN_POINT ( 'NONE',  ( 8.306754932607761432, 10.39117142264903570, 0.3499999999999983125 ) ) ;
#8695 = LINE ( 'NONE', #480, #2004 ) ;
#8696 = MECHANICAL_DESIGN_GEOMETRIC_PRESENTATION_REPRESENTATION (  '', ( #6984 ), #7912 ) ;
#8697 = ORIENTED_EDGE ( 'NONE', *, *, #8609, .F. ) ;
#8698 = CARTESIAN_POINT ( 'NONE',  ( -0.9435678341141723324, 4.104507585657485080, 0.3499999999999999778 ) ) ;
#8699 = CARTESIAN_POINT ( 'NONE',  ( -0.3500000000000000333, 8.200000000000001066, 0.3499999999999999778 ) ) ;
#8700 = CARTESIAN_POINT ( 'NONE',  ( 3.226754932607761361, 6.500000000000000888, -0.3500000000000010880 ) ) ;
#8701 = CARTESIAN_POINT ( 'NONE',  ( 5.430000000000000604, 8.000000000000000000, -0.3500000000000000333 ) ) ;
#8702 = VECTOR ( 'NONE', #5552, 1000.000000000000000 ) ;
#8703 = ORIENTED_EDGE ( 'NONE', *, *, #1341, .F. ) ;
#8704 = ORIENTED_EDGE ( 'NONE', *, *, #2687, .T. ) ;
#8705 = DIRECTION ( 'NONE',  ( -0.000000000000000000, -1.000000000000000000, 1.668003342285392044E-16 ) ) ;
#8706 = DIRECTION ( 'NONE',  ( -0.5000000000000001110, -0.8660254037844385966, 0.000000000000000000 ) ) ;
#8707 = LINE ( 'NONE', #5014, #2960 ) ;
#8708 = CARTESIAN_POINT ( 'NONE',  ( 3.540000000000000480, 0.8000000000000007105, 0.3499999999999998668 ) ) ;
#8709 =( BOUNDED_CURVE ( )  B_SPLINE_CURVE ( 3, ( #6128, #3933, #5986, #9091 ),
 .UNSPECIFIED., .F., .F. ) 
 B_SPLINE_CURVE_WITH_KNOTS ( ( 4, 4 ),
 ( 3.924083526751088957, 4.712388980384689674 ),
 .UNSPECIFIED. ) 
 CURVE ( )  GEOMETRIC_REPRESENTATION_ITEM ( )  RATIONAL_B_SPLINE_CURVE ( ( 1.000000000000000000, 0.9488815137910379116, 0.9488815137910379116, 1.000000000000000000 ) ) 
 REPRESENTATION_ITEM ( '' )  );
#8710 = DIRECTION ( 'NONE',  ( -1.000000000000000000, -1.084202172485504434E-16, 0.000000000000000000 ) ) ;
#8711 = CARTESIAN_POINT ( 'NONE',  ( 3.505000000000001226, -1.575000000000006173, 0.3499999999999998113 ) ) ;
#8712 =( GEOMETRIC_REPRESENTATION_CONTEXT ( 3 ) GLOBAL_UNCERTAINTY_ASSIGNED_CONTEXT ( ( #196 ) ) GLOBAL_UNIT_ASSIGNED_CONTEXT ( ( #5244, #1479, #6705 ) ) REPRESENTATION_CONTEXT ( 'NONE', 'WORKASPACE' ) );
#8713 = ADVANCED_FACE ( 'NONE', ( #2917 ), #8071, .F. ) ;
#8714 = DIRECTION ( 'NONE',  ( -1.000000000000000000, 0.000000000000000000, 0.000000000000000000 ) ) ;
#8715 = FILL_AREA_STYLE_COLOUR ( '', #5561 ) ;
#8716 = DIRECTION ( 'NONE',  ( -1.000000000000000000, -0.000000000000000000, -0.000000000000000000 ) ) ;
#8717 = ORIENTED_EDGE ( 'NONE', *, *, #7988, .T. ) ;
#8718 = CARTESIAN_POINT ( 'NONE',  ( 2.861845733883979559, 5.626229152235330488, -0.3500000000000000888 ) ) ;
#8719 = EDGE_LOOP ( 'NONE', ( #6301, #7534, #1408, #6454 ) ) ;
#8720 = CARTESIAN_POINT ( 'NONE',  ( 5.430000000000000604, 0.000000000000000000, 0.3499999999999999778 ) ) ;
#8721 = ADVANCED_FACE ( 'NONE', ( #7976, #492 ), #538, .T. ) ;
#8722 = CARTESIAN_POINT ( 'NONE',  ( 4.616643101092098078, 1.700000000000002620, -0.3500000000000001443 ) ) ;
#8723 = DIRECTION ( 'NONE',  ( 1.000000000000000000, -8.673617379884051249E-15, 0.000000000000000000 ) ) ;
#8724 = DIRECTION ( 'NONE',  ( -0.000000000000000000, 0.000000000000000000, 1.000000000000000000 ) ) ;
#8725 = DIRECTION ( 'NONE',  ( 0.000000000000000000, 0.000000000000000000, -1.000000000000000000 ) ) ;
#8726 = CARTESIAN_POINT ( 'NONE',  ( 10.01000000000000156, -3.000000000000000000, -0.3500000000000003109 ) ) ;
#8727 = CARTESIAN_POINT ( 'NONE',  ( -0.6999999999999995115, 0.8000000000000004885, 0.3499999999999999778 ) ) ;
#8728 = CARTESIAN_POINT ( 'NONE',  ( 0.8001678768757670701, 5.699693040755679618, -0.3500000000000000333 ) ) ;
#8729 = ORIENTED_EDGE ( 'NONE', *, *, #6092, .T. ) ;
#8730 = ORIENTED_EDGE ( 'NONE', *, *, #4466, .F. ) ;
#8731 = ADVANCED_FACE ( 'NONE', ( #5796 ), #6518, .F. ) ;
#8732 = DIRECTION ( 'NONE',  ( 0.000000000000000000, 1.668003342285388099E-16, 1.000000000000000000 ) ) ;
#8733 =( GEOMETRIC_REPRESENTATION_CONTEXT ( 3 ) GLOBAL_UNCERTAINTY_ASSIGNED_CONTEXT ( ( #6648 ) ) GLOBAL_UNIT_ASSIGNED_CONTEXT ( ( #2970, #4437, #3645 ) ) REPRESENTATION_CONTEXT ( 'NONE', 'WORKASPACE' ) );
#8734 = SURFACE_STYLE_FILL_AREA ( #8633 ) ;
#8735 = ORIENTED_EDGE ( 'NONE', *, *, #1062, .T. ) ;
#8736 = DIRECTION ( 'NONE',  ( 0.000000000000000000, 0.000000000000000000, -1.000000000000000000 ) ) ;
#8737 = CARTESIAN_POINT ( 'NONE',  ( 5.942626047459931726, 5.194217234910147418, 0.3499999999999998113 ) ) ;
#8738 = EDGE_CURVE ( 'NONE', #222, #8433, #1248, .T. ) ;
#8739 = VERTEX_POINT ( 'NONE', #8708 ) ;
#8740 = PRESENTATION_LAYER_ASSIGNMENT (  '', '', ( #2033 ) ) ;
#8741 = ADVANCED_FACE ( 'NONE', ( #2119 ), #2329, .F. ) ;
#8742 = FILL_AREA_STYLE_COLOUR ( '', #5274 ) ;
#8743 = CARTESIAN_POINT ( 'NONE',  ( 5.432524015545779683, 5.732672356334978403, -0.3500000000000001443 ) ) ;
#8744 = EDGE_CURVE ( 'NONE', #3583, #2416, #4859, .T. ) ;
#8745 = CARTESIAN_POINT ( 'NONE',  ( 1.000000000000000000, 2.207665535523691158, 0.3499999999999999223 ) ) ;
#8746 = DIRECTION ( 'NONE',  ( 0.7071067811865489050, -0.7071067811865460184, 0.000000000000000000 ) ) ;
#8748 = ORIENTED_EDGE ( 'NONE', *, *, #6345, .T. ) ;
#8747 = MECHANICAL_DESIGN_GEOMETRIC_PRESENTATION_REPRESENTATION (  '', ( #4240 ), #7971 ) ;
#8749 = EDGE_CURVE ( 'NONE', #5942, #4996, #971, .T. ) ;
#8750 =( GEOMETRIC_REPRESENTATION_CONTEXT ( 3 ) GLOBAL_UNCERTAINTY_ASSIGNED_CONTEXT ( ( #7397 ) ) GLOBAL_UNIT_ASSIGNED_CONTEXT ( ( #8495, #6223, #1805 ) ) REPRESENTATION_CONTEXT ( 'NONE', 'WORKASPACE' ) );
#8751 = FACE_OUTER_BOUND ( 'NONE', #7418, .T. ) ;
#8752 = FACE_OUTER_BOUND ( 'NONE', #6604, .T. ) ;
#8753 = CARTESIAN_POINT ( 'NONE',  ( 10.01000000000000156, -3.000000000000000000, -0.3500000000000003109 ) ) ;
#8754 = VERTEX_POINT ( 'NONE', #6793 ) ;
#8755 = UNCERTAINTY_MEASURE_WITH_UNIT (LENGTH_MEASURE( 1.000000000000000082E-05 ), #271, 'distance_accuracy_value', 'NONE');
#8756 = STYLED_ITEM ( 'NONE', ( #2021 ), #4224 ) ;
#8757 = ORIENTED_EDGE ( 'NONE', *, *, #6152, .F. ) ;
#8758 = CARTESIAN_POINT ( 'NONE',  ( 10.16000000000000014, 0.5000000000000005551, 0.3499999999999996447 ) ) ;
#8759 = DIRECTION ( 'NONE',  ( 1.000000000000000000, 0.000000000000000000, 0.000000000000000000 ) ) ;
#8760 = EDGE_CURVE ( 'NONE', #7103, #4511, #3014, .T. ) ;
#8761 = CARTESIAN_POINT ( 'NONE',  ( -0.3499999999999992006, -1.084202172485501815E-17, 0.3499999999999999778 ) ) ;
#8762 =( NAMED_UNIT ( * ) SI_UNIT ( $, .STERADIAN. ) SOLID_ANGLE_UNIT ( ) );
#8763 = DIRECTION ( 'NONE',  ( 0.7071067811865489050, -0.7071067811865460184, 0.000000000000000000 ) ) ;
#8764 = SURFACE_SIDE_STYLE ('',( #540 ) ) ;
#8765 = FILL_AREA_STYLE ('',( #2831 ) ) ;
#8766 = FILL_AREA_STYLE_COLOUR ( '', #6792 ) ;
#8767 = DIRECTION ( 'NONE',  ( 1.000000000000000000, -0.000000000000000000, 0.000000000000000000 ) ) ;
#8768 = ADVANCED_FACE ( 'NONE', ( #2376 ), #8308, .F. ) ;
#8769 = ORIENTED_EDGE ( 'NONE', *, *, #1075, .T. ) ;
#8770 = LINE ( 'NONE', #7200, #3164 ) ;
#8771 = ORIENTED_EDGE ( 'NONE', *, *, #3095, .T. ) ;
#8772 =( BOUNDED_CURVE ( )  B_SPLINE_CURVE ( 3, ( #8853, #2107, #7372, #5234 ),
 .UNSPECIFIED., .F., .F. ) 
 B_SPLINE_CURVE_WITH_KNOTS ( ( 4, 4 ),
 ( 1.570796326794896336, 2.359101780428492390 ),
 .UNSPECIFIED. ) 
 CURVE ( )  GEOMETRIC_REPRESENTATION_ITEM ( )  RATIONAL_B_SPLINE_CURVE ( ( 1.000000000000000000, 0.9488815137910384667, 0.9488815137910384667, 1.000000000000000000 ) ) 
 REPRESENTATION_ITEM ( '' )  );
#8773 = LINE ( 'NONE', #4344, #398 ) ;
#8774 = CARTESIAN_POINT ( 'NONE',  ( 4.754744180118195551, 5.589454083063165157, 0.3499999999999998113 ) ) ;
#8775 = CARTESIAN_POINT ( 'NONE',  ( 9.372463891615426590, 5.774771377977409692, -0.3500000000000004219 ) ) ;
#8776 = LINE ( 'NONE', #2084, #8464 ) ;
#8777 = PLANE ( 'NONE',  #3528 ) ;
#8778 = SURFACE_STYLE_USAGE ( .BOTH. , #1210 ) ;
#8779 = ADVANCED_FACE ( 'NONE', ( #832 ), #42, .F. ) ;
#8780 = CARTESIAN_POINT ( 'NONE',  ( 5.780000000000001137, 0.5000000000000006661, -0.3500000000000001443 ) ) ;
#8781 = ORIENTED_EDGE ( 'NONE', *, *, #1755, .F. ) ;
#8782 = ORIENTED_EDGE ( 'NONE', *, *, #4605, .F. ) ;
#8783 = DIRECTION ( 'NONE',  ( -0.7071067811865474617, -0.7071067811865474617, -0.000000000000000000 ) ) ;
#8784 = VECTOR ( 'NONE', #307, 1000.000000000000000 ) ;
#8785 = CARTESIAN_POINT ( 'NONE',  ( 6.731150453949025447, 4.917640708295714980, -0.3500000000000002554 ) ) ;
#8786 = LINE ( 'NONE', #2095, #9635 ) ;
#8787 = ORIENTED_EDGE ( 'NONE', *, *, #6492, .T. ) ;
#8788 = DIRECTION ( 'NONE',  ( -0.000000000000000000, -0.000000000000000000, -1.000000000000000000 ) ) ;
#8789 = FACE_OUTER_BOUND ( 'NONE', #4714, .T. ) ;
#8790 = MECHANICAL_DESIGN_GEOMETRIC_PRESENTATION_REPRESENTATION (  '', ( #5874 ), #404 ) ;
#8791 = ADVANCED_FACE ( 'NONE', ( #6844 ), #735, .F. ) ;
#8792 = PRESENTATION_LAYER_ASSIGNMENT (  '', '', ( #1762 ) ) ;
#8793 = EDGE_CURVE ( 'NONE', #2951, #2316, #8709, .T. ) ;
#8794 = PLANE ( 'NONE',  #9220 ) ;
#8795 = EDGE_LOOP ( 'NONE', ( #7090, #9454, #3876, #5121, #4426, #5022, #5675, #9199, #1007, #2089, #1423, #4701, #3939, #9428, #8907, #5251, #3469, #9122, #7774, #1980, #3516 ) ) ;
#8796 = VECTOR ( 'NONE', #9492, 1000.000000000000000 ) ;
#8797 = DIRECTION ( 'NONE',  ( 1.000000000000000000, 0.000000000000000000, 0.000000000000000000 ) ) ;
#8798 = LINE ( 'NONE', #1372, #472 ) ;
#8799 = FACE_OUTER_BOUND ( 'NONE', #1575, .T. ) ;
#8800 =( LENGTH_UNIT ( ) NAMED_UNIT ( * ) SI_UNIT ( .MILLI., .METRE. ) );
#8801 = PRESENTATION_LAYER_ASSIGNMENT (  '', '', ( #3352 ) ) ;
#8802 = CARTESIAN_POINT ( 'NONE',  ( 9.160000000000001918, -1.121588454295348794E-16, 0.3499999999999996447 ) ) ;
#8803 = ORIENTED_EDGE ( 'NONE', *, *, #5918, .F. ) ;
#8804 = UNCERTAINTY_MEASURE_WITH_UNIT (LENGTH_MEASURE( 1.000000000000000082E-05 ), #2521, 'distance_accuracy_value', 'NONE');
#8805 = CARTESIAN_POINT ( 'NONE',  ( -0.9240581407173188433, 4.443591676418677139, 0.3500000000000000333 ) ) ;
#8806 = UNCERTAINTY_MEASURE_WITH_UNIT (LENGTH_MEASURE( 1.000000000000000082E-05 ), #4025, 'distance_accuracy_value', 'NONE');
#8807 = LINE ( 'NONE', #727, #8522 ) ;
#8808 = CARTESIAN_POINT ( 'NONE',  ( 8.620000000000000995, 1.800000000000000488, -0.1283333333333337434 ) ) ;
#8809 = MECHANICAL_DESIGN_GEOMETRIC_PRESENTATION_REPRESENTATION (  '', ( #8475 ), #1767 ) ;
#8810 = SURFACE_STYLE_USAGE ( .BOTH. , #729 ) ;
#8811 = EDGE_LOOP ( 'NONE', ( #9055, #6802, #9346, #4873, #2797, #8249, #759, #6573, #4545, #6590, #7248, #4508, #3674, #6135, #2928, #8204, #8240, #1344, #6685, #1795, #4266 ) ) ;
#8812 = VERTEX_POINT ( 'NONE', #3744 ) ;
#8813 = CARTESIAN_POINT ( 'NONE',  ( 0.4633568989079006606, 1.699999999999997957, -0.3499999999999999778 ) ) ;
#8814 = LINE ( 'NONE', #8652, #3299 ) ;
#8815 = CARTESIAN_POINT ( 'NONE',  ( 4.558154266116019926, 5.626229152235333153, -0.3500000000000001443 ) ) ;
#8816 = CARTESIAN_POINT ( 'NONE',  ( 3.140000000000000568, 6.299999999999999822, 0.3849999999999998423 ) ) ;
#8817 = EDGE_CURVE ( 'NONE', #125, #669, #3157, .T. ) ;
#8818 = LINE ( 'NONE', #638, #1527 ) ;
#8819 = CARTESIAN_POINT ( 'NONE',  ( 5.680000000000000604, 6.299999999999999822, 0.1166666666666664187 ) ) ;
#8820 = PLANE ( 'NONE',  #7566 ) ;
#8821 = ORIENTED_EDGE ( 'NONE', *, *, #8681, .F. ) ;
#8822 = VERTEX_POINT ( 'NONE', #3788 ) ;
#8823 = SURFACE_SIDE_STYLE ('',( #5849 ) ) ;
#8824 = ORIENTED_EDGE ( 'NONE', *, *, #1343, .T. ) ;
#8825 = SURFACE_STYLE_FILL_AREA ( #694 ) ;
#8826 = DIRECTION ( 'NONE',  ( 1.000000000000000000, 0.000000000000000000, 0.000000000000000000 ) ) ;
#8827 = CARTESIAN_POINT ( 'NONE',  ( 9.186953799075551430, 3.450480068928324595, -0.3500000000000003109 ) ) ;
#8828 = VECTOR ( 'NONE', #9368, 1000.000000000000000 ) ;
#8829 = DIRECTION ( 'NONE',  ( 0.000000000000000000, 1.000000000000000000, -3.097720492815727166E-16 ) ) ;
#8830 = DIRECTION ( 'NONE',  ( -7.744301232039316681E-17, 0.000000000000000000, -1.000000000000000000 ) ) ;
#8831 = CARTESIAN_POINT ( 'NONE',  ( 7.020000000000000462, 6.299999999999999822, -0.3850000000000001199 ) ) ;
#8832 =( BOUNDED_CURVE ( )  B_SPLINE_CURVE ( 3, ( #3334, #6259, #5383, #2453 ),
 .UNSPECIFIED., .F., .F. ) 
 B_SPLINE_CURVE_WITH_KNOTS ( ( 4, 4 ),
 ( 3.924083526751089845, 4.712388980384689674 ),
 .UNSPECIFIED. ) 
 CURVE ( )  GEOMETRIC_REPRESENTATION_ITEM ( )  RATIONAL_B_SPLINE_CURVE ( ( 1.000000000000000000, 0.9488815137910379116, 0.9488815137910379116, 1.000000000000000000 ) ) 
 REPRESENTATION_ITEM ( '' )  );
#8833 = CARTESIAN_POINT ( 'NONE',  ( 5.080000000000000071, -3.000000000000000000, 0.3499999999999998113 ) ) ;
#8834 = ORIENTED_EDGE ( 'NONE', *, *, #5337, .F. ) ;
#8835 = AXIS2_PLACEMENT_3D ( 'NONE', #8959, #8222, #1537 ) ;
#8836 = PRESENTATION_LAYER_ASSIGNMENT (  '', '', ( #5874 ) ) ;
#8837 = ORIENTED_EDGE ( 'NONE', *, *, #1689, .F. ) ;
#8838 = COLOUR_RGB ( '',0.8313725490196077761, 0.6705882352941175961, 0.1294117647058823373 ) ;
#8839 = CARTESIAN_POINT ( 'NONE',  ( 6.705291895435266269, 4.597665842577886686, -0.3500000000000001998 ) ) ;
#8840 = CARTESIAN_POINT ( 'NONE',  ( 5.080000000000000071, 0.5000000000000005551, 0.3499999999999998113 ) ) ;
#8841 = ORIENTED_EDGE ( 'NONE', *, *, #2106, .T. ) ;
#8842 = LINE ( 'NONE', #9425, #1621 ) ;
#8843 = VECTOR ( 'NONE', #1760, 1000.000000000000000 ) ;
#8844 = EDGE_CURVE ( 'NONE', #6629, #146, #8214, .T. ) ;
#8845 = VECTOR ( 'NONE', #8107, 1000.000000000000000 ) ;
#8846 = DIRECTION ( 'NONE',  ( -0.000000000000000000, -0.000000000000000000, -1.000000000000000000 ) ) ;
#8847 = ORIENTED_EDGE ( 'NONE', *, *, #7249, .T. ) ;
#8848 = PRESENTATION_LAYER_ASSIGNMENT (  '', '', ( #85 ) ) ;
#8849 = EDGE_CURVE ( 'NONE', #431, #1488, #1528, .T. ) ;
#8850 = DIRECTION ( 'NONE',  ( 1.121588454295349533E-16, -1.000000000000000000, 0.000000000000000000 ) ) ;
#8851 = DIRECTION ( 'NONE',  ( 0.000000000000000000, 0.000000000000000000, -1.000000000000000000 ) ) ;
#8852 = MECHANICAL_DESIGN_GEOMETRIC_PRESENTATION_REPRESENTATION (  '', ( #1202 ), #2311 ) ;
#8853 = CARTESIAN_POINT ( 'NONE',  ( 2.040000000000001812, 6.299999999999999822, -0.3500000000000000888 ) ) ;
#8854 = MECHANICAL_DESIGN_GEOMETRIC_PRESENTATION_REPRESENTATION (  '', ( #6503 ), #7282 ) ;
#8855 = EDGE_LOOP ( 'NONE', ( #5131, #8974, #2787, #8363, #426, #5966, #8910, #9244, #3835, #2112, #3512, #8730 ) ) ;
#8856 = STYLED_ITEM ( 'NONE', ( #4267 ), #6363 ) ;
#8857 = DIRECTION ( 'NONE',  ( -1.000000000000000000, 0.000000000000000000, 0.000000000000000000 ) ) ;
#8858 = EDGE_CURVE ( 'NONE', #1076, #2505, #6406, .T. ) ;
#8859 = CARTESIAN_POINT ( 'NONE',  ( -0.9488971023511124647, 4.001162287970069897, -0.3499999999999999778 ) ) ;
#8860 = LINE ( 'NONE', #5198, #6706 ) ;
#8861 = VERTEX_POINT ( 'NONE', #328 ) ;
#8862 = ORIENTED_EDGE ( 'NONE', *, *, #4800, .F. ) ;
#8863 = CARTESIAN_POINT ( 'NONE',  ( 4.580000000000001847, 6.299999999999999822, 0.3499999999999998113 ) ) ;
#8864 = DIRECTION ( 'NONE',  ( -1.000000000000000000, -0.000000000000000000, -0.000000000000000000 ) ) ;
#8865 = VECTOR ( 'NONE', #5381, 1000.000000000000000 ) ;
#8866 = VECTOR ( 'NONE', #594, 1000.000000000000114 ) ;
#8867 = EDGE_CURVE ( 'NONE', #9038, #9557, #5633, .T. ) ;
#8868 = LINE ( 'NONE', #6519, #204 ) ;
#8869 = LINE ( 'NONE', #5159, #7449 ) ;
#8870 = CARTESIAN_POINT ( 'NONE',  ( 10.99145340008423588, 5.476966929918535065, 0.3499999999999996447 ) ) ;
#8871 = AXIS2_PLACEMENT_3D ( 'NONE', #6166, #1746, #875 ) ;
#8872 = UNCERTAINTY_MEASURE_WITH_UNIT (LENGTH_MEASURE( 1.000000000000000082E-05 ), #9624, 'distance_accuracy_value', 'NONE');
#8873 = LINE ( 'NONE', #9009, #7273 ) ;
#8874 = VECTOR ( 'NONE', #5320, 1000.000000000000000 ) ;
#8875 = CARTESIAN_POINT ( 'NONE',  ( 7.970000000000001528, 0.5000000000000005551, -0.3500000000000002554 ) ) ;
#8876 = ORIENTED_EDGE ( 'NONE', *, *, #5630, .F. ) ;
#8877 = ORIENTED_EDGE ( 'NONE', *, *, #491, .T. ) ;
#8878 = ADVANCED_FACE ( 'NONE', ( #3394 ), #7770, .F. ) ;
#8879 = CARTESIAN_POINT ( 'NONE',  ( 6.080000000000000959, 1.800000000000000488, 0.1166666666666664187 ) ) ;
#8880 = ORIENTED_EDGE ( 'NONE', *, *, #7383, .F. ) ;
#8881 = PRESENTATION_LAYER_ASSIGNMENT (  '', '', ( #8548 ) ) ;
#8882 = PRODUCT_DEFINITION_CONTEXT ( 'detailed design', #8884, 'design' ) ;
#8883 = CARTESIAN_POINT ( 'NONE',  ( -1.000000000000000000, 0.5000000000000002220, 0.3499999999999998668 ) ) ;
#8884 = APPLICATION_CONTEXT ( 'automotive_design' ) ;
#8885 = CARTESIAN_POINT ( 'NONE',  ( 9.493733788849080923, 6.298959448224835000, -0.3500000000000002554 ) ) ;
#8886 = DIRECTION ( 'NONE',  ( 0.000000000000000000, 0.000000000000000000, -1.000000000000000000 ) ) ;
#8887 = CARTESIAN_POINT ( 'NONE',  ( 0.6867549326077613259, 10.39117142264903570, 0.3499999999999983125 ) ) ;
#8888 = PLANE ( 'NONE',  #8344 ) ;
#8889 = CARTESIAN_POINT ( 'NONE',  ( 2.040000000000001812, 6.299999999999999822, -0.3500000000000000888 ) ) ;
#8890 = ORIENTED_EDGE ( 'NONE', *, *, #78, .T. ) ;
#8891 = EDGE_CURVE ( 'NONE', #2007, #6561, #2992, .T. ) ;
#8892 = ORIENTED_EDGE ( 'NONE', *, *, #6251, .T. ) ;
#8893 = B_SPLINE_CURVE_WITH_KNOTS ( 'NONE', 3,
 ( #7753, #1938, #6486, #9468, #1787, #8478, #2088, #5078, #5764, #8034, #4351, #8728, #653, #2198, #3619, #9663, #6583, #5177, #2845, #5812, #563, #1407, #2890, #9604, #8142, #1358, #2038, #7403, #7316, #5858, #1453 ),
 .UNSPECIFIED., .F., .F.,
 ( 4, 1, 1, 1, 1, 1, 1, 2, 2, 1, 1, 1, 1, 2, 2, 1, 1, 1, 1, 1, 2, 2, 4 ),
 ( 0.000000000000000000, 0.06250000000001669498, 0.09375000000002534084, 0.1093750000000298511, 0.1171875000000321132, 0.1210937500000334038, 0.1230468750000340422, 0.1240234375000343753, 0.1250000000000346945, 0.1875000000000348610, 0.2187500000000352496, 0.2343750000000354439, 0.2421875000000355271, 0.2460937500000355549, 0.2500000000000355826, 0.3750000000000332512, 0.4375000000000323630, 0.4687500000000319744, 0.4843750000000320299, 0.4921875000000320299, 0.4960937500000318079, 0.5000000000000315303, 1.000000000000000000 ),
 .UNSPECIFIED. ) ;
#8894 =( LENGTH_UNIT ( ) NAMED_UNIT ( * ) SI_UNIT ( .MILLI., .METRE. ) );
#8895 = CARTESIAN_POINT ( 'NONE',  ( 10.84675493260776236, 8.000000000000000000, -0.6500000000000025757 ) ) ;
#8896 = PLANE ( 'NONE',  #576 ) ;
#8897 = ORIENTED_EDGE ( 'NONE', *, *, #5197, .T. ) ;
#8898 =( NAMED_UNIT ( * ) SI_UNIT ( $, .STERADIAN. ) SOLID_ANGLE_UNIT ( ) );
#8899 = CARTESIAN_POINT ( 'NONE',  ( 3.226754932607765358, 0.5000000000000002220, 0.6500000000000010214 ) ) ;
#8900 = SURFACE_SIDE_STYLE ('',( #7274 ) ) ;
#8901 = VERTEX_POINT ( 'NONE', #9192 ) ;
#8902 = ADVANCED_FACE ( 'NONE', ( #1951 ), #8496, .F. ) ;
#8903 = EDGE_CURVE ( 'NONE', #5203, #8580, #2617, .T. ) ;
#8904 = CARTESIAN_POINT ( 'NONE',  ( 10.51000000000000156, 0.5000000000000005551, 0.3499999999999996447 ) ) ;
#8905 = FACE_OUTER_BOUND ( 'NONE', #3283, .T. ) ;
#8906 = SURFACE_STYLE_USAGE ( .BOTH. , #4373 ) ;
#8907 = ORIENTED_EDGE ( 'NONE', *, *, #4683, .T. ) ;
#8908 = CARTESIAN_POINT ( 'NONE',  ( -0.7285020522888950856, 6.125528511109508578, -0.3499999999999999778 ) ) ;
#8909 = VECTOR ( 'NONE', #2565, 1000.000000000000000 ) ;
#8910 = ORIENTED_EDGE ( 'NONE', *, *, #4989, .F. ) ;
#8911 = DIRECTION ( 'NONE',  ( 1.000000000000000000, 0.000000000000000000, 0.000000000000000000 ) ) ;
#8912 = CARTESIAN_POINT ( 'NONE',  ( 11.16000000000000192, 1.800000000000000488, 0.1166666666666662522 ) ) ;
#8913 = VECTOR ( 'NONE', #9493, 1000.000000000000000 ) ;
#8914 = ORIENTED_EDGE ( 'NONE', *, *, #1717, .F. ) ;
#8915 =( NAMED_UNIT ( * ) PLANE_ANGLE_UNIT ( ) SI_UNIT ( $, .RADIAN. ) );
#8916 = DIRECTION ( 'NONE',  ( -1.000000000000000000, -0.000000000000000000, -0.000000000000000000 ) ) ;
#8917 = STYLED_ITEM ( 'NONE', ( #8984 ), #3861 ) ;
#8918 = LINE ( 'NONE', #49, #6645 ) ;
#8919 = ORIENTED_EDGE ( 'NONE', *, *, #6195, .F. ) ;
#8920 = VERTEX_POINT ( 'NONE', #1861 ) ;
#8921 =( NAMED_UNIT ( * ) PLANE_ANGLE_UNIT ( ) SI_UNIT ( $, .RADIAN. ) );
#8922 = ORIENTED_EDGE ( 'NONE', *, *, #2905, .F. ) ;
#8923 = VECTOR ( 'NONE', #4801, 1000.000000000000000 ) ;
#8924 = CARTESIAN_POINT ( 'NONE',  ( 9.213913198591400899, 4.056300144720210277, -0.3500000000000003109 ) ) ;
#8925 = COLOUR_RGB ( '',0.8313725490196077761, 0.6705882352941175961, 0.1294117647058823373 ) ;
#8926 = CARTESIAN_POINT ( 'NONE',  ( 1.000000000000000444, 1.800000000000000488, -0.3499999999999999778 ) ) ;
#8927 = FACE_OUTER_BOUND ( 'NONE', #87, .T. ) ;
#8928 =( NAMED_UNIT ( * ) PLANE_ANGLE_UNIT ( ) SI_UNIT ( $, .RADIAN. ) );
#8929 = PRESENTATION_STYLE_ASSIGNMENT (( #7992 ) ) ;
#8930 = VERTEX_POINT ( 'NONE', #429 ) ;
#8931 = DIRECTION ( 'NONE',  ( -0.6546536707079770867, 0.3779644730092274196, -0.6546536707079770867 ) ) ;
#8932 = ORIENTED_EDGE ( 'NONE', *, *, #7043, .F. ) ;
#8933 = DIRECTION ( 'NONE',  ( -1.000000000000000000, 0.000000000000000000, 7.744301232039316681E-17 ) ) ;
#8934 = ORIENTED_EDGE ( 'NONE', *, *, #9690, .T. ) ;
#8935 = ADVANCED_FACE ( 'NONE', ( #7813 ), #6991, .F. ) ;
#8936 = PRESENTATION_STYLE_ASSIGNMENT (( #2300 ) ) ;
#8937 = EDGE_CURVE ( 'NONE', #6651, #9457, #4127, .T. ) ;
#8938 = CARTESIAN_POINT ( 'NONE',  ( 8.119999999999999218, 6.299999999999999822, -0.3500000000000002554 ) ) ;
#8939 = ORIENTED_EDGE ( 'NONE', *, *, #5905, .F. ) ;
#8940 =( LENGTH_UNIT ( ) NAMED_UNIT ( * ) SI_UNIT ( .MILLI., .METRE. ) );
#8941 = CARTESIAN_POINT ( 'NONE',  ( 8.306754932607761432, 10.39117142264903570, -0.6500000000000030198 ) ) ;
#8942 = CARTESIAN_POINT ( 'NONE',  ( 0.000000000000000000, 6.299999999999999822, 0.3499999999999999778 ) ) ;
#8943 =( GEOMETRIC_REPRESENTATION_CONTEXT ( 3 ) GLOBAL_UNCERTAINTY_ASSIGNED_CONTEXT ( ( #3694 ) ) GLOBAL_UNIT_ASSIGNED_CONTEXT ( ( #7984, #2789, #2837 ) ) REPRESENTATION_CONTEXT ( 'NONE', 'WORKASPACE' ) );
#8944 = DIRECTION ( 'NONE',  ( -0.000000000000000000, 0.000000000000000000, 1.000000000000000000 ) ) ;
#8945 = ORIENTED_EDGE ( 'NONE', *, *, #1392, .T. ) ;
#8946 = SURFACE_SIDE_STYLE ('',( #6072 ) ) ;
#8947 = VECTOR ( 'NONE', #7986, 1000.000000000000000 ) ;
#8948 = CARTESIAN_POINT ( 'NONE',  ( -0.9999999999999993339, -1.121588454295348794E-16, -0.3499999999999999778 ) ) ;
#8949 = DIRECTION ( 'NONE',  ( 0.6546536707079770867, -0.3779644730092274196, -0.6546536707079770867 ) ) ;
#8950 = ORIENTED_EDGE ( 'NONE', *, *, #95, .F. ) ;
#8951 = SURFACE_SIDE_STYLE ('',( #2271 ) ) ;
#8952 = VECTOR ( 'NONE', #5640, 1000.000000000000000 ) ;
#8953 = DIRECTION ( 'NONE',  ( -0.000000000000000000, 0.000000000000000000, 1.000000000000000000 ) ) ;
#8954 = CARTESIAN_POINT ( 'NONE',  ( 5.780000000000001137, 0.8000000000000007105, 0.3499999999999998113 ) ) ;
#8955 = ORIENTED_EDGE ( 'NONE', *, *, #6926, .F. ) ;
#8956 = CARTESIAN_POINT ( 'NONE',  ( -0.6867549326077613259, 8.000000000000000000, 0.6500000000000000222 ) ) ;
#8957 = CARTESIAN_POINT ( 'NONE',  ( 10.94753610838457014, 5.774771377977486964, 0.3499999999999997558 ) ) ;
#8958 = FACE_OUTER_BOUND ( 'NONE', #9015, .T. ) ;
#8959 = CARTESIAN_POINT ( 'NONE',  ( 11.63000000000000078, 1.601149768326593145E-16, 0.6500000000000012434 ) ) ;
#8960 =( GEOMETRIC_REPRESENTATION_CONTEXT ( 3 ) GLOBAL_UNCERTAINTY_ASSIGNED_CONTEXT ( ( #8210 ) ) GLOBAL_UNIT_ASSIGNED_CONTEXT ( ( #520, #5086, #4212 ) ) REPRESENTATION_CONTEXT ( 'NONE', 'WORKASPACE' ) );
#8961 =( LENGTH_UNIT ( ) NAMED_UNIT ( * ) SI_UNIT ( .MILLI., .METRE. ) );
#8962 = VERTEX_POINT ( 'NONE', #7128 ) ;
#8963 = ORIENTED_EDGE ( 'NONE', *, *, #5830, .F. ) ;
#8964 = CARTESIAN_POINT ( 'NONE',  ( 4.080000000000000959, 6.299999999999999822, -0.3850000000000000644 ) ) ;
#8965 = CARTESIAN_POINT ( 'NONE',  ( 6.800714092337829975, 5.570187327444797276, 0.3499999999999997002 ) ) ;
#8966 = VERTEX_POINT ( 'NONE', #2721 ) ;
#8967 = CARTESIAN_POINT ( 'NONE',  ( 8.320000000000000284, 0.5000000000000006661, -0.3500000000000002554 ) ) ;
#8968 = CARTESIAN_POINT ( 'NONE',  ( 9.298424265108376829, 5.204467366490685087, -0.3500000000000003664 ) ) ;
#8969 = EDGE_CURVE ( 'NONE', #3750, #4996, #8643, .T. ) ;
#8970 = CARTESIAN_POINT ( 'NONE',  ( 10.94605288648599206, 5.783587059575309830, -0.3500000000000004219 ) ) ;
#8971 =( LENGTH_UNIT ( ) NAMED_UNIT ( * ) SI_UNIT ( .MILLI., .METRE. ) );
#8972 = VECTOR ( 'NONE', #5313, 1000.000000000000000 ) ;
#8973 = CARTESIAN_POINT ( 'NONE',  ( 7.020000000000000462, 6.299999999999999822, 0.3849999999999997313 ) ) ;
#8974 = ORIENTED_EDGE ( 'NONE', *, *, #1790, .F. ) ;
#8975 = LINE ( 'NONE', #6683, #5447 ) ;
#8976 = EDGE_LOOP ( 'NONE', ( #9136, #8150, #8748, #399 ) ) ;
#8977 = CARTESIAN_POINT ( 'NONE',  ( 4.730000000000001315, -1.084202172485501815E-17, 0.3499999999999998113 ) ) ;
#8978 = ADVANCED_FACE ( 'NONE', ( #3981 ), #6935, .T. ) ;
#8979 = CARTESIAN_POINT ( 'NONE',  ( -0.3500000000000000333, 0.000000000000000000, -0.3499999999999999778 ) ) ;
#8980 = EDGE_LOOP ( 'NONE', ( #9641, #7140, #5585, #1201 ) ) ;
#8981 = CARTESIAN_POINT ( 'NONE',  ( 9.660000000000001918, 6.299999999999999822, -0.3500000000000003109 ) ) ;
#8982 = CARTESIAN_POINT ( 'NONE',  ( 0.1500000000000021316, -3.000000000000000000, 0.3499999999999999778 ) ) ;
#8983 = STYLED_ITEM ( 'NONE', ( #6690 ), #658 ) ;
#8984 = PRESENTATION_STYLE_ASSIGNMENT (( #2903 ) ) ;
#8985 = ORIENTED_EDGE ( 'NONE', *, *, #7356, .T. ) ;
#8986 = AXIS2_PLACEMENT_3D ( 'NONE', #2278, #7484, #3063 ) ;
#8987 = FACE_OUTER_BOUND ( 'NONE', #3245, .T. ) ;
#8988 = EDGE_CURVE ( 'NONE', #7103, #2469, #6902, .T. ) ;
#8989 = EDGE_CURVE ( 'NONE', #8962, #4820, #8050, .T. ) ;
#8990 = CARTESIAN_POINT ( 'NONE',  ( 0.7285020522887943883, 6.125528511109557428, 0.3500000000000000333 ) ) ;
#8991 = PRESENTATION_LAYER_ASSIGNMENT (  '', '', ( #1806 ) ) ;
#8992 = DIRECTION ( 'NONE',  ( 1.000000000000000000, 0.000000000000000000, 0.000000000000000000 ) ) ;
#8993 = EDGE_CURVE ( 'NONE', #2951, #2990, #8411, .T. ) ;
#8994 = VERTEX_POINT ( 'NONE', #750 ) ;
#8995 = VECTOR ( 'NONE', #5372, 1000.000000000000000 ) ;
#8996 = VECTOR ( 'NONE', #9361, 1000.000000000000000 ) ;
#8997 = DIRECTION ( 'NONE',  ( 1.121588454295349533E-16, -1.000000000000000000, 0.000000000000000000 ) ) ;
#8998 = AXIS2_PLACEMENT_3D ( 'NONE', #7637, #4634, #850 ) ;
#8999 = DIRECTION ( 'NONE',  ( 0.000000000000000000, -1.000000000000000000, 1.668003342285391551E-16 ) ) ;
#9000 = ORIENTED_EDGE ( 'NONE', *, *, #9413, .T. ) ;
#9001 = PRESENTATION_LAYER_ASSIGNMENT (  '', '', ( #2301 ) ) ;
#9002 =( GEOMETRIC_REPRESENTATION_CONTEXT ( 3 ) GLOBAL_UNCERTAINTY_ASSIGNED_CONTEXT ( ( #6184 ) ) GLOBAL_UNIT_ASSIGNED_CONTEXT ( ( #3198, #9233, #5386 ) ) REPRESENTATION_CONTEXT ( 'NONE', 'WORKASPACE' ) );
#9003 = SURFACE_STYLE_USAGE ( .BOTH. , #8951 ) ;
#9004 = SURFACE_STYLE_FILL_AREA ( #3888 ) ;
#9005 = MECHANICAL_DESIGN_GEOMETRIC_PRESENTATION_REPRESENTATION (  '', ( #5739 ), #5583 ) ;
#9006 = PLANE ( 'NONE',  #2490 ) ;
#9007 = EDGE_LOOP ( 'NONE', ( #4901, #9424, #5330, #4987 ) ) ;
#9008 = MECHANICAL_DESIGN_GEOMETRIC_PRESENTATION_REPRESENTATION (  '', ( #1041 ), #7280 ) ;
#9009 = CARTESIAN_POINT ( 'NONE',  ( 6.655000000000001137, -1.575000000000001066, 0.3499999999999998113 ) ) ;
#9010 = DIRECTION ( 'NONE',  ( -0.000000000000000000, -0.000000000000000000, -1.000000000000000000 ) ) ;
#9011 = DIRECTION ( 'NONE',  ( 1.000000000000000000, 0.000000000000000000, 0.000000000000000000 ) ) ;
#9012 = VECTOR ( 'NONE', #625, 1000.000000000000000 ) ;
#9013 = ORIENTED_EDGE ( 'NONE', *, *, #7668, .T. ) ;
#9014 = DIRECTION ( 'NONE',  ( 1.000000000000000000, 0.000000000000000000, -3.310540984688563355E-17 ) ) ;
#9015 = EDGE_LOOP ( 'NONE', ( #1439, #9593, #5814, #8216 ) ) ;
#9016 = SURFACE_SIDE_STYLE ('',( #753 ) ) ;
#9017 =( GEOMETRIC_REPRESENTATION_CONTEXT ( 3 ) GLOBAL_UNCERTAINTY_ASSIGNED_CONTEXT ( ( #2230 ) ) GLOBAL_UNIT_ASSIGNED_CONTEXT ( ( #3722, #4514, #1458 ) ) REPRESENTATION_CONTEXT ( 'NONE', 'WORKASPACE' ) );
#9018 = PLANE ( 'NONE',  #5600 ) ;
#9019 = PRESENTATION_LAYER_ASSIGNMENT (  '', '', ( #4191 ) ) ;
#9020 = CARTESIAN_POINT ( 'NONE',  ( 10.75999999999999979, 6.299999999999999822, -0.3500000000000003109 ) ) ;
#9021 = LINE ( 'NONE', #8232, #8483 ) ;
#9022 = CARTESIAN_POINT ( 'NONE',  ( 6.620000000000000107, 6.299999999999999822, -0.1283333333333337434 ) ) ;
#9023 = UNCERTAINTY_MEASURE_WITH_UNIT (LENGTH_MEASURE( 1.000000000000000082E-05 ), #5195, 'distance_accuracy_value', 'NONE');
#9024 = DIRECTION ( 'NONE',  ( -0.000000000000000000, 1.000000000000000000, -0.000000000000000000 ) ) ;
#9025 = ORIENTED_EDGE ( 'NONE', *, *, #3463, .F. ) ;
#9026 = ADVANCED_FACE ( 'NONE', ( #1628 ), #150, .F. ) ;
#9027 = STYLED_ITEM ( 'NONE', ( #2421 ), #7406 ) ;
#9028 = ORIENTED_EDGE ( 'NONE', *, *, #6228, .F. ) ;
#9029 = DIRECTION ( 'NONE',  ( 0.000000000000000000, -1.000000000000000000, 0.000000000000000000 ) ) ;
#9030 = ADVANCED_FACE ( 'NONE', ( #2283 ), #5254, .F. ) ;
#9031 = CARTESIAN_POINT ( 'NONE',  ( 11.16000000000000192, 1.800000000000000488, 0.3499999999999996447 ) ) ;
#9032 = VERTEX_POINT ( 'NONE', #9059 ) ;
#9033 = CARTESIAN_POINT ( 'NONE',  ( 0.000000000000000000, 6.500000000000000888, -1.155688030012021264E-15 ) ) ;
#9034 = PRESENTATION_LAYER_ASSIGNMENT (  '', '', ( #3586 ) ) ;
#9035 = SURFACE_SIDE_STYLE ('',( #3865 ) ) ;
#9036 = FACE_OUTER_BOUND ( 'NONE', #3764, .T. ) ;
#9037 = LINE ( 'NONE', #3816, #5180 ) ;
#9038 = VERTEX_POINT ( 'NONE', #894 ) ;
#9039 = EDGE_CURVE ( 'NONE', #3326, #6505, #3898, .T. ) ;
#9040 = EDGE_CURVE ( 'NONE', #7509, #8901, #6138, .T. ) ;
#9041 = ORIENTED_EDGE ( 'NONE', *, *, #3138, .F. ) ;
#9042 = LINE ( 'NONE', #5286, #3877 ) ;
#9043 = LINE ( 'NONE', #5334, #7622 ) ;
#9044 = CARTESIAN_POINT ( 'NONE',  ( 1.759430448028449945, 5.815522798723463893, 0.3499999999999999223 ) ) ;
#9045 = EDGE_LOOP ( 'NONE', ( #4556, #2047, #5803, #2402 ) ) ;
#9046 = CARTESIAN_POINT ( 'NONE',  ( 4.729999999999999538, 8.200000000000001066, 0.3499999999999999778 ) ) ;
#9047 = VERTEX_POINT ( 'NONE', #8366 ) ;
#9048 = FILL_AREA_STYLE ('',( #3884 ) ) ;
#9049 =( NAMED_UNIT ( * ) PLANE_ANGLE_UNIT ( ) SI_UNIT ( $, .RADIAN. ) );
#9050 = DIRECTION ( 'NONE',  ( -0.000000000000000000, -1.000000000000000000, 1.668003342285392044E-16 ) ) ;
#9051 = EDGE_LOOP ( 'NONE', ( #7237, #8939, #7855, #9674 ) ) ;
#9052 = CARTESIAN_POINT ( 'NONE',  ( 9.660000000000001918, 6.299999999999999822, 0.3499999999999996447 ) ) ;
#9053 = DIRECTION ( 'NONE',  ( -0.000000000000000000, -1.000000000000000000, 1.668003342285391551E-16 ) ) ;
#9054 = CARTESIAN_POINT ( 'NONE',  ( 2.865255819881805444, 5.589454083063163381, -0.3500000000000000888 ) ) ;
#9055 = ORIENTED_EDGE ( 'NONE', *, *, #6895, .T. ) ;
#9056 = ORIENTED_EDGE ( 'NONE', *, *, #8744, .F. ) ;
#9057 = FILL_AREA_STYLE ('',( #338 ) ) ;
#9058 = STYLED_ITEM ( 'NONE', ( #242 ), #9135 ) ;
#9059 = CARTESIAN_POINT ( 'NONE',  ( 2.890000000000001013, -2.800000000000001155, -0.3500000000000000888 ) ) ;
#9060 = CARTESIAN_POINT ( 'NONE',  ( 2.988193045422142369, 5.884855341312110966, -0.3500000000000001443 ) ) ;
#9061 = CARTESIAN_POINT ( 'NONE',  ( 8.220000000000000639, 6.299999999999999822, 0.1166666666666663077 ) ) ;
#9062 = CARTESIAN_POINT ( 'NONE',  ( -0.8001678768757278792, 5.699693040756021567, 0.3500000000000000333 ) ) ;
#9063 =( NAMED_UNIT ( * ) SI_UNIT ( $, .STERADIAN. ) SOLID_ANGLE_UNIT ( ) );
#9064 = EDGE_CURVE ( 'NONE', #4061, #5117, #4681, .T. ) ;
#9065 =( NAMED_UNIT ( * ) PLANE_ANGLE_UNIT ( ) SI_UNIT ( $, .RADIAN. ) );
#9066 = CARTESIAN_POINT ( 'NONE',  ( 7.156643101092098114, 1.700000000000000400, 0.3499999999999997002 ) ) ;
#9067 = ORIENTED_EDGE ( 'NONE', *, *, #2108, .F. ) ;
#9068 = CARTESIAN_POINT ( 'NONE',  ( 7.470000000000000639, -3.000000000000000000, 0.3499999999999997002 ) ) ;
#9069 = ORIENTED_EDGE ( 'NONE', *, *, #6926, .T. ) ;
#9070 = AXIS2_PLACEMENT_3D ( 'NONE', #2151, #5822, #6018 ) ;
#9071 =( LENGTH_UNIT ( ) NAMED_UNIT ( * ) SI_UNIT ( .MILLI., .METRE. ) );
#9072 = DIRECTION ( 'NONE',  ( -1.000000000000000000, -1.084202172485504434E-16, 0.000000000000000000 ) ) ;
#9073 = DIRECTION ( 'NONE',  ( 0.000000000000000000, -1.000000000000000000, 1.668003342285391797E-16 ) ) ;
#9074 = CARTESIAN_POINT ( 'NONE',  ( 9.259306504786378511, 4.786369049942376996, 0.3499999999999996447 ) ) ;
#9075 = EDGE_CURVE ( 'NONE', #566, #6254, #7728, .T. ) ;
#9076 = DIRECTION ( 'NONE',  ( -0.6546536707079770867, -0.3779644730092274196, -0.6546536707079770867 ) ) ;
#9077 =( NAMED_UNIT ( * ) SI_UNIT ( $, .STERADIAN. ) SOLID_ANGLE_UNIT ( ) );
#9078 = CARTESIAN_POINT ( 'NONE',  ( 9.473245067392239704, 0.5000000000000000000, -0.6500000000000013545 ) ) ;
#9079 = ORIENTED_EDGE ( 'NONE', *, *, #4114, .T. ) ;
#9080 = ORIENTED_EDGE ( 'NONE', *, *, #1689, .T. ) ;
#9081 = CARTESIAN_POINT ( 'NONE',  ( 10.75999999999999979, 6.299999999999999822, -0.1283333333333338266 ) ) ;
#9082 =( BOUNDED_CURVE ( )  B_SPLINE_CURVE ( 3, ( #7767, #9285, #2615, #5587 ),
 .UNSPECIFIED., .F., .F. ) 
 B_SPLINE_CURVE_WITH_KNOTS ( ( 4, 4 ),
 ( 1.570796326794896336, 2.359101780428492390 ),
 .UNSPECIFIED. ) 
 CURVE ( )  GEOMETRIC_REPRESENTATION_ITEM ( )  RATIONAL_B_SPLINE_CURVE ( ( 1.000000000000000000, 0.9488815137910384667, 0.9488815137910384667, 1.000000000000000000 ) ) 
 REPRESENTATION_ITEM ( '' )  );
#9083 = LINE ( 'NONE', #1654, #5903 ) ;
#9084 = CARTESIAN_POINT ( 'NONE',  ( 1.753947113514016332, 5.783587059575311606, 0.3499999999999999223 ) ) ;
#9085 = EDGE_LOOP ( 'NONE', ( #3920, #2904, #8, #8697 ) ) ;
#9086 = EDGE_CURVE ( 'NONE', #1906, #3927, #1129, .T. ) ;
#9087 = LINE ( 'NONE', #2562, #133 ) ;
#9088 = ORIENTED_EDGE ( 'NONE', *, *, #7424, .T. ) ;
#9089 = FACE_OUTER_BOUND ( 'NONE', #7687, .T. ) ;
#9090 = PLANE ( 'NONE',  #4086 ) ;
#9091 = CARTESIAN_POINT ( 'NONE',  ( 10.66000000000000014, 6.299999999999999822, -0.3500000000000003109 ) ) ;
#9092 = CARTESIAN_POINT ( 'NONE',  ( 0.6000000000000005329, 6.299999999999999822, -0.3499999999999999778 ) ) ;
#9093 = PRESENTATION_LAYER_ASSIGNMENT (  '', '', ( #5362 ) ) ;
#9094 = VERTEX_POINT ( 'NONE', #4136 ) ;
#9095 = PLANE ( 'NONE',  #8046 ) ;
#9096 = DIRECTION ( 'NONE',  ( 0.000000000000000000, 3.097720492815727166E-16, 1.000000000000000000 ) ) ;
#9097 = VECTOR ( 'NONE', #1723, 1000.000000000000114 ) ;
#9098 = ORIENTED_EDGE ( 'NONE', *, *, #9260, .T. ) ;
#9099 = ORIENTED_EDGE ( 'NONE', *, *, #4547, .T. ) ;
#9100 = CARTESIAN_POINT ( 'NONE',  ( 8.566936948246135941, 4.039780281224036429, 0.3499999999999997002 ) ) ;
#9101 = CARTESIAN_POINT ( 'NONE',  ( 10.51000000000000156, 1.084202172485506745E-17, -0.3500000000000003109 ) ) ;
#9102 = UNCERTAINTY_MEASURE_WITH_UNIT (LENGTH_MEASURE( 1.000000000000000082E-05 ), #3999, 'distance_accuracy_value', 'NONE');
#9103 = CARTESIAN_POINT ( 'NONE',  ( 5.601845733883980216, 5.626229152235330488, 0.3499999999999998113 ) ) ;
#9104 = CARTESIAN_POINT ( 'NONE',  ( 3.039999999999998259, 6.299999999999999822, -0.3500000000000000888 ) ) ;
#9105 = ADVANCED_FACE ( 'NONE', ( #7144 ), #9247, .F. ) ;
#9106 = MECHANICAL_DESIGN_GEOMETRIC_PRESENTATION_REPRESENTATION (  '', ( #6613 ), #2263 ) ;
#9107 = EDGE_CURVE ( 'NONE', #3701, #5601, #6105, .T. ) ;
#9108 = DIRECTION ( 'NONE',  ( -1.000000000000000000, -0.000000000000000000, -0.000000000000000000 ) ) ;
#9109 = CARTESIAN_POINT ( 'NONE',  ( 7.270000000000001350, 0.5000000000000005551, 0.3499999999999997002 ) ) ;
#9110 = FILL_AREA_STYLE ('',( #157 ) ) ;
#9111 = VECTOR ( 'NONE', #2546, 1000.000000000000000 ) ;
#9112 = ORIENTED_EDGE ( 'NONE', *, *, #2644, .T. ) ;
#9113 = CARTESIAN_POINT ( 'NONE',  ( 8.068193045422141552, 5.884855341312109189, 0.3499999999999997002 ) ) ;
#9114 = ORIENTED_EDGE ( 'NONE', *, *, #1239, .F. ) ;
#9115 = SURFACE_SIDE_STYLE ('',( #2350 ) ) ;
#9116 = DIRECTION ( 'NONE',  ( 0.000000000000000000, -1.668003342285391551E-16, -1.000000000000000000 ) ) ;
#9117 =( LENGTH_UNIT ( ) NAMED_UNIT ( * ) SI_UNIT ( .MILLI., .METRE. ) );
#9118 = CARTESIAN_POINT ( 'NONE',  ( 3.486086801408603719, 4.056300144720193401, 0.3499999999999998668 ) ) ;
#9119 = CARTESIAN_POINT ( 'NONE',  ( 11.02961524227066370, 8.500000000000000000, -0.8696152422706631135 ) ) ;
#9120 = CARTESIAN_POINT ( 'NONE',  ( 9.473245067392239704, 0.5000000000000002220, 0.3499999999999998668 ) ) ;
#9121 = VERTEX_POINT ( 'NONE', #5549 ) ;
#9122 = ORIENTED_EDGE ( 'NONE', *, *, #7671, .T. ) ;
#9123 = DIRECTION ( 'NONE',  ( -0.000000000000000000, 0.000000000000000000, 1.000000000000000000 ) ) ;
#9124 = EDGE_CURVE ( 'NONE', #661, #125, #293, .T. ) ;
#9125 = ADVANCED_FACE ( 'NONE', ( #4876 ), #3408, .T. ) ;
#9126 = LINE ( 'NONE', #5757, #122 ) ;
#9127 = DIRECTION ( 'NONE',  ( -0.000000000000000000, 0.000000000000000000, 1.000000000000000000 ) ) ;
#9128 = VERTEX_POINT ( 'NONE', #8458 ) ;
#9129 = CARTESIAN_POINT ( 'NONE',  ( 5.528193045422142404, 5.884855341312109189, 0.3499999999999998113 ) ) ;
#9130 = CIRCLE ( 'NONE', #1331, 0.2000000000000005107 ) ;
#9131 =( NAMED_UNIT ( * ) SI_UNIT ( $, .STERADIAN. ) SOLID_ANGLE_UNIT ( ) );
#9132 = EDGE_CURVE ( 'NONE', #6987, #5305, #4725, .T. ) ;
#9133 = CARTESIAN_POINT ( 'NONE',  ( 7.620000000000000107, 0.000000000000000000, -0.3500000000000002554 ) ) ;
#9134 = DIRECTION ( 'NONE',  ( -0.000000000000000000, -1.000000000000000000, 1.668003342285391551E-16 ) ) ;
#9135 = ADVANCED_FACE ( 'NONE', ( #7681 ), #3989, .F. ) ;
#9136 = ORIENTED_EDGE ( 'NONE', *, *, #8610, .T. ) ;
#9137 =( BOUNDED_SURFACE ( )  B_SPLINE_SURFACE ( 3, 1, ( 
 ( #5912, #702 ),
 ( #1452, #61 ),
 ( #2939, #2245 ),
 ( #5216, #8186 ) ),
 .UNSPECIFIED., .F., .F., .F. ) 
 B_SPLINE_SURFACE_WITH_KNOTS ( ( 4, 4 ),
 ( 2, 2 ),
 ( 0.000000000000000000, 1.000000000000000000 ),
 ( 0.000000000000000000, 1.000000000000000000 ),
 .UNSPECIFIED. ) 
 GEOMETRIC_REPRESENTATION_ITEM ( )  RATIONAL_B_SPLINE_SURFACE ( (
 ( 1.000000000000000000, 1.000000000000000000),
 ( 0.9488815137910379116, 0.9488815137910379116),
 ( 0.9488815137910379116, 0.9488815137910379116),
 ( 1.000000000000000000, 1.000000000000000000) ) ) 
 REPRESENTATION_ITEM ( '' )  SURFACE ( )  );
#9138 = PRESENTATION_LAYER_ASSIGNMENT (  '', '', ( #2768 ) ) ;
#9139 = DIRECTION ( 'NONE',  ( 1.000000000000000000, 0.000000000000000000, 0.000000000000000000 ) ) ;
#9140 = AXIS2_PLACEMENT_3D ( 'NONE', #3557, #6471, #6528 ) ;
#9141 = DIRECTION ( 'NONE',  ( 0.000000000000000000, 0.000000000000000000, -1.000000000000000000 ) ) ;
#9142 = ADVANCED_FACE ( 'NONE', ( #2772 ), #4436, .F. ) ;
#9143 = ORIENTED_EDGE ( 'NONE', *, *, #1252, .T. ) ;
#9144 = LINE ( 'NONE', #9052, #3547 ) ;
#9145 = PRESENTATION_LAYER_ASSIGNMENT (  '', '', ( #5256 ) ) ;
#9146 = CARTESIAN_POINT ( 'NONE',  ( 0.6000000000000005329, 6.299999999999999822, 0.3849999999999998979 ) ) ;
#9147 = CARTESIAN_POINT ( 'NONE',  ( 6.080000000000000959, 6.299999999999999822, -0.1283333333333336601 ) ) ;
#9148 = STYLED_ITEM ( 'NONE', ( #3633 ), #5758 ) ;
#9149 = AXIS2_PLACEMENT_3D ( 'NONE', #8659, #8714, #3555 ) ;
#9150 = ORIENTED_EDGE ( 'NONE', *, *, #4466, .T. ) ;
#9151 = ORIENTED_EDGE ( 'NONE', *, *, #1029, .T. ) ;
#9152 = CARTESIAN_POINT ( 'NONE',  ( 8.407536108384569218, 5.774771377977486964, 0.3499999999999998113 ) ) ;
#9153 = CARTESIAN_POINT ( 'NONE',  ( 6.986851685116532984, 6.299478870653092422, 0.3499999999999997002 ) ) ;
#9154 = AXIS2_PLACEMENT_3D ( 'NONE', #2731, #9302, #1040 ) ;
#9155 = AXIS2_PLACEMENT_3D ( 'NONE', #8512, #8564, #1876 ) ;
#9156 = PRESENTATION_LAYER_ASSIGNMENT (  '', '', ( #2942 ) ) ;
#9157 = PRESENTATION_STYLE_ASSIGNMENT (( #2691 ) ) ;
#9158 = SURFACE_SIDE_STYLE ('',( #3992 ) ) ;
#9159 = LINE ( 'NONE', #8325, #8025 ) ;
#9160 = MECHANICAL_DESIGN_GEOMETRIC_PRESENTATION_REPRESENTATION (  '', ( #3565 ), #6351 ) ;
#9161 = LINE ( 'NONE', #6861, #6642 ) ;
#9162 = CARTESIAN_POINT ( 'NONE',  ( 7.270000000000001350, 0.5000000000000005551, 0.3499999999999997002 ) ) ;
#9163 = EDGE_CURVE ( 'NONE', #8225, #38, #3690, .T. ) ;
#9164 = ORIENTED_EDGE ( 'NONE', *, *, #2172, .F. ) ;
#9165 = UNCERTAINTY_MEASURE_WITH_UNIT (LENGTH_MEASURE( 1.000000000000000082E-05 ), #5167, 'distance_accuracy_value', 'NONE');
#9166 = LINE ( 'NONE', #954, #5914 ) ;
#9167 = ORIENTED_EDGE ( 'NONE', *, *, #5364, .T. ) ;
#9168 = STYLED_ITEM ( 'NONE', ( #3078 ), #6899 ) ;
#9169 = FILL_AREA_STYLE_COLOUR ( '', #9248 ) ;
#9170 = CARTESIAN_POINT ( 'NONE',  ( 3.329603038017698857, 5.762359718948174780, 0.3499999999999999778 ) ) ;
#9171 = CARTESIAN_POINT ( 'NONE',  ( -0.3252558198818047974, 5.589454083063166046, -0.3499999999999999778 ) ) ;
#9172 = VECTOR ( 'NONE', #6238, 1000.000000000000000 ) ;
#9173 = VECTOR ( 'NONE', #8931, 1000.000000000000114 ) ;
#9174 = CARTESIAN_POINT ( 'NONE',  ( 4.580000000000001847, 6.299999999999999822, -0.3500000000000001443 ) ) ;
#9175 = ORIENTED_EDGE ( 'NONE', *, *, #2052, .F. ) ;
#9176 = ORIENTED_EDGE ( 'NONE', *, *, #2328, .F. ) ;
#9177 = ORIENTED_EDGE ( 'NONE', *, *, #2602, .T. ) ;
#9178 = CARTESIAN_POINT ( 'NONE',  ( 11.16000000000000192, 1.800000000000000488, -0.1283333333333338266 ) ) ;
#9179 = PLANE ( 'NONE',  #766 ) ;
#9180 = VECTOR ( 'NONE', #7861, 1000.000000000000000 ) ;
#9181 =( LENGTH_UNIT ( ) NAMED_UNIT ( * ) SI_UNIT ( .MILLI., .METRE. ) );
#9182 = CARTESIAN_POINT ( 'NONE',  ( 1.680732764477097740, 5.226749775238759277, 0.3499999999999998668 ) ) ;
#9183 = EDGE_LOOP ( 'NONE', ( #2013, #5166, #7433, #5877 ) ) ;
#9184 = CARTESIAN_POINT ( 'NONE',  ( 7.770000000000002238, -3.000000000000000000, 0.3499999999999997002 ) ) ;
#9185 = LINE ( 'NONE', #8589, #4458 ) ;
#9186 = DIRECTION ( 'NONE',  ( -0.000000000000000000, 0.000000000000000000, 1.000000000000000000 ) ) ;
#9187 = CARTESIAN_POINT ( 'NONE',  ( 2.861845733883979559, 5.626229152235330488, 0.3499999999999998668 ) ) ;
#9188 = ORIENTED_EDGE ( 'NONE', *, *, #1285, .F. ) ;
#9189 = COLOUR_RGB ( '',0.8313725490196077761, 0.6705882352941175961, 0.1294117647058823373 ) ;
#9190 = CARTESIAN_POINT ( 'NONE',  ( 6.933245067392238781, 0.5000000000000000000, -0.6500000000000013545 ) ) ;
#9191 = FILL_AREA_STYLE ('',( #5446 ) ) ;
#9192 = CARTESIAN_POINT ( 'NONE',  ( 10.51000000000000156, 0.5000000000000005551, -0.3500000000000003109 ) ) ;
#9193 = DIRECTION ( 'NONE',  ( -0.6546536707079770867, 0.3779644730092273641, -0.6546536707079769757 ) ) ;
#9194 = ORIENTED_EDGE ( 'NONE', *, *, #2328, .T. ) ;
#9195 = CARTESIAN_POINT ( 'NONE',  ( 6.024695486956169077, 4.083092593512565927, -0.3500000000000002554 ) ) ;
#9196 = FILL_AREA_STYLE_COLOUR ( '', #5094 ) ;
#9197 =( NAMED_UNIT ( * ) SI_UNIT ( $, .STERADIAN. ) SOLID_ANGLE_UNIT ( ) );
#9198 = ORIENTED_EDGE ( 'NONE', *, *, #5824, .F. ) ;
#9199 = ORIENTED_EDGE ( 'NONE', *, *, #2665, .T. ) ;
#9200 = EDGE_CURVE ( 'NONE', #7265, #7165, #1431, .T. ) ;
#9201 = CARTESIAN_POINT ( 'NONE',  ( 8.494994129385570858, 5.069026963384446915, 0.3499999999999997002 ) ) ;
#9202 = UNCERTAINTY_MEASURE_WITH_UNIT (LENGTH_MEASURE( 1.000000000000000082E-05 ), #904, 'distance_accuracy_value', 'NONE');
#9203 = STYLED_ITEM ( 'NONE', ( #477 ), #8978 ) ;
#9204 = SURFACE_STYLE_USAGE ( .BOTH. , #6236 ) ;
#9205 = DIRECTION ( 'NONE',  ( 0.6546536707079770867, -0.3779644730092274196, -0.6546536707079770867 ) ) ;
#9206 = FILL_AREA_STYLE_COLOUR ( '', #264 ) ;
#9207 =( NAMED_UNIT ( * ) PLANE_ANGLE_UNIT ( ) SI_UNIT ( $, .RADIAN. ) );
#9208 = SURFACE_STYLE_USAGE ( .BOTH. , #6241 ) ;
#9209 = ADVANCED_FACE ( 'NONE', ( #7382 ), #3644, .F. ) ;
#9210 = CIRCLE ( 'NONE', #8426, 0.2000000000000000944 ) ;
#9211 = ORIENTED_EDGE ( 'NONE', *, *, #1751, .T. ) ;
#9212 = ORIENTED_EDGE ( 'NONE', *, *, #7771, .T. ) ;
#9213 = DIRECTION ( 'NONE',  ( 0.000000000000000000, 1.668003342285388099E-16, 1.000000000000000000 ) ) ;
#9214 =( NAMED_UNIT ( * ) PLANE_ANGLE_UNIT ( ) SI_UNIT ( $, .RADIAN. ) );
#9215 = ADVANCED_FACE ( 'NONE', ( #2015 ), #1281, .F. ) ;
#9216 = AXIS2_PLACEMENT_3D ( 'NONE', #6606, #6462, #3597 ) ;
#9217 = CARTESIAN_POINT ( 'NONE',  ( 9.282471447568719114, 5.050332720358730043, 0.3499999999999998113 ) ) ;
#9218 = CARTESIAN_POINT ( 'NONE',  ( 2.187475984454220423, 5.732672356334980179, 0.3499999999999998668 ) ) ;
#9219 = DIRECTION ( 'NONE',  ( 1.000000000000000000, 0.000000000000000000, 0.000000000000000000 ) ) ;
#9220 = AXIS2_PLACEMENT_3D ( 'NONE', #2102, #4364, #5088 ) ;
#9221 = CARTESIAN_POINT ( 'NONE',  ( 2.187475984454220423, 5.732672356334980179, 0.3499999999999998668 ) ) ;
#9222 = ORIENTED_EDGE ( 'NONE', *, *, #5981, .T. ) ;
#9223 = B_SPLINE_CURVE_WITH_KNOTS ( 'NONE', 3,
 ( #7063, #4985, #6390, #3481 ),
 .UNSPECIFIED., .F., .F.,
 ( 4, 4 ),
 ( 0.000000000000000000, 1.000000000000000000 ),
 .UNSPECIFIED. ) ;
#9224 = VECTOR ( 'NONE', #2616, 1000.000000000000000 ) ;
#9225 = VERTEX_POINT ( 'NONE', #3504 ) ;
#9226 = CARTESIAN_POINT ( 'NONE',  ( 9.810000000000000497, -2.800000000000001155, 0.3499999999999996447 ) ) ;
#9227 = DIRECTION ( 'NONE',  ( 0.000000000000000000, 0.000000000000000000, -1.000000000000000000 ) ) ;
#9228 = EDGE_CURVE ( 'NONE', #8930, #1761, #5155, .T. ) ;
#9229 = DIRECTION ( 'NONE',  ( -1.000000000000000000, -3.097720492815726426E-17, 0.000000000000000000 ) ) ;
#9230 = FACE_BOUND ( 'NONE', #2500, .T. ) ;
#9231 = VERTEX_POINT ( 'NONE', #6657 ) ;
#9232 = CARTESIAN_POINT ( 'NONE',  ( -1.000000000000000000, 6.500000000000000888, -0.3500000000000010880 ) ) ;
#9233 =( NAMED_UNIT ( * ) PLANE_ANGLE_UNIT ( ) SI_UNIT ( $, .RADIAN. ) );
#9234 = ORIENTED_EDGE ( 'NONE', *, *, #3617, .F. ) ;
#9235 =( NAMED_UNIT ( * ) SI_UNIT ( $, .STERADIAN. ) SOLID_ANGLE_UNIT ( ) );
#9236 = CARTESIAN_POINT ( 'NONE',  ( 5.080000000000000071, 6.299999999999999822, 0.3499999999999998113 ) ) ;
#9237 = DIRECTION ( 'NONE',  ( 1.000000000000000000, 0.000000000000000000, 0.000000000000000000 ) ) ;
#9238 = ORIENTED_EDGE ( 'NONE', *, *, #5546, .T. ) ;
#9239 = DIRECTION ( 'NONE',  ( -0.000000000000000000, 1.000000000000000000, -0.000000000000000000 ) ) ;
#9240 = PLANE ( 'NONE',  #6969 ) ;
#9241 = CARTESIAN_POINT ( 'NONE',  ( 0.6000000000000005329, 6.299999999999999822, 0.1283333333333333270 ) ) ;
#9242 = CARTESIAN_POINT ( 'NONE',  ( -0.4999999999999985012, 6.299999999999999822, -0.3499999999999999778 ) ) ;
#9243 = EDGE_LOOP ( 'NONE', ( #7364, #2590, #4277, #6260 ) ) ;
#9244 = ORIENTED_EDGE ( 'NONE', *, *, #3341, .F. ) ;
#9245 = EDGE_CURVE ( 'NONE', #5773, #8901, #5887, .T. ) ;
#9246 = CARTESIAN_POINT ( 'NONE',  ( 3.540000000000000036, 6.500000000000000888, -0.3500000000000010880 ) ) ;
#9247 = PLANE ( 'NONE',  #945 ) ;
#9248 = COLOUR_RGB ( '',0.8313725490196077761, 0.6705882352941175961, 0.1294117647058823373 ) ;
#9249 = CARTESIAN_POINT ( 'NONE',  ( 6.080000000000000071, 6.500000000000000888, -0.3500000000000010880 ) ) ;
#9250 = EDGE_CURVE ( 'NONE', #2724, #9511, #1541, .T. ) ;
#9251 = PLANE ( 'NONE',  #6806 ) ;
#9252 =( NAMED_UNIT ( * ) PLANE_ANGLE_UNIT ( ) SI_UNIT ( $, .RADIAN. ) );
#9253 = CARTESIAN_POINT ( 'NONE',  ( 7.945255819881804626, 5.589454083063163381, 0.3499999999999997002 ) ) ;
#9254 = VECTOR ( 'NONE', #7050, 1000.000000000000114 ) ;
#9255 = ADVANCED_FACE ( 'NONE', ( #7190 ), #2969, .F. ) ;
#9256 = CARTESIAN_POINT ( 'NONE',  ( 1.840000000000000524, 0.8000000000000004885, -0.3500000000000000888 ) ) ;
#9257 = SURFACE_STYLE_USAGE ( .BOTH. , #1046 ) ;
#9258 = ORIENTED_EDGE ( 'NONE', *, *, #647, .T. ) ;
#9259 = B_SPLINE_CURVE_WITH_KNOTS ( 'NONE', 3,
 ( #202, #5463, #298, #5411 ),
 .UNSPECIFIED., .F., .F.,
 ( 4, 4 ),
 ( 0.000000000000000000, 1.000000000000000000 ),
 .UNSPECIFIED. ) ;
#9260 = EDGE_CURVE ( 'NONE', #4134, #8104, #8814, .T. ) ;
#9261 = ORIENTED_EDGE ( 'NONE', *, *, #9250, .F. ) ;
#9262 = DIRECTION ( 'NONE',  ( -1.000000000000000000, 0.000000000000000000, 0.000000000000000000 ) ) ;
#9263 = STYLED_ITEM ( 'NONE', ( #1311 ), #599 ) ;
#9264 =( GEOMETRIC_REPRESENTATION_CONTEXT ( 3 ) GLOBAL_UNCERTAINTY_ASSIGNED_CONTEXT ( ( #3998 ) ) GLOBAL_UNIT_ASSIGNED_CONTEXT ( ( #4584, #3795, #2337 ) ) REPRESENTATION_CONTEXT ( 'NONE', 'WORKASPACE' ) );
#9265 = CARTESIAN_POINT ( 'NONE',  ( 2.540000000000000036, -3.000000000000000000, 0.3499999999999998668 ) ) ;
#9266 = CARTESIAN_POINT ( 'NONE',  ( 0.3500000000000000333, 8.200000000000001066, -0.3500000000000000333 ) ) ;
#9267 = SURFACE_SIDE_STYLE ('',( #6290 ) ) ;
#9268 =( GEOMETRIC_REPRESENTATION_CONTEXT ( 3 ) GLOBAL_UNCERTAINTY_ASSIGNED_CONTEXT ( ( #5571 ) ) GLOBAL_UNIT_ASSIGNED_CONTEXT ( ( #4040, #4090, #6323 ) ) REPRESENTATION_CONTEXT ( 'NONE', 'WORKASPACE' ) );
#9269 = CARTESIAN_POINT ( 'NONE',  ( -1.018126922434469523E-15, 1.700000000000000178, -0.3499999999999999778 ) ) ;
#9270 = DIRECTION ( 'NONE',  ( 0.000000000000000000, 0.000000000000000000, 1.000000000000000000 ) ) ;
#9271 = CLOSED_SHELL ( 'NONE', ( #9660, #9409, #3940, #3904, #2782, #2225, #8768, #3298, #7648, #434, #843, #9255, #8563, #4470, #2379, #1597, #7734, #7940, #995, #2322, #9030, #1646, #8731, #1198, #5511, #1547, #801, #9026, #5349, #5442, #5355, #3099, #9215, #4970, #1265, #4628, #8935, #2826, #3465, #7789, #8779, #3983, #2097, #3600, #5778, #4027, #7232, #980, #7461, #5841, #2999, #665, #2529, #2261, #561, #6242, #7991, #9142, #4103, #8387, #8574, #7970, #2730, #920, #6124, #7054, #6173, #2281, #2556, #1637, #5681, #1133, #8721, #5719, #8791, #6936, #3290, #6888, #5817, #3853, #219, #1011, #2941, #1625, #290, #5258, #7225, #8420, #6194, #9105, #5536, #3475, #9209, #2458, #3228, #8902, #7642, #3032, #9580, #8662, #352, #3896, #2671, #2078, #1733, #7766, #2821, #4484, #1679, #4011 ) ) ;
#9272 = CARTESIAN_POINT ( 'NONE',  ( 7.969999999999999751, 8.200000000000001066, 0.3499999999999999778 ) ) ;
#9273 = ORIENTED_EDGE ( 'NONE', *, *, #4633, .T. ) ;
#9274 = UNCERTAINTY_MEASURE_WITH_UNIT (LENGTH_MEASURE( 1.000000000000000082E-05 ), #1692, 'distance_accuracy_value', 'NONE');
#9275 = EDGE_LOOP ( 'NONE', ( #9442, #2668, #7993, #9605 ) ) ;
#9276 = CARTESIAN_POINT ( 'NONE',  ( 8.306754932607761432, 0.5000000000000002220, 0.6500000000000010214 ) ) ;
#9277 = CARTESIAN_POINT ( 'NONE',  ( 6.626881821040563558, 2.798202530627315721, -0.3500000000000002554 ) ) ;
#9278 = LINE ( 'NONE', #2607, #3899 ) ;
#9279 = SURFACE_STYLE_USAGE ( .BOTH. , #2805 ) ;
#9280 = VERTEX_POINT ( 'NONE', #2117 ) ;
#9281 = LINE ( 'NONE', #7071, #435 ) ;
#9282 = CARTESIAN_POINT ( 'NONE',  ( 6.073118178959434843, 2.798202530626829887, 0.3499999999999997558 ) ) ;
#9283 = EDGE_CURVE ( 'NONE', #1396, #7473, #3767, .T. ) ;
#9284 = ORIENTED_EDGE ( 'NONE', *, *, #1858, .F. ) ;
#9285 = CARTESIAN_POINT ( 'NONE',  ( 7.120000000000000995, 6.084152315493286167, 0.3499999999999997002 ) ) ;
#9286 = LINE ( 'NONE', #7715, #9224 ) ;
#9287 = DIRECTION ( 'NONE',  ( 0.000000000000000000, -0.000000000000000000, -1.000000000000000000 ) ) ;
#9288 = CARTESIAN_POINT ( 'NONE',  ( 0.9730462009244521537, 3.450480068927959554, 0.3499999999999999778 ) ) ;
#9289 = VECTOR ( 'NONE', #5706, 1000.000000000000000 ) ;
#9290 = FILL_AREA_STYLE ('',( #6312 ) ) ;
#9291 = VERTEX_POINT ( 'NONE', #536 ) ;
#9292 = DIRECTION ( 'NONE',  ( 0.000000000000000000, 3.097720492815727166E-16, 1.000000000000000000 ) ) ;
#9293 = DIRECTION ( 'NONE',  ( 1.000000000000000000, 0.000000000000000000, 0.000000000000000000 ) ) ;
#9294 = FILL_AREA_STYLE_COLOUR ( '', #562 ) ;
#9295 = DIRECTION ( 'NONE',  ( -1.000000000000000000, -3.097720492815726426E-17, 0.000000000000000000 ) ) ;
#9296 = ORIENTED_EDGE ( 'NONE', *, *, #5393, .F. ) ;
#9297 = VECTOR ( 'NONE', #3022, 1000.000000000000000 ) ;
#9298 = VERTEX_POINT ( 'NONE', #7974 ) ;
#9299 = VECTOR ( 'NONE', #2538, 1000.000000000000000 ) ;
#9300 =( LENGTH_UNIT ( ) NAMED_UNIT ( * ) SI_UNIT ( .MILLI., .METRE. ) );
#9301 = FILL_AREA_STYLE_COLOUR ( '', #8540 ) ;
#9302 = DIRECTION ( 'NONE',  ( -0.000000000000000000, 1.668003342285391551E-16, 1.000000000000000000 ) ) ;
#9303 = DIRECTION ( 'NONE',  ( 0.000000000000000000, 3.097720492815727166E-16, 1.000000000000000000 ) ) ;
#9304 = CARTESIAN_POINT ( 'NONE',  ( -0.6867549326077613259, 0.5000000000000002220, 0.6500000000000011324 ) ) ;
#9305 = CARTESIAN_POINT ( 'NONE',  ( 9.560000000000000497, 6.299999999999999822, -0.1283333333333338266 ) ) ;
#9306 = VECTOR ( 'NONE', #1080, 1000.000000000000000 ) ;
#9307 = CARTESIAN_POINT ( 'NONE',  ( 4.580000000000001847, 6.084152315493286167, -0.3500000000000000888 ) ) ;
#9308 = AXIS2_PLACEMENT_3D ( 'NONE', #7551, #3909, #861 ) ;
#9309 = VECTOR ( 'NONE', #1030, 1000.000000000000000 ) ;
#9310 = PRESENTATION_STYLE_ASSIGNMENT (( #597 ) ) ;
#9311 = LINE ( 'NONE', #1138, #1962 ) ;
#9312 = CARTESIAN_POINT ( 'NONE',  ( 7.270000000000000462, -1.084202172485501815E-17, 0.3499999999999997002 ) ) ;
#9313 = COLOUR_RGB ( '',0.8313725490196077761, 0.6705882352941175961, 0.1294117647058823373 ) ;
#9314 = ORIENTED_EDGE ( 'NONE', *, *, #1264, .F. ) ;
#9315 = PLANE ( 'NONE',  #422 ) ;
#9316 = STYLED_ITEM ( 'NONE', ( #9157 ), #1801 ) ;
#9317 = ORIENTED_EDGE ( 'NONE', *, *, #769, .T. ) ;
#9318 = COLOUR_RGB ( '',0.8313725490196077761, 0.6705882352941175961, 0.1294117647058823373 ) ;
#9319 =( NAMED_UNIT ( * ) PLANE_ANGLE_UNIT ( ) SI_UNIT ( $, .RADIAN. ) );
#9320 = SURFACE_STYLE_USAGE ( .BOTH. , #7157 ) ;
#9321 = PRESENTATION_LAYER_ASSIGNMENT (  '', '', ( #3565 ) ) ;
#9322 =( LENGTH_UNIT ( ) NAMED_UNIT ( * ) SI_UNIT ( .MILLI., .METRE. ) );
#9323 =( GEOMETRIC_REPRESENTATION_CONTEXT ( 3 ) GLOBAL_UNCERTAINTY_ASSIGNED_CONTEXT ( ( #5055 ) ) GLOBAL_UNIT_ASSIGNED_CONTEXT ( ( #1995, #4849, #418 ) ) REPRESENTATION_CONTEXT ( 'NONE', 'WORKASPACE' ) );
#9324 = DIRECTION ( 'NONE',  ( 0.000000000000000000, -1.000000000000000000, 1.668003342285391551E-16 ) ) ;
#9325 = DIRECTION ( 'NONE',  ( -1.000000000000000000, -0.000000000000000000, -0.000000000000000000 ) ) ;
#9326 = EDGE_LOOP ( 'NONE', ( #7353, #331, #9616, #1243 ) ) ;
#9327 = ORIENTED_EDGE ( 'NONE', *, *, #8480, .F. ) ;
#9328 = CARTESIAN_POINT ( 'NONE',  ( 7.020000000000000462, 6.299999999999999822, 0.3499999999999997002 ) ) ;
#9329 = PRESENTATION_STYLE_ASSIGNMENT (( #6347 ) ) ;
#9330 = PRESENTATION_STYLE_ASSIGNMENT (( #5712 ) ) ;
#9331 = VERTEX_POINT ( 'NONE', #7239 ) ;
#9332 = MECHANICAL_DESIGN_GEOMETRIC_PRESENTATION_REPRESENTATION (  '', ( #1838 ), #1997 ) ;
#9333 = EDGE_CURVE ( 'NONE', #8665, #4380, #2171, .T. ) ;
#9334 = CARTESIAN_POINT ( 'NONE',  ( 9.834744180118196510, 5.589454083063166046, -0.3500000000000003109 ) ) ;
#9335 = VECTOR ( 'NONE', #6149, 1000.000000000000000 ) ;
#9336 = VECTOR ( 'NONE', #305, 1000.000000000000000 ) ;
#9337 = LINE ( 'NONE', #4856, #247 ) ;
#9338 = EDGE_CURVE ( 'NONE', #9353, #3963, #9210, .T. ) ;
#9339 = CARTESIAN_POINT ( 'NONE',  ( 5.994708104564600681, 4.597665842580768825, 0.3499999999999997002 ) ) ;
#9340 = ORIENTED_EDGE ( 'NONE', *, *, #9413, .F. ) ;
#9341 = SURFACE_SIDE_STYLE ('',( #6355 ) ) ;
#9342 = AXIS2_PLACEMENT_3D ( 'NONE', #8253, #9623, #5977 ) ;
#9343 = DIRECTION ( 'NONE',  ( 0.000000000000000000, -1.000000000000000000, 0.000000000000000000 ) ) ;
#9344 = CARTESIAN_POINT ( 'NONE',  ( -0.9999999999999995559, 1.800000000000000488, -0.3499999999999999778 ) ) ;
#9345 = DIRECTION ( 'NONE',  ( 1.000000000000000000, 0.000000000000000000, 0.000000000000000000 ) ) ;
#9346 = ORIENTED_EDGE ( 'NONE', *, *, #8681, .T. ) ;
#9347 = EDGE_CURVE ( 'NONE', #6575, #3857, #9585, .T. ) ;
#9348 = SURFACE_STYLE_USAGE ( .BOTH. , #4638 ) ;
#9349 = LINE ( 'NONE', #9486, #91 ) ;
#9350 = PRESENTATION_LAYER_ASSIGNMENT (  '', '', ( #279 ) ) ;
#9351 = FILL_AREA_STYLE ('',( #9294 ) ) ;
#9352 = CARTESIAN_POINT ( 'NONE',  ( 4.155941859282680895, 4.443591676418676251, 0.3499999999999997558 ) ) ;
#9353 = VERTEX_POINT ( 'NONE', #2915 ) ;
#9354 = ORIENTED_EDGE ( 'NONE', *, *, #8303, .F. ) ;
#9355 = DIRECTION ( 'NONE',  ( 1.000000000000000000, 0.000000000000000000, 0.000000000000000000 ) ) ;
#9356 = DIRECTION ( 'NONE',  ( -1.000000000000000000, 0.000000000000000000, 0.000000000000000000 ) ) ;
#9357 = PLANE ( 'NONE',  #3423 ) ;
#9358 = FILL_AREA_STYLE ('',( #389 ) ) ;
#9359 = FILL_AREA_STYLE_COLOUR ( '', #5440 ) ;
#9360 = CARTESIAN_POINT ( 'NONE',  ( -0.3500000000000000333, 8.200000000000001066, 0.3499999999999999778 ) ) ;
#9361 = DIRECTION ( 'NONE',  ( -3.097720492815726426E-17, 1.000000000000000000, 0.000000000000000000 ) ) ;
#9362 = DIRECTION ( 'NONE',  ( 0.000000000000000000, 0.000000000000000000, 1.000000000000000000 ) ) ;
#9363 = VERTEX_POINT ( 'NONE', #7430 ) ;
#9364 = ORIENTED_EDGE ( 'NONE', *, *, #3496, .T. ) ;
#9365 =( NAMED_UNIT ( * ) SI_UNIT ( $, .STERADIAN. ) SOLID_ANGLE_UNIT ( ) );
#9367 = CARTESIAN_POINT ( 'NONE',  ( 10.84675493260776236, 0.5000000000000000000, -0.6500000000000013545 ) ) ;
#9366 =( GEOMETRIC_REPRESENTATION_CONTEXT ( 3 ) GLOBAL_UNCERTAINTY_ASSIGNED_CONTEXT ( ( #9579 ) ) GLOBAL_UNIT_ASSIGNED_CONTEXT ( ( #3205, #9049, #7625 ) ) REPRESENTATION_CONTEXT ( 'NONE', 'WORKASPACE' ) );
#9368 = DIRECTION ( 'NONE',  ( 0.000000000000000000, -3.097720492815727166E-16, -1.000000000000000000 ) ) ;
#9369 = EDGE_CURVE ( 'NONE', #8189, #8665, #4669, .T. ) ;
#9370 = DIRECTION ( 'NONE',  ( 1.000000000000000000, 0.000000000000000000, 0.000000000000000000 ) ) ;
#9371 = DIRECTION ( 'NONE',  ( -0.000000000000000000, -1.000000000000000000, 1.668003342285392044E-16 ) ) ;
#9372 = ORIENTED_EDGE ( 'NONE', *, *, #8552, .F. ) ;
#9373 = ORIENTED_EDGE ( 'NONE', *, *, #4827, .T. ) ;
#9374 = DIRECTION ( 'NONE',  ( 0.000000000000000000, 0.000000000000000000, 1.000000000000000000 ) ) ;
#9375 = SURFACE_SIDE_STYLE ('',( #1792 ) ) ;
#9376 = ORIENTED_EDGE ( 'NONE', *, *, #187, .T. ) ;
#9377 = CARTESIAN_POINT ( 'NONE',  ( 9.696643101092098149, 1.700000000000000400, -0.3500000000000003109 ) ) ;
#9378 = PRESENTATION_STYLE_ASSIGNMENT (( #8687 ) ) ;
#9379 = AXIS2_PLACEMENT_3D ( 'NONE', #3186, #2401, #7696 ) ;
#9380 = CARTESIAN_POINT ( 'NONE',  ( 1.708546599915418795, 5.476966929916270210, -0.3499999999999999778 ) ) ;
#9381 = STYLED_ITEM ( 'NONE', ( #4715 ), #9560 ) ;
#9382 = FILL_AREA_STYLE_COLOUR ( '', #2525 ) ;
#9383 = ORIENTED_EDGE ( 'NONE', *, *, #9124, .T. ) ;
#9384 = EDGE_CURVE ( 'NONE', #6531, #5443, #5343, .T. ) ;
#9385 = LINE ( 'NONE', #8594, #4026 ) ;
#9386 = DIRECTION ( 'NONE',  ( 0.000000000000000000, 1.668003342285392044E-16, 1.000000000000000000 ) ) ;
#9387 = VECTOR ( 'NONE', #4237, 1000.000000000000000 ) ;
#9388 = LINE ( 'NONE', #4269, #6654 ) ;
#9389 = AXIS2_PLACEMENT_3D ( 'NONE', #3421, #2697, #2737 ) ;
#9390 = LINE ( 'NONE', #7958, #752 ) ;
#9391 = ADVANCED_FACE ( 'NONE', ( #92 ), #6791, .T. ) ;
#9392 = ORIENTED_EDGE ( 'NONE', *, *, #1267, .T. ) ;
#9393 = CARTESIAN_POINT ( 'NONE',  ( 9.460000000000000853, 0.8000000000000004885, -0.3500000000000003109 ) ) ;
#9394 = CARTESIAN_POINT ( 'NONE',  ( 1.540000000000000924, 6.299999999999999822, 0.3849999999999998979 ) ) ;
#9395 = CARTESIAN_POINT ( 'NONE',  ( -0.4999999999999985012, 6.084152315493286167, -0.3499999999999999223 ) ) ;
#9396 = ORIENTED_EDGE ( 'NONE', *, *, #8000, .T. ) ;
#9397 = VERTEX_POINT ( 'NONE', #4575 ) ;
#9398 =( NAMED_UNIT ( * ) SI_UNIT ( $, .STERADIAN. ) SOLID_ANGLE_UNIT ( ) );
#9399 = CARTESIAN_POINT ( 'NONE',  ( 5.430000000000000604, -2.800000000000001155, -0.3500000000000001443 ) ) ;
#9400 = FILL_AREA_STYLE_COLOUR ( '', #7893 ) ;
#9401 = EDGE_CURVE ( 'NONE', #8634, #4420, #5298, .T. ) ;
#9402 = CARTESIAN_POINT ( 'NONE',  ( 3.540000000000001368, 6.299999999999999822, 0.1283333333333332438 ) ) ;
#9403 = DIRECTION ( 'NONE',  ( -1.000000000000000000, 0.000000000000000000, 0.000000000000000000 ) ) ;
#9404 = SURFACE_STYLE_FILL_AREA ( #2778 ) ;
#9405 = SURFACE_STYLE_FILL_AREA ( #495 ) ;
#9406 = DIRECTION ( 'NONE',  ( -1.000000000000000000, 0.000000000000000000, 0.000000000000000000 ) ) ;
#9407 = CARTESIAN_POINT ( 'NONE',  ( -0.9999999999999993339, -1.121588454295348794E-16, 0.3499999999999999778 ) ) ;
#9408 = ORIENTED_EDGE ( 'NONE', *, *, #6082, .F. ) ;
#9409 = ADVANCED_FACE ( 'NONE', ( #7519 ), #9090, .F. ) ;
#9410 = DIRECTION ( 'NONE',  ( -0.000000000000000000, -0.000000000000000000, -1.000000000000000000 ) ) ;
#9411 = VERTEX_POINT ( 'NONE', #5392 ) ;
#9412 = DIRECTION ( 'NONE',  ( 1.000000000000000000, 0.000000000000000000, 0.000000000000000000 ) ) ;
#9413 = EDGE_CURVE ( 'NONE', #4820, #5791, #4530, .T. ) ;
#9414 = PRESENTATION_LAYER_ASSIGNMENT (  '', '', ( #6603 ) ) ;
#9415 = SURFACE_STYLE_FILL_AREA ( #7059 ) ;
#9416 = LINE ( 'NONE', #2742, #8947 ) ;
#9417 = DIRECTION ( 'NONE',  ( 0.000000000000000000, 1.000000000000000000, -4.336808689942016750E-16 ) ) ;
#9418 = PLANE ( 'NONE',  #2916 ) ;
#9419 = PLANE ( 'NONE',  #2940 ) ;
#9420 = DIRECTION ( 'NONE',  ( 0.000000000000000000, 0.000000000000000000, -1.000000000000000000 ) ) ;
#9421 = ORIENTED_EDGE ( 'NONE', *, *, #2036, .T. ) ;
#9422 = ORIENTED_EDGE ( 'NONE', *, *, #4263, .F. ) ;
#9423 = CYLINDRICAL_SURFACE ( 'NONE', #4974, 0.2000000000000005107 ) ;
#9424 = ORIENTED_EDGE ( 'NONE', *, *, #8070, .T. ) ;
#9425 = CARTESIAN_POINT ( 'NONE',  ( 9.810000000000000497, 8.200000000000001066, 0.3499999999999999778 ) ) ;
#9426 = MECHANICAL_DESIGN_GEOMETRIC_PRESENTATION_REPRESENTATION (  '', ( #9263 ), #8960 ) ;
#9427 = CARTESIAN_POINT ( 'NONE',  ( 5.944197381770399247, 5.178803639424135241, 0.3499999999999998668 ) ) ;
#9428 = ORIENTED_EDGE ( 'NONE', *, *, #5704, .T. ) ;
#9429 = PRESENTATION_LAYER_ASSIGNMENT (  '', '', ( #6163 ) ) ;
#9430 = CARTESIAN_POINT ( 'NONE',  ( 3.061845733883979737, 5.626229152235330488, -8.408774101108950749E-17 ) ) ;
#9431 = CARTESIAN_POINT ( 'NONE',  ( 5.430000000000000604, 0.5000000000000005551, -0.3500000000000001443 ) ) ;
#9432 = CARTESIAN_POINT ( 'NONE',  ( 0.8641973817703989535, 5.178803639424137017, 0.3500000000000000888 ) ) ;
#9433 = DIRECTION ( 'NONE',  ( 1.000000000000000000, 1.084202172485504434E-16, 0.000000000000000000 ) ) ;
#9434 = ORIENTED_EDGE ( 'NONE', *, *, #7292, .F. ) ;
#9435 = AXIS2_PLACEMENT_3D ( 'NONE', #3616, #5855, #6580 ) ;
#9436 = CARTESIAN_POINT ( 'NONE',  ( -0.8601643567029741977, 5.218128553112199697, 0.3499999999999999223 ) ) ;
#9437 = CARTESIAN_POINT ( 'NONE',  ( 9.807475984454221418, 5.732672356334980179, 0.3499999999999996447 ) ) ;
#9438 = CARTESIAN_POINT ( 'NONE',  ( 1.940000000000000613, 6.299999999999999822, -0.1283333333333335768 ) ) ;
#9439 = DIRECTION ( 'NONE',  ( -0.000000000000000000, -1.668003342285391551E-16, -1.000000000000000000 ) ) ;
#9440 = ORIENTED_EDGE ( 'NONE', *, *, #6131, .T. ) ;
#9441 = EDGE_CURVE ( 'NONE', #3583, #3657, #1477, .T. ) ;
#9442 = ORIENTED_EDGE ( 'NONE', *, *, #7216, .T. ) ;
#9443 = CARTESIAN_POINT ( 'NONE',  ( -1.469999999999999973, 0.000000000000000000, -1.199999999999999956 ) ) ;
#9444 =( NAMED_UNIT ( * ) SI_UNIT ( $, .STERADIAN. ) SOLID_ANGLE_UNIT ( ) );
#9445 = DIRECTION ( 'NONE',  ( 1.000000000000000000, 0.000000000000000000, 0.000000000000000000 ) ) ;
#9446 = CARTESIAN_POINT ( 'NONE',  ( 2.540000000000000036, 6.299999999999999822, 0.3499999999999998668 ) ) ;
#9447 = EDGE_CURVE ( 'NONE', #9094, #5643, #5387, .T. ) ;
#9448 = CARTESIAN_POINT ( 'NONE',  ( 6.750384757729337437, 8.500000000000000000, 0.000000000000000000 ) ) ;
#9449 = EDGE_CURVE ( 'NONE', #7252, #9128, #7565, .T. ) ;
#9450 = VECTOR ( 'NONE', #806, 1000.000000000000000 ) ;
#9451 = DIRECTION ( 'NONE',  ( -0.000000000000000000, -0.000000000000000000, -1.000000000000000000 ) ) ;
#9452 = FACE_OUTER_BOUND ( 'NONE', #6459, .T. ) ;
#9453 = PRESENTATION_LAYER_ASSIGNMENT (  '', '', ( #384 ) ) ;
#9454 = ORIENTED_EDGE ( 'NONE', *, *, #1828, .T. ) ;
#9455 = UNCERTAINTY_MEASURE_WITH_UNIT (LENGTH_MEASURE( 1.000000000000000082E-05 ), #2764, 'distance_accuracy_value', 'NONE');
#9456 = CARTESIAN_POINT ( 'NONE',  ( 0.6000000000000005329, 6.299999999999999822, 0.3499999999999999778 ) ) ;
#9457 = VERTEX_POINT ( 'NONE', #6843 ) ;
#9458 =( BOUNDED_CURVE ( )  B_SPLINE_CURVE ( 3, ( #4750, #9129, #7708, #6981 ),
 .UNSPECIFIED., .F., .F. ) 
 B_SPLINE_CURVE_WITH_KNOTS ( ( 4, 4 ),
 ( 3.924083526751090290, 4.712388980384689674 ),
 .UNSPECIFIED. ) 
 CURVE ( )  GEOMETRIC_REPRESENTATION_ITEM ( )  RATIONAL_B_SPLINE_CURVE ( ( 1.000000000000000000, 0.9488815137910380226, 0.9488815137910380226, 1.000000000000000000 ) ) 
 REPRESENTATION_ITEM ( '' )  );
#9459 = CIRCLE ( 'NONE', #1648, 0.1999999999999999833 ) ;
#9460 = FACE_OUTER_BOUND ( 'NONE', #4853, .T. ) ;
#9461 = CARTESIAN_POINT ( 'NONE',  ( 6.750384757729337437, 8.500000000000000000, -0.8696152422706630025 ) ) ;
#9462 = PRESENTATION_LAYER_ASSIGNMENT (  '', '', ( #238 ) ) ;
#9463 = CARTESIAN_POINT ( 'NONE',  ( 6.620000000000000107, 6.500000000000000888, -0.3500000000000010880 ) ) ;
#9464 = CARTESIAN_POINT ( 'NONE',  ( 7.969999999999999751, 8.000000000000000000, 0.3499999999999999778 ) ) ;
#9465 = DIRECTION ( 'NONE',  ( 1.000000000000000000, -0.000000000000000000, 0.000000000000000000 ) ) ;
#9466 = CARTESIAN_POINT ( 'NONE',  ( 6.080000000000000071, 0.5000000000000000000, -0.3500000000000000888 ) ) ;
#9467 = PLANE ( 'NONE',  #2310 ) ;
#9468 = CARTESIAN_POINT ( 'NONE',  ( 0.7350420104460861914, 6.043840788194751568, -0.3499999999999999223 ) ) ;
#9469 = ORIENTED_EDGE ( 'NONE', *, *, #8209, .F. ) ;
#9470 = VECTOR ( 'NONE', #2009, 1000.000000000000000 ) ;
#9471 = VERTEX_POINT ( 'NONE', #138 ) ;
#9472 = AXIS2_PLACEMENT_3D ( 'NONE', #6157, #7021, #9270 ) ;
#9473 = SURFACE_STYLE_FILL_AREA ( #5669 ) ;
#9474 = ORIENTED_EDGE ( 'NONE', *, *, #4802, .T. ) ;
#9475 = CARTESIAN_POINT ( 'NONE',  ( 10.48525581988180555, 5.589454083063165157, 0.3499999999999996447 ) ) ;
#9476 = SURFACE_STYLE_FILL_AREA ( #8638 ) ;
#9477 = EDGE_LOOP ( 'NONE', ( #315, #7011, #288, #2879 ) ) ;
#9478 = FILL_AREA_STYLE ('',( #3340 ) ) ;
#9479 = AXIS2_PLACEMENT_3D ( 'NONE', #2046, #4303, #4944 ) ;
#9480 = CARTESIAN_POINT ( 'NONE',  ( -0.9999999999999995559, 1.800000000000000044, 0.1166666666666665853 ) ) ;
#9481 =( GEOMETRIC_REPRESENTATION_CONTEXT ( 3 ) GLOBAL_UNCERTAINTY_ASSIGNED_CONTEXT ( ( #2435 ) ) GLOBAL_UNIT_ASSIGNED_CONTEXT ( ( #8894, #616, #2801 ) ) REPRESENTATION_CONTEXT ( 'NONE', 'WORKASPACE' ) );
#9482 = AXIS2_PLACEMENT_3D ( 'NONE', #5109, #8020, #5943 ) ;
#9483 = CARTESIAN_POINT ( 'NONE',  ( -0.3500000000000000333, 8.000000000000000000, -0.3499999999999999778 ) ) ;
#9484 = VERTEX_POINT ( 'NONE', #8162 ) ;
#9485 = EDGE_CURVE ( 'NONE', #3952, #5193, #4482, .T. ) ;
#9486 = CARTESIAN_POINT ( 'NONE',  ( 3.226754932607761361, 8.000000000000000000, -0.6500000000000030198 ) ) ;
#9487 = CARTESIAN_POINT ( 'NONE',  ( 5.766754932607761397, 0.5000000000000000000, -0.3500000000000000888 ) ) ;
#9488 = CARTESIAN_POINT ( 'NONE',  ( -1.000000000000000000, 0.5000000000000000000, -0.3500000000000000888 ) ) ;
#9489 = ORIENTED_EDGE ( 'NONE', *, *, #9441, .F. ) ;
#9490 = VECTOR ( 'NONE', #7012, 1000.000000000000000 ) ;
#9491 = ORIENTED_EDGE ( 'NONE', *, *, #6752, .T. ) ;
#9492 = DIRECTION ( 'NONE',  ( -1.000000000000000000, -0.000000000000000000, -0.000000000000000000 ) ) ;
#9493 = DIRECTION ( 'NONE',  ( -0.000000000000000000, 1.000000000000000000, -0.000000000000000000 ) ) ;
#9494 = CARTESIAN_POINT ( 'NONE',  ( 1.540000000000000702, -1.121588454295348794E-16, 0.3499999999999998668 ) ) ;
#9495 = CARTESIAN_POINT ( 'NONE',  ( -6.734562392116861583E-17, 8.500000000000000000, -0.8696152422706626695 ) ) ;
#9496 = FACE_OUTER_BOUND ( 'NONE', #2499, .T. ) ;
#9497 = LINE ( 'NONE', #4833, #7039 ) ;
#9498 = PLANE ( 'NONE',  #4325 ) ;
#9499 = SURFACE_SIDE_STYLE ('',( #600 ) ) ;
#9500 = ORIENTED_EDGE ( 'NONE', *, *, #6308, .T. ) ;
#9501 = CYLINDRICAL_SURFACE ( 'NONE', #3483, 0.1999999999999996503 ) ;
#9502 = VECTOR ( 'NONE', #505, 1000.000000000000000 ) ;
#9503 = EDGE_LOOP ( 'NONE', ( #5278, #1559, #97, #8781 ) ) ;
#9504 = DIRECTION ( 'NONE',  ( -1.000000000000000000, 0.000000000000000000, 0.000000000000000000 ) ) ;
#9505 = LINE ( 'NONE', #1447, #5768 ) ;
#9506 =( NAMED_UNIT ( * ) SI_UNIT ( $, .STERADIAN. ) SOLID_ANGLE_UNIT ( ) );
#9507 = DIRECTION ( 'NONE',  ( -1.000000000000000000, 0.000000000000000000, 0.000000000000000000 ) ) ;
#9508 = CARTESIAN_POINT ( 'NONE',  ( 9.160000000000001918, 6.500000000000000888, -0.3500000000000010880 ) ) ;
#9509 = FILL_AREA_STYLE ('',( #559 ) ) ;
#9510 =( BOUNDED_SURFACE ( )  B_SPLINE_SURFACE ( 2, 3, ( 
 ( #6255, #9178, #6975, #7700 ),
 ( #1009, #1743, #8436, #8296 ),
 ( #4009, #9081, #2405, #1700 ) ),
 .UNSPECIFIED., .F., .F., .F. ) 
 B_SPLINE_SURFACE_WITH_KNOTS ( ( 3, 3 ),
 ( 4, 4 ),
 ( 0.000000000000000000, 1.000000000000000000 ),
 ( -0.0007349999999999999763, 3.500000000000000371E-05 ),
 .UNSPECIFIED. ) 
 GEOMETRIC_REPRESENTATION_ITEM ( )  RATIONAL_B_SPLINE_SURFACE ( (
 ( 1.000000000000000000, 1.000000000000000000, 1.000000000000000000, 1.000000000000000000),
 ( 0.7071067811865475727, 0.7071067811865475727, 0.7071067811865475727, 0.7071067811865475727),
 ( 1.000000000000000000, 1.000000000000000000, 1.000000000000000000, 1.000000000000000000) ) ) 
 REPRESENTATION_ITEM ( '' )  SURFACE ( )  );
#9511 = VERTEX_POINT ( 'NONE', #3785 ) ;
#9512 = VERTEX_POINT ( 'NONE', #6704 ) ;
#9513 = CARTESIAN_POINT ( 'NONE',  ( 10.51252401554577887, 5.732672356334978403, 0.3499999999999996447 ) ) ;
#9514 = MECHANICAL_DESIGN_GEOMETRIC_PRESENTATION_REPRESENTATION (  '', ( #8263 ), #5629 ) ;
#9515 = CARTESIAN_POINT ( 'NONE',  ( 0.6867549326077613259, 10.39117142264903570, -0.3500000000000017542 ) ) ;
#9516 = VERTEX_POINT ( 'NONE', #3013 ) ;
#9517 = LINE ( 'NONE', #1945, #3820 ) ;
#9518 = CARTESIAN_POINT ( 'NONE',  ( 7.120000000000001883, 6.084152315493286167, 0.3499999999999997558 ) ) ;
#9519 =( NAMED_UNIT ( * ) PLANE_ANGLE_UNIT ( ) SI_UNIT ( $, .RADIAN. ) );
#9520 = ORIENTED_EDGE ( 'NONE', *, *, #8506, .T. ) ;
#9521 = CARTESIAN_POINT ( 'NONE',  ( 4.106953799075547806, 3.450480068928324151, -0.3500000000000001443 ) ) ;
#9522 = DIRECTION ( 'NONE',  ( 0.000000000000000000, -1.668003342285391551E-16, -1.000000000000000000 ) ) ;
#9523 = ADVANCED_FACE ( 'NONE', ( #6748 ), #5667, .T. ) ;
#9524 = EDGE_CURVE ( 'NONE', #6348, #9353, #1754, .T. ) ;
#9525 = DIRECTION ( 'NONE',  ( 1.084202172485504434E-16, -1.000000000000000000, 0.000000000000000000 ) ) ;
#9526 = ORIENTED_EDGE ( 'NONE', *, *, #689, .T. ) ;
#9527 = VECTOR ( 'NONE', #9689, 1000.000000000000000 ) ;
#9528 = CARTESIAN_POINT ( 'NONE',  ( -0.9399798843744761045, 4.171275002134292365, 0.3499999999999999778 ) ) ;
#9529 = CARTESIAN_POINT ( 'NONE',  ( -0.9452969371955460831, 4.071564961060444965, -0.3500000000000000333 ) ) ;
#9530 = PRESENTATION_STYLE_ASSIGNMENT (( #5788 ) ) ;
#9531 = CARTESIAN_POINT ( 'NONE',  ( 4.260714092337830827, 5.570187327444797276, 0.3499999999999997002 ) ) ;
#9532 = ORIENTED_EDGE ( 'NONE', *, *, #7671, .F. ) ;
#9533 = UNCERTAINTY_MEASURE_WITH_UNIT (LENGTH_MEASURE( 1.000000000000000082E-05 ), #5229, 'distance_accuracy_value', 'NONE');
#9534 = AXIS2_PLACEMENT_3D ( 'NONE', #1463, #6592, #2855 ) ;
#9535 = EDGE_LOOP ( 'NONE', ( #6586, #9238, #629, #8628 ) ) ;
#9536 = CARTESIAN_POINT ( 'NONE',  ( 9.834744180118196510, 5.589454083063166046, 0.3499999999999996447 ) ) ;
#9537 = CARTESIAN_POINT ( 'NONE',  ( -0.3500000000000000333, 0.000000000000000000, 0.3499999999999999778 ) ) ;
#9538 = CARTESIAN_POINT ( 'NONE',  ( 2.390000000000000568, -3.000000000000000000, -0.3500000000000000888 ) ) ;
#9539 = SURFACE_SIDE_STYLE ('',( #683 ) ) ;
#9540 = CARTESIAN_POINT ( 'NONE',  ( 11.16000000000000547, 2.207665535523691158, 0.3499999999999997002 ) ) ;
#9541 = EDGE_CURVE ( 'NONE', #4913, #7849, #7768, .T. ) ;
#9542 = CARTESIAN_POINT ( 'NONE',  ( 5.860569551971559932, 5.815522798723455900, -0.3500000000000001998 ) ) ;
#9543 = LINE ( 'NONE', #745, #6035 ) ;
#9544 = DIRECTION ( 'NONE',  ( -7.744301232039316681E-17, 0.000000000000000000, -1.000000000000000000 ) ) ;
#9545 = ORIENTED_EDGE ( 'NONE', *, *, #1267, .F. ) ;
#9546 = ORIENTED_EDGE ( 'NONE', *, *, #5441, .T. ) ;
#9547 = FILL_AREA_STYLE ('',( #8027 ) ) ;
#9548 = ORIENTED_EDGE ( 'NONE', *, *, #7193, .F. ) ;
#9549 = CARTESIAN_POINT ( 'NONE',  ( 7.669999999999999929, 8.026794919243112503, -0.04999999999999996808 ) ) ;
#9550 = UNCERTAINTY_MEASURE_WITH_UNIT (LENGTH_MEASURE( 1.000000000000000082E-05 ), #1908, 'distance_accuracy_value', 'NONE');
#9551 = LINE ( 'NONE', #7399, #1390 ) ;
#9552 = CARTESIAN_POINT ( 'NONE',  ( 11.10469548695616737, 4.083092593512565038, -0.3500000000000002554 ) ) ;
#9553 = LINE ( 'NONE', #7109, #2272 ) ;
#9554 =( NAMED_UNIT ( * ) SI_UNIT ( $, .STERADIAN. ) SOLID_ANGLE_UNIT ( ) );
#9555 = EDGE_CURVE ( 'NONE', #4116, #7164, #9286, .T. ) ;
#9556 = CARTESIAN_POINT ( 'NONE',  ( 10.84675493260776236, 10.39117142264903570, 0.6499999999999995781 ) ) ;
#9557 = VERTEX_POINT ( 'NONE', #280 ) ;
#9558 = VERTEX_POINT ( 'NONE', #3296 ) ;
#9559 = CARTESIAN_POINT ( 'NONE',  ( 2.539999999999999147, 1.700000000000000178, 0.3499999999999998668 ) ) ;
#9560 = ADVANCED_FACE ( 'NONE', ( #2676 ), #7080, .T. ) ;
#9561 = ADVANCED_BREP_SHAPE_REPRESENTATION ( '100mill Female Pin Header_5P_Gr', ( #642, #3849, #544, #568, #450, #3773, #1573 ), #4875 ) ;
#9562 = CARTESIAN_POINT ( 'NONE',  ( 6.831843070995633482, 5.771059683742042701, -0.3500000000000001998 ) ) ;
#9563 = DIRECTION ( 'NONE',  ( 0.000000000000000000, 1.000000000000000000, -1.668003342285391797E-16 ) ) ;
#9564 = ORIENTED_EDGE ( 'NONE', *, *, #9228, .T. ) ;
#9565 = SURFACE_SIDE_STYLE ('',( #2049 ) ) ;
#9566 = AXIS2_PLACEMENT_3D ( 'NONE', #1320, #4728, #2862 ) ;
#9567 = EDGE_CURVE ( 'NONE', #1456, #5509, #3495, .T. ) ;
#9568 = VECTOR ( 'NONE', #4908, 1000.000000000000000 ) ;
#9569 = FILL_AREA_STYLE_COLOUR ( '', #7656 ) ;
#9570 = VERTEX_POINT ( 'NONE', #2105 ) ;
#9571 = CARTESIAN_POINT ( 'NONE',  ( 4.146302744966794407, 4.293911919603389471, -0.3500000000000002554 ) ) ;
#9572 = LINE ( 'NONE', #7329, #155 ) ;
#9573 = LINE ( 'NONE', #5826, #8845 ) ;
#9574 = CARTESIAN_POINT ( 'NONE',  ( 10.16000000000000014, 6.299999999999999822, 0.3499999999999996447 ) ) ;
#9575 = COLOUR_RGB ( '',0.8313725490196077761, 0.6705882352941175961, 0.1294117647058823373 ) ;
#9576 = FILL_AREA_STYLE ('',( #2214 ) ) ;
#9577 = VERTEX_POINT ( 'NONE', #9431 ) ;
#9578 = UNCERTAINTY_MEASURE_WITH_UNIT (LENGTH_MEASURE( 1.000000000000000082E-05 ), #1739, 'distance_accuracy_value', 'NONE');
#9579 = UNCERTAINTY_MEASURE_WITH_UNIT (LENGTH_MEASURE( 1.000000000000000082E-05 ), #3205, 'distance_accuracy_value', 'NONE');
#9580 = ADVANCED_FACE ( 'NONE', ( #8005 ), #1317, .F. ) ;
#9581 = CARTESIAN_POINT ( 'NONE',  ( -0.6662662111509194407, 6.298959448224835889, -0.3500000000000000333 ) ) ;
#9582 = CARTESIAN_POINT ( 'NONE',  ( 7.970000000000001528, 1.084202172485506745E-17, -0.3500000000000002554 ) ) ;
#9583 = ORIENTED_EDGE ( 'NONE', *, *, #2106, .F. ) ;
#9584 = ORIENTED_EDGE ( 'NONE', *, *, #7379, .F. ) ;
#9585 = LINE ( 'NONE', #4382, #5015 ) ;
#9586 = FILL_AREA_STYLE_COLOUR ( '', #5951 ) ;
#9587 = SURFACE_STYLE_FILL_AREA ( #5060 ) ;
#9588 = LINE ( 'NONE', #7346, #259 ) ;
#9589 = CARTESIAN_POINT ( 'NONE',  ( 11.02262604745993357, 5.194217234910147418, 0.3499999999999996447 ) ) ;
#9590 = LINE ( 'NONE', #3790, #7578 ) ;
#9591 = CARTESIAN_POINT ( 'NONE',  ( 0.3500000000000000333, 8.200000000000001066, 0.3499999999999999778 ) ) ;
#9592 = FILL_AREA_STYLE ('',( #4443 ) ) ;
#9593 = ORIENTED_EDGE ( 'NONE', *, *, #4423, .T. ) ;
#9594 = VERTEX_POINT ( 'NONE', #5870 ) ;
#9595 = CARTESIAN_POINT ( 'NONE',  ( 6.080000000000000071, 1.800000000000000488, -0.3500000000000001443 ) ) ;
#9596 = EDGE_LOOP ( 'NONE', ( #3560, #4076, #6913, #1716 ) ) ;
#9597 = LINE ( 'NONE', #9655, #6808 ) ;
#9598 = CARTESIAN_POINT ( 'NONE',  ( 9.367514633686706560, 5.744802409713122060, -0.3500000000000003109 ) ) ;
#9599 = VECTOR ( 'NONE', #4551, 1000.000000000000000 ) ;
#9600 = CARTESIAN_POINT ( 'NONE',  ( 11.08405814071715412, 4.443591676420196812, -0.3500000000000002554 ) ) ;
#9601 = CARTESIAN_POINT ( 'NONE',  ( 6.080000000000000959, 0.8000000000000007105, 0.3499999999999998113 ) ) ;
#9602 = CARTESIAN_POINT ( 'NONE',  ( 6.620000000000000995, 1.800000000000000488, 0.1283333333333333548 ) ) ;
#9603 = CARTESIAN_POINT ( 'NONE',  ( 8.265466478527304872, 3.877691542223589138, 0.3499999999999997002 ) ) ;
#9604 = CARTESIAN_POINT ( 'NONE',  ( 0.9399798843744258114, 4.171275002134770205, -0.3499999999999999778 ) ) ;
#9605 = ORIENTED_EDGE ( 'NONE', *, *, #7322, .T. ) ;
#9606 = PRESENTATION_STYLE_ASSIGNMENT (( #7498 ) ) ;
#9607 = VECTOR ( 'NONE', #496, 1000.000000000000000 ) ;
#9608 = ORIENTED_EDGE ( 'NONE', *, *, #2752, .T. ) ;
#9609 = CARTESIAN_POINT ( 'NONE',  ( 1.853245067392238710, 6.500000000000000888, 0.3499999999999989231 ) ) ;
#9610 = CARTESIAN_POINT ( 'NONE',  ( 4.729999999999999538, 0.000000000000000000, -0.3499999999999999778 ) ) ;
#9611 = FACE_OUTER_BOUND ( 'NONE', #4570, .T. ) ;
#9612 = EDGE_LOOP ( 'NONE', ( #761, #4155, #2568, #7339 ) ) ;
#9613 = MECHANICAL_DESIGN_GEOMETRIC_PRESENTATION_REPRESENTATION (  '', ( #5256 ), #8358 ) ;
#9614 = FACE_OUTER_BOUND ( 'NONE', #5326, .T. ) ;
#9615 = VECTOR ( 'NONE', #1576, 1000.000000000000000 ) ;
#9616 = ORIENTED_EDGE ( 'NONE', *, *, #3467, .T. ) ;
#9617 = SURFACE_STYLE_FILL_AREA ( #8004 ) ;
#9618 = VECTOR ( 'NONE', #9205, 1000.000000000000114 ) ;
#9619 = AXIS2_PLACEMENT_3D ( 'NONE', #6013, #6914, #118 ) ;
#9620 = SURFACE_STYLE_FILL_AREA ( #2312 ) ;
#9621 = EDGE_CURVE ( 'NONE', #6932, #9471, #9572, .T. ) ;
#9622 = AXIS2_PLACEMENT_3D ( 'NONE', #6073, #878, #6930 ) ;
#9623 = DIRECTION ( 'NONE',  ( 0.000000000000000000, -1.668003342285391551E-16, -1.000000000000000000 ) ) ;
#9624 =( LENGTH_UNIT ( ) NAMED_UNIT ( * ) SI_UNIT ( .MILLI., .METRE. ) );
#9625 = ORIENTED_EDGE ( 'NONE', *, *, #5663, .F. ) ;
#9626 = CIRCLE ( 'NONE', #726, 0.1999999999999999833 ) ;
#9627 = EDGE_CURVE ( 'NONE', #9047, #868, #7177, .T. ) ;
#9628 = CARTESIAN_POINT ( 'NONE',  ( 1.540000000000000036, 0.5000000000000000000, -0.3500000000000000888 ) ) ;
#9629 = EDGE_CURVE ( 'NONE', #6616, #4559, #8798, .T. ) ;
#9630 = CARTESIAN_POINT ( 'NONE',  ( -0.9455177966741292739, 4.067306563708465994, -0.3500000000000000333 ) ) ;
#9631 = PRESENTATION_LAYER_ASSIGNMENT (  '', '', ( #7127 ) ) ;
#9632 = PLANE ( 'NONE',  #9675 ) ;
#9633 = ORIENTED_EDGE ( 'NONE', *, *, #1617, .F. ) ;
#9634 = ORIENTED_EDGE ( 'NONE', *, *, #4870, .T. ) ;
#9635 = VECTOR ( 'NONE', #8242, 1000.000000000000000 ) ;
#9636 = CARTESIAN_POINT ( 'NONE',  ( 10.51000000000000156, 0.5000000000000005551, 0.3499999999999996447 ) ) ;
#9637 = STYLED_ITEM ( 'NONE', ( #3819 ), #6484 ) ;
#9638 = VECTOR ( 'NONE', #1969, 1000.000000000000000 ) ;
#9639 = EDGE_CURVE ( 'NONE', #6667, #7209, #6501, .T. ) ;
#9640 = FILL_AREA_STYLE_COLOUR ( '', #8113 ) ;
#9641 = ORIENTED_EDGE ( 'NONE', *, *, #2632, .F. ) ;
#9642 = DIRECTION ( 'NONE',  ( 0.000000000000000000, 0.000000000000000000, 1.000000000000000000 ) ) ;
#9643 = CARTESIAN_POINT ( 'NONE',  ( 11.10608680140860827, 4.056300144720193401, 0.3499999999999996447 ) ) ;
#9644 = COLOUR_RGB ( '',0.8313725490196077761, 0.6705882352941175961, 0.1294117647058823373 ) ;
#9645 = UNCERTAINTY_MEASURE_WITH_UNIT (LENGTH_MEASURE( 1.000000000000000082E-05 ), #7373, 'distance_accuracy_value', 'NONE');
#9646 = DIRECTION ( 'NONE',  ( -0.7071067811865461294, -0.7071067811865490160, 0.000000000000000000 ) ) ;
#9647 = VECTOR ( 'NONE', #2945, 1000.000000000000000 ) ;
#9648 = CARTESIAN_POINT ( 'NONE',  ( 4.930000000000001492, -3.000000000000000000, -0.3500000000000001443 ) ) ;
#9649 = SURFACE_SIDE_STYLE ('',( #2925 ) ) ;
#9650 = ORIENTED_EDGE ( 'NONE', *, *, #8332, .F. ) ;
#9651 = VERTEX_POINT ( 'NONE', #2053 ) ;
#9652 = VERTEX_POINT ( 'NONE', #2003 ) ;
#9653 = MECHANICAL_DESIGN_GEOMETRIC_PRESENTATION_REPRESENTATION (  '', ( #8548 ), #8245 ) ;
#9654 = LINE ( 'NONE', #9549, #4957 ) ;
#9655 = CARTESIAN_POINT ( 'NONE',  ( 0.6867549326077613259, 0.5000000000000000000, -0.6500000000000013545 ) ) ;
#9656 = CARTESIAN_POINT ( 'NONE',  ( 9.297373952540061381, 5.194217234909945802, -0.3500000000000003664 ) ) ;
#9657 = DIRECTION ( 'NONE',  ( 0.000000000000000000, -1.668003342285391551E-16, -1.000000000000000000 ) ) ;
#9658 = CARTESIAN_POINT ( 'NONE',  ( 10.84675493260776236, 0.5000000000000000000, -0.6500000000000013545 ) ) ;
#9659 = SURFACE_STYLE_USAGE ( .BOTH. , #6624 ) ;
#9660 = ADVANCED_FACE ( 'NONE', ( #4311 ), #7278, .F. ) ;
#9661 = CARTESIAN_POINT ( 'NONE',  ( -0.4999999999999985012, 6.084152315493286167, 0.3499999999999999223 ) ) ;
#9662 = VECTOR ( 'NONE', #803, 1000.000000000000000 ) ;
#9663 = CARTESIAN_POINT ( 'NONE',  ( 0.8556901891659164372, 5.260692584315791009, -0.3499999999999999778 ) ) ;
#9664 = ORIENTED_EDGE ( 'NONE', *, *, #7477, .T. ) ;
#9665 = CARTESIAN_POINT ( 'NONE',  ( 1.853245067392238710, 10.39117142264903570, 0.6499999999999995781 ) ) ;
#9666 = ORIENTED_EDGE ( 'NONE', *, *, #8448, .T. ) ;
#9667 = CARTESIAN_POINT ( 'NONE',  ( 1.894533521472694604, 3.877691542223590471, -0.3500000000000000333 ) ) ;
#9668 = SURFACE_SIDE_STYLE ('',( #4460 ) ) ;
#9669 = DIRECTION ( 'NONE',  ( -1.000000000000000000, 0.000000000000000000, 3.310540984688563355E-17 ) ) ;
#9670 = ORIENTED_EDGE ( 'NONE', *, *, #7469, .F. ) ;
#9671 = CARTESIAN_POINT ( 'NONE',  ( 9.660000000000001918, 6.084152315493286167, 0.3499999999999997002 ) ) ;
#9672 = DIRECTION ( 'NONE',  ( 0.000000000000000000, -1.000000000000000000, 1.668003342285391551E-16 ) ) ;
#9673 = EDGE_CURVE ( 'NONE', #4965, #3422, #4952, .T. ) ;
#9674 = ORIENTED_EDGE ( 'NONE', *, *, #5513, .F. ) ;
#9675 = AXIS2_PLACEMENT_3D ( 'NONE', #1568, #1382, #8999 ) ;
#9676 = CARTESIAN_POINT ( 'NONE',  ( 4.291843070995635223, 5.771059683742046253, -0.3500000000000001443 ) ) ;
#9677 = DIRECTION ( 'NONE',  ( 0.000000000000000000, 1.668003342285388099E-16, 1.000000000000000000 ) ) ;
#9678 = LINE ( 'NONE', #3733, #3892 ) ;
#9679 =( NAMED_UNIT ( * ) SI_UNIT ( $, .STERADIAN. ) SOLID_ANGLE_UNIT ( ) );
#9680 = ORIENTED_EDGE ( 'NONE', *, *, #2520, .T. ) ;
#9681 = PRESENTATION_STYLE_ASSIGNMENT (( #8345 ) ) ;
#9682 = EDGE_CURVE ( 'NONE', #4564, #2563, #1271, .T. ) ;
#9683 = CARTESIAN_POINT ( 'NONE',  ( -0.8678348867008387479, 5.142569796484065314, -0.3499999999999999223 ) ) ;
#9684 = EDGE_CURVE ( 'NONE', #7879, #9594, #4268, .T. ) ;
#9685 = AXIS2_PLACEMENT_3D ( 'NONE', #5676, #1118, #5492 ) ;
#9686 = DIRECTION ( 'NONE',  ( -3.097720492815726426E-17, 1.000000000000000000, 0.000000000000000000 ) ) ;
#9687 = ORIENTED_EDGE ( 'NONE', *, *, #2295, .F. ) ;
#9688 = CARTESIAN_POINT ( 'NONE',  ( 0.000000000000000000, 8.000000000000000000, 0.000000000000000000 ) ) ;
#9689 = DIRECTION ( 'NONE',  ( 0.000000000000000000, -3.097720492815727166E-16, -1.000000000000000000 ) ) ;
#9690 = EDGE_CURVE ( 'NONE', #2469, #6232, #2718, .T. ) ;
#9691 = DIRECTION ( 'NONE',  ( -0.000000000000000000, 0.000000000000000000, 1.000000000000000000 ) ) ;
#9692 =( GEOMETRIC_REPRESENTATION_CONTEXT ( 3 ) GLOBAL_UNCERTAINTY_ASSIGNED_CONTEXT ( ( #5100 ) ) GLOBAL_UNIT_ASSIGNED_CONTEXT ( ( #1820, #6372, #9398 ) ) REPRESENTATION_CONTEXT ( 'NONE', 'WORKASPACE' ) );
#9693 = LINE ( 'NONE', #5202, #3431 ) ;
#9694 = ORIENTED_EDGE ( 'NONE', *, *, #6723, .F. ) ;
ENDSEC;
END-ISO-10303-21;
