ISO-10303-21;
HEADER;
FILE_DESCRIPTION (( 'STEP AP214' ),
    '1' );
FILE_NAME ('100mill Female Pin Header_3P_Gr.STEP',
    '2026-02-28T15:39:55',
    ( '' ),
    ( '' ),
    'SwSTEP 2.0',
    'SolidWorks 2024',
    '' );
FILE_SCHEMA (( 'AUTOMOTIVE_DESIGN' ));
ENDSEC;

DATA;
#1 = ORIENTED_EDGE ( 'NONE', *, *, #5723, .F. ) ;
#2 = CARTESIAN_POINT ( 'NONE',  ( 1.853245067392238710, 0.5000000000000002220, 0.3499999999999998668 ) ) ;
#3 = ORIENTED_EDGE ( 'NONE', *, *, #1117, .T. ) ;
#4 = DIRECTION ( 'NONE',  ( 1.000000000000000000, 0.000000000000000000, 0.000000000000000000 ) ) ;
#5 = SURFACE_STYLE_USAGE ( .BOTH. , #3674 ) ;
#6 = VERTEX_POINT ( 'NONE', #2873 ) ;
#7 = DIRECTION ( 'NONE',  ( 0.7071067811865474617, 0.7071067811865474617, -0.000000000000000000 ) ) ;
#8 = DIRECTION ( 'NONE',  ( 0.7071067811865489050, -0.7071067811865460184, 0.000000000000000000 ) ) ;
#9 = CIRCLE ( 'NONE', #1950, 0.1999999999999996503 ) ;
#10 = VECTOR ( 'NONE', #1131, 1000.000000000000000 ) ;
#11 = CARTESIAN_POINT ( 'NONE',  ( 4.754744180118195551, 5.589454083063166046, -0.3499999999999999778 ) ) ;
#12 = DIRECTION ( 'NONE',  ( 1.000000000000000000, 0.000000000000000000, 0.000000000000000000 ) ) ;
#13 = VERTEX_POINT ( 'NONE', #4273 ) ;
#14 = CARTESIAN_POINT ( 'NONE',  ( 5.543356898907900288, 1.699999999999997957, -0.3499999999999999778 ) ) ;
#15 = MECHANICAL_DESIGN_GEOMETRIC_PRESENTATION_REPRESENTATION (  '', ( #5290 ), #2510 ) ;
#16 = SURFACE_STYLE_USAGE ( .BOTH. , #4144 ) ;
#17 = VECTOR ( 'NONE', #1624, 1000.000000000000000 ) ;
#18 = FILL_AREA_STYLE_COLOUR ( '', #2845 ) ;
#19 = CARTESIAN_POINT ( 'NONE',  ( 4.631806954577858626, 5.884855341312110077, 0.3499999999999999223 ) ) ;
#20 = ORIENTED_EDGE ( 'NONE', *, *, #4256, .T. ) ;
#21 = CIRCLE ( 'NONE', #1581, 0.1999999999999999833 ) ;
#22 = CARTESIAN_POINT ( 'NONE',  ( 4.215802618229587573, 5.178803639423790628, -0.3499999999999999778 ) ) ;
#23 = VERTEX_POINT ( 'NONE', #5151 ) ;
#24 = CARTESIAN_POINT ( 'NONE',  ( 1.596432165885827814, 4.104507585657485080, 0.3499999999999999778 ) ) ;
#25 = FACE_OUTER_BOUND ( 'NONE', #3909, .T. ) ;
#26 = CARTESIAN_POINT ( 'NONE',  ( 4.398619849678662597, 6.233860305463148066, 0.3499999999999999778 ) ) ;
#27 = VERTEX_POINT ( 'NONE', #696 ) ;
#28 = DIRECTION ( 'NONE',  ( -0.000000000000000000, -1.000000000000000000, 1.668003342285392044E-16 ) ) ;
#29 = EDGE_CURVE ( 'NONE', #1462, #2280, #3319, .T. ) ;
#30 = CARTESIAN_POINT ( 'NONE',  ( 0.000000000000000000, 8.500000000000000000, 0.8696152422706645568 ) ) ;
#31 = SURFACE_STYLE_USAGE ( .BOTH. , #4009 ) ;
#32 = ORIENTED_EDGE ( 'NONE', *, *, #4894, .F. ) ;
#33 = PLANE ( 'NONE',  #3693 ) ;
#34 = SURFACE_STYLE_FILL_AREA ( #3762 ) ;
#35 = CARTESIAN_POINT ( 'NONE',  ( -0.3500000000000000333, 8.199999999999999289, 0.3499999999999999778 ) ) ;
#36 = CARTESIAN_POINT ( 'NONE',  ( -0.3500000000000000333, 8.199999999999999289, 0.3499999999999999778 ) ) ;
#37 = ORIENTED_EDGE ( 'NONE', *, *, #4084, .T. ) ;
#38 = PRESENTATION_STYLE_ASSIGNMENT (( #4142 ) ) ;
#39 = CARTESIAN_POINT ( 'NONE',  ( 5.079999999999999183, 1.700000000000000178, 0.3499999999999999778 ) ) ;
#40 = SURFACE_SIDE_STYLE ('',( #2272 ) ) ;
#41 = EDGE_CURVE ( 'NONE', #4230, #2579, #3991, .T. ) ;
#42 = B_SPLINE_CURVE_WITH_KNOTS ( 'NONE', 3,
 ( #1752, #1258, #3013, #4478 ),
 .UNSPECIFIED., .F., .F.,
 ( 4, 4 ),
 ( 0.000000000000000000, 1.000000000000000000 ),
 .UNSPECIFIED. ) ;
#43 = CARTESIAN_POINT ( 'NONE',  ( -0.8749941293856292601, 5.069026963383188367, -0.3499999999999999778 ) ) ;
#44 = CARTESIAN_POINT ( 'NONE',  ( -5.421010862427528333E-17, 0.5000000000000005551, 0.3499999999999999778 ) ) ;
#45 = FACE_OUTER_BOUND ( 'NONE', #1612, .T. ) ;
#46 = CARTESIAN_POINT ( 'NONE',  ( 4.727475984454220459, 5.732672356334980179, 0.3499999999999999778 ) ) ;
#47 = CARTESIAN_POINT ( 'NONE',  ( -0.8696152422706646679, 8.500000000000000000, 0.000000000000000000 ) ) ;
#48 = VERTEX_POINT ( 'NONE', #1719 ) ;
#49 = ORIENTED_EDGE ( 'NONE', *, *, #4894, .T. ) ;
#50 = LINE ( 'NONE', #3261, #3792 ) ;
#51 = FACE_OUTER_BOUND ( 'NONE', #2149, .T. ) ;
#52 = DIRECTION ( 'NONE',  ( 1.000000000000000000, 0.000000000000000000, 0.000000000000000000 ) ) ;
#53 = ORIENTED_EDGE ( 'NONE', *, *, #933, .F. ) ;
#54 = CARTESIAN_POINT ( 'NONE',  ( 1.000000000000000444, 1.800000000000000488, 0.3499999999999999778 ) ) ;
#55 = LINE ( 'NONE', #4707, #1662 ) ;
#56 = CARTESIAN_POINT ( 'NONE',  ( 5.430000000000000604, 1.084202172485506745E-17, -0.3499999999999999778 ) ) ;
#57 = EDGE_LOOP ( 'NONE', ( #2999, #4363, #1118, #2586 ) ) ;
#58 =( NAMED_UNIT ( * ) SI_UNIT ( $, .STERADIAN. ) SOLID_ANGLE_UNIT ( ) );
#59 =( NAMED_UNIT ( * ) SI_UNIT ( $, .STERADIAN. ) SOLID_ANGLE_UNIT ( ) );
#60 = VECTOR ( 'NONE', #145, 1000.000000000000000 ) ;
#61 = CARTESIAN_POINT ( 'NONE',  ( -0.8775285524312824714, 5.050332720358726490, 0.3499999999999999778 ) ) ;
#62 = ORIENTED_EDGE ( 'NONE', *, *, #549, .F. ) ;
#63 = DIRECTION ( 'NONE',  ( 1.000000000000000000, 0.000000000000000000, 0.000000000000000000 ) ) ;
#64 = COLOUR_RGB ( '',0.8313725490196077761, 0.6705882352941175961, 0.1294117647058823373 ) ;
#65 = STYLED_ITEM ( 'NONE', ( #2275 ), #3489 ) ;
#66 = PLANE ( 'NONE',  #4417 ) ;
#67 = ORIENTED_EDGE ( 'NONE', *, *, #4158, .T. ) ;
#68 = DIRECTION ( 'NONE',  ( -1.000000000000000000, -0.000000000000000000, -0.000000000000000000 ) ) ;
#69 = VECTOR ( 'NONE', #2786, 1000.000000000000114 ) ;
#70 =( LENGTH_UNIT ( ) NAMED_UNIT ( * ) SI_UNIT ( .MILLI., .METRE. ) );
#71 = LINE ( 'NONE', #624, #1536 ) ;
#72 =( BOUNDED_SURFACE ( )  B_SPLINE_SURFACE ( 3, 1, ( 
 ( #5288, #2499 ),
 ( #1653, #2975 ),
 ( #3004, #4869 ),
 ( #4320, #4900 ) ),
 .UNSPECIFIED., .F., .F., .F. ) 
 B_SPLINE_SURFACE_WITH_KNOTS ( ( 4, 4 ),
 ( 2, 2 ),
 ( 0.000000000000000000, 1.000000000000000000 ),
 ( 0.000000000000000000, 1.000000000000000000 ),
 .UNSPECIFIED. ) 
 GEOMETRIC_REPRESENTATION_ITEM ( )  RATIONAL_B_SPLINE_SURFACE ( (
 ( 1.000000000000000000, 1.000000000000000000),
 ( 0.9488815137910379116, 0.9488815137910379116),
 ( 0.9488815137910379116, 0.9488815137910379116),
 ( 1.000000000000000000, 1.000000000000000000) ) ) 
 REPRESENTATION_ITEM ( '' )  SURFACE ( )  );
#73 = MECHANICAL_DESIGN_GEOMETRIC_PRESENTATION_REPRESENTATION (  '', ( #3986 ), #3790 ) ;
#74 = ADVANCED_FACE ( 'NONE', ( #2453 ), #2926, .F. ) ;
#75 = EDGE_CURVE ( 'NONE', #4600, #2469, #4310, .T. ) ;
#76 = ORIENTED_EDGE ( 'NONE', *, *, #4916, .F. ) ;
#77 = DIRECTION ( 'NONE',  ( -0.000000000000000000, -0.000000000000000000, -1.000000000000000000 ) ) ;
#78 = LINE ( 'NONE', #3722, #2381 ) ;
#79 = ORIENTED_EDGE ( 'NONE', *, *, #4031, .T. ) ;
#80 = MECHANICAL_DESIGN_GEOMETRIC_PRESENTATION_REPRESENTATION (  '', ( #2296 ), #1639 ) ;
#81 = COLOUR_RGB ( '',0.8313725490196077761, 0.6705882352941175961, 0.1294117647058823373 ) ;
#82 = ADVANCED_FACE ( 'NONE', ( #214 ), #5709, .F. ) ;
#83 = CARTESIAN_POINT ( 'NONE',  ( 1.670384757729335368, 8.500000000000000000, 0.000000000000000000 ) ) ;
#84 = ORIENTED_EDGE ( 'NONE', *, *, #4692, .T. ) ;
#85 = PRESENTATION_LAYER_ASSIGNMENT (  '', '', ( #184 ) ) ;
#86 =( NAMED_UNIT ( * ) SI_UNIT ( $, .STERADIAN. ) SOLID_ANGLE_UNIT ( ) );
#87 =( GEOMETRIC_REPRESENTATION_CONTEXT ( 3 ) GLOBAL_UNCERTAINTY_ASSIGNED_CONTEXT ( ( #557 ) ) GLOBAL_UNIT_ASSIGNED_CONTEXT ( ( #1343, #2709, #59 ) ) REPRESENTATION_CONTEXT ( 'NONE', 'WORKASPACE' ) );
#88 = FILL_AREA_STYLE ('',( #2726 ) ) ;
#89 = ORIENTED_EDGE ( 'NONE', *, *, #1398, .F. ) ;
#90 = LINE ( 'NONE', #4221, #60 ) ;
#91 = DIRECTION ( 'NONE',  ( -1.000000000000000000, -1.084202172485504434E-16, 0.000000000000000000 ) ) ;
#92 = CYLINDRICAL_SURFACE ( 'NONE', #2417, 0.2999999999999999334 ) ;
#93 = ORIENTED_EDGE ( 'NONE', *, *, #4027, .T. ) ;
#94 = CARTESIAN_POINT ( 'NONE',  ( 2.890000000000001013, -2.800000000000001155, 0.3499999999999999778 ) ) ;
#95 = CARTESIAN_POINT ( 'NONE',  ( 3.397838562583936906, 5.240363704783927545, -0.3500000000000000333 ) ) ;
#96 = AXIS2_PLACEMENT_3D ( 'NONE', #475, #5492, #4567 ) ;
#97 = DIRECTION ( 'NONE',  ( -0.000000000000000000, -1.000000000000000000, -0.000000000000000000 ) ) ;
#98 = ORIENTED_EDGE ( 'NONE', *, *, #4454, .F. ) ;
#99 = UNCERTAINTY_MEASURE_WITH_UNIT (LENGTH_MEASURE( 1.000000000000000082E-05 ), #4331, 'distance_accuracy_value', 'NONE');
#100 = CARTESIAN_POINT ( 'NONE',  ( -0.1499999999999994393, -3.000000000000000000, 0.3499999999999999778 ) ) ;
#101 = EDGE_CURVE ( 'NONE', #4580, #1868, #2960, .T. ) ;
#102 = VECTOR ( 'NONE', #287, 1000.000000000000000 ) ;
#103 = EDGE_LOOP ( 'NONE', ( #1560, #4340, #4747, #4414, #3225, #2329, #1583, #2482, #1981, #658, #1298, #1697 ) ) ;
#104 = UNCERTAINTY_MEASURE_WITH_UNIT (LENGTH_MEASURE( 1.000000000000000082E-05 ), #5321, 'distance_accuracy_value', 'NONE');
#105 = VECTOR ( 'NONE', #4928, 1000.000000000000000 ) ;
#106 = CARTESIAN_POINT ( 'NONE',  ( -0.5999999999999996447, 6.299999999999999822, -0.3499999999999999778 ) ) ;
#107 = DIRECTION ( 'NONE',  ( -0.6546536707079769757, -0.3779644730092281413, -0.6546536707079769757 ) ) ;
#108 = PRESENTATION_LAYER_ASSIGNMENT (  '', '', ( #3080 ) ) ;
#109 = CARTESIAN_POINT ( 'NONE',  ( 1.940000000000000613, 6.299999999999999822, -0.3499999999999999778 ) ) ;
#110 = SURFACE_STYLE_FILL_AREA ( #4213 ) ;
#111 = LINE ( 'NONE', #139, #3800 ) ;
#112 = CARTESIAN_POINT ( 'NONE',  ( 0.8192859076622390768, 5.570187327444200420, -0.3499999999999998668 ) ) ;
#113 = PLANE ( 'NONE',  #1163 ) ;
#114 =( GEOMETRIC_REPRESENTATION_CONTEXT ( 3 ) GLOBAL_UNCERTAINTY_ASSIGNED_CONTEXT ( ( #288 ) ) GLOBAL_UNIT_ASSIGNED_CONTEXT ( ( #2848, #185, #1059 ) ) REPRESENTATION_CONTEXT ( 'NONE', 'WORKASPACE' ) );
#115 = DIRECTION ( 'NONE',  ( 1.000000000000000000, 1.084202172485504434E-16, 0.000000000000000000 ) ) ;
#116 = ORIENTED_EDGE ( 'NONE', *, *, #1460, .F. ) ;
#117 = EDGE_CURVE ( 'NONE', #13, #2629, #4337, .T. ) ;
#118 = PLANE ( 'NONE',  #2744 ) ;
#119 = CARTESIAN_POINT ( 'NONE',  ( -0.3252558198818047974, 5.589454083063166046, 0.3499999999999999778 ) ) ;
#120 = EDGE_CURVE ( 'NONE', #343, #321, #5608, .T. ) ;
#121 = LINE ( 'NONE', #608, #5787 ) ;
#122 = UNCERTAINTY_MEASURE_WITH_UNIT (LENGTH_MEASURE( 1.000000000000000082E-05 ), #2455, 'distance_accuracy_value', 'NONE');
#123 = ORIENTED_EDGE ( 'NONE', *, *, #4172, .T. ) ;
#124 = DIRECTION ( 'NONE',  ( 0.000000000000000000, 3.097720492815727166E-16, 1.000000000000000000 ) ) ;
#125 = CARTESIAN_POINT ( 'NONE',  ( -0.9399798843744761045, 4.171275002134292365, 0.3499999999999999778 ) ) ;
#126 = EDGE_LOOP ( 'NONE', ( #1333, #5171, #3586, #5475, #4742, #2082, #2969, #1290, #2402, #67, #424, #1249, #960, #5876, #4760, #1514, #3140, #4560, #1705, #1528, #477 ) ) ;
#127 = EDGE_CURVE ( 'NONE', #3286, #5166, #5360, .T. ) ;
#128 = DIRECTION ( 'NONE',  ( 0.000000000000000000, 0.000000000000000000, -1.000000000000000000 ) ) ;
#129 = EDGE_LOOP ( 'NONE', ( #1208, #5314, #1015, #1952 ) ) ;
#130 = LINE ( 'NONE', #3682, #565 ) ;
#131 = CARTESIAN_POINT ( 'NONE',  ( -0.1499999999999994393, -3.000000000000000000, -0.3499999999999999778 ) ) ;
#132 = CARTESIAN_POINT ( 'NONE',  ( -1.469999999999999973, 0.000000000000000000, 1.199999999999999956 ) ) ;
#133 = CARTESIAN_POINT ( 'NONE',  ( 0.3525240155457787239, 5.732672356334978403, 0.3499999999999999778 ) ) ;
#134 = ORIENTED_EDGE ( 'NONE', *, *, #4084, .F. ) ;
#135 = CARTESIAN_POINT ( 'NONE',  ( 4.080000000000000071, 6.500000000000000888, -0.3500000000000010880 ) ) ;
#136 = LINE ( 'NONE', #2014, #5545 ) ;
#137 = EDGE_CURVE ( 'NONE', #4836, #4551, #111, .T. ) ;
#138 = CARTESIAN_POINT ( 'NONE',  ( 1.840000000000000524, 0.5000000000000004441, -0.3499999999999999778 ) ) ;
#139 = CARTESIAN_POINT ( 'NONE',  ( 4.393245067392238745, 6.500000000000000888, -0.6500000000000017986 ) ) ;
#140 = DIRECTION ( 'NONE',  ( 1.000000000000000000, 0.000000000000000000, 0.000000000000000000 ) ) ;
#141 = LINE ( 'NONE', #721, #3350 ) ;
#142 = FILL_AREA_STYLE_COLOUR ( '', #5057 ) ;
#143 = ORIENTED_EDGE ( 'NONE', *, *, #1041, .F. ) ;
#144 = EDGE_CURVE ( 'NONE', #4461, #5861, #3407, .T. ) ;
#145 = DIRECTION ( 'NONE',  ( -3.097720492815726426E-17, 1.000000000000000000, 0.000000000000000000 ) ) ;
#146 = CARTESIAN_POINT ( 'NONE',  ( 5.080000000000000071, -3.000000000000000000, 0.3499999999999999778 ) ) ;
#147 = LINE ( 'NONE', #1990, #1278 ) ;
#148 = ORIENTED_EDGE ( 'NONE', *, *, #595, .F. ) ;
#149 = LINE ( 'NONE', #3791, #4083 ) ;
#150 = CARTESIAN_POINT ( 'NONE',  ( 3.484276979512004324, 4.091073788932194866, -0.3499999999999999223 ) ) ;
#151 = DIRECTION ( 'NONE',  ( 1.000000000000000000, 0.000000000000000000, 0.000000000000000000 ) ) ;
#152 =( NAMED_UNIT ( * ) PLANE_ANGLE_UNIT ( ) SI_UNIT ( $, .RADIAN. ) );
#153 = EDGE_CURVE ( 'NONE', #4061, #3007, #3781, .T. ) ;
#154 = LINE ( 'NONE', #3765, #2363 ) ;
#155 = VERTEX_POINT ( 'NONE', #630 ) ;
#156 =( NAMED_UNIT ( * ) SI_UNIT ( $, .STERADIAN. ) SOLID_ANGLE_UNIT ( ) );
#157 = CARTESIAN_POINT ( 'NONE',  ( 5.954994129385573487, 5.069026963384447804, 0.3499999999999999778 ) ) ;
#158 = ORIENTED_EDGE ( 'NONE', *, *, #3227, .F. ) ;
#159 = COLOUR_RGB ( '',0.8313725490196077761, 0.6705882352941175961, 0.1294117647058823373 ) ;
#160 = FACE_OUTER_BOUND ( 'NONE', #435, .T. ) ;
#161 = VECTOR ( 'NONE', #605, 1000.000000000000000 ) ;
#162 = DIRECTION ( 'NONE',  ( -0.7071067811865489050, 0.7071067811865460184, -0.000000000000000000 ) ) ;
#163 = VECTOR ( 'NONE', #1563, 1000.000000000000000 ) ;
#164 = CARTESIAN_POINT ( 'NONE',  ( 3.140000000000000568, 6.299999999999999822, 0.1283333333333333270 ) ) ;
#165 = CARTESIAN_POINT ( 'NONE',  ( 0.3525240155457787239, 5.732672356334978403, -0.3499999999999999778 ) ) ;
#166 = PRESENTATION_LAYER_ASSIGNMENT (  '', '', ( #846 ) ) ;
#167 = EDGE_LOOP ( 'NONE', ( #3082, #871, #1150, #3919 ) ) ;
#168 = VECTOR ( 'NONE', #4906, 1000.000000000000114 ) ;
#169 = DIRECTION ( 'NONE',  ( 0.000000000000000000, 1.668003342285388099E-16, 1.000000000000000000 ) ) ;
#170 = DIRECTION ( 'NONE',  ( 0.000000000000000000, -1.000000000000000000, 0.000000000000000000 ) ) ;
#171 = ORIENTED_EDGE ( 'NONE', *, *, #900, .T. ) ;
#172 = PRESENTATION_LAYER_ASSIGNMENT (  '', '', ( #3986 ) ) ;
#173 = PRESENTATION_STYLE_ASSIGNMENT (( #4152 ) ) ;
#174 = ADVANCED_FACE ( 'NONE', ( #5639 ), #175, .F. ) ;
#175 = PLANE ( 'NONE',  #4572 ) ;
#176 = DIRECTION ( 'NONE',  ( 1.000000000000000000, 0.000000000000000000, 0.000000000000000000 ) ) ;
#177 =( NAMED_UNIT ( * ) SI_UNIT ( $, .STERADIAN. ) SOLID_ANGLE_UNIT ( ) );
#178 = FILL_AREA_STYLE ('',( #4246 ) ) ;
#179 = MECHANICAL_DESIGN_GEOMETRIC_PRESENTATION_REPRESENTATION (  '', ( #2857 ), #1930 ) ;
#180 = ORIENTED_EDGE ( 'NONE', *, *, #679, .F. ) ;
#181 = VECTOR ( 'NONE', #1256, 1000.000000000000000 ) ;
#182 = CARTESIAN_POINT ( 'NONE',  ( 3.540000000000000036, 6.500000000000000888, 0.3499999999999989231 ) ) ;
#183 = SURFACE_STYLE_USAGE ( .BOTH. , #4025 ) ;
#184 = STYLED_ITEM ( 'NONE', ( #4081 ), #5903 ) ;
#185 =( NAMED_UNIT ( * ) PLANE_ANGLE_UNIT ( ) SI_UNIT ( $, .RADIAN. ) );
#186 = VECTOR ( 'NONE', #4326, 1000.000000000000000 ) ;
#187 = VERTEX_POINT ( 'NONE', #4476 ) ;
#188 = EDGE_CURVE ( 'NONE', #377, #2738, #3985, .T. ) ;
#189 =( LENGTH_UNIT ( ) NAMED_UNIT ( * ) SI_UNIT ( .MILLI., .METRE. ) );
#190 = SURFACE_STYLE_FILL_AREA ( #4776 ) ;
#191 = FILL_AREA_STYLE ('',( #227 ) ) ;
#192 =( NAMED_UNIT ( * ) SI_UNIT ( $, .STERADIAN. ) SOLID_ANGLE_UNIT ( ) );
#193 = CARTESIAN_POINT ( 'NONE',  ( -0.9348251832002444361, 4.263498050147335405, 0.3499999999999999223 ) ) ;
#194 = ORIENTED_EDGE ( 'NONE', *, *, #1388, .F. ) ;
#195 = VECTOR ( 'NONE', #3493, 1000.000000000000000 ) ;
#196 = FACE_OUTER_BOUND ( 'NONE', #362, .T. ) ;
#197 = ADVANCED_FACE ( 'NONE', ( #5423 ), #5051, .T. ) ;
#198 =( LENGTH_UNIT ( ) NAMED_UNIT ( * ) SI_UNIT ( .MILLI., .METRE. ) );
#199 = ORIENTED_EDGE ( 'NONE', *, *, #5327, .F. ) ;
#200 = DIRECTION ( 'NONE',  ( 1.121588454295349533E-16, -1.000000000000000000, 0.000000000000000000 ) ) ;
#201 = DIRECTION ( 'NONE',  ( 0.000000000000000000, -1.000000000000000000, 1.668003342285391551E-16 ) ) ;
#202 = COLOUR_RGB ( '',0.8313725490196077761, 0.6705882352941175961, 0.1294117647058823373 ) ;
#203 = SURFACE_SIDE_STYLE ('',( #4754 ) ) ;
#204 = CIRCLE ( 'NONE', #4208, 0.2999999999999999334 ) ;
#205 = DIRECTION ( 'NONE',  ( -3.097720492815726426E-17, 1.000000000000000000, 0.000000000000000000 ) ) ;
#206 = LINE ( 'NONE', #2509, #1957 ) ;
#207 = VERTEX_POINT ( 'NONE', #4965 ) ;
#208 = DIRECTION ( 'NONE',  ( 0.000000000000000000, 1.000000000000000000, 4.336808689942018229E-16 ) ) ;
#209 = CARTESIAN_POINT ( 'NONE',  ( 1.752463891615423375, 5.774771377977407916, -0.3499999999999999778 ) ) ;
#210 = ORIENTED_EDGE ( 'NONE', *, *, #2433, .T. ) ;
#211 = ADVANCED_FACE ( 'NONE', ( #2307 ), #4020, .F. ) ;
#212 = MECHANICAL_DESIGN_GEOMETRIC_PRESENTATION_REPRESENTATION (  '', ( #4599 ), #5783 ) ;
#213 = CARTESIAN_POINT ( 'NONE',  ( 0.000000000000000000, 8.500000000000000000, 0.8696152422706645568 ) ) ;
#214 = FACE_OUTER_BOUND ( 'NONE', #2456, .T. ) ;
#215 = SURFACE_SIDE_STYLE ('',( #697 ) ) ;
#216 = CARTESIAN_POINT ( 'NONE',  ( 6.080000000000000071, 1.800000000000000488, -0.3849999999999999534 ) ) ;
#217 = DIRECTION ( 'NONE',  ( 0.000000000000000000, 0.000000000000000000, 1.000000000000000000 ) ) ;
#218 = ORIENTED_EDGE ( 'NONE', *, *, #5026, .F. ) ;
#219 = SURFACE_SIDE_STYLE ('',( #4314 ) ) ;
#220 = EDGE_CURVE ( 'NONE', #3175, #4443, #586, .T. ) ;
#221 = CARTESIAN_POINT ( 'NONE',  ( -0.6999999999999995115, 0.8000000000000004885, 0.3499999999999999778 ) ) ;
#222 = CARTESIAN_POINT ( 'NONE',  ( 0.7000000000000006217, 0.5000000000000006661, 0.3499999999999999778 ) ) ;
#223 = COLOUR_RGB ( '',0.8313725490196077761, 0.6705882352941175961, 0.1294117647058823373 ) ;
#224 = VERTEX_POINT ( 'NONE', #5568 ) ;
#225 = LINE ( 'NONE', #578, #1532 ) ;
#226 = PRESENTATION_STYLE_ASSIGNMENT (( #1648 ) ) ;
#227 = FILL_AREA_STYLE_COLOUR ( '', #4377 ) ;
#228 = CARTESIAN_POINT ( 'NONE',  ( 0.6867549326077613259, 10.39117142264903570, 0.6499999999999995781 ) ) ;
#229 = DIRECTION ( 'NONE',  ( -1.000000000000000000, 0.000000000000000000, 0.000000000000000000 ) ) ;
#230 = ORIENTED_EDGE ( 'NONE', *, *, #862, .T. ) ;
#231 = AXIS2_PLACEMENT_3D ( 'NONE', #3290, #2871, #2840 ) ;
#232 = ADVANCED_FACE ( 'NONE', ( #1472 ), #4722, .T. ) ;
#233 = EDGE_CURVE ( 'NONE', #2399, #1227, #2357, .T. ) ;
#234 = CARTESIAN_POINT ( 'NONE',  ( 6.019979884374425438, 4.171275002134769316, -0.3499999999999999223 ) ) ;
#235 = EDGE_LOOP ( 'NONE', ( #4721, #1888, #1750, #4502 ) ) ;
#236 =( NAMED_UNIT ( * ) SI_UNIT ( $, .STERADIAN. ) SOLID_ANGLE_UNIT ( ) );
#237 =( LENGTH_UNIT ( ) NAMED_UNIT ( * ) SI_UNIT ( .MILLI., .METRE. ) );
#238 = SURFACE_STYLE_FILL_AREA ( #4822 ) ;
#239 = PRESENTATION_STYLE_ASSIGNMENT (( #4726 ) ) ;
#240 = EDGE_CURVE ( 'NONE', #5464, #1171, #130, .T. ) ;
#241 = DIRECTION ( 'NONE',  ( 0.000000000000000000, -0.000000000000000000, -1.000000000000000000 ) ) ;
#242 = LINE ( 'NONE', #5181, #3053 ) ;
#243 = ORIENTED_EDGE ( 'NONE', *, *, #1114, .T. ) ;
#244 = DIRECTION ( 'NONE',  ( 0.000000000000000000, 0.000000000000000000, 1.000000000000000000 ) ) ;
#245 =( NAMED_UNIT ( * ) SI_UNIT ( $, .STERADIAN. ) SOLID_ANGLE_UNIT ( ) );
#246 = EDGE_CURVE ( 'NONE', #2844, #820, #1977, .T. ) ;
#247 = CARTESIAN_POINT ( 'NONE',  ( 4.080000000000000071, 6.500000000000000888, 0.3499999999999989231 ) ) ;
#248 = UNCERTAINTY_MEASURE_WITH_UNIT (LENGTH_MEASURE( 1.000000000000000082E-05 ), #1443, 'distance_accuracy_value', 'NONE');
#249 = ORIENTED_EDGE ( 'NONE', *, *, #1681, .T. ) ;
#250 = CARTESIAN_POINT ( 'NONE',  ( 6.080000000000000959, 1.121588454295350273E-16, -0.3499999999999999778 ) ) ;
#251 = CARTESIAN_POINT ( 'NONE',  ( 1.540000000000000924, 6.299999999999999822, 0.3850000000000000089 ) ) ;
#252 = EDGE_LOOP ( 'NONE', ( #1605, #3397, #5703, #2418 ) ) ;
#253 = CARTESIAN_POINT ( 'NONE',  ( 6.550000000000000711, 8.500000000000000000, 1.199999999999999956 ) ) ;
#254 = SURFACE_STYLE_FILL_AREA ( #2084 ) ;
#255 = CARTESIAN_POINT ( 'NONE',  ( 1.540000000000000702, -1.121588454295348794E-16, -0.3499999999999999778 ) ) ;
#256 = DIRECTION ( 'NONE',  ( -0.000000000000000000, -1.668003342285391551E-16, -1.000000000000000000 ) ) ;
#257 = VERTEX_POINT ( 'NONE', #3770 ) ;
#258 = CARTESIAN_POINT ( 'NONE',  ( 5.863770569720395898, 5.796998266909026754, -0.3499999999999999778 ) ) ;
#259 = FACE_OUTER_BOUND ( 'NONE', #5909, .T. ) ;
#260 = ORIENTED_EDGE ( 'NONE', *, *, #1811, .T. ) ;
#261 = CARTESIAN_POINT ( 'NONE',  ( 0.3500000000000008105, 0.5000000000000005551, -0.3499999999999999778 ) ) ;
#262 = ADVANCED_FACE ( 'NONE', ( #4686 ), #2336, .T. ) ;
#263 = FILL_AREA_STYLE_COLOUR ( '', #3505 ) ;
#264 = CARTESIAN_POINT ( 'NONE',  ( 5.430000000000000604, -2.800000000000001155, -0.3499999999999999778 ) ) ;
#265 = VECTOR ( 'NONE', #1694, 1000.000000000000114 ) ;
#266 = CARTESIAN_POINT ( 'NONE',  ( 3.407834886700807253, 5.142569796484737665, 0.3499999999999999223 ) ) ;
#267 = FILL_AREA_STYLE ('',( #741 ) ) ;
#268 = STYLED_ITEM ( 'NONE', ( #3950 ), #4778 ) ;
#269 = VECTOR ( 'NONE', #1355, 1000.000000000000000 ) ;
#270 = ORIENTED_EDGE ( 'NONE', *, *, #3927, .T. ) ;
#271 = COLOUR_RGB ( '',0.8313725490196077761, 0.6705882352941175961, 0.1294117647058823373 ) ;
#272 = EDGE_CURVE ( 'NONE', #5741, #969, #5082, .T. ) ;
#273 = VECTOR ( 'NONE', #2630, 999.9999999999998863 ) ;
#274 = ADVANCED_FACE ( 'NONE', ( #646 ), #2917, .F. ) ;
#275 = DIRECTION ( 'NONE',  ( 0.000000000000000000, -1.668003342285391551E-16, -1.000000000000000000 ) ) ;
#276 = SURFACE_STYLE_FILL_AREA ( #5641 ) ;
#277 =( LENGTH_UNIT ( ) NAMED_UNIT ( * ) SI_UNIT ( .MILLI., .METRE. ) );
#278 = VERTEX_POINT ( 'NONE', #261 ) ;
#279 =( GEOMETRIC_REPRESENTATION_CONTEXT ( 3 ) GLOBAL_UNCERTAINTY_ASSIGNED_CONTEXT ( ( #2387 ) ) GLOBAL_UNIT_ASSIGNED_CONTEXT ( ( #539, #5067, #2287 ) ) REPRESENTATION_CONTEXT ( 'NONE', 'WORKASPACE' ) );
#280 = VECTOR ( 'NONE', #5311, 1000.000000000000000 ) ;
#281 = FILL_AREA_STYLE ('',( #4859 ) ) ;
#282 = CARTESIAN_POINT ( 'NONE',  ( 1.940000000000000613, 6.299999999999999822, 0.3849999999999999534 ) ) ;
#283 = ORIENTED_EDGE ( 'NONE', *, *, #1077, .T. ) ;
#284 = COLOUR_RGB ( '',0.8313725490196077761, 0.6705882352941175961, 0.1294117647058823373 ) ;
#285 = CARTESIAN_POINT ( 'NONE',  ( 1.000000000000000444, 6.299999999999999822, 0.1283333333333333270 ) ) ;
#286 = CARTESIAN_POINT ( 'NONE',  ( 4.080000000000000959, 6.299999999999999822, -0.3849999999999998979 ) ) ;
#287 = DIRECTION ( 'NONE',  ( 1.121588454295349533E-16, -1.000000000000000000, 0.000000000000000000 ) ) ;
#288 = UNCERTAINTY_MEASURE_WITH_UNIT (LENGTH_MEASURE( 1.000000000000000082E-05 ), #2848, 'distance_accuracy_value', 'NONE');
#289 = FILL_AREA_STYLE_COLOUR ( '', #5438 ) ;
#290 = VERTEX_POINT ( 'NONE', #1099 ) ;
#291 = AXIS2_PLACEMENT_3D ( 'NONE', #1170, #2541, #2132 ) ;
#292 = EDGE_CURVE ( 'NONE', #3887, #5144, #2983, .T. ) ;
#293 =( GEOMETRIC_REPRESENTATION_CONTEXT ( 3 ) GLOBAL_UNCERTAINTY_ASSIGNED_CONTEXT ( ( #248 ) ) GLOBAL_UNIT_ASSIGNED_CONTEXT ( ( #1443, #3340, #621 ) ) REPRESENTATION_CONTEXT ( 'NONE', 'WORKASPACE' ) );
#294 = CARTESIAN_POINT ( 'NONE',  ( 5.939267235522908805, 5.226749775238716644, -0.3500000000000001443 ) ) ;
#295 = CARTESIAN_POINT ( 'NONE',  ( 4.393245067392238745, 0.5000000000000000000, -0.6500000000000013545 ) ) ;
#296 = ORIENTED_EDGE ( 'NONE', *, *, #1153, .T. ) ;
#297 = CARTESIAN_POINT ( 'NONE',  ( 0.5218457338839795900, 5.626229152235330488, 0.000000000000000000 ) ) ;
#298 = AXIS2_PLACEMENT_3D ( 'NONE', #3617, #397, #2725 ) ;
#299 = LINE ( 'NONE', #1748, #3317 ) ;
#300 =( NAMED_UNIT ( * ) SI_UNIT ( $, .STERADIAN. ) SOLID_ANGLE_UNIT ( ) );
#301 =( GEOMETRIC_REPRESENTATION_CONTEXT ( 3 ) GLOBAL_UNCERTAINTY_ASSIGNED_CONTEXT ( ( #3248 ) ) GLOBAL_UNIT_ASSIGNED_CONTEXT ( ( #4732, #1176, #177 ) ) REPRESENTATION_CONTEXT ( 'NONE', 'WORKASPACE' ) );
#302 = FILL_AREA_STYLE_COLOUR ( '', #5080 ) ;
#303 = DIRECTION ( 'NONE',  ( 1.000000000000000000, 1.121588454295349780E-16, -0.000000000000000000 ) ) ;
#304 = ORIENTED_EDGE ( 'NONE', *, *, #5646, .F. ) ;
#305 = PLANE ( 'NONE',  #3187 ) ;
#306 = VECTOR ( 'NONE', #5414, 1000.000000000000000 ) ;
#307 = CARTESIAN_POINT ( 'NONE',  ( 0.8506397697902693400, 5.307482533055135399, -0.3499999999999999778 ) ) ;
#308 = LINE ( 'NONE', #5429, #4588 ) ;
#309 = DIRECTION ( 'NONE',  ( -1.000000000000000000, -3.097720492815726426E-17, 0.000000000000000000 ) ) ;
#310 = ORIENTED_EDGE ( 'NONE', *, *, #5578, .T. ) ;
#311 = PLANE ( 'NONE',  #1036 ) ;
#312 = EDGE_CURVE ( 'NONE', #4677, #3135, #3399, .T. ) ;
#313 =( NAMED_UNIT ( * ) PLANE_ANGLE_UNIT ( ) SI_UNIT ( $, .RADIAN. ) );
#314 = ORIENTED_EDGE ( 'NONE', *, *, #2978, .T. ) ;
#315 = DIRECTION ( 'NONE',  ( 1.121588454295349533E-16, -1.000000000000000000, 0.000000000000000000 ) ) ;
#316 = FACE_OUTER_BOUND ( 'NONE', #1127, .T. ) ;
#317 = VECTOR ( 'NONE', #3768, 1000.000000000000000 ) ;
#318 = LINE ( 'NONE', #5226, #3253 ) ;
#319 = EDGE_CURVE ( 'NONE', #3859, #48, #4820, .T. ) ;
#320 = CARTESIAN_POINT ( 'NONE',  ( -0.4633568989079023814, 1.700000000000002620, 0.3499999999999999778 ) ) ;
#321 = VERTEX_POINT ( 'NONE', #2592 ) ;
#322 = ADVANCED_FACE ( 'NONE', ( #2535 ), #4752, .F. ) ;
#323 =( BOUNDED_SURFACE ( )  B_SPLINE_SURFACE ( 3, 1, ( 
 ( #1166, #4823 ),
 ( #4849, #3482 ),
 ( #328, #2567 ),
 ( #2156, #4229 ) ),
 .UNSPECIFIED., .F., .F., .F. ) 
 B_SPLINE_SURFACE_WITH_KNOTS ( ( 4, 4 ),
 ( 2, 2 ),
 ( 0.000000000000000000, 1.000000000000000000 ),
 ( 0.000000000000000000, 1.000000000000000000 ),
 .UNSPECIFIED. ) 
 GEOMETRIC_REPRESENTATION_ITEM ( )  RATIONAL_B_SPLINE_SURFACE ( (
 ( 1.000000000000000000, 1.000000000000000000),
 ( 0.9488815137910384667, 0.9488815137910384667),
 ( 0.9488815137910384667, 0.9488815137910384667),
 ( 1.000000000000000000, 1.000000000000000000) ) ) 
 REPRESENTATION_ITEM ( '' )  SURFACE ( )  );
#324 = CARTESIAN_POINT ( 'NONE',  ( 1.894533521472694604, 3.877691542223590471, 0.3500000000000000333 ) ) ;
#325 = EDGE_LOOP ( 'NONE', ( #2955, #5211, #2407, #3568 ) ) ;
#326 = FILL_AREA_STYLE ('',( #5417 ) ) ;
#327 =( GEOMETRIC_REPRESENTATION_CONTEXT ( 3 ) GLOBAL_UNCERTAINTY_ASSIGNED_CONTEXT ( ( #1684 ) ) GLOBAL_UNIT_ASSIGNED_CONTEXT ( ( #3694, #2543, #659 ) ) REPRESENTATION_CONTEXT ( 'NONE', 'WORKASPACE' ) );
#328 = CARTESIAN_POINT ( 'NONE',  ( 2.091806954577857258, 5.884855341312109189, 0.3499999999999999223 ) ) ;
#329 = DIRECTION ( 'NONE',  ( 0.000000000000000000, 0.000000000000000000, -1.000000000000000000 ) ) ;
#330 = DIRECTION ( 'NONE',  ( -0.000000000000000000, -0.000000000000000000, 1.000000000000000000 ) ) ;
#331 = CARTESIAN_POINT ( 'NONE',  ( 5.766754932607761397, 0.5000000000000000000, -0.6500000000000013545 ) ) ;
#332 = VERTEX_POINT ( 'NONE', #5757 ) ;
#333 = DIRECTION ( 'NONE',  ( 0.000000000000000000, 1.000000000000000000, -1.668003342285391797E-16 ) ) ;
#334 = CARTESIAN_POINT ( 'NONE',  ( 0.7871219925015897623, 5.777242093666581368, 0.3500000000000000888 ) ) ;
#335 = ORIENTED_EDGE ( 'NONE', *, *, #491, .F. ) ;
#336 = LINE ( 'NONE', #2581, #1778 ) ;
#337 =( BOUNDED_CURVE ( )  B_SPLINE_CURVE ( 3, ( #5004, #5272, #4267, #1541, #3434, #2953, #4240 ),
 .UNSPECIFIED., .F., .F. ) 
 B_SPLINE_CURVE_WITH_KNOTS ( ( 4, 3, 4 ),
 ( 0.8078321013870641831, 3.141592653589792228, 5.475353205792520939 ),
 .UNSPECIFIED. ) 
 CURVE ( )  GEOMETRIC_REPRESENTATION_ITEM ( )  RATIONAL_B_SPLINE_CURVE ( ( 1.000000000000000000, 0.5953481791230080811, 0.5953481791230080811, 1.000000000000000000, 0.5953481791230077480, 0.5953481791230077480, 1.000000000000000000 ) ) 
 REPRESENTATION_ITEM ( '' )  );
#338 = ORIENTED_EDGE ( 'NONE', *, *, #4471, .T. ) ;
#339 = CARTESIAN_POINT ( 'NONE',  ( 0.6000000000000005329, 6.299999999999999822, -0.1283333333333334936 ) ) ;
#340 = PLANE ( 'NONE',  #3999 ) ;
#341 = ADVANCED_FACE ( 'NONE', ( #3009 ), #3502, .F. ) ;
#342 = ADVANCED_FACE ( 'NONE', ( #3033 ), #2125, .T. ) ;
#343 = VERTEX_POINT ( 'NONE', #3071 ) ;
#344 = VERTEX_POINT ( 'NONE', #2239 ) ;
#345 = CARTESIAN_POINT ( 'NONE',  ( 2.214744180118195516, 5.589454083063166046, 0.3499999999999999778 ) ) ;
#346 = EDGE_CURVE ( 'NONE', #2280, #1336, #406, .T. ) ;
#347 = DIRECTION ( 'NONE',  ( 1.000000000000000000, 0.000000000000000000, 0.000000000000000000 ) ) ;
#348 = ORIENTED_EDGE ( 'NONE', *, *, #4454, .T. ) ;
#349 = SURFACE_SIDE_STYLE ('',( #859 ) ) ;
#350 = EDGE_CURVE ( 'NONE', #4067, #4957, #2208, .T. ) ;
#351 = DIRECTION ( 'NONE',  ( -1.000000000000000000, 0.000000000000000000, 0.000000000000000000 ) ) ;
#352 = EDGE_CURVE ( 'NONE', #5043, #4642, #1382, .T. ) ;
#353 = CARTESIAN_POINT ( 'NONE',  ( 1.540000000000000036, 0.5000000000000000000, -0.3500000000000000888 ) ) ;
#354 = EDGE_LOOP ( 'NONE', ( #1801, #2611, #2819, #4316 ) ) ;
#355 = LINE ( 'NONE', #3959, #4013 ) ;
#356 = CARTESIAN_POINT ( 'NONE',  ( 2.390000000000000568, -3.000000000000000000, -0.3499999999999999778 ) ) ;
#357 = VERTEX_POINT ( 'NONE', #1805 ) ;
#358 =( NAMED_UNIT ( * ) SI_UNIT ( $, .STERADIAN. ) SOLID_ANGLE_UNIT ( ) );
#359 = DIRECTION ( 'NONE',  ( -1.000000000000000000, -1.084202172485504434E-16, 0.000000000000000000 ) ) ;
#360 = AXIS2_PLACEMENT_3D ( 'NONE', #2893, #5142, #559 ) ;
#361 = CARTESIAN_POINT ( 'NONE',  ( 0.9488971023511131309, 4.001162287970013054, 0.3499999999999999223 ) ) ;
#362 = EDGE_LOOP ( 'NONE', ( #3627, #1556, #1906, #5847 ) ) ;
#363 = CARTESIAN_POINT ( 'NONE',  ( -0.9931181789594337728, 2.798202530627314832, -0.3499999999999998668 ) ) ;
#364 = VECTOR ( 'NONE', #4296, 1000.000000000000000 ) ;
#365 = EDGE_CURVE ( 'NONE', #357, #4335, #3243, .T. ) ;
#366 = CARTESIAN_POINT ( 'NONE',  ( 3.240000000000000657, 0.5000000000000006661, -0.3499999999999999778 ) ) ;
#367 = ORIENTED_EDGE ( 'NONE', *, *, #898, .T. ) ;
#368 = PLANE ( 'NONE',  #2377 ) ;
#369 = CARTESIAN_POINT ( 'NONE',  ( 4.480000000000000426, 6.299999999999999822, 0.1283333333333336046 ) ) ;
#370 = VERTEX_POINT ( 'NONE', #892 ) ;
#371 = AXIS2_PLACEMENT_3D ( 'NONE', #4947, #5434, #4095 ) ;
#372 = FACE_OUTER_BOUND ( 'NONE', #4398, .T. ) ;
#373 = ORIENTED_EDGE ( 'NONE', *, *, #5026, .T. ) ;
#374 = CARTESIAN_POINT ( 'NONE',  ( 3.061845733883979737, 5.626229152235330488, -0.3499999999999999778 ) ) ;
#375 =( GEOMETRIC_REPRESENTATION_CONTEXT ( 3 ) GLOBAL_UNCERTAINTY_ASSIGNED_CONTEXT ( ( #4652 ) ) GLOBAL_UNIT_ASSIGNED_CONTEXT ( ( #1121, #3763, #2527 ) ) REPRESENTATION_CONTEXT ( 'NONE', 'WORKASPACE' ) );
#376 = PLANE ( 'NONE',  #3645 ) ;
#377 = VERTEX_POINT ( 'NONE', #463 ) ;
#378 = SURFACE_STYLE_FILL_AREA ( #326 ) ;
#379 = SURFACE_STYLE_USAGE ( .BOTH. , #349 ) ;
#380 = VECTOR ( 'NONE', #4695, 1000.000000000000000 ) ;
#381 = EDGE_CURVE ( 'NONE', #290, #1376, #4049, .T. ) ;
#382 = PLANE ( 'NONE',  #1259 ) ;
#383 = ORIENTED_EDGE ( 'NONE', *, *, #4014, .T. ) ;
#384 = DIRECTION ( 'NONE',  ( -0.000000000000000000, 1.000000000000000000, -0.000000000000000000 ) ) ;
#385 =( NAMED_UNIT ( * ) PLANE_ANGLE_UNIT ( ) SI_UNIT ( $, .RADIAN. ) );
#386 = VERTEX_POINT ( 'NONE', #3186 ) ;
#387 = ADVANCED_FACE ( 'NONE', ( #3979 ), #919, .F. ) ;
#388 = CARTESIAN_POINT ( 'NONE',  ( 5.430000000000000604, 8.199999999999999289, 0.3499999999999999778 ) ) ;
#389 = CARTESIAN_POINT ( 'NONE',  ( 0.9469369482461342802, 4.039780281224036429, 0.3499999999999999223 ) ) ;
#390 = VECTOR ( 'NONE', #987, 1000.000000000000000 ) ;
#391 = DIRECTION ( 'NONE',  ( 3.097720492815726426E-17, -1.000000000000000000, 0.000000000000000000 ) ) ;
#392 = ORIENTED_EDGE ( 'NONE', *, *, #144, .T. ) ;
#393 =( GEOMETRIC_REPRESENTATION_CONTEXT ( 3 ) GLOBAL_UNCERTAINTY_ASSIGNED_CONTEXT ( ( #4741 ) ) GLOBAL_UNIT_ASSIGNED_CONTEXT ( ( #2939, #4867, #192 ) ) REPRESENTATION_CONTEXT ( 'NONE', 'WORKASPACE' ) );
#394 = CARTESIAN_POINT ( 'NONE',  ( 4.230816522019154924, 5.324198710740767559, -0.3500000000000000333 ) ) ;
#395 = ORIENTED_EDGE ( 'NONE', *, *, #3090, .T. ) ;
#396 = FACE_OUTER_BOUND ( 'NONE', #5889, .T. ) ;
#397 = DIRECTION ( 'NONE',  ( -0.000000000000000000, 0.000000000000000000, 1.000000000000000000 ) ) ;
#398 = CARTESIAN_POINT ( 'NONE',  ( 5.080000000000000071, 6.299999999999999822, 0.3499999999999999778 ) ) ;
#399 = ORIENTED_EDGE ( 'NONE', *, *, #2539, .T. ) ;
#400 = VECTOR ( 'NONE', #4590, 1000.000000000000000 ) ;
#401 = CARTESIAN_POINT ( 'NONE',  ( 0.6867549326077613259, 0.5000000000000000000, -0.6500000000000013545 ) ) ;
#402 = VERTEX_POINT ( 'NONE', #3591 ) ;
#403 = CARTESIAN_POINT ( 'NONE',  ( 6.080000000000000071, 0.5000000000000002220, 0.3499999999999998668 ) ) ;
#404 = FACE_OUTER_BOUND ( 'NONE', #1808, .T. ) ;
#405 = ORIENTED_EDGE ( 'NONE', *, *, #1825, .T. ) ;
#406 = LINE ( 'NONE', #2622, #4881 ) ;
#407 = STYLED_ITEM ( 'NONE', ( #3563 ), #2334 ) ;
#408 = DIRECTION ( 'NONE',  ( -0.000000000000000000, -0.000000000000000000, 1.000000000000000000 ) ) ;
#409 = LINE ( 'NONE', #5421, #2792 ) ;
#410 = ORIENTED_EDGE ( 'NONE', *, *, #1241, .T. ) ;
#411 = CARTESIAN_POINT ( 'NONE',  ( 5.080000000000000071, 6.299999999999999822, 0.3499999999999999778 ) ) ;
#412 =( GEOMETRIC_REPRESENTATION_CONTEXT ( 3 ) GLOBAL_UNCERTAINTY_ASSIGNED_CONTEXT ( ( #4408 ) ) GLOBAL_UNIT_ASSIGNED_CONTEXT ( ( #5503, #5891, #3238 ) ) REPRESENTATION_CONTEXT ( 'NONE', 'WORKASPACE' ) );
#413 = EDGE_CURVE ( 'NONE', #2504, #1021, #4012, .T. ) ;
#414 = DIRECTION ( 'NONE',  ( -1.000000000000000000, 0.000000000000000000, 0.000000000000000000 ) ) ;
#415 = EDGE_CURVE ( 'NONE', #5620, #1574, #1776, .T. ) ;
#416 = ORIENTED_EDGE ( 'NONE', *, *, #246, .T. ) ;
#417 = CIRCLE ( 'NONE', #231, 0.1999999999999996503 ) ;
#418 = DIRECTION ( 'NONE',  ( 0.000000000000000000, 1.668003342285388099E-16, 1.000000000000000000 ) ) ;
#419 = EDGE_CURVE ( 'NONE', #2559, #5774, #2488, .T. ) ;
#420 = SURFACE_SIDE_STYLE ('',( #929 ) ) ;
#421 = CARTESIAN_POINT ( 'NONE',  ( 0.8314534000842377370, 5.476966929918534177, 0.3499999999999999778 ) ) ;
#422 =( NAMED_UNIT ( * ) PLANE_ANGLE_UNIT ( ) SI_UNIT ( $, .RADIAN. ) );
#423 = ADVANCED_FACE ( 'NONE', ( #437, #5021 ), #5837, .T. ) ;
#424 = ORIENTED_EDGE ( 'NONE', *, *, #319, .F. ) ;
#425 = CARTESIAN_POINT ( 'NONE',  ( 4.127276676835967884, 3.923639721076772613, -0.3499999999999999778 ) ) ;
#426 = VERTEX_POINT ( 'NONE', #5928 ) ;
#427 = CARTESIAN_POINT ( 'NONE',  ( 1.540000000000000480, 2.615493535618376608, 0.3499999999999999778 ) ) ;
#428 = CARTESIAN_POINT ( 'NONE',  ( 1.940000000000000835, 6.299999999999999822, 0.1166666666666665853 ) ) ;
#429 = CARTESIAN_POINT ( 'NONE',  ( 4.293947113514015257, 5.783587059575308054, 0.3499999999999999778 ) ) ;
#430 = ORIENTED_EDGE ( 'NONE', *, *, #240, .F. ) ;
#431 = CARTESIAN_POINT ( 'NONE',  ( -0.4999999999999985012, 6.299999999999999822, 0.3499999999999999778 ) ) ;
#432 = ORIENTED_EDGE ( 'NONE', *, *, #5587, .T. ) ;
#433 = CARTESIAN_POINT ( 'NONE',  ( 0.6867549326077613259, 6.500000000000000888, -0.3500000000000010880 ) ) ;
#434 = CARTESIAN_POINT ( 'NONE',  ( -0.4999999999999985012, 6.084152315493286167, 0.3499999999999999223 ) ) ;
#435 = EDGE_LOOP ( 'NONE', ( #4681, #3023, #2997, #1137 ) ) ;
#436 = DIRECTION ( 'NONE',  ( -1.000000000000000000, 0.000000000000000000, 7.744301232039316681E-17 ) ) ;
#437 = FACE_OUTER_BOUND ( 'NONE', #4097, .T. ) ;
#438 = FACE_OUTER_BOUND ( 'NONE', #2763, .T. ) ;
#439 = LINE ( 'NONE', #2305, #4225 ) ;
#440 = VERTEX_POINT ( 'NONE', #2734 ) ;
#441 = PRESENTATION_STYLE_ASSIGNMENT (( #4536 ) ) ;
#442 = SURFACE_STYLE_USAGE ( .BOTH. , #2359 ) ;
#443 =( NAMED_UNIT ( * ) PLANE_ANGLE_UNIT ( ) SI_UNIT ( $, .RADIAN. ) );
#444 = CARTESIAN_POINT ( 'NONE',  ( 2.890000000000001013, 0.5000000000000005551, 0.3499999999999999778 ) ) ;
#445 = DIRECTION ( 'NONE',  ( 0.000000000000000000, 1.000000000000000000, -1.668003342285391797E-16 ) ) ;
#446 = ORIENTED_EDGE ( 'NONE', *, *, #1388, .T. ) ;
#447 = VECTOR ( 'NONE', #5298, 1000.000000000000000 ) ;
#448 = CARTESIAN_POINT ( 'NONE',  ( 4.248546599915419719, 5.476966929916272875, -0.3499999999999999778 ) ) ;
#449 = ORIENTED_EDGE ( 'NONE', *, *, #5612, .F. ) ;
#450 = MANIFOLD_SOLID_BREP ( 'Fillet3', #1138 ) ;
#451 = CARTESIAN_POINT ( 'NONE',  ( 1.858619849678662783, 6.233860305463148066, 0.3499999999999999223 ) ) ;
#452 = ORIENTED_EDGE ( 'NONE', *, *, #898, .F. ) ;
#453 = STYLED_ITEM ( 'NONE', ( #3205 ), #4848 ) ;
#454 = AXIS2_PLACEMENT_3D ( 'NONE', #3195, #2718, #5849 ) ;
#455 = LINE ( 'NONE', #5500, #5242 ) ;
#456 = ORIENTED_EDGE ( 'NONE', *, *, #5657, .F. ) ;
#457 = CARTESIAN_POINT ( 'NONE',  ( 1.540000000000000036, 6.500000000000000888, -0.3500000000000010880 ) ) ;
#458 = LINE ( 'NONE', #2297, #2799 ) ;
#459 = ORIENTED_EDGE ( 'NONE', *, *, #1479, .F. ) ;
#460 = VECTOR ( 'NONE', #1164, 1000.000000000000000 ) ;
#461 = DIRECTION ( 'NONE',  ( -0.000000000000000000, 0.000000000000000000, 1.000000000000000000 ) ) ;
#462 = MECHANICAL_DESIGN_GEOMETRIC_PRESENTATION_REPRESENTATION (  '', ( #5450 ), #3786 ) ;
#463 = CARTESIAN_POINT ( 'NONE',  ( -0.6867549326077613259, 0.5000000000000000000, -0.3500000000000000888 ) ) ;
#464 = ADVANCED_FACE ( 'NONE', ( #2765 ), #1838, .T. ) ;
#465 = COLOUR_RGB ( '',0.8313725490196077761, 0.6705882352941175961, 0.1294117647058823373 ) ;
#466 = LINE ( 'NONE', #11, #782 ) ;
#467 = DIRECTION ( 'NONE',  ( 0.000000000000000000, 0.000000000000000000, 1.000000000000000000 ) ) ;
#468 = ORIENTED_EDGE ( 'NONE', *, *, #144, .F. ) ;
#469 = VECTOR ( 'NONE', #2136, 1000.000000000000000 ) ;
#470 = CARTESIAN_POINT ( 'NONE',  ( 3.540000000000000036, 6.500000000000000888, -0.3500000000000010880 ) ) ;
#471 = VECTOR ( 'NONE', #1608, 1000.000000000000000 ) ;
#472 = CARTESIAN_POINT ( 'NONE',  ( 4.080000000000000071, 6.500000000000000888, 0.3499999999999989231 ) ) ;
#473 = AXIS2_PLACEMENT_3D ( 'NONE', #1782, #897, #2271 ) ;
#474 = CARTESIAN_POINT ( 'NONE',  ( 2.890000000000000124, 8.000000000000000000, 0.3499999999999999778 ) ) ;
#475 = CARTESIAN_POINT ( 'NONE',  ( 0.7000000000000006217, 0.8000000000000007105, 0.3499999999999999778 ) ) ;
#476 =( NAMED_UNIT ( * ) SI_UNIT ( $, .STERADIAN. ) SOLID_ANGLE_UNIT ( ) );
#477 = ORIENTED_EDGE ( 'NONE', *, *, #4367, .T. ) ;
#478 = DIRECTION ( 'NONE',  ( -0.000000000000000000, -1.000000000000000000, 1.668003342285392044E-16 ) ) ;
#479 = VECTOR ( 'NONE', #784, 1000.000000000000000 ) ;
#480 = ORIENTED_EDGE ( 'NONE', *, *, #3054, .F. ) ;
#481 = FACE_OUTER_BOUND ( 'NONE', #3462, .T. ) ;
#482 = CARTESIAN_POINT ( 'NONE',  ( -0.9999999999999995559, 1.800000000000000488, 0.3849999999999999534 ) ) ;
#483 = CARTESIAN_POINT ( 'NONE',  ( 4.239611261228811934, 5.398486016527557219, 0.3499999999999999778 ) ) ;
#484 = ORIENTED_EDGE ( 'NONE', *, *, #3386, .T. ) ;
#485 = VECTOR ( 'NONE', #5077, 1000.000000000000000 ) ;
#486 = CARTESIAN_POINT ( 'NONE',  ( 0.3525240155457787239, 5.732672356334978403, -0.3499999999999999778 ) ) ;
#487 = FILL_AREA_STYLE ('',( #5070 ) ) ;
#488 = ORIENTED_EDGE ( 'NONE', *, *, #2485, .F. ) ;
#489 = EDGE_CURVE ( 'NONE', #5422, #4901, #4391, .T. ) ;
#490 = LINE ( 'NONE', #2764, #2852 ) ;
#491 = EDGE_CURVE ( 'NONE', #48, #3135, #5073, .T. ) ;
#492 = VECTOR ( 'NONE', #2710, 1000.000000000000000 ) ;
#493 = EDGE_CURVE ( 'NONE', #3130, #224, #5684, .T. ) ;
#494 = LINE ( 'NONE', #1498, #2783 ) ;
#495 = CARTESIAN_POINT ( 'NONE',  ( 4.080000000000000071, 6.500000000000000888, 0.3499999999999989231 ) ) ;
#496 = VERTEX_POINT ( 'NONE', #1618 ) ;
#497 = DIRECTION ( 'NONE',  ( -1.000000000000000000, -1.084202172485504434E-16, 0.000000000000000000 ) ) ;
#498 = EDGE_CURVE ( 'NONE', #5282, #4335, #4812, .T. ) ;
#499 = CARTESIAN_POINT ( 'NONE',  ( 6.080000000000000959, 0.8000000000000007105, 0.3499999999999999778 ) ) ;
#500 = SURFACE_STYLE_FILL_AREA ( #870 ) ;
#501 = CARTESIAN_POINT ( 'NONE',  ( 4.080000000000000959, -1.121588454295348794E-16, 0.3499999999999999778 ) ) ;
#502 =( BOUNDED_CURVE ( )  B_SPLINE_CURVE ( 3, ( #706, #821, #3492, #4369, #4895, #3920, #2638 ),
 .UNSPECIFIED., .F., .F. ) 
 B_SPLINE_CURVE_WITH_KNOTS ( ( 4, 3, 4 ),
 ( 0.8078321013870638501, 3.141592653589792228, 5.475353205792520050 ),
 .UNSPECIFIED. ) 
 CURVE ( )  GEOMETRIC_REPRESENTATION_ITEM ( )  RATIONAL_B_SPLINE_CURVE ( ( 1.000000000000000000, 0.5953481791230079700, 0.5953481791230079700, 1.000000000000000000, 0.5953481791230080811, 0.5953481791230080811, 1.000000000000000000 ) ) 
 REPRESENTATION_ITEM ( '' )  );
#503 = FILL_AREA_STYLE_COLOUR ( '', #1172 ) ;
#504 = VECTOR ( 'NONE', #767, 1000.000000000000000 ) ;
#505 = CARTESIAN_POINT ( 'NONE',  ( 3.039999999999998259, 6.299999999999999822, 0.3499999999999999778 ) ) ;
#506 = SURFACE_STYLE_USAGE ( .BOTH. , #2252 ) ;
#507 = ORIENTED_EDGE ( 'NONE', *, *, #5327, .T. ) ;
#508 = MECHANICAL_DESIGN_GEOMETRIC_PRESENTATION_REPRESENTATION (  '', ( #3846 ), #2518 ) ;
#509 = SURFACE_STYLE_USAGE ( .BOTH. , #2452 ) ;
#510 = EDGE_CURVE ( 'NONE', #5655, #3143, #3418, .T. ) ;
#511 = ORIENTED_EDGE ( 'NONE', *, *, #4662, .F. ) ;
#512 = DIRECTION ( 'NONE',  ( -0.000000000000000000, 0.000000000000000000, 1.000000000000000000 ) ) ;
#513 = ORIENTED_EDGE ( 'NONE', *, *, #1146, .F. ) ;
#514 = SURFACE_SIDE_STYLE ('',( #3787 ) ) ;
#515 = CARTESIAN_POINT ( 'NONE',  ( 5.766754932607761397, 6.500000000000000888, -0.6500000000000017986 ) ) ;
#516 = DIRECTION ( 'NONE',  ( -0.000000000000000000, -3.097720492815727166E-16, -1.000000000000000000 ) ) ;
#517 = ORIENTED_EDGE ( 'NONE', *, *, #153, .T. ) ;
#518 = SURFACE_STYLE_USAGE ( .BOTH. , #5479 ) ;
#519 =( LENGTH_UNIT ( ) NAMED_UNIT ( * ) SI_UNIT ( .MILLI., .METRE. ) );
#520 = VERTEX_POINT ( 'NONE', #3363 ) ;
#521 = ADVANCED_FACE ( 'NONE', ( #3001 ), #673, .T. ) ;
#522 = CARTESIAN_POINT ( 'NONE',  ( 4.729999999999999538, 0.000000000000000000, 0.3499999999999999778 ) ) ;
#523 = UNCERTAINTY_MEASURE_WITH_UNIT (LENGTH_MEASURE( 1.000000000000000082E-05 ), #2299, 'distance_accuracy_value', 'NONE');
#524 = CARTESIAN_POINT ( 'NONE',  ( 0.4999999999999985012, 6.084152315493285279, 0.3499999999999999778 ) ) ;
#525 = ORIENTED_EDGE ( 'NONE', *, *, #3802, .F. ) ;
#526 = EDGE_CURVE ( 'NONE', #3984, #5827, #707, .T. ) ;
#527 = FILL_AREA_STYLE ('',( #3280 ) ) ;
#528 = CARTESIAN_POINT ( 'NONE',  ( -0.9527233231640309663, 3.923639721076771725, -0.3500000000000000333 ) ) ;
#529 = ADVANCED_FACE ( 'NONE', ( #5689 ), #1777, .T. ) ;
#530 = CARTESIAN_POINT ( 'NONE',  ( 3.003356898907900252, 1.699999999999997957, 0.3499999999999999778 ) ) ;
#531 = PRESENTATION_STYLE_ASSIGNMENT (( #930 ) ) ;
#532 = CARTESIAN_POINT ( 'NONE',  ( 5.430000000000000604, 1.084202172485506745E-17, 0.3499999999999999778 ) ) ;
#533 = VERTEX_POINT ( 'NONE', #2142 ) ;
#534 =( BOUNDED_CURVE ( )  B_SPLINE_CURVE ( 3, ( #3110, #840, #2663, #4972 ),
 .UNSPECIFIED., .F., .F. ) 
 B_SPLINE_CURVE_WITH_KNOTS ( ( 4, 4 ),
 ( 3.924083526751089845, 4.712388980384689674 ),
 .UNSPECIFIED. ) 
 CURVE ( )  GEOMETRIC_REPRESENTATION_ITEM ( )  RATIONAL_B_SPLINE_CURVE ( ( 1.000000000000000000, 0.9488815137910379116, 0.9488815137910379116, 1.000000000000000000 ) ) 
 REPRESENTATION_ITEM ( '' )  );
#535 = FACE_OUTER_BOUND ( 'NONE', #3564, .T. ) ;
#536 = EDGE_LOOP ( 'NONE', ( #1761, #1736, #1112, #2513 ) ) ;
#537 = CARTESIAN_POINT ( 'NONE',  ( 0.7805695519715610819, 5.815522798723457676, -0.3499999999999999778 ) ) ;
#538 = CARTESIAN_POINT ( 'NONE',  ( -0.9999999999999995559, 1.800000000000000488, -0.3849999999999998979 ) ) ;
#539 =( LENGTH_UNIT ( ) NAMED_UNIT ( * ) SI_UNIT ( .MILLI., .METRE. ) );
#540 = EDGE_LOOP ( 'NONE', ( #852, #2167, #4814, #857 ) ) ;
#541 = ADVANCED_FACE ( 'NONE', ( #316 ), #340, .F. ) ;
#542 = CARTESIAN_POINT ( 'NONE',  ( 3.540000000000000480, 1.800000000000000488, 0.3499999999999999778 ) ) ;
#543 = CARTESIAN_POINT ( 'NONE',  ( 0.3500000000000000333, 8.199999999999999289, 0.3499999999999999778 ) ) ;
#544 = ORIENTED_EDGE ( 'NONE', *, *, #4392, .T. ) ;
#545 = CARTESIAN_POINT ( 'NONE',  ( -1.469999999999999973, 0.5000000000000002220, 0.6500000000000010214 ) ) ;
#546 = CARTESIAN_POINT ( 'NONE',  ( 3.340167876875768549, 5.699693040755679618, -0.3500000000000000888 ) ) ;
#547 = CARTESIAN_POINT ( 'NONE',  ( -0.8592672355229022951, 5.226749775238759277, 0.3499999999999999778 ) ) ;
#548 = VERTEX_POINT ( 'NONE', #5410 ) ;
#549 = EDGE_CURVE ( 'NONE', #4184, #2133, #3063, .T. ) ;
#550 = VECTOR ( 'NONE', #787, 1000.000000000000000 ) ;
#551 = MECHANICAL_DESIGN_GEOMETRIC_PRESENTATION_REPRESENTATION (  '', ( #4366 ), #1327 ) ;
#552 = VERTEX_POINT ( 'NONE', #1733 ) ;
#553 =( NAMED_UNIT ( * ) PLANE_ANGLE_UNIT ( ) SI_UNIT ( $, .RADIAN. ) );
#554 = APPLICATION_PROTOCOL_DEFINITION ( 'draft international standard', 'automotive_design', 1998, #1976 ) ;
#555 =( GEOMETRIC_REPRESENTATION_CONTEXT ( 3 ) GLOBAL_UNCERTAINTY_ASSIGNED_CONTEXT ( ( #3282 ) ) GLOBAL_UNIT_ASSIGNED_CONTEXT ( ( #2673, #4950, #5860 ) ) REPRESENTATION_CONTEXT ( 'NONE', 'WORKASPACE' ) );
#556 = AXIS2_PLACEMENT_3D ( 'NONE', #1796, #3580, #1824 ) ;
#557 = UNCERTAINTY_MEASURE_WITH_UNIT (LENGTH_MEASURE( 1.000000000000000082E-05 ), #1343, 'distance_accuracy_value', 'NONE');
#558 = SURFACE_STYLE_FILL_AREA ( #1473 ) ;
#559 = DIRECTION ( 'NONE',  ( 1.000000000000000000, 0.000000000000000000, 0.000000000000000000 ) ) ;
#560 = CLOSED_SHELL ( 'NONE', ( #3059, #5322, #174, #5183, #5487, #521, #5903, #5658, #5621, #342, #774, #4948, #1339, #2867, #3249, #5300, #5292, #529, #817, #5104, #322, #1486, #1405 ) ) ;
#561 = ADVANCED_FACE ( 'NONE', ( #884 ), #5915, .F. ) ;
#562 = CARTESIAN_POINT ( 'NONE',  ( -0.3525240155457798341, 5.732672356334980179, 0.3499999999999999778 ) ) ;
#563 = PLANE ( 'NONE',  #2386 ) ;
#564 = ORIENTED_EDGE ( 'NONE', *, *, #4546, .T. ) ;
#565 = VECTOR ( 'NONE', #497, 1000.000000000000000 ) ;
#566 = FACE_OUTER_BOUND ( 'NONE', #4044, .T. ) ;
#567 = ORIENTED_EDGE ( 'NONE', *, *, #1745, .F. ) ;
#568 = CARTESIAN_POINT ( 'NONE',  ( -0.3500000000000000333, 0.000000000000000000, -0.3499999999999999778 ) ) ;
#569 =( NAMED_UNIT ( * ) PLANE_ANGLE_UNIT ( ) SI_UNIT ( $, .RADIAN. ) );
#570 = VECTOR ( 'NONE', #3521, 1000.000000000000000 ) ;
#571 =( NAMED_UNIT ( * ) SI_UNIT ( $, .STERADIAN. ) SOLID_ANGLE_UNIT ( ) );
#572 = VERTEX_POINT ( 'NONE', #793 ) ;
#573 = CARTESIAN_POINT ( 'NONE',  ( 4.580000000000001847, 6.299999999999999822, 0.3499999999999999778 ) ) ;
#574 = VECTOR ( 'NONE', #1449, 1000.000000000000000 ) ;
#575 = CARTESIAN_POINT ( 'NONE',  ( 5.528193045422142404, 5.884855341312109189, 0.3500000000000000333 ) ) ;
#576 = CARTESIAN_POINT ( 'NONE',  ( 2.189999999999999947, 8.199999999999999289, -0.3499999999999999778 ) ) ;
#577 = ORIENTED_EDGE ( 'NONE', *, *, #1373, .T. ) ;
#578 = CARTESIAN_POINT ( 'NONE',  ( 5.766754932607761397, 0.5000000000000000000, -0.6500000000000013545 ) ) ;
#579 = CARTESIAN_POINT ( 'NONE',  ( 3.440693495213402286, 4.786369049944407372, -0.3499999999999999778 ) ) ;
#580 = VECTOR ( 'NONE', #2145, 1000.000000000000000 ) ;
#581 = LINE ( 'NONE', #3707, #5140 ) ;
#582 = VERTEX_POINT ( 'NONE', #3117 ) ;
#583 =( LENGTH_UNIT ( ) NAMED_UNIT ( * ) SI_UNIT ( .MILLI., .METRE. ) );
#584 = CARTESIAN_POINT ( 'NONE',  ( 5.947834886700809065, 5.142569796484739442, 0.3500000000000000333 ) ) ;
#585 = ORIENTED_EDGE ( 'NONE', *, *, #1864, .T. ) ;
#586 = LINE ( 'NONE', #2770, #1447 ) ;
#587 = EDGE_CURVE ( 'NONE', #13, #3007, #4896, .T. ) ;
#588 = EDGE_CURVE ( 'NONE', #332, #1881, #4307, .T. ) ;
#589 = UNCERTAINTY_MEASURE_WITH_UNIT (LENGTH_MEASURE( 1.000000000000000082E-05 ), #277, 'distance_accuracy_value', 'NONE');
#590 = MECHANICAL_DESIGN_GEOMETRIC_PRESENTATION_REPRESENTATION (  '', ( #3730 ), #4413 ) ;
#591 = SURFACE_SIDE_STYLE ('',( #238 ) ) ;
#592 = SURFACE_STYLE_FILL_AREA ( #1011 ) ;
#593 = CARTESIAN_POINT ( 'NONE',  ( 4.754744180118195551, 5.589454083063166046, -0.3499999999999999778 ) ) ;
#594 = VECTOR ( 'NONE', #3159, 1000.000000000000000 ) ;
#595 = EDGE_CURVE ( 'NONE', #636, #1803, #2113, .T. ) ;
#596 = ORIENTED_EDGE ( 'NONE', *, *, #1907, .F. ) ;
#597 = CARTESIAN_POINT ( 'NONE',  ( 3.404197381770398323, 5.178803639424134353, 0.3499999999999999223 ) ) ;
#598 = CARTESIAN_POINT ( 'NONE',  ( 1.665005870614370220, 5.069026963383189255, -0.3499999999999999778 ) ) ;
#599 = ADVANCED_FACE ( 'NONE', ( #4431 ), #4002, .F. ) ;
#600 = LINE ( 'NONE', #83, #2894 ) ;
#601 = DIRECTION ( 'NONE',  ( 0.000000000000000000, 1.000000000000000000, -1.668003342285391797E-16 ) ) ;
#602 = FILL_AREA_STYLE ('',( #3751 ) ) ;
#603 = DIRECTION ( 'NONE',  ( -1.000000000000000000, 0.000000000000000000, -0.000000000000000000 ) ) ;
#604 = VERTEX_POINT ( 'NONE', #4457 ) ;
#605 = DIRECTION ( 'NONE',  ( -1.000000000000000000, -1.084202172485504434E-16, 0.000000000000000000 ) ) ;
#606 = COLOUR_RGB ( '',0.8313725490196077761, 0.6705882352941175961, 0.1294117647058823373 ) ;
#607 = CARTESIAN_POINT ( 'NONE',  ( 5.579999999999999183, 6.299999999999999822, 0.3499999999999999778 ) ) ;
#608 = CARTESIAN_POINT ( 'NONE',  ( 2.540000000000000036, 6.299999999999999822, 0.3499999999999999778 ) ) ;
#609 = UNCERTAINTY_MEASURE_WITH_UNIT (LENGTH_MEASURE( 1.000000000000000082E-05 ), #4088, 'distance_accuracy_value', 'NONE');
#610 = ORIENTED_EDGE ( 'NONE', *, *, #4172, .F. ) ;
#611 = LINE ( 'NONE', #5617, #4374 ) ;
#612 = CARTESIAN_POINT ( 'NONE',  ( 3.483567834114158934, 4.104507585657628077, -0.3500000000000000888 ) ) ;
#613 = CARTESIAN_POINT ( 'NONE',  ( 6.550000000000000711, 8.500000000000000000, -1.199999999999999956 ) ) ;
#614 = CARTESIAN_POINT ( 'NONE',  ( 5.405255819881806367, 5.589454083063162493, -0.3499999999999999778 ) ) ;
#615 = DIRECTION ( 'NONE',  ( 1.000000000000000000, 0.000000000000000000, 0.000000000000000000 ) ) ;
#616 = ORIENTED_EDGE ( 'NONE', *, *, #5780, .T. ) ;
#617 = ADVANCED_FACE ( 'NONE', ( #2639 ), #2197, .F. ) ;
#618 = CARTESIAN_POINT ( 'NONE',  ( 5.942626047459931726, 5.194217234910147418, 0.3499999999999999778 ) ) ;
#619 = ORIENTED_EDGE ( 'NONE', *, *, #4736, .F. ) ;
#620 = DIRECTION ( 'NONE',  ( -1.000000000000000000, -3.097720492815726426E-17, 0.000000000000000000 ) ) ;
#621 =( NAMED_UNIT ( * ) SI_UNIT ( $, .STERADIAN. ) SOLID_ANGLE_UNIT ( ) );
#622 = DIRECTION ( 'NONE',  ( 0.000000000000000000, 0.000000000000000000, 1.000000000000000000 ) ) ;
#623 = FACE_OUTER_BOUND ( 'NONE', #1455, .T. ) ;
#624 = CARTESIAN_POINT ( 'NONE',  ( 4.730000000000001315, -2.800000000000001155, 0.3499999999999999778 ) ) ;
#625 = LINE ( 'NONE', #4758, #877 ) ;
#626 = CARTESIAN_POINT ( 'NONE',  ( 6.549999999999999822, 1.601149768326593145E-16, 0.6500000000000012434 ) ) ;
#627 = ORIENTED_EDGE ( 'NONE', *, *, #2064, .F. ) ;
#628 = EDGE_CURVE ( 'NONE', #4750, #5433, #4589, .T. ) ;
#629 = FILL_AREA_STYLE ('',( #5062 ) ) ;
#630 = CARTESIAN_POINT ( 'NONE',  ( -0.4999999999999985012, 6.299999999999999822, -0.3499999999999999778 ) ) ;
#631 = CARTESIAN_POINT ( 'NONE',  ( 3.039999999999998259, 6.299999999999999822, 0.3499999999999999778 ) ) ;
#632 = DIRECTION ( 'NONE',  ( 1.000000000000000000, 0.000000000000000000, -7.744301232039316681E-17 ) ) ;
#633 = DIRECTION ( 'NONE',  ( 0.000000000000000000, 0.000000000000000000, -1.000000000000000000 ) ) ;
#634 = VERTEX_POINT ( 'NONE', #5803 ) ;
#635 = DIRECTION ( 'NONE',  ( -1.000000000000000000, 0.000000000000000000, 7.744301232039316681E-17 ) ) ;
#636 = VERTEX_POINT ( 'NONE', #5858 ) ;
#637 = LINE ( 'NONE', #4345, #4986 ) ;
#638 = LINE ( 'NONE', #2464, #1225 ) ;
#639 = ORIENTED_EDGE ( 'NONE', *, *, #2168, .F. ) ;
#640 = EDGE_CURVE ( 'NONE', #2220, #496, #3146, .T. ) ;
#641 = DIRECTION ( 'NONE',  ( 0.000000000000000000, -0.8660254037844380415, 0.5000000000000009992 ) ) ;
#642 = CARTESIAN_POINT ( 'NONE',  ( 6.013697255033132016, 4.293911919605035266, 0.3500000000000000333 ) ) ;
#643 = EDGE_LOOP ( 'NONE', ( #5458, #410, #2119, #5586 ) ) ;
#644 = STYLED_ITEM ( 'NONE', ( #3875 ), #4636 ) ;
#645 =( NAMED_UNIT ( * ) PLANE_ANGLE_UNIT ( ) SI_UNIT ( $, .RADIAN. ) );
#646 = FACE_OUTER_BOUND ( 'NONE', #1967, .T. ) ;
#647 =( NAMED_UNIT ( * ) PLANE_ANGLE_UNIT ( ) SI_UNIT ( $, .RADIAN. ) );
#648 = MECHANICAL_DESIGN_GEOMETRIC_PRESENTATION_REPRESENTATION (  '', ( #1029 ), #4076 ) ;
#649 = CARTESIAN_POINT ( 'NONE',  ( 2.892524015545778759, 5.732672356334978403, -0.3499999999999999778 ) ) ;
#650 = PRESENTATION_LAYER_ASSIGNMENT (  '', '', ( #65 ) ) ;
#651 = LINE ( 'NONE', #1506, #4086 ) ;
#652 = SURFACE_STYLE_FILL_AREA ( #4756 ) ;
#653 = STYLED_ITEM ( 'NONE', ( #1762 ), #5183 ) ;
#654 = ORIENTED_EDGE ( 'NONE', *, *, #903, .F. ) ;
#655 = PRESENTATION_LAYER_ASSIGNMENT (  '', '', ( #5450 ) ) ;
#656 = DIRECTION ( 'NONE',  ( -0.000000000000000000, 1.000000000000000000, -0.000000000000000000 ) ) ;
#657 = SURFACE_STYLE_USAGE ( .BOTH. , #1106 ) ;
#658 = ORIENTED_EDGE ( 'NONE', *, *, #1674, .F. ) ;
#659 =( NAMED_UNIT ( * ) SI_UNIT ( $, .STERADIAN. ) SOLID_ANGLE_UNIT ( ) );
#660 = DIRECTION ( 'NONE',  ( 0.000000000000000000, -3.097720492815727166E-16, -1.000000000000000000 ) ) ;
#661 = CARTESIAN_POINT ( 'NONE',  ( 0.9425000299447587881, 4.124619419408675824, -0.3499999999999999778 ) ) ;
#662 = EDGE_CURVE ( 'NONE', #732, #2812, #5471, .T. ) ;
#663 = CARTESIAN_POINT ( 'NONE',  ( -0.1499999999999994393, -3.000000000000000000, 0.3499999999999999778 ) ) ;
#664 =( GEOMETRIC_REPRESENTATION_CONTEXT ( 3 ) GLOBAL_UNCERTAINTY_ASSIGNED_CONTEXT ( ( #3743 ) ) GLOBAL_UNIT_ASSIGNED_CONTEXT ( ( #3885, #4339, #5710 ) ) REPRESENTATION_CONTEXT ( 'NONE', 'WORKASPACE' ) );
#665 = ORIENTED_EDGE ( 'NONE', *, *, #4620, .T. ) ;
#666 = CARTESIAN_POINT ( 'NONE',  ( 2.540000000000000036, -3.000000000000000000, -0.3499999999999999778 ) ) ;
#667 = DIRECTION ( 'NONE',  ( -0.000000000000000000, -0.000000000000000000, 1.000000000000000000 ) ) ;
#668 = AXIS2_PLACEMENT_3D ( 'NONE', #3908, #1753, #2628 ) ;
#669 = DIRECTION ( 'NONE',  ( -3.097720492815726426E-17, 1.000000000000000000, 0.000000000000000000 ) ) ;
#670 = AXIS2_PLACEMENT_3D ( 'NONE', #3102, #1309, #4931 ) ;
#671 = ORIENTED_EDGE ( 'NONE', *, *, #5178, .F. ) ;
#672 = DIRECTION ( 'NONE',  ( -3.097720492815726426E-17, 1.000000000000000000, 0.000000000000000000 ) ) ;
#673 = PLANE ( 'NONE',  #4491 ) ;
#674 = DIRECTION ( 'NONE',  ( 1.000000000000000000, -0.000000000000000000, 0.000000000000000000 ) ) ;
#675 = LINE ( 'NONE', #4193, #3031 ) ;
#676 = ORIENTED_EDGE ( 'NONE', *, *, #3847, .F. ) ;
#677 =( GEOMETRIC_REPRESENTATION_CONTEXT ( 3 ) GLOBAL_UNCERTAINTY_ASSIGNED_CONTEXT ( ( #1900 ) ) GLOBAL_UNIT_ASSIGNED_CONTEXT ( ( #5152, #3232, #2347 ) ) REPRESENTATION_CONTEXT ( 'NONE', 'WORKASPACE' ) );
#678 = CARTESIAN_POINT ( 'NONE',  ( 5.680000000000000604, 6.299999999999999822, -0.3499999999999999778 ) ) ;
#679 = EDGE_CURVE ( 'NONE', #1296, #2701, #4494, .T. ) ;
#680 = ADVANCED_FACE ( 'NONE', ( #5885 ), #1366, .F. ) ;
#681 = CARTESIAN_POINT ( 'NONE',  ( 5.944197381770399247, 5.178803639424135241, 0.3500000000000000333 ) ) ;
#682 = ORIENTED_EDGE ( 'NONE', *, *, #679, .T. ) ;
#683 = SURFACE_STYLE_FILL_AREA ( #3251 ) ;
#684 = SURFACE_STYLE_USAGE ( .BOTH. , #770 ) ;
#685 = VECTOR ( 'NONE', #77, 1000.000000000000000 ) ;
#686 = STYLED_ITEM ( 'NONE', ( #3922 ), #1486 ) ;
#687 = CARTESIAN_POINT ( 'NONE',  ( 3.540000000000000036, 6.500000000000000888, -0.3500000000000010880 ) ) ;
#688 = FILL_AREA_STYLE_COLOUR ( '', #1179 ) ;
#689 = DIRECTION ( 'NONE',  ( -0.000000000000000000, -1.000000000000000000, 1.668003342285391551E-16 ) ) ;
#690 = VECTOR ( 'NONE', #1372, 1000.000000000000000 ) ;
#691 = CARTESIAN_POINT ( 'NONE',  ( 1.750396961982262134, 5.762359718947906551, -0.3500000000000000888 ) ) ;
#692 = ORIENTED_EDGE ( 'NONE', *, *, #731, .F. ) ;
#693 = ADVANCED_FACE ( 'NONE', ( #51 ), #1454, .F. ) ;
#694 = AXIS2_PLACEMENT_3D ( 'NONE', #1756, #4940, #3542 ) ;
#695 = LINE ( 'NONE', #1173, #2610 ) ;
#696 = CARTESIAN_POINT ( 'NONE',  ( 2.390000000000000568, -3.000000000000000000, 0.3499999999999999778 ) ) ;
#697 = SURFACE_STYLE_FILL_AREA ( #1609 ) ;
#698 = UNCERTAINTY_MEASURE_WITH_UNIT (LENGTH_MEASURE( 1.000000000000000082E-05 ), #5556, 'distance_accuracy_value', 'NONE');
#699 = DIRECTION ( 'NONE',  ( 0.000000000000000000, -1.000000000000000000, 0.000000000000000000 ) ) ;
#700 = ORIENTED_EDGE ( 'NONE', *, *, #3227, .T. ) ;
#701 = PRESENTATION_LAYER_ASSIGNMENT (  '', '', ( #5290 ) ) ;
#702 = PRESENTATION_STYLE_ASSIGNMENT (( #1613 ) ) ;
#703 = FACE_OUTER_BOUND ( 'NONE', #991, .T. ) ;
#704 = MECHANICAL_DESIGN_GEOMETRIC_PRESENTATION_REPRESENTATION (  '', ( #4420 ), #114 ) ;
#705 = EDGE_LOOP ( 'NONE', ( #1616, #3118, #4079, #4429 ) ) ;
#706 = CARTESIAN_POINT ( 'NONE',  ( 2.214744180118195516, 5.589454083063166046, -0.3499999999999999778 ) ) ;
#707 = LINE ( 'NONE', #2550, #3714 ) ;
#708 = CARTESIAN_POINT ( 'NONE',  ( 4.631806954577857738, 5.884855341312109189, -0.3499999999999999223 ) ) ;
#709 = FACE_OUTER_BOUND ( 'NONE', #4368, .T. ) ;
#710 = EDGE_LOOP ( 'NONE', ( #3513, #5231, #5933, #714, #5017, #567, #79, #4427 ) ) ;
#711 = VECTOR ( 'NONE', #669, 1000.000000000000000 ) ;
#712 = ADVANCED_FACE ( 'NONE', ( #1424 ), #3199, .T. ) ;
#713 = CARTESIAN_POINT ( 'NONE',  ( 5.680000000000000604, 6.299999999999999822, -0.1166666666666667518 ) ) ;
#714 = ORIENTED_EDGE ( 'NONE', *, *, #4916, .T. ) ;
#715 = DIRECTION ( 'NONE',  ( 0.000000000000000000, 0.000000000000000000, 1.000000000000000000 ) ) ;
#716 = CARTESIAN_POINT ( 'NONE',  ( 6.549999999999999822, 0.5000000000000000000, -0.6499999999999989120 ) ) ;
#717 = CARTESIAN_POINT ( 'NONE',  ( 2.018154266116020334, 5.626229152235333153, -0.3499999999999999778 ) ) ;
#718 = ORIENTED_EDGE ( 'NONE', *, *, #970, .F. ) ;
#719 = CARTESIAN_POINT ( 'NONE',  ( 4.080000000000000071, 6.500000000000000888, -0.3500000000000010880 ) ) ;
#720 = CARTESIAN_POINT ( 'NONE',  ( 0.9435678341141576775, 4.104507585657627189, -0.3500000000000000333 ) ) ;
#721 = CARTESIAN_POINT ( 'NONE',  ( -5.421010862427528333E-17, 0.5000000000000005551, -0.3499999999999999778 ) ) ;
#722 =( BOUNDED_CURVE ( )  B_SPLINE_CURVE ( 3, ( #3359, #575, #4280, #607 ),
 .UNSPECIFIED., .F., .F. ) 
 B_SPLINE_CURVE_WITH_KNOTS ( ( 4, 4 ),
 ( 3.924083526751090290, 4.712388980384689674 ),
 .UNSPECIFIED. ) 
 CURVE ( )  GEOMETRIC_REPRESENTATION_ITEM ( )  RATIONAL_B_SPLINE_CURVE ( ( 1.000000000000000000, 0.9488815137910380226, 0.9488815137910380226, 1.000000000000000000 ) ) 
 REPRESENTATION_ITEM ( '' )  );
#723 = UNCERTAINTY_MEASURE_WITH_UNIT (LENGTH_MEASURE( 1.000000000000000082E-05 ), #1129, 'distance_accuracy_value', 'NONE');
#724 = ORIENTED_EDGE ( 'NONE', *, *, #2821, .F. ) ;
#725 = ADVANCED_FACE ( 'NONE', ( #25 ), #113, .F. ) ;
#726 = CARTESIAN_POINT ( 'NONE',  ( 1.940000000000000613, 6.299999999999999822, 0.1283333333333336046 ) ) ;
#727 = EDGE_LOOP ( 'NONE', ( #2898, #1520, #1640, #654 ) ) ;
#728 = LINE ( 'NONE', #5340, #5536 ) ;
#729 = LINE ( 'NONE', #3419, #4872 ) ;
#730 = FILL_AREA_STYLE_COLOUR ( '', #3072 ) ;
#731 = EDGE_CURVE ( 'NONE', #2674, #5861, #1513, .T. ) ;
#732 = VERTEX_POINT ( 'NONE', #3670 ) ;
#733 = CARTESIAN_POINT ( 'NONE',  ( 5.761380150321416593, 6.233860305463101881, -0.3499999999999998113 ) ) ;
#734 = CARTESIAN_POINT ( 'NONE',  ( 2.189999999999999947, 8.199999999999999289, 0.3499999999999999778 ) ) ;
#735 = ORIENTED_EDGE ( 'NONE', *, *, #4015, .T. ) ;
#736 = DIRECTION ( 'NONE',  ( 0.000000000000000000, 0.000000000000000000, -1.000000000000000000 ) ) ;
#737 = FILL_AREA_STYLE ('',( #2127 ) ) ;
#738 = CARTESIAN_POINT ( 'NONE',  ( 6.080000000000000071, 1.800000000000000488, -0.3499999999999999778 ) ) ;
#739 = VECTOR ( 'NONE', #715, 1000.000000000000000 ) ;
#740 = CARTESIAN_POINT ( 'NONE',  ( 4.480000000000000426, 6.299999999999999822, 0.3499999999999999778 ) ) ;
#741 = FILL_AREA_STYLE_COLOUR ( '', #1345 ) ;
#742 = EDGE_CURVE ( 'NONE', #2133, #1595, #966, .T. ) ;
#743 = COLOUR_RGB ( '',0.8313725490196077761, 0.6705882352941175961, 0.1294117647058823373 ) ;
#744 = ORIENTED_EDGE ( 'NONE', *, *, #731, .T. ) ;
#745 = EDGE_CURVE ( 'NONE', #5599, #1381, #1085, .T. ) ;
#746 = AXIS2_PLACEMENT_3D ( 'NONE', #3417, #4430, #5283 ) ;
#747 = DIRECTION ( 'NONE',  ( 1.000000000000000000, 1.121588454295349780E-16, -0.000000000000000000 ) ) ;
#748 = DIRECTION ( 'NONE',  ( -0.5000000000000009992, -0.8660254037844380415, 0.000000000000000000 ) ) ;
#749 = CARTESIAN_POINT ( 'NONE',  ( 0.7875361083845654475, 5.774771377977485187, 0.3499999999999999223 ) ) ;
#750 = FILL_AREA_STYLE_COLOUR ( '', #284 ) ;
#751 = EDGE_CURVE ( 'NONE', #5307, #2629, #2995, .T. ) ;
#752 = ORIENTED_EDGE ( 'NONE', *, *, #3585, .F. ) ;
#753 = CIRCLE ( 'NONE', #4774, 0.2999999999999999889 ) ;
#754 = VECTOR ( 'NONE', #5121, 1000.000000000000000 ) ;
#755 = CARTESIAN_POINT ( 'NONE',  ( 0.3500000000000009215, -2.800000000000001155, 0.3499999999999999778 ) ) ;
#756 = FILL_AREA_STYLE_COLOUR ( '', #3941 ) ;
#757 = ORIENTED_EDGE ( 'NONE', *, *, #2901, .F. ) ;
#758 = AXIS2_PLACEMENT_3D ( 'NONE', #1851, #5543, #4060 ) ;
#759 = DIRECTION ( 'NONE',  ( 0.000000000000000000, 0.000000000000000000, -1.000000000000000000 ) ) ;
#760 = CARTESIAN_POINT ( 'NONE',  ( 4.080000000000000959, -1.121588454295348794E-16, -0.3499999999999999778 ) ) ;
#761 = DIRECTION ( 'NONE',  ( -3.097720492815726426E-17, 1.000000000000000000, 0.000000000000000000 ) ) ;
#762 = UNCERTAINTY_MEASURE_WITH_UNIT (LENGTH_MEASURE( 1.000000000000000082E-05 ), #198, 'distance_accuracy_value', 'NONE');
#763 = FILL_AREA_STYLE ('',( #4433 ) ) ;
#764 = ORIENTED_EDGE ( 'NONE', *, *, #3661, .T. ) ;
#765 = MECHANICAL_DESIGN_GEOMETRIC_PRESENTATION_REPRESENTATION (  '', ( #1246 ), #1935 ) ;
#766 = CARTESIAN_POINT ( 'NONE',  ( 6.024695486956169077, 4.083092593512565927, -0.3500000000000000888 ) ) ;
#767 = DIRECTION ( 'NONE',  ( 0.000000000000000000, 3.097720492815727166E-16, 1.000000000000000000 ) ) ;
#768 = ORIENTED_EDGE ( 'NONE', *, *, #3655, .F. ) ;
#769 = CARTESIAN_POINT ( 'NONE',  ( 0.7000000000000006217, 0.5000000000000006661, 0.3499999999999999778 ) ) ;
#770 = SURFACE_SIDE_STYLE ('',( #3933 ) ) ;
#771 = MECHANICAL_DESIGN_GEOMETRIC_PRESENTATION_REPRESENTATION (  '', ( #3152 ), #2682 ) ;
#772 = DIRECTION ( 'NONE',  ( -0.000000000000000000, -0.000000000000000000, 1.000000000000000000 ) ) ;
#773 = CARTESIAN_POINT ( 'NONE',  ( 3.540000000000000036, 0.5000000000000000000, -0.3500000000000000888 ) ) ;
#774 = ADVANCED_FACE ( 'NONE', ( #4361 ), #4832, .F. ) ;
#775 = PRESENTATION_LAYER_ASSIGNMENT (  '', '', ( #4007 ) ) ;
#776 = CARTESIAN_POINT ( 'NONE',  ( 2.890000000000001013, 0.5000000000000005551, 0.3499999999999999778 ) ) ;
#777 = CARTESIAN_POINT ( 'NONE',  ( 3.540000000000000480, 1.121588454295350273E-16, 0.3499999999999999778 ) ) ;
#778 = VECTOR ( 'NONE', #3635, 1000.000000000000000 ) ;
#779 = ORIENTED_EDGE ( 'NONE', *, *, #4293, .F. ) ;
#780 = EDGE_CURVE ( 'NONE', #2738, #5219, #5277, .T. ) ;
#781 = LINE ( 'NONE', #1638, #5010 ) ;
#782 = VECTOR ( 'NONE', #5046, 1000.000000000000000 ) ;
#783 = CARTESIAN_POINT ( 'NONE',  ( -1.000000000000000000, 0.5000000000000002220, 0.3499999999999998668 ) ) ;
#784 = DIRECTION ( 'NONE',  ( 0.000000000000000000, 0.000000000000000000, 1.000000000000000000 ) ) ;
#785 = LINE ( 'NONE', #2606, #1637 ) ;
#786 = EDGE_LOOP ( 'NONE', ( #3500, #1852, #3015, #943 ) ) ;
#787 = DIRECTION ( 'NONE',  ( 1.000000000000000000, 0.000000000000000000, 0.000000000000000000 ) ) ;
#788 = VECTOR ( 'NONE', #4771, 1000.000000000000000 ) ;
#789 = EDGE_CURVE ( 'NONE', #4953, #2490, #141, .T. ) ;
#790 = FILL_AREA_STYLE ('',( #5100 ) ) ;
#791 = ORIENTED_EDGE ( 'NONE', *, *, #5089, .F. ) ;
#792 = FACE_OUTER_BOUND ( 'NONE', #5347, .T. ) ;
#793 = CARTESIAN_POINT ( 'NONE',  ( 1.853245067392238710, 6.500000000000000888, 0.3499999999999989231 ) ) ;
#794 = VECTOR ( 'NONE', #2946, 1000.000000000000000 ) ;
#795 = PRESENTATION_STYLE_ASSIGNMENT (( #2199 ) ) ;
#796 = EDGE_LOOP ( 'NONE', ( #194, #1755, #4833, #1260, #5132, #3516, #5068, #2123, #1781, #3, #5567, #735, #2354, #2080, #2087, #3621, #848, #4870, #1070, #3269, #5101 ) ) ;
#797 = ADVANCED_FACE ( 'NONE', ( #3408 ), #4766, .F. ) ;
#798 = FACE_OUTER_BOUND ( 'NONE', #3995, .T. ) ;
#799 = EDGE_LOOP ( 'NONE', ( #1089, #4757, #4804, #676 ) ) ;
#800 = CARTESIAN_POINT ( 'NONE',  ( 0.6000000000000005329, 6.299999999999999822, 0.3499999999999999778 ) ) ;
#801 = CARTESIAN_POINT ( 'NONE',  ( 5.680000000000000604, 6.299999999999999822, 0.3499999999999999778 ) ) ;
#802 = VERTEX_POINT ( 'NONE', #3856 ) ;
#803 = SURFACE_STYLE_USAGE ( .BOTH. , #4930 ) ;
#804 = DIRECTION ( 'NONE',  ( 1.000000000000000000, 1.121588454295349780E-16, -0.000000000000000000 ) ) ;
#805 = VECTOR ( 'NONE', #3259, 1000.000000000000000 ) ;
#806 =( LENGTH_UNIT ( ) NAMED_UNIT ( * ) SI_UNIT ( .MILLI., .METRE. ) );
#807 = CARTESIAN_POINT ( 'NONE',  ( 6.549999999999999822, 1.601149768326593145E-16, 0.6500000000000012434 ) ) ;
#808 = LINE ( 'NONE', #773, #2990 ) ;
#809 = EDGE_LOOP ( 'NONE', ( #3712, #564, #3584, #5024 ) ) ;
#810 = DIRECTION ( 'NONE',  ( -0.000000000000000000, 0.000000000000000000, 1.000000000000000000 ) ) ;
#811 = CARTESIAN_POINT ( 'NONE',  ( 3.327536108384564706, 5.774771377977483411, 0.3500000000000000333 ) ) ;
#812 = ORIENTED_EDGE ( 'NONE', *, *, #5097, .F. ) ;
#813 = FILL_AREA_STYLE_COLOUR ( '', #1369 ) ;
#814 = CARTESIAN_POINT ( 'NONE',  ( 2.590000000000000302, 8.026794919243110726, 0.05000000000000023870 ) ) ;
#815 = CARTESIAN_POINT ( 'NONE',  ( 0.9452969371955494138, 4.071564961060394339, 0.3500000000000000333 ) ) ;
#816 = ORIENTED_EDGE ( 'NONE', *, *, #745, .F. ) ;
#817 = ADVANCED_FACE ( 'NONE', ( #5770 ), #921, .T. ) ;
#818 = DIRECTION ( 'NONE',  ( 1.000000000000000000, 1.121588454295349780E-16, -0.000000000000000000 ) ) ;
#819 = LINE ( 'NONE', #5432, #4825 ) ;
#820 = VERTEX_POINT ( 'NONE', #3051 ) ;
#821 = CARTESIAN_POINT ( 'NONE',  ( 1.894533521472694604, 3.877691542223591359, -0.3500000000000000333 ) ) ;
#822 = EDGE_CURVE ( 'NONE', #2262, #5523, #2251, .T. ) ;
#823 = CARTESIAN_POINT ( 'NONE',  ( 3.226754932607761361, 8.000000000000000000, -0.6500000000000030198 ) ) ;
#824 = ORIENTED_EDGE ( 'NONE', *, *, #3571, .F. ) ;
#825 = FILL_AREA_STYLE ('',( #2201 ) ) ;
#826 = ORIENTED_EDGE ( 'NONE', *, *, #863, .F. ) ;
#827 = CARTESIAN_POINT ( 'NONE',  ( 5.432524015545779683, 5.732672356334978403, -0.3499999999999999778 ) ) ;
#828 = B_SPLINE_CURVE_WITH_KNOTS ( 'NONE', 3,
 ( #2911, #4162, #1972, #2823, #2854, #3334, #5561, #4715, #3272, #1527, #4288, #3736, #3366, #1031, #3833, #3796, #2379, #547, #5227, #61, #5619, #5105, #193, #125, #5691, #1496, #2411, #1919, #5595, #4641, #2033 ),
 .UNSPECIFIED., .F., .F.,
 ( 4, 1, 1, 1, 1, 1, 1, 2, 2, 1, 1, 1, 1, 2, 2, 1, 1, 1, 1, 1, 2, 2, 4 ),
 ( 0.000000000000000000, 0.06250000000001437739, 0.09375000000002127465, 0.1093750000000249245, 0.1171875000000267425, 0.1210937500000276584, 0.1230468750000281303, 0.1240234375000285189, 0.1250000000000288936, 0.1875000000000276723, 0.2187500000000270617, 0.2343750000000267564, 0.2421875000000266176, 0.2460937500000268119, 0.2500000000000269784, 0.3750000000000259237, 0.4375000000000253686, 0.4687500000000248135, 0.4843750000000245359, 0.4921875000000244249, 0.4960937500000245914, 0.5000000000000247580, 1.000000000000000000 ),
 .UNSPECIFIED. ) ;
#829 = DIRECTION ( 'NONE',  ( -1.000000000000000000, -0.000000000000000000, -0.000000000000000000 ) ) ;
#830 = ORIENTED_EDGE ( 'NONE', *, *, #972, .T. ) ;
#831 = CARTESIAN_POINT ( 'NONE',  ( 1.000000000000000000, 6.500000000000000888, 0.3499999999999989231 ) ) ;
#832 = EDGE_CURVE ( 'NONE', #6, #4163, #2191, .T. ) ;
#833 = SURFACE_SIDE_STYLE ('',( #4470 ) ) ;
#834 = DIRECTION ( 'NONE',  ( 0.000000000000000000, 1.000000000000000000, 0.000000000000000000 ) ) ;
#835 = ORIENTED_EDGE ( 'NONE', *, *, #2795, .T. ) ;
#836 = CARTESIAN_POINT ( 'NONE',  ( 6.080000000000000071, 6.500000000000000888, -0.3500000000000010880 ) ) ;
#837 = PLANE ( 'NONE',  #4192 ) ;
#838 = ORIENTED_EDGE ( 'NONE', *, *, #3552, .T. ) ;
#839 = DIRECTION ( 'NONE',  ( -0.000000000000000000, -0.000000000000000000, -1.000000000000000000 ) ) ;
#840 = CARTESIAN_POINT ( 'NONE',  ( 2.988193045422142369, 5.884855341312110077, -0.3499999999999999778 ) ) ;
#841 = EDGE_CURVE ( 'NONE', #2844, #5813, #308, .T. ) ;
#842 = AXIS2_PLACEMENT_3D ( 'NONE', #4460, #4043, #5863 ) ;
#843 = CARTESIAN_POINT ( 'NONE',  ( 1.000000000000000000, 6.500000000000000888, -0.3500000000000010880 ) ) ;
#844 = CARTESIAN_POINT ( 'NONE',  ( 4.730000000000001315, -2.800000000000001155, 0.3499999999999999778 ) ) ;
#845 = EDGE_LOOP ( 'NONE', ( #5478, #3444, #4968, #639 ) ) ;
#846 = STYLED_ITEM ( 'NONE', ( #3843 ), #5292 ) ;
#847 = CARTESIAN_POINT ( 'NONE',  ( 4.146302744966794407, 4.293911919603389471, -0.3500000000000000888 ) ) ;
#848 = ORIENTED_EDGE ( 'NONE', *, *, #5000, .F. ) ;
#849 = CARTESIAN_POINT ( 'NONE',  ( 1.906851685116534023, 6.299478870653091533, 0.3500000000000000888 ) ) ;
#850 = DIRECTION ( 'NONE',  ( 0.000000000000000000, 1.000000000000000000, -1.668003342285391797E-16 ) ) ;
#851 = MECHANICAL_DESIGN_GEOMETRIC_PRESENTATION_REPRESENTATION (  '', ( #1535 ), #555 ) ;
#852 = ORIENTED_EDGE ( 'NONE', *, *, #5207, .F. ) ;
#853 = CARTESIAN_POINT ( 'NONE',  ( 0.4633568989079006606, 1.699999999999997957, 0.3500000000000000333 ) ) ;
#854 = ORIENTED_EDGE ( 'NONE', *, *, #3162, .T. ) ;
#855 = LINE ( 'NONE', #889, #1169 ) ;
#856 = DIRECTION ( 'NONE',  ( -0.7071067811865475727, 0.7071067811865475727, 0.000000000000000000 ) ) ;
#857 = ORIENTED_EDGE ( 'NONE', *, *, #3503, .F. ) ;
#858 = DIRECTION ( 'NONE',  ( 1.000000000000000000, 0.000000000000000000, 0.000000000000000000 ) ) ;
#859 = SURFACE_STYLE_FILL_AREA ( #2300 ) ;
#860 = COLOUR_RGB ( '',0.8313725490196077761, 0.6705882352941175961, 0.1294117647058823373 ) ;
#861 = AXIS2_PLACEMENT_3D ( 'NONE', #5295, #3903, #4787 ) ;
#862 = EDGE_CURVE ( 'NONE', #426, #5902, #4515, .T. ) ;
#863 = EDGE_CURVE ( 'NONE', #5896, #1855, #3545, .T. ) ;
#864 = PLANE ( 'NONE',  #4806 ) ;
#865 = CARTESIAN_POINT ( 'NONE',  ( 6.073118178959434843, 2.798202530626829887, 0.3500000000000000333 ) ) ;
#866 = ORIENTED_EDGE ( 'NONE', *, *, #3571, .T. ) ;
#867 = SURFACE_STYLE_FILL_AREA ( #3658 ) ;
#868 = VECTOR ( 'NONE', #1894, 1000.000000000000000 ) ;
#869 = CARTESIAN_POINT ( 'NONE',  ( 3.206266211150818890, 6.298959448224888291, 0.3500000000000000888 ) ) ;
#870 = FILL_AREA_STYLE ('',( #2715 ) ) ;
#871 = ORIENTED_EDGE ( 'NONE', *, *, #1501, .T. ) ;
#872 = EDGE_CURVE ( 'NONE', #2500, #4226, #1882, .T. ) ;
#873 = AXIS2_PLACEMENT_3D ( 'NONE', #3440, #699, #4801 ) ;
#874 = CARTESIAN_POINT ( 'NONE',  ( 3.226754932607761805, 8.000000000000000000, -0.6500000000000025757 ) ) ;
#875 = DIRECTION ( 'NONE',  ( 1.000000000000000000, -0.000000000000000000, 0.000000000000000000 ) ) ;
#876 = CARTESIAN_POINT ( 'NONE',  ( 6.080000000000000959, 6.299999999999999822, -0.1283333333333334936 ) ) ;
#877 = VECTOR ( 'NONE', #656, 1000.000000000000000 ) ;
#878 =( LENGTH_UNIT ( ) NAMED_UNIT ( * ) SI_UNIT ( .MILLI., .METRE. ) );
#879 = EDGE_LOOP ( 'NONE', ( #1324, #1625, #2660, #4356 ) ) ;
#880 = AXIS2_PLACEMENT_3D ( 'NONE', #5719, #3421, #2085 ) ;
#881 = FACE_OUTER_BOUND ( 'NONE', #2723, .T. ) ;
#882 = ORIENTED_EDGE ( 'NONE', *, *, #5922, .F. ) ;
#883 = CARTESIAN_POINT ( 'NONE',  ( 1.804957989553974684, 6.043840788194787983, 0.3500000000000000888 ) ) ;
#884 = FACE_OUTER_BOUND ( 'NONE', #5843, .T. ) ;
#885 = CARTESIAN_POINT ( 'NONE',  ( 0.3500000000000008105, 1.084202172485506745E-17, -0.3499999999999999778 ) ) ;
#886 = ORIENTED_EDGE ( 'NONE', *, *, #1531, .T. ) ;
#887 = VECTOR ( 'NONE', #5923, 1000.000000000000000 ) ;
#888 = VERTEX_POINT ( 'NONE', #2605 ) ;
#889 = CARTESIAN_POINT ( 'NONE',  ( 4.930000000000001492, -3.000000000000000000, -0.3499999999999999778 ) ) ;
#890 = CARTESIAN_POINT ( 'NONE',  ( -0.3525240155457798341, 5.732672356334980179, -0.3499999999999999778 ) ) ;
#891 = EDGE_LOOP ( 'NONE', ( #5351, #5236, #5266, #2284 ) ) ;
#892 = CARTESIAN_POINT ( 'NONE',  ( 4.727475984454220459, 5.732672356334980179, -0.3499999999999999778 ) ) ;
#893 = VECTOR ( 'NONE', #2624, 1000.000000000000000 ) ;
#894 = CARTESIAN_POINT ( 'NONE',  ( 3.540000000000000480, 1.800000000000000488, 0.3499999999999999778 ) ) ;
#895 = DIRECTION ( 'NONE',  ( 0.000000000000000000, 0.000000000000000000, 1.000000000000000000 ) ) ;
#896 = ORIENTED_EDGE ( 'NONE', *, *, #1867, .T. ) ;
#897 = DIRECTION ( 'NONE',  ( -0.000000000000000000, 0.000000000000000000, 1.000000000000000000 ) ) ;
#898 = EDGE_CURVE ( 'NONE', #1227, #2712, #4029, .T. ) ;
#899 = LINE ( 'NONE', #3599, #1357 ) ;
#900 = EDGE_CURVE ( 'NONE', #2069, #4163, #4395, .T. ) ;
#901 = VECTOR ( 'NONE', #962, 1000.000000000000000 ) ;
#902 = DIRECTION ( 'NONE',  ( -0.000000000000000000, -0.000000000000000000, -1.000000000000000000 ) ) ;
#903 = EDGE_CURVE ( 'NONE', #1397, #3754, #5516, .T. ) ;
#904 = CARTESIAN_POINT ( 'NONE',  ( 4.754744180118195551, 5.589454083063166046, 0.3499999999999999778 ) ) ;
#905 = SURFACE_STYLE_FILL_AREA ( #4516 ) ;
#906 = ORIENTED_EDGE ( 'NONE', *, *, #3047, .F. ) ;
#907 = CARTESIAN_POINT ( 'NONE',  ( 4.217373952540059534, 5.194217234909947578, -0.3499999999999999778 ) ) ;
#908 = ORIENTED_EDGE ( 'NONE', *, *, #4176, .F. ) ;
#909 = CARTESIAN_POINT ( 'NONE',  ( 1.720714092337829015, 5.570187327444797276, 0.3499999999999999778 ) ) ;
#910 = CARTESIAN_POINT ( 'NONE',  ( 2.189999999999999947, 8.199999999999999289, -0.3499999999999999778 ) ) ;
#911 = PLANE ( 'NONE',  #950 ) ;
#912 = VERTEX_POINT ( 'NONE', #904 ) ;
#913 = CARTESIAN_POINT ( 'NONE',  ( 0.6454664785273048766, 3.877691542223585142, -0.3500000000000000333 ) ) ;
#914 = ORIENTED_EDGE ( 'NONE', *, *, #4471, .F. ) ;
#915 = CARTESIAN_POINT ( 'NONE',  ( 1.540000000000000480, 1.800000000000000488, -0.3499999999999999778 ) ) ;
#916 = FACE_OUTER_BOUND ( 'NONE', #4671, .T. ) ;
#917 = VERTEX_POINT ( 'NONE', #1960 ) ;
#918 = FACE_OUTER_BOUND ( 'NONE', #3390, .T. ) ;
#919 = PLANE ( 'NONE',  #5550 ) ;
#920 = EDGE_CURVE ( 'NONE', #3367, #2460, #1391, .T. ) ;
#921 =( BOUNDED_SURFACE ( )  B_SPLINE_SURFACE ( 2, 3, ( 
 ( #216, #1672, #3018, #1321 ),
 ( #2162, #876, #2692, #1725 ),
 ( #5907, #3515, #1789, #4886 ) ),
 .UNSPECIFIED., .F., .F., .F. ) 
 B_SPLINE_SURFACE_WITH_KNOTS ( ( 3, 3 ),
 ( 4, 4 ),
 ( 0.000000000000000000, 1.000000000000000000 ),
 ( -0.0007349999999999999763, 3.500000000000000371E-05 ),
 .UNSPECIFIED. ) 
 GEOMETRIC_REPRESENTATION_ITEM ( )  RATIONAL_B_SPLINE_SURFACE ( (
 ( 1.000000000000000000, 1.000000000000000000, 1.000000000000000000, 1.000000000000000000),
 ( 0.7071067811865475727, 0.7071067811865475727, 0.7071067811865475727, 0.7071067811865475727),
 ( 1.000000000000000000, 1.000000000000000000, 1.000000000000000000, 1.000000000000000000) ) ) 
 REPRESENTATION_ITEM ( '' )  SURFACE ( )  );
#922 = DIRECTION ( 'NONE',  ( -0.000000000000000000, 1.000000000000000000, -0.000000000000000000 ) ) ;
#923 = DIRECTION ( 'NONE',  ( 1.000000000000000000, -0.000000000000000000, 0.000000000000000000 ) ) ;
#924 = ORIENTED_EDGE ( 'NONE', *, *, #5404, .T. ) ;
#925 = SURFACE_STYLE_USAGE ( .BOTH. , #5898 ) ;
#926 = CARTESIAN_POINT ( 'NONE',  ( 5.405255819881806367, 5.589454083063162493, 0.3499999999999999778 ) ) ;
#927 =( NAMED_UNIT ( * ) PLANE_ANGLE_UNIT ( ) SI_UNIT ( $, .RADIAN. ) );
#928 = ADVANCED_FACE ( 'NONE', ( #4207 ), #4148, .T. ) ;
#929 = SURFACE_STYLE_FILL_AREA ( #5708 ) ;
#930 = SURFACE_STYLE_USAGE ( .BOTH. , #3223 ) ;
#931 = SURFACE_STYLE_USAGE ( .BOTH. , #5938 ) ;
#932 = ORIENTED_EDGE ( 'NONE', *, *, #5740, .F. ) ;
#933 = EDGE_CURVE ( 'NONE', #1276, #2559, #5462, .T. ) ;
#934 = EDGE_CURVE ( 'NONE', #2647, #3798, #5041, .T. ) ;
#935 = PRESENTATION_LAYER_ASSIGNMENT (  '', '', ( #644 ) ) ;
#936 = CARTESIAN_POINT ( 'NONE',  ( 3.226754932607761361, 10.39117142264903570, -0.6500000000000030198 ) ) ;
#937 = VERTEX_POINT ( 'NONE', #1880 ) ;
#938 = CARTESIAN_POINT ( 'NONE',  ( 0.5218457338839795900, 5.626229152235330488, 0.3499999999999999778 ) ) ;
#939 = DIRECTION ( 'NONE',  ( 0.5000000000000009992, -0.8660254037844380415, 0.000000000000000000 ) ) ;
#940 = CARTESIAN_POINT ( 'NONE',  ( 4.137499970055214860, 4.124619419408428911, 0.3499999999999999223 ) ) ;
#941 = ORIENTED_EDGE ( 'NONE', *, *, #5367, .T. ) ;
#942 = CARTESIAN_POINT ( 'NONE',  ( 0.3252558198818050750, 5.589454083063163381, 0.3499999999999999778 ) ) ;
#943 = ORIENTED_EDGE ( 'NONE', *, *, #3386, .F. ) ;
#944 = EDGE_CURVE ( 'NONE', #4000, #4988, #2719, .T. ) ;
#945 = DIRECTION ( 'NONE',  ( -0.000000000000000000, -1.000000000000000000, 1.668003342285392044E-16 ) ) ;
#946 = ORIENTED_EDGE ( 'NONE', *, *, #3570, .F. ) ;
#947 = CARTESIAN_POINT ( 'NONE',  ( 4.115000000000001101, -1.575000000000001066, 0.3499999999999999778 ) ) ;
#948 = AXIS2_PLACEMENT_3D ( 'NONE', #297, #1217, #2124 ) ;
#949 = SURFACE_STYLE_USAGE ( .BOTH. , #4137 ) ;
#950 = AXIS2_PLACEMENT_3D ( 'NONE', #1941, #3728, #1966 ) ;
#951 = CARTESIAN_POINT ( 'NONE',  ( 1.853245067392238710, 6.500000000000000888, -0.6500000000000017986 ) ) ;
#952 = CARTESIAN_POINT ( 'NONE',  ( 6.026936948246132353, 4.039780281224035541, 0.3500000000000000333 ) ) ;
#953 = ORIENTED_EDGE ( 'NONE', *, *, #2422, .T. ) ;
#954 =( NAMED_UNIT ( * ) SI_UNIT ( $, .STERADIAN. ) SOLID_ANGLE_UNIT ( ) );
#955 =( BOUNDED_CURVE ( )  B_SPLINE_CURVE ( 3, ( #2303, #3189, #1779, #2240 ),
 .UNSPECIFIED., .F., .F. ) 
 B_SPLINE_CURVE_WITH_KNOTS ( ( 4, 4 ),
 ( 1.570796326794896336, 2.359101780428492390 ),
 .UNSPECIFIED. ) 
 CURVE ( )  GEOMETRIC_REPRESENTATION_ITEM ( )  RATIONAL_B_SPLINE_CURVE ( ( 1.000000000000000000, 0.9488815137910384667, 0.9488815137910384667, 1.000000000000000000 ) ) 
 REPRESENTATION_ITEM ( '' )  );
#956 = AXIS2_PLACEMENT_3D ( 'NONE', #532, #1936, #4174 ) ;
#957 =( NAMED_UNIT ( * ) PLANE_ANGLE_UNIT ( ) SI_UNIT ( $, .RADIAN. ) );
#958 = EDGE_CURVE ( 'NONE', #1602, #552, #3287, .T. ) ;
#959 = CARTESIAN_POINT ( 'NONE',  ( 1.540000000000000036, 6.500000000000000888, 0.3499999999999989231 ) ) ;
#960 = ORIENTED_EDGE ( 'NONE', *, *, #972, .F. ) ;
#961 = MECHANICAL_DESIGN_GEOMETRIC_PRESENTATION_REPRESENTATION (  '', ( #1845 ), #2582 ) ;
#962 = DIRECTION ( 'NONE',  ( -0.000000000000000000, -1.000000000000000000, -0.000000000000000000 ) ) ;
#963 = VECTOR ( 'NONE', #1263, 1000.000000000000000 ) ;
#964 = ORIENTED_EDGE ( 'NONE', *, *, #2890, .T. ) ;
#965 = CARTESIAN_POINT ( 'NONE',  ( -0.6867549326077613259, 10.39117142264903570, -0.6500000000000030198 ) ) ;
#966 = LINE ( 'NONE', #5521, #1847 ) ;
#967 = CARTESIAN_POINT ( 'NONE',  ( 4.219835643297026095, 5.218128553112202361, 0.3500000000000000888 ) ) ;
#968 = EDGE_CURVE ( 'NONE', #23, #2069, #2394, .T. ) ;
#969 = VERTEX_POINT ( 'NONE', #3720 ) ;
#970 = EDGE_CURVE ( 'NONE', #2674, #4067, #3639, .T. ) ;
#971 = VECTOR ( 'NONE', #5456, 1000.000000000000000 ) ;
#972 = EDGE_CURVE ( 'NONE', #155, #4750, #5542, .T. ) ;
#973 = CARTESIAN_POINT ( 'NONE',  ( -1.018126922434469523E-15, 1.700000000000000178, 0.3499999999999999778 ) ) ;
#974 = EDGE_LOOP ( 'NONE', ( #2232, #5917, #5050, #3648 ) ) ;
#975 = PRESENTATION_STYLE_ASSIGNMENT (( #518 ) ) ;
#976 = CARTESIAN_POINT ( 'NONE',  ( 3.275042010446086671, 6.043840788194753344, -0.3500000000000000888 ) ) ;
#977 = AXIS2_PLACEMENT_3D ( 'NONE', #4683, #641, #4195 ) ;
#978 = ORIENTED_EDGE ( 'NONE', *, *, #2044, .F. ) ;
#979 = STYLED_ITEM ( 'NONE', ( #5056 ), #2179 ) ;
#980 = CARTESIAN_POINT ( 'NONE',  ( 5.080000000000000071, 6.500000000000000888, -1.155688030012021264E-15 ) ) ;
#981 = ORIENTED_EDGE ( 'NONE', *, *, #4532, .T. ) ;
#982 = DIRECTION ( 'NONE',  ( 1.000000000000000000, 0.000000000000000000, 0.000000000000000000 ) ) ;
#983 = LINE ( 'NONE', #4621, #4297 ) ;
#984 = LINE ( 'NONE', #5512, #4277 ) ;
#985 = FILL_AREA_STYLE ('',( #3604 ) ) ;
#986 = STYLED_ITEM ( 'NONE', ( #2979 ), #2867 ) ;
#987 = DIRECTION ( 'NONE',  ( -0.000000000000000000, -1.000000000000000000, 1.668003342285391551E-16 ) ) ;
#988 = CARTESIAN_POINT ( 'NONE',  ( 2.091806954577857258, 5.884855341312110077, 0.3499999999999999223 ) ) ;
#989 = VERTEX_POINT ( 'NONE', #3252 ) ;
#990 = CARTESIAN_POINT ( 'NONE',  ( -1.469999999999999973, 8.500000000000000000, 1.199999999999999956 ) ) ;
#991 = EDGE_LOOP ( 'NONE', ( #1812, #3723, #5202, #4313 ) ) ;
#992 = CARTESIAN_POINT ( 'NONE',  ( 3.140000000000000568, 6.299999999999999822, 0.1166666666666665853 ) ) ;
#993 = CARTESIAN_POINT ( 'NONE',  ( 4.293241503964613237, 5.779404586027640178, 0.3500000000000001443 ) ) ;
#994 = ORIENTED_EDGE ( 'NONE', *, *, #4146, .T. ) ;
#995 = CARTESIAN_POINT ( 'NONE',  ( 5.430000000000000604, 8.199999999999999289, 0.3499999999999999778 ) ) ;
#996 = LINE ( 'NONE', #2879, #1361 ) ;
#997 = EDGE_LOOP ( 'NONE', ( #1350, #5493, #4127, #3699 ) ) ;
#998 = CARTESIAN_POINT ( 'NONE',  ( 4.393245067392238745, 10.39117142264903570, -0.6500000000000030198 ) ) ;
#999 = EDGE_CURVE ( 'NONE', #1171, #3427, #2360, .T. ) ;
#1000 = CARTESIAN_POINT ( 'NONE',  ( 3.314147136672700000, 5.851685420754297873, -0.3500000000000000333 ) ) ;
#1001 = EDGE_CURVE ( 'NONE', #5774, #3754, #337, .T. ) ;
#1002 = DIRECTION ( 'NONE',  ( -0.000000000000000000, 0.000000000000000000, 1.000000000000000000 ) ) ;
#1003 = VERTEX_POINT ( 'NONE', #1105 ) ;
#1004 = UNCERTAINTY_MEASURE_WITH_UNIT (LENGTH_MEASURE( 1.000000000000000082E-05 ), #3937, 'distance_accuracy_value', 'NONE');
#1005 = UNCERTAINTY_MEASURE_WITH_UNIT (LENGTH_MEASURE( 1.000000000000000082E-05 ), #1685, 'distance_accuracy_value', 'NONE');
#1006 = FACE_OUTER_BOUND ( 'NONE', #710, .T. ) ;
#1007 = EDGE_LOOP ( 'NONE', ( #3361, #4704, #4818, #2034 ) ) ;
#1008 = DIRECTION ( 'NONE',  ( -1.000000000000000000, 0.000000000000000000, 0.000000000000000000 ) ) ;
#1009 = UNCERTAINTY_MEASURE_WITH_UNIT (LENGTH_MEASURE( 1.000000000000000082E-05 ), #3555, 'distance_accuracy_value', 'NONE');
#1010 = SURFACE_STYLE_USAGE ( .BOTH. , #1445 ) ;
#1011 = FILL_AREA_STYLE ('',( #5700 ) ) ;
#1012 =( NAMED_UNIT ( * ) PLANE_ANGLE_UNIT ( ) SI_UNIT ( $, .RADIAN. ) );
#1013 =( NAMED_UNIT ( * ) SI_UNIT ( $, .STERADIAN. ) SOLID_ANGLE_UNIT ( ) );
#1014 = CARTESIAN_POINT ( 'NONE',  ( 6.080000000000000959, 0.8000000000000007105, 0.3499999999999999778 ) ) ;
#1015 = ORIENTED_EDGE ( 'NONE', *, *, #2542, .T. ) ;
#1016 =( NAMED_UNIT ( * ) PLANE_ANGLE_UNIT ( ) SI_UNIT ( $, .RADIAN. ) );
#1017 = ORIENTED_EDGE ( 'NONE', *, *, #2146, .F. ) ;
#1018 = CARTESIAN_POINT ( 'NONE',  ( 0.7867584960353884993, 5.779404586027643731, -0.3499999999999999778 ) ) ;
#1019 = CARTESIAN_POINT ( 'NONE',  ( -0.5999999999999996447, 6.299999999999999822, 0.3849999999999999534 ) ) ;
#1020 = SURFACE_STYLE_FILL_AREA ( #88 ) ;
#1021 = VERTEX_POINT ( 'NONE', #2073 ) ;
#1022 = CARTESIAN_POINT ( 'NONE',  ( 5.579999999999999183, 6.299999999999999822, 0.3499999999999999778 ) ) ;
#1023 = VECTOR ( 'NONE', #4338, 1000.000000000000000 ) ;
#1024 = CARTESIAN_POINT ( 'NONE',  ( 0.4633568989079006606, 1.699999999999997957, 0.3499999999999999778 ) ) ;
#1025 = DIRECTION ( 'NONE',  ( -0.000000000000000000, 4.336808689942017243E-16, 1.000000000000000000 ) ) ;
#1026 = VERTEX_POINT ( 'NONE', #5209 ) ;
#1027 = LINE ( 'NONE', #3362, #5345 ) ;
#1028 = CARTESIAN_POINT ( 'NONE',  ( 3.140000000000000568, 6.299999999999999822, -0.3499999999999999778 ) ) ;
#1029 = STYLED_ITEM ( 'NONE', ( #4633 ), #4948 ) ;
#1030 = VECTOR ( 'NONE', #2250, 1000.000000000000000 ) ;
#1031 = CARTESIAN_POINT ( 'NONE',  ( -0.8403887387711881374, 5.398486016527556330, 0.3499999999999999778 ) ) ;
#1032 = ORIENTED_EDGE ( 'NONE', *, *, #1277, .T. ) ;
#1033 = B_SPLINE_CURVE_WITH_KNOTS ( 'NONE', 3,
 ( #4249, #1553, #2371, #54 ),
 .UNSPECIFIED., .F., .F.,
 ( 4, 4 ),
 ( 0.000000000000000000, 1.000000000000000000 ),
 .UNSPECIFIED. ) ;
#1034 = EDGE_CURVE ( 'NONE', #533, #4024, #5671, .T. ) ;
#1035 = SURFACE_STYLE_FILL_AREA ( #2801 ) ;
#1036 = AXIS2_PLACEMENT_3D ( 'NONE', #2138, #1236, #3944 ) ;
#1037 = VECTOR ( 'NONE', #4064, 1000.000000000000000 ) ;
#1038 =( NAMED_UNIT ( * ) SI_UNIT ( $, .STERADIAN. ) SOLID_ANGLE_UNIT ( ) );
#1039 = ORIENTED_EDGE ( 'NONE', *, *, #4328, .T. ) ;
#1040 = VECTOR ( 'NONE', #4713, 1000.000000000000000 ) ;
#1041 = EDGE_CURVE ( 'NONE', #1227, #5144, #3814, .T. ) ;
#1042 = VECTOR ( 'NONE', #4811, 1000.000000000000000 ) ;
#1043 = SURFACE_STYLE_USAGE ( .BOTH. , #2952 ) ;
#1044 = CARTESIAN_POINT ( 'NONE',  ( 3.039999999999998259, 6.299999999999999822, 0.3499999999999999778 ) ) ;
#1045 = MECHANICAL_DESIGN_GEOMETRIC_PRESENTATION_REPRESENTATION (  '', ( #4877 ), #2574 ) ;
#1046 = VECTOR ( 'NONE', #2486, 1000.000000000000000 ) ;
#1047 = CARTESIAN_POINT ( 'NONE',  ( 3.488897102351113944, 4.001162287970013054, 0.3499999999999999778 ) ) ;
#1048 = CARTESIAN_POINT ( 'NONE',  ( 1.625291895435265754, 4.597665842577885797, -0.3499999999999998668 ) ) ;
#1049 = STYLED_ITEM ( 'NONE', ( #3107 ), #5776 ) ;
#1050 =( GEOMETRIC_REPRESENTATION_CONTEXT ( 3 ) GLOBAL_UNCERTAINTY_ASSIGNED_CONTEXT ( ( #2520 ) ) GLOBAL_UNIT_ASSIGNED_CONTEXT ( ( #1313, #5454, #954 ) ) REPRESENTATION_CONTEXT ( 'NONE', 'WORKASPACE' ) );
#1051 = FILL_AREA_STYLE_COLOUR ( '', #5397 ) ;
#1052 = DIRECTION ( 'NONE',  ( 0.000000000000000000, -0.000000000000000000, -1.000000000000000000 ) ) ;
#1053 = FILL_AREA_STYLE_COLOUR ( '', #2026 ) ;
#1054 = DIRECTION ( 'NONE',  ( 1.084202172485504434E-16, -1.000000000000000000, 0.000000000000000000 ) ) ;
#1055 = ORIENTED_EDGE ( 'NONE', *, *, #1197, .T. ) ;
#1056 = CARTESIAN_POINT ( 'NONE',  ( 5.430000000000000604, 8.000000000000000000, 0.3499999999999999778 ) ) ;
#1057 = VECTOR ( 'NONE', #2777, 1000.000000000000000 ) ;
#1058 = CARTESIAN_POINT ( 'NONE',  ( 3.226754932607761361, 6.500000000000000888, -0.3500000000000010880 ) ) ;
#1059 =( NAMED_UNIT ( * ) SI_UNIT ( $, .STERADIAN. ) SOLID_ANGLE_UNIT ( ) );
#1060 = ORIENTED_EDGE ( 'NONE', *, *, #2826, .T. ) ;
#1061 = DIRECTION ( 'NONE',  ( 0.000000000000000000, 1.668003342285391797E-16, 1.000000000000000000 ) ) ;
#1062 = DIRECTION ( 'NONE',  ( -1.000000000000000000, 0.000000000000000000, 0.000000000000000000 ) ) ;
#1063 = CARTESIAN_POINT ( 'NONE',  ( -0.6999999999999995115, 0.8000000000000004885, 0.3499999999999999778 ) ) ;
#1064 = CARTESIAN_POINT ( 'NONE',  ( 5.543356898907900288, 1.699999999999997957, 0.3499999999999999778 ) ) ;
#1065 = COLOUR_RGB ( '',0.8313725490196077761, 0.6705882352941175961, 0.1294117647058823373 ) ;
#1066 = FACE_OUTER_BOUND ( 'NONE', #3109, .T. ) ;
#1067 = ORIENTED_EDGE ( 'NONE', *, *, #233, .F. ) ;
#1068 = DIRECTION ( 'NONE',  ( -1.000000000000000000, 0.000000000000000000, 0.000000000000000000 ) ) ;
#1069 = SURFACE_STYLE_USAGE ( .BOTH. , #4294 ) ;
#1070 = ORIENTED_EDGE ( 'NONE', *, *, #2041, .T. ) ;
#1071 = DIRECTION ( 'NONE',  ( -0.000000000000000000, 0.000000000000000000, 1.000000000000000000 ) ) ;
#1072 =( LENGTH_UNIT ( ) NAMED_UNIT ( * ) SI_UNIT ( .MILLI., .METRE. ) );
#1073 = DIRECTION ( 'NONE',  ( 0.000000000000000000, 0.000000000000000000, 1.000000000000000000 ) ) ;
#1074 = CARTESIAN_POINT ( 'NONE',  ( -1.469999999999999973, 0.000000000000000000, -1.199999999999999956 ) ) ;
#1075 = CARTESIAN_POINT ( 'NONE',  ( 3.540000000000001368, 6.299999999999999822, 0.1283333333333333270 ) ) ;
#1076 = DIRECTION ( 'NONE',  ( 0.000000000000000000, 0.000000000000000000, -1.000000000000000000 ) ) ;
#1077 = EDGE_CURVE ( 'NONE', #4642, #4862, #2870, .T. ) ;
#1078 = DIRECTION ( 'NONE',  ( 1.000000000000000000, 0.000000000000000000, 0.000000000000000000 ) ) ;
#1079 = DIRECTION ( 'NONE',  ( -0.7071067811865475727, 0.7071067811865475727, 0.000000000000000000 ) ) ;
#1080 = ORIENTED_EDGE ( 'NONE', *, *, #5241, .F. ) ;
#1081 = VECTOR ( 'NONE', #2880, 1000.000000000000000 ) ;
#1082 = DIRECTION ( 'NONE',  ( -3.097720492815726426E-17, 1.000000000000000000, 0.000000000000000000 ) ) ;
#1083 = SURFACE_STYLE_FILL_AREA ( #5186 ) ;
#1084 = PLANE ( 'NONE',  #1221 ) ;
#1085 = LINE ( 'NONE', #2903, #4109 ) ;
#1086 =( LENGTH_UNIT ( ) NAMED_UNIT ( * ) SI_UNIT ( .MILLI., .METRE. ) );
#1087 = VERTEX_POINT ( 'NONE', #2511 ) ;
#1088 = CARTESIAN_POINT ( 'NONE',  ( 1.540000000000000036, 0.5000000000000000000, -0.3500000000000000888 ) ) ;
#1089 = ORIENTED_EDGE ( 'NONE', *, *, #3881, .F. ) ;
#1090 = PLANE ( 'NONE',  #4565 ) ;
#1091 = FILL_AREA_STYLE_COLOUR ( '', #1550 ) ;
#1092 = PLANE ( 'NONE',  #3430 ) ;
#1093 = CARTESIAN_POINT ( 'NONE',  ( 4.580000000000001847, 6.299999999999999822, -0.3499999999999999778 ) ) ;
#1094 = CARTESIAN_POINT ( 'NONE',  ( 2.187475984454220423, 5.732672356334980179, -0.3499999999999999778 ) ) ;
#1095 = ORIENTED_EDGE ( 'NONE', *, *, #780, .F. ) ;
#1096 = LINE ( 'NONE', #3370, #2884 ) ;
#1097 = ORIENTED_EDGE ( 'NONE', *, *, #5119, .T. ) ;
#1098 = CARTESIAN_POINT ( 'NONE',  ( 1.840000000000000524, 0.8000000000000004885, 0.3499999999999999778 ) ) ;
#1099 = CARTESIAN_POINT ( 'NONE',  ( 2.189999999999999947, 8.199999999999999289, 0.3499999999999999778 ) ) ;
#1100 = UNCERTAINTY_MEASURE_WITH_UNIT (LENGTH_MEASURE( 1.000000000000000082E-05 ), #1446, 'distance_accuracy_value', 'NONE');
#1101 = FILL_AREA_STYLE ('',( #2008 ) ) ;
#1102 = EDGE_CURVE ( 'NONE', #969, #3725, #5179, .T. ) ;
#1103 = ADVANCED_FACE ( 'NONE', ( #4333 ), #1134, .F. ) ;
#1104 = ORIENTED_EDGE ( 'NONE', *, *, #1257, .F. ) ;
#1105 = CARTESIAN_POINT ( 'NONE',  ( 2.890000000000000124, 8.000000000000000000, 0.3499999999999999778 ) ) ;
#1106 = SURFACE_SIDE_STYLE ('',( #2048 ) ) ;
#1107 = ORIENTED_EDGE ( 'NONE', *, *, #3882, .T. ) ;
#1108 = CARTESIAN_POINT ( 'NONE',  ( 2.189999999999999947, 8.000000000000000000, 0.3499999999999999778 ) ) ;
#1109 = DIRECTION ( 'NONE',  ( -0.7071067811865489050, 0.7071067811865460184, -0.000000000000000000 ) ) ;
#1110 = CARTESIAN_POINT ( 'NONE',  ( 3.140000000000000568, 6.299999999999999822, 0.3499999999999999778 ) ) ;
#1111 = PRESENTATION_STYLE_ASSIGNMENT (( #2022 ) ) ;
#1112 = ORIENTED_EDGE ( 'NONE', *, *, #1819, .F. ) ;
#1113 = EDGE_CURVE ( 'NONE', #2701, #1482, #5634, .T. ) ;
#1114 = EDGE_CURVE ( 'NONE', #3291, #5526, #204, .T. ) ;
#1115 = CARTESIAN_POINT ( 'NONE',  ( 5.405255819881805479, 5.589454083063163381, 0.3499999999999999778 ) ) ;
#1116 = LINE ( 'NONE', #1262, #5483 ) ;
#1117 = EDGE_CURVE ( 'NONE', #912, #3798, #5375, .T. ) ;
#1118 = ORIENTED_EDGE ( 'NONE', *, *, #4627, .F. ) ;
#1119 = CARTESIAN_POINT ( 'NONE',  ( -0.3499999999999992006, -1.084202172485501815E-17, 0.3499999999999999778 ) ) ;
#1120 = CARTESIAN_POINT ( 'NONE',  ( 4.730000000000001315, -1.084202172485501815E-17, 0.3499999999999999778 ) ) ;
#1121 =( LENGTH_UNIT ( ) NAMED_UNIT ( * ) SI_UNIT ( .MILLI., .METRE. ) );
#1122 = DIRECTION ( 'NONE',  ( -1.000000000000000000, 0.000000000000000000, 0.000000000000000000 ) ) ;
#1123 = DIRECTION ( 'NONE',  ( -1.000000000000000000, 0.000000000000000000, 0.000000000000000000 ) ) ;
#1124 = EDGE_LOOP ( 'NONE', ( #3120, #3273, #1450, #5755 ) ) ;
#1125 = DIRECTION ( 'NONE',  ( 0.000000000000000000, 0.000000000000000000, -1.000000000000000000 ) ) ;
#1126 = PLANE ( 'NONE',  #2515 ) ;
#1127 = EDGE_LOOP ( 'NONE', ( #5469, #5473, #37, #1364 ) ) ;
#1128 = CARTESIAN_POINT ( 'NONE',  ( 0.3500000000000000333, 0.000000000000000000, 0.3499999999999999778 ) ) ;
#1129 =( LENGTH_UNIT ( ) NAMED_UNIT ( * ) SI_UNIT ( .MILLI., .METRE. ) );
#1130 = VECTOR ( 'NONE', #902, 1000.000000000000000 ) ;
#1131 = DIRECTION ( 'NONE',  ( -1.000000000000000000, 0.000000000000000000, 7.744301232039316681E-17 ) ) ;
#1132 = VECTOR ( 'NONE', #2536, 1000.000000000000000 ) ;
#1133 = VECTOR ( 'NONE', #3391, 1000.000000000000000 ) ;
#1134 = PLANE ( 'NONE',  #2974 ) ;
#1135 = CARTESIAN_POINT ( 'NONE',  ( 1.540000000000001146, 2.207665535523969602, -0.3499999999999999778 ) ) ;
#1136 = EDGE_CURVE ( 'NONE', #1003, #1376, #625, .T. ) ;
#1137 = ORIENTED_EDGE ( 'NONE', *, *, #1864, .F. ) ;
#1138 = CLOSED_SHELL ( 'NONE', ( #232, #2895, #5212, #3306, #2244, #3857, #5134, #3690, #5748, #5354, #680, #5398, #4778, #262, #5448, #3760, #2050, #712, #4091, #5534, #5669, #928, #2079 ) ) ;
#1139 = DIRECTION ( 'NONE',  ( 1.000000000000000000, 0.000000000000000000, 0.000000000000000000 ) ) ;
#1140 = CARTESIAN_POINT ( 'NONE',  ( 4.393245067392238745, 0.5000000000000000000, -0.6500000000000013545 ) ) ;
#1141 = CARTESIAN_POINT ( 'NONE',  ( 0.9240581407171550854, 4.443591676420198588, -0.3500000000000000333 ) ) ;
#1142 = PRESENTATION_STYLE_ASSIGNMENT (( #4702 ) ) ;
#1143 = PLANE ( 'NONE',  #5742 ) ;
#1144 = STYLED_ITEM ( 'NONE', ( #3139 ), #5669 ) ;
#1145 = EDGE_LOOP ( 'NONE', ( #1938, #3691, #835, #3353 ) ) ;
#1146 = EDGE_CURVE ( 'NONE', #2023, #1862, #5897, .T. ) ;
#1147 = FILL_AREA_STYLE ('',( #2930 ) ) ;
#1148 = CARTESIAN_POINT ( 'NONE',  ( 5.080000000000000071, 6.500000000000000888, -1.155688030012021264E-15 ) ) ;
#1149 = SURFACE_STYLE_USAGE ( .BOTH. , #5799 ) ;
#1150 = ORIENTED_EDGE ( 'NONE', *, *, #4135, .F. ) ;
#1151 = CARTESIAN_POINT ( 'NONE',  ( 4.631806954577857738, 5.884855341312109189, 0.3499999999999999223 ) ) ;
#1152 = DIRECTION ( 'NONE',  ( 1.000000000000000000, 0.000000000000000000, 0.000000000000000000 ) ) ;
#1153 = EDGE_CURVE ( 'NONE', #2904, #3643, #3511, .T. ) ;
#1154 = DIRECTION ( 'NONE',  ( -1.000000000000000000, -0.000000000000000000, -0.000000000000000000 ) ) ;
#1155 = ORIENTED_EDGE ( 'NONE', *, *, #900, .F. ) ;
#1156 = AXIS2_PLACEMENT_3D ( 'NONE', #1744, #4555, #3561 ) ;
#1157 =( BOUNDED_SURFACE ( )  B_SPLINE_SURFACE ( 3, 1, ( 
 ( #2170, #3969 ),
 ( #4524, #5826 ),
 ( #1735, #2117 ),
 ( #3494, #2231 ) ),
 .UNSPECIFIED., .F., .F., .F. ) 
 B_SPLINE_SURFACE_WITH_KNOTS ( ( 4, 4 ),
 ( 2, 2 ),
 ( 0.000000000000000000, 1.000000000000000000 ),
 ( 0.000000000000000000, 1.000000000000000000 ),
 .UNSPECIFIED. ) 
 GEOMETRIC_REPRESENTATION_ITEM ( )  RATIONAL_B_SPLINE_SURFACE ( (
 ( 1.000000000000000000, 1.000000000000000000),
 ( 0.9488815137910379116, 0.9488815137910379116),
 ( 0.9488815137910379116, 0.9488815137910379116),
 ( 1.000000000000000000, 1.000000000000000000) ) ) 
 REPRESENTATION_ITEM ( '' )  SURFACE ( )  );
#1158 = CARTESIAN_POINT ( 'NONE',  ( 3.003356898907901140, 1.699999999999999067, 0.3500000000000000888 ) ) ;
#1159 = LINE ( 'NONE', #734, #17 ) ;
#1160 = EDGE_LOOP ( 'NONE', ( #3328, #525, #1182, #3488 ) ) ;
#1161 = DIRECTION ( 'NONE',  ( 1.000000000000000000, 0.000000000000000000, 0.000000000000000000 ) ) ;
#1162 = CARTESIAN_POINT ( 'NONE',  ( 2.190000000000000835, -1.084202172485501815E-17, -0.3499999999999999778 ) ) ;
#1163 = AXIS2_PLACEMENT_3D ( 'NONE', #5036, #939, #3752 ) ;
#1164 = DIRECTION ( 'NONE',  ( 0.000000000000000000, 0.000000000000000000, 1.000000000000000000 ) ) ;
#1165 = VECTOR ( 'NONE', #5237, 1000.000000000000000 ) ;
#1166 = CARTESIAN_POINT ( 'NONE',  ( 2.040000000000001812, 6.299999999999999822, 0.3499999999999999778 ) ) ;
#1167 = CARTESIAN_POINT ( 'NONE',  ( 2.190000000000000835, -2.800000000000001155, 0.3499999999999999778 ) ) ;
#1168 = CARTESIAN_POINT ( 'NONE',  ( 6.549999999999999822, 0.000000000000000000, -0.6499999999999991340 ) ) ;
#1169 = VECTOR ( 'NONE', #1337, 1000.000000000000000 ) ;
#1170 = CARTESIAN_POINT ( 'NONE',  ( -5.421010862427528333E-17, 0.5000000000000005551, 0.3499999999999999778 ) ) ;
#1171 = VERTEX_POINT ( 'NONE', #776 ) ;
#1172 = COLOUR_RGB ( '',0.8313725490196077761, 0.6705882352941175961, 0.1294117647058823373 ) ;
#1173 = CARTESIAN_POINT ( 'NONE',  ( 1.540000000000000702, 0.8000000000000004885, 0.3499999999999999778 ) ) ;
#1174 = CARTESIAN_POINT ( 'NONE',  ( 1.000000000000000222, 2.615493535622417820, -0.3499999999999999778 ) ) ;
#1175 = UNCERTAINTY_MEASURE_WITH_UNIT (LENGTH_MEASURE( 1.000000000000000082E-05 ), #583, 'distance_accuracy_value', 'NONE');
#1176 =( NAMED_UNIT ( * ) PLANE_ANGLE_UNIT ( ) SI_UNIT ( $, .RADIAN. ) );
#1177 = SURFACE_STYLE_FILL_AREA ( #178 ) ;
#1178 = ORIENTED_EDGE ( 'NONE', *, *, #2806, .T. ) ;
#1179 = COLOUR_RGB ( '',0.000000000000000000, 0.7529411764705882248, 0.000000000000000000 ) ;
#1180 = LINE ( 'NONE', #666, #5632 ) ;
#1181 =( GEOMETRIC_REPRESENTATION_CONTEXT ( 3 ) GLOBAL_UNCERTAINTY_ASSIGNED_CONTEXT ( ( #3449 ) ) GLOBAL_UNIT_ASSIGNED_CONTEXT ( ( #5442, #2731, #5415 ) ) REPRESENTATION_CONTEXT ( 'NONE', 'WORKASPACE' ) );
#1182 = ORIENTED_EDGE ( 'NONE', *, *, #4362, .F. ) ;
#1183 = DIRECTION ( 'NONE',  ( -1.000000000000000000, 0.000000000000000000, 7.744301232039316681E-17 ) ) ;
#1184 = CARTESIAN_POINT ( 'NONE',  ( 4.080000000000000071, 1.800000000000000488, -0.1283333333333334936 ) ) ;
#1185 = DIRECTION ( 'NONE',  ( 1.000000000000000000, 1.121588454295349780E-16, -0.000000000000000000 ) ) ;
#1186 = FACE_OUTER_BOUND ( 'NONE', #2620, .T. ) ;
#1187 = UNCERTAINTY_MEASURE_WITH_UNIT (LENGTH_MEASURE( 1.000000000000000082E-05 ), #5003, 'distance_accuracy_value', 'NONE');
#1188 = ORIENTED_EDGE ( 'NONE', *, *, #4546, .F. ) ;
#1189 = STYLED_ITEM ( 'NONE', ( #2345 ), #3306 ) ;
#1190 =( NAMED_UNIT ( * ) SI_UNIT ( $, .STERADIAN. ) SOLID_ANGLE_UNIT ( ) );
#1191 = CARTESIAN_POINT ( 'NONE',  ( 5.080000000000000071, 0.000000000000000000, 0.3499999999999999778 ) ) ;
#1192 = ORIENTED_EDGE ( 'NONE', *, *, #4151, .F. ) ;
#1193 = CARTESIAN_POINT ( 'NONE',  ( 6.080000000000000071, 6.500000000000000888, -0.3500000000000010880 ) ) ;
#1194 = CARTESIAN_POINT ( 'NONE',  ( -0.3499999999999992006, -1.084202172485501815E-17, -0.3499999999999999778 ) ) ;
#1195 = CARTESIAN_POINT ( 'NONE',  ( 4.930000000000001492, -3.000000000000000000, -0.3499999999999999778 ) ) ;
#1196 = LINE ( 'NONE', #353, #3268 ) ;
#1197 = EDGE_CURVE ( 'NONE', #2306, #2320, #355, .T. ) ;
#1198 = LINE ( 'NONE', #2217, #3819 ) ;
#1199 = CARTESIAN_POINT ( 'NONE',  ( 5.543356898907902064, 1.699999999999999289, 0.3499999999999999778 ) ) ;
#1200 = VERTEX_POINT ( 'NONE', #4935 ) ;
#1201 = LINE ( 'NONE', #3016, #4915 ) ;
#1202 = CARTESIAN_POINT ( 'NONE',  ( 1.000000000000000444, 1.800000000000000488, -0.3499999999999999778 ) ) ;
#1203 = CARTESIAN_POINT ( 'NONE',  ( 0.6000000000000005329, 6.299999999999999822, 0.3499999999999999778 ) ) ;
#1204 = CARTESIAN_POINT ( 'NONE',  ( 5.230000000000002203, -3.000000000000000000, 0.3499999999999999778 ) ) ;
#1205 = ORIENTED_EDGE ( 'NONE', *, *, #1411, .T. ) ;
#1206 = SURFACE_SIDE_STYLE ('',( #2111 ) ) ;
#1207 = CARTESIAN_POINT ( 'NONE',  ( -0.3499999999999990896, -2.800000000000001155, -0.3499999999999999778 ) ) ;
#1208 = ORIENTED_EDGE ( 'NONE', *, *, #5859, .F. ) ;
#1209 = CARTESIAN_POINT ( 'NONE',  ( 1.000000000000000444, 1.800000000000000488, -0.3849999999999999534 ) ) ;
#1210 =( NAMED_UNIT ( * ) SI_UNIT ( $, .STERADIAN. ) SOLID_ANGLE_UNIT ( ) );
#1211 = CARTESIAN_POINT ( 'NONE',  ( 6.550000000000000711, 8.500000000000000000, -1.199999999999999956 ) ) ;
#1212 = CARTESIAN_POINT ( 'NONE',  ( -0.6454664785273052097, 3.877691542223591359, 0.3499999999999999778 ) ) ;
#1213 = ORIENTED_EDGE ( 'NONE', *, *, #1322, .F. ) ;
#1214 = EDGE_CURVE ( 'NONE', #3954, #3155, #5476, .T. ) ;
#1215 = CARTESIAN_POINT ( 'NONE',  ( 6.022500029944760414, 4.124619419408677601, -0.3500000000000000333 ) ) ;
#1216 = VERTEX_POINT ( 'NONE', #4509 ) ;
#1217 = DIRECTION ( 'NONE',  ( -0.000000000000000000, -0.000000000000000000, -1.000000000000000000 ) ) ;
#1218 = CARTESIAN_POINT ( 'NONE',  ( -0.9999999999999993339, -1.121588454295348794E-16, -0.3499999999999999778 ) ) ;
#1219 = SURFACE_STYLE_USAGE ( .BOTH. , #833 ) ;
#1220 = CARTESIAN_POINT ( 'NONE',  ( 2.490000000000000213, 8.026794919243110726, -0.05000000000000023870 ) ) ;
#1221 = AXIS2_PLACEMENT_3D ( 'NONE', #1939, #4765, #2400 ) ;
#1222 = DIRECTION ( 'NONE',  ( -1.000000000000000000, 0.000000000000000000, 0.000000000000000000 ) ) ;
#1223 = SURFACE_SIDE_STYLE ('',( #4966 ) ) ;
#1224 = DIRECTION ( 'NONE',  ( 1.000000000000000000, 0.000000000000000000, 0.000000000000000000 ) ) ;
#1225 = VECTOR ( 'NONE', #1154, 1000.000000000000000 ) ;
#1226 = STYLED_ITEM ( 'NONE', ( #2154 ), #3760 ) ;
#1227 = VERTEX_POINT ( 'NONE', #5394 ) ;
#1228 = VECTOR ( 'NONE', #4724, 1000.000000000000000 ) ;
#1229 = VECTOR ( 'NONE', #3024, 1000.000000000000000 ) ;
#1230 = LINE ( 'NONE', #1576, #5791 ) ;
#1231 = DIRECTION ( 'NONE',  ( 1.121588454295349533E-16, -1.000000000000000000, 0.000000000000000000 ) ) ;
#1232 = CARTESIAN_POINT ( 'NONE',  ( 0.7924853663132173098, 5.744802409713647862, 0.3499999999999999223 ) ) ;
#1233 = DIRECTION ( 'NONE',  ( -1.000000000000000000, -0.000000000000000000, -0.000000000000000000 ) ) ;
#1234 = ORIENTED_EDGE ( 'NONE', *, *, #75, .T. ) ;
#1235 = STYLED_ITEM ( 'NONE', ( #795 ), #5448 ) ;
#1236 = DIRECTION ( 'NONE',  ( 0.000000000000000000, 1.000000000000000000, 0.000000000000000000 ) ) ;
#1237 = DIRECTION ( 'NONE',  ( -0.000000000000000000, -0.000000000000000000, -1.000000000000000000 ) ) ;
#1238 = VERTEX_POINT ( 'NONE', #2098 ) ;
#1239 = DIRECTION ( 'NONE',  ( 1.000000000000000000, 0.000000000000000000, 0.000000000000000000 ) ) ;
#1240 = SURFACE_STYLE_USAGE ( .BOTH. , #3581 ) ;
#1241 = EDGE_CURVE ( 'NONE', #3966, #13, #5874, .T. ) ;
#1242 = FILL_AREA_STYLE_COLOUR ( '', #2375 ) ;
#1243 = DIRECTION ( 'NONE',  ( 0.000000000000000000, 0.000000000000000000, 1.000000000000000000 ) ) ;
#1244 = CARTESIAN_POINT ( 'NONE',  ( -0.3252558198818047974, 5.589454083063166046, -0.3499999999999999778 ) ) ;
#1245 = ORIENTED_EDGE ( 'NONE', *, *, #1102, .T. ) ;
#1246 = STYLED_ITEM ( 'NONE', ( #3850 ), #5748 ) ;
#1247 = COLOUR_RGB ( '',0.8313725490196077761, 0.6705882352941175961, 0.1294117647058823373 ) ;
#1248 = CARTESIAN_POINT ( 'NONE',  ( 2.390000000000000568, -3.000000000000000000, 0.3499999999999999778 ) ) ;
#1249 = ORIENTED_EDGE ( 'NONE', *, *, #5208, .T. ) ;
#1250 =( NAMED_UNIT ( * ) PLANE_ANGLE_UNIT ( ) SI_UNIT ( $, .RADIAN. ) );
#1251 = CARTESIAN_POINT ( 'NONE',  ( 2.091806954577857258, 5.884855341312110077, -0.3499999999999999223 ) ) ;
#1252 = CARTESIAN_POINT ( 'NONE',  ( 5.766754932607761397, 10.39117142264903570, -0.6500000000000030198 ) ) ;
#1253 = LINE ( 'NONE', #5299, #1375 ) ;
#1254 = VECTOR ( 'NONE', #5332, 1000.000000000000000 ) ;
#1255 = ORIENTED_EDGE ( 'NONE', *, *, #2856, .T. ) ;
#1256 = DIRECTION ( 'NONE',  ( -0.000000000000000000, 1.000000000000000000, -0.000000000000000000 ) ) ;
#1257 = EDGE_CURVE ( 'NONE', #1872, #257, #1198, .T. ) ;
#1258 = CARTESIAN_POINT ( 'NONE',  ( 1.540000000000000480, 1.800000000000000044, 0.1166666666666665853 ) ) ;
#1259 = AXIS2_PLACEMENT_3D ( 'NONE', #3593, #4075, #2332 ) ;
#1260 = ORIENTED_EDGE ( 'NONE', *, *, #2717, .T. ) ;
#1261 = EDGE_CURVE ( 'NONE', #5188, #4276, #5301, .T. ) ;
#1262 = CARTESIAN_POINT ( 'NONE',  ( 0.3500000000000009215, -2.800000000000001155, -0.3499999999999999778 ) ) ;
#1263 = DIRECTION ( 'NONE',  ( -0.000000000000000000, -1.000000000000000000, 1.668003342285391551E-16 ) ) ;
#1264 = SURFACE_STYLE_FILL_AREA ( #2633 ) ;
#1265 = ORIENTED_EDGE ( 'NONE', *, *, #3154, .T. ) ;
#1266 = CARTESIAN_POINT ( 'NONE',  ( -0.9455177966741292739, 4.067306563708465994, -0.3500000000000000333 ) ) ;
#1267 = MECHANICAL_DESIGN_GEOMETRIC_PRESENTATION_REPRESENTATION (  '', ( #3080 ), #2788 ) ;
#1268 = CARTESIAN_POINT ( 'NONE',  ( 4.205005870614371588, 5.069026963383188367, -0.3499999999999999223 ) ) ;
#1269 = ORIENTED_EDGE ( 'NONE', *, *, #3213, .F. ) ;
#1270 = CARTESIAN_POINT ( 'NONE',  ( 1.000000000000000444, 6.299999999999999822, -0.1283333333333334936 ) ) ;
#1271 = DIRECTION ( 'NONE',  ( -1.000000000000000000, 0.000000000000000000, 0.000000000000000000 ) ) ;
#1272 = PRESENTATION_LAYER_ASSIGNMENT (  '', '', ( #407 ) ) ;
#1273 = CARTESIAN_POINT ( 'NONE',  ( 4.080000000000000959, 0.8000000000000004885, 0.3499999999999999778 ) ) ;
#1274 = VERTEX_POINT ( 'NONE', #1783 ) ;
#1275 =( NAMED_UNIT ( * ) PLANE_ANGLE_UNIT ( ) SI_UNIT ( $, .RADIAN. ) );
#1276 = VERTEX_POINT ( 'NONE', #3566 ) ;
#1277 = EDGE_CURVE ( 'NONE', #3069, #1892, #2126, .T. ) ;
#1278 = VECTOR ( 'NONE', #3788, 1000.000000000000000 ) ;
#1279 = CARTESIAN_POINT ( 'NONE',  ( 1.853245067392238710, 0.5000000000000000000, -0.6500000000000013545 ) ) ;
#1280 = DIRECTION ( 'NONE',  ( 0.000000000000000000, 1.000000000000000000, -1.668003342285391797E-16 ) ) ;
#1281 = EDGE_LOOP ( 'NONE', ( #2685, #1188, #1795, #2289 ) ) ;
#1282 = SURFACE_SIDE_STYLE ('',( #5388 ) ) ;
#1283 = AXIS2_PLACEMENT_3D ( 'NONE', #3443, #1237, #5713 ) ;
#1284 = CARTESIAN_POINT ( 'NONE',  ( 5.601845733883980216, 5.626229152235330488, 0.000000000000000000 ) ) ;
#1285 = FILL_AREA_STYLE ('',( #2595 ) ) ;
#1286 = CARTESIAN_POINT ( 'NONE',  ( 1.853245067392238710, 10.39117142264903570, -0.6500000000000030198 ) ) ;
#1287 = VERTEX_POINT ( 'NONE', #1720 ) ;
#1288 = CARTESIAN_POINT ( 'NONE',  ( -0.6867549326077613259, 0.5000000000000000000, -0.6500000000000013545 ) ) ;
#1289 = FILL_AREA_STYLE ('',( #302 ) ) ;
#1290 = ORIENTED_EDGE ( 'NONE', *, *, #5320, .T. ) ;
#1291 = EDGE_CURVE ( 'NONE', #3643, #3347, #3483, .T. ) ;
#1292 = DIRECTION ( 'NONE',  ( 1.000000000000000000, 0.000000000000000000, 0.000000000000000000 ) ) ;
#1293 = CARTESIAN_POINT ( 'NONE',  ( -0.05000000000000029421, 8.026794919243110726, -0.05000000000000023870 ) ) ;
#1294 = CARTESIAN_POINT ( 'NONE',  ( 0.8491834779806503031, 5.324198710742059859, 0.3499999999999999778 ) ) ;
#1295 = LINE ( 'NONE', #4396, #4187 ) ;
#1296 = VERTEX_POINT ( 'NONE', #3461 ) ;
#1297 = CARTESIAN_POINT ( 'NONE',  ( -0.9999999999999993339, 0.8000000000000004885, 0.3499999999999999778 ) ) ;
#1298 = ORIENTED_EDGE ( 'NONE', *, *, #5168, .F. ) ;
#1299 = CARTESIAN_POINT ( 'NONE',  ( 1.940000000000000613, 6.299999999999999822, 0.3499999999999999778 ) ) ;
#1300 = DIRECTION ( 'NONE',  ( 0.000000000000000000, 0.000000000000000000, 1.000000000000000000 ) ) ;
#1301 = EDGE_CURVE ( 'NONE', #5063, #5282, #1325, .T. ) ;
#1302 = VERTEX_POINT ( 'NONE', #5424 ) ;
#1303 = CARTESIAN_POINT ( 'NONE',  ( 5.766754932607761397, 10.39117142264903570, 0.3499999999999983125 ) ) ;
#1304 = ORIENTED_EDGE ( 'NONE', *, *, #4890, .F. ) ;
#1305 = EDGE_CURVE ( 'NONE', #5136, #2993, #2957, .T. ) ;
#1306 = CARTESIAN_POINT ( 'NONE',  ( 6.080000000000003624, 2.615493535622418264, -0.3500000000000000888 ) ) ;
#1307 = ORIENTED_EDGE ( 'NONE', *, *, #1479, .T. ) ;
#1308 = DIRECTION ( 'NONE',  ( -1.000000000000000000, -1.084202172485504434E-16, 0.000000000000000000 ) ) ;
#1309 = DIRECTION ( 'NONE',  ( 0.000000000000000000, -0.000000000000000000, -1.000000000000000000 ) ) ;
#1310 = CARTESIAN_POINT ( 'NONE',  ( 1.540000000000000702, -1.121588454295348794E-16, 0.3499999999999999778 ) ) ;
#1311 = CARTESIAN_POINT ( 'NONE',  ( -0.3525240155457798341, 5.732672356334980179, -0.3499999999999999778 ) ) ;
#1312 = ORIENTED_EDGE ( 'NONE', *, *, #5110, .T. ) ;
#1313 =( LENGTH_UNIT ( ) NAMED_UNIT ( * ) SI_UNIT ( .MILLI., .METRE. ) );
#1314 = CARTESIAN_POINT ( 'NONE',  ( 4.480000000000000426, 6.299999999999999822, -0.1166666666666667518 ) ) ;
#1315 = CARTESIAN_POINT ( 'NONE',  ( 1.000000000000000000, 0.5000000000000000000, -0.3500000000000000888 ) ) ;
#1316 = EDGE_LOOP ( 'NONE', ( #1742, #3537, #1400, #596 ) ) ;
#1317 = PRESENTATION_LAYER_ASSIGNMENT (  '', '', ( #4556 ) ) ;
#1318 = DIRECTION ( 'NONE',  ( 0.000000000000000000, -0.000000000000000000, -1.000000000000000000 ) ) ;
#1319 = CARTESIAN_POINT ( 'NONE',  ( 2.040000000000001812, 6.299999999999999822, 0.3499999999999999778 ) ) ;
#1320 = AXIS2_PLACEMENT_3D ( 'NONE', #2675, #3647, #1335 ) ;
#1321 = CARTESIAN_POINT ( 'NONE',  ( 6.080000000000000071, 1.800000000000000488, 0.3849999999999998979 ) ) ;
#1322 = EDGE_CURVE ( 'NONE', #3975, #1937, #42, .T. ) ;
#1323 = FILL_AREA_STYLE ('',( #1358 ) ) ;
#1324 = ORIENTED_EDGE ( 'NONE', *, *, #3570, .T. ) ;
#1325 = B_SPLINE_CURVE_WITH_KNOTS ( 'NONE', 3,
 ( #2158, #5814, #4421, #2571 ),
 .UNSPECIFIED., .F., .F.,
 ( 4, 4 ),
 ( 0.000000000000000000, 1.000000000000000000 ),
 .UNSPECIFIED. ) ;
#1326 = PRESENTATION_LAYER_ASSIGNMENT (  '', '', ( #653 ) ) ;
#1327 =( GEOMETRIC_REPRESENTATION_CONTEXT ( 3 ) GLOBAL_UNCERTAINTY_ASSIGNED_CONTEXT ( ( #5313 ) ) GLOBAL_UNIT_ASSIGNED_CONTEXT ( ( #2314, #645, #236 ) ) REPRESENTATION_CONTEXT ( 'NONE', 'WORKASPACE' ) );
#1328 = LINE ( 'NONE', #2750, #2055 ) ;
#1329 = ORIENTED_EDGE ( 'NONE', *, *, #1102, .F. ) ;
#1330 = CARTESIAN_POINT ( 'NONE',  ( 2.861845733883979559, 5.626229152235330488, -0.3499999999999999778 ) ) ;
#1331 = CARTESIAN_POINT ( 'NONE',  ( 6.549999999999999822, 0.5000000000000000000, -0.6499999999999989120 ) ) ;
#1332 = CARTESIAN_POINT ( 'NONE',  ( 5.725466478527304837, 3.877691542223589138, -0.3499999999999999778 ) ) ;
#1333 = ORIENTED_EDGE ( 'NONE', *, *, #5372, .T. ) ;
#1334 = VECTOR ( 'NONE', #7, 1000.000000000000114 ) ;
#1335 = DIRECTION ( 'NONE',  ( 1.000000000000000000, 0.000000000000000000, 0.000000000000000000 ) ) ;
#1336 = VERTEX_POINT ( 'NONE', #5845 ) ;
#1337 = DIRECTION ( 'NONE',  ( 0.000000000000000000, 0.000000000000000000, -1.000000000000000000 ) ) ;
#1338 = AXIS2_PLACEMENT_3D ( 'NONE', #663, #2489, #217 ) ;
#1339 = ADVANCED_FACE ( 'NONE', ( #5325 ), #3797, .T. ) ;
#1340 = CARTESIAN_POINT ( 'NONE',  ( -1.000000000000000000, 6.500000000000000888, 0.3499999999999989231 ) ) ;
#1341 = VERTEX_POINT ( 'NONE', #5198 ) ;
#1342 = CARTESIAN_POINT ( 'NONE',  ( 3.540000000000000480, 0.8000000000000007105, -0.3499999999999999778 ) ) ;
#1343 =( LENGTH_UNIT ( ) NAMED_UNIT ( * ) SI_UNIT ( .MILLI., .METRE. ) );
#1344 =( BOUNDED_CURVE ( )  B_SPLINE_CURVE ( 3, ( #119, #1890, #5126, #973, #1024, #3701, #3237 ),
 .UNSPECIFIED., .F., .F. ) 
 B_SPLINE_CURVE_WITH_KNOTS ( ( 4, 3, 4 ),
 ( 0.8078321013870641831, 3.141592653589792228, 5.475353205792520939 ),
 .UNSPECIFIED. ) 
 CURVE ( )  GEOMETRIC_REPRESENTATION_ITEM ( )  RATIONAL_B_SPLINE_CURVE ( ( 1.000000000000000000, 0.5953481791230080811, 0.5953481791230080811, 1.000000000000000000, 0.5953481791230077480, 0.5953481791230077480, 1.000000000000000000 ) ) 
 REPRESENTATION_ITEM ( '' )  );
#1345 = COLOUR_RGB ( '',0.8313725490196077761, 0.6705882352941175961, 0.1294117647058823373 ) ;
#1346 = COLOUR_RGB ( '',0.8313725490196077761, 0.6705882352941175961, 0.1294117647058823373 ) ;
#1347 = CARTESIAN_POINT ( 'NONE',  ( 3.540000000000000480, 1.800000000000000488, 0.1166666666666665853 ) ) ;
#1348 = EDGE_CURVE ( 'NONE', #1818, #2780, #5934, .T. ) ;
#1349 = CARTESIAN_POINT ( 'NONE',  ( 6.032723323164032259, 3.923639721076658038, 0.3499999999999999223 ) ) ;
#1350 = ORIENTED_EDGE ( 'NONE', *, *, #1414, .T. ) ;
#1351 = AXIS2_PLACEMENT_3D ( 'NONE', #3677, #3705, #3241 ) ;
#1352 = DIRECTION ( 'NONE',  ( 0.000000000000000000, 1.000000000000000000, -1.668003342285391797E-16 ) ) ;
#1353 = MECHANICAL_DESIGN_GEOMETRIC_PRESENTATION_REPRESENTATION (  '', ( #4795 ), #3629 ) ;
#1354 = SURFACE_STYLE_FILL_AREA ( #5460 ) ;
#1355 = DIRECTION ( 'NONE',  ( -0.000000000000000000, -0.000000000000000000, -1.000000000000000000 ) ) ;
#1356 = CARTESIAN_POINT ( 'NONE',  ( 0.3500000000000000333, 8.000000000000000000, 0.3499999999999999778 ) ) ;
#1357 = VECTOR ( 'NONE', #2740, 1000.000000000000000 ) ;
#1358 = FILL_AREA_STYLE_COLOUR ( '', #4290 ) ;
#1359 = ORIENTED_EDGE ( 'NONE', *, *, #1544, .F. ) ;
#1360 = EDGE_CURVE ( 'NONE', #3708, #4517, #4595, .T. ) ;
#1361 = VECTOR ( 'NONE', #91, 1000.000000000000000 ) ;
#1362 = APPLICATION_CONTEXT ( 'automotive_design' ) ;
#1363 = CARTESIAN_POINT ( 'NONE',  ( 4.086881821040567075, 2.798202530627315721, -0.3499999999999999778 ) ) ;
#1364 = ORIENTED_EDGE ( 'NONE', *, *, #1241, .F. ) ;
#1365 = CARTESIAN_POINT ( 'NONE',  ( 1.753241503964612091, 5.779404586027639290, 0.3500000000000000888 ) ) ;
#1366 = PLANE ( 'NONE',  #5560 ) ;
#1367 = CARTESIAN_POINT ( 'NONE',  ( 4.135723020487988677, 4.091073788932124700, 0.3500000000000000333 ) ) ;
#1368 = ORIENTED_EDGE ( 'NONE', *, *, #2102, .F. ) ;
#1369 = COLOUR_RGB ( '',0.8313725490196077761, 0.6705882352941175961, 0.1294117647058823373 ) ;
#1370 = SURFACE_STYLE_FILL_AREA ( #825 ) ;
#1371 = EDGE_LOOP ( 'NONE', ( #2374, #1104, #4090, #488 ) ) ;
#1372 = DIRECTION ( 'NONE',  ( -0.000000000000000000, -1.668003342285388099E-16, -1.000000000000000000 ) ) ;
#1373 = EDGE_CURVE ( 'NONE', #4055, #1171, #899, .T. ) ;
#1374 = CARTESIAN_POINT ( 'NONE',  ( 2.890000000000001013, -2.800000000000001155, 0.3499999999999999778 ) ) ;
#1375 = VECTOR ( 'NONE', #3075, 1000.000000000000000 ) ;
#1376 = VERTEX_POINT ( 'NONE', #2338 ) ;
#1377 = DIRECTION ( 'NONE',  ( 1.000000000000000000, 0.000000000000000000, 0.000000000000000000 ) ) ;
#1378 = MECHANICAL_DESIGN_GEOMETRIC_PRESENTATION_REPRESENTATION (  '', ( #5393 ), #1181 ) ;
#1379 = DIRECTION ( 'NONE',  ( 0.000000000000000000, -0.000000000000000000, -1.000000000000000000 ) ) ;
#1380 = LINE ( 'NONE', #1807, #4705 ) ;
#1381 = VERTEX_POINT ( 'NONE', #4562 ) ;
#1382 =( BOUNDED_CURVE ( )  B_SPLINE_CURVE ( 3, ( #4960, #2178, #1251, #5353 ),
 .UNSPECIFIED., .F., .F. ) 
 B_SPLINE_CURVE_WITH_KNOTS ( ( 4, 4 ),
 ( 1.570796326794896336, 2.359101780428492390 ),
 .UNSPECIFIED. ) 
 CURVE ( )  GEOMETRIC_REPRESENTATION_ITEM ( )  RATIONAL_B_SPLINE_CURVE ( ( 1.000000000000000000, 0.9488815137910384667, 0.9488815137910384667, 1.000000000000000000 ) ) 
 REPRESENTATION_ITEM ( '' )  );
#1383 =( GEOMETRIC_REPRESENTATION_CONTEXT ( 3 ) GLOBAL_UNCERTAINTY_ASSIGNED_CONTEXT ( ( #762 ) ) GLOBAL_UNIT_ASSIGNED_CONTEXT ( ( #198, #5695, #1038 ) ) REPRESENTATION_CONTEXT ( 'NONE', 'WORKASPACE' ) );
#1384 =( NAMED_UNIT ( * ) PLANE_ANGLE_UNIT ( ) SI_UNIT ( $, .RADIAN. ) );
#1385 =( LENGTH_UNIT ( ) NAMED_UNIT ( * ) SI_UNIT ( .MILLI., .METRE. ) );
#1386 = CARTESIAN_POINT ( 'NONE',  ( -0.9999999999999993339, 2.207665535523969158, -0.3500000000000000333 ) ) ;
#1387 = VECTOR ( 'NONE', #2052, 1000.000000000000000 ) ;
#1388 = EDGE_CURVE ( 'NONE', #5813, #1302, #2438, .T. ) ;
#1389 = PLANE ( 'NONE',  #2598 ) ;
#1390 = FACE_OUTER_BOUND ( 'NONE', #2758, .T. ) ;
#1391 = LINE ( 'NONE', #959, #390 ) ;
#1392 = CARTESIAN_POINT ( 'NONE',  ( -0.3500000000000000333, 8.199999999999999289, 0.3499999999999999778 ) ) ;
#1393 = VERTEX_POINT ( 'NONE', #1093 ) ;
#1394 = CARTESIAN_POINT ( 'NONE',  ( -0.3525240155457798341, 5.732672356334980179, 0.3499999999999999778 ) ) ;
#1395 = VERTEX_POINT ( 'NONE', #3795 ) ;
#1396 = CARTESIAN_POINT ( 'NONE',  ( 1.680732764477097740, 5.226749775238759277, 0.3500000000000000333 ) ) ;
#1397 = VERTEX_POINT ( 'NONE', #5053 ) ;
#1398 = EDGE_CURVE ( 'NONE', #4492, #3880, #5900, .T. ) ;
#1399 = LINE ( 'NONE', #431, #3318 ) ;
#1400 = ORIENTED_EDGE ( 'NONE', *, *, #1873, .F. ) ;
#1401 = LINE ( 'NONE', #4070, #5672 ) ;
#1402 = VERTEX_POINT ( 'NONE', #499 ) ;
#1403 = FACE_OUTER_BOUND ( 'NONE', #4553, .T. ) ;
#1404 = CARTESIAN_POINT ( 'NONE',  ( 3.474825183200149326, 4.263498050148223584, -0.3499999999999998668 ) ) ;
#1405 = ADVANCED_FACE ( 'NONE', ( #5653 ), #3164, .T. ) ;
#1406 = DIRECTION ( 'NONE',  ( -0.000000000000000000, -1.000000000000000000, 1.668003342285392044E-16 ) ) ;
#1407 = DIRECTION ( 'NONE',  ( -0.5000000000000009992, -0.8660254037844380415, 0.000000000000000000 ) ) ;
#1408 = ORIENTED_EDGE ( 'NONE', *, *, #1360, .T. ) ;
#1409 = ADVANCED_FACE ( 'NONE', ( #709 ), #4406, .F. ) ;
#1410 = CARTESIAN_POINT ( 'NONE',  ( 2.865255819881805444, 5.589454083063163381, 0.3499999999999999778 ) ) ;
#1411 = EDGE_CURVE ( 'NONE', #3279, #2440, #5258, .T. ) ;
#1412 = DIRECTION ( 'NONE',  ( 0.000000000000000000, 0.000000000000000000, -1.000000000000000000 ) ) ;
#1413 = CARTESIAN_POINT ( 'NONE',  ( 1.894533521472694604, 3.877691542223591359, 0.3500000000000000333 ) ) ;
#1414 = EDGE_CURVE ( 'NONE', #1868, #426, #318, .T. ) ;
#1415 = PRESENTATION_STYLE_ASSIGNMENT (( #5232 ) ) ;
#1416 = FILL_AREA_STYLE_COLOUR ( '', #2967 ) ;
#1417 =( NAMED_UNIT ( * ) SI_UNIT ( $, .STERADIAN. ) SOLID_ANGLE_UNIT ( ) );
#1418 = EDGE_CURVE ( 'NONE', #2701, #2521, #5312, .T. ) ;
#1419 = ORIENTED_EDGE ( 'NONE', *, *, #381, .T. ) ;
#1420 =( GEOMETRIC_REPRESENTATION_CONTEXT ( 3 ) GLOBAL_UNCERTAINTY_ASSIGNED_CONTEXT ( ( #99 ) ) GLOBAL_UNIT_ASSIGNED_CONTEXT ( ( #4331, #3038, #3458 ) ) REPRESENTATION_CONTEXT ( 'NONE', 'WORKASPACE' ) );
#1421 = CARTESIAN_POINT ( 'NONE',  ( 0.6867549326077613259, 6.500000000000000888, 0.3499999999999988676 ) ) ;
#1422 = ORIENTED_EDGE ( 'NONE', *, *, #1214, .T. ) ;
#1423 = CARTESIAN_POINT ( 'NONE',  ( 1.595304513043835470, 4.083092593512597901, 0.3499999999999999778 ) ) ;
#1424 = FACE_OUTER_BOUND ( 'NONE', #3020, .T. ) ;
#1425 = CARTESIAN_POINT ( 'NONE',  ( 4.135304513043836394, 4.083092593512598789, 0.3500000000000000333 ) ) ;
#1426 = ORIENTED_EDGE ( 'NONE', *, *, #3552, .F. ) ;
#1427 = STYLED_ITEM ( 'NONE', ( #3057 ), #5104 ) ;
#1428 = AXIS2_PLACEMENT_3D ( 'NONE', #2039, #3839, #1903 ) ;
#1429 =( LENGTH_UNIT ( ) NAMED_UNIT ( * ) SI_UNIT ( .MILLI., .METRE. ) );
#1430 = FILL_AREA_STYLE_COLOUR ( '', #2985 ) ;
#1431 = ORIENTED_EDGE ( 'NONE', *, *, #3948, .F. ) ;
#1432 = STYLED_ITEM ( 'NONE', ( #2593 ), #5300 ) ;
#1433 =( NAMED_UNIT ( * ) PLANE_ANGLE_UNIT ( ) SI_UNIT ( $, .RADIAN. ) );
#1434 = VECTOR ( 'NONE', #759, 1000.000000000000000 ) ;
#1435 =( NAMED_UNIT ( * ) PLANE_ANGLE_UNIT ( ) SI_UNIT ( $, .RADIAN. ) );
#1436 = ORIENTED_EDGE ( 'NONE', *, *, #2531, .F. ) ;
#1437 = UNCERTAINTY_MEASURE_WITH_UNIT (LENGTH_MEASURE( 1.000000000000000082E-05 ), #1899, 'distance_accuracy_value', 'NONE');
#1438 = DIRECTION ( 'NONE',  ( 1.121588454295349533E-16, -1.000000000000000000, 0.000000000000000000 ) ) ;
#1439 = UNCERTAINTY_MEASURE_WITH_UNIT (LENGTH_MEASURE( 1.000000000000000082E-05 ), #189, 'distance_accuracy_value', 'NONE');
#1440 = CARTESIAN_POINT ( 'NONE',  ( 4.580000000000001847, 6.299999999999999822, 0.3499999999999999778 ) ) ;
#1441 = EDGE_CURVE ( 'NONE', #1937, #5526, #4319, .T. ) ;
#1442 = EDGE_LOOP ( 'NONE', ( #5623, #1471, #4487, #3526 ) ) ;
#1443 =( LENGTH_UNIT ( ) NAMED_UNIT ( * ) SI_UNIT ( .MILLI., .METRE. ) );
#1444 =( GEOMETRIC_REPRESENTATION_CONTEXT ( 3 ) GLOBAL_UNCERTAINTY_ASSIGNED_CONTEXT ( ( #1922 ) ) GLOBAL_UNIT_ASSIGNED_CONTEXT ( ( #878, #422, #1417 ) ) REPRESENTATION_CONTEXT ( 'NONE', 'WORKASPACE' ) );
#1445 = SURFACE_SIDE_STYLE ('',( #558 ) ) ;
#1446 =( LENGTH_UNIT ( ) NAMED_UNIT ( * ) SI_UNIT ( .MILLI., .METRE. ) );
#1447 = VECTOR ( 'NONE', #3310, 1000.000000000000000 ) ;
#1448 = FACE_OUTER_BOUND ( 'NONE', #1947, .T. ) ;
#1449 = DIRECTION ( 'NONE',  ( -1.000000000000000000, 0.000000000000000000, 0.000000000000000000 ) ) ;
#1450 = ORIENTED_EDGE ( 'NONE', *, *, #3812, .F. ) ;
#1451 = CARTESIAN_POINT ( 'NONE',  ( 1.540000000000000702, 0.8000000000000004885, 0.3499999999999999778 ) ) ;
#1452 = AXIS2_PLACEMENT_3D ( 'NONE', #5497, #2753, #2286 ) ;
#1453 = ORIENTED_EDGE ( 'NONE', *, *, #958, .T. ) ;
#1454 = PLANE ( 'NONE',  #1452 ) ;
#1455 = EDGE_LOOP ( 'NONE', ( #2171, #5109, #2947, #2887 ) ) ;
#1456 = ADVANCED_FACE ( 'NONE', ( #2973 ), #2063, .F. ) ;
#1457 = CARTESIAN_POINT ( 'NONE',  ( 5.528193045422142404, 5.884855341312109189, 0.3500000000000000333 ) ) ;
#1458 = AXIS2_PLACEMENT_3D ( 'NONE', #4389, #3131, #5763 ) ;
#1459 = CARTESIAN_POINT ( 'NONE',  ( 3.409615242270664925, 8.500000000000000000, 0.8696152422706645568 ) ) ;
#1460 = EDGE_CURVE ( 'NONE', #3367, #23, #4373, .T. ) ;
#1461 = FACE_OUTER_BOUND ( 'NONE', #786, .T. ) ;
#1462 = VERTEX_POINT ( 'NONE', #2528 ) ;
#1463 = CARTESIAN_POINT ( 'NONE',  ( 0.6867549326077613259, 6.500000000000000888, -0.6500000000000017986 ) ) ;
#1464 = DIRECTION ( 'NONE',  ( -0.000000000000000000, -0.000000000000000000, -1.000000000000000000 ) ) ;
#1465 = VECTOR ( 'NONE', #4133, 999.9999999999998863 ) ;
#1466 = CARTESIAN_POINT ( 'NONE',  ( 3.061845733883979737, 5.626229152235330488, 0.3499999999999999778 ) ) ;
#1467 = ORIENTED_EDGE ( 'NONE', *, *, #1322, .T. ) ;
#1468 = STYLED_ITEM ( 'NONE', ( #2350 ), #2079 ) ;
#1469 = FILL_AREA_STYLE ('',( #3710 ) ) ;
#1470 = CARTESIAN_POINT ( 'NONE',  ( 5.968849546050877031, 4.917640708297875918, 0.3500000000000000333 ) ) ;
#1471 = ORIENTED_EDGE ( 'NONE', *, *, #5665, .T. ) ;
#1472 = FACE_OUTER_BOUND ( 'NONE', #727, .T. ) ;
#1473 = FILL_AREA_STYLE ('',( #5853 ) ) ;
#1474 = LINE ( 'NONE', #2043, #3495 ) ;
#1475 = CARTESIAN_POINT ( 'NONE',  ( 0.6867549326077613259, 0.5000000000000000000, -0.6500000000000013545 ) ) ;
#1476 = CARTESIAN_POINT ( 'NONE',  ( 0.3500000000000009215, -2.800000000000001155, 0.3499999999999999778 ) ) ;
#1477 = ORIENTED_EDGE ( 'NONE', *, *, #4036, .F. ) ;
#1478 = PRESENTATION_LAYER_ASSIGNMENT (  '', '', ( #4037 ) ) ;
#1479 = EDGE_CURVE ( 'NONE', #989, #2490, #637, .T. ) ;
#1480 = EDGE_CURVE ( 'NONE', #4613, #3872, #3125, .T. ) ;
#1481 = CARTESIAN_POINT ( 'NONE',  ( 5.080000000000000071, 0.000000000000000000, -0.3499999999999999778 ) ) ;
#1482 = VERTEX_POINT ( 'NONE', #3447 ) ;
#1483 = CARTESIAN_POINT ( 'NONE',  ( 3.039999999999998259, 6.084152315493285279, 0.3499999999999999778 ) ) ;
#1484 = SURFACE_STYLE_USAGE ( .BOTH. , #3697 ) ;
#1485 = ORIENTED_EDGE ( 'NONE', *, *, #2532, .T. ) ;
#1486 = ADVANCED_FACE ( 'NONE', ( #1186 ), #4840, .T. ) ;
#1487 = EDGE_CURVE ( 'NONE', #5040, #1678, #4777, .T. ) ;
#1488 =( NAMED_UNIT ( * ) PLANE_ANGLE_UNIT ( ) SI_UNIT ( $, .RADIAN. ) );
#1489 =( NAMED_UNIT ( * ) SI_UNIT ( $, .STERADIAN. ) SOLID_ANGLE_UNIT ( ) );
#1490 = LINE ( 'NONE', #56, #1575 ) ;
#1491 = ORIENTED_EDGE ( 'NONE', *, *, #2609, .F. ) ;
#1492 = EDGE_CURVE ( 'NONE', #3069, #3314, #4994, .T. ) ;
#1493 = DIRECTION ( 'NONE',  ( -0.000000000000000000, 1.000000000000000000, -0.000000000000000000 ) ) ;
#1494 = CARTESIAN_POINT ( 'NONE',  ( 3.399267235522908326, 5.226749775238715756, -0.3500000000000000333 ) ) ;
#1495 = ADVANCED_FACE ( 'NONE', ( #438 ), #382, .F. ) ;
#1496 = CARTESIAN_POINT ( 'NONE',  ( -0.9435678341141723324, 4.104507585657485080, 0.3499999999999999778 ) ) ;
#1497 = VERTEX_POINT ( 'NONE', #3678 ) ;
#1498 = CARTESIAN_POINT ( 'NONE',  ( 4.080000000000000071, 6.500000000000000888, -0.3500000000000010880 ) ) ;
#1499 = CARTESIAN_POINT ( 'NONE',  ( 6.026086801408603755, 4.056300144720193401, 0.3499999999999999778 ) ) ;
#1500 = EDGE_LOOP ( 'NONE', ( #1927, #1577, #5396, #5124, #4063, #338, #5194, #1095 ) ) ;
#1501 = EDGE_CURVE ( 'NONE', #4335, #5422, #2767, .T. ) ;
#1502 = PRESENTATION_STYLE_ASSIGNMENT (( #5600 ) ) ;
#1503 = ADVANCED_FACE ( 'NONE', ( #1806 ), #864, .F. ) ;
#1504 = UNCERTAINTY_MEASURE_WITH_UNIT (LENGTH_MEASURE( 1.000000000000000082E-05 ), #1086, 'distance_accuracy_value', 'NONE');
#1505 = CARTESIAN_POINT ( 'NONE',  ( -0.7871622536570914708, 5.777005459572337465, -0.3500000000000000333 ) ) ;
#1506 = CARTESIAN_POINT ( 'NONE',  ( 1.540000000000000036, 6.500000000000000888, -0.3500000000000010880 ) ) ;
#1507 =( LENGTH_UNIT ( ) NAMED_UNIT ( * ) SI_UNIT ( .MILLI., .METRE. ) );
#1508 = CARTESIAN_POINT ( 'NONE',  ( 3.349502423613084812, 5.635051924204145024, 0.3499999999999999223 ) ) ;
#1509 = LINE ( 'NONE', #1014, #4482 ) ;
#1510 = SURFACE_SIDE_STYLE ('',( #110 ) ) ;
#1511 = DIRECTION ( 'NONE',  ( -0.000000000000000000, 1.668003342285391551E-16, 1.000000000000000000 ) ) ;
#1512 =( NAMED_UNIT ( * ) PLANE_ANGLE_UNIT ( ) SI_UNIT ( $, .RADIAN. ) );
#1513 = LINE ( 'NONE', #4129, #2587 ) ;
#1514 = ORIENTED_EDGE ( 'NONE', *, *, #1001, .T. ) ;
#1515 = CARTESIAN_POINT ( 'NONE',  ( -0.3499999999999991451, 0.5000000000000005551, 0.3499999999999999778 ) ) ;
#1516 = COLOUR_RGB ( '',0.000000000000000000, 0.7529411764705882248, 0.000000000000000000 ) ;
#1517 = CARTESIAN_POINT ( 'NONE',  ( 1.853245067392238710, 6.500000000000000888, -0.3500000000000010880 ) ) ;
#1518 = CYLINDRICAL_SURFACE ( 'NONE', #1283, 0.1999999999999996503 ) ;
#1519 = EDGE_CURVE ( 'NONE', #155, #2559, #955, .T. ) ;
#1520 = ORIENTED_EDGE ( 'NONE', *, *, #5546, .T. ) ;
#1521 = CARTESIAN_POINT ( 'NONE',  ( 6.549999999999999822, 0.5000000000000000000, -0.6499999999999989120 ) ) ;
#1522 = CARTESIAN_POINT ( 'NONE',  ( 3.359285907662239445, 5.570187327444203973, -0.3499999999999999778 ) ) ;
#1523 = CARTESIAN_POINT ( 'NONE',  ( 4.727475984454220459, 5.732672356334980179, -0.3499999999999999778 ) ) ;
#1524 = AXIS2_PLACEMENT_3D ( 'NONE', #3393, #1123, #3303 ) ;
#1525 = SURFACE_STYLE_FILL_AREA ( #3764 ) ;
#1526 = PRESENTATION_LAYER_ASSIGNMENT (  '', '', ( #4077 ) ) ;
#1527 = CARTESIAN_POINT ( 'NONE',  ( -0.7860528864859843701, 5.783587059575309830, 0.3500000000000000333 ) ) ;
#1528 = ORIENTED_EDGE ( 'NONE', *, *, #2542, .F. ) ;
#1529 =( NAMED_UNIT ( * ) PLANE_ANGLE_UNIT ( ) SI_UNIT ( $, .RADIAN. ) );
#1530 = PRESENTATION_LAYER_ASSIGNMENT (  '', '', ( #5926 ) ) ;
#1531 = EDGE_CURVE ( 'NONE', #5861, #3184, #2653, .T. ) ;
#1532 = VECTOR ( 'NONE', #4639, 1000.000000000000000 ) ;
#1533 = FACE_OUTER_BOUND ( 'NONE', #5596, .T. ) ;
#1534 = ORIENTED_EDGE ( 'NONE', *, *, #2514, .T. ) ;
#1535 = STYLED_ITEM ( 'NONE', ( #1798 ), #5398 ) ;
#1536 = VECTOR ( 'NONE', #4300, 1000.000000000000000 ) ;
#1537 = LINE ( 'NONE', #2951, #3785 ) ;
#1538 = CARTESIAN_POINT ( 'NONE',  ( 5.430000000000000604, 8.199999999999999289, -0.3500000000000000333 ) ) ;
#1539 = VECTOR ( 'NONE', #1817, 1000.000000000000000 ) ;
#1540 = AXIS2_PLACEMENT_3D ( 'NONE', #3078, #1052, #5244 ) ;
#1541 = CARTESIAN_POINT ( 'NONE',  ( -1.018126922434469523E-15, 1.700000000000000178, -0.3499999999999999778 ) ) ;
#1542 = CARTESIAN_POINT ( 'NONE',  ( 1.752878007498405610, 5.777242093666543177, -0.3499999999999999778 ) ) ;
#1543 = COLOUR_RGB ( '',0.8313725490196077761, 0.6705882352941175961, 0.1294117647058823373 ) ;
#1544 = EDGE_CURVE ( 'NONE', #4184, #3725, #5931, .T. ) ;
#1545 = AXIS2_PLACEMENT_3D ( 'NONE', #5480, #804, #5893 ) ;
#1546 = DIRECTION ( 'NONE',  ( 0.000000000000000000, 0.000000000000000000, 1.000000000000000000 ) ) ;
#1547 = FILL_AREA_STYLE_COLOUR ( '', #4479 ) ;
#1548 = CARTESIAN_POINT ( 'NONE',  ( 0.7851402509197669133, 5.788964205960195564, -0.3499999999999999778 ) ) ;
#1549 = FILL_AREA_STYLE ('',( #1987 ) ) ;
#1550 = COLOUR_RGB ( '',0.8313725490196077761, 0.6705882352941175961, 0.1294117647058823373 ) ;
#1551 = PLANE ( 'NONE',  #1728 ) ;
#1552 = ORIENTED_EDGE ( 'NONE', *, *, #3054, .T. ) ;
#1553 = CARTESIAN_POINT ( 'NONE',  ( 1.000000000000000444, 1.800000000000000488, -0.1166666666666667518 ) ) ;
#1554 = EDGE_CURVE ( 'NONE', #3975, #3239, #1870, .T. ) ;
#1555 =( GEOMETRIC_REPRESENTATION_CONTEXT ( 3 ) GLOBAL_UNCERTAINTY_ASSIGNED_CONTEXT ( ( #5537 ) ) GLOBAL_UNIT_ASSIGNED_CONTEXT ( ( #1940, #569, #86 ) ) REPRESENTATION_CONTEXT ( 'NONE', 'WORKASPACE' ) );
#1556 = ORIENTED_EDGE ( 'NONE', *, *, #2651, .T. ) ;
#1557 = SURFACE_STYLE_USAGE ( .BOTH. , #3270 ) ;
#1558 = CARTESIAN_POINT ( 'NONE',  ( 4.580000000000001847, 6.084152315493286167, 0.3499999999999999223 ) ) ;
#1559 = CARTESIAN_POINT ( 'NONE',  ( 0.6000000000000005329, 6.299999999999999822, -0.3499999999999999778 ) ) ;
#1560 = ORIENTED_EDGE ( 'NONE', *, *, #2002, .F. ) ;
#1561 = VECTOR ( 'NONE', #5022, 1000.000000000000000 ) ;
#1562 = ORIENTED_EDGE ( 'NONE', *, *, #5000, .T. ) ;
#1563 = DIRECTION ( 'NONE',  ( 0.000000000000000000, 0.000000000000000000, -1.000000000000000000 ) ) ;
#1564 = CARTESIAN_POINT ( 'NONE',  ( 3.226754932607761361, 10.39117142264903570, 0.3499999999999983125 ) ) ;
#1565 = EDGE_CURVE ( 'NONE', #224, #2023, #4119, .T. ) ;
#1566 = DIRECTION ( 'NONE',  ( 0.000000000000000000, 0.000000000000000000, -1.000000000000000000 ) ) ;
#1567 = DIRECTION ( 'NONE',  ( -0.000000000000000000, 0.000000000000000000, 1.000000000000000000 ) ) ;
#1568 = FILL_AREA_STYLE_COLOUR ( '', #4026 ) ;
#1569 = MECHANICAL_DESIGN_GEOMETRIC_PRESENTATION_REPRESENTATION (  '', ( #5189 ), #1383 ) ;
#1570 = EDGE_CURVE ( 'NONE', #1021, #2440, #5870, .T. ) ;
#1571 = EDGE_CURVE ( 'NONE', #386, #5655, #1841, .T. ) ;
#1572 = DIRECTION ( 'NONE',  ( -0.000000000000000000, -0.000000000000000000, -1.000000000000000000 ) ) ;
#1573 = CARTESIAN_POINT ( 'NONE',  ( 1.678770099106168256, 5.207834124282345378, -0.3499999999999999223 ) ) ;
#1574 = VERTEX_POINT ( 'NONE', #2211 ) ;
#1575 = VECTOR ( 'NONE', #4251, 1000.000000000000000 ) ;
#1576 = CARTESIAN_POINT ( 'NONE',  ( 3.226754932607761361, 6.500000000000000888, -0.6500000000000017986 ) ) ;
#1577 = ORIENTED_EDGE ( 'NONE', *, *, #3144, .F. ) ;
#1578 = CARTESIAN_POINT ( 'NONE',  ( 0.7350420104460861914, 6.043840788194751568, -0.3499999999999999223 ) ) ;
#1579 =( BOUNDED_CURVE ( )  B_SPLINE_CURVE ( 3, ( #827, #5502, #2327, #2759 ),
 .UNSPECIFIED., .F., .F. ) 
 B_SPLINE_CURVE_WITH_KNOTS ( ( 4, 4 ),
 ( 3.924083526751090290, 4.712388980384689674 ),
 .UNSPECIFIED. ) 
 CURVE ( )  GEOMETRIC_REPRESENTATION_ITEM ( )  RATIONAL_B_SPLINE_CURVE ( ( 1.000000000000000000, 0.9488815137910380226, 0.9488815137910380226, 1.000000000000000000 ) ) 
 REPRESENTATION_ITEM ( '' )  );
#1580 = EDGE_CURVE ( 'NONE', #572, #2069, #3562, .T. ) ;
#1581 = AXIS2_PLACEMENT_3D ( 'NONE', #3910, #3463, #5303 ) ;
#1582 = CARTESIAN_POINT ( 'NONE',  ( 1.540000000000000702, 0.8000000000000004885, -0.3499999999999999778 ) ) ;
#1583 = ORIENTED_EDGE ( 'NONE', *, *, #2219, .F. ) ;
#1584 = FILL_AREA_STYLE_COLOUR ( '', #3778 ) ;
#1585 = CARTESIAN_POINT ( 'NONE',  ( 6.549999999999999822, 1.601149768326593145E-16, 0.6500000000000012434 ) ) ;
#1586 = ORIENTED_EDGE ( 'NONE', *, *, #415, .F. ) ;
#1587 = DIRECTION ( 'NONE',  ( 0.000000000000000000, 1.000000000000000000, -1.668003342285391797E-16 ) ) ;
#1588 = DIRECTION ( 'NONE',  ( 0.000000000000000000, 1.668003342285388099E-16, 1.000000000000000000 ) ) ;
#1589 = DIRECTION ( 'NONE',  ( 0.000000000000000000, 0.000000000000000000, -1.000000000000000000 ) ) ;
#1590 = LINE ( 'NONE', #5165, #4271 ) ;
#1591 = ORIENTED_EDGE ( 'NONE', *, *, #4205, .F. ) ;
#1592 =( BOUNDED_SURFACE ( )  B_SPLINE_SURFACE ( 3, 1, ( 
 ( #5197, #3894 ),
 ( #1558, #5745 ),
 ( #1151, #708 ),
 ( #3332, #1523 ) ),
 .UNSPECIFIED., .F., .F., .F. ) 
 B_SPLINE_SURFACE_WITH_KNOTS ( ( 4, 4 ),
 ( 2, 2 ),
 ( 0.000000000000000000, 1.000000000000000000 ),
 ( 0.000000000000000000, 1.000000000000000000 ),
 .UNSPECIFIED. ) 
 GEOMETRIC_REPRESENTATION_ITEM ( )  RATIONAL_B_SPLINE_SURFACE ( (
 ( 1.000000000000000000, 1.000000000000000000),
 ( 0.9488815137910384667, 0.9488815137910384667),
 ( 0.9488815137910384667, 0.9488815137910384667),
 ( 1.000000000000000000, 1.000000000000000000) ) ) 
 REPRESENTATION_ITEM ( '' )  SURFACE ( )  );
#1593 = SURFACE_SIDE_STYLE ('',( #1035 ) ) ;
#1594 = CARTESIAN_POINT ( 'NONE',  ( 5.878210463979507416, 5.709058272658547040, 0.3499999999999999778 ) ) ;
#1595 = VERTEX_POINT ( 'NONE', #5420 ) ;
#1596 = CARTESIAN_POINT ( 'NONE',  ( 6.550000000000000711, 0.000000000000000000, 0.6500000000000012434 ) ) ;
#1597 = CARTESIAN_POINT ( 'NONE',  ( -0.9999999999999993339, -1.121588454295348794E-16, 0.3499999999999999778 ) ) ;
#1598 = CARTESIAN_POINT ( 'NONE',  ( -0.8095024236133424589, 5.635051924202448603, -0.3499999999999999778 ) ) ;
#1599 = LINE ( 'NONE', #3844, #4873 ) ;
#1600 =( NAMED_UNIT ( * ) PLANE_ANGLE_UNIT ( ) SI_UNIT ( $, .RADIAN. ) );
#1601 = EDGE_CURVE ( 'NONE', #2656, #4898, #3127, .T. ) ;
#1602 = VERTEX_POINT ( 'NONE', #4558 ) ;
#1603 = CARTESIAN_POINT ( 'NONE',  ( 3.401575734891618907, 5.204467366490783675, 0.3500000000000001443 ) ) ;
#1604 = CARTESIAN_POINT ( 'NONE',  ( 1.593913198591397684, 4.056300144720211165, -0.3500000000000000333 ) ) ;
#1605 = ORIENTED_EDGE ( 'NONE', *, *, #1929, .T. ) ;
#1606 = EDGE_CURVE ( 'NONE', #2976, #2844, #3074, .T. ) ;
#1607 = CARTESIAN_POINT ( 'NONE',  ( -0.6867549326077613259, 6.500000000000000888, -0.3500000000000010880 ) ) ;
#1608 = DIRECTION ( 'NONE',  ( 0.000000000000000000, 0.000000000000000000, -1.000000000000000000 ) ) ;
#1609 = FILL_AREA_STYLE ('',( #4800 ) ) ;
#1610 = PRESENTATION_STYLE_ASSIGNMENT (( #2875 ) ) ;
#1611 = SURFACE_SIDE_STYLE ('',( #4802 ) ) ;
#1612 = EDGE_LOOP ( 'NONE', ( #449, #5871, #3210, #906 ) ) ;
#1613 = SURFACE_STYLE_USAGE ( .BOTH. , #1206 ) ;
#1614 = CARTESIAN_POINT ( 'NONE',  ( 4.727475984454220459, 5.732672356334980179, 0.3499999999999999778 ) ) ;
#1615 = SURFACE_STYLE_FILL_AREA ( #3415 ) ;
#1616 = ORIENTED_EDGE ( 'NONE', *, *, #5102, .T. ) ;
#1617 = CARTESIAN_POINT ( 'NONE',  ( 1.000000000000000444, 1.800000000000000488, -0.1283333333333334936 ) ) ;
#1618 = CARTESIAN_POINT ( 'NONE',  ( 5.579999999999999183, 6.299999999999999822, -0.3499999999999999778 ) ) ;
#1619 = FACE_OUTER_BOUND ( 'NONE', #3666, .T. ) ;
#1620 = CARTESIAN_POINT ( 'NONE',  ( 1.540000000000000036, 6.500000000000000888, -0.3500000000000010880 ) ) ;
#1621 = CARTESIAN_POINT ( 'NONE',  ( -1.018126922434469523E-15, 1.700000000000000178, -0.3499999999999999778 ) ) ;
#1622 = ORIENTED_EDGE ( 'NONE', *, *, #2821, .T. ) ;
#1623 = CARTESIAN_POINT ( 'NONE',  ( 5.937838562583937829, 5.240363704783929322, -0.3500000000000000333 ) ) ;
#1624 = DIRECTION ( 'NONE',  ( 0.000000000000000000, 0.000000000000000000, 1.000000000000000000 ) ) ;
#1625 = ORIENTED_EDGE ( 'NONE', *, *, #5665, .F. ) ;
#1626 = MECHANICAL_DESIGN_GEOMETRIC_PRESENTATION_REPRESENTATION (  '', ( #3688 ), #5239 ) ;
#1627 = CARTESIAN_POINT ( 'NONE',  ( 0.3500000000000008105, 1.084202172485506745E-17, 0.3499999999999999778 ) ) ;
#1628 = PRESENTATION_STYLE_ASSIGNMENT (( #684 ) ) ;
#1629 = VECTOR ( 'NONE', #5374, 1000.000000000000000 ) ;
#1630 = SURFACE_STYLE_USAGE ( .BOTH. , #591 ) ;
#1631 = VECTOR ( 'NONE', #1713, 1000.000000000000000 ) ;
#1632 = LINE ( 'NONE', #2094, #739 ) ;
#1633 = PRESENTATION_STYLE_ASSIGNMENT (( #5604 ) ) ;
#1634 = VECTOR ( 'NONE', #5224, 1000.000000000000000 ) ;
#1635 = CARTESIAN_POINT ( 'NONE',  ( 3.473697255033131537, 4.293911919605036154, 0.3500000000000000888 ) ) ;
#1636 = ORIENTED_EDGE ( 'NONE', *, *, #4624, .T. ) ;
#1637 = VECTOR ( 'NONE', #1726, 999.9999999999998863 ) ;
#1638 = CARTESIAN_POINT ( 'NONE',  ( 1.853245067392238710, 10.39117142264903570, 0.3499999999999983125 ) ) ;
#1639 =( GEOMETRIC_REPRESENTATION_CONTEXT ( 3 ) GLOBAL_UNCERTAINTY_ASSIGNED_CONTEXT ( ( #3275 ) ) GLOBAL_UNIT_ASSIGNED_CONTEXT ( ( #5031, #4625, #476 ) ) REPRESENTATION_CONTEXT ( 'NONE', 'WORKASPACE' ) );
#1640 = ORIENTED_EDGE ( 'NONE', *, *, #3471, .F. ) ;
#1641 = VECTOR ( 'NONE', #3373, 1000.000000000000000 ) ;
#1642 =( LENGTH_UNIT ( ) NAMED_UNIT ( * ) SI_UNIT ( .MILLI., .METRE. ) );
#1643 = DIRECTION ( 'NONE',  ( 0.000000000000000000, 3.097720492815727166E-16, 1.000000000000000000 ) ) ;
#1644 = VECTOR ( 'NONE', #1352, 1000.000000000000000 ) ;
#1645 = PRESENTATION_LAYER_ASSIGNMENT (  '', '', ( #4583 ) ) ;
#1646 = ORIENTED_EDGE ( 'NONE', *, *, #41, .T. ) ;
#1647 = CARTESIAN_POINT ( 'NONE',  ( 4.080000000000000959, -1.121588454295348794E-16, 0.3499999999999999778 ) ) ;
#1648 = SURFACE_STYLE_USAGE ( .BOTH. , #2526 ) ;
#1649 = CARTESIAN_POINT ( 'NONE',  ( 1.540000000000000036, 6.500000000000000888, 0.3499999999999989231 ) ) ;
#1650 = EDGE_CURVE ( 'NONE', #4988, #802, #1895, .T. ) ;
#1651 = CARTESIAN_POINT ( 'NONE',  ( 6.080000000000000959, 1.800000000000000488, 0.1166666666666665853 ) ) ;
#1652 = EDGE_CURVE ( 'NONE', #2294, #912, #466, .T. ) ;
#1653 = CARTESIAN_POINT ( 'NONE',  ( 2.988193045422142369, 5.884855341312110966, 0.3500000000000000333 ) ) ;
#1654 = ORIENTED_EDGE ( 'NONE', *, *, #742, .T. ) ;
#1655 = MECHANICAL_DESIGN_GEOMETRIC_PRESENTATION_REPRESENTATION (  '', ( #4499 ), #5074 ) ;
#1656 = EDGE_CURVE ( 'NONE', #533, #4551, #494, .T. ) ;
#1657 = CARTESIAN_POINT ( 'NONE',  ( 5.880167876875766808, 5.699693040755678730, -0.3500000000000000333 ) ) ;
#1658 = ORIENTED_EDGE ( 'NONE', *, *, #628, .F. ) ;
#1659 = DIRECTION ( 'NONE',  ( -0.000000000000000000, -0.000000000000000000, -1.000000000000000000 ) ) ;
#1660 = CARTESIAN_POINT ( 'NONE',  ( -1.000000000000000000, 6.500000000000000888, 0.3499999999999989231 ) ) ;
#1661 = VECTOR ( 'NONE', #5690, 1000.000000000000000 ) ;
#1662 = VECTOR ( 'NONE', #2906, 1000.000000000000000 ) ;
#1663 = CARTESIAN_POINT ( 'NONE',  ( -0.1499999999999994393, -3.000000000000000000, -0.3499999999999999778 ) ) ;
#1664 = CARTESIAN_POINT ( 'NONE',  ( 1.000000000000000000, 6.500000000000000888, 0.3499999999999989231 ) ) ;
#1665 = DIRECTION ( 'NONE',  ( 1.000000000000000000, 0.000000000000000000, 0.000000000000000000 ) ) ;
#1666 = VECTOR ( 'NONE', #5099, 1000.000000000000000 ) ;
#1667 = CARTESIAN_POINT ( 'NONE',  ( 4.754744180118195551, 5.589454083063166046, 0.3499999999999999778 ) ) ;
#1668 = ORIENTED_EDGE ( 'NONE', *, *, #3703, .F. ) ;
#1669 = AXIS2_PLACEMENT_3D ( 'NONE', #1148, #2523, #1643 ) ;
#1670 = DIRECTION ( 'NONE',  ( 0.000000000000000000, 3.097720492815727166E-16, 1.000000000000000000 ) ) ;
#1671 = CARTESIAN_POINT ( 'NONE',  ( 0.8592672355229086234, 5.226749775238715756, -0.3500000000000001443 ) ) ;
#1672 = CARTESIAN_POINT ( 'NONE',  ( 6.080000000000000071, 1.800000000000000488, -0.1283333333333334936 ) ) ;
#1673 = ADVANCED_FACE ( 'NONE', ( #2859 ), #2913, .F. ) ;
#1674 = EDGE_CURVE ( 'NONE', #4580, #5902, #3305, .T. ) ;
#1675 = ORIENTED_EDGE ( 'NONE', *, *, #4211, .T. ) ;
#1676 = AXIS2_PLACEMENT_3D ( 'NONE', #5324, #1749, #2568 ) ;
#1677 =( NAMED_UNIT ( * ) PLANE_ANGLE_UNIT ( ) SI_UNIT ( $, .RADIAN. ) );
#1678 = VERTEX_POINT ( 'NONE', #1954 ) ;
#1679 = CARTESIAN_POINT ( 'NONE',  ( 0.6000000000000005329, 6.299999999999999822, 0.3849999999999998979 ) ) ;
#1680 = CARTESIAN_POINT ( 'NONE',  ( 4.480000000000000426, 6.299999999999999822, 0.3849999999999999534 ) ) ;
#1681 = EDGE_CURVE ( 'NONE', #3382, #290, #2383, .T. ) ;
#1682 = FILL_AREA_STYLE ('',( #1242 ) ) ;
#1683 = SURFACE_STYLE_USAGE ( .BOTH. , #2462 ) ;
#1684 = UNCERTAINTY_MEASURE_WITH_UNIT (LENGTH_MEASURE( 1.000000000000000082E-05 ), #3694, 'distance_accuracy_value', 'NONE');
#1685 =( LENGTH_UNIT ( ) NAMED_UNIT ( * ) SI_UNIT ( .MILLI., .METRE. ) );
#1686 = ORIENTED_EDGE ( 'NONE', *, *, #640, .T. ) ;
#1687 = VECTOR ( 'NONE', #5213, 1000.000000000000000 ) ;
#1688 = LINE ( 'NONE', #3899, #4505 ) ;
#1689 = ADVANCED_FACE ( 'NONE', ( #4232 ), #3801, .T. ) ;
#1690 = FILL_AREA_STYLE_COLOUR ( '', #3274 ) ;
#1691 = VERTEX_POINT ( 'NONE', #4291 ) ;
#1692 = CARTESIAN_POINT ( 'NONE',  ( 4.727475984454220459, 5.732672356334980179, 0.3499999999999999778 ) ) ;
#1693 = ADVANCED_FACE ( 'NONE', ( #2885, #5133, #4617, #196 ), #4645, .F. ) ;
#1694 = DIRECTION ( 'NONE',  ( -0.7071067811865474617, -0.7071067811865474617, -0.000000000000000000 ) ) ;
#1695 = CARTESIAN_POINT ( 'NONE',  ( 3.268502052288794868, 6.125528511109557428, 0.3499999999999999778 ) ) ;
#1696 = LINE ( 'NONE', #331, #2301 ) ;
#1697 = ORIENTED_EDGE ( 'NONE', *, *, #1601, .F. ) ;
#1698 = EDGE_CURVE ( 'NONE', #4067, #3184, #5563, .T. ) ;
#1699 = FACE_OUTER_BOUND ( 'NONE', #3611, .T. ) ;
#1700 = PRESENTATION_STYLE_ASSIGNMENT (( #5331 ) ) ;
#1701 = CARTESIAN_POINT ( 'NONE',  ( 0.9599994152017131688, 3.767448265748726932, 0.3500000000000000333 ) ) ;
#1702 = DIRECTION ( 'NONE',  ( -1.000000000000000000, -0.000000000000000000, -0.000000000000000000 ) ) ;
#1703 = ORIENTED_EDGE ( 'NONE', *, *, #4475, .F. ) ;
#1704 = DIRECTION ( 'NONE',  ( 0.000000000000000000, 0.000000000000000000, -1.000000000000000000 ) ) ;
#1705 = ORIENTED_EDGE ( 'NONE', *, *, #1962, .T. ) ;
#1706 = CARTESIAN_POINT ( 'NONE',  ( -0.9999999999999995559, 1.800000000000000488, -0.3499999999999999778 ) ) ;
#1707 = DIRECTION ( 'NONE',  ( 0.000000000000000000, 1.668003342285391797E-16, 1.000000000000000000 ) ) ;
#1708 = FACE_OUTER_BOUND ( 'NONE', #126, .T. ) ;
#1709 = ORIENTED_EDGE ( 'NONE', *, *, #312, .F. ) ;
#1710 = CARTESIAN_POINT ( 'NONE',  ( 6.061660679612409730, 3.374693912578979660, -0.3499999999999999778 ) ) ;
#1711 = CARTESIAN_POINT ( 'NONE',  ( 4.080000000000000071, 0.5000000000000000000, -0.3500000000000000888 ) ) ;
#1712 = ORIENTED_EDGE ( 'NONE', *, *, #4308, .F. ) ;
#1713 = DIRECTION ( 'NONE',  ( -0.000000000000000000, -0.000000000000000000, 1.000000000000000000 ) ) ;
#1714 = DIRECTION ( 'NONE',  ( -1.000000000000000000, 0.000000000000000000, 0.000000000000000000 ) ) ;
#1715 = LINE ( 'NONE', #4352, #447 ) ;
#1716 = PRESENTATION_LAYER_ASSIGNMENT (  '', '', ( #3025 ) ) ;
#1717 =( LENGTH_UNIT ( ) NAMED_UNIT ( * ) SI_UNIT ( .MILLI., .METRE. ) );
#1718 = ORIENTED_EDGE ( 'NONE', *, *, #4698, .F. ) ;
#1719 = CARTESIAN_POINT ( 'NONE',  ( -0.9999999999999993339, 0.8000000000000004885, -0.3499999999999999778 ) ) ;
#1720 = CARTESIAN_POINT ( 'NONE',  ( -1.469999999999999973, 8.500000000000000000, 1.199999999999999956 ) ) ;
#1721 = AXIS2_PLACEMENT_3D ( 'NONE', #5190, #4674, #635 ) ;
#1722 = EDGE_LOOP ( 'NONE', ( #2352, #4136, #5674, #4875 ) ) ;
#1723 = AXIS2_PLACEMENT_3D ( 'NONE', #1916, #4503, #3676 ) ;
#1724 = DIRECTION ( 'NONE',  ( 0.000000000000000000, 0.000000000000000000, -1.000000000000000000 ) ) ;
#1725 = CARTESIAN_POINT ( 'NONE',  ( 6.080000000000000959, 6.299999999999999822, 0.3850000000000000089 ) ) ;
#1726 = DIRECTION ( 'NONE',  ( -0.6546536707079769757, -0.3779644730092281413, -0.6546536707079769757 ) ) ;
#1727 = ORIENTED_EDGE ( 'NONE', *, *, #5714, .T. ) ;
#1728 = AXIS2_PLACEMENT_3D ( 'NONE', #4703, #633, #603 ) ;
#1729 = PLANE ( 'NONE',  #2564 ) ;
#1730 =( NAMED_UNIT ( * ) SI_UNIT ( $, .STERADIAN. ) SOLID_ANGLE_UNIT ( ) );
#1731 = ORIENTED_EDGE ( 'NONE', *, *, #3661, .F. ) ;
#1732 = PLANE ( 'NONE',  #3981 ) ;
#1733 = CARTESIAN_POINT ( 'NONE',  ( 2.690000000000002167, -3.000000000000000000, 0.3499999999999999778 ) ) ;
#1734 = VECTOR ( 'NONE', #1109, 1000.000000000000114 ) ;
#1735 = CARTESIAN_POINT ( 'NONE',  ( 0.4999999999999985012, 6.084152315493285279, 0.3500000000000000333 ) ) ;
#1736 = ORIENTED_EDGE ( 'NONE', *, *, #1480, .F. ) ;
#1737 = ADVANCED_FACE ( 'NONE', ( #1924 ), #2362, .T. ) ;
#1738 = ORIENTED_EDGE ( 'NONE', *, *, #3655, .T. ) ;
#1739 = PRODUCT_DEFINITION_FORMATION_WITH_SPECIFIED_SOURCE ( 'ANY', '', #2210, .NOT_KNOWN. ) ;
#1740 = CARTESIAN_POINT ( 'NONE',  ( 5.980693495213403210, 4.786369049944409149, -0.3500000000000000333 ) ) ;
#1741 = CARTESIAN_POINT ( 'NONE',  ( 5.766754932607761397, 10.39117142264903570, -0.3500000000000017542 ) ) ;
#1742 = ORIENTED_EDGE ( 'NONE', *, *, #3522, .T. ) ;
#1743 = CARTESIAN_POINT ( 'NONE',  ( 4.727475984454220459, 5.732672356334980179, -0.3499999999999999778 ) ) ;
#1744 = CARTESIAN_POINT ( 'NONE',  ( 0.000000000000000000, 8.000000000000000000, 0.000000000000000000 ) ) ;
#1745 = EDGE_CURVE ( 'NONE', #3614, #4661, #5348, .T. ) ;
#1746 = PRESENTATION_LAYER_ASSIGNMENT (  '', '', ( #4302 ) ) ;
#1747 =( LENGTH_UNIT ( ) NAMED_UNIT ( * ) SI_UNIT ( .MILLI., .METRE. ) );
#1748 = CARTESIAN_POINT ( 'NONE',  ( 2.190000000000000835, -2.800000000000001155, 0.3499999999999999778 ) ) ;
#1749 = DIRECTION ( 'NONE',  ( -3.872150616019666353E-17, -0.8660254037844380415, -0.5000000000000009992 ) ) ;
#1750 = ORIENTED_EDGE ( 'NONE', *, *, #510, .T. ) ;
#1751 = PRESENTATION_STYLE_ASSIGNMENT (( #925 ) ) ;
#1752 = CARTESIAN_POINT ( 'NONE',  ( 1.540000000000000480, 1.800000000000000488, 0.3499999999999999778 ) ) ;
#1753 = DIRECTION ( 'NONE',  ( 0.000000000000000000, -0.000000000000000000, -1.000000000000000000 ) ) ;
#1754 =( GEOMETRIC_REPRESENTATION_CONTEXT ( 3 ) GLOBAL_UNCERTAINTY_ASSIGNED_CONTEXT ( ( #5158 ) ) GLOBAL_UNIT_ASSIGNED_CONTEXT ( ( #1809, #1384, #3192 ) ) REPRESENTATION_CONTEXT ( 'NONE', 'WORKASPACE' ) );
#1755 = ORIENTED_EDGE ( 'NONE', *, *, #4539, .T. ) ;
#1756 = CARTESIAN_POINT ( 'NONE',  ( 2.190000000000000835, -1.084202172485501815E-17, 0.3499999999999999778 ) ) ;
#1757 = DIRECTION ( 'NONE',  ( 0.000000000000000000, 0.000000000000000000, -1.000000000000000000 ) ) ;
#1758 = STYLED_ITEM ( 'NONE', ( #1999 ), #1737 ) ;
#1759 = CARTESIAN_POINT ( 'NONE',  ( 0.8678348867008081058, 5.142569796484738553, 0.3500000000000000333 ) ) ;
#1760 =( LENGTH_UNIT ( ) NAMED_UNIT ( * ) SI_UNIT ( .MILLI., .METRE. ) );
#1761 = ORIENTED_EDGE ( 'NONE', *, *, #2717, .F. ) ;
#1762 = PRESENTATION_STYLE_ASSIGNMENT (( #1010 ) ) ;
#1763 = VECTOR ( 'NONE', #107, 999.9999999999998863 ) ;
#1764 = CARTESIAN_POINT ( 'NONE',  ( 4.480000000000000426, 6.299999999999999822, -0.3499999999999999778 ) ) ;
#1765 = ORIENTED_EDGE ( 'NONE', *, *, #137, .T. ) ;
#1766 = CARTESIAN_POINT ( 'NONE',  ( 1.754859749080237341, 5.788964205960197340, 0.3500000000000000888 ) ) ;
#1767 = CARTESIAN_POINT ( 'NONE',  ( -0.6867549326077613259, 0.5000000000000000000, -0.6500000000000013545 ) ) ;
#1768 = VECTOR ( 'NONE', #895, 1000.000000000000000 ) ;
#1769 = ORIENTED_EDGE ( 'NONE', *, *, #3624, .F. ) ;
#1770 = SURFACE_STYLE_USAGE ( .BOTH. , #3673 ) ;
#1771 = ORIENTED_EDGE ( 'NONE', *, *, #29, .T. ) ;
#1772 = AXIS2_PLACEMENT_3D ( 'NONE', #3827, #2434, #2351 ) ;
#1773 = DIRECTION ( 'NONE',  ( -0.000000000000000000, -1.668003342285388099E-16, -1.000000000000000000 ) ) ;
#1774 = SURFACE_STYLE_FILL_AREA ( #4103 ) ;
#1775 = ORIENTED_EDGE ( 'NONE', *, *, #3263, .T. ) ;
#1776 = LINE ( 'NONE', #4439, #2021 ) ;
#1777 =( BOUNDED_SURFACE ( )  B_SPLINE_SURFACE ( 2, 3, ( 
 ( #3893, #5744, #1184, #2909 ),
 ( #4838, #4370, #5777, #286 ),
 ( #1680, #369, #2169, #3968 ) ),
 .UNSPECIFIED., .F., .F., .F. ) 
 B_SPLINE_SURFACE_WITH_KNOTS ( ( 3, 3 ),
 ( 4, 4 ),
 ( 0.000000000000000000, 1.000000000000000000 ),
 ( -3.500000000000000371E-05, 0.0007349999999999999763 ),
 .UNSPECIFIED. ) 
 GEOMETRIC_REPRESENTATION_ITEM ( )  RATIONAL_B_SPLINE_SURFACE ( (
 ( 1.000000000000000000, 1.000000000000000000, 1.000000000000000000, 1.000000000000000000),
 ( 0.7071067811865475727, 0.7071067811865475727, 0.7071067811865475727, 0.7071067811865475727),
 ( 1.000000000000000000, 1.000000000000000000, 1.000000000000000000, 1.000000000000000000) ) ) 
 REPRESENTATION_ITEM ( '' )  SURFACE ( )  );
#1778 = VECTOR ( 'NONE', #2998, 1000.000000000000000 ) ;
#1779 = CARTESIAN_POINT ( 'NONE',  ( -0.4481930454221424998, 5.884855341312110077, -0.3499999999999999223 ) ) ;
#1780 = PLANE ( 'NONE',  #1676 ) ;
#1781 = ORIENTED_EDGE ( 'NONE', *, *, #5831, .F. ) ;
#1782 = CARTESIAN_POINT ( 'NONE',  ( 2.540000000000000036, 0.000000000000000000, 0.3499999999999999778 ) ) ;
#1783 = CARTESIAN_POINT ( 'NONE',  ( 5.766754932607761397, 0.5000000000000002220, 0.3499999999999998668 ) ) ;
#1784 = DIRECTION ( 'NONE',  ( -1.000000000000000000, -0.000000000000000000, -0.000000000000000000 ) ) ;
#1785 = ORIENTED_EDGE ( 'NONE', *, *, #5594, .T. ) ;
#1786 =( BOUNDED_CURVE ( )  B_SPLINE_CURVE ( 3, ( #1794, #4062, #5466, #1394 ),
 .UNSPECIFIED., .F., .F. ) 
 B_SPLINE_CURVE_WITH_KNOTS ( ( 4, 4 ),
 ( 1.570796326794896336, 2.359101780428492390 ),
 .UNSPECIFIED. ) 
 CURVE ( )  GEOMETRIC_REPRESENTATION_ITEM ( )  RATIONAL_B_SPLINE_CURVE ( ( 1.000000000000000000, 0.9488815137910384667, 0.9488815137910384667, 1.000000000000000000 ) ) 
 REPRESENTATION_ITEM ( '' )  );
#1787 =( LENGTH_UNIT ( ) NAMED_UNIT ( * ) SI_UNIT ( .MILLI., .METRE. ) );
#1788 = CARTESIAN_POINT ( 'NONE',  ( 5.405255819881805479, 5.589454083063163381, 0.3499999999999999778 ) ) ;
#1789 = CARTESIAN_POINT ( 'NONE',  ( 5.680000000000000604, 6.299999999999999822, 0.1283333333333333270 ) ) ;
#1790 = PRESENTATION_STYLE_ASSIGNMENT (( #3993 ) ) ;
#1791 = ORIENTED_EDGE ( 'NONE', *, *, #5089, .T. ) ;
#1792 = EDGE_CURVE ( 'NONE', #1381, #1087, #1688, .T. ) ;
#1793 = EDGE_CURVE ( 'NONE', #4226, #4729, #4991, .T. ) ;
#1794 = CARTESIAN_POINT ( 'NONE',  ( -0.4999999999999985012, 6.299999999999999822, 0.3499999999999999778 ) ) ;
#1795 = ORIENTED_EDGE ( 'NONE', *, *, #1214, .F. ) ;
#1796 = CARTESIAN_POINT ( 'NONE',  ( -1.000000000000000000, 6.500000000000000888, 0.3499999999999989231 ) ) ;
#1797 = SURFACE_STYLE_FILL_AREA ( #3177 ) ;
#1798 = PRESENTATION_STYLE_ASSIGNMENT (( #2640 ) ) ;
#1799 = ORIENTED_EDGE ( 'NONE', *, *, #4014, .F. ) ;
#1800 = PRODUCT_DEFINITION_SHAPE ( 'NONE', 'NONE',  #2501 ) ;
#1801 = ORIENTED_EDGE ( 'NONE', *, *, #292, .F. ) ;
#1802 = PRESENTATION_STYLE_ASSIGNMENT (( #31 ) ) ;
#1803 = VERTEX_POINT ( 'NONE', #2502 ) ;
#1804 = LINE ( 'NONE', #3590, #2945 ) ;
#1805 = CARTESIAN_POINT ( 'NONE',  ( 4.380000000000000782, 0.5000000000000004441, -0.3499999999999999778 ) ) ;
#1806 = FACE_OUTER_BOUND ( 'NONE', #4616, .T. ) ;
#1807 = CARTESIAN_POINT ( 'NONE',  ( 0.8696152422706646679, 8.500000000000000000, 0.000000000000000000 ) ) ;
#1808 = EDGE_LOOP ( 'NONE', ( #1975, #3322, #3371, #779 ) ) ;
#1809 =( LENGTH_UNIT ( ) NAMED_UNIT ( * ) SI_UNIT ( .MILLI., .METRE. ) );
#1810 = LINE ( 'NONE', #3600, #5359 ) ;
#1811 = EDGE_CURVE ( 'NONE', #3055, #4461, #3498, .T. ) ;
#1812 = ORIENTED_EDGE ( 'NONE', *, *, #3481, .T. ) ;
#1813 = MECHANICAL_DESIGN_GEOMETRIC_PRESENTATION_REPRESENTATION (  '', ( #2566 ), #3592 ) ;
#1814 = CARTESIAN_POINT ( 'NONE',  ( 5.680000000000000604, 6.299999999999999822, -0.3499999999999999778 ) ) ;
#1815 = VECTOR ( 'NONE', #2982, 1000.000000000000000 ) ;
#1816 = CARTESIAN_POINT ( 'NONE',  ( 0.7285020522887943883, 6.125528511109557428, 0.3500000000000000333 ) ) ;
#1817 = DIRECTION ( 'NONE',  ( 1.000000000000000000, 0.000000000000000000, 0.000000000000000000 ) ) ;
#1818 = VERTEX_POINT ( 'NONE', #3476 ) ;
#1819 = EDGE_CURVE ( 'NONE', #2220, #4613, #5206, .T. ) ;
#1820 = COLOUR_RGB ( '',0.8313725490196077761, 0.6705882352941175961, 0.1294117647058823373 ) ;
#1821 = COLOUR_RGB ( '',0.8313725490196077761, 0.6705882352941175961, 0.1294117647058823373 ) ;
#1822 = DIRECTION ( 'NONE',  ( -1.000000000000000000, 0.000000000000000000, 0.000000000000000000 ) ) ;
#1823 = ORIENTED_EDGE ( 'NONE', *, *, #2648, .F. ) ;
#1824 = DIRECTION ( 'NONE',  ( 0.000000000000000000, -1.000000000000000000, 1.668003342285391551E-16 ) ) ;
#1825 = EDGE_CURVE ( 'NONE', #3175, #3964, #3623, .T. ) ;
#1826 = CARTESIAN_POINT ( 'NONE',  ( 1.940000000000000613, 6.299999999999999822, 0.3499999999999999778 ) ) ;
#1827 = CARTESIAN_POINT ( 'NONE',  ( 0.000000000000000000, 0.000000000000000000, -0.3499999999999999778 ) ) ;
#1828 = ORIENTED_EDGE ( 'NONE', *, *, #4328, .F. ) ;
#1829 =( GEOMETRIC_REPRESENTATION_CONTEXT ( 3 ) GLOBAL_UNCERTAINTY_ASSIGNED_CONTEXT ( ( #1925 ) ) GLOBAL_UNIT_ASSIGNED_CONTEXT ( ( #3718, #2416, #3773 ) ) REPRESENTATION_CONTEXT ( 'NONE', 'WORKASPACE' ) );
#1830 = EDGE_CURVE ( 'NONE', #5772, #496, #1579, .T. ) ;
#1831 = CARTESIAN_POINT ( 'NONE',  ( 0.4633568989079006606, 1.699999999999997957, -0.3500000000000000333 ) ) ;
#1832 = ORIENTED_EDGE ( 'NONE', *, *, #101, .F. ) ;
#1833 = LINE ( 'NONE', #5384, #105 ) ;
#1834 = VECTOR ( 'NONE', #5771, 1000.000000000000000 ) ;
#1835 = DIRECTION ( 'NONE',  ( 0.000000000000000000, 1.000000000000000000, -1.668003342285391551E-16 ) ) ;
#1836 = PRESENTATION_LAYER_ASSIGNMENT (  '', '', ( #2858 ) ) ;
#1837 = ORIENTED_EDGE ( 'NONE', *, *, #3401, .F. ) ;
#1838 = CYLINDRICAL_SURFACE ( 'NONE', #3437, 0.2000000000000000944 ) ;
#1839 = EDGE_CURVE ( 'NONE', #3789, #4927, #1863, .T. ) ;
#1840 = VECTOR ( 'NONE', #3741, 1000.000000000000000 ) ;
#1841 = LINE ( 'NONE', #35, #492 ) ;
#1842 = CARTESIAN_POINT ( 'NONE',  ( 3.409615242270664925, 8.500000000000000000, -0.8696152422706646679 ) ) ;
#1843 = ORIENTED_EDGE ( 'NONE', *, *, #3213, .T. ) ;
#1844 = SURFACE_STYLE_FILL_AREA ( #4115 ) ;
#1845 = STYLED_ITEM ( 'NONE', ( #2062 ), #521 ) ;
#1846 =( LENGTH_UNIT ( ) NAMED_UNIT ( * ) SI_UNIT ( .MILLI., .METRE. ) );
#1847 = VECTOR ( 'NONE', #3385, 1000.000000000000000 ) ;
#1848 =( NAMED_UNIT ( * ) SI_UNIT ( $, .STERADIAN. ) SOLID_ANGLE_UNIT ( ) );
#1849 = CARTESIAN_POINT ( 'NONE',  ( 4.730000000000001315, -1.084202172485501815E-17, -0.3499999999999999778 ) ) ;
#1850 = CARTESIAN_POINT ( 'NONE',  ( 4.580000000000001847, 6.084152315493286167, 0.3499999999999999223 ) ) ;
#1851 = CARTESIAN_POINT ( 'NONE',  ( 5.080000000000000071, 0.5000000000000005551, 0.3499999999999999778 ) ) ;
#1852 = ORIENTED_EDGE ( 'NONE', *, *, #920, .F. ) ;
#1853 = CIRCLE ( 'NONE', #5180, 0.2000000000000000944 ) ;
#1854 = CARTESIAN_POINT ( 'NONE',  ( 4.218424265108378535, 5.204467366490685087, -0.3500000000000000333 ) ) ;
#1855 = VERTEX_POINT ( 'NONE', #403 ) ;
#1856 = EDGE_CURVE ( 'NONE', #604, #5655, #3528, .T. ) ;
#1857 = CARTESIAN_POINT ( 'NONE',  ( 4.393245067392238745, 0.5000000000000000000, -0.3500000000000000888 ) ) ;
#1858 = CARTESIAN_POINT ( 'NONE',  ( 2.540000000000000036, 0.5000000000000005551, -0.3499999999999999778 ) ) ;
#1859 = ORIENTED_EDGE ( 'NONE', *, *, #3719, .T. ) ;
#1860 = COLOUR_RGB ( '',0.8313725490196077761, 0.6705882352941175961, 0.1294117647058823373 ) ;
#1861 = LINE ( 'NONE', #573, #2654 ) ;
#1862 = VERTEX_POINT ( 'NONE', #5042 ) ;
#1863 = LINE ( 'NONE', #1279, #690 ) ;
#1864 = EDGE_CURVE ( 'NONE', #3314, #278, #1401, .T. ) ;
#1865 = PLANE ( 'NONE',  #4912 ) ;
#1866 = COLOUR_RGB ( '',0.8313725490196077761, 0.6705882352941175961, 0.1294117647058823373 ) ;
#1867 = EDGE_CURVE ( 'NONE', #1855, #1274, #3121, .T. ) ;
#1868 = VERTEX_POINT ( 'NONE', #433 ) ;
#1869 = CARTESIAN_POINT ( 'NONE',  ( -1.000000000000000000, 6.500000000000000888, -0.3500000000000010880 ) ) ;
#1870 = LINE ( 'NONE', #1310, #4016 ) ;
#1871 = DIRECTION ( 'NONE',  ( -1.000000000000000000, -0.000000000000000000, -0.000000000000000000 ) ) ;
#1872 = VERTEX_POINT ( 'NONE', #2264 ) ;
#1873 = EDGE_CURVE ( 'NONE', #402, #290, #3558, .T. ) ;
#1874 = AXIS2_PLACEMENT_3D ( 'NONE', #2695, #1822, #4519 ) ;
#1875 = CARTESIAN_POINT ( 'NONE',  ( 4.434533521472694417, 3.877691542223590471, -0.3499999999999999778 ) ) ;
#1876 = PLANE ( 'NONE',  #5343 ) ;
#1877 = EDGE_CURVE ( 'NONE', #802, #4649, #4008, .T. ) ;
#1878 = SURFACE_STYLE_FILL_AREA ( #985 ) ;
#1879 = PLANE ( 'NONE',  #3595 ) ;
#1880 = CARTESIAN_POINT ( 'NONE',  ( 5.766754932607761397, 0.5000000000000000000, -0.6500000000000013545 ) ) ;
#1881 = VERTEX_POINT ( 'NONE', #4954 ) ;
#1882 = B_SPLINE_CURVE_WITH_KNOTS ( 'NONE', 3,
 ( #2664, #3086, #4918, #5818, #1701, #5851, #361, #389, #5795, #2223, #815, #3486, #2631, #3992, #2577, #1759, #2135, #4449, #3940, #5402, #1294, #421, #4059, #3138, #1232, #4857, #3608, #749, #334, #3111, #1816, #4485, #1203 ),
 .UNSPECIFIED., .F., .F.,
 ( 4, 1, 1, 1, 1, 1, 1, 2, 2, 1, 1, 1, 1, 1, 2, 2, 1, 1, 1, 1, 1, 1, 2, 2, 4 ),
 ( 0.000000000000000000, 0.2500000000000368039, 0.3750000000000551781, 0.4375000000000643929, 0.4687500000000690004, 0.4843750000000708877, 0.4921875000000714429, 0.4960937500000717759, 0.5000000000000720535, 0.6250000000000727196, 0.6875000000000727196, 0.7187500000000727196, 0.7343750000000727196, 0.7421875000000727196, 0.7460937500000723865, 0.7500000000000720535, 0.8125000000000687228, 0.8437500000000673905, 0.8593750000000667244, 0.8671875000000663913, 0.8710937500000661693, 0.8730468750000658362, 0.8740234375000652811, 0.8750000000000647260, 1.000000000000000000 ),
 .UNSPECIFIED. ) ;
#1883 = CARTESIAN_POINT ( 'NONE',  ( 4.212165113299160879, 5.142569796484067091, -0.3500000000000000333 ) ) ;
#1884 = ORIENTED_EDGE ( 'NONE', *, *, #863, .T. ) ;
#1885 = CARTESIAN_POINT ( 'NONE',  ( 1.778779213129837000, 5.920464898423919209, 0.3500000000000000333 ) ) ;
#1886 = DIRECTION ( 'NONE',  ( -0.000000000000000000, 1.000000000000000000, -0.000000000000000000 ) ) ;
#1887 = CARTESIAN_POINT ( 'NONE',  ( 4.220732764477097554, 5.226749775238761053, 0.3500000000000001443 ) ) ;
#1888 = ORIENTED_EDGE ( 'NONE', *, *, #3847, .T. ) ;
#1889 = EDGE_CURVE ( 'NONE', #1574, #4600, #855, .T. ) ;
#1890 = CARTESIAN_POINT ( 'NONE',  ( -0.6454664785273052097, 3.877691542223590471, 0.3499999999999999778 ) ) ;
#1891 = DIRECTION ( 'NONE',  ( -0.000000000000000000, 0.000000000000000000, 1.000000000000000000 ) ) ;
#1892 = VERTEX_POINT ( 'NONE', #4462 ) ;
#1893 = DIRECTION ( 'NONE',  ( 0.000000000000000000, 1.000000000000000000, -1.668003342285391551E-16 ) ) ;
#1894 = DIRECTION ( 'NONE',  ( -0.000000000000000000, -0.000000000000000000, 1.000000000000000000 ) ) ;
#1895 = LINE ( 'NONE', #3214, #2503 ) ;
#1896 = CARTESIAN_POINT ( 'NONE',  ( 1.840000000000000524, 0.5000000000000004441, 0.3499999999999999778 ) ) ;
#1897 = ORIENTED_EDGE ( 'NONE', *, *, #3047, .T. ) ;
#1898 = DIRECTION ( 'NONE',  ( -0.000000000000000000, -0.000000000000000000, -1.000000000000000000 ) ) ;
#1899 =( LENGTH_UNIT ( ) NAMED_UNIT ( * ) SI_UNIT ( .MILLI., .METRE. ) );
#1900 = UNCERTAINTY_MEASURE_WITH_UNIT (LENGTH_MEASURE( 1.000000000000000082E-05 ), #5152, 'distance_accuracy_value', 'NONE');
#1901 = CARTESIAN_POINT ( 'NONE',  ( -0.8641973817704142746, 5.178803639423790628, -0.3500000000000000333 ) ) ;
#1902 = FACE_OUTER_BOUND ( 'NONE', #3067, .T. ) ;
#1903 = DIRECTION ( 'NONE',  ( 0.000000000000000000, 0.000000000000000000, -1.000000000000000000 ) ) ;
#1904 = CARTESIAN_POINT ( 'NONE',  ( 4.729999999999999538, 8.000000000000000000, 0.3499999999999999778 ) ) ;
#1905 = EDGE_CURVE ( 'NONE', #4842, #5772, #9, .T. ) ;
#1906 = ORIENTED_EDGE ( 'NONE', *, *, #2146, .T. ) ;
#1907 = EDGE_CURVE ( 'NONE', #2029, #402, #2236, .T. ) ;
#1908 = ORIENTED_EDGE ( 'NONE', *, *, #3126, .F. ) ;
#1909 = LINE ( 'NONE', #2874, #754 ) ;
#1910 = CARTESIAN_POINT ( 'NONE',  ( 4.098339320387594853, 3.374693912574938892, 0.3500000000000000333 ) ) ;
#1911 = EDGE_LOOP ( 'NONE', ( #4410, #4638, #3695, #5019 ) ) ;
#1912 = AXIS2_PLACEMENT_3D ( 'NONE', #1098, #2470, #1161 ) ;
#1913 = FACE_OUTER_BOUND ( 'NONE', #2861, .T. ) ;
#1914 = PLANE ( 'NONE',  #5686 ) ;
#1915 = ORIENTED_EDGE ( 'NONE', *, *, #4023, .T. ) ;
#1916 = CARTESIAN_POINT ( 'NONE',  ( -0.3500000000000000333, 8.199999999999999289, 0.3499999999999999778 ) ) ;
#1917 = VECTOR ( 'NONE', #2708, 1000.000000000000000 ) ;
#1918 = FILL_AREA_STYLE_COLOUR ( '', #2677 ) ;
#1919 = CARTESIAN_POINT ( 'NONE',  ( -0.9446954869561645651, 4.083092593512596125, 0.3499999999999998668 ) ) ;
#1920 = VERTEX_POINT ( 'NONE', #4584 ) ;
#1921 = AXIS2_PLACEMENT_3D ( 'NONE', #1827, #4130, #52 ) ;
#1922 = UNCERTAINTY_MEASURE_WITH_UNIT (LENGTH_MEASURE( 1.000000000000000082E-05 ), #878, 'distance_accuracy_value', 'NONE');
#1923 =( GEOMETRIC_REPRESENTATION_CONTEXT ( 3 ) GLOBAL_UNCERTAINTY_ASSIGNED_CONTEXT ( ( #4803 ) ) GLOBAL_UNIT_ASSIGNED_CONTEXT ( ( #3634, #4561, #2739 ) ) REPRESENTATION_CONTEXT ( 'NONE', 'WORKASPACE' ) );
#1924 = FACE_OUTER_BOUND ( 'NONE', #4140, .T. ) ;
#1925 = UNCERTAINTY_MEASURE_WITH_UNIT (LENGTH_MEASURE( 1.000000000000000082E-05 ), #3718, 'distance_accuracy_value', 'NONE');
#1926 = DIRECTION ( 'NONE',  ( -1.000000000000000000, -0.000000000000000000, -0.000000000000000000 ) ) ;
#1927 = ORIENTED_EDGE ( 'NONE', *, *, #188, .F. ) ;
#1928 = SURFACE_STYLE_FILL_AREA ( #527 ) ;
#1929 = EDGE_CURVE ( 'NONE', #2500, #1892, #1833, .T. ) ;
#1930 =( GEOMETRIC_REPRESENTATION_CONTEXT ( 3 ) GLOBAL_UNCERTAINTY_ASSIGNED_CONTEXT ( ( #589 ) ) GLOBAL_UNIT_ASSIGNED_CONTEXT ( ( #277, #3914, #3546 ) ) REPRESENTATION_CONTEXT ( 'NONE', 'WORKASPACE' ) );
#1931 = MECHANICAL_DESIGN_GEOMETRIC_PRESENTATION_REPRESENTATION (  '', ( #4483 ), #3433 ) ;
#1932 = CARTESIAN_POINT ( 'NONE',  ( 2.214744180118195516, 5.589454083063166046, -0.3499999999999999778 ) ) ;
#1933 = CARTESIAN_POINT ( 'NONE',  ( -0.9599994152017123916, 3.767448265748938763, -0.3499999999999999778 ) ) ;
#1934 = LINE ( 'NONE', #3376, #4759 ) ;
#1935 =( GEOMETRIC_REPRESENTATION_CONTEXT ( 3 ) GLOBAL_UNCERTAINTY_ASSIGNED_CONTEXT ( ( #1004 ) ) GLOBAL_UNIT_ASSIGNED_CONTEXT ( ( #3937, #385, #2159 ) ) REPRESENTATION_CONTEXT ( 'NONE', 'WORKASPACE' ) );
#1936 = DIRECTION ( 'NONE',  ( -1.000000000000000000, -3.097720492815726426E-17, 0.000000000000000000 ) ) ;
#1937 = VERTEX_POINT ( 'NONE', #915 ) ;
#1938 = ORIENTED_EDGE ( 'NONE', *, *, #2041, .F. ) ;
#1939 = CARTESIAN_POINT ( 'NONE',  ( 2.540000000000000036, 0.5000000000000005551, 0.3499999999999999778 ) ) ;
#1940 =( LENGTH_UNIT ( ) NAMED_UNIT ( * ) SI_UNIT ( .MILLI., .METRE. ) );
#1941 = CARTESIAN_POINT ( 'NONE',  ( 5.080000000000000071, 0.5000000000000005551, 0.3499999999999999778 ) ) ;
#1942 = ORIENTED_EDGE ( 'NONE', *, *, #4475, .T. ) ;
#1943 = FACE_OUTER_BOUND ( 'NONE', #5117, .T. ) ;
#1944 = VECTOR ( 'NONE', #1898, 1000.000000000000000 ) ;
#1945 = PRESENTATION_STYLE_ASSIGNMENT (( #2459 ) ) ;
#1946 = PLANE ( 'NONE',  #1772 ) ;
#1947 = EDGE_LOOP ( 'NONE', ( #2679, #4629, #1897, #5552 ) ) ;
#1948 = SURFACE_STYLE_FILL_AREA ( #3761 ) ;
#1949 = CARTESIAN_POINT ( 'NONE',  ( 3.320569551971561673, 5.815522798723455900, -0.3499999999999999778 ) ) ;
#1950 = AXIS2_PLACEMENT_3D ( 'NONE', #4987, #3099, #2678 ) ;
#1951 = DIRECTION ( 'NONE',  ( 0.000000000000000000, 3.097720492815727166E-16, 1.000000000000000000 ) ) ;
#1952 = ORIENTED_EDGE ( 'NONE', *, *, #526, .F. ) ;
#1953 = MECHANICAL_DESIGN_GEOMETRIC_PRESENTATION_REPRESENTATION (  '', ( #979 ), #2325 ) ;
#1954 = CARTESIAN_POINT ( 'NONE',  ( 3.540000000000000036, 0.5000000000000002220, 0.3499999999999998668 ) ) ;
#1955 = CARTESIAN_POINT ( 'NONE',  ( 5.868156929004344491, 5.771059683742180368, 0.3499999999999999778 ) ) ;
#1956 = ORIENTED_EDGE ( 'NONE', *, *, #29, .F. ) ;
#1957 = VECTOR ( 'NONE', #2010, 1000.000000000000000 ) ;
#1958 = LINE ( 'NONE', #5235, #3364 ) ;
#1959 = B_SPLINE_CURVE_WITH_KNOTS ( 'NONE', 3,
 ( #2074, #1135, #3815, #5576, #4304, #2420, #4209, #2395, #1604, #5673, #2954, #5147, #1048, #2869, #598, #5606, #2450, #2835, #4241, #1573, #1984, #5705, #3381, #3776, #4794, #691, #2923, #209, #1542, #5116, #3288, #4660, #109 ),
 .UNSPECIFIED., .F., .F.,
 ( 4, 1, 1, 1, 1, 1, 1, 2, 2, 1, 1, 1, 1, 1, 2, 2, 1, 1, 1, 1, 1, 1, 2, 2, 4 ),
 ( 0.000000000000000000, 0.2499999999999786282, 0.3749999999999678590, 0.4374999999999624190, 0.4687499999999596989, 0.4843749999999582001, 0.4921874999999577560, 0.4960937499999575340, 0.4999999999999573674, 0.6249999999999519273, 0.6874999999999489297, 0.7187499999999471534, 0.7343749999999462652, 0.7421874999999454880, 0.7460937499999451550, 0.7499999999999447109, 0.8124999999999459321, 0.8437499999999468203, 0.8593749999999472644, 0.8671874999999471534, 0.8710937499999473754, 0.8730468749999479305, 0.8740234374999481526, 0.8749999999999483746, 1.000000000000000000 ),
 .UNSPECIFIED. ) ;
#1960 = CARTESIAN_POINT ( 'NONE',  ( 5.430000000000000604, 8.199999999999999289, 0.3499999999999999778 ) ) ;
#1961 = MECHANICAL_DESIGN_GEOMETRIC_PRESENTATION_REPRESENTATION (  '', ( #1189 ), #327 ) ;
#1962 = EDGE_CURVE ( 'NONE', #2306, #5827, #3569, .T. ) ;
#1963 = PLANE ( 'NONE',  #3550 ) ;
#1964 = CARTESIAN_POINT ( 'NONE',  ( 0.000000000000000000, -3.000000000000000000, -0.3499999999999999778 ) ) ;
#1965 = CARTESIAN_POINT ( 'NONE',  ( 0.8403887387712397627, 5.398486016527106024, -0.3499999999999999778 ) ) ;
#1966 = DIRECTION ( 'NONE',  ( 1.000000000000000000, 1.084202172485504434E-16, 0.000000000000000000 ) ) ;
#1967 = EDGE_LOOP ( 'NONE', ( #4542, #2732, #2004, #2924 ) ) ;
#1968 = PLANE ( 'NONE',  #1721 ) ;
#1969 = SURFACE_STYLE_FILL_AREA ( #4250 ) ;
#1970 = EDGE_LOOP ( 'NONE', ( #2618, #2669, #2573, #1712 ) ) ;
#1971 = CARTESIAN_POINT ( 'NONE',  ( 2.189999999999999947, 8.000000000000000000, -0.3499999999999999778 ) ) ;
#1972 = CARTESIAN_POINT ( 'NONE',  ( -0.6813801503213369193, 6.233860305463149842, 0.3500000000000000888 ) ) ;
#1973 = ORIENTED_EDGE ( 'NONE', *, *, #3126, .T. ) ;
#1974 = LINE ( 'NONE', #3739, #317 ) ;
#1975 = ORIENTED_EDGE ( 'NONE', *, *, #1291, .F. ) ;
#1976 = APPLICATION_CONTEXT ( 'automotive_design' ) ;
#1977 = LINE ( 'NONE', #5137, #2302 ) ;
#1978 = UNCERTAINTY_MEASURE_WITH_UNIT (LENGTH_MEASURE( 1.000000000000000082E-05 ), #5602, 'distance_accuracy_value', 'NONE');
#1979 =( NAMED_UNIT ( * ) SI_UNIT ( $, .STERADIAN. ) SOLID_ANGLE_UNIT ( ) );
#1980 = LINE ( 'NONE', #3377, #10 ) ;
#1981 = ORIENTED_EDGE ( 'NONE', *, *, #4672, .F. ) ;
#1982 = CARTESIAN_POINT ( 'NONE',  ( 3.332485366313218567, 5.744802409713649638, 0.3499999999999999778 ) ) ;
#1983 = ADVANCED_FACE ( 'NONE', ( #2730 ), #4552, .F. ) ;
#1984 = CARTESIAN_POINT ( 'NONE',  ( 1.690816522019154000, 5.324198710740764895, -0.3500000000000000333 ) ) ;
#1985 = LINE ( 'NONE', #4602, #805 ) ;
#1986 = CARTESIAN_POINT ( 'NONE',  ( 3.140000000000000568, 6.299999999999999822, -0.1166666666666667518 ) ) ;
#1987 = FILL_AREA_STYLE_COLOUR ( '', #202 ) ;
#1988 = ORIENTED_EDGE ( 'NONE', *, *, #3034, .F. ) ;
#1989 = LINE ( 'NONE', #515, #1666 ) ;
#1990 = CARTESIAN_POINT ( 'NONE',  ( 3.226754932607761361, 10.39117142264903570, -0.3500000000000017542 ) ) ;
#1991 = UNCERTAINTY_MEASURE_WITH_UNIT (LENGTH_MEASURE( 1.000000000000000082E-05 ), #1846, 'distance_accuracy_value', 'NONE');
#1992 = ORIENTED_EDGE ( 'NONE', *, *, #3464, .T. ) ;
#1993 = CARTESIAN_POINT ( 'NONE',  ( 5.080000000000000071, 6.299999999999999822, 0.3499999999999999778 ) ) ;
#1994 =( NAMED_UNIT ( * ) SI_UNIT ( $, .STERADIAN. ) SOLID_ANGLE_UNIT ( ) );
#1995 = CARTESIAN_POINT ( 'NONE',  ( -1.574999999999999289, -1.575000000000006173, 0.3499999999999999778 ) ) ;
#1996 = MECHANICAL_DESIGN_GEOMETRIC_PRESENTATION_REPRESENTATION (  '', ( #1226 ), #2463 ) ;
#1997 = CARTESIAN_POINT ( 'NONE',  ( -0.9999999999999995559, 1.800000000000000488, 0.3499999999999999778 ) ) ;
#1998 = ORIENTED_EDGE ( 'NONE', *, *, #1418, .F. ) ;
#1999 = PRESENTATION_STYLE_ASSIGNMENT (( #3276 ) ) ;
#2000 = EDGE_CURVE ( 'NONE', #4517, #4230, #1853, .T. ) ;
#2001 = AXIS2_PLACEMENT_3D ( 'NONE', #3892, #2584, #3947 ) ;
#2002 = EDGE_CURVE ( 'NONE', #4163, #2656, #2205, .T. ) ;
#2003 = CARTESIAN_POINT ( 'NONE',  ( 5.911453400084235810, 5.476966929918534177, 0.3499999999999999778 ) ) ;
#2004 = ORIENTED_EDGE ( 'NONE', *, *, #1570, .T. ) ;
#2005 = DIRECTION ( 'NONE',  ( -0.000000000000000000, 0.000000000000000000, 1.000000000000000000 ) ) ;
#2006 = EDGE_CURVE ( 'NONE', #636, #3603, #722, .T. ) ;
#2007 = STYLED_ITEM ( 'NONE', ( #2972 ), #5354 ) ;
#2008 = FILL_AREA_STYLE_COLOUR ( '', #64 ) ;
#2009 = CARTESIAN_POINT ( 'NONE',  ( 3.140000000000000568, 6.299999999999999822, 0.3849999999999998979 ) ) ;
#2010 = DIRECTION ( 'NONE',  ( -0.000000000000000000, -0.000000000000000000, -1.000000000000000000 ) ) ;
#2011 = EDGE_CURVE ( 'NONE', #3115, #5532, #1989, .T. ) ;
#2012 = ORIENTED_EDGE ( 'NONE', *, *, #4769, .F. ) ;
#2013 = DIRECTION ( 'NONE',  ( 0.000000000000000000, 4.336808689942018229E-16, -1.000000000000000000 ) ) ;
#2014 = CARTESIAN_POINT ( 'NONE',  ( -1.469999999999999973, 8.500000000000000000, 1.199999999999999956 ) ) ;
#2015 = ORIENTED_EDGE ( 'NONE', *, *, #5208, .F. ) ;
#2016 = VECTOR ( 'NONE', #4022, 1000.000000000000000 ) ;
#2017 = DIRECTION ( 'NONE',  ( -1.000000000000000000, 0.000000000000000000, 0.000000000000000000 ) ) ;
#2018 = CARTESIAN_POINT ( 'NONE',  ( 4.930000000000001492, -3.000000000000000000, -0.3499999999999999778 ) ) ;
#2019 = PRESENTATION_STYLE_ASSIGNMENT (( #2454 ) ) ;
#2020 = DIRECTION ( 'NONE',  ( 0.000000000000000000, -1.000000000000000000, 1.668003342285391551E-16 ) ) ;
#2021 = VECTOR ( 'NONE', #8, 1000.000000000000114 ) ;
#2022 = SURFACE_STYLE_USAGE ( .BOTH. , #3409 ) ;
#2023 = VERTEX_POINT ( 'NONE', #542 ) ;
#2024 = CARTESIAN_POINT ( 'NONE',  ( 2.040000000000001812, 6.299999999999999822, -0.3499999999999999778 ) ) ;
#2025 = EDGE_CURVE ( 'NONE', #5219, #257, #55, .T. ) ;
#2026 = COLOUR_RGB ( '',0.8313725490196077761, 0.6705882352941175961, 0.1294117647058823373 ) ;
#2027 = LINE ( 'NONE', #250, #5778 ) ;
#2028 = DIRECTION ( 'NONE',  ( -1.000000000000000000, 0.000000000000000000, 0.000000000000000000 ) ) ;
#2029 = VERTEX_POINT ( 'NONE', #1459 ) ;
#2030 = CARTESIAN_POINT ( 'NONE',  ( 2.890000000000000124, 8.000000000000000000, -0.3500000000000000333 ) ) ;
#2031 = SURFACE_SIDE_STYLE ('',( #190 ) ) ;
#2032 = VECTOR ( 'NONE', #3218, 1000.000000000000114 ) ;
#2033 = CARTESIAN_POINT ( 'NONE',  ( -0.9999999999999995559, 1.800000000000000488, 0.3499999999999999778 ) ) ;
#2034 = ORIENTED_EDGE ( 'NONE', *, *, #5838, .F. ) ;
#2035 = CARTESIAN_POINT ( 'NONE',  ( 2.189999999999999947, 0.000000000000000000, 0.3499999999999999778 ) ) ;
#2036 = DIRECTION ( 'NONE',  ( 1.000000000000000000, -0.000000000000000000, 0.000000000000000000 ) ) ;
#2037 = AXIS2_PLACEMENT_3D ( 'NONE', #4718, #2827, #5659 ) ;
#2038 = ORIENTED_EDGE ( 'NONE', *, *, #292, .T. ) ;
#2039 = CARTESIAN_POINT ( 'NONE',  ( 0.3500000000000000333, 8.199999999999999289, 0.3499999999999999778 ) ) ;
#2040 =( NAMED_UNIT ( * ) SI_UNIT ( $, .STERADIAN. ) SOLID_ANGLE_UNIT ( ) );
#2041 = EDGE_CURVE ( 'NONE', #1574, #5599, #2372, .T. ) ;
#2042 = SURFACE_STYLE_USAGE ( .BOTH. , #203 ) ;
#2043 = CARTESIAN_POINT ( 'NONE',  ( 6.549999999999999822, 0.5000000000000002220, 0.6500000000000010214 ) ) ;
#2044 = EDGE_CURVE ( 'NONE', #802, #386, #3266, .T. ) ;
#2045 = FILL_AREA_STYLE ('',( #1568 ) ) ;
#2046 = EDGE_LOOP ( 'NONE', ( #1591, #4996, #932, #1213 ) ) ;
#2047 = CARTESIAN_POINT ( 'NONE',  ( 3.492723323164030447, 3.923639721076658038, 0.3500000000000000333 ) ) ;
#2048 = SURFACE_STYLE_FILL_AREA ( #5210 ) ;
#2049 = EDGE_CURVE ( 'NONE', #5144, #3291, #996, .T. ) ;
#2050 = ADVANCED_FACE ( 'NONE', ( #5590 ), #2432, .T. ) ;
#2051 = ORIENTED_EDGE ( 'NONE', *, *, #5578, .F. ) ;
#2052 = DIRECTION ( 'NONE',  ( -1.000000000000000000, 0.000000000000000000, 0.000000000000000000 ) ) ;
#2053 = CARTESIAN_POINT ( 'NONE',  ( 4.729999999999999538, 0.000000000000000000, 0.3499999999999999778 ) ) ;
#2054 =( LENGTH_UNIT ( ) NAMED_UNIT ( * ) SI_UNIT ( .MILLI., .METRE. ) );
#2055 = VECTOR ( 'NONE', #2194, 1000.000000000000000 ) ;
#2056 = FACE_OUTER_BOUND ( 'NONE', #5687, .T. ) ;
#2057 = ORIENTED_EDGE ( 'NONE', *, *, #4489, .T. ) ;
#2058 = CARTESIAN_POINT ( 'NONE',  ( 0.000000000000000000, 8.500000000000000000, 0.8696152422706645568 ) ) ;
#2059 = PRESENTATION_STYLE_ASSIGNMENT (( #5338 ) ) ;
#2060 = ORIENTED_EDGE ( 'NONE', *, *, #1819, .T. ) ;
#2061 = DIRECTION ( 'NONE',  ( -1.000000000000000000, 0.000000000000000000, 7.744301232039316681E-17 ) ) ;
#2062 = PRESENTATION_STYLE_ASSIGNMENT (( #5652 ) ) ;
#2063 = PLANE ( 'NONE',  #880 ) ;
#2064 = EDGE_CURVE ( 'NONE', #520, #1397, #1344, .T. ) ;
#2065 = CARTESIAN_POINT ( 'NONE',  ( -0.3252558198818047974, 5.589454083063166046, 0.3499999999999999778 ) ) ;
#2066 = VERTEX_POINT ( 'NONE', #1058 ) ;
#2067 = CARTESIAN_POINT ( 'NONE',  ( 5.935690189165915065, 5.260692584315792786, -0.3499999999999999223 ) ) ;
#2068 = CARTESIAN_POINT ( 'NONE',  ( 5.080000000000000071, -3.000000000000000000, -0.3499999999999999778 ) ) ;
#2069 = VERTEX_POINT ( 'NONE', #1517 ) ;
#2070 = PLANE ( 'NONE',  #3501 ) ;
#2071 =( NAMED_UNIT ( * ) SI_UNIT ( $, .STERADIAN. ) SOLID_ANGLE_UNIT ( ) );
#2072 = LINE ( 'NONE', #3905, #3041 ) ;
#2073 = CARTESIAN_POINT ( 'NONE',  ( 1.000000000000000000, 0.5000000000000002220, 0.3499999999999998668 ) ) ;
#2074 = CARTESIAN_POINT ( 'NONE',  ( 1.540000000000000480, 1.800000000000000488, -0.3499999999999999778 ) ) ;
#2075 = VERTEX_POINT ( 'NONE', #2847 ) ;
#2076 = PLANE ( 'NONE',  #4723 ) ;
#2077 = CARTESIAN_POINT ( 'NONE',  ( 0.8601643567029795268, 5.218128553112160617, -0.3500000000000000333 ) ) ;
#2078 = UNCERTAINTY_MEASURE_WITH_UNIT (LENGTH_MEASURE( 1.000000000000000082E-05 ), #4341, 'distance_accuracy_value', 'NONE');
#2079 = ADVANCED_FACE ( 'NONE', ( #5525 ), #2405, .T. ) ;
#2080 = ORIENTED_EDGE ( 'NONE', *, *, #4135, .T. ) ;
#2081 = CARTESIAN_POINT ( 'NONE',  ( 1.540000000000000924, 6.299999999999999822, 0.1283333333333336046 ) ) ;
#2082 = ORIENTED_EDGE ( 'NONE', *, *, #120, .F. ) ;
#2083 = CARTESIAN_POINT ( 'NONE',  ( 1.000000000000000666, 0.8000000000000007105, 0.3499999999999999778 ) ) ;
#2084 = FILL_AREA_STYLE ('',( #4371 ) ) ;
#2085 = DIRECTION ( 'NONE',  ( 0.000000000000000000, 0.000000000000000000, 1.000000000000000000 ) ) ;
#2086 =( NAMED_UNIT ( * ) SI_UNIT ( $, .STERADIAN. ) SOLID_ANGLE_UNIT ( ) );
#2087 = ORIENTED_EDGE ( 'NONE', *, *, #489, .T. ) ;
#2088 = CARTESIAN_POINT ( 'NONE',  ( 2.539999999999999147, 1.700000000000000178, 0.3499999999999999778 ) ) ;
#2089 =( NAMED_UNIT ( * ) PLANE_ANGLE_UNIT ( ) SI_UNIT ( $, .RADIAN. ) );
#2090 = EDGE_LOOP ( 'NONE', ( #5715, #210, #2465, #2641 ) ) ;
#2091 = AXIS2_PLACEMENT_3D ( 'NONE', #2882, #4257, #5654 ) ;
#2092 = CARTESIAN_POINT ( 'NONE',  ( -5.421010862427528333E-17, 0.5000000000000005551, -0.3499999999999999778 ) ) ;
#2093 =( GEOMETRIC_REPRESENTATION_CONTEXT ( 3 ) GLOBAL_UNCERTAINTY_ASSIGNED_CONTEXT ( ( #3679 ) ) GLOBAL_UNIT_ASSIGNED_CONTEXT ( ( #2522, #4770, #4428 ) ) REPRESENTATION_CONTEXT ( 'NONE', 'WORKASPACE' ) );
#2094 = CARTESIAN_POINT ( 'NONE',  ( -0.3252558198818047419, 5.589454083063166046, -0.3499999999999999778 ) ) ;
#2095 = LINE ( 'NONE', #3104, #5090 ) ;
#2096 = EDGE_CURVE ( 'NONE', #3798, #370, #5739, .T. ) ;
#2097 = MECHANICAL_DESIGN_GEOMETRIC_PRESENTATION_REPRESENTATION (  '', ( #3507 ), #2282 ) ;
#2098 = CARTESIAN_POINT ( 'NONE',  ( -1.000000000000000000, 0.5000000000000000000, -0.3500000000000000888 ) ) ;
#2099 =( NAMED_UNIT ( * ) SI_UNIT ( $, .STERADIAN. ) SOLID_ANGLE_UNIT ( ) );
#2100 = ORIENTED_EDGE ( 'NONE', *, *, #1034, .T. ) ;
#2101 = AXIS2_PLACEMENT_3D ( 'NONE', #4486, #309, #391 ) ;
#2102 = EDGE_CURVE ( 'NONE', #1341, #321, #1116, .T. ) ;
#2103 = EDGE_CURVE ( 'NONE', #3088, #1818, #2932, .T. ) ;
#2104 = CARTESIAN_POINT ( 'NONE',  ( 4.393245067392238745, 10.39117142264903570, -0.6500000000000030198 ) ) ;
#2105 = PLANE ( 'NONE',  #2273 ) ;
#2106 = CARTESIAN_POINT ( 'NONE',  ( 6.549999999999999822, 0.000000000000000000, -0.6499999999999991340 ) ) ;
#2107 = PRESENTATION_LAYER_ASSIGNMENT (  '', '', ( #3706 ) ) ;
#2108 = UNCERTAINTY_MEASURE_WITH_UNIT (LENGTH_MEASURE( 1.000000000000000082E-05 ), #4508, 'distance_accuracy_value', 'NONE');
#2109 = EDGE_LOOP ( 'NONE', ( #3766, #1915, #3264, #2414 ) ) ;
#2110 = EDGE_CURVE ( 'NONE', #4613, #2976, #2027, .T. ) ;
#2111 = SURFACE_STYLE_FILL_AREA ( #281 ) ;
#2112 = CARTESIAN_POINT ( 'NONE',  ( 1.940000000000000613, 6.299999999999999822, -0.1283333333333334936 ) ) ;
#2113 = CIRCLE ( 'NONE', #5465, 0.1999999999999996503 ) ;
#2114 = ORIENTED_EDGE ( 'NONE', *, *, #3609, .F. ) ;
#2115 = CARTESIAN_POINT ( 'NONE',  ( 0.6000000000000005329, 6.299999999999999822, -0.3849999999999999534 ) ) ;
#2116 = DIRECTION ( 'NONE',  ( 1.121588454295349533E-16, -1.000000000000000000, 0.000000000000000000 ) ) ;
#2117 = CARTESIAN_POINT ( 'NONE',  ( 0.4999999999999985012, 6.084152315493285279, -0.3500000000000000333 ) ) ;
#2118 = SURFACE_STYLE_FILL_AREA ( #2552 ) ;
#2119 = ORIENTED_EDGE ( 'NONE', *, *, #587, .T. ) ;
#2120 = VECTOR ( 'NONE', #1572, 1000.000000000000000 ) ;
#2121 = CARTESIAN_POINT ( 'NONE',  ( 3.185466478527304801, 3.877691542223586030, 0.3500000000000000888 ) ) ;
#2122 = PLANE ( 'NONE',  #4231 ) ;
#2123 = ORIENTED_EDGE ( 'NONE', *, *, #5207, .T. ) ;
#2124 = DIRECTION ( 'NONE',  ( -1.000000000000000000, 0.000000000000000000, 0.000000000000000000 ) ) ;
#2125 = PLANE ( 'NONE',  #1545 ) ;
#2126 = CIRCLE ( 'NONE', #5765, 0.3000000000000000444 ) ;
#2127 = FILL_AREA_STYLE_COLOUR ( '', #3605 ) ;
#2128 = PRESENTATION_LAYER_ASSIGNMENT (  '', '', ( #3923 ) ) ;
#2129 = FACE_OUTER_BOUND ( 'NONE', #3180, .T. ) ;
#2130 = CARTESIAN_POINT ( 'NONE',  ( 3.327162253657094393, 5.777005459572332136, 0.3500000000000000888 ) ) ;
#2131 = PRESENTATION_LAYER_ASSIGNMENT (  '', '', ( #979 ) ) ;
#2132 = DIRECTION ( 'NONE',  ( 1.000000000000000000, 1.084202172485504434E-16, 0.000000000000000000 ) ) ;
#2133 = VERTEX_POINT ( 'NONE', #874 ) ;
#2134 = CARTESIAN_POINT ( 'NONE',  ( 3.540000000000000480, 1.121588454295350273E-16, 0.3499999999999999778 ) ) ;
#2135 = CARTESIAN_POINT ( 'NONE',  ( 0.8641973817703989535, 5.178803639424137017, 0.3500000000000000888 ) ) ;
#2136 = DIRECTION ( 'NONE',  ( -1.000000000000000000, -0.000000000000000000, -0.000000000000000000 ) ) ;
#2137 = ORIENTED_EDGE ( 'NONE', *, *, #742, .F. ) ;
#2138 = CARTESIAN_POINT ( 'NONE',  ( 0.000000000000000000, -3.000000000000000000, 0.3499999999999999778 ) ) ;
#2139 = MECHANICAL_DESIGN_GEOMETRIC_PRESENTATION_REPRESENTATION (  '', ( #5098 ), #3092 ) ;
#2140 = ORIENTED_EDGE ( 'NONE', *, *, #3948, .T. ) ;
#2141 = DIRECTION ( 'NONE',  ( 0.000000000000000000, 0.000000000000000000, 1.000000000000000000 ) ) ;
#2142 = CARTESIAN_POINT ( 'NONE',  ( 4.080000000000000071, 6.500000000000000888, -0.3500000000000010880 ) ) ;
#2143 = LINE ( 'NONE', #398, #3900 ) ;
#2144 = ADVANCED_FACE ( 'NONE', ( #703 ), #3414, .F. ) ;
#2145 = DIRECTION ( 'NONE',  ( -0.000000000000000000, -1.000000000000000000, 1.668003342285392044E-16 ) ) ;
#2146 = EDGE_CURVE ( 'NONE', #3828, #1287, #5848, .T. ) ;
#2147 = UNCERTAINTY_MEASURE_WITH_UNIT (LENGTH_MEASURE( 1.000000000000000082E-05 ), #5773, 'distance_accuracy_value', 'NONE');
#2148 = SURFACE_STYLE_FILL_AREA ( #5805 ) ;
#2149 = EDGE_LOOP ( 'NONE', ( #1738, #1255, #507, #1837 ) ) ;
#2150 = VECTOR ( 'NONE', #4628, 1000.000000000000000 ) ;
#2151 = CARTESIAN_POINT ( 'NONE',  ( 5.866052886485987550, 5.783587059575307165, -0.3500000000000000888 ) ) ;
#2152 = CARTESIAN_POINT ( 'NONE',  ( 0.3218457338839795234, 5.626229152235330488, 0.3499999999999999778 ) ) ;
#2153 = ORIENTED_EDGE ( 'NONE', *, *, #3809, .T. ) ;
#2154 = PRESENTATION_STYLE_ASSIGNMENT (( #803 ) ) ;
#2155 = FACE_OUTER_BOUND ( 'NONE', #5240, .T. ) ;
#2156 = CARTESIAN_POINT ( 'NONE',  ( 2.187475984454220423, 5.732672356334980179, 0.3499999999999999778 ) ) ;
#2157 = VERTEX_POINT ( 'NONE', #5877 ) ;
#2158 = CARTESIAN_POINT ( 'NONE',  ( 4.080000000000000071, 1.800000000000000488, 0.3499999999999999778 ) ) ;
#2159 =( NAMED_UNIT ( * ) SI_UNIT ( $, .STERADIAN. ) SOLID_ANGLE_UNIT ( ) );
#2160 = ORIENTED_EDGE ( 'NONE', *, *, #1792, .T. ) ;
#2161 = DIRECTION ( 'NONE',  ( -1.000000000000000000, 0.000000000000000000, 0.000000000000000000 ) ) ;
#2162 = CARTESIAN_POINT ( 'NONE',  ( 6.080000000000000959, 6.299999999999999822, -0.3850000000000000089 ) ) ;
#2163 = CARTESIAN_POINT ( 'NONE',  ( 3.540000000000000480, 1.121588454295350273E-16, -0.3499999999999999778 ) ) ;
#2164 = ORIENTED_EDGE ( 'NONE', *, *, #1077, .F. ) ;
#2165 = CARTESIAN_POINT ( 'NONE',  ( 2.890000000000001013, 1.084202172485506745E-17, -0.3499999999999999778 ) ) ;
#2166 = ADVANCED_FACE ( 'NONE', ( #3861 ), #5427, .T. ) ;
#2167 = ORIENTED_EDGE ( 'NONE', *, *, #2782, .T. ) ;
#2168 = EDGE_CURVE ( 'NONE', #2829, #2306, #2694, .T. ) ;
#2169 = CARTESIAN_POINT ( 'NONE',  ( 4.480000000000000426, 6.299999999999999822, -0.1283333333333334936 ) ) ;
#2170 = CARTESIAN_POINT ( 'NONE',  ( 0.3525240155457787239, 5.732672356334978403, 0.3499999999999999778 ) ) ;
#2171 = ORIENTED_EDGE ( 'NONE', *, *, #1117, .F. ) ;
#2172 = SURFACE_STYLE_USAGE ( .BOTH. , #5781 ) ;
#2173 = ORIENTED_EDGE ( 'NONE', *, *, #2219, .T. ) ;
#2174 = CARTESIAN_POINT ( 'NONE',  ( 5.815042010446086707, 6.043840788194751568, -0.3499999999999999223 ) ) ;
#2175 = LINE ( 'NONE', #295, #5872 ) ;
#2176 = ORIENTED_EDGE ( 'NONE', *, *, #2761, .T. ) ;
#2177 = CARTESIAN_POINT ( 'NONE',  ( 4.580000000000001847, 6.084152315493286167, -0.3499999999999999223 ) ) ;
#2178 = CARTESIAN_POINT ( 'NONE',  ( 2.040000000000001812, 6.084152315493286167, -0.3499999999999999223 ) ) ;
#2179 = ADVANCED_FACE ( 'NONE', ( #5683 ), #5086, .F. ) ;
#2180 = CIRCLE ( 'NONE', #2931, 0.2000000000000000944 ) ;
#2181 = LINE ( 'NONE', #3459, #5869 ) ;
#2182 = ORIENTED_EDGE ( 'NONE', *, *, #4955, .F. ) ;
#2183 = ADVANCED_FACE ( 'NONE', ( #2809 ), #3285, .F. ) ;
#2184 = CARTESIAN_POINT ( 'NONE',  ( 3.329603038017698857, 5.762359718948174780, 0.3499999999999999778 ) ) ;
#2185 = MECHANICAL_DESIGN_GEOMETRIC_PRESENTATION_REPRESENTATION (  '', ( #1427 ), #2093 ) ;
#2186 = EDGE_LOOP ( 'NONE', ( #2317, #1032, #5544, #2981, #2929, #3759, #20, #3520, #627, #4926, #4234, #5784, #2385, #4432, #5091, #824, #1799, #5913, #5820, #1265, #5383 ) ) ;
#2187 =( BOUNDED_SURFACE ( )  B_SPLINE_SURFACE ( 2, 3, ( 
 ( #1209, #1617, #5824, #3967 ),
 ( #5377, #1270, #285, #5716 ),
 ( #2115, #339, #3445, #1679 ) ),
 .UNSPECIFIED., .F., .F., .F. ) 
 B_SPLINE_SURFACE_WITH_KNOTS ( ( 3, 3 ),
 ( 4, 4 ),
 ( 0.000000000000000000, 1.000000000000000000 ),
 ( -0.0007349999999999999763, 3.500000000000000371E-05 ),
 .UNSPECIFIED. ) 
 GEOMETRIC_REPRESENTATION_ITEM ( )  RATIONAL_B_SPLINE_SURFACE ( (
 ( 1.000000000000000000, 1.000000000000000000, 1.000000000000000000, 1.000000000000000000),
 ( 0.7071067811865475727, 0.7071067811865475727, 0.7071067811865475727, 0.7071067811865475727),
 ( 1.000000000000000000, 1.000000000000000000, 1.000000000000000000, 1.000000000000000000) ) ) 
 REPRESENTATION_ITEM ( '' )  SURFACE ( )  );
#2188 =( GEOMETRIC_REPRESENTATION_CONTEXT ( 3 ) GLOBAL_UNCERTAINTY_ASSIGNED_CONTEXT ( ( #4236 ) ) GLOBAL_UNIT_ASSIGNED_CONTEXT ( ( #70, #957, #4920 ) ) REPRESENTATION_CONTEXT ( 'NONE', 'WORKASPACE' ) );
#2189 = CIRCLE ( 'NONE', #2001, 0.2999999999999999889 ) ;
#2190 = CARTESIAN_POINT ( 'NONE',  ( 3.240000000000000657, 0.8000000000000007105, 0.3499999999999999778 ) ) ;
#2191 = LINE ( 'NONE', #3574, #1254 ) ;
#2192 = EDGE_LOOP ( 'NONE', ( #2393, #882, #2164, #3229 ) ) ;
#2193 = CARTESIAN_POINT ( 'NONE',  ( -0.9336972550332069964, 4.293911919603389471, -0.3499999999999999778 ) ) ;
#2194 = DIRECTION ( 'NONE',  ( 0.000000000000000000, -3.097720492815727166E-16, -1.000000000000000000 ) ) ;
#2195 = ORIENTED_EDGE ( 'NONE', *, *, #4210, .T. ) ;
#2196 = CARTESIAN_POINT ( 'NONE',  ( -0.6867549326077613259, 8.000000000000000000, -0.6500000000000025757 ) ) ;
#2197 = PLANE ( 'NONE',  #2771 ) ;
#2198 = PRESENTATION_LAYER_ASSIGNMENT (  '', '', ( #2762 ) ) ;
#2199 = SURFACE_STYLE_USAGE ( .BOTH. , #4495 ) ;
#2200 = ORIENTED_EDGE ( 'NONE', *, *, #2747, .F. ) ;
#2201 = FILL_AREA_STYLE_COLOUR ( '', #5918 ) ;
#2202 = ORIENTED_EDGE ( 'NONE', *, *, #1301, .F. ) ;
#2203 = AXIS2_PLACEMENT_3D ( 'NONE', #2830, #622, #3311 ) ;
#2204 = AXIS2_PLACEMENT_3D ( 'NONE', #3565, #3598, #2805 ) ;
#2205 = LINE ( 'NONE', #5865, #2318 ) ;
#2206 = ORIENTED_EDGE ( 'NONE', *, *, #352, .F. ) ;
#2207 = CARTESIAN_POINT ( 'NONE',  ( 0.3252558198818050195, 5.589454083063163381, -0.3499999999999999778 ) ) ;
#2208 = LINE ( 'NONE', #3532, #5844 ) ;
#2209 = COLOUR_RGB ( '',0.8313725490196077761, 0.6705882352941175961, 0.1294117647058823373 ) ;
#2210 = PRODUCT ( '100mill Female Pin Header_3P_Gr', '100mill Female Pin Header_3P_Gr', '', ( #2389 ) ) ;
#2211 = CARTESIAN_POINT ( 'NONE',  ( 4.930000000000001492, -3.000000000000000000, 0.3499999999999999778 ) ) ;
#2212 = DIRECTION ( 'NONE',  ( 0.000000000000000000, 3.097720492815727166E-16, 1.000000000000000000 ) ) ;
#2213 = MECHANICAL_DESIGN_GEOMETRIC_PRESENTATION_REPRESENTATION (  '', ( #3250 ), #1555 ) ;
#2214 = ORIENTED_EDGE ( 'NONE', *, *, #2601, .F. ) ;
#2215 = FILL_AREA_STYLE_COLOUR ( '', #5263 ) ;
#2216 = EDGE_CURVE ( 'NONE', #4549, #3708, #3167, .T. ) ;
#2217 = CARTESIAN_POINT ( 'NONE',  ( -1.469999999999999973, 0.000000000000000000, 1.199999999999999956 ) ) ;
#2218 = SURFACE_STYLE_USAGE ( .BOTH. , #40 ) ;
#2219 = EDGE_CURVE ( 'NONE', #2440, #2521, #5114, .T. ) ;
#2220 = VERTEX_POINT ( 'NONE', #1814 ) ;
#2221 =( NAMED_UNIT ( * ) PLANE_ANGLE_UNIT ( ) SI_UNIT ( $, .RADIAN. ) );
#2222 = FACE_OUTER_BOUND ( 'NONE', #4983, .T. ) ;
#2223 = CARTESIAN_POINT ( 'NONE',  ( 0.9455177966741296069, 4.067306563708456224, 0.3500000000000000333 ) ) ;
#2224 = CARTESIAN_POINT ( 'NONE',  ( 1.540000000000000036, 0.5000000000000002220, 0.3499999999999998668 ) ) ;
#2225 = EDGE_LOOP ( 'NONE', ( #3406, #4325, #2114, #4603 ) ) ;
#2226 = AXIS2_PLACEMENT_3D ( 'NONE', #5028, #2249, #2776 ) ;
#2227 = CARTESIAN_POINT ( 'NONE',  ( 4.120000584798286347, 3.767448265748938763, -0.3499999999999999778 ) ) ;
#2228 = ORIENTED_EDGE ( 'NONE', *, *, #352, .T. ) ;
#2229 = CARTESIAN_POINT ( 'NONE',  ( 1.756229430279611314, 5.796998266909028530, 0.3499999999999999223 ) ) ;
#2230 = CARTESIAN_POINT ( 'NONE',  ( -0.6867549326077613259, 8.000000000000000000, 0.6500000000000000222 ) ) ;
#2231 = CARTESIAN_POINT ( 'NONE',  ( 0.4999999999999985012, 6.299999999999999822, -0.3499999999999999778 ) ) ;
#2232 = ORIENTED_EDGE ( 'NONE', *, *, #5850, .T. ) ;
#2233 = CARTESIAN_POINT ( 'NONE',  ( 0.6454664785273048766, 3.877691542223585142, 0.3500000000000000333 ) ) ;
#2234 = ORIENTED_EDGE ( 'NONE', *, *, #3650, .T. ) ;
#2235 = VECTOR ( 'NONE', #1280, 1000.000000000000000 ) ;
#2236 = LINE ( 'NONE', #30, #887 ) ;
#2237 = ORIENTED_EDGE ( 'NONE', *, *, #5510, .F. ) ;
#2238 = CARTESIAN_POINT ( 'NONE',  ( -0.6867549326077613259, 6.500000000000000888, 0.3499999999999989231 ) ) ;
#2239 = CARTESIAN_POINT ( 'NONE',  ( 5.230000000000002203, -3.000000000000000000, -0.3499999999999999778 ) ) ;
#2240 = CARTESIAN_POINT ( 'NONE',  ( -0.3525240155457798341, 5.732672356334980179, -0.3499999999999999778 ) ) ;
#2241 = LINE ( 'NONE', #4165, #594 ) ;
#2242 = ORIENTED_EDGE ( 'NONE', *, *, #2049, .T. ) ;
#2243 = DIRECTION ( 'NONE',  ( 0.000000000000000000, -1.000000000000000000, 0.000000000000000000 ) ) ;
#2244 = ADVANCED_FACE ( 'NONE', ( #4598 ), #3637, .T. ) ;
#2245 = CARTESIAN_POINT ( 'NONE',  ( 4.434533521472694417, 3.877691542223590471, 0.3499999999999999778 ) ) ;
#2246 = CARTESIAN_POINT ( 'NONE',  ( 5.405255819881805479, 5.589454083063163381, -0.3499999999999999778 ) ) ;
#2247 = ORIENTED_EDGE ( 'NONE', *, *, #1962, .F. ) ;
#2248 = ADVANCED_FACE ( 'NONE', ( #1902 ), #1389, .F. ) ;
#2249 = DIRECTION ( 'NONE',  ( 0.000000000000000000, -1.000000000000000000, 0.000000000000000000 ) ) ;
#2250 = DIRECTION ( 'NONE',  ( 0.000000000000000000, 0.000000000000000000, -1.000000000000000000 ) ) ;
#2251 = LINE ( 'NONE', #3963, #479 ) ;
#2252 = SURFACE_SIDE_STYLE ('',( #905 ) ) ;
#2253 = VERTEX_POINT ( 'NONE', #1044 ) ;
#2254 = EDGE_CURVE ( 'NONE', #3055, #2674, #1980, .T. ) ;
#2255 = EDGE_CURVE ( 'NONE', #27, #5823, #1958, .T. ) ;
#2256 = ORIENTED_EDGE ( 'NONE', *, *, #5587, .F. ) ;
#2257 = FACE_OUTER_BOUND ( 'NONE', #5380, .T. ) ;
#2258 = CARTESIAN_POINT ( 'NONE',  ( -0.5999999999999995337, 6.299999999999999822, -0.1166666666666667518 ) ) ;
#2259 = CARTESIAN_POINT ( 'NONE',  ( 4.222161437416073859, 5.240363704784011922, 0.3500000000000000888 ) ) ;
#2260 = ORIENTED_EDGE ( 'NONE', *, *, #5168, .T. ) ;
#2261 = FACE_OUTER_BOUND ( 'NONE', #2524, .T. ) ;
#2262 = VERTEX_POINT ( 'NONE', #4657 ) ;
#2263 = EDGE_CURVE ( 'NONE', #4343, #3954, #5143, .T. ) ;
#2264 = CARTESIAN_POINT ( 'NONE',  ( -1.469999999999999973, 0.000000000000000000, -1.199999999999999956 ) ) ;
#2265 = CARTESIAN_POINT ( 'NONE',  ( -0.4481930454221425553, 5.884855341312109189, -0.3499999999999999223 ) ) ;
#2266 = EDGE_LOOP ( 'NONE', ( #1485, #89, #768, #480 ) ) ;
#2267 = CARTESIAN_POINT ( 'NONE',  ( 2.190000000000000835, -2.800000000000001155, -0.3499999999999999778 ) ) ;
#2268 = CARTESIAN_POINT ( 'NONE',  ( 2.189999999999999947, 8.199999999999999289, 0.3499999999999999778 ) ) ;
#2269 = CARTESIAN_POINT ( 'NONE',  ( 6.080000000000000071, 1.800000000000000488, 0.3499999999999999778 ) ) ;
#2270 = EDGE_LOOP ( 'NONE', ( #5437, #1992, #2344, #1467 ) ) ;
#2271 = DIRECTION ( 'NONE',  ( 1.000000000000000000, 0.000000000000000000, 0.000000000000000000 ) ) ;
#2272 = SURFACE_STYLE_FILL_AREA ( #4999 ) ;
#2273 = AXIS2_PLACEMENT_3D ( 'NONE', #5769, #748, #5304 ) ;
#2274 =( NAMED_UNIT ( * ) PLANE_ANGLE_UNIT ( ) SI_UNIT ( $, .RADIAN. ) );
#2275 = PRESENTATION_STYLE_ASSIGNMENT (( #4028 ) ) ;
#2276 = COLOUR_RGB ( '',0.8313725490196077761, 0.6705882352941175961, 0.1294117647058823373 ) ;
#2277 =( GEOMETRIC_REPRESENTATION_CONTEXT ( 3 ) GLOBAL_UNCERTAINTY_ASSIGNED_CONTEXT ( ( #4841 ) ) GLOBAL_UNIT_ASSIGNED_CONTEXT ( ( #4819, #1250, #4466 ) ) REPRESENTATION_CONTEXT ( 'NONE', 'WORKASPACE' ) );
#2278 = DIRECTION ( 'NONE',  ( 0.000000000000000000, 0.000000000000000000, 1.000000000000000000 ) ) ;
#2279 = DIRECTION ( 'NONE',  ( 0.000000000000000000, 0.000000000000000000, -1.000000000000000000 ) ) ;
#2280 = VERTEX_POINT ( 'NONE', #4266 ) ;
#2281 = STYLED_ITEM ( 'NONE', ( #702 ), #5134 ) ;
#2282 =( GEOMETRIC_REPRESENTATION_CONTEXT ( 3 ) GLOBAL_UNCERTAINTY_ASSIGNED_CONTEXT ( ( #523 ) ) GLOBAL_UNIT_ASSIGNED_CONTEXT ( ( #2299, #1433, #58 ) ) REPRESENTATION_CONTEXT ( 'NONE', 'WORKASPACE' ) );
#2283 = PLANE ( 'NONE',  #1874 ) ;
#2284 = ORIENTED_EDGE ( 'NONE', *, *, #2814, .F. ) ;
#2285 = CARTESIAN_POINT ( 'NONE',  ( 2.890000000000001013, -2.800000000000001155, -0.3499999999999999778 ) ) ;
#2286 = DIRECTION ( 'NONE',  ( 0.000000000000000000, 3.097720492815727166E-16, 1.000000000000000000 ) ) ;
#2287 =( NAMED_UNIT ( * ) SI_UNIT ( $, .STERADIAN. ) SOLID_ANGLE_UNIT ( ) );
#2288 = VECTOR ( 'NONE', #4908, 1000.000000000000000 ) ;
#2289 = ORIENTED_EDGE ( 'NONE', *, *, #2263, .F. ) ;
#2290 = MECHANICAL_DESIGN_GEOMETRIC_PRESENTATION_REPRESENTATION (  '', ( #3025 ), #1829 ) ;
#2291 = EDGE_CURVE ( 'NONE', #2157, #917, #2866, .T. ) ;
#2292 = MANIFOLD_SOLID_BREP ( 'LPattern18[2]', #560 ) ;
#2293 = CARTESIAN_POINT ( 'NONE',  ( 1.540000000000000036, 6.500000000000000888, -0.3500000000000010880 ) ) ;
#2294 = VERTEX_POINT ( 'NONE', #593 ) ;
#2295 = DIRECTION ( 'NONE',  ( 0.000000000000000000, -1.668003342285391551E-16, -1.000000000000000000 ) ) ;
#2296 = STYLED_ITEM ( 'NONE', ( #5058 ), #5658 ) ;
#2297 = CARTESIAN_POINT ( 'NONE',  ( 6.080000000000000071, 6.500000000000000888, 0.3499999999999989231 ) ) ;
#2298 = EDGE_LOOP ( 'NONE', ( #4150, #5504, #5255, #4375 ) ) ;
#2299 =( LENGTH_UNIT ( ) NAMED_UNIT ( * ) SI_UNIT ( .MILLI., .METRE. ) );
#2300 = FILL_AREA_STYLE ('',( #3628 ) ) ;
#2301 = VECTOR ( 'NONE', #3484, 1000.000000000000000 ) ;
#2302 = VECTOR ( 'NONE', #5533, 1000.000000000000000 ) ;
#2303 = CARTESIAN_POINT ( 'NONE',  ( -0.4999999999999985012, 6.299999999999999822, -0.3499999999999999778 ) ) ;
#2304 = MANIFOLD_SOLID_BREP ( 'LPattern18[1]', #4185 ) ;
#2305 = CARTESIAN_POINT ( 'NONE',  ( -0.3500000000000000333, 8.000000000000000000, 0.3499999999999999778 ) ) ;
#2306 = VERTEX_POINT ( 'NONE', #165 ) ;
#2307 = FACE_OUTER_BOUND ( 'NONE', #2270, .T. ) ;
#2308 = MECHANICAL_DESIGN_GEOMETRIC_PRESENTATION_REPRESENTATION (  '', ( #4583 ), #5656 ) ;
#2309 = EDGE_CURVE ( 'NONE', #4946, #4953, #206, .T. ) ;
#2310 = CARTESIAN_POINT ( 'NONE',  ( 6.080000000000000071, 0.5000000000000000000, -0.3500000000000000888 ) ) ;
#2311 = FACE_OUTER_BOUND ( 'NONE', #2600, .T. ) ;
#2312 = AXIS2_PLACEMENT_3D ( 'NONE', #247, #5246, #2020 ) ;
#2313 =( NAMED_UNIT ( * ) SI_UNIT ( $, .STERADIAN. ) SOLID_ANGLE_UNIT ( ) );
#2314 =( LENGTH_UNIT ( ) NAMED_UNIT ( * ) SI_UNIT ( .MILLI., .METRE. ) );
#2315 = CARTESIAN_POINT ( 'NONE',  ( 1.540000000000000036, 6.500000000000000888, -0.3500000000000010880 ) ) ;
#2316 = PRESENTATION_LAYER_ASSIGNMENT (  '', '', ( #686 ) ) ;
#2317 = ORIENTED_EDGE ( 'NONE', *, *, #1492, .F. ) ;
#2318 = VECTOR ( 'NONE', #1773, 1000.000000000000000 ) ;
#2319 = CARTESIAN_POINT ( 'NONE',  ( 4.287514633686703824, 5.744802409713121172, -0.3499999999999999778 ) ) ;
#2320 = VERTEX_POINT ( 'NONE', #133 ) ;
#2321 = CARTESIAN_POINT ( 'NONE',  ( 1.662471447568717453, 5.050332720358726490, 0.3499999999999999223 ) ) ;
#2322 = CARTESIAN_POINT ( 'NONE',  ( -0.9999999999999995559, 1.800000000000000488, 0.1283333333333336046 ) ) ;
#2323 = CARTESIAN_POINT ( 'NONE',  ( 4.224309810834100176, 5.260692584315934894, 0.3499999999999999778 ) ) ;
#2324 = ORIENTED_EDGE ( 'NONE', *, *, #5723, .T. ) ;
#2325 =( GEOMETRIC_REPRESENTATION_CONTEXT ( 3 ) GLOBAL_UNCERTAINTY_ASSIGNED_CONTEXT ( ( #1100 ) ) GLOBAL_UNIT_ASSIGNED_CONTEXT ( ( #1446, #1012, #2313 ) ) REPRESENTATION_CONTEXT ( 'NONE', 'WORKASPACE' ) );
#2326 = CARTESIAN_POINT ( 'NONE',  ( 4.393245067392238745, 6.500000000000000888, 0.3499999999999989231 ) ) ;
#2327 = CARTESIAN_POINT ( 'NONE',  ( 5.579999999999999183, 6.084152315493285279, -0.3500000000000000333 ) ) ;
#2328 = DIRECTION ( 'NONE',  ( 0.000000000000000000, -1.668003342285391551E-16, -1.000000000000000000 ) ) ;
#2329 = ORIENTED_EDGE ( 'NONE', *, *, #4110, .T. ) ;
#2330 = DIRECTION ( 'NONE',  ( 3.097720492815726426E-17, -1.000000000000000000, 0.000000000000000000 ) ) ;
#2331 = COLOUR_RGB ( '',0.8313725490196077761, 0.6705882352941175961, 0.1294117647058823373 ) ;
#2332 = DIRECTION ( 'NONE',  ( 0.000000000000000000, 3.097720492815727166E-16, 1.000000000000000000 ) ) ;
#2333 = CARTESIAN_POINT ( 'NONE',  ( 3.226754932607761361, 0.5000000000000000000, -0.6500000000000013545 ) ) ;
#2334 = ADVANCED_FACE ( 'NONE', ( #5670 ), #4301, .F. ) ;
#2335 = ORIENTED_EDGE ( 'NONE', *, *, #3583, .F. ) ;
#2336 = PLANE ( 'NONE',  #4676 ) ;
#2337 = VECTOR ( 'NONE', #1082, 1000.000000000000000 ) ;
#2338 = CARTESIAN_POINT ( 'NONE',  ( 2.890000000000000124, 8.199999999999999289, 0.3499999999999999778 ) ) ;
#2339 = DIRECTION ( 'NONE',  ( 0.000000000000000000, 1.000000000000000000, 0.000000000000000000 ) ) ;
#2340 = CARTESIAN_POINT ( 'NONE',  ( -0.9452969371955460831, 4.071564961060444965, -0.3500000000000000333 ) ) ;
#2341 = PRESENTATION_STYLE_ASSIGNMENT (( #442 ) ) ;
#2342 = CARTESIAN_POINT ( 'NONE',  ( 4.580000000000001847, 6.299999999999999822, 0.3499999999999999778 ) ) ;
#2343 = SURFACE_STYLE_FILL_AREA ( #1323 ) ;
#2344 = ORIENTED_EDGE ( 'NONE', *, *, #1554, .F. ) ;
#2345 = PRESENTATION_STYLE_ASSIGNMENT (( #509 ) ) ;
#2346 = ORIENTED_EDGE ( 'NONE', *, *, #413, .F. ) ;
#2347 =( NAMED_UNIT ( * ) SI_UNIT ( $, .STERADIAN. ) SOLID_ANGLE_UNIT ( ) );
#2348 = ORIENTED_EDGE ( 'NONE', *, *, #4936, .T. ) ;
#2349 = CARTESIAN_POINT ( 'NONE',  ( 5.432524015545779683, 5.732672356334978403, 0.3499999999999999778 ) ) ;
#2350 = PRESENTATION_STYLE_ASSIGNMENT (( #5155 ) ) ;
#2351 = DIRECTION ( 'NONE',  ( 0.000000000000000000, 0.000000000000000000, 1.000000000000000000 ) ) ;
#2352 = ORIENTED_EDGE ( 'NONE', *, *, #5554, .T. ) ;
#2353 = CARTESIAN_POINT ( 'NONE',  ( -0.9999999999999995559, 1.800000000000000488, -0.3499999999999999778 ) ) ;
#2354 = ORIENTED_EDGE ( 'NONE', *, *, #5467, .T. ) ;
#2355 = CARTESIAN_POINT ( 'NONE',  ( 6.080000000000000959, 2.207665535523691602, 0.3500000000000000333 ) ) ;
#2356 = EDGE_LOOP ( 'NONE', ( #4194, #3509, #3289, #2140, #3455, #665, #2855, #5403, #1908, #1654, #2746, #3295, #2615, #994, #4004, #3235 ) ) ;
#2357 = LINE ( 'NONE', #4594, #1840 ) ;
#2358 = CARTESIAN_POINT ( 'NONE',  ( -0.8615757348916230907, 5.204467366490685087, -0.3499999999999999223 ) ) ;
#2359 = SURFACE_SIDE_STYLE ('',( #1354 ) ) ;
#2360 = LINE ( 'NONE', #444, #5468 ) ;
#2361 = ORIENTED_EDGE ( 'NONE', *, *, #350, .F. ) ;
#2362 =( BOUNDED_SURFACE ( )  B_SPLINE_SURFACE ( 3, 1, ( 
 ( #345, #3972 ),
 ( #324, #5753 ),
 ( #5291, #5229 ),
 ( #2088, #5264 ),
 ( #1158, #2977 ),
 ( #2121, #3870 ),
 ( #3452, #4411 ) ),
 .UNSPECIFIED., .F., .F., .F. ) 
 B_SPLINE_SURFACE_WITH_KNOTS ( ( 4, 3, 4 ),
 ( 2, 2 ),
 ( 0.000000000000000000, 0.5000000000000000000, 1.000000000000000000 ),
 ( 0.000000000000000000, 1.000000000000000000 ),
 .UNSPECIFIED. ) 
 GEOMETRIC_REPRESENTATION_ITEM ( )  RATIONAL_B_SPLINE_SURFACE ( (
 ( 1.000000000000000000, 1.000000000000000000),
 ( 0.5953481791230077480, 0.5953481791230077480),
 ( 0.5953481791230077480, 0.5953481791230077480),
 ( 1.000000000000000000, 1.000000000000000000),
 ( 0.5953481791230079700, 0.5953481791230079700),
 ( 0.5953481791230079700, 0.5953481791230079700),
 ( 1.000000000000000000, 1.000000000000000000) ) ) 
 REPRESENTATION_ITEM ( '' )  SURFACE ( )  );
#2363 = VECTOR ( 'NONE', #1951, 1000.000000000000000 ) ;
#2364 = ORIENTED_EDGE ( 'NONE', *, *, #2514, .F. ) ;
#2365 = CARTESIAN_POINT ( 'NONE',  ( 0.7837705697203947164, 5.796998266909027642, -0.3499999999999999778 ) ) ;
#2366 = CARTESIAN_POINT ( 'NONE',  ( -0.9999999999999996669, 6.299999999999999822, 0.3850000000000000089 ) ) ;
#2367 = DIRECTION ( 'NONE',  ( -1.000000000000000000, -1.084202172485504434E-16, 0.000000000000000000 ) ) ;
#2368 = ORIENTED_EDGE ( 'NONE', *, *, #970, .T. ) ;
#2369 = PRESENTATION_LAYER_ASSIGNMENT (  '', '', ( #1432 ) ) ;
#2370 =( GEOMETRIC_REPRESENTATION_CONTEXT ( 3 ) GLOBAL_UNCERTAINTY_ASSIGNED_CONTEXT ( ( #1187 ) ) GLOBAL_UNIT_ASSIGNED_CONTEXT ( ( #5003, #443, #3607 ) ) REPRESENTATION_CONTEXT ( 'NONE', 'WORKASPACE' ) );
#2371 = CARTESIAN_POINT ( 'NONE',  ( 1.000000000000000444, 1.800000000000000488, 0.1166666666666665853 ) ) ;
#2372 = LINE ( 'NONE', #146, #4990 ) ;
#2373 = FACE_OUTER_BOUND ( 'NONE', #2907, .T. ) ;
#2374 = ORIENTED_EDGE ( 'NONE', *, *, #5589, .T. ) ;
#2375 = COLOUR_RGB ( '',0.8313725490196077761, 0.6705882352941175961, 0.1294117647058823373 ) ;
#2376 = CARTESIAN_POINT ( 'NONE',  ( 0.3500000000000000333, 0.000000000000000000, 0.3499999999999999778 ) ) ;
#2377 = AXIS2_PLACEMENT_3D ( 'NONE', #3472, #5256, #2141 ) ;
#2378 = CARTESIAN_POINT ( 'NONE',  ( 3.380388738771240575, 5.398486016527106912, -0.3500000000000000333 ) ) ;
#2379 = CARTESIAN_POINT ( 'NONE',  ( -0.8578385625839258788, 5.240363704784013699, 0.3500000000000000333 ) ) ;
#2380 = ORIENTED_EDGE ( 'NONE', *, *, #2856, .F. ) ;
#2381 = VECTOR ( 'NONE', #445, 1000.000000000000000 ) ;
#2382 = UNCERTAINTY_MEASURE_WITH_UNIT (LENGTH_MEASURE( 1.000000000000000082E-05 ), #1385, 'distance_accuracy_value', 'NONE');
#2383 = LINE ( 'NONE', #2035, #5571 ) ;
#2384 = UNCERTAINTY_MEASURE_WITH_UNIT (LENGTH_MEASURE( 1.000000000000000082E-05 ), #5125, 'distance_accuracy_value', 'NONE');
#2385 = ORIENTED_EDGE ( 'NONE', *, *, #4647, .T. ) ;
#2386 = AXIS2_PLACEMENT_3D ( 'NONE', #4334, #170, #5238 ) ;
#2387 = UNCERTAINTY_MEASURE_WITH_UNIT (LENGTH_MEASURE( 1.000000000000000082E-05 ), #539, 'distance_accuracy_value', 'NONE');
#2388 = PRESENTATION_LAYER_ASSIGNMENT (  '', '', ( #5361 ) ) ;
#2389 = PRODUCT_CONTEXT ( 'NONE', #1976, 'mechanical' ) ;
#2390 = UNCERTAINTY_MEASURE_WITH_UNIT (LENGTH_MEASURE( 1.000000000000000082E-05 ), #1507, 'distance_accuracy_value', 'NONE');
#2391 = VECTOR ( 'NONE', #1073, 1000.000000000000000 ) ;
#2392 = PRESENTATION_LAYER_ASSIGNMENT (  '', '', ( #2963 ) ) ;
#2393 = ORIENTED_EDGE ( 'NONE', *, *, #3631, .F. ) ;
#2394 = LINE ( 'NONE', #2315, #2396 ) ;
#2395 = CARTESIAN_POINT ( 'NONE',  ( 1.593063051753866866, 4.039780281224067515, -0.3500000000000000333 ) ) ;
#2396 = VECTOR ( 'NONE', #3196, 1000.000000000000000 ) ;
#2397 = FACE_OUTER_BOUND ( 'NONE', #5495, .T. ) ;
#2398 = MECHANICAL_DESIGN_GEOMETRIC_PRESENTATION_REPRESENTATION (  '', ( #686 ), #393 ) ;
#2399 = VERTEX_POINT ( 'NONE', #1167 ) ;
#2400 = DIRECTION ( 'NONE',  ( 1.000000000000000000, 1.084202172485504434E-16, 0.000000000000000000 ) ) ;
#2401 = CARTESIAN_POINT ( 'NONE',  ( -0.5999999999999996447, 6.299999999999999822, 0.1283333333333336046 ) ) ;
#2402 = ORIENTED_EDGE ( 'NONE', *, *, #789, .T. ) ;
#2403 = FILL_AREA_STYLE ('',( #1584 ) ) ;
#2404 = VECTOR ( 'NONE', #4186, 1000.000000000000000 ) ;
#2405 = CYLINDRICAL_SURFACE ( 'NONE', #3830, 0.2999999999999999889 ) ;
#2406 = FILL_AREA_STYLE ('',( #3389 ) ) ;
#2407 = ORIENTED_EDGE ( 'NONE', *, *, #4607, .F. ) ;
#2408 = LINE ( 'NONE', #1993, #5828 ) ;
#2409 = CARTESIAN_POINT ( 'NONE',  ( 3.464058140717155343, 4.443591676420198588, -0.3499999999999999778 ) ) ;
#2410 = VECTOR ( 'NONE', #667, 1000.000000000000000 ) ;
#2411 = CARTESIAN_POINT ( 'NONE',  ( -0.9442769795120112830, 4.091073788932124700, 0.3500000000000000888 ) ) ;
#2412 = EDGE_LOOP ( 'NONE', ( #1765, #5925, #1060, #4530, #3246, #3988, #1771, #5411 ) ) ;
#2413 = CARTESIAN_POINT ( 'NONE',  ( 5.889502423613084403, 5.635051924204144136, 0.3499999999999999778 ) ) ;
#2414 = ORIENTED_EDGE ( 'NONE', *, *, #5657, .T. ) ;
#2415 = CARTESIAN_POINT ( 'NONE',  ( 0.000000000000000000, 6.299999999999999822, 0.3499999999999999778 ) ) ;
#2416 =( NAMED_UNIT ( * ) PLANE_ANGLE_UNIT ( ) SI_UNIT ( $, .RADIAN. ) );
#2417 = AXIS2_PLACEMENT_3D ( 'NONE', #5591, #4612, #4740 ) ;
#2418 = ORIENTED_EDGE ( 'NONE', *, *, #4955, .T. ) ;
#2419 = CARTESIAN_POINT ( 'NONE',  ( 3.371453400084237551, 5.476966929918533289, 0.3499999999999999223 ) ) ;
#2420 = CARTESIAN_POINT ( 'NONE',  ( 1.587276676835969624, 3.923639721076772613, -0.3500000000000000333 ) ) ;
#2421 = PRESENTATION_LAYER_ASSIGNMENT (  '', '', ( #5098 ) ) ;
#2422 = EDGE_CURVE ( 'NONE', #1862, #2253, #5761, .T. ) ;
#2423 = DIRECTION ( 'NONE',  ( 0.000000000000000000, 0.000000000000000000, -1.000000000000000000 ) ) ;
#2424 = CARTESIAN_POINT ( 'NONE',  ( 4.729999999999999538, 8.199999999999999289, -0.3499999999999999778 ) ) ;
#2425 =( LENGTH_UNIT ( ) NAMED_UNIT ( * ) SI_UNIT ( .MILLI., .METRE. ) );
#2426 = FILL_AREA_STYLE_COLOUR ( '', #2775 ) ;
#2427 = FACE_OUTER_BOUND ( 'NONE', #57, .T. ) ;
#2428 = EDGE_LOOP ( 'NONE', ( #4905, #2915, #3556, #2841 ) ) ;
#2429 = ADVANCED_FACE ( 'NONE', ( #3536 ), #5391, .F. ) ;
#2430 = ADVANCED_FACE ( 'NONE', ( #3039 ), #1780, .F. ) ;
#2431 = DIRECTION ( 'NONE',  ( -0.000000000000000000, -0.000000000000000000, -1.000000000000000000 ) ) ;
#2432 = CYLINDRICAL_SURFACE ( 'NONE', #3930, 0.1999999999999999833 ) ;
#2433 = EDGE_CURVE ( 'NONE', #1200, #4230, #4824, .T. ) ;
#2434 = DIRECTION ( 'NONE',  ( -1.000000000000000000, 0.000000000000000000, 0.000000000000000000 ) ) ;
#2435 = ORIENTED_EDGE ( 'NONE', *, *, #944, .T. ) ;
#2436 =( NAMED_UNIT ( * ) PLANE_ANGLE_UNIT ( ) SI_UNIT ( $, .RADIAN. ) );
#2437 = CARTESIAN_POINT ( 'NONE',  ( 3.484695486956164601, 4.083092593512564150, -0.3499999999999999223 ) ) ;
#2438 = LINE ( 'NONE', #3333, #778 ) ;
#2439 = DIRECTION ( 'NONE',  ( -0.000000000000000000, -1.000000000000000000, 1.668003342285391551E-16 ) ) ;
#2440 = VERTEX_POINT ( 'NONE', #2989 ) ;
#2441 = DIRECTION ( 'NONE',  ( -0.000000000000000000, 1.000000000000000000, -0.000000000000000000 ) ) ;
#2442 = CARTESIAN_POINT ( 'NONE',  ( 5.746266211150817149, 6.298959448224883850, 0.3499999999999999223 ) ) ;
#2443 = EDGE_LOOP ( 'NONE', ( #3619, #5358, #1686, #5509 ) ) ;
#2444 = LINE ( 'NONE', #3428, #3032 ) ;
#2445 = DIRECTION ( 'NONE',  ( -0.000000000000000000, -0.000000000000000000, -1.000000000000000000 ) ) ;
#2446 = CYLINDRICAL_SURFACE ( 'NONE', #5054, 0.1999999999999996503 ) ;
#2447 = CARTESIAN_POINT ( 'NONE',  ( 3.140000000000000568, 6.299999999999999822, -0.3849999999999999534 ) ) ;
#2448 = ORIENTED_EDGE ( 'NONE', *, *, #1136, .F. ) ;
#2449 = CARTESIAN_POINT ( 'NONE',  ( 3.226754932607761361, 0.5000000000000000000, -0.6500000000000013545 ) ) ;
#2450 = CARTESIAN_POINT ( 'NONE',  ( 1.675802618229585317, 5.178803639423790628, -0.3500000000000000333 ) ) ;
#2451 = EDGE_LOOP ( 'NONE', ( #854, #3657, #3179, #5075, #4911, #2607, #4710, #4321 ) ) ;
#2452 = SURFACE_SIDE_STYLE ('',( #2784 ) ) ;
#2453 = FACE_OUTER_BOUND ( 'NONE', #5160, .T. ) ;
#2454 = SURFACE_STYLE_USAGE ( .BOTH. , #5640 ) ;
#2455 =( LENGTH_UNIT ( ) NAMED_UNIT ( * ) SI_UNIT ( .MILLI., .METRE. ) );
#2456 = EDGE_LOOP ( 'NONE', ( #199, #3030, #432, #5430 ) ) ;
#2457 = EDGE_CURVE ( 'NONE', #3880, #1678, #808, .T. ) ;
#2458 = CARTESIAN_POINT ( 'NONE',  ( 0.3500000000000000333, 8.000000000000000000, -0.3500000000000000333 ) ) ;
#2459 = SURFACE_STYLE_USAGE ( .BOTH. , #5614 ) ;
#2460 = VERTEX_POINT ( 'NONE', #5812 ) ;
#2461 = DIRECTION ( 'NONE',  ( -0.000000000000000000, -0.000000000000000000, -1.000000000000000000 ) ) ;
#2462 = SURFACE_SIDE_STYLE ('',( #2118 ) ) ;
#2463 =( GEOMETRIC_REPRESENTATION_CONTEXT ( 3 ) GLOBAL_UNCERTAINTY_ASSIGNED_CONTEXT ( ( #2802 ) ) GLOBAL_UNIT_ASSIGNED_CONTEXT ( ( #3008, #5809, #2649 ) ) REPRESENTATION_CONTEXT ( 'NONE', 'WORKASPACE' ) );
#2464 = CARTESIAN_POINT ( 'NONE',  ( 1.540000000000000036, 6.500000000000000888, 0.3499999999999989231 ) ) ;
#2465 = ORIENTED_EDGE ( 'NONE', *, *, #2000, .F. ) ;
#2466 = CARTESIAN_POINT ( 'NONE',  ( -1.000000000000000000, 0.5000000000000000000, -0.3500000000000000888 ) ) ;
#2467 = VECTOR ( 'NONE', #436, 1000.000000000000000 ) ;
#2468 = CARTESIAN_POINT ( 'NONE',  ( 5.430000000000000604, 8.000000000000000000, 0.3499999999999999778 ) ) ;
#2469 = VERTEX_POINT ( 'NONE', #4018 ) ;
#2470 = DIRECTION ( 'NONE',  ( -0.000000000000000000, 0.000000000000000000, 1.000000000000000000 ) ) ;
#2471 = SURFACE_STYLE_FILL_AREA ( #4350 ) ;
#2472 = EDGE_CURVE ( 'NONE', #1595, #2656, #2538, .T. ) ;
#2473 =( NAMED_UNIT ( * ) SI_UNIT ( $, .STERADIAN. ) SOLID_ANGLE_UNIT ( ) );
#2474 = STYLED_ITEM ( 'NONE', ( #3355 ), #5518 ) ;
#2475 = LINE ( 'NONE', #649, #460 ) ;
#2476 = LINE ( 'NONE', #4755, #4378 ) ;
#2477 =( NAMED_UNIT ( * ) SI_UNIT ( $, .STERADIAN. ) SOLID_ANGLE_UNIT ( ) );
#2478 = VECTOR ( 'NONE', #1702, 1000.000000000000000 ) ;
#2479 = VECTOR ( 'NONE', #3854, 1000.000000000000000 ) ;
#2480 = CARTESIAN_POINT ( 'NONE',  ( 3.428849546050877439, 4.917640708297875030, 0.3500000000000000333 ) ) ;
#2481 = LINE ( 'NONE', #626, #380 ) ;
#2482 = ORIENTED_EDGE ( 'NONE', *, *, #1570, .F. ) ;
#2483 = VECTOR ( 'NONE', #68, 1000.000000000000000 ) ;
#2484 = CARTESIAN_POINT ( 'NONE',  ( 4.729999999999999538, 8.199999999999999289, 0.3499999999999999778 ) ) ;
#2485 = EDGE_CURVE ( 'NONE', #3423, #440, #2095, .T. ) ;
#2486 = DIRECTION ( 'NONE',  ( -0.000000000000000000, -1.668003342285388099E-16, -1.000000000000000000 ) ) ;
#2487 = DIRECTION ( 'NONE',  ( -1.000000000000000000, -0.000000000000000000, -0.000000000000000000 ) ) ;
#2488 = CIRCLE ( 'NONE', #3346, 0.1999999999999999833 ) ;
#2489 = DIRECTION ( 'NONE',  ( -0.7071067811865461294, -0.7071067811865490160, 0.000000000000000000 ) ) ;
#2490 = VERTEX_POINT ( 'NONE', #4933 ) ;
#2491 = LINE ( 'NONE', #2547, #5047 ) ;
#2492 =( NAMED_UNIT ( * ) SI_UNIT ( $, .STERADIAN. ) SOLID_ANGLE_UNIT ( ) );
#2493 = ORIENTED_EDGE ( 'NONE', *, *, #510, .F. ) ;
#2494 = DIRECTION ( 'NONE',  ( 0.000000000000000000, 0.000000000000000000, -1.000000000000000000 ) ) ;
#2495 = CARTESIAN_POINT ( 'NONE',  ( 3.540000000000000480, 1.800000000000000488, -0.3499999999999999778 ) ) ;
#2496 = FACE_OUTER_BOUND ( 'NONE', #252, .T. ) ;
#2497 = DIRECTION ( 'NONE',  ( 1.000000000000000000, 0.000000000000000000, 0.000000000000000000 ) ) ;
#2498 = VECTOR ( 'NONE', #4913, 1000.000000000000000 ) ;
#2499 = CARTESIAN_POINT ( 'NONE',  ( 2.892524015545778759, 5.732672356334978403, -0.3499999999999999778 ) ) ;
#2500 = VERTEX_POINT ( 'NONE', #3906 ) ;
#2501 = PRODUCT_DEFINITION ( 'UNKNOWN', '', #1739, #2800 ) ;
#2502 = CARTESIAN_POINT ( 'NONE',  ( 5.401845733883980039, 5.626229152235330488, 0.3499999999999999778 ) ) ;
#2503 = VECTOR ( 'NONE', #922, 1000.000000000000000 ) ;
#2504 = VERTEX_POINT ( 'NONE', #1664 ) ;
#2505 = SURFACE_SIDE_STYLE ('',( #683 ) ) ;
#2506 = FILL_AREA_STYLE ('',( #2562 ) ) ;
#2507 = AXIS2_PLACEMENT_3D ( 'NONE', #3663, #4623, #3194 ) ;
#2508 = CARTESIAN_POINT ( 'NONE',  ( 0.6867549326077613259, 10.39117142264903570, -0.6500000000000030198 ) ) ;
#2509 = CARTESIAN_POINT ( 'NONE',  ( -0.3499999999999991451, 0.5000000000000005551, 0.3499999999999999778 ) ) ;
#2510 =( GEOMETRIC_REPRESENTATION_CONTEXT ( 3 ) GLOBAL_UNCERTAINTY_ASSIGNED_CONTEXT ( ( #4653 ) ) GLOBAL_UNIT_ASSIGNED_CONTEXT ( ( #3876, #5728, #2477 ) ) REPRESENTATION_CONTEXT ( 'NONE', 'WORKASPACE' ) );
#2511 = CARTESIAN_POINT ( 'NONE',  ( 5.430000000000000604, -2.800000000000001155, -0.3499999999999999778 ) ) ;
#2512 = DIRECTION ( 'NONE',  ( 0.000000000000000000, 0.000000000000000000, -1.000000000000000000 ) ) ;
#2513 = ORIENTED_EDGE ( 'NONE', *, *, #2838, .F. ) ;
#2514 = EDGE_CURVE ( 'NONE', #5043, #332, #1253, .T. ) ;
#2515 = AXIS2_PLACEMENT_3D ( 'NONE', #1248, #5316, #3426 ) ;
#2516 = DIRECTION ( 'NONE',  ( 0.000000000000000000, -1.000000000000000000, 1.668003342285391551E-16 ) ) ;
#2517 = CARTESIAN_POINT ( 'NONE',  ( 0.8578385625839363149, 5.240363704783927545, -0.3500000000000000333 ) ) ;
#2518 =( GEOMETRIC_REPRESENTATION_CONTEXT ( 3 ) GLOBAL_UNCERTAINTY_ASSIGNED_CONTEXT ( ( #2147 ) ) GLOBAL_UNIT_ASSIGNED_CONTEXT ( ( #5773, #1677, #4861 ) ) REPRESENTATION_CONTEXT ( 'NONE', 'WORKASPACE' ) );
#2519 = FILL_AREA_STYLE ('',( #142 ) ) ;
#2520 = UNCERTAINTY_MEASURE_WITH_UNIT (LENGTH_MEASURE( 1.000000000000000082E-05 ), #1313, 'distance_accuracy_value', 'NONE');
#2521 = VERTEX_POINT ( 'NONE', #4910 ) ;
#2522 =( LENGTH_UNIT ( ) NAMED_UNIT ( * ) SI_UNIT ( .MILLI., .METRE. ) );
#2523 = DIRECTION ( 'NONE',  ( 0.000000000000000000, 1.000000000000000000, -3.097720492815727166E-16 ) ) ;
#2524 = EDGE_LOOP ( 'NONE', ( #2876, #3551, #4951, #1155 ) ) ;
#2525 = LINE ( 'NONE', #253, #1434 ) ;
#2526 = SURFACE_SIDE_STYLE ('',( #4864 ) ) ;
#2527 =( NAMED_UNIT ( * ) SI_UNIT ( $, .STERADIAN. ) SOLID_ANGLE_UNIT ( ) );
#2528 = CARTESIAN_POINT ( 'NONE',  ( 4.393245067392238745, 0.5000000000000002220, 0.6500000000000011324 ) ) ;
#2529 =( NAMED_UNIT ( * ) PLANE_ANGLE_UNIT ( ) SI_UNIT ( $, .RADIAN. ) );
#2530 = ORIENTED_EDGE ( 'NONE', *, *, #3809, .F. ) ;
#2531 = EDGE_CURVE ( 'NONE', #2904, #4189, #2181, .T. ) ;
#2532 = EDGE_CURVE ( 'NONE', #634, #3880, #1196, .T. ) ;
#2533 = DIRECTION ( 'NONE',  ( -0.000000000000000000, -1.000000000000000000, 1.668003342285392044E-16 ) ) ;
#2534 = ORIENTED_EDGE ( 'NONE', *, *, #2216, .T. ) ;
#2535 = FACE_OUTER_BOUND ( 'NONE', #3902, .T. ) ;
#2536 = DIRECTION ( 'NONE',  ( 0.000000000000000000, 0.000000000000000000, 1.000000000000000000 ) ) ;
#2537 = CARTESIAN_POINT ( 'NONE',  ( 3.240000000000000657, 0.5000000000000006661, 0.3499999999999999778 ) ) ;
#2538 = LINE ( 'NONE', #1286, #893 ) ;
#2539 = EDGE_CURVE ( 'NONE', #4901, #357, #3012, .T. ) ;
#2540 = CARTESIAN_POINT ( 'NONE',  ( 3.533118178959433919, 2.798202530626828555, 0.3499999999999999778 ) ) ;
#2541 = DIRECTION ( 'NONE',  ( 1.084202172485504434E-16, -1.000000000000000000, 0.000000000000000000 ) ) ;
#2542 = EDGE_CURVE ( 'NONE', #4729, #5827, #2241, .T. ) ;
#2543 =( NAMED_UNIT ( * ) PLANE_ANGLE_UNIT ( ) SI_UNIT ( $, .RADIAN. ) );
#2544 = UNCERTAINTY_MEASURE_WITH_UNIT (LENGTH_MEASURE( 1.000000000000000082E-05 ), #1787, 'distance_accuracy_value', 'NONE');
#2545 = LINE ( 'NONE', #2163, #3336 ) ;
#2546 = VERTEX_POINT ( 'NONE', #2333 ) ;
#2547 = CARTESIAN_POINT ( 'NONE',  ( 1.853245067392238710, 8.000000000000000000, -0.6500000000000030198 ) ) ;
#2548 = ORIENTED_EDGE ( 'NONE', *, *, #5873, .F. ) ;
#2549 = CARTESIAN_POINT ( 'NONE',  ( -0.9999999999999995559, 1.800000000000000044, 0.1166666666666665853 ) ) ;
#2550 = CARTESIAN_POINT ( 'NONE',  ( 0.4999999999999985012, 6.299999999999999822, 0.3499999999999999778 ) ) ;
#2551 = DIRECTION ( 'NONE',  ( 1.121588454295349533E-16, -1.000000000000000000, 0.000000000000000000 ) ) ;
#2552 = FILL_AREA_STYLE ('',( #730 ) ) ;
#2553 = CIRCLE ( 'NONE', #4074, 0.3000000000000000444 ) ;
#2554 = UNCERTAINTY_MEASURE_WITH_UNIT (LENGTH_MEASURE( 1.000000000000000082E-05 ), #4379, 'distance_accuracy_value', 'NONE');
#2555 = LINE ( 'NONE', #3450, #4860 ) ;
#2556 = ORIENTED_EDGE ( 'NONE', *, *, #3703, .T. ) ;
#2557 = CARTESIAN_POINT ( 'NONE',  ( 5.854147136672700924, 5.851685420754298761, -0.3499999999999999778 ) ) ;
#2558 = CARTESIAN_POINT ( 'NONE',  ( 6.549999999999999822, 0.5000000000000002220, 0.6500000000000010214 ) ) ;
#2559 = VERTEX_POINT ( 'NONE', #1311 ) ;
#2560 =( GEOMETRIC_REPRESENTATION_CONTEXT ( 3 ) GLOBAL_UNCERTAINTY_ASSIGNED_CONTEXT ( ( #1005 ) ) GLOBAL_UNIT_ASSIGNED_CONTEXT ( ( #1685, #2529, #2086 ) ) REPRESENTATION_CONTEXT ( 'NONE', 'WORKASPACE' ) );
#2561 = VECTOR ( 'NONE', #4786, 1000.000000000000000 ) ;
#2562 = FILL_AREA_STYLE_COLOUR ( '', #2580 ) ;
#2563 = EDGE_CURVE ( 'NONE', #4649, #3851, #1380, .T. ) ;
#2564 = AXIS2_PLACEMENT_3D ( 'NONE', #501, #818, #4452 ) ;
#2565 = SURFACE_STYLE_FILL_AREA ( #737 ) ;
#2566 = STYLED_ITEM ( 'NONE', ( #2019 ), #4292 ) ;
#2567 = CARTESIAN_POINT ( 'NONE',  ( 2.091806954577857258, 5.884855341312109189, -0.3499999999999999223 ) ) ;
#2568 = DIRECTION ( 'NONE',  ( -1.000000000000000000, 0.000000000000000000, 7.744301232039316681E-17 ) ) ;
#2569 = VECTOR ( 'NONE', #3523, 1000.000000000000000 ) ;
#2570 = CIRCLE ( 'NONE', #5431, 0.2999999999999999334 ) ;
#2571 = CARTESIAN_POINT ( 'NONE',  ( 4.080000000000000071, 1.800000000000000488, -0.3499999999999999778 ) ) ;
#2572 =( NAMED_UNIT ( * ) PLANE_ANGLE_UNIT ( ) SI_UNIT ( $, .RADIAN. ) );
#2573 = ORIENTED_EDGE ( 'NONE', *, *, #2044, .T. ) ;
#2574 =( GEOMETRIC_REPRESENTATION_CONTEXT ( 3 ) GLOBAL_UNCERTAINTY_ASSIGNED_CONTEXT ( ( #1504 ) ) GLOBAL_UNIT_ASSIGNED_CONTEXT ( ( #1086, #5247, #571 ) ) REPRESENTATION_CONTEXT ( 'NONE', 'WORKASPACE' ) );
#2575 = CARTESIAN_POINT ( 'NONE',  ( 1.540000000000000036, 6.500000000000000888, 0.3499999999999989231 ) ) ;
#2576 = CARTESIAN_POINT ( 'NONE',  ( 1.853245067392238710, 8.000000000000000000, 0.6500000000000000222 ) ) ;
#2577 = CARTESIAN_POINT ( 'NONE',  ( 0.8749941293855708624, 5.069026963384446915, 0.3500000000000000333 ) ) ;
#2578 = SURFACE_STYLE_FILL_AREA ( #4426 ) ;
#2579 = VERTEX_POINT ( 'NONE', #4591 ) ;
#2580 = COLOUR_RGB ( '',0.8313725490196077761, 0.6705882352941175961, 0.1294117647058823373 ) ;
#2581 = CARTESIAN_POINT ( 'NONE',  ( 3.409615242270664925, 8.500000000000000000, 0.000000000000000000 ) ) ;
#2582 =( GEOMETRIC_REPRESENTATION_CONTEXT ( 3 ) GLOBAL_UNCERTAINTY_ASSIGNED_CONTEXT ( ( #2831 ) ) GLOBAL_UNIT_ASSIGNED_CONTEXT ( ( #5257, #5196, #2936 ) ) REPRESENTATION_CONTEXT ( 'NONE', 'WORKASPACE' ) );
#2583 = EDGE_LOOP ( 'NONE', ( #5034, #3478, #5376, #3824 ) ) ;
#2584 = DIRECTION ( 'NONE',  ( 0.000000000000000000, -0.000000000000000000, -1.000000000000000000 ) ) ;
#2585 = CARTESIAN_POINT ( 'NONE',  ( 6.080000000000000071, 1.800000000000000488, 0.3499999999999999778 ) ) ;
#2586 = ORIENTED_EDGE ( 'NONE', *, *, #5259, .F. ) ;
#2587 = VECTOR ( 'NONE', #1886, 1000.000000000000000 ) ;
#2588 = CARTESIAN_POINT ( 'NONE',  ( 5.899285907662241257, 5.570187327444201308, -0.3499999999999999223 ) ) ;
#2589 = LINE ( 'NONE', #4463, #2704 ) ;
#2590 = ORIENTED_EDGE ( 'NONE', *, *, #3307, .T. ) ;
#2591 = FACE_OUTER_BOUND ( 'NONE', #2192, .T. ) ;
#2592 = CARTESIAN_POINT ( 'NONE',  ( 0.1500000000000021316, -3.000000000000000000, -0.3499999999999999778 ) ) ;
#2593 = PRESENTATION_STYLE_ASSIGNMENT (( #1219 ) ) ;
#2594 =( GEOMETRIC_REPRESENTATION_CONTEXT ( 3 ) GLOBAL_UNCERTAINTY_ASSIGNED_CONTEXT ( ( #1175 ) ) GLOBAL_UNIT_ASSIGNED_CONTEXT ( ( #583, #1529, #156 ) ) REPRESENTATION_CONTEXT ( 'NONE', 'WORKASPACE' ) );
#2595 = FILL_AREA_STYLE_COLOUR ( '', #159 ) ;
#2596 = SURFACE_STYLE_USAGE ( .BOTH. , #4850 ) ;
#2597 = DIRECTION ( 'NONE',  ( -0.000000000000000000, 0.000000000000000000, 1.000000000000000000 ) ) ;
#2598 = AXIS2_PLACEMENT_3D ( 'NONE', #5631, #2921, #4238 ) ;
#2599 = LINE ( 'NONE', #3132, #1644 ) ;
#2600 = EDGE_LOOP ( 'NONE', ( #3216, #260, #392, #692 ) ) ;
#2601 = EDGE_CURVE ( 'NONE', #3485, #1296, #3656, .T. ) ;
#2602 =( BOUNDED_SURFACE ( )  B_SPLINE_SURFACE ( 2, 3, ( 
 ( #3745, #5603, #3313, #5630 ),
 ( #3345, #5175, #1075, #4725 ),
 ( #2447, #4265, #164, #2009 ) ),
 .UNSPECIFIED., .F., .F., .F. ) 
 B_SPLINE_SURFACE_WITH_KNOTS ( ( 3, 3 ),
 ( 4, 4 ),
 ( 0.000000000000000000, 1.000000000000000000 ),
 ( -0.0007349999999999999763, 3.500000000000000371E-05 ),
 .UNSPECIFIED. ) 
 GEOMETRIC_REPRESENTATION_ITEM ( )  RATIONAL_B_SPLINE_SURFACE ( (
 ( 1.000000000000000000, 1.000000000000000000, 1.000000000000000000, 1.000000000000000000),
 ( 0.7071067811865475727, 0.7071067811865475727, 0.7071067811865475727, 0.7071067811865475727),
 ( 1.000000000000000000, 1.000000000000000000, 1.000000000000000000, 1.000000000000000000) ) ) 
 REPRESENTATION_ITEM ( '' )  SURFACE ( )  );
#2603 = LINE ( 'NONE', #213, #1387 ) ;
#2604 = LINE ( 'NONE', #783, #5624 ) ;
#2605 = CARTESIAN_POINT ( 'NONE',  ( 0.3500000000000009215, -2.800000000000001155, 0.3499999999999999778 ) ) ;
#2606 = CARTESIAN_POINT ( 'NONE',  ( 0.05000000000000018319, 8.026794919243110726, 0.05000000000000023870 ) ) ;
#2607 = ORIENTED_EDGE ( 'NONE', *, *, #4890, .T. ) ;
#2608 = FACE_OUTER_BOUND ( 'NONE', #4980, .T. ) ;
#2609 = EDGE_CURVE ( 'NONE', #5523, #3614, #409, .T. ) ;
#2610 = VECTOR ( 'NONE', #2994, 1000.000000000000000 ) ;
#2611 = ORIENTED_EDGE ( 'NONE', *, *, #4543, .T. ) ;
#2612 = DIRECTION ( 'NONE',  ( -3.872150616019666353E-17, -0.8660254037844381525, -0.5000000000000009992 ) ) ;
#2613 = CARTESIAN_POINT ( 'NONE',  ( 1.940000000000000613, 6.299999999999999822, -0.1166666666666667518 ) ) ;
#2614 = ADVANCED_FACE ( 'NONE', ( #4534 ), #66, .F. ) ;
#2615 = ORIENTED_EDGE ( 'NONE', *, *, #4532, .F. ) ;
#2616 = EDGE_CURVE ( 'NONE', #4276, #5532, #2684, .T. ) ;
#2617 =( NAMED_UNIT ( * ) SI_UNIT ( $, .STERADIAN. ) SOLID_ANGLE_UNIT ( ) );
#2618 = ORIENTED_EDGE ( 'NONE', *, *, #3882, .F. ) ;
#2619 = FACE_OUTER_BOUND ( 'NONE', #796, .T. ) ;
#2620 = EDGE_LOOP ( 'NONE', ( #2934, #3387, #4270, #1 ) ) ;
#2621 = CARTESIAN_POINT ( 'NONE',  ( -1.469999999999999973, 8.500000000000000000, -1.199999999999999956 ) ) ;
#2622 = CARTESIAN_POINT ( 'NONE',  ( 4.080000000000000071, 0.5000000000000002220, 0.3499999999999998668 ) ) ;
#2623 = SURFACE_SIDE_STYLE ('',( #3432 ) ) ;
#2624 = DIRECTION ( 'NONE',  ( -0.000000000000000000, -1.000000000000000000, 1.668003342285392044E-16 ) ) ;
#2625 = VERTEX_POINT ( 'NONE', #4078 ) ;
#2626 = CARTESIAN_POINT ( 'NONE',  ( 0.6867549326077613259, 10.39117142264903570, -0.3500000000000017542 ) ) ;
#2627 = CARTESIAN_POINT ( 'NONE',  ( 2.890000000000000124, 0.000000000000000000, -0.3500000000000000333 ) ) ;
#2628 = DIRECTION ( 'NONE',  ( 1.000000000000000000, 0.000000000000000000, 0.000000000000000000 ) ) ;
#2629 = VERTEX_POINT ( 'NONE', #1842 ) ;
#2630 = DIRECTION ( 'NONE',  ( -0.6546536707079769757, 0.3779644730092281413, -0.6546536707079769757 ) ) ;
#2631 = CARTESIAN_POINT ( 'NONE',  ( 0.9147081045646002773, 4.597665842580766160, 0.3499999999999999223 ) ) ;
#2632 = ADVANCED_FACE ( 'NONE', ( #5485 ), #5531, .F. ) ;
#2633 = FILL_AREA_STYLE ('',( #5879 ) ) ;
#2634 = ORIENTED_EDGE ( 'NONE', *, *, #3076, .T. ) ;
#2635 = DIRECTION ( 'NONE',  ( -0.000000000000000000, 0.000000000000000000, 1.000000000000000000 ) ) ;
#2636 = CARTESIAN_POINT ( 'NONE',  ( -1.469999999999999973, 1.601149768326593145E-16, 0.6500000000000012434 ) ) ;
#2637 = EDGE_LOOP ( 'NONE', ( #5408, #671, #158, #2756 ) ) ;
#2638 = CARTESIAN_POINT ( 'NONE',  ( 2.865255819881805444, 5.589454083063163381, -0.3499999999999999778 ) ) ;
#2639 = FACE_OUTER_BOUND ( 'NONE', #103, .T. ) ;
#2640 = SURFACE_STYLE_USAGE ( .BOTH. , #3064 ) ;
#2641 = ORIENTED_EDGE ( 'NONE', *, *, #1360, .F. ) ;
#2642 = CARTESIAN_POINT ( 'NONE',  ( 4.380000000000000782, 0.5000000000000004441, 0.3499999999999999778 ) ) ;
#2643 = ORIENTED_EDGE ( 'NONE', *, *, #1674, .T. ) ;
#2644 = DIRECTION ( 'NONE',  ( 0.6546536707079769757, -0.3779644730092281413, -0.6546536707079769757 ) ) ;
#2645 = ADVANCED_FACE ( 'NONE', ( #5508 ), #2736, .F. ) ;
#2646 = CARTESIAN_POINT ( 'NONE',  ( 5.680000000000000604, 6.299999999999999822, 0.1166666666666665853 ) ) ;
#2647 = VERTEX_POINT ( 'NONE', #1440 ) ;
#2648 = EDGE_CURVE ( 'NONE', #344, #5599, #5023, .T. ) ;
#2649 =( NAMED_UNIT ( * ) SI_UNIT ( $, .STERADIAN. ) SOLID_ANGLE_UNIT ( ) );
#2650 = DIRECTION ( 'NONE',  ( 0.000000000000000000, -0.000000000000000000, -1.000000000000000000 ) ) ;
#2651 = EDGE_CURVE ( 'NONE', #5339, #3828, #4112, .T. ) ;
#2652 = CYLINDRICAL_SURFACE ( 'NONE', #2950, 0.1999999999999996503 ) ;
#2653 = LINE ( 'NONE', #5451, #400 ) ;
#2654 = VECTOR ( 'NONE', #2431, 1000.000000000000000 ) ;
#2655 = DIRECTION ( 'NONE',  ( 0.000000000000000000, -0.000000000000000000, 1.000000000000000000 ) ) ;
#2656 = VERTEX_POINT ( 'NONE', #3215 ) ;
#2657 = PRESENTATION_STYLE_ASSIGNMENT (( #3936 ) ) ;
#2658 = SURFACE_SIDE_STYLE ('',( #5395 ) ) ;
#2659 = COLOUR_RGB ( '',0.8313725490196077761, 0.6705882352941175961, 0.1294117647058823373 ) ;
#2660 = ORIENTED_EDGE ( 'NONE', *, *, #1856, .T. ) ;
#2661 = VECTOR ( 'NONE', #1566, 1000.000000000000000 ) ;
#2662 = COLOUR_RGB ( '',0.8313725490196077761, 0.6705882352941175961, 0.1294117647058823373 ) ;
#2663 = CARTESIAN_POINT ( 'NONE',  ( 3.039999999999998259, 6.084152315493285279, -0.3499999999999999778 ) ) ;
#2664 = CARTESIAN_POINT ( 'NONE',  ( 1.000000000000000444, 1.800000000000000488, 0.3499999999999999778 ) ) ;
#2665 = SURFACE_SIDE_STYLE ('',( #2578 ) ) ;
#2666 = VERTEX_POINT ( 'NONE', #3596 ) ;
#2667 = MECHANICAL_DESIGN_GEOMETRIC_PRESENTATION_REPRESENTATION (  '', ( #2762 ), #1923 ) ;
#2668 = CARTESIAN_POINT ( 'NONE',  ( 4.106953799075547806, 3.450480068928324151, -0.3499999999999999778 ) ) ;
#2669 = ORIENTED_EDGE ( 'NONE', *, *, #1650, .T. ) ;
#2670 = VECTOR ( 'NONE', #1233, 1000.000000000000000 ) ;
#2671 = CARTESIAN_POINT ( 'NONE',  ( 1.639306504786380403, 4.786369049942375220, 0.3499999999999999778 ) ) ;
#2672 = CARTESIAN_POINT ( 'NONE',  ( 5.080000000000000071, 6.299999999999999822, -0.3499999999999999778 ) ) ;
#2673 =( LENGTH_UNIT ( ) NAMED_UNIT ( * ) SI_UNIT ( .MILLI., .METRE. ) );
#2674 = VERTEX_POINT ( 'NONE', #5079 ) ;
#2675 = CARTESIAN_POINT ( 'NONE',  ( 2.540000000000000036, 0.000000000000000000, -0.3499999999999999778 ) ) ;
#2676 = ORIENTED_EDGE ( 'NONE', *, *, #872, .F. ) ;
#2677 = COLOUR_RGB ( '',0.8313725490196077761, 0.6705882352941175961, 0.1294117647058823373 ) ;
#2678 = DIRECTION ( 'NONE',  ( 1.000000000000000000, -1.301042606982607530E-14, 0.000000000000000000 ) ) ;
#2679 = ORIENTED_EDGE ( 'NONE', *, *, #944, .F. ) ;
#2680 = CARTESIAN_POINT ( 'NONE',  ( 0.8696152422706646679, 8.500000000000000000, 0.8696152422706645568 ) ) ;
#2681 = PRESENTATION_STYLE_ASSIGNMENT (( #379 ) ) ;
#2682 =( GEOMETRIC_REPRESENTATION_CONTEXT ( 3 ) GLOBAL_UNCERTAINTY_ASSIGNED_CONTEXT ( ( #5111 ) ) GLOBAL_UNIT_ASSIGNED_CONTEXT ( ( #519, #1435, #4254 ) ) REPRESENTATION_CONTEXT ( 'NONE', 'WORKASPACE' ) );
#2683 = CARTESIAN_POINT ( 'NONE',  ( -5.421010862427528333E-17, 0.5000000000000005551, 0.3499999999999999778 ) ) ;
#2684 = LINE ( 'NONE', #495, #3084 ) ;
#2685 = ORIENTED_EDGE ( 'NONE', *, *, #3927, .F. ) ;
#2686 = CARTESIAN_POINT ( 'NONE',  ( 3.328156929004345344, 5.771059683742179480, 0.3499999999999999778 ) ) ;
#2687 = MECHANICAL_DESIGN_GEOMETRIC_PRESENTATION_REPRESENTATION (  '', ( #5275 ), #1754 ) ;
#2688 = EDGE_LOOP ( 'NONE', ( #3946, #2707, #446, #1675 ) ) ;
#2689 = EDGE_CURVE ( 'NONE', #2320, #3984, #5009, .T. ) ;
#2690 = CARTESIAN_POINT ( 'NONE',  ( -5.421010862427528333E-17, 0.5000000000000005551, 0.3499999999999999778 ) ) ;
#2691 = AXIS2_PLACEMENT_3D ( 'NONE', #4111, #1379, #4138 ) ;
#2692 = CARTESIAN_POINT ( 'NONE',  ( 6.080000000000000959, 6.299999999999999822, 0.1283333333333333270 ) ) ;
#2693 = VERTEX_POINT ( 'NONE', #4051 ) ;
#2694 = CIRCLE ( 'NONE', #4998, 0.1999999999999999833 ) ;
#2695 = CARTESIAN_POINT ( 'NONE',  ( 4.080000000000000071, 6.500000000000000888, -0.3500000000000010880 ) ) ;
#2696 = ORIENTED_EDGE ( 'NONE', *, *, #2049, .F. ) ;
#2697 = CARTESIAN_POINT ( 'NONE',  ( 1.595723020487988641, 4.091073788932123811, 0.3500000000000000333 ) ) ;
#2698 = CARTESIAN_POINT ( 'NONE',  ( -0.5999999999999995337, 6.299999999999999822, 0.1166666666666665853 ) ) ;
#2699 = VECTOR ( 'NONE', #467, 1000.000000000000000 ) ;
#2700 = DIRECTION ( 'NONE',  ( -1.000000000000000000, 0.000000000000000000, 0.000000000000000000 ) ) ;
#2701 = VERTEX_POINT ( 'NONE', #5049 ) ;
#2702 = PLANE ( 'NONE',  #1320 ) ;
#2703 = ORIENTED_EDGE ( 'NONE', *, *, #1830, .F. ) ;
#2704 = VECTOR ( 'NONE', #5754, 1000.000000000000000 ) ;
#2705 = CARTESIAN_POINT ( 'NONE',  ( 4.080000000000000071, 0.5000000000000002220, 0.3499999999999998668 ) ) ;
#2706 = CARTESIAN_POINT ( 'NONE',  ( -0.4999999999999985012, 6.084152315493286167, -0.3499999999999999223 ) ) ;
#2707 = ORIENTED_EDGE ( 'NONE', *, *, #841, .T. ) ;
#2708 = DIRECTION ( 'NONE',  ( 0.000000000000000000, 3.097720492815727166E-16, 1.000000000000000000 ) ) ;
#2709 =( NAMED_UNIT ( * ) PLANE_ANGLE_UNIT ( ) SI_UNIT ( $, .RADIAN. ) );
#2710 = DIRECTION ( 'NONE',  ( 0.000000000000000000, 0.000000000000000000, 1.000000000000000000 ) ) ;
#2711 = DIRECTION ( 'NONE',  ( 0.000000000000000000, 1.000000000000000000, -3.097720492815727166E-16 ) ) ;
#2712 = VERTEX_POINT ( 'NONE', #1896 ) ;
#2713 = SURFACE_SIDE_STYLE ('',( #1844 ) ) ;
#2714 = CARTESIAN_POINT ( 'NONE',  ( 4.754744180118195551, 5.589454083063165157, -0.3499999999999999778 ) ) ;
#2715 = FILL_AREA_STYLE_COLOUR ( '', #2766 ) ;
#2716 = EDGE_CURVE ( 'NONE', #5006, #4000, #439, .T. ) ;
#2717 = EDGE_CURVE ( 'NONE', #3872, #5011, #4533, .T. ) ;
#2718 = DIRECTION ( 'NONE',  ( -0.000000000000000000, 0.000000000000000000, 1.000000000000000000 ) ) ;
#2719 = LINE ( 'NONE', #1356, #4199 ) ;
#2720 = EDGE_CURVE ( 'NONE', #5166, #1395, #1096, .T. ) ;
#2721 = ORIENTED_EDGE ( 'NONE', *, *, #346, .F. ) ;
#2722 = CARTESIAN_POINT ( 'NONE',  ( 4.218770099106167848, 5.207834124282345378, -0.3499999999999999778 ) ) ;
#2723 = EDGE_LOOP ( 'NONE', ( #1622, #3098, #1477, #4586 ) ) ;
#2724 = CARTESIAN_POINT ( 'NONE',  ( 1.682161437416074712, 5.240363704784011922, 0.3500000000000000333 ) ) ;
#2725 = DIRECTION ( 'NONE',  ( 1.000000000000000000, 0.000000000000000000, 0.000000000000000000 ) ) ;
#2726 = FILL_AREA_STYLE_COLOUR ( '', #5930 ) ;
#2727 = ORIENTED_EDGE ( 'NONE', *, *, #1519, .F. ) ;
#2728 = LINE ( 'NONE', #2757, #2839 ) ;
#2729 = EDGE_LOOP ( 'NONE', ( #2435, #1107, #3863, #4437 ) ) ;
#2730 = FACE_OUTER_BOUND ( 'NONE', #2266, .T. ) ;
#2731 =( NAMED_UNIT ( * ) PLANE_ANGLE_UNIT ( ) SI_UNIT ( $, .RADIAN. ) );
#2732 = ORIENTED_EDGE ( 'NONE', *, *, #413, .T. ) ;
#2733 = FACE_OUTER_BOUND ( 'NONE', #3061, .T. ) ;
#2734 = CARTESIAN_POINT ( 'NONE',  ( 6.550000000000000711, 0.000000000000000000, -1.199999999999999956 ) ) ;
#2735 = CARTESIAN_POINT ( 'NONE',  ( 3.540000000000000480, 1.800000000000000488, -0.3499999999999999778 ) ) ;
#2736 = PLANE ( 'NONE',  #3173 ) ;
#2737 = ADVANCED_FACE ( 'NONE', ( #1006 ), #5565, .F. ) ;
#2738 = VERTEX_POINT ( 'NONE', #5108 ) ;
#2739 =( NAMED_UNIT ( * ) SI_UNIT ( $, .STERADIAN. ) SOLID_ANGLE_UNIT ( ) );
#2740 = DIRECTION ( 'NONE',  ( -3.097720492815726426E-17, 1.000000000000000000, 0.000000000000000000 ) ) ;
#2741 = FILL_AREA_STYLE_COLOUR ( '', #4675 ) ;
#2742 = AXIS2_PLACEMENT_3D ( 'NONE', #5582, #5676, #140 ) ;
#2743 = SURFACE_STYLE_USAGE ( .BOTH. , #4056 ) ;
#2744 = AXIS2_PLACEMENT_3D ( 'NONE', #995, #3700, #3357 ) ;
#2745 = AXIS2_PLACEMENT_3D ( 'NONE', #2190, #1757, #2161 ) ;
#2746 = ORIENTED_EDGE ( 'NONE', *, *, #2472, .T. ) ;
#2747 = EDGE_CURVE ( 'NONE', #1393, #5136, #1974, .T. ) ;
#2748 = CIRCLE ( 'NONE', #3895, 0.1999999999999996503 ) ;
#2749 = VECTOR ( 'NONE', #4554, 1000.000000000000000 ) ;
#2750 = CARTESIAN_POINT ( 'NONE',  ( -0.6867549326077613259, 6.500000000000000888, -0.6500000000000017986 ) ) ;
#2751 = ORIENTED_EDGE ( 'NONE', *, *, #4015, .F. ) ;
#2752 = DIRECTION ( 'NONE',  ( 1.000000000000000000, 0.000000000000000000, 0.000000000000000000 ) ) ;
#2753 = DIRECTION ( 'NONE',  ( 0.000000000000000000, 1.000000000000000000, -3.097720492815727166E-16 ) ) ;
#2754 = CARTESIAN_POINT ( 'NONE',  ( 4.229360230209762150, 5.307482533055399188, 0.3499999999999999778 ) ) ;
#2755 = VECTOR ( 'NONE', #761, 1000.000000000000000 ) ;
#2756 = ORIENTED_EDGE ( 'NONE', *, *, #220, .F. ) ;
#2757 = CARTESIAN_POINT ( 'NONE',  ( 2.890000000000001013, -2.800000000000001155, 0.3499999999999999778 ) ) ;
#2758 = EDGE_LOOP ( 'NONE', ( #456, #249, #1419, #2448 ) ) ;
#2759 = CARTESIAN_POINT ( 'NONE',  ( 5.579999999999999183, 6.299999999999999822, -0.3499999999999999778 ) ) ;
#2760 = STYLED_ITEM ( 'NONE', ( #5819 ), #5549 ) ;
#2761 = EDGE_CURVE ( 'NONE', #4957, #3055, #5201, .T. ) ;
#2762 = STYLED_ITEM ( 'NONE', ( #1751 ), #197 ) ;
#2763 = EDGE_LOOP ( 'NONE', ( #310, #296, #4258, #3339 ) ) ;
#2764 = CARTESIAN_POINT ( 'NONE',  ( -0.3500000000000000333, 0.000000000000000000, 0.3499999999999999778 ) ) ;
#2765 = FACE_OUTER_BOUND ( 'NONE', #2090, .T. ) ;
#2766 = COLOUR_RGB ( '',0.8313725490196077761, 0.6705882352941175961, 0.1294117647058823373 ) ;
#2767 = LINE ( 'NONE', #5507, #4592 ) ;
#2768 = CARTESIAN_POINT ( 'NONE',  ( 0.4999999999999985012, 6.299999999999999822, 0.3499999999999999778 ) ) ;
#2769 = EDGE_LOOP ( 'NONE', ( #2793, #98, #1080, #4829 ) ) ;
#2770 = CARTESIAN_POINT ( 'NONE',  ( -1.469999999999999973, 0.000000000000000000, 1.199999999999999956 ) ) ;
#2771 = AXIS2_PLACEMENT_3D ( 'NONE', #1331, #850, #1707 ) ;
#2772 = CARTESIAN_POINT ( 'NONE',  ( 4.616643101092098078, 1.700000000000002620, -0.3499999999999999778 ) ) ;
#2773 = ADVANCED_FACE ( 'NONE', ( #1533, #2914 ), #5230, .T. ) ;
#2774 = CARTESIAN_POINT ( 'NONE',  ( -0.9999999999999995559, 1.800000000000000488, -0.3499999999999999778 ) ) ;
#2775 = COLOUR_RGB ( '',0.8313725490196077761, 0.6705882352941175961, 0.1294117647058823373 ) ;
#2776 = DIRECTION ( 'NONE',  ( 0.000000000000000000, -0.000000000000000000, -1.000000000000000000 ) ) ;
#2777 = DIRECTION ( 'NONE',  ( -0.000000000000000000, -0.000000000000000000, -1.000000000000000000 ) ) ;
#2778 = AXIS2_PLACEMENT_3D ( 'NONE', #717, #241, #3315 ) ;
#2779 = CARTESIAN_POINT ( 'NONE',  ( -1.000000000000000000, 6.500000000000000888, -0.3500000000000010880 ) ) ;
#2780 = VERTEX_POINT ( 'NONE', #100 ) ;
#2781 = ADVANCED_FACE ( 'NONE', ( #4784 ), #1126, .T. ) ;
#2782 = EDGE_CURVE ( 'NONE', #1803, #4842, #2589, .T. ) ;
#2783 = VECTOR ( 'NONE', #5694, 1000.000000000000000 ) ;
#2784 = SURFACE_STYLE_FILL_AREA ( #629 ) ;
#2785 = ORIENTED_EDGE ( 'NONE', *, *, #628, .T. ) ;
#2786 = DIRECTION ( 'NONE',  ( -0.7071067811865474617, -0.7071067811865474617, -0.000000000000000000 ) ) ;
#2787 = ORIENTED_EDGE ( 'NONE', *, *, #3802, .T. ) ;
#2788 =( GEOMETRIC_REPRESENTATION_CONTEXT ( 3 ) GLOBAL_UNCERTAINTY_ASSIGNED_CONTEXT ( ( #3842 ) ) GLOBAL_UNIT_ASSIGNED_CONTEXT ( ( #5002, #2274, #1848 ) ) REPRESENTATION_CONTEXT ( 'NONE', 'WORKASPACE' ) );
#2789 = FILL_AREA_STYLE ('',( #1430 ) ) ;
#2790 = B_SPLINE_CURVE_WITH_KNOTS ( 'NONE', 3,
 ( #1299, #849, #451, #883, #1885, #5012, #3116, #2229, #1766, #4981, #1365, #3669, #909, #5943, #4604, #5520, #2724, #1396, #4522, #2321, #2671, #5857, #3176, #3553, #4128, #24, #2697, #1423, #3231, #427, #4001 ),
 .UNSPECIFIED., .F., .F.,
 ( 4, 1, 1, 1, 1, 1, 1, 2, 2, 1, 1, 1, 1, 2, 2, 1, 1, 1, 1, 1, 2, 2, 4 ),
 ( 0.000000000000000000, 0.06250000000001504352, 0.09375000000002228773, 0.1093750000000261041, 0.1171875000000280193, 0.1210937500000289907, 0.1230468750000294764, 0.1240234375000298789, 0.1250000000000302813, 0.1875000000000290323, 0.2187500000000284217, 0.2343750000000281164, 0.2421875000000279776, 0.2460937500000281442, 0.2500000000000283107, 0.3750000000000269229, 0.4375000000000262568, 0.4687500000000256462, 0.4843750000000253686, 0.4921875000000252021, 0.4960937500000253686, 0.5000000000000255351, 1.000000000000000000 ),
 .UNSPECIFIED. ) ;
#2791 = CARTESIAN_POINT ( 'NONE',  ( -0.4481930454221425553, 5.884855341312109189, 0.3499999999999999223 ) ) ;
#2792 = VECTOR ( 'NONE', #12, 1000.000000000000000 ) ;
#2793 = ORIENTED_EDGE ( 'NONE', *, *, #2433, .F. ) ;
#2794 = SURFACE_STYLE_FILL_AREA ( #3652 ) ;
#2795 = EDGE_CURVE ( 'NONE', #4600, #344, #3477, .T. ) ;
#2796 = CARTESIAN_POINT ( 'NONE',  ( -0.9999999999999993339, 0.8000000000000004885, 0.3499999999999999778 ) ) ;
#2797 = ADVANCED_FACE ( 'NONE', ( #259 ), #2122, .F. ) ;
#2798 = ORIENTED_EDGE ( 'NONE', *, *, #5916, .F. ) ;
#2799 = VECTOR ( 'NONE', #4134, 1000.000000000000000 ) ;
#2800 = PRODUCT_DEFINITION_CONTEXT ( 'detailed design', #1362, 'design' ) ;
#2801 = FILL_AREA_STYLE ('',( #5107 ) ) ;
#2802 = UNCERTAINTY_MEASURE_WITH_UNIT (LENGTH_MEASURE( 1.000000000000000082E-05 ), #3008, 'distance_accuracy_value', 'NONE');
#2803 = DIRECTION ( 'NONE',  ( 0.000000000000000000, 3.097720492815727166E-16, 1.000000000000000000 ) ) ;
#2804 = VERTEX_POINT ( 'NONE', #2152 ) ;
#2805 = DIRECTION ( 'NONE',  ( -1.121588454295349780E-16, 1.000000000000000000, 0.000000000000000000 ) ) ;
#2806 = EDGE_CURVE ( 'NONE', #2625, #4661, #5722, .T. ) ;
#2807 =( GEOMETRIC_REPRESENTATION_CONTEXT ( 3 ) GLOBAL_UNCERTAINTY_ASSIGNED_CONTEXT ( ( #5747 ) ) GLOBAL_UNIT_ASSIGNED_CONTEXT ( ( #4808, #313, #1730 ) ) REPRESENTATION_CONTEXT ( 'NONE', 'WORKASPACE' ) );
#2808 = CARTESIAN_POINT ( 'NONE',  ( -0.9730462009244510435, 3.450480068928324595, -0.3499999999999999778 ) ) ;
#2809 = FACE_OUTER_BOUND ( 'NONE', #643, .T. ) ;
#2810 = SURFACE_STYLE_FILL_AREA ( #2834 ) ;
#2811 = LINE ( 'NONE', #2779, #3514 ) ;
#2812 = VERTEX_POINT ( 'NONE', #4903 ) ;
#2813 = DIRECTION ( 'NONE',  ( 1.000000000000000000, 0.000000000000000000, 0.000000000000000000 ) ) ;
#2814 = EDGE_CURVE ( 'NONE', #3007, #290, #1159, .T. ) ;
#2815 = ORIENTED_EDGE ( 'NONE', *, *, #5729, .F. ) ;
#2816 = CARTESIAN_POINT ( 'NONE',  ( 0.7000000000000006217, 0.8000000000000007105, -0.3499999999999999778 ) ) ;
#2817 = SURFACE_SIDE_STYLE ('',( #3321 ) ) ;
#2818 = CARTESIAN_POINT ( 'NONE',  ( 4.140020115625524966, 4.171275002134293253, 0.3499999999999999778 ) ) ;
#2819 = ORIENTED_EDGE ( 'NONE', *, *, #233, .T. ) ;
#2820 = CARTESIAN_POINT ( 'NONE',  ( 4.480000000000000426, 6.299999999999999822, 0.3499999999999999778 ) ) ;
#2821 = EDGE_CURVE ( 'NONE', #1336, #4024, #5350, .T. ) ;
#2822 = ORIENTED_EDGE ( 'NONE', *, *, #2309, .T. ) ;
#2823 = CARTESIAN_POINT ( 'NONE',  ( -0.7350420104460260173, 6.043840788194787983, 0.3499999999999999223 ) ) ;
#2824 = ORIENTED_EDGE ( 'NONE', *, *, #526, .T. ) ;
#2825 = EDGE_CURVE ( 'NONE', #1920, #3115, #3974, .T. ) ;
#2826 = EDGE_CURVE ( 'NONE', #4179, #1691, #2175, .T. ) ;
#2827 = DIRECTION ( 'NONE',  ( 0.000000000000000000, -1.000000000000000000, 0.000000000000000000 ) ) ;
#2828 = CARTESIAN_POINT ( 'NONE',  ( 5.869603038017698893, 5.762359718948173892, 0.3500000000000000333 ) ) ;
#2829 = VERTEX_POINT ( 'NONE', #5834 ) ;
#2830 = CARTESIAN_POINT ( 'NONE',  ( 0.000000000000000000, 0.000000000000000000, 0.000000000000000000 ) ) ;
#2831 = UNCERTAINTY_MEASURE_WITH_UNIT (LENGTH_MEASURE( 1.000000000000000082E-05 ), #5257, 'distance_accuracy_value', 'NONE');
#2832 = CARTESIAN_POINT ( 'NONE',  ( -0.9460868014086029065, 4.056300144720209389, -0.3500000000000000888 ) ) ;
#2833 = DIRECTION ( 'NONE',  ( -0.000000000000000000, 1.000000000000000000, -0.000000000000000000 ) ) ;
#2834 = FILL_AREA_STYLE ('',( #1416 ) ) ;
#2835 = CARTESIAN_POINT ( 'NONE',  ( 1.677373952540060609, 5.194217234909947578, -0.3500000000000000333 ) ) ;
#2836 = VECTOR ( 'NONE', #4909, 1000.000000000000000 ) ;
#2837 = ORIENTED_EDGE ( 'NONE', *, *, #220, .T. ) ;
#2838 = EDGE_CURVE ( 'NONE', #5011, #2220, #4753, .T. ) ;
#2839 = VECTOR ( 'NONE', #4581, 1000.000000000000000 ) ;
#2840 = DIRECTION ( 'NONE',  ( 1.000000000000000000, -8.673617379884051249E-15, 0.000000000000000000 ) ) ;
#2841 = ORIENTED_EDGE ( 'NONE', *, *, #3108, .T. ) ;
#2842 =( NAMED_UNIT ( * ) SI_UNIT ( $, .STERADIAN. ) SOLID_ANGLE_UNIT ( ) );
#2843 = CARTESIAN_POINT ( 'NONE',  ( 4.260714092337830827, 5.570187327444797276, 0.3499999999999999223 ) ) ;
#2844 = VERTEX_POINT ( 'NONE', #5265 ) ;
#2845 = COLOUR_RGB ( '',0.8313725490196077761, 0.6705882352941175961, 0.1294117647058823373 ) ;
#2846 = FACE_OUTER_BOUND ( 'NONE', #799, .T. ) ;
#2847 = CARTESIAN_POINT ( 'NONE',  ( 1.000000000000000444, 1.800000000000000488, -0.3499999999999999778 ) ) ;
#2848 =( LENGTH_UNIT ( ) NAMED_UNIT ( * ) SI_UNIT ( .MILLI., .METRE. ) );
#2849 = ORIENTED_EDGE ( 'NONE', *, *, #4571, .T. ) ;
#2850 = PRESENTATION_LAYER_ASSIGNMENT (  '', '', ( #5539 ) ) ;
#2851 = CARTESIAN_POINT ( 'NONE',  ( 4.080000000000000071, 0.5000000000000000000, -0.3500000000000000888 ) ) ;
#2852 = VECTOR ( 'NONE', #4531, 1000.000000000000000 ) ;
#2853 = CARTESIAN_POINT ( 'NONE',  ( 3.323770569720394530, 5.796998266909027642, -0.3499999999999999778 ) ) ;
#2854 = CARTESIAN_POINT ( 'NONE',  ( -0.7612207868701631464, 5.920464898423919209, 0.3500000000000000333 ) ) ;
#2855 = ORIENTED_EDGE ( 'NONE', *, *, #4034, .T. ) ;
#2856 = EDGE_CURVE ( 'NONE', #4492, #5040, #3953, .T. ) ;
#2857 = STYLED_ITEM ( 'NONE', ( #1790 ), #5621 ) ;
#2858 = STYLED_ITEM ( 'NONE', ( #4731 ), #174 ) ;
#2859 = FACE_OUTER_BOUND ( 'NONE', #1316, .T. ) ;
#2860 = CARTESIAN_POINT ( 'NONE',  ( 5.941575734891621607, 5.204467366490783675, 0.3500000000000000888 ) ) ;
#2861 = EDGE_LOOP ( 'NONE', ( #4893, #4773, #2530, #752 ) ) ;
#2862 = UNCERTAINTY_MEASURE_WITH_UNIT (LENGTH_MEASURE( 1.000000000000000082E-05 ), #1760, 'distance_accuracy_value', 'NONE');
#2863 = PRESENTATION_LAYER_ASSIGNMENT (  '', '', ( #5752 ) ) ;
#2864 = FILL_AREA_STYLE_COLOUR ( '', #5250 ) ;
#2865 = CARTESIAN_POINT ( 'NONE',  ( 2.865255819881805444, 5.589454083063163381, -0.3499999999999999778 ) ) ;
#2866 = LINE ( 'NONE', #5176, #1763 ) ;
#2867 = ADVANCED_FACE ( 'NONE', ( #2619 ), #4874, .T. ) ;
#2868 = CARTESIAN_POINT ( 'NONE',  ( 1.840000000000000524, 0.8000000000000004885, -0.3499999999999999778 ) ) ;
#2869 = CARTESIAN_POINT ( 'NONE',  ( 1.651150453949023378, 4.917640708295714091, -0.3499999999999999778 ) ) ;
#2870 = CIRCLE ( 'NONE', #2778, 0.2000000000000000944 ) ;
#2871 = DIRECTION ( 'NONE',  ( 0.000000000000000000, -0.000000000000000000, -1.000000000000000000 ) ) ;
#2872 = VECTOR ( 'NONE', #1665, 1000.000000000000000 ) ;
#2873 = CARTESIAN_POINT ( 'NONE',  ( 1.540000000000000036, 0.5000000000000000000, -0.3500000000000000888 ) ) ;
#2874 = CARTESIAN_POINT ( 'NONE',  ( 2.540000000000000036, -3.000000000000000000, 0.3499999999999999778 ) ) ;
#2875 = SURFACE_STYLE_USAGE ( .BOTH. , #5217 ) ;
#2876 = ORIENTED_EDGE ( 'NONE', *, *, #968, .F. ) ;
#2877 = PLANE ( 'NONE',  #5337 ) ;
#2878 = AXIS2_PLACEMENT_3D ( 'NONE', #3337, #5169, #1068 ) ;
#2879 = CARTESIAN_POINT ( 'NONE',  ( 2.540000000000000036, 0.5000000000000005551, -0.3499999999999999778 ) ) ;
#2880 = DIRECTION ( 'NONE',  ( -0.000000000000000000, -1.000000000000000000, -4.336808689942017736E-16 ) ) ;
#2881 = ORIENTED_EDGE ( 'NONE', *, *, #3577, .T. ) ;
#2882 = CARTESIAN_POINT ( 'NONE',  ( 2.189999999999999947, 0.000000000000000000, 0.3499999999999999778 ) ) ;
#2883 = EDGE_LOOP ( 'NONE', ( #4006, #2548, #946, #978 ) ) ;
#2884 = VECTOR ( 'NONE', #5135, 1000.000000000000000 ) ;
#2885 = FACE_BOUND ( 'NONE', #705, .T. ) ;
#2886 = PRESENTATION_STYLE_ASSIGNMENT (( #1069 ) ) ;
#2887 = ORIENTED_EDGE ( 'NONE', *, *, #2096, .F. ) ;
#2888 = LINE ( 'NONE', #2948, #5629 ) ;
#2889 = SURFACE_SIDE_STYLE ('',( #1928 ) ) ;
#2890 = EDGE_CURVE ( 'NONE', #3065, #3789, #3626, .T. ) ;
#2891 = PRESENTATION_LAYER_ASSIGNMENT (  '', '', ( #3548 ) ) ;
#2892 = CARTESIAN_POINT ( 'NONE',  ( 5.949615242270665405, 8.500000000000000000, 0.000000000000000000 ) ) ;
#2893 = CARTESIAN_POINT ( 'NONE',  ( 3.061845733883979737, 5.626229152235330488, 0.3499999999999999778 ) ) ;
#2894 = VECTOR ( 'NONE', #2423, 1000.000000000000000 ) ;
#2895 = ADVANCED_FACE ( 'NONE', ( #916 ), #5626, .T. ) ;
#2896 = CARTESIAN_POINT ( 'NONE',  ( 3.540000000000000480, 1.800000000000000488, 0.3499999999999999778 ) ) ;
#2897 = PLANE ( 'NONE',  #291 ) ;
#2898 = ORIENTED_EDGE ( 'NONE', *, *, #5801, .F. ) ;
#2899 = LINE ( 'NONE', #3352, #2337 ) ;
#2900 = SURFACE_STYLE_USAGE ( .BOTH. , #3820 ) ;
#2901 = EDGE_CURVE ( 'NONE', #4276, #1855, #458, .T. ) ;
#2902 = DIRECTION ( 'NONE',  ( -0.000000000000000000, 1.000000000000000000, -0.000000000000000000 ) ) ;
#2903 = CARTESIAN_POINT ( 'NONE',  ( 6.655000000000001137, -1.575000000000001066, 0.3499999999999999778 ) ) ;
#2904 = VERTEX_POINT ( 'NONE', #1340 ) ;
#2905 = CARTESIAN_POINT ( 'NONE',  ( -0.3499999999999991451, 0.5000000000000005551, -0.3499999999999999778 ) ) ;
#2906 = DIRECTION ( 'NONE',  ( -0.000000000000000000, -1.000000000000000000, -4.336808689942017736E-16 ) ) ;
#2907 = EDGE_LOOP ( 'NONE', ( #405, #914, #1304, #682, #5577, #3304, #3547, #5724, #3198, #4481, #3260, #3097, #3435, #4252, #5106, #1727 ) ) ;
#2908 = CARTESIAN_POINT ( 'NONE',  ( 0.3499999999999999223, 8.000000000000000000, 0.3499999999999999778 ) ) ;
#2909 = CARTESIAN_POINT ( 'NONE',  ( 4.080000000000000071, 1.800000000000000488, -0.3849999999999998979 ) ) ;
#2910 = DIRECTION ( 'NONE',  ( -1.121588454295349780E-16, 1.000000000000000000, 0.000000000000000000 ) ) ;
#2911 = CARTESIAN_POINT ( 'NONE',  ( -0.5999999999999996447, 6.299999999999999822, 0.3499999999999999778 ) ) ;
#2912 = ORIENTED_EDGE ( 'NONE', *, *, #933, .T. ) ;
#2913 = PLANE ( 'NONE',  #977 ) ;
#2914 = FACE_BOUND ( 'NONE', #2109, .T. ) ;
#2915 = ORIENTED_EDGE ( 'NONE', *, *, #3230, .T. ) ;
#2916 = CARTESIAN_POINT ( 'NONE',  ( 1.540000000000000036, 6.500000000000000888, -0.3500000000000010880 ) ) ;
#2917 = PLANE ( 'NONE',  #3709 ) ;
#2918 = APPLICATION_PROTOCOL_DEFINITION ( 'draft international standard', 'automotive_design', 1998, #1362 ) ;
#2919 = CARTESIAN_POINT ( 'NONE',  ( -0.7982104639796570034, 5.709058272657557609, -0.3499999999999999223 ) ) ;
#2920 = ADVANCED_FACE ( 'NONE', ( #404 ), #1865, .F. ) ;
#2921 = DIRECTION ( 'NONE',  ( -0.000000000000000000, 1.668003342285391551E-16, 1.000000000000000000 ) ) ;
#2922 = CARTESIAN_POINT ( 'NONE',  ( 0.6867549326077613259, 8.000000000000000000, -0.6500000000000030198 ) ) ;
#2923 = CARTESIAN_POINT ( 'NONE',  ( 1.751843070995635410, 5.771059683742045365, -0.3499999999999999778 ) ) ;
#2924 = ORIENTED_EDGE ( 'NONE', *, *, #1411, .F. ) ;
#2925 = PLANE ( 'NONE',  #4424 ) ;
#2926 = PLANE ( 'NONE',  #4878 ) ;
#2927 = CARTESIAN_POINT ( 'NONE',  ( 0.6331483148835128638, 6.299478870653065776, -0.3499999999999999778 ) ) ;
#2928 = SURFACE_SIDE_STYLE ('',( #5305 ) ) ;
#2929 = ORIENTED_EDGE ( 'NONE', *, *, #5859, .T. ) ;
#2930 = FILL_AREA_STYLE_COLOUR ( '', #4465 ) ;
#2931 = AXIS2_PLACEMENT_3D ( 'NONE', #1466, #1002, #615 ) ;
#2932 = LINE ( 'NONE', #4807, #788 ) ;
#2933 = SURFACE_STYLE_FILL_AREA ( #790 ) ;
#2934 = ORIENTED_EDGE ( 'NONE', *, *, #4539, .F. ) ;
#2935 = DIRECTION ( 'NONE',  ( -1.000000000000000000, 0.000000000000000000, 0.000000000000000000 ) ) ;
#2936 =( NAMED_UNIT ( * ) SI_UNIT ( $, .STERADIAN. ) SOLID_ANGLE_UNIT ( ) );
#2937 = DIRECTION ( 'NONE',  ( -0.000000000000000000, 0.000000000000000000, 1.000000000000000000 ) ) ;
#2938 = VECTOR ( 'NONE', #1704, 1000.000000000000000 ) ;
#2939 =( LENGTH_UNIT ( ) NAMED_UNIT ( * ) SI_UNIT ( .MILLI., .METRE. ) );
#2940 = ADVANCED_FACE ( 'NONE', ( #3209 ), #376, .F. ) ;
#2941 = FACE_OUTER_BOUND ( 'NONE', #3496, .T. ) ;
#2942 = EDGE_LOOP ( 'NONE', ( #4295, #2160, #4071, #3394 ) ) ;
#2943 = CARTESIAN_POINT ( 'NONE',  ( 5.860569551971559932, 5.815522798723455900, -0.3499999999999999223 ) ) ;
#2944 = VECTOR ( 'NONE', #4622, 1000.000000000000000 ) ;
#2945 = VECTOR ( 'NONE', #5445, 1000.000000000000000 ) ;
#2946 = DIRECTION ( 'NONE',  ( 0.000000000000000000, 0.000000000000000000, -1.000000000000000000 ) ) ;
#2947 = ORIENTED_EDGE ( 'NONE', *, *, #3256, .F. ) ;
#2948 = CARTESIAN_POINT ( 'NONE',  ( 0.9650000000000007461, -1.575000000000006173, 0.3499999999999999778 ) ) ;
#2949 =( NAMED_UNIT ( * ) PLANE_ANGLE_UNIT ( ) SI_UNIT ( $, .RADIAN. ) );
#2950 = AXIS2_PLACEMENT_3D ( 'NONE', #1284, #5810, #1714 ) ;
#2951 = CARTESIAN_POINT ( 'NONE',  ( 2.189999999999999947, 8.000000000000000000, 0.3499999999999999778 ) ) ;
#2952 = SURFACE_SIDE_STYLE ('',( #592 ) ) ;
#2953 = CARTESIAN_POINT ( 'NONE',  ( 0.6454664785273048766, 3.877691542223585142, -0.3499999999999999778 ) ) ;
#2954 = CARTESIAN_POINT ( 'NONE',  ( 1.594703062804454285, 4.071564961060444077, -0.3499999999999999778 ) ) ;
#2955 = ORIENTED_EDGE ( 'NONE', *, *, #117, .T. ) ;
#2956 = AXIS2_PLACEMENT_3D ( 'NONE', #4480, #4937, #1224 ) ;
#2957 = B_SPLINE_CURVE_WITH_KNOTS ( 'NONE', 3,
 ( #3987, #1314, #5362, #740 ),
 .UNSPECIFIED., .F., .F.,
 ( 4, 4 ),
 ( 0.000000000000000000, 1.000000000000000000 ),
 .UNSPECIFIED. ) ;
#2958 = VECTOR ( 'NONE', #4073, 1000.000000000000000 ) ;
#2959 = CARTESIAN_POINT ( 'NONE',  ( 2.890000000000001013, 0.5000000000000005551, -0.3499999999999999778 ) ) ;
#2960 = LINE ( 'NONE', #2626, #5061 ) ;
#2961 = PLANE ( 'NONE',  #4459 ) ;
#2962 = DIRECTION ( 'NONE',  ( -1.000000000000000000, -0.000000000000000000, -0.000000000000000000 ) ) ;
#2963 = STYLED_ITEM ( 'NONE', ( #2681 ), #450 ) ;
#2964 = DIRECTION ( 'NONE',  ( 0.000000000000000000, -1.668003342285391551E-16, -1.000000000000000000 ) ) ;
#2965 = EDGE_LOOP ( 'NONE', ( #2176, #5373, #2368, #3869 ) ) ;
#2966 = CARTESIAN_POINT ( 'NONE',  ( 4.930000000000001492, -3.000000000000000000, 0.3499999999999999778 ) ) ;
#2967 = COLOUR_RGB ( '',0.8313725490196077761, 0.6705882352941175961, 0.1294117647058823373 ) ;
#2968 = CARTESIAN_POINT ( 'NONE',  ( -1.469999999999999973, 8.500000000000000000, 1.199999999999999956 ) ) ;
#2969 = ORIENTED_EDGE ( 'NONE', *, *, #4627, .T. ) ;
#2970 = PLANE ( 'NONE',  #746 ) ;
#2971 = DIRECTION ( 'NONE',  ( -1.000000000000000000, -3.097720492815726426E-17, 0.000000000000000000 ) ) ;
#2972 = PRESENTATION_STYLE_ASSIGNMENT (( #3446 ) ) ;
#2973 = FACE_OUTER_BOUND ( 'NONE', #974, .T. ) ;
#2974 = AXIS2_PLACEMENT_3D ( 'NONE', #1168, #2013, #208 ) ;
#2975 = CARTESIAN_POINT ( 'NONE',  ( 2.988193045422142369, 5.884855341312110966, -0.3500000000000000333 ) ) ;
#2976 = VERTEX_POINT ( 'NONE', #4708 ) ;
#2977 = CARTESIAN_POINT ( 'NONE',  ( 3.003356898907901140, 1.699999999999999067, -0.3500000000000000888 ) ) ;
#2978 = EDGE_CURVE ( 'NONE', #5499, #3423, #5127, .T. ) ;
#2979 = PRESENTATION_STYLE_ASSIGNMENT (( #3100 ) ) ;
#2980 = VECTOR ( 'NONE', #2644, 999.9999999999998863 ) ;
#2981 = ORIENTED_EDGE ( 'NONE', *, *, #872, .T. ) ;
#2982 = DIRECTION ( 'NONE',  ( 1.000000000000000000, 0.000000000000000000, 0.000000000000000000 ) ) ;
#2983 = LINE ( 'NONE', #1162, #186 ) ;
#2984 = ADVANCED_FACE ( 'NONE', ( #3733 ), #92, .T. ) ;
#2985 = COLOUR_RGB ( '',0.8313725490196077761, 0.6705882352941175961, 0.1294117647058823373 ) ;
#2986 = LINE ( 'NONE', #2892, #1132 ) ;
#2987 = DIRECTION ( 'NONE',  ( -0.6546536707079769757, 0.3779644730092281413, -0.6546536707079769757 ) ) ;
#2988 = EDGE_CURVE ( 'NONE', #2460, #6, #5192, .T. ) ;
#2989 = CARTESIAN_POINT ( 'NONE',  ( 0.6867549326077613259, 0.5000000000000002220, 0.3499999999999998668 ) ) ;
#2990 = VECTOR ( 'NONE', #2212, 1000.000000000000000 ) ;
#2991 = CARTESIAN_POINT ( 'NONE',  ( 3.485296937195549116, 4.071564961060393451, 0.3499999999999999778 ) ) ;
#2992 =( LENGTH_UNIT ( ) NAMED_UNIT ( * ) SI_UNIT ( .MILLI., .METRE. ) );
#2993 = VERTEX_POINT ( 'NONE', #2820 ) ;
#2994 = DIRECTION ( 'NONE',  ( -0.000000000000000000, -0.000000000000000000, 1.000000000000000000 ) ) ;
#2995 = LINE ( 'NONE', #5735, #5941 ) ;
#2996 = VECTOR ( 'NONE', #478, 1000.000000000000000 ) ;
#2997 = ORIENTED_EDGE ( 'NONE', *, *, #5400, .T. ) ;
#2998 = DIRECTION ( 'NONE',  ( 0.000000000000000000, 0.000000000000000000, 1.000000000000000000 ) ) ;
#2999 = ORIENTED_EDGE ( 'NONE', *, *, #1348, .F. ) ;
#3000 = FACE_OUTER_BOUND ( 'NONE', #891, .T. ) ;
#3001 = FACE_OUTER_BOUND ( 'NONE', #3028, .T. ) ;
#3002 = DIRECTION ( 'NONE',  ( -1.000000000000000000, 0.000000000000000000, 7.744301232039316681E-17 ) ) ;
#3003 = DIRECTION ( 'NONE',  ( 0.000000000000000000, -1.000000000000000000, 1.668003342285391797E-16 ) ) ;
#3004 = CARTESIAN_POINT ( 'NONE',  ( 3.039999999999998703, 6.084152315493285279, 0.3500000000000000333 ) ) ;
#3005 = EDGE_LOOP ( 'NONE', ( #1731, #5517, #5081, #3403 ) ) ;
#3006 = CARTESIAN_POINT ( 'NONE',  ( 0.6000000000000005329, 6.299999999999999822, 0.1166666666666665853 ) ) ;
#3007 = VERTEX_POINT ( 'NONE', #576 ) ;
#3008 =( LENGTH_UNIT ( ) NAMED_UNIT ( * ) SI_UNIT ( .MILLI., .METRE. ) );
#3009 = FACE_OUTER_BOUND ( 'NONE', #5182, .T. ) ;
#3010 =( NAMED_UNIT ( * ) PLANE_ANGLE_UNIT ( ) SI_UNIT ( $, .RADIAN. ) );
#3011 = LINE ( 'NONE', #1663, #4359 ) ;
#3012 = LINE ( 'NONE', #5842, #4322 ) ;
#3013 = CARTESIAN_POINT ( 'NONE',  ( 1.540000000000000480, 1.800000000000000266, -0.1166666666666667518 ) ) ;
#3014 = EDGE_CURVE ( 'NONE', #5392, #1881, #121, .T. ) ;
#3015 = ORIENTED_EDGE ( 'NONE', *, *, #4735, .F. ) ;
#3016 = CARTESIAN_POINT ( 'NONE',  ( 4.080000000000000071, 6.500000000000000888, 0.3499999999999989231 ) ) ;
#3017 = FACE_OUTER_BOUND ( 'NONE', #5223, .T. ) ;
#3018 = CARTESIAN_POINT ( 'NONE',  ( 6.080000000000000071, 1.800000000000000488, 0.1283333333333333270 ) ) ;
#3019 = CARTESIAN_POINT ( 'NONE',  ( 0.3218457338839795789, 5.626229152235330488, 0.000000000000000000 ) ) ;
#3020 = EDGE_LOOP ( 'NONE', ( #4666, #1658, #2015, #610 ) ) ;
#3021 = ADVANCED_FACE ( 'NONE', ( #5685 ), #1946, .F. ) ;
#3022 = FACE_OUTER_BOUND ( 'NONE', #2046, .T. ) ;
#3023 = ORIENTED_EDGE ( 'NONE', *, *, #5097, .T. ) ;
#3024 = DIRECTION ( 'NONE',  ( 0.000000000000000000, 0.000000000000000000, -1.000000000000000000 ) ) ;
#3025 = STYLED_ITEM ( 'NONE', ( #4656 ), #4537 ) ;
#3026 = UNCERTAINTY_MEASURE_WITH_UNIT (LENGTH_MEASURE( 1.000000000000000082E-05 ), #1717, 'distance_accuracy_value', 'NONE');
#3027 = FACE_OUTER_BOUND ( 'NONE', #4248, .T. ) ;
#3028 = EDGE_LOOP ( 'NONE', ( #1426, #1942, #1562, #3640 ) ) ;
#3029 = CARTESIAN_POINT ( 'NONE',  ( 5.866758496035390458, 5.779404586027644619, -0.3499999999999999778 ) ) ;
#3030 = ORIENTED_EDGE ( 'NONE', *, *, #1487, .T. ) ;
#3031 = VECTOR ( 'NONE', #2439, 1000.000000000000000 ) ;
#3032 = VECTOR ( 'NONE', #200, 1000.000000000000000 ) ;
#3033 = FACE_OUTER_BOUND ( 'NONE', #5519, .T. ) ;
#3034 = EDGE_CURVE ( 'NONE', #1087, #820, #1490, .T. ) ;
#3035 = MECHANICAL_DESIGN_GEOMETRIC_PRESENTATION_REPRESENTATION (  '', ( #5926 ), #4658 ) ;
#3036 =( NAMED_UNIT ( * ) SI_UNIT ( $, .STERADIAN. ) SOLID_ANGLE_UNIT ( ) );
#3037 = VECTOR ( 'NONE', #4711, 1000.000000000000000 ) ;
#3038 =( NAMED_UNIT ( * ) PLANE_ANGLE_UNIT ( ) SI_UNIT ( $, .RADIAN. ) );
#3039 = FACE_OUTER_BOUND ( 'NONE', #2883, .T. ) ;
#3040 = MECHANICAL_DESIGN_GEOMETRIC_PRESENTATION_REPRESENTATION (  '', ( #2007 ), #375 ) ;
#3041 = VECTOR ( 'NONE', #351, 1000.000000000000000 ) ;
#3042 = CARTESIAN_POINT ( 'NONE',  ( 3.327121992501589798, 5.777242093666582257, 0.3500000000000000333 ) ) ;
#3043 = CARTESIAN_POINT ( 'NONE',  ( 5.725466478527304837, 3.877691542223589138, 0.3499999999999999778 ) ) ;
#3044 = ADVANCED_FACE ( 'NONE', ( #2373 ), #1914, .F. ) ;
#3045 = ORIENTED_EDGE ( 'NONE', *, *, #5706, .F. ) ;
#3046 = CLOSED_SHELL ( 'NONE', ( #3990, #3411, #3271, #74, #4107, #5177, #541, #3504, #4720, #2183, #617, #3660, #599, #4992, #5368, #5737, #3294, #1503, #3497, #5515, #1693, #4386, #1103, #2429, #3044, #3724, #2430, #3878, #2645, #3538, #4847, #3021, #1495, #4222, #2920, #1456, #3835, #274, #387, #1409, #725, #5029, #1673, #4141, #5001, #4098, #4357, #4400, #2773, #4206, #561, #423, #2737, #3326, #2144, #797, #3343, #3188, #5540, #2248, #2632, #341, #2797, #3048, #4925, #4696, #1983, #82, #693, #2614 ) ) ;
#3047 = EDGE_CURVE ( 'NONE', #3143, #802, #3702, .T. ) ;
#3048 = ADVANCED_FACE ( 'NONE', ( #1461 ), #3758, .F. ) ;
#3049 = DIRECTION ( 'NONE',  ( -1.000000000000000000, 0.000000000000000000, 0.000000000000000000 ) ) ;
#3050 = CARTESIAN_POINT ( 'NONE',  ( 0.9399798843744258114, 4.171275002134770205, -0.3499999999999999778 ) ) ;
#3051 = CARTESIAN_POINT ( 'NONE',  ( 5.430000000000000604, 0.5000000000000005551, -0.3499999999999999778 ) ) ;
#3052 =( NAMED_UNIT ( * ) SI_UNIT ( $, .STERADIAN. ) SOLID_ANGLE_UNIT ( ) );
#3053 = VECTOR ( 'NONE', #4268, 1000.000000000000000 ) ;
#3054 = EDGE_CURVE ( 'NONE', #634, #2066, #147, .T. ) ;
#3055 = VERTEX_POINT ( 'NONE', #4188 ) ;
#3056 = MECHANICAL_DESIGN_GEOMETRIC_PRESENTATION_REPRESENTATION (  '', ( #4970 ), #1050 ) ;
#3057 = PRESENTATION_STYLE_ASSIGNMENT (( #5336 ) ) ;
#3058 = CARTESIAN_POINT ( 'NONE',  ( 1.540000000000000480, 1.800000000000000488, 0.1283333333333336046 ) ) ;
#3059 = ADVANCED_FACE ( 'NONE', ( #5615 ), #1518, .T. ) ;
#3060 = VECTOR ( 'NONE', #4065, 1000.000000000000000 ) ;
#3061 = EDGE_LOOP ( 'NONE', ( #5835, #3122, #383, #2822 ) ) ;
#3062 = CARTESIAN_POINT ( 'NONE',  ( 4.729999999999999538, 8.199999999999999289, -0.3499999999999999778 ) ) ;
#3063 = LINE ( 'NONE', #823, #5365 ) ;
#3064 = SURFACE_SIDE_STYLE ('',( #254 ) ) ;
#3065 = VERTEX_POINT ( 'NONE', #4772 ) ;
#3066 = CARTESIAN_POINT ( 'NONE',  ( -0.4633568989079023814, 1.700000000000002620, -0.3499999999999999778 ) ) ;
#3067 = EDGE_LOOP ( 'NONE', ( #4858, #5808, #896, #76 ) ) ;
#3068 = CARTESIAN_POINT ( 'NONE',  ( 5.713148314883513379, 6.299478870653064888, -0.3499999999999999223 ) ) ;
#3069 = VERTEX_POINT ( 'NONE', #222 ) ;
#3070 = CARTESIAN_POINT ( 'NONE',  ( 5.130000000000000782, 8.026794919243110726, -0.05000000000000023870 ) ) ;
#3071 = CARTESIAN_POINT ( 'NONE',  ( -0.1499999999999994393, -3.000000000000000000, -0.3499999999999999778 ) ) ;
#3072 = COLOUR_RGB ( '',0.8313725490196077761, 0.6705882352941175961, 0.1294117647058823373 ) ;
#3073 = FILL_AREA_STYLE ('',( #263 ) ) ;
#3074 = CIRCLE ( 'NONE', #2691, 0.2999999999999999334 ) ;
#3075 = DIRECTION ( 'NONE',  ( -1.000000000000000000, 0.000000000000000000, 0.000000000000000000 ) ) ;
#3076 = EDGE_CURVE ( 'NONE', #1462, #3725, #3862, .T. ) ;
#3077 = ORIENTED_EDGE ( 'NONE', *, *, #1113, .F. ) ;
#3078 = CARTESIAN_POINT ( 'NONE',  ( 3.061845733883979737, 5.626229152235330488, -0.3499999999999999778 ) ) ;
#3079 = DIRECTION ( 'NONE',  ( 0.000000000000000000, 0.000000000000000000, 1.000000000000000000 ) ) ;
#3080 = STYLED_ITEM ( 'NONE', ( #2341 ), #2244 ) ;
#3081 = CARTESIAN_POINT ( 'NONE',  ( 4.730000000000001315, 0.5000000000000005551, 0.3499999999999999778 ) ) ;
#3082 = ORIENTED_EDGE ( 'NONE', *, *, #498, .T. ) ;
#3083 = PRESENTATION_STYLE_ASSIGNMENT (( #183 ) ) ;
#3084 = VECTOR ( 'NONE', #1871, 1000.000000000000000 ) ;
#3085 = PLANE ( 'NONE',  #3422 ) ;
#3086 = CARTESIAN_POINT ( 'NONE',  ( 1.000000000000000000, 2.207665535523691158, 0.3499999999999999223 ) ) ;
#3087 = SURFACE_SIDE_STYLE ('',( #1264 ) ) ;
#3088 = VERTEX_POINT ( 'NONE', #1207 ) ;
#3089 = AXIS2_PLACEMENT_3D ( 'NONE', #4224, #3327, #3360 ) ;
#3090 = EDGE_CURVE ( 'NONE', #1497, #3427, #4342, .T. ) ;
#3091 = CARTESIAN_POINT ( 'NONE',  ( 4.351497947711107095, 6.125528511109508578, -0.3500000000000000333 ) ) ;
#3092 =( GEOMETRIC_REPRESENTATION_CONTEXT ( 3 ) GLOBAL_UNCERTAINTY_ASSIGNED_CONTEXT ( ( #3924 ) ) GLOBAL_UNIT_ASSIGNED_CONTEXT ( ( #5607, #1016, #5580 ) ) REPRESENTATION_CONTEXT ( 'NONE', 'WORKASPACE' ) );
#3093 = ORIENTED_EDGE ( 'NONE', *, *, #862, .F. ) ;
#3094 = FACE_OUTER_BOUND ( 'NONE', #5501, .T. ) ;
#3095 = DIRECTION ( 'NONE',  ( 0.000000000000000000, 0.000000000000000000, -1.000000000000000000 ) ) ;
#3096 = CARTESIAN_POINT ( 'NONE',  ( 4.754744180118195551, 5.589454083063166046, -0.3499999999999999778 ) ) ;
#3097 = ORIENTED_EDGE ( 'NONE', *, *, #2609, .T. ) ;
#3098 = ORIENTED_EDGE ( 'NONE', *, *, #1034, .F. ) ;
#3099 = DIRECTION ( 'NONE',  ( 0.000000000000000000, -0.000000000000000000, -1.000000000000000000 ) ) ;
#3100 = SURFACE_STYLE_USAGE ( .BOTH. , #4412 ) ;
#3101 = ORIENTED_EDGE ( 'NONE', *, *, #1830, .T. ) ;
#3102 = CARTESIAN_POINT ( 'NONE',  ( 4.380000000000000782, 0.8000000000000004885, -0.3499999999999999778 ) ) ;
#3103 = CARTESIAN_POINT ( 'NONE',  ( 4.393245067392238745, 6.500000000000000888, -0.3500000000000010880 ) ) ;
#3104 = CARTESIAN_POINT ( 'NONE',  ( 6.550000000000000711, 0.000000000000000000, 1.199999999999999956 ) ) ;
#3105 = ORIENTED_EDGE ( 'NONE', *, *, #2747, .T. ) ;
#3106 = CARTESIAN_POINT ( 'NONE',  ( 0.7000000000000006217, 0.8000000000000007105, 0.3499999999999999778 ) ) ;
#3107 = PRESENTATION_STYLE_ASSIGNMENT (( #5363 ) ) ;
#3108 = EDGE_CURVE ( 'NONE', #2629, #2029, #336, .T. ) ;
#3109 = EDGE_LOOP ( 'NONE', ( #4094, #517, #3597, #5692 ) ) ;
#3110 = CARTESIAN_POINT ( 'NONE',  ( 2.892524015545778759, 5.732672356334978403, -0.3499999999999999778 ) ) ;
#3111 = CARTESIAN_POINT ( 'NONE',  ( 0.7871622536570932471, 5.777005459572332136, 0.3499999999999999778 ) ) ;
#3112 = PLANE ( 'NONE',  #2101 ) ;
#3113 = ORIENTED_EDGE ( 'NONE', *, *, #4330, .T. ) ;
#3114 = CARTESIAN_POINT ( 'NONE',  ( 4.134482203325870131, 4.067306563708462441, -0.3499999999999999223 ) ) ;
#3115 = VERTEX_POINT ( 'NONE', #5254 ) ;
#3116 = CARTESIAN_POINT ( 'NONE',  ( 1.759430448028449945, 5.815522798723463893, 0.3500000000000000333 ) ) ;
#3117 = CARTESIAN_POINT ( 'NONE',  ( 4.080000000000000071, 6.500000000000000888, 0.3499999999999989231 ) ) ;
#3118 = ORIENTED_EDGE ( 'NONE', *, *, #127, .T. ) ;
#3119 = FACE_OUTER_BOUND ( 'NONE', #4153, .T. ) ;
#3120 = ORIENTED_EDGE ( 'NONE', *, *, #934, .T. ) ;
#3121 = LINE ( 'NONE', #2705, #306 ) ;
#3122 = ORIENTED_EDGE ( 'NONE', *, *, #2103, .T. ) ;
#3123 = CARTESIAN_POINT ( 'NONE',  ( -0.3500000000000000333, 8.000000000000000000, -0.3499999999999999778 ) ) ;
#3124 = ADVANCED_FACE ( 'NONE', ( #3022 ), #3625, .T. ) ;
#3125 = B_SPLINE_CURVE_WITH_KNOTS ( 'NONE', 3,
 ( #5746, #5287, #1651, #2585 ),
 .UNSPECIFIED., .F., .F.,
 ( 4, 4 ),
 ( 0.000000000000000000, 1.000000000000000000 ),
 .UNSPECIFIED. ) ;
#3126 = EDGE_CURVE ( 'NONE', #2133, #2546, #3200, .T. ) ;
#3127 = LINE ( 'NONE', #3654, #1561 ) ;
#3128 = VECTOR ( 'NONE', #4005, 1000.000000000000000 ) ;
#3129 = CARTESIAN_POINT ( 'NONE',  ( 3.540000000000000036, 6.500000000000000888, -0.3500000000000010880 ) ) ;
#3130 = VERTEX_POINT ( 'NONE', #5008 ) ;
#3131 = DIRECTION ( 'NONE',  ( 0.000000000000000000, -0.000000000000000000, -1.000000000000000000 ) ) ;
#3132 = CARTESIAN_POINT ( 'NONE',  ( 4.393245067392238745, 10.39117142264903570, 0.3499999999999983125 ) ) ;
#3133 =( GEOMETRIC_REPRESENTATION_CONTEXT ( 3 ) GLOBAL_UNCERTAINTY_ASSIGNED_CONTEXT ( ( #5138 ) ) GLOBAL_UNIT_ASSIGNED_CONTEXT ( ( #1747, #5759, #3533 ) ) REPRESENTATION_CONTEXT ( 'NONE', 'WORKASPACE' ) );
#3134 = CIRCLE ( 'NONE', #1912, 0.2999999999999999334 ) ;
#3135 = VERTEX_POINT ( 'NONE', #1297 ) ;
#3136 = DIRECTION ( 'NONE',  ( 1.000000000000000000, 1.301042606982605479E-14, 0.000000000000000000 ) ) ;
#3137 = VECTOR ( 'NONE', #4493, 1000.000000000000000 ) ;
#3138 = CARTESIAN_POINT ( 'NONE',  ( 0.7982104639795067902, 5.709058272658547040, 0.3499999999999999778 ) ) ;
#3139 = PRESENTATION_STYLE_ASSIGNMENT (( #931 ) ) ;
#3140 = ORIENTED_EDGE ( 'NONE', *, *, #3471, .T. ) ;
#3141 = LINE ( 'NONE', #5033, #3281 ) ;
#3142 = EDGE_CURVE ( 'NONE', #207, #1276, #1786, .T. ) ;
#3143 = VERTEX_POINT ( 'NONE', #5881 ) ;
#3144 = EDGE_CURVE ( 'NONE', #1238, #377, #3141, .T. ) ;
#3145 = MECHANICAL_DESIGN_GEOMETRIC_PRESENTATION_REPRESENTATION (  '', ( #3706 ), #4388 ) ;
#3146 = LINE ( 'NONE', #2672, #3622 ) ;
#3147 = MECHANICAL_DESIGN_GEOMETRIC_PRESENTATION_REPRESENTATION (  '', ( #5752 ), #5461 ) ;
#3148 =( NAMED_UNIT ( * ) PLANE_ANGLE_UNIT ( ) SI_UNIT ( $, .RADIAN. ) );
#3149 = ORIENTED_EDGE ( 'NONE', *, *, #4402, .F. ) ;
#3150 = DIRECTION ( 'NONE',  ( 0.000000000000000000, -1.000000000000000000, 1.668003342285391797E-16 ) ) ;
#3151 = ORIENTED_EDGE ( 'NONE', *, *, #4643, .T. ) ;
#3152 = STYLED_ITEM ( 'NONE', ( #4679 ), #464 ) ;
#3153 = CARTESIAN_POINT ( 'NONE',  ( -1.469999999999999973, 1.601149768326593145E-16, 0.6500000000000012434 ) ) ;
#3154 = EDGE_CURVE ( 'NONE', #3681, #888, #819, .T. ) ;
#3155 = VERTEX_POINT ( 'NONE', #366 ) ;
#3156 = LINE ( 'NONE', #4989, #1917 ) ;
#3157 = VECTOR ( 'NONE', #2278, 1000.000000000000000 ) ;
#3158 = DIRECTION ( 'NONE',  ( -0.000000000000000000, -1.000000000000000000, 1.668003342285391551E-16 ) ) ;
#3159 = DIRECTION ( 'NONE',  ( -1.000000000000000000, 0.000000000000000000, 0.000000000000000000 ) ) ;
#3160 =( GEOMETRIC_REPRESENTATION_CONTEXT ( 3 ) GLOBAL_UNCERTAINTY_ASSIGNED_CONTEXT ( ( #1991 ) ) GLOBAL_UNIT_ASSIGNED_CONTEXT ( ( #1846, #152, #4116 ) ) REPRESENTATION_CONTEXT ( 'NONE', 'WORKASPACE' ) );
#3161 = ORIENTED_EDGE ( 'NONE', *, *, #319, .T. ) ;
#3162 = EDGE_CURVE ( 'NONE', #3938, #3347, #1328, .T. ) ;
#3163 =( NAMED_UNIT ( * ) PLANE_ANGLE_UNIT ( ) SI_UNIT ( $, .RADIAN. ) );
#3164 = CYLINDRICAL_SURFACE ( 'NONE', #4401, 0.2999999999999999334 ) ;
#3165 = FACE_OUTER_BOUND ( 'NONE', #3668, .T. ) ;
#3166 = VECTOR ( 'NONE', #1406, 1000.000000000000000 ) ;
#3167 =( BOUNDED_CURVE ( )  B_SPLINE_CURVE ( 3, ( #5513, #1413, #4513, #5904, #530, #3220, #4171 ),
 .UNSPECIFIED., .F., .F. ) 
 B_SPLINE_CURVE_WITH_KNOTS ( ( 4, 3, 4 ),
 ( 0.8078321013870638501, 3.141592653589792228, 5.475353205792520050 ),
 .UNSPECIFIED. ) 
 CURVE ( )  GEOMETRIC_REPRESENTATION_ITEM ( )  RATIONAL_B_SPLINE_CURVE ( ( 1.000000000000000000, 0.5953481791230079700, 0.5953481791230079700, 1.000000000000000000, 0.5953481791230080811, 0.5953481791230080811, 1.000000000000000000 ) ) 
 REPRESENTATION_ITEM ( '' )  );
#3168 = CARTESIAN_POINT ( 'NONE',  ( 4.729999999999999538, 8.199999999999999289, 0.3499999999999999778 ) ) ;
#3169 =( GEOMETRIC_REPRESENTATION_CONTEXT ( 3 ) GLOBAL_UNCERTAINTY_ASSIGNED_CONTEXT ( ( #2078 ) ) GLOBAL_UNIT_ASSIGNED_CONTEXT ( ( #4341, #2221, #2492 ) ) REPRESENTATION_CONTEXT ( 'NONE', 'WORKASPACE' ) );
#3170 = CARTESIAN_POINT ( 'NONE',  ( 0.000000000000000000, 6.299999999999999822, -0.3499999999999999778 ) ) ;
#3171 = LINE ( 'NONE', #47, #3799 ) ;
#3172 = ORIENTED_EDGE ( 'NONE', *, *, #5554, .F. ) ;
#3173 = AXIS2_PLACEMENT_3D ( 'NONE', #36, #1407, #5452 ) ;
#3174 = CARTESIAN_POINT ( 'NONE',  ( 4.165291895435263569, 4.597665842577887574, -0.3499999999999999778 ) ) ;
#3175 = VERTEX_POINT ( 'NONE', #2636 ) ;
#3176 = CARTESIAN_POINT ( 'NONE',  ( 1.605174816799755266, 4.263498050147333629, 0.3499999999999998668 ) ) ;
#3177 = FILL_AREA_STYLE ('',( #5341 ) ) ;
#3178 = LINE ( 'NONE', #1858, #5449 ) ;
#3179 = ORIENTED_EDGE ( 'NONE', *, *, #188, .T. ) ;
#3180 = EDGE_LOOP ( 'NONE', ( #4451, #4938, #2206, #4964 ) ) ;
#3181 = VECTOR ( 'NONE', #3453, 1000.000000000000000 ) ;
#3182 = CARTESIAN_POINT ( 'NONE',  ( 0.4999999999999985012, 6.084152315493285279, -0.3499999999999999778 ) ) ;
#3183 = FILL_AREA_STYLE_COLOUR ( '', #223 ) ;
#3184 = VERTEX_POINT ( 'NONE', #4544 ) ;
#3185 = DIRECTION ( 'NONE',  ( -1.000000000000000000, -3.097720492815726426E-17, 0.000000000000000000 ) ) ;
#3186 = CARTESIAN_POINT ( 'NONE',  ( -0.3500000000000000333, 8.199999999999999289, -0.3499999999999999778 ) ) ;
#3187 = AXIS2_PLACEMENT_3D ( 'NONE', #5243, #333, #3438 ) ;
#3188 = ADVANCED_FACE ( 'NONE', ( #881 ), #2283, .F. ) ;
#3189 = CARTESIAN_POINT ( 'NONE',  ( -0.4999999999999985012, 6.084152315493286167, -0.3499999999999999223 ) ) ;
#3190 = CARTESIAN_POINT ( 'NONE',  ( -0.6867549326077613259, 8.000000000000000000, -0.6500000000000030198 ) ) ;
#3191 = ORIENTED_EDGE ( 'NONE', *, *, #4416, .F. ) ;
#3192 =( NAMED_UNIT ( * ) SI_UNIT ( $, .STERADIAN. ) SOLID_ANGLE_UNIT ( ) );
#3193 = PRESENTATION_STYLE_ASSIGNMENT (( #2218 ) ) ;
#3194 = DIRECTION ( 'NONE',  ( -1.000000000000000000, 0.000000000000000000, 7.744301232039316681E-17 ) ) ;
#3195 = CARTESIAN_POINT ( 'NONE',  ( 2.189999999999999947, 0.000000000000000000, 0.3499999999999999778 ) ) ;
#3196 = DIRECTION ( 'NONE',  ( 1.000000000000000000, 0.000000000000000000, 0.000000000000000000 ) ) ;
#3197 = CARTESIAN_POINT ( 'NONE',  ( 2.187475984454220423, 5.732672356334980179, 0.3499999999999999778 ) ) ;
#3198 = ORIENTED_EDGE ( 'NONE', *, *, #1544, .T. ) ;
#3199 =( BOUNDED_SURFACE ( )  B_SPLINE_SURFACE ( 2, 3, ( 
 ( #482, #2322, #3727, #538 ),
 ( #2366, #5583, #3293, #5122 ),
 ( #1019, #2401, #5610, #4217 ) ),
 .UNSPECIFIED., .F., .F., .F. ) 
 B_SPLINE_SURFACE_WITH_KNOTS ( ( 3, 3 ),
 ( 4, 4 ),
 ( 0.000000000000000000, 1.000000000000000000 ),
 ( -3.500000000000000371E-05, 0.0007349999999999999763 ),
 .UNSPECIFIED. ) 
 GEOMETRIC_REPRESENTATION_ITEM ( )  RATIONAL_B_SPLINE_SURFACE ( (
 ( 1.000000000000000000, 1.000000000000000000, 1.000000000000000000, 1.000000000000000000),
 ( 0.7071067811865475727, 0.7071067811865475727, 0.7071067811865475727, 0.7071067811865475727),
 ( 1.000000000000000000, 1.000000000000000000, 1.000000000000000000, 1.000000000000000000) ) ) 
 REPRESENTATION_ITEM ( '' )  SURFACE ( )  );
#3200 = LINE ( 'NONE', #936, #2996 ) ;
#3201 = ORIENTED_EDGE ( 'NONE', *, *, #5664, .F. ) ;
#3202 = CARTESIAN_POINT ( 'NONE',  ( 0.6000000000000005329, 6.299999999999999822, 0.3499999999999999778 ) ) ;
#3203 = CARTESIAN_POINT ( 'NONE',  ( 4.155941859282680895, 4.443591676418676251, 0.3499999999999999778 ) ) ;
#3204 = ORIENTED_EDGE ( 'NONE', *, *, #5110, .F. ) ;
#3205 = PRESENTATION_STYLE_ASSIGNMENT (( #1770 ) ) ;
#3206 = ORIENTED_EDGE ( 'NONE', *, *, #4367, .F. ) ;
#3207 = DIRECTION ( 'NONE',  ( -0.000000000000000000, -0.000000000000000000, -1.000000000000000000 ) ) ;
#3208 =( BOUNDED_CURVE ( )  B_SPLINE_CURVE ( 3, ( #1667, #5846, #5326, #4828, #1199, #3043, #4882 ),
 .UNSPECIFIED., .F., .F. ) 
 B_SPLINE_CURVE_WITH_KNOTS ( ( 4, 3, 4 ),
 ( 0.8078321013870645162, 3.141592653589793116, 5.475353205792521827 ),
 .UNSPECIFIED. ) 
 CURVE ( )  GEOMETRIC_REPRESENTATION_ITEM ( )  RATIONAL_B_SPLINE_CURVE ( ( 1.000000000000000000, 0.5953481791230077480, 0.5953481791230077480, 1.000000000000000000, 0.5953481791230077480, 0.5953481791230077480, 1.000000000000000000 ) ) 
 REPRESENTATION_ITEM ( '' )  );
#3209 = FACE_OUTER_BOUND ( 'NONE', #1911, .T. ) ;
#3210 = ORIENTED_EDGE ( 'NONE', *, *, #1877, .F. ) ;
#3211 = DIRECTION ( 'NONE',  ( 0.000000000000000000, 0.000000000000000000, 1.000000000000000000 ) ) ;
#3212 = CARTESIAN_POINT ( 'NONE',  ( 3.540000000000001368, 2.615493535622417376, -0.3500000000000000333 ) ) ;
#3213 = EDGE_CURVE ( 'NONE', #5282, #5136, #5906, .T. ) ;
#3214 = CARTESIAN_POINT ( 'NONE',  ( 0.3500000000000000333, 0.000000000000000000, -0.3500000000000000333 ) ) ;
#3215 = CARTESIAN_POINT ( 'NONE',  ( 1.853245067392238710, 0.5000000000000000000, -0.6500000000000013545 ) ) ;
#3216 = ORIENTED_EDGE ( 'NONE', *, *, #2254, .F. ) ;
#3217 = FILL_AREA_STYLE_COLOUR ( '', #4782 ) ;
#3218 = DIRECTION ( 'NONE',  ( 0.7071067811865489050, -0.7071067811865460184, 0.000000000000000000 ) ) ;
#3219 = DIRECTION ( 'NONE',  ( 0.000000000000000000, -1.000000000000000000, 0.000000000000000000 ) ) ;
#3220 = CARTESIAN_POINT ( 'NONE',  ( 3.185466478527304801, 3.877691542223584698, 0.3499999999999999778 ) ) ;
#3221 = DIRECTION ( 'NONE',  ( 3.097720492815726426E-17, -1.000000000000000000, 0.000000000000000000 ) ) ;
#3222 = MECHANICAL_DESIGN_GEOMETRIC_PRESENTATION_REPRESENTATION (  '', ( #268 ), #2560 ) ;
#3223 = SURFACE_SIDE_STYLE ('',( #2810 ) ) ;
#3224 = DIRECTION ( 'NONE',  ( -0.000000000000000000, -1.000000000000000000, 1.668003342285391551E-16 ) ) ;
#3225 = ORIENTED_EDGE ( 'NONE', *, *, #1839, .F. ) ;
#3226 = COLOUR_RGB ( '',0.8313725490196077761, 0.6705882352941175961, 0.1294117647058823373 ) ;
#3227 = EDGE_CURVE ( 'NONE', #4443, #3309, #3549, .T. ) ;
#3228 = FACE_OUTER_BOUND ( 'NONE', #4069, .T. ) ;
#3229 = ORIENTED_EDGE ( 'NONE', *, *, #3877, .F. ) ;
#3230 = EDGE_CURVE ( 'NONE', #402, #5307, #600, .T. ) ;
#3231 = CARTESIAN_POINT ( 'NONE',  ( 1.558339320387593485, 3.374693912574938448, 0.3499999999999999778 ) ) ;
#3232 =( NAMED_UNIT ( * ) PLANE_ANGLE_UNIT ( ) SI_UNIT ( $, .RADIAN. ) );
#3233 = CARTESIAN_POINT ( 'NONE',  ( 4.480000000000000426, 6.299999999999999822, 0.3499999999999999778 ) ) ;
#3234 = MECHANICAL_DESIGN_GEOMETRIC_PRESENTATION_REPRESENTATION (  '', ( #2474 ), #664 ) ;
#3235 = ORIENTED_EDGE ( 'NONE', *, *, #780, .T. ) ;
#3236 = DIRECTION ( 'NONE',  ( -0.000000000000000000, -0.000000000000000000, -1.000000000000000000 ) ) ;
#3237 = CARTESIAN_POINT ( 'NONE',  ( 0.3252558198818050195, 5.589454083063163381, 0.3499999999999999778 ) ) ;
#3238 =( NAMED_UNIT ( * ) SI_UNIT ( $, .STERADIAN. ) SOLID_ANGLE_UNIT ( ) );
#3239 = VERTEX_POINT ( 'NONE', #1451 ) ;
#3240 = LINE ( 'NONE', #5072, #4664 ) ;
#3241 = DIRECTION ( 'NONE',  ( 1.000000000000000000, 0.000000000000000000, 0.000000000000000000 ) ) ;
#3242 = ORIENTED_EDGE ( 'NONE', *, *, #5241, .T. ) ;
#3243 = CIRCLE ( 'NONE', #670, 0.2999999999999999334 ) ;
#3244 = DIRECTION ( 'NONE',  ( -1.000000000000000000, -0.000000000000000000, -0.000000000000000000 ) ) ;
#3245 = CARTESIAN_POINT ( 'NONE',  ( 0.4481930454221421667, 5.884855341312110077, 0.3499999999999999778 ) ) ;
#3246 = ORIENTED_EDGE ( 'NONE', *, *, #822, .T. ) ;
#3247 = CARTESIAN_POINT ( 'NONE',  ( 5.080000000000000071, -3.000000000000000000, 0.3499999999999999778 ) ) ;
#3248 = UNCERTAINTY_MEASURE_WITH_UNIT (LENGTH_MEASURE( 1.000000000000000082E-05 ), #4732, 'distance_accuracy_value', 'NONE');
#3249 = ADVANCED_FACE ( 'NONE', ( #2397 ), #5150, .F. ) ;
#3250 = STYLED_ITEM ( 'NONE', ( #4668 ), #712 ) ;
#3251 = FILL_AREA_STYLE ('',( #18 ) ) ;
#3252 = CARTESIAN_POINT ( 'NONE',  ( -0.6999999999999995115, 0.5000000000000004441, 0.3499999999999999778 ) ) ;
#3253 = VECTOR ( 'NONE', #2497, 1000.000000000000000 ) ;
#3254 = FILL_AREA_STYLE_COLOUR ( '', #860 ) ;
#3255 = ORIENTED_EDGE ( 'NONE', *, *, #75, .F. ) ;
#3256 = EDGE_CURVE ( 'NONE', #370, #2294, #417, .T. ) ;
#3257 = EDGE_CURVE ( 'NONE', #4551, #4179, #1985, .T. ) ;
#3258 = VECTOR ( 'NONE', #4435, 1000.000000000000000 ) ;
#3259 = DIRECTION ( 'NONE',  ( 0.000000000000000000, -1.000000000000000000, 1.668003342285391797E-16 ) ) ;
#3260 = ORIENTED_EDGE ( 'NONE', *, *, #4582, .F. ) ;
#3261 = CARTESIAN_POINT ( 'NONE',  ( -0.6867549326077613259, 10.39117142264903570, -0.3500000000000017542 ) ) ;
#3262 = FILL_AREA_STYLE ('',( #1053 ) ) ;
#3263 = EDGE_CURVE ( 'NONE', #1287, #4443, #4665, .T. ) ;
#3264 = ORIENTED_EDGE ( 'NONE', *, *, #5262, .T. ) ;
#3265 = CARTESIAN_POINT ( 'NONE',  ( -0.3500000000000000333, 0.000000000000000000, 0.3499999999999999778 ) ) ;
#3266 = LINE ( 'NONE', #4738, #2404 ) ;
#3267 = SURFACE_SIDE_STYLE ('',( #5157 ) ) ;
#3268 = VECTOR ( 'NONE', #3983, 1000.000000000000000 ) ;
#3269 = ORIENTED_EDGE ( 'NONE', *, *, #745, .T. ) ;
#3270 = SURFACE_SIDE_STYLE ('',( #1948 ) ) ;
#3271 = ADVANCED_FACE ( 'NONE', ( #566 ), #1963, .F. ) ;
#3272 = CARTESIAN_POINT ( 'NONE',  ( -0.7851402509197632495, 5.788964205960194676, 0.3499999999999999223 ) ) ;
#3273 = ORIENTED_EDGE ( 'NONE', *, *, #2096, .T. ) ;
#3274 = COLOUR_RGB ( '',0.8313725490196077761, 0.6705882352941175961, 0.1294117647058823373 ) ;
#3275 = UNCERTAINTY_MEASURE_WITH_UNIT (LENGTH_MEASURE( 1.000000000000000082E-05 ), #5031, 'distance_accuracy_value', 'NONE');
#3276 = SURFACE_STYLE_USAGE ( .BOTH. , #4259 ) ;
#3277 = UNCERTAINTY_MEASURE_WITH_UNIT (LENGTH_MEASURE( 1.000000000000000082E-05 ), #5829, 'distance_accuracy_value', 'NONE');
#3278 = CARTESIAN_POINT ( 'NONE',  ( 5.867536108384567406, 5.774771377977485187, 0.3499999999999999778 ) ) ;
#3279 = VERTEX_POINT ( 'NONE', #1421 ) ;
#3280 = FILL_AREA_STYLE_COLOUR ( '', #1247 ) ;
#3281 = VECTOR ( 'NONE', #3578, 1000.000000000000000 ) ;
#3282 = UNCERTAINTY_MEASURE_WITH_UNIT (LENGTH_MEASURE( 1.000000000000000082E-05 ), #2673, 'distance_accuracy_value', 'NONE');
#3283 = CARTESIAN_POINT ( 'NONE',  ( 5.601845733883980216, 5.626229152235330488, 0.3499999999999999778 ) ) ;
#3284 = CARTESIAN_POINT ( 'NONE',  ( 4.730000000000001315, 0.5000000000000005551, -0.3499999999999999778 ) ) ;
#3285 = PLANE ( 'NONE',  #2507 ) ;
#3286 = VERTEX_POINT ( 'NONE', #4699 ) ;
#3287 = LINE ( 'NONE', #3665, #4979 ) ;
#3288 = CARTESIAN_POINT ( 'NONE',  ( 1.811497947711105727, 6.125528511109506802, -0.3500000000000000333 ) ) ;
#3289 = ORIENTED_EDGE ( 'NONE', *, *, #2978, .F. ) ;
#3290 = CARTESIAN_POINT ( 'NONE',  ( 4.558154266116019926, 5.626229152235333153, -0.3499999999999999778 ) ) ;
#3291 = VERTEX_POINT ( 'NONE', #138 ) ;
#3292 = CARTESIAN_POINT ( 'NONE',  ( 0.7612207868701985625, 5.920464898423897004, -0.3499999999999999223 ) ) ;
#3293 = CARTESIAN_POINT ( 'NONE',  ( -0.9999999999999996669, 6.299999999999999822, -0.1283333333333334936 ) ) ;
#3294 = ADVANCED_FACE ( 'NONE', ( #535 ), #3780, .F. ) ;
#3295 = ORIENTED_EDGE ( 'NONE', *, *, #1601, .T. ) ;
#3296 = FACE_OUTER_BOUND ( 'NONE', #325, .T. ) ;
#3297 = DIRECTION ( 'NONE',  ( -1.000000000000000000, 0.000000000000000000, 0.000000000000000000 ) ) ;
#3298 = EDGE_CURVE ( 'NONE', #1381, #1302, #2899, .T. ) ;
#3299 = PRESENTATION_STYLE_ASSIGNMENT (( #4281 ) ) ;
#3300 = ORIENTED_EDGE ( 'NONE', *, *, #588, .T. ) ;
#3301 = FACE_OUTER_BOUND ( 'NONE', #4521, .T. ) ;
#3302 = CARTESIAN_POINT ( 'NONE',  ( 3.400164356702979784, 5.218128553112158841, -0.3499999999999999778 ) ) ;
#3303 = DIRECTION ( 'NONE',  ( 0.000000000000000000, 0.000000000000000000, 1.000000000000000000 ) ) ;
#3304 = ORIENTED_EDGE ( 'NONE', *, *, #4110, .F. ) ;
#3305 = LINE ( 'NONE', #2466, #4899 ) ;
#3306 = ADVANCED_FACE ( 'NONE', ( #3228 ), #4730, .F. ) ;
#3307 = EDGE_CURVE ( 'NONE', #3184, #917, #5793, .T. ) ;
#3308 = DIRECTION ( 'NONE',  ( 0.000000000000000000, -1.000000000000000000, 0.000000000000000000 ) ) ;
#3309 = VERTEX_POINT ( 'NONE', #4358 ) ;
#3310 = DIRECTION ( 'NONE',  ( -0.000000000000000000, -0.000000000000000000, 1.000000000000000000 ) ) ;
#3311 = DIRECTION ( 'NONE',  ( 1.000000000000000000, 0.000000000000000000, 0.000000000000000000 ) ) ;
#3312 = CARTESIAN_POINT ( 'NONE',  ( -0.6662662111509194407, 6.298959448224835889, -0.3500000000000000333 ) ) ;
#3313 = CARTESIAN_POINT ( 'NONE',  ( 3.540000000000000480, 1.800000000000000488, 0.1283333333333333270 ) ) ;
#3314 = VERTEX_POINT ( 'NONE', #5329 ) ;
#3315 = DIRECTION ( 'NONE',  ( 1.000000000000000000, -8.673617379884030739E-15, 0.000000000000000000 ) ) ;
#3316 = FACE_OUTER_BOUND ( 'NONE', #1371, .T. ) ;
#3317 = VECTOR ( 'NONE', #5760, 1000.000000000000000 ) ;
#3318 = VECTOR ( 'NONE', #4497, 1000.000000000000000 ) ;
#3319 = LINE ( 'NONE', #1140, #1046 ) ;
#3320 = LINE ( 'NONE', #568, #5149 ) ;
#3321 = SURFACE_STYLE_FILL_AREA ( #3262 ) ;
#3322 = ORIENTED_EDGE ( 'NONE', *, *, #5647, .T. ) ;
#3323 = PRESENTATION_LAYER_ASSIGNMENT (  '', '', ( #2566 ) ) ;
#3324 = CARTESIAN_POINT ( 'NONE',  ( 5.579999999999999183, 6.084152315493285279, -0.3500000000000000333 ) ) ;
#3325 = SURFACE_SIDE_STYLE ('',( #4611 ) ) ;
#3326 = ADVANCED_FACE ( 'NONE', ( #4884 ), #2925, .F. ) ;
#3327 = DIRECTION ( 'NONE',  ( -0.000000000000000000, 1.668003342285391551E-16, 1.000000000000000000 ) ) ;
#3328 = ORIENTED_EDGE ( 'NONE', *, *, #1277, .F. ) ;
#3329 = CIRCLE ( 'NONE', #4283, 0.1999999999999999833 ) ;
#3330 = LINE ( 'NONE', #4678, #1133 ) ;
#3331 = CARTESIAN_POINT ( 'NONE',  ( 3.325140250919767393, 5.788964205960195564, -0.3500000000000000333 ) ) ;
#3332 = CARTESIAN_POINT ( 'NONE',  ( 4.727475984454220459, 5.732672356334980179, 0.3499999999999999778 ) ) ;
#3333 = CARTESIAN_POINT ( 'NONE',  ( 5.080000000000000071, 0.5000000000000005551, 0.3499999999999999778 ) ) ;
#3334 = CARTESIAN_POINT ( 'NONE',  ( -0.7741471366726800918, 5.851685420754310307, 0.3500000000000000888 ) ) ;
#3335 = ORIENTED_EDGE ( 'NONE', *, *, #5467, .F. ) ;
#3336 = VECTOR ( 'NONE', #5333, 1000.000000000000000 ) ;
#3337 = CARTESIAN_POINT ( 'NONE',  ( 3.061845733883979737, 5.626229152235330488, 0.000000000000000000 ) ) ;
#3338 = FILL_AREA_STYLE ('',( #4324 ) ) ;
#3339 = ORIENTED_EDGE ( 'NONE', *, *, #3162, .F. ) ;
#3340 =( NAMED_UNIT ( * ) PLANE_ANGLE_UNIT ( ) SI_UNIT ( $, .RADIAN. ) );
#3341 = PRESENTATION_LAYER_ASSIGNMENT (  '', '', ( #5936 ) ) ;
#3342 = SHAPE_DEFINITION_REPRESENTATION ( #1800, #3865 ) ;
#3343 = ADVANCED_FACE ( 'NONE', ( #1699 ), #2076, .F. ) ;
#3344 = CARTESIAN_POINT ( 'NONE',  ( -0.3500000000000000333, 8.000000000000000000, -0.3499999999999999778 ) ) ;
#3345 = CARTESIAN_POINT ( 'NONE',  ( 3.540000000000001368, 6.299999999999999822, -0.3850000000000000089 ) ) ;
#3346 = AXIS2_PLACEMENT_3D ( 'NONE', #5447, #2650, #4468 ) ;
#3347 = VERTEX_POINT ( 'NONE', #1607 ) ;
#3348 = DIRECTION ( 'NONE',  ( 0.000000000000000000, -0.000000000000000000, -1.000000000000000000 ) ) ;
#3349 = FACE_OUTER_BOUND ( 'NONE', #4700, .T. ) ;
#3350 = VECTOR ( 'NONE', #3912, 1000.000000000000000 ) ;
#3351 = EDGE_LOOP ( 'NONE', ( #4985, #4716, #1368, #812 ) ) ;
#3352 = CARTESIAN_POINT ( 'NONE',  ( 5.430000000000000604, 1.084202172485506745E-17, 0.3499999999999999778 ) ) ;
#3353 = ORIENTED_EDGE ( 'NONE', *, *, #2648, .T. ) ;
#3354 =( NAMED_UNIT ( * ) PLANE_ANGLE_UNIT ( ) SI_UNIT ( $, .RADIAN. ) );
#3355 = PRESENTATION_STYLE_ASSIGNMENT (( #5678 ) ) ;
#3356 = ORIENTED_EDGE ( 'NONE', *, *, #4662, .T. ) ;
#3357 = DIRECTION ( 'NONE',  ( 0.000000000000000000, 0.000000000000000000, -1.000000000000000000 ) ) ;
#3358 =( GEOMETRIC_REPRESENTATION_CONTEXT ( 3 ) GLOBAL_UNCERTAINTY_ASSIGNED_CONTEXT ( ( #3439 ) ) GLOBAL_UNIT_ASSIGNED_CONTEXT ( ( #3738, #4748, #1190 ) ) REPRESENTATION_CONTEXT ( 'NONE', 'WORKASPACE' ) );
#3359 = CARTESIAN_POINT ( 'NONE',  ( 5.432524015545779683, 5.732672356334978403, 0.3499999999999999778 ) ) ;
#3360 = DIRECTION ( 'NONE',  ( 0.000000000000000000, -1.000000000000000000, 1.668003342285391551E-16 ) ) ;
#3361 = ORIENTED_EDGE ( 'NONE', *, *, #346, .T. ) ;
#3362 = CARTESIAN_POINT ( 'NONE',  ( 2.890000000000000124, 8.199999999999999289, 0.3499999999999999778 ) ) ;
#3363 = CARTESIAN_POINT ( 'NONE',  ( -0.3252558198818047974, 5.589454083063166046, 0.3499999999999999778 ) ) ;
#3364 = VECTOR ( 'NONE', #1076, 1000.000000000000000 ) ;
#3365 = SURFACE_SIDE_STYLE ('',( #3794 ) ) ;
#3366 = CARTESIAN_POINT ( 'NONE',  ( -0.8192859076621706871, 5.570187327444797276, 0.3499999999999999778 ) ) ;
#3367 = VERTEX_POINT ( 'NONE', #2575 ) ;
#3368 = VECTOR ( 'NONE', #4419, 1000.000000000000000 ) ;
#3369 = SURFACE_STYLE_FILL_AREA ( #1469 ) ;
#3370 = CARTESIAN_POINT ( 'NONE',  ( -6.734562392116876374E-17, 8.500000000000000000, -0.8696152422706644458 ) ) ;
#3371 = ORIENTED_EDGE ( 'NONE', *, *, #3144, .T. ) ;
#3372 = CARTESIAN_POINT ( 'NONE',  ( -1.000000000000000000, 6.500000000000000888, -0.3500000000000010880 ) ) ;
#3373 = DIRECTION ( 'NONE',  ( 0.000000000000000000, -1.000000000000000000, 1.668003342285391797E-16 ) ) ;
#3374 =( BOUNDED_SURFACE ( )  B_SPLINE_SURFACE ( 3, 1, ( 
 ( #2349, #4157 ),
 ( #1457, #3825 ),
 ( #5645, #3324 ),
 ( #1022, #4609 ) ),
 .UNSPECIFIED., .F., .F., .F. ) 
 B_SPLINE_SURFACE_WITH_KNOTS ( ( 4, 4 ),
 ( 2, 2 ),
 ( 0.000000000000000000, 1.000000000000000000 ),
 ( 0.000000000000000000, 1.000000000000000000 ),
 .UNSPECIFIED. ) 
 GEOMETRIC_REPRESENTATION_ITEM ( )  RATIONAL_B_SPLINE_SURFACE ( (
 ( 1.000000000000000000, 1.000000000000000000),
 ( 0.9488815137910380226, 0.9488815137910380226),
 ( 0.9488815137910380226, 0.9488815137910380226),
 ( 1.000000000000000000, 1.000000000000000000) ) ) 
 REPRESENTATION_ITEM ( '' )  SURFACE ( )  );
#3375 = CARTESIAN_POINT ( 'NONE',  ( -0.7871219925015946473, 5.777242093666543177, -0.3499999999999999778 ) ) ;
#3376 = CARTESIAN_POINT ( 'NONE',  ( 0.3500000000000008105, 1.084202172485506745E-17, 0.3499999999999999778 ) ) ;
#3377 = CARTESIAN_POINT ( 'NONE',  ( 4.729999999999999538, 8.000000000000000000, -0.3499999999999999778 ) ) ;
#3378 = PRESENTATION_LAYER_ASSIGNMENT (  '', '', ( #3846 ) ) ;
#3379 = EDGE_CURVE ( 'NONE', #207, #5433, #4763, .T. ) ;
#3380 = DIRECTION ( 'NONE',  ( 1.000000000000000000, 0.000000000000000000, 0.000000000000000000 ) ) ;
#3381 = CARTESIAN_POINT ( 'NONE',  ( 1.730497576386657910, 5.635051924202447715, -0.3499999999999998668 ) ) ;
#3382 = VERTEX_POINT ( 'NONE', #1108 ) ;
#3383 = FILL_AREA_STYLE_COLOUR ( '', #4762 ) ;
#3384 = CARTESIAN_POINT ( 'NONE',  ( 1.540000000000000036, 6.500000000000000888, 0.3499999999999989231 ) ) ;
#3385 = DIRECTION ( 'NONE',  ( -1.000000000000000000, 0.000000000000000000, 0.000000000000000000 ) ) ;
#3386 = EDGE_CURVE ( 'NONE', #4927, #572, #781, .T. ) ;
#3387 = ORIENTED_EDGE ( 'NONE', *, *, #841, .F. ) ;
#3388 = DIRECTION ( 'NONE',  ( 0.000000000000000000, 0.000000000000000000, 1.000000000000000000 ) ) ;
#3389 = FILL_AREA_STYLE_COLOUR ( '', #5296 ) ;
#3390 = EDGE_LOOP ( 'NONE', ( #2643, #3093, #4038, #1832 ) ) ;
#3391 = DIRECTION ( 'NONE',  ( 0.000000000000000000, 0.000000000000000000, -1.000000000000000000 ) ) ;
#3392 = DIRECTION ( 'NONE',  ( -7.744301232039316681E-17, 0.000000000000000000, -1.000000000000000000 ) ) ;
#3393 = CARTESIAN_POINT ( 'NONE',  ( 1.540000000000000036, 6.500000000000000888, -0.3500000000000010880 ) ) ;
#3394 = ORIENTED_EDGE ( 'NONE', *, *, #4211, .F. ) ;
#3395 = PRESENTATION_STYLE_ASSIGNMENT (( #3767 ) ) ;
#3396 = CARTESIAN_POINT ( 'NONE',  ( 5.808502052288794459, 6.125528511109557428, 0.3499999999999999223 ) ) ;
#3397 = ORIENTED_EDGE ( 'NONE', *, *, #4105, .T. ) ;
#3398 = DIRECTION ( 'NONE',  ( 0.6546536707079769757, -0.3779644730092281413, -0.6546536707079769757 ) ) ;
#3399 = LINE ( 'NONE', #1597, #4298 ) ;
#3400 = PRESENTATION_STYLE_ASSIGNMENT (( #1630 ) ) ;
#3401 = EDGE_CURVE ( 'NONE', #2066, #5741, #1230, .T. ) ;
#3402 =( BOUNDED_CURVE ( )  B_SPLINE_CURVE ( 3, ( #5005, #5908, #988, #3197 ),
 .UNSPECIFIED., .F., .F. ) 
 B_SPLINE_CURVE_WITH_KNOTS ( ( 4, 4 ),
 ( 1.570796326794896336, 2.359101780428492390 ),
 .UNSPECIFIED. ) 
 CURVE ( )  GEOMETRIC_REPRESENTATION_ITEM ( )  RATIONAL_B_SPLINE_CURVE ( ( 1.000000000000000000, 0.9488815137910384667, 0.9488815137910384667, 1.000000000000000000 ) ) 
 REPRESENTATION_ITEM ( '' )  );
#3403 = ORIENTED_EDGE ( 'NONE', *, *, #2255, .F. ) ;
#3404 = CARTESIAN_POINT ( 'NONE',  ( 3.389183477980650672, 5.324198710742059859, 0.3500000000000000888 ) ) ;
#3405 = DIRECTION ( 'NONE',  ( 0.000000000000000000, 0.000000000000000000, -1.000000000000000000 ) ) ;
#3406 = ORIENTED_EDGE ( 'NONE', *, *, #2291, .T. ) ;
#3407 = LINE ( 'NONE', #2424, #3904 ) ;
#3408 = FACE_OUTER_BOUND ( 'NONE', #1007, .T. ) ;
#3409 = SURFACE_SIDE_STYLE ('',( #1177 ) ) ;
#3410 = EDGE_LOOP ( 'NONE', ( #5328, #5732, #4423, #1668 ) ) ;
#3411 = ADVANCED_FACE ( 'NONE', ( #4393 ), #305, .F. ) ;
#3412 = PLANE ( 'NONE',  #4082 ) ;
#3413 = PRESENTATION_LAYER_ASSIGNMENT (  '', '', ( #3688 ) ) ;
#3414 = PLANE ( 'NONE',  #1669 ) ;
#3415 = FILL_AREA_STYLE ('',( #756 ) ) ;
#3416 = ORIENTED_EDGE ( 'NONE', *, *, #1652, .T. ) ;
#3417 = CARTESIAN_POINT ( 'NONE',  ( 4.729999999999999538, 0.000000000000000000, 0.3499999999999999778 ) ) ;
#3418 = LINE ( 'NONE', #3473, #4792 ) ;
#3419 = CARTESIAN_POINT ( 'NONE',  ( 1.000000000000000666, 1.121588454295350273E-16, -0.3499999999999999778 ) ) ;
#3420 = MECHANICAL_DESIGN_GEOMETRIC_PRESENTATION_REPRESENTATION (  '', ( #653 ), #2188 ) ;
#3421 = DIRECTION ( 'NONE',  ( -1.000000000000000000, 0.000000000000000000, 0.000000000000000000 ) ) ;
#3422 = AXIS2_PLACEMENT_3D ( 'NONE', #4514, #4941, #5030 ) ;
#3423 = VERTEX_POINT ( 'NONE', #4309 ) ;
#3424 = CARTESIAN_POINT ( 'NONE',  ( 6.023567834114157193, 4.104507585657628077, -0.3499999999999999778 ) ) ;
#3425 = MECHANICAL_DESIGN_GEOMETRIC_PRESENTATION_REPRESENTATION (  '', ( #2281 ), #4372 ) ;
#3426 = DIRECTION ( 'NONE',  ( 0.000000000000000000, 0.000000000000000000, 1.000000000000000000 ) ) ;
#3427 = VERTEX_POINT ( 'NONE', #2959 ) ;
#3428 = CARTESIAN_POINT ( 'NONE',  ( 6.080000000000000959, 1.121588454295350273E-16, 0.3499999999999999778 ) ) ;
#3429 = PRESENTATION_STYLE_ASSIGNMENT (( #4415 ) ) ;
#3430 = AXIS2_PLACEMENT_3D ( 'NONE', #5286, #1185, #2910 ) ;
#3431 = EDGE_CURVE ( 'NONE', #3851, #604, #2603, .T. ) ;
#3432 = SURFACE_STYLE_FILL_AREA ( #1285 ) ;
#3433 =( GEOMETRIC_REPRESENTATION_CONTEXT ( 3 ) GLOBAL_UNCERTAINTY_ASSIGNED_CONTEXT ( ( #723 ) ) GLOBAL_UNIT_ASSIGNED_CONTEXT ( ( #1129, #2949, #2040 ) ) REPRESENTATION_CONTEXT ( 'NONE', 'WORKASPACE' ) );
#3434 = CARTESIAN_POINT ( 'NONE',  ( 0.4633568989079006606, 1.699999999999997957, -0.3499999999999999778 ) ) ;
#3435 = ORIENTED_EDGE ( 'NONE', *, *, #1745, .T. ) ;
#3436 = VECTOR ( 'NONE', #3512, 1000.000000000000000 ) ;
#3437 = AXIS2_PLACEMENT_3D ( 'NONE', #4228, #1464, #1062 ) ;
#3438 = DIRECTION ( 'NONE',  ( 0.000000000000000000, 1.668003342285391797E-16, 1.000000000000000000 ) ) ;
#3439 = UNCERTAINTY_MEASURE_WITH_UNIT (LENGTH_MEASURE( 1.000000000000000082E-05 ), #3738, 'distance_accuracy_value', 'NONE');
#3440 = CARTESIAN_POINT ( 'NONE',  ( 5.080000000000000071, 6.299999999999999822, 0.3499999999999999778 ) ) ;
#3441 = VECTOR ( 'NONE', #5878, 1000.000000000000000 ) ;
#3442 = ORIENTED_EDGE ( 'NONE', *, *, #1580, .F. ) ;
#3443 = CARTESIAN_POINT ( 'NONE',  ( 5.601845733883980216, 5.626229152235330488, 0.000000000000000000 ) ) ;
#3444 = ORIENTED_EDGE ( 'NONE', *, *, #4256, .F. ) ;
#3445 = CARTESIAN_POINT ( 'NONE',  ( 0.6000000000000005329, 6.299999999999999822, 0.1283333333333333270 ) ) ;
#3446 = SURFACE_STYLE_USAGE ( .BOTH. , #3365 ) ;
#3447 = CARTESIAN_POINT ( 'NONE',  ( 0.6867549326077615479, 8.000000000000000000, -0.6500000000000025757 ) ) ;
#3448 = VECTOR ( 'NONE', #3003, 1000.000000000000000 ) ;
#3449 = UNCERTAINTY_MEASURE_WITH_UNIT (LENGTH_MEASURE( 1.000000000000000082E-05 ), #5442, 'distance_accuracy_value', 'NONE');
#3450 = CARTESIAN_POINT ( 'NONE',  ( -1.469999999999999973, 0.5000000000000000000, -0.6499999999999989120 ) ) ;
#3451 = ORIENTED_EDGE ( 'NONE', *, *, #1001, .F. ) ;
#3452 = CARTESIAN_POINT ( 'NONE',  ( 2.865255819881804999, 5.589454083063163381, 0.3499999999999999778 ) ) ;
#3453 = DIRECTION ( 'NONE',  ( -0.000000000000000000, -3.097720492815727166E-16, -1.000000000000000000 ) ) ;
#3454 = VECTOR ( 'NONE', #4500, 1000.000000000000000 ) ;
#3455 = ORIENTED_EDGE ( 'NONE', *, *, #4634, .F. ) ;
#3456 = VECTOR ( 'NONE', #3845, 1000.000000000000000 ) ;
#3457 = CARTESIAN_POINT ( 'NONE',  ( 1.670384757729335368, 8.500000000000000000, -0.8696152422706645568 ) ) ;
#3458 =( NAMED_UNIT ( * ) SI_UNIT ( $, .STERADIAN. ) SOLID_ANGLE_UNIT ( ) );
#3459 = CARTESIAN_POINT ( 'NONE',  ( -1.000000000000000000, 6.500000000000000888, 0.3499999999999989231 ) ) ;
#3460 = PRESENTATION_LAYER_ASSIGNMENT (  '', '', ( #5189 ) ) ;
#3461 = CARTESIAN_POINT ( 'NONE',  ( -0.6867549326077613259, 8.000000000000000000, 0.6500000000000000222 ) ) ;
#3462 = EDGE_LOOP ( 'NONE', ( #367, #93, #2696, #143 ) ) ;
#3463 = DIRECTION ( 'NONE',  ( 0.000000000000000000, -0.000000000000000000, -1.000000000000000000 ) ) ;
#3464 = EDGE_CURVE ( 'NONE', #5526, #3239, #695, .T. ) ;
#3465 = FACE_OUTER_BOUND ( 'NONE', #2637, .T. ) ;
#3466 = AXIS2_PLACEMENT_3D ( 'NONE', #5734, #747, #4336 ) ;
#3467 = LINE ( 'NONE', #3575, #2670 ) ;
#3468 = ORIENTED_EDGE ( 'NONE', *, *, #2255, .T. ) ;
#3469 =( NAMED_UNIT ( * ) SI_UNIT ( $, .STERADIAN. ) SOLID_ANGLE_UNIT ( ) );
#3470 = VERTEX_POINT ( 'NONE', #4830 ) ;
#3471 = EDGE_CURVE ( 'NONE', #3754, #2829, #21, .T. ) ;
#3472 = CARTESIAN_POINT ( 'NONE',  ( 2.189999999999999947, 8.199999999999999289, 0.3499999999999999778 ) ) ;
#3473 = CARTESIAN_POINT ( 'NONE',  ( -0.3500000000000000333, 8.199999999999999289, 0.3499999999999999778 ) ) ;
#3474 = CARTESIAN_POINT ( 'NONE',  ( 2.540000000000000036, 6.299999999999999822, -0.3499999999999999778 ) ) ;
#3475 = ORIENTED_EDGE ( 'NONE', *, *, #493, .T. ) ;
#3476 = CARTESIAN_POINT ( 'NONE',  ( -0.3499999999999990896, -2.800000000000001155, 0.3499999999999999778 ) ) ;
#3477 = LINE ( 'NONE', #2068, #5491 ) ;
#3478 = ORIENTED_EDGE ( 'NONE', *, *, #1501, .F. ) ;
#3479 = FILL_AREA_STYLE_COLOUR ( '', #81 ) ;
#3481 = EDGE_CURVE ( 'NONE', #4836, #582, #1201, .T. ) ;
#3480 = PRESENTATION_STYLE_ASSIGNMENT (( #4383 ) ) ;
#3482 = CARTESIAN_POINT ( 'NONE',  ( 2.040000000000001812, 6.084152315493286167, -0.3499999999999999223 ) ) ;
#3483 = LINE ( 'NONE', #4851, #2872 ) ;
#3484 = DIRECTION ( 'NONE',  ( 0.000000000000000000, 1.668003342285388099E-16, 1.000000000000000000 ) ) ;
#3485 = VERTEX_POINT ( 'NONE', #5675 ) ;
#3486 = CARTESIAN_POINT ( 'NONE',  ( 0.9336972550331305021, 4.293911919605033489, 0.3499999999999999778 ) ) ;
#3487 = LINE ( 'NONE', #3019, #1834 ) ;
#3488 = ORIENTED_EDGE ( 'NONE', *, *, #4105, .F. ) ;
#3489 = ADVANCED_FACE ( 'NONE', ( #4854 ), #3853, .T. ) ;
#3490 = CARTESIAN_POINT ( 'NONE',  ( 1.540000000000000480, 1.800000000000000488, 0.3849999999999999534 ) ) ;
#3491 = ORIENTED_EDGE ( 'NONE', *, *, #5831, .T. ) ;
#3492 = CARTESIAN_POINT ( 'NONE',  ( 2.076643101092097154, 1.700000000000002398, -0.3500000000000000333 ) ) ;
#3493 = DIRECTION ( 'NONE',  ( 1.000000000000000000, 0.000000000000000000, 0.000000000000000000 ) ) ;
#3494 = CARTESIAN_POINT ( 'NONE',  ( 0.4999999999999985012, 6.299999999999999822, 0.3499999999999999778 ) ) ;
#3495 = VECTOR ( 'NONE', #5668, 1000.000000000000000 ) ;
#3496 = EDGE_LOOP ( 'NONE', ( #5892, #4976, #116, #3541 ) ) ;
#3497 = ADVANCED_FACE ( 'NONE', ( #3962 ), #5817, .F. ) ;
#3498 = LINE ( 'NONE', #4843, #3258 ) ;
#3499 = CARTESIAN_POINT ( 'NONE',  ( 5.680000000000000604, 6.299999999999999822, -0.3499999999999999778 ) ) ;
#3500 = ORIENTED_EDGE ( 'NONE', *, *, #5910, .T. ) ;
#3501 = AXIS2_PLACEMENT_3D ( 'NONE', #1627, #620, #3221 ) ;
#3502 = PLANE ( 'NONE',  #5066 ) ;
#3503 = EDGE_CURVE ( 'NONE', #5096, #5852, #4087, .T. ) ;
#3504 = ADVANCED_FACE ( 'NONE', ( #1390 ), #3573, .F. ) ;
#3505 = COLOUR_RGB ( '',0.8313725490196077761, 0.6705882352941175961, 0.1294117647058823373 ) ;
#3506 = CARTESIAN_POINT ( 'NONE',  ( 6.550000000000000711, 8.500000000000000000, 1.199999999999999956 ) ) ;
#3507 = STYLED_ITEM ( 'NONE', ( #975 ), #3857 ) ;
#3508 = DIRECTION ( 'NONE',  ( 0.000000000000000000, 1.000000000000000000, -1.668003342285391797E-16 ) ) ;
#3509 = ORIENTED_EDGE ( 'NONE', *, *, #5589, .F. ) ;
#3510 = DIRECTION ( 'NONE',  ( 1.000000000000000000, 0.000000000000000000, 0.000000000000000000 ) ) ;
#3511 = LINE ( 'NONE', #5792, #2498 ) ;
#3512 = DIRECTION ( 'NONE',  ( -0.000000000000000000, -0.000000000000000000, -1.000000000000000000 ) ) ;
#3513 = ORIENTED_EDGE ( 'NONE', *, *, #4052, .T. ) ;
#3514 = VECTOR ( 'NONE', #3224, 1000.000000000000000 ) ;
#3515 = CARTESIAN_POINT ( 'NONE',  ( 5.680000000000000604, 6.299999999999999822, -0.1283333333333334936 ) ) ;
#3516 = ORIENTED_EDGE ( 'NONE', *, *, #2006, .F. ) ;
#3517 = PRESENTATION_LAYER_ASSIGNMENT (  '', '', ( #4483 ) ) ;
#3518 = CARTESIAN_POINT ( 'NONE',  ( -0.9469369482461336140, 4.039780281224065739, -0.3499999999999999778 ) ) ;
#3519 = COLOUR_RGB ( '',0.8313725490196077761, 0.6705882352941175961, 0.1294117647058823373 ) ;
#3520 = ORIENTED_EDGE ( 'NONE', *, *, #5801, .T. ) ;
#3521 = DIRECTION ( 'NONE',  ( -1.000000000000000000, 0.000000000000000000, 7.744301232039316681E-17 ) ) ;
#3522 = EDGE_CURVE ( 'NONE', #2029, #1376, #5937, .T. ) ;
#3523 = DIRECTION ( 'NONE',  ( -0.000000000000000000, -1.668003342285391551E-16, -1.000000000000000000 ) ) ;
#3524 = ORIENTED_EDGE ( 'NONE', *, *, #1441, .F. ) ;
#3525 = CARTESIAN_POINT ( 'NONE',  ( -1.018126922434469523E-15, 1.700000000000000178, 0.3499999999999999778 ) ) ;
#3526 = ORIENTED_EDGE ( 'NONE', *, *, #2563, .T. ) ;
#3527 = VECTOR ( 'NONE', #2962, 1000.000000000000000 ) ;
#3528 = LINE ( 'NONE', #4045, #1465 ) ;
#3529 = DIRECTION ( 'NONE',  ( -0.000000000000000000, -1.668003342285388099E-16, -1.000000000000000000 ) ) ;
#3530 = ORIENTED_EDGE ( 'NONE', *, *, #968, .T. ) ;
#3531 = SURFACE_STYLE_USAGE ( .BOTH. , #1282 ) ;
#3532 = CARTESIAN_POINT ( 'NONE',  ( 4.729999999999999538, 8.000000000000000000, 0.3499999999999999778 ) ) ;
#3533 =( NAMED_UNIT ( * ) SI_UNIT ( $, .STERADIAN. ) SOLID_ANGLE_UNIT ( ) );
#3534 = VECTOR ( 'NONE', #5484, 1000.000000000000000 ) ;
#3535 = LINE ( 'NONE', #2537, #5637 ) ;
#3536 = FACE_OUTER_BOUND ( 'NONE', #1500, .T. ) ;
#3537 = ORIENTED_EDGE ( 'NONE', *, *, #381, .F. ) ;
#3538 = ADVANCED_FACE ( 'NONE', ( #2222, #5369 ), #3085, .T. ) ;
#3539 = VECTOR ( 'NONE', #418, 1000.000000000000000 ) ;
#3540 = LINE ( 'NONE', #3081, #3436 ) ;
#3541 = ORIENTED_EDGE ( 'NONE', *, *, #920, .T. ) ;
#3542 = DIRECTION ( 'NONE',  ( 3.097720492815726426E-17, -1.000000000000000000, 0.000000000000000000 ) ) ;
#3543 = AXIS2_PLACEMENT_3D ( 'NONE', #716, #3508, #4353 ) ;
#3544 = LINE ( 'NONE', #1319, #269 ) ;
#3545 = LINE ( 'NONE', #4942, #4305 ) ;
#3546 =( NAMED_UNIT ( * ) SI_UNIT ( $, .STERADIAN. ) SOLID_ANGLE_UNIT ( ) );
#3547 = ORIENTED_EDGE ( 'NONE', *, *, #2890, .F. ) ;
#3548 = STYLED_ITEM ( 'NONE', ( #1802 ), #2940 ) ;
#3549 = LINE ( 'NONE', #5407, #2150 ) ;
#3550 = AXIS2_PLACEMENT_3D ( 'NONE', #5185, #2813, #3749 ) ;
#3551 = ORIENTED_EDGE ( 'NONE', *, *, #4422, .T. ) ;
#3552 = EDGE_CURVE ( 'NONE', #2469, #4458, #5428, .T. ) ;
#3553 = CARTESIAN_POINT ( 'NONE',  ( 1.600020115625523598, 4.171275002134291476, 0.3499999999999999778 ) ) ;
#3554 = DIRECTION ( 'NONE',  ( -0.000000000000000000, 0.000000000000000000, 1.000000000000000000 ) ) ;
#3555 =( LENGTH_UNIT ( ) NAMED_UNIT ( * ) SI_UNIT ( .MILLI., .METRE. ) );
#3556 = ORIENTED_EDGE ( 'NONE', *, *, #751, .T. ) ;
#3557 = ORIENTED_EDGE ( 'NONE', *, *, #1793, .F. ) ;
#3558 = LINE ( 'NONE', #5890, #2980 ) ;
#3559 = EDGE_LOOP ( 'NONE', ( #5310, #511, #3172, #5856 ) ) ;
#3560 = CYLINDRICAL_SURFACE ( 'NONE', #948, 0.1999999999999999833 ) ;
#3561 = DIRECTION ( 'NONE',  ( 0.000000000000000000, -0.000000000000000000, -1.000000000000000000 ) ) ;
#3562 = LINE ( 'NONE', #951, #3534 ) ;
#3563 = PRESENTATION_STYLE_ASSIGNMENT (( #2596 ) ) ;
#3564 = EDGE_LOOP ( 'NONE', ( #924, #314, #3803, #4434, #1192, #84, #4944, #2849 ) ) ;
#3565 = CARTESIAN_POINT ( 'NONE',  ( 1.540000000000000702, -1.121588454295348794E-16, 0.3499999999999999778 ) ) ;
#3566 = CARTESIAN_POINT ( 'NONE',  ( -0.3525240155457798341, 5.732672356334980179, 0.3499999999999999778 ) ) ;
#3567 =( NAMED_UNIT ( * ) SI_UNIT ( $, .STERADIAN. ) SOLID_ANGLE_UNIT ( ) );
#3568 = ORIENTED_EDGE ( 'NONE', *, *, #587, .F. ) ;
#3569 =( BOUNDED_CURVE ( )  B_SPLINE_CURVE ( 3, ( #486, #5477, #3182, #5018 ),
 .UNSPECIFIED., .F., .F. ) 
 B_SPLINE_CURVE_WITH_KNOTS ( ( 4, 4 ),
 ( 3.924083526751089845, 4.712388980384689674 ),
 .UNSPECIFIED. ) 
 CURVE ( )  GEOMETRIC_REPRESENTATION_ITEM ( )  RATIONAL_B_SPLINE_CURVE ( ( 1.000000000000000000, 0.9488815137910379116, 0.9488815137910379116, 1.000000000000000000 ) ) 
 REPRESENTATION_ITEM ( '' )  );
#3570 = EDGE_CURVE ( 'NONE', #386, #4569, #4917, .T. ) ;
#3571 = EDGE_CURVE ( 'NONE', #4946, #989, #4448, .T. ) ;
#3572 =( NAMED_UNIT ( * ) PLANE_ANGLE_UNIT ( ) SI_UNIT ( $, .RADIAN. ) );
#3573 = PLANE ( 'NONE',  #454 ) ;
#3574 = CARTESIAN_POINT ( 'NONE',  ( 1.540000000000000036, 0.5000000000000000000, -0.3500000000000000888 ) ) ;
#3575 = CARTESIAN_POINT ( 'NONE',  ( -1.000000000000000000, 6.500000000000000888, 0.3499999999999989231 ) ) ;
#3576 = ORIENTED_EDGE ( 'NONE', *, *, #3014, .T. ) ;
#3577 = EDGE_CURVE ( 'NONE', #5392, #5043, #3544, .T. ) ;
#3578 = DIRECTION ( 'NONE',  ( 1.000000000000000000, 0.000000000000000000, 0.000000000000000000 ) ) ;
#3579 = ORIENTED_EDGE ( 'NONE', *, *, #3108, .F. ) ;
#3580 = DIRECTION ( 'NONE',  ( -0.000000000000000000, 1.668003342285391551E-16, 1.000000000000000000 ) ) ;
#3581 = SURFACE_SIDE_STYLE ('',( #1797 ) ) ;
#3582 = DIRECTION ( 'NONE',  ( -0.000000000000000000, -1.000000000000000000, -0.000000000000000000 ) ) ;
#3583 = EDGE_CURVE ( 'NONE', #2579, #548, #534, .T. ) ;
#3584 = ORIENTED_EDGE ( 'NONE', *, *, #240, .T. ) ;
#3585 = EDGE_CURVE ( 'NONE', #917, #4461, #4484, .T. ) ;
#3586 = ORIENTED_EDGE ( 'NONE', *, *, #3748, .T. ) ;
#3587 = CARTESIAN_POINT ( 'NONE',  ( 0.05000000000000023870, 8.026794919243110726, -0.05000000000000023870 ) ) ;
#3588 = PRESENTATION_STYLE_ASSIGNMENT (( #5 ) ) ;
#3589 = ORIENTED_EDGE ( 'NONE', *, *, #5929, .T. ) ;
#3590 = CARTESIAN_POINT ( 'NONE',  ( 6.549999999999999822, 0.5000000000000000000, -0.6499999999999989120 ) ) ;
#3591 = CARTESIAN_POINT ( 'NONE',  ( 1.670384757729335368, 8.500000000000000000, 0.8696152422706645568 ) ) ;
#3592 =( GEOMETRIC_REPRESENTATION_CONTEXT ( 3 ) GLOBAL_UNCERTAINTY_ASSIGNED_CONTEXT ( ( #5564 ) ) GLOBAL_UNIT_ASSIGNED_CONTEXT ( ( #2425, #1512, #2842 ) ) REPRESENTATION_CONTEXT ( 'NONE', 'WORKASPACE' ) );
#3593 = CARTESIAN_POINT ( 'NONE',  ( 0.000000000000000000, 6.500000000000000888, -1.155688030012021264E-15 ) ) ;
#3594 = VECTOR ( 'NONE', #3150, 1000.000000000000000 ) ;
#3595 = AXIS2_PLACEMENT_3D ( 'NONE', #1128, #4262, #3873 ) ;
#3596 = CARTESIAN_POINT ( 'NONE',  ( 2.187475984454220423, 5.732672356334980179, 0.3499999999999999778 ) ) ;
#3597 = ORIENTED_EDGE ( 'NONE', *, *, #2814, .T. ) ;
#3598 = DIRECTION ( 'NONE',  ( 1.000000000000000000, 1.121588454295349780E-16, -0.000000000000000000 ) ) ;
#3599 = CARTESIAN_POINT ( 'NONE',  ( 2.890000000000001013, 1.084202172485506745E-17, 0.3499999999999999778 ) ) ;
#3600 = CARTESIAN_POINT ( 'NONE',  ( -6.734562392116877607E-17, 8.500000000000000000, -0.8696152422706646679 ) ) ;
#3601 = AXIS2_PLACEMENT_3D ( 'NONE', #2415, #4237, #3772 ) ;
#3602 = VECTOR ( 'NONE', #315, 1000.000000000000000 ) ;
#3603 = VERTEX_POINT ( 'NONE', #4058 ) ;
#3604 = FILL_AREA_STYLE_COLOUR ( '', #1860 ) ;
#3605 = COLOUR_RGB ( '',0.8313725490196077761, 0.6705882352941175961, 0.1294117647058823373 ) ;
#3606 = AXIS2_PLACEMENT_3D ( 'NONE', #938, #512, #2752 ) ;
#3607 =( NAMED_UNIT ( * ) SI_UNIT ( $, .STERADIAN. ) SOLID_ANGLE_UNIT ( ) );
#3608 = CARTESIAN_POINT ( 'NONE',  ( 0.7881569290043444198, 5.771059683742178592, 0.3500000000000000333 ) ) ;
#3609 = EDGE_CURVE ( 'NONE', #3286, #3184, #5905, .T. ) ;
#3610 = FACE_OUTER_BOUND ( 'NONE', #2942, .T. ) ;
#3611 = EDGE_LOOP ( 'NONE', ( #3729, #2100, #1312, #5153 ) ) ;
#3612 = PRESENTATION_LAYER_ASSIGNMENT (  '', '', ( #4877 ) ) ;
#3613 = CARTESIAN_POINT ( 'NONE',  ( 4.133913198591397276, 4.056300144720208500, -0.3500000000000000333 ) ) ;
#3614 = VERTEX_POINT ( 'NONE', #3687 ) ;
#3615 = VECTOR ( 'NONE', #5570, 1000.000000000000000 ) ;
#3616 = LINE ( 'NONE', #965, #3901 ) ;
#3617 = CARTESIAN_POINT ( 'NONE',  ( -0.3500000000000000333, 0.000000000000000000, 0.3499999999999999778 ) ) ;
#3618 = CARTESIAN_POINT ( 'NONE',  ( 4.299430448028449980, 5.815522798723462117, 0.3499999999999999223 ) ) ;
#3619 = ORIENTED_EDGE ( 'NONE', *, *, #5419, .F. ) ;
#3620 = CARTESIAN_POINT ( 'NONE',  ( 0.3252558198818050750, 5.589454083063163381, -0.3499999999999999778 ) ) ;
#3621 = ORIENTED_EDGE ( 'NONE', *, *, #5929, .F. ) ;
#3622 = VECTOR ( 'NONE', #1271, 1000.000000000000000 ) ;
#3623 = LINE ( 'NONE', #3153, #3454 ) ;
#3624 = EDGE_CURVE ( 'NONE', #2780, #3681, #5203, .T. ) ;
#3625 =( BOUNDED_SURFACE ( )  B_SPLINE_SURFACE ( 2, 3, ( 
 ( #3490, #3058, #4892, #3965 ),
 ( #251, #2081, #3890, #4835 ),
 ( #282, #726, #2112, #4978 ) ),
 .UNSPECIFIED., .F., .F., .F. ) 
 B_SPLINE_SURFACE_WITH_KNOTS ( ( 3, 3 ),
 ( 4, 4 ),
 ( 0.000000000000000000, 1.000000000000000000 ),
 ( -3.500000000000000371E-05, 0.0007349999999999999763 ),
 .UNSPECIFIED. ) 
 GEOMETRIC_REPRESENTATION_ITEM ( )  RATIONAL_B_SPLINE_SURFACE ( (
 ( 1.000000000000000000, 1.000000000000000000, 1.000000000000000000, 1.000000000000000000),
 ( 0.7071067811865475727, 0.7071067811865475727, 0.7071067811865475727, 0.7071067811865475727),
 ( 1.000000000000000000, 1.000000000000000000, 1.000000000000000000, 1.000000000000000000) ) ) 
 REPRESENTATION_ITEM ( '' )  SURFACE ( )  );
#3626 = LINE ( 'NONE', #4529, #4709 ) ;
#3627 = ORIENTED_EDGE ( 'NONE', *, *, #4151, .T. ) ;
#3628 = FILL_AREA_STYLE_COLOUR ( '', #5555 ) ;
#3629 =( GEOMETRIC_REPRESENTATION_CONTEXT ( 3 ) GLOBAL_UNCERTAINTY_ASSIGNED_CONTEXT ( ( #122 ) ) GLOBAL_UNIT_ASSIGNED_CONTEXT ( ( #2455, #3354, #5677 ) ) REPRESENTATION_CONTEXT ( 'NONE', 'WORKASPACE' ) );
#3630 = CARTESIAN_POINT ( 'NONE',  ( -1.000000000000000000, 0.5000000000000002220, 0.3499999999999998668 ) ) ;
#3631 = EDGE_CURVE ( 'NONE', #4549, #2666, #5530, .T. ) ;
#3632 = CARTESIAN_POINT ( 'NONE',  ( 6.028897102351114867, 4.001162287970013054, 0.3500000000000000333 ) ) ;
#3633 = ORIENTED_EDGE ( 'NONE', *, *, #5215, .T. ) ;
#3634 =( LENGTH_UNIT ( ) NAMED_UNIT ( * ) SI_UNIT ( .MILLI., .METRE. ) );
#3635 = DIRECTION ( 'NONE',  ( -1.000000000000000000, -1.084202172485504434E-16, 0.000000000000000000 ) ) ;
#3636 = COLOUR_RGB ( '',0.8313725490196077761, 0.6705882352941175961, 0.1294117647058823373 ) ;
#3637 = PLANE ( 'NONE',  #5184 ) ;
#3638 = CARTESIAN_POINT ( 'NONE',  ( -1.469999999999999973, 8.500000000000000000, 1.199999999999999956 ) ) ;
#3639 = LINE ( 'NONE', #1904, #3157 ) ;
#3640 = ORIENTED_EDGE ( 'NONE', *, *, #5775, .T. ) ;
#3641 = AXIS2_PLACEMENT_3D ( 'NONE', #980, #2711, #2803 ) ;
#3642 = CARTESIAN_POINT ( 'NONE',  ( 4.270497576386657279, 5.635051924202448603, -0.3499999999999999778 ) ) ;
#3643 = VERTEX_POINT ( 'NONE', #3372 ) ;
#3644 = LINE ( 'NONE', #5065, #1037 ) ;
#3645 = AXIS2_PLACEMENT_3D ( 'NONE', #1374, #856, #5649 ) ;
#3646 = ORIENTED_EDGE ( 'NONE', *, *, #2110, .F. ) ;
#3647 = DIRECTION ( 'NONE',  ( -0.000000000000000000, 0.000000000000000000, 1.000000000000000000 ) ) ;
#3648 = ORIENTED_EDGE ( 'NONE', *, *, #2531, .T. ) ;
#3649 = DIRECTION ( 'NONE',  ( 0.000000000000000000, 1.000000000000000000, -1.668003342285391551E-16 ) ) ;
#3650 = EDGE_CURVE ( 'NONE', #3239, #2712, #3134, .T. ) ;
#3651 = ORIENTED_EDGE ( 'NONE', *, *, #1792, .F. ) ;
#3652 = FILL_AREA_STYLE ('',( #4072 ) ) ;
#3653 = CARTESIAN_POINT ( 'NONE',  ( 3.482500029944759934, 4.124619419408675824, -0.3500000000000000888 ) ) ;
#3654 = CARTESIAN_POINT ( 'NONE',  ( 6.549999999999999822, 0.5000000000000000000, -0.6499999999999989120 ) ) ;
#3655 = EDGE_CURVE ( 'NONE', #2066, #4492, #5541, .T. ) ;
#3656 = LINE ( 'NONE', #3190, #2699 ) ;
#3657 = ORIENTED_EDGE ( 'NONE', *, *, #4293, .T. ) ;
#3658 = FILL_AREA_STYLE ('',( #3217 ) ) ;
#3659 = CARTESIAN_POINT ( 'NONE',  ( 5.079999999999999183, 1.700000000000000178, -0.3499999999999999778 ) ) ;
#3660 = ADVANCED_FACE ( 'NONE', ( #1448 ), #1879, .F. ) ;
#3661 = EDGE_CURVE ( 'NONE', #2399, #27, #2888, .T. ) ;
#3662 = DIRECTION ( 'NONE',  ( -7.744301232039316681E-17, 0.000000000000000000, -1.000000000000000000 ) ) ;
#3663 = CARTESIAN_POINT ( 'NONE',  ( 2.189999999999999947, 0.000000000000000000, -0.3499999999999999778 ) ) ;
#3664 = CARTESIAN_POINT ( 'NONE',  ( 0.000000000000000000, -3.000000000000000000, 0.3499999999999999778 ) ) ;
#3665 = CARTESIAN_POINT ( 'NONE',  ( 2.690000000000002167, -3.000000000000000000, 0.3499999999999999778 ) ) ;
#3666 = EDGE_LOOP ( 'NONE', ( #2247, #1055, #4348, #2824 ) ) ;
#3667 = CARTESIAN_POINT ( 'NONE',  ( 4.292837746342909711, 5.777005459572336576, -0.3499999999999999223 ) ) ;
#3668 = EDGE_LOOP ( 'NONE', ( #1534, #3300, #4214, #2881 ) ) ;
#3669 = CARTESIAN_POINT ( 'NONE',  ( 1.739832123124272822, 5.699693040756022455, 0.3500000000000000333 ) ) ;
#3670 = CARTESIAN_POINT ( 'NONE',  ( -0.6867549326077613259, 0.5000000000000002220, 0.6500000000000011324 ) ) ;
#3671 = CARTESIAN_POINT ( 'NONE',  ( 4.305852863327319646, 5.851685420754309419, 0.3499999999999999778 ) ) ;
#3672 = ORIENTED_EDGE ( 'NONE', *, *, #1460, .T. ) ;
#3673 = SURFACE_SIDE_STYLE ('',( #1370 ) ) ;
#3674 = SURFACE_SIDE_STYLE ('',( #4956 ) ) ;
#3675 = ORIENTED_EDGE ( 'NONE', *, *, #1580, .T. ) ;
#3676 = DIRECTION ( 'NONE',  ( 1.000000000000000000, 0.000000000000000000, 0.000000000000000000 ) ) ;
#3677 = CARTESIAN_POINT ( 'NONE',  ( 4.380000000000000782, 0.8000000000000004885, 0.3499999999999999778 ) ) ;
#3678 = CARTESIAN_POINT ( 'NONE',  ( 2.890000000000001013, -2.800000000000001155, -0.3499999999999999778 ) ) ;
#3679 = UNCERTAINTY_MEASURE_WITH_UNIT (LENGTH_MEASURE( 1.000000000000000082E-05 ), #2522, 'distance_accuracy_value', 'NONE');
#3680 = DIRECTION ( 'NONE',  ( 1.000000000000000000, 0.000000000000000000, 0.000000000000000000 ) ) ;
#3681 = VERTEX_POINT ( 'NONE', #4751 ) ;
#3682 = CARTESIAN_POINT ( 'NONE',  ( 2.540000000000000036, 0.5000000000000005551, 0.3499999999999999778 ) ) ;
#3683 =( NAMED_UNIT ( * ) PLANE_ANGLE_UNIT ( ) SI_UNIT ( $, .RADIAN. ) );
#3684 = CIRCLE ( 'NONE', #360, 0.2000000000000000944 ) ;
#3685 = CARTESIAN_POINT ( 'NONE',  ( -0.8626260474599404260, 5.194217234909946690, -0.3499999999999999778 ) ) ;
#3686 = EDGE_CURVE ( 'NONE', #1003, #3966, #4147, .T. ) ;
#3687 = CARTESIAN_POINT ( 'NONE',  ( 5.766754932607761397, 8.000000000000000000, 0.6500000000000000222 ) ) ;
#3688 = STYLED_ITEM ( 'NONE', ( #3897 ), #4739 ) ;
#3689 = DIRECTION ( 'NONE',  ( 0.000000000000000000, 0.000000000000000000, 1.000000000000000000 ) ) ;
#3690 = ADVANCED_FACE ( 'NONE', ( #160 ), #2070, .F. ) ;
#3691 = ORIENTED_EDGE ( 'NONE', *, *, #1889, .T. ) ;
#3692 = PRESENTATION_LAYER_ASSIGNMENT (  '', '', ( #2281 ) ) ;
#3693 = AXIS2_PLACEMENT_3D ( 'NONE', #4587, #3185, #2330 ) ;
#3694 =( LENGTH_UNIT ( ) NAMED_UNIT ( * ) SI_UNIT ( .MILLI., .METRE. ) );
#3695 = ORIENTED_EDGE ( 'NONE', *, *, #4210, .F. ) ;
#3696 = CARTESIAN_POINT ( 'NONE',  ( 2.892524015545778759, 5.732672356334978403, 0.3499999999999999778 ) ) ;
#3697 = SURFACE_SIDE_STYLE ('',( #1020 ) ) ;
#3698 = VECTOR ( 'NONE', #3582, 1000.000000000000000 ) ;
#3699 = ORIENTED_EDGE ( 'NONE', *, *, #4057, .F. ) ;
#3700 = DIRECTION ( 'NONE',  ( 0.5000000000000009992, -0.8660254037844380415, 0.000000000000000000 ) ) ;
#3701 = CARTESIAN_POINT ( 'NONE',  ( 0.6454664785273048766, 3.877691542223585142, 0.3499999999999999778 ) ) ;
#3702 = LINE ( 'NONE', #543, #3841 ) ;
#3703 = EDGE_CURVE ( 'NONE', #2253, #548, #3804, .T. ) ;
#3704 = ORIENTED_EDGE ( 'NONE', *, *, #640, .F. ) ;
#3705 = DIRECTION ( 'NONE',  ( -0.000000000000000000, 0.000000000000000000, 1.000000000000000000 ) ) ;
#3706 = STYLED_ITEM ( 'NONE', ( #3193 ), #5883 ) ;
#3707 = CARTESIAN_POINT ( 'NONE',  ( -1.469999999999999973, 8.500000000000000000, -1.199999999999999956 ) ) ;
#3708 = VERTEX_POINT ( 'NONE', #5172 ) ;
#3709 = AXIS2_PLACEMENT_3D ( 'NONE', #1660, #5268, #201 ) ;
#3710 = FILL_AREA_STYLE_COLOUR ( '', #5381 ) ;
#3711 = DIRECTION ( 'NONE',  ( 0.000000000000000000, -0.000000000000000000, -1.000000000000000000 ) ) ;
#3712 = ORIENTED_EDGE ( 'NONE', *, *, #5482, .F. ) ;
#3713 =( NAMED_UNIT ( * ) SI_UNIT ( $, .STERADIAN. ) SOLID_ANGLE_UNIT ( ) );
#3714 = VECTOR ( 'NONE', #2461, 1000.000000000000000 ) ;
#3715 = LINE ( 'NONE', #3807, #3615 ) ;
#3716 = CARTESIAN_POINT ( 'NONE',  ( -0.8612299008938321121, 5.207834124282345378, -0.3499999999999999778 ) ) ;
#3717 = VECTOR ( 'NONE', #5087, 1000.000000000000000 ) ;
#3718 =( LENGTH_UNIT ( ) NAMED_UNIT ( * ) SI_UNIT ( .MILLI., .METRE. ) );
#3719 = EDGE_CURVE ( 'NONE', #3872, #1402, #2444, .T. ) ;
#3720 = CARTESIAN_POINT ( 'NONE',  ( 3.226754932607761361, 0.5000000000000002220, 0.3499999999999998668 ) ) ;
#3721 = VECTOR ( 'NONE', #3158, 1000.000000000000000 ) ;
#3722 = CARTESIAN_POINT ( 'NONE',  ( -0.6867549326077613259, 10.39117142264903570, 0.3499999999999983125 ) ) ;
#3723 = ORIENTED_EDGE ( 'NONE', *, *, #4036, .T. ) ;
#3724 = ADVANCED_FACE ( 'NONE', ( #45 ), #5267, .F. ) ;
#3725 = VERTEX_POINT ( 'NONE', #5697 ) ;
#3726 = CARTESIAN_POINT ( 'NONE',  ( 0.6813801503214174105, 6.233860305463100104, -0.3499999999999999778 ) ) ;
#3727 = CARTESIAN_POINT ( 'NONE',  ( -0.9999999999999995559, 1.800000000000000488, -0.1283333333333334936 ) ) ;
#3728 = DIRECTION ( 'NONE',  ( 1.084202172485504434E-16, -1.000000000000000000, 0.000000000000000000 ) ) ;
#3729 = ORIENTED_EDGE ( 'NONE', *, *, #1656, .F. ) ;
#3730 = STYLED_ITEM ( 'NONE', ( #3083 ), #2166 ) ;
#3731 = SURFACE_STYLE_USAGE ( .BOTH. , #514 ) ;
#3732 =( NAMED_UNIT ( * ) PLANE_ANGLE_UNIT ( ) SI_UNIT ( $, .RADIAN. ) );
#3733 = FACE_OUTER_BOUND ( 'NONE', #5443, .T. ) ;
#3734 = ORIENTED_EDGE ( 'NONE', *, *, #5259, .T. ) ;
#3735 = CARTESIAN_POINT ( 'NONE',  ( 3.390639769790269487, 5.307482533055136287, -0.3499999999999999778 ) ) ;
#3736 = CARTESIAN_POINT ( 'NONE',  ( -0.8001678768757278792, 5.699693040756021567, 0.3500000000000000333 ) ) ;
#3737 = ORIENTED_EDGE ( 'NONE', *, *, #5285, .T. ) ;
#3738 =( LENGTH_UNIT ( ) NAMED_UNIT ( * ) SI_UNIT ( .MILLI., .METRE. ) );
#3739 = CARTESIAN_POINT ( 'NONE',  ( 5.080000000000000071, 6.299999999999999822, -0.3499999999999999778 ) ) ;
#3740 = VERTEX_POINT ( 'NONE', #1596 ) ;
#3741 = DIRECTION ( 'NONE',  ( -3.097720492815726426E-17, 1.000000000000000000, 0.000000000000000000 ) ) ;
#3742 = AXIS2_PLACEMENT_3D ( 'NONE', #4242, #2017, #1546 ) ;
#3743 = UNCERTAINTY_MEASURE_WITH_UNIT (LENGTH_MEASURE( 1.000000000000000082E-05 ), #3885, 'distance_accuracy_value', 'NONE');
#3744 = DIRECTION ( 'NONE',  ( 0.000000000000000000, 0.000000000000000000, 1.000000000000000000 ) ) ;
#3745 = CARTESIAN_POINT ( 'NONE',  ( 3.540000000000000480, 1.800000000000000488, -0.3849999999999999534 ) ) ;
#3746 = CARTESIAN_POINT ( 'NONE',  ( 3.540000000000000480, 2.207665535523691602, 0.3500000000000000888 ) ) ;
#3747 = CARTESIAN_POINT ( 'NONE',  ( 3.226754932607761361, 6.500000000000000888, 0.3499999999999988676 ) ) ;
#3748 = EDGE_CURVE ( 'NONE', #187, #278, #5352, .T. ) ;
#3749 = DIRECTION ( 'NONE',  ( 0.000000000000000000, 0.000000000000000000, -1.000000000000000000 ) ) ;
#3750 = CARTESIAN_POINT ( 'NONE',  ( 4.210384757729334737, 8.500000000000000000, 0.000000000000000000 ) ) ;
#3751 = FILL_AREA_STYLE_COLOUR ( '', #1821 ) ;
#3752 = DIRECTION ( 'NONE',  ( 0.000000000000000000, 0.000000000000000000, -1.000000000000000000 ) ) ;
#3753 = FACE_OUTER_BOUND ( 'NONE', #809, .T. ) ;
#3754 = VERTEX_POINT ( 'NONE', #2207 ) ;
#3755 = ADVANCED_FACE ( 'NONE', ( #2591 ), #4011, .T. ) ;
#3756 = CARTESIAN_POINT ( 'NONE',  ( 4.080000000000000071, 1.800000000000000488, 0.3499999999999999778 ) ) ;
#3757 = DIRECTION ( 'NONE',  ( -0.000000000000000000, -0.000000000000000000, -1.000000000000000000 ) ) ;
#3758 = PLANE ( 'NONE',  #3089 ) ;
#3759 = ORIENTED_EDGE ( 'NONE', *, *, #2689, .F. ) ;
#3760 = ADVANCED_FACE ( 'NONE', ( #5294 ), #3560, .T. ) ;
#3761 = FILL_AREA_STYLE ('',( #4317 ) ) ;
#3762 = FILL_AREA_STYLE ('',( #1918 ) ) ;
#3763 =( NAMED_UNIT ( * ) PLANE_ANGLE_UNIT ( ) SI_UNIT ( $, .RADIAN. ) );
#3764 = FILL_AREA_STYLE ('',( #5488 ) ) ;
#3765 = CARTESIAN_POINT ( 'NONE',  ( 1.000000000000000000, 0.5000000000000000000, -0.3500000000000000888 ) ) ;
#3766 = ORIENTED_EDGE ( 'NONE', *, *, #3686, .T. ) ;
#3767 = SURFACE_STYLE_USAGE ( .BOTH. , #1593 ) ;
#3768 = DIRECTION ( 'NONE',  ( -1.000000000000000000, 0.000000000000000000, 0.000000000000000000 ) ) ;
#3769 = ORIENTED_EDGE ( 'NONE', *, *, #4126, .F. ) ;
#3770 = CARTESIAN_POINT ( 'NONE',  ( -1.469999999999999973, 0.000000000000000000, -0.6499999999999991340 ) ) ;
#3771 = B_SPLINE_CURVE_WITH_KNOTS ( 'NONE', 3,
 ( #3782, #2927, #3726, #1578, #3292, #5216, #537, #2365, #1548, #4180, #1018, #4667, #112, #1965, #307, #4311, #2517, #1671, #2077, #4360, #4885, #1141, #5245, #3050, #661, #720, #3884, #3939, #3911, #1174, #1202 ),
 .UNSPECIFIED., .F., .F.,
 ( 4, 1, 1, 1, 1, 1, 1, 2, 2, 1, 1, 1, 1, 2, 2, 1, 1, 1, 1, 1, 2, 2, 4 ),
 ( 0.000000000000000000, 0.06250000000001669498, 0.09375000000002534084, 0.1093750000000298511, 0.1171875000000321132, 0.1210937500000334038, 0.1230468750000340422, 0.1240234375000343753, 0.1250000000000346945, 0.1875000000000348610, 0.2187500000000352496, 0.2343750000000354439, 0.2421875000000355271, 0.2460937500000355549, 0.2500000000000355826, 0.3750000000000332512, 0.4375000000000323630, 0.4687500000000319744, 0.4843750000000320299, 0.4921875000000320299, 0.4960937500000318079, 0.5000000000000315303, 1.000000000000000000 ),
 .UNSPECIFIED. ) ;
#3772 = DIRECTION ( 'NONE',  ( 0.000000000000000000, -0.000000000000000000, -1.000000000000000000 ) ) ;
#3773 =( NAMED_UNIT ( * ) SI_UNIT ( $, .STERADIAN. ) SOLID_ANGLE_UNIT ( ) );
#3774 = FILL_AREA_STYLE_COLOUR ( '', #4904 ) ;
#3775 = DIRECTION ( 'NONE',  ( -0.000000000000000000, 0.000000000000000000, 1.000000000000000000 ) ) ;
#3776 = CARTESIAN_POINT ( 'NONE',  ( 1.741789536020343032, 5.709058272657556721, -0.3499999999999999223 ) ) ;
#3777 = VECTOR ( 'NONE', #5390, 1000.000000000000000 ) ;
#3778 = COLOUR_RGB ( '',0.8313725490196077761, 0.6705882352941175961, 0.1294117647058823373 ) ;
#3779 = VECTOR ( 'NONE', #1308, 1000.000000000000000 ) ;
#3780 = PLANE ( 'NONE',  #3742 ) ;
#3781 = LINE ( 'NONE', #4799, #181 ) ;
#3782 = CARTESIAN_POINT ( 'NONE',  ( 0.6000000000000005329, 6.299999999999999822, -0.3499999999999999778 ) ) ;
#3783 = CARTESIAN_POINT ( 'NONE',  ( 6.549999999999999822, 0.5000000000000000000, -0.6499999999999989120 ) ) ;
#3784 = ORIENTED_EDGE ( 'NONE', *, *, #3748, .F. ) ;
#3785 = VECTOR ( 'NONE', #3744, 1000.000000000000000 ) ;
#3786 =( GEOMETRIC_REPRESENTATION_CONTEXT ( 3 ) GLOBAL_UNCERTAINTY_ASSIGNED_CONTEXT ( ( #1439 ) ) GLOBAL_UNIT_ASSIGNED_CONTEXT ( ( #189, #2436, #5593 ) ) REPRESENTATION_CONTEXT ( 'NONE', 'WORKASPACE' ) );
#3787 = SURFACE_STYLE_FILL_AREA ( #2403 ) ;
#3788 = DIRECTION ( 'NONE',  ( 0.000000000000000000, 1.000000000000000000, -1.668003342285391797E-16 ) ) ;
#3789 = VERTEX_POINT ( 'NONE', #5785 ) ;
#3790 =( GEOMETRIC_REPRESENTATION_CONTEXT ( 3 ) GLOBAL_UNCERTAINTY_ASSIGNED_CONTEXT ( ( #104 ) ) GLOBAL_UNIT_ASSIGNED_CONTEXT ( ( #5321, #3831, #1994 ) ) REPRESENTATION_CONTEXT ( 'NONE', 'WORKASPACE' ) );
#3791 = CARTESIAN_POINT ( 'NONE',  ( 2.189999999999999947, 8.000000000000000000, -0.3499999999999999778 ) ) ;
#3792 = VECTOR ( 'NONE', #5609, 1000.000000000000000 ) ;
#3793 = DIRECTION ( 'NONE',  ( 1.000000000000000000, 0.000000000000000000, 0.000000000000000000 ) ) ;
#3794 = SURFACE_STYLE_FILL_AREA ( #191 ) ;
#3795 = CARTESIAN_POINT ( 'NONE',  ( 5.949615242270665405, 8.500000000000000000, -0.8696152422706648899 ) ) ;
#3796 = CARTESIAN_POINT ( 'NONE',  ( -0.8556901891658993398, 5.260692584315935783, 0.3500000000000000333 ) ) ;
#3797 =( BOUNDED_SURFACE ( )  B_SPLINE_SURFACE ( 3, 1, ( 
 ( #4538, #2714 ),
 ( #2245, #1875 ),
 ( #4714, #2772 ),
 ( #39, #3659 ),
 ( #1064, #14 ),
 ( #4143, #5025 ),
 ( #926, #614 ) ),
 .UNSPECIFIED., .F., .F., .F. ) 
 B_SPLINE_SURFACE_WITH_KNOTS ( ( 4, 3, 4 ),
 ( 2, 2 ),
 ( 0.000000000000000000, 0.5000000000000000000, 1.000000000000000000 ),
 ( 0.000000000000000000, 1.000000000000000000 ),
 .UNSPECIFIED. ) 
 GEOMETRIC_REPRESENTATION_ITEM ( )  RATIONAL_B_SPLINE_SURFACE ( (
 ( 1.000000000000000000, 1.000000000000000000),
 ( 0.5953481791230080811, 0.5953481791230080811),
 ( 0.5953481791230080811, 0.5953481791230080811),
 ( 1.000000000000000000, 1.000000000000000000),
 ( 0.5953481791230080811, 0.5953481791230080811),
 ( 0.5953481791230080811, 0.5953481791230080811),
 ( 1.000000000000000000, 1.000000000000000000) ) ) 
 REPRESENTATION_ITEM ( '' )  SURFACE ( )  );
#3798 = VERTEX_POINT ( 'NONE', #1692 ) ;
#3799 = VECTOR ( 'NONE', #2279, 1000.000000000000000 ) ;
#3800 = VECTOR ( 'NONE', #660, 1000.000000000000000 ) ;
#3801 = CYLINDRICAL_SURFACE ( 'NONE', #2878, 0.2000000000000000944 ) ;
#3802 = EDGE_CURVE ( 'NONE', #187, #3069, #4876, .T. ) ;
#3803 = ORIENTED_EDGE ( 'NONE', *, *, #2485, .T. ) ;
#3804 = LINE ( 'NONE', #505, #364 ) ;
#3805 = VECTOR ( 'NONE', #414, 1000.000000000000000 ) ;
#3806 = MECHANICAL_DESIGN_GEOMETRIC_PRESENTATION_REPRESENTATION (  '', ( #5936 ), #4789 ) ;
#3807 = CARTESIAN_POINT ( 'NONE',  ( 5.080000000000000071, 0.5000000000000005551, 0.3499999999999999778 ) ) ;
#3808 =( NAMED_UNIT ( * ) PLANE_ANGLE_UNIT ( ) SI_UNIT ( $, .RADIAN. ) );
#3809 = EDGE_CURVE ( 'NONE', #4461, #1395, #5836, .T. ) ;
#3810 = CARTESIAN_POINT ( 'NONE',  ( 5.780000000000001137, 0.8000000000000007105, 0.3499999999999999778 ) ) ;
#3811 = SURFACE_STYLE_FILL_AREA ( #4204 ) ;
#3812 = EDGE_CURVE ( 'NONE', #1393, #370, #5052, .T. ) ;
#3813 = EDGE_LOOP ( 'NONE', ( #1828, #3468, #1097, #1453 ) ) ;
#3814 = LINE ( 'NONE', #4303, #2120 ) ;
#3815 = CARTESIAN_POINT ( 'NONE',  ( 1.546881821040566152, 2.798202530627316609, -0.3499999999999999778 ) ) ;
#3816 = PRESENTATION_LAYER_ASSIGNMENT (  '', '', ( #3250 ) ) ;
#3817 = EDGE_LOOP ( 'NONE', ( #3834, #4464, #395, #5364 ) ) ;
#3818 = DIRECTION ( 'NONE',  ( -1.000000000000000000, -0.000000000000000000, -0.000000000000000000 ) ) ;
#3819 = VECTOR ( 'NONE', #330, 1000.000000000000000 ) ;
#3820 = SURFACE_SIDE_STYLE ('',( #1083 ) ) ;
#3821 = PLANE ( 'NONE',  #2742 ) ;
#3822 = DIRECTION ( 'NONE',  ( 0.7071067811865474617, 0.7071067811865474617, -0.000000000000000000 ) ) ;
#3823 = CARTESIAN_POINT ( 'NONE',  ( 2.540000000000000036, 0.5000000000000005551, 0.3499999999999999778 ) ) ;
#3824 = ORIENTED_EDGE ( 'NONE', *, *, #2539, .F. ) ;
#3825 = CARTESIAN_POINT ( 'NONE',  ( 5.528193045422142404, 5.884855341312109189, -0.3500000000000000333 ) ) ;
#3826 = PRESENTATION_LAYER_ASSIGNMENT (  '', '', ( #4315 ) ) ;
#3827 = CARTESIAN_POINT ( 'NONE',  ( -0.6867549326077613259, 10.39117142264903570, -0.6500000000000030198 ) ) ;
#3828 = VERTEX_POINT ( 'NONE', #2621 ) ;
#3829 = LINE ( 'NONE', #2376, #5633 ) ;
#3830 = AXIS2_PLACEMENT_3D ( 'NONE', #221, #5221, #1292 ) ;
#3831 =( NAMED_UNIT ( * ) PLANE_ANGLE_UNIT ( ) SI_UNIT ( $, .RADIAN. ) );
#3832 = CARTESIAN_POINT ( 'NONE',  ( 1.000000000000000000, 6.500000000000000888, -0.3500000000000010880 ) ) ;
#3833 = CARTESIAN_POINT ( 'NONE',  ( -0.8506397697902383648, 5.307482533055398299, 0.3499999999999998113 ) ) ;
#3834 = ORIENTED_EDGE ( 'NONE', *, *, #1373, .F. ) ;
#3835 = ADVANCED_FACE ( 'NONE', ( #918 ), #4614, .F. ) ;
#3836 = AXIS2_PLACEMENT_3D ( 'NONE', #3934, #834, #2655 ) ;
#3837 = CARTESIAN_POINT ( 'NONE',  ( 5.766754932607761397, 10.39117142264903570, -0.6500000000000030198 ) ) ;
#3838 = ORIENTED_EDGE ( 'NONE', *, *, #4489, .F. ) ;
#3839 = DIRECTION ( 'NONE',  ( 0.5000000000000009992, -0.8660254037844380415, 0.000000000000000000 ) ) ;
#3840 = DIRECTION ( 'NONE',  ( 1.121588454295349533E-16, -1.000000000000000000, 0.000000000000000000 ) ) ;
#3841 = VECTOR ( 'NONE', #5557, 1000.000000000000000 ) ;
#3842 = UNCERTAINTY_MEASURE_WITH_UNIT (LENGTH_MEASURE( 1.000000000000000082E-05 ), #5002, 'distance_accuracy_value', 'NONE');
#3843 = PRESENTATION_STYLE_ASSIGNMENT (( #2042 ) ) ;
#3844 = CARTESIAN_POINT ( 'NONE',  ( 5.430000000000000604, 0.000000000000000000, 0.3499999999999999778 ) ) ;
#3845 = DIRECTION ( 'NONE',  ( 0.000000000000000000, 0.000000000000000000, -1.000000000000000000 ) ) ;
#3846 = STYLED_ITEM ( 'NONE', ( #2059 ), #3059 ) ;
#3847 = EDGE_CURVE ( 'NONE', #5006, #5655, #490, .T. ) ;
#3848 = ORIENTED_EDGE ( 'NONE', *, *, #4027, .F. ) ;
#3849 = CARTESIAN_POINT ( 'NONE',  ( 3.454708104564600202, 4.597665842580767936, 0.3499999999999999778 ) ) ;
#3850 = PRESENTATION_STYLE_ASSIGNMENT (( #657 ) ) ;
#3851 = VERTEX_POINT ( 'NONE', #2680 ) ;
#3852 = EDGE_CURVE ( 'NONE', #552, #4055, #5044, .T. ) ;
#3853 = CYLINDRICAL_SURFACE ( 'NONE', #2745, 0.2999999999999999334 ) ;
#3854 = DIRECTION ( 'NONE',  ( 0.6546536707079768647, 0.3779644730092280858, -0.6546536707079769757 ) ) ;
#3855 =( NAMED_UNIT ( * ) PLANE_ANGLE_UNIT ( ) SI_UNIT ( $, .RADIAN. ) );
#3856 = CARTESIAN_POINT ( 'NONE',  ( 0.3500000000000000333, 8.199999999999999289, -0.3500000000000000333 ) ) ;
#3857 = ADVANCED_FACE ( 'NONE', ( #2733 ), #33, .T. ) ;
#3858 = FACE_OUTER_BOUND ( 'NONE', #3559, .T. ) ;
#3859 = VERTEX_POINT ( 'NONE', #2353 ) ;
#3860 = LINE ( 'NONE', #5821, #550 ) ;
#3861 = FACE_OUTER_BOUND ( 'NONE', #354, .T. ) ;
#3862 = LINE ( 'NONE', #3945, #4610 ) ;
#3863 = ORIENTED_EDGE ( 'NONE', *, *, #3881, .T. ) ;
#3864 = LINE ( 'NONE', #4190, #3037 ) ;
#3865 = ADVANCED_BREP_SHAPE_REPRESENTATION ( '100mill Female Pin Header_3P_Gr', ( #450, #4397, #2304, #2292, #2203 ), #5459 ) ;
#3866 = FILL_AREA_STYLE_COLOUR ( '', #2209 ) ;
#3867 = LINE ( 'NONE', #4839, #4177 ) ;
#3868 = LINE ( 'NONE', #3474, #5731 ) ;
#3869 = ORIENTED_EDGE ( 'NONE', *, *, #350, .T. ) ;
#3870 = CARTESIAN_POINT ( 'NONE',  ( 3.185466478527304801, 3.877691542223586030, -0.3500000000000000888 ) ) ;
#3871 = CARTESIAN_POINT ( 'NONE',  ( 2.540000000000000036, 6.500000000000000888, -1.155688030012021264E-15 ) ) ;
#3872 = VERTEX_POINT ( 'NONE', #4106 ) ;
#3873 = DIRECTION ( 'NONE',  ( 0.000000000000000000, 0.000000000000000000, -1.000000000000000000 ) ) ;
#3874 = LINE ( 'NONE', #5727, #4866 ) ;
#3875 = PRESENTATION_STYLE_ASSIGNMENT (( #5323 ) ) ;
#3876 =( LENGTH_UNIT ( ) NAMED_UNIT ( * ) SI_UNIT ( .MILLI., .METRE. ) );
#3877 = EDGE_CURVE ( 'NONE', #2666, #4642, #5020, .T. ) ;
#3878 = ADVANCED_FACE ( 'NONE', ( #1403 ), #4048, .F. ) ;
#3879 = CARTESIAN_POINT ( 'NONE',  ( 3.513046200924452300, 3.450480068927959554, 0.3499999999999999778 ) ) ;
#3880 = VERTEX_POINT ( 'NONE', #5527 ) ;
#3881 = EDGE_CURVE ( 'NONE', #5273, #5006, #3240, .T. ) ;
#3882 = EDGE_CURVE ( 'NONE', #4988, #5273, #4160, .T. ) ;
#3883 = CARTESIAN_POINT ( 'NONE',  ( 0.000000000000000000, 6.299999999999999822, 0.3499999999999999778 ) ) ;
#3884 = CARTESIAN_POINT ( 'NONE',  ( 0.9442769795120042886, 4.091073788932197530, -0.3500000000000001443 ) ) ;
#3885 =( LENGTH_UNIT ( ) NAMED_UNIT ( * ) SI_UNIT ( .MILLI., .METRE. ) );
#3886 = UNCERTAINTY_MEASURE_WITH_UNIT (LENGTH_MEASURE( 1.000000000000000082E-05 ), #1072, 'distance_accuracy_value', 'NONE');
#3887 = VERTEX_POINT ( 'NONE', #2267 ) ;
#3888 =( GEOMETRIC_REPRESENTATION_CONTEXT ( 3 ) GLOBAL_UNCERTAINTY_ASSIGNED_CONTEXT ( ( #4646 ) ) GLOBAL_UNIT_ASSIGNED_CONTEXT ( ( #1429, #4526, #5039 ) ) REPRESENTATION_CONTEXT ( 'NONE', 'WORKASPACE' ) );
#3889 = FILL_AREA_STYLE ('',( #813 ) ) ;
#3890 = CARTESIAN_POINT ( 'NONE',  ( 1.540000000000000924, 6.299999999999999822, -0.1283333333333334936 ) ) ;
#3891 = ORIENTED_EDGE ( 'NONE', *, *, #2795, .F. ) ;
#3892 = CARTESIAN_POINT ( 'NONE',  ( -0.6999999999999995115, 0.8000000000000004885, -0.3499999999999999778 ) ) ;
#3893 = CARTESIAN_POINT ( 'NONE',  ( 4.080000000000000071, 1.800000000000000488, 0.3849999999999999534 ) ) ;
#3894 = CARTESIAN_POINT ( 'NONE',  ( 4.580000000000001847, 6.299999999999999822, -0.3499999999999999778 ) ) ;
#3895 = AXIS2_PLACEMENT_3D ( 'NONE', #3283, #2635, #5405 ) ;
#3896 = DIRECTION ( 'NONE',  ( 0.000000000000000000, 0.000000000000000000, -1.000000000000000000 ) ) ;
#3897 = PRESENTATION_STYLE_ASSIGNMENT (( #5382 ) ) ;
#3898 = ORIENTED_EDGE ( 'NONE', *, *, #3464, .F. ) ;
#3899 = CARTESIAN_POINT ( 'NONE',  ( 5.430000000000000604, -2.800000000000001155, 0.3499999999999999778 ) ) ;
#3900 = VECTOR ( 'NONE', #2700, 1000.000000000000000 ) ;
#3901 = VECTOR ( 'NONE', #5035, 1000.000000000000000 ) ;
#3902 = EDGE_LOOP ( 'NONE', ( #816, #1823, #4498, #3651 ) ) ;
#3903 = DIRECTION ( 'NONE',  ( -0.7071067811865475727, 0.7071067811865475727, 0.000000000000000000 ) ) ;
#3904 = VECTOR ( 'NONE', #4243, 1000.000000000000000 ) ;
#3905 = CARTESIAN_POINT ( 'NONE',  ( 4.393245067392238745, 8.000000000000000000, -0.6500000000000025757 ) ) ;
#3906 = CARTESIAN_POINT ( 'NONE',  ( 1.000000000000000444, 1.800000000000000488, 0.3499999999999999778 ) ) ;
#3907 = CARTESIAN_POINT ( 'NONE',  ( 3.140000000000000568, 6.299999999999999822, 0.3499999999999999778 ) ) ;
#3908 = CARTESIAN_POINT ( 'NONE',  ( 5.601845733883980216, 5.626229152235330488, -0.3499999999999999778 ) ) ;
#3909 = EDGE_LOOP ( 'NONE', ( #4929, #3579, #5289, #134 ) ) ;
#3910 = CARTESIAN_POINT ( 'NONE',  ( 0.5218457338839795900, 5.626229152235330488, -0.3499999999999999778 ) ) ;
#3911 = CARTESIAN_POINT ( 'NONE',  ( 0.9816606796124074386, 3.374693912578979216, -0.3499999999999999223 ) ) ;
#3912 = DIRECTION ( 'NONE',  ( -1.000000000000000000, -1.084202172485504434E-16, 0.000000000000000000 ) ) ;
#3913 = MECHANICAL_DESIGN_GEOMETRIC_PRESENTATION_REPRESENTATION (  '', ( #4007 ), #301 ) ;
#3914 =( NAMED_UNIT ( * ) PLANE_ANGLE_UNIT ( ) SI_UNIT ( $, .RADIAN. ) );
#3915 = ORIENTED_EDGE ( 'NONE', *, *, #2216, .F. ) ;
#3916 = FACE_OUTER_BOUND ( 'NONE', #4474, .T. ) ;
#3917 = PRESENTATION_LAYER_ASSIGNMENT (  '', '', ( #4798 ) ) ;
#3918 = SURFACE_SIDE_STYLE ('',( #2933 ) ) ;
#3919 = ORIENTED_EDGE ( 'NONE', *, *, #1301, .T. ) ;
#3920 = CARTESIAN_POINT ( 'NONE',  ( 3.185466478527304801, 3.877691542223584698, -0.3499999999999999778 ) ) ;
#3921 = LINE ( 'NONE', #885, #2755 ) ;
#3922 = PRESENTATION_STYLE_ASSIGNMENT (( #1683 ) ) ;
#3923 = STYLED_ITEM ( 'NONE', ( #1945 ), #2050 ) ;
#3924 = UNCERTAINTY_MEASURE_WITH_UNIT (LENGTH_MEASURE( 1.000000000000000082E-05 ), #5607, 'distance_accuracy_value', 'NONE');
#3925 = SURFACE_STYLE_FILL_AREA ( #763 ) ;
#3926 = ORIENTED_EDGE ( 'NONE', *, *, #5335, .F. ) ;
#3927 = EDGE_CURVE ( 'NONE', #5464, #4343, #4178, .T. ) ;
#3928 = CARTESIAN_POINT ( 'NONE',  ( 6.004058140717155823, 4.443591676420198588, -0.3499999999999999778 ) ) ;
#3929 = SURFACE_STYLE_FILL_AREA ( #5385 ) ;
#3930 = AXIS2_PLACEMENT_3D ( 'NONE', #4635, #3757, #3297 ) ;
#3931 = ORIENTED_EDGE ( 'NONE', *, *, #789, .F. ) ;
#3932 = FILL_AREA_STYLE ('',( #4349 ) ) ;
#3933 = SURFACE_STYLE_FILL_AREA ( #2506 ) ;
#3934 = CARTESIAN_POINT ( 'NONE',  ( 2.540000000000000036, -3.000000000000000000, 0.3499999999999999778 ) ) ;
#3935 = AXIS2_PLACEMENT_3D ( 'NONE', #1191, #1891, #5866 ) ;
#3936 = SURFACE_STYLE_USAGE ( .BOTH. , #1223 ) ;
#3937 =( LENGTH_UNIT ( ) NAMED_UNIT ( * ) SI_UNIT ( .MILLI., .METRE. ) );
#3938 = VERTEX_POINT ( 'NONE', #2238 ) ;
#3939 = CARTESIAN_POINT ( 'NONE',  ( 0.9446954869561655643, 4.083092593512565038, -0.3499999999999998668 ) ) ;
#3940 = CARTESIAN_POINT ( 'NONE',  ( 0.8615757348916189828, 5.204467366490783675, 0.3500000000000000333 ) ) ;
#3941 = COLOUR_RGB ( '',0.8313725490196077761, 0.6705882352941175961, 0.1294117647058823373 ) ;
#3942 = LINE ( 'NONE', #2106, #2478 ) ;
#3943 = EDGE_LOOP ( 'NONE', ( #830, #2785, #5613, #49 ) ) ;
#3944 = DIRECTION ( 'NONE',  ( 0.000000000000000000, -0.000000000000000000, 1.000000000000000000 ) ) ;
#3945 = CARTESIAN_POINT ( 'NONE',  ( 6.549999999999999822, 0.5000000000000002220, 0.6500000000000010214 ) ) ;
#3946 = ORIENTED_EDGE ( 'NONE', *, *, #246, .F. ) ;
#3947 = DIRECTION ( 'NONE',  ( 1.000000000000000000, 7.228014483236696555E-16, 0.000000000000000000 ) ) ;
#3948 = EDGE_CURVE ( 'NONE', #5499, #937, #1804, .T. ) ;
#3949 = DIRECTION ( 'NONE',  ( 0.000000000000000000, 0.000000000000000000, -1.000000000000000000 ) ) ;
#3950 = PRESENTATION_STYLE_ASSIGNMENT (( #2172 ) ) ;
#3951 = EDGE_LOOP ( 'NONE', ( #3335, #5816, #1269, #2202 ) ) ;
#3952 = CARTESIAN_POINT ( 'NONE',  ( 5.957528552431158531, 5.050332720359885563, -0.3499999999999999778 ) ) ;
#3953 = LINE ( 'NONE', #5807, #504 ) ;
#3954 = VERTEX_POINT ( 'NONE', #1342 ) ;
#3955 = DIRECTION ( 'NONE',  ( -1.000000000000000000, 0.000000000000000000, 0.000000000000000000 ) ) ;
#3956 = EDGE_CURVE ( 'NONE', #426, #2504, #3156, .T. ) ;
#3957 = LINE ( 'NONE', #1252, #3777 ) ;
#3958 = CARTESIAN_POINT ( 'NONE',  ( 2.590000000000000302, 8.026794919243110726, -0.05000000000000023870 ) ) ;
#3959 = CARTESIAN_POINT ( 'NONE',  ( 0.3525240155457787239, 5.732672356334978403, -0.3499999999999999778 ) ) ;
#3960 = CARTESIAN_POINT ( 'NONE',  ( 5.432524015545779683, 5.732672356334978403, -0.3499999999999999778 ) ) ;
#3961 = ORIENTED_EDGE ( 'NONE', *, *, #1698, .T. ) ;
#3962 = FACE_OUTER_BOUND ( 'NONE', #4042, .T. ) ;
#3963 = CARTESIAN_POINT ( 'NONE',  ( 4.393245067392238745, 8.000000000000000000, -0.6500000000000030198 ) ) ;
#3964 = VERTEX_POINT ( 'NONE', #545 ) ;
#3965 = CARTESIAN_POINT ( 'NONE',  ( 1.540000000000000480, 1.800000000000000488, -0.3849999999999998979 ) ) ;
#3966 = VERTEX_POINT ( 'NONE', #2030 ) ;
#3967 = CARTESIAN_POINT ( 'NONE',  ( 1.000000000000000444, 1.800000000000000488, 0.3849999999999998979 ) ) ;
#3968 = CARTESIAN_POINT ( 'NONE',  ( 4.480000000000000426, 6.299999999999999822, -0.3849999999999998979 ) ) ;
#3969 = CARTESIAN_POINT ( 'NONE',  ( 0.3525240155457787239, 5.732672356334978403, -0.3499999999999999778 ) ) ;
#3970 = ORIENTED_EDGE ( 'NONE', *, *, #4146, .F. ) ;
#3971 = ORIENTED_EDGE ( 'NONE', *, *, #4698, .T. ) ;
#3972 = CARTESIAN_POINT ( 'NONE',  ( 2.214744180118195516, 5.589454083063166046, -0.3499999999999999778 ) ) ;
#3973 = EDGE_CURVE ( 'NONE', #4000, #3143, #3829, .T. ) ;
#3974 = LINE ( 'NONE', #1741, #2235 ) ;
#3975 = VERTEX_POINT ( 'NONE', #5129 ) ;
#3976 = VECTOR ( 'NONE', #4889, 1000.000000000000000 ) ;
#3977 = CARTESIAN_POINT ( 'NONE',  ( 4.631806954577858626, 5.884855341312110077, -0.3499999999999999223 ) ) ;
#3978 = VECTOR ( 'NONE', #4540, 1000.000000000000000 ) ;
#3979 = FACE_OUTER_BOUND ( 'NONE', #997, .T. ) ;
#3980 = FACE_OUTER_BOUND ( 'NONE', #1124, .T. ) ;
#3981 = AXIS2_PLACEMENT_3D ( 'NONE', #3062, #2612, #1183 ) ;
#3982 = CARTESIAN_POINT ( 'NONE',  ( -0.8696152422706646679, 8.500000000000000000, -0.8696152422706645568 ) ) ;
#3983 = DIRECTION ( 'NONE',  ( 1.000000000000000000, 0.000000000000000000, 0.000000000000000000 ) ) ;
#3984 = VERTEX_POINT ( 'NONE', #4284 ) ;
#3985 = LINE ( 'NONE', #1288, #5356 ) ;
#3986 = STYLED_ITEM ( 'NONE', ( #3480 ), #5322 ) ;
#3987 = CARTESIAN_POINT ( 'NONE',  ( 4.480000000000000426, 6.299999999999999822, -0.3499999999999999778 ) ) ;
#3988 = ORIENTED_EDGE ( 'NONE', *, *, #4582, .T. ) ;
#3989 = PRESENTATION_LAYER_ASSIGNMENT (  '', '', ( #1144 ) ) ;
#3990 = ADVANCED_FACE ( 'NONE', ( #3301 ), #1090, .F. ) ;
#3991 = CIRCLE ( 'NONE', #1540, 0.2000000000000000944 ) ;
#3992 = CARTESIAN_POINT ( 'NONE',  ( 0.8888495460508764046, 4.917640708297875030, 0.3499999999999999778 ) ) ;
#3993 = SURFACE_STYLE_USAGE ( .BOTH. , #3087 ) ;
#3994 = CIRCLE ( 'NONE', #2956, 0.1999999999999999833 ) ;
#3995 = EDGE_LOOP ( 'NONE', ( #4455, #5214, #3451, #5864 ) ) ;
#3996 = VECTOR ( 'NONE', #1377, 1000.000000000000000 ) ;
#3997 = CARTESIAN_POINT ( 'NONE',  ( 4.210384757729334737, 8.500000000000000000, -0.8696152422706647789 ) ) ;
#3998 = CARTESIAN_POINT ( 'NONE',  ( 4.191150453949023635, 4.917640708295713203, -0.3499999999999999223 ) ) ;
#3999 = AXIS2_PLACEMENT_3D ( 'NONE', #5825, #5013, #3949 ) ;
#4000 = VERTEX_POINT ( 'NONE', #2908 ) ;
#4001 = CARTESIAN_POINT ( 'NONE',  ( 1.540000000000000480, 1.800000000000000488, 0.3499999999999999778 ) ) ;
#4002 = PLANE ( 'NONE',  #298 ) ;
#4003 = CARTESIAN_POINT ( 'NONE',  ( 5.405255819881805479, 5.589454083063163381, -0.3499999999999999778 ) ) ;
#4004 = ORIENTED_EDGE ( 'NONE', *, *, #4247, .T. ) ;
#4005 = DIRECTION ( 'NONE',  ( -1.000000000000000000, -0.000000000000000000, -0.000000000000000000 ) ) ;
#4006 = ORIENTED_EDGE ( 'NONE', *, *, #1877, .T. ) ;
#4007 = STYLED_ITEM ( 'NONE', ( #1610 ), #774 ) ;
#4008 = LINE ( 'NONE', #3587, #4407 ) ;
#4009 = SURFACE_SIDE_STYLE ('',( #1774 ) ) ;
#4010 = ORIENTED_EDGE ( 'NONE', *, *, #1257, .T. ) ;
#4011 = CYLINDRICAL_SURFACE ( 'NONE', #4272, 0.2000000000000000944 ) ;
#4012 = LINE ( 'NONE', #831, #2958 ) ;
#4013 = VECTOR ( 'NONE', #3079, 1000.000000000000000 ) ;
#4014 = EDGE_CURVE ( 'NONE', #1818, #4946, #4253, .T. ) ;
#4015 = EDGE_CURVE ( 'NONE', #2647, #2993, #2408, .T. ) ;
#4016 = VECTOR ( 'NONE', #1438, 1000.000000000000000 ) ;
#4017 = CARTESIAN_POINT ( 'NONE',  ( 3.540000000000000036, 6.500000000000000888, 0.3499999999999989231 ) ) ;
#4018 = CARTESIAN_POINT ( 'NONE',  ( 4.730000000000001315, -2.800000000000001155, -0.3499999999999999778 ) ) ;
#4019 = ORIENTED_EDGE ( 'NONE', *, *, #1606, .T. ) ;
#4020 = PLANE ( 'NONE',  #2204 ) ;
#4021 = DIRECTION ( 'NONE',  ( 0.000000000000000000, 3.097720492815727166E-16, 1.000000000000000000 ) ) ;
#4022 = DIRECTION ( 'NONE',  ( -0.000000000000000000, -3.097720492815727166E-16, -1.000000000000000000 ) ) ;
#4023 = EDGE_CURVE ( 'NONE', #3966, #4061, #149, .T. ) ;
#4024 = VERTEX_POINT ( 'NONE', #2851 ) ;
#4025 = SURFACE_SIDE_STYLE ('',( #5366 ) ) ;
#4026 = COLOUR_RGB ( '',0.8313725490196077761, 0.6705882352941175961, 0.1294117647058823373 ) ;
#4027 = EDGE_CURVE ( 'NONE', #2712, #3291, #3864, .T. ) ;
#4028 = SURFACE_STYLE_USAGE ( .BOTH. , #420 ) ;
#4029 = LINE ( 'NONE', #4425, #3441 ) ;
#4030 = PLANE ( 'NONE',  #758 ) ;
#4031 = EDGE_CURVE ( 'NONE', #3614, #1216, #3330, .T. ) ;
#4032 = ORIENTED_EDGE ( 'NONE', *, *, #2309, .F. ) ;
#4033 = MECHANICAL_DESIGN_GEOMETRIC_PRESENTATION_REPRESENTATION (  '', ( #986 ), #5584 ) ;
#4034 = EDGE_CURVE ( 'NONE', #2262, #1691, #5688, .T. ) ;
#4035 = CARTESIAN_POINT ( 'NONE',  ( 4.080000000000000959, 2.207665535523968270, -0.3499999999999999778 ) ) ;
#4036 = EDGE_CURVE ( 'NONE', #582, #533, #611, .T. ) ;
#4037 = STYLED_ITEM ( 'NONE', ( #5281 ), #3124 ) ;
#4038 = ORIENTED_EDGE ( 'NONE', *, *, #1414, .F. ) ;
#4039 = CARTESIAN_POINT ( 'NONE',  ( 3.226754932607761805, 8.000000000000000000, 0.6500000000000000222 ) ) ;
#4040 = CARTESIAN_POINT ( 'NONE',  ( -0.5999999999999996447, 6.299999999999999822, 0.3499999999999999778 ) ) ;
#4041 = CARTESIAN_POINT ( 'NONE',  ( 4.616643101092098078, 1.700000000000000400, -0.3499999999999999778 ) ) ;
#4042 = EDGE_LOOP ( 'NONE', ( #4010, #4574, #619, #5782, #2837, #5882, #1017, #3971 ) ) ;
#4043 = DIRECTION ( 'NONE',  ( 1.000000000000000000, -0.000000000000000000, 0.000000000000000000 ) ) ;
#4044 = EDGE_LOOP ( 'NONE', ( #5248, #2057, #5387, #4390 ) ) ;
#4045 = CARTESIAN_POINT ( 'NONE',  ( -0.3500000000000000333, 8.199999999999999289, 0.3499999999999999778 ) ) ;
#4046 = CARTESIAN_POINT ( 'NONE',  ( -0.4999999999999985012, 6.299999999999999822, -0.3499999999999999778 ) ) ;
#4047 = ORIENTED_EDGE ( 'NONE', *, *, #2006, .T. ) ;
#4048 = PLANE ( 'NONE',  #1723 ) ;
#4049 = LINE ( 'NONE', #2268, #3996 ) ;
#4050 = CARTESIAN_POINT ( 'NONE',  ( 3.226754932607761361, 10.39117142264903570, 0.6499999999999995781 ) ) ;
#4051 = CARTESIAN_POINT ( 'NONE',  ( 2.892524015545778759, 5.732672356334978403, 0.3499999999999999778 ) ) ;
#4052 = EDGE_CURVE ( 'NONE', #937, #1920, #225, .T. ) ;
#4053 = ORIENTED_EDGE ( 'NONE', *, *, #3852, .T. ) ;
#4054 = SURFACE_SIDE_STYLE ('',( #1525 ) ) ;
#4055 = VERTEX_POINT ( 'NONE', #94 ) ;
#4056 = SURFACE_SIDE_STYLE ('',( #1878 ) ) ;
#4057 = EDGE_CURVE ( 'NONE', #1868, #3279, #4227, .T. ) ;
#4058 = CARTESIAN_POINT ( 'NONE',  ( 5.579999999999999183, 6.299999999999999822, 0.3499999999999999778 ) ) ;
#4059 = CARTESIAN_POINT ( 'NONE',  ( 0.8095024236130845541, 5.635051924204145912, 0.3499999999999999778 ) ) ;
#4060 = DIRECTION ( 'NONE',  ( 1.000000000000000000, 1.084202172485504434E-16, 0.000000000000000000 ) ) ;
#4061 = VERTEX_POINT ( 'NONE', #1971 ) ;
#4062 = CARTESIAN_POINT ( 'NONE',  ( -0.4999999999999985012, 6.084152315493286167, 0.3499999999999999223 ) ) ;
#4063 = ORIENTED_EDGE ( 'NONE', *, *, #662, .F. ) ;
#4064 = DIRECTION ( 'NONE',  ( -0.000000000000000000, -0.000000000000000000, -1.000000000000000000 ) ) ;
#4065 = DIRECTION ( 'NONE',  ( -0.000000000000000000, -1.668003342285388099E-16, -1.000000000000000000 ) ) ;
#4066 = CARTESIAN_POINT ( 'NONE',  ( 4.179306504786379328, 4.786369049942377885, 0.3499999999999999778 ) ) ;
#4067 = VERTEX_POINT ( 'NONE', #5161 ) ;
#4068 = PLANE ( 'NONE',  #5822 ) ;
#4069 = EDGE_LOOP ( 'NONE', ( #3161, #5032, #1709, #123 ) ) ;
#4070 = CARTESIAN_POINT ( 'NONE',  ( 0.3500000000000008105, 0.5000000000000005551, 0.3499999999999999778 ) ) ;
#4071 = ORIENTED_EDGE ( 'NONE', *, *, #3034, .T. ) ;
#4072 = FILL_AREA_STYLE_COLOUR ( '', #2662 ) ;
#4073 = DIRECTION ( 'NONE',  ( -0.000000000000000000, -1.000000000000000000, 1.668003342285391551E-16 ) ) ;
#4074 = AXIS2_PLACEMENT_3D ( 'NONE', #2816, #4630, #176 ) ;
#4075 = DIRECTION ( 'NONE',  ( 0.000000000000000000, 1.000000000000000000, -3.097720492815727166E-16 ) ) ;
#4076 =( GEOMETRIC_REPRESENTATION_CONTEXT ( 3 ) GLOBAL_UNCERTAINTY_ASSIGNED_CONTEXT ( ( #2384 ) ) GLOBAL_UNIT_ASSIGNED_CONTEXT ( ( #5125, #1488, #5154 ) ) REPRESENTATION_CONTEXT ( 'NONE', 'WORKASPACE' ) );
#4077 = STYLED_ITEM ( 'NONE', ( #5756 ), #3755 ) ;
#4078 = CARTESIAN_POINT ( 'NONE',  ( 6.549999999999999822, 0.5000000000000002220, 0.6500000000000010214 ) ) ;
#4079 = ORIENTED_EDGE ( 'NONE', *, *, #2720, .T. ) ;
#4080 = DIRECTION ( 'NONE',  ( 0.000000000000000000, -0.000000000000000000, -1.000000000000000000 ) ) ;
#4081 = PRESENTATION_STYLE_ASSIGNMENT (( #16 ) ) ;
#4082 = AXIS2_PLACEMENT_3D ( 'NONE', #2966, #5252, #4364 ) ;
#4083 = VECTOR ( 'NONE', #2061, 1000.000000000000000 ) ;
#4084 = EDGE_CURVE ( 'NONE', #1376, #13, #1027, .T. ) ;
#4085 = AXIS2_PLACEMENT_3D ( 'NONE', #5718, #3392, #3002 ) ;
#4086 = VECTOR ( 'NONE', #5234, 1000.000000000000000 ) ;
#4087 = LINE ( 'NONE', #1788, #1130 ) ;
#4088 =( LENGTH_UNIT ( ) NAMED_UNIT ( * ) SI_UNIT ( .MILLI., .METRE. ) );
#4089 = FACE_OUTER_BOUND ( 'NONE', #3351, .T. ) ;
#4090 = ORIENTED_EDGE ( 'NONE', *, *, #5285, .F. ) ;
#4091 = ADVANCED_FACE ( 'NONE', ( #5195 ), #2187, .T. ) ;
#4092 = PRESENTATION_LAYER_ASSIGNMENT (  '', '', ( #2857 ) ) ;
#4093 = CARTESIAN_POINT ( 'NONE',  ( 4.133063051753866901, 4.039780281224065739, -0.3499999999999999778 ) ) ;
#4094 = ORIENTED_EDGE ( 'NONE', *, *, #5262, .F. ) ;
#4095 = DIRECTION ( 'NONE',  ( 0.000000000000000000, 0.000000000000000000, -1.000000000000000000 ) ) ;
#4096 = CARTESIAN_POINT ( 'NONE',  ( 4.279832123124273302, 5.699693040756022455, 0.3500000000000000888 ) ) ;
#4097 = EDGE_LOOP ( 'NONE', ( #4734, #1491, #5228, #4219 ) ) ;
#4098 = ADVANCED_FACE ( 'NONE', ( #3094 ), #1732, .F. ) ;
#4099 = DIRECTION ( 'NONE',  ( 0.000000000000000000, 1.000000000000000000, -1.668003342285391551E-16 ) ) ;
#4100 = ORIENTED_EDGE ( 'NONE', *, *, #3090, .F. ) ;
#4101 = VECTOR ( 'NONE', #2116, 1000.000000000000000 ) ;
#4102 = DIRECTION ( 'NONE',  ( 0.000000000000000000, -0.000000000000000000, -1.000000000000000000 ) ) ;
#4103 = FILL_AREA_STYLE ('',( #3183 ) ) ;
#4104 = ORIENTED_EDGE ( 'NONE', *, *, #549, .T. ) ;
#4105 = EDGE_CURVE ( 'NONE', #1892, #3470, #4456, .T. ) ;
#4106 = CARTESIAN_POINT ( 'NONE',  ( 6.080000000000000071, 1.800000000000000488, 0.3499999999999999778 ) ) ;
#4107 = ADVANCED_FACE ( 'NONE', ( #792 ), #2970, .F. ) ;
#4108 = DIRECTION ( 'NONE',  ( 0.000000000000000000, 3.097720492815727166E-16, 1.000000000000000000 ) ) ;
#4109 = VECTOR ( 'NONE', #3822, 1000.000000000000114 ) ;
#4110 = EDGE_CURVE ( 'NONE', #3789, #2521, #4923, .T. ) ;
#4111 = CARTESIAN_POINT ( 'NONE',  ( 5.780000000000001137, 0.8000000000000007105, -0.3499999999999999778 ) ) ;
#4112 = LINE ( 'NONE', #4506, #5489 ) ;
#4113 = VECTOR ( 'NONE', #384, 1000.000000000000000 ) ;
#4114 = ORIENTED_EDGE ( 'NONE', *, *, #2532, .F. ) ;
#4115 = FILL_AREA_STYLE ('',( #2215 ) ) ;
#4116 =( NAMED_UNIT ( * ) SI_UNIT ( $, .STERADIAN. ) SOLID_ANGLE_UNIT ( ) );
#4117 = FACE_OUTER_BOUND ( 'NONE', #1145, .T. ) ;
#4118 = MECHANICAL_DESIGN_GEOMETRIC_PRESENTATION_REPRESENTATION (  '', ( #4315 ), #2594 ) ;
#4119 = B_SPLINE_CURVE_WITH_KNOTS ( 'NONE', 3,
 ( #2735, #5894, #1347, #894 ),
 .UNSPECIFIED., .F., .F.,
 ( 4, 4 ),
 ( 0.000000000000000000, 1.000000000000000000 ),
 .UNSPECIFIED. ) ;
#4120 = CARTESIAN_POINT ( 'NONE',  ( 4.729999999999999538, 0.000000000000000000, -0.3499999999999999778 ) ) ;
#4121 = VECTOR ( 'NONE', #839, 1000.000000000000000 ) ;
#4122 =( NAMED_UNIT ( * ) PLANE_ANGLE_UNIT ( ) SI_UNIT ( $, .RADIAN. ) );
#4123 = ORIENTED_EDGE ( 'NONE', *, *, #5729, .T. ) ;
#4124 = VECTOR ( 'NONE', #1222, 1000.000000000000000 ) ;
#4125 = CARTESIAN_POINT ( 'NONE',  ( 4.281789536020344400, 5.709058272657560273, -0.3500000000000000333 ) ) ;
#4126 = EDGE_CURVE ( 'NONE', #4862, #4517, #502, .T. ) ;
#4127 = ORIENTED_EDGE ( 'NONE', *, *, #4810, .T. ) ;
#4128 = CARTESIAN_POINT ( 'NONE',  ( 1.597499970055215934, 4.124619419408430687, 0.3500000000000000333 ) ) ;
#4129 = CARTESIAN_POINT ( 'NONE',  ( 4.729999999999999538, 0.000000000000000000, -0.3499999999999999778 ) ) ;
#4130 = DIRECTION ( 'NONE',  ( -0.000000000000000000, 0.000000000000000000, 1.000000000000000000 ) ) ;
#4131 = ORIENTED_EDGE ( 'NONE', *, *, #2720, .F. ) ;
#4132 = CARTESIAN_POINT ( 'NONE',  ( 5.401845733883980039, 5.626229152235330488, -0.3499999999999999778 ) ) ;
#4133 = DIRECTION ( 'NONE',  ( 0.6546536707079769757, -0.3779644730092281413, -0.6546536707079769757 ) ) ;
#4134 = DIRECTION ( 'NONE',  ( -0.000000000000000000, -1.000000000000000000, 1.668003342285391551E-16 ) ) ;
#4135 = EDGE_CURVE ( 'NONE', #5063, #5422, #4863, .T. ) ;
#4136 = ORIENTED_EDGE ( 'NONE', *, *, #1261, .T. ) ;
#4137 = SURFACE_SIDE_STYLE ('',( #34 ) ) ;
#4138 = DIRECTION ( 'NONE',  ( 1.000000000000000000, 0.000000000000000000, 0.000000000000000000 ) ) ;
#4139 = DIRECTION ( 'NONE',  ( 0.000000000000000000, 0.000000000000000000, 1.000000000000000000 ) ) ;
#4140 = EDGE_LOOP ( 'NONE', ( #2534, #1408, #3769, #5696 ) ) ;
#4141 = ADVANCED_FACE ( 'NONE', ( #3000 ), #368, .F. ) ;
#4142 = SURFACE_STYLE_USAGE ( .BOTH. , #2889 ) ;
#4143 = CARTESIAN_POINT ( 'NONE',  ( 5.725466478527304837, 3.877691542223584698, 0.3499999999999999778 ) ) ;
#4144 = SURFACE_SIDE_STYLE ('',( #500 ) ) ;
#4145 = CARTESIAN_POINT ( 'NONE',  ( -0.8888495460509765467, 4.917640708295714980, -0.3499999999999999223 ) ) ;
#4146 = EDGE_CURVE ( 'NONE', #1482, #3485, #4344, .T. ) ;
#4147 = LINE ( 'NONE', #474, #163 ) ;
#4148 = CYLINDRICAL_SURFACE ( 'NONE', #96, 0.2999999999999999889 ) ;
#4149 = PLANE ( 'NONE',  #4781 ) ;
#4150 = ORIENTED_EDGE ( 'NONE', *, *, #4402, .T. ) ;
#4151 = EDGE_CURVE ( 'NONE', #5317, #5339, #2525, .T. ) ;
#4152 = SURFACE_STYLE_USAGE ( .BOTH. , #1510 ) ;
#4153 = EDGE_LOOP ( 'NONE', ( #1785, #1422, #5797, #4100, #2195, #5643, #3633, #2038, #2242, #243, #3524, #5887, #2364, #2228, #283, #5440, #4535, #1646, #4156, #2012, #3475 ) ) ;
#4154 = SURFACE_STYLE_FILL_AREA ( #602 ) ;
#4155 = SURFACE_STYLE_USAGE ( .BOTH. , #2817 ) ;
#4156 = ORIENTED_EDGE ( 'NONE', *, *, #3583, .T. ) ;
#4157 = CARTESIAN_POINT ( 'NONE',  ( 5.432524015545779683, 5.732672356334978403, -0.3499999999999999778 ) ) ;
#4158 = EDGE_CURVE ( 'NONE', #2490, #48, #2189, .T. ) ;
#4159 = ORIENTED_EDGE ( 'NONE', *, *, #4052, .F. ) ;
#4160 = LINE ( 'NONE', #3123, #2467 ) ;
#4161 = CARTESIAN_POINT ( 'NONE',  ( 3.173148314883513343, 6.299478870653064888, -0.3500000000000000333 ) ) ;
#4162 = CARTESIAN_POINT ( 'NONE',  ( -0.6331483148834667896, 6.299478870653091533, 0.3500000000000000888 ) ) ;
#4163 = VERTEX_POINT ( 'NONE', #5743 ) ;
#4164 = UNCERTAINTY_MEASURE_WITH_UNIT (LENGTH_MEASURE( 1.000000000000000082E-05 ), #2054, 'distance_accuracy_value', 'NONE');
#4165 = CARTESIAN_POINT ( 'NONE',  ( 0.000000000000000000, 6.299999999999999822, -0.3499999999999999778 ) ) ;
#4166 = ORIENTED_EDGE ( 'NONE', *, *, #1889, .F. ) ;
#4167 = FILL_AREA_STYLE ('',( #4198 ) ) ;
#4168 = LINE ( 'NONE', #4200, #2483 ) ;
#4169 = PRESENTATION_LAYER_ASSIGNMENT (  '', '', ( #453 ) ) ;
#4170 = FACE_OUTER_BOUND ( 'NONE', #167, .T. ) ;
#4171 = CARTESIAN_POINT ( 'NONE',  ( 2.865255819881805444, 5.589454083063163381, 0.3499999999999999778 ) ) ;
#4172 = EDGE_CURVE ( 'NONE', #4677, #3859, #4939, .T. ) ;
#4173 = DIRECTION ( 'NONE',  ( -0.000000000000000000, -0.000000000000000000, -1.000000000000000000 ) ) ;
#4174 = DIRECTION ( 'NONE',  ( 3.097720492815726426E-17, -1.000000000000000000, 0.000000000000000000 ) ) ;
#4175 = ORIENTED_EDGE ( 'NONE', *, *, #2457, .T. ) ;
#4176 = EDGE_CURVE ( 'NONE', #1920, #5896, #728, .T. ) ;
#4177 = VECTOR ( 'NONE', #1588, 1000.000000000000000 ) ;
#4178 = CIRCLE ( 'NONE', #4868, 0.2999999999999999334 ) ;
#4179 = VERTEX_POINT ( 'NONE', #1857 ) ;
#4180 = CARTESIAN_POINT ( 'NONE',  ( 0.7860528864859864795, 5.783587059575308054, -0.3500000000000000888 ) ) ;
#4181 = DIRECTION ( 'NONE',  ( 0.000000000000000000, -0.000000000000000000, -1.000000000000000000 ) ) ;
#4182 = CARTESIAN_POINT ( 'NONE',  ( 4.145174816799755746, 4.263498050147334517, 0.3499999999999999778 ) ) ;
#4183 = PRESENTATION_LAYER_ASSIGNMENT (  '', '', ( #1235 ) ) ;
#4184 = VERTEX_POINT ( 'NONE', #4039 ) ;
#4185 = CLOSED_SHELL ( 'NONE', ( #464, #4636, #5883, #211, #4292, #2166, #2334, #5549, #5518, #5776, #2179, #4739, #1737, #197, #4848, #1689, #3755, #3124, #4537, #2781, #2940, #3489, #2984 ) ) ;
#4186 = DIRECTION ( 'NONE',  ( -1.000000000000000000, 0.000000000000000000, 7.744301232039316681E-17 ) ) ;
#4187 = VECTOR ( 'NONE', #5306, 1000.000000000000000 ) ;
#4188 = CARTESIAN_POINT ( 'NONE',  ( 5.430000000000000604, 8.000000000000000000, -0.3500000000000000333 ) ) ;
#4189 = VERTEX_POINT ( 'NONE', #5470 ) ;
#4190 = CARTESIAN_POINT ( 'NONE',  ( 1.840000000000000524, 0.5000000000000004441, -0.3499999999999999778 ) ) ;
#4191 = CARTESIAN_POINT ( 'NONE',  ( 3.326758496035389090, 5.779404586027643731, -0.3500000000000000333 ) ) ;
#4192 = AXIS2_PLACEMENT_3D ( 'NONE', #777, #303, #4355 ) ;
#4193 = CARTESIAN_POINT ( 'NONE',  ( 6.080000000000000071, 6.500000000000000888, -0.3500000000000010880 ) ) ;
#4194 = ORIENTED_EDGE ( 'NONE', *, *, #2025, .T. ) ;
#4195 = DIRECTION ( 'NONE',  ( 1.000000000000000000, 0.000000000000000000, 0.000000000000000000 ) ) ;
#4196 = CARTESIAN_POINT ( 'NONE',  ( 5.941229900893848281, 5.207834124282262778, 0.3500000000000000333 ) ) ;
#4197 = EDGE_LOOP ( 'NONE', ( #3926, #335, #5071, #459 ) ) ;
#4198 = FILL_AREA_STYLE_COLOUR ( '', #1346 ) ;
#4199 = VECTOR ( 'NONE', #4541, 1000.000000000000000 ) ;
#4200 = CARTESIAN_POINT ( 'NONE',  ( 6.549999999999999822, 0.5000000000000000000, -0.6499999999999989120 ) ) ;
#4201 = UNCERTAINTY_MEASURE_WITH_UNIT (LENGTH_MEASURE( 1.000000000000000082E-05 ), #5717, 'distance_accuracy_value', 'NONE');
#4202 = DIRECTION ( 'NONE',  ( -1.000000000000000000, 0.000000000000000000, 7.744301232039316681E-17 ) ) ;
#4203 = VECTOR ( 'NONE', #4021, 1000.000000000000000 ) ;
#4204 = FILL_AREA_STYLE ('',( #3774 ) ) ;
#4205 = EDGE_CURVE ( 'NONE', #1881, #3975, #2790, .T. ) ;
#4206 = ADVANCED_FACE ( 'NONE', ( #2257 ), #4547, .F. ) ;
#4207 = FACE_OUTER_BOUND ( 'NONE', #1160, .T. ) ;
#4208 = AXIS2_PLACEMENT_3D ( 'NONE', #2868, #3348, #3380 ) ;
#4209 = CARTESIAN_POINT ( 'NONE',  ( 1.591102897648887682, 4.001162287970070786, -0.3500000000000000333 ) ) ;
#4210 = EDGE_CURVE ( 'NONE', #1497, #1602, #5409, .T. ) ;
#4211 = EDGE_CURVE ( 'NONE', #1302, #820, #3644, .T. ) ;
#4212 = AXIS2_PLACEMENT_3D ( 'NONE', #457, #2295, #3649 ) ;
#4213 = FILL_AREA_STYLE ('',( #1051 ) ) ;
#4214 = ORIENTED_EDGE ( 'NONE', *, *, #3014, .F. ) ;
#4215 = EDGE_CURVE ( 'NONE', #321, #3681, #5914, .T. ) ;
#4216 = CARTESIAN_POINT ( 'NONE',  ( 3.140000000000000568, 6.299999999999999822, -0.3499999999999999778 ) ) ;
#4217 = CARTESIAN_POINT ( 'NONE',  ( -0.5999999999999996447, 6.299999999999999822, -0.3849999999999998979 ) ) ;
#4218 = DIRECTION ( 'NONE',  ( 0.000000000000000000, 1.000000000000000000, -1.668003342285391551E-16 ) ) ;
#4219 = ORIENTED_EDGE ( 'NONE', *, *, #4620, .F. ) ;
#4220 = PRESENTATION_LAYER_ASSIGNMENT (  '', '', ( #1468 ) ) ;
#4221 = CARTESIAN_POINT ( 'NONE',  ( 4.730000000000001315, -1.084202172485501815E-17, 0.3499999999999999778 ) ) ;
#4222 = ADVANCED_FACE ( 'NONE', ( #396 ), #5884, .F. ) ;
#4223 = DIRECTION ( 'NONE',  ( 1.000000000000000000, 0.000000000000000000, 0.000000000000000000 ) ) ;
#4224 = CARTESIAN_POINT ( 'NONE',  ( 1.540000000000000036, 6.500000000000000888, 0.3499999999999989231 ) ) ;
#4225 = VECTOR ( 'NONE', #3680, 1000.000000000000000 ) ;
#4226 = VERTEX_POINT ( 'NONE', #3202 ) ;
#4227 = LINE ( 'NONE', #1463, #5738 ) ;
#4228 = CARTESIAN_POINT ( 'NONE',  ( 3.061845733883979737, 5.626229152235330488, 0.000000000000000000 ) ) ;
#4229 = CARTESIAN_POINT ( 'NONE',  ( 2.187475984454220423, 5.732672356334980179, -0.3499999999999999778 ) ) ;
#4230 = VERTEX_POINT ( 'NONE', #1330 ) ;
#4231 = AXIS2_PLACEMENT_3D ( 'NONE', #3871, #4436, #4844 ) ;
#4232 = FACE_OUTER_BOUND ( 'NONE', #2769, .T. ) ;
#4233 = CARTESIAN_POINT ( 'NONE',  ( 5.994708104564600681, 4.597665842580768825, 0.3499999999999999223 ) ) ;
#4234 = ORIENTED_EDGE ( 'NONE', *, *, #3142, .F. ) ;
#4235 = VECTOR ( 'NONE', #1139, 1000.000000000000000 ) ;
#4236 = UNCERTAINTY_MEASURE_WITH_UNIT (LENGTH_MEASURE( 1.000000000000000082E-05 ), #70, 'distance_accuracy_value', 'NONE');
#4237 = DIRECTION ( 'NONE',  ( 0.000000000000000000, -1.000000000000000000, 0.000000000000000000 ) ) ;
#4238 = DIRECTION ( 'NONE',  ( 0.000000000000000000, -1.000000000000000000, 1.668003342285391551E-16 ) ) ;
#4239 = ORIENTED_EDGE ( 'NONE', *, *, #1839, .T. ) ;
#4240 = CARTESIAN_POINT ( 'NONE',  ( 0.3252558198818050195, 5.589454083063163381, -0.3499999999999999778 ) ) ;
#4241 = CARTESIAN_POINT ( 'NONE',  ( 1.678424265108376723, 5.204467366490682423, -0.3499999999999998668 ) ) ;
#4242 = CARTESIAN_POINT ( 'NONE',  ( 6.550000000000000711, 8.500000000000000000, 1.199999999999999956 ) ) ;
#4243 = DIRECTION ( 'NONE',  ( -1.000000000000000000, 0.000000000000000000, 7.744301232039316681E-17 ) ) ;
#4244 = CARTESIAN_POINT ( 'NONE',  ( 4.080000000000000959, 0.8000000000000004885, -0.3499999999999999778 ) ) ;
#4245 = CARTESIAN_POINT ( 'NONE',  ( 6.549999999999999822, 0.5000000000000000000, -0.6499999999999989120 ) ) ;
#4246 = FILL_AREA_STYLE_COLOUR ( '', #4670 ) ;
#4247 = EDGE_CURVE ( 'NONE', #3485, #2738, #3616, .T. ) ;
#4248 = EDGE_LOOP ( 'NONE', ( #2335, #3242, #3113, #2556 ) ) ;
#4249 = CARTESIAN_POINT ( 'NONE',  ( 1.000000000000000444, 1.800000000000000488, -0.3499999999999999778 ) ) ;
#4250 = FILL_AREA_STYLE ('',( #5191 ) ) ;
#4251 = DIRECTION ( 'NONE',  ( -3.097720492815726426E-17, 1.000000000000000000, 0.000000000000000000 ) ) ;
#4252 = ORIENTED_EDGE ( 'NONE', *, *, #2806, .F. ) ;
#4253 = LINE ( 'NONE', #1119, #5251 ) ;
#4254 =( NAMED_UNIT ( * ) SI_UNIT ( $, .STERADIAN. ) SOLID_ANGLE_UNIT ( ) );
#4255 = PRESENTATION_STYLE_ASSIGNMENT (( #5164 ) ) ;
#4256 = EDGE_CURVE ( 'NONE', #2320, #2804, #5145, .T. ) ;
#4257 = DIRECTION ( 'NONE',  ( -1.000000000000000000, 0.000000000000000000, -0.000000000000000000 ) ) ;
#4258 = ORIENTED_EDGE ( 'NONE', *, *, #1291, .T. ) ;
#4259 = SURFACE_SIDE_STYLE ('',( #3369 ) ) ;
#4260 = SURFACE_STYLE_FILL_AREA ( #3338 ) ;
#4261 = ORIENTED_EDGE ( 'NONE', *, *, #3142, .T. ) ;
#4262 = DIRECTION ( 'NONE',  ( 1.000000000000000000, 0.000000000000000000, 0.000000000000000000 ) ) ;
#4263 = SURFACE_STYLE_FILL_AREA ( #4167 ) ;
#4264 = CARTESIAN_POINT ( 'NONE',  ( -0.7881569290043646259, 5.771059683742046253, -0.3499999999999999778 ) ) ;
#4265 = CARTESIAN_POINT ( 'NONE',  ( 3.140000000000000568, 6.299999999999999822, -0.1283333333333334936 ) ) ;
#4266 = CARTESIAN_POINT ( 'NONE',  ( 4.393245067392238745, 0.5000000000000002220, 0.3499999999999998668 ) ) ;
#4267 = CARTESIAN_POINT ( 'NONE',  ( -0.4633568989079023814, 1.700000000000002620, -0.3499999999999999778 ) ) ;
#4268 = DIRECTION ( 'NONE',  ( 0.000000000000000000, 0.000000000000000000, 1.000000000000000000 ) ) ;
#4269 = MECHANICAL_DESIGN_GEOMETRIC_PRESENTATION_REPRESENTATION (  '', ( #644 ), #1420 ) ;
#4270 = ORIENTED_EDGE ( 'NONE', *, *, #1606, .F. ) ;
#4271 = VECTOR ( 'NONE', #97, 1000.000000000000000 ) ;
#4272 = AXIS2_PLACEMENT_3D ( 'NONE', #5318, #1659, #3955 ) ;
#4273 = CARTESIAN_POINT ( 'NONE',  ( 2.890000000000000124, 8.199999999999999289, -0.3500000000000000333 ) ) ;
#4274 = CARTESIAN_POINT ( 'NONE',  ( 3.540000000000000480, 0.8000000000000007105, 0.3499999999999999778 ) ) ;
#4275 = CARTESIAN_POINT ( 'NONE',  ( 5.766754932607761397, 6.500000000000000888, 0.3499999999999988676 ) ) ;
#4276 = VERTEX_POINT ( 'NONE', #4576 ) ;
#4277 = VECTOR ( 'NONE', #1412, 1000.000000000000000 ) ;
#4278 = AXIS2_PLACEMENT_3D ( 'NONE', #1869, #5559, #1893 ) ;
#4279 = DIRECTION ( 'NONE',  ( -0.000000000000000000, 0.000000000000000000, 1.000000000000000000 ) ) ;
#4280 = CARTESIAN_POINT ( 'NONE',  ( 5.579999999999999183, 6.084152315493285279, 0.3500000000000000333 ) ) ;
#4281 = SURFACE_STYLE_USAGE ( .BOTH. , #3267 ) ;
#4282 = ORIENTED_EDGE ( 'NONE', *, *, #4205, .T. ) ;
#4283 = AXIS2_PLACEMENT_3D ( 'NONE', #5218, #4733, #4312 ) ;
#4284 = CARTESIAN_POINT ( 'NONE',  ( 0.4999999999999985012, 6.299999999999999822, 0.3499999999999999778 ) ) ;
#4285 =( NAMED_UNIT ( * ) PLANE_ANGLE_UNIT ( ) SI_UNIT ( $, .RADIAN. ) );
#4286 = PLANE ( 'NONE',  #4085 ) ;
#4287 = CARTESIAN_POINT ( 'NONE',  ( 5.780000000000001137, 0.8000000000000007105, 0.3499999999999999778 ) ) ;
#4288 = CARTESIAN_POINT ( 'NONE',  ( -0.7867584960353884993, 5.779404586027638402, 0.3499999999999999778 ) ) ;
#4289 = ORIENTED_EDGE ( 'NONE', *, *, #365, .T. ) ;
#4290 = COLOUR_RGB ( '',0.8313725490196077761, 0.6705882352941175961, 0.1294117647058823373 ) ;
#4291 = CARTESIAN_POINT ( 'NONE',  ( 4.393245067392238745, 0.5000000000000000000, -0.6500000000000013545 ) ) ;
#4292 = ADVANCED_FACE ( 'NONE', ( #481 ), #1084, .T. ) ;
#4293 = EDGE_CURVE ( 'NONE', #3347, #377, #50, .T. ) ;
#4294 = SURFACE_SIDE_STYLE ('',( #4260 ) ) ;
#4295 = ORIENTED_EDGE ( 'NONE', *, *, #3298, .F. ) ;
#4296 = DIRECTION ( 'NONE',  ( -0.000000000000000000, -0.000000000000000000, -1.000000000000000000 ) ) ;
#4297 = VECTOR ( 'NONE', #1784, 1000.000000000000000 ) ;
#4298 = VECTOR ( 'NONE', #3840, 1000.000000000000000 ) ;
#4299 = LINE ( 'NONE', #1074, #1228 ) ;
#4300 = DIRECTION ( 'NONE',  ( 0.000000000000000000, 0.000000000000000000, 1.000000000000000000 ) ) ;
#4301 = PLANE ( 'NONE',  #3836 ) ;
#4302 = STYLED_ITEM ( 'NONE', ( #4577 ), #680 ) ;
#4303 = CARTESIAN_POINT ( 'NONE',  ( 2.190000000000000835, 0.5000000000000005551, 0.3499999999999999778 ) ) ;
#4304 = CARTESIAN_POINT ( 'NONE',  ( 1.580000584798288088, 3.767448265748938763, -0.3500000000000000333 ) ) ;
#4305 = VECTOR ( 'NONE', #4973, 1000.000000000000000 ) ;
#4306 = ORIENTED_EDGE ( 'NONE', *, *, #1905, .T. ) ;
#4307 = B_SPLINE_CURVE_WITH_KNOTS ( 'NONE', 3,
 ( #4949, #2613, #428, #1826 ),
 .UNSPECIFIED., .F., .F.,
 ( 4, 4 ),
 ( 0.000000000000000000, 1.000000000000000000 ),
 .UNSPECIFIED. ) ;
#4308 = EDGE_CURVE ( 'NONE', #5273, #386, #3320, .T. ) ;
#4309 = CARTESIAN_POINT ( 'NONE',  ( 6.549999999999999822, 0.000000000000000000, -0.6499999999999991340 ) ) ;
#4310 = LINE ( 'NONE', #2018, #1734 ) ;
#4311 = CARTESIAN_POINT ( 'NONE',  ( 0.8556901891659164372, 5.260692584315791009, -0.3499999999999999778 ) ) ;
#4312 = DIRECTION ( 'NONE',  ( 1.000000000000000000, 0.000000000000000000, 0.000000000000000000 ) ) ;
#4313 = ORIENTED_EDGE ( 'NONE', *, *, #137, .F. ) ;
#4314 = SURFACE_STYLE_FILL_AREA ( #1147 ) ;
#4315 = STYLED_ITEM ( 'NONE', ( #3395 ), #1689 ) ;
#4316 = ORIENTED_EDGE ( 'NONE', *, *, #1041, .T. ) ;
#4317 = FILL_AREA_STYLE_COLOUR ( '', #3226 ) ;
#4318 = MECHANICAL_DESIGN_GEOMETRIC_PRESENTATION_REPRESENTATION (  '', ( #1468 ), #3169 ) ;
#4319 = LINE ( 'NONE', #255, #102 ) ;
#4320 = CARTESIAN_POINT ( 'NONE',  ( 3.039999999999998259, 6.299999999999999822, 0.3499999999999999778 ) ) ;
#4321 = ORIENTED_EDGE ( 'NONE', *, *, #5664, .T. ) ;
#4322 = VECTOR ( 'NONE', #4385, 1000.000000000000000 ) ;
#4323 = CARTESIAN_POINT ( 'NONE',  ( 5.865140250919768761, 5.788964205960195564, -0.3500000000000000333 ) ) ;
#4324 = FILL_AREA_STYLE_COLOUR ( '', #1866 ) ;
#4325 = ORIENTED_EDGE ( 'NONE', *, *, #3307, .F. ) ;
#4326 = DIRECTION ( 'NONE',  ( -3.097720492815726426E-17, 1.000000000000000000, 0.000000000000000000 ) ) ;
#4327 = PRESENTATION_LAYER_ASSIGNMENT (  '', '', ( #4420 ) ) ;
#4328 = EDGE_CURVE ( 'NONE', #27, #552, #1909, .T. ) ;
#4329 = PLANE ( 'NONE',  #3601 ) ;
#4330 = EDGE_CURVE ( 'NONE', #2693, #2253, #4399, .T. ) ;
#4331 =( LENGTH_UNIT ( ) NAMED_UNIT ( * ) SI_UNIT ( .MILLI., .METRE. ) );
#4332 =( NAMED_UNIT ( * ) SI_UNIT ( $, .STERADIAN. ) SOLID_ANGLE_UNIT ( ) );
#4333 = FACE_OUTER_BOUND ( 'NONE', #2356, .T. ) ;
#4334 = CARTESIAN_POINT ( 'NONE',  ( 0.000000000000000000, 0.000000000000000000, 0.000000000000000000 ) ) ;
#4335 = VERTEX_POINT ( 'NONE', #4244 ) ;
#4336 = DIRECTION ( 'NONE',  ( -1.121588454295349780E-16, 1.000000000000000000, 0.000000000000000000 ) ) ;
#4337 = LINE ( 'NONE', #3958, #2479 ) ;
#4338 = DIRECTION ( 'NONE',  ( 1.000000000000000000, 0.000000000000000000, 0.000000000000000000 ) ) ;
#4339 =( NAMED_UNIT ( * ) PLANE_ANGLE_UNIT ( ) SI_UNIT ( $, .RADIAN. ) );
#4340 = ORIENTED_EDGE ( 'NONE', *, *, #832, .F. ) ;
#4341 =( LENGTH_UNIT ( ) NAMED_UNIT ( * ) SI_UNIT ( .MILLI., .METRE. ) );
#4342 = LINE ( 'NONE', #2165, #711 ) ;
#4343 = VERTEX_POINT ( 'NONE', #4274 ) ;
#4344 = LINE ( 'NONE', #2196, #280 ) ;
#4345 = CARTESIAN_POINT ( 'NONE',  ( -0.6999999999999995115, 0.5000000000000004441, -0.3499999999999999778 ) ) ;
#4346 = ORIENTED_EDGE ( 'NONE', *, *, #2826, .F. ) ;
#4347 = CARTESIAN_POINT ( 'NONE',  ( 5.841220786870199078, 5.920464898423897004, -0.3499999999999999778 ) ) ;
#4348 = ORIENTED_EDGE ( 'NONE', *, *, #2689, .T. ) ;
#4349 = FILL_AREA_STYLE_COLOUR ( '', #743 ) ;
#4350 = FILL_AREA_STYLE ('',( #3479 ) ) ;
#4351 = EDGE_CURVE ( 'NONE', #1862, #3130, #5148, .T. ) ;
#4352 = CARTESIAN_POINT ( 'NONE',  ( 4.393245067392238745, 10.39117142264903570, 0.6499999999999995781 ) ) ;
#4353 = DIRECTION ( 'NONE',  ( 0.000000000000000000, 1.668003342285391797E-16, 1.000000000000000000 ) ) ;
#4354 = CARTESIAN_POINT ( 'NONE',  ( 3.485517796674129531, 4.067306563708457112, 0.3500000000000000888 ) ) ;
#4355 = DIRECTION ( 'NONE',  ( -1.121588454295349780E-16, 1.000000000000000000, 0.000000000000000000 ) ) ;
#4356 = ORIENTED_EDGE ( 'NONE', *, *, #1571, .F. ) ;
#4357 = ADVANCED_FACE ( 'NONE', ( #5092 ), #3821, .F. ) ;
#4358 = CARTESIAN_POINT ( 'NONE',  ( 6.550000000000000711, 0.000000000000000000, 1.199999999999999956 ) ) ;
#4359 = VECTOR ( 'NONE', #4384, 1000.000000000000114 ) ;
#4360 = CARTESIAN_POINT ( 'NONE',  ( 0.8775285524311584595, 5.050332720359886451, -0.3500000000000000333 ) ) ;
#4361 = FACE_OUTER_BOUND ( 'NONE', #2443, .T. ) ;
#4362 = EDGE_CURVE ( 'NONE', #3470, #187, #2553, .T. ) ;
#4363 = ORIENTED_EDGE ( 'NONE', *, *, #2103, .F. ) ;
#4364 = DIRECTION ( 'NONE',  ( 0.000000000000000000, 0.000000000000000000, 1.000000000000000000 ) ) ;
#4365 = PRESENTATION_LAYER_ASSIGNMENT (  '', '', ( #1029 ) ) ;
#4366 = STYLED_ITEM ( 'NONE', ( #1415 ), #3690 ) ;
#4367 = EDGE_CURVE ( 'NONE', #4729, #2075, #3771, .T. ) ;
#4368 = EDGE_LOOP ( 'NONE', ( #4593, #2346, #5736, #230 ) ) ;
#4369 = CARTESIAN_POINT ( 'NONE',  ( 2.539999999999998703, 1.700000000000000178, -0.3499999999999999778 ) ) ;
#4370 = CARTESIAN_POINT ( 'NONE',  ( 4.080000000000000959, 6.299999999999999822, 0.1283333333333336046 ) ) ;
#4371 = FILL_AREA_STYLE_COLOUR ( '', #465 ) ;
#4372 =( GEOMETRIC_REPRESENTATION_CONTEXT ( 3 ) GLOBAL_UNCERTAINTY_ASSIGNED_CONTEXT ( ( #5078 ) ) GLOBAL_UNIT_ASSIGNED_CONTEXT ( ( #1642, #4834, #3469 ) ) REPRESENTATION_CONTEXT ( 'NONE', 'WORKASPACE' ) );
#4373 = LINE ( 'NONE', #1620, #1661 ) ;
#4374 = VECTOR ( 'NONE', #4775, 1000.000000000000000 ) ;
#4375 = ORIENTED_EDGE ( 'NONE', *, *, #1565, .T. ) ;
#4376 = CARTESIAN_POINT ( 'NONE',  ( 5.920388738771239723, 5.398486016527106024, -0.3499999999999999778 ) ) ;
#4377 = COLOUR_RGB ( '',0.8313725490196077761, 0.6705882352941175961, 0.1294117647058823373 ) ;
#4378 = VECTOR ( 'NONE', #4791, 1000.000000000000000 ) ;
#4379 =( LENGTH_UNIT ( ) NAMED_UNIT ( * ) SI_UNIT ( .MILLI., .METRE. ) );
#4380 = ORIENTED_EDGE ( 'NONE', *, *, #5412, .T. ) ;
#4381 = AXIS2_PLACEMENT_3D ( 'NONE', #3823, #1054, #115 ) ;
#4382 =( GEOMETRIC_REPRESENTATION_CONTEXT ( 3 ) GLOBAL_UNCERTAINTY_ASSIGNED_CONTEXT ( ( #2108 ) ) GLOBAL_UNIT_ASSIGNED_CONTEXT ( ( #4508, #3163, #4997 ) ) REPRESENTATION_CONTEXT ( 'NONE', 'WORKASPACE' ) );
#4383 = SURFACE_STYLE_USAGE ( .BOTH. , #4440 ) ;
#4384 = DIRECTION ( 'NONE',  ( -0.7071067811865489050, 0.7071067811865460184, -0.000000000000000000 ) ) ;
#4385 = DIRECTION ( 'NONE',  ( 0.000000000000000000, 0.000000000000000000, -1.000000000000000000 ) ) ;
#4386 = ADVANCED_FACE ( 'NONE', ( #3465 ), #2961, .T. ) ;
#4387 = EDGE_CURVE ( 'NONE', #3065, #4184, #5794, .T. ) ;
#4388 =( GEOMETRIC_REPRESENTATION_CONTEXT ( 3 ) GLOBAL_UNCERTAINTY_ASSIGNED_CONTEXT ( ( #1437 ) ) GLOBAL_UNIT_ASSIGNED_CONTEXT ( ( #1899, #3683, #3567 ) ) REPRESENTATION_CONTEXT ( 'NONE', 'WORKASPACE' ) );
#4389 = CARTESIAN_POINT ( 'NONE',  ( 3.240000000000000657, 0.8000000000000007105, -0.3499999999999999778 ) ) ;
#4390 = ORIENTED_EDGE ( 'NONE', *, *, #1811, .F. ) ;
#4391 = CIRCLE ( 'NONE', #1351, 0.2999999999999999334 ) ;
#4392 = EDGE_CURVE ( 'NONE', #2812, #4189, #2604, .T. ) ;
#4393 = FACE_OUTER_BOUND ( 'NONE', #4883, .T. ) ;
#4394 = LINE ( 'NONE', #2134, #4650 ) ;
#4395 = LINE ( 'NONE', #5575, #3717 ) ;
#4396 = CARTESIAN_POINT ( 'NONE',  ( 4.080000000000000071, 6.500000000000000888, -0.3500000000000010880 ) ) ;
#4397 = MANIFOLD_SOLID_BREP ( 'LPattern17', #3046 ) ;
#4398 = EDGE_LOOP ( 'NONE', ( #2260, #5766, #4919, #1205, #2173, #1998, #4545, #981 ) ) ;
#4399 =( BOUNDED_CURVE ( )  B_SPLINE_CURVE ( 3, ( #3696, #4701, #1483, #631 ),
 .UNSPECIFIED., .F., .F. ) 
 B_SPLINE_CURVE_WITH_KNOTS ( ( 4, 4 ),
 ( 3.924083526751089845, 4.712388980384689674 ),
 .UNSPECIFIED. ) 
 CURVE ( )  GEOMETRIC_REPRESENTATION_ITEM ( )  RATIONAL_B_SPLINE_CURVE ( ( 1.000000000000000000, 0.9488815137910379116, 0.9488815137910379116, 1.000000000000000000 ) ) 
 REPRESENTATION_ITEM ( '' )  );
#4400 = ADVANCED_FACE ( 'NONE', ( #3017 ), #2105, .F. ) ;
#4401 = AXIS2_PLACEMENT_3D ( 'NONE', #4813, #1243, #1152 ) ;
#4402 = EDGE_CURVE ( 'NONE', #2023, #4343, #4394, .T. ) ;
#4403 = ORIENTED_EDGE ( 'NONE', *, *, #1480, .T. ) ;
#4404 = CARTESIAN_POINT ( 'NONE',  ( -0.9999999999999995559, 1.800000000000000488, 0.3499999999999999778 ) ) ;
#4405 = CARTESIAN_POINT ( 'NONE',  ( -0.5999999999999996447, 6.299999999999999822, 0.3499999999999999778 ) ) ;
#4406 = PLANE ( 'NONE',  #4891 ) ;
#4407 = VECTOR ( 'NONE', #4528, 1000.000000000000000 ) ;
#4408 = UNCERTAINTY_MEASURE_WITH_UNIT (LENGTH_MEASURE( 1.000000000000000082E-05 ), #5503, 'distance_accuracy_value', 'NONE');
#4409 = CARTESIAN_POINT ( 'NONE',  ( -0.6454664785273052097, 3.877691542223591359, -0.3499999999999999778 ) ) ;
#4410 = ORIENTED_EDGE ( 'NONE', *, *, #3852, .F. ) ;
#4411 = CARTESIAN_POINT ( 'NONE',  ( 2.865255819881804999, 5.589454083063163381, -0.3499999999999999778 ) ) ;
#4412 = SURFACE_SIDE_STYLE ('',( #3929 ) ) ;
#4413 =( GEOMETRIC_REPRESENTATION_CONTEXT ( 3 ) GLOBAL_UNCERTAINTY_ASSIGNED_CONTEXT ( ( #2544 ) ) GLOBAL_UNIT_ASSIGNED_CONTEXT ( ( #1787, #3572, #358 ) ) REPRESENTATION_CONTEXT ( 'NONE', 'WORKASPACE' ) );
#4414 = ORIENTED_EDGE ( 'NONE', *, *, #5910, .F. ) ;
#4415 = SURFACE_STYLE_USAGE ( .BOTH. , #5698 ) ;
#4416 = EDGE_CURVE ( 'NONE', #5861, #5166, #2476, .T. ) ;
#4417 = AXIS2_PLACEMENT_3D ( 'NONE', #3129, #923, #4963 ) ;
#4418 = CARTESIAN_POINT ( 'NONE',  ( 4.558154266116019926, 5.626229152235333153, 0.000000000000000000 ) ) ;
#4419 = DIRECTION ( 'NONE',  ( -0.000000000000000000, -0.000000000000000000, -1.000000000000000000 ) ) ;
#4420 = STYLED_ITEM ( 'NONE', ( #3299 ), #2984 ) ;
#4421 = CARTESIAN_POINT ( 'NONE',  ( 4.080000000000000959, 1.800000000000000266, -0.1166666666666667518 ) ) ;
#4422 = EDGE_CURVE ( 'NONE', #23, #6, #651, .T. ) ;
#4423 = ORIENTED_EDGE ( 'NONE', *, *, #4769, .T. ) ;
#4424 = AXIS2_PLACEMENT_3D ( 'NONE', #2104, #3049, #244 ) ;
#4425 = CARTESIAN_POINT ( 'NONE',  ( 2.540000000000000036, 0.5000000000000005551, 0.3499999999999999778 ) ) ;
#4426 = FILL_AREA_STYLE ('',( #750 ) ) ;
#4427 = ORIENTED_EDGE ( 'NONE', *, *, #4634, .T. ) ;
#4428 =( NAMED_UNIT ( * ) SI_UNIT ( $, .STERADIAN. ) SOLID_ANGLE_UNIT ( ) );
#4429 = ORIENTED_EDGE ( 'NONE', *, *, #5249, .T. ) ;
#4430 = DIRECTION ( 'NONE',  ( -1.000000000000000000, 0.000000000000000000, -0.000000000000000000 ) ) ;
#4431 = FACE_OUTER_BOUND ( 'NONE', #235, .T. ) ;
#4432 = ORIENTED_EDGE ( 'NONE', *, *, #312, .T. ) ;
#4433 = FILL_AREA_STYLE_COLOUR ( '', #2276 ) ;
#4434 = ORIENTED_EDGE ( 'NONE', *, *, #5406, .F. ) ;
#4435 = DIRECTION ( 'NONE',  ( -0.000000000000000000, 1.000000000000000000, -0.000000000000000000 ) ) ;
#4436 = DIRECTION ( 'NONE',  ( 0.000000000000000000, 1.000000000000000000, -3.097720492815727166E-16 ) ) ;
#4437 = ORIENTED_EDGE ( 'NONE', *, *, #2716, .T. ) ;
#4438 = CARTESIAN_POINT ( 'NONE',  ( 4.580000000000001847, 6.299999999999999822, -0.3499999999999999778 ) ) ;
#4439 = CARTESIAN_POINT ( 'NONE',  ( 3.505000000000001226, -1.575000000000006173, 0.3499999999999999778 ) ) ;
#4440 = SURFACE_SIDE_STYLE ('',( #2565 ) ) ;
#4441 = DIRECTION ( 'NONE',  ( 1.000000000000000000, 0.000000000000000000, 0.000000000000000000 ) ) ;
#4442 = DIRECTION ( 'NONE',  ( -0.000000000000000000, -1.000000000000000000, 1.668003342285391551E-16 ) ) ;
#4443 = VERTEX_POINT ( 'NONE', #132 ) ;
#4444 = DIRECTION ( 'NONE',  ( -0.000000000000000000, -1.668003342285388099E-16, -1.000000000000000000 ) ) ;
#4445 = DIRECTION ( 'NONE',  ( 1.000000000000000000, 0.000000000000000000, 0.000000000000000000 ) ) ;
#4446 = FACE_OUTER_BOUND ( 'NONE', #2298, .T. ) ;
#4447 = ORIENTED_EDGE ( 'NONE', *, *, #5367, .F. ) ;
#4448 = LINE ( 'NONE', #2690, #5141 ) ;
#4449 = CARTESIAN_POINT ( 'NONE',  ( 0.8626260474599316552, 5.194217234910146530, 0.3499999999999999778 ) ) ;
#4450 = SURFACE_STYLE_USAGE ( .BOTH. , #2665 ) ;
#4451 = ORIENTED_EDGE ( 'NONE', *, *, #5646, .T. ) ;
#4452 = DIRECTION ( 'NONE',  ( -1.121588454295349780E-16, 1.000000000000000000, 0.000000000000000000 ) ) ;
#4453 = DIRECTION ( 'NONE',  ( 0.7071067811865474617, 0.7071067811865474617, -0.000000000000000000 ) ) ;
#4454 = EDGE_CURVE ( 'NONE', #2693, #1200, #3684, .T. ) ;
#4455 = ORIENTED_EDGE ( 'NONE', *, *, #2064, .T. ) ;
#4456 = LINE ( 'NONE', #2083, #1229 ) ;
#4457 = CARTESIAN_POINT ( 'NONE',  ( -0.8696152422706646679, 8.500000000000000000, 0.8696152422706645568 ) ) ;
#4458 = VERTEX_POINT ( 'NONE', #3284 ) ;
#4459 = AXIS2_PLACEMENT_3D ( 'NONE', #4831, #5276, #4856 ) ;
#4460 = CARTESIAN_POINT ( 'NONE',  ( 0.6867549326077613259, 10.39117142264903570, -0.6500000000000030198 ) ) ;
#4461 = VERTEX_POINT ( 'NONE', #1538 ) ;
#4462 = CARTESIAN_POINT ( 'NONE',  ( 1.000000000000000666, 0.8000000000000007105, 0.3499999999999999778 ) ) ;
#4463 = CARTESIAN_POINT ( 'NONE',  ( 5.401845733883980039, 5.626229152235330488, 0.000000000000000000 ) ) ;
#4464 = ORIENTED_EDGE ( 'NONE', *, *, #4826, .T. ) ;
#4465 = COLOUR_RGB ( '',0.8313725490196077761, 0.6705882352941175961, 0.1294117647058823373 ) ;
#4466 =( NAMED_UNIT ( * ) SI_UNIT ( $, .STERADIAN. ) SOLID_ANGLE_UNIT ( ) );
#4467 = VECTOR ( 'NONE', #5401, 999.9999999999998863 ) ;
#4468 = DIRECTION ( 'NONE',  ( 1.000000000000000000, -8.673617379884035472E-15, 0.000000000000000000 ) ) ;
#4469 =( GEOMETRIC_REPRESENTATION_CONTEXT ( 3 ) GLOBAL_UNCERTAINTY_ASSIGNED_CONTEXT ( ( #5569 ) ) GLOBAL_UNIT_ASSIGNED_CONTEXT ( ( #806, #3010, #3036 ) ) REPRESENTATION_CONTEXT ( 'NONE', 'WORKASPACE' ) );
#4471 = EDGE_CURVE ( 'NONE', #732, #3964, #1474, .T. ) ;
#4470 = SURFACE_STYLE_FILL_AREA ( #3073 ) ;
#4472 = DIRECTION ( 'NONE',  ( 1.000000000000000000, 0.000000000000000000, -0.000000000000000000 ) ) ;
#4473 = CARTESIAN_POINT ( 'NONE',  ( 2.540000000000000036, 6.299999999999999822, 0.3499999999999999778 ) ) ;
#4474 = EDGE_LOOP ( 'NONE', ( #1586, #1703, #3255, #4166 ) ) ;
#4475 = EDGE_CURVE ( 'NONE', #2469, #5620, #71, .T. ) ;
#4476 = CARTESIAN_POINT ( 'NONE',  ( 0.7000000000000006217, 0.5000000000000006661, -0.3499999999999999778 ) ) ;
#4477 = PRESENTATION_LAYER_ASSIGNMENT (  '', '', ( #1535 ) ) ;
#4478 = CARTESIAN_POINT ( 'NONE',  ( 1.540000000000000480, 1.800000000000000488, -0.3499999999999999778 ) ) ;
#4479 = COLOUR_RGB ( '',0.8313725490196077761, 0.6705882352941175961, 0.1294117647058823373 ) ;
#4480 = CARTESIAN_POINT ( 'NONE',  ( 0.5218457338839795900, 5.626229152235330488, 0.3499999999999999778 ) ) ;
#4481 = ORIENTED_EDGE ( 'NONE', *, *, #3076, .F. ) ;
#4482 = VECTOR ( 'NONE', #2512, 1000.000000000000000 ) ;
#4483 = STYLED_ITEM ( 'NONE', ( #3429 ), #322 ) ;
#4484 = LINE ( 'NONE', #388, #1030 ) ;
#4485 = CARTESIAN_POINT ( 'NONE',  ( 0.6662662111508188545, 6.298959448224887403, 0.3500000000000000888 ) ) ;
#4486 = CARTESIAN_POINT ( 'NONE',  ( 2.890000000000001013, 1.084202172485506745E-17, 0.3499999999999999778 ) ) ;
#4487 = ORIENTED_EDGE ( 'NONE', *, *, #5873, .T. ) ;
#4488 = PRESENTATION_LAYER_ASSIGNMENT (  '', '', ( #4970 ) ) ;
#4489 = EDGE_CURVE ( 'NONE', #4957, #917, #1599, .T. ) ;
#4490 = CARTESIAN_POINT ( 'NONE',  ( 4.292463891615423854, 5.774771377977410580, -0.3499999999999999778 ) ) ;
#4491 = AXIS2_PLACEMENT_3D ( 'NONE', #1120, #2971, #4743 ) ;
#4492 = VERTEX_POINT ( 'NONE', #687 ) ;
#4493 = DIRECTION ( 'NONE',  ( 0.000000000000000000, 0.000000000000000000, 1.000000000000000000 ) ) ;
#4494 = LINE ( 'NONE', #2230, #195 ) ;
#4495 = SURFACE_SIDE_STYLE ('',( #5886 ) ) ;
#4496 = ORIENTED_EDGE ( 'NONE', *, *, #5406, .T. ) ;
#4497 = DIRECTION ( 'NONE',  ( -0.000000000000000000, -0.000000000000000000, -1.000000000000000000 ) ) ;
#4498 = ORIENTED_EDGE ( 'NONE', *, *, #4624, .F. ) ;
#4499 = STYLED_ITEM ( 'NONE', ( #531 ), #928 ) ;
#4500 = DIRECTION ( 'NONE',  ( 0.000000000000000000, 1.000000000000000000, -4.336808689942016750E-16 ) ) ;
#4501 = CARTESIAN_POINT ( 'NONE',  ( -0.3525240155457798341, 5.732672356334980179, 0.3499999999999999778 ) ) ;
#4502 = ORIENTED_EDGE ( 'NONE', *, *, #3973, .F. ) ;
#4503 = DIRECTION ( 'NONE',  ( 0.000000000000000000, -0.8660254037844380415, 0.5000000000000009992 ) ) ;
#4504 = MECHANICAL_DESIGN_GEOMETRIC_PRESENTATION_REPRESENTATION (  '', ( #4798 ), #3160 ) ;
#4505 = VECTOR ( 'NONE', #1125, 1000.000000000000000 ) ;
#4506 = CARTESIAN_POINT ( 'NONE',  ( -1.469999999999999973, 8.500000000000000000, -1.199999999999999956 ) ) ;
#4507 = ORIENTED_EDGE ( 'NONE', *, *, #1698, .F. ) ;
#4508 =( LENGTH_UNIT ( ) NAMED_UNIT ( * ) SI_UNIT ( .MILLI., .METRE. ) );
#4509 = CARTESIAN_POINT ( 'NONE',  ( 5.766754932607761397, 8.000000000000000000, -0.6500000000000025757 ) ) ;
#4510 = LINE ( 'NONE', #4563, #2016 ) ;
#4511 = EDGE_CURVE ( 'NONE', #888, #3314, #1934, .T. ) ;
#4512 = EDGE_LOOP ( 'NONE', ( #3491, #5200, #4922, #3416 ) ) ;
#4513 = CARTESIAN_POINT ( 'NONE',  ( 2.076643101092097154, 1.700000000000002398, 0.3500000000000000333 ) ) ;
#4514 = CARTESIAN_POINT ( 'NONE',  ( 0.000000000000000000, 8.000000000000000000, 0.000000000000000000 ) ) ;
#4515 = LINE ( 'NONE', #843, #963 ) ;
#4516 = FILL_AREA_STYLE ('',( #3254 ) ) ;
#4517 = VERTEX_POINT ( 'NONE', #2865 ) ;
#4518 = PRESENTATION_LAYER_ASSIGNMENT (  '', '', ( #986 ) ) ;
#4519 = DIRECTION ( 'NONE',  ( 0.000000000000000000, 0.000000000000000000, 1.000000000000000000 ) ) ;
#4520 = PRESENTATION_LAYER_ASSIGNMENT (  '', '', ( #1189 ) ) ;
#4521 = EDGE_LOOP ( 'NONE', ( #5015, #4114, #4447, #2798, #4346, #3204, #724, #2721, #1956, #2634, #1329, #2256 ) ) ;
#4522 = CARTESIAN_POINT ( 'NONE',  ( 1.679835643297026282, 5.218128553112200585, 0.3500000000000000333 ) ) ;
#4523 = CARTESIAN_POINT ( 'NONE',  ( 5.601845733883980216, 5.626229152235330488, 0.3499999999999999778 ) ) ;
#4524 = CARTESIAN_POINT ( 'NONE',  ( 0.4481930454221421667, 5.884855341312110966, 0.3500000000000000333 ) ) ;
#4525 = ORIENTED_EDGE ( 'NONE', *, *, #3812, .T. ) ;
#4526 =( NAMED_UNIT ( * ) PLANE_ANGLE_UNIT ( ) SI_UNIT ( $, .RADIAN. ) );
#4527 = ORIENTED_EDGE ( 'NONE', *, *, #1305, .T. ) ;
#4528 = DIRECTION ( 'NONE',  ( 0.6546536707079768647, 0.3779644730092280858, -0.6546536707079769757 ) ) ;
#4529 = CARTESIAN_POINT ( 'NONE',  ( 1.853245067392238710, 10.39117142264903570, 0.6499999999999995781 ) ) ;
#4530 = ORIENTED_EDGE ( 'NONE', *, *, #4034, .F. ) ;
#4531 = DIRECTION ( 'NONE',  ( -0.000000000000000000, 1.000000000000000000, -0.000000000000000000 ) ) ;
#4532 = EDGE_CURVE ( 'NONE', #1482, #4898, #5205, .T. ) ;
#4533 = B_SPLINE_CURVE_WITH_KNOTS ( 'NONE', 3,
 ( #2269, #2355, #865, #5932, #5895, #1349, #3632, #952, #1499, #5622, #5598, #642, #4233, #1470, #157, #584, #681, #618, #2860, #4196, #4749, #2003, #2413, #1594, #4719, #2828, #1955, #3278, #4684, #5170, #3396, #2442, #5660 ),
 .UNSPECIFIED., .F., .F.,
 ( 4, 1, 1, 1, 1, 1, 1, 2, 2, 1, 1, 1, 1, 1, 2, 2, 1, 1, 1, 1, 1, 1, 2, 2, 4 ),
 ( 0.000000000000000000, 0.2500000000000390799, 0.3750000000000586198, 0.4375000000000683897, 0.4687500000000732747, 0.4843750000000752731, 0.4921875000000759393, 0.4960937500000762723, 0.5000000000000766054, 0.6250000000000781597, 0.6875000000000787148, 0.7187500000000789369, 0.7343750000000790479, 0.7421875000000790479, 0.7460937500000787148, 0.7500000000000784928, 0.8125000000000752731, 0.8437500000000739409, 0.8593750000000732747, 0.8671875000000729417, 0.8710937500000728306, 0.8730468750000724976, 0.8740234375000720535, 0.8750000000000714984, 1.000000000000000000 ),
 .UNSPECIFIED. ) ;
#4534 = FACE_OUTER_BOUND ( 'NONE', #4852, .T. ) ;
#4535 = ORIENTED_EDGE ( 'NONE', *, *, #2000, .T. ) ;
#4536 = SURFACE_STYLE_USAGE ( .BOTH. , #2713 ) ;
#4537 = ADVANCED_FACE ( 'NONE', ( #4690 ), #2602, .T. ) ;
#4538 = CARTESIAN_POINT ( 'NONE',  ( 4.754744180118195551, 5.589454083063165157, 0.3499999999999999778 ) ) ;
#4539 = EDGE_CURVE ( 'NONE', #5813, #1402, #2570, .T. ) ;
#4540 = DIRECTION ( 'NONE',  ( -3.097720492815726426E-17, 1.000000000000000000, 0.000000000000000000 ) ) ;
#4541 = DIRECTION ( 'NONE',  ( 0.000000000000000000, 0.000000000000000000, -1.000000000000000000 ) ) ;
#4542 = ORIENTED_EDGE ( 'NONE', *, *, #4810, .F. ) ;
#4543 = EDGE_CURVE ( 'NONE', #3887, #2399, #299, .T. ) ;
#4544 = CARTESIAN_POINT ( 'NONE',  ( 4.729999999999999538, 8.199999999999999289, 0.3499999999999999778 ) ) ;
#4545 = ORIENTED_EDGE ( 'NONE', *, *, #1113, .T. ) ;
#4546 = EDGE_CURVE ( 'NONE', #3155, #5464, #3535, .T. ) ;
#4547 = PLANE ( 'NONE',  #371 ) ;
#4548 = PRESENTATION_STYLE_ASSIGNMENT (( #1484 ) ) ;
#4549 = VERTEX_POINT ( 'NONE', #4879 ) ;
#4550 = CARTESIAN_POINT ( 'NONE',  ( 2.214744180118195516, 5.589454083063166046, -0.3499999999999999778 ) ) ;
#4551 = VERTEX_POINT ( 'NONE', #3103 ) ;
#4552 = PLANE ( 'NONE',  #4212 ) ;
#4553 = EDGE_LOOP ( 'NONE', ( #4626, #2493, #5720, #5279 ) ) ;
#4554 = DIRECTION ( 'NONE',  ( -0.000000000000000000, -0.000000000000000000, -1.000000000000000000 ) ) ;
#4555 = DIRECTION ( 'NONE',  ( 0.000000000000000000, -1.000000000000000000, 0.000000000000000000 ) ) ;
#4556 = STYLED_ITEM ( 'NONE', ( #1700 ), #4397 ) ;
#4557 = EDGE_CURVE ( 'NONE', #5774, #520, #1632, .T. ) ;
#4558 = CARTESIAN_POINT ( 'NONE',  ( 2.690000000000002167, -3.000000000000000000, -0.3499999999999999778 ) ) ;
#4559 = PRESENTATION_LAYER_ASSIGNMENT (  '', '', ( #1226 ) ) ;
#4560 = ORIENTED_EDGE ( 'NONE', *, *, #2168, .T. ) ;
#4561 =( NAMED_UNIT ( * ) PLANE_ANGLE_UNIT ( ) SI_UNIT ( $, .RADIAN. ) );
#4562 = CARTESIAN_POINT ( 'NONE',  ( 5.430000000000000604, -2.800000000000001155, 0.3499999999999999778 ) ) ;
#4563 = CARTESIAN_POINT ( 'NONE',  ( -1.000000000000000000, 0.5000000000000000000, -0.3500000000000000888 ) ) ;
#4564 = MECHANICAL_DESIGN_GEOMETRIC_PRESENTATION_REPRESENTATION (  '', ( #846 ), #4469 ) ;
#4565 = AXIS2_PLACEMENT_3D ( 'NONE', #1521, #1587, #1061 ) ;
#4566 = LINE ( 'NONE', #472, #2944 ) ;
#4567 = DIRECTION ( 'NONE',  ( -1.000000000000000000, 0.000000000000000000, 0.000000000000000000 ) ) ;
#4568 = LINE ( 'NONE', #4974, #1539 ) ;
#4569 = VERTEX_POINT ( 'NONE', #3982 ) ;
#4570 = MECHANICAL_DESIGN_GEOMETRIC_PRESENTATION_REPRESENTATION (  '', ( #1144 ), #1444 ) ;
#4571 = EDGE_CURVE ( 'NONE', #3740, #2625, #5841, .T. ) ;
#4572 = AXIS2_PLACEMENT_3D ( 'NONE', #411, #2243, #4080 ) ;
#4573 = CARTESIAN_POINT ( 'NONE',  ( 4.292878007498406312, 5.777242093666543177, -0.3500000000000000333 ) ) ;
#4574 = ORIENTED_EDGE ( 'NONE', *, *, #2025, .F. ) ;
#4575 = MECHANICAL_DESIGN_GEOMETRIC_PRESENTATION_REPRESENTATION (  '', ( #1049 ), #5064 ) ;
#4576 = CARTESIAN_POINT ( 'NONE',  ( 6.080000000000000071, 6.500000000000000888, 0.3499999999999989231 ) ) ;
#4577 = PRESENTATION_STYLE_ASSIGNMENT (( #1240 ) ) ;
#4578 = AXIS2_PLACEMENT_3D ( 'NONE', #4651, #2445, #1008 ) ;
#4579 = CARTESIAN_POINT ( 'NONE',  ( 4.344957989553972943, 6.043840788194787095, 0.3499999999999999223 ) ) ;
#4580 = VERTEX_POINT ( 'NONE', #5789 ) ;
#4581 = DIRECTION ( 'NONE',  ( 0.000000000000000000, 0.000000000000000000, -1.000000000000000000 ) ) ;
#4582 = EDGE_CURVE ( 'NONE', #5523, #1462, #1715, .T. ) ;
#4583 = STYLED_ITEM ( 'NONE', ( #226 ), #529 ) ;
#4584 = CARTESIAN_POINT ( 'NONE',  ( 5.766754932607761397, 0.5000000000000000000, -0.3500000000000000888 ) ) ;
#4585 = CARTESIAN_POINT ( 'NONE',  ( -0.4999999999999985012, 6.299999999999999822, 0.3499999999999999778 ) ) ;
#4586 = ORIENTED_EDGE ( 'NONE', *, *, #5204, .T. ) ;
#4587 = CARTESIAN_POINT ( 'NONE',  ( -0.3499999999999992006, -1.084202172485501815E-17, 0.3499999999999999778 ) ) ;
#4588 = VECTOR ( 'NONE', #5370, 1000.000000000000000 ) ;
#4589 = B_SPLINE_CURVE_WITH_KNOTS ( 'NONE', 3,
 ( #4982, #2258, #2698, #4040 ),
 .UNSPECIFIED., .F., .F.,
 ( 4, 4 ),
 ( 0.000000000000000000, 1.000000000000000000 ),
 .UNSPECIFIED. ) ;
#4590 = DIRECTION ( 'NONE',  ( 0.000000000000000000, 0.000000000000000000, 1.000000000000000000 ) ) ;
#4591 = CARTESIAN_POINT ( 'NONE',  ( 2.892524015545778759, 5.732672356334978403, -0.3499999999999999778 ) ) ;
#4592 = VECTOR ( 'NONE', #408, 1000.000000000000000 ) ;
#4593 = ORIENTED_EDGE ( 'NONE', *, *, #4672, .T. ) ;
#4594 = CARTESIAN_POINT ( 'NONE',  ( 2.190000000000000835, -1.084202172485501815E-17, 0.3499999999999999778 ) ) ;
#4595 = LINE ( 'NONE', #1410, #1944 ) ;
#4596 = PLANE ( 'NONE',  #4975 ) ;
#4597 = CARTESIAN_POINT ( 'NONE',  ( -0.9147081045647341702, 4.597665842577888462, -0.3499999999999999778 ) ) ;
#4598 = FACE_OUTER_BOUND ( 'NONE', #4608, .T. ) ;
#4599 = STYLED_ITEM ( 'NONE', ( #1633 ), #2292 ) ;
#4600 = VERTEX_POINT ( 'NONE', #1195 ) ;
#4601 = MECHANICAL_DESIGN_GEOMETRIC_PRESENTATION_REPRESENTATION (  '', ( #407 ), #4815 ) ;
#4602 = CARTESIAN_POINT ( 'NONE',  ( 4.393245067392238745, 10.39117142264903570, -0.3500000000000017542 ) ) ;
#4603 = ORIENTED_EDGE ( 'NONE', *, *, #5102, .F. ) ;
#4604 = CARTESIAN_POINT ( 'NONE',  ( 1.689360230209762115, 5.307482533055399188, 0.3499999999999999778 ) ) ;
#4605 = DIRECTION ( 'NONE',  ( 0.000000000000000000, -1.000000000000000000, 0.000000000000000000 ) ) ;
#4606 = COLOUR_RGB ( '',0.8313725490196077761, 0.6705882352941175961, 0.1294117647058823373 ) ;
#4607 = EDGE_CURVE ( 'NONE', #3007, #5307, #5811, .T. ) ;
#4608 = EDGE_LOOP ( 'NONE', ( #866, #1307, #3931, #4032 ) ) ;
#4609 = CARTESIAN_POINT ( 'NONE',  ( 5.579999999999999183, 6.299999999999999822, -0.3499999999999999778 ) ) ;
#4610 = VECTOR ( 'NONE', #5309, 1000.000000000000000 ) ;
#4611 = SURFACE_STYLE_FILL_AREA ( #2789 ) ;
#4612 = DIRECTION ( 'NONE',  ( 0.000000000000000000, 0.000000000000000000, 1.000000000000000000 ) ) ;
#4613 = VERTEX_POINT ( 'NONE', #738 ) ;
#4614 = PLANE ( 'NONE',  #4278 ) ;
#4615 = CARTESIAN_POINT ( 'NONE',  ( 3.301220786870199042, 5.920464898423894340, -0.3499999999999998113 ) ) ;
#4616 = EDGE_LOOP ( 'NONE', ( #3737, #1718, #5038, #4496 ) ) ;
#4617 = FACE_BOUND ( 'NONE', #1442, .T. ) ;
#4618 = CARTESIAN_POINT ( 'NONE',  ( 5.230000000000002203, -3.000000000000000000, 0.3499999999999999778 ) ) ;
#4619 = ORIENTED_EDGE ( 'NONE', *, *, #3650, .F. ) ;
#4620 = EDGE_CURVE ( 'NONE', #1216, #2262, #2072, .T. ) ;
#4621 = CARTESIAN_POINT ( 'NONE',  ( 1.540000000000000036, 0.5000000000000002220, 0.3499999999999998668 ) ) ;
#4622 = DIRECTION ( 'NONE',  ( -0.000000000000000000, -1.000000000000000000, 1.668003342285391551E-16 ) ) ;
#4623 = DIRECTION ( 'NONE',  ( -7.744301232039316681E-17, 0.000000000000000000, -1.000000000000000000 ) ) ;
#4624 = EDGE_CURVE ( 'NONE', #1087, #344, #4932, .T. ) ;
#4625 =( NAMED_UNIT ( * ) PLANE_ANGLE_UNIT ( ) SI_UNIT ( $, .RADIAN. ) );
#4626 = ORIENTED_EDGE ( 'NONE', *, *, #5612, .T. ) ;
#4627 = EDGE_CURVE ( 'NONE', #343, #3088, #3011, .T. ) ;
#4628 = DIRECTION ( 'NONE',  ( 1.000000000000000000, 0.000000000000000000, 0.000000000000000000 ) ) ;
#4629 = ORIENTED_EDGE ( 'NONE', *, *, #3973, .T. ) ;
#4630 = DIRECTION ( 'NONE',  ( 0.000000000000000000, -0.000000000000000000, -1.000000000000000000 ) ) ;
#4631 = FACE_OUTER_BOUND ( 'NONE', #5453, .T. ) ;
#4632 = ORIENTED_EDGE ( 'NONE', *, *, #4557, .F. ) ;
#4633 = PRESENTATION_STYLE_ASSIGNMENT (( #3731 ) ) ;
#4634 = EDGE_CURVE ( 'NONE', #1216, #937, #3957, .T. ) ;
#4635 = CARTESIAN_POINT ( 'NONE',  ( -0.5218457338839801452, 5.626229152235333153, 0.000000000000000000 ) ) ;
#4636 = ADVANCED_FACE ( 'NONE', ( #2129 ), #323, .T. ) ;
#4637 = DIRECTION ( 'NONE',  ( 0.000000000000000000, -1.000000000000000000, 4.336808689942017243E-16 ) ) ;
#4638 = ORIENTED_EDGE ( 'NONE', *, *, #958, .F. ) ;
#4639 = DIRECTION ( 'NONE',  ( 0.000000000000000000, 1.668003342285388099E-16, 1.000000000000000000 ) ) ;
#4640 = CARTESIAN_POINT ( 'NONE',  ( 3.326052886485986182, 5.783587059575307165, -0.3499999999999999778 ) ) ;
#4641 = CARTESIAN_POINT ( 'NONE',  ( -1.000000000000000000, 2.615493535618376608, 0.3500000000000000333 ) ) ;
#4642 = VERTEX_POINT ( 'NONE', #1094 ) ;
#4643 = EDGE_CURVE ( 'NONE', #1200, #3708, #2180, .T. ) ;
#4644 = UNCERTAINTY_MEASURE_WITH_UNIT (LENGTH_MEASURE( 1.000000000000000082E-05 ), #2992, 'distance_accuracy_value', 'NONE');
#4645 = PLANE ( 'NONE',  #2037 ) ;
#4646 = UNCERTAINTY_MEASURE_WITH_UNIT (LENGTH_MEASURE( 1.000000000000000082E-05 ), #1429, 'distance_accuracy_value', 'NONE');
#4647 = EDGE_CURVE ( 'NONE', #5433, #4677, #828, .T. ) ;
#4648 = CARTESIAN_POINT ( 'NONE',  ( 0.000000000000000000, 8.000000000000000000, 0.000000000000000000 ) ) ;
#4649 = VERTEX_POINT ( 'NONE', #4746 ) ;
#4650 = VECTOR ( 'NONE', #1231, 1000.000000000000000 ) ;
#4651 = CARTESIAN_POINT ( 'NONE',  ( 0.5218457338839795900, 5.626229152235330488, 0.000000000000000000 ) ) ;
#4652 = UNCERTAINTY_MEASURE_WITH_UNIT (LENGTH_MEASURE( 1.000000000000000082E-05 ), #1121, 'distance_accuracy_value', 'NONE');
#4653 = UNCERTAINTY_MEASURE_WITH_UNIT (LENGTH_MEASURE( 1.000000000000000082E-05 ), #3876, 'distance_accuracy_value', 'NONE');
#4654 = VECTOR ( 'NONE', #3236, 1000.000000000000000 ) ;
#4655 = CARTESIAN_POINT ( 'NONE',  ( -0.8314534000845812400, 5.476966929916271098, -0.3499999999999999778 ) ) ;
#4656 = PRESENTATION_STYLE_ASSIGNMENT (( #1043 ) ) ;
#4657 = CARTESIAN_POINT ( 'NONE',  ( 4.393245067392238745, 8.000000000000000000, -0.6500000000000030198 ) ) ;
#4658 =( GEOMETRIC_REPRESENTATION_CONTEXT ( 3 ) GLOBAL_UNCERTAINTY_ASSIGNED_CONTEXT ( ( #1978 ) ) GLOBAL_UNIT_ASSIGNED_CONTEXT ( ( #5602, #3808, #1979 ) ) REPRESENTATION_CONTEXT ( 'NONE', 'WORKASPACE' ) );
#4659 = MECHANICAL_DESIGN_GEOMETRIC_PRESENTATION_REPRESENTATION (  '', ( #4077 ), #2277 ) ;
#4660 = CARTESIAN_POINT ( 'NONE',  ( 1.873733788849081039, 6.298959448224836777, -0.3500000000000000333 ) ) ;
#4661 = VERTEX_POINT ( 'NONE', #5199 ) ;
#4662 = EDGE_CURVE ( 'NONE', #5188, #5896, #675, .T. ) ;
#4663 =( GEOMETRIC_REPRESENTATION_CONTEXT ( 3 ) GLOBAL_UNCERTAINTY_ASSIGNED_CONTEXT ( ( #1009 ) ) GLOBAL_UNIT_ASSIGNED_CONTEXT ( ( #3555, #3148, #5037 ) ) REPRESENTATION_CONTEXT ( 'NONE', 'WORKASPACE' ) );
#4664 = VECTOR ( 'NONE', #3211, 1000.000000000000000 ) ;
#4665 = LINE ( 'NONE', #990, #901 ) ;
#4666 = ORIENTED_EDGE ( 'NONE', *, *, #4647, .F. ) ;
#4667 = CARTESIAN_POINT ( 'NONE',  ( 0.8001678768757670701, 5.699693040755679618, -0.3500000000000000333 ) ) ;
#4668 = PRESENTATION_STYLE_ASSIGNMENT (( #4155 ) ) ;
#4669 = CARTESIAN_POINT ( 'NONE',  ( 4.080000000000000071, 6.500000000000000888, -0.3500000000000010880 ) ) ;
#4670 = COLOUR_RGB ( '',0.8313725490196077761, 0.6705882352941175961, 0.1294117647058823373 ) ;
#4671 = EDGE_LOOP ( 'NONE', ( #4261, #2912, #2727, #32 ) ) ;
#4672 = EDGE_CURVE ( 'NONE', #5902, #1021, #154, .T. ) ;
#4673 = AXIS2_PLACEMENT_3D ( 'NONE', #3384, #1511, #2516 ) ;
#4674 = DIRECTION ( 'NONE',  ( -3.872150616019666353E-17, -0.8660254037844380415, -0.5000000000000009992 ) ) ;
#4675 = COLOUR_RGB ( '',0.8313725490196077761, 0.6705882352941175961, 0.1294117647058823373 ) ;
#4676 = AXIS2_PLACEMENT_3D ( 'NONE', #5173, #2005, #982 ) ;
#4677 = VERTEX_POINT ( 'NONE', #1997 ) ;
#4678 = CARTESIAN_POINT ( 'NONE',  ( 5.766754932607761397, 8.000000000000000000, -0.6500000000000030198 ) ) ;
#4679 = PRESENTATION_STYLE_ASSIGNMENT (( #949 ) ) ;
#4680 = PLANE ( 'NONE',  #2091 ) ;
#4681 = ORIENTED_EDGE ( 'NONE', *, *, #4511, .F. ) ;
#4682 = PRESENTATION_LAYER_ASSIGNMENT (  '', '', ( #1845 ) ) ;
#4683 = CARTESIAN_POINT ( 'NONE',  ( 2.189999999999999947, 8.199999999999999289, 0.3499999999999999778 ) ) ;
#4684 = CARTESIAN_POINT ( 'NONE',  ( 5.867121992501592942, 5.777242093666581368, 0.3500000000000000888 ) ) ;
#4685 = ORIENTED_EDGE ( 'NONE', *, *, #2472, .F. ) ;
#4686 = FACE_OUTER_BOUND ( 'NONE', #2186, .T. ) ;
#4687 = VECTOR ( 'NONE', #689, 1000.000000000000000 ) ;
#4688 = CARTESIAN_POINT ( 'NONE',  ( -0.7924853663132970238, 5.744802409713119395, -0.3499999999999998668 ) ) ;
#4689 = VECTOR ( 'NONE', #169, 1000.000000000000000 ) ;
#4690 = FACE_OUTER_BOUND ( 'NONE', #5867, .T. ) ;
#4691 = CARTESIAN_POINT ( 'NONE',  ( 3.540000000000000480, 0.8000000000000007105, 0.3499999999999999778 ) ) ;
#4692 = EDGE_CURVE ( 'NONE', #5317, #3309, #1590, .T. ) ;
#4693 = CARTESIAN_POINT ( 'NONE',  ( 3.486936948246134982, 4.039780281224035541, 0.3499999999999999223 ) ) ;
#4694 = VECTOR ( 'NONE', #3244, 1000.000000000000000 ) ;
#4695 = DIRECTION ( 'NONE',  ( -1.000000000000000000, -0.000000000000000000, -0.000000000000000000 ) ) ;
#4696 = ADVANCED_FACE ( 'NONE', ( #2941 ), #4779, .F. ) ;
#4697 = PRESENTATION_LAYER_ASSIGNMENT (  '', '', ( #3730 ) ) ;
#4698 = EDGE_CURVE ( 'NONE', #3828, #1872, #581, .T. ) ;
#4699 = CARTESIAN_POINT ( 'NONE',  ( 4.210384757729334737, 8.500000000000000000, 0.8696152422706645568 ) ) ;
#4700 = EDGE_LOOP ( 'NONE', ( #3784, #2787, #5830, #585 ) ) ;
#4701 = CARTESIAN_POINT ( 'NONE',  ( 2.988193045422142369, 5.884855341312110077, 0.3499999999999999778 ) ) ;
#4702 = SURFACE_STYLE_USAGE ( .BOTH. , #2928 ) ;
#4703 = CARTESIAN_POINT ( 'NONE',  ( -1.469999999999999973, 8.500000000000000000, 1.199999999999999956 ) ) ;
#4704 = ORIENTED_EDGE ( 'NONE', *, *, #5204, .F. ) ;
#4705 = VECTOR ( 'NONE', #4139, 1000.000000000000000 ) ;
#4706 = CARTESIAN_POINT ( 'NONE',  ( -0.3500000000000000333, 8.000000000000000000, 0.3499999999999999778 ) ) ;
#4707 = CARTESIAN_POINT ( 'NONE',  ( -1.469999999999999973, 0.000000000000000000, -0.6499999999999991340 ) ) ;
#4708 = CARTESIAN_POINT ( 'NONE',  ( 6.080000000000000959, 0.8000000000000007105, -0.3499999999999999778 ) ) ;
#4709 = VECTOR ( 'NONE', #945, 1000.000000000000000 ) ;
#4710 = ORIENTED_EDGE ( 'NONE', *, *, #662, .T. ) ;
#4711 = DIRECTION ( 'NONE',  ( 0.000000000000000000, 0.000000000000000000, -1.000000000000000000 ) ) ;
#4712 = CARTESIAN_POINT ( 'NONE',  ( 3.395690189165919026, 5.260692584315793674, -0.3500000000000000333 ) ) ;
#4713 = DIRECTION ( 'NONE',  ( -1.000000000000000000, -0.000000000000000000, -0.000000000000000000 ) ) ;
#4714 = CARTESIAN_POINT ( 'NONE',  ( 4.616643101092098078, 1.700000000000002620, 0.3499999999999999778 ) ) ;
#4715 = CARTESIAN_POINT ( 'NONE',  ( -0.7837705697203889432, 5.796998266909027642, 0.3499999999999999778 ) ) ;
#4716 = ORIENTED_EDGE ( 'NONE', *, *, #4215, .F. ) ;
#4717 = MECHANICAL_DESIGN_GEOMETRIC_PRESENTATION_REPRESENTATION (  '', ( #4037 ), #2807 ) ;
#4718 = CARTESIAN_POINT ( 'NONE',  ( 0.000000000000000000, 8.500000000000000000, 0.000000000000000000 ) ) ;
#4719 = CARTESIAN_POINT ( 'NONE',  ( 5.872485366313218158, 5.744802409713649638, 0.3499999999999999778 ) ) ;
#4720 = ADVANCED_FACE ( 'NONE', ( #1066 ), #4680, .F. ) ;
#4721 = ORIENTED_EDGE ( 'NONE', *, *, #2716, .F. ) ;
#4722 = CYLINDRICAL_SURFACE ( 'NONE', #4578, 0.1999999999999999833 ) ;
#4723 = AXIS2_PLACEMENT_3D ( 'NONE', #719, #275, #5767 ) ;
#4724 = DIRECTION ( 'NONE',  ( -1.000000000000000000, -0.000000000000000000, -0.000000000000000000 ) ) ;
#4725 = CARTESIAN_POINT ( 'NONE',  ( 3.540000000000001368, 6.299999999999999822, 0.3850000000000000089 ) ) ;
#4726 = SURFACE_STYLE_USAGE ( .BOTH. , #5271 ) ;
#4727 = CARTESIAN_POINT ( 'NONE',  ( 4.558154266116019926, 5.626229152235333153, 0.3499999999999999778 ) ) ;
#4728 = FILL_AREA_STYLE_COLOUR ( '', #1543 ) ;
#4729 = VERTEX_POINT ( 'NONE', #1559 ) ;
#4730 = PLANE ( 'NONE',  #3466 ) ;
#4731 = PRESENTATION_STYLE_ASSIGNMENT (( #2900 ) ) ;
#4732 =( LENGTH_UNIT ( ) NAMED_UNIT ( * ) SI_UNIT ( .MILLI., .METRE. ) );
#4733 = DIRECTION ( 'NONE',  ( -0.000000000000000000, 0.000000000000000000, 1.000000000000000000 ) ) ;
#4734 = ORIENTED_EDGE ( 'NONE', *, *, #4031, .F. ) ;
#4735 = EDGE_CURVE ( 'NONE', #572, #3367, #638, .T. ) ;
#4736 = EDGE_CURVE ( 'NONE', #3964, #5219, #2555, .T. ) ;
#4737 = CARTESIAN_POINT ( 'NONE',  ( 5.680000000000000604, 6.299999999999999822, 0.3499999999999999778 ) ) ;
#4738 = CARTESIAN_POINT ( 'NONE',  ( -0.3500000000000000333, 8.199999999999999289, -0.3499999999999999778 ) ) ;
#4739 = ADVANCED_FACE ( 'NONE', ( #3027 ), #72, .T. ) ;
#4740 = DIRECTION ( 'NONE',  ( 1.000000000000000000, 0.000000000000000000, 0.000000000000000000 ) ) ;
#4741 = UNCERTAINTY_MEASURE_WITH_UNIT (LENGTH_MEASURE( 1.000000000000000082E-05 ), #2939, 'distance_accuracy_value', 'NONE');
#4742 = ORIENTED_EDGE ( 'NONE', *, *, #2102, .T. ) ;
#4743 = DIRECTION ( 'NONE',  ( 3.097720492815726426E-17, -1.000000000000000000, 0.000000000000000000 ) ) ;
#4744 = FACE_OUTER_BOUND ( 'NONE', #1970, .T. ) ;
#4745 = DIRECTION ( 'NONE',  ( 0.000000000000000000, 0.000000000000000000, -1.000000000000000000 ) ) ;
#4746 = CARTESIAN_POINT ( 'NONE',  ( 0.8696152422706646679, 8.500000000000000000, -0.8696152422706646679 ) ) ;
#4747 = ORIENTED_EDGE ( 'NONE', *, *, #2988, .F. ) ;
#4748 =( NAMED_UNIT ( * ) PLANE_ANGLE_UNIT ( ) SI_UNIT ( $, .RADIAN. ) );
#4749 = CARTESIAN_POINT ( 'NONE',  ( 5.929183477980651595, 5.324198710742059859, 0.3500000000000000333 ) ) ;
#4750 = VERTEX_POINT ( 'NONE', #5749 ) ;
#4751 = CARTESIAN_POINT ( 'NONE',  ( 0.1500000000000021316, -3.000000000000000000, 0.3499999999999999778 ) ) ;
#4752 = PLANE ( 'NONE',  #861 ) ;
#4753 = B_SPLINE_CURVE_WITH_KNOTS ( 'NONE', 3,
 ( #801, #2646, #713, #3499 ),
 .UNSPECIFIED., .F., .F.,
 ( 4, 4 ),
 ( 0.000000000000000000, 1.000000000000000000 ),
 .UNSPECIFIED. ) ;
#4754 = SURFACE_STYLE_FILL_AREA ( #1101 ) ;
#4755 = CARTESIAN_POINT ( 'NONE',  ( 5.029999999999999361, 8.026794919243110726, -0.05000000000000012768 ) ) ;
#4756 = FILL_AREA_STYLE ('',( #688 ) ) ;
#4757 = ORIENTED_EDGE ( 'NONE', *, *, #4308, .T. ) ;
#4758 = CARTESIAN_POINT ( 'NONE',  ( 2.890000000000000124, 0.000000000000000000, 0.3499999999999999778 ) ) ;
#4759 = VECTOR ( 'NONE', #205, 1000.000000000000000 ) ;
#4760 = ORIENTED_EDGE ( 'NONE', *, *, #419, .T. ) ;
#4761 = PRESENTATION_LAYER_ASSIGNMENT (  '', '', ( #1427 ) ) ;
#4762 = COLOUR_RGB ( '',0.8313725490196077761, 0.6705882352941175961, 0.1294117647058823373 ) ;
#4763 = LINE ( 'NONE', #3883, #1687 ) ;
#4764 = DIRECTION ( 'NONE',  ( 1.000000000000000000, 0.000000000000000000, 0.000000000000000000 ) ) ;
#4765 = DIRECTION ( 'NONE',  ( 1.084202172485504434E-16, -1.000000000000000000, 0.000000000000000000 ) ) ;
#4766 = PLANE ( 'NONE',  #2312 ) ;
#4767 = PLANE ( 'NONE',  #1338 ) ;
#4768 = ORIENTED_EDGE ( 'NONE', *, *, #2110, .T. ) ;
#4769 = EDGE_CURVE ( 'NONE', #3130, #548, #3868, .T. ) ;
#4770 =( NAMED_UNIT ( * ) PLANE_ANGLE_UNIT ( ) SI_UNIT ( $, .RADIAN. ) );
#4771 = DIRECTION ( 'NONE',  ( 0.000000000000000000, 0.000000000000000000, 1.000000000000000000 ) ) ;
#4772 = CARTESIAN_POINT ( 'NONE',  ( 1.853245067392238710, 8.000000000000000000, 0.6500000000000000222 ) ) ;
#4773 = ORIENTED_EDGE ( 'NONE', *, *, #5249, .F. ) ;
#4774 = AXIS2_PLACEMENT_3D ( 'NONE', #1063, #2937, #151 ) ;
#4775 = DIRECTION ( 'NONE',  ( -0.000000000000000000, -3.097720492815727166E-16, -1.000000000000000000 ) ) ;
#4776 = FILL_AREA_STYLE ('',( #1091 ) ) ;
#4777 = LINE ( 'NONE', #4017, #3721 ) ;
#4778 = ADVANCED_FACE ( 'NONE', ( #798 ), #5680, .T. ) ;
#4779 = PLANE ( 'NONE',  #1524 ) ;
#4780 = ORIENTED_EDGE ( 'NONE', *, *, #2002, .T. ) ;
#4781 = AXIS2_PLACEMENT_3D ( 'NONE', #1476, #1079, #3405 ) ;
#4782 = COLOUR_RGB ( '',0.8313725490196077761, 0.6705882352941175961, 0.1294117647058823373 ) ;
#4783 = CARTESIAN_POINT ( 'NONE',  ( 6.014825183200147585, 4.263498050148225360, -0.3499999999999999778 ) ) ;
#4784 = FACE_OUTER_BOUND ( 'NONE', #3005, .T. ) ;
#4785 = ORIENTED_EDGE ( 'NONE', *, *, #1867, .F. ) ;
#4786 = DIRECTION ( 'NONE',  ( 1.000000000000000000, 0.000000000000000000, 0.000000000000000000 ) ) ;
#4787 = DIRECTION ( 'NONE',  ( 0.000000000000000000, 0.000000000000000000, -1.000000000000000000 ) ) ;
#4788 = AXIS2_PLACEMENT_3D ( 'NONE', #5935, #3219, #4967 ) ;
#4789 =( GEOMETRIC_REPRESENTATION_CONTEXT ( 3 ) GLOBAL_UNCERTAINTY_ASSIGNED_CONTEXT ( ( #3886 ) ) GLOBAL_UNIT_ASSIGNED_CONTEXT ( ( #1072, #553, #3713 ) ) REPRESENTATION_CONTEXT ( 'NONE', 'WORKASPACE' ) );
#4790 = LINE ( 'NONE', #131, #2661 ) ;
#4791 = DIRECTION ( 'NONE',  ( -0.6546536707079768647, 0.3779644730092280858, -0.6546536707079769757 ) ) ;
#4792 = VECTOR ( 'NONE', #3793, 1000.000000000000000 ) ;
#4793 = CARTESIAN_POINT ( 'NONE',  ( 3.338210463979507381, 5.709058272658548816, 0.3500000000000000888 ) ) ;
#4794 = CARTESIAN_POINT ( 'NONE',  ( 1.747514633686702901, 5.744802409713122060, -0.3499999999999999223 ) ) ;
#4795 = STYLED_ITEM ( 'NONE', ( #1142 ), #817 ) ;
#4796 = ORIENTED_EDGE ( 'NONE', *, *, #2782, .F. ) ;
#4797 =( BOUNDED_CURVE ( )  B_SPLINE_CURVE ( 3, ( #3096, #4865, #4041, #5436, #5342, #1332, #4003 ),
 .UNSPECIFIED., .F., .F. ) 
 B_SPLINE_CURVE_WITH_KNOTS ( ( 4, 3, 4 ),
 ( 0.8078321013870645162, 3.141592653589793116, 5.475353205792521827 ),
 .UNSPECIFIED. ) 
 CURVE ( )  GEOMETRIC_REPRESENTATION_ITEM ( )  RATIONAL_B_SPLINE_CURVE ( ( 1.000000000000000000, 0.5953481791230077480, 0.5953481791230077480, 1.000000000000000000, 0.5953481791230077480, 0.5953481791230077480, 1.000000000000000000 ) ) 
 REPRESENTATION_ITEM ( '' )  );
#4798 = STYLED_ITEM ( 'NONE', ( #2657 ), #1339 ) ;
#4799 = CARTESIAN_POINT ( 'NONE',  ( 2.189999999999999947, 0.000000000000000000, -0.3499999999999999778 ) ) ;
#4800 = FILL_AREA_STYLE_COLOUR ( '', #1516 ) ;
#4801 = DIRECTION ( 'NONE',  ( 0.000000000000000000, -0.000000000000000000, -1.000000000000000000 ) ) ;
#4802 = SURFACE_STYLE_FILL_AREA ( #2519 ) ;
#4803 = UNCERTAINTY_MEASURE_WITH_UNIT (LENGTH_MEASURE( 1.000000000000000082E-05 ), #3634, 'distance_accuracy_value', 'NONE');
#4804 = ORIENTED_EDGE ( 'NONE', *, *, #1571, .T. ) ;
#4805 = CARTESIAN_POINT ( 'NONE',  ( 4.480000000000000426, 6.299999999999999822, -0.3499999999999999778 ) ) ;
#4806 = AXIS2_PLACEMENT_3D ( 'NONE', #4962, #5529, #4472 ) ;
#4807 = CARTESIAN_POINT ( 'NONE',  ( -0.3499999999999990896, -2.800000000000001155, 0.3499999999999999778 ) ) ;
#4808 =( LENGTH_UNIT ( ) NAMED_UNIT ( * ) SI_UNIT ( .MILLI., .METRE. ) );
#4809 = ORIENTED_EDGE ( 'NONE', *, *, #5404, .F. ) ;
#4810 = EDGE_CURVE ( 'NONE', #2504, #3279, #5524, .T. ) ;
#4811 = DIRECTION ( 'NONE',  ( -1.000000000000000000, -0.000000000000000000, -0.000000000000000000 ) ) ;
#4812 = LINE ( 'NONE', #760, #4101 ) ;
#4813 = CARTESIAN_POINT ( 'NONE',  ( 4.380000000000000782, 0.8000000000000004885, 0.3499999999999999778 ) ) ;
#4814 = ORIENTED_EDGE ( 'NONE', *, *, #5780, .F. ) ;
#4815 =( GEOMETRIC_REPRESENTATION_CONTEXT ( 3 ) GLOBAL_UNCERTAINTY_ASSIGNED_CONTEXT ( ( #3026 ) ) GLOBAL_UNIT_ASSIGNED_CONTEXT ( ( #1717, #5357, #300 ) ) REPRESENTATION_CONTEXT ( 'NONE', 'WORKASPACE' ) );
#4816 = CARTESIAN_POINT ( 'NONE',  ( 0.6000000000000005329, 6.299999999999999822, -0.1166666666666667518 ) ) ;
#4817 =( NAMED_UNIT ( * ) SI_UNIT ( $, .STERADIAN. ) SOLID_ANGLE_UNIT ( ) );
#4818 = ORIENTED_EDGE ( 'NONE', *, *, #3481, .F. ) ;
#4819 =( LENGTH_UNIT ( ) NAMED_UNIT ( * ) SI_UNIT ( .MILLI., .METRE. ) );
#4820 = LINE ( 'NONE', #1218, #5650 ) ;
#4821 = MECHANICAL_DESIGN_GEOMETRIC_PRESENTATION_REPRESENTATION (  '', ( #3548 ), #412 ) ;
#4822 = FILL_AREA_STYLE ('',( #2864 ) ) ;
#4823 = CARTESIAN_POINT ( 'NONE',  ( 2.040000000000001812, 6.299999999999999822, -0.3499999999999999778 ) ) ;
#4824 = LINE ( 'NONE', #4880, #3368 ) ;
#4825 = VECTOR ( 'NONE', #4453, 1000.000000000000114 ) ;
#4826 = EDGE_CURVE ( 'NONE', #4055, #1497, #2728, .T. ) ;
#4827 = CARTESIAN_POINT ( 'NONE',  ( 3.402626047459932579, 5.194217234910147418, 0.3499999999999999778 ) ) ;
#4828 = CARTESIAN_POINT ( 'NONE',  ( 5.080000000000000071, 1.700000000000000178, 0.3499999999999999778 ) ) ;
#4829 = ORIENTED_EDGE ( 'NONE', *, *, #41, .F. ) ;
#4830 = CARTESIAN_POINT ( 'NONE',  ( 1.000000000000000666, 0.8000000000000007105, -0.3499999999999999778 ) ) ;
#4831 = CARTESIAN_POINT ( 'NONE',  ( 0.000000000000000000, 0.000000000000000000, 0.000000000000000000 ) ) ;
#4832 = PLANE ( 'NONE',  #873 ) ;
#4833 = ORIENTED_EDGE ( 'NONE', *, *, #3719, .F. ) ;
#4834 =( NAMED_UNIT ( * ) PLANE_ANGLE_UNIT ( ) SI_UNIT ( $, .RADIAN. ) );
#4835 = CARTESIAN_POINT ( 'NONE',  ( 1.540000000000000924, 6.299999999999999822, -0.3849999999999998979 ) ) ;
#4836 = VERTEX_POINT ( 'NONE', #2326 ) ;
#4837 = CARTESIAN_POINT ( 'NONE',  ( 6.549999999999999822, 0.5000000000000002220, 0.6500000000000010214 ) ) ;
#4838 = CARTESIAN_POINT ( 'NONE',  ( 4.080000000000000959, 6.299999999999999822, 0.3850000000000000089 ) ) ;
#4839 = CARTESIAN_POINT ( 'NONE',  ( 3.226754932607761361, 0.5000000000000000000, -0.6500000000000013545 ) ) ;
#4840 = CYLINDRICAL_SURFACE ( 'NONE', #5667, 0.2999999999999999334 ) ;
#4841 = UNCERTAINTY_MEASURE_WITH_UNIT (LENGTH_MEASURE( 1.000000000000000082E-05 ), #4819, 'distance_accuracy_value', 'NONE');
#4842 = VERTEX_POINT ( 'NONE', #4132 ) ;
#4843 = CARTESIAN_POINT ( 'NONE',  ( 5.430000000000000604, 0.000000000000000000, -0.3500000000000000333 ) ) ;
#4844 = DIRECTION ( 'NONE',  ( 0.000000000000000000, 3.097720492815727166E-16, 1.000000000000000000 ) ) ;
#4845 = EDGE_LOOP ( 'NONE', ( #2237, #4632, #5293, #53 ) ) ;
#4846 = DIRECTION ( 'NONE',  ( 1.000000000000000000, -0.000000000000000000, 0.000000000000000000 ) ) ;
#4847 = ADVANCED_FACE ( 'NONE', ( #372 ), #4984, .F. ) ;
#4848 = ADVANCED_FACE ( 'NONE', ( #3119 ), #2702, .F. ) ;
#4849 = CARTESIAN_POINT ( 'NONE',  ( 2.040000000000001812, 6.084152315493286167, 0.3499999999999999223 ) ) ;
#4850 = SURFACE_SIDE_STYLE ('',( #5790 ) ) ;
#4851 = CARTESIAN_POINT ( 'NONE',  ( -1.000000000000000000, 6.500000000000000888, -0.3500000000000010880 ) ) ;
#4852 = EDGE_LOOP ( 'NONE', ( #4175, #5413, #2380, #5880 ) ) ;
#4853 = EDGE_CURVE ( 'NONE', #3603, #496, #5474, .T. ) ;
#4854 = FACE_OUTER_BOUND ( 'NONE', #1281, .T. ) ;
#4855 =( GEOMETRIC_REPRESENTATION_CONTEXT ( 3 ) GLOBAL_UNCERTAINTY_ASSIGNED_CONTEXT ( ( #4164 ) ) GLOBAL_UNIT_ASSIGNED_CONTEXT ( ( #2054, #3855, #245 ) ) REPRESENTATION_CONTEXT ( 'NONE', 'WORKASPACE' ) );
#4856 = DIRECTION ( 'NONE',  ( 0.000000000000000000, -0.000000000000000000, -1.000000000000000000 ) ) ;
#4857 = CARTESIAN_POINT ( 'NONE',  ( 0.7896030380176978225, 5.762359718948173892, 0.3499999999999999223 ) ) ;
#4858 = ORIENTED_EDGE ( 'NONE', *, *, #2616, .F. ) ;
#4859 = FILL_AREA_STYLE_COLOUR ( '', #1820 ) ;
#4860 = VECTOR ( 'NONE', #256, 1000.000000000000000 ) ;
#4861 =( NAMED_UNIT ( * ) SI_UNIT ( $, .STERADIAN. ) SOLID_ANGLE_UNIT ( ) );
#4862 = VERTEX_POINT ( 'NONE', #4550 ) ;
#4863 = LINE ( 'NONE', #1647, #3602 ) ;
#4864 = SURFACE_STYLE_FILL_AREA ( #5284 ) ;
#4865 = CARTESIAN_POINT ( 'NONE',  ( 4.434533521472695305, 3.877691542223589138, -0.3499999999999999778 ) ) ;
#4866 = VECTOR ( 'NONE', #162, 1000.000000000000114 ) ;
#4867 =( NAMED_UNIT ( * ) PLANE_ANGLE_UNIT ( ) SI_UNIT ( $, .RADIAN. ) );
#4868 = AXIS2_PLACEMENT_3D ( 'NONE', #4958, #461, #858 ) ;
#4869 = CARTESIAN_POINT ( 'NONE',  ( 3.039999999999998703, 6.084152315493285279, -0.3500000000000000333 ) ) ;
#4870 = ORIENTED_EDGE ( 'NONE', *, *, #415, .T. ) ;
#4871 = CARTESIAN_POINT ( 'NONE',  ( 6.024276979512004360, 4.091073788932197530, -0.3499999999999999778 ) ) ;
#4872 = VECTOR ( 'NONE', #2551, 1000.000000000000000 ) ;
#4873 = VECTOR ( 'NONE', #2833, 1000.000000000000000 ) ;
#4874 = PLANE ( 'NONE',  #3935 ) ;
#4875 = ORIENTED_EDGE ( 'NONE', *, *, #2011, .F. ) ;
#4876 = LINE ( 'NONE', #769, #1631 ) ;
#4877 = STYLED_ITEM ( 'NONE', ( #1111 ), #5534 ) ;
#4878 = AXIS2_PLACEMENT_3D ( 'NONE', #2053, #810, #3510 ) ;
#4879 = CARTESIAN_POINT ( 'NONE',  ( 2.214744180118195516, 5.589454083063166046, 0.3499999999999999778 ) ) ;
#4880 = CARTESIAN_POINT ( 'NONE',  ( 2.861845733883979559, 5.626229152235330488, 0.000000000000000000 ) ) ;
#4881 = VECTOR ( 'NONE', #5389, 1000.000000000000000 ) ;
#4882 = CARTESIAN_POINT ( 'NONE',  ( 5.405255819881805479, 5.589454083063163381, 0.3499999999999999778 ) ) ;
#4883 = EDGE_LOOP ( 'NONE', ( #826, #908, #4159, #1431, #4809, #1178, #5426, #4785 ) ) ;
#4884 = FACE_OUTER_BOUND ( 'NONE', #2412, .T. ) ;
#4885 = CARTESIAN_POINT ( 'NONE',  ( 0.9006934952134016958, 4.786369049944407372, -0.3499999999999999778 ) ) ;
#4886 = CARTESIAN_POINT ( 'NONE',  ( 5.680000000000000604, 6.299999999999999822, 0.3849999999999998979 ) ) ;
#4887 = LINE ( 'NONE', #2224, #469 ) ;
#4888 = ORIENTED_EDGE ( 'NONE', *, *, #3631, .T. ) ;
#4889 = DIRECTION ( 'NONE',  ( -1.000000000000000000, 0.000000000000000000, 0.000000000000000000 ) ) ;
#4890 = EDGE_CURVE ( 'NONE', #1296, #732, #455, .T. ) ;
#4891 = AXIS2_PLACEMENT_3D ( 'NONE', #3832, #674, #4745 ) ;
#4892 = CARTESIAN_POINT ( 'NONE',  ( 1.540000000000000480, 1.800000000000000488, -0.1283333333333334936 ) ) ;
#4893 = ORIENTED_EDGE ( 'NONE', *, *, #2291, .F. ) ;
#4894 = EDGE_CURVE ( 'NONE', #207, #155, #1399, .T. ) ;
#4895 = CARTESIAN_POINT ( 'NONE',  ( 3.003356898907900252, 1.699999999999997957, -0.3499999999999999778 ) ) ;
#4896 = LINE ( 'NONE', #910, #570 ) ;
#4897 = PLANE ( 'NONE',  #1921 ) ;
#4898 = VERTEX_POINT ( 'NONE', #401 ) ;
#4899 = VECTOR ( 'NONE', #63, 1000.000000000000000 ) ;
#4900 = CARTESIAN_POINT ( 'NONE',  ( 3.039999999999998259, 6.299999999999999822, -0.3499999999999999778 ) ) ;
#4901 = VERTEX_POINT ( 'NONE', #2642 ) ;
#4902 = CARTESIAN_POINT ( 'NONE',  ( 0.6000000000000005329, 6.299999999999999822, -0.3499999999999999778 ) ) ;
#4903 = CARTESIAN_POINT ( 'NONE',  ( -0.6867549326077613259, 0.5000000000000002220, 0.3499999999999998668 ) ) ;
#4904 = COLOUR_RGB ( '',0.000000000000000000, 0.7529411764705882248, 0.000000000000000000 ) ;
#4905 = ORIENTED_EDGE ( 'NONE', *, *, #1907, .T. ) ;
#4906 = DIRECTION ( 'NONE',  ( 0.6546536707079767536, 0.3779644730092280858, -0.6546536707079769757 ) ) ;
#4907 = DIRECTION ( 'NONE',  ( 0.000000000000000000, 1.000000000000000000, -3.097720492815727166E-16 ) ) ;
#4908 = DIRECTION ( 'NONE',  ( -3.097720492815726426E-17, 1.000000000000000000, 0.000000000000000000 ) ) ;
#4909 = DIRECTION ( 'NONE',  ( 0.000000000000000000, 1.000000000000000000, -4.336808689942016750E-16 ) ) ;
#4910 = CARTESIAN_POINT ( 'NONE',  ( 0.6867549326077613259, 0.5000000000000002220, 0.6500000000000010214 ) ) ;
#4911 = ORIENTED_EDGE ( 'NONE', *, *, #2601, .T. ) ;
#4912 = AXIS2_PLACEMENT_3D ( 'NONE', #5924, #2328, #1835 ) ;
#4913 = DIRECTION ( 'NONE',  ( -0.000000000000000000, -3.097720492815727166E-16, -1.000000000000000000 ) ) ;
#4914 = ORIENTED_EDGE ( 'NONE', *, *, #3256, .T. ) ;
#4915 = VECTOR ( 'NONE', #3818, 1000.000000000000000 ) ;
#4916 = EDGE_CURVE ( 'NONE', #5532, #1274, #5439, .T. ) ;
#4917 = LINE ( 'NONE', #1293, #273 ) ;
#4918 = CARTESIAN_POINT ( 'NONE',  ( 0.9931181789594349940, 2.798202530626829887, 0.3500000000000000333 ) ) ;
#4919 = ORIENTED_EDGE ( 'NONE', *, *, #4057, .T. ) ;
#4920 =( NAMED_UNIT ( * ) SI_UNIT ( $, .STERADIAN. ) SOLID_ANGLE_UNIT ( ) );
#4921 = CARTESIAN_POINT ( 'NONE',  ( 4.413733788849079964, 6.298959448224835889, -0.3499999999999999778 ) ) ;
#4922 = ORIENTED_EDGE ( 'NONE', *, *, #5412, .F. ) ;
#4923 = LINE ( 'NONE', #4837, #1042 ) ;
#4924 = CARTESIAN_POINT ( 'NONE',  ( 1.853245067392238710, 10.39117142264903570, -0.6500000000000030198 ) ) ;
#4925 = ADVANCED_FACE ( 'NONE', ( #2261 ), #4068, .F. ) ;
#4926 = ORIENTED_EDGE ( 'NONE', *, *, #5510, .T. ) ;
#4927 = VERTEX_POINT ( 'NONE', #2 ) ;
#4928 = DIRECTION ( 'NONE',  ( 1.121588454295349533E-16, -1.000000000000000000, 0.000000000000000000 ) ) ;
#4929 = ORIENTED_EDGE ( 'NONE', *, *, #3522, .F. ) ;
#4930 = SURFACE_SIDE_STYLE ('',( #378 ) ) ;
#4931 = DIRECTION ( 'NONE',  ( 1.000000000000000000, 0.000000000000000000, 0.000000000000000000 ) ) ;
#4932 = LINE ( 'NONE', #264, #265 ) ;
#4933 = CARTESIAN_POINT ( 'NONE',  ( -0.6999999999999995115, 0.5000000000000004441, -0.3499999999999999778 ) ) ;
#4934 = ORIENTED_EDGE ( 'NONE', *, *, #120, .T. ) ;
#4935 = CARTESIAN_POINT ( 'NONE',  ( 2.861845733883979559, 5.626229152235330488, 0.3499999999999999778 ) ) ;
#4936 = EDGE_CURVE ( 'NONE', #2647, #1393, #1861, .T. ) ;
#4937 = DIRECTION ( 'NONE',  ( -0.000000000000000000, 0.000000000000000000, 1.000000000000000000 ) ) ;
#4938 = ORIENTED_EDGE ( 'NONE', *, *, #3877, .T. ) ;
#4939 = B_SPLINE_CURVE_WITH_KNOTS ( 'NONE', 3,
 ( #4404, #2549, #5802, #1706 ),
 .UNSPECIFIED., .F., .F.,
 ( 4, 4 ),
 ( 0.000000000000000000, 1.000000000000000000 ),
 .UNSPECIFIED. ) ;
#4940 = DIRECTION ( 'NONE',  ( -1.000000000000000000, -3.097720492815726426E-17, 0.000000000000000000 ) ) ;
#4941 = DIRECTION ( 'NONE',  ( 0.000000000000000000, -1.000000000000000000, 0.000000000000000000 ) ) ;
#4942 = CARTESIAN_POINT ( 'NONE',  ( 6.080000000000000071, 0.5000000000000000000, -0.3500000000000000888 ) ) ;
#4943 =( NAMED_UNIT ( * ) PLANE_ANGLE_UNIT ( ) SI_UNIT ( $, .RADIAN. ) );
#4944 = ORIENTED_EDGE ( 'NONE', *, *, #5178, .T. ) ;
#4945 = CARTESIAN_POINT ( 'NONE',  ( 4.134703062804453211, 4.071564961060444077, -0.3499999999999999778 ) ) ;
#4946 = VERTEX_POINT ( 'NONE', #1515 ) ;
#4947 = CARTESIAN_POINT ( 'NONE',  ( 3.226754932607761361, 10.39117142264903570, -0.6500000000000030198 ) ) ;
#4948 = ADVANCED_FACE ( 'NONE', ( #1943 ), #3374, .T. ) ;
#4949 = CARTESIAN_POINT ( 'NONE',  ( 1.940000000000000613, 6.299999999999999822, -0.3499999999999999778 ) ) ;
#4950 =( NAMED_UNIT ( * ) PLANE_ANGLE_UNIT ( ) SI_UNIT ( $, .RADIAN. ) );
#4951 = ORIENTED_EDGE ( 'NONE', *, *, #832, .T. ) ;
#4952 = MECHANICAL_DESIGN_GEOMETRIC_PRESENTATION_REPRESENTATION (  '', ( #453 ), #3888 ) ;
#4953 = VERTEX_POINT ( 'NONE', #2905 ) ;
#4954 = CARTESIAN_POINT ( 'NONE',  ( 1.940000000000000613, 6.299999999999999822, 0.3499999999999999778 ) ) ;
#4955 = EDGE_CURVE ( 'NONE', #2075, #2500, #1033, .T. ) ;
#4956 = SURFACE_STYLE_FILL_AREA ( #487 ) ;
#4957 = VERTEX_POINT ( 'NONE', #1056 ) ;
#4958 = CARTESIAN_POINT ( 'NONE',  ( 3.240000000000000657, 0.8000000000000007105, 0.3499999999999999778 ) ) ;
#4959 = MECHANICAL_DESIGN_GEOMETRIC_PRESENTATION_REPRESENTATION (  '', ( #65 ), #2370 ) ;
#4960 = CARTESIAN_POINT ( 'NONE',  ( 2.040000000000001812, 6.299999999999999822, -0.3499999999999999778 ) ) ;
#4961 = MECHANICAL_DESIGN_GEOMETRIC_PRESENTATION_REPRESENTATION (  '', ( #5539 ), #279 ) ;
#4962 = CARTESIAN_POINT ( 'NONE',  ( -1.469999999999999973, 8.500000000000000000, -1.199999999999999956 ) ) ;
#4963 = DIRECTION ( 'NONE',  ( 0.000000000000000000, 0.000000000000000000, -1.000000000000000000 ) ) ;
#4964 = ORIENTED_EDGE ( 'NONE', *, *, #3577, .F. ) ;
#4965 = CARTESIAN_POINT ( 'NONE',  ( -0.4999999999999985012, 6.299999999999999822, 0.3499999999999999778 ) ) ;
#4966 = SURFACE_STYLE_FILL_AREA ( #1289 ) ;
#4967 = DIRECTION ( 'NONE',  ( 0.000000000000000000, -0.000000000000000000, -1.000000000000000000 ) ) ;
#4968 = ORIENTED_EDGE ( 'NONE', *, *, #1197, .F. ) ;
#4969 = DIRECTION ( 'NONE',  ( -0.7071067811865474617, -0.7071067811865474617, -0.000000000000000000 ) ) ;
#4970 = STYLED_ITEM ( 'NONE', ( #441 ), #211 ) ;
#4971 = B_SPLINE_CURVE_WITH_KNOTS ( 'NONE', 3,
 ( #2774, #1386, #363, #2808, #1933, #528, #5538, #3518, #2832, #1266, #2340, #2193, #4597, #4145, #43, #5572, #1901, #3685, #2358, #3716, #5112, #4655, #1598, #2919, #4688, #5666, #4264, #5233, #3375, #1505, #5628, #3312, #106 ),
 .UNSPECIFIED., .F., .F.,
 ( 4, 1, 1, 1, 1, 1, 1, 2, 2, 1, 1, 1, 1, 1, 2, 2, 1, 1, 1, 1, 1, 1, 2, 2, 4 ),
 ( 0.000000000000000000, 0.2499999999999785727, 0.3749999999999677480, 0.4374999999999623634, 0.4687499999999595879, 0.4843749999999580891, 0.4921874999999576450, 0.4960937499999574229, 0.4999999999999572564, 0.6249999999999515943, 0.6874999999999485967, 0.7187499999999468203, 0.7343749999999459321, 0.7421874999999451550, 0.7460937499999447109, 0.7499999999999442668, 0.8124999999999452660, 0.8437499999999460432, 0.8593749999999463762, 0.8671874999999462652, 0.8710937499999464873, 0.8730468749999469313, 0.8740234374999471534, 0.8749999999999473754, 1.000000000000000000 ),
 .UNSPECIFIED. ) ;
#4972 = CARTESIAN_POINT ( 'NONE',  ( 3.039999999999998259, 6.299999999999999822, -0.3499999999999999778 ) ) ;
#4973 = DIRECTION ( 'NONE',  ( 0.000000000000000000, 3.097720492815727166E-16, 1.000000000000000000 ) ) ;
#4974 = CARTESIAN_POINT ( 'NONE',  ( 2.189999999999999947, 8.000000000000000000, 0.3499999999999999778 ) ) ;
#4975 = AXIS2_PLACEMENT_3D ( 'NONE', #3247, #2339, #5083 ) ;
#4976 = ORIENTED_EDGE ( 'NONE', *, *, #4422, .F. ) ;
#4977 = AXIS2_PLACEMENT_3D ( 'NONE', #4924, #5378, #1300 ) ;
#4978 = CARTESIAN_POINT ( 'NONE',  ( 1.940000000000000613, 6.299999999999999822, -0.3849999999999998979 ) ) ;
#4979 = VECTOR ( 'NONE', #3689, 1000.000000000000000 ) ;
#4980 = EDGE_LOOP ( 'NONE', ( #1769, #3734, #4934, #5800 ) ) ;
#4981 = CARTESIAN_POINT ( 'NONE',  ( 1.753947113514016332, 5.783587059575311606, 0.3500000000000000888 ) ) ;
#4982 = CARTESIAN_POINT ( 'NONE',  ( -0.5999999999999996447, 6.299999999999999822, -0.3499999999999999778 ) ) ;
#4983 = EDGE_LOOP ( 'NONE', ( #3077, #180, #2214, #3970 ) ) ;
#4984 = PLANE ( 'NONE',  #842 ) ;
#4985 = ORIENTED_EDGE ( 'NONE', *, *, #3154, .F. ) ;
#4986 = VECTOR ( 'NONE', #3896, 1000.000000000000000 ) ;
#4987 = CARTESIAN_POINT ( 'NONE',  ( 5.601845733883980216, 5.626229152235330488, -0.3499999999999999778 ) ) ;
#4988 = VERTEX_POINT ( 'NONE', #2458 ) ;
#4989 = CARTESIAN_POINT ( 'NONE',  ( 1.000000000000000000, 6.500000000000000888, -0.3500000000000010880 ) ) ;
#4990 = VECTOR ( 'NONE', #4223, 1000.000000000000000 ) ;
#4991 = B_SPLINE_CURVE_WITH_KNOTS ( 'NONE', 3,
 ( #800, #3006, #4816, #4902 ),
 .UNSPECIFIED., .F., .F.,
 ( 4, 4 ),
 ( 0.000000000000000000, 1.000000000000000000 ),
 .UNSPECIFIED. ) ;
#4992 = ADVANCED_FACE ( 'NONE', ( #2846 ), #2877, .F. ) ;
#4993 = MECHANICAL_DESIGN_GEOMETRIC_PRESENTATION_REPRESENTATION (  '', ( #1758 ), #3358 ) ;
#4994 = LINE ( 'NONE', #2683, #485 ) ;
#4995 = CARTESIAN_POINT ( 'NONE',  ( 0.3525240155457787239, 5.732672356334978403, 0.3499999999999999778 ) ) ;
#4996 = ORIENTED_EDGE ( 'NONE', *, *, #588, .F. ) ;
#4997 =( NAMED_UNIT ( * ) SI_UNIT ( $, .STERADIAN. ) SOLID_ANGLE_UNIT ( ) );
#4998 = AXIS2_PLACEMENT_3D ( 'NONE', #5399, #1318, #3136 ) ;
#4999 = FILL_AREA_STYLE ('',( #2741 ) ) ;
#5000 = EDGE_CURVE ( 'NONE', #5620, #1026, #90, .T. ) ;
#5001 = ADVANCED_FACE ( 'NONE', ( #1913 ), #118, .F. ) ;
#5002 =( LENGTH_UNIT ( ) NAMED_UNIT ( * ) SI_UNIT ( .MILLI., .METRE. ) );
#5003 =( LENGTH_UNIT ( ) NAMED_UNIT ( * ) SI_UNIT ( .MILLI., .METRE. ) );
#5004 = CARTESIAN_POINT ( 'NONE',  ( -0.3252558198818047974, 5.589454083063166046, -0.3499999999999999778 ) ) ;
#5005 = CARTESIAN_POINT ( 'NONE',  ( 2.040000000000001812, 6.299999999999999822, 0.3499999999999999778 ) ) ;
#5006 = VERTEX_POINT ( 'NONE', #4706 ) ;
#5007 = PRESENTATION_LAYER_ASSIGNMENT (  '', '', ( #5393 ) ) ;
#5008 = CARTESIAN_POINT ( 'NONE',  ( 3.140000000000000568, 6.299999999999999822, -0.3499999999999999778 ) ) ;
#5009 =( BOUNDED_CURVE ( )  B_SPLINE_CURVE ( 3, ( #4995, #3245, #524, #2768 ),
 .UNSPECIFIED., .F., .F. ) 
 B_SPLINE_CURVE_WITH_KNOTS ( ( 4, 4 ),
 ( 3.924083526751089845, 4.712388980384689674 ),
 .UNSPECIFIED. ) 
 CURVE ( )  GEOMETRIC_REPRESENTATION_ITEM ( )  RATIONAL_B_SPLINE_CURVE ( ( 1.000000000000000000, 0.9488815137910379116, 0.9488815137910379116, 1.000000000000000000 ) ) 
 REPRESENTATION_ITEM ( '' )  );
#5010 = VECTOR ( 'NONE', #5274, 1000.000000000000000 ) ;
#5011 = VERTEX_POINT ( 'NONE', #4737 ) ;
#5012 = CARTESIAN_POINT ( 'NONE',  ( 1.765852863327320721, 5.851685420754309419, 0.3500000000000000333 ) ) ;
#5013 = DIRECTION ( 'NONE',  ( 1.000000000000000000, 0.000000000000000000, 0.000000000000000000 ) ) ;
#5014 = CARTESIAN_POINT ( 'NONE',  ( 4.446851685116533837, 6.299478870653093310, 0.3500000000000000333 ) ) ;
#5015 = ORIENTED_EDGE ( 'NONE', *, *, #2457, .F. ) ;
#5016 = CARTESIAN_POINT ( 'NONE',  ( 5.579999999999999183, 6.299999999999999822, 0.3499999999999999778 ) ) ;
#5017 = ORIENTED_EDGE ( 'NONE', *, *, #5786, .T. ) ;
#5018 = CARTESIAN_POINT ( 'NONE',  ( 0.4999999999999985012, 6.299999999999999822, -0.3499999999999999778 ) ) ;
#5019 = ORIENTED_EDGE ( 'NONE', *, *, #4826, .F. ) ;
#5020 = LINE ( 'NONE', #5505, #2749 ) ;
#5021 = FACE_BOUND ( 'NONE', #2965, .T. ) ;
#5022 = DIRECTION ( 'NONE',  ( -1.000000000000000000, -0.000000000000000000, -0.000000000000000000 ) ) ;
#5023 = LINE ( 'NONE', #4618, #1768 ) ;
#5024 = ORIENTED_EDGE ( 'NONE', *, *, #999, .T. ) ;
#5025 = CARTESIAN_POINT ( 'NONE',  ( 5.725466478527304837, 3.877691542223584698, -0.3499999999999999778 ) ) ;
#5026 = EDGE_CURVE ( 'NONE', #4458, #357, #5553, .T. ) ;
#5027 = LINE ( 'NONE', #5055, #1629 ) ;
#5028 = CARTESIAN_POINT ( 'NONE',  ( 2.540000000000000036, 6.299999999999999822, 0.3499999999999999778 ) ) ;
#5029 = ADVANCED_FACE ( 'NONE', ( #3296 ), #1968, .F. ) ;
#5030 = DIRECTION ( 'NONE',  ( 0.000000000000000000, -0.000000000000000000, -1.000000000000000000 ) ) ;
#5031 =( LENGTH_UNIT ( ) NAMED_UNIT ( * ) SI_UNIT ( .MILLI., .METRE. ) );
#5032 = ORIENTED_EDGE ( 'NONE', *, *, #491, .T. ) ;
#5033 = CARTESIAN_POINT ( 'NONE',  ( -1.000000000000000000, 0.5000000000000000000, -0.3500000000000000888 ) ) ;
#5034 = ORIENTED_EDGE ( 'NONE', *, *, #489, .F. ) ;
#5035 = DIRECTION ( 'NONE',  ( -0.000000000000000000, -1.000000000000000000, 1.668003342285392044E-16 ) ) ;
#5036 = CARTESIAN_POINT ( 'NONE',  ( 2.890000000000000124, 8.199999999999999289, 0.3499999999999999778 ) ) ;
#5037 =( NAMED_UNIT ( * ) SI_UNIT ( $, .STERADIAN. ) SOLID_ANGLE_UNIT ( ) );
#5038 = ORIENTED_EDGE ( 'NONE', *, *, #2651, .F. ) ;
#5039 =( NAMED_UNIT ( * ) SI_UNIT ( $, .STERADIAN. ) SOLID_ANGLE_UNIT ( ) );
#5040 = VERTEX_POINT ( 'NONE', #182 ) ;
#5041 =( BOUNDED_CURVE ( )  B_SPLINE_CURVE ( 3, ( #2342, #1850, #19, #46 ),
 .UNSPECIFIED., .F., .F. ) 
 B_SPLINE_CURVE_WITH_KNOTS ( ( 4, 4 ),
 ( 1.570796326794896336, 2.359101780428492390 ),
 .UNSPECIFIED. ) 
 CURVE ( )  GEOMETRIC_REPRESENTATION_ITEM ( )  RATIONAL_B_SPLINE_CURVE ( ( 1.000000000000000000, 0.9488815137910384667, 0.9488815137910384667, 1.000000000000000000 ) ) 
 REPRESENTATION_ITEM ( '' )  );
#5042 = CARTESIAN_POINT ( 'NONE',  ( 3.140000000000000568, 6.299999999999999822, 0.3499999999999999778 ) ) ;
#5043 = VERTEX_POINT ( 'NONE', #2024 ) ;
#5044 = LINE ( 'NONE', #947, #1334 ) ;
#5045 = VECTOR ( 'NONE', #5113, 1000.000000000000000 ) ;
#5046 = DIRECTION ( 'NONE',  ( 0.000000000000000000, 0.000000000000000000, 1.000000000000000000 ) ) ;
#5047 = VECTOR ( 'NONE', #3388, 1000.000000000000000 ) ;
#5048 = AXIS2_PLACEMENT_3D ( 'NONE', #3638, #875, #1724 ) ;
#5049 = CARTESIAN_POINT ( 'NONE',  ( 0.6867549326077615479, 8.000000000000000000, 0.6500000000000000222 ) ) ;
#5050 = ORIENTED_EDGE ( 'NONE', *, *, #1153, .F. ) ;
#5051 = PLANE ( 'NONE',  #473 ) ;
#5052 =( BOUNDED_CURVE ( )  B_SPLINE_CURVE ( 3, ( #4438, #2177, #3977, #1743 ),
 .UNSPECIFIED., .F., .F. ) 
 B_SPLINE_CURVE_WITH_KNOTS ( ( 4, 4 ),
 ( 1.570796326794896336, 2.359101780428492390 ),
 .UNSPECIFIED. ) 
 CURVE ( )  GEOMETRIC_REPRESENTATION_ITEM ( )  RATIONAL_B_SPLINE_CURVE ( ( 1.000000000000000000, 0.9488815137910384667, 0.9488815137910384667, 1.000000000000000000 ) ) 
 REPRESENTATION_ITEM ( '' )  );
#5053 = CARTESIAN_POINT ( 'NONE',  ( 0.3252558198818050195, 5.589454083063163381, 0.3499999999999999778 ) ) ;
#5054 = AXIS2_PLACEMENT_3D ( 'NONE', #4418, #5788, #5840 ) ;
#5055 = CARTESIAN_POINT ( 'NONE',  ( 0.6867549326077613259, 0.5000000000000000000, -0.6500000000000013545 ) ) ;
#5056 = PRESENTATION_STYLE_ASSIGNMENT (( #2743 ) ) ;
#5057 = COLOUR_RGB ( '',0.8313725490196077761, 0.6705882352941175961, 0.1294117647058823373 ) ;
#5058 = PRESENTATION_STYLE_ASSIGNMENT (( #506 ) ) ;
#5059 = ORIENTED_EDGE ( 'NONE', *, *, #4853, .T. ) ;
#5060 = PRESENTATION_LAYER_ASSIGNMENT (  '', '', ( #2760 ) ) ;
#5061 = VECTOR ( 'NONE', #601, 1000.000000000000000 ) ;
#5062 = FILL_AREA_STYLE_COLOUR ( '', #606 ) ;
#5063 = VERTEX_POINT ( 'NONE', #3756 ) ;
#5064 =( GEOMETRIC_REPRESENTATION_CONTEXT ( 3 ) GLOBAL_UNCERTAINTY_ASSIGNED_CONTEXT ( ( #4644 ) ) GLOBAL_UNIT_ASSIGNED_CONTEXT ( ( #2992, #2572, #2099 ) ) REPRESENTATION_CONTEXT ( 'NONE', 'WORKASPACE' ) );
#5065 = CARTESIAN_POINT ( 'NONE',  ( 5.430000000000000604, 0.5000000000000005551, 0.3499999999999999778 ) ) ;
#5066 = AXIS2_PLACEMENT_3D ( 'NONE', #1193, #4846, #736 ) ;
#5067 =( NAMED_UNIT ( * ) PLANE_ANGLE_UNIT ( ) SI_UNIT ( $, .RADIAN. ) );
#5068 = ORIENTED_EDGE ( 'NONE', *, *, #595, .T. ) ;
#5069 = MECHANICAL_DESIGN_GEOMETRIC_PRESENTATION_REPRESENTATION (  '', ( #4302 ), #677 ) ;
#5070 = FILL_AREA_STYLE_COLOUR ( '', #2331 ) ;
#5071 = ORIENTED_EDGE ( 'NONE', *, *, #4158, .F. ) ;
#5072 = CARTESIAN_POINT ( 'NONE',  ( -0.3500000000000000333, 8.000000000000000000, 0.3499999999999999778 ) ) ;
#5073 = LINE ( 'NONE', #2796, #868 ) ;
#5074 =( GEOMETRIC_REPRESENTATION_CONTEXT ( 3 ) GLOBAL_UNCERTAINTY_ASSIGNED_CONTEXT ( ( #609 ) ) GLOBAL_UNIT_ASSIGNED_CONTEXT ( ( #4088, #4122, #1013 ) ) REPRESENTATION_CONTEXT ( 'NONE', 'WORKASPACE' ) );
#5075 = ORIENTED_EDGE ( 'NONE', *, *, #4247, .F. ) ;
#5076 = UNCERTAINTY_MEASURE_WITH_UNIT (LENGTH_MEASURE( 1.000000000000000082E-05 ), #5139, 'distance_accuracy_value', 'NONE');
#5077 = DIRECTION ( 'NONE',  ( -1.000000000000000000, -1.084202172485504434E-16, 0.000000000000000000 ) ) ;
#5078 = UNCERTAINTY_MEASURE_WITH_UNIT (LENGTH_MEASURE( 1.000000000000000082E-05 ), #1642, 'distance_accuracy_value', 'NONE');
#5079 = CARTESIAN_POINT ( 'NONE',  ( 4.729999999999999538, 8.000000000000000000, -0.3499999999999999778 ) ) ;
#5080 = COLOUR_RGB ( '',0.8313725490196077761, 0.6705882352941175961, 0.1294117647058823373 ) ;
#5081 = ORIENTED_EDGE ( 'NONE', *, *, #5215, .F. ) ;
#5082 = LINE ( 'NONE', #1564, #1641 ) ;
#5083 = DIRECTION ( 'NONE',  ( 0.000000000000000000, -0.000000000000000000, 1.000000000000000000 ) ) ;
#5084 = PRESENTATION_LAYER_ASSIGNMENT (  '', '', ( #1758 ) ) ;
#5085 = CARTESIAN_POINT ( 'NONE',  ( 6.080000000000000071, 6.500000000000000888, -0.3500000000000010880 ) ) ;
#5086 = PLANE ( 'NONE',  #2226 ) ;
#5087 = DIRECTION ( 'NONE',  ( 0.000000000000000000, -1.000000000000000000, 1.668003342285391797E-16 ) ) ;
#5088 = ORIENTED_EDGE ( 'NONE', *, *, #1554, .T. ) ;
#5089 = EDGE_CURVE ( 'NONE', #1595, #3065, #2491, .T. ) ;
#5090 = VECTOR ( 'NONE', #329, 1000.000000000000000 ) ;
#5091 = ORIENTED_EDGE ( 'NONE', *, *, #5335, .T. ) ;
#5092 = FACE_OUTER_BOUND ( 'NONE', #2225, .T. ) ;
#5093 = CARTESIAN_POINT ( 'NONE',  ( 0.000000000000000000, 6.299999999999999822, 0.3499999999999999778 ) ) ;
#5094 = VECTOR ( 'NONE', #829, 1000.000000000000000 ) ;
#5095 = CARTESIAN_POINT ( 'NONE',  ( 3.240000000000000657, 0.5000000000000006661, 0.3499999999999999778 ) ) ;
#5096 = VERTEX_POINT ( 'NONE', #1115 ) ;
#5097 = EDGE_CURVE ( 'NONE', #888, #1341, #5220, .T. ) ;
#5098 = STYLED_ITEM ( 'NONE', ( #173 ), #3249 ) ;
#5099 = DIRECTION ( 'NONE',  ( 0.000000000000000000, 3.097720492815727166E-16, 1.000000000000000000 ) ) ;
#5100 = FILL_AREA_STYLE_COLOUR ( '', #4606 ) ;
#5101 = ORIENTED_EDGE ( 'NONE', *, *, #3298, .T. ) ;
#5102 = EDGE_CURVE ( 'NONE', #2157, #3286, #5308, .T. ) ;
#5103 = PRESENTATION_STYLE_ASSIGNMENT (( #1557 ) ) ;
#5104 = ADVANCED_FACE ( 'NONE', ( #3916 ), #3412, .T. ) ;
#5105 = CARTESIAN_POINT ( 'NONE',  ( -0.9240581407173188433, 4.443591676418677139, 0.3500000000000000333 ) ) ;
#5106 = ORIENTED_EDGE ( 'NONE', *, *, #4571, .F. ) ;
#5107 = FILL_AREA_STYLE_COLOUR ( '', #3636 ) ;
#5108 = CARTESIAN_POINT ( 'NONE',  ( -0.6867549326077613259, 0.5000000000000000000, -0.6500000000000013545 ) ) ;
#5109 = ORIENTED_EDGE ( 'NONE', *, *, #1652, .F. ) ;
#5110 = EDGE_CURVE ( 'NONE', #4024, #4179, #3860, .T. ) ;
#5111 = UNCERTAINTY_MEASURE_WITH_UNIT (LENGTH_MEASURE( 1.000000000000000082E-05 ), #519, 'distance_accuracy_value', 'NONE');
#5112 = CARTESIAN_POINT ( 'NONE',  ( -0.8491834779808464795, 5.324198710740767559, -0.3500000000000000333 ) ) ;
#5113 = DIRECTION ( 'NONE',  ( -0.000000000000000000, -1.000000000000000000, 1.668003342285392044E-16 ) ) ;
#5114 = LINE ( 'NONE', #1475, #3539 ) ;
#5115 = CARTESIAN_POINT ( 'NONE',  ( 0.3252558198818050750, 5.589454083063163381, 0.3499999999999999778 ) ) ;
#5116 = CARTESIAN_POINT ( 'NONE',  ( 1.752837746342908343, 5.777005459572334800, -0.3499999999999999223 ) ) ;
#5117 = EDGE_LOOP ( 'NONE', ( #2703, #4123, #4047, #5059 ) ) ;
#5118 = DIRECTION ( 'NONE',  ( 1.000000000000000000, 0.000000000000000000, 0.000000000000000000 ) ) ;
#5119 = EDGE_CURVE ( 'NONE', #5823, #1602, #1180, .T. ) ;
#5120 = EDGE_LOOP ( 'NONE', ( #2676, #2182, #3206, #3557 ) ) ;
#5121 = DIRECTION ( 'NONE',  ( 1.000000000000000000, 0.000000000000000000, 0.000000000000000000 ) ) ;
#5122 = CARTESIAN_POINT ( 'NONE',  ( -0.9999999999999996669, 6.299999999999999822, -0.3849999999999998979 ) ) ;
#5123 = CARTESIAN_POINT ( 'NONE',  ( 4.080000000000001847, 2.615493535618376164, 0.3500000000000000888 ) ) ;
#5124 = ORIENTED_EDGE ( 'NONE', *, *, #4392, .F. ) ;
#5125 =( LENGTH_UNIT ( ) NAMED_UNIT ( * ) SI_UNIT ( .MILLI., .METRE. ) );
#5126 = CARTESIAN_POINT ( 'NONE',  ( -0.4633568989079023814, 1.700000000000002620, 0.3499999999999999778 ) ) ;
#5127 = LINE ( 'NONE', #5222, #1081 ) ;
#5128 = ORIENTED_EDGE ( 'NONE', *, *, #1146, .T. ) ;
#5129 = CARTESIAN_POINT ( 'NONE',  ( 1.540000000000000480, 1.800000000000000488, 0.3499999999999999778 ) ) ;
#5130 = CARTESIAN_POINT ( 'NONE',  ( 3.417528552431158495, 5.050332720359886451, -0.3499999999999999223 ) ) ;
#5131 = DIRECTION ( 'NONE',  ( -0.000000000000000000, -1.000000000000000000, -0.000000000000000000 ) ) ;
#5132 = ORIENTED_EDGE ( 'NONE', *, *, #5419, .T. ) ;
#5133 = FACE_BOUND ( 'NONE', #2428, .T. ) ;
#5134 = ADVANCED_FACE ( 'NONE', ( #2608 ), #311, .F. ) ;
#5135 = DIRECTION ( 'NONE',  ( 1.000000000000000000, 0.000000000000000000, -7.744301232039316681E-17 ) ) ;
#5136 = VERTEX_POINT ( 'NONE', #4805 ) ;
#5137 = CARTESIAN_POINT ( 'NONE',  ( 5.080000000000000071, 0.5000000000000005551, -0.3499999999999999778 ) ) ;
#5138 = UNCERTAINTY_MEASURE_WITH_UNIT (LENGTH_MEASURE( 1.000000000000000082E-05 ), #1747, 'distance_accuracy_value', 'NONE');
#5139 =( LENGTH_UNIT ( ) NAMED_UNIT ( * ) SI_UNIT ( .MILLI., .METRE. ) );
#5140 = VECTOR ( 'NONE', #5131, 1000.000000000000000 ) ;
#5141 = VECTOR ( 'NONE', #359, 1000.000000000000000 ) ;
#5142 = DIRECTION ( 'NONE',  ( -0.000000000000000000, 0.000000000000000000, 1.000000000000000000 ) ) ;
#5143 = LINE ( 'NONE', #4691, #3456 ) ;
#5144 = VERTEX_POINT ( 'NONE', #5798 ) ;
#5145 = CIRCLE ( 'NONE', #3606, 0.1999999999999999833 ) ;
#5146 = CARTESIAN_POINT ( 'NONE',  ( 3.499999415201711983, 3.767448265748724712, 0.3499999999999999778 ) ) ;
#5147 = CARTESIAN_POINT ( 'NONE',  ( 1.606302744966793483, 4.293911919603389471, -0.3499999999999999778 ) ) ;
#5148 = B_SPLINE_CURVE_WITH_KNOTS ( 'NONE', 3,
 ( #1110, #992, #1986, #4216 ),
 .UNSPECIFIED., .F., .F.,
 ( 4, 4 ),
 ( 0.000000000000000000, 1.000000000000000000 ),
 .UNSPECIFIED. ) ;
#5149 = VECTOR ( 'NONE', #2902, 1000.000000000000000 ) ;
#5150 = PLANE ( 'NONE',  #5693 ) ;
#5151 = CARTESIAN_POINT ( 'NONE',  ( 1.540000000000000036, 6.500000000000000888, -0.3500000000000010880 ) ) ;
#5152 =( LENGTH_UNIT ( ) NAMED_UNIT ( * ) SI_UNIT ( .MILLI., .METRE. ) );
#5153 = ORIENTED_EDGE ( 'NONE', *, *, #3257, .F. ) ;
#5154 =( NAMED_UNIT ( * ) SI_UNIT ( $, .STERADIAN. ) SOLID_ANGLE_UNIT ( ) );
#5155 = SURFACE_STYLE_USAGE ( .BOTH. , #3325 ) ;
#5156 =( GEOMETRIC_REPRESENTATION_CONTEXT ( 3 ) GLOBAL_UNCERTAINTY_ASSIGNED_CONTEXT ( ( #2382 ) ) GLOBAL_UNIT_ASSIGNED_CONTEXT ( ( #1385, #927, #5511 ) ) REPRESENTATION_CONTEXT ( 'NONE', 'WORKASPACE' ) );
#5157 = SURFACE_STYLE_FILL_AREA ( #2406 ) ;
#5158 = UNCERTAINTY_MEASURE_WITH_UNIT (LENGTH_MEASURE( 1.000000000000000082E-05 ), #1809, 'distance_accuracy_value', 'NONE');
#5159 = MECHANICAL_DESIGN_GEOMETRIC_PRESENTATION_REPRESENTATION (  '', ( #5361 ), #293 ) ;
#5160 = EDGE_LOOP ( 'NONE', ( #2361, #3961, #2590, #3838 ) ) ;
#5161 = CARTESIAN_POINT ( 'NONE',  ( 4.729999999999999538, 8.000000000000000000, 0.3499999999999999778 ) ) ;
#5162 = CARTESIAN_POINT ( 'NONE',  ( 3.479979884374425403, 4.171275002134771093, -0.3499999999999999778 ) ) ;
#5163 = LINE ( 'NONE', #1649, #1040 ) ;
#5164 = SURFACE_STYLE_USAGE ( .BOTH. , #4054 ) ;
#5165 = CARTESIAN_POINT ( 'NONE',  ( 6.550000000000000711, 8.500000000000000000, 1.199999999999999956 ) ) ;
#5166 = VERTEX_POINT ( 'NONE', #3997 ) ;
#5167 = PRESENTATION_LAYER_ASSIGNMENT (  '', '', ( #3152 ) ) ;
#5168 = EDGE_CURVE ( 'NONE', #4898, #4580, #5027, .T. ) ;
#5169 = DIRECTION ( 'NONE',  ( -0.000000000000000000, -0.000000000000000000, -1.000000000000000000 ) ) ;
#5170 = CARTESIAN_POINT ( 'NONE',  ( 5.867162253657094872, 5.777005459572333912, 0.3500000000000000888 ) ) ;
#5171 = ORIENTED_EDGE ( 'NONE', *, *, #4362, .T. ) ;
#5172 = CARTESIAN_POINT ( 'NONE',  ( 2.865255819881805444, 5.589454083063163381, 0.3499999999999999778 ) ) ;
#5173 = CARTESIAN_POINT ( 'NONE',  ( 0.000000000000000000, 0.000000000000000000, 0.3499999999999999778 ) ) ;
#5174 = CARTESIAN_POINT ( 'NONE',  ( 4.080000000000000071, 1.800000000000000488, -0.3499999999999999778 ) ) ;
#5175 = CARTESIAN_POINT ( 'NONE',  ( 3.540000000000001368, 6.299999999999999822, -0.1283333333333334936 ) ) ;
#5176 = CARTESIAN_POINT ( 'NONE',  ( 5.130000000000000782, 8.026794919243110726, 0.04999999999999985706 ) ) ;
#5177 = ADVANCED_FACE ( 'NONE', ( #2311 ), #1876, .F. ) ;
#5178 = EDGE_CURVE ( 'NONE', #3309, #3740, #984, .T. ) ;
#5179 = LINE ( 'NONE', #2449, #4689 ) ;
#5180 = AXIS2_PLACEMENT_3D ( 'NONE', #374, #4102, #4 ) ;
#5181 = CARTESIAN_POINT ( 'NONE',  ( 5.432524015545779683, 5.732672356334978403, -0.3499999999999999778 ) ) ;
#5182 = EDGE_LOOP ( 'NONE', ( #1884, #757, #5581, #3356 ) ) ;
#5183 = ADVANCED_FACE ( 'NONE', ( #4170 ), #1729, .F. ) ;
#5184 = AXIS2_PLACEMENT_3D ( 'NONE', #44, #5490, #5573 ) ;
#5185 = CARTESIAN_POINT ( 'NONE',  ( 5.430000000000000604, 0.000000000000000000, 0.3499999999999999778 ) ) ;
#5186 = FILL_AREA_STYLE ('',( #1547 ) ) ;
#5187 = CARTESIAN_POINT ( 'NONE',  ( 4.393245067392238745, 8.000000000000000000, 0.6500000000000000222 ) ) ;
#5188 = VERTEX_POINT ( 'NONE', #5085 ) ;
#5189 = STYLED_ITEM ( 'NONE', ( #2886 ), #2781 ) ;
#5190 = CARTESIAN_POINT ( 'NONE',  ( 2.189999999999999947, 8.199999999999999289, -0.3499999999999999778 ) ) ;
#5191 = FILL_AREA_STYLE_COLOUR ( '', #5768 ) ;
#5192 = LINE ( 'NONE', #1088, #5193 ) ;
#5193 = VECTOR ( 'NONE', #516, 1000.000000000000000 ) ;
#5194 = ORIENTED_EDGE ( 'NONE', *, *, #4736, .T. ) ;
#5195 = FACE_OUTER_BOUND ( 'NONE', #5120, .T. ) ;
#5196 =( NAMED_UNIT ( * ) PLANE_ANGLE_UNIT ( ) SI_UNIT ( $, .RADIAN. ) );
#5197 = CARTESIAN_POINT ( 'NONE',  ( 4.580000000000001847, 6.299999999999999822, 0.3499999999999999778 ) ) ;
#5198 = CARTESIAN_POINT ( 'NONE',  ( 0.3500000000000009215, -2.800000000000001155, -0.3499999999999999778 ) ) ;
#5199 = CARTESIAN_POINT ( 'NONE',  ( 5.766754932607761397, 0.5000000000000002220, 0.6500000000000010214 ) ) ;
#5200 = ORIENTED_EDGE ( 'NONE', *, *, #3503, .T. ) ;
#5201 = LINE ( 'NONE', #2468, #794 ) ;
#5202 = ORIENTED_EDGE ( 'NONE', *, *, #1656, .T. ) ;
#5203 = LINE ( 'NONE', #3664, #1815 ) ;
#5204 = EDGE_CURVE ( 'NONE', #582, #1336, #4566, .T. ) ;
#5205 = LINE ( 'NONE', #2508, #5045 ) ;
#5206 = B_SPLINE_CURVE_WITH_KNOTS ( 'NONE', 3,
 ( #678, #3068, #733, #2174, #4347, #2557, #2943, #258, #4323, #2151, #3029, #1657, #2588, #4376, #5832, #2067, #1623, #294, #5315, #3952, #1740, #3928, #4783, #234, #1215, #3424, #4871, #766, #1710, #1306, #5441 ),
 .UNSPECIFIED., .F., .F.,
 ( 4, 1, 1, 1, 1, 1, 1, 2, 2, 1, 1, 1, 1, 2, 2, 1, 1, 1, 1, 1, 2, 2, 4 ),
 ( 0.000000000000000000, 0.06250000000000890954, 0.09375000000001364187, 0.1093750000000162093, 0.1171875000000174583, 0.1210937500000182077, 0.1230468750000185824, 0.1240234375000188044, 0.1250000000000190126, 0.1875000000000193456, 0.2187500000000197342, 0.2343750000000199563, 0.2421875000000200950, 0.2460937500000201783, 0.2500000000000202616, 0.3750000000000198730, 0.4375000000000199285, 0.4687500000000200395, 0.4843750000000203171, 0.4921875000000204836, 0.4960937500000203171, 0.5000000000000200950, 1.000000000000000000 ),
 .UNSPECIFIED. ) ;
#5207 = EDGE_CURVE ( 'NONE', #1803, #5096, #2748, .T. ) ;
#5208 = EDGE_CURVE ( 'NONE', #3859, #4750, #4971, .T. ) ;
#5209 = CARTESIAN_POINT ( 'NONE',  ( 4.730000000000001315, 0.5000000000000005551, 0.3499999999999999778 ) ) ;
#5210 = FILL_AREA_STYLE ('',( #4728 ) ) ;
#5211 = ORIENTED_EDGE ( 'NONE', *, *, #751, .F. ) ;
#5212 = ADVANCED_FACE ( 'NONE', ( #5699 ), #4329, .F. ) ;
#5213 = DIRECTION ( 'NONE',  ( -1.000000000000000000, 0.000000000000000000, 0.000000000000000000 ) ) ;
#5214 = ORIENTED_EDGE ( 'NONE', *, *, #903, .T. ) ;
#5215 = EDGE_CURVE ( 'NONE', #5823, #3887, #3874, .T. ) ;
#5216 = CARTESIAN_POINT ( 'NONE',  ( 0.7741471366726996317, 5.851685420754297873, -0.3499999999999998668 ) ) ;
#5217 = SURFACE_SIDE_STYLE ('',( #276 ) ) ;
#5218 = CARTESIAN_POINT ( 'NONE',  ( -0.5218457338839801452, 5.626229152235333153, 0.3499999999999999778 ) ) ;
#5219 = VERTEX_POINT ( 'NONE', #5270 ) ;
#5220 = LINE ( 'NONE', #755, #2938 ) ;
#5221 = DIRECTION ( 'NONE',  ( 0.000000000000000000, 0.000000000000000000, 1.000000000000000000 ) ) ;
#5222 = CARTESIAN_POINT ( 'NONE',  ( 6.549999999999999822, 0.000000000000000000, -0.6499999999999991340 ) ) ;
#5223 = EDGE_LOOP ( 'NONE', ( #5939, #5806, #5616, #5416 ) ) ;
#5224 = DIRECTION ( 'NONE',  ( -0.000000000000000000, -1.000000000000000000, 1.668003342285392044E-16 ) ) ;
#5225 = CARTESIAN_POINT ( 'NONE',  ( 2.040000000000001812, 6.299999999999999822, 0.3499999999999999778 ) ) ;
#5226 = CARTESIAN_POINT ( 'NONE',  ( -1.000000000000000000, 6.500000000000000888, -0.3500000000000010880 ) ) ;
#5227 = CARTESIAN_POINT ( 'NONE',  ( -0.8601643567029741977, 5.218128553112199697, 0.3499999999999999223 ) ) ;
#5228 = ORIENTED_EDGE ( 'NONE', *, *, #822, .F. ) ;
#5229 = CARTESIAN_POINT ( 'NONE',  ( 2.076643101092097154, 1.700000000000001288, -0.3500000000000000333 ) ) ;
#5230 = PLANE ( 'NONE',  #5681 ) ;
#5231 = ORIENTED_EDGE ( 'NONE', *, *, #2825, .T. ) ;
#5232 = SURFACE_STYLE_USAGE ( .BOTH. , #2505 ) ;
#5233 = CARTESIAN_POINT ( 'NONE',  ( -0.7875361083845766608, 5.774771377977408804, -0.3500000000000000888 ) ) ;
#5234 = DIRECTION ( 'NONE',  ( -0.000000000000000000, -1.000000000000000000, 1.668003342285391551E-16 ) ) ;
#5235 = CARTESIAN_POINT ( 'NONE',  ( 2.390000000000000568, -3.000000000000000000, -0.3499999999999999778 ) ) ;
#5236 = ORIENTED_EDGE ( 'NONE', *, *, #3230, .F. ) ;
#5237 = DIRECTION ( 'NONE',  ( 0.000000000000000000, 0.000000000000000000, -1.000000000000000000 ) ) ;
#5238 = DIRECTION ( 'NONE',  ( 0.000000000000000000, -0.000000000000000000, -1.000000000000000000 ) ) ;
#5239 =( GEOMETRIC_REPRESENTATION_CONTEXT ( 3 ) GLOBAL_UNCERTAINTY_ASSIGNED_CONTEXT ( ( #3277 ) ) GLOBAL_UNIT_ASSIGNED_CONTEXT ( ( #5829, #1275, #2617 ) ) REPRESENTATION_CONTEXT ( 'NONE', 'WORKASPACE' ) );
#5240 = EDGE_LOOP ( 'NONE', ( #4796, #148, #2815, #5558 ) ) ;
#5241 = EDGE_CURVE ( 'NONE', #2579, #2693, #2475, .T. ) ;
#5242 = VECTOR ( 'NONE', #28, 1000.000000000000000 ) ;
#5243 = CARTESIAN_POINT ( 'NONE',  ( 6.549999999999999822, 0.5000000000000000000, -0.6499999999999989120 ) ) ;
#5244 = DIRECTION ( 'NONE',  ( 1.000000000000000000, 8.673617379884030739E-15, 0.000000000000000000 ) ) ;
#5245 = CARTESIAN_POINT ( 'NONE',  ( 0.9348251832001492900, 4.263498050148225360, -0.3499999999999999223 ) ) ;
#5246 = DIRECTION ( 'NONE',  ( -0.000000000000000000, 1.668003342285391551E-16, 1.000000000000000000 ) ) ;
#5247 =( NAMED_UNIT ( * ) PLANE_ANGLE_UNIT ( ) SI_UNIT ( $, .RADIAN. ) );
#5248 = ORIENTED_EDGE ( 'NONE', *, *, #2761, .F. ) ;
#5249 = EDGE_CURVE ( 'NONE', #1395, #2157, #2986, .T. ) ;
#5250 = COLOUR_RGB ( '',0.8313725490196077761, 0.6705882352941175961, 0.1294117647058823373 ) ;
#5251 = VECTOR ( 'NONE', #672, 1000.000000000000000 ) ;
#5252 = DIRECTION ( 'NONE',  ( -0.7071067811865461294, -0.7071067811865490160, 0.000000000000000000 ) ) ;
#5253 = DIRECTION ( 'NONE',  ( 1.121588454295349533E-16, -1.000000000000000000, 0.000000000000000000 ) ) ;
#5254 = CARTESIAN_POINT ( 'NONE',  ( 5.766754932607761397, 6.500000000000000888, -0.3500000000000010880 ) ) ;
#5255 = ORIENTED_EDGE ( 'NONE', *, *, #5594, .F. ) ;
#5256 = DIRECTION ( 'NONE',  ( -0.5000000000000009992, -0.8660254037844380415, 0.000000000000000000 ) ) ;
#5257 =( LENGTH_UNIT ( ) NAMED_UNIT ( * ) SI_UNIT ( .MILLI., .METRE. ) );
#5258 = LINE ( 'NONE', #5344, #3448 ) ;
#5259 = EDGE_CURVE ( 'NONE', #2780, #343, #4790, .T. ) ;
#5260 = EDGE_LOOP ( 'NONE', ( #3105, #4527, #2751, #2348 ) ) ;
#5261 = MECHANICAL_DESIGN_GEOMETRIC_PRESENTATION_REPRESENTATION (  '', ( #2760 ), #5355 ) ;
#5262 = EDGE_CURVE ( 'NONE', #4061, #3382, #1537, .T. ) ;
#5263 = COLOUR_RGB ( '',0.8313725490196077761, 0.6705882352941175961, 0.1294117647058823373 ) ;
#5264 = CARTESIAN_POINT ( 'NONE',  ( 2.539999999999999147, 1.700000000000000178, -0.3499999999999999778 ) ) ;
#5265 = CARTESIAN_POINT ( 'NONE',  ( 5.780000000000001137, 0.5000000000000006661, -0.3499999999999999778 ) ) ;
#5266 = ORIENTED_EDGE ( 'NONE', *, *, #1873, .T. ) ;
#5267 = PLANE ( 'NONE',  #1428 ) ;
#5268 = DIRECTION ( 'NONE',  ( -0.000000000000000000, 1.668003342285391551E-16, 1.000000000000000000 ) ) ;
#5269 = MECHANICAL_DESIGN_GEOMETRIC_PRESENTATION_REPRESENTATION (  '', ( #2963 ), #87 ) ;
#5270 = CARTESIAN_POINT ( 'NONE',  ( -1.469999999999999973, 0.5000000000000000000, -0.6499999999999989120 ) ) ;
#5271 = SURFACE_SIDE_STYLE ('',( #652 ) ) ;
#5272 = CARTESIAN_POINT ( 'NONE',  ( -0.6454664785273052097, 3.877691542223590471, -0.3499999999999999778 ) ) ;
#5273 = VERTEX_POINT ( 'NONE', #3344 ) ;
#5274 = DIRECTION ( 'NONE',  ( 0.000000000000000000, 1.000000000000000000, -1.668003342285391797E-16 ) ) ;
#5275 = STYLED_ITEM ( 'NONE', ( #4255 ), #1405 ) ;
#5276 = DIRECTION ( 'NONE',  ( 0.000000000000000000, -1.000000000000000000, 0.000000000000000000 ) ) ;
#5277 = LINE ( 'NONE', #4245, #3527 ) ;
#5278 = UNCERTAINTY_MEASURE_WITH_UNIT (LENGTH_MEASURE( 1.000000000000000082E-05 ), #237, 'distance_accuracy_value', 'NONE');
#5279 = ORIENTED_EDGE ( 'NONE', *, *, #3431, .F. ) ;
#5280 = VECTOR ( 'NONE', #2441, 1000.000000000000000 ) ;
#5281 = PRESENTATION_STYLE_ASSIGNMENT (( #1149 ) ) ;
#5282 = VERTEX_POINT ( 'NONE', #5174 ) ;
#5283 = DIRECTION ( 'NONE',  ( -0.000000000000000000, 0.000000000000000000, 1.000000000000000000 ) ) ;
#5284 = FILL_AREA_STYLE ('',( #3866 ) ) ;
#5285 = EDGE_CURVE ( 'NONE', #440, #1872, #4299, .T. ) ;
#5286 = CARTESIAN_POINT ( 'NONE',  ( 1.000000000000000666, 1.121588454295350273E-16, 0.3499999999999999778 ) ) ;
#5287 = CARTESIAN_POINT ( 'NONE',  ( 6.080000000000000959, 1.800000000000000488, -0.1166666666666667518 ) ) ;
#5288 = CARTESIAN_POINT ( 'NONE',  ( 2.892524015545778759, 5.732672356334978403, 0.3499999999999999778 ) ) ;
#5289 = ORIENTED_EDGE ( 'NONE', *, *, #117, .F. ) ;
#5290 = STYLED_ITEM ( 'NONE', ( #239 ), #2304 ) ;
#5291 = CARTESIAN_POINT ( 'NONE',  ( 2.076643101092097154, 1.700000000000001288, 0.3500000000000000333 ) ) ;
#5292 = ADVANCED_FACE ( 'NONE', ( #623 ), #2446, .T. ) ;
#5293 = ORIENTED_EDGE ( 'NONE', *, *, #419, .F. ) ;
#5294 = FACE_OUTER_BOUND ( 'NONE', #845, .T. ) ;
#5295 = CARTESIAN_POINT ( 'NONE',  ( 5.430000000000000604, -2.800000000000001155, 0.3499999999999999778 ) ) ;
#5296 = COLOUR_RGB ( '',0.8313725490196077761, 0.6705882352941175961, 0.1294117647058823373 ) ;
#5297 = LINE ( 'NONE', #1194, #2288 ) ;
#5298 = DIRECTION ( 'NONE',  ( -0.000000000000000000, -1.000000000000000000, 1.668003342285392044E-16 ) ) ;
#5299 = CARTESIAN_POINT ( 'NONE',  ( 2.540000000000000036, 6.299999999999999822, -0.3499999999999999778 ) ) ;
#5300 = ADVANCED_FACE ( 'NONE', ( #2155 ), #2652, .T. ) ;
#5301 = LINE ( 'NONE', #836, #4203 ) ;
#5302 = CARTESIAN_POINT ( 'NONE',  ( -0.3252558198818047974, 5.589454083063166046, -0.3499999999999999778 ) ) ;
#5303 = DIRECTION ( 'NONE',  ( 1.000000000000000000, 0.000000000000000000, 0.000000000000000000 ) ) ;
#5304 = DIRECTION ( 'NONE',  ( 0.000000000000000000, 0.000000000000000000, 1.000000000000000000 ) ) ;
#5305 = SURFACE_STYLE_FILL_AREA ( #1549 ) ;
#5306 = DIRECTION ( 'NONE',  ( 1.000000000000000000, 0.000000000000000000, 0.000000000000000000 ) ) ;
#5307 = VERTEX_POINT ( 'NONE', #3457 ) ;
#5308 = LINE ( 'NONE', #2058, #3976 ) ;
#5309 = DIRECTION ( 'NONE',  ( -1.000000000000000000, -0.000000000000000000, -0.000000000000000000 ) ) ;
#5310 = ORIENTED_EDGE ( 'NONE', *, *, #4176, .T. ) ;
#5311 = DIRECTION ( 'NONE',  ( -1.000000000000000000, 0.000000000000000000, 0.000000000000000000 ) ) ;
#5312 = LINE ( 'NONE', #228, #580 ) ;
#5313 = UNCERTAINTY_MEASURE_WITH_UNIT (LENGTH_MEASURE( 1.000000000000000082E-05 ), #2314, 'distance_accuracy_value', 'NONE');
#5314 = ORIENTED_EDGE ( 'NONE', *, *, #1793, .T. ) ;
#5315 = CARTESIAN_POINT ( 'NONE',  ( 5.940164356702981152, 5.218128553112162393, -0.3499999999999999778 ) ) ;
#5316 = DIRECTION ( 'NONE',  ( -0.7071067811865461294, -0.7071067811865490160, 0.000000000000000000 ) ) ;
#5317 = VERTEX_POINT ( 'NONE', #3506 ) ;
#5318 = CARTESIAN_POINT ( 'NONE',  ( 2.018154266116020334, 5.626229152235333153, 0.000000000000000000 ) ) ;
#5319 =( NAMED_UNIT ( * ) PLANE_ANGLE_UNIT ( ) SI_UNIT ( $, .RADIAN. ) );
#5320 = EDGE_CURVE ( 'NONE', #3088, #4953, #5297, .T. ) ;
#5321 =( LENGTH_UNIT ( ) NAMED_UNIT ( * ) SI_UNIT ( .MILLI., .METRE. ) );
#5322 = ADVANCED_FACE ( 'NONE', ( #3980 ), #1592, .T. ) ;
#5323 = SURFACE_STYLE_USAGE ( .BOTH. , #2623 ) ;
#5324 = CARTESIAN_POINT ( 'NONE',  ( -0.3500000000000000333, 8.199999999999999289, -0.3499999999999999778 ) ) ;
#5325 = FACE_OUTER_BOUND ( 'NONE', #4512, .T. ) ;
#5326 = CARTESIAN_POINT ( 'NONE',  ( 4.616643101092098078, 1.700000000000000400, 0.3499999999999999778 ) ) ;
#5327 = EDGE_CURVE ( 'NONE', #5040, #5741, #5163, .T. ) ;
#5328 = ORIENTED_EDGE ( 'NONE', *, *, #2422, .F. ) ;
#5329 = CARTESIAN_POINT ( 'NONE',  ( 0.3500000000000008105, 0.5000000000000005551, 0.3499999999999999778 ) ) ;
#5330 = VECTOR ( 'NONE', #2987, 999.9999999999998863 ) ;
#5331 = SURFACE_STYLE_USAGE ( .BOTH. , #215 ) ;
#5332 = DIRECTION ( 'NONE',  ( 1.000000000000000000, 0.000000000000000000, 0.000000000000000000 ) ) ;
#5333 = DIRECTION ( 'NONE',  ( 1.121588454295349533E-16, -1.000000000000000000, 0.000000000000000000 ) ) ;
#5334 = ORIENTED_EDGE ( 'NONE', *, *, #498, .F. ) ;
#5335 = EDGE_CURVE ( 'NONE', #3135, #989, #753, .T. ) ;
#5336 = SURFACE_STYLE_USAGE ( .BOTH. , #219 ) ;
#5337 = AXIS2_PLACEMENT_3D ( 'NONE', #3265, #5682, #4279 ) ;
#5338 = SURFACE_STYLE_USAGE ( .BOTH. , #3918 ) ;
#5339 = VERTEX_POINT ( 'NONE', #613 ) ;
#5340 = CARTESIAN_POINT ( 'NONE',  ( 4.080000000000000071, 0.5000000000000000000, -0.3500000000000000888 ) ) ;
#5341 = FILL_AREA_STYLE_COLOUR ( '', #3519 ) ;
#5342 = CARTESIAN_POINT ( 'NONE',  ( 5.543356898907902064, 1.699999999999999289, -0.3499999999999999778 ) ) ;
#5343 = AXIS2_PLACEMENT_3D ( 'NONE', #4120, #3662, #4202 ) ;
#5344 = CARTESIAN_POINT ( 'NONE',  ( 0.6867549326077613259, 10.39117142264903570, 0.3499999999999983125 ) ) ;
#5345 = VECTOR ( 'NONE', #2494, 1000.000000000000000 ) ;
#5346 = SURFACE_SIDE_STYLE ('',( #2148 ) ) ;
#5347 = EDGE_LOOP ( 'NONE', ( #718, #744, #886, #4507 ) ) ;
#5348 = LINE ( 'NONE', #5721, #5862 ) ;
#5349 = PRESENTATION_LAYER_ASSIGNMENT (  '', '', ( #2007 ) ) ;
#5350 = LINE ( 'NONE', #1711, #3181 ) ;
#5351 = ORIENTED_EDGE ( 'NONE', *, *, #4607, .T. ) ;
#5352 = LINE ( 'NONE', #2092, #3779 ) ;
#5353 = CARTESIAN_POINT ( 'NONE',  ( 2.187475984454220423, 5.732672356334980179, -0.3499999999999999778 ) ) ;
#5354 = ADVANCED_FACE ( 'NONE', ( #2496 ), #1092, .T. ) ;
#5355 =( GEOMETRIC_REPRESENTATION_CONTEXT ( 3 ) GLOBAL_UNCERTAINTY_ASSIGNED_CONTEXT ( ( #2862 ) ) GLOBAL_UNIT_ASSIGNED_CONTEXT ( ( #1760, #4943, #3052 ) ) REPRESENTATION_CONTEXT ( 'NONE', 'WORKASPACE' ) );
#5356 = VECTOR ( 'NONE', #4444, 1000.000000000000000 ) ;
#5357 =( NAMED_UNIT ( * ) PLANE_ANGLE_UNIT ( ) SI_UNIT ( $, .RADIAN. ) );
#5358 = ORIENTED_EDGE ( 'NONE', *, *, #2838, .T. ) ;
#5359 = VECTOR ( 'NONE', #5457, 1000.000000000000000 ) ;
#5360 = LINE ( 'NONE', #3750, #471 ) ;
#5361 = STYLED_ITEM ( 'NONE', ( #1502 ), #262 ) ;
#5362 = CARTESIAN_POINT ( 'NONE',  ( 4.480000000000001315, 6.299999999999999822, 0.1166666666666665853 ) ) ;
#5363 = SURFACE_STYLE_USAGE ( .BOTH. , #2658 ) ;
#5364 = ORIENTED_EDGE ( 'NONE', *, *, #999, .F. ) ;
#5365 = VECTOR ( 'NONE', #3095, 1000.000000000000000 ) ;
#5366 = SURFACE_STYLE_FILL_AREA ( #3889 ) ;
#5367 = EDGE_CURVE ( 'NONE', #2546, #634, #3867, .T. ) ;
#5368 = ADVANCED_FACE ( 'NONE', ( #4744 ), #4286, .F. ) ;
#5369 = FACE_BOUND ( 'NONE', #2729, .T. ) ;
#5370 = DIRECTION ( 'NONE',  ( -0.000000000000000000, -0.000000000000000000, 1.000000000000000000 ) ) ;
#5371 = FACE_OUTER_BOUND ( 'NONE', #2688, .T. ) ;
#5372 = EDGE_CURVE ( 'NONE', #2075, #3470, #729, .T. ) ;
#5373 = ORIENTED_EDGE ( 'NONE', *, *, #2254, .T. ) ;
#5374 = DIRECTION ( 'NONE',  ( 0.000000000000000000, 1.668003342285388099E-16, 1.000000000000000000 ) ) ;
#5375 = CIRCLE ( 'NONE', #5854, 0.1999999999999996503 ) ;
#5376 = ORIENTED_EDGE ( 'NONE', *, *, #365, .F. ) ;
#5377 = CARTESIAN_POINT ( 'NONE',  ( 1.000000000000000444, 6.299999999999999822, -0.3850000000000000089 ) ) ;
#5378 = DIRECTION ( 'NONE',  ( -1.000000000000000000, 0.000000000000000000, 0.000000000000000000 ) ) ;
#5379 = CARTESIAN_POINT ( 'NONE',  ( 6.549999999999999822, 0.5000000000000000000, -0.6499999999999989120 ) ) ;
#5380 = EDGE_LOOP ( 'NONE', ( #941, #1552, #5486, #5707, #1245, #1359, #4104, #1973 ) ) ;
#5381 = COLOUR_RGB ( '',0.8313725490196077761, 0.6705882352941175961, 0.1294117647058823373 ) ;
#5382 = SURFACE_STYLE_USAGE ( .BOTH. , #5346 ) ;
#5383 = ORIENTED_EDGE ( 'NONE', *, *, #4511, .T. ) ;
#5384 = CARTESIAN_POINT ( 'NONE',  ( 1.000000000000000666, 1.121588454295350273E-16, 0.3499999999999999778 ) ) ;
#5385 = FILL_AREA_STYLE ('',( #1690 ) ) ;
#5386 = PRESENTATION_LAYER_ASSIGNMENT (  '', '', ( #4599 ) ) ;
#5387 = ORIENTED_EDGE ( 'NONE', *, *, #3585, .T. ) ;
#5388 = SURFACE_STYLE_FILL_AREA ( #3932 ) ;
#5389 = DIRECTION ( 'NONE',  ( -1.000000000000000000, -0.000000000000000000, -0.000000000000000000 ) ) ;
#5390 = DIRECTION ( 'NONE',  ( -0.000000000000000000, -1.000000000000000000, 1.668003342285392044E-16 ) ) ;
#5391 = PLANE ( 'NONE',  #3543 ) ;
#5392 = VERTEX_POINT ( 'NONE', #5225 ) ;
#5393 = STYLED_ITEM ( 'NONE', ( #3588 ), #2895 ) ;
#5394 = CARTESIAN_POINT ( 'NONE',  ( 2.190000000000000835, 0.5000000000000005551, 0.3499999999999999778 ) ) ;
#5395 = SURFACE_STYLE_FILL_AREA ( #267 ) ;
#5396 = ORIENTED_EDGE ( 'NONE', *, *, #5850, .F. ) ;
#5397 = COLOUR_RGB ( '',0.8313725490196077761, 0.6705882352941175961, 0.1294117647058823373 ) ;
#5398 = ADVANCED_FACE ( 'NONE', ( #1619 ), #1157, .T. ) ;
#5399 = CARTESIAN_POINT ( 'NONE',  ( 0.5218457338839795900, 5.626229152235330488, -0.3499999999999999778 ) ) ;
#5400 = EDGE_CURVE ( 'NONE', #1341, #278, #3921, .T. ) ;
#5401 = DIRECTION ( 'NONE',  ( -0.6546536707079769757, -0.3779644730092281413, -0.6546536707079769757 ) ) ;
#5402 = CARTESIAN_POINT ( 'NONE',  ( 0.8612299008938453238, 5.207834124282260113, 0.3499999999999999778 ) ) ;
#5403 = ORIENTED_EDGE ( 'NONE', *, *, #5916, .T. ) ;
#5404 = EDGE_CURVE ( 'NONE', #2625, #5499, #5779, .T. ) ;
#5405 = DIRECTION ( 'NONE',  ( 1.000000000000000000, 0.000000000000000000, 0.000000000000000000 ) ) ;
#5406 = EDGE_CURVE ( 'NONE', #5339, #440, #5804, .T. ) ;
#5407 = CARTESIAN_POINT ( 'NONE',  ( -1.469999999999999973, 0.000000000000000000, 1.199999999999999956 ) ) ;
#5408 = ORIENTED_EDGE ( 'NONE', *, *, #5714, .F. ) ;
#5409 = LINE ( 'NONE', #2285, #69 ) ;
#5410 = CARTESIAN_POINT ( 'NONE',  ( 3.039999999999998259, 6.299999999999999822, -0.3499999999999999778 ) ) ;
#5411 = ORIENTED_EDGE ( 'NONE', *, *, #5838, .T. ) ;
#5412 = EDGE_CURVE ( 'NONE', #2294, #5852, #4797, .T. ) ;
#5413 = ORIENTED_EDGE ( 'NONE', *, *, #1487, .F. ) ;
#5414 = DIRECTION ( 'NONE',  ( -1.000000000000000000, -0.000000000000000000, -0.000000000000000000 ) ) ;
#5415 =( NAMED_UNIT ( * ) SI_UNIT ( $, .STERADIAN. ) SOLID_ANGLE_UNIT ( ) );
#5416 = ORIENTED_EDGE ( 'NONE', *, *, #1531, .F. ) ;
#5417 = FILL_AREA_STYLE_COLOUR ( '', #2659 ) ;
#5418 = DIRECTION ( 'NONE',  ( 1.000000000000000000, 0.000000000000000000, 0.000000000000000000 ) ) ;
#5419 = EDGE_CURVE ( 'NONE', #5011, #3603, #2143, .T. ) ;
#5420 = CARTESIAN_POINT ( 'NONE',  ( 1.853245067392238710, 8.000000000000000000, -0.6500000000000030198 ) ) ;
#5421 = CARTESIAN_POINT ( 'NONE',  ( 4.393245067392238745, 8.000000000000000000, 0.6500000000000000222 ) ) ;
#5422 = VERTEX_POINT ( 'NONE', #1273 ) ;
#5423 = FACE_OUTER_BOUND ( 'NONE', #5651, .T. ) ;
#5424 = CARTESIAN_POINT ( 'NONE',  ( 5.430000000000000604, 0.5000000000000005551, 0.3499999999999999778 ) ) ;
#5425 = LINE ( 'NONE', #5901, #3805 ) ;
#5426 = ORIENTED_EDGE ( 'NONE', *, *, #5786, .F. ) ;
#5427 = PLANE ( 'NONE',  #694 ) ;
#5428 = LINE ( 'NONE', #1849, #3978 ) ;
#5429 = CARTESIAN_POINT ( 'NONE',  ( 5.780000000000001137, 0.5000000000000006661, 0.3499999999999999778 ) ) ;
#5430 = ORIENTED_EDGE ( 'NONE', *, *, #272, .F. ) ;
#5431 = AXIS2_PLACEMENT_3D ( 'NONE', #3810, #1567, #4441 ) ;
#5432 = CARTESIAN_POINT ( 'NONE',  ( 1.575000000000001066, -1.575000000000001066, 0.3499999999999999778 ) ) ;
#5433 = VERTEX_POINT ( 'NONE', #4405 ) ;
#5434 = DIRECTION ( 'NONE',  ( 1.000000000000000000, -0.000000000000000000, 0.000000000000000000 ) ) ;
#5435 = DIRECTION ( 'NONE',  ( 1.000000000000000000, 0.000000000000000000, 0.000000000000000000 ) ) ;
#5436 = CARTESIAN_POINT ( 'NONE',  ( 5.080000000000000071, 1.700000000000000178, -0.3499999999999999778 ) ) ;
#5437 = ORIENTED_EDGE ( 'NONE', *, *, #1441, .T. ) ;
#5438 = COLOUR_RGB ( '',0.8313725490196077761, 0.6705882352941175961, 0.1294117647058823373 ) ;
#5439 = LINE ( 'NONE', #1303, #3594 ) ;
#5440 = ORIENTED_EDGE ( 'NONE', *, *, #4126, .T. ) ;
#5441 = CARTESIAN_POINT ( 'NONE',  ( 6.080000000000000071, 1.800000000000000488, -0.3499999999999999778 ) ) ;
#5442 =( LENGTH_UNIT ( ) NAMED_UNIT ( * ) SI_UNIT ( .MILLI., .METRE. ) );
#5443 = EDGE_LOOP ( 'NONE', ( #4619, #3898, #5942, #3848 ) ) ;
#5444 = MECHANICAL_DESIGN_GEOMETRIC_PRESENTATION_REPRESENTATION (  '', ( #1432 ), #3133 ) ;
#5445 = DIRECTION ( 'NONE',  ( -1.000000000000000000, -0.000000000000000000, -0.000000000000000000 ) ) ;
#5446 = AXIS2_PLACEMENT_3D ( 'NONE', #5725, #1071, #5514 ) ;
#5447 = CARTESIAN_POINT ( 'NONE',  ( -0.5218457338839801452, 5.626229152235333153, -0.3499999999999999778 ) ) ;
#5448 = ADVANCED_FACE ( 'NONE', ( #1708 ), #4897, .F. ) ;
#5449 = VECTOR ( 'NONE', #2367, 1000.000000000000000 ) ;
#5450 = STYLED_ITEM ( 'NONE', ( #5103 ), #4091 ) ;
#5451 = CARTESIAN_POINT ( 'NONE',  ( 4.729999999999999538, 8.199999999999999289, 0.3499999999999999778 ) ) ;
#5452 = DIRECTION ( 'NONE',  ( 0.000000000000000000, 0.000000000000000000, 1.000000000000000000 ) ) ;
#5453 = EDGE_LOOP ( 'NONE', ( #3589, #399, #218, #5547 ) ) ;
#5454 =( NAMED_UNIT ( * ) PLANE_ANGLE_UNIT ( ) SI_UNIT ( $, .RADIAN. ) );
#5455 = COLOUR_RGB ( '',0.8313725490196077761, 0.6705882352941175961, 0.1294117647058823373 ) ;
#5456 = DIRECTION ( 'NONE',  ( -0.000000000000000000, -1.000000000000000000, 1.668003342285391551E-16 ) ) ;
#5457 = DIRECTION ( 'NONE',  ( 1.000000000000000000, 0.000000000000000000, -7.744301232039316681E-17 ) ) ;
#5458 = ORIENTED_EDGE ( 'NONE', *, *, #4023, .F. ) ;
#5459 =( GEOMETRIC_REPRESENTATION_CONTEXT ( 3 ) GLOBAL_UNCERTAINTY_ASSIGNED_CONTEXT ( ( #5076 ) ) GLOBAL_UNIT_ASSIGNED_CONTEXT ( ( #5139, #647, #2473 ) ) REPRESENTATION_CONTEXT ( 'NONE', 'WORKASPACE' ) );
#5460 = FILL_AREA_STYLE ('',( #503 ) ) ;
#5461 =( GEOMETRIC_REPRESENTATION_CONTEXT ( 3 ) GLOBAL_UNCERTAINTY_ASSIGNED_CONTEXT ( ( #5278 ) ) GLOBAL_UNIT_ASSIGNED_CONTEXT ( ( #237, #5319, #2071 ) ) REPRESENTATION_CONTEXT ( 'NONE', 'WORKASPACE' ) );
#5462 = LINE ( 'NONE', #562, #685 ) ;
#5463 = PLANE ( 'NONE',  #956 ) ;
#5464 = VERTEX_POINT ( 'NONE', #5095 ) ;
#5465 = AXIS2_PLACEMENT_3D ( 'NONE', #4523, #3554, #5435 ) ;
#5466 = CARTESIAN_POINT ( 'NONE',  ( -0.4481930454221424998, 5.884855341312110077, 0.3499999999999999223 ) ) ;
#5467 = EDGE_CURVE ( 'NONE', #2993, #5063, #5899, .T. ) ;
#5468 = VECTOR ( 'NONE', #4173, 1000.000000000000000 ) ;
#5469 = ORIENTED_EDGE ( 'NONE', *, *, #3686, .F. ) ;
#5470 = CARTESIAN_POINT ( 'NONE',  ( -1.000000000000000000, 0.5000000000000002220, 0.3499999999999998668 ) ) ;
#5471 = LINE ( 'NONE', #1767, #3060 ) ;
#5472 = CARTESIAN_POINT ( 'NONE',  ( 4.294859749080236710, 5.788964205960196452, 0.3499999999999999778 ) ) ;
#5473 = ORIENTED_EDGE ( 'NONE', *, *, #1136, .T. ) ;
#5474 = LINE ( 'NONE', #5016, #4654 ) ;
#5475 = ORIENTED_EDGE ( 'NONE', *, *, #5400, .F. ) ;
#5476 = CIRCLE ( 'NONE', #1458, 0.2999999999999999334 ) ;
#5477 = CARTESIAN_POINT ( 'NONE',  ( 0.4481930454221421667, 5.884855341312110077, -0.3499999999999999778 ) ) ;
#5478 = ORIENTED_EDGE ( 'NONE', *, *, #5546, .F. ) ;
#5479 = SURFACE_SIDE_STYLE ('',( #2794 ) ) ;
#5480 = CARTESIAN_POINT ( 'NONE',  ( 6.080000000000000959, 1.121588454295350273E-16, 0.3499999999999999778 ) ) ;
#5481 = MECHANICAL_DESIGN_GEOMETRIC_PRESENTATION_REPRESENTATION (  '', ( #3923 ), #5574 ) ;
#5482 = EDGE_CURVE ( 'NONE', #3155, #3427, #3178, .T. ) ;
#5483 = VECTOR ( 'NONE', #4969, 1000.000000000000114 ) ;
#5484 = DIRECTION ( 'NONE',  ( 0.000000000000000000, -3.097720492815727166E-16, -1.000000000000000000 ) ) ;
#5485 = FACE_OUTER_BOUND ( 'NONE', #1722, .T. ) ;
#5486 = ORIENTED_EDGE ( 'NONE', *, *, #3401, .T. ) ;
#5487 = ADVANCED_FACE ( 'NONE', ( #4631 ), #911, .T. ) ;
#5488 = FILL_AREA_STYLE_COLOUR ( '', #1065 ) ;
#5489 = VECTOR ( 'NONE', #1926, 1000.000000000000000 ) ;
#5490 = DIRECTION ( 'NONE',  ( 1.084202172485504434E-16, -1.000000000000000000, 0.000000000000000000 ) ) ;
#5491 = VECTOR ( 'NONE', #347, 1000.000000000000000 ) ;
#5492 = DIRECTION ( 'NONE',  ( 0.000000000000000000, 0.000000000000000000, -1.000000000000000000 ) ) ;
#5493 = ORIENTED_EDGE ( 'NONE', *, *, #3956, .T. ) ;
#5494 = CARTESIAN_POINT ( 'NONE',  ( 4.290396961982261281, 5.762359718947903886, -0.3499999999999999778 ) ) ;
#5495 = EDGE_LOOP ( 'NONE', ( #4768, #4019, #416, #1988, #1636, #3891, #1234, #838, #373, #4289, #5334, #1843, #2200, #4525, #4914, #4380, #616, #4306, #3101, #3704, #2060 ) ) ;
#5496 = CARTESIAN_POINT ( 'NONE',  ( 0.1500000000000021316, -3.000000000000000000, 0.3499999999999999778 ) ) ;
#5497 = CARTESIAN_POINT ( 'NONE',  ( 2.540000000000000036, 6.500000000000000888, -1.155688030012021264E-15 ) ) ;
#5498 = CARTESIAN_POINT ( 'NONE',  ( 4.136432165885828738, 4.104507585657485080, 0.3499999999999999223 ) ) ;
#5499 = VERTEX_POINT ( 'NONE', #3783 ) ;
#5500 = CARTESIAN_POINT ( 'NONE',  ( -0.6867549326077613259, 10.39117142264903570, 0.6499999999999995781 ) ) ;
#5501 = EDGE_LOOP ( 'NONE', ( #2153, #4131, #3191, #468 ) ) ;
#5502 = CARTESIAN_POINT ( 'NONE',  ( 5.528193045422142404, 5.884855341312109189, -0.3500000000000000333 ) ) ;
#5503 =( LENGTH_UNIT ( ) NAMED_UNIT ( * ) SI_UNIT ( .MILLI., .METRE. ) );
#5504 = ORIENTED_EDGE ( 'NONE', *, *, #2263, .T. ) ;
#5505 = CARTESIAN_POINT ( 'NONE',  ( 2.187475984454220423, 5.732672356334980179, 0.3499999999999999778 ) ) ;
#5506 = CARTESIAN_POINT ( 'NONE',  ( 3.521660679612406586, 3.374693912578978772, -0.3499999999999999223 ) ) ;
#5507 = CARTESIAN_POINT ( 'NONE',  ( 4.080000000000000959, 0.8000000000000004885, 0.3499999999999999778 ) ) ;
#5508 = FACE_OUTER_BOUND ( 'NONE', #879, .T. ) ;
#5509 = ORIENTED_EDGE ( 'NONE', *, *, #4853, .F. ) ;
#5510 = EDGE_CURVE ( 'NONE', #520, #1276, #3329, .T. ) ;
#5511 =( NAMED_UNIT ( * ) SI_UNIT ( $, .STERADIAN. ) SOLID_ANGLE_UNIT ( ) );
#5512 = CARTESIAN_POINT ( 'NONE',  ( 6.550000000000000711, 0.000000000000000000, 1.199999999999999956 ) ) ;
#5513 = CARTESIAN_POINT ( 'NONE',  ( 2.214744180118195516, 5.589454083063166046, 0.3499999999999999778 ) ) ;
#5514 = DIRECTION ( 'NONE',  ( 1.000000000000000000, 0.000000000000000000, 0.000000000000000000 ) ) ;
#5515 = ADVANCED_FACE ( 'NONE', ( #2056 ), #1551, .F. ) ;
#5516 = LINE ( 'NONE', #5115, #1057 ) ;
#5517 = ORIENTED_EDGE ( 'NONE', *, *, #4543, .F. ) ;
#5518 = ADVANCED_FACE ( 'NONE', ( #3753 ), #5611, .T. ) ;
#5519 = EDGE_LOOP ( 'NONE', ( #1859, #2324, #3646, #4403 ) ) ;
#5520 = CARTESIAN_POINT ( 'NONE',  ( 1.684309810834100363, 5.260692584315934006, 0.3499999999999999223 ) ) ;
#5521 = CARTESIAN_POINT ( 'NONE',  ( 1.853245067392238710, 8.000000000000000000, -0.6500000000000025757 ) ) ;
#5522 = CARTESIAN_POINT ( 'NONE',  ( 4.202471447568718155, 5.050332720358729155, 0.3500000000000000888 ) ) ;
#5523 = VERTEX_POINT ( 'NONE', #5187 ) ;
#5524 = LINE ( 'NONE', #5888, #3128 ) ;
#5525 = FACE_OUTER_BOUND ( 'NONE', #4197, .T. ) ;
#5526 = VERTEX_POINT ( 'NONE', #1582 ) ;
#5527 = CARTESIAN_POINT ( 'NONE',  ( 3.540000000000000036, 0.5000000000000000000, -0.3500000000000000888 ) ) ;
#5528 = COLOUR_RGB ( '',0.8313725490196077761, 0.6705882352941175961, 0.1294117647058823373 ) ;
#5529 = DIRECTION ( 'NONE',  ( 0.000000000000000000, 0.000000000000000000, 1.000000000000000000 ) ) ;
#5530 = CIRCLE ( 'NONE', #5446, 0.2000000000000000944 ) ;
#5531 = PLANE ( 'NONE',  #3641 ) ;
#5532 = VERTEX_POINT ( 'NONE', #4275 ) ;
#5533 = DIRECTION ( 'NONE',  ( -1.000000000000000000, -1.084202172485504434E-16, 0.000000000000000000 ) ) ;
#5534 = ADVANCED_FACE ( 'NONE', ( #2427 ), #4767, .T. ) ;
#5535 = PLANE ( 'NONE',  #4788 ) ;
#5536 = VECTOR ( 'NONE', #1239, 1000.000000000000000 ) ;
#5537 = UNCERTAINTY_MEASURE_WITH_UNIT (LENGTH_MEASURE( 1.000000000000000082E-05 ), #1940, 'distance_accuracy_value', 'NONE');
#5538 = CARTESIAN_POINT ( 'NONE',  ( -0.9488971023511124647, 4.001162287970069897, -0.3499999999999999778 ) ) ;
#5539 = STYLED_ITEM ( 'NONE', ( #4548 ), #5487 ) ;
#5540 = ADVANCED_FACE ( 'NONE', ( #3858 ), #1143, .F. ) ;
#5541 = LINE ( 'NONE', #2916, #2561 ) ;
#5542 = LINE ( 'NONE', #3170, #574 ) ;
#5543 = DIRECTION ( 'NONE',  ( 1.084202172485504434E-16, -1.000000000000000000, 0.000000000000000000 ) ) ;
#5544 = ORIENTED_EDGE ( 'NONE', *, *, #1929, .F. ) ;
#5545 = VECTOR ( 'NONE', #5635, 1000.000000000000000 ) ;
#5546 = EDGE_CURVE ( 'NONE', #2804, #2829, #3487, .T. ) ;
#5547 = ORIENTED_EDGE ( 'NONE', *, *, #5775, .F. ) ;
#5548 = PRESENTATION_LAYER_ASSIGNMENT (  '', '', ( #1049 ) ) ;
#5549 = ADVANCED_FACE ( 'NONE', ( #5796 ), #3112, .F. ) ;
#5550 = AXIS2_PLACEMENT_3D ( 'NONE', #5868, #4907, #4108 ) ;
#5551 = CARTESIAN_POINT ( 'NONE',  ( 4.318779213129838368, 5.920464898423918321, 0.3499999999999999778 ) ) ;
#5552 = ORIENTED_EDGE ( 'NONE', *, *, #1650, .F. ) ;
#5553 = LINE ( 'NONE', #5588, #161 ) ;
#5554 = EDGE_CURVE ( 'NONE', #3115, #5188, #1295, .T. ) ;
#5555 = COLOUR_RGB ( '',0.8313725490196077761, 0.6705882352941175961, 0.1294117647058823373 ) ;
#5556 =( LENGTH_UNIT ( ) NAMED_UNIT ( * ) SI_UNIT ( .MILLI., .METRE. ) );
#5557 = DIRECTION ( 'NONE',  ( 0.000000000000000000, 0.000000000000000000, -1.000000000000000000 ) ) ;
#5558 = ORIENTED_EDGE ( 'NONE', *, *, #1905, .F. ) ;
#5559 = DIRECTION ( 'NONE',  ( 0.000000000000000000, -1.668003342285391551E-16, -1.000000000000000000 ) ) ;
#5560 = AXIS2_PLACEMENT_3D ( 'NONE', #5093, #4605, #4181 ) ;
#5561 = CARTESIAN_POINT ( 'NONE',  ( -0.7805695519715506459, 5.815522798723463893, 0.3499999999999999778 ) ) ;
#5562 = ORIENTED_EDGE ( 'NONE', *, *, #1565, .F. ) ;
#5563 = LINE ( 'NONE', #522, #5280 ) ;
#5564 = UNCERTAINTY_MEASURE_WITH_UNIT (LENGTH_MEASURE( 1.000000000000000082E-05 ), #2425, 'distance_accuracy_value', 'NONE');
#5565 = PLANE ( 'NONE',  #5579 ) ;
#5566 = PRESENTATION_LAYER_ASSIGNMENT (  '', '', ( #5275 ) ) ;
#5567 = ORIENTED_EDGE ( 'NONE', *, *, #934, .F. ) ;
#5568 = CARTESIAN_POINT ( 'NONE',  ( 3.540000000000000480, 1.800000000000000488, -0.3499999999999999778 ) ) ;
#5569 = UNCERTAINTY_MEASURE_WITH_UNIT (LENGTH_MEASURE( 1.000000000000000082E-05 ), #806, 'distance_accuracy_value', 'NONE');
#5570 = DIRECTION ( 'NONE',  ( -1.000000000000000000, -1.084202172485504434E-16, 0.000000000000000000 ) ) ;
#5571 = VECTOR ( 'NONE', #5597, 1000.000000000000000 ) ;
#5572 = CARTESIAN_POINT ( 'NONE',  ( -0.8678348867008387479, 5.142569796484065314, -0.3499999999999999223 ) ) ;
#5573 = DIRECTION ( 'NONE',  ( 1.000000000000000000, 1.084202172485504434E-16, 0.000000000000000000 ) ) ;
#5574 =( GEOMETRIC_REPRESENTATION_CONTEXT ( 3 ) GLOBAL_UNCERTAINTY_ASSIGNED_CONTEXT ( ( #698 ) ) GLOBAL_UNIT_ASSIGNED_CONTEXT ( ( #5556, #3732, #1489 ) ) REPRESENTATION_CONTEXT ( 'NONE', 'WORKASPACE' ) );
#5575 = CARTESIAN_POINT ( 'NONE',  ( 1.853245067392238710, 10.39117142264903570, -0.3500000000000017542 ) ) ;
#5576 = CARTESIAN_POINT ( 'NONE',  ( 1.566953799075549103, 3.450480068928325927, -0.3500000000000000333 ) ) ;
#5577 = ORIENTED_EDGE ( 'NONE', *, *, #1418, .T. ) ;
#5578 = EDGE_CURVE ( 'NONE', #3938, #2904, #3467, .T. ) ;
#5579 = AXIS2_PLACEMENT_3D ( 'NONE', #3837, #2036, #128 ) ;
#5580 =( NAMED_UNIT ( * ) SI_UNIT ( $, .STERADIAN. ) SOLID_ANGLE_UNIT ( ) );
#5581 = ORIENTED_EDGE ( 'NONE', *, *, #1261, .F. ) ;
#5582 = CARTESIAN_POINT ( 'NONE',  ( 4.729999999999999538, 8.199999999999999289, 0.3499999999999999778 ) ) ;
#5583 = CARTESIAN_POINT ( 'NONE',  ( -0.9999999999999996669, 6.299999999999999822, 0.1283333333333336046 ) ) ;
#5584 =( GEOMETRIC_REPRESENTATION_CONTEXT ( 3 ) GLOBAL_UNCERTAINTY_ASSIGNED_CONTEXT ( ( #2554 ) ) GLOBAL_UNIT_ASSIGNED_CONTEXT ( ( #4379, #2089, #4817 ) ) REPRESENTATION_CONTEXT ( 'NONE', 'WORKASPACE' ) );
#5585 = CARTESIAN_POINT ( 'NONE',  ( 4.080000000000000071, 1.800000000000000488, 0.3499999999999999778 ) ) ;
#5586 = ORIENTED_EDGE ( 'NONE', *, *, #153, .F. ) ;
#5587 = EDGE_CURVE ( 'NONE', #1678, #969, #4887, .T. ) ;
#5588 = CARTESIAN_POINT ( 'NONE',  ( 5.080000000000000071, 0.5000000000000005551, -0.3499999999999999778 ) ) ;
#5589 = EDGE_CURVE ( 'NONE', #3423, #257, #3942, .T. ) ;
#5590 = FACE_OUTER_BOUND ( 'NONE', #4845, .T. ) ;
#5591 = CARTESIAN_POINT ( 'NONE',  ( 1.840000000000000524, 0.8000000000000004885, 0.3499999999999999778 ) ) ;
#5592 = ORIENTED_EDGE ( 'NONE', *, *, #4351, .F. ) ;
#5593 =( NAMED_UNIT ( * ) SI_UNIT ( $, .STERADIAN. ) SOLID_ANGLE_UNIT ( ) );
#5594 = EDGE_CURVE ( 'NONE', #224, #3954, #2545, .T. ) ;
#5595 = CARTESIAN_POINT ( 'NONE',  ( -0.9816606796124067724, 3.374693912574938892, 0.3499999999999999778 ) ) ;
#5596 = EDGE_LOOP ( 'NONE', ( #62, #5679, #791, #2137 ) ) ;
#5597 = DIRECTION ( 'NONE',  ( -0.000000000000000000, 1.000000000000000000, -0.000000000000000000 ) ) ;
#5598 = CARTESIAN_POINT ( 'NONE',  ( 6.025296937195550484, 4.071564961060393451, 0.3499999999999999778 ) ) ;
#5599 = VERTEX_POINT ( 'NONE', #1204 ) ;
#5600 = SURFACE_STYLE_USAGE ( .BOTH. , #5625 ) ;
#5601 = LINE ( 'NONE', #1932, #2391 ) ;
#5602 =( LENGTH_UNIT ( ) NAMED_UNIT ( * ) SI_UNIT ( .MILLI., .METRE. ) );
#5603 = CARTESIAN_POINT ( 'NONE',  ( 3.540000000000000480, 1.800000000000000488, -0.1283333333333334936 ) ) ;
#5604 = SURFACE_STYLE_USAGE ( .BOTH. , #5701 ) ;
#5605 = CARTESIAN_POINT ( 'NONE',  ( 3.401229900893845137, 5.207834124282261001, 0.3499999999999999778 ) ) ;
#5606 = CARTESIAN_POINT ( 'NONE',  ( 1.672165113299161510, 5.142569796484067091, -0.3499999999999999778 ) ) ;
#5607 =( LENGTH_UNIT ( ) NAMED_UNIT ( * ) SI_UNIT ( .MILLI., .METRE. ) );
#5608 = LINE ( 'NONE', #1964, #5644 ) ;
#5609 = DIRECTION ( 'NONE',  ( 0.000000000000000000, -1.000000000000000000, 1.668003342285391797E-16 ) ) ;
#5610 = CARTESIAN_POINT ( 'NONE',  ( -0.5999999999999996447, 6.299999999999999822, -0.1283333333333334936 ) ) ;
#5611 = PLANE ( 'NONE',  #4381 ) ;
#5612 = EDGE_CURVE ( 'NONE', #3851, #3143, #785, .T. ) ;
#5613 = ORIENTED_EDGE ( 'NONE', *, *, #3379, .F. ) ;
#5614 = SURFACE_SIDE_STYLE ('',( #1969 ) ) ;
#5615 = FACE_OUTER_BOUND ( 'NONE', #540, .T. ) ;
#5616 = ORIENTED_EDGE ( 'NONE', *, *, #3609, .T. ) ;
#5617 = CARTESIAN_POINT ( 'NONE',  ( 4.080000000000000071, 6.500000000000000888, -0.3500000000000010880 ) ) ;
#5618 = CARTESIAN_POINT ( 'NONE',  ( 3.221380150321418334, 6.233860305463102769, -0.3500000000000001443 ) ) ;
#5619 = CARTESIAN_POINT ( 'NONE',  ( -0.9006934952136197436, 4.786369049942374332, 0.3499999999999999223 ) ) ;
#5620 = VERTEX_POINT ( 'NONE', #844 ) ;
#5621 = ADVANCED_FACE ( 'NONE', ( #5371 ), #4030, .T. ) ;
#5622 = CARTESIAN_POINT ( 'NONE',  ( 6.025517796674130011, 4.067306563708457112, 0.3499999999999999223 ) ) ;
#5623 = ORIENTED_EDGE ( 'NONE', *, *, #3431, .T. ) ;
#5624 = VECTOR ( 'NONE', #2487, 1000.000000000000000 ) ;
#5625 = SURFACE_SIDE_STYLE ('',( #4263 ) ) ;
#5626 =( BOUNDED_SURFACE ( )  B_SPLINE_SURFACE ( 3, 1, ( 
 ( #4585, #4046 ),
 ( #434, #2706 ),
 ( #2791, #2265 ),
 ( #4501, #890 ) ),
 .UNSPECIFIED., .F., .F., .F. ) 
 B_SPLINE_SURFACE_WITH_KNOTS ( ( 4, 4 ),
 ( 2, 2 ),
 ( 0.000000000000000000, 1.000000000000000000 ),
 ( 0.000000000000000000, 1.000000000000000000 ),
 .UNSPECIFIED. ) 
 GEOMETRIC_REPRESENTATION_ITEM ( )  RATIONAL_B_SPLINE_SURFACE ( (
 ( 1.000000000000000000, 1.000000000000000000),
 ( 0.9488815137910384667, 0.9488815137910384667),
 ( 0.9488815137910384667, 0.9488815137910384667),
 ( 1.000000000000000000, 1.000000000000000000) ) ) 
 REPRESENTATION_ITEM ( '' )  SURFACE ( )  );
#5627 = PRESENTATION_LAYER_ASSIGNMENT (  '', '', ( #268 ) ) ;
#5628 = CARTESIAN_POINT ( 'NONE',  ( -0.7285020522888950856, 6.125528511109508578, -0.3499999999999999778 ) ) ;
#5629 = VECTOR ( 'NONE', #5662, 1000.000000000000114 ) ;
#5630 = CARTESIAN_POINT ( 'NONE',  ( 3.540000000000000480, 1.800000000000000488, 0.3849999999999998979 ) ) ;
#5631 = CARTESIAN_POINT ( 'NONE',  ( 4.080000000000000071, 6.500000000000000888, 0.3499999999999989231 ) ) ;
#5632 = VECTOR ( 'NONE', #5712, 1000.000000000000000 ) ;
#5633 = VECTOR ( 'NONE', #1493, 1000.000000000000000 ) ;
#5634 = LINE ( 'NONE', #2922, #1165 ) ;
#5635 = DIRECTION ( 'NONE',  ( 1.000000000000000000, 0.000000000000000000, 0.000000000000000000 ) ) ;
#5636 = MECHANICAL_DESIGN_GEOMETRIC_PRESENTATION_REPRESENTATION (  '', ( #1235 ), #4663 ) ;
#5637 = VECTOR ( 'NONE', #772, 1000.000000000000000 ) ;
#5638 = DIRECTION ( 'NONE',  ( -0.000000000000000000, 0.000000000000000000, 1.000000000000000000 ) ) ;
#5639 = FACE_OUTER_BOUND ( 'NONE', #5260, .T. ) ;
#5640 = SURFACE_SIDE_STYLE ('',( #4154 ) ) ;
#5641 = FILL_AREA_STYLE ('',( #2426 ) ) ;
#5642 = PRESENTATION_LAYER_ASSIGNMENT (  '', '', ( #2296 ) ) ;
#5643 = ORIENTED_EDGE ( 'NONE', *, *, #5119, .F. ) ;
#5644 = VECTOR ( 'NONE', #4764, 1000.000000000000000 ) ;
#5645 = CARTESIAN_POINT ( 'NONE',  ( 5.579999999999999183, 6.084152315493285279, 0.3500000000000000333 ) ) ;
#5646 = EDGE_CURVE ( 'NONE', #5392, #2666, #3402, .T. ) ;
#5647 = EDGE_CURVE ( 'NONE', #3643, #1238, #2811, .T. ) ;
#5648 = MECHANICAL_DESIGN_GEOMETRIC_PRESENTATION_REPRESENTATION (  '', ( #184 ), #5156 ) ;
#5649 = DIRECTION ( 'NONE',  ( 0.000000000000000000, 0.000000000000000000, -1.000000000000000000 ) ) ;
#5650 = VECTOR ( 'NONE', #5726, 1000.000000000000000 ) ;
#5651 = EDGE_LOOP ( 'NONE', ( #430, #270, #3149, #5128, #953, #5711, #348, #3151, #3915, #4888, #304, #3576, #4282, #5088, #2234, #452, #1067, #764, #1039, #4053, #577 ) ) ;
#5652 = SURFACE_STYLE_USAGE ( .BOTH. , #2031 ) ;
#5653 = FACE_OUTER_BOUND ( 'NONE', #2583, .T. ) ;
#5654 = DIRECTION ( 'NONE',  ( -0.000000000000000000, 0.000000000000000000, 1.000000000000000000 ) ) ;
#5655 = VERTEX_POINT ( 'NONE', #1392 ) ;
#5656 =( GEOMETRIC_REPRESENTATION_CONTEXT ( 3 ) GLOBAL_UNCERTAINTY_ASSIGNED_CONTEXT ( ( #4201 ) ) GLOBAL_UNIT_ASSIGNED_CONTEXT ( ( #5717, #4285, #1210 ) ) REPRESENTATION_CONTEXT ( 'NONE', 'WORKASPACE' ) );
#5657 = EDGE_CURVE ( 'NONE', #3382, #1003, #4568, .T. ) ;
#5658 = ADVANCED_FACE ( 'NONE', ( #3610 ), #5463, .F. ) ;
#5659 = DIRECTION ( 'NONE',  ( 0.000000000000000000, -0.000000000000000000, -1.000000000000000000 ) ) ;
#5660 = CARTESIAN_POINT ( 'NONE',  ( 5.680000000000000604, 6.299999999999999822, 0.3499999999999999778 ) ) ;
#5661 = ORIENTED_EDGE ( 'NONE', *, *, #493, .F. ) ;
#5662 = DIRECTION ( 'NONE',  ( 0.7071067811865489050, -0.7071067811865460184, 0.000000000000000000 ) ) ;
#5663 = PRESENTATION_LAYER_ASSIGNMENT (  '', '', ( #4795 ) ) ;
#5664 = EDGE_CURVE ( 'NONE', #2812, #3938, #78, .T. ) ;
#5665 = EDGE_CURVE ( 'NONE', #604, #4569, #3171, .T. ) ;
#5666 = CARTESIAN_POINT ( 'NONE',  ( -0.7896030380177390118, 5.762359718947904774, -0.3500000000000000888 ) ) ;
#5667 = AXIS2_PLACEMENT_3D ( 'NONE', #4287, #1589, #1122 ) ;
#5668 = DIRECTION ( 'NONE',  ( -1.000000000000000000, -0.000000000000000000, -0.000000000000000000 ) ) ;
#5669 = ADVANCED_FACE ( 'NONE', ( #4089 ), #4149, .F. ) ;
#5670 = FACE_OUTER_BOUND ( 'NONE', #3813, .T. ) ;
#5671 = LINE ( 'NONE', #135, #4687 ) ;
#5672 = VECTOR ( 'NONE', #3207, 1000.000000000000000 ) ;
#5673 = CARTESIAN_POINT ( 'NONE',  ( 1.594482203325871206, 4.067306563708465106, -0.3499999999999999778 ) ) ;
#5674 = ORIENTED_EDGE ( 'NONE', *, *, #2616, .T. ) ;
#5675 = CARTESIAN_POINT ( 'NONE',  ( -0.6867549326077613259, 8.000000000000000000, -0.6500000000000030198 ) ) ;
#5676 = DIRECTION ( 'NONE',  ( 0.000000000000000000, -0.8660254037844380415, 0.5000000000000009992 ) ) ;
#5677 =( NAMED_UNIT ( * ) SI_UNIT ( $, .STERADIAN. ) SOLID_ANGLE_UNIT ( ) );
#5678 = SURFACE_STYLE_USAGE ( .BOTH. , #1611 ) ;
#5679 = ORIENTED_EDGE ( 'NONE', *, *, #4387, .F. ) ;
#5680 =( BOUNDED_SURFACE ( )  B_SPLINE_SURFACE ( 3, 1, ( 
 ( #2065, #1244 ),
 ( #1212, #4409 ),
 ( #320, #3066 ),
 ( #3525, #1621 ),
 ( #853, #1831 ),
 ( #2233, #913 ),
 ( #942, #3620 ) ),
 .UNSPECIFIED., .F., .F., .F. ) 
 B_SPLINE_SURFACE_WITH_KNOTS ( ( 4, 3, 4 ),
 ( 2, 2 ),
 ( 0.000000000000000000, 0.5000000000000000000, 1.000000000000000000 ),
 ( 0.000000000000000000, 1.000000000000000000 ),
 .UNSPECIFIED. ) 
 GEOMETRIC_REPRESENTATION_ITEM ( )  RATIONAL_B_SPLINE_SURFACE ( (
 ( 1.000000000000000000, 1.000000000000000000),
 ( 0.5953481791230080811, 0.5953481791230080811),
 ( 0.5953481791230080811, 0.5953481791230080811),
 ( 1.000000000000000000, 1.000000000000000000),
 ( 0.5953481791230077480, 0.5953481791230077480),
 ( 0.5953481791230077480, 0.5953481791230077480),
 ( 1.000000000000000000, 1.000000000000000000) ) ) 
 REPRESENTATION_ITEM ( '' )  SURFACE ( )  );
#5681 = AXIS2_PLACEMENT_3D ( 'NONE', #4648, #3308, #3711 ) ;
#5682 = DIRECTION ( 'NONE',  ( -1.000000000000000000, 0.000000000000000000, -0.000000000000000000 ) ) ;
#5683 = FACE_OUTER_BOUND ( 'NONE', #3410, .T. ) ;
#5684 = B_SPLINE_CURVE_WITH_KNOTS ( 'NONE', 3,
 ( #1028, #4161, #5618, #976, #4615, #1000, #1949, #2853, #3331, #4640, #4191, #546, #1522, #2378, #3735, #4712, #95, #1494, #3302, #5130, #579, #2409, #1404, #5162, #3653, #612, #150, #2437, #5506, #3212, #2495 ),
 .UNSPECIFIED., .F., .F.,
 ( 4, 1, 1, 1, 1, 1, 1, 2, 2, 1, 1, 1, 1, 2, 2, 1, 1, 1, 1, 1, 2, 2, 4 ),
 ( 0.000000000000000000, 0.06250000000001421085, 0.09375000000002159384, 0.1093750000000254796, 0.1171875000000274225, 0.1210937500000285605, 0.1230468750000291295, 0.1240234375000294070, 0.1250000000000296985, 0.1875000000000308087, 0.2187500000000316414, 0.2343750000000320299, 0.2421875000000322242, 0.2460937500000323075, 0.2500000000000323630, 0.3750000000000306422, 0.4375000000000300315, 0.4687500000000297540, 0.4843750000000298650, 0.4921875000000299205, 0.4960937500000296985, 0.5000000000000294209, 1.000000000000000000 ),
 .UNSPECIFIED. ) ;
#5685 = FACE_OUTER_BOUND ( 'NONE', #2451, .T. ) ;
#5686 = AXIS2_PLACEMENT_3D ( 'NONE', #1585, #1025, #4637 ) ;
#5687 = EDGE_LOOP ( 'NONE', ( #700, #5921, #3045, #1775 ) ) ;
#5688 = LINE ( 'NONE', #998, #1634 ) ;
#5689 = FACE_OUTER_BOUND ( 'NONE', #3951, .T. ) ;
#5690 = DIRECTION ( 'NONE',  ( -0.000000000000000000, -3.097720492815727166E-16, -1.000000000000000000 ) ) ;
#5691 = CARTESIAN_POINT ( 'NONE',  ( -0.9425000299447844343, 4.124619419408428023, 0.3499999999999999223 ) ) ;
#5692 = ORIENTED_EDGE ( 'NONE', *, *, #1681, .F. ) ;
#5693 = AXIS2_PLACEMENT_3D ( 'NONE', #1481, #5638, #5118 ) ;
#5694 = DIRECTION ( 'NONE',  ( 1.000000000000000000, 0.000000000000000000, 0.000000000000000000 ) ) ;
#5695 =( NAMED_UNIT ( * ) PLANE_ANGLE_UNIT ( ) SI_UNIT ( $, .RADIAN. ) );
#5696 = ORIENTED_EDGE ( 'NONE', *, *, #5922, .T. ) ;
#5697 = CARTESIAN_POINT ( 'NONE',  ( 3.226754932607761361, 0.5000000000000002220, 0.6500000000000010214 ) ) ;
#5698 = SURFACE_SIDE_STYLE ('',( #2471 ) ) ;
#5699 = FACE_OUTER_BOUND ( 'NONE', #3943, .T. ) ;
#5700 = FILL_AREA_STYLE_COLOUR ( '', #5528 ) ;
#5701 = SURFACE_SIDE_STYLE ('',( #3811 ) ) ;
#5702 = PRODUCT_RELATED_PRODUCT_CATEGORY ( 'part', '', ( #2210 ) ) ;
#5703 = ORIENTED_EDGE ( 'NONE', *, *, #5372, .F. ) ;
#5704 = CARTESIAN_POINT ( 'NONE',  ( 3.414994129385570343, 5.069026963384445139, 0.3499999999999998113 ) ) ;
#5705 = CARTESIAN_POINT ( 'NONE',  ( 1.708546599915418795, 5.476966929916270210, -0.3499999999999999223 ) ) ;
#5706 = EDGE_CURVE ( 'NONE', #1287, #5317, #136, .T. ) ;
#5707 = ORIENTED_EDGE ( 'NONE', *, *, #272, .T. ) ;
#5708 = FILL_AREA_STYLE ('',( #3383 ) ) ;
#5709 = PLANE ( 'NONE',  #4673 ) ;
#5710 =( NAMED_UNIT ( * ) SI_UNIT ( $, .STERADIAN. ) SOLID_ANGLE_UNIT ( ) );
#5711 = ORIENTED_EDGE ( 'NONE', *, *, #4330, .F. ) ;
#5712 = DIRECTION ( 'NONE',  ( 1.000000000000000000, 0.000000000000000000, 0.000000000000000000 ) ) ;
#5713 = DIRECTION ( 'NONE',  ( -1.000000000000000000, 0.000000000000000000, 0.000000000000000000 ) ) ;
#5714 = EDGE_CURVE ( 'NONE', #3740, #3175, #2481, .T. ) ;
#5715 = ORIENTED_EDGE ( 'NONE', *, *, #4643, .F. ) ;
#5716 = CARTESIAN_POINT ( 'NONE',  ( 1.000000000000000444, 6.299999999999999822, 0.3850000000000000089 ) ) ;
#5717 =( LENGTH_UNIT ( ) NAMED_UNIT ( * ) SI_UNIT ( .MILLI., .METRE. ) );
#5718 = CARTESIAN_POINT ( 'NONE',  ( -0.3500000000000000333, 0.000000000000000000, -0.3499999999999999778 ) ) ;
#5719 = CARTESIAN_POINT ( 'NONE',  ( -1.000000000000000000, 6.500000000000000888, -0.3500000000000010880 ) ) ;
#5720 = ORIENTED_EDGE ( 'NONE', *, *, #1856, .F. ) ;
#5721 = CARTESIAN_POINT ( 'NONE',  ( 5.766754932607761397, 10.39117142264903570, 0.6499999999999995781 ) ) ;
#5722 = LINE ( 'NONE', #2558, #5094 ) ;
#5723 = EDGE_CURVE ( 'NONE', #1402, #2976, #1509, .T. ) ;
#5724 = ORIENTED_EDGE ( 'NONE', *, *, #4387, .T. ) ;
#5725 = CARTESIAN_POINT ( 'NONE',  ( 2.018154266116020334, 5.626229152235333153, 0.3499999999999999778 ) ) ;
#5726 = DIRECTION ( 'NONE',  ( 1.121588454295349533E-16, -1.000000000000000000, 0.000000000000000000 ) ) ;
#5727 = CARTESIAN_POINT ( 'NONE',  ( 2.390000000000000568, -3.000000000000000000, -0.3499999999999999778 ) ) ;
#5728 =( NAMED_UNIT ( * ) PLANE_ANGLE_UNIT ( ) SI_UNIT ( $, .RADIAN. ) );
#5729 = EDGE_CURVE ( 'NONE', #5772, #636, #242, .T. ) ;
#5730 = CARTESIAN_POINT ( 'NONE',  ( 3.486086801408603719, 4.056300144720193401, 0.3499999999999999223 ) ) ;
#5731 = VECTOR ( 'NONE', #229, 1000.000000000000000 ) ;
#5732 = ORIENTED_EDGE ( 'NONE', *, *, #4351, .T. ) ;
#5733 = VECTOR ( 'NONE', #3398, 999.9999999999998863 ) ;
#5734 = CARTESIAN_POINT ( 'NONE',  ( -0.9999999999999993339, -1.121588454295348794E-16, 0.3499999999999999778 ) ) ;
#5735 = CARTESIAN_POINT ( 'NONE',  ( -6.734562392116876374E-17, 8.500000000000000000, -0.8696152422706644458 ) ) ;
#5736 = ORIENTED_EDGE ( 'NONE', *, *, #3956, .F. ) ;
#5737 = ADVANCED_FACE ( 'NONE', ( #3316 ), #563, .T. ) ;
#5738 = VECTOR ( 'NONE', #124, 1000.000000000000000 ) ;
#5739 = LINE ( 'NONE', #1614, #4121 ) ;
#5740 = EDGE_CURVE ( 'NONE', #1937, #332, #1959, .T. ) ;
#5741 = VERTEX_POINT ( 'NONE', #3747 ) ;
#5742 = AXIS2_PLACEMENT_3D ( 'NONE', #4669, #2964, #4218 ) ;
#5743 = CARTESIAN_POINT ( 'NONE',  ( 1.853245067392238710, 0.5000000000000000000, -0.3500000000000000888 ) ) ;
#5744 = CARTESIAN_POINT ( 'NONE',  ( 4.080000000000000071, 1.800000000000000488, 0.1283333333333336046 ) ) ;
#5745 = CARTESIAN_POINT ( 'NONE',  ( 4.580000000000001847, 6.084152315493286167, -0.3499999999999999223 ) ) ;
#5746 = CARTESIAN_POINT ( 'NONE',  ( 6.080000000000000071, 1.800000000000000488, -0.3499999999999999778 ) ) ;
#5747 = UNCERTAINTY_MEASURE_WITH_UNIT (LENGTH_MEASURE( 1.000000000000000082E-05 ), #4808, 'distance_accuracy_value', 'NONE');
#5748 = ADVANCED_FACE ( 'NONE', ( #3349 ), #2897, .T. ) ;
#5749 = CARTESIAN_POINT ( 'NONE',  ( -0.5999999999999996447, 6.299999999999999822, -0.3499999999999999778 ) ) ;
#5750 = ORIENTED_EDGE ( 'NONE', *, *, #4735, .T. ) ;
#5751 = PRESENTATION_LAYER_ASSIGNMENT (  '', '', ( #1246 ) ) ;
#5752 = STYLED_ITEM ( 'NONE', ( #1628 ), #342 ) ;
#5753 = CARTESIAN_POINT ( 'NONE',  ( 1.894533521472694604, 3.877691542223590471, -0.3500000000000000333 ) ) ;
#5754 = DIRECTION ( 'NONE',  ( -0.000000000000000000, -0.000000000000000000, -1.000000000000000000 ) ) ;
#5755 = ORIENTED_EDGE ( 'NONE', *, *, #4936, .F. ) ;
#5756 = PRESENTATION_STYLE_ASSIGNMENT (( #3531 ) ) ;
#5757 = CARTESIAN_POINT ( 'NONE',  ( 1.940000000000000613, 6.299999999999999822, -0.3499999999999999778 ) ) ;
#5758 = CIRCLE ( 'NONE', #668, 0.1999999999999996503 ) ;
#5759 =( NAMED_UNIT ( * ) PLANE_ANGLE_UNIT ( ) SI_UNIT ( $, .RADIAN. ) );
#5760 = DIRECTION ( 'NONE',  ( 0.000000000000000000, 0.000000000000000000, 1.000000000000000000 ) ) ;
#5761 = LINE ( 'NONE', #4473, #4124 ) ;
#5762 = PRESENTATION_LAYER_ASSIGNMENT (  '', '', ( #4499 ) ) ;
#5763 = DIRECTION ( 'NONE',  ( 1.000000000000000000, 0.000000000000000000, 0.000000000000000000 ) ) ;
#5764 = CARTESIAN_POINT ( 'NONE',  ( 0.4999999999999985012, 6.299999999999999822, -0.3499999999999999778 ) ) ;
#5765 = AXIS2_PLACEMENT_3D ( 'NONE', #3106, #2597, #4445 ) ;
#5766 = ORIENTED_EDGE ( 'NONE', *, *, #101, .T. ) ;
#5767 = DIRECTION ( 'NONE',  ( 0.000000000000000000, 1.000000000000000000, -1.668003342285391551E-16 ) ) ;
#5768 = COLOUR_RGB ( '',0.8313725490196077761, 0.6705882352941175961, 0.1294117647058823373 ) ;
#5769 = CARTESIAN_POINT ( 'NONE',  ( 4.729999999999999538, 8.199999999999999289, 0.3499999999999999778 ) ) ;
#5770 = FACE_OUTER_BOUND ( 'NONE', #536, .T. ) ;
#5771 = DIRECTION ( 'NONE',  ( -0.000000000000000000, -0.000000000000000000, -1.000000000000000000 ) ) ;
#5772 = VERTEX_POINT ( 'NONE', #3960 ) ;
#5773 =( LENGTH_UNIT ( ) NAMED_UNIT ( * ) SI_UNIT ( .MILLI., .METRE. ) );
#5774 = VERTEX_POINT ( 'NONE', #5302 ) ;
#5775 = EDGE_CURVE ( 'NONE', #1026, #4458, #3540, .T. ) ;
#5776 = ADVANCED_FACE ( 'NONE', ( #4446 ), #837, .T. ) ;
#5777 = CARTESIAN_POINT ( 'NONE',  ( 4.080000000000000959, 6.299999999999999822, -0.1283333333333334936 ) ) ;
#5778 = VECTOR ( 'NONE', #5253, 1000.000000000000000 ) ;
#5779 = LINE ( 'NONE', #5379, #2569 ) ;
#5780 = EDGE_CURVE ( 'NONE', #5852, #4842, #5758, .T. ) ;
#5781 = SURFACE_SIDE_STYLE ('',( #3925 ) ) ;
#5782 = ORIENTED_EDGE ( 'NONE', *, *, #1825, .F. ) ;
#5783 =( GEOMETRIC_REPRESENTATION_CONTEXT ( 3 ) GLOBAL_UNCERTAINTY_ASSIGNED_CONTEXT ( ( #2390 ) ) GLOBAL_UNIT_ASSIGNED_CONTEXT ( ( #1507, #1600, #4332 ) ) REPRESENTATION_CONTEXT ( 'NONE', 'WORKASPACE' ) );
#5784 = ORIENTED_EDGE ( 'NONE', *, *, #3379, .T. ) ;
#5785 = CARTESIAN_POINT ( 'NONE',  ( 1.853245067392238710, 0.5000000000000002220, 0.6500000000000011324 ) ) ;
#5786 = EDGE_CURVE ( 'NONE', #1274, #4661, #1696, .T. ) ;
#5787 = VECTOR ( 'NONE', #2028, 1000.000000000000000 ) ;
#5788 = DIRECTION ( 'NONE',  ( -0.000000000000000000, -0.000000000000000000, -1.000000000000000000 ) ) ;
#5789 = CARTESIAN_POINT ( 'NONE',  ( 0.6867549326077613259, 0.5000000000000000000, -0.3500000000000000888 ) ) ;
#5790 = SURFACE_STYLE_FILL_AREA ( #2045 ) ;
#5791 = VECTOR ( 'NONE', #1670, 1000.000000000000000 ) ;
#5792 = CARTESIAN_POINT ( 'NONE',  ( -1.000000000000000000, 6.500000000000000888, -0.3500000000000010880 ) ) ;
#5793 = LINE ( 'NONE', #2484, #4235 ) ;
#5794 = LINE ( 'NONE', #2576, #1023 ) ;
#5795 = CARTESIAN_POINT ( 'NONE',  ( 0.9460868014086034616, 4.056300144720193401, 0.3499999999999999778 ) ) ;
#5796 = FACE_OUTER_BOUND ( 'NONE', #3817, .T. ) ;
#5797 = ORIENTED_EDGE ( 'NONE', *, *, #5482, .T. ) ;
#5798 = CARTESIAN_POINT ( 'NONE',  ( 2.190000000000000835, 0.5000000000000005551, -0.3499999999999999778 ) ) ;
#5799 = SURFACE_SIDE_STYLE ('',( #1615 ) ) ;
#5800 = ORIENTED_EDGE ( 'NONE', *, *, #4215, .T. ) ;
#5801 = EDGE_CURVE ( 'NONE', #2804, #1397, #3994, .T. ) ;
#5802 = CARTESIAN_POINT ( 'NONE',  ( -0.9999999999999995559, 1.800000000000000266, -0.1166666666666667518 ) ) ;
#5803 = CARTESIAN_POINT ( 'NONE',  ( 3.226754932607761361, 0.5000000000000000000, -0.3500000000000000888 ) ) ;
#5804 = LINE ( 'NONE', #1211, #3698 ) ;
#5805 = FILL_AREA_STYLE ('',( #289 ) ) ;
#5806 = ORIENTED_EDGE ( 'NONE', *, *, #127, .F. ) ;
#5807 = CARTESIAN_POINT ( 'NONE',  ( 3.540000000000000036, 6.500000000000000888, -0.3500000000000010880 ) ) ;
#5808 = ORIENTED_EDGE ( 'NONE', *, *, #2901, .T. ) ;
#5809 =( NAMED_UNIT ( * ) PLANE_ANGLE_UNIT ( ) SI_UNIT ( $, .RADIAN. ) );
#5810 = DIRECTION ( 'NONE',  ( -0.000000000000000000, -0.000000000000000000, -1.000000000000000000 ) ) ;
#5811 = LINE ( 'NONE', #1220, #5330 ) ;
#5812 = CARTESIAN_POINT ( 'NONE',  ( 1.540000000000000036, 0.5000000000000002220, 0.3499999999999998668 ) ) ;
#5813 = VERTEX_POINT ( 'NONE', #5815 ) ;
#5814 = CARTESIAN_POINT ( 'NONE',  ( 4.080000000000000959, 1.800000000000000044, 0.1166666666666665853 ) ) ;
#5815 = CARTESIAN_POINT ( 'NONE',  ( 5.780000000000001137, 0.5000000000000006661, 0.3499999999999999778 ) ) ;
#5816 = ORIENTED_EDGE ( 'NONE', *, *, #1305, .F. ) ;
#5817 = PLANE ( 'NONE',  #5048 ) ;
#5818 = CARTESIAN_POINT ( 'NONE',  ( 0.9730462009244521537, 3.450480068927959554, 0.3499999999999999778 ) ) ;
#5819 = PRESENTATION_STYLE_ASSIGNMENT (( #4450 ) ) ;
#5820 = ORIENTED_EDGE ( 'NONE', *, *, #3624, .T. ) ;
#5821 = CARTESIAN_POINT ( 'NONE',  ( 4.080000000000000071, 0.5000000000000000000, -0.3500000000000000888 ) ) ;
#5822 = AXIS2_PLACEMENT_3D ( 'NONE', #2293, #5920, #4099 ) ;
#5823 = VERTEX_POINT ( 'NONE', #356 ) ;
#5824 = CARTESIAN_POINT ( 'NONE',  ( 1.000000000000000444, 1.800000000000000488, 0.1283333333333333270 ) ) ;
#5825 = CARTESIAN_POINT ( 'NONE',  ( 2.890000000000000124, 0.000000000000000000, 0.3499999999999999778 ) ) ;
#5826 = CARTESIAN_POINT ( 'NONE',  ( 0.4481930454221421667, 5.884855341312110966, -0.3500000000000000333 ) ) ;
#5827 = VERTEX_POINT ( 'NONE', #5764 ) ;
#5828 = VECTOR ( 'NONE', #2935, 1000.000000000000000 ) ;
#5829 =( LENGTH_UNIT ( ) NAMED_UNIT ( * ) SI_UNIT ( .MILLI., .METRE. ) );
#5830 = ORIENTED_EDGE ( 'NONE', *, *, #1492, .T. ) ;
#5831 = EDGE_CURVE ( 'NONE', #912, #5096, #3208, .T. ) ;
#5832 = CARTESIAN_POINT ( 'NONE',  ( 5.930639769790269966, 5.307482533055136287, -0.3499999999999999778 ) ) ;
#5833 = PRESENTATION_LAYER_ASSIGNMENT (  '', '', ( #2474 ) ) ;
#5834 = CARTESIAN_POINT ( 'NONE',  ( 0.3218457338839795234, 5.626229152235330488, -0.3499999999999999778 ) ) ;
#5835 = ORIENTED_EDGE ( 'NONE', *, *, #5320, .F. ) ;
#5836 = LINE ( 'NONE', #3070, #168 ) ;
#5837 = PLANE ( 'NONE',  #1156 ) ;
#5838 = EDGE_CURVE ( 'NONE', #2280, #4836, #2599, .T. ) ;
#5839 = MECHANICAL_DESIGN_GEOMETRIC_PRESENTATION_REPRESENTATION (  '', ( #2858 ), #4382 ) ;
#5840 = DIRECTION ( 'NONE',  ( -1.000000000000000000, 0.000000000000000000, 0.000000000000000000 ) ) ;
#5841 = LINE ( 'NONE', #807, #2836 ) ;
#5842 = CARTESIAN_POINT ( 'NONE',  ( 4.380000000000000782, 0.5000000000000004441, -0.3499999999999999778 ) ) ;
#5843 = EDGE_LOOP ( 'NONE', ( #3675, #171, #4780, #4685, #1791, #964, #4239, #484 ) ) ;
#5844 = VECTOR ( 'NONE', #5418, 1000.000000000000000 ) ;
#5845 = CARTESIAN_POINT ( 'NONE',  ( 4.080000000000000071, 0.5000000000000002220, 0.3499999999999998668 ) ) ;
#5846 = CARTESIAN_POINT ( 'NONE',  ( 4.434533521472695305, 3.877691542223589138, 0.3499999999999999778 ) ) ;
#5847 = ORIENTED_EDGE ( 'NONE', *, *, #5706, .T. ) ;
#5848 = LINE ( 'NONE', #2968, #2410 ) ;
#5849 = DIRECTION ( 'NONE',  ( 1.000000000000000000, 0.000000000000000000, 0.000000000000000000 ) ) ;
#5850 = EDGE_CURVE ( 'NONE', #4189, #1238, #4510, .T. ) ;
#5851 = CARTESIAN_POINT ( 'NONE',  ( 0.9527233231640321875, 3.923639721076658038, 0.3500000000000000333 ) ) ;
#5852 = VERTEX_POINT ( 'NONE', #2246 ) ;
#5853 = FILL_AREA_STYLE_COLOUR ( '', #271 ) ;
#5854 = AXIS2_PLACEMENT_3D ( 'NONE', #4727, #3775, #1078 ) ;
#5855 = CARTESIAN_POINT ( 'NONE',  ( 4.291843070995635223, 5.771059683742046253, -0.3499999999999999778 ) ) ;
#5856 = ORIENTED_EDGE ( 'NONE', *, *, #2825, .F. ) ;
#5857 = CARTESIAN_POINT ( 'NONE',  ( 1.615941859282681303, 4.443591676418676251, 0.3499999999999999778 ) ) ;
#5858 = CARTESIAN_POINT ( 'NONE',  ( 5.432524015545779683, 5.732672356334978403, 0.3499999999999999778 ) ) ;
#5859 = EDGE_CURVE ( 'NONE', #4226, #3984, #5425, .T. ) ;
#5860 =( NAMED_UNIT ( * ) SI_UNIT ( $, .STERADIAN. ) SOLID_ANGLE_UNIT ( ) );
#5861 = VERTEX_POINT ( 'NONE', #5875 ) ;
#5862 = VECTOR ( 'NONE', #2533, 1000.000000000000000 ) ;
#5863 = DIRECTION ( 'NONE',  ( 0.000000000000000000, 0.000000000000000000, -1.000000000000000000 ) ) ;
#5864 = ORIENTED_EDGE ( 'NONE', *, *, #4557, .T. ) ;
#5865 = CARTESIAN_POINT ( 'NONE',  ( 1.853245067392238710, 0.5000000000000000000, -0.6500000000000013545 ) ) ;
#5866 = DIRECTION ( 'NONE',  ( 1.000000000000000000, 0.000000000000000000, 0.000000000000000000 ) ) ;
#5867 = EDGE_LOOP ( 'NONE', ( #513, #5562, #5661, #5592 ) ) ;
#5868 = CARTESIAN_POINT ( 'NONE',  ( 0.000000000000000000, 6.500000000000000888, -1.155688030012021264E-15 ) ) ;
#5869 = VECTOR ( 'NONE', #4442, 1000.000000000000000 ) ;
#5870 = LINE ( 'NONE', #3630, #4694 ) ;
#5871 = ORIENTED_EDGE ( 'NONE', *, *, #2563, .F. ) ;
#5872 = VECTOR ( 'NONE', #3529, 1000.000000000000000 ) ;
#5873 = EDGE_CURVE ( 'NONE', #4569, #4649, #1810, .T. ) ;
#5874 = LINE ( 'NONE', #2627, #4113 ) ;
#5875 = CARTESIAN_POINT ( 'NONE',  ( 4.729999999999999538, 8.199999999999999289, -0.3499999999999999778 ) ) ;
#5876 = ORIENTED_EDGE ( 'NONE', *, *, #1519, .T. ) ;
#5877 = CARTESIAN_POINT ( 'NONE',  ( 5.949615242270665405, 8.500000000000000000, 0.8696152422706645568 ) ) ;
#5878 = DIRECTION ( 'NONE',  ( -1.000000000000000000, -1.084202172485504434E-16, 0.000000000000000000 ) ) ;
#5879 = FILL_AREA_STYLE_COLOUR ( '', #5455 ) ;
#5880 = ORIENTED_EDGE ( 'NONE', *, *, #1398, .T. ) ;
#5881 = CARTESIAN_POINT ( 'NONE',  ( 0.3500000000000000333, 8.199999999999999289, 0.3499999999999999778 ) ) ;
#5882 = ORIENTED_EDGE ( 'NONE', *, *, #3263, .F. ) ;
#5883 = ADVANCED_FACE ( 'NONE', ( #3165 ), #5535, .F. ) ;
#5884 = PLANE ( 'NONE',  #556 ) ;
#5885 = FACE_OUTER_BOUND ( 'NONE', #129, .T. ) ;
#5886 = SURFACE_STYLE_FILL_AREA ( #1682 ) ;
#5887 = ORIENTED_EDGE ( 'NONE', *, *, #5740, .T. ) ;
#5888 = CARTESIAN_POINT ( 'NONE',  ( -1.000000000000000000, 6.500000000000000888, 0.3499999999999989231 ) ) ;
#5889 = EDGE_LOOP ( 'NONE', ( #544, #1436, #2051, #3201 ) ) ;
#5890 = CARTESIAN_POINT ( 'NONE',  ( 2.189999999999999947, 8.199999999999999289, 0.3499999999999999778 ) ) ;
#5891 =( NAMED_UNIT ( * ) PLANE_ANGLE_UNIT ( ) SI_UNIT ( $, .RADIAN. ) );
#5892 = ORIENTED_EDGE ( 'NONE', *, *, #2988, .T. ) ;
#5893 = DIRECTION ( 'NONE',  ( -1.121588454295349780E-16, 1.000000000000000000, 0.000000000000000000 ) ) ;
#5894 = CARTESIAN_POINT ( 'NONE',  ( 3.540000000000000480, 1.800000000000000488, -0.1166666666666667518 ) ) ;
#5895 = CARTESIAN_POINT ( 'NONE',  ( 6.039999415201713795, 3.767448265748726044, 0.3499999999999999778 ) ) ;
#5896 = VERTEX_POINT ( 'NONE', #2310 ) ;
#5897 = B_SPLINE_CURVE_WITH_KNOTS ( 'NONE', 3,
 ( #2896, #3746, #2540, #3879, #5146, #2047, #1047, #4693, #5730, #4354, #2991, #1635, #3849, #2480, #5704, #266, #597, #4827, #1603, #5605, #3404, #2419, #1508, #4793, #1982, #2184, #2686, #811, #3042, #2130, #1695, #869, #3907 ),
 .UNSPECIFIED., .F., .F.,
 ( 4, 1, 1, 1, 1, 1, 1, 2, 2, 1, 1, 1, 1, 1, 2, 2, 1, 1, 1, 1, 1, 1, 2, 2, 4 ),
 ( 0.000000000000000000, 0.2500000000000361933, 0.3750000000000542899, 0.4375000000000633382, 0.4687500000000678346, 0.4843750000000696665, 0.4921875000000702771, 0.4960937500000705547, 0.5000000000000708322, 0.6250000000000717204, 0.6875000000000718314, 0.7187500000000719425, 0.7343750000000720535, 0.7421875000000720535, 0.7460937500000717204, 0.7500000000000713873, 0.8125000000000683897, 0.8437500000000672795, 0.8593750000000668354, 0.8671875000000666134, 0.8710937500000665024, 0.8730468750000660583, 0.8740234375000656142, 0.8750000000000650591, 1.000000000000000000 ),
 .UNSPECIFIED. ) ;
#5898 = SURFACE_SIDE_STYLE ('',( #867 ) ) ;
#5899 = B_SPLINE_CURVE_WITH_KNOTS ( 'NONE', 3,
 ( #3233, #5014, #26, #4579, #5551, #3671, #3618, #5944, #5472, #429, #993, #4096, #2843, #483, #2754, #2323, #2259, #1887, #967, #5522, #4066, #3203, #4182, #2818, #940, #5498, #1367, #1425, #1910, #5123, #5585 ),
 .UNSPECIFIED., .F., .F.,
 ( 4, 1, 1, 1, 1, 1, 1, 2, 2, 1, 1, 1, 1, 2, 2, 1, 1, 1, 1, 1, 2, 2, 4 ),
 ( 0.000000000000000000, 0.06250000000001501577, 0.09375000000002224609, 0.1093750000000261041, 0.1171875000000280054, 0.1210937500000289213, 0.1230468750000293515, 0.1240234375000297262, 0.1250000000000300870, 0.1875000000000285882, 0.2187500000000277833, 0.2343750000000273948, 0.2421875000000271450, 0.2460937500000272560, 0.2500000000000273670, 0.3750000000000259237, 0.4375000000000252021, 0.4687500000000245914, 0.4843750000000242584, 0.4921875000000241474, 0.4960937500000243139, 0.5000000000000244249, 1.000000000000000000 ),
 .UNSPECIFIED. ) ;
#5900 = LINE ( 'NONE', #470, #971 ) ;
#5901 = CARTESIAN_POINT ( 'NONE',  ( 0.000000000000000000, 6.299999999999999822, 0.3499999999999999778 ) ) ;
#5902 = VERTEX_POINT ( 'NONE', #1315 ) ;
#5903 = ADVANCED_FACE ( 'NONE', ( #4117 ), #4596, .F. ) ;
#5904 = CARTESIAN_POINT ( 'NONE',  ( 2.539999999999998703, 1.700000000000000178, 0.3499999999999999778 ) ) ;
#5905 = LINE ( 'NONE', #3168, #5733 ) ;
#5906 = B_SPLINE_CURVE_WITH_KNOTS ( 'NONE', 3,
 ( #5940, #4035, #1363, #2668, #2227, #425, #5912, #4093, #3613, #3114, #4945, #847, #3174, #3998, #1268, #1883, #22, #907, #1854, #2722, #394, #448, #3642, #4125, #2319, #5494, #5855, #4490, #4573, #3667, #3091, #4921, #1764 ),
 .UNSPECIFIED., .F., .F.,
 ( 4, 1, 1, 1, 1, 1, 1, 2, 2, 1, 1, 1, 1, 1, 2, 2, 1, 1, 1, 1, 1, 1, 2, 2, 4 ),
 ( 0.000000000000000000, 0.2499999999999789058, 0.3749999999999682476, 0.4374999999999629186, 0.4687499999999602540, 0.4843749999999587552, 0.4921874999999583111, 0.4960937499999580891, 0.4999999999999578115, 0.6249999999999521494, 0.6874999999999489297, 0.7187499999999471534, 0.7343749999999461542, 0.7421874999999453770, 0.7460937499999450440, 0.7499999999999447109, 0.8124999999999460432, 0.8437499999999471534, 0.8593749999999475975, 0.8671874999999474865, 0.8710937499999477085, 0.8730468749999480416, 0.8740234374999483746, 0.8749999999999485967, 1.000000000000000000 ),
 .UNSPECIFIED. ) ;
#5907 = CARTESIAN_POINT ( 'NONE',  ( 5.680000000000000604, 6.299999999999999822, -0.3849999999999999534 ) ) ;
#5908 = CARTESIAN_POINT ( 'NONE',  ( 2.040000000000001812, 6.084152315493286167, 0.3499999999999999223 ) ) ;
#5909 = EDGE_LOOP ( 'NONE', ( #5750, #3672, #3530, #3442 ) ) ;
#5910 = EDGE_CURVE ( 'NONE', #4927, #2460, #983, .T. ) ;
#5911 = MECHANICAL_DESIGN_GEOMETRIC_PRESENTATION_REPRESENTATION (  '', ( #4556 ), #4855 ) ;
#5912 = CARTESIAN_POINT ( 'NONE',  ( 4.131102897648887939, 4.001162287970069897, -0.3499999999999999223 ) ) ;
#5913 = ORIENTED_EDGE ( 'NONE', *, *, #1348, .T. ) ;
#5914 = LINE ( 'NONE', #5496, #3137 ) ;
#5915 = PLANE ( 'NONE',  #4977 ) ;
#5916 = EDGE_CURVE ( 'NONE', #1691, #2546, #4168, .T. ) ;
#5917 = ORIENTED_EDGE ( 'NONE', *, *, #5647, .F. ) ;
#5918 = COLOUR_RGB ( '',0.8313725490196077761, 0.6705882352941175961, 0.1294117647058823373 ) ;
#5919 = PRESENTATION_LAYER_ASSIGNMENT (  '', '', ( #4366 ) ) ;
#5920 = DIRECTION ( 'NONE',  ( 0.000000000000000000, -1.668003342285391551E-16, -1.000000000000000000 ) ) ;
#5921 = ORIENTED_EDGE ( 'NONE', *, *, #4692, .F. ) ;
#5922 = EDGE_CURVE ( 'NONE', #4862, #4549, #5601, .T. ) ;
#5923 = DIRECTION ( 'NONE',  ( -1.000000000000000000, 0.000000000000000000, 0.000000000000000000 ) ) ;
#5924 = CARTESIAN_POINT ( 'NONE',  ( -1.000000000000000000, 6.500000000000000888, -0.3500000000000010880 ) ) ;
#5925 = ORIENTED_EDGE ( 'NONE', *, *, #3257, .T. ) ;
#5926 = STYLED_ITEM ( 'NONE', ( #3400 ), #5212 ) ;
#5927 = PRESENTATION_LAYER_ASSIGNMENT (  '', '', ( #3507 ) ) ;
#5928 = CARTESIAN_POINT ( 'NONE',  ( 1.000000000000000000, 6.500000000000000888, -0.3500000000000010880 ) ) ;
#5929 = EDGE_CURVE ( 'NONE', #1026, #4901, #3715, .T. ) ;
#5930 = COLOUR_RGB ( '',0.8313725490196077761, 0.6705882352941175961, 0.1294117647058823373 ) ;
#5931 = LINE ( 'NONE', #4050, #3166 ) ;
#5932 = CARTESIAN_POINT ( 'NONE',  ( 6.053046200924453224, 3.450480068927960442, 0.3499999999999999778 ) ) ;
#5933 = ORIENTED_EDGE ( 'NONE', *, *, #2011, .T. ) ;
#5934 = LINE ( 'NONE', #1995, #2032 ) ;
#5935 = CARTESIAN_POINT ( 'NONE',  ( 2.540000000000000036, 6.299999999999999822, 0.3499999999999999778 ) ) ;
#5936 = STYLED_ITEM ( 'NONE', ( #38 ), #232 ) ;
#5937 = LINE ( 'NONE', #814, #4467 ) ;
#5938 = SURFACE_SIDE_STYLE ('',( #2343 ) ) ;
#5939 = ORIENTED_EDGE ( 'NONE', *, *, #4416, .T. ) ;
#5940 = CARTESIAN_POINT ( 'NONE',  ( 4.080000000000000071, 1.800000000000000488, -0.3499999999999999778 ) ) ;
#5941 = VECTOR ( 'NONE', #632, 1000.000000000000000 ) ;
#5942 = ORIENTED_EDGE ( 'NONE', *, *, #1114, .F. ) ;
#5943 = CARTESIAN_POINT ( 'NONE',  ( 1.699611261228812342, 5.398486016527555442, 0.3499999999999999778 ) ) ;
#5944 = CARTESIAN_POINT ( 'NONE',  ( 4.296229430279611350, 5.796998266909029418, 0.3500000000000000333 ) ) ;
ENDSEC;
END-ISO-10303-21;
