ISO-10303-21;
HEADER;
FILE_DESCRIPTION (( 'STEP AP214' ),
    '1' );
FILE_NAME ('100mill Female Pin Header_4P_Gr.STEP',
    '2026-02-28T15:40:15',
    ( '' ),
    ( '' ),
    'SwSTEP 2.0',
    'SolidWorks 2024',
    '' );
FILE_SCHEMA (( 'AUTOMOTIVE_DESIGN' ));
ENDSEC;

DATA;
#1 = ORIENTED_EDGE ( 'NONE', *, *, #246, .T. ) ;
#2 = VERTEX_POINT ( 'NONE', #1692 ) ;
#3 =( GEOMETRIC_REPRESENTATION_CONTEXT ( 3 ) GLOBAL_UNCERTAINTY_ASSIGNED_CONTEXT ( ( #2612 ) ) GLOBAL_UNIT_ASSIGNED_CONTEXT ( ( #1415, #3897, #6298 ) ) REPRESENTATION_CONTEXT ( 'NONE', 'WORKASPACE' ) );
#4 = PLANE ( 'NONE',  #4549 ) ;
#5 = ORIENTED_EDGE ( 'NONE', *, *, #3303, .F. ) ;
#6 = VECTOR ( 'NONE', #2700, 1000.000000000000000 ) ;
#7 = B_SPLINE_CURVE_WITH_KNOTS ( 'NONE', 3,
 ( #2473, #626, #3544, #6589, #62, #6021, #2321, #26, #4282, #7253, #4171, #5944, #5406, #3697, #3660, #3001, #1876, #7289, #554, #7770, #2437, #6701, #1721, #2962, #4871, #7803, #1837, #4246, #4208, #6057, #1212, #5445, #2927 ),
 .UNSPECIFIED., .F., .F.,
 ( 4, 1, 1, 1, 1, 1, 1, 2, 2, 1, 1, 1, 1, 1, 2, 2, 1, 1, 1, 1, 1, 1, 2, 2, 4 ),
 ( 0.000000000000000000, 0.2500000000000390799, 0.3750000000000586198, 0.4375000000000683897, 0.4687500000000732747, 0.4843750000000752731, 0.4921875000000759393, 0.4960937500000762723, 0.5000000000000766054, 0.6250000000000781597, 0.6875000000000787148, 0.7187500000000789369, 0.7343750000000790479, 0.7421875000000790479, 0.7460937500000787148, 0.7500000000000784928, 0.8125000000000752731, 0.8437500000000739409, 0.8593750000000732747, 0.8671875000000729417, 0.8710937500000728306, 0.8730468750000724976, 0.8740234375000720535, 0.8750000000000714984, 1.000000000000000000 ),
 .UNSPECIFIED. ) ;
#8 = CARTESIAN_POINT ( 'NONE',  ( 8.544058140717154970, 4.443591676420196812, -0.3500000000000000888 ) ) ;
#9 = ORIENTED_EDGE ( 'NONE', *, *, #5230, .T. ) ;
#10 =( NAMED_UNIT ( * ) SI_UNIT ( $, .STERADIAN. ) SOLID_ANGLE_UNIT ( ) );
#11 = SURFACE_STYLE_FILL_AREA ( #6763 ) ;
#12 = FACE_OUTER_BOUND ( 'NONE', #7073, .T. ) ;
#13 = COLOUR_RGB ( '',0.8313725490196077761, 0.6705882352941175961, 0.1294117647058823373 ) ;
#14 = VECTOR ( 'NONE', #1788, 1000.000000000000000 ) ;
#15 = LINE ( 'NONE', #2385, #7270 ) ;
#16 = DIRECTION ( 'NONE',  ( -0.000000000000000000, 0.000000000000000000, 1.000000000000000000 ) ) ;
#17 = CARTESIAN_POINT ( 'NONE',  ( 1.000000000000000444, 6.299999999999999822, 0.1283333333333333270 ) ) ;
#18 = AXIS2_PLACEMENT_3D ( 'NONE', #1741, #640, #5461 ) ;
#19 = FACE_OUTER_BOUND ( 'NONE', #5426, .T. ) ;
#20 = DIRECTION ( 'NONE',  ( -3.097720492815726426E-17, 1.000000000000000000, 0.000000000000000000 ) ) ;
#21 = CARTESIAN_POINT ( 'NONE',  ( 4.080000000000000071, 6.500000000000000888, -0.3500000000000010880 ) ) ;
#22 = DIRECTION ( 'NONE',  ( -1.000000000000000000, 0.000000000000000000, 0.000000000000000000 ) ) ;
#23 = DIRECTION ( 'NONE',  ( -0.000000000000000000, 1.000000000000000000, -0.000000000000000000 ) ) ;
#24 = ORIENTED_EDGE ( 'NONE', *, *, #1265, .T. ) ;
#25 = VECTOR ( 'NONE', #209, 1000.000000000000000 ) ;
#26 = CARTESIAN_POINT ( 'NONE',  ( 6.026936948246132353, 4.039780281224035541, 0.3499999999999998668 ) ) ;
#27 = CARTESIAN_POINT ( 'NONE',  ( 5.601845733883980216, 5.626229152235330488, -1.043133908376205151E-16 ) ) ;
#28 = LINE ( 'NONE', #7114, #4337 ) ;
#29 = VERTEX_POINT ( 'NONE', #4103 ) ;
#30 = DIRECTION ( 'NONE',  ( 0.5000000000000022204, -0.8660254037844373753, 0.000000000000000000 ) ) ;
#31 = ORIENTED_EDGE ( 'NONE', *, *, #5507, .T. ) ;
#32 = CARTESIAN_POINT ( 'NONE',  ( 3.540000000000000480, 1.800000000000000488, -0.3500000000000000333 ) ) ;
#33 = PRESENTATION_STYLE_ASSIGNMENT (( #3668 ) ) ;
#34 = AXIS2_PLACEMENT_3D ( 'NONE', #5784, #2117, #1607 ) ;
#35 = VERTEX_POINT ( 'NONE', #2932 ) ;
#36 = FILL_AREA_STYLE_COLOUR ( '', #2999 ) ;
#37 = FACE_OUTER_BOUND ( 'NONE', #7412, .T. ) ;
#38 = STYLED_ITEM ( 'NONE', ( #5383 ), #4742 ) ;
#39 = EDGE_CURVE ( 'NONE', #6825, #1429, #120, .T. ) ;
#40 = CARTESIAN_POINT ( 'NONE',  ( -0.4481930454221425553, 5.884855341312109189, 0.3499999999999999223 ) ) ;
#41 = CARTESIAN_POINT ( 'NONE',  ( 1.751843070995635410, 5.771059683742045365, -0.3500000000000000333 ) ) ;
#42 = VERTEX_POINT ( 'NONE', #3511 ) ;
#43 = CARTESIAN_POINT ( 'NONE',  ( 1.853245067392238710, 10.39117142264903570, -0.6500000000000030198 ) ) ;
#44 = COLOUR_RGB ( '',0.8313725490196077761, 0.6705882352941175961, 0.1294117647058823373 ) ;
#45 = ADVANCED_FACE ( 'NONE', ( #3701, #7258 ), #6062, .T. ) ;
#46 =( NAMED_UNIT ( * ) SI_UNIT ( $, .STERADIAN. ) SOLID_ANGLE_UNIT ( ) );
#47 = ORIENTED_EDGE ( 'NONE', *, *, #1751, .T. ) ;
#48 = CIRCLE ( 'NONE', #5086, 0.3000000000000000444 ) ;
#49 = FACE_OUTER_BOUND ( 'NONE', #3318, .T. ) ;
#50 = FILL_AREA_STYLE_COLOUR ( '', #539 ) ;
#51 = EDGE_CURVE ( 'NONE', #5489, #5787, #1252, .T. ) ;
#52 = VECTOR ( 'NONE', #425, 1000.000000000000000 ) ;
#53 = CARTESIAN_POINT ( 'NONE',  ( 1.720714092337829015, 5.570187327444797276, 0.3499999999999999223 ) ) ;
#54 = CARTESIAN_POINT ( 'NONE',  ( 7.270000000000000462, 0.000000000000000000, 0.3499999999999999778 ) ) ;
#55 = DIRECTION ( 'NONE',  ( -1.000000000000000000, 0.000000000000000000, 7.744301232039316681E-17 ) ) ;
#56 = CARTESIAN_POINT ( 'NONE',  ( 6.933245067392238781, 10.39117142264903570, -0.6500000000000030198 ) ) ;
#57 = CARTESIAN_POINT ( 'NONE',  ( 8.620000000000000995, 1.800000000000000488, -0.3500000000000001443 ) ) ;
#58 = MECHANICAL_DESIGN_GEOMETRIC_PRESENTATION_REPRESENTATION (  '', ( #7121 ), #6094 ) ;
#59 = CARTESIAN_POINT ( 'NONE',  ( -0.3525240155457798341, 5.732672356334980179, -0.3499999999999999778 ) ) ;
#60 = SURFACE_SIDE_STYLE ('',( #4066 ) ) ;
#61 = ORIENTED_EDGE ( 'NONE', *, *, #4945, .F. ) ;
#62 = CARTESIAN_POINT ( 'NONE',  ( 6.039999415201713795, 3.767448265748726044, 0.3499999999999998113 ) ) ;
#63 = STYLED_ITEM ( 'NONE', ( #7099 ), #6016 ) ;
#64 = DIRECTION ( 'NONE',  ( 1.084202172485504434E-16, -1.000000000000000000, 0.000000000000000000 ) ) ;
#65 = CARTESIAN_POINT ( 'NONE',  ( 6.933245067392238781, 10.39117142264903570, -0.3500000000000017542 ) ) ;
#66 = EDGE_LOOP ( 'NONE', ( #5410, #4691, #4023, #6490 ) ) ;
#67 = FACE_OUTER_BOUND ( 'NONE', #5680, .T. ) ;
#68 =( NAMED_UNIT ( * ) SI_UNIT ( $, .STERADIAN. ) SOLID_ANGLE_UNIT ( ) );
#69 =( NAMED_UNIT ( * ) SI_UNIT ( $, .STERADIAN. ) SOLID_ANGLE_UNIT ( ) );
#70 = PRESENTATION_STYLE_ASSIGNMENT (( #5488 ) ) ;
#71 = AXIS2_PLACEMENT_3D ( 'NONE', #4747, #5500, #4116 ) ;
#72 = ORIENTED_EDGE ( 'NONE', *, *, #7720, .T. ) ;
#73 = DIRECTION ( 'NONE',  ( -0.000000000000000000, 0.000000000000000000, 1.000000000000000000 ) ) ;
#74 = FACE_OUTER_BOUND ( 'NONE', #2723, .T. ) ;
#75 = STYLED_ITEM ( 'NONE', ( #3506 ), #6717 ) ;
#76 = EDGE_LOOP ( 'NONE', ( #1297, #2942, #162, #1873 ) ) ;
#77 = CARTESIAN_POINT ( 'NONE',  ( 1.750396961982262134, 5.762359718947906551, -0.3500000000000001443 ) ) ;
#78 = ORIENTED_EDGE ( 'NONE', *, *, #4142, .F. ) ;
#79 = SURFACE_SIDE_STYLE ('',( #2567 ) ) ;
#80 =( GEOMETRIC_REPRESENTATION_CONTEXT ( 3 ) GLOBAL_UNCERTAINTY_ASSIGNED_CONTEXT ( ( #1313 ) ) GLOBAL_UNIT_ASSIGNED_CONTEXT ( ( #4087, #4791, #3499 ) ) REPRESENTATION_CONTEXT ( 'NONE', 'WORKASPACE' ) );
#81 = CARTESIAN_POINT ( 'NONE',  ( 4.580000000000001847, 6.084152315493286167, 0.3499999999999998113 ) ) ;
#82 = CARTESIAN_POINT ( 'NONE',  ( 8.265466478527304872, 3.877691542223589138, -0.3500000000000001443 ) ) ;
#83 = CARTESIAN_POINT ( 'NONE',  ( 6.080000000000000071, 1.800000000000000488, -0.3500000000000000888 ) ) ;
#84 = CARTESIAN_POINT ( 'NONE',  ( -1.000000000000000000, 0.5000000000000002220, 0.3499999999999998668 ) ) ;
#85 = AXIS2_PLACEMENT_3D ( 'NONE', #4446, #3901, #4022 ) ;
#86 = ORIENTED_EDGE ( 'NONE', *, *, #7070, .F. ) ;
#87 = DIRECTION ( 'NONE',  ( 0.000000000000000000, 0.000000000000000000, -1.000000000000000000 ) ) ;
#88 = CARTESIAN_POINT ( 'NONE',  ( 7.620000000000000107, 6.299999999999999822, 0.3499999999999998113 ) ) ;
#89 = CARTESIAN_POINT ( 'NONE',  ( 3.061845733883979737, 5.626229152235330488, -0.3500000000000000333 ) ) ;
#90 = CARTESIAN_POINT ( 'NONE',  ( 3.226754932607761361, 10.39117142264903570, -0.3500000000000017542 ) ) ;
#91 = EDGE_CURVE ( 'NONE', #4766, #42, #6784, .T. ) ;
#92 = DIRECTION ( 'NONE',  ( 0.000000000000000000, -1.000000000000000000, 1.668003342285391551E-16 ) ) ;
#93 = CARTESIAN_POINT ( 'NONE',  ( 7.470000000000000639, -3.000000000000000000, 0.3499999999999998113 ) ) ;
#94 = CARTESIAN_POINT ( 'NONE',  ( -0.7896030380177390118, 5.762359718947904774, -0.3500000000000000888 ) ) ;
#95 = EDGE_CURVE ( 'NONE', #4834, #4969, #6666, .T. ) ;
#96 = PLANE ( 'NONE',  #5032 ) ;
#97 = AXIS2_PLACEMENT_3D ( 'NONE', #5123, #437, #4520 ) ;
#98 = CARTESIAN_POINT ( 'NONE',  ( 4.080000000000000071, 6.500000000000000888, -0.3500000000000010880 ) ) ;
#99 =( NAMED_UNIT ( * ) PLANE_ANGLE_UNIT ( ) SI_UNIT ( $, .RADIAN. ) );
#100 =( NAMED_UNIT ( * ) SI_UNIT ( $, .STERADIAN. ) SOLID_ANGLE_UNIT ( ) );
#101 = ORIENTED_EDGE ( 'NONE', *, *, #499, .F. ) ;
#102 = VECTOR ( 'NONE', #6574, 1000.000000000000000 ) ;
#103 = CARTESIAN_POINT ( 'NONE',  ( 4.080000000000000071, 0.5000000000000002220, 0.3499999999999998668 ) ) ;
#104 = FILL_AREA_STYLE ('',( #4211 ) ) ;
#105 = ADVANCED_FACE ( 'NONE', ( #664 ), #3078, .F. ) ;
#106 = ORIENTED_EDGE ( 'NONE', *, *, #3492, .T. ) ;
#107 = CARTESIAN_POINT ( 'NONE',  ( 6.827514633686702972, 5.744802409713121172, -0.3500000000000001443 ) ) ;
#108 = CARTESIAN_POINT ( 'NONE',  ( -0.3499999999999990896, -2.800000000000001155, 0.3499999999999999778 ) ) ;
#109 = FILL_AREA_STYLE_COLOUR ( '', #900 ) ;
#110 = MECHANICAL_DESIGN_GEOMETRIC_PRESENTATION_REPRESENTATION (  '', ( #1497 ), #7538 ) ;
#111 = ORIENTED_EDGE ( 'NONE', *, *, #4702, .T. ) ;
#112 = EDGE_CURVE ( 'NONE', #3642, #3014, #229, .T. ) ;
#113 = FILL_AREA_STYLE ('',( #3122 ) ) ;
#114 = CARTESIAN_POINT ( 'NONE',  ( 3.240000000000000657, 0.5000000000000006661, 0.3499999999999999223 ) ) ;
#115 = STYLED_ITEM ( 'NONE', ( #4944 ), #1018 ) ;
#116 = EDGE_LOOP ( 'NONE', ( #2818, #4735, #4857, #6909 ) ) ;
#117 = CARTESIAN_POINT ( 'NONE',  ( 0.3252558198818050195, 5.589454083063163381, 0.3499999999999999778 ) ) ;
#118 = VERTEX_POINT ( 'NONE', #3116 ) ;
#119 = CARTESIAN_POINT ( 'NONE',  ( 0.000000000000000000, 8.500000000000000000, 0.8696152422706628915 ) ) ;
#120 = B_SPLINE_CURVE_WITH_KNOTS ( 'NONE', 3,
 ( #5907, #523, #5340, #4731 ),
 .UNSPECIFIED., .F., .F.,
 ( 4, 4 ),
 ( 0.000000000000000000, 1.000000000000000000 ),
 .UNSPECIFIED. ) ;
#121 = ORIENTED_EDGE ( 'NONE', *, *, #2867, .F. ) ;
#122 = VECTOR ( 'NONE', #5144, 1000.000000000000000 ) ;
#123 = FACE_OUTER_BOUND ( 'NONE', #604, .T. ) ;
#124 = CARTESIAN_POINT ( 'NONE',  ( -0.9006934952136197436, 4.786369049942374332, 0.3499999999999999223 ) ) ;
#125 = CARTESIAN_POINT ( 'NONE',  ( 1.840000000000000524, 0.8000000000000004885, -0.3500000000000000333 ) ) ;
#126 = CARTESIAN_POINT ( 'NONE',  ( -0.3500000000000000333, 0.000000000000000000, 0.3499999999999999778 ) ) ;
#127 = VERTEX_POINT ( 'NONE', #108 ) ;
#128 =( NAMED_UNIT ( * ) PLANE_ANGLE_UNIT ( ) SI_UNIT ( $, .RADIAN. ) );
#129 = CARTESIAN_POINT ( 'NONE',  ( 4.380000000000000782, 0.8000000000000004885, 0.3499999999999998668 ) ) ;
#130 = CARTESIAN_POINT ( 'NONE',  ( 1.000000000000000444, 1.800000000000000488, 0.3499999999999999778 ) ) ;
#131 = ADVANCED_FACE ( 'NONE', ( #699 ), #3195, .T. ) ;
#132 = UNCERTAINTY_MEASURE_WITH_UNIT (LENGTH_MEASURE( 1.000000000000000082E-05 ), #7068, 'distance_accuracy_value', 'NONE');
#133 = CIRCLE ( 'NONE', #1645, 0.1999999999999996503 ) ;
#134 = CARTESIAN_POINT ( 'NONE',  ( 1.853245067392238710, 6.500000000000000888, -0.3500000000000010880 ) ) ;
#135 = DIRECTION ( 'NONE',  ( 0.000000000000000000, 0.000000000000000000, -1.000000000000000000 ) ) ;
#136 =( BOUNDED_CURVE ( )  B_SPLINE_CURVE ( 3, ( #6547, #2964, #3112, #5518, #5372, #2359, #3587 ),
 .UNSPECIFIED., .F., .F. ) 
 B_SPLINE_CURVE_WITH_KNOTS ( ( 4, 3, 4 ),
 ( 0.8078321013870645162, 3.141592653589793116, 5.475353205792521827 ),
 .UNSPECIFIED. ) 
 CURVE ( )  GEOMETRIC_REPRESENTATION_ITEM ( )  RATIONAL_B_SPLINE_CURVE ( ( 1.000000000000000000, 0.5953481791230077480, 0.5953481791230077480, 1.000000000000000000, 0.5953481791230077480, 0.5953481791230077480, 1.000000000000000000 ) ) 
 REPRESENTATION_ITEM ( '' )  );
#137 = CARTESIAN_POINT ( 'NONE',  ( 0.9446954869561655643, 4.083092593512565038, -0.3499999999999998668 ) ) ;
#138 = CARTESIAN_POINT ( 'NONE',  ( 6.675723020487990489, 4.091073788932124700, 0.3499999999999999223 ) ) ;
#139 = PRESENTATION_STYLE_ASSIGNMENT (( #1359 ) ) ;
#140 = PRESENTATION_STYLE_ASSIGNMENT (( #7356 ) ) ;
#141 = SURFACE_SIDE_STYLE ('',( #3151 ) ) ;
#142 = EDGE_CURVE ( 'NONE', #5231, #6593, #4998, .T. ) ;
#143 = CARTESIAN_POINT ( 'NONE',  ( 1.000000000000000000, 0.5000000000000000000, -0.3500000000000000888 ) ) ;
#144 = ORIENTED_EDGE ( 'NONE', *, *, #6523, .F. ) ;
#145 = EDGE_CURVE ( 'NONE', #5602, #3120, #5598, .T. ) ;
#146 = SURFACE_STYLE_FILL_AREA ( #860 ) ;
#147 = CARTESIAN_POINT ( 'NONE',  ( 2.189999999999999947, 0.000000000000000000, 0.3499999999999999778 ) ) ;
#148 = CARTESIAN_POINT ( 'NONE',  ( 1.894533521472694604, 3.877691542223591359, -0.3500000000000000333 ) ) ;
#149 = EDGE_LOOP ( 'NONE', ( #3316, #1157, #2077, #7116, #3938, #1220, #2961, #5122, #2043, #4957, #7086, #4018, #4655, #5218, #3505, #2130, #3947, #3236, #2336, #6215, #6671 ) ) ;
#150 = DIRECTION ( 'NONE',  ( -0.000000000000000000, -1.000000000000000000, 1.668003342285391551E-16 ) ) ;
#151 = VERTEX_POINT ( 'NONE', #7328 ) ;
#152 = DIRECTION ( 'NONE',  ( -1.000000000000000000, 0.000000000000000000, 0.000000000000000000 ) ) ;
#153 = CARTESIAN_POINT ( 'NONE',  ( 6.080000000000000071, 1.800000000000000488, -0.3500000000000000888 ) ) ;
#154 = VECTOR ( 'NONE', #6719, 1000.000000000000000 ) ;
#155 = FILL_AREA_STYLE_COLOUR ( '', #6419 ) ;
#156 =( BOUNDED_CURVE ( )  B_SPLINE_CURVE ( 3, ( #4301, #81, #3091, #5497 ),
 .UNSPECIFIED., .F., .F. ) 
 B_SPLINE_CURVE_WITH_KNOTS ( ( 4, 4 ),
 ( 1.570796326794896336, 2.359101780428492390 ),
 .UNSPECIFIED. ) 
 CURVE ( )  GEOMETRIC_REPRESENTATION_ITEM ( )  RATIONAL_B_SPLINE_CURVE ( ( 1.000000000000000000, 0.9488815137910384667, 0.9488815137910384667, 1.000000000000000000 ) ) 
 REPRESENTATION_ITEM ( '' )  );
#157 = ORIENTED_EDGE ( 'NONE', *, *, #5532, .F. ) ;
#158 = CARTESIAN_POINT ( 'NONE',  ( 4.279832123124273302, 5.699693040756022455, 0.3499999999999999223 ) ) ;
#159 = CARTESIAN_POINT ( 'NONE',  ( 6.620000000000000107, 6.500000000000000888, -0.3500000000000010880 ) ) ;
#160 = MECHANICAL_DESIGN_GEOMETRIC_PRESENTATION_REPRESENTATION (  '', ( #1051 ), #5578 ) ;
#161 = B_SPLINE_CURVE_WITH_KNOTS ( 'NONE', 3,
 ( #153, #3278, #7399, #5708 ),
 .UNSPECIFIED., .F., .F.,
 ( 4, 4 ),
 ( 0.000000000000000000, 1.000000000000000000 ),
 .UNSPECIFIED. ) ;
#162 = ORIENTED_EDGE ( 'NONE', *, *, #7817, .T. ) ;
#163 = VERTEX_POINT ( 'NONE', #2515 ) ;
#164 = PLANE ( 'NONE',  #2938 ) ;
#165 = ORIENTED_EDGE ( 'NONE', *, *, #5756, .T. ) ;
#166 = EDGE_CURVE ( 'NONE', #5492, #6173, #2636, .T. ) ;
#167 = PLANE ( 'NONE',  #1956 ) ;
#168 = AXIS2_PLACEMENT_3D ( 'NONE', #4765, #7184, #4838 ) ;
#169 = UNCERTAINTY_MEASURE_WITH_UNIT (LENGTH_MEASURE( 1.000000000000000082E-05 ), #7167, 'distance_accuracy_value', 'NONE');
#170 = CARTESIAN_POINT ( 'NONE',  ( 5.430000000000000604, 0.000000000000000000, 0.3499999999999999778 ) ) ;
#171 = FACE_OUTER_BOUND ( 'NONE', #7395, .T. ) ;
#172 = ORIENTED_EDGE ( 'NONE', *, *, #4227, .F. ) ;
#173 = CARTESIAN_POINT ( 'NONE',  ( 4.080000000000000071, 6.500000000000000888, -0.3500000000000010880 ) ) ;
#174 = LINE ( 'NONE', #1936, #7089 ) ;
#175 = VECTOR ( 'NONE', #2937, 1000.000000000000000 ) ;
#176 = DIRECTION ( 'NONE',  ( -0.000000000000000000, 0.000000000000000000, 1.000000000000000000 ) ) ;
#177 = MECHANICAL_DESIGN_GEOMETRIC_PRESENTATION_REPRESENTATION (  '', ( #7473 ), #1685 ) ;
#178 = PLANE ( 'NONE',  #3216 ) ;
#179 = SURFACE_SIDE_STYLE ('',( #3725 ) ) ;
#180 = CARTESIAN_POINT ( 'NONE',  ( 0.9452969371955494138, 4.071564961060394339, 0.3500000000000000333 ) ) ;
#181 = DIRECTION ( 'NONE',  ( 0.000000000000000000, 1.668003342285388099E-16, 1.000000000000000000 ) ) ;
#182 = DIRECTION ( 'NONE',  ( 0.000000000000000000, 0.000000000000000000, -1.000000000000000000 ) ) ;
#183 = PRESENTATION_LAYER_ASSIGNMENT (  '', '', ( #7747 ) ) ;
#184 = ORIENTED_EDGE ( 'NONE', *, *, #6250, .T. ) ;
#185 = LINE ( 'NONE', #1444, #6487 ) ;
#186 = EDGE_CURVE ( 'NONE', #7460, #4231, #6707, .T. ) ;
#187 = ADVANCED_FACE ( 'NONE', ( #6136 ), #4960, .F. ) ;
#188 = CARTESIAN_POINT ( 'NONE',  ( -0.4999999999999985012, 6.299999999999999822, 0.3499999999999999778 ) ) ;
#189 = ORIENTED_EDGE ( 'NONE', *, *, #1203, .F. ) ;
#190 = LINE ( 'NONE', #782, #3823 ) ;
#191 = VERTEX_POINT ( 'NONE', #3979 ) ;
#192 = CARTESIAN_POINT ( 'NONE',  ( 2.861845733883979559, 5.626229152235330488, -5.215669541881025753E-17 ) ) ;
#193 = ADVANCED_FACE ( 'NONE', ( #987 ), #398, .F. ) ;
#194 = ORIENTED_EDGE ( 'NONE', *, *, #3978, .F. ) ;
#195 = CARTESIAN_POINT ( 'NONE',  ( 4.296229430279611350, 5.796998266909029418, 0.3499999999999998668 ) ) ;
#196 = LINE ( 'NONE', #6672, #7383 ) ;
#197 = SURFACE_STYLE_USAGE ( .BOTH. , #2040 ) ;
#198 = EDGE_CURVE ( 'NONE', #7292, #6752, #5748, .T. ) ;
#199 = VERTEX_POINT ( 'NONE', #357 ) ;
#200 = SURFACE_STYLE_USAGE ( .BOTH. , #3866 ) ;
#201 = ORIENTED_EDGE ( 'NONE', *, *, #3038, .F. ) ;
#202 = STYLED_ITEM ( 'NONE', ( #1896 ), #6383 ) ;
#203 = ADVANCED_FACE ( 'NONE', ( #2034 ), #5826, .F. ) ;
#204 = ORIENTED_EDGE ( 'NONE', *, *, #2734, .F. ) ;
#205 = DIRECTION ( 'NONE',  ( 0.000000000000000000, -0.000000000000000000, -1.000000000000000000 ) ) ;
#206 = PRESENTATION_LAYER_ASSIGNMENT (  '', '', ( #7510 ) ) ;
#207 = CARTESIAN_POINT ( 'NONE',  ( -0.8601643567029741977, 5.218128553112199697, 0.3499999999999999223 ) ) ;
#208 = SURFACE_SIDE_STYLE ('',( #3134 ) ) ;
#209 = DIRECTION ( 'NONE',  ( 0.000000000000000000, 1.000000000000000000, -1.668003342285391797E-16 ) ) ;
#210 =( NAMED_UNIT ( * ) SI_UNIT ( $, .STERADIAN. ) SOLID_ANGLE_UNIT ( ) );
#211 = ORIENTED_EDGE ( 'NONE', *, *, #4152, .F. ) ;
#212 = LINE ( 'NONE', #7613, #2629 ) ;
#213 = VECTOR ( 'NONE', #3872, 1000.000000000000000 ) ;
#214 = CARTESIAN_POINT ( 'NONE',  ( 4.729999999999999538, 8.000000000000000000, 0.3499999999999999778 ) ) ;
#215 = COLOUR_RGB ( '',0.8313725490196077761, 0.6705882352941175961, 0.1294117647058823373 ) ;
#216 = CARTESIAN_POINT ( 'NONE',  ( 0.7867584960353884993, 5.779404586027643731, -0.3499999999999999778 ) ) ;
#217 = DIRECTION ( 'NONE',  ( -0.7071067811865461294, -0.7071067811865490160, 0.000000000000000000 ) ) ;
#218 = CARTESIAN_POINT ( 'NONE',  ( 0.9488971023511131309, 4.001162287970013054, 0.3499999999999999223 ) ) ;
#219 = CARTESIAN_POINT ( 'NONE',  ( 8.620000000000000995, 1.121588454295350273E-16, 0.3499999999999998113 ) ) ;
#220 =( NAMED_UNIT ( * ) PLANE_ANGLE_UNIT ( ) SI_UNIT ( $, .RADIAN. ) );
#221 = FACE_OUTER_BOUND ( 'NONE', #4360, .T. ) ;
#222 = ORIENTED_EDGE ( 'NONE', *, *, #5772, .T. ) ;
#223 = DIRECTION ( 'NONE',  ( -0.000000000000000000, 1.000000000000000000, -0.000000000000000000 ) ) ;
#224 = AXIS2_PLACEMENT_3D ( 'NONE', #3237, #6743, #152 ) ;
#225 = SURFACE_STYLE_FILL_AREA ( #6824 ) ;
#226 = ORIENTED_EDGE ( 'NONE', *, *, #676, .F. ) ;
#227 = CARTESIAN_POINT ( 'NONE',  ( 3.540000000000000036, 6.500000000000000888, 0.3499999999999989231 ) ) ;
#228 = ORIENTED_EDGE ( 'NONE', *, *, #2995, .T. ) ;
#229 = LINE ( 'NONE', #192, #717 ) ;
#230 = PLANE ( 'NONE',  #5555 ) ;
#231 = ORIENTED_EDGE ( 'NONE', *, *, #3530, .F. ) ;
#232 = VECTOR ( 'NONE', #4789, 1000.000000000000000 ) ;
#233 = DIRECTION ( 'NONE',  ( -0.000000000000000000, -1.000000000000000000, 1.668003342285392044E-16 ) ) ;
#234 = CARTESIAN_POINT ( 'NONE',  ( 4.080000000000000071, 6.500000000000000888, 0.3499999999999989231 ) ) ;
#235 = LINE ( 'NONE', #2642, #3834 ) ;
#236 = ORIENTED_EDGE ( 'NONE', *, *, #2266, .T. ) ;
#237 = STYLED_ITEM ( 'NONE', ( #33 ), #714 ) ;
#238 = ORIENTED_EDGE ( 'NONE', *, *, #7233, .T. ) ;
#239 = VECTOR ( 'NONE', #2963, 1000.000000000000000 ) ;
#240 = DIRECTION ( 'NONE',  ( 0.000000000000000000, 3.097720492815727166E-16, 1.000000000000000000 ) ) ;
#241 = ADVANCED_FACE ( 'NONE', ( #6950 ), #5038, .F. ) ;
#242 = ORIENTED_EDGE ( 'NONE', *, *, #4723, .T. ) ;
#243 = EDGE_CURVE ( 'NONE', #2207, #1344, #5079, .T. ) ;
#244 = MECHANICAL_DESIGN_GEOMETRIC_PRESENTATION_REPRESENTATION (  '', ( #1874 ), #382 ) ;
#245 = EDGE_CURVE ( 'NONE', #7171, #2653, #1488, .T. ) ;
#246 = EDGE_CURVE ( 'NONE', #3420, #29, #4011, .T. ) ;
#247 = CARTESIAN_POINT ( 'NONE',  ( -0.9240581407173188433, 4.443591676418677139, 0.3500000000000000333 ) ) ;
#248 = CARTESIAN_POINT ( 'NONE',  ( 5.713148314883513379, 6.299478870653064888, -0.3500000000000001443 ) ) ;
#249 = DIRECTION ( 'NONE',  ( -1.000000000000000000, -0.000000000000000000, -0.000000000000000000 ) ) ;
#250 = LINE ( 'NONE', #4343, #3362 ) ;
#251 = ORIENTED_EDGE ( 'NONE', *, *, #2166, .T. ) ;
#252 = VECTOR ( 'NONE', #1347, 1000.000000000000000 ) ;
#253 = DIRECTION ( 'NONE',  ( -1.000000000000000000, 0.000000000000000000, 0.000000000000000000 ) ) ;
#254 = CARTESIAN_POINT ( 'NONE',  ( 3.401229900893845137, 5.207834124282261001, 0.3499999999999999223 ) ) ;
#255 = AXIS2_PLACEMENT_3D ( 'NONE', #3329, #961, #367 ) ;
#256 = CARTESIAN_POINT ( 'NONE',  ( 0.8192859076622390768, 5.570187327444200420, -0.3499999999999998668 ) ) ;
#257 = CARTESIAN_POINT ( 'NONE',  ( 2.189999999999999947, 8.199999999999999289, 0.3499999999999999778 ) ) ;
#258 = CARTESIAN_POINT ( 'NONE',  ( 1.000000000000000444, 1.800000000000000488, 0.3499999999999999778 ) ) ;
#259 = B_SPLINE_CURVE_WITH_KNOTS ( 'NONE', 3,
 ( #2173, #5795, #5341, #7573, #4569, #2892, #6999, #1580, #4064, #7738, #995, #3989, #6520, #2327, #5836, #6401, #3410, #5257, #409, #1654, #7658, #6482, #7612, #2208, #4607, #5301, #7695, #745, #4879, #3118, #32 ),
 .UNSPECIFIED., .F., .F.,
 ( 4, 1, 1, 1, 1, 1, 1, 2, 2, 1, 1, 1, 1, 2, 2, 1, 1, 1, 1, 1, 2, 2, 4 ),
 ( 0.000000000000000000, 0.06250000000001421085, 0.09375000000002159384, 0.1093750000000254796, 0.1171875000000274225, 0.1210937500000285605, 0.1230468750000291295, 0.1240234375000294070, 0.1250000000000296985, 0.1875000000000308087, 0.2187500000000316414, 0.2343750000000320299, 0.2421875000000322242, 0.2460937500000323075, 0.2500000000000323630, 0.3750000000000306422, 0.4375000000000300315, 0.4687500000000297540, 0.4843750000000298650, 0.4921875000000299205, 0.4960937500000296985, 0.5000000000000294209, 1.000000000000000000 ),
 .UNSPECIFIED. ) ;
#260 = DIRECTION ( 'NONE',  ( -1.000000000000000000, -1.084202172485504434E-16, 0.000000000000000000 ) ) ;
#261 = UNCERTAINTY_MEASURE_WITH_UNIT (LENGTH_MEASURE( 1.000000000000000082E-05 ), #7799, 'distance_accuracy_value', 'NONE');
#262 = CARTESIAN_POINT ( 'NONE',  ( -1.018126922434469523E-15, 1.700000000000000178, -0.3499999999999999778 ) ) ;
#263 =( NAMED_UNIT ( * ) PLANE_ANGLE_UNIT ( ) SI_UNIT ( $, .RADIAN. ) );
#264 = COLOUR_RGB ( '',0.8313725490196077761, 0.6705882352941175961, 0.1294117647058823373 ) ;
#265 = SURFACE_STYLE_FILL_AREA ( #5668 ) ;
#266 = EDGE_LOOP ( 'NONE', ( #5349, #1579, #2703, #776 ) ) ;
#267 = CARTESIAN_POINT ( 'NONE',  ( 2.189999999999999947, 8.199999999999999289, 0.3499999999999999778 ) ) ;
#268 = STYLED_ITEM ( 'NONE', ( #2148 ), #2393 ) ;
#269 = LINE ( 'NONE', #1410, #5734 ) ;
#270 = ORIENTED_EDGE ( 'NONE', *, *, #3539, .F. ) ;
#271 = SURFACE_STYLE_USAGE ( .BOTH. , #4361 ) ;
#272 = VERTEX_POINT ( 'NONE', #1096 ) ;
#273 = DIRECTION ( 'NONE',  ( -0.5000000000000022204, -0.8660254037844373753, 0.000000000000000000 ) ) ;
#274 = DIRECTION ( 'NONE',  ( 1.084202172485504434E-16, -1.000000000000000000, 0.000000000000000000 ) ) ;
#275 = VECTOR ( 'NONE', #3747, 1000.000000000000000 ) ;
#276 = ORIENTED_EDGE ( 'NONE', *, *, #1993, .T. ) ;
#277 = VECTOR ( 'NONE', #5351, 1000.000000000000000 ) ;
#278 = FACE_OUTER_BOUND ( 'NONE', #908, .T. ) ;
#279 = FILL_AREA_STYLE ('',( #6956 ) ) ;
#280 = ORIENTED_EDGE ( 'NONE', *, *, #2434, .F. ) ;
#281 = DIRECTION ( 'NONE',  ( -1.000000000000000000, 0.000000000000000000, 0.000000000000000000 ) ) ;
#282 = VECTOR ( 'NONE', #4377, 1000.000000000000000 ) ;
#283 = EDGE_CURVE ( 'NONE', #1677, #3436, #6584, .T. ) ;
#284 = ORIENTED_EDGE ( 'NONE', *, *, #1074, .F. ) ;
#285 = FACE_OUTER_BOUND ( 'NONE', #1185, .T. ) ;
#286 = ORIENTED_EDGE ( 'NONE', *, *, #1432, .T. ) ;
#287 = UNCERTAINTY_MEASURE_WITH_UNIT (LENGTH_MEASURE( 1.000000000000000082E-05 ), #4601, 'distance_accuracy_value', 'NONE');
#288 =( GEOMETRIC_REPRESENTATION_CONTEXT ( 3 ) GLOBAL_UNCERTAINTY_ASSIGNED_CONTEXT ( ( #4621 ) ) GLOBAL_UNIT_ASSIGNED_CONTEXT ( ( #7554, #1562, #1089 ) ) REPRESENTATION_CONTEXT ( 'NONE', 'WORKASPACE' ) );
#289 = SURFACE_STYLE_USAGE ( .BOTH. , #883 ) ;
#290 = CARTESIAN_POINT ( 'NONE',  ( 1.540000000000000036, 0.5000000000000000000, -0.3500000000000000888 ) ) ;
#291 = DIRECTION ( 'NONE',  ( 0.000000000000000000, -1.000000000000000000, 1.668003342285391551E-16 ) ) ;
#292 =( NAMED_UNIT ( * ) SI_UNIT ( $, .STERADIAN. ) SOLID_ANGLE_UNIT ( ) );
#293 = CARTESIAN_POINT ( 'NONE',  ( 9.090000000000001634, 0.000000000000000000, -0.6499999999999991340 ) ) ;
#294 = EDGE_CURVE ( 'NONE', #3124, #949, #3472, .T. ) ;
#295 = EDGE_LOOP ( 'NONE', ( #6796, #752, #7735, #1485 ) ) ;
#296 = ORIENTED_EDGE ( 'NONE', *, *, #1424, .F. ) ;
#297 = CARTESIAN_POINT ( 'NONE',  ( 8.482626047459934426, 5.194217234910147418, 0.3499999999999998113 ) ) ;
#298 = ADVANCED_FACE ( 'NONE', ( #7765 ), #3581, .F. ) ;
#299 = VECTOR ( 'NONE', #2840, 1000.000000000000000 ) ;
#300 = CARTESIAN_POINT ( 'NONE',  ( -0.3500000000000000333, 8.199999999999999289, 0.3499999999999999778 ) ) ;
#301 = CARTESIAN_POINT ( 'NONE',  ( 7.120000000000001883, 6.084152315493286167, 0.3499999999999998668 ) ) ;
#302 = FACE_OUTER_BOUND ( 'NONE', #5720, .T. ) ;
#303 = CARTESIAN_POINT ( 'NONE',  ( 6.719306504786380252, 4.786369049942376108, 0.3499999999999998113 ) ) ;
#304 = VECTOR ( 'NONE', #5491, 1000.000000000000114 ) ;
#305 = DIRECTION ( 'NONE',  ( 0.000000000000000000, -1.668003342285391551E-16, -1.000000000000000000 ) ) ;
#306 = SURFACE_SIDE_STYLE ('',( #6857 ) ) ;
#307 = LINE ( 'NONE', #4396, #6 ) ;
#308 = ADVANCED_FACE ( 'NONE', ( #4129 ), #3920, .T. ) ;
#309 = CARTESIAN_POINT ( 'NONE',  ( -0.6999999999999995115, 0.8000000000000004885, 0.3499999999999999778 ) ) ;
#310 = EDGE_LOOP ( 'NONE', ( #1190, #3054, #1006, #6860 ) ) ;
#311 = AXIS2_PLACEMENT_3D ( 'NONE', #833, #2126, #4524 ) ;
#312 = CARTESIAN_POINT ( 'NONE',  ( 2.190000000000000835, -1.084202172485501815E-17, 0.3499999999999999223 ) ) ;
#313 = CARTESIAN_POINT ( 'NONE',  ( 0.3500000000000008105, 0.5000000000000005551, 0.3499999999999999778 ) ) ;
#314 = ADVANCED_FACE ( 'NONE', ( #5403 ), #1796, .F. ) ;
#315 = LINE ( 'NONE', #7476, #1825 ) ;
#316 = ORIENTED_EDGE ( 'NONE', *, *, #4620, .F. ) ;
#317 = CYLINDRICAL_SURFACE ( 'NONE', #2045, 0.2000000000000000944 ) ;
#318 = ORIENTED_EDGE ( 'NONE', *, *, #3951, .T. ) ;
#319 = CARTESIAN_POINT ( 'NONE',  ( 9.090000000000001634, 0.000000000000000000, 1.199999999999999734 ) ) ;
#320 = VERTEX_POINT ( 'NONE', #7100 ) ;
#321 = CARTESIAN_POINT ( 'NONE',  ( 2.890000000000001013, -2.800000000000001155, -0.3500000000000000333 ) ) ;
#322 =( LENGTH_UNIT ( ) NAMED_UNIT ( * ) SI_UNIT ( .MILLI., .METRE. ) );
#323 = MECHANICAL_DESIGN_GEOMETRIC_PRESENTATION_REPRESENTATION (  '', ( #2845 ), #2453 ) ;
#324 = VERTEX_POINT ( 'NONE', #1682 ) ;
#325 =( NAMED_UNIT ( * ) PLANE_ANGLE_UNIT ( ) SI_UNIT ( $, .RADIAN. ) );
#326 = ORIENTED_EDGE ( 'NONE', *, *, #6250, .F. ) ;
#327 = DIRECTION ( 'NONE',  ( 3.097720492815726426E-17, -1.000000000000000000, 0.000000000000000000 ) ) ;
#328 = PRESENTATION_STYLE_ASSIGNMENT (( #3905 ) ) ;
#329 = STYLED_ITEM ( 'NONE', ( #7714 ), #6336 ) ;
#330 = ORIENTED_EDGE ( 'NONE', *, *, #5460, .F. ) ;
#331 = DIRECTION ( 'NONE',  ( 0.000000000000000000, 1.000000000000000000, -1.668003342285391797E-16 ) ) ;
#332 = LINE ( 'NONE', #5142, #3732 ) ;
#333 = AXIS2_PLACEMENT_3D ( 'NONE', #7623, #2181, #2140 ) ;
#334 = DIRECTION ( 'NONE',  ( -0.6546536707079765316, -0.3779644730092291960, -0.6546536707079765316 ) ) ;
#335 = DIRECTION ( 'NONE',  ( 1.121588454295349533E-16, -1.000000000000000000, 0.000000000000000000 ) ) ;
#336 = FACE_OUTER_BOUND ( 'NONE', #2586, .T. ) ;
#337 = FILL_AREA_STYLE ('',( #7009 ) ) ;
#338 = ORIENTED_EDGE ( 'NONE', *, *, #5627, .T. ) ;
#339 = ORIENTED_EDGE ( 'NONE', *, *, #6374, .T. ) ;
#340 = CARTESIAN_POINT ( 'NONE',  ( -1.469999999999999973, 0.000000000000000000, 1.199999999999999956 ) ) ;
#341 = EDGE_CURVE ( 'NONE', #1591, #839, #4092, .T. ) ;
#342 = CARTESIAN_POINT ( 'NONE',  ( 9.090000000000001634, 0.000000000000000000, 1.199999999999999734 ) ) ;
#343 =( NAMED_UNIT ( * ) SI_UNIT ( $, .STERADIAN. ) SOLID_ANGLE_UNIT ( ) );
#344 = CARTESIAN_POINT ( 'NONE',  ( 1.540000000000000480, 1.800000000000000488, 0.3849999999999998979 ) ) ;
#345 = VECTOR ( 'NONE', #4379, 1000.000000000000000 ) ;
#346 = FILL_AREA_STYLE_COLOUR ( '', #5773 ) ;
#347 = CARTESIAN_POINT ( 'NONE',  ( 3.240000000000000657, 0.8000000000000007105, 0.3499999999999999223 ) ) ;
#348 = ORIENTED_EDGE ( 'NONE', *, *, #5440, .F. ) ;
#349 = EDGE_CURVE ( 'NONE', #1462, #605, #3503, .T. ) ;
#350 = PRESENTATION_LAYER_ASSIGNMENT (  '', '', ( #600 ) ) ;
#351 = CARTESIAN_POINT ( 'NONE',  ( 0.6000000000000005329, 6.299999999999999822, -0.3499999999999999778 ) ) ;
#352 = ADVANCED_FACE ( 'NONE', ( #7134 ), #5938, .F. ) ;
#353 = CARTESIAN_POINT ( 'NONE',  ( 5.579999999999999183, 6.299999999999999822, 0.3499999999999998668 ) ) ;
#354 = CARTESIAN_POINT ( 'NONE',  ( -0.9527233231640309663, 3.923639721076771725, -0.3500000000000000333 ) ) ;
#355 = ORIENTED_EDGE ( 'NONE', *, *, #5070, .F. ) ;
#356 = VERTEX_POINT ( 'NONE', #3031 ) ;
#357 = CARTESIAN_POINT ( 'NONE',  ( 4.080000000000000959, 0.8000000000000004885, -0.3500000000000000888 ) ) ;
#358 = CARTESIAN_POINT ( 'NONE',  ( -1.469999999999999973, 8.500000000000000000, -1.199999999999999956 ) ) ;
#359 = ORIENTED_EDGE ( 'NONE', *, *, #3568, .F. ) ;
#360 = EDGE_CURVE ( 'NONE', #364, #5262, #4906, .T. ) ;
#361 = VECTOR ( 'NONE', #5368, 1000.000000000000000 ) ;
#362 = CARTESIAN_POINT ( 'NONE',  ( 8.220000000000000639, 6.299999999999999822, 0.3499999999999998113 ) ) ;
#363 =( LENGTH_UNIT ( ) NAMED_UNIT ( * ) SI_UNIT ( .MILLI., .METRE. ) );
#364 = VERTEX_POINT ( 'NONE', #98 ) ;
#365 = LINE ( 'NONE', #2759, #1292 ) ;
#366 = ORIENTED_EDGE ( 'NONE', *, *, #4972, .F. ) ;
#367 = DIRECTION ( 'NONE',  ( 0.000000000000000000, 0.000000000000000000, -1.000000000000000000 ) ) ;
#368 =( GEOMETRIC_REPRESENTATION_CONTEXT ( 3 ) GLOBAL_UNCERTAINTY_ASSIGNED_CONTEXT ( ( #1684 ) ) GLOBAL_UNIT_ASSIGNED_CONTEXT ( ( #5156, #220, #5066 ) ) REPRESENTATION_CONTEXT ( 'NONE', 'WORKASPACE' ) );
#369 = SURFACE_SIDE_STYLE ('',( #1542 ) ) ;
#370 = ORIENTED_EDGE ( 'NONE', *, *, #1640, .F. ) ;
#371 = PRODUCT_DEFINITION ( 'UNKNOWN', '', #6543, #3908 ) ;
#372 = EDGE_CURVE ( 'NONE', #4502, #320, #2432, .T. ) ;
#373 = CARTESIAN_POINT ( 'NONE',  ( 5.680000000000000604, 6.299999999999999822, -0.1166666666666668489 ) ) ;
#374 = LINE ( 'NONE', #3687, #4117 ) ;
#375 = PRESENTATION_LAYER_ASSIGNMENT (  '', '', ( #237 ) ) ;
#376 = LINE ( 'NONE', #3699, #2204 ) ;
#377 = CARTESIAN_POINT ( 'NONE',  ( 0.4481930454221421667, 5.884855341312110077, -0.3499999999999999778 ) ) ;
#378 =( LENGTH_UNIT ( ) NAMED_UNIT ( * ) SI_UNIT ( .MILLI., .METRE. ) );
#379 = ORIENTED_EDGE ( 'NONE', *, *, #145, .F. ) ;
#380 = ORIENTED_EDGE ( 'NONE', *, *, #3391, .T. ) ;
#381 = CARTESIAN_POINT ( 'NONE',  ( 8.407536108384569218, 5.774771377977486964, 0.3499999999999999223 ) ) ;
#382 =( GEOMETRIC_REPRESENTATION_CONTEXT ( 3 ) GLOBAL_UNCERTAINTY_ASSIGNED_CONTEXT ( ( #3364 ) ) GLOBAL_UNIT_ASSIGNED_CONTEXT ( ( #619, #5935, #2352 ) ) REPRESENTATION_CONTEXT ( 'NONE', 'WORKASPACE' ) );
#383 = PRESENTATION_STYLE_ASSIGNMENT (( #6936 ) ) ;
#384 = CARTESIAN_POINT ( 'NONE',  ( -0.9999999999999996669, 6.299999999999999822, -0.1283333333333334936 ) ) ;
#385 = VECTOR ( 'NONE', #6856, 1000.000000000000000 ) ;
#386 = CARTESIAN_POINT ( 'NONE',  ( 0.7871219925015897623, 5.777242093666581368, 0.3500000000000000888 ) ) ;
#387 = CARTESIAN_POINT ( 'NONE',  ( 4.754744180118195551, 5.589454083063166046, 0.3499999999999998668 ) ) ;
#388 = CARTESIAN_POINT ( 'NONE',  ( 0.3252558198818050750, 5.589454083063163381, -0.3499999999999999778 ) ) ;
#389 = LINE ( 'NONE', #7021, #3789 ) ;
#390 = DIRECTION ( 'NONE',  ( -0.000000000000000000, -0.000000000000000000, -1.000000000000000000 ) ) ;
#391 = ORIENTED_EDGE ( 'NONE', *, *, #2023, .F. ) ;
#392 = STYLED_ITEM ( 'NONE', ( #2986 ), #1722 ) ;
#393 = CARTESIAN_POINT ( 'NONE',  ( 4.080000000000000959, 6.299999999999999822, -0.1283333333333336046 ) ) ;
#394 =( LENGTH_UNIT ( ) NAMED_UNIT ( * ) SI_UNIT ( .MILLI., .METRE. ) );
#395 = DIRECTION ( 'NONE',  ( 0.000000000000000000, 0.000000000000000000, -1.000000000000000000 ) ) ;
#396 = ORIENTED_EDGE ( 'NONE', *, *, #3447, .T. ) ;
#397 = DIRECTION ( 'NONE',  ( -1.121588454295349780E-16, 1.000000000000000000, 0.000000000000000000 ) ) ;
#398 = PLANE ( 'NONE',  #7393 ) ;
#399 = DIRECTION ( 'NONE',  ( -0.7071067811865489050, 0.7071067811865460184, -0.000000000000000000 ) ) ;
#400 = ADVANCED_FACE ( 'NONE', ( #7386, #3729 ), #1979, .T. ) ;
#401 = ORIENTED_EDGE ( 'NONE', *, *, #7477, .T. ) ;
#402 = VECTOR ( 'NONE', #4590, 1000.000000000000000 ) ;
#403 = DIRECTION ( 'NONE',  ( 0.000000000000000000, -1.000000000000000000, 1.668003342285391797E-16 ) ) ;
#404 =( NAMED_UNIT ( * ) PLANE_ANGLE_UNIT ( ) SI_UNIT ( $, .RADIAN. ) );
#405 = FILL_AREA_STYLE_COLOUR ( '', #44 ) ;
#406 = EDGE_LOOP ( 'NONE', ( #5247, #518, #2142, #2481, #7061, #7784, #497, #6253 ) ) ;
#407 = DIRECTION ( 'NONE',  ( 0.000000000000000000, 0.000000000000000000, -1.000000000000000000 ) ) ;
#408 = ORIENTED_EDGE ( 'NONE', *, *, #6372, .T. ) ;
#409 = CARTESIAN_POINT ( 'NONE',  ( 3.400164356702979784, 5.218128553112158841, -0.3500000000000000333 ) ) ;
#410 = PRESENTATION_LAYER_ASSIGNMENT (  '', '', ( #2789 ) ) ;
#411 = VECTOR ( 'NONE', #6890, 1000.000000000000000 ) ;
#412 = DIRECTION ( 'NONE',  ( 1.000000000000000000, 1.084202172485504434E-16, 0.000000000000000000 ) ) ;
#413 = EDGE_CURVE ( 'NONE', #511, #6173, #1941, .T. ) ;
#414 = ORIENTED_EDGE ( 'NONE', *, *, #186, .T. ) ;
#415 = CARTESIAN_POINT ( 'NONE',  ( 3.540000000000000480, 1.800000000000000488, -0.3500000000000000333 ) ) ;
#416 = EDGE_CURVE ( 'NONE', #4740, #1891, #4948, .T. ) ;
#417 = DIRECTION ( 'NONE',  ( 0.000000000000000000, 3.097720492815727166E-16, 1.000000000000000000 ) ) ;
#418 = VECTOR ( 'NONE', #3602, 1000.000000000000000 ) ;
#419 = LINE ( 'NONE', #5686, #2702 ) ;
#420 = DIRECTION ( 'NONE',  ( -1.000000000000000000, -0.000000000000000000, -0.000000000000000000 ) ) ;
#421 = CARTESIAN_POINT ( 'NONE',  ( 2.187475984454220423, 5.732672356334980179, 0.3499999999999999223 ) ) ;
#422 = ORIENTED_EDGE ( 'NONE', *, *, #2318, .F. ) ;
#423 = VERTEX_POINT ( 'NONE', #4395 ) ;
#424 = CARTESIAN_POINT ( 'NONE',  ( 8.487834886700804660, 5.142569796484737665, 0.3499999999999997002 ) ) ;
#425 = DIRECTION ( 'NONE',  ( -1.000000000000000000, -0.000000000000000000, -0.000000000000000000 ) ) ;
#426 = SURFACE_SIDE_STYLE ('',( #937 ) ) ;
#427 =( NAMED_UNIT ( * ) PLANE_ANGLE_UNIT ( ) SI_UNIT ( $, .RADIAN. ) );
#428 = CARTESIAN_POINT ( 'NONE',  ( 4.580000000000001847, 6.084152315493286167, 0.3499999999999998668 ) ) ;
#429 = CARTESIAN_POINT ( 'NONE',  ( 4.729999999999999538, 0.000000000000000000, 0.3499999999999999778 ) ) ;
#430 = CARTESIAN_POINT ( 'NONE',  ( -1.469999999999999973, 0.5000000000000000000, -0.6499999999999989120 ) ) ;
#431 = ORIENTED_EDGE ( 'NONE', *, *, #2295, .F. ) ;
#433 = ADVANCED_FACE ( 'NONE', ( #5513 ), #7320, .T. ) ;
#432 = DIRECTION ( 'NONE',  ( 1.121588454295349533E-16, -1.000000000000000000, 0.000000000000000000 ) ) ;
#434 = MECHANICAL_DESIGN_GEOMETRIC_PRESENTATION_REPRESENTATION (  '', ( #800 ), #2430 ) ;
#435 = LINE ( 'NONE', #6505, #7254 ) ;
#436 = ORIENTED_EDGE ( 'NONE', *, *, #3198, .T. ) ;
#437 = DIRECTION ( 'NONE',  ( 0.000000000000000000, -1.668003342285391551E-16, -1.000000000000000000 ) ) ;
#438 = CARTESIAN_POINT ( 'NONE',  ( 6.933245067392238781, 0.5000000000000002220, 0.6500000000000011324 ) ) ;
#439 = VECTOR ( 'NONE', #7742, 1000.000000000000000 ) ;
#440 = ORIENTED_EDGE ( 'NONE', *, *, #2329, .F. ) ;
#441 = FACE_OUTER_BOUND ( 'NONE', #2127, .T. ) ;
#442 = CARTESIAN_POINT ( 'NONE',  ( 6.933245067392238781, 8.000000000000000000, -0.6500000000000030198 ) ) ;
#443 = PRESENTATION_LAYER_ASSIGNMENT (  '', '', ( #2960 ) ) ;
#444 = ADVANCED_FACE ( 'NONE', ( #7429 ), #2556, .T. ) ;
#445 = ORIENTED_EDGE ( 'NONE', *, *, #4143, .F. ) ;
#446 = LINE ( 'NONE', #2848, #6201 ) ;
#447 = VERTEX_POINT ( 'NONE', #815 ) ;
#448 = DIRECTION ( 'NONE',  ( -1.000000000000000000, 0.000000000000000000, 0.000000000000000000 ) ) ;
#449 = SURFACE_STYLE_USAGE ( .BOTH. , #369 ) ;
#450 = ORIENTED_EDGE ( 'NONE', *, *, #1113, .F. ) ;
#451 = VECTOR ( 'NONE', #3614, 1000.000000000000000 ) ;
#452 = CARTESIAN_POINT ( 'NONE',  ( 2.690000000000002167, -3.000000000000000000, 0.3499999999999999223 ) ) ;
#453 =( BOUNDED_CURVE ( )  B_SPLINE_CURVE ( 3, ( #7511, #6464, #2873, #5927, #4158, #2383, #545 ),
 .UNSPECIFIED., .F., .F. ) 
 B_SPLINE_CURVE_WITH_KNOTS ( ( 4, 3, 4 ),
 ( 0.8078321013870641831, 3.141592653589792228, 5.475353205792520939 ),
 .UNSPECIFIED. ) 
 CURVE ( )  GEOMETRIC_REPRESENTATION_ITEM ( )  RATIONAL_B_SPLINE_CURVE ( ( 1.000000000000000000, 0.5953481791230080811, 0.5953481791230080811, 1.000000000000000000, 0.5953481791230077480, 0.5953481791230077480, 1.000000000000000000 ) ) 
 REPRESENTATION_ITEM ( '' )  );
#454 = FILL_AREA_STYLE_COLOUR ( '', #6862 ) ;
#455 = ADVANCED_FACE ( 'NONE', ( #2783 ), #3265, .T. ) ;
#456 = CARTESIAN_POINT ( 'NONE',  ( 2.040000000000001812, 6.084152315493286167, 0.3499999999999998113 ) ) ;
#457 = CARTESIAN_POINT ( 'NONE',  ( 1.000000000000000000, 0.5000000000000002220, 0.3499999999999998668 ) ) ;
#458 = EDGE_LOOP ( 'NONE', ( #7684, #3249, #3999, #6224 ) ) ;
#459 = VECTOR ( 'NONE', #5195, 1000.000000000000000 ) ;
#460 = VERTEX_POINT ( 'NONE', #3886 ) ;
#461 = SURFACE_STYLE_FILL_AREA ( #6412 ) ;
#462 = EDGE_CURVE ( 'NONE', #5732, #3709, #5739, .T. ) ;
#463 = VECTOR ( 'NONE', #7248, 1000.000000000000000 ) ;
#464 = EDGE_CURVE ( 'NONE', #1059, #3824, #453, .T. ) ;
#465 = FACE_OUTER_BOUND ( 'NONE', #266, .T. ) ;
#466 = FILL_AREA_STYLE_COLOUR ( '', #6499 ) ;
#467 = CARTESIAN_POINT ( 'NONE',  ( 8.620000000000000995, 1.121588454295350273E-16, -0.3500000000000001443 ) ) ;
#468 =( BOUNDED_SURFACE ( )  B_SPLINE_SURFACE ( 2, 3, ( 
 ( #4845, #4220, #6639, #7740 ),
 ( #6558, #5955, #565, #7263 ),
 ( #5382, #2370, #7113, #1221 ) ),
 .UNSPECIFIED., .F., .F., .F. ) 
 B_SPLINE_SURFACE_WITH_KNOTS ( ( 3, 3 ),
 ( 4, 4 ),
 ( 0.000000000000000000, 1.000000000000000000 ),
 ( -0.0007349999999999999763, 3.500000000000000371E-05 ),
 .UNSPECIFIED. ) 
 GEOMETRIC_REPRESENTATION_ITEM ( )  RATIONAL_B_SPLINE_SURFACE ( (
 ( 1.000000000000000000, 1.000000000000000000, 1.000000000000000000, 1.000000000000000000),
 ( 0.7071067811865475727, 0.7071067811865475727, 0.7071067811865475727, 0.7071067811865475727),
 ( 1.000000000000000000, 1.000000000000000000, 1.000000000000000000, 1.000000000000000000) ) ) 
 REPRESENTATION_ITEM ( '' )  SURFACE ( )  );
#469 =( GEOMETRIC_REPRESENTATION_CONTEXT ( 3 ) GLOBAL_UNCERTAINTY_ASSIGNED_CONTEXT ( ( #3141 ) ) GLOBAL_UNIT_ASSIGNED_CONTEXT ( ( #378, #3916, #6454 ) ) REPRESENTATION_CONTEXT ( 'NONE', 'WORKASPACE' ) );
#470 = DIRECTION ( 'NONE',  ( -0.000000000000000000, -1.668003342285391551E-16, -1.000000000000000000 ) ) ;
#471 = VERTEX_POINT ( 'NONE', #5239 ) ;
#472 = EDGE_CURVE ( 'NONE', #2141, #7460, #5857, .T. ) ;
#473 = CARTESIAN_POINT ( 'NONE',  ( 0.6000000000000005329, 6.299999999999999822, 0.1166666666666665853 ) ) ;
#474 = EDGE_CURVE ( 'NONE', #199, #3739, #5359, .T. ) ;
#475 = DIRECTION ( 'NONE',  ( -1.000000000000000000, -1.084202172485504434E-16, 0.000000000000000000 ) ) ;
#476 = ORIENTED_EDGE ( 'NONE', *, *, #3773, .T. ) ;
#477 = LINE ( 'NONE', #3400, #3452 ) ;
#478 =( NAMED_UNIT ( * ) PLANE_ANGLE_UNIT ( ) SI_UNIT ( $, .RADIAN. ) );
#479 = AXIS2_PLACEMENT_3D ( 'NONE', #648, #4198, #4715 ) ;
#480 = ORIENTED_EDGE ( 'NONE', *, *, #6680, .F. ) ;
#481 =( NAMED_UNIT ( * ) PLANE_ANGLE_UNIT ( ) SI_UNIT ( $, .RADIAN. ) );
#482 = DIRECTION ( 'NONE',  ( 1.000000000000000000, 0.000000000000000000, -7.744301232039316681E-17 ) ) ;
#483 = FACE_OUTER_BOUND ( 'NONE', #2444, .T. ) ;
#484 = VECTOR ( 'NONE', #5140, 1000.000000000000000 ) ;
#485 = ORIENTED_EDGE ( 'NONE', *, *, #5442, .F. ) ;
#486 = DIRECTION ( 'NONE',  ( -0.000000000000000000, 1.000000000000000000, -0.000000000000000000 ) ) ;
#487 = ORIENTED_EDGE ( 'NONE', *, *, #7804, .F. ) ;
#488 = CARTESIAN_POINT ( 'NONE',  ( 3.540000000000000036, 6.500000000000000888, -0.3500000000000010880 ) ) ;
#489 =( LENGTH_UNIT ( ) NAMED_UNIT ( * ) SI_UNIT ( .MILLI., .METRE. ) );
#490 = ORIENTED_EDGE ( 'NONE', *, *, #6529, .F. ) ;
#491 = CLOSED_SHELL ( 'NONE', ( #4276, #1011, #193, #3663, #3056, #6861, #3911, #2121, #2088, #2036, #7013, #2282, #5816, #1152, #6768, #6703, #5574, #6336, #5515, #5129, #828, #2393, #5464 ) ) ;
#492 = ADVANCED_FACE ( 'NONE', ( #7755 ), #5279, .F. ) ;
#493 = CARTESIAN_POINT ( 'NONE',  ( 8.620000000000000995, 0.8000000000000007105, 0.3499999999999998113 ) ) ;
#494 = CARTESIAN_POINT ( 'NONE',  ( 4.930000000000001492, -3.000000000000000000, -0.3500000000000000888 ) ) ;
#495 = DIRECTION ( 'NONE',  ( 0.000000000000000000, -1.000000000000000000, 1.668003342285391797E-16 ) ) ;
#496 = SURFACE_STYLE_FILL_AREA ( #1114 ) ;
#497 = ORIENTED_EDGE ( 'NONE', *, *, #416, .T. ) ;
#498 = ORIENTED_EDGE ( 'NONE', *, *, #2029, .F. ) ;
#499 = EDGE_CURVE ( 'NONE', #163, #4630, #7636, .T. ) ;
#500 = DIRECTION ( 'NONE',  ( -0.000000000000000000, -1.000000000000000000, 1.668003342285392044E-16 ) ) ;
#501 = STYLED_ITEM ( 'NONE', ( #5543 ), #653 ) ;
#502 = CARTESIAN_POINT ( 'NONE',  ( 9.090000000000001634, 0.5000000000000002220, 0.6500000000000010214 ) ) ;
#503 = DIRECTION ( 'NONE',  ( 1.000000000000000000, 0.000000000000000000, 0.000000000000000000 ) ) ;
#504 = FACE_OUTER_BOUND ( 'NONE', #1231, .T. ) ;
#505 = DIRECTION ( 'NONE',  ( 0.000000000000000000, 0.000000000000000000, -1.000000000000000000 ) ) ;
#506 = VECTOR ( 'NONE', #6785, 1000.000000000000000 ) ;
#507 = CARTESIAN_POINT ( 'NONE',  ( 0.000000000000000000, 6.299999999999999822, 0.3499999999999999778 ) ) ;
#508 = DIRECTION ( 'NONE',  ( 1.000000000000000000, 0.000000000000000000, 0.000000000000000000 ) ) ;
#509 = AXIS2_PLACEMENT_3D ( 'NONE', #7069, #7689, #2285 ) ;
#510 = ADVANCED_FACE ( 'NONE', ( #1016 ), #1087, .F. ) ;
#511 = VERTEX_POINT ( 'NONE', #5393 ) ;
#512 = CARTESIAN_POINT ( 'NONE',  ( 1.558339320387593485, 3.374693912574938448, 0.3499999999999999223 ) ) ;
#513 =( GEOMETRIC_REPRESENTATION_CONTEXT ( 3 ) GLOBAL_UNCERTAINTY_ASSIGNED_CONTEXT ( ( #915 ) ) GLOBAL_UNIT_ASSIGNED_CONTEXT ( ( #7426, #4427, #4349 ) ) REPRESENTATION_CONTEXT ( 'NONE', 'WORKASPACE' ) );
#514 = CARTESIAN_POINT ( 'NONE',  ( 0.9650000000000007461, -1.575000000000006173, 0.3499999999999999223 ) ) ;
#515 = EDGE_CURVE ( 'NONE', #4480, #7337, #6534, .T. ) ;
#516 = CARTESIAN_POINT ( 'NONE',  ( 6.620000000000000995, 1.800000000000000488, 0.3849999999999998423 ) ) ;
#517 = UNCERTAINTY_MEASURE_WITH_UNIT (LENGTH_MEASURE( 1.000000000000000082E-05 ), #7791, 'distance_accuracy_value', 'NONE');
#518 = ORIENTED_EDGE ( 'NONE', *, *, #7546, .T. ) ;
#519 = PLANE ( 'NONE',  #701 ) ;
#520 = VECTOR ( 'NONE', #1558, 1000.000000000000000 ) ;
#521 = ORIENTED_EDGE ( 'NONE', *, *, #7593, .T. ) ;
#522 = CARTESIAN_POINT ( 'NONE',  ( -1.469999999999999973, 8.500000000000000000, 1.199999999999999956 ) ) ;
#523 = CARTESIAN_POINT ( 'NONE',  ( 4.080000000000000959, 1.800000000000000044, 0.1166666666666664742 ) ) ;
#524 = FACE_OUTER_BOUND ( 'NONE', #3917, .T. ) ;
#525 = EDGE_LOOP ( 'NONE', ( #6070, #736, #4434, #837 ) ) ;
#526 = AXIS2_PLACEMENT_3D ( 'NONE', #3940, #5080, #1371 ) ;
#527 = SURFACE_STYLE_FILL_AREA ( #3514 ) ;
#528 = LINE ( 'NONE', #5306, #175 ) ;
#529 = CARTESIAN_POINT ( 'NONE',  ( -0.3525240155457798341, 5.732672356334980179, 0.3499999999999999778 ) ) ;
#530 = VECTOR ( 'NONE', #7501, 1000.000000000000000 ) ;
#531 = SURFACE_STYLE_FILL_AREA ( #4111 ) ;
#532 = AXIS2_PLACEMENT_3D ( 'NONE', #3188, #1404, #1362 ) ;
#533 = VERTEX_POINT ( 'NONE', #3571 ) ;
#534 = ORIENTED_EDGE ( 'NONE', *, *, #7307, .T. ) ;
#535 = FACE_OUTER_BOUND ( 'NONE', #3190, .T. ) ;
#536 = ORIENTED_EDGE ( 'NONE', *, *, #3962, .F. ) ;
#537 = EDGE_CURVE ( 'NONE', #2915, #4849, #1748, .T. ) ;
#538 = AXIS2_PLACEMENT_3D ( 'NONE', #5679, #2084, #2000 ) ;
#539 = COLOUR_RGB ( '',0.8313725490196077761, 0.6705882352941175961, 0.1294117647058823373 ) ;
#540 = SURFACE_STYLE_USAGE ( .BOTH. , #3523 ) ;
#541 = EDGE_CURVE ( 'NONE', #5037, #6989, #2871, .T. ) ;
#542 = PRESENTATION_STYLE_ASSIGNMENT (( #6533 ) ) ;
#543 = PLANE ( 'NONE',  #4909 ) ;
#544 = MECHANICAL_DESIGN_GEOMETRIC_PRESENTATION_REPRESENTATION (  '', ( #3185 ), #1786 ) ;
#545 = CARTESIAN_POINT ( 'NONE',  ( 0.3252558198818050195, 5.589454083063163381, 0.3499999999999999778 ) ) ;
#546 = CARTESIAN_POINT ( 'NONE',  ( 6.620000000000000107, 6.500000000000000888, -0.3500000000000010880 ) ) ;
#547 = ORIENTED_EDGE ( 'NONE', *, *, #2829, .T. ) ;
#548 = DIRECTION ( 'NONE',  ( 0.000000000000000000, 0.000000000000000000, 1.000000000000000000 ) ) ;
#549 = LINE ( 'NONE', #1794, #3227 ) ;
#550 = ADVANCED_FACE ( 'NONE', ( #2830 ), #7205, .F. ) ;
#551 = FILL_AREA_STYLE_COLOUR ( '', #4500 ) ;
#552 = PLANE ( 'NONE',  #7084 ) ;
#553 = EDGE_LOOP ( 'NONE', ( #7362, #2183, #1048, #4036 ) ) ;
#554 = CARTESIAN_POINT ( 'NONE',  ( 5.941575734891621607, 5.204467366490783675, 0.3499999999999999778 ) ) ;
#555 = CARTESIAN_POINT ( 'NONE',  ( 5.432524015545779683, 5.732672356334978403, -0.3500000000000000888 ) ) ;
#556 = LINE ( 'NONE', #6702, #3702 ) ;
#557 = ORIENTED_EDGE ( 'NONE', *, *, #3555, .T. ) ;
#558 = DIRECTION ( 'NONE',  ( -1.000000000000000000, -1.084202172485504434E-16, 0.000000000000000000 ) ) ;
#559 = ORIENTED_EDGE ( 'NONE', *, *, #1779, .T. ) ;
#560 = UNCERTAINTY_MEASURE_WITH_UNIT (LENGTH_MEASURE( 1.000000000000000082E-05 ), #1515, 'distance_accuracy_value', 'NONE');
#561 = DIRECTION ( 'NONE',  ( 0.000000000000000000, 0.000000000000000000, -1.000000000000000000 ) ) ;
#562 = DIRECTION ( 'NONE',  ( -1.000000000000000000, -3.097720492815726426E-17, 0.000000000000000000 ) ) ;
#563 = UNCERTAINTY_MEASURE_WITH_UNIT (LENGTH_MEASURE( 1.000000000000000082E-05 ), #7577, 'distance_accuracy_value', 'NONE');
#564 = ORIENTED_EDGE ( 'NONE', *, *, #6766, .F. ) ;
#565 = CARTESIAN_POINT ( 'NONE',  ( 6.080000000000000959, 6.299999999999999822, 0.1283333333333332160 ) ) ;
#566 = VECTOR ( 'NONE', #6058, 1000.000000000000000 ) ;
#567 = CARTESIAN_POINT ( 'NONE',  ( 4.134482203325870131, 4.067306563708462441, -0.3499999999999999778 ) ) ;
#568 = ADVANCED_FACE ( 'NONE', ( #5320 ), #4710, .F. ) ;
#569 = CARTESIAN_POINT ( 'NONE',  ( 6.620000000000000107, 6.500000000000000888, 0.3499999999999989231 ) ) ;
#570 = SURFACE_SIDE_STYLE ('',( #6751 ) ) ;
#571 = VERTEX_POINT ( 'NONE', #5432 ) ;
#572 = ORIENTED_EDGE ( 'NONE', *, *, #1974, .F. ) ;
#573 = CARTESIAN_POINT ( 'NONE',  ( 2.861845733883979559, 5.626229152235330488, -0.3500000000000000333 ) ) ;
#574 = CARTESIAN_POINT ( 'NONE',  ( 3.540000000000000480, 1.800000000000000488, 0.1283333333333332715 ) ) ;
#575 = SURFACE_STYLE_USAGE ( .BOTH. , #4157 ) ;
#576 = DIRECTION ( 'NONE',  ( -0.000000000000000000, 0.000000000000000000, 1.000000000000000000 ) ) ;
#577 = CARTESIAN_POINT ( 'NONE',  ( 7.470000000000000639, -3.000000000000000000, -0.3500000000000001443 ) ) ;
#578 =( GEOMETRIC_REPRESENTATION_CONTEXT ( 3 ) GLOBAL_UNCERTAINTY_ASSIGNED_CONTEXT ( ( #5376 ) ) GLOBAL_UNIT_ASSIGNED_CONTEXT ( ( #1715, #4673, #5206 ) ) REPRESENTATION_CONTEXT ( 'NONE', 'WORKASPACE' ) );
#579 = ORIENTED_EDGE ( 'NONE', *, *, #5640, .T. ) ;
#580 = CARTESIAN_POINT ( 'NONE',  ( 1.540000000000000480, 1.800000000000000488, 0.3499999999999999223 ) ) ;
#581 = CARTESIAN_POINT ( 'NONE',  ( 1.000000000000000444, 6.299999999999999822, -0.3850000000000000089 ) ) ;
#582 = CARTESIAN_POINT ( 'NONE',  ( 6.819832123124272449, 5.699693040756021567, 0.3499999999999999223 ) ) ;
#583 = STYLED_ITEM ( 'NONE', ( #1047 ), #6476 ) ;
#584 = CARTESIAN_POINT ( 'NONE',  ( 4.080000000000000959, 2.207665535523968270, -0.3500000000000000888 ) ) ;
#585 = SURFACE_STYLE_USAGE ( .BOTH. , #4166 ) ;
#586 = LINE ( 'NONE', #5404, #641 ) ;
#587 = EDGE_CURVE ( 'NONE', #364, #4101, #3024, .T. ) ;
#588 = EDGE_CURVE ( 'NONE', #4045, #7578, #7432, .T. ) ;
#589 = ORIENTED_EDGE ( 'NONE', *, *, #4873, .T. ) ;
#590 = ADVANCED_FACE ( 'NONE', ( #49 ), #2459, .F. ) ;
#591 = AXIS2_PLACEMENT_3D ( 'NONE', #312, #3394, #7599 ) ;
#592 = FACE_OUTER_BOUND ( 'NONE', #4284, .T. ) ;
#593 = DIRECTION ( 'NONE',  ( 0.000000000000000000, 3.097720492815727166E-16, 1.000000000000000000 ) ) ;
#594 = ORIENTED_EDGE ( 'NONE', *, *, #2802, .T. ) ;
#595 = CARTESIAN_POINT ( 'NONE',  ( 0.3500000000000008105, 0.5000000000000005551, -0.3499999999999999778 ) ) ;
#596 = ORIENTED_EDGE ( 'NONE', *, *, #6160, .T. ) ;
#597 = MECHANICAL_DESIGN_GEOMETRIC_PRESENTATION_REPRESENTATION (  '', ( #7515 ), #80 ) ;
#598 = DIRECTION ( 'NONE',  ( -1.000000000000000000, -0.000000000000000000, -0.000000000000000000 ) ) ;
#599 = ORIENTED_EDGE ( 'NONE', *, *, #2068, .T. ) ;
#600 = STYLED_ITEM ( 'NONE', ( #6599 ), #7368 ) ;
#601 = CARTESIAN_POINT ( 'NONE',  ( 2.189999999999999947, 8.000000000000000000, 0.3499999999999999778 ) ) ;
#602 = CARTESIAN_POINT ( 'NONE',  ( 5.405255819881805479, 5.589454083063163381, -0.3500000000000000888 ) ) ;
#603 = PRESENTATION_STYLE_ASSIGNMENT (( #1189 ) ) ;
#604 = EDGE_LOOP ( 'NONE', ( #1181, #184, #4061, #5494, #989, #1925, #5877, #6821, #6323, #5343, #4450, #242, #6642, #2376, #534, #5798, #379, #1637, #2422, #3457, #4843 ) ) ;
#605 = VERTEX_POINT ( 'NONE', #3181 ) ;
#606 = UNCERTAINTY_MEASURE_WITH_UNIT (LENGTH_MEASURE( 1.000000000000000082E-05 ), #1716, 'distance_accuracy_value', 'NONE');
#607 = LINE ( 'NONE', #1780, #418 ) ;
#608 = AXIS2_PLACEMENT_3D ( 'NONE', #5982, #2841, #4757 ) ;
#609 =( LENGTH_UNIT ( ) NAMED_UNIT ( * ) SI_UNIT ( .MILLI., .METRE. ) );
#610 = CARTESIAN_POINT ( 'NONE',  ( 8.477838562583935200, 5.240363704783927545, -0.3500000000000000888 ) ) ;
#611 = VERTEX_POINT ( 'NONE', #3683 ) ;
#612 = FACE_OUTER_BOUND ( 'NONE', #2550, .T. ) ;
#613 = LINE ( 'NONE', #3609, #5287 ) ;
#614 = CARTESIAN_POINT ( 'NONE',  ( 0.000000000000000000, -3.000000000000000000, 0.3499999999999999778 ) ) ;
#615 =( GEOMETRIC_REPRESENTATION_CONTEXT ( 3 ) GLOBAL_UNCERTAINTY_ASSIGNED_CONTEXT ( ( #517 ) ) GLOBAL_UNIT_ASSIGNED_CONTEXT ( ( #7791, #4010, #1056 ) ) REPRESENTATION_CONTEXT ( 'NONE', 'WORKASPACE' ) );
#616 = EDGE_CURVE ( 'NONE', #3739, #1725, #6270, .T. ) ;
#617 = CARTESIAN_POINT ( 'NONE',  ( 1.699611261228812342, 5.398486016527555442, 0.3499999999999999223 ) ) ;
#618 = CARTESIAN_POINT ( 'NONE',  ( -1.000000000000000000, 6.500000000000000888, -0.3500000000000010880 ) ) ;
#619 =( LENGTH_UNIT ( ) NAMED_UNIT ( * ) SI_UNIT ( .MILLI., .METRE. ) );
#620 = VECTOR ( 'NONE', #5601, 1000.000000000000000 ) ;
#621 = LINE ( 'NONE', #3654, #1202 ) ;
#622 = CARTESIAN_POINT ( 'NONE',  ( -1.000000000000000000, 6.500000000000000888, -0.3500000000000010880 ) ) ;
#623 = CARTESIAN_POINT ( 'NONE',  ( -1.469999999999999973, 1.601149768326593145E-16, 0.6500000000000012434 ) ) ;
#624 = ORIENTED_EDGE ( 'NONE', *, *, #6794, .F. ) ;
#625 = STYLED_ITEM ( 'NONE', ( #7164 ), #1160 ) ;
#626 = CARTESIAN_POINT ( 'NONE',  ( 6.080000000000000959, 2.207665535523691602, 0.3499999999999999223 ) ) ;
#627 = SURFACE_STYLE_USAGE ( .BOTH. , #5986 ) ;
#628 = SURFACE_STYLE_FILL_AREA ( #1142 ) ;
#629 = CARTESIAN_POINT ( 'NONE',  ( 2.865255819881804999, 5.589454083063163381, 0.3499999999999999223 ) ) ;
#630 = ORIENTED_EDGE ( 'NONE', *, *, #7683, .T. ) ;
#631 = DIRECTION ( 'NONE',  ( 0.000000000000000000, 0.000000000000000000, 1.000000000000000000 ) ) ;
#632 =( GEOMETRIC_REPRESENTATION_CONTEXT ( 3 ) GLOBAL_UNCERTAINTY_ASSIGNED_CONTEXT ( ( #2761 ) ) GLOBAL_UNIT_ASSIGNED_CONTEXT ( ( #4905, #7428, #7355 ) ) REPRESENTATION_CONTEXT ( 'NONE', 'WORKASPACE' ) );
#633 = ORIENTED_EDGE ( 'NONE', *, *, #1915, .F. ) ;
#634 = EDGE_CURVE ( 'NONE', #6522, #7806, #3641, .T. ) ;
#635 = ORIENTED_EDGE ( 'NONE', *, *, #6523, .T. ) ;
#636 = DIRECTION ( 'NONE',  ( -0.000000000000000000, -0.000000000000000000, 1.000000000000000000 ) ) ;
#637 = EDGE_LOOP ( 'NONE', ( #440, #5632, #4951, #280 ) ) ;
#638 = EDGE_CURVE ( 'NONE', #191, #1217, #613, .T. ) ;
#639 = AXIS2_PLACEMENT_3D ( 'NONE', #1683, #3504, #7029 ) ;
#640 = DIRECTION ( 'NONE',  ( -0.000000000000000000, 0.000000000000000000, 1.000000000000000000 ) ) ;
#641 = VECTOR ( 'NONE', #7800, 1000.000000000000000 ) ;
#642 = CARTESIAN_POINT ( 'NONE',  ( 8.520693495213402358, 4.786369049944406484, -0.3500000000000000888 ) ) ;
#643 = ORIENTED_EDGE ( 'NONE', *, *, #4628, .T. ) ;
#644 = LINE ( 'NONE', #7276, #1639 ) ;
#645 = CARTESIAN_POINT ( 'NONE',  ( 8.141845733883979364, 5.626229152235330488, 0.3499999999999998113 ) ) ;
#646 = PRESENTATION_LAYER_ASSIGNMENT (  '', '', ( #7088 ) ) ;
#647 = CIRCLE ( 'NONE', #4929, 0.2000000000000005107 ) ;
#648 = CARTESIAN_POINT ( 'NONE',  ( -0.1499999999999994393, -3.000000000000000000, 0.3499999999999999778 ) ) ;
#649 =( NAMED_UNIT ( * ) PLANE_ANGLE_UNIT ( ) SI_UNIT ( $, .RADIAN. ) );
#650 = FILL_AREA_STYLE_COLOUR ( '', #2509 ) ;
#651 = COLOUR_RGB ( '',0.8313725490196077761, 0.6705882352941175961, 0.1294117647058823373 ) ;
#652 = DIRECTION ( 'NONE',  ( 0.000000000000000000, -1.000000000000000000, 0.000000000000000000 ) ) ;
#653 = ADVANCED_FACE ( 'NONE', ( #3650 ), #1861, .F. ) ;
#654 = DIRECTION ( 'NONE',  ( -0.000000000000000000, -1.000000000000000000, 1.668003342285392044E-16 ) ) ;
#655 =( LENGTH_UNIT ( ) NAMED_UNIT ( * ) SI_UNIT ( .MILLI., .METRE. ) );
#656 = LINE ( 'NONE', #5439, #4300 ) ;
#657 = VERTEX_POINT ( 'NONE', #2424 ) ;
#658 = AXIS2_PLACEMENT_3D ( 'NONE', #5241, #4551, #2270 ) ;
#659 = PRESENTATION_STYLE_ASSIGNMENT (( #3073 ) ) ;
#660 = CARTESIAN_POINT ( 'NONE',  ( -5.421010862427528333E-17, 0.5000000000000005551, 0.3499999999999999778 ) ) ;
#661 = CARTESIAN_POINT ( 'NONE',  ( 4.729999999999999538, 8.199999999999999289, 0.3499999999999999778 ) ) ;
#662 = VERTEX_POINT ( 'NONE', #4939 ) ;
#663 = CARTESIAN_POINT ( 'NONE',  ( 6.830396961982260429, 5.762359718947905662, -0.3500000000000001998 ) ) ;
#664 = FACE_OUTER_BOUND ( 'NONE', #1602, .T. ) ;
#665 = ADVANCED_FACE ( 'NONE', ( #7347 ), #4974, .T. ) ;
#666 = DIRECTION ( 'NONE',  ( -0.7071067811865474617, -0.7071067811865474617, -0.000000000000000000 ) ) ;
#667 = AXIS2_PLACEMENT_3D ( 'NONE', #5290, #7685, #2235 ) ;
#668 = VERTEX_POINT ( 'NONE', #2174 ) ;
#669 = CARTESIAN_POINT ( 'NONE',  ( -1.000000000000000000, 0.5000000000000000000, -0.3500000000000000888 ) ) ;
#670 = EDGE_CURVE ( 'NONE', #5761, #1854, #3801, .T. ) ;
#671 =( GEOMETRIC_REPRESENTATION_CONTEXT ( 3 ) GLOBAL_UNCERTAINTY_ASSIGNED_CONTEXT ( ( #606 ) ) GLOBAL_UNIT_ASSIGNED_CONTEXT ( ( #1716, #3537, #3655 ) ) REPRESENTATION_CONTEXT ( 'NONE', 'WORKASPACE' ) );
#672 = VERTEX_POINT ( 'NONE', #807 ) ;
#673 = CARTESIAN_POINT ( 'NONE',  ( 1.730497576386657910, 5.635051924202447715, -0.3499999999999999778 ) ) ;
#674 = ORIENTED_EDGE ( 'NONE', *, *, #6766, .T. ) ;
#675 = LINE ( 'NONE', #4336, #1042 ) ;
#676 = EDGE_CURVE ( 'NONE', #5270, #3158, #2764, .T. ) ;
#677 = CARTESIAN_POINT ( 'NONE',  ( -0.5999999999999996447, 6.299999999999999822, 0.3499999999999999778 ) ) ;
#678 = CARTESIAN_POINT ( 'NONE',  ( 6.024276979512004360, 4.091073788932197530, -0.3500000000000000888 ) ) ;
#679 = CARTESIAN_POINT ( 'NONE',  ( 1.940000000000000613, 6.299999999999999822, -0.3849999999999998979 ) ) ;
#680 = VERTEX_POINT ( 'NONE', #7037 ) ;
#681 = CARTESIAN_POINT ( 'NONE',  ( -1.000000000000000000, 6.500000000000000888, -0.3500000000000010880 ) ) ;
#682 = SURFACE_STYLE_FILL_AREA ( #1899 ) ;
#683 = SURFACE_SIDE_STYLE ('',( #6080 ) ) ;
#684 = EDGE_CURVE ( 'NONE', #5216, #980, #212, .T. ) ;
#685 = UNCERTAINTY_MEASURE_WITH_UNIT (LENGTH_MEASURE( 1.000000000000000082E-05 ), #726, 'distance_accuracy_value', 'NONE');
#686 = VECTOR ( 'NONE', #4381, 1000.000000000000000 ) ;
#687 = EDGE_CURVE ( 'NONE', #881, #4299, #2618, .T. ) ;
#688 =( BOUNDED_CURVE ( )  B_SPLINE_CURVE ( 3, ( #1827, #2991, #5397, #3222, #7316, #3184, #5548 ),
 .UNSPECIFIED., .F., .F. ) 
 B_SPLINE_CURVE_WITH_KNOTS ( ( 4, 3, 4 ),
 ( 0.8078321013870645162, 3.141592653589793116, 5.475353205792521827 ),
 .UNSPECIFIED. ) 
 CURVE ( )  GEOMETRIC_REPRESENTATION_ITEM ( )  RATIONAL_B_SPLINE_CURVE ( ( 1.000000000000000000, 0.5953481791230077480, 0.5953481791230077480, 1.000000000000000000, 0.5953481791230077480, 0.5953481791230077480, 1.000000000000000000 ) ) 
 REPRESENTATION_ITEM ( '' )  );
#689 = DIRECTION ( 'NONE',  ( 0.000000000000000000, 3.097720492815727166E-16, 1.000000000000000000 ) ) ;
#690 = DIRECTION ( 'NONE',  ( -0.000000000000000000, 1.000000000000000000, -0.000000000000000000 ) ) ;
#691 = VECTOR ( 'NONE', #6945, 1000.000000000000000 ) ;
#692 = LINE ( 'NONE', #2355, #7434 ) ;
#693 = DIRECTION ( 'NONE',  ( -0.000000000000000000, -0.000000000000000000, 1.000000000000000000 ) ) ;
#694 = ORIENTED_EDGE ( 'NONE', *, *, #2262, .T. ) ;
#695 = FACE_OUTER_BOUND ( 'NONE', #5655, .T. ) ;
#696 = VECTOR ( 'NONE', #6916, 1000.000000000000000 ) ;
#697 = ORIENTED_EDGE ( 'NONE', *, *, #4515, .T. ) ;
#698 = LINE ( 'NONE', #6706, #6850 ) ;
#699 = FACE_OUTER_BOUND ( 'NONE', #5910, .T. ) ;
#700 = LINE ( 'NONE', #6667, #7699 ) ;
#701 = AXIS2_PLACEMENT_3D ( 'NONE', #5517, #2510, #2668 ) ;
#702 = ORIENTED_EDGE ( 'NONE', *, *, #5920, .F. ) ;
#703 = CARTESIAN_POINT ( 'NONE',  ( 1.840000000000000524, 0.8000000000000004885, 0.3499999999999999223 ) ) ;
#704 = SURFACE_STYLE_USAGE ( .BOTH. , #4293 ) ;
#705 = AXIS2_PLACEMENT_3D ( 'NONE', #4046, #4669, #945 ) ;
#706 = ORIENTED_EDGE ( 'NONE', *, *, #2461, .F. ) ;
#707 = CARTESIAN_POINT ( 'NONE',  ( 1.690816522019154000, 5.324198710740764895, -0.3500000000000000333 ) ) ;
#708 = ADVANCED_FACE ( 'NONE', ( #3371 ), #6402, .T. ) ;
#709 = ORIENTED_EDGE ( 'NONE', *, *, #5460, .T. ) ;
#710 = CARTESIAN_POINT ( 'NONE',  ( 7.270000000000001350, 0.5000000000000005551, 0.3499999999999998113 ) ) ;
#711 = ORIENTED_EDGE ( 'NONE', *, *, #2064, .F. ) ;
#712 = AXIS2_PLACEMENT_3D ( 'NONE', #6579, #2953, #7245 ) ;
#713 = CARTESIAN_POINT ( 'NONE',  ( 8.619999999999999218, 0.5000000000000002220, 0.3499999999999998668 ) ) ;
#714 = ADVANCED_FACE ( 'NONE', ( #5221 ), #3183, .T. ) ;
#715 = DIRECTION ( 'NONE',  ( -1.000000000000000000, 0.000000000000000000, 0.000000000000000000 ) ) ;
#716 = FILL_AREA_STYLE ('',( #6111 ) ) ;
#717 = VECTOR ( 'NONE', #4363, 1000.000000000000000 ) ;
#718 = CARTESIAN_POINT ( 'NONE',  ( 0.000000000000000000, -3.000000000000000000, 0.3499999999999999778 ) ) ;
#719 = VECTOR ( 'NONE', #7040, 1000.000000000000000 ) ;
#720 = ORIENTED_EDGE ( 'NONE', *, *, #1699, .T. ) ;
#721 = FACE_OUTER_BOUND ( 'NONE', #3705, .T. ) ;
#722 = DIRECTION ( 'NONE',  ( 0.000000000000000000, -0.000000000000000000, -1.000000000000000000 ) ) ;
#723 = CARTESIAN_POINT ( 'NONE',  ( 2.890000000000000124, 8.199999999999999289, 0.3499999999999999778 ) ) ;
#724 = EDGE_CURVE ( 'NONE', #3286, #199, #5900, .T. ) ;
#725 = VECTOR ( 'NONE', #2390, 1000.000000000000000 ) ;
#726 =( LENGTH_UNIT ( ) NAMED_UNIT ( * ) SI_UNIT ( .MILLI., .METRE. ) );
#727 = CARTESIAN_POINT ( 'NONE',  ( 0.7837705697203947164, 5.796998266909027642, -0.3499999999999999778 ) ) ;
#728 = ADVANCED_FACE ( 'NONE', ( #4217 ), #6636, .T. ) ;
#729 = SURFACE_STYLE_USAGE ( .BOTH. , #4394 ) ;
#730 = MECHANICAL_DESIGN_GEOMETRIC_PRESENTATION_REPRESENTATION (  '', ( #501 ), #1863 ) ;
#731 = CARTESIAN_POINT ( 'NONE',  ( 5.080000000000000071, 0.000000000000000000, 0.3499999999999998668 ) ) ;
#732 = CARTESIAN_POINT ( 'NONE',  ( 3.039999999999998703, 6.084152315493285279, 0.3499999999999999778 ) ) ;
#733 = UNCERTAINTY_MEASURE_WITH_UNIT (LENGTH_MEASURE( 1.000000000000000082E-05 ), #7087, 'distance_accuracy_value', 'NONE');
#734 = EDGE_CURVE ( 'NONE', #680, #1217, #3046, .T. ) ;
#735 = CARTESIAN_POINT ( 'NONE',  ( 6.080000000000000071, 0.5000000000000000000, -0.3500000000000000888 ) ) ;
#736 = ORIENTED_EDGE ( 'NONE', *, *, #6427, .T. ) ;
#737 = FACE_OUTER_BOUND ( 'NONE', #3779, .T. ) ;
#738 =( GEOMETRIC_REPRESENTATION_CONTEXT ( 3 ) GLOBAL_UNCERTAINTY_ASSIGNED_CONTEXT ( ( #4131 ) ) GLOBAL_UNIT_ASSIGNED_CONTEXT ( ( #4195, #4608, #7659 ) ) REPRESENTATION_CONTEXT ( 'NONE', 'WORKASPACE' ) );
#739 = FACE_OUTER_BOUND ( 'NONE', #5526, .T. ) ;
#740 = SURFACE_STYLE_USAGE ( .BOTH. , #6132 ) ;
#741 = ORIENTED_EDGE ( 'NONE', *, *, #5716, .F. ) ;
#742 = DIRECTION ( 'NONE',  ( 0.6546536707079765316, 0.3779644730092291405, -0.6546536707079766426 ) ) ;
#743 = ORIENTED_EDGE ( 'NONE', *, *, #1172, .T. ) ;
#744 = SURFACE_STYLE_FILL_AREA ( #4251 ) ;
#745 = CARTESIAN_POINT ( 'NONE',  ( 3.484695486956164601, 4.083092593512564150, -0.3499999999999999778 ) ) ;
#746 = DIRECTION ( 'NONE',  ( 0.000000000000000000, 0.000000000000000000, 1.000000000000000000 ) ) ;
#747 = ORIENTED_EDGE ( 'NONE', *, *, #413, .T. ) ;
#748 = LINE ( 'NONE', #321, #1325 ) ;
#749 = FACE_OUTER_BOUND ( 'NONE', #1099, .T. ) ;
#750 = DIRECTION ( 'NONE',  ( -0.000000000000000000, 1.000000000000000000, -0.000000000000000000 ) ) ;
#751 = COLOUR_RGB ( '',0.8313725490196077761, 0.6705882352941175961, 0.1294117647058823373 ) ;
#752 = ORIENTED_EDGE ( 'NONE', *, *, #7391, .T. ) ;
#753 = VERTEX_POINT ( 'NONE', #1254 ) ;
#754 = FACE_BOUND ( 'NONE', #5057, .T. ) ;
#755 = EDGE_LOOP ( 'NONE', ( #1700, #720, #4610, #2671 ) ) ;
#756 = MECHANICAL_DESIGN_GEOMETRIC_PRESENTATION_REPRESENTATION (  '', ( #5304 ), #3652 ) ;
#757 = EDGE_CURVE ( 'NONE', #1854, #965, #4139, .T. ) ;
#758 = FILL_AREA_STYLE ('',( #2489 ) ) ;
#759 = CARTESIAN_POINT ( 'NONE',  ( 7.270000000000001350, -2.800000000000001155, 0.3499999999999998113 ) ) ;
#760 = PRESENTATION_STYLE_ASSIGNMENT (( #3755 ) ) ;
#761 = PRESENTATION_LAYER_ASSIGNMENT (  '', '', ( #1759 ) ) ;
#762 = DIRECTION ( 'NONE',  ( -0.000000000000000000, 0.000000000000000000, 1.000000000000000000 ) ) ;
#763 = ORIENTED_EDGE ( 'NONE', *, *, #4319, .F. ) ;
#764 = DIRECTION ( 'NONE',  ( 0.000000000000000000, 1.000000000000000000, -1.668003342285391551E-16 ) ) ;
#765 = CARTESIAN_POINT ( 'NONE',  ( 8.566086801408605567, 4.056300144720193401, 0.3499999999999998113 ) ) ;
#766 = PRESENTATION_LAYER_ASSIGNMENT (  '', '', ( #3662 ) ) ;
#767 = CARTESIAN_POINT ( 'NONE',  ( 7.270000000000000462, 0.000000000000000000, 0.3499999999999999778 ) ) ;
#768 = CARTESIAN_POINT ( 'NONE',  ( 4.080000000000000071, 6.500000000000000888, -0.3500000000000010880 ) ) ;
#769 =( LENGTH_UNIT ( ) NAMED_UNIT ( * ) SI_UNIT ( .MILLI., .METRE. ) );
#770 = CARTESIAN_POINT ( 'NONE',  ( 5.430000000000000604, 0.5000000000000005551, 0.3499999999999998668 ) ) ;
#771 = MECHANICAL_DESIGN_GEOMETRIC_PRESENTATION_REPRESENTATION (  '', ( #4048 ), #5327 ) ;
#772 = FILL_AREA_STYLE ('',( #6896 ) ) ;
#773 = DIRECTION ( 'NONE',  ( -0.000000000000000000, -1.000000000000000000, 1.668003342285391551E-16 ) ) ;
#774 = CARTESIAN_POINT ( 'NONE',  ( 3.039999999999998703, 6.084152315493285279, -0.3500000000000000888 ) ) ;
#775 = FILL_AREA_STYLE_COLOUR ( '', #7453 ) ;
#776 = ORIENTED_EDGE ( 'NONE', *, *, #687, .F. ) ;
#777 = EDGE_CURVE ( 'NONE', #5558, #151, #6597, .T. ) ;
#778 = VECTOR ( 'NONE', #2346, 1000.000000000000000 ) ;
#779 = DIRECTION ( 'NONE',  ( -0.000000000000000000, 0.000000000000000000, 1.000000000000000000 ) ) ;
#780 = DIRECTION ( 'NONE',  ( -0.000000000000000000, -1.668003342285388099E-16, -1.000000000000000000 ) ) ;
#781 = VERTEX_POINT ( 'NONE', #5302 ) ;
#782 = CARTESIAN_POINT ( 'NONE',  ( 6.750384757729337437, 8.500000000000000000, 0.000000000000000000 ) ) ;
#783 = ORIENTED_EDGE ( 'NONE', *, *, #6501, .T. ) ;
#784 = CARTESIAN_POINT ( 'NONE',  ( 4.393245067392238745, 10.39117142264903570, -0.6500000000000030198 ) ) ;
#785 = SURFACE_SIDE_STYLE ('',( #6256 ) ) ;
#786 = VECTOR ( 'NONE', #4931, 1000.000000000000000 ) ;
#787 = DIRECTION ( 'NONE',  ( -0.7071067811865475727, 0.7071067811865475727, 0.000000000000000000 ) ) ;
#788 = ORIENTED_EDGE ( 'NONE', *, *, #1751, .F. ) ;
#789 = DIRECTION ( 'NONE',  ( -7.744301232039316681E-17, 0.000000000000000000, -1.000000000000000000 ) ) ;
#790 = LINE ( 'NONE', #159, #4001 ) ;
#791 = ADVANCED_FACE ( 'NONE', ( #7696 ), #4689, .T. ) ;
#792 = FILL_AREA_STYLE_COLOUR ( '', #3072 ) ;
#793 = VERTEX_POINT ( 'NONE', #5525 ) ;
#794 =( NAMED_UNIT ( * ) SI_UNIT ( $, .STERADIAN. ) SOLID_ANGLE_UNIT ( ) );
#795 = ORIENTED_EDGE ( 'NONE', *, *, #6218, .F. ) ;
#796 = B_SPLINE_CURVE_WITH_KNOTS ( 'NONE', 3,
 ( #1549, #4457, #4420, #5100 ),
 .UNSPECIFIED., .F., .F.,
 ( 4, 4 ),
 ( 0.000000000000000000, 1.000000000000000000 ),
 .UNSPECIFIED. ) ;
#797 = DIRECTION ( 'NONE',  ( 0.000000000000000000, -1.000000000000000000, 0.000000000000000000 ) ) ;
#798 = EDGE_LOOP ( 'NONE', ( #6716, #2758, #5783, #4029 ) ) ;
#799 = EDGE_CURVE ( 'NONE', #6752, #3172, #3119, .T. ) ;
#800 = STYLED_ITEM ( 'NONE', ( #7326 ), #4276 ) ;
#801 = UNCERTAINTY_MEASURE_WITH_UNIT (LENGTH_MEASURE( 1.000000000000000082E-05 ), #6635, 'distance_accuracy_value', 'NONE');
#802 = CARTESIAN_POINT ( 'NONE',  ( -0.7860528864859843701, 5.783587059575309830, 0.3500000000000000333 ) ) ;
#803 = CARTESIAN_POINT ( 'NONE',  ( 7.270000000000000462, 0.000000000000000000, -0.3499999999999999778 ) ) ;
#804 = CARTESIAN_POINT ( 'NONE',  ( 7.620000000000000107, 6.299999999999999822, -0.3500000000000001443 ) ) ;
#805 = DIRECTION ( 'NONE',  ( 0.000000000000000000, 1.000000000000000000, -3.097720492815727166E-16 ) ) ;
#806 = ORIENTED_EDGE ( 'NONE', *, *, #2366, .T. ) ;
#807 = CARTESIAN_POINT ( 'NONE',  ( 1.540000000000000702, 0.8000000000000004885, 0.3499999999999999223 ) ) ;
#808 = CARTESIAN_POINT ( 'NONE',  ( 6.620000000000000107, 6.500000000000000888, -0.3500000000000010880 ) ) ;
#809 = VECTOR ( 'NONE', #3169, 1000.000000000000000 ) ;
#810 = CARTESIAN_POINT ( 'NONE',  ( 3.428849546050877439, 4.917640708297875030, 0.3499999999999999778 ) ) ;
#811 = LINE ( 'NONE', #7633, #1690 ) ;
#812 = CARTESIAN_POINT ( 'NONE',  ( 2.040000000000001812, 6.084152315493286167, 0.3499999999999998668 ) ) ;
#813 = PLANE ( 'NONE',  #1453 ) ;
#814 = EDGE_CURVE ( 'NONE', #980, #2450, #7331, .T. ) ;
#815 = CARTESIAN_POINT ( 'NONE',  ( 4.729999999999999538, 8.199999999999999289, -0.3499999999999999778 ) ) ;
#816 = DIRECTION ( 'NONE',  ( 0.000000000000000000, 0.000000000000000000, -1.000000000000000000 ) ) ;
#817 = LINE ( 'NONE', #6819, #6467 ) ;
#818 = VECTOR ( 'NONE', #6580, 1000.000000000000114 ) ;
#819 = ORIENTED_EDGE ( 'NONE', *, *, #6913, .F. ) ;
#820 = CARTESIAN_POINT ( 'NONE',  ( 8.119999999999999218, 6.299999999999999822, -0.3500000000000001443 ) ) ;
#821 = EDGE_CURVE ( 'NONE', #2360, #5602, #3822, .T. ) ;
#822 = CARTESIAN_POINT ( 'NONE',  ( -0.3252558198818047419, 5.589454083063166046, -0.3499999999999999778 ) ) ;
#823 =( NAMED_UNIT ( * ) PLANE_ANGLE_UNIT ( ) SI_UNIT ( $, .RADIAN. ) );
#824 = EDGE_LOOP ( 'NONE', ( #3357, #1, #1140, #2639, #4699, #6152, #6949, #2151, #4402, #2287, #5, #6998, #6106, #1619, #3599, #5893, #7107, #5104, #1927, #2560, #1760 ) ) ;
#825 =( NAMED_UNIT ( * ) PLANE_ANGLE_UNIT ( ) SI_UNIT ( $, .RADIAN. ) );
#826 = VERTEX_POINT ( 'NONE', #5001 ) ;
#827 = FILL_AREA_STYLE ('',( #155 ) ) ;
#828 = ADVANCED_FACE ( 'NONE', ( #4880 ), #6176, .F. ) ;
#829 = ORIENTED_EDGE ( 'NONE', *, *, #6264, .F. ) ;
#830 = VECTOR ( 'NONE', #4476, 1000.000000000000000 ) ;
#831 = DIRECTION ( 'NONE',  ( -1.000000000000000000, 0.000000000000000000, 0.000000000000000000 ) ) ;
#832 = DIRECTION ( 'NONE',  ( -0.000000000000000000, -1.000000000000000000, 1.668003342285391551E-16 ) ) ;
#833 = CARTESIAN_POINT ( 'NONE',  ( 7.620000000000000107, 0.5000000000000005551, 0.3499999999999998113 ) ) ;
#834 = ORIENTED_EDGE ( 'NONE', *, *, #2603, .T. ) ;
#835 = FACE_OUTER_BOUND ( 'NONE', #6400, .T. ) ;
#836 = EDGE_CURVE ( 'NONE', #6871, #2450, #3197, .T. ) ;
#837 = ORIENTED_EDGE ( 'NONE', *, *, #537, .T. ) ;
#838 = CARTESIAN_POINT ( 'NONE',  ( -0.8696152422706630025, 8.500000000000000000, 0.000000000000000000 ) ) ;
#839 = VERTEX_POINT ( 'NONE', #1992 ) ;
#840 = DIRECTION ( 'NONE',  ( -0.000000000000000000, 0.000000000000000000, 1.000000000000000000 ) ) ;
#841 =( GEOMETRIC_REPRESENTATION_CONTEXT ( 3 ) GLOBAL_UNCERTAINTY_ASSIGNED_CONTEXT ( ( #132 ) ) GLOBAL_UNIT_ASSIGNED_CONTEXT ( ( #7068, #481, #7527 ) ) REPRESENTATION_CONTEXT ( 'NONE', 'WORKASPACE' ) );
#842 = CARTESIAN_POINT ( 'NONE',  ( -0.7837705697203889432, 5.796998266909027642, 0.3499999999999999778 ) ) ;
#843 = DIRECTION ( 'NONE',  ( -0.000000000000000000, 1.000000000000000000, -0.000000000000000000 ) ) ;
#844 = FACE_OUTER_BOUND ( 'NONE', #4492, .T. ) ;
#845 = DIRECTION ( 'NONE',  ( -1.000000000000000000, -0.000000000000000000, -0.000000000000000000 ) ) ;
#846 = ORIENTED_EDGE ( 'NONE', *, *, #4775, .F. ) ;
#847 = DIRECTION ( 'NONE',  ( 0.000000000000000000, 1.000000000000000000, -1.668003342285391797E-16 ) ) ;
#848 = EDGE_CURVE ( 'NONE', #1039, #5020, #6830, .T. ) ;
#849 = ADVANCED_FACE ( 'NONE', ( #3164 ), #4724, .T. ) ;
#850 = CARTESIAN_POINT ( 'NONE',  ( 3.401575734891618907, 5.204467366490783675, 0.3499999999999999778 ) ) ;
#851 = FACE_OUTER_BOUND ( 'NONE', #3731, .T. ) ;
#852 = CARTESIAN_POINT ( 'NONE',  ( 2.187475984454220423, 5.732672356334980179, -0.3500000000000000333 ) ) ;
#853 = DIRECTION ( 'NONE',  ( -0.000000000000000000, 0.000000000000000000, 1.000000000000000000 ) ) ;
#854 =( NAMED_UNIT ( * ) SI_UNIT ( $, .STERADIAN. ) SOLID_ANGLE_UNIT ( ) );
#855 = PRESENTATION_STYLE_ASSIGNMENT (( #7595 ) ) ;
#856 = LINE ( 'NONE', #6164, #5930 ) ;
#857 = CLOSED_SHELL ( 'NONE', ( #2418, #7179, #1100, #1662, #5260, #7814, #4068, #1514, #298, #492, #1871, #1743, #4954, #934, #2998, #1830, #3776, #3566, #6437, #6623, #6530, #2170, #6473, #3833, #4017, #1257, #728, #4776, #5965, #4329, #7440, #3760, #5738, #241, #6197, #1752, #4709, #1454, #5650, #5272, #4490, #2167, #3131, #7463, #6874, #7416, #314, #1009, #3247, #4186, #4730, #2047, #5803, #6851, #5284, #4862, #871, #3201, #2253, #3694, #45, #1883, #105, #400, #7606, #3009, #6758, #2944, #510, #7142, #203, #6565, #2543, #6229, #5244, #590, #3311, #4547, #568, #5075, #2209, #1832, #1735, #5347, #6718, #6065, #1589, #5003, #6463, #1875 ) ) ;
#858 = DIRECTION ( 'NONE',  ( 1.000000000000000000, 0.000000000000000000, 0.000000000000000000 ) ) ;
#859 = ORIENTED_EDGE ( 'NONE', *, *, #3239, .F. ) ;
#860 = FILL_AREA_STYLE ('',( #1443 ) ) ;
#861 = PLANE ( 'NONE',  #3465 ) ;
#862 = VECTOR ( 'NONE', #2315, 1000.000000000000000 ) ;
#863 = LINE ( 'NONE', #2114, #6885 ) ;
#864 = ORIENTED_EDGE ( 'NONE', *, *, #3568, .T. ) ;
#865 = PLANE ( 'NONE',  #1057 ) ;
#866 = ORIENTED_EDGE ( 'NONE', *, *, #5735, .T. ) ;
#867 = SURFACE_STYLE_USAGE ( .BOTH. , #785 ) ;
#868 = VERTEX_POINT ( 'NONE', #2388 ) ;
#869 = MECHANICAL_DESIGN_GEOMETRIC_PRESENTATION_REPRESENTATION (  '', ( #7402 ), #4380 ) ;
#870 = DIRECTION ( 'NONE',  ( 0.000000000000000000, -1.000000000000000000, 1.668003342285391551E-16 ) ) ;
#871 = ADVANCED_FACE ( 'NONE', ( #4754 ), #2956, .F. ) ;
#872 = LINE ( 'NONE', #5084, #5391 ) ;
#873 = EDGE_CURVE ( 'NONE', #2134, #7332, #6540, .T. ) ;
#874 = ORIENTED_EDGE ( 'NONE', *, *, #1650, .F. ) ;
#875 = CARTESIAN_POINT ( 'NONE',  ( -0.3500000000000000333, 8.000000000000000000, 0.3499999999999999778 ) ) ;
#876 = MECHANICAL_DESIGN_GEOMETRIC_PRESENTATION_REPRESENTATION (  '', ( #3018 ), #5415 ) ;
#877 = EDGE_LOOP ( 'NONE', ( #1370, #2751, #971, #6133 ) ) ;
#878 = FILL_AREA_STYLE_COLOUR ( '', #6682 ) ;
#879 = PRESENTATION_LAYER_ASSIGNMENT (  '', '', ( #7541 ) ) ;
#880 = CARTESIAN_POINT ( 'NONE',  ( 4.380000000000000782, 0.5000000000000004441, -0.3500000000000000888 ) ) ;
#881 = VERTEX_POINT ( 'NONE', #1135 ) ;
#882 = VECTOR ( 'NONE', #4162, 1000.000000000000000 ) ;
#883 = SURFACE_SIDE_STYLE ('',( #5840 ) ) ;
#884 = DIRECTION ( 'NONE',  ( -0.000000000000000000, -3.097720492815727166E-16, -1.000000000000000000 ) ) ;
#885 = EDGE_CURVE ( 'NONE', #3590, #7733, #6653, .T. ) ;
#886 = CARTESIAN_POINT ( 'NONE',  ( 4.729999999999999538, 8.000000000000000000, 0.3499999999999999778 ) ) ;
#887 = CARTESIAN_POINT ( 'NONE',  ( 8.306754932607761432, 10.39117142264903570, -0.3500000000000017542 ) ) ;
#888 = LINE ( 'NONE', #293, #3794 ) ;
#889 = CARTESIAN_POINT ( 'NONE',  ( 8.320000000000000284, 0.5000000000000006661, 0.3499999999999998113 ) ) ;
#890 = ORIENTED_EDGE ( 'NONE', *, *, #5166, .T. ) ;
#891 = ORIENTED_EDGE ( 'NONE', *, *, #6722, .T. ) ;
#892 = CIRCLE ( 'NONE', #4649, 0.1999999999999996503 ) ;
#893 = LINE ( 'NONE', #4982, #5444 ) ;
#894 = CARTESIAN_POINT ( 'NONE',  ( 3.327162253657094393, 5.777005459572332136, 0.3499999999999999778 ) ) ;
#895 = AXIS2_PLACEMENT_3D ( 'NONE', #4688, #2808, #561 ) ;
#896 = FILL_AREA_STYLE_COLOUR ( '', #6493 ) ;
#897 = CARTESIAN_POINT ( 'NONE',  ( -0.5999999999999996447, 6.299999999999999822, 0.3499999999999999778 ) ) ;
#898 = CARTESIAN_POINT ( 'NONE',  ( 6.638339320387594000, 3.374693912574938448, 0.3499999999999998668 ) ) ;
#899 = CARTESIAN_POINT ( 'NONE',  ( 1.540000000000000036, 6.500000000000000888, -0.3500000000000010880 ) ) ;
#900 = COLOUR_RGB ( '',0.8313725490196077761, 0.6705882352941175961, 0.1294117647058823373 ) ;
#901 = LINE ( 'NONE', #2701, #5694 ) ;
#902 = VERTEX_POINT ( 'NONE', #1238 ) ;
#903 = DIRECTION ( 'NONE',  ( -0.000000000000000000, -1.000000000000000000, 1.668003342285391551E-16 ) ) ;
#904 = COLOUR_RGB ( '',0.8313725490196077761, 0.6705882352941175961, 0.1294117647058823373 ) ;
#905 = PRESENTATION_LAYER_ASSIGNMENT (  '', '', ( #6823 ) ) ;
#906 = VERTEX_POINT ( 'NONE', #7211 ) ;
#907 = DIRECTION ( 'NONE',  ( -0.000000000000000000, -3.097720492815727166E-16, -1.000000000000000000 ) ) ;
#908 = EDGE_LOOP ( 'NONE', ( #1766, #952, #6027, #5289 ) ) ;
#909 = SURFACE_STYLE_USAGE ( .BOTH. , #7482 ) ;
#910 = EDGE_CURVE ( 'NONE', #3158, #965, #6691, .T. ) ;
#911 = EDGE_LOOP ( 'NONE', ( #2508, #2271, #1191, #6289 ) ) ;
#912 = AXIS2_PLACEMENT_3D ( 'NONE', #5884, #7198, #4817 ) ;
#913 = CARTESIAN_POINT ( 'NONE',  ( 4.344957989553972943, 6.043840788194787095, 0.3499999999999998668 ) ) ;
#914 = PLANE ( 'NONE',  #5081 ) ;
#915 = UNCERTAINTY_MEASURE_WITH_UNIT (LENGTH_MEASURE( 1.000000000000000082E-05 ), #7426, 'distance_accuracy_value', 'NONE');
#916 = EDGE_LOOP ( 'NONE', ( #5373, #1508, #2338, #2299 ) ) ;
#917 = PRESENTATION_STYLE_ASSIGNMENT (( #6223 ) ) ;
#918 = STYLED_ITEM ( 'NONE', ( #3108 ), #3355 ) ;
#919 = ORIENTED_EDGE ( 'NONE', *, *, #2827, .T. ) ;
#920 = DIRECTION ( 'NONE',  ( 0.000000000000000000, 3.097720492815727166E-16, 1.000000000000000000 ) ) ;
#921 = LINE ( 'NONE', #5838, #5059 ) ;
#922 = ORIENTED_EDGE ( 'NONE', *, *, #1121, .T. ) ;
#923 = VECTOR ( 'NONE', #7597, 1000.000000000000000 ) ;
#924 = CARTESIAN_POINT ( 'NONE',  ( 5.579999999999999183, 6.299999999999999822, -0.3500000000000000888 ) ) ;
#925 = PLANE ( 'NONE',  #2073 ) ;
#926 = LINE ( 'NONE', #6451, #7556 ) ;
#927 =( NAMED_UNIT ( * ) PLANE_ANGLE_UNIT ( ) SI_UNIT ( $, .RADIAN. ) );
#928 = CARTESIAN_POINT ( 'NONE',  ( 5.080000000000000071, -3.000000000000000000, 0.3499999999999998668 ) ) ;
#929 = ORIENTED_EDGE ( 'NONE', *, *, #7237, .F. ) ;
#930 = ORIENTED_EDGE ( 'NONE', *, *, #7674, .T. ) ;
#931 = EDGE_CURVE ( 'NONE', #1411, #3158, #3615, .T. ) ;
#932 = CARTESIAN_POINT ( 'NONE',  ( 8.408156929004345415, 5.771059683742178592, 0.3499999999999997558 ) ) ;
#933 = COLOUR_RGB ( '',0.8313725490196077761, 0.6705882352941175961, 0.1294117647058823373 ) ;
#934 = ADVANCED_FACE ( 'NONE', ( #7131 ), #4828, .F. ) ;
#935 = CARTESIAN_POINT ( 'NONE',  ( 3.268502052288794868, 6.125528511109557428, 0.3499999999999999223 ) ) ;
#936 = CARTESIAN_POINT ( 'NONE',  ( 7.267475984454220495, 5.732672356334980179, -0.3500000000000001443 ) ) ;
#937 = SURFACE_STYLE_FILL_AREA ( #2824 ) ;
#938 =( NAMED_UNIT ( * ) SI_UNIT ( $, .STERADIAN. ) SOLID_ANGLE_UNIT ( ) );
#939 = VECTOR ( 'NONE', #1923, 1000.000000000000000 ) ;
#940 = FILL_AREA_STYLE ('',( #1055 ) ) ;
#941 = DIRECTION ( 'NONE',  ( -1.000000000000000000, 0.000000000000000000, 0.000000000000000000 ) ) ;
#942 = DIRECTION ( 'NONE',  ( -0.000000000000000000, -1.000000000000000000, 1.668003342285391551E-16 ) ) ;
#943 = ORIENTED_EDGE ( 'NONE', *, *, #6116, .T. ) ;
#944 = VECTOR ( 'NONE', #7392, 1000.000000000000114 ) ;
#945 = DIRECTION ( 'NONE',  ( 0.000000000000000000, 0.000000000000000000, -1.000000000000000000 ) ) ;
#946 = SURFACE_STYLE_FILL_AREA ( #6341 ) ;
#947 = ORIENTED_EDGE ( 'NONE', *, *, #4908, .F. ) ;
#948 = CARTESIAN_POINT ( 'NONE',  ( 9.090000000000001634, 8.500000000000000000, 1.199999999999999734 ) ) ;
#949 = VERTEX_POINT ( 'NONE', #6085 ) ;
#950 =( LENGTH_UNIT ( ) NAMED_UNIT ( * ) SI_UNIT ( .MILLI., .METRE. ) );
#951 = ADVANCED_FACE ( 'NONE', ( #5979 ), #1793, .T. ) ;
#952 = ORIENTED_EDGE ( 'NONE', *, *, #7047, .T. ) ;
#953 = LINE ( 'NONE', #2284, #6753 ) ;
#954 = DIRECTION ( 'NONE',  ( -1.000000000000000000, -1.084202172485504434E-16, 0.000000000000000000 ) ) ;
#955 = PLANE ( 'NONE',  #5850 ) ;
#956 =( BOUNDED_CURVE ( )  B_SPLINE_CURVE ( 3, ( #2572, #1965, #7007, #1003, #3912, #3995, #2094 ),
 .UNSPECIFIED., .F., .F. ) 
 B_SPLINE_CURVE_WITH_KNOTS ( ( 4, 3, 4 ),
 ( 0.8078321013870638501, 3.141592653589792228, 5.475353205792520050 ),
 .UNSPECIFIED. ) 
 CURVE ( )  GEOMETRIC_REPRESENTATION_ITEM ( )  RATIONAL_B_SPLINE_CURVE ( ( 1.000000000000000000, 0.5953481791230079700, 0.5953481791230079700, 1.000000000000000000, 0.5953481791230080811, 0.5953481791230080811, 1.000000000000000000 ) ) 
 REPRESENTATION_ITEM ( '' )  );
#957 = ORIENTED_EDGE ( 'NONE', *, *, #6978, .F. ) ;
#958 = CARTESIAN_POINT ( 'NONE',  ( 6.933245067392238781, 8.000000000000000000, 0.6500000000000000222 ) ) ;
#959 = UNCERTAINTY_MEASURE_WITH_UNIT (LENGTH_MEASURE( 1.000000000000000082E-05 ), #4222, 'distance_accuracy_value', 'NONE');
#960 = VERTEX_POINT ( 'NONE', #4903 ) ;
#961 = DIRECTION ( 'NONE',  ( 1.000000000000000000, 0.000000000000000000, 0.000000000000000000 ) ) ;
#962 = FILL_AREA_STYLE ('',( #2809 ) ) ;
#963 = PLANE ( 'NONE',  #5943 ) ;
#964 = VECTOR ( 'NONE', #2748, 1000.000000000000000 ) ;
#965 = VERTEX_POINT ( 'NONE', #6853 ) ;
#966 = DIRECTION ( 'NONE',  ( 1.000000000000000000, 0.000000000000000000, 0.000000000000000000 ) ) ;
#967 = VECTOR ( 'NONE', #3757, 1000.000000000000000 ) ;
#968 = DIRECTION ( 'NONE',  ( -0.000000000000000000, -1.000000000000000000, 1.668003342285392044E-16 ) ) ;
#969 =( LENGTH_UNIT ( ) NAMED_UNIT ( * ) SI_UNIT ( .MILLI., .METRE. ) );
#970 = DIRECTION ( 'NONE',  ( 0.000000000000000000, 0.000000000000000000, -1.000000000000000000 ) ) ;
#971 = ORIENTED_EDGE ( 'NONE', *, *, #5756, .F. ) ;
#972 = EDGE_LOOP ( 'NONE', ( #3361, #1148, #1007, #866 ) ) ;
#973 = SURFACE_SIDE_STYLE ('',( #461 ) ) ;
#974 = VECTOR ( 'NONE', #2547, 1000.000000000000000 ) ;
#975 = EDGE_CURVE ( 'NONE', #7159, #5300, #2624, .T. ) ;
#976 = CARTESIAN_POINT ( 'NONE',  ( -0.9999999999999996669, 6.299999999999999822, 0.3850000000000000089 ) ) ;
#977 = CARTESIAN_POINT ( 'NONE',  ( 0.7896030380176978225, 5.762359718948173892, 0.3499999999999999223 ) ) ;
#978 = SURFACE_STYLE_FILL_AREA ( #4589 ) ;
#979 = LINE ( 'NONE', #2784, #4170 ) ;
#980 = VERTEX_POINT ( 'NONE', #1476 ) ;
#981 = CARTESIAN_POINT ( 'NONE',  ( 4.080000000000000071, 1.800000000000000488, 0.3499999999999998668 ) ) ;
#982 = PRESENTATION_STYLE_ASSIGNMENT (( #1367 ) ) ;
#983 = CARTESIAN_POINT ( 'NONE',  ( 0.3500000000000000333, 8.199999999999999289, 0.3499999999999999778 ) ) ;
#984 = ORIENTED_EDGE ( 'NONE', *, *, #5465, .F. ) ;
#985 = DIRECTION ( 'NONE',  ( -0.000000000000000000, -0.000000000000000000, -1.000000000000000000 ) ) ;
#986 = AXIS2_PLACEMENT_3D ( 'NONE', #784, #3820, #2593 ) ;
#987 = FACE_OUTER_BOUND ( 'NONE', #1498, .T. ) ;
#988 = FACE_OUTER_BOUND ( 'NONE', #2099, .T. ) ;
#989 = ORIENTED_EDGE ( 'NONE', *, *, #4872, .T. ) ;
#990 = CARTESIAN_POINT ( 'NONE',  ( 5.430000000000000604, -2.800000000000001155, 0.3499999999999998668 ) ) ;
#991 = DIRECTION ( 'NONE',  ( -0.000000000000000000, -0.000000000000000000, -1.000000000000000000 ) ) ;
#992 =( NAMED_UNIT ( * ) PLANE_ANGLE_UNIT ( ) SI_UNIT ( $, .RADIAN. ) );
#993 = DIRECTION ( 'NONE',  ( -1.000000000000000000, -0.000000000000000000, -0.000000000000000000 ) ) ;
#994 = EDGE_LOOP ( 'NONE', ( #6556, #61, #2566, #3468 ) ) ;
#995 = CARTESIAN_POINT ( 'NONE',  ( 3.326758496035389090, 5.779404586027643731, -0.3500000000000000333 ) ) ;
#996 = VECTOR ( 'NONE', #6983, 1000.000000000000000 ) ;
#997 =( NAMED_UNIT ( * ) PLANE_ANGLE_UNIT ( ) SI_UNIT ( $, .RADIAN. ) );
#998 = VERTEX_POINT ( 'NONE', #897 ) ;
#999 = PRESENTATION_STYLE_ASSIGNMENT (( #289 ) ) ;
#1000 =( BOUNDED_SURFACE ( )  B_SPLINE_SURFACE ( 3, 1, ( 
 ( #6245, #7430 ),
 ( #3887, #2022 ),
 ( #732, #774 ),
 ( #1322, #3310 ) ),
 .UNSPECIFIED., .F., .F., .F. ) 
 B_SPLINE_SURFACE_WITH_KNOTS ( ( 4, 4 ),
 ( 2, 2 ),
 ( 0.000000000000000000, 1.000000000000000000 ),
 ( 0.000000000000000000, 1.000000000000000000 ),
 .UNSPECIFIED. ) 
 GEOMETRIC_REPRESENTATION_ITEM ( )  RATIONAL_B_SPLINE_SURFACE ( (
 ( 1.000000000000000000, 1.000000000000000000),
 ( 0.9488815137910379116, 0.9488815137910379116),
 ( 0.9488815137910379116, 0.9488815137910379116),
 ( 1.000000000000000000, 1.000000000000000000) ) ) 
 REPRESENTATION_ITEM ( '' )  SURFACE ( )  );
#1001 = CARTESIAN_POINT ( 'NONE',  ( 8.619999999999999218, 6.500000000000000888, -0.3500000000000010880 ) ) ;
#1002 = EDGE_CURVE ( 'NONE', #7390, #1590, #1904, .T. ) ;
#1003 = CARTESIAN_POINT ( 'NONE',  ( 2.539999999999998703, 1.700000000000000178, 0.3499999999999999223 ) ) ;
#1004 = FILL_AREA_STYLE_COLOUR ( '', #6055 ) ;
#1005 = DIRECTION ( 'NONE',  ( 0.000000000000000000, -0.000000000000000000, 1.000000000000000000 ) ) ;
#1006 = ORIENTED_EDGE ( 'NONE', *, *, #1660, .T. ) ;
#1007 = ORIENTED_EDGE ( 'NONE', *, *, #2318, .T. ) ;
#1008 = UNCERTAINTY_MEASURE_WITH_UNIT (LENGTH_MEASURE( 1.000000000000000082E-05 ), #3620, 'distance_accuracy_value', 'NONE');
#1009 = ADVANCED_FACE ( 'NONE', ( #6771 ), #6121, .F. ) ;
#1010 = VECTOR ( 'NONE', #2696, 1000.000000000000000 ) ;
#1011 = ADVANCED_FACE ( 'NONE', ( #6241 ), #1451, .T. ) ;
#1012 =( NAMED_UNIT ( * ) PLANE_ANGLE_UNIT ( ) SI_UNIT ( $, .RADIAN. ) );
#1013 = CARTESIAN_POINT ( 'NONE',  ( 3.226754932607761805, 8.000000000000000000, -0.6500000000000025757 ) ) ;
#1014 = AXIS2_PLACEMENT_3D ( 'NONE', #5958, #4812, #1812 ) ;
#1015 =( LENGTH_UNIT ( ) NAMED_UNIT ( * ) SI_UNIT ( .MILLI., .METRE. ) );
#1016 = FACE_OUTER_BOUND ( 'NONE', #66, .T. ) ;
#1017 = LINE ( 'NONE', #1675, #4796 ) ;
#1018 = ADVANCED_FACE ( 'NONE', ( #3765 ), #1357, .T. ) ;
#1019 = SURFACE_STYLE_USAGE ( .BOTH. , #4591 ) ;
#1020 = VERTEX_POINT ( 'NONE', #1013 ) ;
#1021 = FILL_AREA_STYLE ('',( #2836 ) ) ;
#1022 = B_SPLINE_CURVE_WITH_KNOTS ( 'NONE', 3,
 ( #7715, #3527, #7125, #3608 ),
 .UNSPECIFIED., .F., .F.,
 ( 4, 4 ),
 ( 0.000000000000000000, 1.000000000000000000 ),
 .UNSPECIFIED. ) ;
#1023 =( NAMED_UNIT ( * ) SI_UNIT ( $, .STERADIAN. ) SOLID_ANGLE_UNIT ( ) );
#1024 = CARTESIAN_POINT ( 'NONE',  ( -0.8749941293856292601, 5.069026963383188367, -0.3499999999999999778 ) ) ;
#1025 = VERTEX_POINT ( 'NONE', #2103 ) ;
#1026 =( NAMED_UNIT ( * ) SI_UNIT ( $, .STERADIAN. ) SOLID_ANGLE_UNIT ( ) );
#1027 = MECHANICAL_DESIGN_GEOMETRIC_PRESENTATION_REPRESENTATION (  '', ( #2651 ), #5434 ) ;
#1028 = CARTESIAN_POINT ( 'NONE',  ( -6.734562392116865281E-17, 8.500000000000000000, -0.8696152422706632246 ) ) ;
#1029 = ORIENTED_EDGE ( 'NONE', *, *, #166, .T. ) ;
#1030 = VECTOR ( 'NONE', #7470, 1000.000000000000000 ) ;
#1031 = SURFACE_STYLE_FILL_AREA ( #279 ) ;
#1032 = DIRECTION ( 'NONE',  ( 0.000000000000000000, -0.000000000000000000, -1.000000000000000000 ) ) ;
#1033 = ORIENTED_EDGE ( 'NONE', *, *, #4783, .T. ) ;
#1034 = CARTESIAN_POINT ( 'NONE',  ( 2.890000000000000124, 0.000000000000000000, -0.3500000000000000333 ) ) ;
#1035 = ORIENTED_EDGE ( 'NONE', *, *, #4190, .F. ) ;
#1036 = VECTOR ( 'NONE', #5298, 1000.000000000000000 ) ;
#1037 = VECTOR ( 'NONE', #253, 1000.000000000000000 ) ;
#1038 = LINE ( 'NONE', #6966, #3931 ) ;
#1039 = VERTEX_POINT ( 'NONE', #7016 ) ;
#1040 = FILL_AREA_STYLE_COLOUR ( '', #2349 ) ;
#1041 = LINE ( 'NONE', #1001, #3575 ) ;
#1042 = VECTOR ( 'NONE', #6754, 1000.000000000000000 ) ;
#1043 = B_SPLINE_CURVE_WITH_KNOTS ( 'NONE', 3,
 ( #258, #2581, #3767, #5623, #3726, #2059, #218, #6162, #3186, #5583, #180, #7466, #5028, #4467, #1477, #5855, #3426, #3464, #7091, #1635, #2188, #3494, #6460, #2736, #1672, #977, #3966, #3387, #386, #4080, #5237, #4042, #5813 ),
 .UNSPECIFIED., .F., .F.,
 ( 4, 1, 1, 1, 1, 1, 1, 2, 2, 1, 1, 1, 1, 1, 2, 2, 1, 1, 1, 1, 1, 1, 2, 2, 4 ),
 ( 0.000000000000000000, 0.2500000000000368039, 0.3750000000000551781, 0.4375000000000643929, 0.4687500000000690004, 0.4843750000000708877, 0.4921875000000714429, 0.4960937500000717759, 0.5000000000000720535, 0.6250000000000727196, 0.6875000000000727196, 0.7187500000000727196, 0.7343750000000727196, 0.7421875000000727196, 0.7460937500000723865, 0.7500000000000720535, 0.8125000000000687228, 0.8437500000000673905, 0.8593750000000667244, 0.8671875000000663913, 0.8710937500000661693, 0.8730468750000658362, 0.8740234375000652811, 0.8750000000000647260, 1.000000000000000000 ),
 .UNSPECIFIED. ) ;
#1044 = FACE_OUTER_BOUND ( 'NONE', #5995, .T. ) ;
#1045 = CARTESIAN_POINT ( 'NONE',  ( 4.558154266116019926, 5.626229152235333153, 0.3499999999999998668 ) ) ;
#1046 = CARTESIAN_POINT ( 'NONE',  ( 6.080000000000000071, 6.500000000000000888, -0.3500000000000010880 ) ) ;
#1047 = PRESENTATION_STYLE_ASSIGNMENT (( #4616 ) ) ;
#1048 = ORIENTED_EDGE ( 'NONE', *, *, #5307, .F. ) ;
#1049 = EDGE_LOOP ( 'NONE', ( #401, #7325, #3161, #4374 ) ) ;
#1050 = CARTESIAN_POINT ( 'NONE',  ( 8.469183477980651631, 5.324198710742061635, 0.3499999999999998113 ) ) ;
#1051 = STYLED_ITEM ( 'NONE', ( #7057 ), #3482 ) ;
#1052 = CARTESIAN_POINT ( 'NONE',  ( 1.840000000000000524, 0.8000000000000004885, 0.3499999999999999223 ) ) ;
#1053 = DIRECTION ( 'NONE',  ( 0.000000000000000000, 1.000000000000000000, -1.668003342285391797E-16 ) ) ;
#1054 = CARTESIAN_POINT ( 'NONE',  ( 9.090000000000001634, 0.000000000000000000, -0.6499999999999991340 ) ) ;
#1055 = FILL_AREA_STYLE_COLOUR ( '', #5313 ) ;
#1056 =( NAMED_UNIT ( * ) SI_UNIT ( $, .STERADIAN. ) SOLID_ANGLE_UNIT ( ) );
#1057 = AXIS2_PLACEMENT_3D ( 'NONE', #3275, #3235, #5078 ) ;
#1058 = CYLINDRICAL_SURFACE ( 'NONE', #6308, 0.1999999999999996503 ) ;
#1059 = VERTEX_POINT ( 'NONE', #7634 ) ;
#1060 = CARTESIAN_POINT ( 'NONE',  ( 4.080000000000000959, 6.299999999999999822, 0.1283333333333334936 ) ) ;
#1061 = CARTESIAN_POINT ( 'NONE',  ( -0.8095024236133424589, 5.635051924202448603, -0.3499999999999999778 ) ) ;
#1062 = ORIENTED_EDGE ( 'NONE', *, *, #7793, .F. ) ;
#1063 =( LENGTH_UNIT ( ) NAMED_UNIT ( * ) SI_UNIT ( .MILLI., .METRE. ) );
#1064 = SURFACE_STYLE_FILL_AREA ( #7176 ) ;
#1065 = DIRECTION ( 'NONE',  ( 0.000000000000000000, 1.000000000000000000, -1.668003342285391551E-16 ) ) ;
#1066 = VECTOR ( 'NONE', #2601, 1000.000000000000000 ) ;
#1067 = ORIENTED_EDGE ( 'NONE', *, *, #7278, .F. ) ;
#1068 = FILL_AREA_STYLE_COLOUR ( '', #3762 ) ;
#1069 = MECHANICAL_DESIGN_GEOMETRIC_PRESENTATION_REPRESENTATION (  '', ( #7617 ), #5975 ) ;
#1070 = ORIENTED_EDGE ( 'NONE', *, *, #7764, .F. ) ;
#1071 = DIRECTION ( 'NONE',  ( -1.000000000000000000, 0.000000000000000000, 2.053413205464970640E-17 ) ) ;
#1072 = EDGE_CURVE ( 'NONE', #4206, #3981, #1671, .T. ) ;
#1073 = ORIENTED_EDGE ( 'NONE', *, *, #6820, .F. ) ;
#1074 = EDGE_CURVE ( 'NONE', #2896, #1987, #5854, .T. ) ;
#1075 = PLANE ( 'NONE',  #4057 ) ;
#1076 = ORIENTED_EDGE ( 'NONE', *, *, #6203, .T. ) ;
#1077 = CIRCLE ( 'NONE', #6873, 0.1999999999999996503 ) ;
#1078 = LINE ( 'NONE', #3485, #5591 ) ;
#1079 = CARTESIAN_POINT ( 'NONE',  ( 9.090000000000001634, 0.5000000000000002220, 0.6500000000000010214 ) ) ;
#1080 =( NAMED_UNIT ( * ) SI_UNIT ( $, .STERADIAN. ) SOLID_ANGLE_UNIT ( ) );
#1081 = ORIENTED_EDGE ( 'NONE', *, *, #3210, .F. ) ;
#1082 = VECTOR ( 'NONE', #4153, 1000.000000000000000 ) ;
#1083 = ORIENTED_EDGE ( 'NONE', *, *, #7477, .F. ) ;
#1084 = EDGE_CURVE ( 'NONE', #2280, #447, #5812, .T. ) ;
#1085 = DIRECTION ( 'NONE',  ( 0.000000000000000000, 0.000000000000000000, 1.000000000000000000 ) ) ;
#1086 = CARTESIAN_POINT ( 'NONE',  ( 5.543356898907902064, 1.699999999999999289, 0.3499999999999998668 ) ) ;
#1087 = PLANE ( 'NONE',  #4015 ) ;
#1088 = VECTOR ( 'NONE', #2531, 1000.000000000000000 ) ;
#1089 =( NAMED_UNIT ( * ) SI_UNIT ( $, .STERADIAN. ) SOLID_ANGLE_UNIT ( ) );
#1090 = VERTEX_POINT ( 'NONE', #7054 ) ;
#1091 = CARTESIAN_POINT ( 'NONE',  ( 1.662471447568717453, 5.050332720358726490, 0.3499999999999998668 ) ) ;
#1092 = MECHANICAL_DESIGN_GEOMETRIC_PRESENTATION_REPRESENTATION (  '', ( #5117 ), #5505 ) ;
#1093 = DIRECTION ( 'NONE',  ( 0.000000000000000000, 0.000000000000000000, -1.000000000000000000 ) ) ;
#1094 = DIRECTION ( 'NONE',  ( -3.097720492815726426E-17, 1.000000000000000000, 0.000000000000000000 ) ) ;
#1095 = PLANE ( 'NONE',  #6721 ) ;
#1096 = CARTESIAN_POINT ( 'NONE',  ( 8.119999999999999218, 6.299999999999999822, -0.3500000000000001443 ) ) ;
#1097 =( NAMED_UNIT ( * ) SI_UNIT ( $, .STERADIAN. ) SOLID_ANGLE_UNIT ( ) );
#1098 =( GEOMETRIC_REPRESENTATION_CONTEXT ( 3 ) GLOBAL_UNCERTAINTY_ASSIGNED_CONTEXT ( ( #4308 ) ) GLOBAL_UNIT_ASSIGNED_CONTEXT ( ( #5573, #1964, #3793 ) ) REPRESENTATION_CONTEXT ( 'NONE', 'WORKASPACE' ) );
#1099 = EDGE_LOOP ( 'NONE', ( #4113, #1076, #1629, #1852 ) ) ;
#1100 = ADVANCED_FACE ( 'NONE', ( #302 ), #1633, .F. ) ;
#1101 = SURFACE_STYLE_USAGE ( .BOTH. , #6513 ) ;
#1102 = CARTESIAN_POINT ( 'NONE',  ( 0.4999999999999985012, 6.084152315493285279, 0.3499999999999999778 ) ) ;
#1103 = FILL_AREA_STYLE ('',( #4681 ) ) ;
#1104 =( GEOMETRIC_REPRESENTATION_CONTEXT ( 3 ) GLOBAL_UNCERTAINTY_ASSIGNED_CONTEXT ( ( #7314 ) ) GLOBAL_UNIT_ASSIGNED_CONTEXT ( ( #5344, #5997, #2897 ) ) REPRESENTATION_CONTEXT ( 'NONE', 'WORKASPACE' ) );
#1105 = ORIENTED_EDGE ( 'NONE', *, *, #3350, .T. ) ;
#1106 = DIRECTION ( 'NONE',  ( -0.000000000000000000, -0.000000000000000000, -1.000000000000000000 ) ) ;
#1107 = ORIENTED_EDGE ( 'NONE', *, *, #7667, .T. ) ;
#1108 = UNCERTAINTY_MEASURE_WITH_UNIT (LENGTH_MEASURE( 1.000000000000000082E-05 ), #3113, 'distance_accuracy_value', 'NONE');
#1109 = CARTESIAN_POINT ( 'NONE',  ( 1.670384757729337144, 8.500000000000000000, 0.8696152422706628915 ) ) ;
#1110 = VERTEX_POINT ( 'NONE', #7673 ) ;
#1111 = STYLED_ITEM ( 'NONE', ( #5249 ), #308 ) ;
#1112 = SURFACE_STYLE_USAGE ( .BOTH. , #7193 ) ;
#1113 = EDGE_CURVE ( 'NONE', #2896, #1340, #3425, .T. ) ;
#1114 = FILL_AREA_STYLE ('',( #6524 ) ) ;
#1115 = CARTESIAN_POINT ( 'NONE',  ( 0.5218457338839795900, 5.626229152235330488, -0.3499999999999999778 ) ) ;
#1116 = AXIS2_PLACEMENT_3D ( 'NONE', #507, #2913, #7717 ) ;
#1117 = ORIENTED_EDGE ( 'NONE', *, *, #1962, .T. ) ;
#1118 = ORIENTED_EDGE ( 'NONE', *, *, #6334, .T. ) ;
#1119 = CARTESIAN_POINT ( 'NONE',  ( 2.540000000000000036, 0.5000000000000005551, 0.3499999999999999223 ) ) ;
#1120 = MECHANICAL_DESIGN_GEOMETRIC_PRESENTATION_REPRESENTATION (  '', ( #2374 ), #368 ) ;
#1121 = EDGE_CURVE ( 'NONE', #6054, #118, #5276, .T. ) ;
#1122 = VECTOR ( 'NONE', #991, 1000.000000000000000 ) ;
#1123 = FILL_AREA_STYLE ('',( #4784 ) ) ;
#1124 = CARTESIAN_POINT ( 'NONE',  ( 5.079999999999999183, 1.700000000000000178, 0.3499999999999998668 ) ) ;
#1125 = CARTESIAN_POINT ( 'NONE',  ( 8.439285907662240405, 5.570187327444203085, -0.3500000000000001443 ) ) ;
#1126 = CARTESIAN_POINT ( 'NONE',  ( 7.470000000000000639, -3.000000000000000000, 0.3499999999999998113 ) ) ;
#1127 = VECTOR ( 'NONE', #746, 1000.000000000000000 ) ;
#1128 = CARTESIAN_POINT ( 'NONE',  ( 4.080000000000000959, 0.8000000000000004885, 0.3499999999999998668 ) ) ;
#1129 = DIRECTION ( 'NONE',  ( -1.000000000000000000, -1.084202172485504434E-16, 0.000000000000000000 ) ) ;
#1130 = ORIENTED_EDGE ( 'NONE', *, *, #1326, .F. ) ;
#1131 = ADVANCED_FACE ( 'NONE', ( #3965 ), #1199, .T. ) ;
#1132 = CARTESIAN_POINT ( 'NONE',  ( 8.306754932607761432, 0.5000000000000000000, -0.3500000000000000888 ) ) ;
#1133 = VECTOR ( 'NONE', #2187, 1000.000000000000000 ) ;
#1134 = DIRECTION ( 'NONE',  ( 0.000000000000000000, -1.668003342285391551E-16, -1.000000000000000000 ) ) ;
#1135 = CARTESIAN_POINT ( 'NONE',  ( 1.840000000000000524, 0.5000000000000004441, 0.3499999999999999223 ) ) ;
#1136 = DIRECTION ( 'NONE',  ( 1.000000000000000000, 0.000000000000000000, 0.000000000000000000 ) ) ;
#1137 = CARTESIAN_POINT ( 'NONE',  ( 0.3525240155457787239, 5.732672356334978403, 0.3499999999999999778 ) ) ;
#1138 = VECTOR ( 'NONE', #2255, 1000.000000000000000 ) ;
#1139 = UNCERTAINTY_MEASURE_WITH_UNIT (LENGTH_MEASURE( 1.000000000000000082E-05 ), #3591, 'distance_accuracy_value', 'NONE');
#1140 = ORIENTED_EDGE ( 'NONE', *, *, #3391, .F. ) ;
#1141 = CARTESIAN_POINT ( 'NONE',  ( 0.3525240155457787239, 5.732672356334978403, 0.3499999999999999778 ) ) ;
#1142 = FILL_AREA_STYLE ('',( #3003 ) ) ;
#1143 = AXIS2_PLACEMENT_3D ( 'NONE', #3369, #5760, #7311 ) ;
#1144 = ORIENTED_EDGE ( 'NONE', *, *, #5764, .T. ) ;
#1145 = CARTESIAN_POINT ( 'NONE',  ( 6.788546599915416202, 5.476966929916270210, -0.3500000000000000888 ) ) ;
#1146 = VERTEX_POINT ( 'NONE', #3567 ) ;
#1147 = CARTESIAN_POINT ( 'NONE',  ( -0.9999999999999993339, -1.121588454295348794E-16, 0.3499999999999999778 ) ) ;
#1148 = ORIENTED_EDGE ( 'NONE', *, *, #5638, .T. ) ;
#1149 = CARTESIAN_POINT ( 'NONE',  ( 1.853245067392238710, 10.39117142264903570, 0.6499999999999995781 ) ) ;
#1150 = CARTESIAN_POINT ( 'NONE',  ( 4.133913198591397276, 4.056300144720208500, -0.3500000000000000888 ) ) ;
#1151 =( NAMED_UNIT ( * ) SI_UNIT ( $, .STERADIAN. ) SOLID_ANGLE_UNIT ( ) );
#1152 = ADVANCED_FACE ( 'NONE', ( #5467 ), #2909, .T. ) ;
#1153 = VERTEX_POINT ( 'NONE', #2304 ) ;
#1154 = ORIENTED_EDGE ( 'NONE', *, *, #1534, .F. ) ;
#1155 = UNCERTAINTY_MEASURE_WITH_UNIT (LENGTH_MEASURE( 1.000000000000000082E-05 ), #363, 'distance_accuracy_value', 'NONE');
#1156 = FILL_AREA_STYLE_COLOUR ( '', #1162 ) ;
#1157 = ORIENTED_EDGE ( 'NONE', *, *, #2024, .T. ) ;
#1158 =( NAMED_UNIT ( * ) PLANE_ANGLE_UNIT ( ) SI_UNIT ( $, .RADIAN. ) );
#1159 = SURFACE_SIDE_STYLE ('',( #1196 ) ) ;
#1160 = ADVANCED_FACE ( 'NONE', ( #2420 ), #3982, .T. ) ;
#1161 = CARTESIAN_POINT ( 'NONE',  ( 8.253148314883512526, 6.299478870653065776, -0.3500000000000000888 ) ) ;
#1162 = COLOUR_RGB ( '',0.8313725490196077761, 0.6705882352941175961, 0.1294117647058823373 ) ;
#1163 = DIRECTION ( 'NONE',  ( 1.121588454295349533E-16, -1.000000000000000000, 0.000000000000000000 ) ) ;
#1164 = EDGE_CURVE ( 'NONE', #1422, #5300, #4154, .T. ) ;
#1165 = ORIENTED_EDGE ( 'NONE', *, *, #6923, .T. ) ;
#1166 = CARTESIAN_POINT ( 'NONE',  ( 1.756229430279611314, 5.796998266909028530, 0.3499999999999999223 ) ) ;
#1167 = CARTESIAN_POINT ( 'NONE',  ( -0.6867549326077613259, 8.000000000000000000, 0.6500000000000000222 ) ) ;
#1168 = CARTESIAN_POINT ( 'NONE',  ( 2.189999999999999947, 8.199999999999999289, -0.3499999999999999778 ) ) ;
#1169 = CARTESIAN_POINT ( 'NONE',  ( 7.020000000000000462, 6.299999999999999822, 0.3499999999999998113 ) ) ;
#1170 = CARTESIAN_POINT ( 'NONE',  ( -0.05000000000000050931, 8.026794919243110726, -0.05000000000000062034 ) ) ;
#1171 = DIRECTION ( 'NONE',  ( 1.000000000000000000, -0.000000000000000000, 0.000000000000000000 ) ) ;
#1172 = EDGE_CURVE ( 'NONE', #2749, #571, #5652, .T. ) ;
#1173 = VERTEX_POINT ( 'NONE', #5017 ) ;
#1174 = VECTOR ( 'NONE', #2169, 1000.000000000000000 ) ;
#1175 = LINE ( 'NONE', #6628, #2225 ) ;
#1176 = DIRECTION ( 'NONE',  ( -0.000000000000000000, -3.097720492815727166E-16, -1.000000000000000000 ) ) ;
#1177 = SURFACE_STYLE_USAGE ( .BOTH. , #3040 ) ;
#1178 = EDGE_CURVE ( 'NONE', #4174, #1382, #7345, .T. ) ;
#1179 = ORIENTED_EDGE ( 'NONE', *, *, #2405, .F. ) ;
#1180 = CARTESIAN_POINT ( 'NONE',  ( 6.620000000000000995, 2.207665535523969158, -0.3500000000000000888 ) ) ;
#1181 = ORIENTED_EDGE ( 'NONE', *, *, #2552, .F. ) ;
#1182 = COLOUR_RGB ( '',0.8313725490196077761, 0.6705882352941175961, 0.1294117647058823373 ) ;
#1183 = CARTESIAN_POINT ( 'NONE',  ( -1.000000000000000000, 0.5000000000000002220, 0.3499999999999998668 ) ) ;
#1184 = EDGE_CURVE ( 'NONE', #4299, #2098, #2767, .T. ) ;
#1185 = EDGE_LOOP ( 'NONE', ( #4644, #7615, #7117, #78 ) ) ;
#1186 =( NAMED_UNIT ( * ) PLANE_ANGLE_UNIT ( ) SI_UNIT ( $, .RADIAN. ) );
#1187 = VECTOR ( 'NONE', #223, 1000.000000000000000 ) ;
#1188 = SURFACE_STYLE_FILL_AREA ( #7299 ) ;
#1189 = SURFACE_STYLE_USAGE ( .BOTH. , #570 ) ;
#1190 = ORIENTED_EDGE ( 'NONE', *, *, #7001, .F. ) ;
#1191 = ORIENTED_EDGE ( 'NONE', *, *, #4204, .F. ) ;
#1192 = LINE ( 'NONE', #5314, #4799 ) ;
#1193 = VECTOR ( 'NONE', #6893, 1000.000000000000000 ) ;
#1194 = EDGE_CURVE ( 'NONE', #4160, #163, #5258, .T. ) ;
#1195 = DIRECTION ( 'NONE',  ( -1.000000000000000000, -0.000000000000000000, -0.000000000000000000 ) ) ;
#1196 = SURFACE_STYLE_FILL_AREA ( #2455 ) ;
#1197 = CARTESIAN_POINT ( 'NONE',  ( 8.406052886485989362, 5.783587059575309830, -0.3500000000000002554 ) ) ;
#1198 = VERTEX_POINT ( 'NONE', #6151 ) ;
#1199 =( BOUNDED_SURFACE ( )  B_SPLINE_SURFACE ( 2, 3, ( 
 ( #6979, #1556, #4007, #6377 ),
 ( #976, #3386, #384, #2780 ),
 ( #5196, #7591, #3647, #6038 ) ),
 .UNSPECIFIED., .F., .F., .F. ) 
 B_SPLINE_SURFACE_WITH_KNOTS ( ( 3, 3 ),
 ( 4, 4 ),
 ( 0.000000000000000000, 1.000000000000000000 ),
 ( -3.500000000000000371E-05, 0.0007349999999999999763 ),
 .UNSPECIFIED. ) 
 GEOMETRIC_REPRESENTATION_ITEM ( )  RATIONAL_B_SPLINE_SURFACE ( (
 ( 1.000000000000000000, 1.000000000000000000, 1.000000000000000000, 1.000000000000000000),
 ( 0.7071067811865475727, 0.7071067811865475727, 0.7071067811865475727, 0.7071067811865475727),
 ( 1.000000000000000000, 1.000000000000000000, 1.000000000000000000, 1.000000000000000000) ) ) 
 REPRESENTATION_ITEM ( '' )  SURFACE ( )  );
#1200 = CARTESIAN_POINT ( 'NONE',  ( 5.080000000000000071, 1.700000000000000178, 0.3499999999999998668 ) ) ;
#1201 = FACE_OUTER_BOUND ( 'NONE', #4991, .T. ) ;
#1202 = VECTOR ( 'NONE', #3578, 1000.000000000000000 ) ;
#1203 = EDGE_CURVE ( 'NONE', #2797, #3960, #1895, .T. ) ;
#1204 = CARTESIAN_POINT ( 'NONE',  ( 1.858619849678662783, 6.233860305463148066, 0.3499999999999998668 ) ) ;
#1205 = CARTESIAN_POINT ( 'NONE',  ( 6.933245067392238781, 0.5000000000000000000, -0.6500000000000013545 ) ) ;
#1206 = CARTESIAN_POINT ( 'NONE',  ( 6.760732764477098478, 5.226749775238759277, 0.3499999999999997558 ) ) ;
#1207 = COLOUR_RGB ( '',0.8313725490196077761, 0.6705882352941175961, 0.1294117647058823373 ) ;
#1208 = FILL_AREA_STYLE ('',( #7283 ) ) ;
#1209 = FILL_AREA_STYLE_COLOUR ( '', #5690 ) ;
#1210 = ORIENTED_EDGE ( 'NONE', *, *, #4636, .T. ) ;
#1211 = AXIS2_PLACEMENT_3D ( 'NONE', #4679, #5789, #7103 ) ;
#1212 = CARTESIAN_POINT ( 'NONE',  ( 5.808502052288794459, 6.125528511109557428, 0.3499999999999998668 ) ) ;
#1213 = DIRECTION ( 'NONE',  ( 0.000000000000000000, 0.000000000000000000, 1.000000000000000000 ) ) ;
#1214 = ADVANCED_FACE ( 'NONE', ( #4302 ), #3717, .T. ) ;
#1215 = ORIENTED_EDGE ( 'NONE', *, *, #5996, .T. ) ;
#1216 = CARTESIAN_POINT ( 'NONE',  ( 6.891497947711103578, 6.125528511109506802, -0.3500000000000001443 ) ) ;
#1217 = VERTEX_POINT ( 'NONE', #3454 ) ;
#1218 = DIRECTION ( 'NONE',  ( -0.000000000000000000, -0.000000000000000000, 1.000000000000000000 ) ) ;
#1219 = CARTESIAN_POINT ( 'NONE',  ( 0.3525240155457787239, 5.732672356334978403, -0.3499999999999999778 ) ) ;
#1220 = ORIENTED_EDGE ( 'NONE', *, *, #2070, .F. ) ;
#1221 = CARTESIAN_POINT ( 'NONE',  ( 5.680000000000000604, 6.299999999999999822, 0.3849999999999998423 ) ) ;
#1222 = COLOUR_RGB ( '',0.8313725490196077761, 0.6705882352941175961, 0.1294117647058823373 ) ;
#1223 = FILL_AREA_STYLE_COLOUR ( '', #1182 ) ;
#1224 = CARTESIAN_POINT ( 'NONE',  ( 4.080000000000000071, 1.800000000000000488, -0.3500000000000000888 ) ) ;
#1225 = ORIENTED_EDGE ( 'NONE', *, *, #5800, .T. ) ;
#1226 = ORIENTED_EDGE ( 'NONE', *, *, #6073, .F. ) ;
#1227 = VECTOR ( 'NONE', #3768, 1000.000000000000000 ) ;
#1228 = CARTESIAN_POINT ( 'NONE',  ( 3.540000000000001368, 6.299999999999999822, 0.3849999999999998979 ) ) ;
#1229 = CARTESIAN_POINT ( 'NONE',  ( 4.754744180118195551, 5.589454083063165157, 0.3499999999999998668 ) ) ;
#1230 = CARTESIAN_POINT ( 'NONE',  ( 8.220000000000000639, 6.299999999999999822, -0.3500000000000001443 ) ) ;
#1231 = EDGE_LOOP ( 'NONE', ( #5873, #4870, #7565, #3746 ) ) ;
#1232 = FILL_AREA_STYLE ('',( #4748 ) ) ;
#1233 = SURFACE_STYLE_USAGE ( .BOTH. , #3098 ) ;
#1234 = LINE ( 'NONE', #4234, #1402 ) ;
#1235 = CARTESIAN_POINT ( 'NONE',  ( 6.620000000000000995, 1.800000000000000488, -0.3500000000000001443 ) ) ;
#1236 =( BOUNDED_CURVE ( )  B_SPLINE_CURVE ( 3, ( #1763, #6023, #7323, #7290 ),
 .UNSPECIFIED., .F., .F. ) 
 B_SPLINE_CURVE_WITH_KNOTS ( ( 4, 4 ),
 ( 1.570796326794896336, 2.359101780428492390 ),
 .UNSPECIFIED. ) 
 CURVE ( )  GEOMETRIC_REPRESENTATION_ITEM ( )  RATIONAL_B_SPLINE_CURVE ( ( 1.000000000000000000, 0.9488815137910384667, 0.9488815137910384667, 1.000000000000000000 ) ) 
 REPRESENTATION_ITEM ( '' )  );
#1237 = CARTESIAN_POINT ( 'NONE',  ( 3.540000000000000480, 0.8000000000000007105, -0.3500000000000000333 ) ) ;
#1238 = CARTESIAN_POINT ( 'NONE',  ( 2.690000000000002167, -3.000000000000000000, 0.3499999999999999223 ) ) ;
#1239 = PRESENTATION_LAYER_ASSIGNMENT (  '', '', ( #3018 ) ) ;
#1240 = CARTESIAN_POINT ( 'NONE',  ( 6.845852863327321458, 5.851685420754310307, 0.3499999999999998668 ) ) ;
#1241 = MECHANICAL_DESIGN_GEOMETRIC_PRESENTATION_REPRESENTATION (  '', ( #7541 ), #1744 ) ;
#1242 = DIRECTION ( 'NONE',  ( -0.000000000000000000, -1.668003342285388099E-16, -1.000000000000000000 ) ) ;
#1243 = LINE ( 'NONE', #3034, #4678 ) ;
#1244 = EDGE_CURVE ( 'NONE', #4416, #7733, #2689, .T. ) ;
#1245 = VERTEX_POINT ( 'NONE', #2771 ) ;
#1246 = SURFACE_SIDE_STYLE ('',( #3585 ) ) ;
#1247 = CARTESIAN_POINT ( 'NONE',  ( 7.270000000000000462, 8.199999999999999289, 0.3499999999999999778 ) ) ;
#1248 = DIRECTION ( 'NONE',  ( 0.000000000000000000, 0.000000000000000000, 1.000000000000000000 ) ) ;
#1249 = ORIENTED_EDGE ( 'NONE', *, *, #2245, .F. ) ;
#1250 = CARTESIAN_POINT ( 'NONE',  ( 5.430000000000000604, 8.199999999999999289, 0.3499999999999999778 ) ) ;
#1251 = PRESENTATION_LAYER_ASSIGNMENT (  '', '', ( #5304 ) ) ;
#1252 = LINE ( 'NONE', #6097, #1480 ) ;
#1253 = CARTESIAN_POINT ( 'NONE',  ( 5.780000000000001137, 0.8000000000000007105, -0.3500000000000000888 ) ) ;
#1254 = CARTESIAN_POINT ( 'NONE',  ( 7.020000000000000462, 6.299999999999999822, 0.3499999999999998113 ) ) ;
#1255 = EDGE_CURVE ( 'NONE', #2458, #1245, #4614, .T. ) ;
#1256 = EDGE_LOOP ( 'NONE', ( #4847, #1982, #1740, #6433 ) ) ;
#1257 = ADVANCED_FACE ( 'NONE', ( #5228, #4498, #2814, #2217, #6364 ), #6930, .F. ) ;
#1258 = PRESENTATION_LAYER_ASSIGNMENT (  '', '', ( #5791 ) ) ;
#1259 = CARTESIAN_POINT ( 'NONE',  ( 7.945255819881804626, 5.589454083063163381, 0.3499999999999998113 ) ) ;
#1260 = CARTESIAN_POINT ( 'NONE',  ( 4.729999999999999538, 8.199999999999999289, -0.3499999999999999778 ) ) ;
#1261 = ORIENTED_EDGE ( 'NONE', *, *, #7764, .T. ) ;
#1262 = CARTESIAN_POINT ( 'NONE',  ( 1.675802618229585317, 5.178803639423790628, -0.3500000000000000333 ) ) ;
#1263 = ORIENTED_EDGE ( 'NONE', *, *, #5627, .F. ) ;
#1264 = LINE ( 'NONE', #7411, #7218 ) ;
#1265 = EDGE_CURVE ( 'NONE', #1429, #199, #4578, .T. ) ;
#1266 = AXIS2_PLACEMENT_3D ( 'NONE', #7094, #3390, #1560 ) ;
#1267 = CARTESIAN_POINT ( 'NONE',  ( 7.156643101092098114, 1.700000000000000400, -0.3500000000000001443 ) ) ;
#1268 = CARTESIAN_POINT ( 'NONE',  ( 6.024695486956169077, 4.083092593512565927, -0.3500000000000001998 ) ) ;
#1269 = FILL_AREA_STYLE ('',( #7273 ) ) ;
#1270 = ORIENTED_EDGE ( 'NONE', *, *, #2024, .F. ) ;
#1271 = LINE ( 'NONE', #4489, #6810 ) ;
#1272 = DIRECTION ( 'NONE',  ( 0.000000000000000000, -1.000000000000000000, 1.668003342285391551E-16 ) ) ;
#1273 = CARTESIAN_POINT ( 'NONE',  ( -1.469999999999999973, 0.000000000000000000, 1.199999999999999956 ) ) ;
#1274 = PRESENTATION_LAYER_ASSIGNMENT (  '', '', ( #4048 ) ) ;
#1275 = MECHANICAL_DESIGN_GEOMETRIC_PRESENTATION_REPRESENTATION (  '', ( #2162 ), #3927 ) ;
#1276 = CARTESIAN_POINT ( 'NONE',  ( 7.294744180118195587, 5.589454083063166046, 0.3499999999999998113 ) ) ;
#1277 = PLANE ( 'NONE',  #5851 ) ;
#1278 = FILL_AREA_STYLE ('',( #650 ) ) ;
#1279 = VECTOR ( 'NONE', #6186, 1000.000000000000000 ) ;
#1280 = CARTESIAN_POINT ( 'NONE',  ( 6.833947113514016181, 5.783587059575308942, 0.3499999999999998113 ) ) ;
#1281 = CARTESIAN_POINT ( 'NONE',  ( 7.267475984454220495, 5.732672356334980179, 0.3499999999999998113 ) ) ;
#1282 = PLANE ( 'NONE',  #2016 ) ;
#1283 = DIRECTION ( 'NONE',  ( 0.000000000000000000, -0.000000000000000000, -1.000000000000000000 ) ) ;
#1284 = ORIENTED_EDGE ( 'NONE', *, *, #5640, .F. ) ;
#1285 = DIRECTION ( 'NONE',  ( 0.000000000000000000, 0.000000000000000000, 1.000000000000000000 ) ) ;
#1286 =( NAMED_UNIT ( * ) SI_UNIT ( $, .STERADIAN. ) SOLID_ANGLE_UNIT ( ) );
#1287 = CARTESIAN_POINT ( 'NONE',  ( 2.076643101092097154, 1.700000000000001288, -0.3500000000000000333 ) ) ;
#1288 = ORIENTED_EDGE ( 'NONE', *, *, #3963, .F. ) ;
#1289 = CARTESIAN_POINT ( 'NONE',  ( 6.731150453949025447, 4.917640708295714980, -0.3500000000000001443 ) ) ;
#1290 = PRESENTATION_STYLE_ASSIGNMENT (( #3162 ) ) ;
#1291 = DIRECTION ( 'NONE',  ( 0.000000000000000000, 0.000000000000000000, 1.000000000000000000 ) ) ;
#1292 = VECTOR ( 'NONE', #4566, 1000.000000000000000 ) ;
#1293 = VERTEX_POINT ( 'NONE', #6273 ) ;
#1294 = EDGE_CURVE ( 'NONE', #447, #7773, #3418, .T. ) ;
#1295 = FACE_OUTER_BOUND ( 'NONE', #7305, .T. ) ;
#1296 =( GEOMETRIC_REPRESENTATION_CONTEXT ( 3 ) GLOBAL_UNCERTAINTY_ASSIGNED_CONTEXT ( ( #1778 ) ) GLOBAL_UNIT_ASSIGNED_CONTEXT ( ( #4846, #6836, #4484 ) ) REPRESENTATION_CONTEXT ( 'NONE', 'WORKASPACE' ) );
#1297 = ORIENTED_EDGE ( 'NONE', *, *, #5520, .F. ) ;
#1298 = CARTESIAN_POINT ( 'NONE',  ( 1.873733788849081039, 6.298959448224836777, -0.3500000000000000333 ) ) ;
#1299 = ORIENTED_EDGE ( 'NONE', *, *, #4235, .F. ) ;
#1300 = CARTESIAN_POINT ( 'NONE',  ( 2.540000000000000036, -3.000000000000000000, -0.3500000000000000333 ) ) ;
#1301 = ORIENTED_EDGE ( 'NONE', *, *, #7307, .F. ) ;
#1302 = VECTOR ( 'NONE', #3546, 1000.000000000000000 ) ;
#1303 = FACE_OUTER_BOUND ( 'NONE', #1049, .T. ) ;
#1304 = EDGE_CURVE ( 'NONE', #2647, #4075, #6320, .T. ) ;
#1305 = CARTESIAN_POINT ( 'NONE',  ( -0.7350420104460260173, 6.043840788194787983, 0.3499999999999999223 ) ) ;
#1306 = CARTESIAN_POINT ( 'NONE',  ( 5.815042010446086707, 6.043840788194751568, -0.3500000000000000888 ) ) ;
#1307 = LINE ( 'NONE', #718, #1088 ) ;
#1308 = ORIENTED_EDGE ( 'NONE', *, *, #5091, .F. ) ;
#1309 = STYLED_ITEM ( 'NONE', ( #982 ), #5129 ) ;
#1310 = PRESENTATION_STYLE_ASSIGNMENT (( #6726 ) ) ;
#1311 = DIRECTION ( 'NONE',  ( 1.000000000000000000, 0.000000000000000000, 0.000000000000000000 ) ) ;
#1312 = CARTESIAN_POINT ( 'NONE',  ( 8.620000000000000995, 1.800000000000000488, 0.3499999999999998113 ) ) ;
#1313 = UNCERTAINTY_MEASURE_WITH_UNIT (LENGTH_MEASURE( 1.000000000000000082E-05 ), #4087, 'distance_accuracy_value', 'NONE');
#1314 = CIRCLE ( 'NONE', #7750, 0.2000000000000000944 ) ;
#1315 = CARTESIAN_POINT ( 'NONE',  ( 7.020000000000000462, 6.299999999999999822, 0.1166666666666664187 ) ) ;
#1316 = CARTESIAN_POINT ( 'NONE',  ( 1.540000000000000036, 6.500000000000000888, 0.3499999999999989231 ) ) ;
#1317 = CARTESIAN_POINT ( 'NONE',  ( 2.187475984454220423, 5.732672356334980179, 0.3499999999999999223 ) ) ;
#1318 = FACE_OUTER_BOUND ( 'NONE', #6398, .T. ) ;
#1319 = DIRECTION ( 'NONE',  ( -0.000000000000000000, 0.000000000000000000, 1.000000000000000000 ) ) ;
#1320 = SURFACE_SIDE_STYLE ('',( #5550 ) ) ;
#1321 = PRESENTATION_LAYER_ASSIGNMENT (  '', '', ( #329 ) ) ;
#1322 = CARTESIAN_POINT ( 'NONE',  ( 3.039999999999998259, 6.299999999999999822, 0.3499999999999999223 ) ) ;
#1323 = CARTESIAN_POINT ( 'NONE',  ( 5.430000000000000604, 1.084202172485506745E-17, 0.3499999999999998668 ) ) ;
#1324 = ORIENTED_EDGE ( 'NONE', *, *, #5988, .F. ) ;
#1325 = VECTOR ( 'NONE', #3899, 1000.000000000000114 ) ;
#1326 = EDGE_CURVE ( 'NONE', #7586, #7105, #2860, .T. ) ;
#1327 = FILL_AREA_STYLE ('',( #4436 ) ) ;
#1328 = CARTESIAN_POINT ( 'NONE',  ( 2.214744180118195516, 5.589454083063166046, 0.3499999999999999223 ) ) ;
#1329 = ORIENTED_EDGE ( 'NONE', *, *, #3017, .F. ) ;
#1330 = LINE ( 'NONE', #5631, #4197 ) ;
#1331 = DIRECTION ( 'NONE',  ( 1.000000000000000000, 0.000000000000000000, 0.000000000000000000 ) ) ;
#1332 = SURFACE_STYLE_FILL_AREA ( #6596 ) ;
#1333 = SURFACE_STYLE_FILL_AREA ( #6745 ) ;
#1334 = VECTOR ( 'NONE', #4059, 1000.000000000000114 ) ;
#1335 = ORIENTED_EDGE ( 'NONE', *, *, #2974, .F. ) ;
#1336 = CARTESIAN_POINT ( 'NONE',  ( 4.224309810834100176, 5.260692584315934894, 0.3499999999999997558 ) ) ;
#1337 = CARTESIAN_POINT ( 'NONE',  ( 0.05000000000000045380, 8.026794919243110726, -0.05000000000000062034 ) ) ;
#1338 = LINE ( 'NONE', #4182, #1557 ) ;
#1339 = AXIS2_PLACEMENT_3D ( 'NONE', #6148, #5613, #205 ) ;
#1340 = VERTEX_POINT ( 'NONE', #1548 ) ;
#1341 = CARTESIAN_POINT ( 'NONE',  ( 1.752463891615423375, 5.774771377977407916, -0.3499999999999999778 ) ) ;
#1342 = VERTEX_POINT ( 'NONE', #4033 ) ;
#1343 = CARTESIAN_POINT ( 'NONE',  ( 0.5218457338839795900, 5.626229152235330488, 0.3499999999999999778 ) ) ;
#1344 = VERTEX_POINT ( 'NONE', #1588 ) ;
#1345 = AXIS2_PLACEMENT_3D ( 'NONE', #6926, #3450, #3374 ) ;
#1346 = EDGE_CURVE ( 'NONE', #7217, #2122, #926, .T. ) ;
#1347 = DIRECTION ( 'NONE',  ( -0.000000000000000000, 1.000000000000000000, -0.000000000000000000 ) ) ;
#1348 = DIRECTION ( 'NONE',  ( -0.000000000000000000, -0.000000000000000000, -1.000000000000000000 ) ) ;
#1349 = ORIENTED_EDGE ( 'NONE', *, *, #1841, .F. ) ;
#1350 = DIRECTION ( 'NONE',  ( -0.000000000000000000, 1.668003342285391551E-16, 1.000000000000000000 ) ) ;
#1351 = CARTESIAN_POINT ( 'NONE',  ( 8.572723323164030518, 3.923639721076657150, 0.3499999999999997558 ) ) ;
#1352 = EDGE_CURVE ( 'NONE', #5569, #4322, #892, .T. ) ;
#1353 = VECTOR ( 'NONE', #3780, 1000.000000000000000 ) ;
#1354 = EDGE_CURVE ( 'NONE', #2458, #5625, #5727, .T. ) ;
#1355 = LINE ( 'NONE', #3881, #5777 ) ;
#1356 = CARTESIAN_POINT ( 'NONE',  ( 0.8506397697902693400, 5.307482533055135399, -0.3499999999999999778 ) ) ;
#1357 = CYLINDRICAL_SURFACE ( 'NONE', #1502, 0.1999999999999999833 ) ;
#1358 = CARTESIAN_POINT ( 'NONE',  ( 6.675304513043835541, 4.083092593512597901, 0.3499999999999998113 ) ) ;
#1359 = SURFACE_STYLE_USAGE ( .BOTH. , #4430 ) ;
#1360 = MECHANICAL_DESIGN_GEOMETRIC_PRESENTATION_REPRESENTATION (  '', ( #2626 ), #3753 ) ;
#1361 = CARTESIAN_POINT ( 'NONE',  ( 1.000000000000000000, 6.500000000000000888, -0.3500000000000010880 ) ) ;
#1362 = DIRECTION ( 'NONE',  ( 1.000000000000000000, 0.000000000000000000, 0.000000000000000000 ) ) ;
#1363 = DIRECTION ( 'NONE',  ( -1.000000000000000000, 0.000000000000000000, 0.000000000000000000 ) ) ;
#1364 = ORIENTED_EDGE ( 'NONE', *, *, #1952, .F. ) ;
#1365 = CARTESIAN_POINT ( 'NONE',  ( 8.068193045422141552, 5.884855341312110077, -0.3500000000000001998 ) ) ;
#1366 = STYLED_ITEM ( 'NONE', ( #70 ), #849 ) ;
#1367 = SURFACE_STYLE_USAGE ( .BOTH. , #6779 ) ;
#1368 =( NAMED_UNIT ( * ) SI_UNIT ( $, .STERADIAN. ) SOLID_ANGLE_UNIT ( ) );
#1369 = ORIENTED_EDGE ( 'NONE', *, *, #3595, .T. ) ;
#1370 = ORIENTED_EDGE ( 'NONE', *, *, #2029, .T. ) ;
#1371 = DIRECTION ( 'NONE',  ( -1.121588454295349780E-16, 1.000000000000000000, 0.000000000000000000 ) ) ;
#1372 = CARTESIAN_POINT ( 'NONE',  ( 7.270000000000001350, -2.800000000000001155, 0.3499999999999998113 ) ) ;
#1373 = ORIENTED_EDGE ( 'NONE', *, *, #3534, .T. ) ;
#1374 = CARTESIAN_POINT ( 'NONE',  ( 4.140020115625524966, 4.171275002134293253, 0.3499999999999998113 ) ) ;
#1375 = DIRECTION ( 'NONE',  ( 1.000000000000000000, 0.000000000000000000, 0.000000000000000000 ) ) ;
#1376 = CARTESIAN_POINT ( 'NONE',  ( -5.421010862427528333E-17, 0.5000000000000005551, -0.3499999999999999778 ) ) ;
#1377 = VECTOR ( 'NONE', #843, 1000.000000000000000 ) ;
#1378 = ORIENTED_EDGE ( 'NONE', *, *, #3038, .T. ) ;
#1379 =( LENGTH_UNIT ( ) NAMED_UNIT ( * ) SI_UNIT ( .MILLI., .METRE. ) );
#1380 = ORIENTED_EDGE ( 'NONE', *, *, #6413, .F. ) ;
#1381 = CARTESIAN_POINT ( 'NONE',  ( 0.8696152422706630025, 8.500000000000000000, 0.8696152422706628915 ) ) ;
#1382 = VERTEX_POINT ( 'NONE', #7665 ) ;
#1383 = VECTOR ( 'NONE', #2782, 1000.000000000000000 ) ;
#1384 = EDGE_CURVE ( 'NONE', #6889, #6054, #3335, .T. ) ;
#1385 = CARTESIAN_POINT ( 'NONE',  ( 7.620000000000000107, 1.700000000000000178, -0.3500000000000001443 ) ) ;
#1386 =( NAMED_UNIT ( * ) PLANE_ANGLE_UNIT ( ) SI_UNIT ( $, .RADIAN. ) );
#1387 = FILL_AREA_STYLE ('',( #3957 ) ) ;
#1388 = VECTOR ( 'NONE', #4962, 1000.000000000000000 ) ;
#1389 = LINE ( 'NONE', #3876, #967 ) ;
#1390 = VERTEX_POINT ( 'NONE', #6887 ) ;
#1391 = EDGE_CURVE ( 'NONE', #3549, #272, #2820, .T. ) ;
#1392 = CARTESIAN_POINT ( 'NONE',  ( 0.000000000000000000, 8.500000000000000000, 0.8696152422706628915 ) ) ;
#1393 = CARTESIAN_POINT ( 'NONE',  ( 5.080000000000000071, 6.299999999999999822, -0.3500000000000000888 ) ) ;
#1394 = VECTOR ( 'NONE', #22, 1000.000000000000000 ) ;
#1395 = CARTESIAN_POINT ( 'NONE',  ( 3.485296937195549116, 4.071564961060393451, 0.3499999999999999223 ) ) ;
#1396 = CARTESIAN_POINT ( 'NONE',  ( 0.9435678341141576775, 4.104507585657627189, -0.3500000000000000333 ) ) ;
#1397 = CARTESIAN_POINT ( 'NONE',  ( 5.780000000000001137, 0.5000000000000006661, 0.3499999999999998668 ) ) ;
#1398 = DIRECTION ( 'NONE',  ( 1.000000000000000000, -0.000000000000000000, 0.000000000000000000 ) ) ;
#1399 = EDGE_CURVE ( 'NONE', #2440, #5303, #3622, .T. ) ;
#1400 = MECHANICAL_DESIGN_GEOMETRIC_PRESENTATION_REPRESENTATION (  '', ( #2789 ), #3925 ) ;
#1401 =( NAMED_UNIT ( * ) PLANE_ANGLE_UNIT ( ) SI_UNIT ( $, .RADIAN. ) );
#1402 = VECTOR ( 'NONE', #7206, 1000.000000000000000 ) ;
#1403 = FILL_AREA_STYLE ('',( #6815 ) ) ;
#1404 = DIRECTION ( 'NONE',  ( 0.000000000000000000, -0.000000000000000000, -1.000000000000000000 ) ) ;
#1405 = CARTESIAN_POINT ( 'NONE',  ( -1.469999999999999973, 0.000000000000000000, -1.199999999999999956 ) ) ;
#1406 = EDGE_LOOP ( 'NONE', ( #874, #7439, #6783, #6660 ) ) ;
#1407 = PRESENTATION_LAYER_ASSIGNMENT (  '', '', ( #5820 ) ) ;
#1408 = CARTESIAN_POINT ( 'NONE',  ( 4.080000000000000071, 1.800000000000000488, -0.3849999999999999534 ) ) ;
#1409 = DIRECTION ( 'NONE',  ( 0.000000000000000000, 0.000000000000000000, 1.000000000000000000 ) ) ;
#1410 = CARTESIAN_POINT ( 'NONE',  ( 1.000000000000000000, 6.500000000000000888, 0.3499999999999989231 ) ) ;
#1411 = VERTEX_POINT ( 'NONE', #3378 ) ;
#1412 = SURFACE_STYLE_FILL_AREA ( #4403 ) ;
#1413 = ORIENTED_EDGE ( 'NONE', *, *, #6678, .T. ) ;
#1414 = DIRECTION ( 'NONE',  ( -0.000000000000000000, -1.000000000000000000, -0.000000000000000000 ) ) ;
#1415 =( LENGTH_UNIT ( ) NAMED_UNIT ( * ) SI_UNIT ( .MILLI., .METRE. ) );
#1416 = AXIS2_PLACEMENT_3D ( 'NONE', #6053, #7111, #1283 ) ;
#1417 = EDGE_LOOP ( 'NONE', ( #2522, #4809, #1118, #1226 ) ) ;
#1418 = CARTESIAN_POINT ( 'NONE',  ( 4.080000000000001847, 2.615493535618376164, 0.3499999999999999223 ) ) ;
#1419 = CARTESIAN_POINT ( 'NONE',  ( 0.6867549326077615479, 8.000000000000000000, -0.6500000000000025757 ) ) ;
#1420 =( NAMED_UNIT ( * ) PLANE_ANGLE_UNIT ( ) SI_UNIT ( $, .RADIAN. ) );
#1421 = VERTEX_POINT ( 'NONE', #602 ) ;
#1422 = VERTEX_POINT ( 'NONE', #6603 ) ;
#1423 = ORIENTED_EDGE ( 'NONE', *, *, #1399, .F. ) ;
#1424 = EDGE_CURVE ( 'NONE', #1421, #3906, #2143, .T. ) ;
#1425 = SURFACE_STYLE_USAGE ( .BOTH. , #3175 ) ;
#1426 = CARTESIAN_POINT ( 'NONE',  ( 2.540000000000000036, 0.5000000000000005551, 0.3499999999999999223 ) ) ;
#1427 = CARTESIAN_POINT ( 'NONE',  ( 5.980693495213403210, 4.786369049944409149, -0.3500000000000001443 ) ) ;
#1428 = LINE ( 'NONE', #7458, #5929 ) ;
#1429 = VERTEX_POINT ( 'NONE', #1224 ) ;
#1430 = LINE ( 'NONE', #3840, #5810 ) ;
#1431 = VECTOR ( 'NONE', #4221, 1000.000000000000000 ) ;
#1432 = EDGE_CURVE ( 'NONE', #4728, #6527, #1880, .T. ) ;
#1433 = MECHANICAL_DESIGN_GEOMETRIC_PRESENTATION_REPRESENTATION (  '', ( #1929 ), #1564 ) ;
#1434 = LINE ( 'NONE', #7465, #3964 ) ;
#1435 = FILL_AREA_STYLE_COLOUR ( '', #6284 ) ;
#1436 = FACE_OUTER_BOUND ( 'NONE', #6348, .T. ) ;
#1437 = CARTESIAN_POINT ( 'NONE',  ( 5.080000000000000071, 0.5000000000000005551, -0.3500000000000000888 ) ) ;
#1438 = UNCERTAINTY_MEASURE_WITH_UNIT (LENGTH_MEASURE( 1.000000000000000082E-05 ), #6174, 'distance_accuracy_value', 'NONE');
#1439 = CARTESIAN_POINT ( 'NONE',  ( 0.4633568989079006606, 1.699999999999997957, 0.3500000000000000333 ) ) ;
#1440 = VECTOR ( 'NONE', #4124, 1000.000000000000000 ) ;
#1441 = ORIENTED_EDGE ( 'NONE', *, *, #1512, .F. ) ;
#1442 = EDGE_CURVE ( 'NONE', #906, #6871, #1698, .T. ) ;
#1443 = FILL_AREA_STYLE_COLOUR ( '', #1465 ) ;
#1444 = CARTESIAN_POINT ( 'NONE',  ( 5.766754932607761397, 10.39117142264903570, 0.3499999999999983125 ) ) ;
#1445 = CARTESIAN_POINT ( 'NONE',  ( 6.080000000000000959, 1.121588454295350273E-16, 0.3499999999999998668 ) ) ;
#1446 = VECTOR ( 'NONE', #6450, 1000.000000000000000 ) ;
#1447 = EDGE_LOOP ( 'NONE', ( #1669, #3975, #7812, #5864, #6737, #487, #3607, #2044, #5751, #2220, #1067, #6144, #238, #6304, #7262, #4378, #3531, #2966, #7669, #7373 ) ) ;
#1448 = EDGE_LOOP ( 'NONE', ( #5669, #2569, #5704, #2085 ) ) ;
#1449 = SURFACE_STYLE_FILL_AREA ( #2795 ) ;
#1450 = DIRECTION ( 'NONE',  ( -0.000000000000000000, -0.000000000000000000, -1.000000000000000000 ) ) ;
#1451 =( BOUNDED_SURFACE ( )  B_SPLINE_SURFACE ( 3, 1, ( 
 ( #1976, #3883 ),
 ( #812, #3844 ),
 ( #2659, #2503 ),
 ( #1317, #852 ) ),
 .UNSPECIFIED., .F., .F., .F. ) 
 B_SPLINE_SURFACE_WITH_KNOTS ( ( 4, 4 ),
 ( 2, 2 ),
 ( 0.000000000000000000, 1.000000000000000000 ),
 ( 0.000000000000000000, 1.000000000000000000 ),
 .UNSPECIFIED. ) 
 GEOMETRIC_REPRESENTATION_ITEM ( )  RATIONAL_B_SPLINE_SURFACE ( (
 ( 1.000000000000000000, 1.000000000000000000),
 ( 0.9488815137910384667, 0.9488815137910384667),
 ( 0.9488815137910384667, 0.9488815137910384667),
 ( 1.000000000000000000, 1.000000000000000000) ) ) 
 REPRESENTATION_ITEM ( '' )  SURFACE ( )  );
#1452 = ORIENTED_EDGE ( 'NONE', *, *, #7147, .F. ) ;
#1453 = AXIS2_PLACEMENT_3D ( 'NONE', #4393, #2625, #3807 ) ;
#1454 = ADVANCED_FACE ( 'NONE', ( #4737 ), #5385, .F. ) ;
#1455 = CARTESIAN_POINT ( 'NONE',  ( 4.239611261228811934, 5.398486016527557219, 0.3499999999999998668 ) ) ;
#1456 = LINE ( 'NONE', #3281, #6255 ) ;
#1457 = DIRECTION ( 'NONE',  ( 0.000000000000000000, 1.000000000000000000, 4.336808689942018229E-16 ) ) ;
#1458 = ORIENTED_EDGE ( 'NONE', *, *, #341, .F. ) ;
#1459 = FILL_AREA_STYLE ('',( #3171 ) ) ;
#1460 = ORIENTED_EDGE ( 'NONE', *, *, #112, .F. ) ;
#1461 = DIRECTION ( 'NONE',  ( -1.000000000000000000, 0.000000000000000000, 0.000000000000000000 ) ) ;
#1462 = VERTEX_POINT ( 'NONE', #1736 ) ;
#1463 = LINE ( 'NONE', #3871, #1596 ) ;
#1464 =( BOUNDED_CURVE ( )  B_SPLINE_CURVE ( 3, ( #7592, #6378, #4624, #2781 ),
 .UNSPECIFIED., .F., .F. ) 
 B_SPLINE_CURVE_WITH_KNOTS ( ( 4, 4 ),
 ( 3.924083526751088957, 4.712388980384689674 ),
 .UNSPECIFIED. ) 
 CURVE ( )  GEOMETRIC_REPRESENTATION_ITEM ( )  RATIONAL_B_SPLINE_CURVE ( ( 1.000000000000000000, 0.9488815137910379116, 0.9488815137910379116, 1.000000000000000000 ) ) 
 REPRESENTATION_ITEM ( '' )  );
#1465 = COLOUR_RGB ( '',0.8313725490196077761, 0.6705882352941175961, 0.1294117647058823373 ) ;
#1466 = CARTESIAN_POINT ( 'NONE',  ( 2.189999999999999947, 8.000000000000000000, 0.3499999999999999778 ) ) ;
#1467 = CARTESIAN_POINT ( 'NONE',  ( 7.270000000000000462, 8.199999999999999289, 0.3499999999999999778 ) ) ;
#1468 = DIRECTION ( 'NONE',  ( -0.000000000000000000, 0.000000000000000000, 1.000000000000000000 ) ) ;
#1469 = LINE ( 'NONE', #4383, #1655 ) ;
#1470 =( NAMED_UNIT ( * ) PLANE_ANGLE_UNIT ( ) SI_UNIT ( $, .RADIAN. ) );
#1471 = VERTEX_POINT ( 'NONE', #7229 ) ;
#1472 = VECTOR ( 'NONE', #6927, 1000.000000000000000 ) ;
#1473 = DIRECTION ( 'NONE',  ( -1.000000000000000000, 0.000000000000000000, 0.000000000000000000 ) ) ;
#1474 = CARTESIAN_POINT ( 'NONE',  ( 3.540000000000000480, 1.800000000000000488, 0.3499999999999999223 ) ) ;
#1475 = CARTESIAN_POINT ( 'NONE',  ( 0.7860528864859864795, 5.783587059575308054, -0.3500000000000000888 ) ) ;
#1476 = CARTESIAN_POINT ( 'NONE',  ( 2.190000000000000835, -2.800000000000001155, -0.3500000000000000333 ) ) ;
#1477 = CARTESIAN_POINT ( 'NONE',  ( 0.8749941293855708624, 5.069026963384446915, 0.3500000000000000333 ) ) ;
#1478 = CARTESIAN_POINT ( 'NONE',  ( -1.469999999999999973, 8.500000000000000000, 1.199999999999999956 ) ) ;
#1479 = DIRECTION ( 'NONE',  ( 1.084202172485504434E-16, -1.000000000000000000, 0.000000000000000000 ) ) ;
#1480 = VECTOR ( 'NONE', #4405, 1000.000000000000000 ) ;
#1481 = LINE ( 'NONE', #143, #3062 ) ;
#1482 = ORIENTED_EDGE ( 'NONE', *, *, #670, .F. ) ;
#1483 = LINE ( 'NONE', #2669, #7741 ) ;
#1484 = SURFACE_SIDE_STYLE ('',( #946 ) ) ;
#1485 = ORIENTED_EDGE ( 'NONE', *, *, #3900, .T. ) ;
#1486 = CARTESIAN_POINT ( 'NONE',  ( -0.4633568989079023814, 1.700000000000002620, -0.3499999999999999778 ) ) ;
#1487 = ORIENTED_EDGE ( 'NONE', *, *, #6218, .T. ) ;
#1488 = LINE ( 'NONE', #319, #725 ) ;
#1489 = ORIENTED_EDGE ( 'NONE', *, *, #474, .F. ) ;
#1490 = COLOUR_RGB ( '',0.8313725490196077761, 0.6705882352941175961, 0.1294117647058823373 ) ;
#1491 = PLANE ( 'NONE',  #7133 ) ;
#1492 =( NAMED_UNIT ( * ) SI_UNIT ( $, .STERADIAN. ) SOLID_ANGLE_UNIT ( ) );
#1493 = ADVANCED_FACE ( 'NONE', ( #3597 ), #7749, .T. ) ;
#1494 =( BOUNDED_CURVE ( )  B_SPLINE_CURVE ( 3, ( #3882, #2018, #4426, #1938 ),
 .UNSPECIFIED., .F., .F. ) 
 B_SPLINE_CURVE_WITH_KNOTS ( ( 4, 4 ),
 ( 3.924083526751090290, 4.712388980384689674 ),
 .UNSPECIFIED. ) 
 CURVE ( )  GEOMETRIC_REPRESENTATION_ITEM ( )  RATIONAL_B_SPLINE_CURVE ( ( 1.000000000000000000, 0.9488815137910380226, 0.9488815137910380226, 1.000000000000000000 ) ) 
 REPRESENTATION_ITEM ( '' )  );
#1495 = VERTEX_POINT ( 'NONE', #569 ) ;
#1496 =( NAMED_UNIT ( * ) PLANE_ANGLE_UNIT ( ) SI_UNIT ( $, .RADIAN. ) );
#1497 = STYLED_ITEM ( 'NONE', ( #6099 ), #828 ) ;
#1498 = EDGE_LOOP ( 'NONE', ( #31, #5562, #6605, #1994 ) ) ;
#1499 = DIRECTION ( 'NONE',  ( -1.000000000000000000, -3.097720492815726426E-17, 0.000000000000000000 ) ) ;
#1500 = SURFACE_SIDE_STYLE ('',( #7614 ) ) ;
#1501 = ORIENTED_EDGE ( 'NONE', *, *, #4445, .F. ) ;
#1502 = AXIS2_PLACEMENT_3D ( 'NONE', #7090, #4661, #3346 ) ;
#1503 = CARTESIAN_POINT ( 'NONE',  ( 5.680000000000000604, 6.299999999999999822, 0.1166666666666664742 ) ) ;
#1504 = LINE ( 'NONE', #290, #5879 ) ;
#1505 = CARTESIAN_POINT ( 'NONE',  ( 3.409615242270663149, 8.500000000000000000, 0.8696152422706628915 ) ) ;
#1506 = DIRECTION ( 'NONE',  ( -1.000000000000000000, 0.000000000000000000, 0.000000000000000000 ) ) ;
#1507 = CARTESIAN_POINT ( 'NONE',  ( 2.540000000000000036, -3.000000000000000000, 0.3499999999999999223 ) ) ;
#1508 = ORIENTED_EDGE ( 'NONE', *, *, #198, .F. ) ;
#1509 = ORIENTED_EDGE ( 'NONE', *, *, #5532, .T. ) ;
#1510 = ADVANCED_FACE ( 'NONE', ( #4072 ), #4314, .T. ) ;
#1511 = DIRECTION ( 'NONE',  ( -1.000000000000000000, 0.000000000000000000, 0.000000000000000000 ) ) ;
#1512 = EDGE_CURVE ( 'NONE', #4834, #5035, #5064, .T. ) ;
#1513 = DIRECTION ( 'NONE',  ( -1.000000000000000000, -0.000000000000000000, -0.000000000000000000 ) ) ;
#1514 = ADVANCED_FACE ( 'NONE', ( #6243 ), #5585, .F. ) ;
#1515 =( LENGTH_UNIT ( ) NAMED_UNIT ( * ) SI_UNIT ( .MILLI., .METRE. ) );
#1516 =( NAMED_UNIT ( * ) PLANE_ANGLE_UNIT ( ) SI_UNIT ( $, .RADIAN. ) );
#1517 = LINE ( 'NONE', #1595, #3356 ) ;
#1518 = CARTESIAN_POINT ( 'NONE',  ( 7.620000000000000107, 1.700000000000000178, -0.3500000000000001443 ) ) ;
#1519 = VECTOR ( 'NONE', #4326, 1000.000000000000000 ) ;
#1520 = CARTESIAN_POINT ( 'NONE',  ( 4.930000000000001492, -3.000000000000000000, 0.3499999999999998668 ) ) ;
#1521 = ORIENTED_EDGE ( 'NONE', *, *, #836, .T. ) ;
#1522 = DIRECTION ( 'NONE',  ( 1.000000000000000000, -0.000000000000000000, 0.000000000000000000 ) ) ;
#1523 = CARTESIAN_POINT ( 'NONE',  ( 2.390000000000000568, -3.000000000000000000, 0.3499999999999999223 ) ) ;
#1524 = VECTOR ( 'NONE', #4432, 1000.000000000000000 ) ;
#1525 = FACE_OUTER_BOUND ( 'NONE', #2787, .T. ) ;
#1526 = VERTEX_POINT ( 'NONE', #5665 ) ;
#1527 = PRESENTATION_STYLE_ASSIGNMENT (( #5248 ) ) ;
#1528 = ORIENTED_EDGE ( 'NONE', *, *, #1072, .F. ) ;
#1529 = SURFACE_SIDE_STYLE ('',( #7028 ) ) ;
#1530 = CARTESIAN_POINT ( 'NONE',  ( 4.380000000000000782, 0.5000000000000004441, -0.3500000000000000888 ) ) ;
#1531 = VECTOR ( 'NONE', #2645, 1000.000000000000000 ) ;
#1532 = VERTEX_POINT ( 'NONE', #3808 ) ;
#1533 = VECTOR ( 'NONE', #7461, 1000.000000000000000 ) ;
#1534 = EDGE_CURVE ( 'NONE', #4187, #3286, #2542, .T. ) ;
#1535 = DIRECTION ( 'NONE',  ( -1.000000000000000000, 0.000000000000000000, 0.000000000000000000 ) ) ;
#1536 = LINE ( 'NONE', #2082, #2311 ) ;
#1537 = UNCERTAINTY_MEASURE_WITH_UNIT (LENGTH_MEASURE( 1.000000000000000082E-05 ), #769, 'distance_accuracy_value', 'NONE');
#1538 = VERTEX_POINT ( 'NONE', #2582 ) ;
#1539 = VECTOR ( 'NONE', #7118, 1000.000000000000000 ) ;
#1540 = ORIENTED_EDGE ( 'NONE', *, *, #5586, .F. ) ;
#1541 = CARTESIAN_POINT ( 'NONE',  ( 8.620000000000000995, 1.800000000000000488, -0.1283333333333336601 ) ) ;
#1542 = SURFACE_STYLE_FILL_AREA ( #5719 ) ;
#1543 = ORIENTED_EDGE ( 'NONE', *, *, #3290, .F. ) ;
#1544 = CARTESIAN_POINT ( 'NONE',  ( -0.9999999999999995559, 1.800000000000000488, -0.3499999999999999778 ) ) ;
#1545 = ADVANCED_FACE ( 'NONE', ( #2020 ), #96, .T. ) ;
#1546 = DIRECTION ( 'NONE',  ( 0.000000000000000000, -0.000000000000000000, -1.000000000000000000 ) ) ;
#1547 = DIRECTION ( 'NONE',  ( -0.000000000000000000, -1.000000000000000000, -0.000000000000000000 ) ) ;
#1548 = CARTESIAN_POINT ( 'NONE',  ( -0.3500000000000000333, 8.000000000000000000, 0.3499999999999999778 ) ) ;
#1549 = CARTESIAN_POINT ( 'NONE',  ( 3.140000000000000568, 6.299999999999999822, 0.3499999999999999223 ) ) ;
#1550 = DIRECTION ( 'NONE',  ( 1.000000000000000000, 0.000000000000000000, 0.000000000000000000 ) ) ;
#1551 = ORIENTED_EDGE ( 'NONE', *, *, #5735, .F. ) ;
#1552 = ORIENTED_EDGE ( 'NONE', *, *, #1699, .F. ) ;
#1553 = DIRECTION ( 'NONE',  ( -0.000000000000000000, 0.000000000000000000, 1.000000000000000000 ) ) ;
#1554 = AXIS2_PLACEMENT_3D ( 'NONE', #1250, #30, #6061 ) ;
#1555 = SURFACE_STYLE_USAGE ( .BOTH. , #5693 ) ;
#1556 = CARTESIAN_POINT ( 'NONE',  ( -0.9999999999999995559, 1.800000000000000488, 0.1283333333333336046 ) ) ;
#1557 = VECTOR ( 'NONE', #7264, 1000.000000000000000 ) ;
#1558 = DIRECTION ( 'NONE',  ( 0.000000000000000000, 1.000000000000000000, -1.668003342285391797E-16 ) ) ;
#1559 = CARTESIAN_POINT ( 'NONE',  ( -0.6454664785273052097, 3.877691542223591359, 0.3499999999999999778 ) ) ;
#1560 = DIRECTION ( 'NONE',  ( 0.000000000000000000, 1.668003342285391797E-16, 1.000000000000000000 ) ) ;
#1561 = ADVANCED_FACE ( 'NONE', ( #6123 ), #3667, .T. ) ;
#1562 =( NAMED_UNIT ( * ) PLANE_ANGLE_UNIT ( ) SI_UNIT ( $, .RADIAN. ) );
#1563 = ORIENTED_EDGE ( 'NONE', *, *, #757, .T. ) ;
#1564 =( GEOMETRIC_REPRESENTATION_CONTEXT ( 3 ) GLOBAL_UNCERTAINTY_ASSIGNED_CONTEXT ( ( #7786 ) ) GLOBAL_UNIT_ASSIGNED_CONTEXT ( ( #2396, #4247, #1286 ) ) REPRESENTATION_CONTEXT ( 'NONE', 'WORKASPACE' ) );
#1565 = DIRECTION ( 'NONE',  ( -1.000000000000000000, -0.000000000000000000, -0.000000000000000000 ) ) ;
#1566 =( LENGTH_UNIT ( ) NAMED_UNIT ( * ) SI_UNIT ( .MILLI., .METRE. ) );
#1567 = ORIENTED_EDGE ( 'NONE', *, *, #3224, .T. ) ;
#1568 = CARTESIAN_POINT ( 'NONE',  ( 6.620000000000000995, 0.8000000000000004885, 0.3499999999999998113 ) ) ;
#1569 = AXIS2_PLACEMENT_3D ( 'NONE', #4348, #2580, #4985 ) ;
#1570 = PLANE ( 'NONE',  #6965 ) ;
#1571 = ORIENTED_EDGE ( 'NONE', *, *, #5423, .T. ) ;
#1572 = LINE ( 'NONE', #2125, #1944 ) ;
#1573 = LINE ( 'NONE', #5754, #1122 ) ;
#1574 = SURFACE_SIDE_STYLE ('',( #6994 ) ) ;
#1575 = EDGE_LOOP ( 'NONE', ( #5441, #7698, #1261, #7196 ) ) ;
#1576 = ADVANCED_FACE ( 'NONE', ( #4588 ), #3427, .T. ) ;
#1577 = CARTESIAN_POINT ( 'NONE',  ( 1.540000000000000480, 1.800000000000000488, 0.3499999999999999223 ) ) ;
#1578 = EDGE_CURVE ( 'NONE', #7745, #1382, #7092, .T. ) ;
#1579 = ORIENTED_EDGE ( 'NONE', *, *, #4712, .F. ) ;
#1580 = CARTESIAN_POINT ( 'NONE',  ( 3.323770569720394530, 5.796998266909027642, -0.3499999999999999778 ) ) ;
#1581 = FILL_AREA_STYLE_COLOUR ( '', #5451 ) ;
#1582 = VECTOR ( 'NONE', #7282, 1000.000000000000000 ) ;
#1583 = ORIENTED_EDGE ( 'NONE', *, *, #2776, .F. ) ;
#1584 = CARTESIAN_POINT ( 'NONE',  ( 3.226754932607761361, 6.500000000000000888, 0.3499999999999988676 ) ) ;
#1585 = CARTESIAN_POINT ( 'NONE',  ( 4.215802618229587573, 5.178803639423790628, -0.3500000000000001443 ) ) ;
#1586 =( GEOMETRIC_REPRESENTATION_CONTEXT ( 3 ) GLOBAL_UNCERTAINTY_ASSIGNED_CONTEXT ( ( #5908 ) ) GLOBAL_UNIT_ASSIGNED_CONTEXT ( ( #1858, #2457, #46 ) ) REPRESENTATION_CONTEXT ( 'NONE', 'WORKASPACE' ) );
#1587 = DIRECTION ( 'NONE',  ( -1.000000000000000000, 0.000000000000000000, 7.744301232039316681E-17 ) ) ;
#1588 = CARTESIAN_POINT ( 'NONE',  ( 2.890000000000001013, 0.5000000000000005551, -0.3500000000000000333 ) ) ;
#1589 = ADVANCED_FACE ( 'NONE', ( #1673 ), #6286, .F. ) ;
#1590 = VERTEX_POINT ( 'NONE', #6379 ) ;
#1591 = VERTEX_POINT ( 'NONE', #6938 ) ;
#1592 = CARTESIAN_POINT ( 'NONE',  ( 5.080000000000000071, 0.5000000000000005551, 0.3499999999999998668 ) ) ;
#1593 = DIRECTION ( 'NONE',  ( -0.000000000000000000, 1.000000000000000000, -0.000000000000000000 ) ) ;
#1594 = EDGE_CURVE ( 'NONE', #1110, #4766, #6331, .T. ) ;
#1595 = CARTESIAN_POINT ( 'NONE',  ( -0.3500000000000000333, 8.199999999999999289, 0.3499999999999999778 ) ) ;
#1596 = VECTOR ( 'NONE', #3752, 1000.000000000000000 ) ;
#1597 = CARTESIAN_POINT ( 'NONE',  ( 7.294744180118195587, 5.589454083063165157, -0.3500000000000001443 ) ) ;
#1598 =( NAMED_UNIT ( * ) SI_UNIT ( $, .STERADIAN. ) SOLID_ANGLE_UNIT ( ) );
#1599 = CARTESIAN_POINT ( 'NONE',  ( 0.3525240155457787239, 5.732672356334978403, -0.3499999999999999778 ) ) ;
#1600 = EDGE_CURVE ( 'NONE', #3393, #4206, #4548, .T. ) ;
#1601 = CARTESIAN_POINT ( 'NONE',  ( 1.853245067392238710, 10.39117142264903570, 0.3499999999999983125 ) ) ;
#1602 = EDGE_LOOP ( 'NONE', ( #2854, #6236, #1225, #6252, #5699, #6188, #5202, #4267 ) ) ;
#1603 = VECTOR ( 'NONE', #5639, 1000.000000000000000 ) ;
#1604 = FACE_OUTER_BOUND ( 'NONE', #2862, .T. ) ;
#1605 = CARTESIAN_POINT ( 'NONE',  ( -0.9336972550332069964, 4.293911919603389471, -0.3499999999999999778 ) ) ;
#1606 = ORIENTED_EDGE ( 'NONE', *, *, #2776, .T. ) ;
#1607 = DIRECTION ( 'NONE',  ( 0.000000000000000000, -1.000000000000000000, 4.336808689942016750E-16 ) ) ;
#1608 = DIRECTION ( 'NONE',  ( -1.000000000000000000, -3.097720492815726426E-17, 0.000000000000000000 ) ) ;
#1609 = ORIENTED_EDGE ( 'NONE', *, *, #2309, .T. ) ;
#1610 = FILL_AREA_STYLE_COLOUR ( '', #7024 ) ;
#1611 = PRESENTATION_LAYER_ASSIGNMENT (  '', '', ( #4375 ) ) ;
#1612 = FACE_OUTER_BOUND ( 'NONE', #5759, .T. ) ;
#1613 = EDGE_CURVE ( 'NONE', #5569, #7729, #7700, .T. ) ;
#1614 = EDGE_LOOP ( 'NONE', ( #4213, #1487, #296, #1552 ) ) ;
#1615 = CARTESIAN_POINT ( 'NONE',  ( 2.189999999999999947, 8.199999999999999289, 0.3499999999999999778 ) ) ;
#1616 = ORIENTED_EDGE ( 'NONE', *, *, #4151, .T. ) ;
#1617 = PRESENTATION_LAYER_ASSIGNMENT (  '', '', ( #2374 ) ) ;
#1618 = FACE_OUTER_BOUND ( 'NONE', #2978, .T. ) ;
#1619 = ORIENTED_EDGE ( 'NONE', *, *, #4100, .T. ) ;
#1620 = DIRECTION ( 'NONE',  ( -3.097720492815726426E-17, 1.000000000000000000, 0.000000000000000000 ) ) ;
#1621 = CARTESIAN_POINT ( 'NONE',  ( 4.292837746342909711, 5.777005459572336576, -0.3500000000000000333 ) ) ;
#1622 = VECTOR ( 'NONE', #2328, 1000.000000000000000 ) ;
#1623 = CARTESIAN_POINT ( 'NONE',  ( 2.040000000000001812, 6.299999999999999822, 0.3499999999999999223 ) ) ;
#1624 = DIRECTION ( 'NONE',  ( -0.6546536707079765316, 0.3779644730092291960, -0.6546536707079765316 ) ) ;
#1625 = VECTOR ( 'NONE', #1513, 1000.000000000000000 ) ;
#1626 = CARTESIAN_POINT ( 'NONE',  ( 1.580000584798288088, 3.767448265748938763, -0.3500000000000001443 ) ) ;
#1627 = CARTESIAN_POINT ( 'NONE',  ( -0.9999999999999993339, 0.8000000000000004885, -0.3499999999999999778 ) ) ;
#1628 = VERTEX_POINT ( 'NONE', #5926 ) ;
#1629 = ORIENTED_EDGE ( 'NONE', *, *, #5920, .T. ) ;
#1630 = CARTESIAN_POINT ( 'NONE',  ( 8.534708104564600717, 4.597665842580767936, 0.3499999999999997558 ) ) ;
#1631 = MECHANICAL_DESIGN_GEOMETRIC_PRESENTATION_REPRESENTATION (  '', ( #625 ), #5427 ) ;
#1632 =( NAMED_UNIT ( * ) SI_UNIT ( $, .STERADIAN. ) SOLID_ANGLE_UNIT ( ) );
#1633 = PLANE ( 'NONE',  #5906 ) ;
#1634 = VECTOR ( 'NONE', #1624, 1000.000000000000114 ) ;
#1635 = CARTESIAN_POINT ( 'NONE',  ( 0.8612299008938453238, 5.207834124282260113, 0.3499999999999999778 ) ) ;
#1636 = LINE ( 'NONE', #6382, #5563 ) ;
#1637 = ORIENTED_EDGE ( 'NONE', *, *, #5977, .T. ) ;
#1638 = ADVANCED_FACE ( 'NONE', ( #612 ), #1822, .T. ) ;
#1639 = VECTOR ( 'NONE', #4082, 1000.000000000000000 ) ;
#1640 = EDGE_CURVE ( 'NONE', #3382, #5828, #2381, .T. ) ;
#1641 = CARTESIAN_POINT ( 'NONE',  ( 9.090000000000001634, 0.5000000000000000000, -0.6499999999999989120 ) ) ;
#1642 = CARTESIAN_POINT ( 'NONE',  ( -0.8314534000845812400, 5.476966929916271098, -0.3499999999999999778 ) ) ;
#1643 = ORIENTED_EDGE ( 'NONE', *, *, #3970, .T. ) ;
#1644 = CARTESIAN_POINT ( 'NONE',  ( 1.000000000000000666, 1.121588454295350273E-16, 0.3499999999999999778 ) ) ;
#1645 = AXIS2_PLACEMENT_3D ( 'NONE', #5377, #7295, #1882 ) ;
#1646 =( NAMED_UNIT ( * ) PLANE_ANGLE_UNIT ( ) SI_UNIT ( $, .RADIAN. ) );
#1647 = DIRECTION ( 'NONE',  ( -1.000000000000000000, -3.097720492815726426E-17, 0.000000000000000000 ) ) ;
#1648 = ORIENTED_EDGE ( 'NONE', *, *, #1578, .T. ) ;
#1649 = LINE ( 'NONE', #3039, #239 ) ;
#1650 = EDGE_CURVE ( 'NONE', #3022, #7039, #2350, .T. ) ;
#1651 = ORIENTED_EDGE ( 'NONE', *, *, #2064, .T. ) ;
#1652 = CARTESIAN_POINT ( 'NONE',  ( 0.3252558198818050195, 5.589454083063163381, -0.3499999999999999778 ) ) ;
#1653 = ORIENTED_EDGE ( 'NONE', *, *, #3350, .F. ) ;
#1654 = CARTESIAN_POINT ( 'NONE',  ( 3.417528552431158495, 5.050332720359886451, -0.3500000000000000333 ) ) ;
#1655 = VECTOR ( 'NONE', #3798, 1000.000000000000000 ) ;
#1656 = CIRCLE ( 'NONE', #5328, 0.2999999999999999889 ) ;
#1657 = DIRECTION ( 'NONE',  ( -0.7071067811865489050, 0.7071067811865460184, -0.000000000000000000 ) ) ;
#1658 = FILL_AREA_STYLE ('',( #1209 ) ) ;
#1659 = ORIENTED_EDGE ( 'NONE', *, *, #4481, .T. ) ;
#1660 = EDGE_CURVE ( 'NONE', #3245, #4344, #644, .T. ) ;
#1661 = CARTESIAN_POINT ( 'NONE',  ( -0.9999999999999995559, 1.800000000000000266, -0.1166666666666667518 ) ) ;
#1662 = ADVANCED_FACE ( 'NONE', ( #6615 ), #543, .F. ) ;
#1663 =( NAMED_UNIT ( * ) SI_UNIT ( $, .STERADIAN. ) SOLID_ANGLE_UNIT ( ) );
#1664 = MECHANICAL_DESIGN_GEOMETRIC_PRESENTATION_REPRESENTATION (  '', ( #6710 ), #6462 ) ;
#1665 = DIRECTION ( 'NONE',  ( 1.121588454295349533E-16, -1.000000000000000000, 0.000000000000000000 ) ) ;
#1666 = DIRECTION ( 'NONE',  ( 0.000000000000000000, -0.000000000000000000, -1.000000000000000000 ) ) ;
#1667 = CARTESIAN_POINT ( 'NONE',  ( 1.593913198591397684, 4.056300144720211165, -0.3500000000000000333 ) ) ;
#1668 = EDGE_LOOP ( 'NONE', ( #4522, #1727, #4063, #1215 ) ) ;
#1669 = ORIENTED_EDGE ( 'NONE', *, *, #2501, .T. ) ;
#1670 = CARTESIAN_POINT ( 'NONE',  ( 7.171806954577857773, 5.884855341312109189, 0.3499999999999998668 ) ) ;
#1671 = LINE ( 'NONE', #4623, #1010 ) ;
#1672 = CARTESIAN_POINT ( 'NONE',  ( 0.7924853663132173098, 5.744802409713647862, 0.3499999999999999223 ) ) ;
#1673 = FACE_OUTER_BOUND ( 'NONE', #6040, .T. ) ;
#1674 = CARTESIAN_POINT ( 'NONE',  ( 2.892524015545778759, 5.732672356334978403, 0.3499999999999999223 ) ) ;
#1675 = CARTESIAN_POINT ( 'NONE',  ( 4.729999999999999538, 8.199999999999999289, 0.3499999999999999778 ) ) ;
#1676 = FACE_OUTER_BOUND ( 'NONE', #5942, .T. ) ;
#1677 = VERTEX_POINT ( 'NONE', #1126 ) ;
#1678 = CARTESIAN_POINT ( 'NONE',  ( 1.765852863327320721, 5.851685420754309419, 0.3499999999999999778 ) ) ;
#1679 = PRESENTATION_LAYER_ASSIGNMENT (  '', '', ( #7467 ) ) ;
#1680 = CARTESIAN_POINT ( 'NONE',  ( 3.226754932607761361, 6.500000000000000888, -0.3500000000000010880 ) ) ;
#1681 = CARTESIAN_POINT ( 'NONE',  ( 7.770000000000002238, -3.000000000000000000, 0.3499999999999998113 ) ) ;
#1682 = CARTESIAN_POINT ( 'NONE',  ( 4.580000000000001847, 6.299999999999999822, 0.3499999999999998668 ) ) ;
#1683 = CARTESIAN_POINT ( 'NONE',  ( 8.320000000000000284, 0.8000000000000007105, 0.3499999999999998113 ) ) ;
#1684 = UNCERTAINTY_MEASURE_WITH_UNIT (LENGTH_MEASURE( 1.000000000000000082E-05 ), #5156, 'distance_accuracy_value', 'NONE');
#1685 =( GEOMETRIC_REPRESENTATION_CONTEXT ( 3 ) GLOBAL_UNCERTAINTY_ASSIGNED_CONTEXT ( ( #1155 ) ) GLOBAL_UNIT_ASSIGNED_CONTEXT ( ( #363, #992, #7607 ) ) REPRESENTATION_CONTEXT ( 'NONE', 'WORKASPACE' ) );
#1686 = EDGE_CURVE ( 'NONE', #7012, #1245, #1022, .T. ) ;
#1687 = ORIENTED_EDGE ( 'NONE', *, *, #2262, .F. ) ;
#1688 = PLANE ( 'NONE',  #7138 ) ;
#1689 = LINE ( 'NONE', #7104, #5658 ) ;
#1690 = VECTOR ( 'NONE', #4006, 1000.000000000000000 ) ;
#1691 = CARTESIAN_POINT ( 'NONE',  ( 7.120000000000000995, 6.299999999999999822, 0.3499999999999998113 ) ) ;
#1692 = CARTESIAN_POINT ( 'NONE',  ( -1.000000000000000000, 6.500000000000000888, 0.3499999999999989231 ) ) ;
#1693 =( NAMED_UNIT ( * ) PLANE_ANGLE_UNIT ( ) SI_UNIT ( $, .RADIAN. ) );
#1694 = SURFACE_STYLE_FILL_AREA ( #7110 ) ;
#1695 = ORIENTED_EDGE ( 'NONE', *, *, #5764, .F. ) ;
#1696 = STYLED_ITEM ( 'NONE', ( #6570 ), #5515 ) ;
#1697 = DIRECTION ( 'NONE',  ( 0.000000000000000000, 0.000000000000000000, -1.000000000000000000 ) ) ;
#1698 = LINE ( 'NONE', #5419, #2514 ) ;
#1699 = EDGE_CURVE ( 'NONE', #7729, #1421, #2912, .T. ) ;
#1700 = ORIENTED_EDGE ( 'NONE', *, *, #1613, .T. ) ;
#1701 =( GEOMETRIC_REPRESENTATION_CONTEXT ( 3 ) GLOBAL_UNCERTAINTY_ASSIGNED_CONTEXT ( ( #2933 ) ) GLOBAL_UNIT_ASSIGNED_CONTEXT ( ( #7509, #3146, #3845 ) ) REPRESENTATION_CONTEXT ( 'NONE', 'WORKASPACE' ) );
#1702 = ORIENTED_EDGE ( 'NONE', *, *, #2819, .F. ) ;
#1703 = CARTESIAN_POINT ( 'NONE',  ( 0.6867549326077613259, 10.39117142264903570, -0.3500000000000017542 ) ) ;
#1704 = AXIS2_PLACEMENT_3D ( 'NONE', #2012, #805, #2616 ) ;
#1705 = FACE_OUTER_BOUND ( 'NONE', #458, .T. ) ;
#1706 = SURFACE_STYLE_USAGE ( .BOTH. , #7713 ) ;
#1707 = CARTESIAN_POINT ( 'NONE',  ( 1.940000000000000613, 6.299999999999999822, 0.3849999999999998979 ) ) ;
#1708 = DIRECTION ( 'NONE',  ( -0.000000000000000000, -0.000000000000000000, -1.000000000000000000 ) ) ;
#1709 = DIRECTION ( 'NONE',  ( -1.000000000000000000, 0.000000000000000000, -0.000000000000000000 ) ) ;
#1710 = CARTESIAN_POINT ( 'NONE',  ( 5.080000000000000071, 6.299999999999999822, 0.3499999999999998668 ) ) ;
#1711 = ORIENTED_EDGE ( 'NONE', *, *, #2599, .F. ) ;
#1712 = CARTESIAN_POINT ( 'NONE',  ( 5.430000000000000604, 8.000000000000000000, -0.3500000000000000333 ) ) ;
#1713 = MECHANICAL_DESIGN_GEOMETRIC_PRESENTATION_REPRESENTATION (  '', ( #7776 ), #4356 ) ;
#1714 = LINE ( 'NONE', #7246, #1440 ) ;
#1715 =( LENGTH_UNIT ( ) NAMED_UNIT ( * ) SI_UNIT ( .MILLI., .METRE. ) );
#1716 =( LENGTH_UNIT ( ) NAMED_UNIT ( * ) SI_UNIT ( .MILLI., .METRE. ) );
#1717 = DIRECTION ( 'NONE',  ( 1.000000000000000000, 0.000000000000000000, 0.000000000000000000 ) ) ;
#1718 = CARTESIAN_POINT ( 'NONE',  ( 3.226754932607761361, 0.5000000000000002220, 0.3499999999999998668 ) ) ;
#1719 = PRESENTATION_LAYER_ASSIGNMENT (  '', '', ( #7776 ) ) ;
#1720 = ORIENTED_EDGE ( 'NONE', *, *, #7042, .F. ) ;
#1722 = ADVANCED_FACE ( 'NONE', ( #7754 ), #4788, .T. ) ;
#1721 = CARTESIAN_POINT ( 'NONE',  ( 5.889502423613084403, 5.635051924204144136, 0.3499999999999998113 ) ) ;
#1723 = CARTESIAN_POINT ( 'NONE',  ( -1.000000000000000000, 0.5000000000000000000, -0.3500000000000000888 ) ) ;
#1724 = VECTOR ( 'NONE', #1697, 1000.000000000000000 ) ;
#1725 = VERTEX_POINT ( 'NONE', #5681 ) ;
#1726 = CARTESIAN_POINT ( 'NONE',  ( 6.752165113299162691, 5.142569796484066202, -0.3500000000000001998 ) ) ;
#1727 = ORIENTED_EDGE ( 'NONE', *, *, #6349, .T. ) ;
#1728 = UNCERTAINTY_MEASURE_WITH_UNIT (LENGTH_MEASURE( 1.000000000000000082E-05 ), #7378, 'distance_accuracy_value', 'NONE');
#1729 = CARTESIAN_POINT ( 'NONE',  ( 2.040000000000001812, 6.299999999999999822, -0.3500000000000000333 ) ) ;
#1730 = UNCERTAINTY_MEASURE_WITH_UNIT (LENGTH_MEASURE( 1.000000000000000082E-05 ), #969, 'distance_accuracy_value', 'NONE');
#1731 = ORIENTED_EDGE ( 'NONE', *, *, #5015, .F. ) ;
#1732 = AXIS2_PLACEMENT_3D ( 'NONE', #2468, #1833, #3187 ) ;
#1733 = CARTESIAN_POINT ( 'NONE',  ( 2.890000000000000124, 8.000000000000000000, 0.3499999999999999778 ) ) ;
#1734 = CARTESIAN_POINT ( 'NONE',  ( 4.146302744966794407, 4.293911919603389471, -0.3500000000000001443 ) ) ;
#1735 = ADVANCED_FACE ( 'NONE', ( #285 ), #6921, .F. ) ;
#1736 = CARTESIAN_POINT ( 'NONE',  ( 0.6867549326077613259, 0.5000000000000002220, 0.3499999999999998668 ) ) ;
#1737 = CARTESIAN_POINT ( 'NONE',  ( 8.306754932607761432, 8.000000000000000000, -0.6500000000000025757 ) ) ;
#1738 = COLOUR_RGB ( '',0.8313725490196077761, 0.6705882352941175961, 0.1294117647058823373 ) ;
#1739 = ORIENTED_EDGE ( 'NONE', *, *, #6843, .T. ) ;
#1740 = ORIENTED_EDGE ( 'NONE', *, *, #4680, .F. ) ;
#1741 = CARTESIAN_POINT ( 'NONE',  ( 3.240000000000000657, 0.8000000000000007105, 0.3499999999999999223 ) ) ;
#1742 = VECTOR ( 'NONE', #6444, 1000.000000000000000 ) ;
#1743 = ADVANCED_FACE ( 'NONE', ( #721 ), #3949, .F. ) ;
#1744 =( GEOMETRIC_REPRESENTATION_CONTEXT ( 3 ) GLOBAL_UNCERTAINTY_ASSIGNED_CONTEXT ( ( #5095 ) ) GLOBAL_UNIT_ASSIGNED_CONTEXT ( ( #5870, #4134, #2322 ) ) REPRESENTATION_CONTEXT ( 'NONE', 'WORKASPACE' ) );
#1745 = CARTESIAN_POINT ( 'NONE',  ( 0.6867549326077613259, 0.5000000000000000000, -0.3500000000000000888 ) ) ;
#1746 = CARTESIAN_POINT ( 'NONE',  ( 5.405255819881805479, 5.589454083063163381, 0.3499999999999998668 ) ) ;
#1747 = PRESENTATION_LAYER_ASSIGNMENT (  '', '', ( #3154 ) ) ;
#1748 = LINE ( 'NONE', #6420, #6022 ) ;
#1749 = CARTESIAN_POINT ( 'NONE',  ( 0.1500000000000021316, -3.000000000000000000, 0.3499999999999999778 ) ) ;
#1750 = ORIENTED_EDGE ( 'NONE', *, *, #5275, .T. ) ;
#1751 = EDGE_CURVE ( 'NONE', #2730, #5769, #5718, .T. ) ;
#1752 = ADVANCED_FACE ( 'NONE', ( #7450 ), #4451, .F. ) ;
#1753 = CARTESIAN_POINT ( 'NONE',  ( 5.432524015545779683, 5.732672356334978403, 0.3499999999999998668 ) ) ;
#1754 = CARTESIAN_POINT ( 'NONE',  ( 0.6000000000000005329, 6.299999999999999822, -0.3849999999999999534 ) ) ;
#1755 = CARTESIAN_POINT ( 'NONE',  ( 6.833241503964613273, 5.779404586027639290, 0.3499999999999998668 ) ) ;
#1756 = LINE ( 'NONE', #2314, #1924 ) ;
#1757 = CARTESIAN_POINT ( 'NONE',  ( 6.620000000000000107, 6.299999999999999822, 0.3849999999999998423 ) ) ;
#1758 = DIRECTION ( 'NONE',  ( 0.000000000000000000, 3.097720492815727166E-16, 1.000000000000000000 ) ) ;
#1759 = STYLED_ITEM ( 'NONE', ( #139 ), #1561 ) ;
#1760 = ORIENTED_EDGE ( 'NONE', *, *, #6100, .T. ) ;
#1761 =( LENGTH_UNIT ( ) NAMED_UNIT ( * ) SI_UNIT ( .MILLI., .METRE. ) );
#1762 = PRESENTATION_STYLE_ASSIGNMENT (( #627 ) ) ;
#1763 = CARTESIAN_POINT ( 'NONE',  ( 7.120000000000000995, 6.299999999999999822, 0.3499999999999998113 ) ) ;
#1764 = ORIENTED_EDGE ( 'NONE', *, *, #6568, .T. ) ;
#1765 = CARTESIAN_POINT ( 'NONE',  ( 5.680000000000000604, 6.299999999999999822, -0.3500000000000000888 ) ) ;
#1766 = ORIENTED_EDGE ( 'NONE', *, *, #6428, .F. ) ;
#1767 = DIRECTION ( 'NONE',  ( -0.000000000000000000, -1.000000000000000000, -4.336808689942017736E-16 ) ) ;
#1768 =( NAMED_UNIT ( * ) PLANE_ANGLE_UNIT ( ) SI_UNIT ( $, .RADIAN. ) );
#1769 = EDGE_CURVE ( 'NONE', #5489, #5541, #7533, .T. ) ;
#1770 = ORIENTED_EDGE ( 'NONE', *, *, #4719, .T. ) ;
#1771 =( NAMED_UNIT ( * ) PLANE_ANGLE_UNIT ( ) SI_UNIT ( $, .RADIAN. ) );
#1772 = CARTESIAN_POINT ( 'NONE',  ( 5.601845733883980216, 5.626229152235330488, -0.3500000000000000888 ) ) ;
#1773 = STYLED_ITEM ( 'NONE', ( #3206 ), #3911 ) ;
#1774 = CARTESIAN_POINT ( 'NONE',  ( 1.594703062804454285, 4.071564961060444077, -0.3500000000000000333 ) ) ;
#1775 = MECHANICAL_DESIGN_GEOMETRIC_PRESENTATION_REPRESENTATION (  '', ( #268 ), #5805 ) ;
#1776 = ORIENTED_EDGE ( 'NONE', *, *, #3714, .F. ) ;
#1777 = ORIENTED_EDGE ( 'NONE', *, *, #2309, .F. ) ;
#1778 = UNCERTAINTY_MEASURE_WITH_UNIT (LENGTH_MEASURE( 1.000000000000000082E-05 ), #4846, 'distance_accuracy_value', 'NONE');
#1779 = EDGE_CURVE ( 'NONE', #1495, #2710, #6114, .T. ) ;
#1780 = CARTESIAN_POINT ( 'NONE',  ( 6.933245067392238781, 8.000000000000000000, -0.6500000000000025757 ) ) ;
#1781 = AXIS2_PLACEMENT_3D ( 'NONE', #6325, #3383, #3341 ) ;
#1782 = CARTESIAN_POINT ( 'NONE',  ( 3.140000000000000568, 6.299999999999999822, -0.3850000000000000089 ) ) ;
#1783 = CARTESIAN_POINT ( 'NONE',  ( 2.540000000000000036, 0.000000000000000000, 0.3499999999999999223 ) ) ;
#1784 = CARTESIAN_POINT ( 'NONE',  ( 8.381220786870201778, 5.920464898423896116, -0.3500000000000001443 ) ) ;
#1785 = VERTEX_POINT ( 'NONE', #3097 ) ;
#1786 =( GEOMETRIC_REPRESENTATION_CONTEXT ( 3 ) GLOBAL_UNCERTAINTY_ASSIGNED_CONTEXT ( ( #5809 ) ) GLOBAL_UNIT_ASSIGNED_CONTEXT ( ( #6445, #997, #7002 ) ) REPRESENTATION_CONTEXT ( 'NONE', 'WORKASPACE' ) );
#1787 = SURFACE_SIDE_STYLE ('',( #682 ) ) ;
#1788 = DIRECTION ( 'NONE',  ( -0.000000000000000000, -0.000000000000000000, 1.000000000000000000 ) ) ;
#1789 = EDGE_CURVE ( 'NONE', #6932, #272, #1271, .T. ) ;
#1790 = PLANE ( 'NONE',  #479 ) ;
#1791 =( BOUNDED_CURVE ( )  B_SPLINE_CURVE ( 3, ( #2132, #4452, #4571, #3372 ),
 .UNSPECIFIED., .F., .F. ) 
 B_SPLINE_CURVE_WITH_KNOTS ( ( 4, 4 ),
 ( 1.570796326794896336, 2.359101780428492390 ),
 .UNSPECIFIED. ) 
 CURVE ( )  GEOMETRIC_REPRESENTATION_ITEM ( )  RATIONAL_B_SPLINE_CURVE ( ( 1.000000000000000000, 0.9488815137910384667, 0.9488815137910384667, 1.000000000000000000 ) ) 
 REPRESENTATION_ITEM ( '' )  );
#1792 = DIRECTION ( 'NONE',  ( 0.000000000000000000, 1.000000000000000000, -1.668003342285391551E-16 ) ) ;
#1793 = PLANE ( 'NONE',  #3522 ) ;
#1794 = CARTESIAN_POINT ( 'NONE',  ( 7.969999999999999751, 0.000000000000000000, -0.3500000000000000333 ) ) ;
#1795 = CARTESIAN_POINT ( 'NONE',  ( 4.131102897648887939, 4.001162287970069897, -0.3499999999999999778 ) ) ;
#1796 = PLANE ( 'NONE',  #1855 ) ;
#1797 = CARTESIAN_POINT ( 'NONE',  ( 5.080000000000000071, 6.500000000000000888, -1.155688030012021264E-15 ) ) ;
#1798 = ORIENTED_EDGE ( 'NONE', *, *, #1512, .T. ) ;
#1799 = CIRCLE ( 'NONE', #5219, 0.2999999999999999334 ) ;
#1800 = DIRECTION ( 'NONE',  ( 0.000000000000000000, 1.000000000000000000, -1.668003342285391551E-16 ) ) ;
#1801 = DIRECTION ( 'NONE',  ( 0.000000000000000000, 0.000000000000000000, 1.000000000000000000 ) ) ;
#1802 = PLANE ( 'NONE',  #7240 ) ;
#1803 = DIRECTION ( 'NONE',  ( -0.000000000000000000, -1.668003342285388099E-16, -1.000000000000000000 ) ) ;
#1804 = ORIENTED_EDGE ( 'NONE', *, *, #4376, .T. ) ;
#1805 = LINE ( 'NONE', #6549, #4070 ) ;
#1806 = ORIENTED_EDGE ( 'NONE', *, *, #7660, .F. ) ;
#1807 = VECTOR ( 'NONE', #636, 1000.000000000000000 ) ;
#1808 = DIRECTION ( 'NONE',  ( 0.000000000000000000, -0.000000000000000000, -1.000000000000000000 ) ) ;
#1809 = CARTESIAN_POINT ( 'NONE',  ( 0.4999999999999985012, 6.299999999999999822, 0.3499999999999999778 ) ) ;
#1810 = ORIENTED_EDGE ( 'NONE', *, *, #6327, .T. ) ;
#1811 = CARTESIAN_POINT ( 'NONE',  ( 6.750384757729337437, 8.500000000000000000, -0.8696152422706631135 ) ) ;
#1812 = DIRECTION ( 'NONE',  ( 1.000000000000000000, 0.000000000000000000, 0.000000000000000000 ) ) ;
#1813 = DIRECTION ( 'NONE',  ( 1.000000000000000000, -0.000000000000000000, 0.000000000000000000 ) ) ;
#1814 = ORIENTED_EDGE ( 'NONE', *, *, #2041, .T. ) ;
#1815 = VERTEX_POINT ( 'NONE', #2763 ) ;
#1816 = SURFACE_STYLE_FILL_AREA ( #2300 ) ;
#1817 = COLOUR_RGB ( '',0.8313725490196077761, 0.6705882352941175961, 0.1294117647058823373 ) ;
#1818 = B_SPLINE_CURVE_WITH_KNOTS ( 'NONE', 3,
 ( #1577, #5834, #6441, #3986 ),
 .UNSPECIFIED., .F., .F.,
 ( 4, 4 ),
 ( 0.000000000000000000, 1.000000000000000000 ),
 .UNSPECIFIED. ) ;
#1819 = VECTOR ( 'NONE', #3453, 1000.000000000000000 ) ;
#1820 = CARTESIAN_POINT ( 'NONE',  ( 3.540000000000001368, 6.299999999999999822, 0.1283333333333332715 ) ) ;
#1821 = ORIENTED_EDGE ( 'NONE', *, *, #5547, .T. ) ;
#1822 = CYLINDRICAL_SURFACE ( 'NONE', #3532, 0.2999999999999999334 ) ;
#1823 = FILL_AREA_STYLE_COLOUR ( '', #4261 ) ;
#1824 = SURFACE_STYLE_USAGE ( .BOTH. , #683 ) ;
#1825 = VECTOR ( 'NONE', #2072, 1000.000000000000000 ) ;
#1826 = CARTESIAN_POINT ( 'NONE',  ( 1.753947113514016332, 5.783587059575311606, 0.3499999999999999778 ) ) ;
#1827 = CARTESIAN_POINT ( 'NONE',  ( 7.294744180118195587, 5.589454083063166046, 0.3499999999999998113 ) ) ;
#1828 = CARTESIAN_POINT ( 'NONE',  ( 1.000000000000000444, 1.800000000000000488, -0.3849999999999999534 ) ) ;
#1829 = CARTESIAN_POINT ( 'NONE',  ( 4.080000000000000959, -1.121588454295348794E-16, 0.3499999999999998668 ) ) ;
#1830 = ADVANCED_FACE ( 'NONE', ( #5178 ), #4529, .F. ) ;
#1831 = DIRECTION ( 'NONE',  ( 1.000000000000000000, 0.000000000000000000, 0.000000000000000000 ) ) ;
#1832 = ADVANCED_FACE ( 'NONE', ( #3682 ), #5502, .F. ) ;
#1833 = DIRECTION ( 'NONE',  ( 0.000000000000000000, -1.000000000000000000, 0.000000000000000000 ) ) ;
#1834 = CARTESIAN_POINT ( 'NONE',  ( 8.619999999999999218, 6.500000000000000888, 0.3499999999999989231 ) ) ;
#1835 = ORIENTED_EDGE ( 'NONE', *, *, #2070, .T. ) ;
#1836 = MECHANICAL_DESIGN_GEOMETRIC_PRESENTATION_REPRESENTATION (  '', ( #5994 ), #841 ) ;
#1837 = CARTESIAN_POINT ( 'NONE',  ( 5.868156929004344491, 5.771059683742180368, 0.3499999999999998668 ) ) ;
#1838 = ADVANCED_FACE ( 'NONE', ( #2494 ), #6263, .F. ) ;
#1839 = LINE ( 'NONE', #103, #4205 ) ;
#1840 = CARTESIAN_POINT ( 'NONE',  ( 3.061845733883979737, 5.626229152235330488, 0.3499999999999999223 ) ) ;
#1841 = EDGE_CURVE ( 'NONE', #5625, #611, #4768, .T. ) ;
#1842 = ORIENTED_EDGE ( 'NONE', *, *, #7813, .F. ) ;
#1843 = LINE ( 'NONE', #2476, #3572 ) ;
#1844 = FILL_AREA_STYLE_COLOUR ( '', #5395 ) ;
#1845 = PRODUCT ( '100mill Female Pin Header_4P_Gr', '100mill Female Pin Header_4P_Gr', '', ( #4004 ) ) ;
#1846 = CARTESIAN_POINT ( 'NONE',  ( -0.5218457338839801452, 5.626229152235333153, -0.3499999999999999778 ) ) ;
#1847 = CARTESIAN_POINT ( 'NONE',  ( -0.6867549326077613259, 10.39117142264903570, -0.6500000000000030198 ) ) ;
#1848 = VERTEX_POINT ( 'NONE', #4645 ) ;
#1849 = LINE ( 'NONE', #2445, #4122 ) ;
#1850 = VECTOR ( 'NONE', #5183, 1000.000000000000000 ) ;
#1851 = LINE ( 'NONE', #601, #939 ) ;
#1852 = ORIENTED_EDGE ( 'NONE', *, *, #3224, .F. ) ;
#1853 = DIRECTION ( 'NONE',  ( 1.000000000000000000, 0.000000000000000000, 0.000000000000000000 ) ) ;
#1854 = VERTEX_POINT ( 'NONE', #1109 ) ;
#1855 = AXIS2_PLACEMENT_3D ( 'NONE', #6624, #7063, #4053 ) ;
#1856 = CARTESIAN_POINT ( 'NONE',  ( 3.540000000000001368, 6.299999999999999822, -0.3850000000000000644 ) ) ;
#1857 =( NAMED_UNIT ( * ) PLANE_ANGLE_UNIT ( ) SI_UNIT ( $, .RADIAN. ) );
#1858 =( LENGTH_UNIT ( ) NAMED_UNIT ( * ) SI_UNIT ( .MILLI., .METRE. ) );
#1859 = EDGE_LOOP ( 'NONE', ( #6260, #3215, #4771, #1643 ) ) ;
#1860 = CARTESIAN_POINT ( 'NONE',  ( 9.090000000000001634, 0.5000000000000000000, -0.6499999999999989120 ) ) ;
#1861 = PLANE ( 'NONE',  #5649 ) ;
#1862 = CARTESIAN_POINT ( 'NONE',  ( 7.620000000000000107, 0.5000000000000005551, 0.3499999999999998113 ) ) ;
#1863 =( GEOMETRIC_REPRESENTATION_CONTEXT ( 3 ) GLOBAL_UNCERTAINTY_ASSIGNED_CONTEXT ( ( #7136 ) ) GLOBAL_UNIT_ASSIGNED_CONTEXT ( ( #1935, #5471, #2576 ) ) REPRESENTATION_CONTEXT ( 'NONE', 'WORKASPACE' ) );
#1864 = UNCERTAINTY_MEASURE_WITH_UNIT (LENGTH_MEASURE( 1.000000000000000082E-05 ), #5901, 'distance_accuracy_value', 'NONE');
#1865 = CARTESIAN_POINT ( 'NONE',  ( 7.020000000000000462, 6.299999999999999822, -0.1166666666666669044 ) ) ;
#1866 = DIRECTION ( 'NONE',  ( 1.000000000000000000, 0.000000000000000000, 0.000000000000000000 ) ) ;
#1867 = VECTOR ( 'NONE', #448, 1000.000000000000000 ) ;
#1868 = CARTESIAN_POINT ( 'NONE',  ( -0.7871622536570914708, 5.777005459572337465, -0.3500000000000000333 ) ) ;
#1869 = CARTESIAN_POINT ( 'NONE',  ( 8.306754932607761432, 10.39117142264903570, 0.6499999999999995781 ) ) ;
#1870 = CARTESIAN_POINT ( 'NONE',  ( -0.4999999999999985012, 6.299999999999999822, -0.3499999999999999778 ) ) ;
#1871 = ADVANCED_FACE ( 'NONE', ( #6553 ), #3551, .F. ) ;
#1872 = FACE_OUTER_BOUND ( 'NONE', #2512, .T. ) ;
#1873 = ORIENTED_EDGE ( 'NONE', *, *, #2041, .F. ) ;
#1874 = STYLED_ITEM ( 'NONE', ( #5476 ), #951 ) ;
#1875 = ADVANCED_FACE ( 'NONE', ( #524 ), #5909, .F. ) ;
#1876 = CARTESIAN_POINT ( 'NONE',  ( 5.944197381770399247, 5.178803639424135241, 0.3499999999999999223 ) ) ;
#1877 = PRESENTATION_STYLE_ASSIGNMENT (( #740 ) ) ;
#1878 = ORIENTED_EDGE ( 'NONE', *, *, #5597, .F. ) ;
#1879 = DIRECTION ( 'NONE',  ( 0.000000000000000000, -3.097720492815727166E-16, -1.000000000000000000 ) ) ;
#1880 = CIRCLE ( 'NONE', #1014, 0.2000000000000000944 ) ;
#1881 = CARTESIAN_POINT ( 'NONE',  ( -1.000000000000000000, 0.5000000000000000000, -0.3500000000000000888 ) ) ;
#1882 = DIRECTION ( 'NONE',  ( 1.000000000000000000, -1.301042606982607530E-14, 0.000000000000000000 ) ) ;
#1883 = ADVANCED_FACE ( 'NONE', ( #5950 ), #5220, .F. ) ;
#1884 = ORIENTED_EDGE ( 'NONE', *, *, #6722, .F. ) ;
#1885 = LINE ( 'NONE', #669, #7274 ) ;
#1886 =( NAMED_UNIT ( * ) SI_UNIT ( $, .STERADIAN. ) SOLID_ANGLE_UNIT ( ) );
#1887 = VERTEX_POINT ( 'NONE', #4027 ) ;
#1888 = CARTESIAN_POINT ( 'NONE',  ( 1.625291895435265754, 4.597665842577885797, -0.3499999999999999778 ) ) ;
#1889 = ORIENTED_EDGE ( 'NONE', *, *, #3147, .T. ) ;
#1890 = CARTESIAN_POINT ( 'NONE',  ( 6.620000000000000995, -1.121588454295348794E-16, -0.3500000000000001443 ) ) ;
#1891 = VERTEX_POINT ( 'NONE', #6443 ) ;
#1892 = PRESENTATION_STYLE_ASSIGNMENT (( #1425 ) ) ;
#1893 =( GEOMETRIC_REPRESENTATION_CONTEXT ( 3 ) GLOBAL_UNCERTAINTY_ASSIGNED_CONTEXT ( ( #6555 ) ) GLOBAL_UNIT_ASSIGNED_CONTEXT ( ( #6776, #3812, #2585 ) ) REPRESENTATION_CONTEXT ( 'NONE', 'WORKASPACE' ) );
#1894 = VECTOR ( 'NONE', #7242, 1000.000000000000000 ) ;
#1895 = LINE ( 'NONE', #170, #252 ) ;
#1896 = PRESENTATION_STYLE_ASSIGNMENT (( #3255 ) ) ;
#1897 = ORIENTED_EDGE ( 'NONE', *, *, #7721, .T. ) ;
#1898 = SURFACE_SIDE_STYLE ('',( #4896 ) ) ;
#1899 = FILL_AREA_STYLE ('',( #7241 ) ) ;
#1900 = CARTESIAN_POINT ( 'NONE',  ( 6.620000000000000107, 0.5000000000000002220, 0.3499999999999998668 ) ) ;
#1901 = CIRCLE ( 'NONE', #2021, 0.2000000000000000944 ) ;
#1902 = DIRECTION ( 'NONE',  ( 0.000000000000000000, 1.000000000000000000, -1.668003342285391797E-16 ) ) ;
#1903 = CARTESIAN_POINT ( 'NONE',  ( 0.7350420104460861914, 6.043840788194751568, -0.3499999999999999223 ) ) ;
#1904 = LINE ( 'NONE', #1397, #7300 ) ;
#1905 = MECHANICAL_DESIGN_GEOMETRIC_PRESENTATION_REPRESENTATION (  '', ( #918 ), #3564 ) ;
#1906 = CARTESIAN_POINT ( 'NONE',  ( 7.620000000000000107, -3.000000000000000000, -0.3500000000000001443 ) ) ;
#1907 = CARTESIAN_POINT ( 'NONE',  ( 1.540000000000000036, 6.500000000000000888, -0.3500000000000010880 ) ) ;
#1908 = CARTESIAN_POINT ( 'NONE',  ( 4.393245067392238745, 0.5000000000000002220, 0.6500000000000011324 ) ) ;
#1909 = SURFACE_STYLE_USAGE ( .BOTH. , #6626 ) ;
#1910 = ORIENTED_EDGE ( 'NONE', *, *, #4238, .T. ) ;
#1911 = VECTOR ( 'NONE', #2110, 1000.000000000000000 ) ;
#1912 = CARTESIAN_POINT ( 'NONE',  ( 4.080000000000000071, 6.500000000000000888, 0.3499999999999989231 ) ) ;
#1913 = VERTEX_POINT ( 'NONE', #2969 ) ;
#1914 = CARTESIAN_POINT ( 'NONE',  ( 0.6867549326077613259, 0.5000000000000000000, -0.6500000000000013545 ) ) ;
#1915 = EDGE_CURVE ( 'NONE', #460, #7159, #259, .T. ) ;
#1916 = CARTESIAN_POINT ( 'NONE',  ( 0.6867549326077613259, 10.39117142264903570, -0.6500000000000030198 ) ) ;
#1917 = PRESENTATION_STYLE_ASSIGNMENT (( #3008 ) ) ;
#1918 = FILL_AREA_STYLE_COLOUR ( '', #3761 ) ;
#1919 = STYLED_ITEM ( 'NONE', ( #1527 ), #4346 ) ;
#1920 = ORIENTED_EDGE ( 'NONE', *, *, #885, .F. ) ;
#1921 = CARTESIAN_POINT ( 'NONE',  ( 4.299430448028449980, 5.815522798723462117, 0.3499999999999998668 ) ) ;
#1922 = DIRECTION ( 'NONE',  ( 0.000000000000000000, 0.000000000000000000, -1.000000000000000000 ) ) ;
#1923 = DIRECTION ( 'NONE',  ( 1.000000000000000000, 0.000000000000000000, 0.000000000000000000 ) ) ;
#1924 = VECTOR ( 'NONE', #7763, 1000.000000000000114 ) ;
#1925 = ORIENTED_EDGE ( 'NONE', *, *, #6312, .F. ) ;
#1926 = CYLINDRICAL_SURFACE ( 'NONE', #4417, 0.1999999999999996503 ) ;
#1927 = ORIENTED_EDGE ( 'NONE', *, *, #6413, .T. ) ;
#1928 = ORIENTED_EDGE ( 'NONE', *, *, #3520, .F. ) ;
#1929 = STYLED_ITEM ( 'NONE', ( #4874 ), #4910 ) ;
#1930 = LINE ( 'NONE', #1426, #686 ) ;
#1931 = CARTESIAN_POINT ( 'NONE',  ( 5.680000000000000604, 6.299999999999999822, -0.3500000000000000888 ) ) ;
#1932 = CARTESIAN_POINT ( 'NONE',  ( 4.480000000000000426, 6.299999999999999822, -0.3500000000000000888 ) ) ;
#1933 = VERTEX_POINT ( 'NONE', #4807 ) ;
#1934 = MECHANICAL_DESIGN_GEOMETRIC_PRESENTATION_REPRESENTATION (  '', ( #7119 ), #3089 ) ;
#1935 =( LENGTH_UNIT ( ) NAMED_UNIT ( * ) SI_UNIT ( .MILLI., .METRE. ) );
#1936 = CARTESIAN_POINT ( 'NONE',  ( 1.540000000000000036, 0.5000000000000002220, 0.3499999999999998668 ) ) ;
#1937 = CARTESIAN_POINT ( 'NONE',  ( 3.540000000000000480, 2.207665535523691602, 0.3499999999999999223 ) ) ;
#1938 = CARTESIAN_POINT ( 'NONE',  ( 5.579999999999999183, 6.299999999999999822, 0.3499999999999998668 ) ) ;
#1939 = DIRECTION ( 'NONE',  ( 1.121588454295349533E-16, -1.000000000000000000, 0.000000000000000000 ) ) ;
#1940 = CARTESIAN_POINT ( 'NONE',  ( 0.000000000000000000, 0.000000000000000000, 0.3499999999999999778 ) ) ;
#1941 = LINE ( 'NONE', #1361, #1227 ) ;
#1942 = AXIS2_PLACEMENT_3D ( 'NONE', #4595, #2313, #5782 ) ;
#1943 = ORIENTED_EDGE ( 'NONE', *, *, #4106, .F. ) ;
#1944 = VECTOR ( 'NONE', #2886, 1000.000000000000000 ) ;
#1945 = LINE ( 'NONE', #1986, #2570 ) ;
#1946 = FILL_AREA_STYLE_COLOUR ( '', #4340 ) ;
#1947 = ORIENTED_EDGE ( 'NONE', *, *, #2803, .T. ) ;
#1948 = FACE_OUTER_BOUND ( 'NONE', #5953, .T. ) ;
#1949 = ORIENTED_EDGE ( 'NONE', *, *, #5848, .T. ) ;
#1950 = SURFACE_SIDE_STYLE ('',( #744 ) ) ;
#1951 = ORIENTED_EDGE ( 'NONE', *, *, #3950, .F. ) ;
#1952 = EDGE_CURVE ( 'NONE', #3906, #4148, #133, .T. ) ;
#1953 = CARTESIAN_POINT ( 'NONE',  ( 4.145174816799755746, 4.263498050147334517, 0.3499999999999998113 ) ) ;
#1954 = EDGE_CURVE ( 'NONE', #7397, #6101, #2401, .T. ) ;
#1955 = CARTESIAN_POINT ( 'NONE',  ( 5.766754932607761397, 6.500000000000000888, -0.3500000000000010880 ) ) ;
#1956 = AXIS2_PLACEMENT_3D ( 'NONE', #4339, #840, #6883 ) ;
#1957 = ORIENTED_EDGE ( 'NONE', *, *, #472, .T. ) ;
#1958 = CARTESIAN_POINT ( 'NONE',  ( 4.558154266116019926, 5.626229152235333153, -1.043133908376205151E-16 ) ) ;
#1959 = EDGE_LOOP ( 'NONE', ( #4567, #3541, #7801, #4448 ) ) ;
#1960 = LINE ( 'NONE', #119, #282 ) ;
#1961 = ORIENTED_EDGE ( 'NONE', *, *, #7536, .F. ) ;
#1962 = EDGE_CURVE ( 'NONE', #2807, #1887, #2516, .T. ) ;
#1963 = AXIS2_PLACEMENT_3D ( 'NONE', #5214, #6917, #1535 ) ;
#1964 =( NAMED_UNIT ( * ) PLANE_ANGLE_UNIT ( ) SI_UNIT ( $, .RADIAN. ) );
#1965 = CARTESIAN_POINT ( 'NONE',  ( 1.894533521472694604, 3.877691542223591359, 0.3499999999999999778 ) ) ;
#1966 = CARTESIAN_POINT ( 'NONE',  ( 5.939267235522908805, 5.226749775238716644, -0.3500000000000000888 ) ) ;
#1967 = CARTESIAN_POINT ( 'NONE',  ( 0.000000000000000000, 0.000000000000000000, -0.3499999999999999778 ) ) ;
#1968 = STYLED_ITEM ( 'NONE', ( #1290 ), #131 ) ;
#1969 = PLANE ( 'NONE',  #6238 ) ;
#1970 = ORIENTED_EDGE ( 'NONE', *, *, #975, .F. ) ;
#1971 = DIRECTION ( 'NONE',  ( -1.000000000000000000, 0.000000000000000000, 0.000000000000000000 ) ) ;
#1972 =( GEOMETRIC_REPRESENTATION_CONTEXT ( 3 ) GLOBAL_UNCERTAINTY_ASSIGNED_CONTEXT ( ( #1438 ) ) GLOBAL_UNIT_ASSIGNED_CONTEXT ( ( #6174, #5559, #68 ) ) REPRESENTATION_CONTEXT ( 'NONE', 'WORKASPACE' ) );
#1973 = CARTESIAN_POINT ( 'NONE',  ( 3.533118178959433919, 2.798202530626828555, 0.3499999999999998668 ) ) ;
#1974 = EDGE_CURVE ( 'NONE', #4148, #7341, #6394, .T. ) ;
#1975 = CARTESIAN_POINT ( 'NONE',  ( 7.270000000000000462, 8.199999999999999289, 0.3499999999999999778 ) ) ;
#1976 = CARTESIAN_POINT ( 'NONE',  ( 2.040000000000001812, 6.299999999999999822, 0.3499999999999999223 ) ) ;
#1977 = CARTESIAN_POINT ( 'NONE',  ( 6.620000000000000995, 1.800000000000000488, 0.3499999999999998113 ) ) ;
#1978 = VECTOR ( 'NONE', #1163, 1000.000000000000000 ) ;
#1979 = PLANE ( 'NONE',  #1732 ) ;
#1980 = CARTESIAN_POINT ( 'NONE',  ( 2.187475984454220423, 5.732672356334980179, 0.3499999999999999223 ) ) ;
#1981 = EDGE_CURVE ( 'NONE', #7806, #6933, #4918, .T. ) ;
#1982 = ORIENTED_EDGE ( 'NONE', *, *, #1594, .F. ) ;
#1983 = EDGE_CURVE ( 'NONE', #3709, #4881, #6689, .T. ) ;
#1984 = CARTESIAN_POINT ( 'NONE',  ( 7.972524015545777942, 5.732672356334977515, 0.3499999999999998113 ) ) ;
#1985 =( GEOMETRIC_REPRESENTATION_CONTEXT ( 3 ) GLOBAL_UNCERTAINTY_ASSIGNED_CONTEXT ( ( #5940 ) ) GLOBAL_UNIT_ASSIGNED_CONTEXT ( ( #7148, #1768, #5342 ) ) REPRESENTATION_CONTEXT ( 'NONE', 'WORKASPACE' ) );
#1986 = CARTESIAN_POINT ( 'NONE',  ( 6.080000000000000959, 0.8000000000000007105, 0.3499999999999998668 ) ) ;
#1987 = VERTEX_POINT ( 'NONE', #6708 ) ;
#1988 =( NAMED_UNIT ( * ) SI_UNIT ( $, .STERADIAN. ) SOLID_ANGLE_UNIT ( ) );
#1989 = ORIENTED_EDGE ( 'NONE', *, *, #349, .T. ) ;
#1990 = DIRECTION ( 'NONE',  ( 0.000000000000000000, -1.000000000000000000, 0.000000000000000000 ) ) ;
#1991 = LINE ( 'NONE', #6912, #6818 ) ;
#1992 = CARTESIAN_POINT ( 'NONE',  ( 3.226754932607761805, 8.000000000000000000, 0.6500000000000000222 ) ) ;
#1993 = EDGE_CURVE ( 'NONE', #4797, #533, #700, .T. ) ;
#1994 = ORIENTED_EDGE ( 'NONE', *, *, #1354, .T. ) ;
#1995 = CARTESIAN_POINT ( 'NONE',  ( -0.3500000000000000333, 0.000000000000000000, -0.3499999999999999778 ) ) ;
#1996 = DIRECTION ( 'NONE',  ( 1.000000000000000000, 0.000000000000000000, 0.000000000000000000 ) ) ;
#1997 = PLANE ( 'NONE',  #311 ) ;
#1998 = MECHANICAL_DESIGN_GEOMETRIC_PRESENTATION_REPRESENTATION (  '', ( #7808 ), #632 ) ;
#1999 = ORIENTED_EDGE ( 'NONE', *, *, #684, .F. ) ;
#2000 = DIRECTION ( 'NONE',  ( 0.000000000000000000, 0.000000000000000000, -1.000000000000000000 ) ) ;
#2001 = EDGE_CURVE ( 'NONE', #2450, #4299, #5993, .T. ) ;
#2002 = EDGE_CURVE ( 'NONE', #6545, #6481, #5413, .T. ) ;
#2003 = ORIENTED_EDGE ( 'NONE', *, *, #1399, .T. ) ;
#2004 = DIRECTION ( 'NONE',  ( 0.000000000000000000, 1.000000000000000000, -4.336808689942016750E-16 ) ) ;
#2005 = ORIENTED_EDGE ( 'NONE', *, *, #587, .T. ) ;
#2006 = COLOUR_RGB ( '',0.8313725490196077761, 0.6705882352941175961, 0.1294117647058823373 ) ;
#2007 = PLANE ( 'NONE',  #1339 ) ;
#2008 = CARTESIAN_POINT ( 'NONE',  ( 6.974533521472694453, 3.877691542223589138, -0.3500000000000001443 ) ) ;
#2009 = DIRECTION ( 'NONE',  ( 0.000000000000000000, -0.000000000000000000, -1.000000000000000000 ) ) ;
#2010 = CARTESIAN_POINT ( 'NONE',  ( 4.729999999999999538, 0.000000000000000000, -0.3499999999999999778 ) ) ;
#2011 = AXIS2_PLACEMENT_3D ( 'NONE', #3781, #274, #2675 ) ;
#2012 = CARTESIAN_POINT ( 'NONE',  ( 2.540000000000000036, 6.500000000000000888, -1.155688030012021264E-15 ) ) ;
#2013 = VERTEX_POINT ( 'NONE', #3633 ) ;
#2014 = SURFACE_STYLE_FILL_AREA ( #962 ) ;
#2015 = CARTESIAN_POINT ( 'NONE',  ( -0.3500000000000000333, 8.199999999999999289, -0.3499999999999999778 ) ) ;
#2016 = AXIS2_PLACEMENT_3D ( 'NONE', #1797, #5514, #1758 ) ;
#2017 = CARTESIAN_POINT ( 'NONE',  ( 3.486936948246134982, 4.039780281224035541, 0.3499999999999999223 ) ) ;
#2018 = CARTESIAN_POINT ( 'NONE',  ( 5.528193045422142404, 5.884855341312109189, 0.3499999999999998668 ) ) ;
#2019 = VECTOR ( 'NONE', #7106, 1000.000000000000000 ) ;
#2020 = FACE_OUTER_BOUND ( 'NONE', #824, .T. ) ;
#2021 = AXIS2_PLACEMENT_3D ( 'NONE', #89, #5620, #2496 ) ;
#2022 = CARTESIAN_POINT ( 'NONE',  ( 2.988193045422142369, 5.884855341312110966, -0.3500000000000000888 ) ) ;
#2023 = EDGE_CURVE ( 'NONE', #1785, #4137, #3740, .T. ) ;
#2024 = EDGE_CURVE ( 'NONE', #4630, #7390, #4283, .T. ) ;
#2025 = ORIENTED_EDGE ( 'NONE', *, *, #4100, .F. ) ;
#2026 = STYLED_ITEM ( 'NONE', ( #3208 ), #3101 ) ;
#2027 = SURFACE_STYLE_USAGE ( .BOTH. , #6091 ) ;
#2028 = LINE ( 'NONE', #147, #1187 ) ;
#2029 = EDGE_CURVE ( 'NONE', #5020, #1538, #6098, .T. ) ;
#2030 = DIRECTION ( 'NONE',  ( -0.000000000000000000, -0.000000000000000000, -1.000000000000000000 ) ) ;
#2031 = ORIENTED_EDGE ( 'NONE', *, *, #2488, .F. ) ;
#2032 = CARTESIAN_POINT ( 'NONE',  ( -0.6454664785273052097, 3.877691542223590471, -0.3499999999999999778 ) ) ;
#2033 = ORIENTED_EDGE ( 'NONE', *, *, #3147, .F. ) ;
#2034 = FACE_OUTER_BOUND ( 'NONE', #994, .T. ) ;
#2035 = LINE ( 'NONE', #3163, #4165 ) ;
#2036 = ADVANCED_FACE ( 'NONE', ( #3045 ), #4177, .T. ) ;
#2037 = VERTEX_POINT ( 'NONE', #3196 ) ;
#2038 = LINE ( 'NONE', #6302, #2215 ) ;
#2039 = CARTESIAN_POINT ( 'NONE',  ( 8.306754932607761432, 10.39117142264903570, -0.6500000000000030198 ) ) ;
#2040 = SURFACE_SIDE_STYLE ('',( #7371 ) ) ;
#2041 = EDGE_CURVE ( 'NONE', #6919, #2280, #7524, .T. ) ;
#2042 =( BOUNDED_SURFACE ( )  B_SPLINE_SURFACE ( 3, 1, ( 
 ( #1753, #2351 ),
 ( #5436, #4716 ),
 ( #7724, #3688 ),
 ( #6652, #4161 ) ),
 .UNSPECIFIED., .F., .F., .F. ) 
 B_SPLINE_SURFACE_WITH_KNOTS ( ( 4, 4 ),
 ( 2, 2 ),
 ( 0.000000000000000000, 1.000000000000000000 ),
 ( 0.000000000000000000, 1.000000000000000000 ),
 .UNSPECIFIED. ) 
 GEOMETRIC_REPRESENTATION_ITEM ( )  RATIONAL_B_SPLINE_SURFACE ( (
 ( 1.000000000000000000, 1.000000000000000000),
 ( 0.9488815137910380226, 0.9488815137910380226),
 ( 0.9488815137910380226, 0.9488815137910380226),
 ( 1.000000000000000000, 1.000000000000000000) ) ) 
 REPRESENTATION_ITEM ( '' )  SURFACE ( )  );
#2043 = ORIENTED_EDGE ( 'NONE', *, *, #1534, .T. ) ;
#2044 = ORIENTED_EDGE ( 'NONE', *, *, #341, .T. ) ;
#2045 = AXIS2_PLACEMENT_3D ( 'NONE', #5208, #7561, #6508 ) ;
#2046 = DIRECTION ( 'NONE',  ( 1.000000000000000000, -0.000000000000000000, 0.000000000000000000 ) ) ;
#2047 = ADVANCED_FACE ( 'NONE', ( #2594 ), #3319, .F. ) ;
#2048 = ORIENTED_EDGE ( 'NONE', *, *, #7723, .T. ) ;
#2049 =( NAMED_UNIT ( * ) PLANE_ANGLE_UNIT ( ) SI_UNIT ( $, .RADIAN. ) );
#2050 = DIRECTION ( 'NONE',  ( -0.000000000000000000, 0.000000000000000000, 1.000000000000000000 ) ) ;
#2051 = LINE ( 'NONE', #5843, #1446 ) ;
#2052 = CARTESIAN_POINT ( 'NONE',  ( 5.865140250919768761, 5.788964205960195564, -0.3500000000000000333 ) ) ;
#2053 = DIRECTION ( 'NONE',  ( -1.000000000000000000, 0.000000000000000000, 0.000000000000000000 ) ) ;
#2054 = ORIENTED_EDGE ( 'NONE', *, *, #474, .T. ) ;
#2055 = DIRECTION ( 'NONE',  ( 1.121588454295349533E-16, -1.000000000000000000, 0.000000000000000000 ) ) ;
#2056 = CARTESIAN_POINT ( 'NONE',  ( 3.206266211150818890, 6.298959448224888291, 0.3499999999999999778 ) ) ;
#2057 = CARTESIAN_POINT ( 'NONE',  ( 0.8601643567029795268, 5.218128553112160617, -0.3500000000000000333 ) ) ;
#2058 = SURFACE_STYLE_FILL_AREA ( #3144 ) ;
#2059 = CARTESIAN_POINT ( 'NONE',  ( 0.9527233231640321875, 3.923639721076658038, 0.3500000000000000333 ) ) ;
#2060 = DIRECTION ( 'NONE',  ( 1.000000000000000000, 0.000000000000000000, 0.000000000000000000 ) ) ;
#2061 = UNCERTAINTY_MEASURE_WITH_UNIT (LENGTH_MEASURE( 1.000000000000000082E-05 ), #655, 'distance_accuracy_value', 'NONE');
#2062 = CARTESIAN_POINT ( 'NONE',  ( -5.421010862427528333E-17, 0.5000000000000005551, 0.3499999999999999778 ) ) ;
#2063 = CYLINDRICAL_SURFACE ( 'NONE', #4666, 0.2999999999999999334 ) ;
#2064 = EDGE_CURVE ( 'NONE', #163, #6627, #161, .T. ) ;
#2065 = CARTESIAN_POINT ( 'NONE',  ( 4.754744180118195551, 5.589454083063166046, -0.3500000000000000888 ) ) ;
#2066 = VECTOR ( 'NONE', #4536, 1000.000000000000000 ) ;
#2067 = ORIENTED_EDGE ( 'NONE', *, *, #3811, .F. ) ;
#2068 = EDGE_CURVE ( 'NONE', #4322, #7578, #5560, .T. ) ;
#2069 = PRESENTATION_STYLE_ASSIGNMENT (( #2027 ) ) ;
#2070 = EDGE_CURVE ( 'NONE', #4674, #1471, #6346, .T. ) ;
#2071 = CARTESIAN_POINT ( 'NONE',  ( 2.890000000000001013, -2.800000000000001155, -0.3500000000000000333 ) ) ;
#2072 = DIRECTION ( 'NONE',  ( 0.000000000000000000, 1.668003342285388099E-16, 1.000000000000000000 ) ) ;
#2073 = AXIS2_PLACEMENT_3D ( 'NONE', #6929, #7582, #4577 ) ;
#2074 = ORIENTED_EDGE ( 'NONE', *, *, #931, .F. ) ;
#2075 = LINE ( 'NONE', #227, #7600 ) ;
#2076 = CARTESIAN_POINT ( 'NONE',  ( 6.933245067392238781, 6.500000000000000888, 0.3499999999999989231 ) ) ;
#2077 = ORIENTED_EDGE ( 'NONE', *, *, #7616, .T. ) ;
#2078 = CIRCLE ( 'NONE', #4727, 0.2999999999999999334 ) ;
#2079 = CARTESIAN_POINT ( 'NONE',  ( 6.620000000000000107, 6.500000000000000888, 0.3499999999999989231 ) ) ;
#2080 = CARTESIAN_POINT ( 'NONE',  ( 8.619999999999999218, 0.5000000000000000000, -0.3500000000000000888 ) ) ;
#2081 = EDGE_CURVE ( 'NONE', #1293, #7171, #1991, .T. ) ;
#2082 = CARTESIAN_POINT ( 'NONE',  ( 2.390000000000000568, -3.000000000000000000, -0.3500000000000000333 ) ) ;
#2083 = VERTEX_POINT ( 'NONE', #2076 ) ;
#2084 = DIRECTION ( 'NONE',  ( -0.7071067811865475727, 0.7071067811865475727, 0.000000000000000000 ) ) ;
#2085 = ORIENTED_EDGE ( 'NONE', *, *, #1578, .F. ) ;
#2086 = DIRECTION ( 'NONE',  ( -0.7071067811865489050, 0.7071067811865460184, -0.000000000000000000 ) ) ;
#2087 = EDGE_LOOP ( 'NONE', ( #3832, #6194, #5135, #7514 ) ) ;
#2088 = ADVANCED_FACE ( 'NONE', ( #7365 ), #4406, .T. ) ;
#2089 = UNCERTAINTY_MEASURE_WITH_UNIT (LENGTH_MEASURE( 1.000000000000000082E-05 ), #322, 'distance_accuracy_value', 'NONE');
#2090 = CARTESIAN_POINT ( 'NONE',  ( 4.393245067392238745, 10.39117142264903570, 0.6499999999999995781 ) ) ;
#2091 = VECTOR ( 'NONE', #2704, 1000.000000000000000 ) ;
#2092 = EDGE_CURVE ( 'NONE', #1725, #3286, #6951, .T. ) ;
#2093 = CARTESIAN_POINT ( 'NONE',  ( -0.6867549326077613259, 10.39117142264903570, 0.3499999999999983125 ) ) ;
#2094 = CARTESIAN_POINT ( 'NONE',  ( 2.865255819881805444, 5.589454083063163381, 0.3499999999999999223 ) ) ;
#2095 = DIRECTION ( 'NONE',  ( 0.000000000000000000, 1.000000000000000000, -1.668003342285391797E-16 ) ) ;
#2096 = DIRECTION ( 'NONE',  ( -0.000000000000000000, 0.000000000000000000, 1.000000000000000000 ) ) ;
#2097 = DIRECTION ( 'NONE',  ( 1.000000000000000000, 0.000000000000000000, -2.053413205464970640E-17 ) ) ;
#2098 = VERTEX_POINT ( 'NONE', #5634 ) ;
#2099 = EDGE_LOOP ( 'NONE', ( #1029, #5040, #485, #5337 ) ) ;
#2100 = DIRECTION ( 'NONE',  ( 0.6546536707079765316, -0.3779644730092291960, -0.6546536707079765316 ) ) ;
#2101 = MECHANICAL_DESIGN_GEOMETRIC_PRESENTATION_REPRESENTATION (  '', ( #600 ), #1104 ) ;
#2102 = FILL_AREA_STYLE ('',( #5811 ) ) ;
#2103 = CARTESIAN_POINT ( 'NONE',  ( 4.210384757729336513, 8.500000000000000000, 0.8696152422706628915 ) ) ;
#2104 = LINE ( 'NONE', #3225, #4596 ) ;
#2105 =( NAMED_UNIT ( * ) SI_UNIT ( $, .STERADIAN. ) SOLID_ANGLE_UNIT ( ) );
#2106 = EDGE_CURVE ( 'NONE', #5757, #7758, #2035, .T. ) ;
#2107 = CARTESIAN_POINT ( 'NONE',  ( -0.6454664785273052097, 3.877691542223591359, -0.3499999999999999778 ) ) ;
#2108 = DIRECTION ( 'NONE',  ( 1.000000000000000000, 0.000000000000000000, 0.000000000000000000 ) ) ;
#2109 = MECHANICAL_DESIGN_GEOMETRIC_PRESENTATION_REPRESENTATION (  '', ( #4375 ), #2621 ) ;
#2110 = DIRECTION ( 'NONE',  ( -0.000000000000000000, -0.000000000000000000, -1.000000000000000000 ) ) ;
#2111 = ORIENTED_EDGE ( 'NONE', *, *, #5788, .T. ) ;
#2112 = PLANE ( 'NONE',  #5998 ) ;
#2113 = STYLED_ITEM ( 'NONE', ( #5971 ), #550 ) ;
#2114 = CARTESIAN_POINT ( 'NONE',  ( 6.933245067392238781, 0.5000000000000000000, -0.6500000000000013545 ) ) ;
#2115 = ORIENTED_EDGE ( 'NONE', *, *, #5753, .F. ) ;
#2116 = B_SPLINE_CURVE_WITH_KNOTS ( 'NONE', 3,
 ( #7622, #2218, #4615, #7045, #1626, #7666, #2257, #4654, #1667, #2373, #1774, #3674, #1888, #4295, #4260, #3710, #1262, #3052, #6715, #7819, #707, #2523, #673, #3598, #2411, #77, #41, #1341, #3085, #4777, #7230, #1298, #6000 ),
 .UNSPECIFIED., .F., .F.,
 ( 4, 1, 1, 1, 1, 1, 1, 2, 2, 1, 1, 1, 1, 1, 2, 2, 1, 1, 1, 1, 1, 1, 2, 2, 4 ),
 ( 0.000000000000000000, 0.2499999999999786282, 0.3749999999999678590, 0.4374999999999624190, 0.4687499999999596989, 0.4843749999999582001, 0.4921874999999577560, 0.4960937499999575340, 0.4999999999999573674, 0.6249999999999519273, 0.6874999999999489297, 0.7187499999999471534, 0.7343749999999462652, 0.7421874999999454880, 0.7460937499999451550, 0.7499999999999447109, 0.8124999999999459321, 0.8437499999999468203, 0.8593749999999472644, 0.8671874999999471534, 0.8710937499999473754, 0.8730468749999479305, 0.8740234374999481526, 0.8749999999999483746, 1.000000000000000000 ),
 .UNSPECIFIED. ) ;
#2117 = DIRECTION ( 'NONE',  ( -0.000000000000000000, 4.336808689942016750E-16, 1.000000000000000000 ) ) ;
#2118 = ORIENTED_EDGE ( 'NONE', *, *, #4852, .T. ) ;
#2119 =( NAMED_UNIT ( * ) SI_UNIT ( $, .STERADIAN. ) SOLID_ANGLE_UNIT ( ) );
#2120 = DIRECTION ( 'NONE',  ( 0.000000000000000000, -0.8660254037844373753, 0.5000000000000022204 ) ) ;
#2121 = ADVANCED_FACE ( 'NONE', ( #3859 ), #230, .F. ) ;
#2122 = VERTEX_POINT ( 'NONE', #1718 ) ;
#2123 = AXIS2_PLACEMENT_3D ( 'NONE', #3029, #2428, #4125 ) ;
#2124 = AXIS2_PLACEMENT_3D ( 'NONE', #5886, #3461, #7548 ) ;
#2125 = CARTESIAN_POINT ( 'NONE',  ( 4.210384757729336513, 8.500000000000000000, 0.000000000000000000 ) ) ;
#2126 = DIRECTION ( 'NONE',  ( 1.084202172485504434E-16, -1.000000000000000000, 0.000000000000000000 ) ) ;
#2127 = EDGE_LOOP ( 'NONE', ( #7071, #4561, #5779, #3330 ) ) ;
#2128 = FACE_OUTER_BOUND ( 'NONE', #3367, .T. ) ;
#2129 = EDGE_CURVE ( 'NONE', #1628, #4834, #6392, .T. ) ;
#2130 = ORIENTED_EDGE ( 'NONE', *, *, #4925, .T. ) ;
#2131 = DIRECTION ( 'NONE',  ( -0.000000000000000000, -3.097720492815727166E-16, -1.000000000000000000 ) ) ;
#2132 = CARTESIAN_POINT ( 'NONE',  ( -0.4999999999999985012, 6.299999999999999822, 0.3499999999999999778 ) ) ;
#2133 = EDGE_CURVE ( 'NONE', #3014, #3022, #2785, .T. ) ;
#2134 = VERTEX_POINT ( 'NONE', #438 ) ;
#2135 = COLOUR_RGB ( '',0.8313725490196077761, 0.6705882352941175961, 0.1294117647058823373 ) ;
#2136 = DIRECTION ( 'NONE',  ( -0.000000000000000000, -1.668003342285388099E-16, -1.000000000000000000 ) ) ;
#2137 = FACE_OUTER_BOUND ( 'NONE', #6139, .T. ) ;
#2138 = CARTESIAN_POINT ( 'NONE',  ( 8.119999999999999218, 6.084152315493285279, -0.3500000000000001443 ) ) ;
#2139 = CARTESIAN_POINT ( 'NONE',  ( -0.3500000000000000333, 0.000000000000000000, 0.3499999999999999778 ) ) ;
#2140 = DIRECTION ( 'NONE',  ( 0.000000000000000000, -0.000000000000000000, -1.000000000000000000 ) ) ;
#2141 = VERTEX_POINT ( 'NONE', #2753 ) ;
#2142 = ORIENTED_EDGE ( 'NONE', *, *, #5271, .T. ) ;
#2143 = CIRCLE ( 'NONE', #7306, 0.1999999999999996503 ) ;
#2144 = CARTESIAN_POINT ( 'NONE',  ( 8.412485366313218194, 5.744802409713649638, 0.3499999999999997558 ) ) ;
#2145 = STYLED_ITEM ( 'NONE', ( #2227 ), #1576 ) ;
#2146 = CARTESIAN_POINT ( 'NONE',  ( 1.540000000000000480, 1.800000000000000488, -0.3849999999999998979 ) ) ;
#2147 = DIRECTION ( 'NONE',  ( -0.000000000000000000, -1.000000000000000000, 1.668003342285391551E-16 ) ) ;
#2148 = PRESENTATION_STYLE_ASSIGNMENT (( #7596 ) ) ;
#2149 = ADVANCED_FACE ( 'NONE', ( #5827 ), #4676, .T. ) ;
#2150 = VECTOR ( 'NONE', #3980, 1000.000000000000000 ) ;
#2151 = ORIENTED_EDGE ( 'NONE', *, *, #3148, .T. ) ;
#2153 = EDGE_CURVE ( 'NONE', #1059, #5732, #4040, .T. ) ;
#2152 = CARTESIAN_POINT ( 'NONE',  ( 8.306754932607761432, 10.39117142264903570, 0.3499999999999983125 ) ) ;
#2154 = SURFACE_STYLE_USAGE ( .BOTH. , #7098 ) ;
#2155 =( GEOMETRIC_REPRESENTATION_CONTEXT ( 3 ) GLOBAL_UNCERTAINTY_ASSIGNED_CONTEXT ( ( #7189 ) ) GLOBAL_UNIT_ASSIGNED_CONTEXT ( ( #1379, #1496, #794 ) ) REPRESENTATION_CONTEXT ( 'NONE', 'WORKASPACE' ) );
#2156 = AXIS2_PLACEMENT_3D ( 'NONE', #5785, #5168, #1065 ) ;
#2157 = CARTESIAN_POINT ( 'NONE',  ( -0.8888495460509765467, 4.917640708295714980, -0.3499999999999999223 ) ) ;
#2158 = ORIENTED_EDGE ( 'NONE', *, *, #1184, .T. ) ;
#2159 = PRESENTATION_STYLE_ASSIGNMENT (( #5707 ) ) ;
#2160 = FILL_AREA_STYLE_COLOUR ( '', #264 ) ;
#2161 = VERTEX_POINT ( 'NONE', #5332 ) ;
#2162 = STYLED_ITEM ( 'NONE', ( #3016 ), #3056 ) ;
#2163 = SURFACE_STYLE_USAGE ( .BOTH. , #4096 ) ;
#2164 = SURFACE_STYLE_USAGE ( .BOTH. , #3442 ) ;
#2165 = CYLINDRICAL_SURFACE ( 'NONE', #2835, 0.1999999999999996503 ) ;
#2166 = EDGE_CURVE ( 'NONE', #2904, #6587, #6475, .T. ) ;
#2167 = ADVANCED_FACE ( 'NONE', ( #988 ), #5749, .F. ) ;
#2168 = VERTEX_POINT ( 'NONE', #3474 ) ;
#2169 = DIRECTION ( 'NONE',  ( -1.000000000000000000, -0.000000000000000000, -0.000000000000000000 ) ) ;
#2170 = ADVANCED_FACE ( 'NONE', ( #7564 ), #1570, .F. ) ;
#2171 =( GEOMETRIC_REPRESENTATION_CONTEXT ( 3 ) GLOBAL_UNCERTAINTY_ASSIGNED_CONTEXT ( ( #4003 ) ) GLOBAL_UNIT_ASSIGNED_CONTEXT ( ( #5609, #4888, #5049 ) ) REPRESENTATION_CONTEXT ( 'NONE', 'WORKASPACE' ) );
#2172 = ORIENTED_EDGE ( 'NONE', *, *, #5091, .T. ) ;
#2173 = CARTESIAN_POINT ( 'NONE',  ( 3.140000000000000568, 6.299999999999999822, -0.3500000000000000333 ) ) ;
#2174 = CARTESIAN_POINT ( 'NONE',  ( 1.853245067392238710, 0.5000000000000000000, -0.3500000000000000888 ) ) ;
#2175 = ORIENTED_EDGE ( 'NONE', *, *, #3977, .F. ) ;
#2176 = CARTESIAN_POINT ( 'NONE',  ( 5.766754932607761397, 8.000000000000000000, -0.6500000000000030198 ) ) ;
#2177 = ADVANCED_FACE ( 'NONE', ( #5939 ), #552, .T. ) ;
#2178 = CARTESIAN_POINT ( 'NONE',  ( -0.3525240155457798341, 5.732672356334980179, 0.3499999999999999778 ) ) ;
#2179 = DIRECTION ( 'NONE',  ( 0.000000000000000000, -0.000000000000000000, -1.000000000000000000 ) ) ;
#2180 = PLANE ( 'NONE',  #7207 ) ;
#2181 = DIRECTION ( 'NONE',  ( 0.000000000000000000, -1.000000000000000000, 0.000000000000000000 ) ) ;
#2182 = ORIENTED_EDGE ( 'NONE', *, *, #6678, .F. ) ;
#2183 = ORIENTED_EDGE ( 'NONE', *, *, #5603, .F. ) ;
#2184 = DIRECTION ( 'NONE',  ( -0.000000000000000000, -0.000000000000000000, -1.000000000000000000 ) ) ;
#2185 = VECTOR ( 'NONE', #558, 1000.000000000000000 ) ;
#2186 = LINE ( 'NONE', #342, #3473 ) ;
#2187 = DIRECTION ( 'NONE',  ( -1.000000000000000000, 0.000000000000000000, 7.744301232039316681E-17 ) ) ;
#2188 = CARTESIAN_POINT ( 'NONE',  ( 0.8491834779806503031, 5.324198710742059859, 0.3499999999999999778 ) ) ;
#2189 = CARTESIAN_POINT ( 'NONE',  ( 7.156643101092098114, 1.700000000000000400, -0.3500000000000001998 ) ) ;
#2190 = CARTESIAN_POINT ( 'NONE',  ( -0.3252558198818047974, 5.589454083063166046, -0.3499999999999999778 ) ) ;
#2191 = CARTESIAN_POINT ( 'NONE',  ( 5.430000000000000604, -2.800000000000001155, 0.3499999999999998668 ) ) ;
#2192 = VERTEX_POINT ( 'NONE', #5479 ) ;
#2193 = PRESENTATION_LAYER_ASSIGNMENT (  '', '', ( #7473 ) ) ;
#2194 = LINE ( 'NONE', #2272, #6519 ) ;
#2195 = CARTESIAN_POINT ( 'NONE',  ( 7.620000000000000107, 6.299999999999999822, 0.3499999999999998113 ) ) ;
#2196 = CARTESIAN_POINT ( 'NONE',  ( 2.892524015545778759, 5.732672356334978403, -0.3500000000000000333 ) ) ;
#2197 = VERTEX_POINT ( 'NONE', #623 ) ;
#2198 = FACE_OUTER_BOUND ( 'NONE', #1447, .T. ) ;
#2199 = DIRECTION ( 'NONE',  ( 0.000000000000000000, -0.000000000000000000, -1.000000000000000000 ) ) ;
#2200 = MECHANICAL_DESIGN_GEOMETRIC_PRESENTATION_REPRESENTATION (  '', ( #1309 ), #3839 ) ;
#2201 = ORIENTED_EDGE ( 'NONE', *, *, #2866, .T. ) ;
#2202 = FACE_OUTER_BOUND ( 'NONE', #5747, .T. ) ;
#2203 = CARTESIAN_POINT ( 'NONE',  ( 8.320000000000000284, 0.5000000000000006661, -0.3500000000000001443 ) ) ;
#2204 = VECTOR ( 'NONE', #1803, 1000.000000000000000 ) ;
#2205 = ORIENTED_EDGE ( 'NONE', *, *, #4228, .F. ) ;
#2206 = LINE ( 'NONE', #7144, #5957 ) ;
#2207 = VERTEX_POINT ( 'NONE', #6089 ) ;
#2208 = CARTESIAN_POINT ( 'NONE',  ( 3.479979884374425403, 4.171275002134771093, -0.3500000000000000333 ) ) ;
#2209 = ADVANCED_FACE ( 'NONE', ( #7766 ), #1282, .F. ) ;
#2210 = PRESENTATION_STYLE_ASSIGNMENT (( #449 ) ) ;
#2211 = VECTOR ( 'NONE', #5737, 1000.000000000000000 ) ;
#2212 = ORIENTED_EDGE ( 'NONE', *, *, #4106, .T. ) ;
#2213 = CARTESIAN_POINT ( 'NONE',  ( 1.540000000000000702, -1.121588454295348794E-16, -0.3500000000000000333 ) ) ;
#2214 = CARTESIAN_POINT ( 'NONE',  ( 4.218770099106167848, 5.207834124282345378, -0.3500000000000001443 ) ) ;
#2215 = VECTOR ( 'NONE', #4922, 1000.000000000000000 ) ;
#2216 = LINE ( 'NONE', #4455, #2331 ) ;
#2217 = FACE_BOUND ( 'NONE', #3889, .T. ) ;
#2218 = CARTESIAN_POINT ( 'NONE',  ( 1.540000000000001146, 2.207665535523969602, -0.3499999999999999778 ) ) ;
#2219 = SURFACE_SIDE_STYLE ('',( #6931 ) ) ;
#2220 = ORIENTED_EDGE ( 'NONE', *, *, #5885, .F. ) ;
#2221 = VERTEX_POINT ( 'NONE', #1908 ) ;
#2222 = EDGE_CURVE ( 'NONE', #3420, #6204, #692, .T. ) ;
#2223 = EDGE_CURVE ( 'NONE', #2280, #3047, #2506, .T. ) ;
#2224 = CARTESIAN_POINT ( 'NONE',  ( -0.9999999999999995559, 1.800000000000000488, -0.3499999999999999778 ) ) ;
#2225 = VECTOR ( 'NONE', #1285, 1000.000000000000000 ) ;
#2226 = COLOUR_RGB ( '',0.8313725490196077761, 0.6705882352941175961, 0.1294117647058823373 ) ;
#2227 = PRESENTATION_STYLE_ASSIGNMENT (( #2872 ) ) ;
#2228 = FILL_AREA_STYLE_COLOUR ( '', #1490 ) ;
#2229 = CARTESIAN_POINT ( 'NONE',  ( 2.890000000000000124, 8.000000000000000000, 0.3499999999999999778 ) ) ;
#2230 = ORIENTED_EDGE ( 'NONE', *, *, #1255, .T. ) ;
#2231 = DIRECTION ( 'NONE',  ( 0.000000000000000000, 0.000000000000000000, -1.000000000000000000 ) ) ;
#2232 = EDGE_CURVE ( 'NONE', #7609, #6431, #7286, .T. ) ;
#2233 = CARTESIAN_POINT ( 'NONE',  ( -0.8491834779808464795, 5.324198710740767559, -0.3500000000000000333 ) ) ;
#2234 = VERTEX_POINT ( 'NONE', #1834 ) ;
#2235 = DIRECTION ( 'NONE',  ( 1.000000000000000000, 0.000000000000000000, 0.000000000000000000 ) ) ;
#2236 = EDGE_CURVE ( 'NONE', #324, #6962, #4907, .T. ) ;
#2237 = CARTESIAN_POINT ( 'NONE',  ( 7.020000000000000462, 6.299999999999999822, 0.1283333333333334381 ) ) ;
#2238 = FILL_AREA_STYLE ('',( #2160 ) ) ;
#2239 = ORIENTED_EDGE ( 'NONE', *, *, #1769, .T. ) ;
#2240 = FACE_OUTER_BOUND ( 'NONE', #5501, .T. ) ;
#2241 = CARTESIAN_POINT ( 'NONE',  ( 4.380000000000000782, 0.8000000000000004885, 0.3499999999999998668 ) ) ;
#2242 = CARTESIAN_POINT ( 'NONE',  ( 0.3500000000000009215, -2.800000000000001155, 0.3499999999999999778 ) ) ;
#2243 = ORIENTED_EDGE ( 'NONE', *, *, #910, .T. ) ;
#2244 = DIRECTION ( 'NONE',  ( -0.000000000000000000, 1.000000000000000000, -0.000000000000000000 ) ) ;
#2245 = EDGE_CURVE ( 'NONE', #2839, #3709, #7199, .T. ) ;
#2246 = VERTEX_POINT ( 'NONE', #1137 ) ;
#2247 = CARTESIAN_POINT ( 'NONE',  ( 8.620000000000000995, 1.800000000000000488, 0.3849999999999997868 ) ) ;
#2248 = COLOUR_RGB ( '',0.8313725490196077761, 0.6705882352941175961, 0.1294117647058823373 ) ;
#2249 = FILL_AREA_STYLE_COLOUR ( '', #651 ) ;
#2250 = ORIENTED_EDGE ( 'NONE', *, *, #4114, .F. ) ;
#2251 = CARTESIAN_POINT ( 'NONE',  ( 0.3500000000000000333, 8.199999999999999289, -0.3500000000000000333 ) ) ;
#2252 = CARTESIAN_POINT ( 'NONE',  ( 4.292878007498406312, 5.777242093666543177, -0.3500000000000001998 ) ) ;
#2253 = ADVANCED_FACE ( 'NONE', ( #4868 ), #4758, .F. ) ;
#2254 = SURFACE_STYLE_FILL_AREA ( #104 ) ;
#2255 = DIRECTION ( 'NONE',  ( -0.000000000000000000, -0.000000000000000000, -1.000000000000000000 ) ) ;
#2256 =( GEOMETRIC_REPRESENTATION_CONTEXT ( 3 ) GLOBAL_UNCERTAINTY_ASSIGNED_CONTEXT ( ( #6925 ) ) GLOBAL_UNIT_ASSIGNED_CONTEXT ( ( #5580, #2622, #3842 ) ) REPRESENTATION_CONTEXT ( 'NONE', 'WORKASPACE' ) );
#2257 = CARTESIAN_POINT ( 'NONE',  ( 1.591102897648887682, 4.001162287970070786, -0.3500000000000000333 ) ) ;
#2258 = EDGE_LOOP ( 'NONE', ( #5388, #706, #1073, #2310 ) ) ;
#2259 = ORIENTED_EDGE ( 'NONE', *, *, #7001, .T. ) ;
#2260 = CARTESIAN_POINT ( 'NONE',  ( 8.220000000000000639, 6.299999999999999822, 0.3499999999999998113 ) ) ;
#2261 = STYLED_ITEM ( 'NONE', ( #5582 ), #1011 ) ;
#2262 = EDGE_CURVE ( 'NONE', #6593, #7397, #3582, .T. ) ;
#2263 = UNCERTAINTY_MEASURE_WITH_UNIT (LENGTH_MEASURE( 1.000000000000000082E-05 ), #3619, 'distance_accuracy_value', 'NONE');
#2264 = CARTESIAN_POINT ( 'NONE',  ( 6.620000000000000107, 0.5000000000000002220, 0.3499999999999998668 ) ) ;
#2265 = DIRECTION ( 'NONE',  ( -0.000000000000000000, -1.000000000000000000, -4.336808689942017736E-16 ) ) ;
#2266 = EDGE_CURVE ( 'NONE', #5035, #4885, #586, .T. ) ;
#2267 = CARTESIAN_POINT ( 'NONE',  ( 4.631806954577857738, 5.884855341312109189, -0.3500000000000000333 ) ) ;
#2268 = DIRECTION ( 'NONE',  ( 0.000000000000000000, 1.000000000000000000, -1.668003342285391551E-16 ) ) ;
#2269 = DIRECTION ( 'NONE',  ( -3.097720492815726426E-17, 1.000000000000000000, 0.000000000000000000 ) ) ;
#2270 = DIRECTION ( 'NONE',  ( 0.000000000000000000, -0.000000000000000000, -1.000000000000000000 ) ) ;
#2271 = ORIENTED_EDGE ( 'NONE', *, *, #7372, .T. ) ;
#2272 = CARTESIAN_POINT ( 'NONE',  ( 7.941845733883979186, 5.626229152235330488, -1.564700862564307603E-16 ) ) ;
#2273 = DIRECTION ( 'NONE',  ( -0.000000000000000000, -0.000000000000000000, -1.000000000000000000 ) ) ;
#2274 = DIRECTION ( 'NONE',  ( 3.097720492815726426E-17, -1.000000000000000000, 0.000000000000000000 ) ) ;
#2275 = EDGE_CURVE ( 'NONE', #7337, #7609, #3543, .T. ) ;
#2276 = EDGE_LOOP ( 'NONE', ( #1540, #5232, #5148, #7452, #3312, #5192, #3561, #2881, #4683, #286, #1263, #2230, #3700, #4528, #5177, #3817, #3279, #3971, #783, #6876, #697 ) ) ;
#2277 = FILL_AREA_STYLE ('',( #2794 ) ) ;
#2278 = VECTOR ( 'NONE', #399, 1000.000000000000114 ) ;
#2279 = CARTESIAN_POINT ( 'NONE',  ( 6.620000000000000107, 6.299999999999999822, -0.3850000000000000644 ) ) ;
#2280 = VERTEX_POINT ( 'NONE', #3848 ) ;
#2281 = MECHANICAL_DESIGN_GEOMETRIC_PRESENTATION_REPRESENTATION (  '', ( #2423 ), #288 ) ;
#2282 = ADVANCED_FACE ( 'NONE', ( #2665 ), #1000, .T. ) ;
#2283 = VECTOR ( 'NONE', #7678, 1000.000000000000000 ) ;
#2284 = CARTESIAN_POINT ( 'NONE',  ( 0.6867549326077613259, 10.39117142264903570, 0.3499999999999983125 ) ) ;
#2285 = DIRECTION ( 'NONE',  ( 1.000000000000000000, -4.336808689942006692E-15, 0.000000000000000000 ) ) ;
#2286 =( NAMED_UNIT ( * ) SI_UNIT ( $, .STERADIAN. ) SOLID_ANGLE_UNIT ( ) );
#2287 = ORIENTED_EDGE ( 'NONE', *, *, #2153, .T. ) ;
#2288 = CARTESIAN_POINT ( 'NONE',  ( 1.853245067392238710, 8.000000000000000000, -0.6500000000000025757 ) ) ;
#2289 = ORIENTED_EDGE ( 'NONE', *, *, #5418, .F. ) ;
#2290 = DIRECTION ( 'NONE',  ( -1.000000000000000000, 0.000000000000000000, 7.744301232039316681E-17 ) ) ;
#2291 = AXIS2_PLACEMENT_3D ( 'NONE', #4697, #6489, #5348 ) ;
#2292 = CARTESIAN_POINT ( 'NONE',  ( 1.670384757729337144, 8.500000000000000000, 0.000000000000000000 ) ) ;
#2293 = ORIENTED_EDGE ( 'NONE', *, *, #1072, .T. ) ;
#2294 = FILL_AREA_STYLE_COLOUR ( '', #5139 ) ;
#2295 = EDGE_CURVE ( 'NONE', #1628, #3153, #5588, .T. ) ;
#2296 = CARTESIAN_POINT ( 'NONE',  ( 7.970000000000001528, -2.800000000000001155, 0.3499999999999998113 ) ) ;
#2297 = SURFACE_STYLE_USAGE ( .BOTH. , #2976 ) ;
#2298 = VERTEX_POINT ( 'NONE', #4353 ) ;
#2299 = ORIENTED_EDGE ( 'NONE', *, *, #2803, .F. ) ;
#2300 = FILL_AREA_STYLE ('',( #4189 ) ) ;
#2301 = MECHANICAL_DESIGN_GEOMETRIC_PRESENTATION_REPRESENTATION (  '', ( #4919 ), #4305 ) ;
#2302 = B_SPLINE_CURVE_WITH_KNOTS ( 'NONE', 3,
 ( #6127, #4911, #6019, #2895 ),
 .UNSPECIFIED., .F., .F.,
 ( 4, 4 ),
 ( 0.000000000000000000, 1.000000000000000000 ),
 .UNSPECIFIED. ) ;
#2303 = CARTESIAN_POINT ( 'NONE',  ( 7.970000000000001528, -2.800000000000001155, -0.3500000000000001443 ) ) ;
#2304 = CARTESIAN_POINT ( 'NONE',  ( 6.920000000000000817, 0.5000000000000004441, 0.3499999999999998113 ) ) ;
#2305 = CARTESIAN_POINT ( 'NONE',  ( 8.403770569720398598, 5.796998266909026754, -0.3500000000000001443 ) ) ;
#2306 =( BOUNDED_SURFACE ( )  B_SPLINE_SURFACE ( 3, 1, ( 
 ( #4622, #2868 ),
 ( #301, #3424 ),
 ( #1670, #4506 ),
 ( #7508, #936 ) ),
 .UNSPECIFIED., .F., .F., .F. ) 
 B_SPLINE_SURFACE_WITH_KNOTS ( ( 4, 4 ),
 ( 2, 2 ),
 ( 0.000000000000000000, 1.000000000000000000 ),
 ( 0.000000000000000000, 1.000000000000000000 ),
 .UNSPECIFIED. ) 
 GEOMETRIC_REPRESENTATION_ITEM ( )  RATIONAL_B_SPLINE_SURFACE ( (
 ( 1.000000000000000000, 1.000000000000000000),
 ( 0.9488815137910384667, 0.9488815137910384667),
 ( 0.9488815137910384667, 0.9488815137910384667),
 ( 1.000000000000000000, 1.000000000000000000) ) ) 
 REPRESENTATION_ITEM ( '' )  SURFACE ( )  );
#2307 = CARTESIAN_POINT ( 'NONE',  ( 3.039999999999998259, 6.084152315493285279, -0.3500000000000000333 ) ) ;
#2308 = FILL_AREA_STYLE ('',( #50 ) ) ;
#2309 = EDGE_CURVE ( 'NONE', #4231, #5492, #3730, .T. ) ;
#2310 = ORIENTED_EDGE ( 'NONE', *, *, #3691, .F. ) ;
#2311 = VECTOR ( 'NONE', #7446, 1000.000000000000000 ) ;
#2312 = SURFACE_STYLE_USAGE ( .BOTH. , #3066 ) ;
#2313 = DIRECTION ( 'NONE',  ( -1.000000000000000000, 0.000000000000000000, 0.000000000000000000 ) ) ;
#2314 = CARTESIAN_POINT ( 'NONE',  ( 3.505000000000001226, -1.575000000000006173, 0.3499999999999998668 ) ) ;
#2315 = DIRECTION ( 'NONE',  ( 1.000000000000000000, 0.000000000000000000, 0.000000000000000000 ) ) ;
#2316 = CARTESIAN_POINT ( 'NONE',  ( -0.1499999999999994393, -3.000000000000000000, -0.3499999999999999778 ) ) ;
#2317 = UNCERTAINTY_MEASURE_WITH_UNIT (LENGTH_MEASURE( 1.000000000000000082E-05 ), #2738, 'distance_accuracy_value', 'NONE');
#2318 = EDGE_CURVE ( 'NONE', #3086, #2749, #307, .T. ) ;
#2319 = AXIS2_PLACEMENT_3D ( 'NONE', #660, #64, #6630 ) ;
#2320 = ORIENTED_EDGE ( 'NONE', *, *, #5399, .F. ) ;
#2321 = CARTESIAN_POINT ( 'NONE',  ( 6.028897102351114867, 4.001162287970013054, 0.3499999999999998668 ) ) ;
#2322 =( NAMED_UNIT ( * ) SI_UNIT ( $, .STERADIAN. ) SOLID_ANGLE_UNIT ( ) );
#2323 = AXIS2_PLACEMENT_3D ( 'NONE', #54, #16, #1866 ) ;
#2324 = ORIENTED_EDGE ( 'NONE', *, *, #4091, .F. ) ;
#2325 = CARTESIAN_POINT ( 'NONE',  ( 6.920000000000000817, 0.8000000000000004885, -0.3500000000000001443 ) ) ;
#2326 = ORIENTED_EDGE ( 'NONE', *, *, #2406, .F. ) ;
#2327 = CARTESIAN_POINT ( 'NONE',  ( 3.380388738771240575, 5.398486016527106912, -0.3500000000000000888 ) ) ;
#2328 = DIRECTION ( 'NONE',  ( 0.000000000000000000, 0.000000000000000000, -1.000000000000000000 ) ) ;
#2329 = EDGE_CURVE ( 'NONE', #5828, #6705, #2584, .T. ) ;
#2330 = ORIENTED_EDGE ( 'NONE', *, *, #1194, .F. ) ;
#2331 = VECTOR ( 'NONE', #2688, 1000.000000000000000 ) ;
#2332 = EDGE_CURVE ( 'NONE', #2472, #4174, #856, .T. ) ;
#2333 = DIRECTION ( 'NONE',  ( -0.000000000000000000, -1.000000000000000000, 1.668003342285392044E-16 ) ) ;
#2334 = FILL_AREA_STYLE ('',( #5309 ) ) ;
#2335 = CARTESIAN_POINT ( 'NONE',  ( -0.3525240155457798341, 5.732672356334980179, -0.3499999999999999778 ) ) ;
#2336 = ORIENTED_EDGE ( 'NONE', *, *, #1974, .T. ) ;
#2337 = MECHANICAL_DESIGN_GEOMETRIC_PRESENTATION_REPRESENTATION (  '', ( #5495 ), #1701 ) ;
#2338 = ORIENTED_EDGE ( 'NONE', *, *, #4573, .F. ) ;
#2339 = CARTESIAN_POINT ( 'NONE',  ( 5.949615242270663629, 8.500000000000000000, -0.8696152422706631135 ) ) ;
#2340 = EDGE_CURVE ( 'NONE', #6527, #611, #4989, .T. ) ;
#2341 = AXIS2_PLACEMENT_3D ( 'NONE', #2079, #6217, #870 ) ;
#2342 = SURFACE_STYLE_FILL_AREA ( #6005 ) ;
#2343 = CARTESIAN_POINT ( 'NONE',  ( 8.480164356702980299, 5.218128553112161505, -0.3500000000000001998 ) ) ;
#2344 = FILL_AREA_STYLE ('',( #4118 ) ) ;
#2345 = CARTESIAN_POINT ( 'NONE',  ( 0.6867549326077613259, 8.000000000000000000, -0.6500000000000030198 ) ) ;
#2346 = DIRECTION ( 'NONE',  ( -0.000000000000000000, -1.000000000000000000, 1.668003342285391551E-16 ) ) ;
#2347 = ORIENTED_EDGE ( 'NONE', *, *, #5507, .F. ) ;
#2348 = CARTESIAN_POINT ( 'NONE',  ( 1.597499970055215934, 4.124619419408430687, 0.3499999999999999778 ) ) ;
#2349 = COLOUR_RGB ( '',0.000000000000000000, 0.7529411764705882248, 0.000000000000000000 ) ;
#2350 =( BOUNDED_CURVE ( )  B_SPLINE_CURVE ( 3, ( #4859, #6648, #2307, #6041 ),
 .UNSPECIFIED., .F., .F. ) 
 B_SPLINE_CURVE_WITH_KNOTS ( ( 4, 4 ),
 ( 3.924083526751089845, 4.712388980384689674 ),
 .UNSPECIFIED. ) 
 CURVE ( )  GEOMETRIC_REPRESENTATION_ITEM ( )  RATIONAL_B_SPLINE_CURVE ( ( 1.000000000000000000, 0.9488815137910379116, 0.9488815137910379116, 1.000000000000000000 ) ) 
 REPRESENTATION_ITEM ( '' )  );
#2351 = CARTESIAN_POINT ( 'NONE',  ( 5.432524015545779683, 5.732672356334978403, -0.3500000000000000888 ) ) ;
#2352 =( NAMED_UNIT ( * ) SI_UNIT ( $, .STERADIAN. ) SOLID_ANGLE_UNIT ( ) );
#2353 = CARTESIAN_POINT ( 'NONE',  ( 6.938619849678661744, 6.233860305463148066, 0.3499999999999998668 ) ) ;
#2354 = LINE ( 'NONE', #6049, #6990 ) ;
#2355 = CARTESIAN_POINT ( 'NONE',  ( -5.421010862427528333E-17, 0.5000000000000005551, 0.3499999999999999778 ) ) ;
#2356 = AXIS2_PLACEMENT_3D ( 'NONE', #2641, #5605, #3168 ) ;
#2357 = EDGE_LOOP ( 'NONE', ( #6902, #3136, #3518, #4407 ) ) ;
#2358 = FACE_OUTER_BOUND ( 'NONE', #3402, .T. ) ;
#2359 = CARTESIAN_POINT ( 'NONE',  ( 5.725466478527304837, 3.877691542223589138, -0.3500000000000000333 ) ) ;
#2360 = VERTEX_POINT ( 'NONE', #6898 ) ;
#2361 = CARTESIAN_POINT ( 'NONE',  ( 5.432524015545779683, 5.732672356334978403, -0.3500000000000000888 ) ) ;
#2362 = ORIENTED_EDGE ( 'NONE', *, *, #799, .F. ) ;
#2363 = UNCERTAINTY_MEASURE_WITH_UNIT (LENGTH_MEASURE( 1.000000000000000082E-05 ), #5556, 'distance_accuracy_value', 'NONE');
#2364 = CARTESIAN_POINT ( 'NONE',  ( 5.579999999999999183, 6.299999999999999822, -0.3500000000000000888 ) ) ;
#2365 =( NAMED_UNIT ( * ) PLANE_ANGLE_UNIT ( ) SI_UNIT ( $, .RADIAN. ) );
#2366 = EDGE_CURVE ( 'NONE', #29, #5769, #6816, .T. ) ;
#2367 = UNCERTAINTY_MEASURE_WITH_UNIT (LENGTH_MEASURE( 1.000000000000000082E-05 ), #6877, 'distance_accuracy_value', 'NONE');
#2368 = ORIENTED_EDGE ( 'NONE', *, *, #6601, .T. ) ;
#2369 = VECTOR ( 'NONE', #3360, 1000.000000000000000 ) ;
#2370 = CARTESIAN_POINT ( 'NONE',  ( 5.680000000000000604, 6.299999999999999822, -0.1283333333333336046 ) ) ;
#2371 = PRESENTATION_STYLE_ASSIGNMENT (( #3050 ) ) ;
#2372 = PRESENTATION_STYLE_ASSIGNMENT (( #2297 ) ) ;
#2373 = CARTESIAN_POINT ( 'NONE',  ( 1.594482203325871206, 4.067306563708465106, -0.3500000000000000888 ) ) ;
#2374 = STYLED_ITEM ( 'NONE', ( #855 ), #455 ) ;
#2375 = ORIENTED_EDGE ( 'NONE', *, *, #5012, .F. ) ;
#2376 = ORIENTED_EDGE ( 'NONE', *, *, #4668, .T. ) ;
#2377 = EDGE_CURVE ( 'NONE', #1785, #3420, #3228, .T. ) ;
#2378 = FILL_AREA_STYLE ('',( #1156 ) ) ;
#2379 = LINE ( 'NONE', #502, #4093 ) ;
#2380 = CARTESIAN_POINT ( 'NONE',  ( 4.754744180118195551, 5.589454083063165157, -0.3500000000000000888 ) ) ;
#2381 = LINE ( 'NONE', #6573, #5917 ) ;
#2382 = STYLED_ITEM ( 'NONE', ( #5967 ), #1152 ) ;
#2383 = CARTESIAN_POINT ( 'NONE',  ( 0.6454664785273048766, 3.877691542223585142, 0.3499999999999999778 ) ) ;
#2384 = ORIENTED_EDGE ( 'NONE', *, *, #2406, .T. ) ;
#2385 = CARTESIAN_POINT ( 'NONE',  ( 2.190000000000000835, -2.800000000000001155, 0.3499999999999999223 ) ) ;
#2386 = AXIS2_PLACEMENT_3D ( 'NONE', #6773, #2060, #7469 ) ;
#2387 =( NAMED_UNIT ( * ) SI_UNIT ( $, .STERADIAN. ) SOLID_ANGLE_UNIT ( ) );
#2388 = CARTESIAN_POINT ( 'NONE',  ( 1.540000000000000480, 1.800000000000000488, -0.3500000000000000333 ) ) ;
#2389 = CARTESIAN_POINT ( 'NONE',  ( 6.764309810834101100, 5.260692584315934894, 0.3499999999999998113 ) ) ;
#2390 = DIRECTION ( 'NONE',  ( 0.000000000000000000, 0.000000000000000000, -1.000000000000000000 ) ) ;
#2391 = DIRECTION ( 'NONE',  ( 0.6546536707079765316, 0.3779644730092290850, -0.6546536707079766426 ) ) ;
#2392 = ORIENTED_EDGE ( 'NONE', *, *, #4078, .T. ) ;
#2393 = ADVANCED_FACE ( 'NONE', ( #5067 ), #2063, .T. ) ;
#2394 = CARTESIAN_POINT ( 'NONE',  ( 2.189999999999999947, 8.000000000000000000, 0.3499999999999999778 ) ) ;
#2395 = CARTESIAN_POINT ( 'NONE',  ( 7.969999999999999751, 8.199999999999999289, -0.3500000000000000333 ) ) ;
#2396 =( LENGTH_UNIT ( ) NAMED_UNIT ( * ) SI_UNIT ( .MILLI., .METRE. ) );
#2397 = MECHANICAL_DESIGN_GEOMETRIC_PRESENTATION_REPRESENTATION (  '', ( #5315 ), #3538 ) ;
#2398 = ORIENTED_EDGE ( 'NONE', *, *, #7674, .F. ) ;
#2399 = CARTESIAN_POINT ( 'NONE',  ( 6.646953799075549618, 3.450480068928325039, -0.3500000000000001443 ) ) ;
#2400 = ORIENTED_EDGE ( 'NONE', *, *, #4628, .F. ) ;
#2401 = LINE ( 'NONE', #1183, #7315 ) ;
#2402 = CARTESIAN_POINT ( 'NONE',  ( 0.4999999999999985012, 6.084152315493285279, 0.3500000000000000333 ) ) ;
#2403 = ORIENTED_EDGE ( 'NONE', *, *, #5837, .F. ) ;
#2404 = VECTOR ( 'NONE', #6421, 1000.000000000000000 ) ;
#2405 = EDGE_CURVE ( 'NONE', #3819, #2472, #389, .T. ) ;
#2406 = EDGE_CURVE ( 'NONE', #5558, #533, #1636, .T. ) ;
#2407 = SURFACE_STYLE_USAGE ( .BOTH. , #2973 ) ;
#2408 = EDGE_CURVE ( 'NONE', #2360, #2037, #979, .T. ) ;
#2409 = DIRECTION ( 'NONE',  ( 0.000000000000000000, 0.000000000000000000, 1.000000000000000000 ) ) ;
#2410 = AXIS2_PLACEMENT_3D ( 'NONE', #2606, #5008, #3829 ) ;
#2411 = CARTESIAN_POINT ( 'NONE',  ( 1.747514633686702901, 5.744802409713122060, -0.3500000000000000333 ) ) ;
#2412 = STYLED_ITEM ( 'NONE', ( #3299 ), #2905 ) ;
#2413 = EDGE_LOOP ( 'NONE', ( #6411, #2605, #3268, #431, #6518, #4297, #3623, #4930 ) ) ;
#2414 = ORIENTED_EDGE ( 'NONE', *, *, #3370, .T. ) ;
#2415 = UNCERTAINTY_MEASURE_WITH_UNIT (LENGTH_MEASURE( 1.000000000000000082E-05 ), #5130, 'distance_accuracy_value', 'NONE');
#2416 = ORIENTED_EDGE ( 'NONE', *, *, #2236, .T. ) ;
#2417 = EDGE_CURVE ( 'NONE', #5904, #5558, #7553, .T. ) ;
#2418 = ADVANCED_FACE ( 'NONE', ( #6465 ), #4550, .F. ) ;
#2419 = SURFACE_SIDE_STYLE ('',( #2342 ) ) ;
#2420 = FACE_OUTER_BOUND ( 'NONE', #755, .T. ) ;
#2421 = SURFACE_STYLE_FILL_AREA ( #1269 ) ;
#2422 = ORIENTED_EDGE ( 'NONE', *, *, #283, .T. ) ;
#2423 = STYLED_ITEM ( 'NONE', ( #6498 ), #3487 ) ;
#2424 = CARTESIAN_POINT ( 'NONE',  ( 6.620000000000000107, 0.5000000000000000000, -0.3500000000000000888 ) ) ;
#2425 = DIRECTION ( 'NONE',  ( 1.000000000000000000, 0.000000000000000000, 0.000000000000000000 ) ) ;
#2426 = PRESENTATION_STYLE_ASSIGNMENT (( #2463 ) ) ;
#2427 = PLANE ( 'NONE',  #4331 ) ;
#2428 = DIRECTION ( 'NONE',  ( -0.5000000000000022204, -0.8660254037844373753, 0.000000000000000000 ) ) ;
#2429 = LINE ( 'NONE', #1829, #5246 ) ;
#2430 =( GEOMETRIC_REPRESENTATION_CONTEXT ( 3 ) GLOBAL_UNCERTAINTY_ASSIGNED_CONTEXT ( ( #6607 ) ) GLOBAL_UNIT_ASSIGNED_CONTEXT ( ( #3818, #825, #7396 ) ) REPRESENTATION_CONTEXT ( 'NONE', 'WORKASPACE' ) );
#2431 = LINE ( 'NONE', #4756, #4575 ) ;
#2432 = LINE ( 'NONE', #1907, #4128 ) ;
#2433 = SURFACE_STYLE_USAGE ( .BOTH. , #6018 ) ;
#2434 = EDGE_CURVE ( 'NONE', #6705, #3245, #5200, .T. ) ;
#2435 = ORIENTED_EDGE ( 'NONE', *, *, #5399, .T. ) ;
#2436 = PRESENTATION_LAYER_ASSIGNMENT (  '', '', ( #6728 ) ) ;
#2437 = CARTESIAN_POINT ( 'NONE',  ( 5.929183477980651595, 5.324198710742059859, 0.3499999999999998668 ) ) ;
#2438 = CARTESIAN_POINT ( 'NONE',  ( -0.3252558198818047974, 5.589454083063166046, -0.3499999999999999778 ) ) ;
#2439 = CARTESIAN_POINT ( 'NONE',  ( 6.080000000000000959, 1.121588454295350273E-16, 0.3499999999999998668 ) ) ;
#2440 = VERTEX_POINT ( 'NONE', #1599 ) ;
#2441 = CARTESIAN_POINT ( 'NONE',  ( 4.730000000000001315, 0.5000000000000005551, -0.3500000000000000888 ) ) ;
#2442 = VERTEX_POINT ( 'NONE', #3349 ) ;
#2443 = DIRECTION ( 'NONE',  ( 1.000000000000000000, -8.673617379884035472E-15, 0.000000000000000000 ) ) ;
#2444 = EDGE_LOOP ( 'NONE', ( #4335, #3060, #596, #7301 ) ) ;
#2445 = CARTESIAN_POINT ( 'NONE',  ( 0.3252558198818050750, 5.589454083063163381, 0.3499999999999999778 ) ) ;
#2446 = FILL_AREA_STYLE_COLOUR ( '', #5353 ) ;
#2447 = EDGE_LOOP ( 'NONE', ( #4637, #7112, #1648, #2518 ) ) ;
#2448 = FACE_OUTER_BOUND ( 'NONE', #2475, .T. ) ;
#2449 = EDGE_CURVE ( 'NONE', #1173, #2807, #2831, .T. ) ;
#2450 = VERTEX_POINT ( 'NONE', #3928 ) ;
#2451 = CARTESIAN_POINT ( 'NONE',  ( 4.729999999999999538, 8.000000000000000000, -0.3499999999999999778 ) ) ;
#2452 = VECTOR ( 'NONE', #5286, 1000.000000000000000 ) ;
#2453 =( GEOMETRIC_REPRESENTATION_CONTEXT ( 3 ) GLOBAL_UNCERTAINTY_ASSIGNED_CONTEXT ( ( #1108 ) ) GLOBAL_UNIT_ASSIGNED_CONTEXT ( ( #3113, #6093, #7324 ) ) REPRESENTATION_CONTEXT ( 'NONE', 'WORKASPACE' ) );
#2454 =( NAMED_UNIT ( * ) SI_UNIT ( $, .STERADIAN. ) SOLID_ANGLE_UNIT ( ) );
#2455 = FILL_AREA_STYLE ('',( #4705 ) ) ;
#2456 = EDGE_CURVE ( 'NONE', #7367, #4477, #3496, .T. ) ;
#2457 =( NAMED_UNIT ( * ) PLANE_ANGLE_UNIT ( ) SI_UNIT ( $, .RADIAN. ) );
#2458 = VERTEX_POINT ( 'NONE', #5240 ) ;
#2459 = PLANE ( 'NONE',  #5407 ) ;
#2460 = CARTESIAN_POINT ( 'NONE',  ( 9.090000000000001634, 0.5000000000000002220, 0.6500000000000010214 ) ) ;
#2461 = EDGE_CURVE ( 'NONE', #571, #3960, #1017, .T. ) ;
#2462 = VECTOR ( 'NONE', #5119, 1000.000000000000114 ) ;
#2463 = SURFACE_STYLE_USAGE ( .BOTH. , #4861 ) ;
#2464 = LINE ( 'NONE', #3535, #6617 ) ;
#2465 = CARTESIAN_POINT ( 'NONE',  ( 6.884957989553973867, 6.043840788194787095, 0.3499999999999998113 ) ) ;
#2466 = VECTOR ( 'NONE', #7444, 1000.000000000000114 ) ;
#2467 = CARTESIAN_POINT ( 'NONE',  ( 1.853245067392238710, 8.000000000000000000, -0.6500000000000030198 ) ) ;
#2468 = CARTESIAN_POINT ( 'NONE',  ( 0.000000000000000000, 8.000000000000000000, 0.000000000000000000 ) ) ;
#2469 = DIRECTION ( 'NONE',  ( -1.000000000000000000, -1.084202172485504434E-16, 0.000000000000000000 ) ) ;
#2470 = EDGE_CURVE ( 'NONE', #839, #1020, #3429, .T. ) ;
#2471 = SURFACE_STYLE_USAGE ( .BOTH. , #60 ) ;
#2472 = VERTEX_POINT ( 'NONE', #4627 ) ;
#2473 = CARTESIAN_POINT ( 'NONE',  ( 6.080000000000000071, 1.800000000000000488, 0.3499999999999998668 ) ) ;
#2474 = CARTESIAN_POINT ( 'NONE',  ( -1.000000000000000000, 6.500000000000000888, 0.3499999999999989231 ) ) ;
#2475 = EDGE_LOOP ( 'NONE', ( #228, #5191, #7158, #7526, #6077, #741, #1441, #5535 ) ) ;
#2476 = CARTESIAN_POINT ( 'NONE',  ( 5.949615242270663629, 8.500000000000000000, 0.000000000000000000 ) ) ;
#2477 = CARTESIAN_POINT ( 'NONE',  ( -0.6867549326077613259, 10.39117142264903570, 0.6499999999999995781 ) ) ;
#2478 = CIRCLE ( 'NONE', #2990, 0.2000000000000005107 ) ;
#2479 = DIRECTION ( 'NONE',  ( 0.000000000000000000, -0.000000000000000000, -1.000000000000000000 ) ) ;
#2480 = DIRECTION ( 'NONE',  ( 0.000000000000000000, 0.000000000000000000, -1.000000000000000000 ) ) ;
#2481 = ORIENTED_EDGE ( 'NONE', *, *, #3037, .F. ) ;
#2482 = DIRECTION ( 'NONE',  ( -0.000000000000000000, -3.097720492815727166E-16, -1.000000000000000000 ) ) ;
#2483 = VECTOR ( 'NONE', #3082, 1000.000000000000000 ) ;
#2484 = PLANE ( 'NONE',  #3696 ) ;
#2485 = ORIENTED_EDGE ( 'NONE', *, *, #3439, .T. ) ;
#2486 = PLANE ( 'NONE',  #7709 ) ;
#2487 = VERTEX_POINT ( 'NONE', #7056 ) ;
#2488 = EDGE_CURVE ( 'NONE', #1340, #2161, #5280, .T. ) ;
#2489 = FILL_AREA_STYLE_COLOUR ( '', #2226 ) ;
#2490 = CARTESIAN_POINT ( 'NONE',  ( 7.294744180118195587, 5.589454083063166046, -0.3500000000000001443 ) ) ;
#2491 = CARTESIAN_POINT ( 'NONE',  ( 5.841220786870199078, 5.920464898423897004, -0.3500000000000000888 ) ) ;
#2492 = CARTESIAN_POINT ( 'NONE',  ( 3.240000000000000657, 0.5000000000000006661, 0.3499999999999999223 ) ) ;
#2493 = ORIENTED_EDGE ( 'NONE', *, *, #4852, .F. ) ;
#2494 = FACE_OUTER_BOUND ( 'NONE', #7223, .T. ) ;
#2495 = DIRECTION ( 'NONE',  ( -0.000000000000000000, 0.000000000000000000, 1.000000000000000000 ) ) ;
#2496 = DIRECTION ( 'NONE',  ( 1.000000000000000000, 0.000000000000000000, 0.000000000000000000 ) ) ;
#2497 = PRESENTATION_LAYER_ASSIGNMENT (  '', '', ( #7402 ) ) ;
#2498 = UNCERTAINTY_MEASURE_WITH_UNIT (LENGTH_MEASURE( 1.000000000000000082E-05 ), #4534, 'distance_accuracy_value', 'NONE');
#2499 = EDGE_CURVE ( 'NONE', #4085, #6632, #5891, .T. ) ;
#2500 = DIRECTION ( 'NONE',  ( 0.000000000000000000, 1.000000000000000000, -1.668003342285391797E-16 ) ) ;
#2501 = EDGE_CURVE ( 'NONE', #2197, #1173, #4510, .T. ) ;
#2502 = DIRECTION ( 'NONE',  ( -1.000000000000000000, -1.084202172485504434E-16, 0.000000000000000000 ) ) ;
#2503 = CARTESIAN_POINT ( 'NONE',  ( 2.091806954577857258, 5.884855341312109189, -0.3499999999999999778 ) ) ;
#2504 = LINE ( 'NONE', #56, #2979 ) ;
#2505 = SURFACE_STYLE_FILL_AREA ( #772 ) ;
#2506 = LINE ( 'NONE', #3069, #4921 ) ;
#2507 =( NAMED_UNIT ( * ) PLANE_ANGLE_UNIT ( ) SI_UNIT ( $, .RADIAN. ) );
#2508 = ORIENTED_EDGE ( 'NONE', *, *, #464, .T. ) ;
#2509 = COLOUR_RGB ( '',0.8313725490196077761, 0.6705882352941175961, 0.1294117647058823373 ) ;
#2510 = DIRECTION ( 'NONE',  ( -0.000000000000000000, 0.000000000000000000, 1.000000000000000000 ) ) ;
#2511 = PLANE ( 'NONE',  #7625 ) ;
#2512 = EDGE_LOOP ( 'NONE', ( #6324, #3945, #1270, #5243 ) ) ;
#2513 = CARTESIAN_POINT ( 'NONE',  ( 7.020000000000000462, 6.299999999999999822, -0.3500000000000001443 ) ) ;
#2514 = VECTOR ( 'NONE', #2939, 1000.000000000000000 ) ;
#2515 = CARTESIAN_POINT ( 'NONE',  ( 6.080000000000000071, 1.800000000000000488, -0.3500000000000000888 ) ) ;
#2516 = LINE ( 'NONE', #7777, #6301 ) ;
#2517 = SURFACE_STYLE_USAGE ( .BOTH. , #3741 ) ;
#2518 = ORIENTED_EDGE ( 'NONE', *, *, #1178, .F. ) ;
#2519 = MECHANICAL_DESIGN_GEOMETRIC_PRESENTATION_REPRESENTATION (  '', ( #392 ), #6948 ) ;
#2520 = LINE ( 'NONE', #1259, #2483 ) ;
#2521 = CARTESIAN_POINT ( 'NONE',  ( -0.6867549326077613259, 10.39117142264903570, -0.6500000000000030198 ) ) ;
#2522 = ORIENTED_EDGE ( 'NONE', *, *, #587, .F. ) ;
#2523 = CARTESIAN_POINT ( 'NONE',  ( 1.708546599915418795, 5.476966929916270210, -0.3499999999999999778 ) ) ;
#2524 = VERTEX_POINT ( 'NONE', #2460 ) ;
#2525 = LINE ( 'NONE', #1300, #786 ) ;
#2526 = EDGE_LOOP ( 'NONE', ( #326, #7442, #7101, #5618 ) ) ;
#2527 =( LENGTH_UNIT ( ) NAMED_UNIT ( * ) SI_UNIT ( .MILLI., .METRE. ) );
#2528 = AXIS2_PLACEMENT_3D ( 'NONE', #7177, #1171, #7251 ) ;
#2529 = CARTESIAN_POINT ( 'NONE',  ( -0.9446954869561645651, 4.083092593512596125, 0.3499999999999998668 ) ) ;
#2530 = CARTESIAN_POINT ( 'NONE',  ( 6.022500029944760414, 4.124619419408677601, -0.3500000000000001443 ) ) ;
#2531 = DIRECTION ( 'NONE',  ( 1.000000000000000000, 0.000000000000000000, 0.000000000000000000 ) ) ;
#2532 = ORIENTED_EDGE ( 'NONE', *, *, #1983, .T. ) ;
#2533 = DIRECTION ( 'NONE',  ( 0.000000000000000000, 1.000000000000000000, -3.097720492815727166E-16 ) ) ;
#2534 = DIRECTION ( 'NONE',  ( -0.000000000000000000, -1.668003342285388099E-16, -1.000000000000000000 ) ) ;
#2535 = CARTESIAN_POINT ( 'NONE',  ( 6.933245067392238781, 10.39117142264903570, 0.3499999999999983125 ) ) ;
#2536 = PRESENTATION_LAYER_ASSIGNMENT (  '', '', ( #1773 ) ) ;
#2537 = COLOUR_RGB ( '',0.8313725490196077761, 0.6705882352941175961, 0.1294117647058823373 ) ;
#2538 = CARTESIAN_POINT ( 'NONE',  ( 3.039999999999998259, 6.299999999999999822, -0.3500000000000000333 ) ) ;
#2539 = CARTESIAN_POINT ( 'NONE',  ( 3.499999415201711983, 3.767448265748724712, 0.3499999999999999223 ) ) ;
#2540 = CARTESIAN_POINT ( 'NONE',  ( 0.9816606796124074386, 3.374693912578979216, -0.3499999999999999223 ) ) ;
#2541 = SURFACE_STYLE_USAGE ( .BOTH. , #179 ) ;
#2542 = LINE ( 'NONE', #1437, #6805 ) ;
#2543 = ADVANCED_FACE ( 'NONE', ( #12 ), #4711, .F. ) ;
#2544 = PRESENTATION_STYLE_ASSIGNMENT (( #7387 ) ) ;
#2545 = DIRECTION ( 'NONE',  ( -1.000000000000000000, -0.000000000000000000, 2.053413205464970640E-17 ) ) ;
#2546 = ORIENTED_EDGE ( 'NONE', *, *, #6160, .F. ) ;
#2547 = DIRECTION ( 'NONE',  ( -0.000000000000000000, -0.000000000000000000, -1.000000000000000000 ) ) ;
#2548 = PLANE ( 'NONE',  #6220 ) ;
#2549 = CARTESIAN_POINT ( 'NONE',  ( 2.865255819881805444, 5.589454083063163381, -0.3500000000000000333 ) ) ;
#2550 = EDGE_LOOP ( 'NONE', ( #1301, #3952, #194, #4713 ) ) ;
#2551 = CARTESIAN_POINT ( 'NONE',  ( 0.4633568989079006606, 1.699999999999997957, -0.3499999999999999778 ) ) ;
#2552 = EDGE_CURVE ( 'NONE', #6431, #4797, #6616, .T. ) ;
#2553 = ORIENTED_EDGE ( 'NONE', *, *, #1954, .T. ) ;
#2554 = CARTESIAN_POINT ( 'NONE',  ( 7.270000000000000462, -1.084202172485501815E-17, 0.3499999999999998113 ) ) ;
#2555 = CARTESIAN_POINT ( 'NONE',  ( 4.727475984454220459, 5.732672356334980179, 0.3499999999999998668 ) ) ;
#2556 =( BOUNDED_SURFACE ( )  B_SPLINE_SURFACE ( 3, 1, ( 
 ( #5696, #2190 ),
 ( #1559, #2107 ),
 ( #4431, #3967 ),
 ( #6332, #262 ),
 ( #1439, #5112 ),
 ( #5199, #2664 ),
 ( #3389, #388 ) ),
 .UNSPECIFIED., .F., .F., .F. ) 
 B_SPLINE_SURFACE_WITH_KNOTS ( ( 4, 3, 4 ),
 ( 2, 2 ),
 ( 0.000000000000000000, 0.5000000000000000000, 1.000000000000000000 ),
 ( 0.000000000000000000, 1.000000000000000000 ),
 .UNSPECIFIED. ) 
 GEOMETRIC_REPRESENTATION_ITEM ( )  RATIONAL_B_SPLINE_SURFACE ( (
 ( 1.000000000000000000, 1.000000000000000000),
 ( 0.5953481791230080811, 0.5953481791230080811),
 ( 0.5953481791230080811, 0.5953481791230080811),
 ( 1.000000000000000000, 1.000000000000000000),
 ( 0.5953481791230077480, 0.5953481791230077480),
 ( 0.5953481791230077480, 0.5953481791230077480),
 ( 1.000000000000000000, 1.000000000000000000) ) ) 
 REPRESENTATION_ITEM ( '' )  SURFACE ( )  );
#2557 = CARTESIAN_POINT ( 'NONE',  ( 2.190000000000000835, 0.5000000000000005551, 0.3499999999999999223 ) ) ;
#2558 = EDGE_CURVE ( 'NONE', #1526, #1344, #4196, .T. ) ;
#2559 = EDGE_CURVE ( 'NONE', #1198, #5181, #5360, .T. ) ;
#2560 = ORIENTED_EDGE ( 'NONE', *, *, #5837, .T. ) ;
#2561 = CARTESIAN_POINT ( 'NONE',  ( 4.179306504786379328, 4.786369049942377885, 0.3499999999999998113 ) ) ;
#2562 = CARTESIAN_POINT ( 'NONE',  ( 3.226754932607761805, 0.5000000000000002220, 0.6500000000000010214 ) ) ;
#2563 = CARTESIAN_POINT ( 'NONE',  ( 9.090000000000001634, 0.000000000000000000, -0.6499999999999991340 ) ) ;
#2564 = ORIENTED_EDGE ( 'NONE', *, *, #2791, .T. ) ;
#2565 = ADVANCED_FACE ( 'NONE', ( #1201 ), #3099, .F. ) ;
#2566 = ORIENTED_EDGE ( 'NONE', *, *, #4810, .F. ) ;
#2567 = SURFACE_STYLE_FILL_AREA ( #2378 ) ;
#2568 = EDGE_CURVE ( 'NONE', #1677, #3855, #7756, .T. ) ;
#2569 = ORIENTED_EDGE ( 'NONE', *, *, #7683, .F. ) ;
#2570 = VECTOR ( 'NONE', #5118, 1000.000000000000000 ) ;
#2571 = FACE_OUTER_BOUND ( 'NONE', #6425, .T. ) ;
#2572 = CARTESIAN_POINT ( 'NONE',  ( 2.214744180118195516, 5.589454083063166046, 0.3499999999999999223 ) ) ;
#2573 = CARTESIAN_POINT ( 'NONE',  ( 5.957528552431158531, 5.050332720359885563, -0.3500000000000000888 ) ) ;
#2574 = ORIENTED_EDGE ( 'NONE', *, *, #6271, .T. ) ;
#2575 =( GEOMETRIC_REPRESENTATION_CONTEXT ( 3 ) GLOBAL_UNCERTAINTY_ASSIGNED_CONTEXT ( ( #6552 ) ) GLOBAL_UNIT_ASSIGNED_CONTEXT ( ( #394, #649, #2387 ) ) REPRESENTATION_CONTEXT ( 'NONE', 'WORKASPACE' ) );
#2576 =( NAMED_UNIT ( * ) SI_UNIT ( $, .STERADIAN. ) SOLID_ANGLE_UNIT ( ) );
#2577 = CARTESIAN_POINT ( 'NONE',  ( 0.000000000000000000, 6.299999999999999822, -0.3499999999999999778 ) ) ;
#2578 = VECTOR ( 'NONE', #1587, 1000.000000000000000 ) ;
#2579 = CARTESIAN_POINT ( 'NONE',  ( 3.402626047459932579, 5.194217234910147418, 0.3499999999999999223 ) ) ;
#2580 = DIRECTION ( 'NONE',  ( 0.000000000000000000, -0.000000000000000000, -1.000000000000000000 ) ) ;
#2581 = CARTESIAN_POINT ( 'NONE',  ( 1.000000000000000000, 2.207665535523691158, 0.3499999999999999223 ) ) ;
#2582 = CARTESIAN_POINT ( 'NONE',  ( 7.969999999999999751, 8.199999999999999289, 0.3499999999999999778 ) ) ;
#2583 = PRESENTATION_LAYER_ASSIGNMENT (  '', '', ( #5495 ) ) ;
#2584 = LINE ( 'NONE', #5667, #3177 ) ;
#2585 =( NAMED_UNIT ( * ) SI_UNIT ( $, .STERADIAN. ) SOLID_ANGLE_UNIT ( ) );
#2586 = EDGE_LOOP ( 'NONE', ( #47, #2118, #7447, #3737, #7268, #2115, #251, #6228, #7288, #919, #7036, #943, #6684, #7522, #2532, #2941, #3791, #1616, #2003, #204, #1571 ) ) ;
#2587 =( NAMED_UNIT ( * ) SI_UNIT ( $, .STERADIAN. ) SOLID_ANGLE_UNIT ( ) );
#2588 = VECTOR ( 'NONE', #4894, 1000.000000000000000 ) ;
#2589 = LINE ( 'NONE', #822, #3342 ) ;
#2590 = CARTESIAN_POINT ( 'NONE',  ( 2.076643101092097154, 1.700000000000002398, -0.3500000000000000333 ) ) ;
#2591 = EDGE_LOOP ( 'NONE', ( #6466, #4194, #2384, #6006 ) ) ;
#2592 = ORIENTED_EDGE ( 'NONE', *, *, #7233, .F. ) ;
#2593 = DIRECTION ( 'NONE',  ( 0.000000000000000000, 0.000000000000000000, 1.000000000000000000 ) ) ;
#2594 = FACE_OUTER_BOUND ( 'NONE', #2258, .T. ) ;
#2595 = CARTESIAN_POINT ( 'NONE',  ( 0.8696152422706630025, 8.500000000000000000, 0.000000000000000000 ) ) ;
#2596 = CIRCLE ( 'NONE', #4233, 0.1999999999999999833 ) ;
#2597 = ORIENTED_EDGE ( 'NONE', *, *, #7327, .T. ) ;
#2598 = CARTESIAN_POINT ( 'NONE',  ( 4.136432165885828738, 4.104507585657485080, 0.3499999999999998113 ) ) ;
#2599 = EDGE_CURVE ( 'NONE', #6889, #7586, #1234, .T. ) ;
#2600 = CARTESIAN_POINT ( 'NONE',  ( 6.620000000000000107, 0.5000000000000000000, -0.3500000000000000888 ) ) ;
#2601 = DIRECTION ( 'NONE',  ( -1.000000000000000000, -1.084202172485504434E-16, 0.000000000000000000 ) ) ;
#2602 = AXIS2_PLACEMENT_3D ( 'NONE', #6268, #4891, #5648 ) ;
#2603 = EDGE_CURVE ( 'NONE', #7560, #781, #3610, .T. ) ;
#2604 =( BOUNDED_CURVE ( )  B_SPLINE_CURVE ( 3, ( #2672, #2032, #1486, #7437, #2551, #5596, #6906 ),
 .UNSPECIFIED., .F., .F. ) 
 B_SPLINE_CURVE_WITH_KNOTS ( ( 4, 3, 4 ),
 ( 0.8078321013870641831, 3.141592653589792228, 5.475353205792520939 ),
 .UNSPECIFIED. ) 
 CURVE ( )  GEOMETRIC_REPRESENTATION_ITEM ( )  RATIONAL_B_SPLINE_CURVE ( ( 1.000000000000000000, 0.5953481791230080811, 0.5953481791230080811, 1.000000000000000000, 0.5953481791230077480, 0.5953481791230077480, 1.000000000000000000 ) ) 
 REPRESENTATION_ITEM ( '' )  );
#2605 = ORIENTED_EDGE ( 'NONE', *, *, #6314, .T. ) ;
#2606 = CARTESIAN_POINT ( 'NONE',  ( 2.540000000000000036, -3.000000000000000000, 0.3499999999999999223 ) ) ;
#2607 = ORIENTED_EDGE ( 'NONE', *, *, #3090, .T. ) ;
#2608 = DIRECTION ( 'NONE',  ( 1.000000000000000000, 0.000000000000000000, 0.000000000000000000 ) ) ;
#2609 = EDGE_LOOP ( 'NONE', ( #2817, #5283, #2392, #1943 ) ) ;
#2610 = VECTOR ( 'NONE', #6219, 1000.000000000000000 ) ;
#2611 = SURFACE_STYLE_FILL_AREA ( #7454 ) ;
#2612 = UNCERTAINTY_MEASURE_WITH_UNIT (LENGTH_MEASURE( 1.000000000000000082E-05 ), #1415, 'distance_accuracy_value', 'NONE');
#2613 = EDGE_CURVE ( 'NONE', #6952, #4677, #647, .T. ) ;
#2614 = CARTESIAN_POINT ( 'NONE',  ( -0.8775285524312824714, 5.050332720358726490, 0.3499999999999999778 ) ) ;
#2615 = CARTESIAN_POINT ( 'NONE',  ( 6.933245067392238781, 6.500000000000000888, -0.3500000000000010880 ) ) ;
#2616 = DIRECTION ( 'NONE',  ( 0.000000000000000000, 3.097720492815727166E-16, 1.000000000000000000 ) ) ;
#2617 = ORIENTED_EDGE ( 'NONE', *, *, #6601, .F. ) ;
#2618 = LINE ( 'NONE', #5179, #3270 ) ;
#2619 = LINE ( 'NONE', #2577, #1037 ) ;
#2620 =( BOUNDED_CURVE ( )  B_SPLINE_CURVE ( 3, ( #2670, #148, #2590, #7394, #5076, #6209, #2549 ),
 .UNSPECIFIED., .F., .F. ) 
 B_SPLINE_CURVE_WITH_KNOTS ( ( 4, 3, 4 ),
 ( 0.8078321013870638501, 3.141592653589792228, 5.475353205792520050 ),
 .UNSPECIFIED. ) 
 CURVE ( )  GEOMETRIC_REPRESENTATION_ITEM ( )  RATIONAL_B_SPLINE_CURVE ( ( 1.000000000000000000, 0.5953481791230079700, 0.5953481791230079700, 1.000000000000000000, 0.5953481791230080811, 0.5953481791230080811, 1.000000000000000000 ) ) 
 REPRESENTATION_ITEM ( '' )  );
#2621 =( GEOMETRIC_REPRESENTATION_CONTEXT ( 3 ) GLOBAL_UNCERTAINTY_ASSIGNED_CONTEXT ( ( #5065 ) ) GLOBAL_UNIT_ASSIGNED_CONTEXT ( ( #4831, #5587, #6125 ) ) REPRESENTATION_CONTEXT ( 'NONE', 'WORKASPACE' ) );
#2622 =( NAMED_UNIT ( * ) PLANE_ANGLE_UNIT ( ) SI_UNIT ( $, .RADIAN. ) );
#2623 = DIRECTION ( 'NONE',  ( -0.000000000000000000, 0.000000000000000000, 1.000000000000000000 ) ) ;
#2624 = LINE ( 'NONE', #7317, #2638 ) ;
#2625 = DIRECTION ( 'NONE',  ( 1.084202172485504434E-16, -1.000000000000000000, 0.000000000000000000 ) ) ;
#2626 = STYLED_ITEM ( 'NONE', ( #3150 ), #433 ) ;
#2627 =( NAMED_UNIT ( * ) SI_UNIT ( $, .STERADIAN. ) SOLID_ANGLE_UNIT ( ) );
#2628 = ORIENTED_EDGE ( 'NONE', *, *, #7525, .F. ) ;
#2629 = VECTOR ( 'NONE', #1657, 1000.000000000000114 ) ;
#2630 = EDGE_CURVE ( 'NONE', #1390, #998, #2987, .T. ) ;
#2631 = FACE_OUTER_BOUND ( 'NONE', #6638, .T. ) ;
#2632 = DIRECTION ( 'NONE',  ( 1.000000000000000000, 1.121588454295349780E-16, -0.000000000000000000 ) ) ;
#2633 = ORIENTED_EDGE ( 'NONE', *, *, #4058, .T. ) ;
#2634 = SURFACE_STYLE_FILL_AREA ( #7363 ) ;
#2635 = EDGE_LOOP ( 'NONE', ( #7489, #890, #3800, #7150 ) ) ;
#2636 = LINE ( 'NONE', #1881, #6656 ) ;
#2637 = FILL_AREA_STYLE_COLOUR ( '', #7197 ) ;
#2638 = VECTOR ( 'NONE', #1939, 1000.000000000000000 ) ;
#2639 = ORIENTED_EDGE ( 'NONE', *, *, #6264, .T. ) ;
#2640 = CARTESIAN_POINT ( 'NONE',  ( 4.294859749080236710, 5.788964205960196452, 0.3499999999999998668 ) ) ;
#2641 = CARTESIAN_POINT ( 'NONE',  ( 2.890000000000000124, 8.199999999999999289, 0.3499999999999999778 ) ) ;
#2642 = CARTESIAN_POINT ( 'NONE',  ( 6.620000000000000107, 6.500000000000000888, 0.3499999999999989231 ) ) ;
#2643 = COLOUR_RGB ( '',0.8313725490196077761, 0.6705882352941175961, 0.1294117647058823373 ) ;
#2644 = EDGE_LOOP ( 'NONE', ( #24, #2054, #5636, #5007 ) ) ;
#2645 = DIRECTION ( 'NONE',  ( 1.000000000000000000, 0.000000000000000000, 0.000000000000000000 ) ) ;
#2646 = ORIENTED_EDGE ( 'NONE', *, *, #2827, .F. ) ;
#2647 = VERTEX_POINT ( 'NONE', #7277 ) ;
#2648 = B_SPLINE_CURVE_WITH_KNOTS ( 'NONE', 3,
 ( #362, #4562, #2756, #6993 ),
 .UNSPECIFIED., .F., .F.,
 ( 4, 4 ),
 ( 0.000000000000000000, 1.000000000000000000 ),
 .UNSPECIFIED. ) ;
#2649 = CARTESIAN_POINT ( 'NONE',  ( 5.920388738771239723, 5.398486016527106024, -0.3500000000000000888 ) ) ;
#2650 = LINE ( 'NONE', #7542, #4289 ) ;
#2651 = STYLED_ITEM ( 'NONE', ( #2796 ), #2149 ) ;
#2652 = CARTESIAN_POINT ( 'NONE',  ( 4.480000000000000426, 6.299999999999999822, 0.3499999999999998668 ) ) ;
#2653 = VERTEX_POINT ( 'NONE', #6687 ) ;
#2654 = DIRECTION ( 'NONE',  ( -1.000000000000000000, -0.000000000000000000, -0.000000000000000000 ) ) ;
#2655 = EDGE_CURVE ( 'NONE', #2197, #1293, #7792, .T. ) ;
#2656 = VECTOR ( 'NONE', #3032, 1000.000000000000000 ) ;
#2657 = CARTESIAN_POINT ( 'NONE',  ( 3.329603038017698857, 5.762359718948174780, 0.3499999999999999778 ) ) ;
#2658 = CARTESIAN_POINT ( 'NONE',  ( 0.8556901891659164372, 5.260692584315791009, -0.3499999999999999778 ) ) ;
#2659 = CARTESIAN_POINT ( 'NONE',  ( 2.091806954577857258, 5.884855341312109189, 0.3499999999999998668 ) ) ;
#2660 = SURFACE_STYLE_USAGE ( .BOTH. , #6731 ) ;
#2661 = AXIS2_PLACEMENT_3D ( 'NONE', #4146, #2772, #3997 ) ;
#2662 = DIRECTION ( 'NONE',  ( 1.000000000000000000, 1.121588454295349780E-16, -0.000000000000000000 ) ) ;
#2663 = VECTOR ( 'NONE', #7627, 1000.000000000000000 ) ;
#2664 = CARTESIAN_POINT ( 'NONE',  ( 0.6454664785273048766, 3.877691542223585142, -0.3500000000000000333 ) ) ;
#2665 = FACE_OUTER_BOUND ( 'NONE', #1406, .T. ) ;
#2666 = ORIENTED_EDGE ( 'NONE', *, *, #2153, .F. ) ;
#2667 = AXIS2_PLACEMENT_3D ( 'NONE', #1343, #7451, #2608 ) ;
#2668 = DIRECTION ( 'NONE',  ( 1.000000000000000000, 0.000000000000000000, 0.000000000000000000 ) ) ;
#2669 = CARTESIAN_POINT ( 'NONE',  ( 4.115000000000001101, -1.575000000000001066, 0.3499999999999999223 ) ) ;
#2670 = CARTESIAN_POINT ( 'NONE',  ( 2.214744180118195516, 5.589454083063166046, -0.3500000000000000333 ) ) ;
#2671 = ORIENTED_EDGE ( 'NONE', *, *, #4168, .T. ) ;
#2672 = CARTESIAN_POINT ( 'NONE',  ( -0.3252558198818047974, 5.589454083063166046, -0.3499999999999999778 ) ) ;
#2673 = ORIENTED_EDGE ( 'NONE', *, *, #6171, .T. ) ;
#2674 = DIRECTION ( 'NONE',  ( 0.000000000000000000, 0.000000000000000000, 1.000000000000000000 ) ) ;
#2675 = DIRECTION ( 'NONE',  ( 1.000000000000000000, 1.084202172485504434E-16, 0.000000000000000000 ) ) ;
#2676 = ORIENTED_EDGE ( 'NONE', *, *, #1915, .T. ) ;
#2677 = DIRECTION ( 'NONE',  ( -1.000000000000000000, 0.000000000000000000, 7.744301232039316681E-17 ) ) ;
#2678 = DIRECTION ( 'NONE',  ( 0.000000000000000000, 0.000000000000000000, -1.000000000000000000 ) ) ;
#2679 = ORIENTED_EDGE ( 'NONE', *, *, #1769, .F. ) ;
#2680 = CARTESIAN_POINT ( 'NONE',  ( 8.620000000000000995, 1.800000000000000488, 0.1166666666666664187 ) ) ;
#2681 = VERTEX_POINT ( 'NONE', #3684 ) ;
#2682 = COLOUR_RGB ( '',0.8313725490196077761, 0.6705882352941175961, 0.1294117647058823373 ) ;
#2683 = EDGE_LOOP ( 'NONE', ( #6634, #7587, #1659, #4887 ) ) ;
#2684 = LINE ( 'NONE', #2213, #719 ) ;
#2685 =( GEOMETRIC_REPRESENTATION_CONTEXT ( 3 ) GLOBAL_UNCERTAINTY_ASSIGNED_CONTEXT ( ( #5424 ) ) GLOBAL_UNIT_ASSIGNED_CONTEXT ( ( #4332, #1771, #1886 ) ) REPRESENTATION_CONTEXT ( 'NONE', 'WORKASPACE' ) );
#2686 = CARTESIAN_POINT ( 'NONE',  ( 3.226754932607761361, 0.5000000000000000000, -0.3500000000000000888 ) ) ;
#2687 = EDGE_CURVE ( 'NONE', #2710, #657, #5928, .T. ) ;
#2688 = DIRECTION ( 'NONE',  ( 1.000000000000000000, 0.000000000000000000, 0.000000000000000000 ) ) ;
#2689 = LINE ( 'NONE', #3956, #4782 ) ;
#2690 = DIRECTION ( 'NONE',  ( -1.000000000000000000, -0.000000000000000000, -0.000000000000000000 ) ) ;
#2691 = ORIENTED_EDGE ( 'NONE', *, *, #1121, .F. ) ;
#2692 = EDGE_LOOP ( 'NONE', ( #4973, #3635, #1970, #5899 ) ) ;
#2693 =( NAMED_UNIT ( * ) SI_UNIT ( $, .STERADIAN. ) SOLID_ANGLE_UNIT ( ) );
#2694 = CARTESIAN_POINT ( 'NONE',  ( 3.492723323164030447, 3.923639721076658038, 0.3499999999999999223 ) ) ;
#2695 = COLOUR_RGB ( '',0.8313725490196077761, 0.6705882352941175961, 0.1294117647058823373 ) ;
#2696 = DIRECTION ( 'NONE',  ( -1.000000000000000000, -0.000000000000000000, -0.000000000000000000 ) ) ;
#2697 = FILL_AREA_STYLE ('',( #4986 ) ) ;
#2698 = CARTESIAN_POINT ( 'NONE',  ( 4.727475984454220459, 5.732672356334980179, -0.3500000000000000888 ) ) ;
#2699 = UNCERTAINTY_MEASURE_WITH_UNIT (LENGTH_MEASURE( 1.000000000000000082E-05 ), #6345, 'distance_accuracy_value', 'NONE');
#2700 = DIRECTION ( 'NONE',  ( 0.000000000000000000, 0.000000000000000000, 1.000000000000000000 ) ) ;
#2701 = CARTESIAN_POINT ( 'NONE',  ( 5.080000000000000071, 6.299999999999999822, -0.3500000000000000888 ) ) ;
#2702 = VECTOR ( 'NONE', #5765, 1000.000000000000000 ) ;
#2703 = ORIENTED_EDGE ( 'NONE', *, *, #1184, .F. ) ;
#2704 = DIRECTION ( 'NONE',  ( 0.000000000000000000, -1.000000000000000000, 1.668003342285391797E-16 ) ) ;
#2705 = EDGE_CURVE ( 'NONE', #42, #5469, #2951, .T. ) ;
#2706 = DIRECTION ( 'NONE',  ( -0.000000000000000000, -0.000000000000000000, -1.000000000000000000 ) ) ;
#2707 = COLOUR_RGB ( '',0.8313725490196077761, 0.6705882352941175961, 0.1294117647058823373 ) ;
#2708 = ORIENTED_EDGE ( 'NONE', *, *, #294, .F. ) ;
#2709 = SURFACE_SIDE_STYLE ('',( #2634 ) ) ;
#2710 = VERTEX_POINT ( 'NONE', #808 ) ;
#2711 =( NAMED_UNIT ( * ) PLANE_ANGLE_UNIT ( ) SI_UNIT ( $, .RADIAN. ) );
#2712 = DIRECTION ( 'NONE',  ( -0.000000000000000000, 1.000000000000000000, -0.000000000000000000 ) ) ;
#2713 = EDGE_LOOP ( 'NONE', ( #4121, #7436, #5882, #3479 ) ) ;
#2714 = VECTOR ( 'NONE', #6788, 1000.000000000000000 ) ;
#2715 =( NAMED_UNIT ( * ) PLANE_ANGLE_UNIT ( ) SI_UNIT ( $, .RADIAN. ) );
#2716 = EDGE_CURVE ( 'NONE', #4045, #3483, #6727, .T. ) ;
#2717 = UNCERTAINTY_MEASURE_WITH_UNIT (LENGTH_MEASURE( 1.000000000000000082E-05 ), #5236, 'distance_accuracy_value', 'NONE');
#2718 = VERTEX_POINT ( 'NONE', #6279 ) ;
#2719 = ORIENTED_EDGE ( 'NONE', *, *, #4463, .F. ) ;
#2720 = COLOUR_RGB ( '',0.8313725490196077761, 0.6705882352941175961, 0.1294117647058823373 ) ;
#2721 = DIRECTION ( 'NONE',  ( 1.000000000000000000, 0.000000000000000000, 0.000000000000000000 ) ) ;
#2722 = LINE ( 'NONE', #3990, #6588 ) ;
#2723 = EDGE_LOOP ( 'NONE', ( #1750, #635, #6491, #6840, #5824, #4932, #694, #1165 ) ) ;
#2724 =( GEOMETRIC_REPRESENTATION_CONTEXT ( 3 ) GLOBAL_UNCERTAINTY_ASSIGNED_CONTEXT ( ( #5508 ) ) GLOBAL_UNIT_ASSIGNED_CONTEXT ( ( #2527, #2049, #6190 ) ) REPRESENTATION_CONTEXT ( 'NONE', 'WORKASPACE' ) );
#2725 = CARTESIAN_POINT ( 'NONE',  ( -0.6999999999999995115, 0.8000000000000004885, 0.3499999999999999778 ) ) ;
#2726 = CARTESIAN_POINT ( 'NONE',  ( 1.000000000000000666, 0.8000000000000007105, -0.3499999999999999778 ) ) ;
#2727 = DIRECTION ( 'NONE',  ( 0.000000000000000000, -1.000000000000000000, 0.000000000000000000 ) ) ;
#2728 = DIRECTION ( 'NONE',  ( -0.6546536707079765316, -0.3779644730092291960, -0.6546536707079765316 ) ) ;
#2729 = DIRECTION ( 'NONE',  ( 1.121588454295349533E-16, -1.000000000000000000, 0.000000000000000000 ) ) ;
#2730 = VERTEX_POINT ( 'NONE', #4461 ) ;
#2731 = ORIENTED_EDGE ( 'NONE', *, *, #4438, .T. ) ;
#2732 = STYLED_ITEM ( 'NONE', ( #6142 ), #7566 ) ;
#2733 = CARTESIAN_POINT ( 'NONE',  ( 8.508849546050877066, 4.917640708297875030, 0.3499999999999997558 ) ) ;
#2734 = EDGE_CURVE ( 'NONE', #2168, #5303, #2619, .T. ) ;
#2735 = AXIS2_PLACEMENT_3D ( 'NONE', #4330, #4257, #6181 ) ;
#2736 = CARTESIAN_POINT ( 'NONE',  ( 0.7982104639795067902, 5.709058272658547040, 0.3499999999999999778 ) ) ;
#2737 = SURFACE_STYLE_FILL_AREA ( #940 ) ;
#2738 =( LENGTH_UNIT ( ) NAMED_UNIT ( * ) SI_UNIT ( .MILLI., .METRE. ) );
#2739 = DIRECTION ( 'NONE',  ( 0.000000000000000000, 0.000000000000000000, -1.000000000000000000 ) ) ;
#2740 = EDGE_CURVE ( 'NONE', #6210, #4344, #4940, .T. ) ;
#2741 = VECTOR ( 'NONE', #1242, 1000.000000000000000 ) ;
#2742 = LINE ( 'NONE', #5818, #923 ) ;
#2743 = ORIENTED_EDGE ( 'NONE', *, *, #2001, .F. ) ;
#2744 = EDGE_CURVE ( 'NONE', #4132, #6989, #893, .T. ) ;
#2745 = DIRECTION ( 'NONE',  ( -0.000000000000000000, 0.000000000000000000, 1.000000000000000000 ) ) ;
#2746 = FACE_OUTER_BOUND ( 'NONE', #3630, .T. ) ;
#2747 = PRESENTATION_LAYER_ASSIGNMENT (  '', '', ( #2626 ) ) ;
#2748 = DIRECTION ( 'NONE',  ( 0.000000000000000000, 0.000000000000000000, 1.000000000000000000 ) ) ;
#2749 = VERTEX_POINT ( 'NONE', #214 ) ;
#2750 = DIRECTION ( 'NONE',  ( 1.000000000000000000, 1.121588454295349780E-16, -0.000000000000000000 ) ) ;
#2751 = ORIENTED_EDGE ( 'NONE', *, *, #5363, .F. ) ;
#2752 = CARTESIAN_POINT ( 'NONE',  ( 0.3500000000000008105, 1.084202172485506745E-17, 0.3499999999999999778 ) ) ;
#2753 = CARTESIAN_POINT ( 'NONE',  ( 0.6867549326077615479, 8.000000000000000000, 0.6500000000000000222 ) ) ;
#2754 = VERTEX_POINT ( 'NONE', #723 ) ;
#2755 = MECHANICAL_DESIGN_GEOMETRIC_PRESENTATION_REPRESENTATION (  '', ( #237 ), #2899 ) ;
#2756 = CARTESIAN_POINT ( 'NONE',  ( 8.220000000000000639, 6.299999999999999822, -0.1166666666666669044 ) ) ;
#2757 = SURFACE_STYLE_FILL_AREA ( #1103 ) ;
#2758 = ORIENTED_EDGE ( 'NONE', *, *, #1002, .T. ) ;
#2759 = CARTESIAN_POINT ( 'NONE',  ( 5.766754932607761397, 0.5000000000000000000, -0.6500000000000013545 ) ) ;
#2760 =( GEOMETRIC_REPRESENTATION_CONTEXT ( 3 ) GLOBAL_UNCERTAINTY_ASSIGNED_CONTEXT ( ( #1537 ) ) GLOBAL_UNIT_ASSIGNED_CONTEXT ( ( #769, #6199, #6417 ) ) REPRESENTATION_CONTEXT ( 'NONE', 'WORKASPACE' ) );
#2761 = UNCERTAINTY_MEASURE_WITH_UNIT (LENGTH_MEASURE( 1.000000000000000082E-05 ), #4905, 'distance_accuracy_value', 'NONE');
#2762 = ORIENTED_EDGE ( 'NONE', *, *, #1113, .T. ) ;
#2763 = CARTESIAN_POINT ( 'NONE',  ( 6.750384757729337437, 8.500000000000000000, 0.8696152422706628915 ) ) ;
#2764 = LINE ( 'NONE', #6356, #1742 ) ;
#2765 = EDGE_CURVE ( 'NONE', #7105, #5071, #7422, .T. ) ;
#2766 = ORIENTED_EDGE ( 'NONE', *, *, #3962, .T. ) ;
#2767 = CIRCLE ( 'NONE', #6153, 0.2999999999999999334 ) ;
#2768 = CARTESIAN_POINT ( 'NONE',  ( 8.620000000000000995, 0.8000000000000007105, -0.3500000000000001443 ) ) ;
#2769 =( NAMED_UNIT ( * ) PLANE_ANGLE_UNIT ( ) SI_UNIT ( $, .RADIAN. ) );
#2770 = CARTESIAN_POINT ( 'NONE',  ( 0.3500000000000000333, 0.000000000000000000, 0.3499999999999999778 ) ) ;
#2771 = CARTESIAN_POINT ( 'NONE',  ( 1.940000000000000613, 6.299999999999999822, 0.3499999999999999223 ) ) ;
#2772 = DIRECTION ( 'NONE',  ( -0.000000000000000000, 0.000000000000000000, 1.000000000000000000 ) ) ;
#2773 = CARTESIAN_POINT ( 'NONE',  ( 4.393245067392238745, 8.000000000000000000, -0.6500000000000025757 ) ) ;
#2774 = ORIENTED_EDGE ( 'NONE', *, *, #3233, .T. ) ;
#2775 = ORIENTED_EDGE ( 'NONE', *, *, #2456, .T. ) ;
#2776 = EDGE_CURVE ( 'NONE', #7332, #2083, #7380, .T. ) ;
#2777 = CARTESIAN_POINT ( 'NONE',  ( 8.348502052288790054, 6.125528511109558316, 0.3499999999999998113 ) ) ;
#2778 = APPLICATION_PROTOCOL_DEFINITION ( 'draft international standard', 'automotive_design', 1998, #6590 ) ;
#2779 = LINE ( 'NONE', #7015, #459 ) ;
#2780 = CARTESIAN_POINT ( 'NONE',  ( -0.9999999999999996669, 6.299999999999999822, -0.3849999999999998979 ) ) ;
#2781 = CARTESIAN_POINT ( 'NONE',  ( 8.119999999999999218, 6.299999999999999822, 0.3499999999999998113 ) ) ;
#2782 = DIRECTION ( 'NONE',  ( -1.000000000000000000, 0.000000000000000000, 7.744301232039316681E-17 ) ) ;
#2783 = FACE_OUTER_BOUND ( 'NONE', #4790, .T. ) ;
#2784 = CARTESIAN_POINT ( 'NONE',  ( 7.270000000000000462, -1.084202172485501815E-17, -0.3500000000000001443 ) ) ;
#2785 = CIRCLE ( 'NONE', #6569, 0.2000000000000000944 ) ;
#2786 =( NAMED_UNIT ( * ) SI_UNIT ( $, .STERADIAN. ) SOLID_ANGLE_UNIT ( ) );
#2787 = EDGE_LOOP ( 'NONE', ( #1949, #5819, #101, #1651 ) ) ;
#2788 =( NAMED_UNIT ( * ) PLANE_ANGLE_UNIT ( ) SI_UNIT ( $, .RADIAN. ) );
#2789 = STYLED_ITEM ( 'NONE', ( #917 ), #3909 ) ;
#2790 = VECTOR ( 'NONE', #470, 1000.000000000000000 ) ;
#2791 = EDGE_CURVE ( 'NONE', #6064, #2487, #3258, .T. ) ;
#2792 = LINE ( 'NONE', #2838, #4097 ) ;
#2793 = ORIENTED_EDGE ( 'NONE', *, *, #5954, .F. ) ;
#2794 = FILL_AREA_STYLE_COLOUR ( '', #2682 ) ;
#2795 = FILL_AREA_STYLE ('',( #7563 ) ) ;
#2796 = PRESENTATION_STYLE_ASSIGNMENT (( #4054 ) ) ;
#2797 = VERTEX_POINT ( 'NONE', #5579 ) ;
#2798 = VECTOR ( 'NONE', #6535, 1000.000000000000000 ) ;
#2799 = CARTESIAN_POINT ( 'NONE',  ( 4.080000000000000071, 1.800000000000000488, 0.3499999999999998668 ) ) ;
#2800 = DIRECTION ( 'NONE',  ( 0.000000000000000000, 0.000000000000000000, -1.000000000000000000 ) ) ;
#2801 = SURFACE_STYLE_USAGE ( .BOTH. , #7032 ) ;
#2802 = EDGE_CURVE ( 'NONE', #1891, #6975, #174, .T. ) ;
#2803 = EDGE_CURVE ( 'NONE', #7252, #1987, #3879, .T. ) ;
#2804 = ORIENTED_EDGE ( 'NONE', *, *, #2819, .T. ) ;
#2805 = CARTESIAN_POINT ( 'NONE',  ( -1.000000000000000000, 6.500000000000000888, 0.3499999999999989231 ) ) ;
#2806 = COLOUR_RGB ( '',0.8313725490196077761, 0.6705882352941175961, 0.1294117647058823373 ) ;
#2807 = VERTEX_POINT ( 'NONE', #5058 ) ;
#2808 = DIRECTION ( 'NONE',  ( 1.000000000000000000, -0.000000000000000000, 0.000000000000000000 ) ) ;
#2809 = FILL_AREA_STYLE_COLOUR ( '', #3140 ) ;
#2810 = ORIENTED_EDGE ( 'NONE', *, *, #3861, .F. ) ;
#2811 = CARTESIAN_POINT ( 'NONE',  ( 9.090000000000001634, 0.000000000000000000, 1.199999999999999734 ) ) ;
#2812 = SURFACE_STYLE_FILL_AREA ( #2856 ) ;
#2813 = PLANE ( 'NONE',  #4844 ) ;
#2814 = FACE_BOUND ( 'NONE', #6296, .T. ) ;
#2815 = FACE_OUTER_BOUND ( 'NONE', #406, .T. ) ;
#2816 = FACE_OUTER_BOUND ( 'NONE', #6178, .T. ) ;
#2817 = ORIENTED_EDGE ( 'NONE', *, *, #4702, .F. ) ;
#2818 = ORIENTED_EDGE ( 'NONE', *, *, #2791, .F. ) ;
#2819 = EDGE_CURVE ( 'NONE', #2122, #7478, #5506, .T. ) ;
#2820 =( BOUNDED_CURVE ( )  B_SPLINE_CURVE ( 3, ( #3874, #6407, #2138, #5687 ),
 .UNSPECIFIED., .F., .F. ) 
 B_SPLINE_CURVE_WITH_KNOTS ( ( 4, 4 ),
 ( 3.924083526751088957, 4.712388980384689674 ),
 .UNSPECIFIED. ) 
 CURVE ( )  GEOMETRIC_REPRESENTATION_ITEM ( )  RATIONAL_B_SPLINE_CURVE ( ( 1.000000000000000000, 0.9488815137910379116, 0.9488815137910379116, 1.000000000000000000 ) ) 
 REPRESENTATION_ITEM ( '' )  );
#2821 = UNCERTAINTY_MEASURE_WITH_UNIT (LENGTH_MEASURE( 1.000000000000000082E-05 ), #3467, 'distance_accuracy_value', 'NONE');
#2822 = VECTOR ( 'NONE', #631, 1000.000000000000000 ) ;
#2823 = SURFACE_STYLE_FILL_AREA ( #2102 ) ;
#2824 = FILL_AREA_STYLE ('',( #6459 ) ) ;
#2825 = DIRECTION ( 'NONE',  ( -0.000000000000000000, -1.000000000000000000, 1.668003342285392044E-16 ) ) ;
#2826 = AXIS2_PLACEMENT_3D ( 'NONE', #2521, #6033, #2409 ) ;
#2827 = EDGE_CURVE ( 'NONE', #7758, #6545, #1656, .T. ) ;
#2828 = CARTESIAN_POINT ( 'NONE',  ( 6.974533521472695341, 3.877691542223589138, 0.3499999999999997558 ) ) ;
#2829 = EDGE_CURVE ( 'NONE', #6129, #5881, #1430, .T. ) ;
#2830 = FACE_OUTER_BOUND ( 'NONE', #4333, .T. ) ;
#2831 = LINE ( 'NONE', #430, #2790 ) ;
#2832 = B_SPLINE_CURVE_WITH_KNOTS ( 'NONE', 3,
 ( #1230, #1161, #7202, #5390, #1784, #4193, #3095, #2305, #6613, #1197, #5925, #7124, #1125, #3526, #2949, #5356, #610, #7753, #2343, #5430, #642, #8, #3059, #3648, #5468, #5056, #5576, #3799, #4978, #6112, #5654 ),
 .UNSPECIFIED., .F., .F.,
 ( 4, 1, 1, 1, 1, 1, 1, 2, 2, 1, 1, 1, 1, 2, 2, 1, 1, 1, 1, 1, 2, 2, 4 ),
 ( 0.000000000000000000, 0.06249999999999997224, 0.09375000000000043021, 0.1093750000000007633, 0.1171875000000009992, 0.1210937500000012768, 0.1230468750000014710, 0.1240234375000016237, 0.1250000000000017764, 0.1875000000000052458, 0.2187500000000072442, 0.2343750000000082712, 0.2421875000000087708, 0.2460937500000089651, 0.2500000000000091593, 0.3750000000000101585, 0.4375000000000109357, 0.4687500000000113243, 0.4843750000000117684, 0.4921875000000119904, 0.4960937500000118794, 0.5000000000000117684, 1.000000000000000000 ),
 .UNSPECIFIED. ) ;
#2833 = CARTESIAN_POINT ( 'NONE',  ( 3.540000000000000036, 6.500000000000000888, -0.3500000000000010880 ) ) ;
#2834 = EDGE_LOOP ( 'NONE', ( #6404, #5352, #6183, #2074 ) ) ;
#2835 = AXIS2_PLACEMENT_3D ( 'NONE', #27, #3628, #7772 ) ;
#2836 = FILL_AREA_STYLE_COLOUR ( '', #5125 ) ;
#2837 = SURFACE_STYLE_USAGE ( .BOTH. , #5205 ) ;
#2838 = CARTESIAN_POINT ( 'NONE',  ( -5.421010862427528333E-17, 0.5000000000000005551, 0.3499999999999999778 ) ) ;
#2839 = VERTEX_POINT ( 'NONE', #3802 ) ;
#2840 = DIRECTION ( 'NONE',  ( 0.000000000000000000, 3.097720492815727166E-16, 1.000000000000000000 ) ) ;
#2841 = DIRECTION ( 'NONE',  ( -0.000000000000000000, 0.000000000000000000, 1.000000000000000000 ) ) ;
#2842 = CARTESIAN_POINT ( 'NONE',  ( -0.5218457338839801452, 5.626229152235333153, 0.3499999999999999778 ) ) ;
#2843 = ORIENTED_EDGE ( 'NONE', *, *, #7052, .T. ) ;
#2844 = DIRECTION ( 'NONE',  ( -0.000000000000000000, -0.000000000000000000, -1.000000000000000000 ) ) ;
#2845 = STYLED_ITEM ( 'NONE', ( #1877 ), #5816 ) ;
#2846 = B_SPLINE_CURVE_WITH_KNOTS ( 'NONE', 3,
 ( #3533, #5325, #1204, #3651, #3064, #1678, #6045, #1166, #5364, #1826, #5473, #6011, #53, #617, #5976, #2917, #5894, #3612, #2989, #1091, #7129, #6538, #5932, #3026, #2348, #6503, #3574, #5435, #512, #4827, #580 ),
 .UNSPECIFIED., .F., .F.,
 ( 4, 1, 1, 1, 1, 1, 1, 2, 2, 1, 1, 1, 1, 2, 2, 1, 1, 1, 1, 1, 2, 2, 4 ),
 ( 0.000000000000000000, 0.06250000000001504352, 0.09375000000002228773, 0.1093750000000261041, 0.1171875000000280193, 0.1210937500000289907, 0.1230468750000294764, 0.1240234375000298789, 0.1250000000000302813, 0.1875000000000290323, 0.2187500000000284217, 0.2343750000000281164, 0.2421875000000279776, 0.2460937500000281442, 0.2500000000000283107, 0.3750000000000269229, 0.4375000000000262568, 0.4687500000000256462, 0.4843750000000253686, 0.4921875000000252021, 0.4960937500000253686, 0.5000000000000255351, 1.000000000000000000 ),
 .UNSPECIFIED. ) ;
#2847 = ORIENTED_EDGE ( 'NONE', *, *, #821, .T. ) ;
#2848 = CARTESIAN_POINT ( 'NONE',  ( -0.9999999999999993339, -1.121588454295348794E-16, 0.3499999999999999778 ) ) ;
#2849 = EDGE_LOOP ( 'NONE', ( #589, #5557, #2033, #4486 ) ) ;
#2850 = CARTESIAN_POINT ( 'NONE',  ( 2.091806954577857258, 5.884855341312110077, -0.3499999999999999778 ) ) ;
#2851 = CARTESIAN_POINT ( 'NONE',  ( 5.080000000000000071, 0.5000000000000005551, 0.3499999999999998668 ) ) ;
#2852 = DIRECTION ( 'NONE',  ( 0.000000000000000000, 0.000000000000000000, 1.000000000000000000 ) ) ;
#2853 = STYLED_ITEM ( 'NONE', ( #4516 ), #5974 ) ;
#2854 = ORIENTED_EDGE ( 'NONE', *, *, #3811, .T. ) ;
#2855 = PLANE ( 'NONE',  #4237 ) ;
#2856 = FILL_AREA_STYLE ('',( #454 ) ) ;
#2857 = EDGE_CURVE ( 'NONE', #7555, #672, #3218, .T. ) ;
#2858 = MECHANICAL_DESIGN_GEOMETRIC_PRESENTATION_REPRESENTATION (  '', ( #202 ), #3486 ) ;
#2859 = LINE ( 'NONE', #5266, #1819 ) ;
#2860 = LINE ( 'NONE', #7044, #3525 ) ;
#2861 = PLANE ( 'NONE',  #4169 ) ;
#2862 = EDGE_LOOP ( 'NONE', ( #4095, #2793, #4889, #747 ) ) ;
#2863 = ORIENTED_EDGE ( 'NONE', *, *, #3643, .F. ) ;
#2864 = CARTESIAN_POINT ( 'NONE',  ( -0.1499999999999994393, -3.000000000000000000, -0.3499999999999999778 ) ) ;
#2865 = MECHANICAL_DESIGN_GEOMETRIC_PRESENTATION_REPRESENTATION (  '', ( #75 ), #5384 ) ;
#2866 = EDGE_CURVE ( 'NONE', #4075, #3014, #1901, .T. ) ;
#2867 = EDGE_CURVE ( 'NONE', #2730, #6440, #7261, .T. ) ;
#2868 = CARTESIAN_POINT ( 'NONE',  ( 7.120000000000000995, 6.299999999999999822, -0.3500000000000001443 ) ) ;
#2869 = CARTESIAN_POINT ( 'NONE',  ( 9.090000000000001634, 0.5000000000000000000, -0.6499999999999989120 ) ) ;
#2870 = MECHANICAL_DESIGN_GEOMETRIC_PRESENTATION_REPRESENTATION (  '', ( #4743 ), #1098 ) ;
#2871 =( BOUNDED_CURVE ( )  B_SPLINE_CURVE ( 3, ( #1674, #4664, #4626, #4083 ),
 .UNSPECIFIED., .F., .F. ) 
 B_SPLINE_CURVE_WITH_KNOTS ( ( 4, 4 ),
 ( 3.924083526751089845, 4.712388980384689674 ),
 .UNSPECIFIED. ) 
 CURVE ( )  GEOMETRIC_REPRESENTATION_ITEM ( )  RATIONAL_B_SPLINE_CURVE ( ( 1.000000000000000000, 0.9488815137910379116, 0.9488815137910379116, 1.000000000000000000 ) ) 
 REPRESENTATION_ITEM ( '' )  );
#2872 = SURFACE_STYLE_USAGE ( .BOTH. , #4009 ) ;
#2873 = CARTESIAN_POINT ( 'NONE',  ( -0.4633568989079023814, 1.700000000000002620, 0.3499999999999999778 ) ) ;
#2874 =( NAMED_UNIT ( * ) SI_UNIT ( $, .STERADIAN. ) SOLID_ANGLE_UNIT ( ) );
#2875 = EDGE_CURVE ( 'NONE', #960, #4443, #3416, .T. ) ;
#2876 = ORIENTED_EDGE ( 'NONE', *, *, #1294, .F. ) ;
#2877 = CIRCLE ( 'NONE', #4244, 0.2999999999999999334 ) ;
#2878 = CARTESIAN_POINT ( 'NONE',  ( 0.3500000000000009215, -2.800000000000001155, 0.3499999999999999778 ) ) ;
#2879 = PLANE ( 'NONE',  #4967 ) ;
#2880 = CARTESIAN_POINT ( 'NONE',  ( 4.730000000000001315, -1.084202172485501815E-17, 0.3499999999999998668 ) ) ;
#2881 = ORIENTED_EDGE ( 'NONE', *, *, #5830, .T. ) ;
#2882 = LINE ( 'NONE', #1681, #3690 ) ;
#2883 = CARTESIAN_POINT ( 'NONE',  ( 6.620000000000000995, 1.800000000000000488, -0.1283333333333336601 ) ) ;
#2884 = PRESENTATION_STYLE_ASSIGNMENT (( #867 ) ) ;
#2885 = ORIENTED_EDGE ( 'NONE', *, *, #3691, .T. ) ;
#2886 = DIRECTION ( 'NONE',  ( 0.000000000000000000, 0.000000000000000000, -1.000000000000000000 ) ) ;
#2887 = CARTESIAN_POINT ( 'NONE',  ( 2.189999999999999947, 8.199999999999999289, 0.3499999999999999778 ) ) ;
#2888 = PRESENTATION_STYLE_ASSIGNMENT (( #2801 ) ) ;
#2889 = ORIENTED_EDGE ( 'NONE', *, *, #777, .T. ) ;
#2890 = FACE_OUTER_BOUND ( 'NONE', #2447, .T. ) ;
#2891 = ORIENTED_EDGE ( 'NONE', *, *, #6372, .F. ) ;
#2892 = CARTESIAN_POINT ( 'NONE',  ( 3.314147136672700000, 5.851685420754297873, -0.3500000000000000888 ) ) ;
#2893 = SURFACE_STYLE_FILL_AREA ( #3480 ) ;
#2894 = STYLED_ITEM ( 'NONE', ( #6042 ), #665 ) ;
#2895 = CARTESIAN_POINT ( 'NONE',  ( 6.620000000000000995, 1.800000000000000488, -0.3500000000000001443 ) ) ;
#2896 = VERTEX_POINT ( 'NONE', #4503 ) ;
#2897 =( NAMED_UNIT ( * ) SI_UNIT ( $, .STERADIAN. ) SOLID_ANGLE_UNIT ( ) );
#2898 = CARTESIAN_POINT ( 'NONE',  ( 7.941845733883979186, 5.626229152235330488, 0.3499999999999998113 ) ) ;
#2899 =( GEOMETRIC_REPRESENTATION_CONTEXT ( 3 ) GLOBAL_UNCERTAINTY_ASSIGNED_CONTEXT ( ( #1139 ) ) GLOBAL_UNIT_ASSIGNED_CONTEXT ( ( #3591, #2365, #7810 ) ) REPRESENTATION_CONTEXT ( 'NONE', 'WORKASPACE' ) );
#2900 = LINE ( 'NONE', #2474, #3593 ) ;
#2901 =( NAMED_UNIT ( * ) PLANE_ANGLE_UNIT ( ) SI_UNIT ( $, .RADIAN. ) );
#2902 = CARTESIAN_POINT ( 'NONE',  ( 1.540000000000000702, -1.121588454295348794E-16, 0.3499999999999999223 ) ) ;
#2903 = ORIENTED_EDGE ( 'NONE', *, *, #821, .F. ) ;
#2904 = VERTEX_POINT ( 'NONE', #2864 ) ;
#2905 = ADVANCED_FACE ( 'NONE', ( #5150 ), #4543, .T. ) ;
#2906 = CARTESIAN_POINT ( 'NONE',  ( -0.3499999999999992006, -1.084202172485501815E-17, -0.3499999999999999778 ) ) ;
#2907 = AXIS2_PLACEMENT_3D ( 'NONE', #257, #4311, #5026 ) ;
#2908 = CARTESIAN_POINT ( 'NONE',  ( 2.540000000000000036, 6.299999999999999822, -0.3500000000000000333 ) ) ;
#2909 = PLANE ( 'NONE',  #7415 ) ;
#2910 = STYLED_ITEM ( 'NONE', ( #2372 ), #1510 ) ;
#2911 = LINE ( 'NONE', #4587, #2211 ) ;
#2912 = LINE ( 'NONE', #1746, #6159 ) ;
#2913 = DIRECTION ( 'NONE',  ( 0.000000000000000000, -1.000000000000000000, 0.000000000000000000 ) ) ;
#2914 = CARTESIAN_POINT ( 'NONE',  ( 7.970000000000001528, -2.800000000000001155, 0.3499999999999998113 ) ) ;
#2915 = VERTEX_POINT ( 'NONE', #3919 ) ;
#2916 = MECHANICAL_DESIGN_GEOMETRIC_PRESENTATION_REPRESENTATION (  '', ( #2145 ), #7191 ) ;
#2917 = CARTESIAN_POINT ( 'NONE',  ( 1.684309810834100363, 5.260692584315934006, 0.3499999999999998668 ) ) ;
#2918 = DIRECTION ( 'NONE',  ( 0.000000000000000000, -1.000000000000000000, 0.000000000000000000 ) ) ;
#2919 = CARTESIAN_POINT ( 'NONE',  ( 1.540000000000000036, 6.500000000000000888, -0.3500000000000010880 ) ) ;
#2920 = AXIS2_PLACEMENT_3D ( 'NONE', #1253, #1808, #3703 ) ;
#2921 = CARTESIAN_POINT ( 'NONE',  ( 0.6867549326077613259, 0.5000000000000000000, -0.6500000000000013545 ) ) ;
#2922 = DIRECTION ( 'NONE',  ( 1.000000000000000000, 0.000000000000000000, 0.000000000000000000 ) ) ;
#2923 = EDGE_CURVE ( 'NONE', #5037, #3642, #5198, .T. ) ;
#2924 = ORIENTED_EDGE ( 'NONE', *, *, #3210, .T. ) ;
#2925 = VECTOR ( 'NONE', #2053, 1000.000000000000000 ) ;
#2926 = VECTOR ( 'NONE', #4949, 1000.000000000000000 ) ;
#2927 = CARTESIAN_POINT ( 'NONE',  ( 5.680000000000000604, 6.299999999999999822, 0.3499999999999998668 ) ) ;
#2928 = CARTESIAN_POINT ( 'NONE',  ( 3.409615242270663149, 8.500000000000000000, -0.8696152422706632246 ) ) ;
#2929 = CARTESIAN_POINT ( 'NONE',  ( 7.620000000000000107, -3.000000000000000000, 0.3499999999999998113 ) ) ;
#2930 = ORIENTED_EDGE ( 'NONE', *, *, #2765, .F. ) ;
#2931 = FACE_OUTER_BOUND ( 'NONE', #2087, .T. ) ;
#2932 = CARTESIAN_POINT ( 'NONE',  ( 4.393245067392238745, 8.000000000000000000, 0.6500000000000000222 ) ) ;
#2933 = UNCERTAINTY_MEASURE_WITH_UNIT (LENGTH_MEASURE( 1.000000000000000082E-05 ), #7509, 'distance_accuracy_value', 'NONE');
#2934 = DIRECTION ( 'NONE',  ( -7.744301232039316681E-17, 0.000000000000000000, -1.000000000000000000 ) ) ;
#2935 = VECTOR ( 'NONE', #4781, 1000.000000000000000 ) ;
#2936 = EDGE_LOOP ( 'NONE', ( #4226, #5931, #1249, #5630 ) ) ;
#2937 = DIRECTION ( 'NONE',  ( 0.000000000000000000, 3.097720492815727166E-16, 1.000000000000000000 ) ) ;
#2938 = AXIS2_PLACEMENT_3D ( 'NONE', #6679, #797, #5496 ) ;
#2939 = DIRECTION ( 'NONE',  ( -3.097720492815726426E-17, 1.000000000000000000, 0.000000000000000000 ) ) ;
#2940 =( NAMED_UNIT ( * ) PLANE_ANGLE_UNIT ( ) SI_UNIT ( $, .RADIAN. ) );
#2941 = ORIENTED_EDGE ( 'NONE', *, *, #4204, .T. ) ;
#2942 = ORIENTED_EDGE ( 'NONE', *, *, #1203, .T. ) ;
#2943 =( NAMED_UNIT ( * ) PLANE_ANGLE_UNIT ( ) SI_UNIT ( $, .RADIAN. ) );
#2944 = ADVANCED_FACE ( 'NONE', ( #5733 ), #7051, .F. ) ;
#2945 = ORIENTED_EDGE ( 'NONE', *, *, #3555, .F. ) ;
#2946 = PRESENTATION_LAYER_ASSIGNMENT (  '', '', ( #1051 ) ) ;
#2947 = SURFACE_STYLE_USAGE ( .BOTH. , #2419 ) ;
#2948 = CARTESIAN_POINT ( 'NONE',  ( 5.725466478527304837, 3.877691542223584698, 0.3499999999999999223 ) ) ;
#2949 = CARTESIAN_POINT ( 'NONE',  ( 8.470639769790270890, 5.307482533055136287, -0.3500000000000001998 ) ) ;
#2950 = CARTESIAN_POINT ( 'NONE',  ( 6.620000000000000107, 6.500000000000000888, -0.3500000000000010880 ) ) ;
#2951 = LINE ( 'NONE', #4750, #411 ) ;
#2952 = ORIENTED_EDGE ( 'NONE', *, *, #7468, .T. ) ;
#2953 = DIRECTION ( 'NONE',  ( 0.000000000000000000, -0.000000000000000000, -1.000000000000000000 ) ) ;
#2954 = COLOUR_RGB ( '',0.000000000000000000, 0.7529411764705882248, 0.000000000000000000 ) ;
#2955 = DIRECTION ( 'NONE',  ( -1.000000000000000000, 0.000000000000000000, 7.744301232039316681E-17 ) ) ;
#2956 = PLANE ( 'NONE',  #2123 ) ;
#2957 = DIRECTION ( 'NONE',  ( -0.000000000000000000, -1.000000000000000000, 1.668003342285392044E-16 ) ) ;
#2958 = CARTESIAN_POINT ( 'NONE',  ( 4.730000000000001315, -1.084202172485501815E-17, -0.3500000000000000888 ) ) ;
#2959 = CARTESIAN_POINT ( 'NONE',  ( 7.620000000000000107, -3.000000000000000000, 0.3499999999999998113 ) ) ;
#2960 = STYLED_ITEM ( 'NONE', ( #6397 ), #4858 ) ;
#2961 = ORIENTED_EDGE ( 'NONE', *, *, #5307, .T. ) ;
#2962 = CARTESIAN_POINT ( 'NONE',  ( 5.878210463979507416, 5.709058272658547040, 0.3499999999999998113 ) ) ;
#2963 = DIRECTION ( 'NONE',  ( 1.000000000000000000, 0.000000000000000000, -7.744301232039316681E-17 ) ) ;
#2964 = CARTESIAN_POINT ( 'NONE',  ( 4.434533521472695305, 3.877691542223589138, -0.3500000000000000333 ) ) ;
#2965 = PRESENTATION_LAYER_ASSIGNMENT (  '', '', ( #4086 ) ) ;
#2966 = ORIENTED_EDGE ( 'NONE', *, *, #6802, .F. ) ;
#2967 = CARTESIAN_POINT ( 'NONE',  ( 7.620000000000000107, 0.5000000000000005551, -0.3500000000000001443 ) ) ;
#2968 = ORIENTED_EDGE ( 'NONE', *, *, #3637, .T. ) ;
#2969 = CARTESIAN_POINT ( 'NONE',  ( 0.6867549326077613259, 6.500000000000000888, 0.3499999999999988676 ) ) ;
#2970 = CARTESIAN_POINT ( 'NONE',  ( 0.4481930454221421667, 5.884855341312110966, -0.3500000000000000333 ) ) ;
#2971 = ORIENTED_EDGE ( 'NONE', *, *, #3722, .F. ) ;
#2972 = VECTOR ( 'NONE', #7043, 1000.000000000000000 ) ;
#2973 = SURFACE_SIDE_STYLE ('',( #4181 ) ) ;
#2974 = EDGE_CURVE ( 'NONE', #1590, #6210, #4582, .T. ) ;
#2975 = SURFACE_SIDE_STYLE ('',( #3638 ) ) ;
#2976 = SURFACE_SIDE_STYLE ('',( #7782 ) ) ;
#2977 = DIRECTION ( 'NONE',  ( 0.000000000000000000, 0.000000000000000000, -1.000000000000000000 ) ) ;
#2978 = EDGE_LOOP ( 'NONE', ( #2243, #5806, #7431, #1070 ) ) ;
#2979 = VECTOR ( 'NONE', #2957, 1000.000000000000000 ) ;
#2980 = VERTEX_POINT ( 'NONE', #2224 ) ;
#2981 = UNCERTAINTY_MEASURE_WITH_UNIT (LENGTH_MEASURE( 1.000000000000000082E-05 ), #5832, 'distance_accuracy_value', 'NONE');
#2982 = COLOUR_RGB ( '',0.8313725490196077761, 0.6705882352941175961, 0.1294117647058823373 ) ;
#2983 =( LENGTH_UNIT ( ) NAMED_UNIT ( * ) SI_UNIT ( .MILLI., .METRE. ) );
#2984 = DIRECTION ( 'NONE',  ( -0.000000000000000000, 0.000000000000000000, 1.000000000000000000 ) ) ;
#2985 = DIRECTION ( 'NONE',  ( 0.000000000000000000, 3.097720492815727166E-16, 1.000000000000000000 ) ) ;
#2986 = PRESENTATION_STYLE_ASSIGNMENT (( #575 ) ) ;
#2987 = LINE ( 'NONE', #3025, #5052 ) ;
#2988 = ORIENTED_EDGE ( 'NONE', *, *, #6428, .T. ) ;
#2989 = CARTESIAN_POINT ( 'NONE',  ( 1.679835643297026282, 5.218128553112200585, 0.3499999999999999223 ) ) ;
#2990 = AXIS2_PLACEMENT_3D ( 'NONE', #5097, #7497, #5724 ) ;
#2991 = CARTESIAN_POINT ( 'NONE',  ( 6.974533521472694453, 3.877691542223589138, 0.3499999999999997558 ) ) ;
#2992 = CARTESIAN_POINT ( 'NONE',  ( 0.6000000000000005329, 6.299999999999999822, 0.3849999999999998979 ) ) ;
#2993 = LINE ( 'NONE', #1906, #6102 ) ;
#2994 = CARTESIAN_POINT ( 'NONE',  ( 4.086881821040567075, 2.798202530627315721, -0.3499999999999999778 ) ) ;
#2995 = EDGE_CURVE ( 'NONE', #4969, #1887, #4619, .T. ) ;
#2996 = CARTESIAN_POINT ( 'NONE',  ( 7.020000000000000462, 6.299999999999999822, 0.3849999999999998423 ) ) ;
#2997 = FILL_AREA_STYLE_COLOUR ( '', #7319 ) ;
#2998 = ADVANCED_FACE ( 'NONE', ( #3644 ), #4, .F. ) ;
#2999 = COLOUR_RGB ( '',0.000000000000000000, 0.7529411764705882248, 0.000000000000000000 ) ;
#3000 = EDGE_LOOP ( 'NONE', ( #201, #3813, #7085, #276 ) ) ;
#3001 = CARTESIAN_POINT ( 'NONE',  ( 5.947834886700809065, 5.142569796484739442, 0.3499999999999998668 ) ) ;
#3002 = LINE ( 'NONE', #1723, #7296 ) ;
#3003 = FILL_AREA_STYLE_COLOUR ( '', #5234 ) ;
#3004 = PRESENTATION_LAYER_ASSIGNMENT (  '', '', ( #1968 ) ) ;
#3005 = ORIENTED_EDGE ( 'NONE', *, *, #3449, .F. ) ;
#3006 = CARTESIAN_POINT ( 'NONE',  ( 6.705291895435266269, 4.597665842577886686, -0.3500000000000000888 ) ) ;
#3007 = VERTEX_POINT ( 'NONE', #6003 ) ;
#3008 = SURFACE_STYLE_USAGE ( .BOTH. , #7329 ) ;
#3009 = ADVANCED_FACE ( 'NONE', ( #3563 ), #4700, .F. ) ;
#3010 = ORIENTED_EDGE ( 'NONE', *, *, #684, .T. ) ;
#3011 = DIRECTION ( 'NONE',  ( -0.000000000000000000, -0.000000000000000000, -1.000000000000000000 ) ) ;
#3012 = CARTESIAN_POINT ( 'NONE',  ( 0.6867549326077613259, 10.39117142264903570, 0.6499999999999995781 ) ) ;
#3013 = DIRECTION ( 'NONE',  ( 0.000000000000000000, 1.000000000000000000, -3.097720492815727166E-16 ) ) ;
#3014 = VERTEX_POINT ( 'NONE', #573 ) ;
#3015 = ORIENTED_EDGE ( 'NONE', *, *, #2923, .F. ) ;
#3016 = PRESENTATION_STYLE_ASSIGNMENT (( #6608 ) ) ;
#3017 = EDGE_CURVE ( 'NONE', #3748, #7598, #607, .T. ) ;
#3018 = STYLED_ITEM ( 'NONE', ( #5876 ), #708 ) ;
#3019 = VECTOR ( 'NONE', #135, 1000.000000000000000 ) ;
#3020 = CARTESIAN_POINT ( 'NONE',  ( 3.540000000000000480, 1.800000000000000488, -0.3850000000000000089 ) ) ;
#3021 = CARTESIAN_POINT ( 'NONE',  ( 1.540000000000000924, 6.299999999999999822, -0.3850000000000000089 ) ) ;
#3022 = VERTEX_POINT ( 'NONE', #6566 ) ;
#3023 = SURFACE_STYLE_FILL_AREA ( #1232 ) ;
#3024 = LINE ( 'NONE', #6686, #6140 ) ;
#3025 = CARTESIAN_POINT ( 'NONE',  ( 0.000000000000000000, 6.299999999999999822, 0.3499999999999999778 ) ) ;
#3026 = CARTESIAN_POINT ( 'NONE',  ( 1.600020115625523598, 4.171275002134291476, 0.3499999999999999223 ) ) ;
#3027 = VECTOR ( 'NONE', #335, 1000.000000000000000 ) ;
#3028 = DIRECTION ( 'NONE',  ( 0.000000000000000000, -3.097720492815727166E-16, -1.000000000000000000 ) ) ;
#3029 = CARTESIAN_POINT ( 'NONE',  ( 7.270000000000000462, 8.199999999999999289, 0.3499999999999999778 ) ) ;
#3030 = CARTESIAN_POINT ( 'NONE',  ( -0.7871219925015946473, 5.777242093666543177, -0.3499999999999999778 ) ) ;
#3031 = CARTESIAN_POINT ( 'NONE',  ( 6.933245067392238781, 0.5000000000000000000, -0.3500000000000000888 ) ) ;
#3032 = DIRECTION ( 'NONE',  ( -0.000000000000000000, -0.000000000000000000, 1.000000000000000000 ) ) ;
#3033 = AXIS2_PLACEMENT_3D ( 'NONE', #6963, #1499, #327 ) ;
#3034 = CARTESIAN_POINT ( 'NONE',  ( 6.933245067392238781, 8.000000000000000000, -0.6500000000000030198 ) ) ;
#3035 = ORIENTED_EDGE ( 'NONE', *, *, #2417, .F. ) ;
#3037 = EDGE_CURVE ( 'NONE', #4542, #2681, #3055, .T. ) ;
#3036 = CARTESIAN_POINT ( 'NONE',  ( 3.540000000000000036, 6.500000000000000888, -0.3500000000000010880 ) ) ;
#3038 = EDGE_CURVE ( 'NONE', #7609, #533, #7234, .T. ) ;
#3039 = CARTESIAN_POINT ( 'NONE',  ( -6.734562392116860350E-17, 8.500000000000000000, -0.8696152422706625584 ) ) ;
#3040 = SURFACE_SIDE_STYLE ('',( #628 ) ) ;
#3041 = B_SPLINE_CURVE_WITH_KNOTS ( 'NONE', 3,
 ( #4495, #1503, #373, #6448 ),
 .UNSPECIFIED., .F., .F.,
 ( 4, 4 ),
 ( 0.000000000000000000, 1.000000000000000000 ),
 .UNSPECIFIED. ) ;
#3042 = ORIENTED_EDGE ( 'NONE', *, *, #3977, .T. ) ;
#3043 = CARTESIAN_POINT ( 'NONE',  ( 7.270000000000000462, 8.000000000000000000, -0.3499999999999999778 ) ) ;
#3044 = ORIENTED_EDGE ( 'NONE', *, *, #5363, .T. ) ;
#3045 = FACE_OUTER_BOUND ( 'NONE', #2692, .T. ) ;
#3046 = LINE ( 'NONE', #1847, #3891 ) ;
#3047 = VERTEX_POINT ( 'NONE', #2339 ) ;
#3048 = COLOUR_RGB ( '',0.8313725490196077761, 0.6705882352941175961, 0.1294117647058823373 ) ;
#3049 = EDGE_CURVE ( 'NONE', #2083, #3547, #1192, .T. ) ;
#3050 = SURFACE_STYLE_USAGE ( .BOTH. , #2975 ) ;
#3051 = VECTOR ( 'NONE', #1106, 1000.000000000000000 ) ;
#3052 = CARTESIAN_POINT ( 'NONE',  ( 1.677373952540060609, 5.194217234909947578, -0.3500000000000000888 ) ) ;
#3053 = VECTOR ( 'NONE', #500, 1000.000000000000000 ) ;
#3054 = ORIENTED_EDGE ( 'NONE', *, *, #2434, .T. ) ;
#3055 = LINE ( 'NONE', #43, #3053 ) ;
#3056 = ADVANCED_FACE ( 'NONE', ( #535 ), #6035, .T. ) ;
#3057 = FILL_AREA_STYLE_COLOUR ( '', #7250 ) ;
#3058 = CARTESIAN_POINT ( 'NONE',  ( 4.434533521472694417, 3.877691542223590471, 0.3499999999999999223 ) ) ;
#3059 = CARTESIAN_POINT ( 'NONE',  ( 8.554825183200147620, 4.263498050148222696, -0.3500000000000000333 ) ) ;
#3060 = ORIENTED_EDGE ( 'NONE', *, *, #2568, .T. ) ;
#3061 = CARTESIAN_POINT ( 'NONE',  ( 4.616643101092098078, 1.700000000000000400, 0.3499999999999998668 ) ) ;
#3062 = VECTOR ( 'NONE', #3770, 1000.000000000000000 ) ;
#3063 = CARTESIAN_POINT ( 'NONE',  ( 4.580000000000001847, 6.299999999999999822, -0.3500000000000000888 ) ) ;
#3064 = CARTESIAN_POINT ( 'NONE',  ( 1.778779213129837000, 5.920464898423919209, 0.3499999999999999778 ) ) ;
#3065 = DIRECTION ( 'NONE',  ( 0.000000000000000000, 1.000000000000000000, -3.097720492815727166E-16 ) ) ;
#3066 = SURFACE_SIDE_STYLE ('',( #3104 ) ) ;
#3067 = CARTESIAN_POINT ( 'NONE',  ( -0.7924853663132970238, 5.744802409713119395, -0.3499999999999998668 ) ) ;
#3068 = LINE ( 'NONE', #2958, #4947 ) ;
#3069 = CARTESIAN_POINT ( 'NONE',  ( 5.130000000000000782, 8.026794919243110726, -0.05000000000000062034 ) ) ;
#3070 = CYLINDRICAL_SURFACE ( 'NONE', #7722, 0.2999999999999999334 ) ;
#3071 = ORIENTED_EDGE ( 'NONE', *, *, #2332, .T. ) ;
#3072 = COLOUR_RGB ( '',0.8313725490196077761, 0.6705882352941175961, 0.1294117647058823373 ) ;
#3073 = SURFACE_STYLE_USAGE ( .BOTH. , #1246 ) ;
#3074 = DIRECTION ( 'NONE',  ( 0.000000000000000000, -0.8660254037844373753, 0.5000000000000022204 ) ) ;
#3075 = CARTESIAN_POINT ( 'NONE',  ( 2.865255819881804999, 5.589454083063163381, -0.3500000000000000333 ) ) ;
#3076 = ORIENTED_EDGE ( 'NONE', *, *, #3756, .T. ) ;
#3077 = CARTESIAN_POINT ( 'NONE',  ( 6.831843070995633482, 5.771059683742042701, -0.3500000000000000333 ) ) ;
#3078 = PLANE ( 'NONE',  #986 ) ;
#3079 = AXIS2_PLACEMENT_3D ( 'NONE', #2242, #5173, #6515 ) ;
#3080 = EDGE_CURVE ( 'NONE', #6390, #1422, #7589, .T. ) ;
#3081 = ORIENTED_EDGE ( 'NONE', *, *, #6802, .T. ) ;
#3082 = DIRECTION ( 'NONE',  ( -0.000000000000000000, -0.000000000000000000, -1.000000000000000000 ) ) ;
#3083 = LINE ( 'NONE', #3708, #304 ) ;
#3084 = EDGE_LOOP ( 'NONE', ( #829, #121, #3489, #3353 ) ) ;
#3085 = CARTESIAN_POINT ( 'NONE',  ( 1.752878007498405610, 5.777242093666543177, -0.3500000000000000888 ) ) ;
#3086 = VERTEX_POINT ( 'NONE', #2451 ) ;
#3087 = EDGE_CURVE ( 'NONE', #6587, #4849, #4850, .T. ) ;
#3088 = FACE_OUTER_BOUND ( 'NONE', #3751, .T. ) ;
#3089 =( GEOMETRIC_REPRESENTATION_CONTEXT ( 3 ) GLOBAL_UNCERTAINTY_ASSIGNED_CONTEXT ( ( #7737 ) ) GLOBAL_UNIT_ASSIGNED_CONTEXT ( ( #3924, #3305, #1632 ) ) REPRESENTATION_CONTEXT ( 'NONE', 'WORKASPACE' ) );
#3090 = EDGE_CURVE ( 'NONE', #5492, #5552, #7269, .T. ) ;
#3091 = CARTESIAN_POINT ( 'NONE',  ( 4.631806954577858626, 5.884855341312110077, 0.3499999999999998113 ) ) ;
#3092 = PRESENTATION_LAYER_ASSIGNMENT (  '', '', ( #63 ) ) ;
#3093 = CARTESIAN_POINT ( 'NONE',  ( -0.8192859076621706871, 5.570187327444797276, 0.3499999999999999778 ) ) ;
#3094 = CARTESIAN_POINT ( 'NONE',  ( 6.080000000000003624, 2.615493535622418264, -0.3500000000000001998 ) ) ;
#3095 = CARTESIAN_POINT ( 'NONE',  ( 8.400569551971560855, 5.815522798723456788, -0.3500000000000001443 ) ) ;
#3096 = ORIENTED_EDGE ( 'NONE', *, *, #6422, .T. ) ;
#3097 = CARTESIAN_POINT ( 'NONE',  ( 0.7000000000000006217, 0.5000000000000006661, -0.3499999999999999778 ) ) ;
#3098 = SURFACE_SIDE_STYLE ('',( #11 ) ) ;
#3099 = PLANE ( 'NONE',  #7581 ) ;
#3100 = VECTOR ( 'NONE', #2825, 1000.000000000000000 ) ;
#3101 = ADVANCED_FACE ( 'NONE', ( #4741 ), #4150, .F. ) ;
#3102 = SURFACE_SIDE_STYLE ('',( #4309 ) ) ;
#3103 = CARTESIAN_POINT ( 'NONE',  ( 0.9399798843744258114, 4.171275002134770205, -0.3499999999999999778 ) ) ;
#3104 = SURFACE_STYLE_FILL_AREA ( #1278 ) ;
#3105 = PLANE ( 'NONE',  #3847 ) ;
#3106 =( GEOMETRIC_REPRESENTATION_CONTEXT ( 3 ) GLOBAL_UNCERTAINTY_ASSIGNED_CONTEXT ( ( #4104 ) ) GLOBAL_UNIT_ASSIGNED_CONTEXT ( ( #1015, #427, #938 ) ) REPRESENTATION_CONTEXT ( 'NONE', 'WORKASPACE' ) );
#3107 = CARTESIAN_POINT ( 'NONE',  ( 8.320000000000000284, 0.5000000000000006661, 0.3499999999999998113 ) ) ;
#3108 = PRESENTATION_STYLE_ASSIGNMENT (( #2471 ) ) ;
#3109 = ORIENTED_EDGE ( 'NONE', *, *, #5941, .T. ) ;
#3110 = AXIS2_PLACEMENT_3D ( 'NONE', #5371, #4835, #6662 ) ;
#3111 = CARTESIAN_POINT ( 'NONE',  ( 8.119999999999997442, 6.084152315493285279, -0.3500000000000001998 ) ) ;
#3112 = CARTESIAN_POINT ( 'NONE',  ( 4.616643101092098078, 1.700000000000000400, -0.3500000000000000333 ) ) ;
#3113 =( LENGTH_UNIT ( ) NAMED_UNIT ( * ) SI_UNIT ( .MILLI., .METRE. ) );
#3114 = ORIENTED_EDGE ( 'NONE', *, *, #6568, .F. ) ;
#3115 = CARTESIAN_POINT ( 'NONE',  ( 6.758424265108376794, 5.204467366490683311, -0.3500000000000000333 ) ) ;
#3116 = CARTESIAN_POINT ( 'NONE',  ( 8.306754932607761432, 6.500000000000000888, 0.3499999999999988676 ) ) ;
#3117 = CIRCLE ( 'NONE', #712, 0.2000000000000000944 ) ;
#3118 = CARTESIAN_POINT ( 'NONE',  ( 3.540000000000001368, 2.615493535622417376, -0.3500000000000000333 ) ) ;
#3119 = LINE ( 'NONE', #2595, #506 ) ;
#3120 = VERTEX_POINT ( 'NONE', #710 ) ;
#3121 = CLOSED_SHELL ( 'NONE', ( #131, #5462, #653, #4207, #6717, #1722, #4855, #352, #4808, #1510, #5167, #6777, #1561, #7132, #3101, #6367, #3487, #308, #665, #951, #3909, #2149, #1638 ) ) ;
#3122 = FILL_AREA_STYLE_COLOUR ( '', #215 ) ;
#3123 = LINE ( 'NONE', #3012, #4442 ) ;
#3124 = VERTEX_POINT ( 'NONE', #7375 ) ;
#3125 = CARTESIAN_POINT ( 'NONE',  ( 4.393245067392238745, 8.000000000000000000, 0.6500000000000000222 ) ) ;
#3126 = ORIENTED_EDGE ( 'NONE', *, *, #1084, .F. ) ;
#3127 =( GEOMETRIC_REPRESENTATION_CONTEXT ( 3 ) GLOBAL_UNCERTAINTY_ASSIGNED_CONTEXT ( ( #2699 ) ) GLOBAL_UNIT_ASSIGNED_CONTEXT ( ( #6345, #2711, #3401 ) ) REPRESENTATION_CONTEXT ( 'NONE', 'WORKASPACE' ) );
#3128 = DIRECTION ( 'NONE',  ( 0.000000000000000000, -1.000000000000000000, 1.668003342285391551E-16 ) ) ;
#3129 = ORIENTED_EDGE ( 'NONE', *, *, #39, .F. ) ;
#3130 = CARTESIAN_POINT ( 'NONE',  ( 7.970000000000001528, 1.084202172485506745E-17, 0.3499999999999998113 ) ) ;
#3131 = ADVANCED_FACE ( 'NONE', ( #3088 ), #4415, .F. ) ;
#3132 = AXIS2_PLACEMENT_3D ( 'NONE', #173, #3720, #764 ) ;
#3133 = CARTESIAN_POINT ( 'NONE',  ( 8.083356898907899435, 1.699999999999999289, -0.3500000000000001443 ) ) ;
#3134 = SURFACE_STYLE_FILL_AREA ( #716 ) ;
#3135 = LINE ( 'NONE', #6235, #3603 ) ;
#3136 = ORIENTED_EDGE ( 'NONE', *, *, #3792, .F. ) ;
#3137 =( LENGTH_UNIT ( ) NAMED_UNIT ( * ) SI_UNIT ( .MILLI., .METRE. ) );
#3138 = DIRECTION ( 'NONE',  ( 1.000000000000000000, 0.000000000000000000, 0.000000000000000000 ) ) ;
#3139 = CARTESIAN_POINT ( 'NONE',  ( 1.000000000000000444, 1.800000000000000488, 0.1166666666666665853 ) ) ;
#3140 = COLOUR_RGB ( '',0.8313725490196077761, 0.6705882352941175961, 0.1294117647058823373 ) ;
#3141 = UNCERTAINTY_MEASURE_WITH_UNIT (LENGTH_MEASURE( 1.000000000000000082E-05 ), #378, 'distance_accuracy_value', 'NONE');
#3142 = DIRECTION ( 'NONE',  ( -3.097720492815726426E-17, 1.000000000000000000, 0.000000000000000000 ) ) ;
#3143 = CARTESIAN_POINT ( 'NONE',  ( 0.9425000299447587881, 4.124619419408675824, -0.3499999999999999778 ) ) ;
#3144 = FILL_AREA_STYLE ('',( #1435 ) ) ;
#3145 = MECHANICAL_DESIGN_GEOMETRIC_PRESENTATION_REPRESENTATION (  '', ( #3154 ), #4774 ) ;
#3146 =( NAMED_UNIT ( * ) PLANE_ANGLE_UNIT ( ) SI_UNIT ( $, .RADIAN. ) );
#3147 = EDGE_CURVE ( 'NONE', #2013, #6522, #4462, .T. ) ;
#3148 = EDGE_CURVE ( 'NONE', #6064, #3824, #6977, .T. ) ;
#3149 = UNCERTAINTY_MEASURE_WITH_UNIT (LENGTH_MEASURE( 1.000000000000000082E-05 ), #5972, 'distance_accuracy_value', 'NONE');
#3150 = PRESENTATION_STYLE_ASSIGNMENT (( #3656 ) ) ;
#3151 = SURFACE_STYLE_FILL_AREA ( #6733 ) ;
#3152 = DIRECTION ( 'NONE',  ( -1.000000000000000000, -3.097720492815726426E-17, 0.000000000000000000 ) ) ;
#3153 = VERTEX_POINT ( 'NONE', #6146 ) ;
#3154 = STYLED_ITEM ( 'NONE', ( #3463 ), #1131 ) ;
#3155 = CARTESIAN_POINT ( 'NONE',  ( 7.972524015545777942, 5.732672356334977515, -0.3500000000000001443 ) ) ;
#3156 = PLANE ( 'NONE',  #4325 ) ;
#3157 = CARTESIAN_POINT ( 'NONE',  ( 2.076643101092097154, 1.700000000000001288, 0.3499999999999999778 ) ) ;
#3158 = VERTEX_POINT ( 'NONE', #6071 ) ;
#3159 =( LENGTH_UNIT ( ) NAMED_UNIT ( * ) SI_UNIT ( .MILLI., .METRE. ) );
#3160 = AXIS2_PLACEMENT_3D ( 'NONE', #3996, #3913, #1506 ) ;
#3161 = ORIENTED_EDGE ( 'NONE', *, *, #1779, .F. ) ;
#3162 = SURFACE_STYLE_USAGE ( .BOTH. , #1950 ) ;
#3163 = CARTESIAN_POINT ( 'NONE',  ( -0.6999999999999995115, 0.5000000000000004441, -0.3499999999999999778 ) ) ;
#3164 = FACE_OUTER_BOUND ( 'NONE', #3084, .T. ) ;
#3165 = ORIENTED_EDGE ( 'NONE', *, *, #4143, .T. ) ;
#3166 = MECHANICAL_DESIGN_GEOMETRIC_PRESENTATION_REPRESENTATION (  '', ( #1759 ), #5036 ) ;
#3167 = CARTESIAN_POINT ( 'NONE',  ( 4.222161437416073859, 5.240363704784011922, 0.3499999999999999223 ) ) ;
#3168 = DIRECTION ( 'NONE',  ( 0.000000000000000000, 0.000000000000000000, -1.000000000000000000 ) ) ;
#3169 = DIRECTION ( 'NONE',  ( -0.000000000000000000, -3.097720492815727166E-16, -1.000000000000000000 ) ) ;
#3170 = ORIENTED_EDGE ( 'NONE', *, *, #5977, .F. ) ;
#3171 = FILL_AREA_STYLE_COLOUR ( '', #5934 ) ;
#3172 = VERTEX_POINT ( 'NONE', #1381 ) ;
#3173 = AXIS2_PLACEMENT_3D ( 'NONE', #1846, #2479, #2443 ) ;
#3174 = ORIENTED_EDGE ( 'NONE', *, *, #6560, .T. ) ;
#3175 = SURFACE_SIDE_STYLE ('',( #4933 ) ) ;
#3176 = CIRCLE ( 'NONE', #6699, 0.1999999999999999833 ) ;
#3177 = VECTOR ( 'NONE', #3769, 1000.000000000000114 ) ;
#3178 = DIRECTION ( 'NONE',  ( 0.000000000000000000, 0.000000000000000000, 1.000000000000000000 ) ) ;
#3179 = CARTESIAN_POINT ( 'NONE',  ( 1.000000000000000444, 1.800000000000000488, 0.3499999999999999778 ) ) ;
#3180 = ORIENTED_EDGE ( 'NONE', *, *, #6082, .F. ) ;
#3181 = CARTESIAN_POINT ( 'NONE',  ( 0.6867549326077613259, 0.5000000000000002220, 0.6500000000000010214 ) ) ;
#3182 = DIRECTION ( 'NONE',  ( -1.000000000000000000, -0.000000000000000000, -0.000000000000000000 ) ) ;
#3183 =( BOUNDED_SURFACE ( )  B_SPLINE_SURFACE ( 3, 1, ( 
 ( #7225, #1219 ),
 ( #5414, #2970 ),
 ( #2402, #4179 ),
 ( #1809, #4769 ) ),
 .UNSPECIFIED., .F., .F., .F. ) 
 B_SPLINE_SURFACE_WITH_KNOTS ( ( 4, 4 ),
 ( 2, 2 ),
 ( 0.000000000000000000, 1.000000000000000000 ),
 ( 0.000000000000000000, 1.000000000000000000 ),
 .UNSPECIFIED. ) 
 GEOMETRIC_REPRESENTATION_ITEM ( )  RATIONAL_B_SPLINE_SURFACE ( (
 ( 1.000000000000000000, 1.000000000000000000),
 ( 0.9488815137910379116, 0.9488815137910379116),
 ( 0.9488815137910379116, 0.9488815137910379116),
 ( 1.000000000000000000, 1.000000000000000000) ) ) 
 REPRESENTATION_ITEM ( '' )  SURFACE ( )  );
#3184 = CARTESIAN_POINT ( 'NONE',  ( 8.265466478527304872, 3.877691542223589138, 0.3499999999999997558 ) ) ;
#3185 = STYLED_ITEM ( 'NONE', ( #2210 ), #3321 ) ;
#3186 = CARTESIAN_POINT ( 'NONE',  ( 0.9460868014086034616, 4.056300144720193401, 0.3499999999999999778 ) ) ;
#3187 = DIRECTION ( 'NONE',  ( 0.000000000000000000, -0.000000000000000000, -1.000000000000000000 ) ) ;
#3188 = CARTESIAN_POINT ( 'NONE',  ( 8.320000000000000284, 0.8000000000000007105, -0.3500000000000001443 ) ) ;
#3189 = EDGE_CURVE ( 'NONE', #6020, #272, #675, .T. ) ;
#3190 = EDGE_LOOP ( 'NONE', ( #9, #5087, #2743, #6267 ) ) ;
#3191 =( LENGTH_UNIT ( ) NAMED_UNIT ( * ) SI_UNIT ( .MILLI., .METRE. ) );
#3192 = CARTESIAN_POINT ( 'NONE',  ( 5.401845733883980039, 5.626229152235330488, 0.3499999999999998668 ) ) ;
#3193 = FACE_OUTER_BOUND ( 'NONE', #3298, .T. ) ;
#3194 = ORIENTED_EDGE ( 'NONE', *, *, #848, .T. ) ;
#3195 = CYLINDRICAL_SURFACE ( 'NONE', #224, 0.2000000000000005107 ) ;
#3196 = CARTESIAN_POINT ( 'NONE',  ( 7.270000000000001350, 0.5000000000000005551, -0.3500000000000001443 ) ) ;
#3197 = LINE ( 'NONE', #2557, #620 ) ;
#3198 = EDGE_CURVE ( 'NONE', #2718, #7292, #5570, .T. ) ;
#3199 = STYLED_ITEM ( 'NONE', ( #6826 ), #4207 ) ;
#3200 = ORIENTED_EDGE ( 'NONE', *, *, #1294, .T. ) ;
#3201 = ADVANCED_FACE ( 'NONE', ( #5011, #754 ), #164, .T. ) ;
#3202 = CARTESIAN_POINT ( 'NONE',  ( 4.293947113514015257, 5.783587059575308054, 0.3499999999999999223 ) ) ;
#3203 = PLANE ( 'NONE',  #7033 ) ;
#3204 = MECHANICAL_DESIGN_GEOMETRIC_PRESENTATION_REPRESENTATION (  '', ( #6609 ), #671 ) ;
#3205 = ORIENTED_EDGE ( 'NONE', *, *, #3520, .T. ) ;
#3206 = PRESENTATION_STYLE_ASSIGNMENT (( #200 ) ) ;
#3207 = ORIENTED_EDGE ( 'NONE', *, *, #3049, .T. ) ;
#3208 = PRESENTATION_STYLE_ASSIGNMENT (( #3750 ) ) ;
#3209 = ORIENTED_EDGE ( 'NONE', *, *, #6422, .F. ) ;
#3210 = EDGE_CURVE ( 'NONE', #3172, #2718, #1960, .T. ) ;
#3211 = CARTESIAN_POINT ( 'NONE',  ( -0.8001678768757278792, 5.699693040756021567, 0.3500000000000000333 ) ) ;
#3212 = CARTESIAN_POINT ( 'NONE',  ( 5.866052886485987550, 5.783587059575307165, -0.3500000000000000888 ) ) ;
#3213 = CARTESIAN_POINT ( 'NONE',  ( 5.766754932607761397, 8.000000000000000000, -0.6500000000000025757 ) ) ;
#3214 = FACE_OUTER_BOUND ( 'NONE', #3959, .T. ) ;
#3215 = ORIENTED_EDGE ( 'NONE', *, *, #6958, .T. ) ;
#3216 = AXIS2_PLACEMENT_3D ( 'NONE', #1316, #3261, #92 ) ;
#3217 = CARTESIAN_POINT ( 'NONE',  ( 8.619999999999999218, 6.299999999999999822, 0.1283333333333331605 ) ) ;
#3218 = LINE ( 'NONE', #6237, #3803 ) ;
#3219 = EDGE_CURVE ( 'NONE', #2653, #2524, #1264, .T. ) ;
#3220 = VECTOR ( 'NONE', #7499, 1000.000000000000000 ) ;
#3221 = CARTESIAN_POINT ( 'NONE',  ( 5.430000000000000604, 8.199999999999999289, 0.3499999999999999778 ) ) ;
#3222 = CARTESIAN_POINT ( 'NONE',  ( 7.620000000000000107, 1.700000000000000178, 0.3499999999999998113 ) ) ;
#3223 = FILL_AREA_STYLE_COLOUR ( '', #4897 ) ;
#3224 = EDGE_CURVE ( 'NONE', #5552, #1913, #6226, .T. ) ;
#3225 = CARTESIAN_POINT ( 'NONE',  ( 3.226754932607761361, 0.5000000000000000000, -0.6500000000000013545 ) ) ;
#3226 = FILL_AREA_STYLE_COLOUR ( '', #6295 ) ;
#3227 = VECTOR ( 'NONE', #690, 1000.000000000000000 ) ;
#3228 = LINE ( 'NONE', #4316, #1030 ) ;
#3229 = ORIENTED_EDGE ( 'NONE', *, *, #5800, .F. ) ;
#3230 =( NAMED_UNIT ( * ) SI_UNIT ( $, .STERADIAN. ) SOLID_ANGLE_UNIT ( ) );
#3231 = PRESENTATION_LAYER_ASSIGNMENT (  '', '', ( #5994 ) ) ;
#3232 = CARTESIAN_POINT ( 'NONE',  ( 3.226754932607761361, 10.39117142264903570, -0.6500000000000030198 ) ) ;
#3233 = EDGE_CURVE ( 'NONE', #6914, #5312, #7304, .T. ) ;
#3234 = ORIENTED_EDGE ( 'NONE', *, *, #3290, .T. ) ;
#3235 = DIRECTION ( 'NONE',  ( 1.000000000000000000, 1.121588454295349780E-16, -0.000000000000000000 ) ) ;
#3236 = ORIENTED_EDGE ( 'NONE', *, *, #1952, .T. ) ;
#3237 = CARTESIAN_POINT ( 'NONE',  ( 8.141845733883979364, 5.626229152235330488, -1.564700862564307603E-16 ) ) ;
#3238 = DIRECTION ( 'NONE',  ( 0.000000000000000000, 0.000000000000000000, -1.000000000000000000 ) ) ;
#3239 = EDGE_CURVE ( 'NONE', #5216, #5170, #2525, .T. ) ;
#3240 = STYLED_ITEM ( 'NONE', ( #659 ), #6768 ) ;
#3241 = EDGE_LOOP ( 'NONE', ( #2719, #5577, #4605, #4338 ) ) ;
#3242 = CARTESIAN_POINT ( 'NONE',  ( 4.318779213129838368, 5.920464898423918321, 0.3499999999999998113 ) ) ;
#3243 = DIRECTION ( 'NONE',  ( -0.000000000000000000, -3.097720492815727166E-16, -1.000000000000000000 ) ) ;
#3244 = LINE ( 'NONE', #4371, #4961 ) ;
#3245 = VERTEX_POINT ( 'NONE', #4531 ) ;
#3246 = ORIENTED_EDGE ( 'NONE', *, *, #3336, .T. ) ;
#3247 = ADVANCED_FACE ( 'NONE', ( #1618 ), #3869, .F. ) ;
#3248 = CARTESIAN_POINT ( 'NONE',  ( 0.6867549326077613259, 6.500000000000000888, -0.6500000000000017986 ) ) ;
#3249 = ORIENTED_EDGE ( 'NONE', *, *, #5499, .F. ) ;
#3250 = PRESENTATION_LAYER_ASSIGNMENT (  '', '', ( #2732 ) ) ;
#3251 = LINE ( 'NONE', #3130, #345 ) ;
#3252 = CARTESIAN_POINT ( 'NONE',  ( -0.7867584960353884993, 5.779404586027638402, 0.3499999999999999778 ) ) ;
#3253 = DIRECTION ( 'NONE',  ( -0.000000000000000000, 1.000000000000000000, -0.000000000000000000 ) ) ;
#3254 = LINE ( 'NONE', #804, #2925 ) ;
#3255 = SURFACE_STYLE_USAGE ( .BOTH. , #5617 ) ;
#3256 = ORIENTED_EDGE ( 'NONE', *, *, #848, .F. ) ;
#3257 = EDGE_CURVE ( 'NONE', #3855, #2360, #4609, .T. ) ;
#3258 = LINE ( 'NONE', #5656, #1533 ) ;
#3259 = MECHANICAL_DESIGN_GEOMETRIC_PRESENTATION_REPRESENTATION (  '', ( #5767 ), #3127 ) ;
#3260 = CARTESIAN_POINT ( 'NONE',  ( 3.488897102351113944, 4.001162287970013054, 0.3499999999999999778 ) ) ;
#3261 = DIRECTION ( 'NONE',  ( -0.000000000000000000, 1.668003342285391551E-16, 1.000000000000000000 ) ) ;
#3262 = FILL_AREA_STYLE ('',( #3223 ) ) ;
#3263 = DIRECTION ( 'NONE',  ( -1.121588454295349780E-16, 1.000000000000000000, 0.000000000000000000 ) ) ;
#3264 = AXIS2_PLACEMENT_3D ( 'NONE', #2062, #1479, #5666 ) ;
#3265 = PLANE ( 'NONE',  #3264 ) ;
#3266 = SURFACE_STYLE_FILL_AREA ( #6287 ) ;
#3267 = DIRECTION ( 'NONE',  ( 1.000000000000000000, 0.000000000000000000, 0.000000000000000000 ) ) ;
#3268 = ORIENTED_EDGE ( 'NONE', *, *, #5455, .T. ) ;
#3269 = CARTESIAN_POINT ( 'NONE',  ( 4.080000000000000071, 1.800000000000000488, 0.3849999999999998979 ) ) ;
#3270 = VECTOR ( 'NONE', #7421, 1000.000000000000000 ) ;
#3271 = CARTESIAN_POINT ( 'NONE',  ( 2.189999999999999947, 0.000000000000000000, 0.3499999999999999778 ) ) ;
#3272 = VECTOR ( 'NONE', #6892, 1000.000000000000000 ) ;
#3273 = FILL_AREA_STYLE_COLOUR ( '', #3481 ) ;
#3274 = EDGE_LOOP ( 'NONE', ( #5126, #2633, #3044, #7266 ) ) ;
#3275 = CARTESIAN_POINT ( 'NONE',  ( 6.620000000000000995, -1.121588454295348794E-16, 0.3499999999999998113 ) ) ;
#3276 = ORIENTED_EDGE ( 'NONE', *, *, #3233, .F. ) ;
#3277 =( NAMED_UNIT ( * ) PLANE_ANGLE_UNIT ( ) SI_UNIT ( $, .RADIAN. ) );
#3278 = CARTESIAN_POINT ( 'NONE',  ( 6.080000000000000959, 1.800000000000000488, -0.1166666666666668489 ) ) ;
#3279 = ORIENTED_EDGE ( 'NONE', *, *, #1442, .F. ) ;
#3280 = CARTESIAN_POINT ( 'NONE',  ( 4.220732764477097554, 5.226749775238761053, 0.3499999999999999223 ) ) ;
#3281 = CARTESIAN_POINT ( 'NONE',  ( 5.080000000000000071, 0.5000000000000005551, -0.3500000000000000888 ) ) ;
#3282 = CARTESIAN_POINT ( 'NONE',  ( 6.080000000000000071, 0.5000000000000002220, 0.3499999999999998668 ) ) ;
#3283 = EDGE_CURVE ( 'NONE', #3245, #1471, #1038, .T. ) ;
#3284 = VECTOR ( 'NONE', #2095, 1000.000000000000000 ) ;
#3285 = ORIENTED_EDGE ( 'NONE', *, *, #6314, .F. ) ;
#3286 = VERTEX_POINT ( 'NONE', #880 ) ;
#3287 = DIRECTION ( 'NONE',  ( -1.121588454295349780E-16, 1.000000000000000000, 0.000000000000000000 ) ) ;
#3288 = ORIENTED_EDGE ( 'NONE', *, *, #7237, .T. ) ;
#3289 =( GEOMETRIC_REPRESENTATION_CONTEXT ( 3 ) GLOBAL_UNCERTAINTY_ASSIGNED_CONTEXT ( ( #6231 ) ) GLOBAL_UNIT_ASSIGNED_CONTEXT ( ( #7492, #1693, #3512 ) ) REPRESENTATION_CONTEXT ( 'NONE', 'WORKASPACE' ) );
#3290 = EDGE_CURVE ( 'NONE', #5115, #6889, #921, .T. ) ;
#3291 = CARTESIAN_POINT ( 'NONE',  ( 4.480000000000000426, 6.299999999999999822, 0.3499999999999998668 ) ) ;
#3292 = CARTESIAN_POINT ( 'NONE',  ( 2.187475984454220423, 5.732672356334980179, 0.3499999999999999223 ) ) ;
#3293 = CARTESIAN_POINT ( 'NONE',  ( 5.029999999999999361, 8.026794919243110726, -0.05000000000000050931 ) ) ;
#3294 =( NAMED_UNIT ( * ) SI_UNIT ( $, .STERADIAN. ) SOLID_ANGLE_UNIT ( ) );
#3295 = VECTOR ( 'NONE', #1218, 1000.000000000000000 ) ;
#3296 = CARTESIAN_POINT ( 'NONE',  ( 4.480000000000000426, 6.299999999999999822, -0.1166666666666668489 ) ) ;
#3297 = EDGE_LOOP ( 'NONE', ( #1897, #6526, #4304, #5375 ) ) ;
#3298 = EDGE_LOOP ( 'NONE', ( #3918, #7195, #5486, #5132, #1687, #5082, #6841, #359 ) ) ;
#3299 = PRESENTATION_STYLE_ASSIGNMENT (( #5274 ) ) ;
#3300 = EDGE_CURVE ( 'NONE', #2440, #2246, #2722, .T. ) ;
#3301 = MECHANICAL_DESIGN_GEOMETRIC_PRESENTATION_REPRESENTATION (  '', ( #7336 ), #1893 ) ;
#3302 = VECTOR ( 'NONE', #4824, 1000.000000000000000 ) ;
#3303 = EDGE_CURVE ( 'NONE', #1390, #5732, #1791, .T. ) ;
#3304 = LINE ( 'NONE', #300, #6423 ) ;
#3305 =( NAMED_UNIT ( * ) PLANE_ANGLE_UNIT ( ) SI_UNIT ( $, .RADIAN. ) );
#3306 = PRESENTATION_STYLE_ASSIGNMENT (( #2660 ) ) ;
#3307 =( NAMED_UNIT ( * ) SI_UNIT ( $, .STERADIAN. ) SOLID_ANGLE_UNIT ( ) );
#3308 = VECTOR ( 'NONE', #847, 1000.000000000000000 ) ;
#3309 =( NAMED_UNIT ( * ) PLANE_ANGLE_UNIT ( ) SI_UNIT ( $, .RADIAN. ) );
#3310 = CARTESIAN_POINT ( 'NONE',  ( 3.039999999999998259, 6.299999999999999822, -0.3500000000000000333 ) ) ;
#3311 = ADVANCED_FACE ( 'NONE', ( #3412 ), #6266, .F. ) ;
#3312 = ORIENTED_EDGE ( 'NONE', *, *, #2744, .T. ) ;
#3313 = VECTOR ( 'NONE', #693, 1000.000000000000000 ) ;
#3314 = CARTESIAN_POINT ( 'NONE',  ( 7.945255819881804626, 5.589454083063163381, -0.3500000000000001443 ) ) ;
#3315 = LINE ( 'NONE', #7361, #2462 ) ;
#3316 = ORIENTED_EDGE ( 'NONE', *, *, #499, .T. ) ;
#3317 = DIRECTION ( 'NONE',  ( 0.000000000000000000, 0.000000000000000000, -1.000000000000000000 ) ) ;
#3318 = EDGE_LOOP ( 'NONE', ( #3771, #6002, #1528, #5250 ) ) ;
#3319 = PLANE ( 'NONE',  #5799 ) ;
#3320 = ORIENTED_EDGE ( 'NONE', *, *, #2002, .F. ) ;
#3321 = ADVANCED_FACE ( 'NONE', ( #6357 ), #963, .F. ) ;
#3322 = CARTESIAN_POINT ( 'NONE',  ( 8.306754932607761432, 10.39117142264903570, -0.6500000000000030198 ) ) ;
#3323 = CYLINDRICAL_SURFACE ( 'NONE', #1963, 0.2999999999999999889 ) ;
#3324 = EDGE_LOOP ( 'NONE', ( #3600, #1770, #7504, #6060 ) ) ;
#3325 = LINE ( 'NONE', #875, #1531 ) ;
#3326 = ADVANCED_FACE ( 'NONE', ( #5092 ), #5222, .F. ) ;
#3327 = VERTEX_POINT ( 'NONE', #735 ) ;
#3328 = VECTOR ( 'NONE', #3471, 1000.000000000000114 ) ;
#3329 = CARTESIAN_POINT ( 'NONE',  ( 2.890000000000000124, 0.000000000000000000, 0.3499999999999999778 ) ) ;
#3330 = ORIENTED_EDGE ( 'NONE', *, *, #7546, .F. ) ;
#3331 = LINE ( 'NONE', #5723, #4494 ) ;
#3332 = AXIS2_PLACEMENT_3D ( 'NONE', #622, #4127, #7249 ) ;
#3333 =( NAMED_UNIT ( * ) SI_UNIT ( $, .STERADIAN. ) SOLID_ANGLE_UNIT ( ) );
#3334 = LINE ( 'NONE', #5726, #6227 ) ;
#3335 = LINE ( 'NONE', #887, #3284 ) ;
#3336 = EDGE_CURVE ( 'NONE', #6147, #6914, #2302, .T. ) ;
#3337 = DIRECTION ( 'NONE',  ( 0.000000000000000000, -1.000000000000000000, 1.668003342285391797E-16 ) ) ;
#3338 = ORIENTED_EDGE ( 'NONE', *, *, #4481, .F. ) ;
#3339 = EDGE_LOOP ( 'NONE', ( #6410, #6712, #4815, #1653 ) ) ;
#3340 = EDGE_CURVE ( 'NONE', #7598, #4085, #1243, .T. ) ;
#3341 = DIRECTION ( 'NONE',  ( 0.000000000000000000, -1.000000000000000000, 1.668003342285391551E-16 ) ) ;
#3342 = VECTOR ( 'NONE', #1409, 1000.000000000000000 ) ;
#3343 = ADVANCED_FACE ( 'NONE', ( #7287 ), #1075, .F. ) ;
#3344 = VECTOR ( 'NONE', #6429, 1000.000000000000000 ) ;
#3345 = FACE_OUTER_BOUND ( 'NONE', #2849, .T. ) ;
#3346 = DIRECTION ( 'NONE',  ( -1.000000000000000000, 0.000000000000000000, 0.000000000000000000 ) ) ;
#3347 = EDGE_CURVE ( 'NONE', #5312, #4317, #5551, .T. ) ;
#3348 = CARTESIAN_POINT ( 'NONE',  ( 6.080000000000000071, 6.500000000000000888, 0.3499999999999989231 ) ) ;
#3349 = CARTESIAN_POINT ( 'NONE',  ( 6.620000000000000107, 0.5000000000000002220, 0.3499999999999998668 ) ) ;
#3350 = EDGE_CURVE ( 'NONE', #5881, #7252, #656, .T. ) ;
#3351 = LINE ( 'NONE', #3929, #3921 ) ;
#3352 = VECTOR ( 'NONE', #968, 1000.000000000000000 ) ;
#3353 = ORIENTED_EDGE ( 'NONE', *, *, #6817, .F. ) ;
#3354 = DIRECTION ( 'NONE',  ( 0.6546536707079765316, -0.3779644730092291960, -0.6546536707079765316 ) ) ;
#3355 = ADVANCED_FACE ( 'NONE', ( #1872 ), #3070, .T. ) ;
#3356 = VECTOR ( 'NONE', #5277, 1000.000000000000000 ) ;
#3357 = ORIENTED_EDGE ( 'NONE', *, *, #2222, .F. ) ;
#3358 = CARTESIAN_POINT ( 'NONE',  ( 4.727475984454220459, 5.732672356334980179, 0.3499999999999998668 ) ) ;
#3359 = ORIENTED_EDGE ( 'NONE', *, *, #7192, .F. ) ;
#3360 = DIRECTION ( 'NONE',  ( 1.000000000000000000, 0.000000000000000000, -7.744301232039316681E-17 ) ) ;
#3361 = ORIENTED_EDGE ( 'NONE', *, *, #5520, .T. ) ;
#3362 = VECTOR ( 'NONE', #4936, 1000.000000000000000 ) ;
#3363 = DIRECTION ( 'NONE',  ( 0.000000000000000000, 1.000000000000000000, 0.000000000000000000 ) ) ;
#3364 = UNCERTAINTY_MEASURE_WITH_UNIT (LENGTH_MEASURE( 1.000000000000000082E-05 ), #619, 'distance_accuracy_value', 'NONE');
#3365 = EDGE_LOOP ( 'NONE', ( #2293, #930, #2005, #2067 ) ) ;
#3366 = DIRECTION ( 'NONE',  ( -1.000000000000000000, 0.000000000000000000, 7.744301232039316681E-17 ) ) ;
#3367 = EDGE_LOOP ( 'NONE', ( #2375, #7785, #4459, #3035 ) ) ;
#3368 = STYLED_ITEM ( 'NONE', ( #3890 ), #6861 ) ;
#3369 = CARTESIAN_POINT ( 'NONE',  ( 0.6867549326077613259, 10.39117142264903570, -0.6500000000000030198 ) ) ;
#3370 = EDGE_CURVE ( 'NONE', #4996, #6595, #6980, .T. ) ;
#3371 = FACE_OUTER_BOUND ( 'NONE', #798, .T. ) ;
#3372 = CARTESIAN_POINT ( 'NONE',  ( -0.3525240155457798341, 5.732672356334980179, 0.3499999999999999778 ) ) ;
#3373 = EDGE_LOOP ( 'NONE', ( #2403, #7670, #3830, #5102 ) ) ;
#3374 = DIRECTION ( 'NONE',  ( 1.000000000000000000, 0.000000000000000000, 0.000000000000000000 ) ) ;
#3375 = AXIS2_PLACEMENT_3D ( 'NONE', #2725, #2050, #966 ) ;
#3376 = CARTESIAN_POINT ( 'NONE',  ( 3.039999999999998259, 6.299999999999999822, 0.3499999999999999223 ) ) ;
#3377 = LINE ( 'NONE', #2770, #3220 ) ;
#3378 = CARTESIAN_POINT ( 'NONE',  ( 2.890000000000000124, 8.199999999999999289, -0.3500000000000000333 ) ) ;
#3379 = CARTESIAN_POINT ( 'NONE',  ( 7.972524015545777942, 5.732672356334978403, -0.3500000000000001443 ) ) ;
#3380 = CARTESIAN_POINT ( 'NONE',  ( 7.267475984454220495, 5.732672356334980179, -0.3500000000000001443 ) ) ;
#3381 = VERTEX_POINT ( 'NONE', #2065 ) ;
#3382 = VERTEX_POINT ( 'NONE', #1520 ) ;
#3383 = DIRECTION ( 'NONE',  ( -0.000000000000000000, 1.668003342285391551E-16, 1.000000000000000000 ) ) ;
#3384 = EDGE_CURVE ( 'NONE', #2681, #4231, #817, .T. ) ;
#3385 = DIRECTION ( 'NONE',  ( 0.000000000000000000, 0.000000000000000000, 1.000000000000000000 ) ) ;
#3386 = CARTESIAN_POINT ( 'NONE',  ( -0.9999999999999996669, 6.299999999999999822, 0.1283333333333336046 ) ) ;
#3387 = CARTESIAN_POINT ( 'NONE',  ( 0.7875361083845654475, 5.774771377977485187, 0.3499999999999999223 ) ) ;
#3388 = CARTESIAN_POINT ( 'NONE',  ( 7.945255819881804626, 5.589454083063165157, -0.3500000000000001443 ) ) ;
#3389 = CARTESIAN_POINT ( 'NONE',  ( 0.3252558198818050750, 5.589454083063163381, 0.3499999999999999778 ) ) ;
#3390 = DIRECTION ( 'NONE',  ( 0.000000000000000000, 1.000000000000000000, -1.668003342285391797E-16 ) ) ;
#3391 = EDGE_CURVE ( 'NONE', #6440, #29, #3351, .T. ) ;
#3392 =( GEOMETRIC_REPRESENTATION_CONTEXT ( 3 ) GLOBAL_UNCERTAINTY_ASSIGNED_CONTEXT ( ( #261 ) ) GLOBAL_UNIT_ASSIGNED_CONTEXT ( ( #7799, #1646, #3618 ) ) REPRESENTATION_CONTEXT ( 'NONE', 'WORKASPACE' ) );
#3393 = VERTEX_POINT ( 'NONE', #5114 ) ;
#3394 = DIRECTION ( 'NONE',  ( -1.000000000000000000, -3.097720492815726426E-17, 0.000000000000000000 ) ) ;
#3395 = EDGE_CURVE ( 'NONE', #6173, #3649, #1481, .T. ) ;
#3396 = CARTESIAN_POINT ( 'NONE',  ( 2.690000000000002167, -3.000000000000000000, -0.3500000000000000333 ) ) ;
#3397 = MECHANICAL_DESIGN_GEOMETRIC_PRESENTATION_REPRESENTATION (  '', ( #2113 ), #615 ) ;
#3398 = CARTESIAN_POINT ( 'NONE',  ( -0.8641973817704142746, 5.178803639423790628, -0.3500000000000000333 ) ) ;
#3399 = ORIENTED_EDGE ( 'NONE', *, *, #3643, .T. ) ;
#3400 = CARTESIAN_POINT ( 'NONE',  ( 7.972524015545777942, 5.732672356334978403, -0.3500000000000001443 ) ) ;
#3401 =( NAMED_UNIT ( * ) SI_UNIT ( $, .STERADIAN. ) SOLID_ANGLE_UNIT ( ) );
#3402 = EDGE_LOOP ( 'NONE', ( #6262, #6185, #5211, #4617, #3562, #859, #3010, #4603, #4398, #2158, #3711, #476, #2347, #7209, #4764, #5050, #2201, #3448, #7049, #157, #2676 ) ) ;
#3403 = MECHANICAL_DESIGN_GEOMETRIC_PRESENTATION_REPRESENTATION (  '', ( #4021 ), #1985 ) ;
#3404 = CARTESIAN_POINT ( 'NONE',  ( 0.6000000000000005329, 6.299999999999999822, 0.3499999999999999778 ) ) ;
#3405 = CARTESIAN_POINT ( 'NONE',  ( 7.120000000000000995, 6.299999999999999822, 0.3499999999999998113 ) ) ;
#3406 = FILL_AREA_STYLE ('',( #405 ) ) ;
#3407 = EDGE_LOOP ( 'NONE', ( #4895, #6306, #348, #6755 ) ) ;
#3408 = CARTESIAN_POINT ( 'NONE',  ( 5.430000000000000604, 8.199999999999999289, 0.3499999999999999778 ) ) ;
#3409 = ORIENTED_EDGE ( 'NONE', *, *, #3300, .T. ) ;
#3410 = CARTESIAN_POINT ( 'NONE',  ( 3.397838562583936906, 5.240363704783927545, -0.3500000000000000888 ) ) ;
#3411 = DIRECTION ( 'NONE',  ( 1.084202172485504434E-16, -1.000000000000000000, 0.000000000000000000 ) ) ;
#3412 = FACE_OUTER_BOUND ( 'NONE', #1417, .T. ) ;
#3413 = ORIENTED_EDGE ( 'NONE', *, *, #5924, .F. ) ;
#3414 = COLOUR_RGB ( '',0.8313725490196077761, 0.6705882352941175961, 0.1294117647058823373 ) ;
#3415 =( NAMED_UNIT ( * ) PLANE_ANGLE_UNIT ( ) SI_UNIT ( $, .RADIAN. ) );
#3416 = B_SPLINE_CURVE_WITH_KNOTS ( 'NONE', 3,
 ( #1312, #7348, #4345, #6807, #6765, #1351, #3759, #6155, #765, #6457, #4002, #5771, #1630, #2733, #3460, #424, #3961, #297, #5193, #7547, #1050, #4076, #5808, #7505, #2144, #4039, #932, #381, #6492, #5849, #2777, #4659, #2260 ),
 .UNSPECIFIED., .F., .F.,
 ( 4, 1, 1, 1, 1, 1, 1, 2, 2, 1, 1, 1, 1, 1, 2, 2, 1, 1, 1, 1, 1, 1, 2, 2, 4 ),
 ( 0.000000000000000000, 0.2500000000000431877, 0.3750000000000647815, 0.4375000000000756062, 0.4687500000000809908, 0.4843750000000832112, 0.4921875000000840439, 0.4960937500000844325, 0.5000000000000848210, 0.6250000000000872635, 0.6875000000000882627, 0.7187500000000887068, 0.7343750000000890399, 0.7421875000000890399, 0.7460937500000887068, 0.7500000000000883738, 0.8125000000000844880, 0.8437500000000829337, 0.8593750000000820455, 0.8671875000000817124, 0.8710937500000814904, 0.8730468750000810463, 0.8740234375000804912, 0.8750000000000798250, 1.000000000000000000 ),
 .UNSPECIFIED. ) ;
#3417 = CARTESIAN_POINT ( 'NONE',  ( 2.040000000000001812, 6.299999999999999822, -0.3500000000000000333 ) ) ;
#3418 = LINE ( 'NONE', #3293, #1634 ) ;
#3419 = LINE ( 'NONE', #7157, #6177 ) ;
#3420 = VERTEX_POINT ( 'NONE', #3888 ) ;
#3421 = ORIENTED_EDGE ( 'NONE', *, *, #3579, .F. ) ;
#3422 = AXIS2_PLACEMENT_3D ( 'NONE', #3868, #2046, #87 ) ;
#3423 = VECTOR ( 'NONE', #2712, 1000.000000000000000 ) ;
#3424 = CARTESIAN_POINT ( 'NONE',  ( 7.120000000000001883, 6.084152315493286167, -0.3500000000000000333 ) ) ;
#3425 = LINE ( 'NONE', #7550, #5542 ) ;
#3426 = CARTESIAN_POINT ( 'NONE',  ( 0.8641973817703989535, 5.178803639424137017, 0.3500000000000000888 ) ) ;
#3427 =( BOUNDED_SURFACE ( )  B_SPLINE_SURFACE ( 3, 1, ( 
 ( #5856, #7676 ),
 ( #428, #5814 ),
 ( #4508, #2267 ),
 ( #5695, #2698 ) ),
 .UNSPECIFIED., .F., .F., .F. ) 
 B_SPLINE_SURFACE_WITH_KNOTS ( ( 4, 4 ),
 ( 2, 2 ),
 ( 0.000000000000000000, 1.000000000000000000 ),
 ( 0.000000000000000000, 1.000000000000000000 ),
 .UNSPECIFIED. ) 
 GEOMETRIC_REPRESENTATION_ITEM ( )  RATIONAL_B_SPLINE_SURFACE ( (
 ( 1.000000000000000000, 1.000000000000000000),
 ( 0.9488815137910384667, 0.9488815137910384667),
 ( 0.9488815137910384667, 0.9488815137910384667),
 ( 1.000000000000000000, 1.000000000000000000) ) ) 
 REPRESENTATION_ITEM ( '' )  SURFACE ( )  );
#3428 = DIRECTION ( 'NONE',  ( 0.000000000000000000, -1.668003342285391551E-16, -1.000000000000000000 ) ) ;
#3429 = LINE ( 'NONE', #4084, #4414 ) ;
#3430 = VECTOR ( 'NONE', #816, 1000.000000000000000 ) ;
#3431 = LINE ( 'NONE', #2833, #6842 ) ;
#3432 = ORIENTED_EDGE ( 'NONE', *, *, #6157, .F. ) ;
#3433 = EDGE_CURVE ( 'NONE', #3120, #2037, #6288, .T. ) ;
#3434 = VECTOR ( 'NONE', #1473, 1000.000000000000000 ) ;
#3435 = CARTESIAN_POINT ( 'NONE',  ( -0.8626260474599404260, 5.194217234909946690, -0.3499999999999999778 ) ) ;
#3436 = VERTEX_POINT ( 'NONE', #7389 ) ;
#3437 = LINE ( 'NONE', #5825, #299 ) ;
#3438 = DIRECTION ( 'NONE',  ( 3.097720492815726426E-17, -1.000000000000000000, 0.000000000000000000 ) ) ;
#3439 = EDGE_CURVE ( 'NONE', #4160, #7341, #901, .T. ) ;
#3440 = ORIENTED_EDGE ( 'NONE', *, *, #1384, .T. ) ;
#3441 = CARTESIAN_POINT ( 'NONE',  ( 7.620000000000000107, 0.5000000000000005551, 0.3499999999999998113 ) ) ;
#3442 = SURFACE_SIDE_STYLE ('',( #1031 ) ) ;
#3443 = ORIENTED_EDGE ( 'NONE', *, *, #2470, .F. ) ;
#3444 = DIRECTION ( 'NONE',  ( 0.000000000000000000, 0.000000000000000000, 1.000000000000000000 ) ) ;
#3445 = ORIENTED_EDGE ( 'NONE', *, *, #2867, .T. ) ;
#3446 = DIRECTION ( 'NONE',  ( -1.121588454295349780E-16, 1.000000000000000000, 0.000000000000000000 ) ) ;
#3447 = EDGE_CURVE ( 'NONE', #949, #6975, #7513, .T. ) ;
#3448 = ORIENTED_EDGE ( 'NONE', *, *, #2133, .T. ) ;
#3449 = EDGE_CURVE ( 'NONE', #3153, #4969, #5698, .T. ) ;
#3450 = DIRECTION ( 'NONE',  ( -0.000000000000000000, 0.000000000000000000, 1.000000000000000000 ) ) ;
#3451 = CARTESIAN_POINT ( 'NONE',  ( 4.413733788849079964, 6.298959448224835889, -0.3500000000000000888 ) ) ;
#3452 = VECTOR ( 'NONE', #7062, 1000.000000000000000 ) ;
#3453 = DIRECTION ( 'NONE',  ( 1.121588454295349533E-16, -1.000000000000000000, 0.000000000000000000 ) ) ;
#3454 = CARTESIAN_POINT ( 'NONE',  ( -0.6867549326077613259, 0.5000000000000000000, -0.6500000000000013545 ) ) ;
#3455 = FACE_OUTER_BOUND ( 'NONE', #916, .T. ) ;
#3456 = PLANE ( 'NONE',  #7498 ) ;
#3457 = ORIENTED_EDGE ( 'NONE', *, *, #5012, .T. ) ;
#3458 = EDGE_LOOP ( 'NONE', ( #536, #1105, #1947, #284 ) ) ;
#3459 = ADVANCED_FACE ( 'NONE', ( #6166 ), #6246, .T. ) ;
#3460 = CARTESIAN_POINT ( 'NONE',  ( 8.494994129385570858, 5.069026963384446915, 0.3499999999999998113 ) ) ;
#3461 = DIRECTION ( 'NONE',  ( 0.000000000000000000, 0.000000000000000000, 1.000000000000000000 ) ) ;
#3462 = DIRECTION ( 'NONE',  ( 1.000000000000000000, 0.000000000000000000, 0.000000000000000000 ) ) ;
#3463 = PRESENTATION_STYLE_ASSIGNMENT (( #4586 ) ) ;
#3464 = CARTESIAN_POINT ( 'NONE',  ( 0.8626260474599316552, 5.194217234910146530, 0.3499999999999999778 ) ) ;
#3465 = AXIS2_PLACEMENT_3D ( 'NONE', #3271, #779, #6822 ) ;
#3466 =( NAMED_UNIT ( * ) PLANE_ANGLE_UNIT ( ) SI_UNIT ( $, .RADIAN. ) );
#3467 =( LENGTH_UNIT ( ) NAMED_UNIT ( * ) SI_UNIT ( .MILLI., .METRE. ) );
#3468 = ORIENTED_EDGE ( 'NONE', *, *, #1384, .F. ) ;
#3469 = CARTESIAN_POINT ( 'NONE',  ( 4.480000000000000426, 6.299999999999999822, -0.1283333333333336046 ) ) ;
#3470 = ORIENTED_EDGE ( 'NONE', *, *, #2461, .T. ) ;
#3471 = DIRECTION ( 'NONE',  ( 0.7071067811865489050, -0.7071067811865460184, 0.000000000000000000 ) ) ;
#3472 = LINE ( 'NONE', #7686, #361 ) ;
#3473 = VECTOR ( 'NONE', #5108, 1000.000000000000000 ) ;
#3474 = CARTESIAN_POINT ( 'NONE',  ( 0.6000000000000005329, 6.299999999999999822, -0.3499999999999999778 ) ) ;
#3475 = ORIENTED_EDGE ( 'NONE', *, *, #2129, .T. ) ;
#3476 = FILL_AREA_STYLE ('',( #1068 ) ) ;
#3477 = ORIENTED_EDGE ( 'NONE', *, *, #7632, .F. ) ;
#3478 = CARTESIAN_POINT ( 'NONE',  ( 4.580000000000001847, 6.299999999999999822, -0.3500000000000000888 ) ) ;
#3479 = ORIENTED_EDGE ( 'NONE', *, *, #1304, .F. ) ;
#3480 = FILL_AREA_STYLE ('',( #4065 ) ) ;
#3481 = COLOUR_RGB ( '',0.8313725490196077761, 0.6705882352941175961, 0.1294117647058823373 ) ;
#3482 = ADVANCED_FACE ( 'NONE', ( #221 ), #4433, .F. ) ;
#3483 = VERTEX_POINT ( 'NONE', #7640 ) ;
#3484 = CARTESIAN_POINT ( 'NONE',  ( 5.780000000000001137, 0.5000000000000006661, -0.3500000000000000888 ) ) ;
#3485 = CARTESIAN_POINT ( 'NONE',  ( 6.620000000000000995, -1.121588454295348794E-16, 0.3499999999999998113 ) ) ;
#3486 =( GEOMETRIC_REPRESENTATION_CONTEXT ( 3 ) GLOBAL_UNCERTAINTY_ASSIGNED_CONTEXT ( ( #1728 ) ) GLOBAL_UNIT_ASSIGNED_CONTEXT ( ( #7378, #1470, #210 ) ) REPRESENTATION_CONTEXT ( 'NONE', 'WORKASPACE' ) );
#3487 = ADVANCED_FACE ( 'NONE', ( #1676 ), #1058, .T. ) ;
#3488 = DIRECTION ( 'NONE',  ( -1.000000000000000000, -0.000000000000000000, -0.000000000000000000 ) ) ;
#3489 = ORIENTED_EDGE ( 'NONE', *, *, #5423, .F. ) ;
#3490 = ORIENTED_EDGE ( 'NONE', *, *, #2716, .T. ) ;
#3491 = DIRECTION ( 'NONE',  ( 1.000000000000000000, 1.084202172485504434E-16, 0.000000000000000000 ) ) ;
#3492 = EDGE_CURVE ( 'NONE', #1146, #3819, #5858, .T. ) ;
#3493 = CARTESIAN_POINT ( 'NONE',  ( 3.540000000000000480, 1.800000000000000488, -0.1283333333333335491 ) ) ;
#3494 = CARTESIAN_POINT ( 'NONE',  ( 0.8314534000842377370, 5.476966929918534177, 0.3499999999999999778 ) ) ;
#3495 = FILL_AREA_STYLE ('',( #2228 ) ) ;
#3496 = LINE ( 'NONE', #2229, #2404 ) ;
#3497 = ORIENTED_EDGE ( 'NONE', *, *, #7768, .T. ) ;
#3498 =( GEOMETRIC_REPRESENTATION_CONTEXT ( 3 ) GLOBAL_UNCERTAINTY_ASSIGNED_CONTEXT ( ( #287 ) ) GLOBAL_UNIT_ASSIGNED_CONTEXT ( ( #4601, #4483, #5712 ) ) REPRESENTATION_CONTEXT ( 'NONE', 'WORKASPACE' ) );
#3499 =( NAMED_UNIT ( * ) SI_UNIT ( $, .STERADIAN. ) SOLID_ANGLE_UNIT ( ) );
#3500 = DIRECTION ( 'NONE',  ( 0.000000000000000000, 0.000000000000000000, 1.000000000000000000 ) ) ;
#3501 = CARTESIAN_POINT ( 'NONE',  ( -0.9999999999999993339, 2.207665535523969158, -0.3500000000000000333 ) ) ;
#3502 = FACE_OUTER_BOUND ( 'NONE', #5710, .T. ) ;
#3503 = LINE ( 'NONE', #2921, #6265 ) ;
#3504 = DIRECTION ( 'NONE',  ( 0.000000000000000000, 0.000000000000000000, -1.000000000000000000 ) ) ;
#3505 = ORIENTED_EDGE ( 'NONE', *, *, #5440, .T. ) ;
#3506 = PRESENTATION_STYLE_ASSIGNMENT (( #1101 ) ) ;
#3507 = CARTESIAN_POINT ( 'NONE',  ( 0.4999999999999985012, 6.299999999999999822, 0.3499999999999999778 ) ) ;
#3508 = FILL_AREA_STYLE ('',( #6259 ) ) ;
#3509 = ORIENTED_EDGE ( 'NONE', *, *, #3189, .F. ) ;
#3510 = LINE ( 'NONE', #2288, #2019 ) ;
#3511 = CARTESIAN_POINT ( 'NONE',  ( 5.766754932607761397, 0.5000000000000002220, 0.3499999999999998668 ) ) ;
#3512 =( NAMED_UNIT ( * ) SI_UNIT ( $, .STERADIAN. ) SOLID_ANGLE_UNIT ( ) );
#3513 = EDGE_LOOP ( 'NONE', ( #4597, #7401, #7003, #1521 ) ) ;
#3514 = FILL_AREA_STYLE ('',( #36 ) ) ;
#3515 = CARTESIAN_POINT ( 'NONE',  ( 4.291843070995635223, 5.771059683742046253, -0.3500000000000000888 ) ) ;
#3516 = CARTESIAN_POINT ( 'NONE',  ( -0.4999999999999985012, 6.299999999999999822, -0.3499999999999999778 ) ) ;
#3517 = DIRECTION ( 'NONE',  ( 0.000000000000000000, -0.000000000000000000, -1.000000000000000000 ) ) ;
#3518 = ORIENTED_EDGE ( 'NONE', *, *, #6278, .F. ) ;
#3519 = EDGE_LOOP ( 'NONE', ( #7794, #6145, #3205, #4580 ) ) ;
#3520 = EDGE_CURVE ( 'NONE', #4541, #2122, #2742, .T. ) ;
#3521 = DIRECTION ( 'NONE',  ( 0.000000000000000000, 1.000000000000000000, -1.668003342285391797E-16 ) ) ;
#3522 = AXIS2_PLACEMENT_3D ( 'NONE', #93, #217, #6812 ) ;
#3523 = SURFACE_SIDE_STYLE ('',( #4744 ) ) ;
#3524 = CARTESIAN_POINT ( 'NONE',  ( 5.543356898907900288, 1.699999999999997957, 0.3499999999999999223 ) ) ;
#3525 = VECTOR ( 'NONE', #5186, 1000.000000000000000 ) ;
#3526 = CARTESIAN_POINT ( 'NONE',  ( 8.460388738771245087, 5.398486016527106912, -0.3500000000000001998 ) ) ;
#3527 = CARTESIAN_POINT ( 'NONE',  ( 1.940000000000000613, 6.299999999999999822, -0.1166666666666668073 ) ) ;
#3528 = DIRECTION ( 'NONE',  ( -0.000000000000000000, -0.000000000000000000, -1.000000000000000000 ) ) ;
#3529 = DIRECTION ( 'NONE',  ( 0.000000000000000000, 3.097720492815727166E-16, 1.000000000000000000 ) ) ;
#3530 = EDGE_CURVE ( 'NONE', #1891, #3124, #7022, .T. ) ;
#3531 = ORIENTED_EDGE ( 'NONE', *, *, #4530, .T. ) ;
#3532 = AXIS2_PLACEMENT_3D ( 'NONE', #6496, #5392, #7790 ) ;
#3533 = CARTESIAN_POINT ( 'NONE',  ( 1.940000000000000613, 6.299999999999999822, 0.3499999999999999223 ) ) ;
#3534 = EDGE_CURVE ( 'NONE', #6742, #5256, #3431, .T. ) ;
#3535 = CARTESIAN_POINT ( 'NONE',  ( -0.6867549326077613259, 6.500000000000000888, -0.6500000000000017986 ) ) ;
#3536 = CARTESIAN_POINT ( 'NONE',  ( 3.226754932607761361, 10.39117142264903570, 0.6499999999999995781 ) ) ;
#3537 =( NAMED_UNIT ( * ) PLANE_ANGLE_UNIT ( ) SI_UNIT ( $, .RADIAN. ) );
#3538 =( GEOMETRIC_REPRESENTATION_CONTEXT ( 3 ) GLOBAL_UNCERTAINTY_ASSIGNED_CONTEXT ( ( #801 ) ) GLOBAL_UNIT_ASSIGNED_CONTEXT ( ( #6635, #7259, #69 ) ) REPRESENTATION_CONTEXT ( 'NONE', 'WORKASPACE' ) );
#3539 = EDGE_CURVE ( 'NONE', #5761, #2754, #1428, .T. ) ;
#3540 = DIRECTION ( 'NONE',  ( -1.000000000000000000, 0.000000000000000000, 0.000000000000000000 ) ) ;
#3541 = ORIENTED_EDGE ( 'NONE', *, *, #4712, .T. ) ;
#3542 = MECHANICAL_DESIGN_GEOMETRIC_PRESENTATION_REPRESENTATION (  '', ( #1773 ), #2155 ) ;
#3543 = CIRCLE ( 'NONE', #532, 0.2999999999999999334 ) ;
#3544 = CARTESIAN_POINT ( 'NONE',  ( 6.073118178959434843, 2.798202530626829887, 0.3499999999999999223 ) ) ;
#3545 = CARTESIAN_POINT ( 'NONE',  ( 0.4481930454221421667, 5.884855341312110077, 0.3499999999999999778 ) ) ;
#3546 = DIRECTION ( 'NONE',  ( -1.000000000000000000, 0.000000000000000000, 0.000000000000000000 ) ) ;
#3547 = VERTEX_POINT ( 'NONE', #2615 ) ;
#3548 = CARTESIAN_POINT ( 'NONE',  ( 6.620000000000000995, 1.800000000000000488, -0.3500000000000001443 ) ) ;
#3549 = VERTEX_POINT ( 'NONE', #3379 ) ;
#3550 = UNCERTAINTY_MEASURE_WITH_UNIT (LENGTH_MEASURE( 1.000000000000000082E-05 ), #1566, 'distance_accuracy_value', 'NONE');
#3551 = PLANE ( 'NONE',  #7691 ) ;
#3552 = PRESENTATION_LAYER_ASSIGNMENT (  '', '', ( #6184 ) ) ;
#3553 = SURFACE_STYLE_USAGE ( .BOTH. , #4733 ) ;
#3554 = UNCERTAINTY_MEASURE_WITH_UNIT (LENGTH_MEASURE( 1.000000000000000082E-05 ), #5959, 'distance_accuracy_value', 'NONE');
#3555 = EDGE_CURVE ( 'NONE', #6793, #7503, #6972, .T. ) ;
#3556 = ORIENTED_EDGE ( 'NONE', *, *, #6554, .T. ) ;
#3557 = CARTESIAN_POINT ( 'NONE',  ( 4.287514633686703824, 5.744802409713121172, -0.3500000000000000888 ) ) ;
#3558 = AXIS2_PLACEMENT_3D ( 'NONE', #6310, #6881, #2852 ) ;
#3559 = CARTESIAN_POINT ( 'NONE',  ( -0.4999999999999985012, 6.084152315493286167, -0.3499999999999999223 ) ) ;
#3560 = DIRECTION ( 'NONE',  ( -1.121588454295349780E-16, 1.000000000000000000, 0.000000000000000000 ) ) ;
#3561 = ORIENTED_EDGE ( 'NONE', *, *, #2923, .T. ) ;
#3562 = ORIENTED_EDGE ( 'NONE', *, *, #6651, .T. ) ;
#3563 = FACE_OUTER_BOUND ( 'NONE', #6598, .T. ) ;
#3564 =( GEOMETRIC_REPRESENTATION_CONTEXT ( 3 ) GLOBAL_UNCERTAINTY_ASSIGNED_CONTEXT ( ( #7628 ) ) GLOBAL_UNIT_ASSIGNED_CONTEXT ( ( #489, #4690, #6899 ) ) REPRESENTATION_CONTEXT ( 'NONE', 'WORKASPACE' ) );
#3565 = EDGE_CURVE ( 'NONE', #6664, #4926, #2650, .T. ) ;
#3566 = ADVANCED_FACE ( 'NONE', ( #844 ), #5145, .F. ) ;
#3567 = CARTESIAN_POINT ( 'NONE',  ( 7.270000000000000462, 8.000000000000000000, 0.3499999999999999778 ) ) ;
#3568 = EDGE_CURVE ( 'NONE', #1217, #2807, #4499, .T. ) ;
#3569 = CARTESIAN_POINT ( 'NONE',  ( -0.5999999999999995337, 6.299999999999999822, -0.1166666666666667518 ) ) ;
#3570 = DIRECTION ( 'NONE',  ( 1.000000000000000000, 0.000000000000000000, 0.000000000000000000 ) ) ;
#3571 = CARTESIAN_POINT ( 'NONE',  ( 7.970000000000001528, 0.5000000000000005551, -0.3500000000000001443 ) ) ;
#3572 = VECTOR ( 'NONE', #4877, 1000.000000000000000 ) ;
#3573 = ORIENTED_EDGE ( 'NONE', *, *, #2106, .F. ) ;
#3574 = CARTESIAN_POINT ( 'NONE',  ( 1.595723020487988641, 4.091073788932123811, 0.3499999999999998668 ) ) ;
#3575 = VECTOR ( 'NONE', #417, 1000.000000000000000 ) ;
#3576 = CARTESIAN_POINT ( 'NONE',  ( 7.270000000000000462, 8.199999999999999289, -0.3499999999999999778 ) ) ;
#3577 = DIRECTION ( 'NONE',  ( -1.000000000000000000, 0.000000000000000000, -0.000000000000000000 ) ) ;
#3578 = DIRECTION ( 'NONE',  ( 0.000000000000000000, 3.097720492815727166E-16, 1.000000000000000000 ) ) ;
#3579 = EDGE_CURVE ( 'NONE', #2013, #4372, #3254, .T. ) ;
#3580 = DIRECTION ( 'NONE',  ( -0.6546536707079765316, 0.3779644730092291960, -0.6546536707079765316 ) ) ;
#3581 = PLANE ( 'NONE',  #608 ) ;
#3582 = LINE ( 'NONE', #4243, #7208 ) ;
#3583 = AXIS2_PLACEMENT_3D ( 'NONE', #1912, #4320, #4400 ) ;
#3584 = ORIENTED_EDGE ( 'NONE', *, *, #5370, .F. ) ;
#3585 = SURFACE_STYLE_FILL_AREA ( #5482 ) ;
#3586 = CYLINDRICAL_SURFACE ( 'NONE', #4264, 0.2999999999999999334 ) ;
#3587 = CARTESIAN_POINT ( 'NONE',  ( 5.405255819881805479, 5.589454083063163381, -0.3500000000000000888 ) ) ;
#3588 = ORIENTED_EDGE ( 'NONE', *, *, #4816, .T. ) ;
#3589 = CARTESIAN_POINT ( 'NONE',  ( 6.770816522019155848, 5.324198710740767559, -0.3500000000000002554 ) ) ;
#3590 = VERTEX_POINT ( 'NONE', #3213 ) ;
#3591 =( LENGTH_UNIT ( ) NAMED_UNIT ( * ) SI_UNIT ( .MILLI., .METRE. ) );
#3592 = ORIENTED_EDGE ( 'NONE', *, *, #4238, .F. ) ;
#3593 = VECTOR ( 'NONE', #7702, 1000.000000000000000 ) ;
#3594 = B_SPLINE_CURVE_WITH_KNOTS ( 'NONE', 3,
 ( #6884, #1865, #1315, #6969 ),
 .UNSPECIFIED., .F., .F.,
 ( 4, 4 ),
 ( 0.000000000000000000, 1.000000000000000000 ),
 .UNSPECIFIED. ) ;
#3595 = EDGE_CURVE ( 'NONE', #4132, #460, #796, .T. ) ;
#3596 = PLANE ( 'NONE',  #2826 ) ;
#3597 = FACE_OUTER_BOUND ( 'NONE', #2936, .T. ) ;
#3598 = CARTESIAN_POINT ( 'NONE',  ( 1.741789536020343032, 5.709058272657556721, -0.3499999999999999778 ) ) ;
#3599 = ORIENTED_EDGE ( 'NONE', *, *, #6978, .T. ) ;
#3600 = ORIENTED_EDGE ( 'NONE', *, *, #2558, .F. ) ;
#3601 = UNCERTAINTY_MEASURE_WITH_UNIT (LENGTH_MEASURE( 1.000000000000000082E-05 ), #3159, 'distance_accuracy_value', 'NONE');
#3602 = DIRECTION ( 'NONE',  ( -1.000000000000000000, 0.000000000000000000, 0.000000000000000000 ) ) ;
#3603 = VECTOR ( 'NONE', #845, 1000.000000000000000 ) ;
#3604 = DIRECTION ( 'NONE',  ( -1.000000000000000000, 0.000000000000000000, 0.000000000000000000 ) ) ;
#3605 = FILL_AREA_STYLE ('',( #4266 ) ) ;
#3606 = CARTESIAN_POINT ( 'NONE',  ( -0.5999999999999996447, 6.299999999999999822, -0.3499999999999999778 ) ) ;
#3607 = ORIENTED_EDGE ( 'NONE', *, *, #7359, .F. ) ;
#3608 = CARTESIAN_POINT ( 'NONE',  ( 1.940000000000000613, 6.299999999999999822, 0.3499999999999999223 ) ) ;
#3609 = CARTESIAN_POINT ( 'NONE',  ( -0.6867549326077613259, 0.5000000000000000000, -0.6500000000000013545 ) ) ;
#3610 = LINE ( 'NONE', #1749, #4418 ) ;
#3611 = EDGE_CURVE ( 'NONE', #1471, #5828, #4538, .T. ) ;
#3612 = CARTESIAN_POINT ( 'NONE',  ( 1.680732764477097740, 5.226749775238759277, 0.3499999999999999778 ) ) ;
#3613 =( GEOMETRIC_REPRESENTATION_CONTEXT ( 3 ) GLOBAL_UNCERTAINTY_ASSIGNED_CONTEXT ( ( #2498 ) ) GLOBAL_UNIT_ASSIGNED_CONTEXT ( ( #4534, #3415, #3992 ) ) REPRESENTATION_CONTEXT ( 'NONE', 'WORKASPACE' ) );
#3614 = DIRECTION ( 'NONE',  ( -1.000000000000000000, -1.084202172485504434E-16, 0.000000000000000000 ) ) ;
#3615 = LINE ( 'NONE', #1168, #5299 ) ;
#3616 = CARTESIAN_POINT ( 'NONE',  ( 6.759835643297026131, 5.218128553112201473, 0.3499999999999998113 ) ) ;
#3617 = FACE_OUTER_BOUND ( 'NONE', #7491, .T. ) ;
#3618 =( NAMED_UNIT ( * ) SI_UNIT ( $, .STERADIAN. ) SOLID_ANGLE_UNIT ( ) );
#3619 =( LENGTH_UNIT ( ) NAMED_UNIT ( * ) SI_UNIT ( .MILLI., .METRE. ) );
#3620 =( LENGTH_UNIT ( ) NAMED_UNIT ( * ) SI_UNIT ( .MILLI., .METRE. ) );
#3621 = VECTOR ( 'NONE', #5527, 1000.000000000000000 ) ;
#3622 =( BOUNDED_CURVE ( )  B_SPLINE_CURVE ( 3, ( #5766, #377, #7583, #5999 ),
 .UNSPECIFIED., .F., .F. ) 
 B_SPLINE_CURVE_WITH_KNOTS ( ( 4, 4 ),
 ( 3.924083526751089845, 4.712388980384689674 ),
 .UNSPECIFIED. ) 
 CURVE ( )  GEOMETRIC_REPRESENTATION_ITEM ( )  RATIONAL_B_SPLINE_CURVE ( ( 1.000000000000000000, 0.9488815137910379116, 0.9488815137910379116, 1.000000000000000000 ) ) 
 REPRESENTATION_ITEM ( '' )  );
#3623 = ORIENTED_EDGE ( 'NONE', *, *, #245, .T. ) ;
#3624 = ADVANCED_FACE ( 'NONE', ( #336 ), #4977, .F. ) ;
#3625 = EDGE_CURVE ( 'NONE', #7773, #3047, #1469, .T. ) ;
#3626 = CARTESIAN_POINT ( 'NONE',  ( 5.766754932607761397, 8.000000000000000000, 0.6500000000000000222 ) ) ;
#3627 = CARTESIAN_POINT ( 'NONE',  ( 4.210384757729336513, 8.500000000000000000, -0.8696152422706630025 ) ) ;
#3628 = DIRECTION ( 'NONE',  ( -0.000000000000000000, -0.000000000000000000, -1.000000000000000000 ) ) ;
#3629 = FACE_OUTER_BOUND ( 'NONE', #4698, .T. ) ;
#3630 = EDGE_LOOP ( 'NONE', ( #572, #3497, #6804, #4188 ) ) ;
#3631 = CARTESIAN_POINT ( 'NONE',  ( 3.140000000000000568, 6.299999999999999822, 0.3499999999999999223 ) ) ;
#3632 = ORIENTED_EDGE ( 'NONE', *, *, #5189, .F. ) ;
#3633 = CARTESIAN_POINT ( 'NONE',  ( 7.120000000000000995, 6.299999999999999822, -0.3500000000000001443 ) ) ;
#3634 = DIRECTION ( 'NONE',  ( 0.000000000000000000, -1.000000000000000000, 0.000000000000000000 ) ) ;
#3635 = ORIENTED_EDGE ( 'NONE', *, *, #1164, .T. ) ;
#3636 = VECTOR ( 'NONE', #4242, 1000.000000000000000 ) ;
#3637 = EDGE_CURVE ( 'NONE', #3086, #447, #7419, .T. ) ;
#3638 = SURFACE_STYLE_FILL_AREA ( #6143 ) ;
#3639 =( BOUNDED_SURFACE ( )  B_SPLINE_SURFACE ( 2, 3, ( 
 ( #344, #5153, #7551, #2146 ),
 ( #4546, #6981, #7166, #3021 ),
 ( #1707, #4156, #4706, #679 ) ),
 .UNSPECIFIED., .F., .F., .F. ) 
 B_SPLINE_SURFACE_WITH_KNOTS ( ( 3, 3 ),
 ( 4, 4 ),
 ( 0.000000000000000000, 1.000000000000000000 ),
 ( -3.500000000000000371E-05, 0.0007349999999999999763 ),
 .UNSPECIFIED. ) 
 GEOMETRIC_REPRESENTATION_ITEM ( )  RATIONAL_B_SPLINE_SURFACE ( (
 ( 1.000000000000000000, 1.000000000000000000, 1.000000000000000000, 1.000000000000000000),
 ( 0.7071067811865475727, 0.7071067811865475727, 0.7071067811865475727, 0.7071067811865475727),
 ( 1.000000000000000000, 1.000000000000000000, 1.000000000000000000, 1.000000000000000000) ) ) 
 REPRESENTATION_ITEM ( '' )  SURFACE ( )  );
#3640 =( NAMED_UNIT ( * ) PLANE_ANGLE_UNIT ( ) SI_UNIT ( $, .RADIAN. ) );
#3641 = CIRCLE ( 'NONE', #6414, 0.1999999999999996503 ) ;
#3642 = VERTEX_POINT ( 'NONE', #6274 ) ;
#3643 = EDGE_CURVE ( 'NONE', #5571, #1887, #888, .T. ) ;
#3644 = FACE_OUTER_BOUND ( 'NONE', #4656, .T. ) ;
#3645 = AXIS2_PLACEMENT_3D ( 'NONE', #767, #5621, #176 ) ;
#3646 = LINE ( 'NONE', #4191, #5242 ) ;
#3647 = CARTESIAN_POINT ( 'NONE',  ( -0.5999999999999996447, 6.299999999999999822, -0.1283333333333334936 ) ) ;
#3648 = CARTESIAN_POINT ( 'NONE',  ( 8.559979884374426362, 4.171275002134770205, -0.3500000000000002554 ) ) ;
#3649 = VERTEX_POINT ( 'NONE', #457 ) ;
#3650 = FACE_OUTER_BOUND ( 'NONE', #1859, .T. ) ;
#3651 = CARTESIAN_POINT ( 'NONE',  ( 1.804957989553974684, 6.043840788194787983, 0.3499999999999999223 ) ) ;
#3652 =( GEOMETRIC_REPRESENTATION_CONTEXT ( 3 ) GLOBAL_UNCERTAINTY_ASSIGNED_CONTEXT ( ( #959 ) ) GLOBAL_UNIT_ASSIGNED_CONTEXT ( ( #4222, #2901, #1080 ) ) REPRESENTATION_CONTEXT ( 'NONE', 'WORKASPACE' ) );
#3653 = CARTESIAN_POINT ( 'NONE',  ( 1.000000000000000444, 6.299999999999999822, -0.1283333333333334936 ) ) ;
#3654 = CARTESIAN_POINT ( 'NONE',  ( 3.540000000000000036, 0.5000000000000000000, -0.3500000000000000888 ) ) ;
#3655 =( NAMED_UNIT ( * ) SI_UNIT ( $, .STERADIAN. ) SOLID_ANGLE_UNIT ( ) );
#3656 = SURFACE_STYLE_USAGE ( .BOTH. , #6051 ) ;
#3657 = CARTESIAN_POINT ( 'NONE',  ( -0.4999999999999985012, 6.084152315493286167, -0.3499999999999999223 ) ) ;
#3658 = VECTOR ( 'NONE', #2147, 1000.000000000000000 ) ;
#3659 = ORIENTED_EDGE ( 'NONE', *, *, #6680, .T. ) ;
#3660 = CARTESIAN_POINT ( 'NONE',  ( 5.954994129385573487, 5.069026963384447804, 0.3499999999999998668 ) ) ;
#3661 = CARTESIAN_POINT ( 'NONE',  ( 9.090000000000001634, 0.5000000000000000000, -0.6499999999999989120 ) ) ;
#3662 = STYLED_ITEM ( 'NONE', ( #5039 ), #2088 ) ;
#3663 = ADVANCED_FACE ( 'NONE', ( #7083 ), #2180, .F. ) ;
#3664 = ORIENTED_EDGE ( 'NONE', *, *, #3340, .T. ) ;
#3665 = CARTESIAN_POINT ( 'NONE',  ( 6.667276676835965254, 3.923639721076770837, -0.3500000000000000888 ) ) ;
#3666 = DIRECTION ( 'NONE',  ( -1.000000000000000000, -0.000000000000000000, -0.000000000000000000 ) ) ;
#3667 =( BOUNDED_SURFACE ( )  B_SPLINE_SURFACE ( 3, 1, ( 
 ( #4663, #1597 ),
 ( #2828, #7635 ),
 ( #7594, #2189 ),
 ( #5238, #1518 ),
 ( #7018, #5278 ),
 ( #5111, #6461 ),
 ( #3926, #3388 ) ),
 .UNSPECIFIED., .F., .F., .F. ) 
 B_SPLINE_SURFACE_WITH_KNOTS ( ( 4, 3, 4 ),
 ( 2, 2 ),
 ( 0.000000000000000000, 0.5000000000000000000, 1.000000000000000000 ),
 ( 0.000000000000000000, 1.000000000000000000 ),
 .UNSPECIFIED. ) 
 GEOMETRIC_REPRESENTATION_ITEM ( )  RATIONAL_B_SPLINE_SURFACE ( (
 ( 1.000000000000000000, 1.000000000000000000),
 ( 0.5953481791230077480, 0.5953481791230077480),
 ( 0.5953481791230077480, 0.5953481791230077480),
 ( 1.000000000000000000, 1.000000000000000000),
 ( 0.5953481791230077480, 0.5953481791230077480),
 ( 0.5953481791230077480, 0.5953481791230077480),
 ( 1.000000000000000000, 1.000000000000000000) ) ) 
 REPRESENTATION_ITEM ( '' )  SURFACE ( )  );
#3668 = SURFACE_STYLE_USAGE ( .BOTH. , #5452 ) ;
#3669 = ORIENTED_EDGE ( 'NONE', *, *, #2655, .F. ) ;
#3670 = COLOUR_RGB ( '',0.8313725490196077761, 0.6705882352941175961, 0.1294117647058823373 ) ;
#3671 = CARTESIAN_POINT ( 'NONE',  ( 3.540000000000000480, 1.800000000000000488, 0.1166666666666665297 ) ) ;
#3672 = ORIENTED_EDGE ( 'NONE', *, *, #4470, .T. ) ;
#3673 =( GEOMETRIC_REPRESENTATION_CONTEXT ( 3 ) GLOBAL_UNCERTAINTY_ASSIGNED_CONTEXT ( ( #3554 ) ) GLOBAL_UNIT_ASSIGNED_CONTEXT ( ( #5959, #2940, #1151 ) ) REPRESENTATION_CONTEXT ( 'NONE', 'WORKASPACE' ) );
#3674 = CARTESIAN_POINT ( 'NONE',  ( 1.606302744966793483, 4.293911919603389471, -0.3500000000000001443 ) ) ;
#3675 = ORIENTED_EDGE ( 'NONE', *, *, #5499, .T. ) ;
#3676 = CARTESIAN_POINT ( 'NONE',  ( -1.000000000000000000, 6.500000000000000888, 0.3499999999999989231 ) ) ;
#3677 = PRESENTATION_LAYER_ASSIGNMENT (  '', '', ( #3185 ) ) ;
#3678 =( BOUNDED_CURVE ( )  B_SPLINE_CURVE ( 3, ( #1141, #3545, #1102, #3507 ),
 .UNSPECIFIED., .F., .F. ) 
 B_SPLINE_CURVE_WITH_KNOTS ( ( 4, 4 ),
 ( 3.924083526751089845, 4.712388980384689674 ),
 .UNSPECIFIED. ) 
 CURVE ( )  GEOMETRIC_REPRESENTATION_ITEM ( )  RATIONAL_B_SPLINE_CURVE ( ( 1.000000000000000000, 0.9488815137910379116, 0.9488815137910379116, 1.000000000000000000 ) ) 
 REPRESENTATION_ITEM ( '' )  );
#3679 = CARTESIAN_POINT ( 'NONE',  ( 6.061660679612409730, 3.374693912578979660, -0.3500000000000001443 ) ) ;
#3680 = FACE_OUTER_BOUND ( 'NONE', #6941, .T. ) ;
#3681 = ORIENTED_EDGE ( 'NONE', *, *, #2081, .F. ) ;
#3682 = FACE_OUTER_BOUND ( 'NONE', #1256, .T. ) ;
#3683 = CARTESIAN_POINT ( 'NONE',  ( 2.187475984454220423, 5.732672356334980179, -0.3500000000000000333 ) ) ;
#3684 = CARTESIAN_POINT ( 'NONE',  ( 1.853245067392238710, 0.5000000000000000000, -0.6500000000000013545 ) ) ;
#3685 = ADVANCED_BREP_SHAPE_REPRESENTATION ( '100mill Female Pin Header_4P_Gr', ( #4752, #4657, #7368, #7165, #4564, #2124 ), #2256 ) ;
#3686 = UNCERTAINTY_MEASURE_WITH_UNIT (LENGTH_MEASURE( 1.000000000000000082E-05 ), #4473, 'distance_accuracy_value', 'NONE');
#3687 = CARTESIAN_POINT ( 'NONE',  ( 5.430000000000000604, 1.084202172485506745E-17, 0.3499999999999998668 ) ) ;
#3688 = CARTESIAN_POINT ( 'NONE',  ( 5.579999999999999183, 6.084152315493285279, -0.3500000000000000888 ) ) ;
#3689 = LINE ( 'NONE', #3536, #1582 ) ;
#3690 = VECTOR ( 'NONE', #5746, 1000.000000000000000 ) ;
#3691 = EDGE_CURVE ( 'NONE', #4839, #1025, #6452, .T. ) ;
#3692 = FACE_OUTER_BOUND ( 'NONE', #3297, .T. ) ;
#3693 = CARTESIAN_POINT ( 'NONE',  ( 4.930000000000001492, -3.000000000000000000, 0.3499999999999998668 ) ) ;
#3694 = ADVANCED_FACE ( 'NONE', ( #2815 ), #7705, .F. ) ;
#3695 = ORIENTED_EDGE ( 'NONE', *, *, #2488, .T. ) ;
#3696 = AXIS2_PLACEMENT_3D ( 'NONE', #1260, #5528, #4924 ) ;
#3697 = CARTESIAN_POINT ( 'NONE',  ( 5.968849546050877031, 4.917640708297875918, 0.3499999999999998668 ) ) ;
#3698 = FACE_OUTER_BOUND ( 'NONE', #6551, .T. ) ;
#3699 = CARTESIAN_POINT ( 'NONE',  ( 4.393245067392238745, 0.5000000000000000000, -0.6500000000000013545 ) ) ;
#3700 = ORIENTED_EDGE ( 'NONE', *, *, #6907, .T. ) ;
#3701 = FACE_OUTER_BOUND ( 'NONE', #2357, .T. ) ;
#3702 = VECTOR ( 'NONE', #6092, 1000.000000000000000 ) ;
#3703 = DIRECTION ( 'NONE',  ( 1.000000000000000000, 0.000000000000000000, 0.000000000000000000 ) ) ;
#3704 = SURFACE_SIDE_STYLE ('',( #5635 ) ) ;
#3705 = EDGE_LOOP ( 'NONE', ( #6882, #2212, #408, #1951 ) ) ;
#3706 = PLANE ( 'NONE',  #85 ) ;
#3707 = PRESENTATION_LAYER_ASSIGNMENT (  '', '', ( #7119 ) ) ;
#3708 = CARTESIAN_POINT ( 'NONE',  ( -1.574999999999999289, -1.575000000000006173, 0.3499999999999999778 ) ) ;
#3709 = VERTEX_POINT ( 'NONE', #2335 ) ;
#3710 = CARTESIAN_POINT ( 'NONE',  ( 1.672165113299161510, 5.142569796484067091, -0.3500000000000000888 ) ) ;
#3711 = ORIENTED_EDGE ( 'NONE', *, *, #7243, .F. ) ;
#3712 = VECTOR ( 'NONE', #6886, 1000.000000000000114 ) ;
#3713 = ORIENTED_EDGE ( 'NONE', *, *, #5169, .T. ) ;
#3714 = EDGE_CURVE ( 'NONE', #4964, #3327, #5914, .T. ) ;
#3715 = VECTOR ( 'NONE', #6813, 1000.000000000000000 ) ;
#3716 =( LENGTH_UNIT ( ) NAMED_UNIT ( * ) SI_UNIT ( .MILLI., .METRE. ) );
#3717 = CYLINDRICAL_SURFACE ( 'NONE', #3160, 0.1999999999999999833 ) ;
#3718 = CARTESIAN_POINT ( 'NONE',  ( 4.480000000000001315, 6.299999999999999822, 0.1166666666666664742 ) ) ;
#3719 = ORIENTED_EDGE ( 'NONE', *, *, #3239, .T. ) ;
#3720 = DIRECTION ( 'NONE',  ( 0.000000000000000000, -1.668003342285391551E-16, -1.000000000000000000 ) ) ;
#3721 = CARTESIAN_POINT ( 'NONE',  ( 1.000000000000000444, 1.800000000000000488, -0.3499999999999999778 ) ) ;
#3722 = EDGE_CURVE ( 'NONE', #4108, #2487, #3176, .T. ) ;
#3723 = FACE_OUTER_BOUND ( 'NONE', #4806, .T. ) ;
#3724 = CARTESIAN_POINT ( 'NONE',  ( 0.8592672355229086234, 5.226749775238715756, -0.3500000000000001443 ) ) ;
#3725 = SURFACE_STYLE_FILL_AREA ( #3262 ) ;
#3726 = CARTESIAN_POINT ( 'NONE',  ( 0.9599994152017131688, 3.767448265748726932, 0.3500000000000000333 ) ) ;
#3727 =( GEOMETRIC_REPRESENTATION_CONTEXT ( 3 ) GLOBAL_UNCERTAINTY_ASSIGNED_CONTEXT ( ( #3686 ) ) GLOBAL_UNIT_ASSIGNED_CONTEXT ( ( #4473, #4914, #3230 ) ) REPRESENTATION_CONTEXT ( 'NONE', 'WORKASPACE' ) );
#3728 = DIRECTION ( 'NONE',  ( 1.000000000000000000, 0.000000000000000000, 0.000000000000000000 ) ) ;
#3729 = FACE_BOUND ( 'NONE', #6109, .T. ) ;
#3730 = LINE ( 'NONE', #6775, #4044 ) ;
#3731 = EDGE_LOOP ( 'NONE', ( #594, #4439, #2708, #231 ) ) ;
#3732 = VECTOR ( 'NONE', #2136, 1000.000000000000000 ) ;
#3733 = EDGE_CURVE ( 'NONE', #4839, #3960, #3419, .T. ) ;
#3734 = CARTESIAN_POINT ( 'NONE',  ( 8.068193045422141552, 5.884855341312110077, 0.3499999999999998668 ) ) ;
#3735 = DIRECTION ( 'NONE',  ( 1.000000000000000000, 0.000000000000000000, 0.000000000000000000 ) ) ;
#3736 = CARTESIAN_POINT ( 'NONE',  ( 3.185466478527304801, 3.877691542223586030, -0.3500000000000000888 ) ) ;
#3737 = ORIENTED_EDGE ( 'NONE', *, *, #7593, .F. ) ;
#3738 =( NAMED_UNIT ( * ) PLANE_ANGLE_UNIT ( ) SI_UNIT ( $, .RADIAN. ) );
#3739 = VERTEX_POINT ( 'NONE', #7008 ) ;
#3740 = LINE ( 'NONE', #4767, #1519 ) ;
#3741 = SURFACE_SIDE_STYLE ('',( #1333 ) ) ;
#3742 = ORIENTED_EDGE ( 'NONE', *, *, #416, .F. ) ;
#3743 = CARTESIAN_POINT ( 'NONE',  ( 4.398619849678662597, 6.233860305463148066, 0.3499999999999998113 ) ) ;
#3744 = SURFACE_STYLE_USAGE ( .BOTH. , #6749 ) ;
#3745 = LINE ( 'NONE', #6790, #809 ) ;
#3746 = ORIENTED_EDGE ( 'NONE', *, *, #4099, .F. ) ;
#3747 = DIRECTION ( 'NONE',  ( 0.000000000000000000, -3.097720492815727166E-16, -1.000000000000000000 ) ) ;
#3748 = VERTEX_POINT ( 'NONE', #1737 ) ;
#3749 = VECTOR ( 'NONE', #7294, 1000.000000000000000 ) ;
#3750 = SURFACE_STYLE_USAGE ( .BOTH. , #79 ) ;
#3751 = EDGE_LOOP ( 'NONE', ( #702, #7232, #6222, #480 ) ) ;
#3752 = DIRECTION ( 'NONE',  ( 1.000000000000000000, 0.000000000000000000, 0.000000000000000000 ) ) ;
#3753 =( GEOMETRIC_REPRESENTATION_CONTEXT ( 3 ) GLOBAL_UNCERTAINTY_ASSIGNED_CONTEXT ( ( #2061 ) ) GLOBAL_UNIT_ASSIGNED_CONTEXT ( ( #655, #7285, #4277 ) ) REPRESENTATION_CONTEXT ( 'NONE', 'WORKASPACE' ) );
#3754 = CARTESIAN_POINT ( 'NONE',  ( -0.9999999999999995559, 1.800000000000000488, 0.3499999999999999778 ) ) ;
#3755 = SURFACE_STYLE_USAGE ( .BOTH. , #208 ) ;
#3756 = EDGE_CURVE ( 'NONE', #1590, #3007, #7575, .T. ) ;
#3757 = DIRECTION ( 'NONE',  ( 0.000000000000000000, 0.000000000000000000, 1.000000000000000000 ) ) ;
#3758 = EDGE_LOOP ( 'NONE', ( #422, #2968, #579, #6500 ) ) ;
#3759 = CARTESIAN_POINT ( 'NONE',  ( 8.568897102351112238, 4.001162287970013054, 0.3499999999999997002 ) ) ;
#3760 = ADVANCED_FACE ( 'NONE', ( #3455 ), #2861, .F. ) ;
#3761 = COLOUR_RGB ( '',0.8313725490196077761, 0.6705882352941175961, 0.1294117647058823373 ) ;
#3762 = COLOUR_RGB ( '',0.8313725490196077761, 0.6705882352941175961, 0.1294117647058823373 ) ;
#3763 = CARTESIAN_POINT ( 'NONE',  ( 3.486086801408603719, 4.056300144720193401, 0.3499999999999999223 ) ) ;
#3764 = CARTESIAN_POINT ( 'NONE',  ( 0.7851402509197669133, 5.788964205960195564, -0.3499999999999999778 ) ) ;
#3765 = FACE_OUTER_BOUND ( 'NONE', #116, .T. ) ;
#3766 = MECHANICAL_DESIGN_GEOMETRIC_PRESENTATION_REPRESENTATION (  '', ( #2261 ), #513 ) ;
#3767 = CARTESIAN_POINT ( 'NONE',  ( 0.9931181789594349940, 2.798202530626829887, 0.3500000000000000333 ) ) ;
#3768 = DIRECTION ( 'NONE',  ( -0.000000000000000000, -1.000000000000000000, 1.668003342285391551E-16 ) ) ;
#3769 = DIRECTION ( 'NONE',  ( 0.7071067811865474617, 0.7071067811865474617, -0.000000000000000000 ) ) ;
#3770 = DIRECTION ( 'NONE',  ( 0.000000000000000000, 3.097720492815727166E-16, 1.000000000000000000 ) ) ;
#3771 = ORIENTED_EDGE ( 'NONE', *, *, #4899, .T. ) ;
#3772 = MECHANICAL_DESIGN_GEOMETRIC_PRESENTATION_REPRESENTATION (  '', ( #2910 ), #5546 ) ;
#3773 = EDGE_CURVE ( 'NONE', #868, #7012, #2116, .T. ) ;
#3774 =( NAMED_UNIT ( * ) SI_UNIT ( $, .STERADIAN. ) SOLID_ANGLE_UNIT ( ) );
#3775 = CARTESIAN_POINT ( 'NONE',  ( 8.306754932607761432, 0.5000000000000000000, -0.6500000000000013545 ) ) ;
#3776 = ADVANCED_FACE ( 'NONE', ( #6676 ), #2486, .F. ) ;
#3777 = EDGE_LOOP ( 'NONE', ( #4422, #1814, #6867, #5835 ) ) ;
#3778 = STYLED_ITEM ( 'NONE', ( #5470 ), #1638 ) ;
#3779 = EDGE_LOOP ( 'NONE', ( #6247, #3209, #316, #3129 ) ) ;
#3780 = DIRECTION ( 'NONE',  ( -0.000000000000000000, -1.000000000000000000, 1.668003342285392044E-16 ) ) ;
#3781 = CARTESIAN_POINT ( 'NONE',  ( 2.540000000000000036, 0.5000000000000005551, 0.3499999999999999223 ) ) ;
#3782 = DIRECTION ( 'NONE',  ( -3.097720492815726426E-17, 1.000000000000000000, 0.000000000000000000 ) ) ;
#3783 = ORIENTED_EDGE ( 'NONE', *, *, #3384, .F. ) ;
#3784 = CARTESIAN_POINT ( 'NONE',  ( 4.137499970055214860, 4.124619419408428911, 0.3499999999999998113 ) ) ;
#3785 = DIRECTION ( 'NONE',  ( 0.5000000000000022204, -0.8660254037844373753, 0.000000000000000000 ) ) ;
#3786 = CARTESIAN_POINT ( 'NONE',  ( -1.469999999999999973, 8.500000000000000000, -1.199999999999999956 ) ) ;
#3787 = ORIENTED_EDGE ( 'NONE', *, *, #4945, .T. ) ;
#3788 = EDGE_LOOP ( 'NONE', ( #4218, #5682, #1731, #7680 ) ) ;
#3789 = VECTOR ( 'NONE', #5157, 1000.000000000000000 ) ;
#3790 = CARTESIAN_POINT ( 'NONE',  ( 7.267475984454220495, 5.732672356334980179, -0.3500000000000001443 ) ) ;
#3791 = ORIENTED_EDGE ( 'NONE', *, *, #3722, .T. ) ;
#3792 = EDGE_CURVE ( 'NONE', #35, #6720, #6105, .T. ) ;
#3793 =( NAMED_UNIT ( * ) SI_UNIT ( $, .STERADIAN. ) SOLID_ANGLE_UNIT ( ) );
#3794 = VECTOR ( 'NONE', #2690, 1000.000000000000000 ) ;
#3795 = STYLED_ITEM ( 'NONE', ( #7321 ), #2177 ) ;
#3796 = CARTESIAN_POINT ( 'NONE',  ( 7.945255819881804626, 5.589454083063163381, -0.3500000000000001443 ) ) ;
#3797 =( LENGTH_UNIT ( ) NAMED_UNIT ( * ) SI_UNIT ( .MILLI., .METRE. ) );
#3798 = DIRECTION ( 'NONE',  ( 1.000000000000000000, 0.000000000000000000, -7.744301232039316681E-17 ) ) ;
#3799 = CARTESIAN_POINT ( 'NONE',  ( 8.564695486956164672, 4.083092593512565038, -0.3500000000000000888 ) ) ;
#3800 = ORIENTED_EDGE ( 'NONE', *, *, #5691, .T. ) ;
#3801 = LINE ( 'NONE', #1392, #1867 ) ;
#3802 = CARTESIAN_POINT ( 'NONE',  ( -0.4999999999999985012, 6.299999999999999822, -0.3499999999999999778 ) ) ;
#3803 = VECTOR ( 'NONE', #2055, 1000.000000000000000 ) ;
#3804 = LINE ( 'NONE', #6328, #1625 ) ;
#3805 = DIRECTION ( 'NONE',  ( 1.000000000000000000, 0.000000000000000000, 0.000000000000000000 ) ) ;
#3806 = PRESENTATION_LAYER_ASSIGNMENT (  '', '', ( #6710 ) ) ;
#3807 = DIRECTION ( 'NONE',  ( 1.000000000000000000, 1.084202172485504434E-16, 0.000000000000000000 ) ) ;
#3808 = CARTESIAN_POINT ( 'NONE',  ( 2.214744180118195516, 5.589454083063166046, -0.3500000000000000333 ) ) ;
#3809 = SURFACE_STYLE_FILL_AREA ( #1403 ) ;
#3810 =( LENGTH_UNIT ( ) NAMED_UNIT ( * ) SI_UNIT ( .MILLI., .METRE. ) );
#3811 = EDGE_CURVE ( 'NONE', #4206, #4101, #4886, .T. ) ;
#3812 =( NAMED_UNIT ( * ) PLANE_ANGLE_UNIT ( ) SI_UNIT ( $, .RADIAN. ) );
#3813 = ORIENTED_EDGE ( 'NONE', *, *, #2232, .T. ) ;
#3814 = CARTESIAN_POINT ( 'NONE',  ( 4.080000000000000959, 6.299999999999999822, 0.3849999999999998979 ) ) ;
#3815 = EDGE_CURVE ( 'NONE', #3327, #4766, #4813, .T. ) ;
#3816 = CARTESIAN_POINT ( 'NONE',  ( 8.489615242270662776, 8.500000000000000000, 0.8696152422706628915 ) ) ;
#3817 = ORIENTED_EDGE ( 'NONE', *, *, #5230, .F. ) ;
#3818 =( LENGTH_UNIT ( ) NAMED_UNIT ( * ) SI_UNIT ( .MILLI., .METRE. ) );
#3819 = VERTEX_POINT ( 'NONE', #7783 ) ;
#3820 = DIRECTION ( 'NONE',  ( -1.000000000000000000, 0.000000000000000000, 0.000000000000000000 ) ) ;
#3821 = DIRECTION ( 'NONE',  ( 1.000000000000000000, 0.000000000000000000, -2.053413205464970640E-17 ) ) ;
#3822 = LINE ( 'NONE', #1372, #5776 ) ;
#3823 = VECTOR ( 'NONE', #3317, 1000.000000000000000 ) ;
#3824 = VERTEX_POINT ( 'NONE', #117 ) ;
#3825 = CARTESIAN_POINT ( 'NONE',  ( 7.941845733883979186, 5.626229152235330488, -0.3500000000000001443 ) ) ;
#3826 = CARTESIAN_POINT ( 'NONE',  ( -0.1499999999999994393, -3.000000000000000000, 0.3499999999999999778 ) ) ;
#3827 = AXIS2_PLACEMENT_3D ( 'NONE', #4811, #7227, #4884 ) ;
#3828 = ORIENTED_EDGE ( 'NONE', *, *, #3449, .T. ) ;
#3829 = DIRECTION ( 'NONE',  ( 0.000000000000000000, -0.000000000000000000, 1.000000000000000000 ) ) ;
#3830 = ORIENTED_EDGE ( 'NONE', *, *, #6709, .F. ) ;
#3831 = CARTESIAN_POINT ( 'NONE',  ( 7.120000000000000995, 6.084152315493286167, -0.3500000000000000888 ) ) ;
#3832 = ORIENTED_EDGE ( 'NONE', *, *, #2081, .T. ) ;
#3833 = ADVANCED_FACE ( 'NONE', ( #2448 ), #7302, .F. ) ;
#3834 = VECTOR ( 'NONE', #7405, 1000.000000000000000 ) ;
#3835 = CARTESIAN_POINT ( 'NONE',  ( 2.018154266116020334, 5.626229152235333153, -5.215669541881025753E-17 ) ) ;
#3836 = CARTESIAN_POINT ( 'NONE',  ( 5.880167876875766808, 5.699693040755678730, -0.3500000000000001443 ) ) ;
#3837 = SURFACE_SIDE_STYLE ('',( #6801 ) ) ;
#3838 = ORIENTED_EDGE ( 'NONE', *, *, #1640, .T. ) ;
#3839 =( GEOMETRIC_REPRESENTATION_CONTEXT ( 3 ) GLOBAL_UNCERTAINTY_ASSIGNED_CONTEXT ( ( #4780 ) ) GLOBAL_UNIT_ASSIGNED_CONTEXT ( ( #5743, #4594, #1023 ) ) REPRESENTATION_CONTEXT ( 'NONE', 'WORKASPACE' ) );
#3840 = CARTESIAN_POINT ( 'NONE',  ( 0.3500000000000000333, 8.000000000000000000, 0.3499999999999999778 ) ) ;
#3841 = PRESENTATION_LAYER_ASSIGNMENT (  '', '', ( #7121 ) ) ;
#3842 =( NAMED_UNIT ( * ) SI_UNIT ( $, .STERADIAN. ) SOLID_ANGLE_UNIT ( ) );
#3843 = CARTESIAN_POINT ( 'NONE',  ( 0.6000000000000005329, 6.299999999999999822, -0.3499999999999999778 ) ) ;
#3844 = CARTESIAN_POINT ( 'NONE',  ( 2.040000000000001812, 6.084152315493286167, -0.3499999999999999778 ) ) ;
#3845 =( NAMED_UNIT ( * ) SI_UNIT ( $, .STERADIAN. ) SOLID_ANGLE_UNIT ( ) );
#3846 = SURFACE_STYLE_USAGE ( .BOTH. , #4509 ) ;
#3847 = AXIS2_PLACEMENT_3D ( 'NONE', #4240, #652, #6654 ) ;
#3848 = CARTESIAN_POINT ( 'NONE',  ( 5.430000000000000604, 8.199999999999999289, -0.3500000000000000333 ) ) ;
#3849 = SURFACE_SIDE_STYLE ('',( #4354 ) ) ;
#3850 = VERTEX_POINT ( 'NONE', #6069 ) ;
#3851 = PRESENTATION_STYLE_ASSIGNMENT (( #5592 ) ) ;
#3852 = MECHANICAL_DESIGN_GEOMETRIC_PRESENTATION_REPRESENTATION (  '', ( #583 ), #469 ) ;
#3853 = CARTESIAN_POINT ( 'NONE',  ( -1.469999999999999973, 0.000000000000000000, -1.199999999999999956 ) ) ;
#3854 = PLANE ( 'NONE',  #7014 ) ;
#3855 = VERTEX_POINT ( 'NONE', #4185 ) ;
#3856 = ADVANCED_FACE ( 'NONE', ( #4928 ), #1926, .T. ) ;
#3857 = EDGE_LOOP ( 'NONE', ( #6698, #1776, #3584, #2945 ) ) ;
#3858 = FILL_AREA_STYLE_COLOUR ( '', #5402 ) ;
#3859 = FACE_OUTER_BOUND ( 'NONE', #2635, .T. ) ;
#3860 = PRESENTATION_LAYER_ASSIGNMENT (  '', '', ( #3240 ) ) ;
#3861 = EDGE_CURVE ( 'NONE', #1340, #6129, #3325, .T. ) ;
#3862 = ORIENTED_EDGE ( 'NONE', *, *, #7155, .T. ) ;
#3863 = CARTESIAN_POINT ( 'NONE',  ( -0.3499999999999990896, -2.800000000000001155, -0.3499999999999999778 ) ) ;
#3864 = PRESENTATION_LAYER_ASSIGNMENT (  '', '', ( #7515 ) ) ;
#3865 = ORIENTED_EDGE ( 'NONE', *, *, #3565, .F. ) ;
#3866 = SURFACE_SIDE_STYLE ('',( #4487 ) ) ;
#3867 = ORIENTED_EDGE ( 'NONE', *, *, #4255, .T. ) ;
#3868 = CARTESIAN_POINT ( 'NONE',  ( 6.080000000000000071, 6.500000000000000888, -0.3500000000000010880 ) ) ;
#3869 = PLANE ( 'NONE',  #3558 ) ;
#3870 = EDGE_LOOP ( 'NONE', ( #6456, #6946, #3413, #3675 ) ) ;
#3871 = CARTESIAN_POINT ( 'NONE',  ( 1.540000000000000036, 0.5000000000000000000, -0.3500000000000000888 ) ) ;
#3872 = DIRECTION ( 'NONE',  ( 0.000000000000000000, 0.000000000000000000, 1.000000000000000000 ) ) ;
#3873 = CARTESIAN_POINT ( 'NONE',  ( -0.6999999999999995115, 0.5000000000000004441, 0.3499999999999999778 ) ) ;
#3874 = CARTESIAN_POINT ( 'NONE',  ( 7.972524015545777942, 5.732672356334978403, -0.3500000000000001443 ) ) ;
#3875 = DIRECTION ( 'NONE',  ( -0.000000000000000000, 1.000000000000000000, -0.000000000000000000 ) ) ;
#3876 = CARTESIAN_POINT ( 'NONE',  ( -0.3499999999999990896, -2.800000000000001155, 0.3499999999999999778 ) ) ;
#3877 = ORIENTED_EDGE ( 'NONE', *, *, #3815, .F. ) ;
#3878 = ORIENTED_EDGE ( 'NONE', *, *, #2377, .F. ) ;
#3879 = LINE ( 'NONE', #2015, #7212 ) ;
#3880 =( GEOMETRIC_REPRESENTATION_CONTEXT ( 3 ) GLOBAL_UNCERTAINTY_ASSIGNED_CONTEXT ( ( #6244 ) ) GLOBAL_UNIT_ASSIGNED_CONTEXT ( ( #4558, #3277, #2119 ) ) REPRESENTATION_CONTEXT ( 'NONE', 'WORKASPACE' ) );
#3881 = CARTESIAN_POINT ( 'NONE',  ( -0.3500000000000000333, 8.199999999999999289, 0.3499999999999999778 ) ) ;
#3882 = CARTESIAN_POINT ( 'NONE',  ( 5.432524015545779683, 5.732672356334978403, 0.3499999999999998668 ) ) ;
#3883 = CARTESIAN_POINT ( 'NONE',  ( 2.040000000000001812, 6.299999999999999822, -0.3500000000000000333 ) ) ;
#3884 = DIRECTION ( 'NONE',  ( 0.000000000000000000, 1.668003342285388099E-16, 1.000000000000000000 ) ) ;
#3885 = PRESENTATION_STYLE_ASSIGNMENT (( #729 ) ) ;
#3886 = CARTESIAN_POINT ( 'NONE',  ( 3.140000000000000568, 6.299999999999999822, -0.3500000000000000333 ) ) ;
#3887 = CARTESIAN_POINT ( 'NONE',  ( 2.988193045422142369, 5.884855341312110966, 0.3499999999999999778 ) ) ;
#3888 = CARTESIAN_POINT ( 'NONE',  ( 0.7000000000000006217, 0.5000000000000006661, 0.3499999999999999778 ) ) ;
#3889 = EDGE_LOOP ( 'NONE', ( #2924, #436, #7190, #5770 ) ) ;
#3890 = PRESENTATION_STYLE_ASSIGNMENT (( #6386 ) ) ;
#3891 = VECTOR ( 'NONE', #6668, 1000.000000000000000 ) ;
#3892 = DIRECTION ( 'NONE',  ( -0.000000000000000000, 1.668003342285391551E-16, 1.000000000000000000 ) ) ;
#3893 = SURFACE_STYLE_USAGE ( .BOTH. , #1484 ) ;
#3894 = ORIENTED_EDGE ( 'NONE', *, *, #616, .T. ) ;
#3895 = CARTESIAN_POINT ( 'NONE',  ( 4.393245067392238745, 6.500000000000000888, 0.3499999999999989231 ) ) ;
#3896 = SURFACE_STYLE_USAGE ( .BOTH. , #6869 ) ;
#3897 =( NAMED_UNIT ( * ) PLANE_ANGLE_UNIT ( ) SI_UNIT ( $, .RADIAN. ) );
#3898 = EDGE_LOOP ( 'NONE', ( #547, #2766, #2762, #4526 ) ) ;
#3899 = DIRECTION ( 'NONE',  ( -0.7071067811865474617, -0.7071067811865474617, -0.000000000000000000 ) ) ;
#3900 = EDGE_CURVE ( 'NONE', #4480, #960, #6358, .T. ) ;
#3901 = DIRECTION ( 'NONE',  ( -0.000000000000000000, 0.000000000000000000, 1.000000000000000000 ) ) ;
#3902 = ORIENTED_EDGE ( 'NONE', *, *, #7574, .F. ) ;
#3903 = ORIENTED_EDGE ( 'NONE', *, *, #4842, .F. ) ;
#3904 =( NAMED_UNIT ( * ) SI_UNIT ( $, .STERADIAN. ) SOLID_ANGLE_UNIT ( ) );
#3905 = SURFACE_STYLE_USAGE ( .BOTH. , #1500 ) ;
#3906 = VERTEX_POINT ( 'NONE', #7531 ) ;
#3907 = AXIS2_PLACEMENT_3D ( 'NONE', #899, #305, #5154 ) ;
#3908 = PRODUCT_DEFINITION_CONTEXT ( 'detailed design', #6590, 'design' ) ;
#3909 = ADVANCED_FACE ( 'NONE', ( #2128 ), #7490, .F. ) ;
#3910 = CARTESIAN_POINT ( 'NONE',  ( 6.933245067392238781, 0.5000000000000002220, 0.3499999999999998668 ) ) ;
#3911 = ADVANCED_FACE ( 'NONE', ( #835 ), #6792, .F. ) ;
#3912 = CARTESIAN_POINT ( 'NONE',  ( 3.003356898907900252, 1.699999999999997957, 0.3499999999999999223 ) ) ;
#3913 = DIRECTION ( 'NONE',  ( -0.000000000000000000, -0.000000000000000000, -1.000000000000000000 ) ) ;
#3914 = DIRECTION ( 'NONE',  ( -1.000000000000000000, 0.000000000000000000, 0.000000000000000000 ) ) ;
#3915 = VECTOR ( 'NONE', #4216, 1000.000000000000114 ) ;
#3916 =( NAMED_UNIT ( * ) PLANE_ANGLE_UNIT ( ) SI_UNIT ( $, .RADIAN. ) );
#3917 = EDGE_LOOP ( 'NONE', ( #5672, #1299, #6068, #1373 ) ) ;
#3918 = ORIENTED_EDGE ( 'NONE', *, *, #638, .F. ) ;
#3919 = CARTESIAN_POINT ( 'NONE',  ( -0.3499999999999991451, 0.5000000000000005551, 0.3499999999999999778 ) ) ;
#3920 =( BOUNDED_SURFACE ( )  B_SPLINE_SURFACE ( 2, 3, ( 
 ( #516, #6509, #2883, #7215 ),
 ( #1757, #4720, #4202, #2279 ),
 ( #2996, #2237, #4675, #4635 ) ),
 .UNSPECIFIED., .F., .F., .F. ) 
 B_SPLINE_SURFACE_WITH_KNOTS ( ( 3, 3 ),
 ( 4, 4 ),
 ( 0.000000000000000000, 1.000000000000000000 ),
 ( -3.500000000000000371E-05, 0.0007349999999999999763 ),
 .UNSPECIFIED. ) 
 GEOMETRIC_REPRESENTATION_ITEM ( )  RATIONAL_B_SPLINE_SURFACE ( (
 ( 1.000000000000000000, 1.000000000000000000, 1.000000000000000000, 1.000000000000000000),
 ( 0.7071067811865475727, 0.7071067811865475727, 0.7071067811865475727, 0.7071067811865475727),
 ( 1.000000000000000000, 1.000000000000000000, 1.000000000000000000, 1.000000000000000000) ) ) 
 REPRESENTATION_ITEM ( '' )  SURFACE ( )  );
#3921 = VECTOR ( 'NONE', #7471, 1000.000000000000000 ) ;
#3922 = PRESENTATION_LAYER_ASSIGNMENT (  '', '', ( #3795 ) ) ;
#3923 = CARTESIAN_POINT ( 'NONE',  ( 3.349502423613084812, 5.635051924204145024, 0.3499999999999998668 ) ) ;
#3924 =( LENGTH_UNIT ( ) NAMED_UNIT ( * ) SI_UNIT ( .MILLI., .METRE. ) );
#3925 =( GEOMETRIC_REPRESENTATION_CONTEXT ( 3 ) GLOBAL_UNCERTAINTY_ASSIGNED_CONTEXT ( ( #2367 ) ) GLOBAL_UNIT_ASSIGNED_CONTEXT ( ( #6877, #325, #6838 ) ) REPRESENTATION_CONTEXT ( 'NONE', 'WORKASPACE' ) );
#3926 = CARTESIAN_POINT ( 'NONE',  ( 7.945255819881804626, 5.589454083063165157, 0.3499999999999998113 ) ) ;
#3927 =( GEOMETRIC_REPRESENTATION_CONTEXT ( 3 ) GLOBAL_UNCERTAINTY_ASSIGNED_CONTEXT ( ( #6734 ) ) GLOBAL_UNIT_ASSIGNED_CONTEXT ( ( #5425, #2943, #4263 ) ) REPRESENTATION_CONTEXT ( 'NONE', 'WORKASPACE' ) );
#3928 = CARTESIAN_POINT ( 'NONE',  ( 2.190000000000000835, 0.5000000000000005551, -0.3500000000000000333 ) ) ;
#3929 = CARTESIAN_POINT ( 'NONE',  ( 1.000000000000000666, 1.121588454295350273E-16, 0.3499999999999999778 ) ) ;
#3930 = ORIENTED_EDGE ( 'NONE', *, *, #5055, .F. ) ;
#3931 = VECTOR ( 'NONE', #4491, 1000.000000000000114 ) ;
#3932 = CARTESIAN_POINT ( 'NONE',  ( 0.5218457338839795900, 5.626229152235330488, 0.3499999999999999778 ) ) ;
#3933 = EDGE_CURVE ( 'NONE', #1854, #4971, #7407, .T. ) ;
#3934 = LINE ( 'NONE', #7643, #5721 ) ;
#3935 = CARTESIAN_POINT ( 'NONE',  ( 2.189999999999999947, 8.000000000000000000, -0.3499999999999999778 ) ) ;
#3936 = ORIENTED_EDGE ( 'NONE', *, *, #3625, .F. ) ;
#3937 = DIRECTION ( 'NONE',  ( -1.000000000000000000, -1.084202172485504434E-16, 0.000000000000000000 ) ) ;
#3938 = ORIENTED_EDGE ( 'NONE', *, *, #3283, .T. ) ;
#3939 = FILL_AREA_STYLE ('',( #3858 ) ) ;
#3940 = CARTESIAN_POINT ( 'NONE',  ( 3.540000000000000480, 1.121588454295350273E-16, 0.3499999999999999223 ) ) ;
#3941 = VECTOR ( 'NONE', #2545, 1000.000000000000000 ) ;
#3942 = ORIENTED_EDGE ( 'NONE', *, *, #2744, .F. ) ;
#3943 = DIRECTION ( 'NONE',  ( 1.000000000000000000, -0.000000000000000000, 0.000000000000000000 ) ) ;
#3944 =( NAMED_UNIT ( * ) SI_UNIT ( $, .STERADIAN. ) SOLID_ANGLE_UNIT ( ) );
#3945 = ORIENTED_EDGE ( 'NONE', *, *, #1002, .F. ) ;
#3946 = LINE ( 'NONE', #1615, #3948 ) ;
#3947 = ORIENTED_EDGE ( 'NONE', *, *, #1424, .T. ) ;
#3948 = VECTOR ( 'NONE', #6354, 1000.000000000000000 ) ;
#3949 = PLANE ( 'NONE',  #255 ) ;
#3950 = EDGE_CURVE ( 'NONE', #4477, #1411, #5046, .T. ) ;
#3951 = EDGE_CURVE ( 'NONE', #1020, #4542, #3510, .T. ) ;
#3952 = ORIENTED_EDGE ( 'NONE', *, *, #3347, .F. ) ;
#3953 = CARTESIAN_POINT ( 'NONE',  ( 9.090000000000001634, 0.5000000000000000000, -0.6499999999999989120 ) ) ;
#3954 = LINE ( 'NONE', #90, #6004 ) ;
#3955 = LINE ( 'NONE', #6363, #3352 ) ;
#3956 = CARTESIAN_POINT ( 'NONE',  ( 9.090000000000001634, 0.5000000000000000000, -0.6499999999999989120 ) ) ;
#3957 = FILL_AREA_STYLE_COLOUR ( '', #5339 ) ;
#3958 = PLANE ( 'NONE',  #333 ) ;
#3959 = EDGE_LOOP ( 'NONE', ( #2666, #366, #5002, #4453 ) ) ;
#3960 = VERTEX_POINT ( 'NONE', #3408 ) ;
#3961 = CARTESIAN_POINT ( 'NONE',  ( 8.484197381770396618, 5.178803639424134353, 0.3499999999999998668 ) ) ;
#3962 = EDGE_CURVE ( 'NONE', #5881, #2896, #4062, .T. ) ;
#3963 = EDGE_CURVE ( 'NONE', #6632, #3748, #5793, .T. ) ;
#3964 = VECTOR ( 'NONE', #5622, 1000.000000000000000 ) ;
#3965 = FACE_OUTER_BOUND ( 'NONE', #5949, .T. ) ;
#3966 = CARTESIAN_POINT ( 'NONE',  ( 0.7881569290043444198, 5.771059683742178592, 0.3500000000000000333 ) ) ;
#3967 = CARTESIAN_POINT ( 'NONE',  ( -0.4633568989079023814, 1.700000000000002620, -0.3499999999999999778 ) ) ;
#3968 =( LENGTH_UNIT ( ) NAMED_UNIT ( * ) SI_UNIT ( .MILLI., .METRE. ) );
#3969 =( GEOMETRIC_REPRESENTATION_CONTEXT ( 3 ) GLOBAL_UNCERTAINTY_ASSIGNED_CONTEXT ( ( #7108 ) ) GLOBAL_UNIT_ASSIGNED_CONTEXT ( ( #2983, #1158, #2454 ) ) REPRESENTATION_CONTEXT ( 'NONE', 'WORKASPACE' ) );
#3970 = EDGE_CURVE ( 'NONE', #7650, #2013, #7734, .T. ) ;
#3971 = ORIENTED_EDGE ( 'NONE', *, *, #4390, .T. ) ;
#3972 = DIRECTION ( 'NONE',  ( -0.000000000000000000, -0.000000000000000000, -1.000000000000000000 ) ) ;
#3973 = LINE ( 'NONE', #4670, #5362 ) ;
#3974 = DIRECTION ( 'NONE',  ( 0.000000000000000000, -1.000000000000000000, 1.668003342285391797E-16 ) ) ;
#3975 = ORIENTED_EDGE ( 'NONE', *, *, #7485, .F. ) ;
#3976 = CARTESIAN_POINT ( 'NONE',  ( 4.580000000000001847, 6.299999999999999822, 0.3499999999999998668 ) ) ;
#3977 = EDGE_CURVE ( 'NONE', #4020, #2, #4102, .T. ) ;
#3978 = EDGE_CURVE ( 'NONE', #7694, #5312, #1799, .T. ) ;
#3979 = CARTESIAN_POINT ( 'NONE',  ( -0.6867549326077613259, 0.5000000000000000000, -0.3500000000000000888 ) ) ;
#3980 = DIRECTION ( 'NONE',  ( -1.000000000000000000, -0.000000000000000000, 2.053413205464970640E-17 ) ) ;
#3981 = VERTEX_POINT ( 'NONE', #7571 ) ;
#3982 =( BOUNDED_SURFACE ( )  B_SPLINE_SURFACE ( 3, 1, ( 
 ( #1229, #2380 ),
 ( #3058, #4785 ),
 ( #4192, #6532 ),
 ( #1124, #4819 ),
 ( #3524, #5923 ),
 ( #2948, #5355 ),
 ( #7752, #4745 ) ),
 .UNSPECIFIED., .F., .F., .F. ) 
 B_SPLINE_SURFACE_WITH_KNOTS ( ( 4, 3, 4 ),
 ( 2, 2 ),
 ( 0.000000000000000000, 0.5000000000000000000, 1.000000000000000000 ),
 ( 0.000000000000000000, 1.000000000000000000 ),
 .UNSPECIFIED. ) 
 GEOMETRIC_REPRESENTATION_ITEM ( )  RATIONAL_B_SPLINE_SURFACE ( (
 ( 1.000000000000000000, 1.000000000000000000),
 ( 0.5953481791230080811, 0.5953481791230080811),
 ( 0.5953481791230080811, 0.5953481791230080811),
 ( 1.000000000000000000, 1.000000000000000000),
 ( 0.5953481791230080811, 0.5953481791230080811),
 ( 0.5953481791230080811, 0.5953481791230080811),
 ( 1.000000000000000000, 1.000000000000000000) ) ) 
 REPRESENTATION_ITEM ( '' )  SURFACE ( )  );
#3983 = VECTOR ( 'NONE', #2844, 1000.000000000000000 ) ;
#3984 = SURFACE_STYLE_USAGE ( .BOTH. , #1574 ) ;
#3985 = ORIENTED_EDGE ( 'NONE', *, *, #3017, .T. ) ;
#3986 = CARTESIAN_POINT ( 'NONE',  ( 1.540000000000000480, 1.800000000000000488, -0.3500000000000000333 ) ) ;
#3987 = ORIENTED_EDGE ( 'NONE', *, *, #2499, .F. ) ;
#3988 =( GEOMETRIC_REPRESENTATION_CONTEXT ( 3 ) GLOBAL_UNCERTAINTY_ASSIGNED_CONTEXT ( ( #6688 ) ) GLOBAL_UNIT_ASSIGNED_CONTEXT ( ( #6291, #2788, #7059 ) ) REPRESENTATION_CONTEXT ( 'NONE', 'WORKASPACE' ) );
#3989 = CARTESIAN_POINT ( 'NONE',  ( 3.340167876875768549, 5.699693040755679618, -0.3500000000000000888 ) ) ;
#3990 = CARTESIAN_POINT ( 'NONE',  ( 0.3525240155457787239, 5.732672356334978403, -0.3499999999999999778 ) ) ;
#3991 = VERTEX_POINT ( 'NONE', #6517 ) ;
#3992 =( NAMED_UNIT ( * ) SI_UNIT ( $, .STERADIAN. ) SOLID_ANGLE_UNIT ( ) );
#3993 = DIRECTION ( 'NONE',  ( 1.121588454295349533E-16, -1.000000000000000000, 0.000000000000000000 ) ) ;
#3994 = EDGE_CURVE ( 'NONE', #680, #5231, #4684, .T. ) ;
#3995 = CARTESIAN_POINT ( 'NONE',  ( 3.185466478527304801, 3.877691542223584698, 0.3499999999999999223 ) ) ;
#3996 = CARTESIAN_POINT ( 'NONE',  ( 0.5218457338839795900, 5.626229152235330488, 0.000000000000000000 ) ) ;
#3997 = DIRECTION ( 'NONE',  ( 1.000000000000000000, 0.000000000000000000, 0.000000000000000000 ) ) ;
#3998 = DIRECTION ( 'NONE',  ( 0.6546536707079765316, 0.3779644730092290850, -0.6546536707079766426 ) ) ;
#3999 = ORIENTED_EDGE ( 'NONE', *, *, #6900, .F. ) ;
#4000 = EDGE_LOOP ( 'NONE', ( #338, #7406, #1349, #6537 ) ) ;
#4001 = VECTOR ( 'NONE', #4883, 1000.000000000000000 ) ;
#4002 = CARTESIAN_POINT ( 'NONE',  ( 8.565296937195549631, 4.071564961060393451, 0.3499999999999998113 ) ) ;
#4003 = UNCERTAINTY_MEASURE_WITH_UNIT (LENGTH_MEASURE( 1.000000000000000082E-05 ), #5609, 'distance_accuracy_value', 'NONE');
#4004 = PRODUCT_CONTEXT ( 'NONE', #6953, 'mechanical' ) ;
#4005 = MECHANICAL_DESIGN_GEOMETRIC_PRESENTATION_REPRESENTATION (  '', ( #1968 ), #1972 ) ;
#4006 = DIRECTION ( 'NONE',  ( 1.000000000000000000, 0.000000000000000000, 0.000000000000000000 ) ) ;
#4007 = CARTESIAN_POINT ( 'NONE',  ( -0.9999999999999995559, 1.800000000000000488, -0.1283333333333334936 ) ) ;
#4008 = LINE ( 'NONE', #1054, #6506 ) ;
#4009 = SURFACE_SIDE_STYLE ('',( #2737 ) ) ;
#4010 =( NAMED_UNIT ( * ) PLANE_ANGLE_UNIT ( ) SI_UNIT ( $, .RADIAN. ) );
#4011 = CIRCLE ( 'NONE', #4256, 0.3000000000000000444 ) ;
#4012 = DIRECTION ( 'NONE',  ( 0.000000000000000000, 1.000000000000000000, -1.668003342285391797E-16 ) ) ;
#4013 = EDGE_LOOP ( 'NONE', ( #450, #4581, #6967, #2031 ) ) ;
#4014 = CARTESIAN_POINT ( 'NONE',  ( 1.000000000000000000, 6.500000000000000888, -0.3500000000000010880 ) ) ;
#4015 = AXIS2_PLACEMENT_3D ( 'NONE', #2950, #3428, #2268 ) ;
#4016 = CARTESIAN_POINT ( 'NONE',  ( -0.8678348867008387479, 5.142569796484065314, -0.3499999999999999223 ) ) ;
#4017 = ADVANCED_FACE ( 'NONE', ( #2931 ), #5217, .F. ) ;
#4018 = ORIENTED_EDGE ( 'NONE', *, *, #4620, .T. ) ;
#4019 = CARTESIAN_POINT ( 'NONE',  ( 5.766754932607761397, 6.500000000000000888, 0.3499999999999988676 ) ) ;
#4020 = VERTEX_POINT ( 'NONE', #7610 ) ;
#4021 = STYLED_ITEM ( 'NONE', ( #5378 ), #791 ) ;
#4022 = DIRECTION ( 'NONE',  ( 1.000000000000000000, 0.000000000000000000, 0.000000000000000000 ) ) ;
#4023 = ORIENTED_EDGE ( 'NONE', *, *, #7279, .T. ) ;
#4024 = DIRECTION ( 'NONE',  ( -1.000000000000000000, 0.000000000000000000, 7.744301232039316681E-17 ) ) ;
#4025 = COLOUR_RGB ( '',0.8313725490196077761, 0.6705882352941175961, 0.1294117647058823373 ) ;
#4026 = ORIENTED_EDGE ( 'NONE', *, *, #4955, .T. ) ;
#4027 = CARTESIAN_POINT ( 'NONE',  ( -1.469999999999999973, 0.000000000000000000, -0.6499999999999991340 ) ) ;
#4028 = DIRECTION ( 'NONE',  ( 0.000000000000000000, 0.000000000000000000, 1.000000000000000000 ) ) ;
#4029 = ORIENTED_EDGE ( 'NONE', *, *, #2740, .T. ) ;
#4030 = CARTESIAN_POINT ( 'NONE',  ( -0.8696152422706630025, 8.500000000000000000, -0.8696152422706631135 ) ) ;
#4031 = CARTESIAN_POINT ( 'NONE',  ( 4.292463891615423854, 5.774771377977410580, -0.3500000000000000888 ) ) ;
#4032 = LINE ( 'NONE', #1467, #3712 ) ;
#4033 = CARTESIAN_POINT ( 'NONE',  ( 4.393245067392238745, 0.5000000000000000000, -0.3500000000000000888 ) ) ;
#4034 = CARTESIAN_POINT ( 'NONE',  ( 0.000000000000000000, 8.500000000000000000, 0.8696152422706628915 ) ) ;
#4035 = LINE ( 'NONE', #7502, #4851 ) ;
#4036 = ORIENTED_EDGE ( 'NONE', *, *, #4783, .F. ) ;
#4037 = ORIENTED_EDGE ( 'NONE', *, *, #1613, .F. ) ;
#4038 = MECHANICAL_DESIGN_GEOMETRIC_PRESENTATION_REPRESENTATION (  '', ( #3778 ), #7562 ) ;
#4039 = CARTESIAN_POINT ( 'NONE',  ( 8.409603038017694487, 5.762359718948173892, 0.3499999999999997002 ) ) ;
#4040 = CIRCLE ( 'NONE', #7078, 0.1999999999999999833 ) ;
#4041 = DIRECTION ( 'NONE',  ( 0.000000000000000000, 3.097720492815727166E-16, 1.000000000000000000 ) ) ;
#4042 = CARTESIAN_POINT ( 'NONE',  ( 0.6662662111508188545, 6.298959448224887403, 0.3500000000000000888 ) ) ;
#4043 =( NAMED_UNIT ( * ) PLANE_ANGLE_UNIT ( ) SI_UNIT ( $, .RADIAN. ) );
#4044 = VECTOR ( 'NONE', #181, 1000.000000000000000 ) ;
#4045 = VERTEX_POINT ( 'NONE', #3478 ) ;
#4046 = CARTESIAN_POINT ( 'NONE',  ( 7.969999999999999751, 8.199999999999999289, 0.3499999999999999778 ) ) ;
#4047 = FILL_AREA_STYLE_COLOUR ( '', #2695 ) ;
#4048 = STYLED_ITEM ( 'NONE', ( #603 ), #3856 ) ;
#4049 = VECTOR ( 'NONE', #6196, 1000.000000000000000 ) ;
#4050 = LINE ( 'NONE', #2196, #964 ) ;
#4051 = ORIENTED_EDGE ( 'NONE', *, *, #6008, .F. ) ;
#4052 = LINE ( 'NONE', #514, #3328 ) ;
#4053 = DIRECTION ( 'NONE',  ( -1.000000000000000000, 0.000000000000000000, 7.744301232039316681E-17 ) ) ;
#4054 = SURFACE_STYLE_USAGE ( .BOTH. , #7728 ) ;
#4055 = EDGE_CURVE ( 'NONE', #5730, #7217, #5338, .T. ) ;
#4056 = EDGE_LOOP ( 'NONE', ( #1423, #3409, #1107, #5847 ) ) ;
#4057 = AXIS2_PLACEMENT_3D ( 'NONE', #1323, #3152, #7697 ) ;
#4058 = EDGE_CURVE ( 'NONE', #1146, #2298, #2206, .T. ) ;
#4059 = DIRECTION ( 'NONE',  ( -0.7071067811865474617, -0.7071067811865474617, -0.000000000000000000 ) ) ;
#4060 =( NAMED_UNIT ( * ) SI_UNIT ( $, .STERADIAN. ) SOLID_ANGLE_UNIT ( ) );
#4061 = ORIENTED_EDGE ( 'NONE', *, *, #6864, .F. ) ;
#4062 = LINE ( 'NONE', #5872, #6458 ) ;
#4063 = ORIENTED_EDGE ( 'NONE', *, *, #2630, .F. ) ;
#4064 = CARTESIAN_POINT ( 'NONE',  ( 3.325140250919767393, 5.788964205960195564, -0.3500000000000000333 ) ) ;
#4065 = FILL_AREA_STYLE_COLOUR ( '', #5657 ) ;
#4066 = SURFACE_STYLE_FILL_AREA ( #7076 ) ;
#4067 = ORIENTED_EDGE ( 'NONE', *, *, #4190, .T. ) ;
#4068 = ADVANCED_FACE ( 'NONE', ( #2890 ), #7035, .F. ) ;
#4069 = DIRECTION ( 'NONE',  ( 0.000000000000000000, 0.000000000000000000, 1.000000000000000000 ) ) ;
#4070 = VECTOR ( 'NONE', #1879, 1000.000000000000000 ) ;
#4071 = LINE ( 'NONE', #1079, #4219 ) ;
#4072 = FACE_OUTER_BOUND ( 'NONE', #295, .T. ) ;
#4073 = PRESENTATION_STYLE_ASSIGNMENT (( #7584 ) ) ;
#4074 = ORIENTED_EDGE ( 'NONE', *, *, #6100, .F. ) ;
#4075 = VERTEX_POINT ( 'NONE', #7693 ) ;
#4076 = CARTESIAN_POINT ( 'NONE',  ( 8.451453400084238510, 5.476966929918535065, 0.3499999999999998113 ) ) ;
#4077 = VECTOR ( 'NONE', #654, 1000.000000000000000 ) ;
#4078 = EDGE_CURVE ( 'NONE', #4971, #2754, #3946, .T. ) ;
#4079 = LINE ( 'NONE', #2264, #52 ) ;
#4080 = CARTESIAN_POINT ( 'NONE',  ( 0.7871622536570932471, 5.777005459572332136, 0.3499999999999999778 ) ) ;
#4081 = MECHANICAL_DESIGN_GEOMETRIC_PRESENTATION_REPRESENTATION (  '', ( #2960 ), #7352 ) ;
#4082 = DIRECTION ( 'NONE',  ( -3.097720492815726426E-17, 1.000000000000000000, 0.000000000000000000 ) ) ;
#4083 = CARTESIAN_POINT ( 'NONE',  ( 3.039999999999998259, 6.299999999999999822, 0.3499999999999999223 ) ) ;
#4084 = CARTESIAN_POINT ( 'NONE',  ( 3.226754932607761361, 8.000000000000000000, -0.6500000000000030198 ) ) ;
#4085 = VERTEX_POINT ( 'NONE', #958 ) ;
#4086 = STYLED_ITEM ( 'NONE', ( #5822 ), #5167 ) ;
#4087 =( LENGTH_UNIT ( ) NAMED_UNIT ( * ) SI_UNIT ( .MILLI., .METRE. ) );
#4088 = FILL_AREA_STYLE_COLOUR ( '', #5235 ) ;
#4089 = CARTESIAN_POINT ( 'NONE',  ( 4.393245067392238745, 10.39117142264903570, -0.3500000000000017542 ) ) ;
#4090 = CARTESIAN_POINT ( 'NONE',  ( 1.840000000000000524, 0.5000000000000004441, -0.3500000000000000333 ) ) ;
#4091 = EDGE_CURVE ( 'NONE', #7733, #6793, #365, .T. ) ;
#4092 = LINE ( 'NONE', #6474, #7788 ) ;
#4093 = VECTOR ( 'NONE', #1195, 1000.000000000000000 ) ;
#4094 = CARTESIAN_POINT ( 'NONE',  ( 2.890000000000001013, 1.084202172485506745E-17, 0.3499999999999999223 ) ) ;
#4095 = ORIENTED_EDGE ( 'NONE', *, *, #3395, .T. ) ;
#4096 = SURFACE_SIDE_STYLE ('',( #6992 ) ) ;
#4097 = VECTOR ( 'NONE', #475, 1000.000000000000000 ) ;
#4098 = CARTESIAN_POINT ( 'NONE',  ( 0.7000000000000006217, 0.8000000000000007105, -0.3499999999999999778 ) ) ;
#4099 = EDGE_CURVE ( 'NONE', #7555, #868, #1818, .T. ) ;
#4100 = EDGE_CURVE ( 'NONE', #7322, #6481, #446, .T. ) ;
#4101 = VERTEX_POINT ( 'NONE', #7656 ) ;
#4102 = LINE ( 'NONE', #2805, #7441 ) ;
#4103 = CARTESIAN_POINT ( 'NONE',  ( 1.000000000000000666, 0.8000000000000007105, 0.3499999999999999778 ) ) ;
#4104 = UNCERTAINTY_MEASURE_WITH_UNIT (LENGTH_MEASURE( 1.000000000000000082E-05 ), #1015, 'distance_accuracy_value', 'NONE');
#4105 = CARTESIAN_POINT ( 'NONE',  ( 2.187475984454220423, 5.732672356334980179, -0.3500000000000000333 ) ) ;
#4106 = EDGE_CURVE ( 'NONE', #7367, #2754, #6997, .T. ) ;
#4107 = COLOUR_RGB ( '',0.8313725490196077761, 0.6705882352941175961, 0.1294117647058823373 ) ;
#4108 = VERTEX_POINT ( 'NONE', #1652 ) ;
#4109 = CARTESIAN_POINT ( 'NONE',  ( 4.290396961982261281, 5.762359718947903886, -0.3500000000000000888 ) ) ;
#4110 = DIRECTION ( 'NONE',  ( 0.000000000000000000, 3.097720492815727166E-16, 1.000000000000000000 ) ) ;
#4111 = FILL_AREA_STYLE ('',( #1004 ) ) ;
#4112 = EDGE_LOOP ( 'NONE', ( #1609, #2607, #1567, #3659, #1989, #7624, #1957, #414 ) ) ;
#4113 = ORIENTED_EDGE ( 'NONE', *, *, #5442, .T. ) ;
#4114 = EDGE_CURVE ( 'NONE', #2037, #7694, #5374, .T. ) ;
#4115 = VECTOR ( 'NONE', #1565, 1000.000000000000000 ) ;
#4116 = DIRECTION ( 'NONE',  ( -1.000000000000000000, 0.000000000000000000, 0.000000000000000000 ) ) ;
#4117 = VECTOR ( 'NONE', #3142, 1000.000000000000000 ) ;
#4118 = FILL_AREA_STYLE_COLOUR ( '', #2006 ) ;
#4119 = DIRECTION ( 'NONE',  ( -0.000000000000000000, -0.000000000000000000, 1.000000000000000000 ) ) ;
#4120 = DIRECTION ( 'NONE',  ( 0.000000000000000000, 1.000000000000000000, 0.000000000000000000 ) ) ;
#4121 = ORIENTED_EDGE ( 'NONE', *, *, #5830, .F. ) ;
#4122 = VECTOR ( 'NONE', #3011, 1000.000000000000000 ) ;
#4123 = FACE_OUTER_BOUND ( 'NONE', #5394, .T. ) ;
#4124 = DIRECTION ( 'NONE',  ( -0.000000000000000000, -1.668003342285388099E-16, -1.000000000000000000 ) ) ;
#4125 = DIRECTION ( 'NONE',  ( 0.000000000000000000, 0.000000000000000000, 1.000000000000000000 ) ) ;
#4126 = DIRECTION ( 'NONE',  ( -1.000000000000000000, -3.097720492815726426E-17, 0.000000000000000000 ) ) ;
#4127 = DIRECTION ( 'NONE',  ( -1.000000000000000000, 0.000000000000000000, 0.000000000000000000 ) ) ;
#4128 = VECTOR ( 'NONE', #773, 1000.000000000000000 ) ;
#4129 = FACE_OUTER_BOUND ( 'NONE', #5792, .T. ) ;
#4130 = DIRECTION ( 'NONE',  ( 1.000000000000000000, 8.673617379884030739E-15, 0.000000000000000000 ) ) ;
#4131 = UNCERTAINTY_MEASURE_WITH_UNIT (LENGTH_MEASURE( 1.000000000000000082E-05 ), #4195, 'distance_accuracy_value', 'NONE');
#4132 = VERTEX_POINT ( 'NONE', #3631 ) ;
#4133 = PRESENTATION_LAYER_ASSIGNMENT (  '', '', ( #501 ) ) ;
#4134 =( NAMED_UNIT ( * ) PLANE_ANGLE_UNIT ( ) SI_UNIT ( $, .RADIAN. ) );
#4135 = ORIENTED_EDGE ( 'NONE', *, *, #4955, .F. ) ;
#4136 = CARTESIAN_POINT ( 'NONE',  ( 6.821789536020343547, 5.709058272657557609, -0.3500000000000001998 ) ) ;
#4137 = VERTEX_POINT ( 'NONE', #595 ) ;
#4138 = DIRECTION ( 'NONE',  ( 1.000000000000000000, 1.121588454295349780E-16, -0.000000000000000000 ) ) ;
#4139 = LINE ( 'NONE', #2292, #1622 ) ;
#4140 = VECTOR ( 'NONE', #1801, 1000.000000000000000 ) ;
#4141 = ORIENTED_EDGE ( 'NONE', *, *, #246, .F. ) ;
#4142 = EDGE_CURVE ( 'NONE', #3124, #6920, #1805, .T. ) ;
#4143 = EDGE_CURVE ( 'NONE', #6914, #4372, #5024, .T. ) ;
#4144 = SURFACE_STYLE_USAGE ( .BOTH. , #7154 ) ;
#4145 = AXIS2_PLACEMENT_3D ( 'NONE', #5366, #3577, #6047 ) ;
#4146 = CARTESIAN_POINT ( 'NONE',  ( 5.780000000000001137, 0.8000000000000007105, 0.3499999999999998668 ) ) ;
#4147 = ORIENTED_EDGE ( 'NONE', *, *, #3611, .T. ) ;
#4148 = VERTEX_POINT ( 'NONE', #2361 ) ;
#4149 = UNCERTAINTY_MEASURE_WITH_UNIT (LENGTH_MEASURE( 1.000000000000000082E-05 ), #1063, 'distance_accuracy_value', 'NONE');
#4150 = PLANE ( 'NONE',  #6189 ) ;
#4151 = EDGE_CURVE ( 'NONE', #2487, #2440, #7462, .T. ) ;
#4152 = EDGE_CURVE ( 'NONE', #320, #668, #698, .T. ) ;
#4153 = DIRECTION ( 'NONE',  ( -0.000000000000000000, -0.000000000000000000, -1.000000000000000000 ) ) ;
#4154 = LINE ( 'NONE', #6571, #5670 ) ;
#4155 =( GEOMETRIC_REPRESENTATION_CONTEXT ( 3 ) GLOBAL_UNCERTAINTY_ASSIGNED_CONTEXT ( ( #6352 ) ) GLOBAL_UNIT_ASSIGNED_CONTEXT ( ( #3797, #1386, #292 ) ) REPRESENTATION_CONTEXT ( 'NONE', 'WORKASPACE' ) );
#4156 = CARTESIAN_POINT ( 'NONE',  ( 1.940000000000000613, 6.299999999999999822, 0.1283333333333335491 ) ) ;
#4157 = SURFACE_SIDE_STYLE ('',( #7204 ) ) ;
#4158 = CARTESIAN_POINT ( 'NONE',  ( 0.4633568989079006606, 1.699999999999997957, 0.3499999999999999778 ) ) ;
#4159 =( NAMED_UNIT ( * ) PLANE_ANGLE_UNIT ( ) SI_UNIT ( $, .RADIAN. ) );
#4160 = VERTEX_POINT ( 'NONE', #1765 ) ;
#4161 = CARTESIAN_POINT ( 'NONE',  ( 5.579999999999999183, 6.299999999999999822, -0.3500000000000000888 ) ) ;
#4162 = DIRECTION ( 'NONE',  ( -0.000000000000000000, -1.000000000000000000, 1.668003342285392044E-16 ) ) ;
#4163 = CARTESIAN_POINT ( 'NONE',  ( 6.839430448028450016, 5.815522798723461229, 0.3499999999999998113 ) ) ;
#4164 = SURFACE_SIDE_STYLE ('',( #4718 ) ) ;
#4165 = VECTOR ( 'NONE', #4365, 1000.000000000000000 ) ;
#4166 = SURFACE_SIDE_STYLE ('',( #1064 ) ) ;
#4167 = VERTEX_POINT ( 'NONE', #7257 ) ;
#4168 = EDGE_CURVE ( 'NONE', #3381, #5569, #5487, .T. ) ;
#4169 = AXIS2_PLACEMENT_3D ( 'NONE', #6408, #5804, #5229 ) ;
#4170 = VECTOR ( 'NONE', #4665, 1000.000000000000000 ) ;
#4171 = CARTESIAN_POINT ( 'NONE',  ( 6.025296937195550484, 4.071564961060393451, 0.3499999999999999223 ) ) ;
#4172 = CARTESIAN_POINT ( 'NONE',  ( 6.920000000000000817, 0.5000000000000004441, -0.3500000000000001443 ) ) ;
#4173 = CARTESIAN_POINT ( 'NONE',  ( 8.619999999999999218, 6.500000000000000888, -0.3500000000000010880 ) ) ;
#4174 = VERTEX_POINT ( 'NONE', #3043 ) ;
#4175 = CARTESIAN_POINT ( 'NONE',  ( 6.745005870614368959, 5.069026963383187478, -0.3500000000000000888 ) ) ;
#4176 = EDGE_LOOP ( 'NONE', ( #4074, #222, #521, #355 ) ) ;
#4177 = PLANE ( 'NONE',  #526 ) ;
#4178 =( GEOMETRIC_REPRESENTATION_CONTEXT ( 3 ) GLOBAL_UNCERTAINTY_ASSIGNED_CONTEXT ( ( #3149 ) ) GLOBAL_UNIT_ASSIGNED_CONTEXT ( ( #5972, #4159, #7718 ) ) REPRESENTATION_CONTEXT ( 'NONE', 'WORKASPACE' ) );
#4179 = CARTESIAN_POINT ( 'NONE',  ( 0.4999999999999985012, 6.084152315493285279, -0.3500000000000000333 ) ) ;
#4180 = ORIENTED_EDGE ( 'NONE', *, *, #6156, .F. ) ;
#4181 = SURFACE_STYLE_FILL_AREA ( #7815 ) ;
#4182 = CARTESIAN_POINT ( 'NONE',  ( 7.620000000000000107, 6.299999999999999822, 0.3499999999999998113 ) ) ;
#4183 = VECTOR ( 'NONE', #3521, 1000.000000000000000 ) ;
#4184 = SURFACE_STYLE_USAGE ( .BOTH. , #7818 ) ;
#4185 = CARTESIAN_POINT ( 'NONE',  ( 7.470000000000000639, -3.000000000000000000, -0.3500000000000001443 ) ) ;
#4186 = ADVANCED_FACE ( 'NONE', ( #67 ), #5448, .F. ) ;
#4187 = VERTEX_POINT ( 'NONE', #2441 ) ;
#4188 = ORIENTED_EDGE ( 'NONE', *, *, #6692, .T. ) ;
#4189 = FILL_AREA_STYLE_COLOUR ( '', #4672 ) ;
#4190 = EDGE_CURVE ( 'NONE', #3047, #4839, #1843, .T. ) ;
#4191 = CARTESIAN_POINT ( 'NONE',  ( 5.430000000000000604, 8.000000000000000000, 0.3499999999999999778 ) ) ;
#4192 = CARTESIAN_POINT ( 'NONE',  ( 4.616643101092098078, 1.700000000000002620, 0.3499999999999999223 ) ) ;
#4193 = CARTESIAN_POINT ( 'NONE',  ( 8.394147136672705400, 5.851685420754299649, -0.3500000000000001998 ) ) ;
#4194 = ORIENTED_EDGE ( 'NONE', *, *, #2417, .T. ) ;
#4195 =( LENGTH_UNIT ( ) NAMED_UNIT ( * ) SI_UNIT ( .MILLI., .METRE. ) );
#4196 = LINE ( 'NONE', #7127, #5323 ) ;
#4197 = VECTOR ( 'NONE', #742, 1000.000000000000000 ) ;
#4198 = DIRECTION ( 'NONE',  ( -0.7071067811865461294, -0.7071067811865490160, 0.000000000000000000 ) ) ;
#4199 = CARTESIAN_POINT ( 'NONE',  ( 2.390000000000000568, -3.000000000000000000, -0.3500000000000000333 ) ) ;
#4200 = CARTESIAN_POINT ( 'NONE',  ( 6.986851685116532984, 6.299478870653092422, 0.3499999999999997002 ) ) ;
#4201 = DIRECTION ( 'NONE',  ( -3.097720492815726426E-17, 1.000000000000000000, 0.000000000000000000 ) ) ;
#4202 = CARTESIAN_POINT ( 'NONE',  ( 6.620000000000000107, 6.299999999999999822, -0.1283333333333336601 ) ) ;
#4203 = DIRECTION ( 'NONE',  ( -0.7071067811865461294, -0.7071067811865490160, 0.000000000000000000 ) ) ;
#4204 = EDGE_CURVE ( 'NONE', #4881, #4108, #2604, .T. ) ;
#4205 = VECTOR ( 'NONE', #4803, 1000.000000000000000 ) ;
#4206 = VERTEX_POINT ( 'NONE', #3895 ) ;
#4207 = ADVANCED_FACE ( 'NONE', ( #1948 ), #865, .F. ) ;
#4208 = CARTESIAN_POINT ( 'NONE',  ( 5.867121992501592942, 5.777242093666581368, 0.3499999999999999778 ) ) ;
#4209 = LINE ( 'NONE', #5902, #6670 ) ;
#4210 = PLANE ( 'NONE',  #2319 ) ;
#4211 = FILL_AREA_STYLE_COLOUR ( '', #4721 ) ;
#4212 = AXIS2_PLACEMENT_3D ( 'NONE', #7795, #7130, #6539 ) ;
#4213 = ORIENTED_EDGE ( 'NONE', *, *, #5213, .F. ) ;
#4214 = DIRECTION ( 'NONE',  ( 1.000000000000000000, 0.000000000000000000, 0.000000000000000000 ) ) ;
#4215 = ORIENTED_EDGE ( 'NONE', *, *, #3189, .T. ) ;
#4216 = DIRECTION ( 'NONE',  ( -0.6546536707079765316, -0.3779644730092291960, -0.6546536707079765316 ) ) ;
#4217 = FACE_OUTER_BOUND ( 'NONE', #6446, .T. ) ;
#4218 = ORIENTED_EDGE ( 'NONE', *, *, #3080, .F. ) ;
#4219 = VECTOR ( 'NONE', #3488, 1000.000000000000000 ) ;
#4220 = CARTESIAN_POINT ( 'NONE',  ( 6.080000000000000071, 1.800000000000000488, -0.1283333333333336046 ) ) ;
#4221 = DIRECTION ( 'NONE',  ( -0.000000000000000000, -0.000000000000000000, 1.000000000000000000 ) ) ;
#4222 =( LENGTH_UNIT ( ) NAMED_UNIT ( * ) SI_UNIT ( .MILLI., .METRE. ) );
#4223 = DIRECTION ( 'NONE',  ( 0.000000000000000000, 3.097720492815727166E-16, 1.000000000000000000 ) ) ;
#4224 = EDGE_LOOP ( 'NONE', ( #6905, #7077, #5741, #3477 ) ) ;
#4225 =( GEOMETRIC_REPRESENTATION_CONTEXT ( 3 ) GLOBAL_UNCERTAINTY_ASSIGNED_CONTEXT ( ( #2363 ) ) GLOBAL_UNIT_ASSIGNED_CONTEXT ( ( #5556, #823, #1368 ) ) REPRESENTATION_CONTEXT ( 'NONE', 'WORKASPACE' ) );
#4226 = ORIENTED_EDGE ( 'NONE', *, *, #3303, .T. ) ;
#4227 = EDGE_CURVE ( 'NONE', #1411, #7657, #1330, .T. ) ;
#4228 = EDGE_CURVE ( 'NONE', #7519, #2904, #7479, .T. ) ;
#4229 = LINE ( 'NONE', #2908, #6741 ) ;
#4230 = SURFACE_SIDE_STYLE ('',( #2421 ) ) ;
#4231 = VERTEX_POINT ( 'NONE', #1914 ) ;
#4232 = SURFACE_SIDE_STYLE ('',( #3023 ) ) ;
#4233 = AXIS2_PLACEMENT_3D ( 'NONE', #3932, #2745, #6618 ) ;
#4234 = CARTESIAN_POINT ( 'NONE',  ( 6.620000000000000107, 0.5000000000000000000, -0.3500000000000000888 ) ) ;
#4235 = EDGE_CURVE ( 'NONE', #5730, #4541, #2075, .T. ) ;
#4236 = FILL_AREA_STYLE ('',( #5396 ) ) ;
#4237 = AXIS2_PLACEMENT_3D ( 'NONE', #3953, #331, #5801 ) ;
#4238 = EDGE_CURVE ( 'NONE', #826, #5262, #6294, .T. ) ;
#4239 =( NAMED_UNIT ( * ) SI_UNIT ( $, .STERADIAN. ) SOLID_ANGLE_UNIT ( ) );
#4240 = CARTESIAN_POINT ( 'NONE',  ( 0.000000000000000000, 8.000000000000000000, 0.000000000000000000 ) ) ;
#4241 = CARTESIAN_POINT ( 'NONE',  ( 2.890000000000000124, 8.000000000000000000, -0.3500000000000000333 ) ) ;
#4242 = DIRECTION ( 'NONE',  ( -0.000000000000000000, -1.000000000000000000, 1.668003342285391551E-16 ) ) ;
#4243 = CARTESIAN_POINT ( 'NONE',  ( -0.6867549326077613259, 0.5000000000000000000, -0.6500000000000013545 ) ) ;
#4244 = AXIS2_PLACEMENT_3D ( 'NONE', #703, #73, #1375 ) ;
#4245 = ORIENTED_EDGE ( 'NONE', *, *, #6817, .T. ) ;
#4246 = CARTESIAN_POINT ( 'NONE',  ( 5.867536108384567406, 5.774771377977485187, 0.3499999999999999223 ) ) ;
#4247 =( NAMED_UNIT ( * ) PLANE_ANGLE_UNIT ( ) SI_UNIT ( $, .RADIAN. ) );
#4248 = FACE_OUTER_BOUND ( 'NONE', #3870, .T. ) ;
#4249 = ORIENTED_EDGE ( 'NONE', *, *, #4424, .T. ) ;
#4250 = CARTESIAN_POINT ( 'NONE',  ( 6.673063051753868713, 4.039780281224067515, -0.3500000000000001998 ) ) ;
#4251 = FILL_AREA_STYLE ('',( #1844 ) ) ;
#4252 = CARTESIAN_POINT ( 'NONE',  ( 5.432524015545779683, 5.732672356334978403, -0.3500000000000000888 ) ) ;
#4253 = DIRECTION ( 'NONE',  ( 0.000000000000000000, -0.000000000000000000, -1.000000000000000000 ) ) ;
#4254 = ORIENTED_EDGE ( 'NONE', *, *, #3049, .F. ) ;
#4255 = EDGE_CURVE ( 'NONE', #1815, #4751, #190, .T. ) ;
#4256 = AXIS2_PLACEMENT_3D ( 'NONE', #5291, #6017, #1717 ) ;
#4257 = DIRECTION ( 'NONE',  ( 0.000000000000000000, 1.000000000000000000, -3.097720492815727166E-16 ) ) ;
#4258 = DIRECTION ( 'NONE',  ( -0.000000000000000000, -1.000000000000000000, 1.668003342285392044E-16 ) ) ;
#4259 = ORIENTED_EDGE ( 'NONE', *, *, #1391, .T. ) ;
#4260 = CARTESIAN_POINT ( 'NONE',  ( 1.665005870614370220, 5.069026963383189255, -0.3500000000000000333 ) ) ;
#4261 = COLOUR_RGB ( '',0.8313725490196077761, 0.6705882352941175961, 0.1294117647058823373 ) ;
#4262 = EDGE_LOOP ( 'NONE', ( #4633, #5031, #7739, #7031 ) ) ;
#4263 =( NAMED_UNIT ( * ) SI_UNIT ( $, .STERADIAN. ) SOLID_ANGLE_UNIT ( ) );
#4264 = AXIS2_PLACEMENT_3D ( 'NONE', #2241, #7141, #4639 ) ;
#4265 = CARTESIAN_POINT ( 'NONE',  ( -0.9348251832002444361, 4.263498050147335405, 0.3499999999999999223 ) ) ;
#4266 = FILL_AREA_STYLE_COLOUR ( '', #5781 ) ;
#4267 = ORIENTED_EDGE ( 'NONE', *, *, #1600, .T. ) ;
#4268 = DIRECTION ( 'NONE',  ( 0.000000000000000000, 1.000000000000000000, -1.668003342285391797E-16 ) ) ;
#4269 = VECTOR ( 'NONE', #6581, 1000.000000000000114 ) ;
#4270 = DIRECTION ( 'NONE',  ( 0.000000000000000000, -0.000000000000000000, 1.000000000000000000 ) ) ;
#4271 = PLANE ( 'NONE',  #6248 ) ;
#4272 = CARTESIAN_POINT ( 'NONE',  ( 2.189999999999999947, 8.000000000000000000, -0.3499999999999999778 ) ) ;
#4273 = CARTESIAN_POINT ( 'NONE',  ( 1.000000000000000444, 1.800000000000000488, -0.1283333333333334936 ) ) ;
#4274 = CARTESIAN_POINT ( 'NONE',  ( -0.7285020522888950856, 6.125528511109508578, -0.3499999999999999778 ) ) ;
#4275 = CARTESIAN_POINT ( 'NONE',  ( 3.540000000000000036, 0.5000000000000002220, 0.3499999999999998668 ) ) ;
#4276 = ADVANCED_FACE ( 'NONE', ( #5705 ), #317, .T. ) ;
#4277 =( NAMED_UNIT ( * ) SI_UNIT ( $, .STERADIAN. ) SOLID_ANGLE_UNIT ( ) );
#4278 = SURFACE_STYLE_FILL_AREA ( #6052 ) ;
#4279 = AXIS2_PLACEMENT_3D ( 'NONE', #488, #7109, #5875 ) ;
#4280 = EDGE_CURVE ( 'NONE', #151, #3436, #2882, .T. ) ;
#4281 = ORIENTED_EDGE ( 'NONE', *, *, #6026, .T. ) ;
#4282 = CARTESIAN_POINT ( 'NONE',  ( 6.026086801408603755, 4.056300144720193401, 0.3499999999999999223 ) ) ;
#4283 = CIRCLE ( 'NONE', #2920, 0.2999999999999999334 ) ;
#4284 = EDGE_LOOP ( 'NONE', ( #7027, #559, #2952, #4254 ) ) ;
#4285 = CARTESIAN_POINT ( 'NONE',  ( 6.757373952540061346, 5.194217234909946690, -0.3500000000000001998 ) ) ;
#4286 = CARTESIAN_POINT ( 'NONE',  ( 5.528193045422142404, 5.884855341312109189, -0.3500000000000000333 ) ) ;
#4287 = DIRECTION ( 'NONE',  ( 3.097720492815726426E-17, -1.000000000000000000, 0.000000000000000000 ) ) ;
#4288 = EDGE_CURVE ( 'NONE', #6933, #4440, #7343, .T. ) ;
#4289 = VECTOR ( 'NONE', #3914, 1000.000000000000000 ) ;
#4290 = ORIENTED_EDGE ( 'NONE', *, *, #5271, .F. ) ;
#4291 = PRESENTATION_LAYER_ASSIGNMENT (  '', '', ( #268 ) ) ;
#4292 = CARTESIAN_POINT ( 'NONE',  ( 1.540000000000000480, 1.800000000000000488, 0.3499999999999999223 ) ) ;
#4293 = SURFACE_SIDE_STYLE ('',( #1188 ) ) ;
#4294 = ORIENTED_EDGE ( 'NONE', *, *, #537, .F. ) ;
#4295 = CARTESIAN_POINT ( 'NONE',  ( 1.651150453949023378, 4.917640708295714091, -0.3500000000000000333 ) ) ;
#4296 = MECHANICAL_DESIGN_GEOMETRIC_PRESENTATION_REPRESENTATION (  '', ( #2412 ), #7710 ) ;
#4297 = ORIENTED_EDGE ( 'NONE', *, *, #4913, .T. ) ;
#4298 = DIRECTION ( 'NONE',  ( -0.000000000000000000, 0.000000000000000000, 1.000000000000000000 ) ) ;
#4299 = VERTEX_POINT ( 'NONE', #4090 ) ;
#4300 = VECTOR ( 'NONE', #23, 1000.000000000000000 ) ;
#4301 = CARTESIAN_POINT ( 'NONE',  ( 4.580000000000001847, 6.299999999999999822, 0.3499999999999998668 ) ) ;
#4302 = FACE_OUTER_BOUND ( 'NONE', #5833, .T. ) ;
#4303 = CYLINDRICAL_SURFACE ( 'NONE', #5868, 0.1999999999999999833 ) ;
#4304 = ORIENTED_EDGE ( 'NONE', *, *, #7413, .F. ) ;
#4305 =( GEOMETRIC_REPRESENTATION_CONTEXT ( 3 ) GLOBAL_UNCERTAINTY_ASSIGNED_CONTEXT ( ( #1730 ) ) GLOBAL_UNIT_ASSIGNED_CONTEXT ( ( #969, #927, #3294 ) ) REPRESENTATION_CONTEXT ( 'NONE', 'WORKASPACE' ) );
#4306 = SURFACE_STYLE_USAGE ( .BOTH. , #1787 ) ;
#4307 = DIRECTION ( 'NONE',  ( 1.000000000000000000, 7.228014483236696555E-16, 0.000000000000000000 ) ) ;
#4308 = UNCERTAINTY_MEASURE_WITH_UNIT (LENGTH_MEASURE( 1.000000000000000082E-05 ), #5573, 'distance_accuracy_value', 'NONE');
#4309 = SURFACE_STYLE_FILL_AREA ( #6118 ) ;
#4310 = CARTESIAN_POINT ( 'NONE',  ( 0.6813801503214174105, 6.233860305463100104, -0.3499999999999999778 ) ) ;
#4311 = DIRECTION ( 'NONE',  ( 0.000000000000000000, -0.8660254037844373753, 0.5000000000000022204 ) ) ;
#4312 = CARTESIAN_POINT ( 'NONE',  ( -0.6662662111509194407, 6.298959448224835889, -0.3500000000000000333 ) ) ;
#4313 = VECTOR ( 'NONE', #3937, 1000.000000000000000 ) ;
#4314 = PLANE ( 'NONE',  #7065 ) ;
#4315 = DIRECTION ( 'NONE',  ( -0.000000000000000000, 0.000000000000000000, 1.000000000000000000 ) ) ;
#4316 = CARTESIAN_POINT ( 'NONE',  ( 0.7000000000000006217, 0.5000000000000006661, 0.3499999999999999778 ) ) ;
#4317 = VERTEX_POINT ( 'NONE', #1568 ) ;
#4318 =( GEOMETRIC_REPRESENTATION_CONTEXT ( 3 ) GLOBAL_UNCERTAINTY_ASSIGNED_CONTEXT ( ( #5962 ) ) GLOBAL_UNIT_ASSIGNED_CONTEXT ( ( #7079, #5226, #1663 ) ) REPRESENTATION_CONTEXT ( 'NONE', 'WORKASPACE' ) );
#4319 = EDGE_CURVE ( 'NONE', #3549, #6952, #477, .T. ) ;
#4320 = DIRECTION ( 'NONE',  ( -0.000000000000000000, 1.668003342285391551E-16, 1.000000000000000000 ) ) ;
#4321 = CARTESIAN_POINT ( 'NONE',  ( 3.003356898907901140, 1.699999999999999067, -0.3500000000000000888 ) ) ;
#4322 = VERTEX_POINT ( 'NONE', #3358 ) ;
#4323 = FILL_AREA_STYLE_COLOUR ( '', #6602 ) ;
#4324 = DIRECTION ( 'NONE',  ( -0.000000000000000000, -1.000000000000000000, 1.668003342285392044E-16 ) ) ;
#4325 = AXIS2_PLACEMENT_3D ( 'NONE', #6739, #3892, #6292 ) ;
#4326 = DIRECTION ( 'NONE',  ( -1.000000000000000000, -1.084202172485504434E-16, 0.000000000000000000 ) ) ;
#4327 = ORIENTED_EDGE ( 'NONE', *, *, #2559, .F. ) ;
#4328 = CARTESIAN_POINT ( 'NONE',  ( 4.293241503964613237, 5.779404586027640178, 0.3499999999999999778 ) ) ;
#4329 = ADVANCED_FACE ( 'NONE', ( #2198 ), #4634, .F. ) ;
#4330 = CARTESIAN_POINT ( 'NONE',  ( 0.000000000000000000, 6.500000000000000888, -1.155688030012021264E-15 ) ) ;
#4331 = AXIS2_PLACEMENT_3D ( 'NONE', #618, #1134, #1792 ) ;
#4332 =( LENGTH_UNIT ( ) NAMED_UNIT ( * ) SI_UNIT ( .MILLI., .METRE. ) );
#4333 = EDGE_LOOP ( 'NONE', ( #3865, #4245, #6313, #6359 ) ) ;
#4334 = FILL_AREA_STYLE_COLOUR ( '', #13 ) ;
#4335 = ORIENTED_EDGE ( 'NONE', *, *, #283, .F. ) ;
#4336 = CARTESIAN_POINT ( 'NONE',  ( 8.119999999999999218, 6.299999999999999822, 0.3499999999999998113 ) ) ;
#4337 = VECTOR ( 'NONE', #7081, 1000.000000000000114 ) ;
#4338 = ORIENTED_EDGE ( 'NONE', *, *, #5472, .T. ) ;
#4339 = CARTESIAN_POINT ( 'NONE',  ( 7.620000000000000107, 0.000000000000000000, 0.3499999999999998113 ) ) ;
#4340 = COLOUR_RGB ( '',0.8313725490196077761, 0.6705882352941175961, 0.1294117647058823373 ) ;
#4341 = CARTESIAN_POINT ( 'NONE',  ( -0.9816606796124067724, 3.374693912574938892, 0.3499999999999999778 ) ) ;
#4342 = CARTESIAN_POINT ( 'NONE',  ( 5.854147136672700924, 5.851685420754298761, -0.3500000000000000333 ) ) ;
#4343 = CARTESIAN_POINT ( 'NONE',  ( 0.000000000000000000, 6.299999999999999822, -0.3499999999999999778 ) ) ;
#4344 = VERTEX_POINT ( 'NONE', #4557 ) ;
#4345 = CARTESIAN_POINT ( 'NONE',  ( 8.613118178959435767, 2.798202530626828999, 0.3499999999999997002 ) ) ;
#4346 = ADVANCED_FACE ( 'NONE', ( #3502 ), #1095, .T. ) ;
#4347 = CARTESIAN_POINT ( 'NONE',  ( 7.294744180118195587, 5.589454083063166046, -0.3500000000000001443 ) ) ;
#4348 = CARTESIAN_POINT ( 'NONE',  ( 4.558154266116019926, 5.626229152235333153, -0.3500000000000000888 ) ) ;
#4349 =( NAMED_UNIT ( * ) SI_UNIT ( $, .STERADIAN. ) SOLID_ANGLE_UNIT ( ) );
#4350 = DIRECTION ( 'NONE',  ( 0.000000000000000000, 0.000000000000000000, -1.000000000000000000 ) ) ;
#4351 =( GEOMETRIC_REPRESENTATION_CONTEXT ( 3 ) GLOBAL_UNCERTAINTY_ASSIGNED_CONTEXT ( ( #6117 ) ) GLOBAL_UNIT_ASSIGNED_CONTEXT ( ( #1761, #7140, #2587 ) ) REPRESENTATION_CONTEXT ( 'NONE', 'WORKASPACE' ) );
#4352 = FILL_AREA_STYLE ('',( #3226 ) ) ;
#4353 = CARTESIAN_POINT ( 'NONE',  ( 7.270000000000000462, 8.199999999999999289, 0.3499999999999999778 ) ) ;
#4354 = SURFACE_STYLE_FILL_AREA ( #4511 ) ;
#4355 = ORIENTED_EDGE ( 'NONE', *, *, #5335, .T. ) ;
#4356 =( GEOMETRIC_REPRESENTATION_CONTEXT ( 3 ) GLOBAL_UNCERTAINTY_ASSIGNED_CONTEXT ( ( #685 ) ) GLOBAL_UNIT_ASSIGNED_CONTEXT ( ( #726, #2769, #3333 ) ) REPRESENTATION_CONTEXT ( 'NONE', 'WORKASPACE' ) );
#4357 = FILL_AREA_STYLE_COLOUR ( '', #5742 ) ;
#4358 = SURFACE_STYLE_FILL_AREA ( #1327 ) ;
#4359 = DIRECTION ( 'NONE',  ( -0.000000000000000000, -1.000000000000000000, 1.668003342285391551E-16 ) ) ;
#4360 = EDGE_LOOP ( 'NONE', ( #3490, #3096, #7145, #1804 ) ) ;
#4361 = SURFACE_SIDE_STYLE ('',( #1412 ) ) ;
#4362 = EDGE_LOOP ( 'NONE', ( #6606, #2847, #7221, #5350 ) ) ;
#4363 = DIRECTION ( 'NONE',  ( -0.000000000000000000, -0.000000000000000000, -1.000000000000000000 ) ) ;
#4364 = PRESENTATION_LAYER_ASSIGNMENT (  '', '', ( #7781 ) ) ;
#4365 = DIRECTION ( 'NONE',  ( 0.000000000000000000, 0.000000000000000000, -1.000000000000000000 ) ) ;
#4366 =( LENGTH_UNIT ( ) NAMED_UNIT ( * ) SI_UNIT ( .MILLI., .METRE. ) );
#4367 = ORIENTED_EDGE ( 'NONE', *, *, #6843, .F. ) ;
#4368 = LINE ( 'NONE', #6180, #2466 ) ;
#4369 = CLOSED_SHELL ( 'NONE', ( #1214, #1493, #3326, #1838, #4910, #791, #2565, #187, #455, #4346, #550, #714, #444, #1545, #3624, #1018, #6383, #1131, #849, #6915, #4848, #7588, #3459 ) ) ;
#4370 = CARTESIAN_POINT ( 'NONE',  ( 3.540000000000000480, 1.800000000000000488, -0.1166666666666668073 ) ) ;
#4371 = CARTESIAN_POINT ( 'NONE',  ( 7.969999999999999751, 0.000000000000000000, 0.3499999999999999778 ) ) ;
#4372 = VERTEX_POINT ( 'NONE', #5165 ) ;
#4373 = SURFACE_SIDE_STYLE ('',( #4970 ) ) ;
#4374 = ORIENTED_EDGE ( 'NONE', *, *, #5409, .T. ) ;
#4375 = STYLED_ITEM ( 'NONE', ( #140 ), #352 ) ;
#4376 = EDGE_CURVE ( 'NONE', #324, #4045, #5897, .T. ) ;
#4377 = DIRECTION ( 'NONE',  ( -1.000000000000000000, 0.000000000000000000, 0.000000000000000000 ) ) ;
#4378 = ORIENTED_EDGE ( 'NONE', *, *, #2499, .T. ) ;
#4379 = DIRECTION ( 'NONE',  ( -3.097720492815726426E-17, 1.000000000000000000, 0.000000000000000000 ) ) ;
#4380 =( GEOMETRIC_REPRESENTATION_CONTEXT ( 3 ) GLOBAL_UNCERTAINTY_ASSIGNED_CONTEXT ( ( #2317 ) ) GLOBAL_UNIT_ASSIGNED_CONTEXT ( ( #2738, #3309, #1598 ) ) REPRESENTATION_CONTEXT ( 'NONE', 'WORKASPACE' ) );
#4381 = DIRECTION ( 'NONE',  ( -1.000000000000000000, -1.084202172485504434E-16, 0.000000000000000000 ) ) ;
#4382 = CARTESIAN_POINT ( 'NONE',  ( 5.860569551971559932, 5.815522798723455900, -0.3500000000000000888 ) ) ;
#4383 = CARTESIAN_POINT ( 'NONE',  ( -6.734562392116861583E-17, 8.500000000000000000, -0.8696152422706626695 ) ) ;
#4384 = PLANE ( 'NONE',  #1704 ) ;
#4385 = VERTEX_POINT ( 'NONE', #4019 ) ;
#4386 = EDGE_CURVE ( 'NONE', #7503, #4385, #3437, .T. ) ;
#4387 = CARTESIAN_POINT ( 'NONE',  ( 8.619999999999999218, 6.299999999999999822, 0.3849999999999998423 ) ) ;
#4388 = DIRECTION ( 'NONE',  ( 0.000000000000000000, 0.000000000000000000, -1.000000000000000000 ) ) ;
#4389 = MECHANICAL_DESIGN_GEOMETRIC_PRESENTATION_REPRESENTATION (  '', ( #1366 ), #6029 ) ;
#4390 = EDGE_CURVE ( 'NONE', #906, #7779, #4052, .T. ) ;
#4391 = CARTESIAN_POINT ( 'NONE',  ( 3.404197381770398323, 5.178803639424134353, 0.3499999999999998668 ) ) ;
#4392 = CARTESIAN_POINT ( 'NONE',  ( 0.7741471366726996317, 5.851685420754297873, -0.3499999999999998668 ) ) ;
#4393 = CARTESIAN_POINT ( 'NONE',  ( 5.080000000000000071, 0.5000000000000005551, 0.3499999999999998668 ) ) ;
#4394 = SURFACE_SIDE_STYLE ('',( #2505 ) ) ;
#4395 = CARTESIAN_POINT ( 'NONE',  ( 3.540000000000000480, 1.800000000000000488, 0.3499999999999999223 ) ) ;
#4396 = CARTESIAN_POINT ( 'NONE',  ( 4.729999999999999538, 8.000000000000000000, 0.3499999999999999778 ) ) ;
#4397 = CARTESIAN_POINT ( 'NONE',  ( 8.141845733883979364, 5.626229152235330488, -0.3500000000000001443 ) ) ;
#4398 = ORIENTED_EDGE ( 'NONE', *, *, #2001, .T. ) ;
#4399 = PRESENTATION_LAYER_ASSIGNMENT (  '', '', ( #7808 ) ) ;
#4400 = DIRECTION ( 'NONE',  ( 0.000000000000000000, -1.000000000000000000, 1.668003342285391551E-16 ) ) ;
#4401 = FACE_OUTER_BOUND ( 'NONE', #3241, .T. ) ;
#4402 = ORIENTED_EDGE ( 'NONE', *, *, #464, .F. ) ;
#4403 = FILL_AREA_STYLE ('',( #4323 ) ) ;
#4404 = ORIENTED_EDGE ( 'NONE', *, *, #6692, .F. ) ;
#4405 = DIRECTION ( 'NONE',  ( -0.000000000000000000, -1.000000000000000000, 1.668003342285391551E-16 ) ) ;
#4406 = PLANE ( 'NONE',  #2011 ) ;
#4407 = ORIENTED_EDGE ( 'NONE', *, *, #6560, .F. ) ;
#4408 = PRESENTATION_LAYER_ASSIGNMENT (  '', '', ( #5315 ) ) ;
#4409 = CARTESIAN_POINT ( 'NONE',  ( 4.098339320387594853, 3.374693912574938892, 0.3499999999999999223 ) ) ;
#4410 = CARTESIAN_POINT ( 'NONE',  ( 0.1500000000000021316, -3.000000000000000000, -0.3499999999999999778 ) ) ;
#4411 = ORIENTED_EDGE ( 'NONE', *, *, #5409, .F. ) ;
#4412 = CARTESIAN_POINT ( 'NONE',  ( 2.189999999999999947, 8.199999999999999289, 0.3499999999999999778 ) ) ;
#4413 = ORIENTED_EDGE ( 'NONE', *, *, #873, .F. ) ;
#4414 = VECTOR ( 'NONE', #7638, 1000.000000000000000 ) ;
#4415 = PLANE ( 'NONE',  #5815 ) ;
#4416 = VERTEX_POINT ( 'NONE', #5865 ) ;
#4417 = AXIS2_PLACEMENT_3D ( 'NONE', #1958, #5133, #281 ) ;
#4418 = VECTOR ( 'NONE', #6043, 1000.000000000000000 ) ;
#4419 = CARTESIAN_POINT ( 'NONE',  ( 5.935690189165915065, 5.260692584315792786, -0.3500000000000000888 ) ) ;
#4420 = CARTESIAN_POINT ( 'NONE',  ( 3.140000000000000568, 6.299999999999999822, -0.1166666666666668073 ) ) ;
#4421 = PLANE ( 'NONE',  #7020 ) ;
#4422 = ORIENTED_EDGE ( 'NONE', *, *, #5638, .F. ) ;
#4423 = DIRECTION ( 'NONE',  ( -1.000000000000000000, 0.000000000000000000, 7.744301232039316681E-17 ) ) ;
#4424 = EDGE_CURVE ( 'NONE', #3120, #1153, #6947, .T. ) ;
#4425 = FACE_OUTER_BOUND ( 'NONE', #6516, .T. ) ;
#4426 = CARTESIAN_POINT ( 'NONE',  ( 5.579999999999999183, 6.084152315493285279, 0.3499999999999998668 ) ) ;
#4427 =( NAMED_UNIT ( * ) PLANE_ANGLE_UNIT ( ) SI_UNIT ( $, .RADIAN. ) );
#4428 =( BOUNDED_SURFACE ( )  B_SPLINE_SURFACE ( 3, 1, ( 
 ( #1984, #3155 ),
 ( #3734, #1365 ),
 ( #6863, #3111 ),
 ( #6738, #820 ) ),
 .UNSPECIFIED., .F., .F., .F. ) 
 B_SPLINE_SURFACE_WITH_KNOTS ( ( 4, 4 ),
 ( 2, 2 ),
 ( 0.000000000000000000, 1.000000000000000000 ),
 ( 0.000000000000000000, 1.000000000000000000 ),
 .UNSPECIFIED. ) 
 GEOMETRIC_REPRESENTATION_ITEM ( )  RATIONAL_B_SPLINE_SURFACE ( (
 ( 1.000000000000000000, 1.000000000000000000),
 ( 0.9488815137910379116, 0.9488815137910379116),
 ( 0.9488815137910379116, 0.9488815137910379116),
 ( 1.000000000000000000, 1.000000000000000000) ) ) 
 REPRESENTATION_ITEM ( '' )  SURFACE ( )  );
#4429 = PLANE ( 'NONE',  #6747 ) ;
#4430 = SURFACE_SIDE_STYLE ('',( #5549 ) ) ;
#4431 = CARTESIAN_POINT ( 'NONE',  ( -0.4633568989079023814, 1.700000000000002620, 0.3499999999999999778 ) ) ;
#4432 = DIRECTION ( 'NONE',  ( -0.000000000000000000, -1.000000000000000000, -0.000000000000000000 ) ) ;
#4433 = PLANE ( 'NONE',  #658 ) ;
#4434 = ORIENTED_EDGE ( 'NONE', *, *, #7350, .T. ) ;
#4435 = PRESENTATION_LAYER_ASSIGNMENT (  '', '', ( #1919 ) ) ;
#4436 = FILL_AREA_STYLE_COLOUR ( '', #4584 ) ;
#4437 = LINE ( 'NONE', #4995, #691 ) ;
#4438 = EDGE_CURVE ( 'NONE', #4885, #1628, #6343, .T. ) ;
#4439 = ORIENTED_EDGE ( 'NONE', *, *, #3447, .F. ) ;
#4440 = VERTEX_POINT ( 'NONE', #1281 ) ;
#4441 = CARTESIAN_POINT ( 'NONE',  ( 4.729999999999999538, 8.199999999999999289, 0.3499999999999999778 ) ) ;
#4442 = VECTOR ( 'NONE', #4258, 1000.000000000000000 ) ;
#4443 = VERTEX_POINT ( 'NONE', #6015 ) ;
#4444 = CARTESIAN_POINT ( 'NONE',  ( -0.6867549326077613259, 0.5000000000000002220, 0.6500000000000011324 ) ) ;
#4445 = EDGE_CURVE ( 'NONE', #5231, #2141, #7726, .T. ) ;
#4446 = CARTESIAN_POINT ( 'NONE',  ( 5.080000000000000071, 0.000000000000000000, -0.3500000000000000888 ) ) ;
#4447 = PLANE ( 'NONE',  #3079 ) ;
#4448 = ORIENTED_EDGE ( 'NONE', *, *, #4099, .T. ) ;
#4449 = CARTESIAN_POINT ( 'NONE',  ( 8.620000000000000995, 1.800000000000000488, -0.1166666666666669044 ) ) ;
#4450 = ORIENTED_EDGE ( 'NONE', *, *, #4873, .F. ) ;
#4451 = PLANE ( 'NONE',  #1143 ) ;
#4452 = CARTESIAN_POINT ( 'NONE',  ( -0.4999999999999985012, 6.084152315493286167, 0.3499999999999999223 ) ) ;
#4453 = ORIENTED_EDGE ( 'NONE', *, *, #462, .F. ) ;
#4454 = VECTOR ( 'NONE', #2502, 1000.000000000000000 ) ;
#4455 = CARTESIAN_POINT ( 'NONE',  ( 0.000000000000000000, -3.000000000000000000, -0.3499999999999999778 ) ) ;
#4456 = DIRECTION ( 'NONE',  ( 1.000000000000000000, 0.000000000000000000, 0.000000000000000000 ) ) ;
#4457 = CARTESIAN_POINT ( 'NONE',  ( 3.140000000000000568, 6.299999999999999822, 0.1166666666666665297 ) ) ;
#4458 = CARTESIAN_POINT ( 'NONE',  ( -0.5218457338839801452, 5.626229152235333153, 0.000000000000000000 ) ) ;
#4459 = ORIENTED_EDGE ( 'NONE', *, *, #777, .F. ) ;
#4460 = PRESENTATION_LAYER_ASSIGNMENT (  '', '', ( #7617 ) ) ;
#4461 = CARTESIAN_POINT ( 'NONE',  ( 1.000000000000000444, 1.800000000000000488, -0.3499999999999999778 ) ) ;
#4462 =( BOUNDED_CURVE ( )  B_SPLINE_CURVE ( 3, ( #5534, #3831, #7340, #3790 ),
 .UNSPECIFIED., .F., .F. ) 
 B_SPLINE_CURVE_WITH_KNOTS ( ( 4, 4 ),
 ( 1.570796326794896336, 2.359101780428492390 ),
 .UNSPECIFIED. ) 
 CURVE ( )  GEOMETRIC_REPRESENTATION_ITEM ( )  RATIONAL_B_SPLINE_CURVE ( ( 1.000000000000000000, 0.9488815137910384667, 0.9488815137910384667, 1.000000000000000000 ) ) 
 REPRESENTATION_ITEM ( '' )  );
#4463 = EDGE_CURVE ( 'NONE', #7719, #4187, #3068, .T. ) ;
#4464 = COLOUR_RGB ( '',0.8313725490196077761, 0.6705882352941175961, 0.1294117647058823373 ) ;
#4465 = CARTESIAN_POINT ( 'NONE',  ( 2.390000000000000568, -3.000000000000000000, 0.3499999999999999223 ) ) ;
#4466 = CARTESIAN_POINT ( 'NONE',  ( 0.9006934952134016958, 4.786369049944407372, -0.3499999999999999778 ) ) ;
#4467 = CARTESIAN_POINT ( 'NONE',  ( 0.8888495460508764046, 4.917640708297875030, 0.3499999999999999778 ) ) ;
#4468 = VECTOR ( 'NONE', #5980, 1000.000000000000000 ) ;
#4469 = DIRECTION ( 'NONE',  ( -1.000000000000000000, 0.000000000000000000, 7.744301232039316681E-17 ) ) ;
#4470 = EDGE_CURVE ( 'NONE', #1848, #3382, #1756, .T. ) ;
#4471 = DIRECTION ( 'NONE',  ( -1.000000000000000000, -0.000000000000000000, -0.000000000000000000 ) ) ;
#4472 = ORIENTED_EDGE ( 'NONE', *, *, #2366, .F. ) ;
#4473 =( LENGTH_UNIT ( ) NAMED_UNIT ( * ) SI_UNIT ( .MILLI., .METRE. ) );
#4474 = VECTOR ( 'NONE', #2985, 1000.000000000000000 ) ;
#4475 = CARTESIAN_POINT ( 'NONE',  ( 3.240000000000000657, 0.8000000000000007105, -0.3500000000000000333 ) ) ;
#4476 = DIRECTION ( 'NONE',  ( -1.000000000000000000, 0.000000000000000000, 7.744301232039316681E-17 ) ) ;
#4477 = VERTEX_POINT ( 'NONE', #4241 ) ;
#4478 = CARTESIAN_POINT ( 'NONE',  ( 2.890000000000001013, 0.5000000000000005551, 0.3499999999999999223 ) ) ;
#4479 = AXIS2_PLACEMENT_3D ( 'NONE', #3441, #7568, #5831 ) ;
#4480 = VERTEX_POINT ( 'NONE', #57 ) ;
#4481 = EDGE_CURVE ( 'NONE', #1110, #4385, #2431, .T. ) ;
#4482 = LINE ( 'NONE', #7369, #2714 ) ;
#4483 =( NAMED_UNIT ( * ) PLANE_ANGLE_UNIT ( ) SI_UNIT ( $, .RADIAN. ) );
#4484 =( NAMED_UNIT ( * ) SI_UNIT ( $, .STERADIAN. ) SOLID_ANGLE_UNIT ( ) );
#4485 = COLOUR_RGB ( '',0.8313725490196077761, 0.6705882352941175961, 0.1294117647058823373 ) ;
#4486 = ORIENTED_EDGE ( 'NONE', *, *, #3970, .F. ) ;
#4487 = SURFACE_STYLE_FILL_AREA ( #1459 ) ;
#4488 = ORIENTED_EDGE ( 'NONE', *, *, #245, .F. ) ;
#4489 = CARTESIAN_POINT ( 'NONE',  ( 7.620000000000000107, 6.299999999999999822, -0.3500000000000001443 ) ) ;
#4490 = ADVANCED_FACE ( 'NONE', ( #3692 ), #6087, .F. ) ;
#4491 = DIRECTION ( 'NONE',  ( -0.7071067811865474617, -0.7071067811865474617, -0.000000000000000000 ) ) ;
#4492 = EDGE_LOOP ( 'NONE', ( #2810, #3695, #2574, #7128 ) ) ;
#4493 = AXIS2_PLACEMENT_3D ( 'NONE', #7398, #1990, #4878 ) ;
#4494 = VECTOR ( 'NONE', #1620, 1000.000000000000000 ) ;
#4495 = CARTESIAN_POINT ( 'NONE',  ( 5.680000000000000604, 6.299999999999999822, 0.3499999999999998668 ) ) ;
#4496 = PRESENTATION_STYLE_ASSIGNMENT (( #6317 ) ) ;
#4497 = CARTESIAN_POINT ( 'NONE',  ( 3.540000000000000036, 6.500000000000000888, 0.3499999999999989231 ) ) ;
#4498 = FACE_BOUND ( 'NONE', #7572, .T. ) ;
#4499 = LINE ( 'NONE', #6192, #5456 ) ;
#4500 = COLOUR_RGB ( '',0.8313725490196077761, 0.6705882352941175961, 0.1294117647058823373 ) ;
#4501 = ORIENTED_EDGE ( 'NONE', *, *, #873, .T. ) ;
#4502 = VERTEX_POINT ( 'NONE', #2919 ) ;
#4503 = CARTESIAN_POINT ( 'NONE',  ( -0.3500000000000000333, 8.000000000000000000, -0.3499999999999999778 ) ) ;
#4504 = COLOUR_RGB ( '',0.8313725490196077761, 0.6705882352941175961, 0.1294117647058823373 ) ;
#4505 = CARTESIAN_POINT ( 'NONE',  ( 3.332485366313218567, 5.744802409713649638, 0.3499999999999999223 ) ) ;
#4506 = CARTESIAN_POINT ( 'NONE',  ( 7.171806954577857773, 5.884855341312109189, -0.3500000000000000333 ) ) ;
#4507 = CARTESIAN_POINT ( 'NONE',  ( 4.729999999999999538, 8.199999999999999289, -0.3499999999999999778 ) ) ;
#4508 = CARTESIAN_POINT ( 'NONE',  ( 4.631806954577857738, 5.884855341312109189, 0.3499999999999998668 ) ) ;
#4509 = SURFACE_SIDE_STYLE ('',( #978 ) ) ;
#4510 = LINE ( 'NONE', #6939, #6696 ) ;
#4511 = FILL_AREA_STYLE ('',( #775 ) ) ;
#4512 = EDGE_LOOP ( 'NONE', ( #7545, #557, #7544, #4026, #6725, #2592, #1210, #5611 ) ) ;
#4513 = CARTESIAN_POINT ( 'NONE',  ( 4.480000000000000426, 6.299999999999999822, 0.1283333333333334936 ) ) ;
#4514 = AXIS2_PLACEMENT_3D ( 'NONE', #6214, #787, #2480 ) ;
#4515 = EDGE_CURVE ( 'NONE', #5839, #2207, #2354, .T. ) ;
#4516 = PRESENTATION_STYLE_ASSIGNMENT (( #3893 ) ) ;
#4517 = ORIENTED_EDGE ( 'NONE', *, *, #7192, .T. ) ;
#4518 = SURFACE_SIDE_STYLE ('',( #5121 ) ) ;
#4519 = ORIENTED_EDGE ( 'NONE', *, *, #4980, .F. ) ;
#4520 = DIRECTION ( 'NONE',  ( 0.000000000000000000, 1.000000000000000000, -1.668003342285391551E-16 ) ) ;
#4521 = PRESENTATION_LAYER_ASSIGNMENT (  '', '', ( #115 ) ) ;
#4522 = ORIENTED_EDGE ( 'NONE', *, *, #6415, .T. ) ;
#4523 = FACE_OUTER_BOUND ( 'NONE', #7374, .T. ) ;
#4524 = DIRECTION ( 'NONE',  ( 1.000000000000000000, 1.084202172485504434E-16, 0.000000000000000000 ) ) ;
#4525 = UNCERTAINTY_MEASURE_WITH_UNIT (LENGTH_MEASURE( 1.000000000000000082E-05 ), #7272, 'distance_accuracy_value', 'NONE');
#4526 = ORIENTED_EDGE ( 'NONE', *, *, #3861, .T. ) ;
#4527 = CARTESIAN_POINT ( 'NONE',  ( 8.620000000000000995, 1.800000000000000488, -0.3500000000000001443 ) ) ;
#4528 = ORIENTED_EDGE ( 'NONE', *, *, #2857, .T. ) ;
#4529 = PLANE ( 'NONE',  #4658 ) ;
#4530 = EDGE_CURVE ( 'NONE', #6632, #1090, #7798, .T. ) ;
#4531 = CARTESIAN_POINT ( 'NONE',  ( 5.430000000000000604, -2.800000000000001155, -0.3500000000000000888 ) ) ;
#4532 = ORIENTED_EDGE ( 'NONE', *, *, #2223, .F. ) ;
#4533 = VECTOR ( 'NONE', #5136, 1000.000000000000000 ) ;
#4534 =( LENGTH_UNIT ( ) NAMED_UNIT ( * ) SI_UNIT ( .MILLI., .METRE. ) );
#4535 = CARTESIAN_POINT ( 'NONE',  ( 7.972524015545777942, 5.732672356334978403, 0.3499999999999998113 ) ) ;
#4536 = DIRECTION ( 'NONE',  ( 0.000000000000000000, 0.000000000000000000, -1.000000000000000000 ) ) ;
#4537 = CARTESIAN_POINT ( 'NONE',  ( 4.080000000000000959, -1.121588454295348794E-16, -0.3500000000000000888 ) ) ;
#4538 = LINE ( 'NONE', #7377, #530 ) ;
#4539 =( GEOMETRIC_REPRESENTATION_CONTEXT ( 3 ) GLOBAL_UNCERTAINTY_ASSIGNED_CONTEXT ( ( #4703 ) ) GLOBAL_UNIT_ASSIGNED_CONTEXT ( ( #950, #5866, #5210 ) ) REPRESENTATION_CONTEXT ( 'NONE', 'WORKASPACE' ) );
#4540 = LINE ( 'NONE', #6973, #7506 ) ;
#4541 = VERTEX_POINT ( 'NONE', #4275 ) ;
#4542 = VERTEX_POINT ( 'NONE', #2467 ) ;
#4543 = CYLINDRICAL_SURFACE ( 'NONE', #6056, 0.1999999999999996503 ) ;
#4544 = VECTOR ( 'NONE', #1853, 1000.000000000000000 ) ;
#4545 = SHAPE_DEFINITION_REPRESENTATION ( #7271, #3685 ) ;
#4546 = CARTESIAN_POINT ( 'NONE',  ( 1.540000000000000924, 6.299999999999999822, 0.3849999999999998979 ) ) ;
#4547 = ADVANCED_FACE ( 'NONE', ( #3617 ), #5330, .F. ) ;
#4548 = LINE ( 'NONE', #6982, #520 ) ;
#4549 = AXIS2_PLACEMENT_3D ( 'NONE', #7746, #5963, #5918 ) ;
#4550 = PLANE ( 'NONE',  #1266 ) ;
#4551 = DIRECTION ( 'NONE',  ( 0.000000000000000000, -1.000000000000000000, 0.000000000000000000 ) ) ;
#4552 = EDGE_LOOP ( 'NONE', ( #4519, #5678, #4837, #5223 ) ) ;
#4553 = CARTESIAN_POINT ( 'NONE',  ( 0.6000000000000005329, 6.299999999999999822, -0.1166666666666667518 ) ) ;
#4554 = PRESENTATION_STYLE_ASSIGNMENT (( #2154 ) ) ;
#4555 = CARTESIAN_POINT ( 'NONE',  ( -1.000000000000000000, 0.5000000000000002220, 0.3499999999999998668 ) ) ;
#4556 = ORIENTED_EDGE ( 'NONE', *, *, #3433, .F. ) ;
#4557 = CARTESIAN_POINT ( 'NONE',  ( 5.430000000000000604, 0.5000000000000005551, -0.3500000000000000888 ) ) ;
#4558 =( LENGTH_UNIT ( ) NAMED_UNIT ( * ) SI_UNIT ( .MILLI., .METRE. ) );
#4559 = CARTESIAN_POINT ( 'NONE',  ( 9.090000000000001634, 8.500000000000000000, 1.199999999999999734 ) ) ;
#4560 = AXIS2_PLACEMENT_3D ( 'NONE', #309, #5624, #3267 ) ;
#4561 = ORIENTED_EDGE ( 'NONE', *, *, #372, .T. ) ;
#4562 = CARTESIAN_POINT ( 'NONE',  ( 8.220000000000000639, 6.299999999999999822, 0.1166666666666664187 ) ) ;
#4563 = SURFACE_STYLE_USAGE ( .BOTH. , #7690 ) ;
#4564 = MANIFOLD_SOLID_BREP ( 'LPattern18[3]', #3121 ) ;
#4565 = ORIENTED_EDGE ( 'NONE', *, *, #6434, .F. ) ;
#4566 = DIRECTION ( 'NONE',  ( 0.000000000000000000, 1.668003342285388099E-16, 1.000000000000000000 ) ) ;
#4567 = ORIENTED_EDGE ( 'NONE', *, *, #7243, .T. ) ;
#4568 = VECTOR ( 'NONE', #2244, 1000.000000000000000 ) ;
#4569 = CARTESIAN_POINT ( 'NONE',  ( 3.301220786870199042, 5.920464898423894340, -0.3499999999999999223 ) ) ;
#4570 = CARTESIAN_POINT ( 'NONE',  ( 8.619999999999999218, 6.299999999999999822, -0.1283333333333336601 ) ) ;
#4571 = CARTESIAN_POINT ( 'NONE',  ( -0.4481930454221424998, 5.884855341312110077, 0.3499999999999999223 ) ) ;
#4572 = ORIENTED_EDGE ( 'NONE', *, *, #3978, .T. ) ;
#4573 = EDGE_CURVE ( 'NONE', #1987, #7292, #4866, .T. ) ;
#4574 = FACE_OUTER_BOUND ( 'NONE', #5431, .T. ) ;
#4575 = VECTOR ( 'NONE', #5478, 1000.000000000000000 ) ;
#4576 = CARTESIAN_POINT ( 'NONE',  ( 4.248546599915419719, 5.476966929916272875, -0.3500000000000000888 ) ) ;
#4577 = DIRECTION ( 'NONE',  ( 1.000000000000000000, 0.000000000000000000, 0.000000000000000000 ) ) ;
#4578 = LINE ( 'NONE', #4537, #3027 ) ;
#4579 = CARTESIAN_POINT ( 'NONE',  ( -1.469999999999999973, 8.500000000000000000, -1.199999999999999956 ) ) ;
#4580 = ORIENTED_EDGE ( 'NONE', *, *, #1346, .F. ) ;
#4581 = ORIENTED_EDGE ( 'NONE', *, *, #1074, .T. ) ;
#4582 = LINE ( 'NONE', #1592, #2663 ) ;
#4583 = VECTOR ( 'NONE', #5554, 1000.000000000000000 ) ;
#4584 = COLOUR_RGB ( '',0.8313725490196077761, 0.6705882352941175961, 0.1294117647058823373 ) ;
#4585 = SURFACE_SIDE_STYLE ('',( #6416 ) ) ;
#4586 = SURFACE_STYLE_USAGE ( .BOTH. , #426 ) ;
#4587 = CARTESIAN_POINT ( 'NONE',  ( 4.393245067392238745, 8.000000000000000000, -0.6500000000000030198 ) ) ;
#4588 = FACE_OUTER_BOUND ( 'NONE', #6832, .T. ) ;
#4589 = FILL_AREA_STYLE ('',( #6380 ) ) ;
#4590 = DIRECTION ( 'NONE',  ( 0.000000000000000000, 0.000000000000000000, -1.000000000000000000 ) ) ;
#4591 = SURFACE_SIDE_STYLE ('',( #6384 ) ) ;
#4592 = PRESENTATION_LAYER_ASSIGNMENT (  '', '', ( #1696 ) ) ;
#4593 = ORIENTED_EDGE ( 'NONE', *, *, #7042, .T. ) ;
#4594 =( NAMED_UNIT ( * ) PLANE_ANGLE_UNIT ( ) SI_UNIT ( $, .RADIAN. ) );
#4595 = CARTESIAN_POINT ( 'NONE',  ( 1.540000000000000036, 6.500000000000000888, -0.3500000000000010880 ) ) ;
#4596 = VECTOR ( 'NONE', #3884, 1000.000000000000000 ) ;
#4597 = ORIENTED_EDGE ( 'NONE', *, *, #814, .F. ) ;
#4598 = SURFACE_STYLE_FILL_AREA ( #2238 ) ;
#4599 = ORIENTED_EDGE ( 'NONE', *, *, #5753, .T. ) ;
#4600 = FILL_AREA_STYLE ('',( #1610 ) ) ;
#4601 =( LENGTH_UNIT ( ) NAMED_UNIT ( * ) SI_UNIT ( .MILLI., .METRE. ) );
#4602 =( NAMED_UNIT ( * ) PLANE_ANGLE_UNIT ( ) SI_UNIT ( $, .RADIAN. ) );
#4603 = ORIENTED_EDGE ( 'NONE', *, *, #814, .T. ) ;
#4604 = DIRECTION ( 'NONE',  ( -2.053413205464970640E-17, 0.000000000000000000, -1.000000000000000000 ) ) ;
#4605 = ORIENTED_EDGE ( 'NONE', *, *, #6157, .T. ) ;
#4606 = MECHANICAL_DESIGN_GEOMETRIC_PRESENTATION_REPRESENTATION (  '', ( #3368 ), #3988 ) ;
#4607 = CARTESIAN_POINT ( 'NONE',  ( 3.482500029944759934, 4.124619419408675824, -0.3500000000000001443 ) ) ;
#4608 =( NAMED_UNIT ( * ) PLANE_ANGLE_UNIT ( ) SI_UNIT ( $, .RADIAN. ) );
#4609 = LINE ( 'NONE', #5261, #7330 ) ;
#4610 = ORIENTED_EDGE ( 'NONE', *, *, #4925, .F. ) ;
#4611 = COLOUR_RGB ( '',0.8313725490196077761, 0.6705882352941175961, 0.1294117647058823373 ) ;
#4612 = CARTESIAN_POINT ( 'NONE',  ( 4.230816522019154924, 5.324198710740767559, -0.3500000000000001443 ) ) ;
#4613 = CARTESIAN_POINT ( 'NONE',  ( -1.469999999999999973, 8.500000000000000000, 1.199999999999999956 ) ) ;
#4614 = LINE ( 'NONE', #5802, #122 ) ;
#4615 = CARTESIAN_POINT ( 'NONE',  ( 1.546881821040566152, 2.798202530627316609, -0.3500000000000000333 ) ) ;
#4616 = SURFACE_STYLE_USAGE ( .BOTH. , #2219 ) ;
#4617 = ORIENTED_EDGE ( 'NONE', *, *, #5691, .F. ) ;
#4618 = ORIENTED_EDGE ( 'NONE', *, *, #7327, .F. ) ;
#4619 = LINE ( 'NONE', #340, #2935 ) ;
#4620 = EDGE_CURVE ( 'NONE', #1429, #3483, #7644, .T. ) ;
#4621 = UNCERTAINTY_MEASURE_WITH_UNIT (LENGTH_MEASURE( 1.000000000000000082E-05 ), #7554, 'distance_accuracy_value', 'NONE');
#4622 = CARTESIAN_POINT ( 'NONE',  ( 7.120000000000000995, 6.299999999999999822, 0.3499999999999998113 ) ) ;
#4623 = CARTESIAN_POINT ( 'NONE',  ( 4.080000000000000071, 6.500000000000000888, 0.3499999999999989231 ) ) ;
#4624 = CARTESIAN_POINT ( 'NONE',  ( 8.119999999999999218, 6.084152315493285279, 0.3499999999999998113 ) ) ;
#4625 =( LENGTH_UNIT ( ) NAMED_UNIT ( * ) SI_UNIT ( .MILLI., .METRE. ) );
#4626 = CARTESIAN_POINT ( 'NONE',  ( 3.039999999999998259, 6.084152315493285279, 0.3499999999999999223 ) ) ;
#4627 = CARTESIAN_POINT ( 'NONE',  ( 7.969999999999999751, 8.000000000000000000, -0.3500000000000000333 ) ) ;
#4628 = EDGE_CURVE ( 'NONE', #471, #2234, #1041, .T. ) ;
#4629 = DIRECTION ( 'NONE',  ( -1.000000000000000000, 0.000000000000000000, 0.000000000000000000 ) ) ;
#4630 = VERTEX_POINT ( 'NONE', #5842 ) ;
#4631 = FACE_OUTER_BOUND ( 'NONE', #3513, .T. ) ;
#4632 = CARTESIAN_POINT ( 'NONE',  ( -0.9999999999999995559, 1.800000000000000488, -0.3499999999999999778 ) ) ;
#4633 = ORIENTED_EDGE ( 'NONE', *, *, #5329, .T. ) ;
#4634 = PLANE ( 'NONE',  #34 ) ;
#4635 = CARTESIAN_POINT ( 'NONE',  ( 7.020000000000000462, 6.299999999999999822, -0.3850000000000000089 ) ) ;
#4636 = EDGE_CURVE ( 'NONE', #6720, #3590, #4693, .T. ) ;
#4637 = ORIENTED_EDGE ( 'NONE', *, *, #2332, .F. ) ;
#4638 = SURFACE_STYLE_FILL_AREA ( #4600 ) ;
#4639 = DIRECTION ( 'NONE',  ( 1.000000000000000000, 0.000000000000000000, 0.000000000000000000 ) ) ;
#4640 = CARTESIAN_POINT ( 'NONE',  ( -0.3499999999999991451, 0.5000000000000005551, -0.3499999999999999778 ) ) ;
#4641 = ORIENTED_EDGE ( 'NONE', *, *, #6820, .T. ) ;
#4642 = CARTESIAN_POINT ( 'NONE',  ( 7.270000000000000462, 0.000000000000000000, -0.3499999999999999778 ) ) ;
#4643 = PRESENTATION_LAYER_ASSIGNMENT (  '', '', ( #2261 ) ) ;
#4644 = ORIENTED_EDGE ( 'NONE', *, *, #294, .T. ) ;
#4645 = CARTESIAN_POINT ( 'NONE',  ( 4.730000000000001315, -2.800000000000001155, 0.3499999999999998668 ) ) ;
#4646 = SURFACE_STYLE_USAGE ( .BOTH. , #7075 ) ;
#4647 = PRESENTATION_STYLE_ASSIGNMENT (( #1909 ) ) ;
#4648 = ORIENTED_EDGE ( 'NONE', *, *, #2329, .T. ) ;
#4649 = AXIS2_PLACEMENT_3D ( 'NONE', #1045, #1468, #7500 ) ;
#4650 = LINE ( 'NONE', #5762, #4999 ) ;
#4651 = CARTESIAN_POINT ( 'NONE',  ( 4.351497947711107095, 6.125528511109508578, -0.3500000000000001443 ) ) ;
#4652 = CARTESIAN_POINT ( 'NONE',  ( 2.539999999999999147, 1.700000000000000178, -0.3500000000000000333 ) ) ;
#4653 = CARTESIAN_POINT ( 'NONE',  ( -0.4481930454221425553, 5.884855341312109189, -0.3499999999999999223 ) ) ;
#4654 = CARTESIAN_POINT ( 'NONE',  ( 1.593063051753866866, 4.039780281224067515, -0.3500000000000001443 ) ) ;
#4655 = ORIENTED_EDGE ( 'NONE', *, *, #2716, .F. ) ;
#4656 = EDGE_LOOP ( 'NONE', ( #6567, #5297, #5871, #226 ) ) ;
#4657 = MANIFOLD_SOLID_BREP ( 'LPattern17', #857 ) ;
#4658 = AXIS2_PLACEMENT_3D ( 'NONE', #1860, #4268, #6685 ) ;
#4659 = CARTESIAN_POINT ( 'NONE',  ( 8.286266211150815408, 6.298959448224885627, 0.3499999999999998113 ) ) ;
#4660 = VECTOR ( 'NONE', #7224, 1000.000000000000000 ) ;
#4661 = DIRECTION ( 'NONE',  ( -0.000000000000000000, -0.000000000000000000, -1.000000000000000000 ) ) ;
#4662 = SURFACE_STYLE_FILL_AREA ( #6418 ) ;
#4663 = CARTESIAN_POINT ( 'NONE',  ( 7.294744180118195587, 5.589454083063165157, 0.3499999999999998113 ) ) ;
#4664 = CARTESIAN_POINT ( 'NONE',  ( 2.988193045422142369, 5.884855341312110077, 0.3499999999999999223 ) ) ;
#4665 = DIRECTION ( 'NONE',  ( -3.097720492815726426E-17, 1.000000000000000000, 0.000000000000000000 ) ) ;
#4666 = AXIS2_PLACEMENT_3D ( 'NONE', #347, #5817, #941 ) ;
#4667 = ORIENTED_EDGE ( 'NONE', *, *, #3933, .F. ) ;
#4668 = EDGE_CURVE ( 'NONE', #6147, #4317, #1078, .T. ) ;
#4669 = DIRECTION ( 'NONE',  ( 0.5000000000000022204, -0.8660254037844373753, 0.000000000000000000 ) ) ;
#4670 = CARTESIAN_POINT ( 'NONE',  ( 3.039999999999998259, 6.299999999999999822, 0.3499999999999999223 ) ) ;
#4671 = VECTOR ( 'NONE', #3875, 1000.000000000000000 ) ;
#4672 = COLOUR_RGB ( '',0.8313725490196077761, 0.6705882352941175961, 0.1294117647058823373 ) ;
#4673 =( NAMED_UNIT ( * ) PLANE_ANGLE_UNIT ( ) SI_UNIT ( $, .RADIAN. ) );
#4674 = VERTEX_POINT ( 'NONE', #494 ) ;
#4675 = CARTESIAN_POINT ( 'NONE',  ( 7.020000000000000462, 6.299999999999999822, -0.1283333333333336601 ) ) ;
#4676 = CYLINDRICAL_SURFACE ( 'NONE', #639, 0.2999999999999999334 ) ;
#4677 = VERTEX_POINT ( 'NONE', #2898 ) ;
#4678 = VECTOR ( 'NONE', #4833, 1000.000000000000000 ) ;
#4679 = CARTESIAN_POINT ( 'NONE',  ( 3.061845733883979737, 5.626229152235330488, -5.215669541881025753E-17 ) ) ;
#4680 = EDGE_CURVE ( 'NONE', #4964, #1110, #528, .T. ) ;
#4681 = FILL_AREA_STYLE_COLOUR ( '', #6083 ) ;
#4682 = EDGE_CURVE ( 'NONE', #2141, #605, #3123, .T. ) ;
#4683 = ORIENTED_EDGE ( 'NONE', *, *, #5612, .F. ) ;
#4684 = LINE ( 'NONE', #5905, #4694 ) ;
#4685 = PRESENTATION_LAYER_ASSIGNMENT (  '', '', ( #4919 ) ) ;
#4686 = ORIENTED_EDGE ( 'NONE', *, *, #7139, .T. ) ;
#4687 =( BOUNDED_CURVE ( )  B_SPLINE_CURVE ( 3, ( #1623, #456, #5185, #3292 ),
 .UNSPECIFIED., .F., .F. ) 
 B_SPLINE_CURVE_WITH_KNOTS ( ( 4, 4 ),
 ( 1.570796326794896336, 2.359101780428492390 ),
 .UNSPECIFIED. ) 
 CURVE ( )  GEOMETRIC_REPRESENTATION_ITEM ( )  RATIONAL_B_SPLINE_CURVE ( ( 1.000000000000000000, 0.9488815137910384667, 0.9488815137910384667, 1.000000000000000000 ) ) 
 REPRESENTATION_ITEM ( '' )  );
#4688 = CARTESIAN_POINT ( 'NONE',  ( 5.766754932607761397, 10.39117142264903570, -0.6500000000000030198 ) ) ;
#4689 = PLANE ( 'NONE',  #5293 ) ;
#4690 =( NAMED_UNIT ( * ) PLANE_ANGLE_UNIT ( ) SI_UNIT ( $, .RADIAN. ) );
#4691 = ORIENTED_EDGE ( 'NONE', *, *, #2687, .T. ) ;
#4692 = PRESENTATION_STYLE_ASSIGNMENT (( #2407 ) ) ;
#4693 = LINE ( 'NONE', #2176, #439 ) ;
#4694 = VECTOR ( 'NONE', #3444, 1000.000000000000000 ) ;
#4695 = CARTESIAN_POINT ( 'NONE',  ( 2.214744180118195516, 5.589454083063166046, -0.3500000000000000333 ) ) ;
#4696 =( LENGTH_UNIT ( ) NAMED_UNIT ( * ) SI_UNIT ( .MILLI., .METRE. ) );
#4697 = CARTESIAN_POINT ( 'NONE',  ( 1.853245067392238710, 10.39117142264903570, -0.6500000000000030198 ) ) ;
#4698 = EDGE_LOOP ( 'NONE', ( #3200, #2182, #4641, #1284 ) ) ;
#4699 = ORIENTED_EDGE ( 'NONE', *, *, #3565, .T. ) ;
#4700 = PLANE ( 'NONE',  #912 ) ;
#4701 = PRESENTATION_LAYER_ASSIGNMENT (  '', '', ( #7603 ) ) ;
#4702 = EDGE_CURVE ( 'NONE', #6746, #7367, #1851, .T. ) ;
#4703 = UNCERTAINTY_MEASURE_WITH_UNIT (LENGTH_MEASURE( 1.000000000000000082E-05 ), #950, 'distance_accuracy_value', 'NONE');
#4704 = CARTESIAN_POINT ( 'NONE',  ( 4.754744180118195551, 5.589454083063166046, 0.3499999999999998668 ) ) ;
#4705 = FILL_AREA_STYLE_COLOUR ( '', #4025 ) ;
#4706 = CARTESIAN_POINT ( 'NONE',  ( 1.940000000000000613, 6.299999999999999822, -0.1283333333333335491 ) ) ;
#4707 = PRESENTATION_LAYER_ASSIGNMENT (  '', '', ( #5599 ) ) ;
#4708 =( NAMED_UNIT ( * ) PLANE_ANGLE_UNIT ( ) SI_UNIT ( $, .RADIAN. ) );
#4709 = ADVANCED_FACE ( 'NONE', ( #74 ), #3596, .F. ) ;
#4710 = PLANE ( 'NONE',  #3132 ) ;
#4711 = PLANE ( 'NONE',  #6050 ) ;
#4712 = EDGE_CURVE ( 'NONE', #2098, #672, #6640, .T. ) ;
#4713 = ORIENTED_EDGE ( 'NONE', *, *, #6554, .F. ) ;
#4714 = AXIS2_PLACEMENT_3D ( 'NONE', #6046, #3065, #689 ) ;
#4715 = DIRECTION ( 'NONE',  ( 0.000000000000000000, 0.000000000000000000, 1.000000000000000000 ) ) ;
#4716 = CARTESIAN_POINT ( 'NONE',  ( 5.528193045422142404, 5.884855341312109189, -0.3500000000000000888 ) ) ;
#4717 = LINE ( 'NONE', #4089, #5105 ) ;
#4718 = SURFACE_STYLE_FILL_AREA ( #1208 ) ;
#4719 = EDGE_CURVE ( 'NONE', #1526, #6390, #6673, .T. ) ;
#4720 = CARTESIAN_POINT ( 'NONE',  ( 6.620000000000000107, 6.299999999999999822, 0.1283333333333334381 ) ) ;
#4721 = COLOUR_RGB ( '',0.8313725490196077761, 0.6705882352941175961, 0.1294117647058823373 ) ;
#4722 = DIRECTION ( 'NONE',  ( -0.000000000000000000, 0.000000000000000000, 1.000000000000000000 ) ) ;
#4723 = EDGE_CURVE ( 'NONE', #7650, #753, #1338, .T. ) ;
#4724 =( BOUNDED_SURFACE ( )  B_SPLINE_SURFACE ( 2, 3, ( 
 ( #1828, #4273, #4864, #6013 ),
 ( #581, #3653, #17, #4793 ),
 ( #1754, #7281, #7247, #2992 ) ),
 .UNSPECIFIED., .F., .F., .F. ) 
 B_SPLINE_SURFACE_WITH_KNOTS ( ( 3, 3 ),
 ( 4, 4 ),
 ( 0.000000000000000000, 1.000000000000000000 ),
 ( -0.0007349999999999999763, 3.500000000000000371E-05 ),
 .UNSPECIFIED. ) 
 GEOMETRIC_REPRESENTATION_ITEM ( )  RATIONAL_B_SPLINE_SURFACE ( (
 ( 1.000000000000000000, 1.000000000000000000, 1.000000000000000000, 1.000000000000000000),
 ( 0.7071067811865475727, 0.7071067811865475727, 0.7071067811865475727, 0.7071067811865475727),
 ( 1.000000000000000000, 1.000000000000000000, 1.000000000000000000, 1.000000000000000000) ) ) 
 REPRESENTATION_ITEM ( '' )  SURFACE ( )  );
#4725 = ORIENTED_EDGE ( 'NONE', *, *, #5275, .F. ) ;
#4726 = CARTESIAN_POINT ( 'NONE',  ( -6.734562392116864048E-17, 8.500000000000000000, -0.8696152422706630025 ) ) ;
#4727 = AXIS2_PLACEMENT_3D ( 'NONE', #6772, #853, #5664 ) ;
#4728 = VERTEX_POINT ( 'NONE', #5417 ) ;
#4729 = CARTESIAN_POINT ( 'NONE',  ( 1.540000000000000036, 6.500000000000000888, 0.3499999999999989231 ) ) ;
#4730 = ADVANCED_FACE ( 'NONE', ( #37 ), #2484, .F. ) ;
#4731 = CARTESIAN_POINT ( 'NONE',  ( 4.080000000000000071, 1.800000000000000488, -0.3500000000000000888 ) ) ;
#4732 = UNCERTAINTY_MEASURE_WITH_UNIT (LENGTH_MEASURE( 1.000000000000000082E-05 ), #3716, 'distance_accuracy_value', 'NONE');
#4733 = SURFACE_SIDE_STYLE ('',( #1694 ) ) ;
#4734 = VECTOR ( 'NONE', #233, 1000.000000000000000 ) ;
#4735 = ORIENTED_EDGE ( 'NONE', *, *, #6880, .F. ) ;
#4736 = CARTESIAN_POINT ( 'NONE',  ( 4.191150453949023635, 4.917640708295713203, -0.3499999999999999223 ) ) ;
#4737 = FACE_OUTER_BOUND ( 'NONE', #6342, .T. ) ;
#4738 = PRODUCT_RELATED_PRODUCT_CATEGORY ( 'part', '', ( #1845 ) ) ;
#4739 = ORIENTED_EDGE ( 'NONE', *, *, #3336, .F. ) ;
#4740 = VERTEX_POINT ( 'NONE', #4773 ) ;
#4741 = FACE_OUTER_BOUND ( 'NONE', #4937, .T. ) ;
#4742 = ADVANCED_FACE ( 'NONE', ( #7335 ), #6750, .F. ) ;
#4743 = STYLED_ITEM ( 'NONE', ( #1892 ), #7149 ) ;
#4744 = SURFACE_STYLE_FILL_AREA ( #1123 ) ;
#4745 = CARTESIAN_POINT ( 'NONE',  ( 5.405255819881806367, 5.589454083063162493, -0.3500000000000000888 ) ) ;
#4746 = EDGE_CURVE ( 'NONE', #127, #7519, #3083, .T. ) ;
#4747 = CARTESIAN_POINT ( 'NONE',  ( 8.141845733883979364, 5.626229152235330488, -1.564700862564307603E-16 ) ) ;
#4748 = FILL_AREA_STYLE_COLOUR ( '', #6439 ) ;
#4749 = SURFACE_STYLE_FILL_AREA ( #3495 ) ;
#4750 = CARTESIAN_POINT ( 'NONE',  ( 5.766754932607761397, 0.5000000000000000000, -0.6500000000000013545 ) ) ;
#4751 = VERTEX_POINT ( 'NONE', #1811 ) ;
#4752 = MANIFOLD_SOLID_BREP ( 'Fillet3', #4369 ) ;
#4753 = LINE ( 'NONE', #7172, #818 ) ;
#4754 = FACE_OUTER_BOUND ( 'NONE', #6677, .T. ) ;
#4755 = CARTESIAN_POINT ( 'NONE',  ( 6.834859749080237634, 5.788964205960198228, 0.3499999999999998668 ) ) ;
#4756 = CARTESIAN_POINT ( 'NONE',  ( 4.080000000000000071, 6.500000000000000888, 0.3499999999999989231 ) ) ;
#4757 = DIRECTION ( 'NONE',  ( 1.000000000000000000, 0.000000000000000000, 0.000000000000000000 ) ) ;
#4758 = PLANE ( 'NONE',  #2528 ) ;
#4759 = UNCERTAINTY_MEASURE_WITH_UNIT (LENGTH_MEASURE( 1.000000000000000082E-05 ), #6711, 'distance_accuracy_value', 'NONE');
#4760 = EDGE_LOOP ( 'NONE', ( #2679, #5459, #6113, #144 ) ) ;
#4761 = PLANE ( 'NONE',  #3110 ) ;
#4762 = AXIS2_PLACEMENT_3D ( 'NONE', #731, #4315, #6732 ) ;
#4763 = CARTESIAN_POINT ( 'NONE',  ( 0.4999999999999985012, 6.299999999999999822, 0.3499999999999999778 ) ) ;
#4764 = ORIENTED_EDGE ( 'NONE', *, *, #6900, .T. ) ;
#4765 = CARTESIAN_POINT ( 'NONE',  ( 0.5218457338839795900, 5.626229152235330488, -0.3499999999999999778 ) ) ;
#4766 = VERTEX_POINT ( 'NONE', #3282 ) ;
#4767 = CARTESIAN_POINT ( 'NONE',  ( -5.421010862427528333E-17, 0.5000000000000005551, -0.3499999999999999778 ) ) ;
#4768 =( BOUNDED_CURVE ( )  B_SPLINE_CURVE ( 3, ( #1729, #7146, #2850, #4105 ),
 .UNSPECIFIED., .F., .F. ) 
 B_SPLINE_CURVE_WITH_KNOTS ( ( 4, 4 ),
 ( 1.570796326794896336, 2.359101780428492390 ),
 .UNSPECIFIED. ) 
 CURVE ( )  GEOMETRIC_REPRESENTATION_ITEM ( )  RATIONAL_B_SPLINE_CURVE ( ( 1.000000000000000000, 0.9488815137910384667, 0.9488815137910384667, 1.000000000000000000 ) ) 
 REPRESENTATION_ITEM ( '' )  );
#4769 = CARTESIAN_POINT ( 'NONE',  ( 0.4999999999999985012, 6.299999999999999822, -0.3499999999999999778 ) ) ;
#4770 = COLOUR_RGB ( '',0.8313725490196077761, 0.6705882352941175961, 0.1294117647058823373 ) ;
#4771 = ORIENTED_EDGE ( 'NONE', *, *, #4723, .F. ) ;
#4772 = LINE ( 'NONE', #5454, #7523 ) ;
#4773 = CARTESIAN_POINT ( 'NONE',  ( 1.853245067392238710, 0.5000000000000002220, 0.6500000000000011324 ) ) ;
#4774 =( GEOMETRIC_REPRESENTATION_CONTEXT ( 3 ) GLOBAL_UNCERTAINTY_ASSIGNED_CONTEXT ( ( #2717 ) ) GLOBAL_UNIT_ASSIGNED_CONTEXT ( ( #5236, #1516, #343 ) ) REPRESENTATION_CONTEXT ( 'NONE', 'WORKASPACE' ) );
#4775 = EDGE_CURVE ( 'NONE', #949, #4502, #3745, .T. ) ;
#4776 = ADVANCED_FACE ( 'NONE', ( #7488 ), #914, .F. ) ;
#4777 = CARTESIAN_POINT ( 'NONE',  ( 1.752837746342908343, 5.777005459572334800, -0.3499999999999999223 ) ) ;
#4778 = ORIENTED_EDGE ( 'NONE', *, *, #5335, .F. ) ;
#4779 = ORIENTED_EDGE ( 'NONE', *, *, #6366, .T. ) ;
#4780 = UNCERTAINTY_MEASURE_WITH_UNIT (LENGTH_MEASURE( 1.000000000000000082E-05 ), #5743, 'distance_accuracy_value', 'NONE');
#4781 = DIRECTION ( 'NONE',  ( -0.000000000000000000, -0.000000000000000000, 1.000000000000000000 ) ) ;
#4782 = VECTOR ( 'NONE', #420, 1000.000000000000000 ) ;
#4783 = EDGE_CURVE ( 'NONE', #3382, #4674, #6303, .T. ) ;
#4784 = FILL_AREA_STYLE_COLOUR ( '', #4464 ) ;
#4785 = CARTESIAN_POINT ( 'NONE',  ( 4.434533521472694417, 3.877691542223590471, -0.3500000000000000333 ) ) ;
#4786 = AXIS2_PLACEMENT_3D ( 'NONE', #6307, #2533, #920 ) ;
#4787 = LINE ( 'NONE', #6076, #5113 ) ;
#4788 = PLANE ( 'NONE',  #3033 ) ;
#4789 = DIRECTION ( 'NONE',  ( 1.121588454295349533E-16, -1.000000000000000000, 0.000000000000000000 ) ) ;
#4790 = EDGE_LOOP ( 'NONE', ( #391, #7655, #6778, #7692 ) ) ;
#4791 =( NAMED_UNIT ( * ) PLANE_ANGLE_UNIT ( ) SI_UNIT ( $, .RADIAN. ) );
#4792 = PLANE ( 'NONE',  #2323 ) ;
#4793 = CARTESIAN_POINT ( 'NONE',  ( 1.000000000000000444, 6.299999999999999822, 0.3850000000000000089 ) ) ;
#4794 = FACE_BOUND ( 'NONE', #3898, .T. ) ;
#4795 = CARTESIAN_POINT ( 'NONE',  ( 4.120000584798286347, 3.767448265748938763, -0.3500000000000000888 ) ) ;
#4796 = VECTOR ( 'NONE', #508, 1000.000000000000000 ) ;
#4797 = VERTEX_POINT ( 'NONE', #5085 ) ;
#4798 = AXIS2_PLACEMENT_3D ( 'NONE', #7194, #1813, #2977 ) ;
#4799 = VECTOR ( 'NONE', #5389, 1000.000000000000000 ) ;
#4800 = DIRECTION ( 'NONE',  ( 0.000000000000000000, -1.668003342285391551E-16, -1.000000000000000000 ) ) ;
#4801 = CARTESIAN_POINT ( 'NONE',  ( -0.6999999999999995115, 0.5000000000000004441, -0.3499999999999999778 ) ) ;
#4802 = EDGE_CURVE ( 'NONE', #7779, #5216, #1536, .T. ) ;
#4803 = DIRECTION ( 'NONE',  ( -1.000000000000000000, -0.000000000000000000, -0.000000000000000000 ) ) ;
#4804 = ORIENTED_EDGE ( 'NONE', *, *, #6171, .F. ) ;
#4805 = CARTESIAN_POINT ( 'NONE',  ( 6.671102897648887975, 4.001162287970071674, -0.3500000000000001443 ) ) ;
#4806 = EDGE_LOOP ( 'NONE', ( #3942, #1369, #1509, #7376 ) ) ;
#4807 = CARTESIAN_POINT ( 'NONE',  ( 0.3500000000000000333, 8.199999999999999289, 0.3499999999999999778 ) ) ;
#4808 = ADVANCED_FACE ( 'NONE', ( #6221 ), #1997, .T. ) ;
#4809 = ORIENTED_EDGE ( 'NONE', *, *, #360, .T. ) ;
#4810 = EDGE_CURVE ( 'NONE', #6054, #471, #6875, .T. ) ;
#4811 = CARTESIAN_POINT ( 'NONE',  ( 5.430000000000000604, -2.800000000000001155, 0.3499999999999998668 ) ) ;
#4812 = DIRECTION ( 'NONE',  ( -0.000000000000000000, 0.000000000000000000, 1.000000000000000000 ) ) ;
#4813 = LINE ( 'NONE', #5458, #6316 ) ;
#4814 = ORIENTED_EDGE ( 'NONE', *, *, #166, .F. ) ;
#4815 = ORIENTED_EDGE ( 'NONE', *, *, #6030, .T. ) ;
#4816 = EDGE_CURVE ( 'NONE', #3819, #1538, #3244, .T. ) ;
#4817 = DIRECTION ( 'NONE',  ( 0.000000000000000000, 0.000000000000000000, 1.000000000000000000 ) ) ;
#4818 = CARTESIAN_POINT ( 'NONE',  ( 3.540000000000001368, 6.299999999999999822, -0.1283333333333335491 ) ) ;
#4819 = CARTESIAN_POINT ( 'NONE',  ( 5.079999999999999183, 1.700000000000000178, -0.3500000000000000888 ) ) ;
#4820 = CARTESIAN_POINT ( 'NONE',  ( 3.540000000000000036, 6.500000000000000888, -0.3500000000000010880 ) ) ;
#4821 = ORIENTED_EDGE ( 'NONE', *, *, #7723, .F. ) ;
#4822 = CARTESIAN_POINT ( 'NONE',  ( 5.405255819881805479, 5.589454083063163381, 0.3499999999999998668 ) ) ;
#4823 = DIRECTION ( 'NONE',  ( 1.000000000000000000, -8.673617379884051249E-15, 0.000000000000000000 ) ) ;
#4824 = DIRECTION ( 'NONE',  ( -1.000000000000000000, -1.084202172485504434E-16, 0.000000000000000000 ) ) ;
#4825 = PRESENTATION_LAYER_ASSIGNMENT (  '', '', ( #800 ) ) ;
#4826 = EDGE_CURVE ( 'NONE', #4849, #7758, #5566, .T. ) ;
#4827 = CARTESIAN_POINT ( 'NONE',  ( 1.540000000000000480, 2.615493535618376608, 0.3499999999999999223 ) ) ;
#4828 = PLANE ( 'NONE',  #4145 ) ;
#4829 = CARTESIAN_POINT ( 'NONE',  ( 4.730000000000001315, -1.084202172485501815E-17, 0.3499999999999998668 ) ) ;
#4830 = CARTESIAN_POINT ( 'NONE',  ( 4.080000000000000071, 6.500000000000000888, -0.3500000000000010880 ) ) ;
#4831 =( LENGTH_UNIT ( ) NAMED_UNIT ( * ) SI_UNIT ( .MILLI., .METRE. ) );
#4832 =( NAMED_UNIT ( * ) SI_UNIT ( $, .STERADIAN. ) SOLID_ANGLE_UNIT ( ) );
#4833 = DIRECTION ( 'NONE',  ( 0.000000000000000000, 0.000000000000000000, 1.000000000000000000 ) ) ;
#4834 = VERTEX_POINT ( 'NONE', #3786 ) ;
#4835 = DIRECTION ( 'NONE',  ( 0.000000000000000000, 1.000000000000000000, -3.097720492815727166E-16 ) ) ;
#4836 = LINE ( 'NONE', #6592, #1302 ) ;
#4837 = ORIENTED_EDGE ( 'NONE', *, *, #6651, .F. ) ;
#4838 = DIRECTION ( 'NONE',  ( 1.000000000000000000, 1.301042606982605479E-14, 0.000000000000000000 ) ) ;
#4839 = VERTEX_POINT ( 'NONE', #5006 ) ;
#4840 = DIRECTION ( 'NONE',  ( -0.000000000000000000, -0.000000000000000000, -1.000000000000000000 ) ) ;
#4841 = CARTESIAN_POINT ( 'NONE',  ( 4.380000000000000782, 0.8000000000000004885, -0.3500000000000000888 ) ) ;
#4842 = EDGE_CURVE ( 'NONE', #2083, #1495, #235, .T. ) ;
#4843 = ORIENTED_EDGE ( 'NONE', *, *, #7120, .T. ) ;
#4844 = AXIS2_PLACEMENT_3D ( 'NONE', #6272, #6319, #291 ) ;
#4845 = CARTESIAN_POINT ( 'NONE',  ( 6.080000000000000071, 1.800000000000000488, -0.3850000000000000644 ) ) ;
#4846 =( LENGTH_UNIT ( ) NAMED_UNIT ( * ) SI_UNIT ( .MILLI., .METRE. ) );
#4847 = ORIENTED_EDGE ( 'NONE', *, *, #3815, .T. ) ;
#4848 = ADVANCED_FACE ( 'NONE', ( #5044 ), #4447, .F. ) ;
#4849 = VERTEX_POINT ( 'NONE', #4640 ) ;
#4850 = LINE ( 'NONE', #2906, #1539 ) ;
#4851 = VECTOR ( 'NONE', #2729, 1000.000000000000000 ) ;
#4852 = EDGE_CURVE ( 'NONE', #5769, #1785, #48, .T. ) ;
#4853 = DIRECTION ( 'NONE',  ( -1.000000000000000000, 0.000000000000000000, 0.000000000000000000 ) ) ;
#4854 = SURFACE_STYLE_USAGE ( .BOTH. , #1159 ) ;
#4855 = ADVANCED_FACE ( 'NONE', ( #483 ), #955, .F. ) ;
#4856 = CARTESIAN_POINT ( 'NONE',  ( -0.5999999999999996447, 6.299999999999999822, 0.3499999999999999778 ) ) ;
#4857 = ORIENTED_EDGE ( 'NONE', *, *, #3300, .F. ) ;
#4858 = ADVANCED_FACE ( 'NONE', ( #1612 ), #2165, .T. ) ;
#4859 = CARTESIAN_POINT ( 'NONE',  ( 2.892524015545778759, 5.732672356334978403, -0.3500000000000000333 ) ) ;
#4860 = UNCERTAINTY_MEASURE_WITH_UNIT (LENGTH_MEASURE( 1.000000000000000082E-05 ), #3191, 'distance_accuracy_value', 'NONE');
#4861 = SURFACE_SIDE_STYLE ('',( #7759 ) ) ;
#4862 = ADVANCED_FACE ( 'NONE', ( #7805 ), #1802, .F. ) ;
#4863 = COLOUR_RGB ( '',0.8313725490196077761, 0.6705882352941175961, 0.1294117647058823373 ) ;
#4864 = CARTESIAN_POINT ( 'NONE',  ( 1.000000000000000444, 1.800000000000000488, 0.1283333333333333270 ) ) ;
#4865 = CARTESIAN_POINT ( 'NONE',  ( 6.620000000000000995, 1.800000000000000488, 0.3499999999999998113 ) ) ;
#4866 = LINE ( 'NONE', #1170, #7736 ) ;
#4867 = DIRECTION ( 'NONE',  ( 3.097720492815726426E-17, -1.000000000000000000, 0.000000000000000000 ) ) ;
#4868 = FACE_OUTER_BOUND ( 'NONE', #5706, .T. ) ;
#4869 = CIRCLE ( 'NONE', #1345, 0.2999999999999999334 ) ;
#4870 = ORIENTED_EDGE ( 'NONE', *, *, #1686, .F. ) ;
#4871 = CARTESIAN_POINT ( 'NONE',  ( 5.872485366313218158, 5.744802409713649638, 0.3499999999999998668 ) ) ;
#4872 = EDGE_CURVE ( 'NONE', #4443, #6020, #4836, .T. ) ;
#4873 = EDGE_CURVE ( 'NONE', #7650, #4440, #1236, .T. ) ;
#4874 = PRESENTATION_STYLE_ASSIGNMENT (( #1177 ) ) ;
#4875 = CARTESIAN_POINT ( 'NONE',  ( 2.539999999999999147, 1.700000000000000178, 0.3499999999999999223 ) ) ;
#4876 = ORIENTED_EDGE ( 'NONE', *, *, #3370, .F. ) ;
#4877 = DIRECTION ( 'NONE',  ( 0.000000000000000000, 0.000000000000000000, 1.000000000000000000 ) ) ;
#4878 = DIRECTION ( 'NONE',  ( 0.000000000000000000, -0.000000000000000000, -1.000000000000000000 ) ) ;
#4879 = CARTESIAN_POINT ( 'NONE',  ( 3.521660679612406586, 3.374693912578978772, -0.3499999999999999223 ) ) ;
#4880 = FACE_OUTER_BOUND ( 'NONE', #4552, .T. ) ;
#4881 = VERTEX_POINT ( 'NONE', #2438 ) ;
#4882 = AXIS2_PLACEMENT_3D ( 'NONE', #2752, #1608, #6297 ) ;
#4883 = DIRECTION ( 'NONE',  ( 1.000000000000000000, 0.000000000000000000, 0.000000000000000000 ) ) ;
#4884 = DIRECTION ( 'NONE',  ( 0.000000000000000000, 0.000000000000000000, -1.000000000000000000 ) ) ;
#4885 = VERTEX_POINT ( 'NONE', #7255 ) ;
#4886 = LINE ( 'NONE', #5530, #275 ) ;
#4887 = ORIENTED_EDGE ( 'NONE', *, *, #4386, .F. ) ;
#4888 =( NAMED_UNIT ( * ) PLANE_ANGLE_UNIT ( ) SI_UNIT ( $, .RADIAN. ) );
#4889 = ORIENTED_EDGE ( 'NONE', *, *, #6203, .F. ) ;
#4890 = VECTOR ( 'NONE', #3782, 1000.000000000000000 ) ;
#4891 = DIRECTION ( 'NONE',  ( -1.000000000000000000, 0.000000000000000000, 0.000000000000000000 ) ) ;
#4892 = CARTESIAN_POINT ( 'NONE',  ( -0.9399798843744761045, 4.171275002134292365, 0.3499999999999999778 ) ) ;
#4893 = CARTESIAN_POINT ( 'NONE',  ( 6.023567834114157193, 4.104507585657628077, -0.3500000000000000888 ) ) ;
#4894 = DIRECTION ( 'NONE',  ( -1.000000000000000000, -0.000000000000000000, -0.000000000000000000 ) ) ;
#4895 = ORIENTED_EDGE ( 'NONE', *, *, #1352, .F. ) ;
#4896 = SURFACE_STYLE_FILL_AREA ( #5090 ) ;
#4897 = COLOUR_RGB ( '',0.8313725490196077761, 0.6705882352941175961, 0.1294117647058823373 ) ;
#4898 = CARTESIAN_POINT ( 'NONE',  ( 5.430000000000000604, 0.5000000000000005551, 0.3499999999999998668 ) ) ;
#4899 = EDGE_CURVE ( 'NONE', #3393, #826, #1839, .T. ) ;
#4900 = CARTESIAN_POINT ( 'NONE',  ( 1.540000000000000036, 0.5000000000000002220, 0.3499999999999998668 ) ) ;
#4901 = VECTOR ( 'NONE', #3253, 1000.000000000000000 ) ;
#4902 = LINE ( 'NONE', #1975, #1193 ) ;
#4903 = CARTESIAN_POINT ( 'NONE',  ( 8.620000000000000995, 1.800000000000000488, 0.3499999999999998113 ) ) ;
#4904 = CARTESIAN_POINT ( 'NONE',  ( 0.3500000000000008105, 0.5000000000000005551, 0.3499999999999999778 ) ) ;
#4905 =( LENGTH_UNIT ( ) NAMED_UNIT ( * ) SI_UNIT ( .MILLI., .METRE. ) );
#4906 = LINE ( 'NONE', #21, #3636 ) ;
#4907 = LINE ( 'NONE', #6585, #1394 ) ;
#4908 = EDGE_CURVE ( 'NONE', #3991, #5115, #5483, .T. ) ;
#4909 = AXIS2_PLACEMENT_3D ( 'NONE', #5319, #5890, #505 ) ;
#4910 = ADVANCED_FACE ( 'NONE', ( #3698 ), #4210, .T. ) ;
#4911 = CARTESIAN_POINT ( 'NONE',  ( 6.620000000000000995, 1.800000000000000044, 0.1166666666666664187 ) ) ;
#4912 = ORIENTED_EDGE ( 'NONE', *, *, #5941, .F. ) ;
#4913 = EDGE_CURVE ( 'NONE', #4885, #7171, #556, .T. ) ;
#4914 =( NAMED_UNIT ( * ) PLANE_ANGLE_UNIT ( ) SI_UNIT ( $, .RADIAN. ) );
#4915 = VECTOR ( 'NONE', #1450, 1000.000000000000000 ) ;
#4916 = ORIENTED_EDGE ( 'NONE', *, *, #4376, .F. ) ;
#4917 = CARTESIAN_POINT ( 'NONE',  ( 6.674482203325871055, 4.067306563708464218, -0.3500000000000001443 ) ) ;
#4918 = LINE ( 'NONE', #7187, #6447 ) ;
#4919 = STYLED_ITEM ( 'NONE', ( #5728 ), #3624 ) ;
#4920 = ORIENTED_EDGE ( 'NONE', *, *, #7817, .F. ) ;
#4921 = VECTOR ( 'NONE', #2391, 1000.000000000000000 ) ;
#4922 = DIRECTION ( 'NONE',  ( 1.000000000000000000, 0.000000000000000000, 0.000000000000000000 ) ) ;
#4923 = CARTESIAN_POINT ( 'NONE',  ( -0.6867549326077613259, 0.5000000000000002220, 0.3499999999999998668 ) ) ;
#4924 = DIRECTION ( 'NONE',  ( -1.000000000000000000, 0.000000000000000000, 7.744301232039316681E-17 ) ) ;
#4925 = EDGE_CURVE ( 'NONE', #3381, #1421, #136, .T. ) ;
#4926 = VERTEX_POINT ( 'NONE', #4763 ) ;
#4927 = VECTOR ( 'NONE', #6525, 1000.000000000000000 ) ;
#4928 = FACE_OUTER_BOUND ( 'NONE', #3407, .T. ) ;
#4929 = AXIS2_PLACEMENT_3D ( 'NONE', #645, #6575, #2425 ) ;
#4930 = ORIENTED_EDGE ( 'NONE', *, *, #3219, .T. ) ;
#4931 = DIRECTION ( 'NONE',  ( 1.000000000000000000, 0.000000000000000000, 0.000000000000000000 ) ) ;
#4932 = ORIENTED_EDGE ( 'NONE', *, *, #142, .T. ) ;
#4933 = SURFACE_STYLE_FILL_AREA ( #758 ) ;
#4934 = CARTESIAN_POINT ( 'NONE',  ( -0.9442769795120112830, 4.091073788932124700, 0.3500000000000000888 ) ) ;
#4935 = CARTESIAN_POINT ( 'NONE',  ( 4.729999999999999538, 0.000000000000000000, 0.3499999999999999778 ) ) ;
#4936 = DIRECTION ( 'NONE',  ( -1.000000000000000000, 0.000000000000000000, 0.000000000000000000 ) ) ;
#4937 = EDGE_LOOP ( 'NONE', ( #5361, #7604, #1378, #2326, #2889, #2546, #4979, #7535, #4959, #4572, #3276, #3165, #3421, #1889, #7096, #5531, #2414, #5120, #4259, #6762, #339 ) ) ;
#4938 = PRESENTATION_LAYER_ASSIGNMENT (  '', '', ( #7336 ) ) ;
#4939 = CARTESIAN_POINT ( 'NONE',  ( 4.393245067392238745, 8.000000000000000000, -0.6500000000000030198 ) ) ;
#4940 = LINE ( 'NONE', #4898, #4049 ) ;
#4941 = LINE ( 'NONE', #7455, #1472 ) ;
#4942 = CARTESIAN_POINT ( 'NONE',  ( 3.389183477980650672, 5.324198710742059859, 0.3499999999999999778 ) ) ;
#4943 = CARTESIAN_POINT ( 'NONE',  ( 1.000000000000000222, 2.615493535622417820, -0.3499999999999999778 ) ) ;
#4944 = PRESENTATION_STYLE_ASSIGNMENT (( #2541 ) ) ;
#4945 = EDGE_CURVE ( 'NONE', #471, #7586, #7182, .T. ) ;
#4946 = CARTESIAN_POINT ( 'NONE',  ( 5.401845733883980039, 5.626229152235330488, -1.043133908376205151E-16 ) ) ;
#4947 = VECTOR ( 'NONE', #4201, 1000.000000000000000 ) ;
#4948 = LINE ( 'NONE', #6657, #2741 ) ;
#4949 = DIRECTION ( 'NONE',  ( -0.000000000000000000, -0.000000000000000000, -1.000000000000000000 ) ) ;
#4950 = CARTESIAN_POINT ( 'NONE',  ( 5.780000000000001137, 0.8000000000000007105, 0.3499999999999998668 ) ) ;
#4951 = ORIENTED_EDGE ( 'NONE', *, *, #3283, .F. ) ;
#4952 = SURFACE_SIDE_STYLE ('',( #146 ) ) ;
#4953 = CARTESIAN_POINT ( 'NONE',  ( -1.000000000000000000, 6.500000000000000888, 0.3499999999999989231 ) ) ;
#4954 = ADVANCED_FACE ( 'NONE', ( #5593 ), #861, .F. ) ;
#4955 = EDGE_CURVE ( 'NONE', #4385, #42, #185, .T. ) ;
#4956 = LINE ( 'NONE', #3935, #830 ) ;
#4957 = ORIENTED_EDGE ( 'NONE', *, *, #724, .T. ) ;
#4958 = FILL_AREA_STYLE_COLOUR ( '', #933 ) ;
#4959 = ORIENTED_EDGE ( 'NONE', *, *, #4114, .T. ) ;
#4960 = PLANE ( 'NONE',  #4882 ) ;
#4961 = VECTOR ( 'NONE', #750, 1000.000000000000000 ) ;
#4962 = DIRECTION ( 'NONE',  ( 1.000000000000000000, 0.000000000000000000, 0.000000000000000000 ) ) ;
#4963 = DIRECTION ( 'NONE',  ( 0.000000000000000000, 0.000000000000000000, 1.000000000000000000 ) ) ;
#4964 = VERTEX_POINT ( 'NONE', #5033 ) ;
#4965 = CARTESIAN_POINT ( 'NONE',  ( 4.155941859282680895, 4.443591676418676251, 0.3499999999999998668 ) ) ;
#4966 = CARTESIAN_POINT ( 'NONE',  ( 3.540000000000000480, 1.800000000000000488, -0.3500000000000000333 ) ) ;
#4967 = AXIS2_PLACEMENT_3D ( 'NONE', #2195, #2918, #7517 ) ;
#4968 = CARTESIAN_POINT ( 'NONE',  ( 4.930000000000001492, -3.000000000000000000, -0.3500000000000000888 ) ) ;
#4969 = VERTEX_POINT ( 'NONE', #3853 ) ;
#4970 = SURFACE_STYLE_FILL_AREA ( #5088 ) ;
#4971 = VERTEX_POINT ( 'NONE', #267 ) ;
#4972 = EDGE_CURVE ( 'NONE', #4881, #1059, #2589, .T. ) ;
#4973 = ORIENTED_EDGE ( 'NONE', *, *, #5659, .T. ) ;
#4974 =( BOUNDED_SURFACE ( )  B_SPLINE_SURFACE ( 2, 3, ( 
 ( #6483, #1541, #6195, #2247 ),
 ( #5021, #4570, #3217, #4387 ),
 ( #7000, #5619, #5259, #6806 ) ),
 .UNSPECIFIED., .F., .F., .F. ) 
 B_SPLINE_SURFACE_WITH_KNOTS ( ( 3, 3 ),
 ( 4, 4 ),
 ( 0.000000000000000000, 1.000000000000000000 ),
 ( -0.0007349999999999999763, 3.500000000000000371E-05 ),
 .UNSPECIFIED. ) 
 GEOMETRIC_REPRESENTATION_ITEM ( )  RATIONAL_B_SPLINE_SURFACE ( (
 ( 1.000000000000000000, 1.000000000000000000, 1.000000000000000000, 1.000000000000000000),
 ( 0.7071067811865475727, 0.7071067811865475727, 0.7071067811865475727, 0.7071067811865475727),
 ( 1.000000000000000000, 1.000000000000000000, 1.000000000000000000, 1.000000000000000000) ) ) 
 REPRESENTATION_ITEM ( '' )  SURFACE ( )  );
#4975 = CARTESIAN_POINT ( 'NONE',  ( 4.730000000000001315, -2.800000000000001155, 0.3499999999999998668 ) ) ;
#4976 = CARTESIAN_POINT ( 'NONE',  ( 6.004058140717155823, 4.443591676420198588, -0.3500000000000000888 ) ) ;
#4977 = PLANE ( 'NONE',  #6329 ) ;
#4978 = CARTESIAN_POINT ( 'NONE',  ( 8.601660679612406213, 3.374693912578980548, -0.3500000000000002554 ) ) ;
#4979 = ORIENTED_EDGE ( 'NONE', *, *, #3257, .T. ) ;
#4980 = EDGE_CURVE ( 'NONE', #902, #5839, #1483, .T. ) ;
#4981 = DIRECTION ( 'NONE',  ( 0.000000000000000000, -1.000000000000000000, 0.000000000000000000 ) ) ;
#4982 = CARTESIAN_POINT ( 'NONE',  ( 2.540000000000000036, 6.299999999999999822, 0.3499999999999999223 ) ) ;
#4983 = STYLED_ITEM ( 'NONE', ( #542 ), #6367 ) ;
#4984 = CARTESIAN_POINT ( 'NONE',  ( 3.414994129385570343, 5.069026963384445139, 0.3499999999999998113 ) ) ;
#4985 = DIRECTION ( 'NONE',  ( 1.000000000000000000, -8.673617379884051249E-15, 0.000000000000000000 ) ) ;
#4986 = FILL_AREA_STYLE_COLOUR ( '', #2707 ) ;
#4987 = VECTOR ( 'NONE', #432, 1000.000000000000000 ) ;
#4988 = CARTESIAN_POINT ( 'NONE',  ( 7.970000000000001528, 1.084202172485506745E-17, 0.3499999999999998113 ) ) ;
#4989 = LINE ( 'NONE', #1980, #2926 ) ;
#4990 = DIRECTION ( 'NONE',  ( 0.000000000000000000, -0.000000000000000000, -1.000000000000000000 ) ) ;
#4991 = EDGE_LOOP ( 'NONE', ( #1380, #5009, #4599, #834 ) ) ;
#4992 = STYLED_ITEM ( 'NONE', ( #7342 ), #7132 ) ;
#4993 = CARTESIAN_POINT ( 'NONE',  ( 4.080000000000000071, 1.800000000000000488, -0.1283333333333336046 ) ) ;
#4994 = CARTESIAN_POINT ( 'NONE',  ( 9.195000000000002061, -1.575000000000001066, 0.3499999999999998113 ) ) ;
#4995 = CARTESIAN_POINT ( 'NONE',  ( 4.080000000000000071, 0.5000000000000000000, -0.3500000000000000888 ) ) ;
#4996 = VERTEX_POINT ( 'NONE', #3314 ) ;
#4997 = CARTESIAN_POINT ( 'NONE',  ( -0.1499999999999994393, -3.000000000000000000, -0.3499999999999999778 ) ) ;
#4998 = LINE ( 'NONE', #2477, #1353 ) ;
#4999 = VECTOR ( 'NONE', #5263, 1000.000000000000000 ) ;
#5000 = DIRECTION ( 'NONE',  ( 1.000000000000000000, 0.000000000000000000, 0.000000000000000000 ) ) ;
#5001 = CARTESIAN_POINT ( 'NONE',  ( 4.080000000000000071, 0.5000000000000002220, 0.3499999999999998668 ) ) ;
#5002 = ORIENTED_EDGE ( 'NONE', *, *, #1983, .F. ) ;
#5003 = ADVANCED_FACE ( 'NONE', ( #6249 ), #3156, .F. ) ;
#5004 = CARTESIAN_POINT ( 'NONE',  ( 4.135723020487988677, 4.091073788932124700, 0.3499999999999999223 ) ) ;
#5005 = CARTESIAN_POINT ( 'NONE',  ( 9.090000000000001634, 0.5000000000000002220, 0.6500000000000010214 ) ) ;
#5006 = CARTESIAN_POINT ( 'NONE',  ( 5.949615242270663629, 8.500000000000000000, 0.8696152422706628915 ) ) ;
#5007 = ORIENTED_EDGE ( 'NONE', *, *, #39, .T. ) ;
#5008 = DIRECTION ( 'NONE',  ( 0.000000000000000000, 1.000000000000000000, 0.000000000000000000 ) ) ;
#5009 = ORIENTED_EDGE ( 'NONE', *, *, #4228, .T. ) ;
#5010 = PRESENTATION_LAYER_ASSIGNMENT (  '', '', ( #1111 ) ) ;
#5011 = FACE_OUTER_BOUND ( 'NONE', #5149, .T. ) ;
#5012 = EDGE_CURVE ( 'NONE', #3436, #5904, #7475, .T. ) ;
#5013 = EDGE_LOOP ( 'NONE', ( #7303, #6562, #4667, #1482 ) ) ;
#5014 = FILL_AREA_STYLE_COLOUR ( '', #4611 ) ;
#5015 = EDGE_CURVE ( 'NONE', #5300, #1526, #5357, .T. ) ;
#5016 = CARTESIAN_POINT ( 'NONE',  ( -0.8506397697902383648, 5.307482533055398299, 0.3499999999999998113 ) ) ;
#5017 = CARTESIAN_POINT ( 'NONE',  ( -1.469999999999999973, 0.5000000000000002220, 0.6500000000000010214 ) ) ;
#5018 = DIRECTION ( 'NONE',  ( -0.000000000000000000, 0.000000000000000000, 1.000000000000000000 ) ) ;
#5019 = FACE_OUTER_BOUND ( 'NONE', #6276, .T. ) ;
#5020 = VERTEX_POINT ( 'NONE', #3816 ) ;
#5021 = CARTESIAN_POINT ( 'NONE',  ( 8.619999999999999218, 6.299999999999999822, -0.3850000000000001199 ) ) ;
#5022 = CARTESIAN_POINT ( 'NONE',  ( 3.226754932607761361, 0.5000000000000000000, -0.6500000000000013545 ) ) ;
#5024 = B_SPLINE_CURVE_WITH_KNOTS ( 'NONE', 3,
 ( #3548, #1180, #7293, #2399, #6665, #3665, #4805, #4250, #5523, #4917, #5947, #6096, #3006, #1289, #4175, #1726, #7774, #4285, #3115, #6594, #3589, #1145, #5991, #4136, #107, #663, #3077, #5411, #6633, #7807, #1216, #7222, #2513 ),
 .UNSPECIFIED., .F., .F.,
 ( 4, 1, 1, 1, 1, 1, 1, 2, 2, 1, 1, 1, 1, 1, 2, 2, 1, 1, 1, 1, 1, 1, 2, 2, 4 ),
 ( 0.000000000000000000, 0.2499999999999766853, 0.3749999999999649170, 0.4374999999999590328, 0.4687499999999560907, 0.4843749999999544253, 0.4921874999999539257, 0.4960937499999537037, 0.4999999999999533706, 0.6249999999999473754, 0.6874999999999440448, 0.7187499999999420464, 0.7343749999999410472, 0.7421874999999402700, 0.7460937499999397149, 0.7499999999999392708, 0.8124999999999397149, 0.8437499999999402700, 0.8593749999999404920, 0.8671874999999403810, 0.8710937499999406031, 0.8730468749999411582, 0.8740234374999413802, 0.8749999999999416023, 1.000000000000000000 ),
 .UNSPECIFIED. ) ;
#5023 = VECTOR ( 'NONE', #5296, 1000.000000000000000 ) ;
#5025 = CARTESIAN_POINT ( 'NONE',  ( 5.601845733883980216, 5.626229152235330488, 0.3499999999999998668 ) ) ;
#5026 = DIRECTION ( 'NONE',  ( 1.000000000000000000, 0.000000000000000000, 0.000000000000000000 ) ) ;
#5027 = PRESENTATION_LAYER_ASSIGNMENT (  '', '', ( #625 ) ) ;
#5028 = CARTESIAN_POINT ( 'NONE',  ( 0.9147081045646002773, 4.597665842580766160, 0.3499999999999999223 ) ) ;
#5029 = FILL_AREA_STYLE ('',( #346 ) ) ;
#5030 = DIRECTION ( 'NONE',  ( -1.000000000000000000, 0.000000000000000000, 0.000000000000000000 ) ) ;
#5031 = ORIENTED_EDGE ( 'NONE', *, *, #7536, .T. ) ;
#5032 = AXIS2_PLACEMENT_3D ( 'NONE', #1940, #1319, #3728 ) ;
#5033 = CARTESIAN_POINT ( 'NONE',  ( 6.080000000000000071, 6.500000000000000888, -0.3500000000000010880 ) ) ;
#5034 = SURFACE_SIDE_STYLE ('',( #225 ) ) ;
#5035 = VERTEX_POINT ( 'NONE', #6169 ) ;
#5036 =( GEOMETRIC_REPRESENTATION_CONTEXT ( 3 ) GLOBAL_UNCERTAINTY_ASSIGNED_CONTEXT ( ( #6305 ) ) GLOBAL_UNIT_ASSIGNED_CONTEXT ( ( #6814, #1401, #2105 ) ) REPRESENTATION_CONTEXT ( 'NONE', 'WORKASPACE' ) );
#5037 = VERTEX_POINT ( 'NONE', #7433 ) ;
#5038 = PLANE ( 'NONE',  #5892 ) ;
#5039 = PRESENTATION_STYLE_ASSIGNMENT (( #909 ) ) ;
#5040 = ORIENTED_EDGE ( 'NONE', *, *, #413, .F. ) ;
#5041 = COLOUR_RGB ( '',0.8313725490196077761, 0.6705882352941175961, 0.1294117647058823373 ) ;
#5042 = CARTESIAN_POINT ( 'NONE',  ( 4.260714092337830827, 5.570187327444797276, 0.3499999999999997558 ) ) ;
#5043 = LINE ( 'NONE', #1337, #2610 ) ;
#5044 = FACE_OUTER_BOUND ( 'NONE', #3373, .T. ) ;
#5045 = ORIENTED_EDGE ( 'NONE', *, *, #3625, .T. ) ;
#5046 = LINE ( 'NONE', #1034, #1036 ) ;
#5047 = VERTEX_POINT ( 'NONE', #2071 ) ;
#5048 = MECHANICAL_DESIGN_GEOMETRIC_PRESENTATION_REPRESENTATION (  '', ( #3795 ), #6309 ) ;
#5049 =( NAMED_UNIT ( * ) SI_UNIT ( $, .STERADIAN. ) SOLID_ANGLE_UNIT ( ) );
#5050 = ORIENTED_EDGE ( 'NONE', *, *, #5924, .T. ) ;
#5051 = VECTOR ( 'NONE', #5268, 1000.000000000000000 ) ;
#5052 = VECTOR ( 'NONE', #5433, 1000.000000000000000 ) ;
#5053 = CARTESIAN_POINT ( 'NONE',  ( -0.7851402509197632495, 5.788964205960194676, 0.3499999999999999223 ) ) ;
#5054 = DIRECTION ( 'NONE',  ( 1.000000000000000000, 0.000000000000000000, 0.000000000000000000 ) ) ;
#5055 = EDGE_CURVE ( 'NONE', #2, #6101, #6865, .T. ) ;
#5056 = CARTESIAN_POINT ( 'NONE',  ( 8.563567834114159893, 4.104507585657628965, -0.3500000000000002554 ) ) ;
#5057 = EDGE_LOOP ( 'NONE', ( #2775, #5794, #2843, #111 ) ) ;
#5058 = CARTESIAN_POINT ( 'NONE',  ( -1.469999999999999973, 0.5000000000000000000, -0.6499999999999989120 ) ) ;
#5059 = VECTOR ( 'NONE', #5180, 1000.000000000000000 ) ;
#5060 = CARTESIAN_POINT ( 'NONE',  ( 3.140000000000000568, 6.299999999999999822, 0.3499999999999999223 ) ) ;
#5061 = CARTESIAN_POINT ( 'NONE',  ( 0.8001678768757670701, 5.699693040755679618, -0.3500000000000000333 ) ) ;
#5062 = SURFACE_SIDE_STYLE ('',( #2058 ) ) ;
#5063 = PRESENTATION_LAYER_ASSIGNMENT (  '', '', ( #2423 ) ) ;
#5064 = LINE ( 'NONE', #1478, #385 ) ;
#5065 = UNCERTAINTY_MEASURE_WITH_UNIT (LENGTH_MEASURE( 1.000000000000000082E-05 ), #4831, 'distance_accuracy_value', 'NONE');
#5066 =( NAMED_UNIT ( * ) SI_UNIT ( $, .STERADIAN. ) SOLID_ANGLE_UNIT ( ) );
#5067 = FACE_OUTER_BOUND ( 'NONE', #3788, .T. ) ;
#5068 = EDGE_CURVE ( 'NONE', #3007, #4630, #1945, .T. ) ;
#5069 = CARTESIAN_POINT ( 'NONE',  ( 7.270000000000001350, 0.5000000000000005551, 0.3499999999999998113 ) ) ;
#5070 = EDGE_CURVE ( 'NONE', #6204, #4137, #5702, .T. ) ;
#5071 = VERTEX_POINT ( 'NONE', #5628 ) ;
#5072 = SURFACE_STYLE_FILL_AREA ( #7474 ) ;
#5073 = AXIS2_PLACEMENT_3D ( 'NONE', #4642, #6480, #3366 ) ;
#5074 = DIRECTION ( 'NONE',  ( 0.7071067811865474617, 0.7071067811865474617, -0.000000000000000000 ) ) ;
#5075 = ADVANCED_FACE ( 'NONE', ( #739 ), #6208, .F. ) ;
#5076 = CARTESIAN_POINT ( 'NONE',  ( 3.003356898907900252, 1.699999999999997957, -0.3500000000000000333 ) ) ;
#5077 = ORIENTED_EDGE ( 'NONE', *, *, #2133, .F. ) ;
#5078 = DIRECTION ( 'NONE',  ( -1.121588454295349780E-16, 1.000000000000000000, 0.000000000000000000 ) ) ;
#5079 = LINE ( 'NONE', #4478, #5146 ) ;
#5080 = DIRECTION ( 'NONE',  ( 1.000000000000000000, 1.121588454295349780E-16, -0.000000000000000000 ) ) ;
#5081 = AXIS2_PLACEMENT_3D ( 'NONE', #2563, #5677, #1457 ) ;
#5082 = ORIENTED_EDGE ( 'NONE', *, *, #7485, .T. ) ;
#5083 = PLANE ( 'NONE',  #2341 ) ;
#5084 = CARTESIAN_POINT ( 'NONE',  ( 0.3500000000000008105, 1.084202172485506745E-17, -0.3499999999999999778 ) ) ;
#5085 = CARTESIAN_POINT ( 'NONE',  ( 7.970000000000001528, 0.5000000000000005551, 0.3499999999999998113 ) ) ;
#5086 = AXIS2_PLACEMENT_3D ( 'NONE', #4098, #1032, #7732 ) ;
#5087 = ORIENTED_EDGE ( 'NONE', *, *, #687, .T. ) ;
#5088 = FILL_AREA_STYLE ('',( #6261 ) ) ;
#5089 = VERTEX_POINT ( 'NONE', #3192 ) ;
#5090 = FILL_AREA_STYLE ('',( #878 ) ) ;
#5091 = EDGE_CURVE ( 'NONE', #1020, #5984, #6131, .T. ) ;
#5092 = FACE_OUTER_BOUND ( 'NONE', #1668, .T. ) ;
#5093 = ORIENTED_EDGE ( 'NONE', *, *, #7384, .T. ) ;
#5094 = CIRCLE ( 'NONE', #1569, 0.1999999999999996503 ) ;
#5095 = UNCERTAINTY_MEASURE_WITH_UNIT (LENGTH_MEASURE( 1.000000000000000082E-05 ), #5870, 'distance_accuracy_value', 'NONE');
#5096 = LINE ( 'NONE', #2090, #1850 ) ;
#5097 = CARTESIAN_POINT ( 'NONE',  ( 8.141845733883979364, 5.626229152235330488, 0.3499999999999998113 ) ) ;
#5098 = LINE ( 'NONE', #5227, #2578 ) ;
#5099 = CARTESIAN_POINT ( 'NONE',  ( 0.000000000000000000, 8.500000000000000000, 0.000000000000000000 ) ) ;
#5100 = CARTESIAN_POINT ( 'NONE',  ( 3.140000000000000568, 6.299999999999999822, -0.3500000000000000333 ) ) ;
#5101 = LINE ( 'NONE', #1507, #6512 ) ;
#5102 = ORIENTED_EDGE ( 'NONE', *, *, #5772, .F. ) ;
#5103 = VECTOR ( 'NONE', #4853, 1000.000000000000000 ) ;
#5104 = ORIENTED_EDGE ( 'NONE', *, *, #4746, .T. ) ;
#5105 = VECTOR ( 'NONE', #3974, 1000.000000000000000 ) ;
#5106 = CARTESIAN_POINT ( 'NONE',  ( 3.454708104564600202, 4.597665842580767936, 0.3499999999999999223 ) ) ;
#5107 = EDGE_CURVE ( 'NONE', #6746, #4971, #2028, .T. ) ;
#5108 = DIRECTION ( 'NONE',  ( 0.000000000000000000, 0.000000000000000000, -1.000000000000000000 ) ) ;
#5109 = CARTESIAN_POINT ( 'NONE',  ( 8.306754932607761432, 6.500000000000000888, -0.6500000000000017986 ) ) ;
#5110 = CARTESIAN_POINT ( 'NONE',  ( 6.676432165885828773, 4.104507585657484192, 0.3499999999999998668 ) ) ;
#5111 = CARTESIAN_POINT ( 'NONE',  ( 8.265466478527304872, 3.877691542223589138, 0.3499999999999997558 ) ) ;
#5112 = CARTESIAN_POINT ( 'NONE',  ( 0.4633568989079006606, 1.699999999999997957, -0.3500000000000000333 ) ) ;
#5113 = VECTOR ( 'NONE', #7238, 1000.000000000000000 ) ;
#5114 = CARTESIAN_POINT ( 'NONE',  ( 4.393245067392238745, 0.5000000000000002220, 0.3499999999999998668 ) ) ;
#5115 = VERTEX_POINT ( 'NONE', #3775 ) ;
#5116 = CARTESIAN_POINT ( 'NONE',  ( 8.620000000000000995, 1.121588454295350273E-16, 0.3499999999999998113 ) ) ;
#5117 = STYLED_ITEM ( 'NONE', ( #3851 ), #6800 ) ;
#5118 = DIRECTION ( 'NONE',  ( 0.000000000000000000, 0.000000000000000000, -1.000000000000000000 ) ) ;
#5119 = DIRECTION ( 'NONE',  ( 0.7071067811865489050, -0.7071067811865460184, 0.000000000000000000 ) ) ;
#5120 = ORIENTED_EDGE ( 'NONE', *, *, #7778, .T. ) ;
#5121 = SURFACE_STYLE_FILL_AREA ( #2277 ) ;
#5122 = ORIENTED_EDGE ( 'NONE', *, *, #4463, .T. ) ;
#5123 = CARTESIAN_POINT ( 'NONE',  ( 6.620000000000000107, 6.500000000000000888, -0.3500000000000010880 ) ) ;
#5124 = SURFACE_STYLE_FILL_AREA ( #6213 ) ;
#5125 = COLOUR_RGB ( '',0.8313725490196077761, 0.6705882352941175961, 0.1294117647058823373 ) ;
#5126 = ORIENTED_EDGE ( 'NONE', *, *, #3492, .F. ) ;
#5127 = CARTESIAN_POINT ( 'NONE',  ( -0.5999999999999996447, 6.299999999999999822, -0.3499999999999999778 ) ) ;
#5128 = DIRECTION ( 'NONE',  ( -3.097720492815726426E-17, 1.000000000000000000, 0.000000000000000000 ) ) ;
#5129 = ADVANCED_FACE ( 'NONE', ( #2631 ), #2548, .T. ) ;
#5130 =( LENGTH_UNIT ( ) NAMED_UNIT ( * ) SI_UNIT ( .MILLI., .METRE. ) );
#5131 = VECTOR ( 'NONE', #1902, 1000.000000000000000 ) ;
#5132 = ORIENTED_EDGE ( 'NONE', *, *, #1954, .F. ) ;
#5133 = DIRECTION ( 'NONE',  ( -0.000000000000000000, -0.000000000000000000, -1.000000000000000000 ) ) ;
#5134 = UNCERTAINTY_MEASURE_WITH_UNIT (LENGTH_MEASURE( 1.000000000000000082E-05 ), #4696, 'distance_accuracy_value', 'NONE');
#5135 = ORIENTED_EDGE ( 'NONE', *, *, #2266, .F. ) ;
#5136 = DIRECTION ( 'NONE',  ( 1.121588454295349533E-16, -1.000000000000000000, 0.000000000000000000 ) ) ;
#5137 = DIRECTION ( 'NONE',  ( 0.000000000000000000, 1.000000000000000000, -1.668003342285391551E-16 ) ) ;
#5138 = ORIENTED_EDGE ( 'NONE', *, *, #3534, .F. ) ;
#5139 = COLOUR_RGB ( '',0.8313725490196077761, 0.6705882352941175961, 0.1294117647058823373 ) ;
#5140 = DIRECTION ( 'NONE',  ( 0.000000000000000000, 0.000000000000000000, 1.000000000000000000 ) ) ;
#5141 = EDGE_CURVE ( 'NONE', #6989, #7039, #3973, .T. ) ;
#5142 = CARTESIAN_POINT ( 'NONE',  ( 4.393245067392238745, 0.5000000000000000000, -0.6500000000000013545 ) ) ;
#5143 = LINE ( 'NONE', #7539, #2066 ) ;
#5144 = DIRECTION ( 'NONE',  ( -1.000000000000000000, 0.000000000000000000, 0.000000000000000000 ) ) ;
#5145 = PLANE ( 'NONE',  #6067 ) ;
#5146 = VECTOR ( 'NONE', #6910, 1000.000000000000000 ) ;
#5147 = CARTESIAN_POINT ( 'NONE',  ( 7.669999999999999929, 8.026794919243110726, -0.05000000000000062034 ) ) ;
#5148 = ORIENTED_EDGE ( 'NONE', *, *, #5659, .F. ) ;
#5149 = EDGE_LOOP ( 'NONE', ( #3443, #1458, #3902, #5689 ) ) ;
#5150 = FACE_OUTER_BOUND ( 'NONE', #1614, .T. ) ;
#5151 = PRESENTATION_LAYER_ASSIGNMENT (  '', '', ( #2894 ) ) ;
#5152 =( NAMED_UNIT ( * ) SI_UNIT ( $, .STERADIAN. ) SOLID_ANGLE_UNIT ( ) );
#5153 = CARTESIAN_POINT ( 'NONE',  ( 1.540000000000000480, 1.800000000000000488, 0.1283333333333335491 ) ) ;
#5154 = DIRECTION ( 'NONE',  ( 0.000000000000000000, 1.000000000000000000, -1.668003342285391551E-16 ) ) ;
#5155 = VECTOR ( 'NONE', #5398, 1000.000000000000000 ) ;
#5156 =( LENGTH_UNIT ( ) NAMED_UNIT ( * ) SI_UNIT ( .MILLI., .METRE. ) );
#5157 = DIRECTION ( 'NONE',  ( 0.000000000000000000, 0.000000000000000000, -1.000000000000000000 ) ) ;
#5158 = SURFACE_STYLE_USAGE ( .BOTH. , #5740 ) ;
#5159 = ORIENTED_EDGE ( 'NONE', *, *, #7768, .F. ) ;
#5160 = LINE ( 'NONE', #7642, #6110 ) ;
#5161 = VECTOR ( 'NONE', #1593, 1000.000000000000000 ) ;
#5162 = FILL_AREA_STYLE ('',( #4047 ) ) ;
#5163 = CARTESIAN_POINT ( 'NONE',  ( -0.9455177966741292739, 4.067306563708465994, -0.3500000000000000333 ) ) ;
#5164 = EDGE_LOOP ( 'NONE', ( #5453, #6614, #6293, #1806, #3229, #6991, #3592, #5481, #6924, #6878, #1702, #1928 ) ) ;
#5165 = CARTESIAN_POINT ( 'NONE',  ( 7.020000000000000462, 6.299999999999999822, -0.3500000000000001443 ) ) ;
#5166 = EDGE_CURVE ( 'NONE', #5839, #5047, #3934, .T. ) ;
#5167 = ADVANCED_FACE ( 'NONE', ( #7682 ), #2879, .F. ) ;
#5168 = DIRECTION ( 'NONE',  ( 0.000000000000000000, -1.668003342285391551E-16, -1.000000000000000000 ) ) ;
#5169 = EDGE_CURVE ( 'NONE', #5020, #1815, #7025, .T. ) ;
#5170 = VERTEX_POINT ( 'NONE', #3396 ) ;
#5171 = FILL_AREA_STYLE ('',( #5295 ) ) ;
#5172 = LINE ( 'NONE', #6350, #6769 ) ;
#5173 = DIRECTION ( 'NONE',  ( -0.7071067811865475727, 0.7071067811865475727, 0.000000000000000000 ) ) ;
#5174 = VECTOR ( 'NONE', #2131, 1000.000000000000000 ) ;
#5175 = EDGE_LOOP ( 'NONE', ( #2731, #3475, #1798, #236 ) ) ;
#5176 = DIRECTION ( 'NONE',  ( 1.000000000000000000, 0.000000000000000000, 0.000000000000000000 ) ) ;
#5177 = ORIENTED_EDGE ( 'NONE', *, *, #7414, .T. ) ;
#5178 = FACE_OUTER_BOUND ( 'NONE', #6675, .T. ) ;
#5179 = CARTESIAN_POINT ( 'NONE',  ( 1.840000000000000524, 0.5000000000000004441, -0.3500000000000000333 ) ) ;
#5180 = DIRECTION ( 'NONE',  ( 0.000000000000000000, 1.668003342285388099E-16, 1.000000000000000000 ) ) ;
#5181 = VERTEX_POINT ( 'NONE', #353 ) ;
#5182 = PRESENTATION_LAYER_ASSIGNMENT (  '', '', ( #2145 ) ) ;
#5183 = DIRECTION ( 'NONE',  ( -0.000000000000000000, -1.000000000000000000, 1.668003342285392044E-16 ) ) ;
#5184 = CARTESIAN_POINT ( 'NONE',  ( 4.212165113299160879, 5.142569796484067091, -0.3500000000000001443 ) ) ;
#5185 = CARTESIAN_POINT ( 'NONE',  ( 2.091806954577857258, 5.884855341312110077, 0.3499999999999998113 ) ) ;
#5186 = DIRECTION ( 'NONE',  ( 0.000000000000000000, 3.097720492815727166E-16, 1.000000000000000000 ) ) ;
#5187 = SURFACE_SIDE_STYLE ('',( #531 ) ) ;
#5188 = STYLED_ITEM ( 'NONE', ( #2884 ), #2121 ) ;
#5189 = EDGE_CURVE ( 'NONE', #2524, #3991, #6944, .T. ) ;
#5190 = DIRECTION ( 'NONE',  ( 2.053413205464970640E-17, -0.000000000000000000, 1.000000000000000000 ) ) ;
#5191 = ORIENTED_EDGE ( 'NONE', *, *, #1962, .F. ) ;
#5192 = ORIENTED_EDGE ( 'NONE', *, *, #541, .F. ) ;
#5193 = CARTESIAN_POINT ( 'NONE',  ( 8.481575734891613649, 5.204467366490781899, 0.3499999999999997558 ) ) ;
#5194 = B_SPLINE_CURVE_WITH_KNOTS ( 'NONE', 3,
 ( #4632, #3501, #7559, #7026, #6988, #354, #6542, #5744, #7645, #5163, #5896, #1605, #6389, #2157, #1024, #4016, #3398, #3435, #5823, #6470, #2233, #1642, #1061, #7318, #3067, #94, #6048, #5936, #3030, #1868, #4274, #4312, #5477 ),
 .UNSPECIFIED., .F., .F.,
 ( 4, 1, 1, 1, 1, 1, 1, 2, 2, 1, 1, 1, 1, 1, 2, 2, 1, 1, 1, 1, 1, 1, 2, 2, 4 ),
 ( 0.000000000000000000, 0.2499999999999785727, 0.3749999999999677480, 0.4374999999999623634, 0.4687499999999595879, 0.4843749999999580891, 0.4921874999999576450, 0.4960937499999574229, 0.4999999999999572564, 0.6249999999999515943, 0.6874999999999485967, 0.7187499999999468203, 0.7343749999999459321, 0.7421874999999451550, 0.7460937499999447109, 0.7499999999999442668, 0.8124999999999452660, 0.8437499999999460432, 0.8593749999999463762, 0.8671874999999462652, 0.8710937499999464873, 0.8730468749999469313, 0.8740234374999471534, 0.8749999999999473754, 1.000000000000000000 ),
 .UNSPECIFIED. ) ;
#5195 = DIRECTION ( 'NONE',  ( 0.000000000000000000, 0.000000000000000000, 1.000000000000000000 ) ) ;
#5196 = CARTESIAN_POINT ( 'NONE',  ( -0.5999999999999996447, 6.299999999999999822, 0.3849999999999999534 ) ) ;
#5197 = LINE ( 'NONE', #5889, #6629 ) ;
#5198 = CIRCLE ( 'NONE', #7443, 0.2000000000000000944 ) ;
#5199 = CARTESIAN_POINT ( 'NONE',  ( 0.6454664785273048766, 3.877691542223585142, 0.3500000000000000333 ) ) ;
#5200 = LINE ( 'NONE', #2191, #402 ) ;
#5201 = CARTESIAN_POINT ( 'NONE',  ( 7.098154266116019961, 5.626229152235333153, -1.564700862564307603E-16 ) ) ;
#5202 = ORIENTED_EDGE ( 'NONE', *, *, #7080, .T. ) ;
#5204 = ADVANCED_FACE ( 'NONE', ( #2746 ), #2042, .T. ) ;
#5203 = LINE ( 'NONE', #5861, #4115 ) ;
#5205 = SURFACE_SIDE_STYLE ('',( #5895 ) ) ;
#5206 =( NAMED_UNIT ( * ) SI_UNIT ( $, .STERADIAN. ) SOLID_ANGLE_UNIT ( ) );
#5207 = ORIENTED_EDGE ( 'NONE', *, *, #2995, .F. ) ;
#5208 = CARTESIAN_POINT ( 'NONE',  ( 3.061845733883979737, 5.626229152235330488, -5.215669541881025753E-17 ) ) ;
#5209 = CARTESIAN_POINT ( 'NONE',  ( 2.540000000000000036, 6.299999999999999822, 0.3499999999999999223 ) ) ;
#5210 =( NAMED_UNIT ( * ) SI_UNIT ( $, .STERADIAN. ) SOLID_ANGLE_UNIT ( ) );
#5211 = ORIENTED_EDGE ( 'NONE', *, *, #2558, .T. ) ;
#5213 = EDGE_CURVE ( 'NONE', #5089, #7729, #7481, .T. ) ;
#5212 = PRESENTATION_STYLE_ASSIGNMENT (( #2163 ) ) ;
#5214 = CARTESIAN_POINT ( 'NONE',  ( 0.7000000000000006217, 0.8000000000000007105, 0.3499999999999999778 ) ) ;
#5215 =( LENGTH_UNIT ( ) NAMED_UNIT ( * ) SI_UNIT ( .MILLI., .METRE. ) );
#5216 = VERTEX_POINT ( 'NONE', #4199 ) ;
#5217 = PLANE ( 'NONE',  #5584 ) ;
#5218 = ORIENTED_EDGE ( 'NONE', *, *, #588, .T. ) ;
#5219 = AXIS2_PLACEMENT_3D ( 'NONE', #2325, #7072, #5176 ) ;
#5220 = PLANE ( 'NONE',  #895 ) ;
#5221 = FACE_OUTER_BOUND ( 'NONE', #4056, .T. ) ;
#5222 = PLANE ( 'NONE',  #1416 ) ;
#5223 = ORIENTED_EDGE ( 'NONE', *, *, #5166, .F. ) ;
#5224 = LINE ( 'NONE', #7618, #484 ) ;
#5225 = MECHANICAL_DESIGN_GEOMETRIC_PRESENTATION_REPRESENTATION (  '', ( #6728 ), #4318 ) ;
#5226 =( NAMED_UNIT ( * ) PLANE_ANGLE_UNIT ( ) SI_UNIT ( $, .RADIAN. ) );
#5227 = CARTESIAN_POINT ( 'NONE',  ( 4.729999999999999538, 8.000000000000000000, -0.3499999999999999778 ) ) ;
#5228 = FACE_BOUND ( 'NONE', #6277, .T. ) ;
#5229 = DIRECTION ( 'NONE',  ( -1.000000000000000000, 0.000000000000000000, 7.744301232039316681E-17 ) ) ;
#5230 = EDGE_CURVE ( 'NONE', #6871, #881, #5365, .T. ) ;
#5231 = VERTEX_POINT ( 'NONE', #1167 ) ;
#5232 = ORIENTED_EDGE ( 'NONE', *, *, #3080, .T. ) ;
#5233 = CARTESIAN_POINT ( 'NONE',  ( 5.601845733883980216, 5.626229152235330488, -1.043133908376205151E-16 ) ) ;
#5234 = COLOUR_RGB ( '',0.8313725490196077761, 0.6705882352941175961, 0.1294117647058823373 ) ;
#5235 = COLOUR_RGB ( '',0.8313725490196077761, 0.6705882352941175961, 0.1294117647058823373 ) ;
#5236 =( LENGTH_UNIT ( ) NAMED_UNIT ( * ) SI_UNIT ( .MILLI., .METRE. ) );
#5237 = CARTESIAN_POINT ( 'NONE',  ( 0.7285020522887943883, 6.125528511109557428, 0.3500000000000000333 ) ) ;
#5238 = CARTESIAN_POINT ( 'NONE',  ( 7.620000000000000107, 1.700000000000000178, 0.3499999999999998113 ) ) ;
#5239 = CARTESIAN_POINT ( 'NONE',  ( 8.619999999999999218, 6.500000000000000888, -0.3500000000000010880 ) ) ;
#5240 = CARTESIAN_POINT ( 'NONE',  ( 2.040000000000001812, 6.299999999999999822, 0.3499999999999999223 ) ) ;
#5241 = CARTESIAN_POINT ( 'NONE',  ( 5.080000000000000071, 6.299999999999999822, 0.3499999999999998668 ) ) ;
#5242 = VECTOR ( 'NONE', #7712, 1000.000000000000000 ) ;
#5243 = ORIENTED_EDGE ( 'NONE', *, *, #5068, .F. ) ;
#5244 = ADVANCED_FACE ( 'NONE', ( #6619 ), #7210, .F. ) ;
#5245 = CARTESIAN_POINT ( 'NONE',  ( 0.3218457338839795234, 5.626229152235330488, 0.3499999999999999778 ) ) ;
#5246 = VECTOR ( 'NONE', #6582, 1000.000000000000000 ) ;
#5247 = ORIENTED_EDGE ( 'NONE', *, *, #4142, .T. ) ;
#5248 = SURFACE_STYLE_USAGE ( .BOTH. , #4518 ) ;
#5249 = PRESENTATION_STYLE_ASSIGNMENT (( #585 ) ) ;
#5250 = ORIENTED_EDGE ( 'NONE', *, *, #1600, .F. ) ;
#5251 = PRESENTATION_LAYER_ASSIGNMENT (  '', '', ( #202 ) ) ;
#5252 = LINE ( 'NONE', #7651, #3983 ) ;
#5253 = FACE_OUTER_BOUND ( 'NONE', #7066, .T. ) ;
#5254 = ORIENTED_EDGE ( 'NONE', *, *, #5213, .T. ) ;
#5255 = DIRECTION ( 'NONE',  ( 1.121588454295349533E-16, -1.000000000000000000, 0.000000000000000000 ) ) ;
#5256 = VERTEX_POINT ( 'NONE', #7280 ) ;
#5257 = CARTESIAN_POINT ( 'NONE',  ( 3.399267235522908326, 5.226749775238715756, -0.3499999999999999223 ) ) ;
#5258 = B_SPLINE_CURVE_WITH_KNOTS ( 'NONE', 3,
 ( #1931, #248, #6075, #1306, #2491, #4342, #4382, #6760, #2052, #3212, #7309, #3836, #5540, #2649, #7457, #4419, #7418, #1966, #5616, #2573, #1427, #4976, #6845, #5498, #2530, #4893, #678, #1268, #3679, #3094, #83 ),
 .UNSPECIFIED., .F., .F.,
 ( 4, 1, 1, 1, 1, 1, 1, 2, 2, 1, 1, 1, 1, 2, 2, 1, 1, 1, 1, 1, 2, 2, 4 ),
 ( 0.000000000000000000, 0.06250000000000890954, 0.09375000000001364187, 0.1093750000000162093, 0.1171875000000174583, 0.1210937500000182077, 0.1230468750000185824, 0.1240234375000188044, 0.1250000000000190126, 0.1875000000000193456, 0.2187500000000197342, 0.2343750000000199563, 0.2421875000000200950, 0.2460937500000201783, 0.2500000000000202616, 0.3750000000000198730, 0.4375000000000199285, 0.4687500000000200395, 0.4843750000000203171, 0.4921875000000204836, 0.4960937500000203171, 0.5000000000000200950, 1.000000000000000000 ),
 .UNSPECIFIED. ) ;
#5259 = CARTESIAN_POINT ( 'NONE',  ( 8.220000000000000639, 6.299999999999999822, 0.1283333333333331605 ) ) ;
#5260 = ADVANCED_FACE ( 'NONE', ( #6084 ), #4792, .F. ) ;
#5261 = CARTESIAN_POINT ( 'NONE',  ( 7.470000000000000639, -3.000000000000000000, -0.3500000000000001443 ) ) ;
#5262 = VERTEX_POINT ( 'NONE', #6012 ) ;
#5263 = DIRECTION ( 'NONE',  ( 1.000000000000000000, 0.000000000000000000, 0.000000000000000000 ) ) ;
#5264 = VECTOR ( 'NONE', #7663, 1000.000000000000000 ) ;
#5265 = PRESENTATION_STYLE_ASSIGNMENT (( #4144 ) ) ;
#5266 = CARTESIAN_POINT ( 'NONE',  ( 3.540000000000000480, 1.121588454295350273E-16, 0.3499999999999999223 ) ) ;
#5267 = DIRECTION ( 'NONE',  ( 0.000000000000000000, -1.000000000000000000, 1.668003342285391797E-16 ) ) ;
#5268 = DIRECTION ( 'NONE',  ( -1.000000000000000000, 0.000000000000000000, 0.000000000000000000 ) ) ;
#5269 = ORIENTED_EDGE ( 'NONE', *, *, #7410, .F. ) ;
#5270 = VERTEX_POINT ( 'NONE', #4272 ) ;
#5271 = EDGE_CURVE ( 'NONE', #668, #2681, #1714, .T. ) ;
#5272 = ADVANCED_FACE ( 'NONE', ( #5326 ), #2427, .F. ) ;
#5273 = AXIS2_PLACEMENT_3D ( 'NONE', #2039, #3943, #2800 ) ;
#5274 = SURFACE_STYLE_USAGE ( .BOTH. , #973 ) ;
#5275 = EDGE_CURVE ( 'NONE', #4020, #5541, #2464, .T. ) ;
#5276 = LINE ( 'NONE', #5109, #6550 ) ;
#5277 = DIRECTION ( 'NONE',  ( 1.000000000000000000, 0.000000000000000000, 0.000000000000000000 ) ) ;
#5278 = CARTESIAN_POINT ( 'NONE',  ( 8.083356898907899435, 1.699999999999999734, -0.3500000000000001998 ) ) ;
#5279 = PLANE ( 'NONE',  #6928 ) ;
#5280 = LINE ( 'NONE', #6497, #2283 ) ;
#5281 = STYLED_ITEM ( 'NONE', ( #6391 ), #187 ) ;
#5282 = FILL_AREA_STYLE_COLOUR ( '', #904 ) ;
#5283 = ORIENTED_EDGE ( 'NONE', *, *, #5107, .T. ) ;
#5284 = ADVANCED_FACE ( 'NONE', ( #6690 ), #1277, .F. ) ;
#5285 = CARTESIAN_POINT ( 'NONE',  ( 0.6000000000000005329, 6.299999999999999822, 0.3499999999999999778 ) ) ;
#5286 = DIRECTION ( 'NONE',  ( -0.000000000000000000, -1.668003342285391551E-16, -1.000000000000000000 ) ) ;
#5287 = VECTOR ( 'NONE', #2534, 1000.000000000000000 ) ;
#5288 = LINE ( 'NONE', #983, #6375 ) ;
#5289 = ORIENTED_EDGE ( 'NONE', *, *, #6808, .F. ) ;
#5290 = CARTESIAN_POINT ( 'NONE',  ( 7.098154266116019961, 5.626229152235333153, 0.3499999999999998113 ) ) ;
#5291 = CARTESIAN_POINT ( 'NONE',  ( 0.7000000000000006217, 0.8000000000000007105, 0.3499999999999999778 ) ) ;
#5292 = ORIENTED_EDGE ( 'NONE', *, *, #4255, .F. ) ;
#5293 = AXIS2_PLACEMENT_3D ( 'NONE', #5952, #562, #4287 ) ;
#5294 = CIRCLE ( 'NONE', #509, 0.2000000000000005107 ) ;
#5295 = FILL_AREA_STYLE_COLOUR ( '', #2982 ) ;
#5296 = DIRECTION ( 'NONE',  ( -1.000000000000000000, -0.000000000000000000, -0.000000000000000000 ) ) ;
#5297 = ORIENTED_EDGE ( 'NONE', *, *, #3950, .T. ) ;
#5298 = DIRECTION ( 'NONE',  ( -0.000000000000000000, 1.000000000000000000, -0.000000000000000000 ) ) ;
#5299 = VECTOR ( 'NONE', #55, 1000.000000000000000 ) ;
#5300 = VERTEX_POINT ( 'NONE', #1237 ) ;
#5301 = CARTESIAN_POINT ( 'NONE',  ( 3.483567834114158934, 4.104507585657628077, -0.3500000000000000888 ) ) ;
#5302 = CARTESIAN_POINT ( 'NONE',  ( 0.1500000000000021316, -3.000000000000000000, 0.3499999999999999778 ) ) ;
#5303 = VERTEX_POINT ( 'NONE', #7760 ) ;
#5304 = STYLED_ITEM ( 'NONE', ( #7703 ), #1493 ) ;
#5305 =( NAMED_UNIT ( * ) SI_UNIT ( $, .STERADIAN. ) SOLID_ANGLE_UNIT ( ) );
#5306 = CARTESIAN_POINT ( 'NONE',  ( 6.080000000000000071, 6.500000000000000888, -0.3500000000000010880 ) ) ;
#5307 = EDGE_CURVE ( 'NONE', #4674, #7719, #4753, .T. ) ;
#5308 = CARTESIAN_POINT ( 'NONE',  ( 2.890000000000001013, -2.800000000000001155, 0.3499999999999999223 ) ) ;
#5309 = FILL_AREA_STYLE_COLOUR ( '', #2643 ) ;
#5310 = DIRECTION ( 'NONE',  ( 1.000000000000000000, 1.121588454295349780E-16, -0.000000000000000000 ) ) ;
#5311 = EDGE_LOOP ( 'NONE', ( #1117, #2863, #3285, #7480, #3114, #3985, #2673, #5915, #1920, #3174, #1810, #7297, #1308, #318, #6337, #7023, #7226, #7646, #7050, #864 ) ) ;
#5312 = VERTEX_POINT ( 'NONE', #5978 ) ;
#5313 = COLOUR_RGB ( '',0.8313725490196077761, 0.6705882352941175961, 0.1294117647058823373 ) ;
#5314 = CARTESIAN_POINT ( 'NONE',  ( 6.933245067392238781, 6.500000000000000888, -0.6500000000000017986 ) ) ;
#5315 = STYLED_ITEM ( 'NONE', ( #1917 ), #2036 ) ;
#5316 = CARTESIAN_POINT ( 'NONE',  ( 0.6867549326077613259, 6.500000000000000888, -0.3500000000000010880 ) ) ;
#5317 =( NAMED_UNIT ( * ) PLANE_ANGLE_UNIT ( ) SI_UNIT ( $, .RADIAN. ) );
#5318 = SURFACE_STYLE_USAGE ( .BOTH. , #6937 ) ;
#5319 = CARTESIAN_POINT ( 'NONE',  ( 7.969999999999999751, 0.000000000000000000, 0.3499999999999999778 ) ) ;
#5320 = FACE_OUTER_BOUND ( 'NONE', #3857, .T. ) ;
#5321 = CARTESIAN_POINT ( 'NONE',  ( 6.933245067392238781, 8.000000000000000000, 0.6500000000000000222 ) ) ;
#5322 = AXIS2_PLACEMENT_3D ( 'NONE', #4397, #4990, #858 ) ;
#5323 = VECTOR ( 'NONE', #1129, 1000.000000000000000 ) ;
#5324 = ORIENTED_EDGE ( 'NONE', *, *, #372, .F. ) ;
#5325 = CARTESIAN_POINT ( 'NONE',  ( 1.906851685116534023, 6.299478870653091533, 0.3499999999999999778 ) ) ;
#5326 = FACE_OUTER_BOUND ( 'NONE', #4760, .T. ) ;
#5327 =( GEOMETRIC_REPRESENTATION_CONTEXT ( 3 ) GLOBAL_UNCERTAINTY_ASSIGNED_CONTEXT ( ( #5380 ) ) GLOBAL_UNIT_ASSIGNED_CONTEXT ( ( #5420, #3640, #7267 ) ) REPRESENTATION_CONTEXT ( 'NONE', 'WORKASPACE' ) );
#5328 = AXIS2_PLACEMENT_3D ( 'NONE', #6849, #5544, #4307 ) ;
#5329 = EDGE_CURVE ( 'NONE', #6933, #2192, #688, .T. ) ;
#5330 = PLANE ( 'NONE',  #5841 ) ;
#5331 = DIRECTION ( 'NONE',  ( 0.000000000000000000, 1.668003342285388099E-16, 1.000000000000000000 ) ) ;
#5332 = CARTESIAN_POINT ( 'NONE',  ( -0.3500000000000000333, 8.199999999999999289, 0.3499999999999999778 ) ) ;
#5333 = ORIENTED_EDGE ( 'NONE', *, *, #3733, .F. ) ;
#5334 = PRESENTATION_LAYER_ASSIGNMENT (  '', '', ( #918 ) ) ;
#5335 = EDGE_CURVE ( 'NONE', #4167, #5089, #1077, .T. ) ;
#5336 = CARTESIAN_POINT ( 'NONE',  ( 1.000000000000000000, 6.500000000000000888, 0.3499999999999989231 ) ) ;
#5337 = ORIENTED_EDGE ( 'NONE', *, *, #3090, .F. ) ;
#5338 = LINE ( 'NONE', #4729, #1174 ) ;
#5339 = COLOUR_RGB ( '',0.8313725490196077761, 0.6705882352941175961, 0.1294117647058823373 ) ;
#5340 = CARTESIAN_POINT ( 'NONE',  ( 4.080000000000000959, 1.800000000000000266, -0.1166666666666668489 ) ) ;
#5341 = CARTESIAN_POINT ( 'NONE',  ( 3.221380150321418334, 6.233860305463102769, -0.3500000000000001443 ) ) ;
#5342 =( NAMED_UNIT ( * ) SI_UNIT ( $, .STERADIAN. ) SOLID_ANGLE_UNIT ( ) );
#5343 = ORIENTED_EDGE ( 'NONE', *, *, #4288, .T. ) ;
#5344 =( LENGTH_UNIT ( ) NAMED_UNIT ( * ) SI_UNIT ( .MILLI., .METRE. ) );
#5345 = CARTESIAN_POINT ( 'NONE',  ( 4.217373952540059534, 5.194217234909947578, -0.3500000000000001443 ) ) ;
#5346 = VECTOR ( 'NONE', #6622, 1000.000000000000000 ) ;
#5347 = ADVANCED_FACE ( 'NONE', ( #851 ), #178, .F. ) ;
#5348 = DIRECTION ( 'NONE',  ( 0.000000000000000000, 0.000000000000000000, 1.000000000000000000 ) ) ;
#5349 = ORIENTED_EDGE ( 'NONE', *, *, #7414, .F. ) ;
#5350 = ORIENTED_EDGE ( 'NONE', *, *, #3433, .T. ) ;
#5351 = DIRECTION ( 'NONE',  ( -1.000000000000000000, -1.084202172485504434E-16, 0.000000000000000000 ) ) ;
#5352 = ORIENTED_EDGE ( 'NONE', *, *, #7720, .F. ) ;
#5353 = COLOUR_RGB ( '',0.8313725490196077761, 0.6705882352941175961, 0.1294117647058823373 ) ;
#5354 = CARTESIAN_POINT ( 'NONE',  ( 2.540000000000000036, 6.299999999999999822, -0.3500000000000000333 ) ) ;
#5355 = CARTESIAN_POINT ( 'NONE',  ( 5.725466478527304837, 3.877691542223584698, -0.3500000000000000333 ) ) ;
#5356 = CARTESIAN_POINT ( 'NONE',  ( 8.475690189165920430, 5.260692584315792786, -0.3500000000000001998 ) ) ;
#5357 = CIRCLE ( 'NONE', #6351, 0.2999999999999999334 ) ;
#5358 = SURFACE_STYLE_USAGE ( .BOTH. , #4232 ) ;
#5359 = LINE ( 'NONE', #1128, #6787 ) ;
#5360 = LINE ( 'NONE', #1710, #1894 ) ;
#5361 = ORIENTED_EDGE ( 'NONE', *, *, #515, .T. ) ;
#5362 = VECTOR ( 'NONE', #2273, 1000.000000000000000 ) ;
#5363 = EDGE_CURVE ( 'NONE', #2298, #1538, #4902, .T. ) ;
#5364 = CARTESIAN_POINT ( 'NONE',  ( 1.754859749080237341, 5.788964205960197340, 0.3499999999999999778 ) ) ;
#5365 = LINE ( 'NONE', #5475, #451 ) ;
#5366 = CARTESIAN_POINT ( 'NONE',  ( 2.189999999999999947, 0.000000000000000000, 0.3499999999999999778 ) ) ;
#5367 = LINE ( 'NONE', #4829, #463 ) ;
#5368 = DIRECTION ( 'NONE',  ( -1.000000000000000000, -0.000000000000000000, -0.000000000000000000 ) ) ;
#5369 = ORIENTED_EDGE ( 'NONE', *, *, #5472, .F. ) ;
#5370 = EDGE_CURVE ( 'NONE', #7503, #4964, #6770, .T. ) ;
#5371 = CARTESIAN_POINT ( 'NONE',  ( 7.620000000000000107, 6.500000000000000888, -1.155688030012021264E-15 ) ) ;
#5372 = CARTESIAN_POINT ( 'NONE',  ( 5.543356898907902064, 1.699999999999999289, -0.3500000000000000333 ) ) ;
#5373 = ORIENTED_EDGE ( 'NONE', *, *, #7525, .T. ) ;
#5374 = LINE ( 'NONE', #2967, #2185 ) ;
#5375 = ORIENTED_EDGE ( 'NONE', *, *, #5055, .T. ) ;
#5376 = UNCERTAINTY_MEASURE_WITH_UNIT (LENGTH_MEASURE( 1.000000000000000082E-05 ), #1715, 'distance_accuracy_value', 'NONE');
#5377 = CARTESIAN_POINT ( 'NONE',  ( 5.601845733883980216, 5.626229152235330488, -0.3500000000000000888 ) ) ;
#5378 = PRESENTATION_STYLE_ASSIGNMENT (( #3553 ) ) ;
#5379 = VECTOR ( 'NONE', #3998, 1000.000000000000000 ) ;
#5380 = UNCERTAINTY_MEASURE_WITH_UNIT (LENGTH_MEASURE( 1.000000000000000082E-05 ), #5420, 'distance_accuracy_value', 'NONE');
#5381 = ORIENTED_EDGE ( 'NONE', *, *, #4573, .T. ) ;
#5382 = CARTESIAN_POINT ( 'NONE',  ( 5.680000000000000604, 6.299999999999999822, -0.3850000000000000644 ) ) ;
#5383 = PRESENTATION_STYLE_ASSIGNMENT (( #704 ) ) ;
#5384 =( GEOMETRIC_REPRESENTATION_CONTEXT ( 3 ) GLOBAL_UNCERTAINTY_ASSIGNED_CONTEXT ( ( #1864 ) ) GLOBAL_UNIT_ASSIGNED_CONTEXT ( ( #5901, #2715, #5752 ) ) REPRESENTATION_CONTEXT ( 'NONE', 'WORKASPACE' ) );
#5385 = PLANE ( 'NONE',  #7687 ) ;
#5386 = DIRECTION ( 'NONE',  ( 0.000000000000000000, 0.000000000000000000, -1.000000000000000000 ) ) ;
#5387 = ORIENTED_EDGE ( 'NONE', *, *, #7053, .T. ) ;
#5388 = ORIENTED_EDGE ( 'NONE', *, *, #3733, .T. ) ;
#5389 = DIRECTION ( 'NONE',  ( 0.000000000000000000, -3.097720492815727166E-16, -1.000000000000000000 ) ) ;
#5390 = CARTESIAN_POINT ( 'NONE',  ( 8.355042010446085854, 6.043840788194753344, -0.3500000000000001998 ) ) ;
#5391 = VECTOR ( 'NONE', #5128, 1000.000000000000000 ) ;
#5392 = DIRECTION ( 'NONE',  ( 0.000000000000000000, 0.000000000000000000, 1.000000000000000000 ) ) ;
#5393 = CARTESIAN_POINT ( 'NONE',  ( 1.000000000000000000, 6.500000000000000888, -0.3500000000000010880 ) ) ;
#5394 = EDGE_LOOP ( 'NONE', ( #6344, #7611, #5447, #2205 ) ) ;
#5395 = COLOUR_RGB ( '',0.8313725490196077761, 0.6705882352941175961, 0.1294117647058823373 ) ;
#5396 = FILL_AREA_STYLE_COLOUR ( '', #4863 ) ;
#5397 = CARTESIAN_POINT ( 'NONE',  ( 7.156643101092098114, 1.700000000000000400, 0.3499999999999997558 ) ) ;
#5398 = DIRECTION ( 'NONE',  ( -0.000000000000000000, -1.668003342285388099E-16, -1.000000000000000000 ) ) ;
#5399 = EDGE_CURVE ( 'NONE', #3850, #1725, #5661, .T. ) ;
#5400 = CARTESIAN_POINT ( 'NONE',  ( 6.800714092337829975, 5.570187327444797276, 0.3499999999999998113 ) ) ;
#5401 = CARTESIAN_POINT ( 'NONE',  ( 4.106953799075547806, 3.450480068928324151, -0.3500000000000000888 ) ) ;
#5402 = COLOUR_RGB ( '',0.8313725490196077761, 0.6705882352941175961, 0.1294117647058823373 ) ;
#5403 = FACE_OUTER_BOUND ( 'NONE', #2834, .T. ) ;
#5404 = CARTESIAN_POINT ( 'NONE',  ( -1.469999999999999973, 8.500000000000000000, 1.199999999999999956 ) ) ;
#5405 = ORIENTED_EDGE ( 'NONE', *, *, #2802, .F. ) ;
#5406 = CARTESIAN_POINT ( 'NONE',  ( 5.994708104564600681, 4.597665842580768825, 0.3499999999999997558 ) ) ;
#5407 = AXIS2_PLACEMENT_3D ( 'NONE', #5503, #1350, #1272 ) ;
#5408 = SURFACE_STYLE_FILL_AREA ( #3476 ) ;
#5409 = EDGE_CURVE ( 'NONE', #1495, #2442, #1434, .T. ) ;
#5410 = ORIENTED_EDGE ( 'NONE', *, *, #7468, .F. ) ;
#5411 = CARTESIAN_POINT ( 'NONE',  ( 6.832463891615422114, 5.774771377977408804, -0.3500000000000000333 ) ) ;
#5412 = ORIENTED_EDGE ( 'NONE', *, *, #1178, .T. ) ;
#5413 = LINE ( 'NONE', #5524, #3295 ) ;
#5414 = CARTESIAN_POINT ( 'NONE',  ( 0.4481930454221421667, 5.884855341312110966, 0.3500000000000000333 ) ) ;
#5415 =( GEOMETRIC_REPRESENTATION_CONTEXT ( 3 ) GLOBAL_UNCERTAINTY_ASSIGNED_CONTEXT ( ( #6510 ) ) GLOBAL_UNIT_ASSIGNED_CONTEXT ( ( #5796, #6848, #7576 ) ) REPRESENTATION_CONTEXT ( 'NONE', 'WORKASPACE' ) );
#5416 = ORIENTED_EDGE ( 'NONE', *, *, #2092, .F. ) ;
#5417 = CARTESIAN_POINT ( 'NONE',  ( 2.214744180118195516, 5.589454083063166046, 0.3499999999999999223 ) ) ;
#5418 = EDGE_CURVE ( 'NONE', #4167, #5181, #1494, .T. ) ;
#5419 = CARTESIAN_POINT ( 'NONE',  ( 2.190000000000000835, -1.084202172485501815E-17, 0.3499999999999999223 ) ) ;
#5420 =( LENGTH_UNIT ( ) NAMED_UNIT ( * ) SI_UNIT ( .MILLI., .METRE. ) );
#5421 = ORIENTED_EDGE ( 'NONE', *, *, #6349, .F. ) ;
#5422 = ORIENTED_EDGE ( 'NONE', *, *, #6502, .T. ) ;
#5423 = EDGE_CURVE ( 'NONE', #2168, #2730, #6507, .T. ) ;
#5424 = UNCERTAINTY_MEASURE_WITH_UNIT (LENGTH_MEASURE( 1.000000000000000082E-05 ), #4332, 'distance_accuracy_value', 'NONE');
#5425 =( LENGTH_UNIT ( ) NAMED_UNIT ( * ) SI_UNIT ( .MILLI., .METRE. ) );
#5426 = EDGE_LOOP ( 'NONE', ( #5608, #1501, #7203, #5590 ) ) ;
#5427 =( GEOMETRIC_REPRESENTATION_CONTEXT ( 3 ) GLOBAL_UNCERTAINTY_ASSIGNED_CONTEXT ( ( #4525 ) ) GLOBAL_UNIT_ASSIGNED_CONTEXT ( ( #7272, #5317, #7236 ) ) REPRESENTATION_CONTEXT ( 'NONE', 'WORKASPACE' ) );
#5428 = SURFACE_STYLE_FILL_AREA ( #3605 ) ;
#5429 = AXIS2_PLACEMENT_3D ( 'NONE', #1147, #4138, #3446 ) ;
#5430 = CARTESIAN_POINT ( 'NONE',  ( 8.497528552431161231, 5.050332720359885563, -0.3500000000000001443 ) ) ;
#5431 = EDGE_LOOP ( 'NONE', ( #3877, #4051, #2324, #5643, #1324, #5567, #1083, #330, #4413, #1821, #5973, #5916 ) ) ;
#5432 = CARTESIAN_POINT ( 'NONE',  ( 4.729999999999999538, 8.199999999999999289, 0.3499999999999999778 ) ) ;
#5433 = DIRECTION ( 'NONE',  ( -1.000000000000000000, 0.000000000000000000, 0.000000000000000000 ) ) ;
#5434 =( GEOMETRIC_REPRESENTATION_CONTEXT ( 3 ) GLOBAL_UNCERTAINTY_ASSIGNED_CONTEXT ( ( #7711 ) ) GLOBAL_UNIT_ASSIGNED_CONTEXT ( ( #7647, #478, #1097 ) ) REPRESENTATION_CONTEXT ( 'NONE', 'WORKASPACE' ) );
#5435 = CARTESIAN_POINT ( 'NONE',  ( 1.595304513043835470, 4.083092593512597901, 0.3499999999999999223 ) ) ;
#5436 = CARTESIAN_POINT ( 'NONE',  ( 5.528193045422142404, 5.884855341312109189, 0.3499999999999999223 ) ) ;
#5437 = CARTESIAN_POINT ( 'NONE',  ( 5.766754932607761397, 10.39117142264903570, -0.6500000000000030198 ) ) ;
#5438 = CARTESIAN_POINT ( 'NONE',  ( 6.742471447568716414, 5.050332720358727379, 0.3499999999999997558 ) ) ;
#5439 = CARTESIAN_POINT ( 'NONE',  ( 0.3500000000000000333, 0.000000000000000000, -0.3500000000000000333 ) ) ;
#5440 = EDGE_CURVE ( 'NONE', #7578, #3381, #5094, .T. ) ;
#5441 = ORIENTED_EDGE ( 'NONE', *, *, #7052, .F. ) ;
#5442 = EDGE_CURVE ( 'NONE', #5552, #511, #811, .T. ) ;
#5443 = COLOUR_RGB ( '',0.8313725490196077761, 0.6705882352941175961, 0.1294117647058823373 ) ;
#5444 = VECTOR ( 'NONE', #1971, 1000.000000000000000 ) ;
#5445 = CARTESIAN_POINT ( 'NONE',  ( 5.746266211150817149, 6.298959448224883850, 0.3499999999999997558 ) ) ;
#5446 = LINE ( 'NONE', #3221, #3019 ) ;
#5447 = ORIENTED_EDGE ( 'NONE', *, *, #2166, .F. ) ;
#5448 = PLANE ( 'NONE',  #1554 ) ;
#5449 = ORIENTED_EDGE ( 'NONE', *, *, #7413, .T. ) ;
#5450 = CARTESIAN_POINT ( 'NONE',  ( 2.540000000000000036, 0.5000000000000005551, -0.3500000000000000333 ) ) ;
#5451 = COLOUR_RGB ( '',0.8313725490196077761, 0.6705882352941175961, 0.1294117647058823373 ) ;
#5452 = SURFACE_SIDE_STYLE ('',( #2893 ) ) ;
#5453 = ORIENTED_EDGE ( 'NONE', *, *, #6187, .F. ) ;
#5454 = CARTESIAN_POINT ( 'NONE',  ( 7.969999999999999751, 8.199999999999999289, 0.3499999999999999778 ) ) ;
#5455 = EDGE_CURVE ( 'NONE', #5571, #3153, #2186, .T. ) ;
#5456 = VECTOR ( 'NONE', #249, 1000.000000000000000 ) ;
#5457 = CARTESIAN_POINT ( 'NONE',  ( -0.4999999999999985012, 6.299999999999999822, 0.3499999999999999778 ) ) ;
#5458 = CARTESIAN_POINT ( 'NONE',  ( 6.080000000000000071, 0.5000000000000000000, -0.3500000000000000888 ) ) ;
#5459 = ORIENTED_EDGE ( 'NONE', *, *, #51, .T. ) ;
#5460 = EDGE_CURVE ( 'NONE', #7332, #2442, #4079, .T. ) ;
#5461 = DIRECTION ( 'NONE',  ( 1.000000000000000000, 0.000000000000000000, 0.000000000000000000 ) ) ;
#5462 = ADVANCED_FACE ( 'NONE', ( #3345 ), #2306, .T. ) ;
#5463 = MECHANICAL_DESIGN_GEOMETRIC_PRESENTATION_REPRESENTATION (  '', ( #1919 ), #6072 ) ;
#5464 = ADVANCED_FACE ( 'NONE', ( #465 ), #7549, .T. ) ;
#5465 = EDGE_CURVE ( 'NONE', #7657, #5761, #2779, .T. ) ;
#5466 = LINE ( 'NONE', #6645, #7487 ) ;
#5467 = FACE_OUTER_BOUND ( 'NONE', #2276, .T. ) ;
#5468 = CARTESIAN_POINT ( 'NONE',  ( 8.562500029944757785, 4.124619419408674936, -0.3500000000000000888 ) ) ;
#5469 = VERTEX_POINT ( 'NONE', #7672 ) ;
#5470 = PRESENTATION_STYLE_ASSIGNMENT (( #5358 ) ) ;
#5471 =( NAMED_UNIT ( * ) PLANE_ANGLE_UNIT ( ) SI_UNIT ( $, .RADIAN. ) );
#5472 = EDGE_CURVE ( 'NONE', #3850, #4187, #7590, .T. ) ;
#5473 = CARTESIAN_POINT ( 'NONE',  ( 1.753241503964612091, 5.779404586027639290, 0.3499999999999999778 ) ) ;
#5474 = VECTOR ( 'NONE', #6957, 1000.000000000000000 ) ;
#5475 = CARTESIAN_POINT ( 'NONE',  ( 2.540000000000000036, 0.5000000000000005551, 0.3499999999999999223 ) ) ;
#5476 = PRESENTATION_STYLE_ASSIGNMENT (( #2312 ) ) ;
#5477 = CARTESIAN_POINT ( 'NONE',  ( -0.5999999999999996447, 6.299999999999999822, -0.3499999999999999778 ) ) ;
#5478 = DIRECTION ( 'NONE',  ( -1.000000000000000000, -0.000000000000000000, -0.000000000000000000 ) ) ;
#5479 = CARTESIAN_POINT ( 'NONE',  ( 7.945255819881804626, 5.589454083063163381, 0.3499999999999998113 ) ) ;
#5480 =( NAMED_UNIT ( * ) SI_UNIT ( $, .STERADIAN. ) SOLID_ANGLE_UNIT ( ) );
#5481 = ORIENTED_EDGE ( 'NONE', *, *, #4899, .F. ) ;
#5482 = FILL_AREA_STYLE ('',( #7180 ) ) ;
#5483 = LINE ( 'NONE', #3661, #566 ) ;
#5484 = CARTESIAN_POINT ( 'NONE',  ( 5.230000000000002203, -3.000000000000000000, 0.3499999999999998668 ) ) ;
#5485 = MECHANICAL_DESIGN_GEOMETRIC_PRESENTATION_REPRESENTATION (  '', ( #1696 ), #3969 ) ;
#5486 = ORIENTED_EDGE ( 'NONE', *, *, #7721, .F. ) ;
#5487 = LINE ( 'NONE', #6025, #2822 ) ;
#5488 = SURFACE_STYLE_USAGE ( .BOTH. , #3704 ) ;
#5489 = VERTEX_POINT ( 'NONE', #7163 ) ;
#5490 = LINE ( 'NONE', #7298, #3621 ) ;
#5491 = DIRECTION ( 'NONE',  ( 0.7071067811865489050, -0.7071067811865460184, 0.000000000000000000 ) ) ;
#5492 = VERTEX_POINT ( 'NONE', #1745 ) ;
#5493 = DIRECTION ( 'NONE',  ( 1.000000000000000000, 0.000000000000000000, 0.000000000000000000 ) ) ;
#5494 = ORIENTED_EDGE ( 'NONE', *, *, #2875, .T. ) ;
#5495 = STYLED_ITEM ( 'NONE', ( #3306 ), #6216 ) ;
#5496 = DIRECTION ( 'NONE',  ( 0.000000000000000000, -0.000000000000000000, -1.000000000000000000 ) ) ;
#5497 = CARTESIAN_POINT ( 'NONE',  ( 4.727475984454220459, 5.732672356334980179, 0.3499999999999998668 ) ) ;
#5498 = CARTESIAN_POINT ( 'NONE',  ( 6.019979884374425438, 4.171275002134769316, -0.3500000000000000888 ) ) ;
#5499 = EDGE_CURVE ( 'NONE', #1532, #4728, #5466, .T. ) ;
#5500 = DIRECTION ( 'NONE',  ( -0.000000000000000000, -0.000000000000000000, -1.000000000000000000 ) ) ;
#5501 = EDGE_LOOP ( 'NONE', ( #1460, #3015, #3180, #5077 ) ) ;
#5502 = PLANE ( 'NONE',  #3422 ) ;
#5503 = CARTESIAN_POINT ( 'NONE',  ( 4.080000000000000071, 6.500000000000000888, 0.3499999999999989231 ) ) ;
#5504 =( BOUNDED_SURFACE ( )  B_SPLINE_SURFACE ( 2, 3, ( 
 ( #3269, #5553, #4993, #1408 ),
 ( #3814, #1060, #393, #7681 ),
 ( #7557, #4513, #3469, #6986 ) ),
 .UNSPECIFIED., .F., .F., .F. ) 
 B_SPLINE_SURFACE_WITH_KNOTS ( ( 3, 3 ),
 ( 4, 4 ),
 ( 0.000000000000000000, 1.000000000000000000 ),
 ( -3.500000000000000371E-05, 0.0007349999999999999763 ),
 .UNSPECIFIED. ) 
 GEOMETRIC_REPRESENTATION_ITEM ( )  RATIONAL_B_SPLINE_SURFACE ( (
 ( 1.000000000000000000, 1.000000000000000000, 1.000000000000000000, 1.000000000000000000),
 ( 0.7071067811865475727, 0.7071067811865475727, 0.7071067811865475727, 0.7071067811865475727),
 ( 1.000000000000000000, 1.000000000000000000, 1.000000000000000000, 1.000000000000000000) ) ) 
 REPRESENTATION_ITEM ( '' )  SURFACE ( )  );
#5505 =( GEOMETRIC_REPRESENTATION_CONTEXT ( 3 ) GLOBAL_UNCERTAINTY_ASSIGNED_CONTEXT ( ( #4860 ) ) GLOBAL_UNIT_ASSIGNED_CONTEXT ( ( #3191, #5626, #3774 ) ) REPRESENTATION_CONTEXT ( 'NONE', 'WORKASPACE' ) );
#5506 = LINE ( 'NONE', #5022, #6833 ) ;
#5507 = EDGE_CURVE ( 'NONE', #5625, #7012, #4229, .T. ) ;
#5508 = UNCERTAINTY_MEASURE_WITH_UNIT (LENGTH_MEASURE( 1.000000000000000082E-05 ), #2527, 'distance_accuracy_value', 'NONE');
#5509 = CARTESIAN_POINT ( 'NONE',  ( 2.540000000000000036, 6.299999999999999822, 0.3499999999999999223 ) ) ;
#5510 = MECHANICAL_DESIGN_GEOMETRIC_PRESENTATION_REPRESENTATION (  '', ( #4992 ), #2724 ) ;
#5511 = CARTESIAN_POINT ( 'NONE',  ( 0.9442769795120042886, 4.091073788932197530, -0.3500000000000001443 ) ) ;
#5512 = CARTESIAN_POINT ( 'NONE',  ( 6.858779213129837515, 5.920464898423917433, 0.3499999999999997558 ) ) ;
#5513 = FACE_OUTER_BOUND ( 'NONE', #7239, .T. ) ;
#5514 = DIRECTION ( 'NONE',  ( 0.000000000000000000, 1.000000000000000000, -3.097720492815727166E-16 ) ) ;
#5515 = ADVANCED_FACE ( 'NONE', ( #7201 ), #5536, .T. ) ;
#5516 = ORIENTED_EDGE ( 'NONE', *, *, #1789, .T. ) ;
#5517 = CARTESIAN_POINT ( 'NONE',  ( 2.540000000000000036, 0.000000000000000000, -0.3500000000000000333 ) ) ;
#5518 = CARTESIAN_POINT ( 'NONE',  ( 5.080000000000000071, 1.700000000000000178, -0.3500000000000000888 ) ) ;
#5519 = COLOUR_RGB ( '',0.8313725490196077761, 0.6705882352941175961, 0.1294117647058823373 ) ;
#5520 = EDGE_CURVE ( 'NONE', #2797, #6919, #3646, .T. ) ;
#5521 = CARTESIAN_POINT ( 'NONE',  ( 3.003356898907901140, 1.699999999999999067, 0.3500000000000000333 ) ) ;
#5522 = ORIENTED_EDGE ( 'NONE', *, *, #7147, .T. ) ;
#5523 = CARTESIAN_POINT ( 'NONE',  ( 6.673913198591398199, 4.056300144720211165, -0.3500000000000002554 ) ) ;
#5524 = CARTESIAN_POINT ( 'NONE',  ( -0.9999999999999993339, 0.8000000000000004885, 0.3499999999999999778 ) ) ;
#5525 = CARTESIAN_POINT ( 'NONE',  ( 0.3500000000000009215, -2.800000000000001155, -0.3499999999999999778 ) ) ;
#5526 = EDGE_LOOP ( 'NONE', ( #3338, #6985, #7183, #4135 ) ) ;
#5527 = DIRECTION ( 'NONE',  ( 0.000000000000000000, -1.000000000000000000, 1.668003342285391797E-16 ) ) ;
#5528 = DIRECTION ( 'NONE',  ( -3.872150616019675597E-17, -0.8660254037844373753, -0.5000000000000022204 ) ) ;
#5529 = ORIENTED_EDGE ( 'NONE', *, *, #7778, .F. ) ;
#5530 = CARTESIAN_POINT ( 'NONE',  ( 4.393245067392238745, 6.500000000000000888, -0.6500000000000017986 ) ) ;
#5531 = ORIENTED_EDGE ( 'NONE', *, *, #5589, .T. ) ;
#5532 = EDGE_CURVE ( 'NONE', #460, #7039, #7789, .T. ) ;
#5533 = VECTOR ( 'NONE', #1213, 1000.000000000000000 ) ;
#5534 = CARTESIAN_POINT ( 'NONE',  ( 7.120000000000000995, 6.299999999999999822, -0.3500000000000001443 ) ) ;
#5535 = ORIENTED_EDGE ( 'NONE', *, *, #95, .T. ) ;
#5536 =( BOUNDED_SURFACE ( )  B_SPLINE_SURFACE ( 2, 3, ( 
 ( #3020, #3493, #574, #7235 ),
 ( #1856, #4818, #1820, #1228 ),
 ( #1782, #5966, #6495, #6611 ) ),
 .UNSPECIFIED., .F., .F., .F. ) 
 B_SPLINE_SURFACE_WITH_KNOTS ( ( 3, 3 ),
 ( 4, 4 ),
 ( 0.000000000000000000, 1.000000000000000000 ),
 ( -0.0007349999999999999763, 3.500000000000000371E-05 ),
 .UNSPECIFIED. ) 
 GEOMETRIC_REPRESENTATION_ITEM ( )  RATIONAL_B_SPLINE_SURFACE ( (
 ( 1.000000000000000000, 1.000000000000000000, 1.000000000000000000, 1.000000000000000000),
 ( 0.7071067811865475727, 0.7071067811865475727, 0.7071067811865475727, 0.7071067811865475727),
 ( 1.000000000000000000, 1.000000000000000000, 1.000000000000000000, 1.000000000000000000) ) ) 
 REPRESENTATION_ITEM ( '' )  SURFACE ( )  );
#5537 = PRESENTATION_LAYER_ASSIGNMENT (  '', '', ( #1366 ) ) ;
#5538 = PLANE ( 'NONE',  #2602 ) ;
#5539 = CARTESIAN_POINT ( 'NONE',  ( -0.7741471366726800918, 5.851685420754310307, 0.3500000000000000888 ) ) ;
#5540 = CARTESIAN_POINT ( 'NONE',  ( 5.899285907662241257, 5.570187327444201308, -0.3500000000000000888 ) ) ;
#5541 = VERTEX_POINT ( 'NONE', #5888 ) ;
#5542 = VECTOR ( 'NONE', #1085, 1000.000000000000000 ) ;
#5543 = PRESENTATION_STYLE_ASSIGNMENT (( #1233 ) ) ;
#5544 = DIRECTION ( 'NONE',  ( 0.000000000000000000, -0.000000000000000000, -1.000000000000000000 ) ) ;
#5545 = DIRECTION ( 'NONE',  ( 0.000000000000000000, -1.000000000000000000, 0.000000000000000000 ) ) ;
#5546 =( GEOMETRIC_REPRESENTATION_CONTEXT ( 3 ) GLOBAL_UNCERTAINTY_ASSIGNED_CONTEXT ( ( #5134 ) ) GLOBAL_UNIT_ASSIGNED_CONTEXT ( ( #4696, #7115, #854 ) ) REPRESENTATION_CONTEXT ( 'NONE', 'WORKASPACE' ) );
#5547 = EDGE_CURVE ( 'NONE', #2134, #5469, #2379, .T. ) ;
#5548 = CARTESIAN_POINT ( 'NONE',  ( 7.945255819881804626, 5.589454083063163381, 0.3499999999999998113 ) ) ;
#5549 = SURFACE_STYLE_FILL_AREA ( #4352 ) ;
#5550 = SURFACE_STYLE_FILL_AREA ( #6774 ) ;
#5551 = LINE ( 'NONE', #6484, #3313 ) ;
#5552 = VERTEX_POINT ( 'NONE', #5316 ) ;
#5553 = CARTESIAN_POINT ( 'NONE',  ( 4.080000000000000071, 1.800000000000000488, 0.1283333333333334936 ) ) ;
#5554 = DIRECTION ( 'NONE',  ( -0.000000000000000000, -1.000000000000000000, 1.668003342285392044E-16 ) ) ;
#5555 = AXIS2_PLACEMENT_3D ( 'NONE', #4094, #1647, #3438 ) ;
#5556 =( LENGTH_UNIT ( ) NAMED_UNIT ( * ) SI_UNIT ( .MILLI., .METRE. ) );
#5557 = ORIENTED_EDGE ( 'NONE', *, *, #6794, .T. ) ;
#5558 = VERTEX_POINT ( 'NONE', #2303 ) ;
#5559 =( NAMED_UNIT ( * ) PLANE_ANGLE_UNIT ( ) SI_UNIT ( $, .RADIAN. ) );
#5560 = LINE ( 'NONE', #2555, #4915 ) ;
#5561 =( NAMED_UNIT ( * ) PLANE_ANGLE_UNIT ( ) SI_UNIT ( $, .RADIAN. ) );
#5562 = ORIENTED_EDGE ( 'NONE', *, *, #1686, .T. ) ;
#5563 = VECTOR ( 'NONE', #2269, 1000.000000000000000 ) ;
#5564 = CARTESIAN_POINT ( 'NONE',  ( 4.202471447568718155, 5.050332720358729155, 0.3499999999999999778 ) ) ;
#5565 = LINE ( 'NONE', #2600, #7161 ) ;
#5566 = LINE ( 'NONE', #1376, #1066 ) ;
#5567 = ORIENTED_EDGE ( 'NONE', *, *, #7279, .F. ) ;
#5568 = AXIS2_PLACEMENT_3D ( 'NONE', #1119, #7787, #3491 ) ;
#5569 = VERTEX_POINT ( 'NONE', #4704 ) ;
#5570 = LINE ( 'NONE', #838, #1279 ) ;
#5571 = VERTEX_POINT ( 'NONE', #7122 ) ;
#5572 = PRESENTATION_LAYER_ASSIGNMENT (  '', '', ( #2026 ) ) ;
#5573 =( LENGTH_UNIT ( ) NAMED_UNIT ( * ) SI_UNIT ( .MILLI., .METRE. ) );
#5574 = ADVANCED_FACE ( 'NONE', ( #1705 ), #6531, .T. ) ;
#5575 = LINE ( 'NONE', #4975, #6625 ) ;
#5576 = CARTESIAN_POINT ( 'NONE',  ( 8.564276979512005283, 4.091073788932196642, -0.3500000000000001443 ) ) ;
#5577 = ORIENTED_EDGE ( 'NONE', *, *, #5603, .T. ) ;
#5578 =( GEOMETRIC_REPRESENTATION_CONTEXT ( 3 ) GLOBAL_UNCERTAINTY_ASSIGNED_CONTEXT ( ( #2821 ) ) GLOBAL_UNIT_ASSIGNED_CONTEXT ( ( #3467, #6424, #2786 ) ) REPRESENTATION_CONTEXT ( 'NONE', 'WORKASPACE' ) );
#5579 = CARTESIAN_POINT ( 'NONE',  ( 5.430000000000000604, 8.000000000000000000, 0.3499999999999999778 ) ) ;
#5580 =( LENGTH_UNIT ( ) NAMED_UNIT ( * ) SI_UNIT ( .MILLI., .METRE. ) );
#5581 = CARTESIAN_POINT ( 'NONE',  ( 5.080000000000000071, 0.5000000000000005551, 0.3499999999999998668 ) ) ;
#5582 = PRESENTATION_STYLE_ASSIGNMENT (( #6283 ) ) ;
#5583 = CARTESIAN_POINT ( 'NONE',  ( 0.9455177966741296069, 4.067306563708456224, 0.3500000000000000333 ) ) ;
#5584 = AXIS2_PLACEMENT_3D ( 'NONE', #522, #4604, #1071 ) ;
#5585 = PLANE ( 'NONE',  #2386 ) ;
#5586 = EDGE_CURVE ( 'NONE', #6390, #2207, #1930, .T. ) ;
#5587 =( NAMED_UNIT ( * ) PLANE_ANGLE_UNIT ( ) SI_UNIT ( $, .RADIAN. ) );
#5588 = LINE ( 'NONE', #5697, #1524 ) ;
#5589 = EDGE_CURVE ( 'NONE', #7806, #4996, #7153, .T. ) ;
#5590 = ORIENTED_EDGE ( 'NONE', *, *, #6610, .F. ) ;
#5591 = VECTOR ( 'NONE', #3993, 1000.000000000000000 ) ;
#5592 = SURFACE_STYLE_USAGE ( .BOTH. , #4952 ) ;
#5593 = FACE_OUTER_BOUND ( 'NONE', #2609, .T. ) ;
#5594 = LINE ( 'NONE', #188, #5614 ) ;
#5595 = EDGE_LOOP ( 'NONE', ( #5387, #5324, #846, #396 ) ) ;
#5596 = CARTESIAN_POINT ( 'NONE',  ( 0.6454664785273048766, 3.877691542223585142, -0.3499999999999999778 ) ) ;
#5597 = EDGE_CURVE ( 'NONE', #998, #7322, #7630, .T. ) ;
#5598 = LINE ( 'NONE', #2554, #3749 ) ;
#5599 = STYLED_ITEM ( 'NONE', ( #5903 ), #4848 ) ;
#5600 = FILL_AREA_STYLE_COLOUR ( '', #5041 ) ;
#5601 = DIRECTION ( 'NONE',  ( -0.000000000000000000, -0.000000000000000000, -1.000000000000000000 ) ) ;
#5602 = VERTEX_POINT ( 'NONE', #759 ) ;
#5603 = EDGE_CURVE ( 'NONE', #7719, #1848, #5575, .T. ) ;
#5604 = CARTESIAN_POINT ( 'NONE',  ( 8.306754932607761432, 8.000000000000000000, 0.6500000000000000222 ) ) ;
#5605 = DIRECTION ( 'NONE',  ( 0.5000000000000022204, -0.8660254037844373753, 0.000000000000000000 ) ) ;
#5606 = VECTOR ( 'NONE', #3805, 1000.000000000000000 ) ;
#5607 = ORIENTED_EDGE ( 'NONE', *, *, #6030, .F. ) ;
#5608 = ORIENTED_EDGE ( 'NONE', *, *, #472, .F. ) ;
#5609 =( LENGTH_UNIT ( ) NAMED_UNIT ( * ) SI_UNIT ( .MILLI., .METRE. ) );
#5610 = AXIS2_PLACEMENT_3D ( 'NONE', #1052, #3385, #3462 ) ;
#5611 = ORIENTED_EDGE ( 'NONE', *, *, #885, .T. ) ;
#5612 = EDGE_CURVE ( 'NONE', #4728, #2647, #956, .T. ) ;
#5613 = DIRECTION ( 'NONE',  ( 0.000000000000000000, -1.000000000000000000, 0.000000000000000000 ) ) ;
#5614 = VECTOR ( 'NONE', #2030, 1000.000000000000000 ) ;
#5615 = CARTESIAN_POINT ( 'NONE',  ( -0.8592672355229022951, 5.226749775238759277, 0.3499999999999999778 ) ) ;
#5616 = CARTESIAN_POINT ( 'NONE',  ( 5.940164356702981152, 5.218128553112162393, -0.3500000000000000888 ) ) ;
#5617 = SURFACE_SIDE_STYLE ('',( #6724 ) ) ;
#5618 = ORIENTED_EDGE ( 'NONE', *, *, #7391, .F. ) ;
#5619 = CARTESIAN_POINT ( 'NONE',  ( 8.220000000000000639, 6.299999999999999822, -0.1283333333333336601 ) ) ;
#5620 = DIRECTION ( 'NONE',  ( 0.000000000000000000, -0.000000000000000000, -1.000000000000000000 ) ) ;
#5621 = DIRECTION ( 'NONE',  ( -1.000000000000000000, 0.000000000000000000, -0.000000000000000000 ) ) ;
#5622 = DIRECTION ( 'NONE',  ( -0.000000000000000000, -1.000000000000000000, 1.668003342285391551E-16 ) ) ;
#5623 = CARTESIAN_POINT ( 'NONE',  ( 0.9730462009244521537, 3.450480068927959554, 0.3499999999999999778 ) ) ;
#5624 = DIRECTION ( 'NONE',  ( 0.000000000000000000, 0.000000000000000000, 1.000000000000000000 ) ) ;
#5625 = VERTEX_POINT ( 'NONE', #3417 ) ;
#5627 = EDGE_CURVE ( 'NONE', #2458, #6527, #4687, .T. ) ;
#5626 =( NAMED_UNIT ( * ) PLANE_ANGLE_UNIT ( ) SI_UNIT ( $, .RADIAN. ) );
#5628 = CARTESIAN_POINT ( 'NONE',  ( 8.306754932607761432, 0.5000000000000002220, 0.3499999999999998668 ) ) ;
#5629 = PLANE ( 'NONE',  #5863 ) ;
#5630 = ORIENTED_EDGE ( 'NONE', *, *, #5996, .F. ) ;
#5631 = CARTESIAN_POINT ( 'NONE',  ( 2.590000000000000746, 8.026794919243110726, -0.05000000000000062034 ) ) ;
#5632 = ORIENTED_EDGE ( 'NONE', *, *, #3611, .F. ) ;
#5633 = MECHANICAL_DESIGN_GEOMETRIC_PRESENTATION_REPRESENTATION (  '', ( #7781 ), #6646 ) ;
#5634 = CARTESIAN_POINT ( 'NONE',  ( 1.540000000000000702, 0.8000000000000004885, -0.3500000000000000333 ) ) ;
#5635 = SURFACE_STYLE_FILL_AREA ( #827 ) ;
#5636 = ORIENTED_EDGE ( 'NONE', *, *, #6149, .F. ) ;
#5637 = CARTESIAN_POINT ( 'NONE',  ( 4.305852863327319646, 5.851685420754309419, 0.3499999999999998113 ) ) ;
#5638 = EDGE_CURVE ( 'NONE', #6919, #3086, #5098, .T. ) ;
#5639 = DIRECTION ( 'NONE',  ( -1.000000000000000000, -0.000000000000000000, -0.000000000000000000 ) ) ;
#5640 = EDGE_CURVE ( 'NONE', #447, #571, #419, .T. ) ;
#5641 = ORIENTED_EDGE ( 'NONE', *, *, #2129, .F. ) ;
#5642 = DIRECTION ( 'NONE',  ( 0.6546536707079765316, -0.3779644730092291960, -0.6546536707079765316 ) ) ;
#5643 = ORIENTED_EDGE ( 'NONE', *, *, #1244, .F. ) ;
#5644 = B_SPLINE_CURVE_WITH_KNOTS ( 'NONE', 3,
 ( #1169, #4200, #2353, #2465, #5512, #1240, #4163, #7213, #4755, #1280, #1755, #582, #5400, #7797, #6621, #2389, #6014, #1206, #3616, #5438, #303, #6894, #6122, #6854, #7427, #5110, #138, #1358, #898, #6200, #1977 ),
 .UNSPECIFIED., .F., .F.,
 ( 4, 1, 1, 1, 1, 1, 1, 2, 2, 1, 1, 1, 1, 2, 2, 1, 1, 1, 1, 1, 2, 2, 4 ),
 ( 0.000000000000000000, 0.06250000000001179612, 0.09375000000001741662, 0.1093750000000204697, 0.1171875000000220379, 0.1210937500000228428, 0.1230468750000232731, 0.1240234375000236478, 0.1250000000000240086, 0.1875000000000225098, 0.2187500000000217881, 0.2343750000000214828, 0.2421875000000213440, 0.2460937500000215383, 0.2500000000000217604, 0.3750000000000213718, 0.4375000000000212053, 0.4687500000000208722, 0.4843750000000206501, 0.4921875000000205391, 0.4960937500000208167, 0.5000000000000209832, 1.000000000000000000 ),
 .UNSPECIFIED. ) ;
#5645 = COLOUR_RGB ( '',0.8313725490196077761, 0.6705882352941175961, 0.1294117647058823373 ) ;
#5646 = CARTESIAN_POINT ( 'NONE',  ( 7.620000000000000107, 0.000000000000000000, -0.3500000000000001443 ) ) ;
#5647 = ORIENTED_EDGE ( 'NONE', *, *, #3963, .T. ) ;
#5648 = DIRECTION ( 'NONE',  ( 0.000000000000000000, 0.000000000000000000, 1.000000000000000000 ) ) ;
#5649 = AXIS2_PLACEMENT_3D ( 'NONE', #88, #4981, #6079 ) ;
#5650 = ADVANCED_FACE ( 'NONE', ( #1044 ), #2813, .F. ) ;
#5651 = CARTESIAN_POINT ( 'NONE',  ( -0.6813801503213369193, 6.233860305463149842, 0.3500000000000000888 ) ) ;
#5652 = LINE ( 'NONE', #4935, #1377 ) ;
#5653 = CARTESIAN_POINT ( 'NONE',  ( 5.766754932607761397, 10.39117142264903570, -0.3500000000000017542 ) ) ;
#5654 = CARTESIAN_POINT ( 'NONE',  ( 8.620000000000000995, 1.800000000000000488, -0.3500000000000001443 ) ) ;
#5655 = EDGE_LOOP ( 'NONE', ( #6477, #6104, #7809, #4215 ) ) ;
#5656 = CARTESIAN_POINT ( 'NONE',  ( 0.3218457338839795789, 5.626229152235330488, 0.000000000000000000 ) ) ;
#5657 = COLOUR_RGB ( '',0.8313725490196077761, 0.6705882352941175961, 0.1294117647058823373 ) ;
#5658 = VECTOR ( 'NONE', #593, 1000.000000000000000 ) ;
#5659 = EDGE_CURVE ( 'NONE', #423, #1422, #2859, .T. ) ;
#5660 = CARTESIAN_POINT ( 'NONE',  ( 3.407834886700807253, 5.142569796484737665, 0.3499999999999998668 ) ) ;
#5661 = LINE ( 'NONE', #5581, #4454 ) ;
#5662 = DIRECTION ( 'NONE',  ( -0.000000000000000000, -0.000000000000000000, 1.000000000000000000 ) ) ;
#5663 = PRESENTATION_LAYER_ASSIGNMENT (  '', '', ( #1874 ) ) ;
#5664 = DIRECTION ( 'NONE',  ( 1.000000000000000000, 0.000000000000000000, 0.000000000000000000 ) ) ;
#5665 = CARTESIAN_POINT ( 'NONE',  ( 3.240000000000000657, 0.5000000000000006661, -0.3500000000000000333 ) ) ;
#5666 = DIRECTION ( 'NONE',  ( 1.000000000000000000, 1.084202172485504434E-16, 0.000000000000000000 ) ) ;
#5667 = CARTESIAN_POINT ( 'NONE',  ( 6.655000000000001137, -1.575000000000001066, 0.3499999999999998668 ) ) ;
#5668 = FILL_AREA_STYLE ('',( #6859 ) ) ;
#5669 = ORIENTED_EDGE ( 'NONE', *, *, #6529, .T. ) ;
#5670 = VECTOR ( 'NONE', #6612, 1000.000000000000000 ) ;
#5671 = DIRECTION ( 'NONE',  ( -0.000000000000000000, -1.000000000000000000, 1.668003342285391551E-16 ) ) ;
#5672 = ORIENTED_EDGE ( 'NONE', *, *, #6187, .T. ) ;
#5673 = MECHANICAL_DESIGN_GEOMETRIC_PRESENTATION_REPRESENTATION (  '', ( #5791 ), #3289 ) ;
#5674 = CARTESIAN_POINT ( 'NONE',  ( 5.080000000000000071, -3.000000000000000000, -0.3500000000000000888 ) ) ;
#5675 = ORIENTED_EDGE ( 'NONE', *, *, #1326, .T. ) ;
#5676 = CARTESIAN_POINT ( 'NONE',  ( 4.219835643297026095, 5.218128553112202361, 0.3499999999999999223 ) ) ;
#5677 = DIRECTION ( 'NONE',  ( 0.000000000000000000, 4.336808689942018229E-16, -1.000000000000000000 ) ) ;
#5678 = ORIENTED_EDGE ( 'NONE', *, *, #7155, .F. ) ;
#5679 = CARTESIAN_POINT ( 'NONE',  ( 7.970000000000001528, -2.800000000000001155, 0.3499999999999998113 ) ) ;
#5680 = EDGE_LOOP ( 'NONE', ( #5333, #1035, #4532, #4920 ) ) ;
#5681 = CARTESIAN_POINT ( 'NONE',  ( 4.380000000000000782, 0.5000000000000004441, 0.3499999999999998668 ) ) ;
#5682 = ORIENTED_EDGE ( 'NONE', *, *, #4719, .F. ) ;
#5683 = MECHANICAL_DESIGN_GEOMETRIC_PRESENTATION_REPRESENTATION (  '', ( #7088 ), #3673 ) ;
#5684 = FILL_AREA_STYLE_COLOUR ( '', #4485 ) ;
#5685 = VECTOR ( 'NONE', #2654, 1000.000000000000000 ) ;
#5686 = CARTESIAN_POINT ( 'NONE',  ( 4.729999999999999538, 8.199999999999999289, 0.3499999999999999778 ) ) ;
#5687 = CARTESIAN_POINT ( 'NONE',  ( 8.119999999999999218, 6.299999999999999822, -0.3500000000000001443 ) ) ;
#5688 = ORIENTED_EDGE ( 'NONE', *, *, #2002, .T. ) ;
#5689 = ORIENTED_EDGE ( 'NONE', *, *, #3951, .F. ) ;
#5690 = COLOUR_RGB ( '',0.8313725490196077761, 0.6705882352941175961, 0.1294117647058823373 ) ;
#5691 = EDGE_CURVE ( 'NONE', #5047, #1344, #2051, .T. ) ;
#5692 = CARTESIAN_POINT ( 'NONE',  ( 3.371453400084237551, 5.476966929918533289, 0.3499999999999999223 ) ) ;
#5693 = SURFACE_SIDE_STYLE ('',( #2823 ) ) ;
#5694 = VECTOR ( 'NONE', #5030, 1000.000000000000000 ) ;
#5695 = CARTESIAN_POINT ( 'NONE',  ( 4.727475984454220459, 5.732672356334980179, 0.3499999999999998668 ) ) ;
#5696 = CARTESIAN_POINT ( 'NONE',  ( -0.3252558198818047974, 5.589454083063166046, 0.3499999999999999778 ) ) ;
#5697 = CARTESIAN_POINT ( 'NONE',  ( 9.090000000000001634, 8.500000000000000000, -1.200000000000000178 ) ) ;
#5698 = LINE ( 'NONE', #1405, #3941 ) ;
#5699 = ORIENTED_EDGE ( 'NONE', *, *, #6278, .T. ) ;
#5700 = PLANE ( 'NONE',  #705 ) ;
#5701 = PRESENTATION_LAYER_ASSIGNMENT (  '', '', ( #3199 ) ) ;
#5702 = LINE ( 'NONE', #313, #6995 ) ;
#5703 = DIRECTION ( 'NONE',  ( 0.000000000000000000, 1.668003342285391797E-16, 1.000000000000000000 ) ) ;
#5704 = ORIENTED_EDGE ( 'NONE', *, *, #6586, .F. ) ;
#5705 = FACE_OUTER_BOUND ( 'NONE', #2713, .T. ) ;
#5706 = EDGE_LOOP ( 'NONE', ( #6001, #4593, #2048, #6781, #2804, #4180, #7570, #2172 ) ) ;
#5707 = SURFACE_STYLE_USAGE ( .BOTH. , #1529 ) ;
#5708 = CARTESIAN_POINT ( 'NONE',  ( 6.080000000000000071, 1.800000000000000488, 0.3499999999999998668 ) ) ;
#5709 = VECTOR ( 'NONE', #2678, 1000.000000000000000 ) ;
#5710 = EDGE_LOOP ( 'NONE', ( #380, #806, #788, #3445 ) ) ;
#5711 = CARTESIAN_POINT ( 'NONE',  ( 1.540000000000000036, 6.500000000000000888, -0.3500000000000010880 ) ) ;
#5712 =( NAMED_UNIT ( * ) SI_UNIT ( $, .STERADIAN. ) SOLID_ANGLE_UNIT ( ) );
#5713 = FILL_AREA_STYLE ('',( #792 ) ) ;
#5714 =( GEOMETRIC_REPRESENTATION_CONTEXT ( 3 ) GLOBAL_UNCERTAINTY_ASSIGNED_CONTEXT ( ( #7160 ) ) GLOBAL_UNIT_ASSIGNED_CONTEXT ( ( #5215, #4602, #2286 ) ) REPRESENTATION_CONTEXT ( 'NONE', 'WORKASPACE' ) );
#5715 = ORIENTED_EDGE ( 'NONE', *, *, #588, .F. ) ;
#5716 = EDGE_CURVE ( 'NONE', #5035, #1293, #7620, .T. ) ;
#5717 = ORIENTED_EDGE ( 'NONE', *, *, #2223, .T. ) ;
#5718 = LINE ( 'NONE', #6078, #4533 ) ;
#5719 = FILL_AREA_STYLE ('',( #1581 ) ) ;
#5720 = EDGE_LOOP ( 'NONE', ( #1130, #1711, #1543, #947, #3632, #3081, #4912, #2930 ) ) ;
#5721 = VECTOR ( 'NONE', #1093, 1000.000000000000000 ) ;
#5722 = UNCERTAINTY_MEASURE_WITH_UNIT (LENGTH_MEASURE( 1.000000000000000082E-05 ), #7151, 'distance_accuracy_value', 'NONE');
#5723 = CARTESIAN_POINT ( 'NONE',  ( -0.3499999999999992006, -1.084202172485501815E-17, 0.3499999999999999778 ) ) ;
#5724 = DIRECTION ( 'NONE',  ( 1.000000000000000000, 0.000000000000000000, 0.000000000000000000 ) ) ;
#5725 = EDGE_CURVE ( 'NONE', #6129, #1933, #3377, .T. ) ;
#5726 = CARTESIAN_POINT ( 'NONE',  ( 0.05000000000000056483, 8.026794919243110726, 0.05000000000000045380 ) ) ;
#5727 = LINE ( 'NONE', #5844, #1138 ) ;
#5728 = PRESENTATION_STYLE_ASSIGNMENT (( #6321 ) ) ;
#5729 = LINE ( 'NONE', #5147, #5379 ) ;
#5730 = VERTEX_POINT ( 'NONE', #4497 ) ;
#5731 = VECTOR ( 'NONE', #1547, 1000.000000000000000 ) ;
#5732 = VERTEX_POINT ( 'NONE', #2178 ) ;
#5733 = FACE_OUTER_BOUND ( 'NONE', #7034, .T. ) ;
#5734 = VECTOR ( 'NONE', #4359, 1000.000000000000000 ) ;
#5735 = EDGE_CURVE ( 'NONE', #2749, #2797, #6406, .T. ) ;
#5736 = CARTESIAN_POINT ( 'NONE',  ( -0.3500000000000000333, 0.000000000000000000, -0.3499999999999999778 ) ) ;
#5737 = DIRECTION ( 'NONE',  ( 0.000000000000000000, 0.000000000000000000, 1.000000000000000000 ) ) ;
#5738 = ADVANCED_FACE ( 'NONE', ( #2137 ), #925, .F. ) ;
#5739 = LINE ( 'NONE', #7552, #996 ) ;
#5740 = SURFACE_SIDE_STYLE ('',( #265 ) ) ;
#5741 = ORIENTED_EDGE ( 'NONE', *, *, #6374, .F. ) ;
#5742 = COLOUR_RGB ( '',0.8313725490196077761, 0.6705882352941175961, 0.1294117647058823373 ) ;
#5743 =( LENGTH_UNIT ( ) NAMED_UNIT ( * ) SI_UNIT ( .MILLI., .METRE. ) );
#5744 = CARTESIAN_POINT ( 'NONE',  ( -0.9469369482461336140, 4.039780281224065739, -0.3499999999999999778 ) ) ;
#5745 = ORIENTED_EDGE ( 'NONE', *, *, #4668, .F. ) ;
#5746 = DIRECTION ( 'NONE',  ( 0.000000000000000000, 0.000000000000000000, 1.000000000000000000 ) ) ;
#5747 = EDGE_LOOP ( 'NONE', ( #4249, #3556, #2250, #4556 ) ) ;
#5748 = LINE ( 'NONE', #1028, #2369 ) ;
#5749 = PLANE ( 'NONE',  #2156 ) ;
#5750 = PRESENTATION_LAYER_ASSIGNMENT (  '', '', ( #4992 ) ) ;
#5751 = ORIENTED_EDGE ( 'NONE', *, *, #6156, .T. ) ;
#5752 =( NAMED_UNIT ( * ) SI_UNIT ( $, .STERADIAN. ) SOLID_ANGLE_UNIT ( ) );
#5753 = EDGE_CURVE ( 'NONE', #2904, #7560, #2216, .T. ) ;
#5754 = CARTESIAN_POINT ( 'NONE',  ( 0.4999999999999985012, 6.299999999999999822, 0.3499999999999999778 ) ) ;
#5755 = PRESENTATION_LAYER_ASSIGNMENT (  '', '', ( #6911 ) ) ;
#5756 = EDGE_CURVE ( 'NONE', #1815, #2298, #4032, .T. ) ;
#5757 = VERTEX_POINT ( 'NONE', #3873 ) ;
#5758 = CARTESIAN_POINT ( 'NONE',  ( 8.306754932607761432, 8.000000000000000000, -0.6500000000000030198 ) ) ;
#5759 = EDGE_LOOP ( 'NONE', ( #795, #4778, #5159, #1364 ) ) ;
#5760 = DIRECTION ( 'NONE',  ( 1.000000000000000000, -0.000000000000000000, 0.000000000000000000 ) ) ;
#5761 = VERTEX_POINT ( 'NONE', #1505 ) ;
#5762 = CARTESIAN_POINT ( 'NONE',  ( 6.620000000000000107, 0.5000000000000000000, -0.3500000000000000888 ) ) ;
#5763 = LINE ( 'NONE', #2093, #5131 ) ;
#5764 = EDGE_CURVE ( 'NONE', #3172, #1933, #3334, .T. ) ;
#5765 = DIRECTION ( 'NONE',  ( 0.000000000000000000, 0.000000000000000000, 1.000000000000000000 ) ) ;
#5766 = CARTESIAN_POINT ( 'NONE',  ( 0.3525240155457787239, 5.732672356334978403, -0.3499999999999999778 ) ) ;
#5767 = STYLED_ITEM ( 'NONE', ( #2159 ), #193 ) ;
#5768 = LINE ( 'NONE', #2773, #6107 ) ;
#5769 = VERTEX_POINT ( 'NONE', #2726 ) ;
#5770 = ORIENTED_EDGE ( 'NONE', *, *, #799, .T. ) ;
#5771 = CARTESIAN_POINT ( 'NONE',  ( 8.553697255033128499, 4.293911919605035266, 0.3499999999999998113 ) ) ;
#5772 = EDGE_CURVE ( 'NONE', #6847, #793, #5143, .T. ) ;
#5773 = COLOUR_RGB ( '',0.8313725490196077761, 0.6705882352941175961, 0.1294117647058823373 ) ;
#5774 = DIRECTION ( 'NONE',  ( 0.000000000000000000, 1.668003342285391797E-16, 1.000000000000000000 ) ) ;
#5775 = CARTESIAN_POINT ( 'NONE',  ( 7.270000000000000462, 8.199999999999999289, -0.3499999999999999778 ) ) ;
#5776 = VECTOR ( 'NONE', #4963, 1000.000000000000000 ) ;
#5777 = VECTOR ( 'NONE', #7507, 1000.000000000000000 ) ;
#5778 = DIRECTION ( 'NONE',  ( 1.000000000000000000, 0.000000000000000000, 0.000000000000000000 ) ) ;
#5779 = ORIENTED_EDGE ( 'NONE', *, *, #4152, .T. ) ;
#5780 = LINE ( 'NONE', #2152, #2091 ) ;
#5781 = COLOUR_RGB ( '',0.8313725490196077761, 0.6705882352941175961, 0.1294117647058823373 ) ;
#5782 = DIRECTION ( 'NONE',  ( 0.000000000000000000, 0.000000000000000000, 1.000000000000000000 ) ) ;
#5783 = ORIENTED_EDGE ( 'NONE', *, *, #2974, .T. ) ;
#5784 = CARTESIAN_POINT ( 'NONE',  ( 9.090000000000001634, 1.601149768326593145E-16, 0.6500000000000012434 ) ) ;
#5785 = CARTESIAN_POINT ( 'NONE',  ( -1.000000000000000000, 6.500000000000000888, -0.3500000000000010880 ) ) ;
#5786 = PRESENTATION_LAYER_ASSIGNMENT (  '', '', ( #2910 ) ) ;
#5787 = VERTEX_POINT ( 'NONE', #6971 ) ;
#5788 = EDGE_CURVE ( 'NONE', #4085, #2134, #3955, .T. ) ;
#5789 = DIRECTION ( 'NONE',  ( -0.000000000000000000, -0.000000000000000000, -1.000000000000000000 ) ) ;
#5790 = DIRECTION ( 'NONE',  ( 0.000000000000000000, 0.000000000000000000, 1.000000000000000000 ) ) ;
#5791 = STYLED_ITEM ( 'NONE', ( #1310 ), #1838 ) ;
#5792 = EDGE_LOOP ( 'NONE', ( #6959, #7358, #445, #4739 ) ) ;
#5793 = LINE ( 'NONE', #5758, #6576 ) ;
#5794 = ORIENTED_EDGE ( 'NONE', *, *, #5951, .T. ) ;
#5795 = CARTESIAN_POINT ( 'NONE',  ( 3.173148314883513343, 6.299478870653064888, -0.3500000000000000888 ) ) ;
#5796 =( LENGTH_UNIT ( ) NAMED_UNIT ( * ) SI_UNIT ( .MILLI., .METRE. ) );
#5797 = CARTESIAN_POINT ( 'NONE',  ( 4.080000000000000071, 6.500000000000000888, -0.3500000000000010880 ) ) ;
#5798 = ORIENTED_EDGE ( 'NONE', *, *, #4424, .F. ) ;
#5799 = AXIS2_PLACEMENT_3D ( 'NONE', #4441, #2120, #5000 ) ;
#5800 = EDGE_CURVE ( 'NONE', #1342, #6395, #376, .T. ) ;
#5801 = DIRECTION ( 'NONE',  ( 0.000000000000000000, 1.668003342285391797E-16, 1.000000000000000000 ) ) ;
#5802 = CARTESIAN_POINT ( 'NONE',  ( 2.540000000000000036, 6.299999999999999822, 0.3499999999999999223 ) ) ;
#5803 = ADVANCED_FACE ( 'NONE', ( #3629 ), #2511, .F. ) ;
#5804 = DIRECTION ( 'NONE',  ( -3.872150616019675597E-17, -0.8660254037844373753, -0.5000000000000022204 ) ) ;
#5805 =( GEOMETRIC_REPRESENTATION_CONTEXT ( 3 ) GLOBAL_UNCERTAINTY_ASSIGNED_CONTEXT ( ( #6124 ) ) GLOBAL_UNIT_ASSIGNED_CONTEXT ( ( #3968, #3466, #2874 ) ) REPRESENTATION_CONTEXT ( 'NONE', 'WORKASPACE' ) );
#5806 = ORIENTED_EDGE ( 'NONE', *, *, #757, .F. ) ;
#5807 = EDGE_LOOP ( 'NONE', ( #1884, #711, #2330, #4618 ) ) ;
#5808 = CARTESIAN_POINT ( 'NONE',  ( 8.429502423613083550, 5.635051924204145024, 0.3499999999999998113 ) ) ;
#5809 = UNCERTAINTY_MEASURE_WITH_UNIT (LENGTH_MEASURE( 1.000000000000000082E-05 ), #6445, 'distance_accuracy_value', 'NONE');
#5810 = VECTOR ( 'NONE', #4388, 1000.000000000000000 ) ;
#5811 = FILL_AREA_STYLE_COLOUR ( '', #1817 ) ;
#5812 = LINE ( 'NONE', #4507, #1133 ) ;
#5813 = CARTESIAN_POINT ( 'NONE',  ( 0.6000000000000005329, 6.299999999999999822, 0.3499999999999999778 ) ) ;
#5814 = CARTESIAN_POINT ( 'NONE',  ( 4.580000000000001847, 6.084152315493286167, -0.3500000000000000333 ) ) ;
#5815 = AXIS2_PLACEMENT_3D ( 'NONE', #3676, #6795, #3128 ) ;
#5816 = ADVANCED_FACE ( 'NONE', ( #4248 ), #6299, .T. ) ;
#5817 = DIRECTION ( 'NONE',  ( 0.000000000000000000, 0.000000000000000000, -1.000000000000000000 ) ) ;
#5818 = CARTESIAN_POINT ( 'NONE',  ( 1.540000000000000036, 0.5000000000000002220, 0.3499999999999998668 ) ) ;
#5819 = ORIENTED_EDGE ( 'NONE', *, *, #5068, .T. ) ;
#5820 = STYLED_ITEM ( 'NONE', ( #4647 ), #3343 ) ;
#5821 = FACE_OUTER_BOUND ( 'NONE', #7744, .T. ) ;
#5822 = PRESENTATION_STYLE_ASSIGNMENT (( #2837 ) ) ;
#5823 = CARTESIAN_POINT ( 'NONE',  ( -0.8615757348916230907, 5.204467366490685087, -0.3499999999999999223 ) ) ;
#5824 = ORIENTED_EDGE ( 'NONE', *, *, #3994, .T. ) ;
#5825 = CARTESIAN_POINT ( 'NONE',  ( 5.766754932607761397, 6.500000000000000888, -0.6500000000000017986 ) ) ;
#5826 = PLANE ( 'NONE',  #97 ) ;
#5827 = FACE_OUTER_BOUND ( 'NONE', #2526, .T. ) ;
#5828 = VERTEX_POINT ( 'NONE', #5484 ) ;
#5829 = VECTOR ( 'NONE', #6134, 1000.000000000000000 ) ;
#5830 = EDGE_CURVE ( 'NONE', #3642, #2647, #1314, .T. ) ;
#5831 = DIRECTION ( 'NONE',  ( 1.000000000000000000, 1.084202172485504434E-16, 0.000000000000000000 ) ) ;
#5832 =( LENGTH_UNIT ( ) NAMED_UNIT ( * ) SI_UNIT ( .MILLI., .METRE. ) );
#5833 = EDGE_LOOP ( 'NONE', ( #7010, #2564, #2971, #7495 ) ) ;
#5834 = CARTESIAN_POINT ( 'NONE',  ( 1.540000000000000480, 1.800000000000000044, 0.1166666666666665297 ) ) ;
#5835 = ORIENTED_EDGE ( 'NONE', *, *, #3637, .F. ) ;
#5836 = CARTESIAN_POINT ( 'NONE',  ( 3.390639769790269487, 5.307482533055136287, -0.3500000000000000333 ) ) ;
#5837 = EDGE_CURVE ( 'NONE', #781, #6847, #28, .T. ) ;
#5838 = CARTESIAN_POINT ( 'NONE',  ( 8.306754932607761432, 0.5000000000000000000, -0.6500000000000013545 ) ) ;
#5839 = VERTEX_POINT ( 'NONE', #5308 ) ;
#5840 = SURFACE_STYLE_FILL_AREA ( #6361 ) ;
#5841 = AXIS2_PLACEMENT_3D ( 'NONE', #4830, #6695, #6655 ) ;
#5842 = CARTESIAN_POINT ( 'NONE',  ( 6.080000000000000959, 0.8000000000000007105, -0.3500000000000000888 ) ) ;
#5843 = CARTESIAN_POINT ( 'NONE',  ( 2.890000000000001013, 1.084202172485506745E-17, -0.3500000000000000333 ) ) ;
#5844 = CARTESIAN_POINT ( 'NONE',  ( 2.040000000000001812, 6.299999999999999822, 0.3499999999999999223 ) ) ;
#5845 = DIRECTION ( 'NONE',  ( -0.6546536707079765316, -0.3779644730092291960, -0.6546536707079765316 ) ) ;
#5846 = ORIENTED_EDGE ( 'NONE', *, *, #7816, .F. ) ;
#5847 = ORIENTED_EDGE ( 'NONE', *, *, #7639, .T. ) ;
#5848 = EDGE_CURVE ( 'NONE', #6627, #3007, #6663, .T. ) ;
#5849 = CARTESIAN_POINT ( 'NONE',  ( 8.407162253657096684, 5.777005459572332136, 0.3499999999999998113 ) ) ;
#5850 = AXIS2_PLACEMENT_3D ( 'NONE', #2929, #3363, #7569 ) ;
#5851 = AXIS2_PLACEMENT_3D ( 'NONE', #3576, #5933, #2955 ) ;
#5852 = B_SPLINE_CURVE_WITH_KNOTS ( 'NONE', 3,
 ( #4966, #4370, #3671, #6103 ),
 .UNSPECIFIED., .F., .F.,
 ( 4, 4 ),
 ( 0.000000000000000000, 1.000000000000000000 ),
 .UNSPECIFIED. ) ;
#5853 = PRESENTATION_STYLE_ASSIGNMENT (( #1555 ) ) ;
#5854 = LINE ( 'NONE', #5736, #5161 ) ;
#5855 = CARTESIAN_POINT ( 'NONE',  ( 0.8678348867008081058, 5.142569796484738553, 0.3500000000000000333 ) ) ;
#5856 = CARTESIAN_POINT ( 'NONE',  ( 4.580000000000001847, 6.299999999999999822, 0.3499999999999998668 ) ) ;
#5857 = LINE ( 'NONE', #2345, #102 ) ;
#5858 = LINE ( 'NONE', #6984, #7704 ) ;
#5859 = AXIS2_PLACEMENT_3D ( 'NONE', #3835, #7344, #715 ) ;
#5860 = ORIENTED_EDGE ( 'NONE', *, *, #4872, .F. ) ;
#5861 = CARTESIAN_POINT ( 'NONE',  ( 9.090000000000001634, 0.5000000000000002220, 0.6500000000000010214 ) ) ;
#5862 = CARTESIAN_POINT ( 'NONE',  ( 8.119999999999999218, 6.299999999999999822, 0.3499999999999998113 ) ) ;
#5863 = AXIS2_PLACEMENT_3D ( 'NONE', #1445, #2632, #6170 ) ;
#5864 = ORIENTED_EDGE ( 'NONE', *, *, #4445, .T. ) ;
#5865 = CARTESIAN_POINT ( 'NONE',  ( 6.933245067392238781, 0.5000000000000000000, -0.6500000000000013545 ) ) ;
#5866 =( NAMED_UNIT ( * ) PLANE_ANGLE_UNIT ( ) SI_UNIT ( $, .RADIAN. ) );
#5867 = ORIENTED_EDGE ( 'NONE', *, *, #1981, .F. ) ;
#5868 = AXIS2_PLACEMENT_3D ( 'NONE', #4458, #1348, #6888 ) ;
#5869 = PLANE ( 'NONE',  #4479 ) ;
#5870 =( LENGTH_UNIT ( ) NAMED_UNIT ( * ) SI_UNIT ( .MILLI., .METRE. ) );
#5871 = ORIENTED_EDGE ( 'NONE', *, *, #931, .T. ) ;
#5872 = CARTESIAN_POINT ( 'NONE',  ( -0.3500000000000000333, 8.000000000000000000, -0.3499999999999999778 ) ) ;
#5873 = ORIENTED_EDGE ( 'NONE', *, *, #6907, .F. ) ;
#5874 = PRESENTATION_LAYER_ASSIGNMENT (  '', '', ( #5117 ) ) ;
#5875 = DIRECTION ( 'NONE',  ( 0.000000000000000000, 0.000000000000000000, -1.000000000000000000 ) ) ;
#5876 = PRESENTATION_STYLE_ASSIGNMENT (( #4646 ) ) ;
#5877 = ORIENTED_EDGE ( 'NONE', *, *, #2613, .T. ) ;
#5878 = LINE ( 'NONE', #493, #1724 ) ;
#5879 = VECTOR ( 'NONE', #884, 1000.000000000000000 ) ;
#5880 = LINE ( 'NONE', #65, #7011 ) ;
#5881 = VERTEX_POINT ( 'NONE', #6059 ) ;
#5882 = ORIENTED_EDGE ( 'NONE', *, *, #2866, .F. ) ;
#5883 =( GEOMETRIC_REPRESENTATION_CONTEXT ( 3 ) GLOBAL_UNCERTAINTY_ASSIGNED_CONTEXT ( ( #5722 ) ) GLOBAL_UNIT_ASSIGNED_CONTEXT ( ( #7151, #1186, #5305 ) ) REPRESENTATION_CONTEXT ( 'NONE', 'WORKASPACE' ) );
#5884 = CARTESIAN_POINT ( 'NONE',  ( 6.933245067392238781, 10.39117142264903570, -0.6500000000000030198 ) ) ;
#5885 = EDGE_CURVE ( 'NONE', #2221, #7478, #4071, .T. ) ;
#5886 = CARTESIAN_POINT ( 'NONE',  ( 0.000000000000000000, 0.000000000000000000, 0.000000000000000000 ) ) ;
#5887 = UNCERTAINTY_MEASURE_WITH_UNIT (LENGTH_MEASURE( 1.000000000000000082E-05 ), #3810, 'distance_accuracy_value', 'NONE');
#5888 = CARTESIAN_POINT ( 'NONE',  ( -0.6867549326077613259, 6.500000000000000888, -0.3500000000000010880 ) ) ;
#5889 = CARTESIAN_POINT ( 'NONE',  ( 4.080000000000000071, 0.5000000000000000000, -0.3500000000000000888 ) ) ;
#5890 = DIRECTION ( 'NONE',  ( 1.000000000000000000, 0.000000000000000000, 0.000000000000000000 ) ) ;
#5891 = LINE ( 'NONE', #5321, #6453 ) ;
#5892 = AXIS2_PLACEMENT_3D ( 'NONE', #6254, #273, #2674 ) ;
#5893 = ORIENTED_EDGE ( 'NONE', *, *, #6026, .F. ) ;
#5894 = CARTESIAN_POINT ( 'NONE',  ( 1.682161437416074712, 5.240363704784011922, 0.3499999999999999223 ) ) ;
#5895 = SURFACE_STYLE_FILL_AREA ( #6504 ) ;
#5896 = CARTESIAN_POINT ( 'NONE',  ( -0.9452969371955460831, 4.071564961060444965, -0.3500000000000000333 ) ) ;
#5897 = LINE ( 'NONE', #3976, #7102 ) ;
#5898 = DIRECTION ( 'NONE',  ( 1.000000000000000000, 0.000000000000000000, 0.000000000000000000 ) ) ;
#5899 = ORIENTED_EDGE ( 'NONE', *, *, #7410, .T. ) ;
#5900 = CIRCLE ( 'NONE', #7677, 0.2999999999999999334 ) ;
#5901 =( LENGTH_UNIT ( ) NAMED_UNIT ( * ) SI_UNIT ( .MILLI., .METRE. ) );
#5902 = CARTESIAN_POINT ( 'NONE',  ( 4.080000000000000071, 6.500000000000000888, -0.3500000000000010880 ) ) ;
#5903 = PRESENTATION_STYLE_ASSIGNMENT (( #4563 ) ) ;
#5904 = VERTEX_POINT ( 'NONE', #2296 ) ;
#5905 = CARTESIAN_POINT ( 'NONE',  ( -0.6867549326077613259, 8.000000000000000000, -0.6500000000000030198 ) ) ;
#5906 = AXIS2_PLACEMENT_3D ( 'NONE', #2869, #1053, #5774 ) ;
#5907 = CARTESIAN_POINT ( 'NONE',  ( 4.080000000000000071, 1.800000000000000488, 0.3499999999999998668 ) ) ;
#5908 = UNCERTAINTY_MEASURE_WITH_UNIT (LENGTH_MEASURE( 1.000000000000000082E-05 ), #1858, 'distance_accuracy_value', 'NONE');
#5909 = PLANE ( 'NONE',  #4279 ) ;
#5910 = EDGE_LOOP ( 'NONE', ( #86, #1739, #4876, #1961 ) ) ;
#5911 = VECTOR ( 'NONE', #7540, 1000.000000000000000 ) ;
#5912 = LINE ( 'NONE', #1149, #6528 ) ;
#5913 = CARTESIAN_POINT ( 'NONE',  ( -0.4999999999999985012, 6.084152315493286167, 0.3499999999999999223 ) ) ;
#5914 = LINE ( 'NONE', #1046, #4927 ) ;
#5915 = ORIENTED_EDGE ( 'NONE', *, *, #1244, .T. ) ;
#5916 = ORIENTED_EDGE ( 'NONE', *, *, #91, .F. ) ;
#5917 = VECTOR ( 'NONE', #3570, 1000.000000000000000 ) ;
#5918 = DIRECTION ( 'NONE',  ( -1.000000000000000000, 0.000000000000000000, 7.744301232039316681E-17 ) ) ;
#5919 = EDGE_CURVE ( 'NONE', #3547, #356, #5880, .T. ) ;
#5920 = EDGE_CURVE ( 'NONE', #7662, #1913, #2900, .T. ) ;
#5921 = MECHANICAL_DESIGN_GEOMETRIC_PRESENTATION_REPRESENTATION (  '', ( #3662 ), #3 ) ;
#5922 = DIRECTION ( 'NONE',  ( 0.000000000000000000, 0.000000000000000000, 1.000000000000000000 ) ) ;
#5923 = CARTESIAN_POINT ( 'NONE',  ( 5.543356898907900288, 1.699999999999997957, -0.3500000000000000333 ) ) ;
#5924 = EDGE_CURVE ( 'NONE', #1532, #4075, #2620, .T. ) ;
#5925 = CARTESIAN_POINT ( 'NONE',  ( 8.406758496035392270, 5.779404586027642843, -0.3500000000000001998 ) ) ;
#5926 = CARTESIAN_POINT ( 'NONE',  ( 9.090000000000001634, 8.500000000000000000, -1.200000000000000178 ) ) ;
#5927 = CARTESIAN_POINT ( 'NONE',  ( -1.018126922434469523E-15, 1.700000000000000178, 0.3499999999999999778 ) ) ;
#5928 = LINE ( 'NONE', #546, #778 ) ;
#5929 = VECTOR ( 'NONE', #2728, 1000.000000000000114 ) ;
#5930 = VECTOR ( 'NONE', #4469, 1000.000000000000000 ) ;
#5931 = ORIENTED_EDGE ( 'NONE', *, *, #462, .T. ) ;
#5932 = CARTESIAN_POINT ( 'NONE',  ( 1.605174816799755266, 4.263498050147333629, 0.3499999999999998668 ) ) ;
#5933 = DIRECTION ( 'NONE',  ( -3.872150616019675597E-17, -0.8660254037844373753, -0.5000000000000022204 ) ) ;
#5934 = COLOUR_RGB ( '',0.8313725490196077761, 0.6705882352941175961, 0.1294117647058823373 ) ;
#5935 =( NAMED_UNIT ( * ) PLANE_ANGLE_UNIT ( ) SI_UNIT ( $, .RADIAN. ) );
#5936 = CARTESIAN_POINT ( 'NONE',  ( -0.7875361083845766608, 5.774771377977408804, -0.3500000000000000888 ) ) ;
#5937 = CARTESIAN_POINT ( 'NONE',  ( -0.6867549326077613259, 8.000000000000000000, 0.6500000000000000222 ) ) ;
#5938 = PLANE ( 'NONE',  #7046 ) ;
#5939 = FACE_OUTER_BOUND ( 'NONE', #553, .T. ) ;
#5940 = UNCERTAINTY_MEASURE_WITH_UNIT (LENGTH_MEASURE( 1.000000000000000082E-05 ), #7148, 'distance_accuracy_value', 'NONE');
#5941 = EDGE_CURVE ( 'NONE', #5071, #1090, #315, .T. ) ;
#5942 = EDGE_LOOP ( 'NONE', ( #7602, #5867, #7143, #624 ) ) ;
#5943 = AXIS2_PLACEMENT_3D ( 'NONE', #7661, #6403, #3287 ) ;
#5944 = CARTESIAN_POINT ( 'NONE',  ( 6.013697255033132016, 4.293911919605035266, 0.3499999999999998668 ) ) ;
#5945 = CARTESIAN_POINT ( 'NONE',  ( 5.405255819881805479, 5.589454083063163381, 0.3499999999999998668 ) ) ;
#5946 = EDGE_LOOP ( 'NONE', ( #957, #3320, #2646, #3573 ) ) ;
#5947 = CARTESIAN_POINT ( 'NONE',  ( 6.674703062804455023, 4.071564961060444077, -0.3500000000000001998 ) ) ;
#5948 = VECTOR ( 'NONE', #4012, 1000.000000000000000 ) ;
#5949 = EDGE_LOOP ( 'NONE', ( #1878, #5421, #6300, #3359 ) ) ;
#5950 = FACE_OUTER_BOUND ( 'NONE', #4512, .T. ) ;
#5951 = EDGE_CURVE ( 'NONE', #4477, #5270, #4956, .T. ) ;
#5952 = CARTESIAN_POINT ( 'NONE',  ( -0.3499999999999992006, -1.084202172485501815E-17, 0.3499999999999999778 ) ) ;
#5953 = EDGE_LOOP ( 'NONE', ( #2774, #6353, #5745, #3246 ) ) ;
#5954 = EDGE_CURVE ( 'NONE', #7662, #3649, #269, .T. ) ;
#5955 = CARTESIAN_POINT ( 'NONE',  ( 6.080000000000000959, 6.299999999999999822, -0.1283333333333336046 ) ) ;
#5956 = CARTESIAN_POINT ( 'NONE',  ( 4.480000000000000426, 6.299999999999999822, -0.3500000000000000888 ) ) ;
#5957 = VECTOR ( 'NONE', #486, 1000.000000000000000 ) ;
#5958 = CARTESIAN_POINT ( 'NONE',  ( 2.018154266116020334, 5.626229152235333153, 0.3499999999999999223 ) ) ;
#5959 =( LENGTH_UNIT ( ) NAMED_UNIT ( * ) SI_UNIT ( .MILLI., .METRE. ) );
#5960 = ORIENTED_EDGE ( 'NONE', *, *, #349, .F. ) ;
#5961 = ORIENTED_EDGE ( 'NONE', *, *, #2568, .F. ) ;
#5962 = UNCERTAINTY_MEASURE_WITH_UNIT (LENGTH_MEASURE( 1.000000000000000082E-05 ), #7079, 'distance_accuracy_value', 'NONE');
#5963 = DIRECTION ( 'NONE',  ( -7.744301232039316681E-17, 0.000000000000000000, -1.000000000000000000 ) ) ;
#5964 =( GEOMETRIC_REPRESENTATION_CONTEXT ( 3 ) GLOBAL_UNCERTAINTY_ASSIGNED_CONTEXT ( ( #2415 ) ) GLOBAL_UNIT_ASSIGNED_CONTEXT ( ( #5130, #1420, #3944 ) ) REPRESENTATION_CONTEXT ( 'NONE', 'WORKASPACE' ) );
#5965 = ADVANCED_FACE ( 'NONE', ( #3193 ), #6251, .F. ) ;
#5966 = CARTESIAN_POINT ( 'NONE',  ( 3.140000000000000568, 6.299999999999999822, -0.1283333333333335491 ) ) ;
#5967 = PRESENTATION_STYLE_ASSIGNMENT (( #1706 ) ) ;
#5968 = CARTESIAN_POINT ( 'NONE',  ( -0.5999999999999995337, 6.299999999999999822, 0.1166666666666665853 ) ) ;
#5969 = VECTOR ( 'NONE', #903, 1000.000000000000000 ) ;
#5970 = CARTESIAN_POINT ( 'NONE',  ( 5.725466478527304837, 3.877691542223589138, 0.3499999999999998668 ) ) ;
#5971 = PRESENTATION_STYLE_ASSIGNMENT (( #7168 ) ) ;
#5972 =( LENGTH_UNIT ( ) NAMED_UNIT ( * ) SI_UNIT ( .MILLI., .METRE. ) );
#5973 = ORIENTED_EDGE ( 'NONE', *, *, #2705, .F. ) ;
#5974 = ADVANCED_FACE ( 'NONE', ( #1525 ), #5629, .T. ) ;
#5975 =( GEOMETRIC_REPRESENTATION_CONTEXT ( 3 ) GLOBAL_UNCERTAINTY_ASSIGNED_CONTEXT ( ( #560 ) ) GLOBAL_UNIT_ASSIGNED_CONTEXT ( ( #1515, #1012, #5152 ) ) REPRESENTATION_CONTEXT ( 'NONE', 'WORKASPACE' ) );
#5976 = CARTESIAN_POINT ( 'NONE',  ( 1.689360230209762115, 5.307482533055399188, 0.3499999999999999223 ) ) ;
#5977 = EDGE_CURVE ( 'NONE', #5602, #1677, #3315, .T. ) ;
#5978 = CARTESIAN_POINT ( 'NONE',  ( 6.620000000000000995, 0.8000000000000004885, -0.3500000000000001443 ) ) ;
#5979 = FACE_OUTER_BOUND ( 'NONE', #6996, .T. ) ;
#5980 = DIRECTION ( 'NONE',  ( 0.000000000000000000, 3.097720492815727166E-16, 1.000000000000000000 ) ) ;
#5981 = CARTESIAN_POINT ( 'NONE',  ( 4.080000000000000071, 1.800000000000000488, -0.3500000000000000888 ) ) ;
#5982 = CARTESIAN_POINT ( 'NONE',  ( 4.729999999999999538, 0.000000000000000000, 0.3499999999999999778 ) ) ;
#5983 = DIRECTION ( 'NONE',  ( -0.000000000000000000, -1.668003342285388099E-16, -1.000000000000000000 ) ) ;
#5984 = VERTEX_POINT ( 'NONE', #7518 ) ;
#5985 = CARTESIAN_POINT ( 'NONE',  ( 0.8696152422706630025, 8.500000000000000000, -0.8696152422706632246 ) ) ;
#5986 = SURFACE_SIDE_STYLE ('',( #5408 ) ) ;
#5987 = MECHANICAL_DESIGN_GEOMETRIC_PRESENTATION_REPRESENTATION (  '', ( #2853 ), #4225 ) ;
#5988 = EDGE_CURVE ( 'NONE', #356, #4416, #863, .T. ) ;
#5989 = DIRECTION ( 'NONE',  ( 1.000000000000000000, 0.000000000000000000, 0.000000000000000000 ) ) ;
#5990 = ORIENTED_EDGE ( 'NONE', *, *, #4826, .F. ) ;
#5991 = CARTESIAN_POINT ( 'NONE',  ( 6.810497576386658203, 5.635051924202448603, -0.3500000000000001998 ) ) ;
#5992 = ORIENTED_EDGE ( 'NONE', *, *, #7811, .F. ) ;
#5993 = LINE ( 'NONE', #5450, #4660 ) ;
#5994 = STYLED_ITEM ( 'NONE', ( #5212 ), #6703 ) ;
#5995 = EDGE_LOOP ( 'NONE', ( #2553, #3930, #2175, #7449 ) ) ;
#5996 = EDGE_CURVE ( 'NONE', #1390, #2839, #5594, .T. ) ;
#5997 =( NAMED_UNIT ( * ) PLANE_ANGLE_UNIT ( ) SI_UNIT ( $, .RADIAN. ) );
#5998 = AXIS2_PLACEMENT_3D ( 'NONE', #4014, #1522, #2231 ) ;
#5999 = CARTESIAN_POINT ( 'NONE',  ( 0.4999999999999985012, 6.299999999999999822, -0.3499999999999999778 ) ) ;
#6000 = CARTESIAN_POINT ( 'NONE',  ( 1.940000000000000613, 6.299999999999999822, -0.3500000000000000333 ) ) ;
#6001 = ORIENTED_EDGE ( 'NONE', *, *, #6225, .T. ) ;
#6002 = ORIENTED_EDGE ( 'NONE', *, *, #7438, .F. ) ;
#6003 = CARTESIAN_POINT ( 'NONE',  ( 6.080000000000000959, 0.8000000000000007105, 0.3499999999999998668 ) ) ;
#6004 = VECTOR ( 'NONE', #2500, 1000.000000000000000 ) ;
#6005 = FILL_AREA_STYLE ('',( #3057 ) ) ;
#6006 = ORIENTED_EDGE ( 'NONE', *, *, #1993, .F. ) ;
#6007 = CARTESIAN_POINT ( 'NONE',  ( 4.434533521472695305, 3.877691542223589138, 0.3499999999999998668 ) ) ;
#6008 = EDGE_CURVE ( 'NONE', #6793, #3327, #4437, .T. ) ;
#6009 = CARTESIAN_POINT ( 'NONE',  ( 4.580000000000001847, 6.084152315493286167, -0.3500000000000000333 ) ) ;
#6010 = CARTESIAN_POINT ( 'NONE',  ( 7.620000000000000107, 6.500000000000000888, -1.155688030012021264E-15 ) ) ;
#6011 = CARTESIAN_POINT ( 'NONE',  ( 1.739832123124272822, 5.699693040756022455, 0.3500000000000000333 ) ) ;
#6012 = CARTESIAN_POINT ( 'NONE',  ( 4.080000000000000071, 0.5000000000000000000, -0.3500000000000000888 ) ) ;
#6013 = CARTESIAN_POINT ( 'NONE',  ( 1.000000000000000444, 1.800000000000000488, 0.3849999999999998979 ) ) ;
#6014 = CARTESIAN_POINT ( 'NONE',  ( 6.762161437416076559, 5.240363704784009258, 0.3499999999999998113 ) ) ;
#6015 = CARTESIAN_POINT ( 'NONE',  ( 8.220000000000000639, 6.299999999999999822, 0.3499999999999998113 ) ) ;
#6016 = ADVANCED_FACE ( 'NONE', ( #4401 ), #3854, .T. ) ;
#6017 = DIRECTION ( 'NONE',  ( -0.000000000000000000, 0.000000000000000000, 1.000000000000000000 ) ) ;
#6018 = SURFACE_SIDE_STYLE ('',( #4278 ) ) ;
#6019 = CARTESIAN_POINT ( 'NONE',  ( 6.620000000000000995, 1.800000000000000266, -0.1166666666666669044 ) ) ;
#6020 = VERTEX_POINT ( 'NONE', #5862 ) ;
#6021 = CARTESIAN_POINT ( 'NONE',  ( 6.032723323164032259, 3.923639721076658038, 0.3499999999999999223 ) ) ;
#6022 = VECTOR ( 'NONE', #3528, 1000.000000000000000 ) ;
#6023 = CARTESIAN_POINT ( 'NONE',  ( 7.120000000000000995, 6.084152315493286167, 0.3499999999999998113 ) ) ;
#6024 = ORIENTED_EDGE ( 'NONE', *, *, #7384, .F. ) ;
#6025 = CARTESIAN_POINT ( 'NONE',  ( 4.754744180118195551, 5.589454083063166046, -0.3500000000000000888 ) ) ;
#6026 = EDGE_CURVE ( 'NONE', #2915, #5757, #2792, .T. ) ;
#6027 = ORIENTED_EDGE ( 'NONE', *, *, #2765, .T. ) ;
#6028 = DIRECTION ( 'NONE',  ( 0.000000000000000000, -0.000000000000000000, -1.000000000000000000 ) ) ;
#6029 =( GEOMETRIC_REPRESENTATION_CONTEXT ( 3 ) GLOBAL_UNCERTAINTY_ASSIGNED_CONTEXT ( ( #4759 ) ) GLOBAL_UNIT_ASSIGNED_CONTEXT ( ( #6711, #7173, #4239 ) ) REPRESENTATION_CONTEXT ( 'NONE', 'WORKASPACE' ) );
#6030 = EDGE_CURVE ( 'NONE', #1933, #7252, #5288, .T. ) ;
#6031 = VECTOR ( 'NONE', #482, 1000.000000000000000 ) ;
#6032 = VERTEX_POINT ( 'NONE', #1680 ) ;
#6033 = DIRECTION ( 'NONE',  ( -1.000000000000000000, 0.000000000000000000, 0.000000000000000000 ) ) ;
#6034 = EDGE_LOOP ( 'NONE', ( #3399, #5207, #3005, #7641 ) ) ;
#6035 = PLANE ( 'NONE',  #5568 ) ;
#6036 = PRESENTATION_LAYER_ASSIGNMENT (  '', '', ( #6290 ) ) ;
#6037 = CARTESIAN_POINT ( 'NONE',  ( 4.730000000000001315, 0.5000000000000005551, 0.3499999999999998668 ) ) ;
#6038 = CARTESIAN_POINT ( 'NONE',  ( -0.5999999999999996447, 6.299999999999999822, -0.3849999999999998979 ) ) ;
#6039 = PRESENTATION_LAYER_ASSIGNMENT (  '', '', ( #392 ) ) ;
#6040 = EDGE_LOOP ( 'NONE', ( #4686, #5138, #2617, #1720 ) ) ;
#6041 = CARTESIAN_POINT ( 'NONE',  ( 3.039999999999998259, 6.299999999999999822, -0.3500000000000000333 ) ) ;
#6042 = PRESENTATION_STYLE_ASSIGNMENT (( #4306 ) ) ;
#6043 = DIRECTION ( 'NONE',  ( 0.000000000000000000, 0.000000000000000000, 1.000000000000000000 ) ) ;
#6044 = MECHANICAL_DESIGN_GEOMETRIC_PRESENTATION_REPRESENTATION (  '', ( #5188 ), #4539 ) ;
#6045 = CARTESIAN_POINT ( 'NONE',  ( 1.759430448028449945, 5.815522798723463893, 0.3499999999999999778 ) ) ;
#6046 = CARTESIAN_POINT ( 'NONE',  ( 5.080000000000000071, 6.500000000000000888, -1.155688030012021264E-15 ) ) ;
#6047 = DIRECTION ( 'NONE',  ( -0.000000000000000000, 0.000000000000000000, 1.000000000000000000 ) ) ;
#6048 = CARTESIAN_POINT ( 'NONE',  ( -0.7881569290043646259, 5.771059683742046253, -0.3499999999999999778 ) ) ;
#6049 = CARTESIAN_POINT ( 'NONE',  ( 2.890000000000001013, 1.084202172485506745E-17, 0.3499999999999999223 ) ) ;
#6050 = AXIS2_PLACEMENT_3D ( 'NONE', #6010, #7169, #3529 ) ;
#6051 = SURFACE_SIDE_STYLE ('',( #3809 ) ) ;
#6052 = FILL_AREA_STYLE ('',( #2997 ) ) ;
#6053 = CARTESIAN_POINT ( 'NONE',  ( 0.000000000000000000, 6.299999999999999822, 0.3499999999999999778 ) ) ;
#6054 = VERTEX_POINT ( 'NONE', #7601 ) ;
#6055 = COLOUR_RGB ( '',0.8313725490196077761, 0.6705882352941175961, 0.1294117647058823373 ) ;
#6056 = AXIS2_PLACEMENT_3D ( 'NONE', #5233, #2184, #1511 ) ;
#6057 = CARTESIAN_POINT ( 'NONE',  ( 5.867162253657094872, 5.777005459572333912, 0.3499999999999999223 ) ) ;
#6058 = DIRECTION ( 'NONE',  ( -1.000000000000000000, -0.000000000000000000, -0.000000000000000000 ) ) ;
#6059 = CARTESIAN_POINT ( 'NONE',  ( 0.3500000000000000333, 8.000000000000000000, -0.3500000000000000333 ) ) ;
#6060 = ORIENTED_EDGE ( 'NONE', *, *, #243, .T. ) ;
#6061 = DIRECTION ( 'NONE',  ( 0.000000000000000000, 0.000000000000000000, -1.000000000000000000 ) ) ;
#6062 = PLANE ( 'NONE',  #4493 ) ;
#6063 = CARTESIAN_POINT ( 'NONE',  ( 7.970000000000001528, -2.800000000000001155, -0.3500000000000001443 ) ) ;
#6064 = VERTEX_POINT ( 'NONE', #5245 ) ;
#6065 = ADVANCED_FACE ( 'NONE', ( #6430 ), #7725, .F. ) ;
#6066 = LINE ( 'NONE', #5005, #1603 ) ;
#6067 = AXIS2_PLACEMENT_3D ( 'NONE', #2139, #2096, #5054 ) ;
#6068 = ORIENTED_EDGE ( 'NONE', *, *, #6366, .F. ) ;
#6069 = CARTESIAN_POINT ( 'NONE',  ( 4.730000000000001315, 0.5000000000000005551, 0.3499999999999998668 ) ) ;
#6070 = ORIENTED_EDGE ( 'NONE', *, *, #3087, .F. ) ;
#6071 = CARTESIAN_POINT ( 'NONE',  ( 2.189999999999999947, 8.199999999999999289, -0.3499999999999999778 ) ) ;
#6072 =( GEOMETRIC_REPRESENTATION_CONTEXT ( 3 ) GLOBAL_UNCERTAINTY_ASSIGNED_CONTEXT ( ( #4149 ) ) GLOBAL_UNIT_ASSIGNED_CONTEXT ( ( #1063, #6472, #1026 ) ) REPRESENTATION_CONTEXT ( 'NONE', 'WORKASPACE' ) );
#6073 = EDGE_CURVE ( 'NONE', #4101, #1342, #4717, .T. ) ;
#6074 =( NAMED_UNIT ( * ) PLANE_ANGLE_UNIT ( ) SI_UNIT ( $, .RADIAN. ) );
#6075 = CARTESIAN_POINT ( 'NONE',  ( 5.761380150321416593, 6.233860305463101881, -0.3499999999999999223 ) ) ;
#6076 = CARTESIAN_POINT ( 'NONE',  ( 2.890000000000000124, 8.199999999999999289, 0.3499999999999999778 ) ) ;
#6077 = ORIENTED_EDGE ( 'NONE', *, *, #2655, .T. ) ;
#6078 = CARTESIAN_POINT ( 'NONE',  ( 1.000000000000000666, 1.121588454295350273E-16, -0.3499999999999999778 ) ) ;
#6079 = DIRECTION ( 'NONE',  ( 0.000000000000000000, -0.000000000000000000, -1.000000000000000000 ) ) ;
#6080 = SURFACE_STYLE_FILL_AREA ( #2308 ) ;
#6081 = MECHANICAL_DESIGN_GEOMETRIC_PRESENTATION_REPRESENTATION (  '', ( #38 ), #2685 ) ;
#6082 = EDGE_CURVE ( 'NONE', #3022, #5037, #4050, .T. ) ;
#6083 = COLOUR_RGB ( '',0.8313725490196077761, 0.6705882352941175961, 0.1294117647058823373 ) ;
#6084 = FACE_OUTER_BOUND ( 'NONE', #3274, .T. ) ;
#6085 = CARTESIAN_POINT ( 'NONE',  ( 1.540000000000000036, 6.500000000000000888, 0.3499999999999989231 ) ) ;
#6086 = CARTESIAN_POINT ( 'NONE',  ( 0.3499999999999999223, 8.000000000000000000, 0.3499999999999999778 ) ) ;
#6087 = PLANE ( 'NONE',  #3332 ) ;
#6088 = DIRECTION ( 'NONE',  ( -1.000000000000000000, -3.097720492815726426E-17, 0.000000000000000000 ) ) ;
#6089 = CARTESIAN_POINT ( 'NONE',  ( 2.890000000000001013, 0.5000000000000005551, 0.3499999999999999223 ) ) ;
#6090 = ORIENTED_EDGE ( 'NONE', *, *, #4530, .F. ) ;
#6091 = SURFACE_SIDE_STYLE ('',( #5072 ) ) ;
#6092 = DIRECTION ( 'NONE',  ( -0.000000000000000000, -1.000000000000000000, -0.000000000000000000 ) ) ;
#6093 =( NAMED_UNIT ( * ) PLANE_ANGLE_UNIT ( ) SI_UNIT ( $, .RADIAN. ) );
#6094 =( GEOMETRIC_REPRESENTATION_CONTEXT ( 3 ) GLOBAL_UNCERTAINTY_ASSIGNED_CONTEXT ( ( #4732 ) ) GLOBAL_UNIT_ASSIGNED_CONTEXT ( ( #3716, #6074, #6799 ) ) REPRESENTATION_CONTEXT ( 'NONE', 'WORKASPACE' ) );
#6095 = ORIENTED_EDGE ( 'NONE', *, *, #616, .F. ) ;
#6096 = CARTESIAN_POINT ( 'NONE',  ( 6.686302744966793554, 4.293911919603387695, -0.3500000000000001998 ) ) ;
#6097 = CARTESIAN_POINT ( 'NONE',  ( -1.000000000000000000, 6.500000000000000888, -0.3500000000000010880 ) ) ;
#6098 = LINE ( 'NONE', #6744, #3915 ) ;
#6099 = PRESENTATION_STYLE_ASSIGNMENT (( #2517 ) ) ;
#6100 = EDGE_CURVE ( 'NONE', #6847, #6204, #435, .T. ) ;
#6101 = VERTEX_POINT ( 'NONE', #4555 ) ;
#6102 = VECTOR ( 'NONE', #1136, 1000.000000000000000 ) ;
#6103 = CARTESIAN_POINT ( 'NONE',  ( 3.540000000000000480, 1.800000000000000488, 0.3499999999999999223 ) ) ;
#6104 = ORIENTED_EDGE ( 'NONE', *, *, #4319, .T. ) ;
#6105 = LINE ( 'NONE', #3125, #4544 ) ;
#6106 = ORIENTED_EDGE ( 'NONE', *, *, #5597, .T. ) ;
#6107 = VECTOR ( 'NONE', #831, 1000.000000000000000 ) ;
#6108 = DIRECTION ( 'NONE',  ( 1.000000000000000000, 0.000000000000000000, 0.000000000000000000 ) ) ;
#6109 = EDGE_LOOP ( 'NONE', ( #6471, #3071, #3288, #106 ) ) ;
#6110 = VECTOR ( 'NONE', #3354, 1000.000000000000114 ) ;
#6111 = FILL_AREA_STYLE_COLOUR ( '', #7185 ) ;
#6112 = CARTESIAN_POINT ( 'NONE',  ( 8.620000000000002771, 2.615493535622418708, -0.3500000000000003109 ) ) ;
#6113 = ORIENTED_EDGE ( 'NONE', *, *, #7528, .T. ) ;
#6114 = LINE ( 'NONE', #6879, #5174 ) ;
#6115 = CARTESIAN_POINT ( 'NONE',  ( 1.000000000000000444, 1.800000000000000488, -0.1166666666666667518 ) ) ;
#6116 = EDGE_CURVE ( 'NONE', #2980, #6714, #5194, .T. ) ;
#6117 = UNCERTAINTY_MEASURE_WITH_UNIT (LENGTH_MEASURE( 1.000000000000000082E-05 ), #1761, 'distance_accuracy_value', 'NONE');
#6118 = FILL_AREA_STYLE ('',( #5684 ) ) ;
#6119 = CIRCLE ( 'NONE', #3375, 0.2999999999999999889 ) ;
#6120 = CARTESIAN_POINT ( 'NONE',  ( 0.8403887387712397627, 5.398486016527106024, -0.3499999999999999778 ) ) ;
#6121 = PLANE ( 'NONE',  #2907 ) ;
#6122 = CARTESIAN_POINT ( 'NONE',  ( 6.685174816799756670, 4.263498050147334517, 0.3499999999999998113 ) ) ;
#6123 = FACE_OUTER_BOUND ( 'NONE', #4262, .T. ) ;
#6124 = UNCERTAINTY_MEASURE_WITH_UNIT (LENGTH_MEASURE( 1.000000000000000082E-05 ), #3968, 'distance_accuracy_value', 'NONE');
#6125 =( NAMED_UNIT ( * ) SI_UNIT ( $, .STERADIAN. ) SOLID_ANGLE_UNIT ( ) );
#6126 = FILL_AREA_STYLE_COLOUR ( '', #3670 ) ;
#6127 = CARTESIAN_POINT ( 'NONE',  ( 6.620000000000000995, 1.800000000000000488, 0.3499999999999998113 ) ) ;
#6128 = VECTOR ( 'NONE', #832, 1000.000000000000000 ) ;
#6129 = VERTEX_POINT ( 'NONE', #6086 ) ;
#6130 = LINE ( 'NONE', #6168, #974 ) ;
#6131 = LINE ( 'NONE', #3232, #4583 ) ;
#6132 = SURFACE_SIDE_STYLE ('',( #2254 ) ) ;
#6133 = ORIENTED_EDGE ( 'NONE', *, *, #5169, .F. ) ;
#6134 = DIRECTION ( 'NONE',  ( 0.000000000000000000, 0.000000000000000000, -1.000000000000000000 ) ) ;
#6135 = ORIENTED_EDGE ( 'NONE', *, *, #3198, .F. ) ;
#6136 = FACE_OUTER_BOUND ( 'NONE', #4176, .T. ) ;
#6137 = CARTESIAN_POINT ( 'NONE',  ( 5.579999999999999183, 6.084152315493285279, -0.3500000000000000333 ) ) ;
#6138 = CARTESIAN_POINT ( 'NONE',  ( 8.489615242270662776, 8.500000000000000000, 0.000000000000000000 ) ) ;
#6139 = EDGE_LOOP ( 'NONE', ( #1144, #6578, #1842, #1081 ) ) ;
#6140 = VECTOR ( 'NONE', #3138, 1000.000000000000000 ) ;
#6141 = LINE ( 'NONE', #5711, #696 ) ;
#6142 = PRESENTATION_STYLE_ASSIGNMENT (( #3744 ) ) ;
#6143 = FILL_AREA_STYLE ('',( #1223 ) ) ;
#6144 = ORIENTED_EDGE ( 'NONE', *, *, #3792, .T. ) ;
#6145 = ORIENTED_EDGE ( 'NONE', *, *, #4235, .T. ) ;
#6146 = CARTESIAN_POINT ( 'NONE',  ( 9.090000000000001634, 0.000000000000000000, -1.200000000000000178 ) ) ;
#6147 = VERTEX_POINT ( 'NONE', #4865 ) ;
#6148 = CARTESIAN_POINT ( 'NONE',  ( 5.080000000000000071, 6.299999999999999822, 0.3499999999999998668 ) ) ;
#6149 = EDGE_CURVE ( 'NONE', #6825, #3739, #2429, .T. ) ;
#6150 = CARTESIAN_POINT ( 'NONE',  ( -0.8403887387711881374, 5.398486016527556330, 0.3499999999999999778 ) ) ;
#6151 = CARTESIAN_POINT ( 'NONE',  ( 5.680000000000000604, 6.299999999999999822, 0.3499999999999998668 ) ) ;
#6152 = ORIENTED_EDGE ( 'NONE', *, *, #7667, .F. ) ;
#6153 = AXIS2_PLACEMENT_3D ( 'NONE', #125, #2009, #4456 ) ;
#6154 = CARTESIAN_POINT ( 'NONE',  ( 4.727475984454220459, 5.732672356334980179, -0.3500000000000000888 ) ) ;
#6155 = CARTESIAN_POINT ( 'NONE',  ( 8.566936948246135941, 4.039780281224036429, 0.3499999999999998113 ) ) ;
#6156 = EDGE_CURVE ( 'NONE', #839, #7478, #3689, .T. ) ;
#6157 = EDGE_CURVE ( 'NONE', #1848, #3850, #5367, .T. ) ;
#6158 = CARTESIAN_POINT ( 'NONE',  ( 3.473697255033131537, 4.293911919605036154, 0.3500000000000000333 ) ) ;
#6159 = VECTOR ( 'NONE', #1708, 1000.000000000000000 ) ;
#6160 = EDGE_CURVE ( 'NONE', #3855, #151, #2993, .T. ) ;
#6161 = CARTESIAN_POINT ( 'NONE',  ( 0.9348251832001492900, 4.263498050148225360, -0.3499999999999999223 ) ) ;
#6162 = CARTESIAN_POINT ( 'NONE',  ( 0.9469369482461342802, 4.039780281224036429, 0.3499999999999999223 ) ) ;
#6163 = EDGE_CURVE ( 'NONE', #2472, #7745, #549, .T. ) ;
#6164 = CARTESIAN_POINT ( 'NONE',  ( 7.270000000000000462, 8.000000000000000000, -0.3499999999999999778 ) ) ;
#6165 = PRESENTATION_LAYER_ASSIGNMENT (  '', '', ( #2651 ) ) ;
#6166 = FACE_OUTER_BOUND ( 'NONE', #5946, .T. ) ;
#6167 = EDGE_LOOP ( 'NONE', ( #1062, #5269, #633, #6837 ) ) ;
#6168 = CARTESIAN_POINT ( 'NONE',  ( 7.267475984454220495, 5.732672356334980179, 0.3499999999999998113 ) ) ;
#6169 = CARTESIAN_POINT ( 'NONE',  ( -1.469999999999999973, 8.500000000000000000, 1.199999999999999956 ) ) ;
#6170 = DIRECTION ( 'NONE',  ( -1.121588454295349780E-16, 1.000000000000000000, 0.000000000000000000 ) ) ;
#6171 = EDGE_CURVE ( 'NONE', #7598, #4416, #2504, .T. ) ;
#6172 = ORIENTED_EDGE ( 'NONE', *, *, #7632, .T. ) ;
#6173 = VERTEX_POINT ( 'NONE', #6693 ) ;
#6174 =( LENGTH_UNIT ( ) NAMED_UNIT ( * ) SI_UNIT ( .MILLI., .METRE. ) );
#6175 = FILL_AREA_STYLE ('',( #2637 ) ) ;
#6176 = PLANE ( 'NONE',  #4514 ) ;
#6177 = VECTOR ( 'NONE', #5845, 1000.000000000000114 ) ;
#6178 = EDGE_LOOP ( 'NONE', ( #370, #1033, #1835, #4147 ) ) ;
#6179 = VECTOR ( 'NONE', #2739, 1000.000000000000000 ) ;
#6180 = CARTESIAN_POINT ( 'NONE',  ( 7.570000000000000284, 8.026794919243110726, -0.05000000000000050931 ) ) ;
#6181 = DIRECTION ( 'NONE',  ( 0.000000000000000000, 3.097720492815727166E-16, 1.000000000000000000 ) ) ;
#6182 = CARTESIAN_POINT ( 'NONE',  ( 6.620000000000000107, 6.500000000000000888, -0.3500000000000010880 ) ) ;
#6183 = ORIENTED_EDGE ( 'NONE', *, *, #910, .F. ) ;
#6184 = STYLED_ITEM ( 'NONE', ( #6650 ), #2565 ) ;
#6185 = ORIENTED_EDGE ( 'NONE', *, *, #5015, .T. ) ;
#6186 = DIRECTION ( 'NONE',  ( 0.000000000000000000, 0.000000000000000000, -1.000000000000000000 ) ) ;
#6187 = EDGE_CURVE ( 'NONE', #5256, #4541, #621, .T. ) ;
#6188 = ORIENTED_EDGE ( 'NONE', *, *, #7278, .T. ) ;
#6189 = AXIS2_PLACEMENT_3D ( 'NONE', #5646, #4298, #6108 ) ;
#6190 =( NAMED_UNIT ( * ) SI_UNIT ( $, .STERADIAN. ) SOLID_ANGLE_UNIT ( ) );
#6191 = CARTESIAN_POINT ( 'NONE',  ( -0.7805695519715506459, 5.815522798723463893, 0.3499999999999999778 ) ) ;
#6192 = CARTESIAN_POINT ( 'NONE',  ( 9.090000000000001634, 0.5000000000000000000, -0.6499999999999989120 ) ) ;
#6193 = FACE_OUTER_BOUND ( 'NONE', #4013, .T. ) ;
#6194 = ORIENTED_EDGE ( 'NONE', *, *, #4913, .F. ) ;
#6195 = CARTESIAN_POINT ( 'NONE',  ( 8.620000000000000995, 1.800000000000000488, 0.1283333333333331605 ) ) ;
#6196 = DIRECTION ( 'NONE',  ( -0.000000000000000000, -0.000000000000000000, -1.000000000000000000 ) ) ;
#6197 = ADVANCED_FACE ( 'NONE', ( #19, #4794 ), #3105, .T. ) ;
#6198 = CARTESIAN_POINT ( 'NONE',  ( 0.8578385625839363149, 5.240363704783927545, -0.3500000000000000333 ) ) ;
#6199 =( NAMED_UNIT ( * ) PLANE_ANGLE_UNIT ( ) SI_UNIT ( $, .RADIAN. ) );
#6200 = CARTESIAN_POINT ( 'NONE',  ( 6.619999999999999218, 2.615493535618375276, 0.3499999999999997558 ) ) ;
#6201 = VECTOR ( 'NONE', #5255, 1000.000000000000000 ) ;
#6202 = FILL_AREA_STYLE_COLOUR ( '', #3048 ) ;
#6203 = EDGE_CURVE ( 'NONE', #511, #7662, #7761, .T. ) ;
#6204 = VERTEX_POINT ( 'NONE', #4904 ) ;
#6205 = PRESENTATION_LAYER_ASSIGNMENT (  '', '', ( #6609 ) ) ;
#6206 = EDGE_CURVE ( 'NONE', #753, #6147, #5644, .T. ) ;
#6207 = CARTESIAN_POINT ( 'NONE',  ( 5.766754932607761397, 0.5000000000000000000, -0.3500000000000000888 ) ) ;
#6208 = PLANE ( 'NONE',  #3583 ) ;
#6209 = CARTESIAN_POINT ( 'NONE',  ( 3.185466478527304801, 3.877691542223584698, -0.3500000000000000333 ) ) ;
#6210 = VERTEX_POINT ( 'NONE', #770 ) ;
#6211 = CARTESIAN_POINT ( 'NONE',  ( 4.080000000000000071, 0.5000000000000000000, -0.3500000000000000888 ) ) ;
#6212 = PRESENTATION_LAYER_ASSIGNMENT (  '', '', ( #1929 ) ) ;
#6213 = FILL_AREA_STYLE ('',( #5600 ) ) ;
#6214 = CARTESIAN_POINT ( 'NONE',  ( 2.890000000000001013, -2.800000000000001155, 0.3499999999999999223 ) ) ;
#6215 = ORIENTED_EDGE ( 'NONE', *, *, #3439, .F. ) ;
#6216 = ADVANCED_FACE ( 'NONE', ( #1318 ), #813, .T. ) ;
#6217 = DIRECTION ( 'NONE',  ( -0.000000000000000000, 1.668003342285391551E-16, 1.000000000000000000 ) ) ;
#6218 = EDGE_CURVE ( 'NONE', #5089, #3906, #6242, .T. ) ;
#6219 = DIRECTION ( 'NONE',  ( 0.6546536707079765316, 0.3779644730092291405, -0.6546536707079766426 ) ) ;
#6220 = AXIS2_PLACEMENT_3D ( 'NONE', #1523, #7060, #3500 ) ;
#6221 = FACE_OUTER_BOUND ( 'NONE', #3000, .T. ) ;
#6222 = ORIENTED_EDGE ( 'NONE', *, *, #6434, .T. ) ;
#6223 = SURFACE_STYLE_USAGE ( .BOTH. , #4373 ) ;
#6224 = ORIENTED_EDGE ( 'NONE', *, *, #2340, .F. ) ;
#6225 = EDGE_CURVE ( 'NONE', #5984, #7058, #2104, .T. ) ;
#6226 = LINE ( 'NONE', #3248, #7716 ) ;
#6227 = VECTOR ( 'NONE', #334, 1000.000000000000114 ) ;
#6228 = ORIENTED_EDGE ( 'NONE', *, *, #3087, .T. ) ;
#6229 = ADVANCED_FACE ( 'NONE', ( #1436 ), #4429, .F. ) ;
#6230 = LINE ( 'NONE', #452, #7030 ) ;
#6231 = UNCERTAINTY_MEASURE_WITH_UNIT (LENGTH_MEASURE( 1.000000000000000082E-05 ), #7492, 'distance_accuracy_value', 'NONE');
#6232 = AXIS2_PLACEMENT_3D ( 'NONE', #6904, #6866, #5703 ) ;
#6233 = CARTESIAN_POINT ( 'NONE',  ( -0.6331483148834667896, 6.299478870653091533, 0.3500000000000000888 ) ) ;
#6234 = DIRECTION ( 'NONE',  ( 1.000000000000000000, 0.000000000000000000, 0.000000000000000000 ) ) ;
#6235 = CARTESIAN_POINT ( 'NONE',  ( 6.620000000000000107, 6.500000000000000888, 0.3499999999999989231 ) ) ;
#6236 = ORIENTED_EDGE ( 'NONE', *, *, #6073, .T. ) ;
#6237 = CARTESIAN_POINT ( 'NONE',  ( 1.540000000000000702, -1.121588454295348794E-16, 0.3499999999999999223 ) ) ;
#6238 = AXIS2_PLACEMENT_3D ( 'NONE', #126, #6761, #762 ) ;
#6239 = CARTESIAN_POINT ( 'NONE',  ( 3.485517796674129531, 4.067306563708457112, 0.3500000000000000888 ) ) ;
#6240 = CARTESIAN_POINT ( 'NONE',  ( 0.7612207868701985625, 5.920464898423897004, -0.3499999999999999223 ) ) ;
#6241 = FACE_OUTER_BOUND ( 'NONE', #4000, .T. ) ;
#6242 = LINE ( 'NONE', #4946, #3715 ) ;
#6243 = FACE_OUTER_BOUND ( 'NONE', #76, .T. ) ;
#6244 = UNCERTAINTY_MEASURE_WITH_UNIT (LENGTH_MEASURE( 1.000000000000000082E-05 ), #4558, 'distance_accuracy_value', 'NONE');
#6245 = CARTESIAN_POINT ( 'NONE',  ( 2.892524015545778759, 5.732672356334978403, 0.3499999999999999223 ) ) ;
#6246 = CYLINDRICAL_SURFACE ( 'NONE', #4560, 0.2999999999999999889 ) ;
#6247 = ORIENTED_EDGE ( 'NONE', *, *, #6661, .F. ) ;
#6248 = AXIS2_PLACEMENT_3D ( 'NONE', #5509, #5545, #1546 ) ;
#6249 = FACE_OUTER_BOUND ( 'NONE', #3519, .T. ) ;
#6250 = EDGE_CURVE ( 'NONE', #6431, #7275, #2078, .T. ) ;
#6251 = PLANE ( 'NONE',  #6232 ) ;
#6252 = ORIENTED_EDGE ( 'NONE', *, *, #6327, .F. ) ;
#6253 = ORIENTED_EDGE ( 'NONE', *, *, #3530, .T. ) ;
#6254 = CARTESIAN_POINT ( 'NONE',  ( -0.3500000000000000333, 8.199999999999999289, 0.3499999999999999778 ) ) ;
#6255 = VECTOR ( 'NONE', #954, 1000.000000000000000 ) ;
#6256 = SURFACE_STYLE_FILL_AREA ( #6175 ) ;
#6257 = ORIENTED_EDGE ( 'NONE', *, *, #360, .F. ) ;
#6258 = CARTESIAN_POINT ( 'NONE',  ( 4.446851685116533837, 6.299478870653093310, 0.3499999999999999223 ) ) ;
#6259 = FILL_AREA_STYLE_COLOUR ( '', #7608 ) ;
#6260 = ORIENTED_EDGE ( 'NONE', *, *, #3579, .T. ) ;
#6261 = FILL_AREA_STYLE_COLOUR ( '', #5443 ) ;
#6262 = ORIENTED_EDGE ( 'NONE', *, *, #975, .T. ) ;
#6263 = PLANE ( 'NONE',  #5429 ) ;
#6264 = EDGE_CURVE ( 'NONE', #6440, #6664, #1043, .T. ) ;
#6265 = VECTOR ( 'NONE', #5331, 1000.000000000000000 ) ;
#6266 = PLANE ( 'NONE',  #7093 ) ;
#6267 = ORIENTED_EDGE ( 'NONE', *, *, #836, .F. ) ;
#6268 = CARTESIAN_POINT ( 'NONE',  ( 6.620000000000000107, 6.500000000000000888, -0.3500000000000010880 ) ) ;
#6269 = LINE ( 'NONE', #1466, #213 ) ;
#6270 = CIRCLE ( 'NONE', #7534, 0.2999999999999999334 ) ;
#6271 = EDGE_CURVE ( 'NONE', #2161, #1933, #1517, .T. ) ;
#6272 = CARTESIAN_POINT ( 'NONE',  ( -1.000000000000000000, 6.500000000000000888, 0.3499999999999989231 ) ) ;
#6273 = CARTESIAN_POINT ( 'NONE',  ( -1.469999999999999973, 0.000000000000000000, 1.199999999999999956 ) ) ;
#6274 = CARTESIAN_POINT ( 'NONE',  ( 2.861845733883979559, 5.626229152235330488, 0.3499999999999999223 ) ) ;
#6275 = LINE ( 'NONE', #84, #2588 ) ;
#6276 = EDGE_LOOP ( 'NONE', ( #3828, #7707, #5641, #7420 ) ) ;
#6277 = EDGE_LOOP ( 'NONE', ( #3713, #3867, #630, #3194 ) ) ;
#6278 = EDGE_CURVE ( 'NONE', #662, #35, #2911, .T. ) ;
#6279 = CARTESIAN_POINT ( 'NONE',  ( -0.8696152422706630025, 8.500000000000000000, 0.8696152422706628915 ) ) ;
#6280 = AXIS2_PLACEMENT_3D ( 'NONE', #2851, #3411, #412 ) ;
#6281 = CARTESIAN_POINT ( 'NONE',  ( 3.327121992501589798, 5.777242093666582257, 0.3500000000000000333 ) ) ;
#6282 = CARTESIAN_POINT ( 'NONE',  ( 0.8775285524311584595, 5.050332720359886451, -0.3500000000000000333 ) ) ;
#6283 = SURFACE_STYLE_USAGE ( .BOTH. , #5062 ) ;
#6284 = COLOUR_RGB ( '',0.8313725490196077761, 0.6705882352941175961, 0.1294117647058823373 ) ;
#6285 = SURFACE_STYLE_FILL_AREA ( #2697 ) ;
#6286 = PLANE ( 'NONE',  #3907 ) ;
#6287 = FILL_AREA_STYLE ('',( #6202 ) ) ;
#6288 = LINE ( 'NONE', #5069, #1911 ) ;
#6289 = ORIENTED_EDGE ( 'NONE', *, *, #4972, .T. ) ;
#6290 = STYLED_ITEM ( 'NONE', ( #760 ), #1214 ) ;
#6291 =( LENGTH_UNIT ( ) NAMED_UNIT ( * ) SI_UNIT ( .MILLI., .METRE. ) );
#6292 = DIRECTION ( 'NONE',  ( 0.000000000000000000, -1.000000000000000000, 1.668003342285391551E-16 ) ) ;
#6293 = ORIENTED_EDGE ( 'NONE', *, *, #6225, .F. ) ;
#6294 = LINE ( 'NONE', #6211, #6987 ) ;
#6295 = COLOUR_RGB ( '',0.8313725490196077761, 0.6705882352941175961, 0.1294117647058823373 ) ;
#6296 = EDGE_LOOP ( 'NONE', ( #6355, #1563, #72, #6641 ) ) ;
#6297 = DIRECTION ( 'NONE',  ( 3.097720492815726426E-17, -1.000000000000000000, 0.000000000000000000 ) ) ;
#6298 =( NAMED_UNIT ( * ) SI_UNIT ( $, .STERADIAN. ) SOLID_ANGLE_UNIT ( ) );
#6299 =( BOUNDED_SURFACE ( )  B_SPLINE_SURFACE ( 3, 1, ( 
 ( #1328, #4695 ),
 ( #6631, #6704 ),
 ( #3157, #1287 ),
 ( #4875, #4652 ),
 ( #5521, #4321 ),
 ( #6740, #3736 ),
 ( #629, #3075 ) ),
 .UNSPECIFIED., .F., .F., .F. ) 
 B_SPLINE_SURFACE_WITH_KNOTS ( ( 4, 3, 4 ),
 ( 2, 2 ),
 ( 0.000000000000000000, 0.5000000000000000000, 1.000000000000000000 ),
 ( 0.000000000000000000, 1.000000000000000000 ),
 .UNSPECIFIED. ) 
 GEOMETRIC_REPRESENTATION_ITEM ( )  RATIONAL_B_SPLINE_SURFACE ( (
 ( 1.000000000000000000, 1.000000000000000000),
 ( 0.5953481791230077480, 0.5953481791230077480),
 ( 0.5953481791230077480, 0.5953481791230077480),
 ( 1.000000000000000000, 1.000000000000000000),
 ( 0.5953481791230079700, 0.5953481791230079700),
 ( 0.5953481791230079700, 0.5953481791230079700),
 ( 1.000000000000000000, 1.000000000000000000) ) ) 
 REPRESENTATION_ITEM ( '' )  SURFACE ( )  );
#6300 = ORIENTED_EDGE ( 'NONE', *, *, #6116, .F. ) ;
#6301 = VECTOR ( 'NONE', #1767, 1000.000000000000000 ) ;
#6302 = CARTESIAN_POINT ( 'NONE',  ( 1.540000000000000036, 6.500000000000000888, -0.3500000000000010880 ) ) ;
#6303 = LINE ( 'NONE', #4968, #5709 ) ;
#6304 = ORIENTED_EDGE ( 'NONE', *, *, #5547, .F. ) ;
#6305 = UNCERTAINTY_MEASURE_WITH_UNIT (LENGTH_MEASURE( 1.000000000000000082E-05 ), #6814, 'distance_accuracy_value', 'NONE');
#6306 = ORIENTED_EDGE ( 'NONE', *, *, #4168, .F. ) ;
#6307 = CARTESIAN_POINT ( 'NONE',  ( 2.540000000000000036, 6.500000000000000888, -1.155688030012021264E-15 ) ) ;
#6308 = AXIS2_PLACEMENT_3D ( 'NONE', #5201, #390, #4629 ) ;
#6309 =( GEOMETRIC_REPRESENTATION_CONTEXT ( 3 ) GLOBAL_UNCERTAINTY_ASSIGNED_CONTEXT ( ( #2263 ) ) GLOBAL_UNIT_ASSIGNED_CONTEXT ( ( #3619, #99, #4832 ) ) REPRESENTATION_CONTEXT ( 'NONE', 'WORKASPACE' ) );
#6310 = CARTESIAN_POINT ( 'NONE',  ( 2.189999999999999947, 8.199999999999999289, 0.3499999999999999778 ) ) ;
#6311 = B_SPLINE_CURVE_WITH_KNOTS ( 'NONE', 3,
 ( #6834, #6258, #3743, #913, #3242, #5637, #1921, #195, #2640, #3202, #4328, #158, #5042, #1455, #6748, #1336, #3167, #3280, #5676, #5564, #2561, #4965, #1953, #1374, #3784, #2598, #5004, #7403, #4409, #1418, #2799 ),
 .UNSPECIFIED., .F., .F.,
 ( 4, 1, 1, 1, 1, 1, 1, 2, 2, 1, 1, 1, 1, 2, 2, 1, 1, 1, 1, 1, 2, 2, 4 ),
 ( 0.000000000000000000, 0.06250000000001501577, 0.09375000000002224609, 0.1093750000000261041, 0.1171875000000280054, 0.1210937500000289213, 0.1230468750000293515, 0.1240234375000297262, 0.1250000000000300870, 0.1875000000000285882, 0.2187500000000277833, 0.2343750000000273948, 0.2421875000000271450, 0.2460937500000272560, 0.2500000000000273670, 0.3750000000000259237, 0.4375000000000252021, 0.4687500000000245914, 0.4843750000000242584, 0.4921875000000241474, 0.4960937500000243139, 0.5000000000000244249, 1.000000000000000000 ),
 .UNSPECIFIED. ) ;
#6312 = EDGE_CURVE ( 'NONE', #6952, #6020, #1464, .T. ) ;
#6313 = ORIENTED_EDGE ( 'NONE', *, *, #2734, .T. ) ;
#6314 = EDGE_CURVE ( 'NONE', #3991, #5571, #4008, .T. ) ;
#6315 = CARTESIAN_POINT ( 'NONE',  ( 5.766754932607761397, 10.39117142264903570, 0.6499999999999995781 ) ) ;
#6316 = VECTOR ( 'NONE', #4223, 1000.000000000000000 ) ;
#6317 = SURFACE_STYLE_USAGE ( .BOTH. , #3102 ) ;
#6318 = PRESENTATION_LAYER_ASSIGNMENT (  '', '', ( #2162 ) ) ;
#6319 = DIRECTION ( 'NONE',  ( -0.000000000000000000, 1.668003342285391551E-16, 1.000000000000000000 ) ) ;
#6320 = LINE ( 'NONE', #7621, #5911 ) ;
#6321 = SURFACE_STYLE_USAGE ( .BOTH. , #3837 ) ;
#6322 = CARTESIAN_POINT ( 'NONE',  ( -0.6867549326077613259, 10.39117142264903570, -0.3500000000000017542 ) ) ;
#6323 = ORIENTED_EDGE ( 'NONE', *, *, #5329, .F. ) ;
#6324 = ORIENTED_EDGE ( 'NONE', *, *, #3756, .F. ) ;
#6325 = CARTESIAN_POINT ( 'NONE',  ( 6.620000000000000107, 6.500000000000000888, 0.3499999999999989231 ) ) ;
#6326 = MECHANICAL_DESIGN_GEOMETRIC_PRESENTATION_REPRESENTATION (  '', ( #2026 ), #2171 ) ;
#6327 = EDGE_CURVE ( 'NONE', #662, #6395, #7675, .T. ) ;
#6328 = CARTESIAN_POINT ( 'NONE',  ( 9.090000000000001634, 1.601149768326593145E-16, 0.6500000000000012434 ) ) ;
#6329 = AXIS2_PLACEMENT_3D ( 'NONE', #1967, #5018, #6234 ) ;
#6330 = CARTESIAN_POINT ( 'NONE',  ( 4.393245067392238745, 10.39117142264903570, -0.6500000000000030198 ) ) ;
#6331 = LINE ( 'NONE', #3348, #3658 ) ;
#6332 = CARTESIAN_POINT ( 'NONE',  ( -1.018126922434469523E-15, 1.700000000000000178, 0.3499999999999999778 ) ) ;
#6333 = DIRECTION ( 'NONE',  ( 0.000000000000000000, 1.000000000000000000, -4.336808689942016750E-16 ) ) ;
#6334 = EDGE_CURVE ( 'NONE', #5262, #1342, #5197, .T. ) ;
#6335 = CARTESIAN_POINT ( 'NONE',  ( 1.540000000000000036, 6.500000000000000888, 0.3499999999999989231 ) ) ;
#6336 = ADVANCED_FACE ( 'NONE', ( #504 ), #3639, .T. ) ;
#6337 = ORIENTED_EDGE ( 'NONE', *, *, #3037, .T. ) ;
#6338 = PLANE ( 'NONE',  #591 ) ;
#6339 = VECTOR ( 'NONE', #1831, 1000.000000000000000 ) ;
#6340 =( NAMED_UNIT ( * ) SI_UNIT ( $, .STERADIAN. ) SOLID_ANGLE_UNIT ( ) );
#6341 = FILL_AREA_STYLE ('',( #1946 ) ) ;
#6342 = EDGE_LOOP ( 'NONE', ( #3042, #5449, #2239, #4725 ) ) ;
#6343 = LINE ( 'NONE', #948, #5346 ) ;
#6344 = ORIENTED_EDGE ( 'NONE', *, *, #4746, .F. ) ;
#6345 =( LENGTH_UNIT ( ) NAMED_UNIT ( * ) SI_UNIT ( .MILLI., .METRE. ) );
#6346 = LINE ( 'NONE', #5674, #1388 ) ;
#6347 = MECHANICAL_DESIGN_GEOMETRIC_PRESENTATION_REPRESENTATION (  '', ( #7467 ), #5964 ) ;
#6348 = EDGE_LOOP ( 'NONE', ( #5675, #7530, #2400, #3787 ) ) ;
#6349 = EDGE_CURVE ( 'NONE', #6714, #998, #7423, .T. ) ;
#6350 = CARTESIAN_POINT ( 'NONE',  ( 1.853245067392238710, 8.000000000000000000, -0.6500000000000030198 ) ) ;
#6351 = AXIS2_PLACEMENT_3D ( 'NONE', #4475, #7360, #3735 ) ;
#6352 = UNCERTAINTY_MEASURE_WITH_UNIT (LENGTH_MEASURE( 1.000000000000000082E-05 ), #3797, 'distance_accuracy_value', 'NONE');
#6353 = ORIENTED_EDGE ( 'NONE', *, *, #3347, .T. ) ;
#6354 = DIRECTION ( 'NONE',  ( 1.000000000000000000, 0.000000000000000000, 0.000000000000000000 ) ) ;
#6355 = ORIENTED_EDGE ( 'NONE', *, *, #670, .T. ) ;
#6356 = CARTESIAN_POINT ( 'NONE',  ( 2.189999999999999947, 0.000000000000000000, -0.3499999999999999778 ) ) ;
#6357 = FACE_OUTER_BOUND ( 'NONE', #2644, .T. ) ;
#6358 = B_SPLINE_CURVE_WITH_KNOTS ( 'NONE', 3,
 ( #4527, #4449, #2680, #6960 ),
 .UNSPECIFIED., .F., .F.,
 ( 4, 4 ),
 ( 0.000000000000000000, 1.000000000000000000 ),
 .UNSPECIFIED. ) ;
#6359 = ORIENTED_EDGE ( 'NONE', *, *, #7639, .F. ) ;
#6360 = MECHANICAL_DESIGN_GEOMETRIC_PRESENTATION_REPRESENTATION (  '', ( #7747 ), #2575 ) ;
#6361 = FILL_AREA_STYLE ('',( #1040 ) ) ;
#6362 = CARTESIAN_POINT ( 'NONE',  ( 1.940000000000000613, 6.299999999999999822, -0.3500000000000000333 ) ) ;
#6363 = CARTESIAN_POINT ( 'NONE',  ( 6.933245067392238781, 10.39117142264903570, 0.6499999999999995781 ) ) ;
#6364 = FACE_OUTER_BOUND ( 'NONE', #5175, .T. ) ;
#6365 = DIRECTION ( 'NONE',  ( -0.000000000000000000, -1.000000000000000000, 1.668003342285391551E-16 ) ) ;
#6366 = EDGE_CURVE ( 'NONE', #6742, #5730, #6572, .T. ) ;
#6367 = ADVANCED_FACE ( 'NONE', ( #3680 ), #6683, .T. ) ;
#6368 = CARTESIAN_POINT ( 'NONE',  ( -0.9999999999999993339, 0.8000000000000004885, 0.3499999999999999778 ) ) ;
#6369 = ORIENTED_EDGE ( 'NONE', *, *, #4058, .F. ) ;
#6370 = VECTOR ( 'NONE', #1665, 1000.000000000000000 ) ;
#6371 = EDGE_LOOP ( 'NONE', ( #5860, #6172, #5516, #3509 ) ) ;
#6372 = EDGE_CURVE ( 'NONE', #2754, #1411, #4787, .T. ) ;
#6373 = DIRECTION ( 'NONE',  ( 1.000000000000000000, 0.000000000000000000, 0.000000000000000000 ) ) ;
#6374 = EDGE_CURVE ( 'NONE', #6932, #4480, #2832, .T. ) ;
#6375 = VECTOR ( 'NONE', #395, 1000.000000000000000 ) ;
#6376 = FILL_AREA_STYLE ('',( #896 ) ) ;
#6377 = CARTESIAN_POINT ( 'NONE',  ( -0.9999999999999995559, 1.800000000000000488, -0.3849999999999998979 ) ) ;
#6378 = CARTESIAN_POINT ( 'NONE',  ( 8.068193045422141552, 5.884855341312109189, 0.3499999999999998113 ) ) ;
#6379 = CARTESIAN_POINT ( 'NONE',  ( 5.780000000000001137, 0.5000000000000006661, 0.3499999999999998668 ) ) ;
#6380 = FILL_AREA_STYLE_COLOUR ( '', #1738 ) ;
#6381 = VECTOR ( 'NONE', #3337, 1000.000000000000000 ) ;
#6382 = CARTESIAN_POINT ( 'NONE',  ( 7.970000000000001528, 1.084202172485506745E-17, -0.3500000000000001443 ) ) ;
#6383 = ADVANCED_FACE ( 'NONE', ( #3214 ), #4303, .T. ) ;
#6384 = SURFACE_STYLE_FILL_AREA ( #7095 ) ;
#6385 = EDGE_LOOP ( 'NONE', ( #270, #984, #172, #2891 ) ) ;
#6386 = SURFACE_STYLE_USAGE ( .BOTH. , #7097 ) ;
#6387 = PRESENTATION_LAYER_ASSIGNMENT (  '', '', ( #3368 ) ) ;
#6388 = CARTESIAN_POINT ( 'NONE',  ( 0.000000000000000000, 8.500000000000000000, 0.8696152422706628915 ) ) ;
#6389 = CARTESIAN_POINT ( 'NONE',  ( -0.9147081045647341702, 4.597665842577888462, -0.3499999999999999778 ) ) ;
#6390 = VERTEX_POINT ( 'NONE', #2492 ) ;
#6391 = PRESENTATION_STYLE_ASSIGNMENT (( #3896 ) ) ;
#6392 = LINE ( 'NONE', #358, #2150 ) ;
#6393 = PRESENTATION_LAYER_ASSIGNMENT (  '', '', ( #4743 ) ) ;
#6394 =( BOUNDED_CURVE ( )  B_SPLINE_CURVE ( 3, ( #4252, #4286, #6137, #2364 ),
 .UNSPECIFIED., .F., .F. ) 
 B_SPLINE_CURVE_WITH_KNOTS ( ( 4, 4 ),
 ( 3.924083526751090290, 4.712388980384689674 ),
 .UNSPECIFIED. ) 
 CURVE ( )  GEOMETRIC_REPRESENTATION_ITEM ( )  RATIONAL_B_SPLINE_CURVE ( ( 1.000000000000000000, 0.9488815137910380226, 0.9488815137910380226, 1.000000000000000000 ) ) 
 REPRESENTATION_ITEM ( '' )  );
#6395 = VERTEX_POINT ( 'NONE', #6803 ) ;
#6396 = PRESENTATION_STYLE_ASSIGNMENT (( #2164 ) ) ;
#6397 = PRESENTATION_STYLE_ASSIGNMENT (( #3984 ) ) ;
#6398 = EDGE_LOOP ( 'NONE', ( #2435, #6548, #1154, #5369 ) ) ;
#6399 = CARTESIAN_POINT ( 'NONE',  ( 2.890000000000000124, 0.000000000000000000, 0.3499999999999999778 ) ) ;
#6400 = EDGE_LOOP ( 'NONE', ( #6868, #7706, #3719, #3862 ) ) ;
#6401 = CARTESIAN_POINT ( 'NONE',  ( 3.395690189165919026, 5.260692584315793674, -0.3500000000000000888 ) ) ;
#6402 = PLANE ( 'NONE',  #6280 ) ;
#6403 = DIRECTION ( 'NONE',  ( 1.000000000000000000, 1.121588454295349780E-16, -0.000000000000000000 ) ) ;
#6404 = ORIENTED_EDGE ( 'NONE', *, *, #4227, .T. ) ;
#6405 = LINE ( 'NONE', #6315, #5264 ) ;
#6406 = LINE ( 'NONE', #886, #2972 ) ;
#6407 = CARTESIAN_POINT ( 'NONE',  ( 8.068193045422141552, 5.884855341312109189, -0.3500000000000001443 ) ) ;
#6408 = CARTESIAN_POINT ( 'NONE',  ( -0.3500000000000000333, 8.199999999999999289, -0.3499999999999999778 ) ) ;
#6409 = PRESENTATION_LAYER_ASSIGNMENT (  '', '', ( #5767 ) ) ;
#6410 = ORIENTED_EDGE ( 'NONE', *, *, #2829, .F. ) ;
#6411 = ORIENTED_EDGE ( 'NONE', *, *, #5189, .T. ) ;
#6412 = FILL_AREA_STYLE ('',( #6934 ) ) ;
#6413 = EDGE_CURVE ( 'NONE', #7519, #781, #1307, .T. ) ;
#6414 = AXIS2_PLACEMENT_3D ( 'NONE', #6649, #722, #4823 ) ;
#6415 = EDGE_CURVE ( 'NONE', #2839, #6714, #250, .T. ) ;
#6416 = SURFACE_STYLE_FILL_AREA ( #6376 ) ;
#6417 =( NAMED_UNIT ( * ) SI_UNIT ( $, .STERADIAN. ) SOLID_ANGLE_UNIT ( ) );
#6418 = FILL_AREA_STYLE ('',( #466 ) ) ;
#6419 = COLOUR_RGB ( '',0.8313725490196077761, 0.6705882352941175961, 0.1294117647058823373 ) ;
#6420 = CARTESIAN_POINT ( 'NONE',  ( -0.3499999999999991451, 0.5000000000000005551, 0.3499999999999999778 ) ) ;
#6421 = DIRECTION ( 'NONE',  ( 0.000000000000000000, 0.000000000000000000, -1.000000000000000000 ) ) ;
#6422 = EDGE_CURVE ( 'NONE', #3483, #6962, #7067, .T. ) ;
#6423 = VECTOR ( 'NONE', #2100, 1000.000000000000114 ) ;
#6424 =( NAMED_UNIT ( * ) PLANE_ANGLE_UNIT ( ) SI_UNIT ( $, .RADIAN. ) );
#6425 = EDGE_LOOP ( 'NONE', ( #4327, #2597, #2485, #4404 ) ) ;
#6426 =( GEOMETRIC_REPRESENTATION_CONTEXT ( 3 ) GLOBAL_UNCERTAINTY_ASSIGNED_CONTEXT ( ( #7529 ) ) GLOBAL_UNIT_ASSIGNED_CONTEXT ( ( #609, #1857, #7123 ) ) REPRESENTATION_CONTEXT ( 'NONE', 'WORKASPACE' ) );
#6427 = EDGE_CURVE ( 'NONE', #6587, #127, #1389, .T. ) ;
#6428 = EDGE_CURVE ( 'NONE', #2234, #118, #3135, .T. ) ;
#6429 = DIRECTION ( 'NONE',  ( -1.000000000000000000, 0.000000000000000000, 0.000000000000000000 ) ) ;
#6430 = FACE_OUTER_BOUND ( 'NONE', #5595, .T. ) ;
#6431 = VERTEX_POINT ( 'NONE', #889 ) ;
#6432 = DIRECTION ( 'NONE',  ( 0.000000000000000000, -1.000000000000000000, 0.000000000000000000 ) ) ;
#6433 = ORIENTED_EDGE ( 'NONE', *, *, #3714, .T. ) ;
#6434 = EDGE_CURVE ( 'NONE', #3649, #1462, #6275, .T. ) ;
#6435 = LINE ( 'NONE', #7605, #1334 ) ;
#6436 = PLANE ( 'NONE',  #5273 ) ;
#6437 = ADVANCED_FACE ( 'NONE', ( #6193 ), #1969, .F. ) ;
#6438 = SURFACE_STYLE_FILL_AREA ( #3508 ) ;
#6439 = COLOUR_RGB ( '',0.8313725490196077761, 0.6705882352941175961, 0.1294117647058823373 ) ;
#6440 = VERTEX_POINT ( 'NONE', #3179 ) ;
#6441 = CARTESIAN_POINT ( 'NONE',  ( 1.540000000000000480, 1.800000000000000266, -0.1166666666666668073 ) ) ;
#6442 = ORIENTED_EDGE ( 'NONE', *, *, #3257, .F. ) ;
#6443 = CARTESIAN_POINT ( 'NONE',  ( 1.853245067392238710, 0.5000000000000002220, 0.3499999999999998668 ) ) ;
#6444 = DIRECTION ( 'NONE',  ( -0.000000000000000000, 1.000000000000000000, -0.000000000000000000 ) ) ;
#6445 =( LENGTH_UNIT ( ) NAMED_UNIT ( * ) SI_UNIT ( .MILLI., .METRE. ) );
#6446 = EDGE_LOOP ( 'NONE', ( #5846, #4488, #3681, #3669 ) ) ;
#6447 = VECTOR ( 'NONE', #1291, 1000.000000000000000 ) ;
#6448 = CARTESIAN_POINT ( 'NONE',  ( 5.680000000000000604, 6.299999999999999822, -0.3500000000000000888 ) ) ;
#6449 = CARTESIAN_POINT ( 'NONE',  ( 4.165291895435263569, 4.597665842577887574, -0.3500000000000000333 ) ) ;
#6450 = DIRECTION ( 'NONE',  ( -3.097720492815726426E-17, 1.000000000000000000, 0.000000000000000000 ) ) ;
#6451 = CARTESIAN_POINT ( 'NONE',  ( 3.226754932607761361, 10.39117142264903570, 0.3499999999999983125 ) ) ;
#6452 = LINE ( 'NONE', #4034, #5051 ) ;
#6453 = VECTOR ( 'NONE', #2108, 1000.000000000000000 ) ;
#6454 =( NAMED_UNIT ( * ) SI_UNIT ( $, .STERADIAN. ) SOLID_ANGLE_UNIT ( ) );
#6455 = ORIENTED_EDGE ( 'NONE', *, *, #4802, .F. ) ;
#6456 = ORIENTED_EDGE ( 'NONE', *, *, #5612, .T. ) ;
#6457 = CARTESIAN_POINT ( 'NONE',  ( 8.565517796674130935, 4.067306563708456224, 0.3499999999999997002 ) ) ;
#6458 = VECTOR ( 'NONE', #4024, 1000.000000000000000 ) ;
#6459 = FILL_AREA_STYLE_COLOUR ( '', #2135 ) ;
#6460 = CARTESIAN_POINT ( 'NONE',  ( 0.8095024236130845541, 5.635051924204145912, 0.3499999999999999778 ) ) ;
#6461 = CARTESIAN_POINT ( 'NONE',  ( 8.265466478527304872, 3.877691542223589138, -0.3500000000000001998 ) ) ;
#6462 =( GEOMETRIC_REPRESENTATION_CONTEXT ( 3 ) GLOBAL_UNCERTAINTY_ASSIGNED_CONTEXT ( ( #563 ) ) GLOBAL_UNIT_ASSIGNED_CONTEXT ( ( #7577, #2507, #100 ) ) REPRESENTATION_CONTEXT ( 'NONE', 'WORKASPACE' ) );
#6463 = ADVANCED_FACE ( 'NONE', ( #171 ), #4384, .F. ) ;
#6464 = CARTESIAN_POINT ( 'NONE',  ( -0.6454664785273052097, 3.877691542223590471, 0.3499999999999999778 ) ) ;
#6465 = FACE_OUTER_BOUND ( 'NONE', #5164, .T. ) ;
#6466 = ORIENTED_EDGE ( 'NONE', *, *, #7120, .F. ) ;
#6467 = VECTOR ( 'NONE', #4471, 1000.000000000000000 ) ;
#6468 = LINE ( 'NONE', #5116, #4987 ) ;
#6469 =( NAMED_UNIT ( * ) PLANE_ANGLE_UNIT ( ) SI_UNIT ( $, .RADIAN. ) );
#6470 = CARTESIAN_POINT ( 'NONE',  ( -0.8612299008938321121, 5.207834124282345378, -0.3499999999999999778 ) ) ;
#6471 = ORIENTED_EDGE ( 'NONE', *, *, #2405, .T. ) ;
#6472 =( NAMED_UNIT ( * ) PLANE_ANGLE_UNIT ( ) SI_UNIT ( $, .RADIAN. ) );
#6473 = ADVANCED_FACE ( 'NONE', ( #5019 ), #4421, .F. ) ;
#6474 = CARTESIAN_POINT ( 'NONE',  ( 1.853245067392238710, 8.000000000000000000, 0.6500000000000000222 ) ) ;
#6475 = LINE ( 'NONE', #2316, #2278 ) ;
#6476 = ADVANCED_FACE ( 'NONE', ( #2816 ), #3456, .F. ) ;
#6477 = ORIENTED_EDGE ( 'NONE', *, *, #1391, .F. ) ;
#6478 = LINE ( 'NONE', #4726, #6031 ) ;
#6479 = EDGE_LOOP ( 'NONE', ( #1551, #743, #3470, #189 ) ) ;
#6480 = DIRECTION ( 'NONE',  ( -7.744301232039316681E-17, 0.000000000000000000, -1.000000000000000000 ) ) ;
#6481 = VERTEX_POINT ( 'NONE', #6368 ) ;
#6482 = CARTESIAN_POINT ( 'NONE',  ( 3.464058140717155343, 4.443591676420198588, -0.3500000000000000333 ) ) ;
#6483 = CARTESIAN_POINT ( 'NONE',  ( 8.620000000000000995, 1.800000000000000488, -0.3850000000000001199 ) ) ;
#6484 = CARTESIAN_POINT ( 'NONE',  ( 6.620000000000000995, 0.8000000000000004885, 0.3499999999999998113 ) ) ;
#6485 = ORIENTED_EDGE ( 'NONE', *, *, #5848, .F. ) ;
#6486 = DIRECTION ( 'NONE',  ( 0.000000000000000000, 0.000000000000000000, -1.000000000000000000 ) ) ;
#6487 = VECTOR ( 'NONE', #6903, 1000.000000000000000 ) ;
#6488 = DIRECTION ( 'NONE',  ( 1.000000000000000000, 0.000000000000000000, 0.000000000000000000 ) ) ;
#6489 = DIRECTION ( 'NONE',  ( -1.000000000000000000, 0.000000000000000000, 0.000000000000000000 ) ) ;
#6490 = ORIENTED_EDGE ( 'NONE', *, *, #5919, .F. ) ;
#6491 = ORIENTED_EDGE ( 'NONE', *, *, #638, .T. ) ;
#6492 = CARTESIAN_POINT ( 'NONE',  ( 8.407121992501593866, 5.777242093666580480, 0.3499999999999998668 ) ) ;
#6493 = COLOUR_RGB ( '',0.8313725490196077761, 0.6705882352941175961, 0.1294117647058823373 ) ;
#6494 = PRESENTATION_LAYER_ASSIGNMENT (  '', '', ( #2845 ) ) ;
#6495 = CARTESIAN_POINT ( 'NONE',  ( 3.140000000000000568, 6.299999999999999822, 0.1283333333333332715 ) ) ;
#6496 = CARTESIAN_POINT ( 'NONE',  ( 6.920000000000000817, 0.8000000000000004885, 0.3499999999999998113 ) ) ;
#6497 = CARTESIAN_POINT ( 'NONE',  ( -0.3500000000000000333, 0.000000000000000000, 0.3499999999999999778 ) ) ;
#6498 = PRESENTATION_STYLE_ASSIGNMENT (( #1019 ) ) ;
#6499 = COLOUR_RGB ( '',0.8313725490196077761, 0.6705882352941175961, 0.1294117647058823373 ) ;
#6500 = ORIENTED_EDGE ( 'NONE', *, *, #1172, .F. ) ;
#6501 = EDGE_CURVE ( 'NONE', #7779, #902, #5101, .T. ) ;
#6502 = EDGE_CURVE ( 'NONE', #2980, #6545, #4035, .T. ) ;
#6503 = CARTESIAN_POINT ( 'NONE',  ( 1.596432165885827814, 4.104507585657485080, 0.3499999999999999223 ) ) ;
#6504 = FILL_AREA_STYLE ('',( #4088 ) ) ;
#6505 = CARTESIAN_POINT ( 'NONE',  ( 0.3500000000000008105, 1.084202172485506745E-17, 0.3499999999999999778 ) ) ;
#6506 = VECTOR ( 'NONE', #2265, 1000.000000000000000 ) ;
#6507 = B_SPLINE_CURVE_WITH_KNOTS ( 'NONE', 3,
 ( #3843, #7385, #4310, #1903, #6240, #4392, #6730, #727, #3764, #1475, #216, #5061, #256, #6120, #1356, #2658, #6198, #3724, #2057, #6282, #4466, #6811, #6161, #3103, #3143, #1396, #5511, #137, #2540, #4943, #7353 ),
 .UNSPECIFIED., .F., .F.,
 ( 4, 1, 1, 1, 1, 1, 1, 2, 2, 1, 1, 1, 1, 2, 2, 1, 1, 1, 1, 1, 2, 2, 4 ),
 ( 0.000000000000000000, 0.06250000000001669498, 0.09375000000002534084, 0.1093750000000298511, 0.1171875000000321132, 0.1210937500000334038, 0.1230468750000340422, 0.1240234375000343753, 0.1250000000000346945, 0.1875000000000348610, 0.2187500000000352496, 0.2343750000000354439, 0.2421875000000355271, 0.2460937500000355549, 0.2500000000000355826, 0.3750000000000332512, 0.4375000000000323630, 0.4687500000000319744, 0.4843750000000320299, 0.4921875000000320299, 0.4960937500000318079, 0.5000000000000315303, 1.000000000000000000 ),
 .UNSPECIFIED. ) ;
#6508 = DIRECTION ( 'NONE',  ( -1.000000000000000000, 0.000000000000000000, 0.000000000000000000 ) ) ;
#6509 = CARTESIAN_POINT ( 'NONE',  ( 6.620000000000000995, 1.800000000000000488, 0.1283333333333334381 ) ) ;
#6510 = UNCERTAINTY_MEASURE_WITH_UNIT (LENGTH_MEASURE( 1.000000000000000082E-05 ), #5796, 'distance_accuracy_value', 'NONE');
#6511 = ORIENTED_EDGE ( 'NONE', *, *, #4390, .F. ) ;
#6512 = VECTOR ( 'NONE', #1550, 1000.000000000000000 ) ;
#6513 = SURFACE_SIDE_STYLE ('',( #4638 ) ) ;
#6514 = LINE ( 'NONE', #7181, #5023 ) ;
#6515 = DIRECTION ( 'NONE',  ( 0.000000000000000000, 0.000000000000000000, -1.000000000000000000 ) ) ;
#6516 = EDGE_LOOP ( 'NONE', ( #929, #5412, #674, #6369 ) ) ;
#6517 = CARTESIAN_POINT ( 'NONE',  ( 9.090000000000001634, 0.5000000000000000000, -0.6499999999999989120 ) ) ;
#6518 = ORIENTED_EDGE ( 'NONE', *, *, #4438, .F. ) ;
#6519 = VECTOR ( 'NONE', #3972, 1000.000000000000000 ) ;
#6520 = CARTESIAN_POINT ( 'NONE',  ( 3.359285907662239445, 5.570187327444203973, -0.3500000000000000888 ) ) ;
#6521 = CARTESIAN_POINT ( 'NONE',  ( 0.000000000000000000, 0.000000000000000000, 0.000000000000000000 ) ) ;
#6522 = VERTEX_POINT ( 'NONE', #3380 ) ;
#6523 = EDGE_CURVE ( 'NONE', #5541, #191, #7048, .T. ) ;
#6524 = FILL_AREA_STYLE_COLOUR ( '', #751 ) ;
#6525 = DIRECTION ( 'NONE',  ( -0.000000000000000000, -1.000000000000000000, 1.668003342285391551E-16 ) ) ;
#6526 = ORIENTED_EDGE ( 'NONE', *, *, #51, .F. ) ;
#6527 = VERTEX_POINT ( 'NONE', #421 ) ;
#6528 = VECTOR ( 'NONE', #2333, 1000.000000000000000 ) ;
#6529 = EDGE_CURVE ( 'NONE', #7745, #1039, #5729, .T. ) ;
#6530 = ADVANCED_FACE ( 'NONE', ( #7543 ), #3958, .T. ) ;
#6531 = CYLINDRICAL_SURFACE ( 'NONE', #5859, 0.2000000000000000944 ) ;
#6532 = CARTESIAN_POINT ( 'NONE',  ( 4.616643101092098078, 1.700000000000002620, -0.3500000000000000333 ) ) ;
#6533 = SURFACE_STYLE_USAGE ( .BOTH. , #4230 ) ;
#6534 = LINE ( 'NONE', #467, #232 ) ;
#6535 = DIRECTION ( 'NONE',  ( 0.000000000000000000, 0.000000000000000000, -1.000000000000000000 ) ) ;
#6536 = PRESENTATION_LAYER_ASSIGNMENT (  '', '', ( #2113 ) ) ;
#6537 = ORIENTED_EDGE ( 'NONE', *, *, #1354, .F. ) ;
#6538 = CARTESIAN_POINT ( 'NONE',  ( 1.615941859282681303, 4.443591676418676251, 0.3499999999999999223 ) ) ;
#6539 = DIRECTION ( 'NONE',  ( 1.000000000000000000, 0.000000000000000000, 0.000000000000000000 ) ) ;
#6540 = LINE ( 'NONE', #1205, #5155 ) ;
#6541 = VECTOR ( 'NONE', #666, 1000.000000000000114 ) ;
#6542 = CARTESIAN_POINT ( 'NONE',  ( -0.9488971023511124647, 4.001162287970069897, -0.3499999999999999778 ) ) ;
#6543 = PRODUCT_DEFINITION_FORMATION_WITH_SPECIFIED_SOURCE ( 'ANY', '', #1845, .NOT_KNOWN. ) ;
#6544 = CARTESIAN_POINT ( 'NONE',  ( -0.4481930454221424998, 5.884855341312110077, -0.3499999999999999223 ) ) ;
#6545 = VERTEX_POINT ( 'NONE', #1627 ) ;
#6546 = CARTESIAN_POINT ( 'NONE',  ( 5.766754932607761397, 0.5000000000000000000, -0.6500000000000013545 ) ) ;
#6547 = CARTESIAN_POINT ( 'NONE',  ( 4.754744180118195551, 5.589454083063166046, -0.3500000000000000888 ) ) ;
#6548 = ORIENTED_EDGE ( 'NONE', *, *, #2092, .T. ) ;
#6549 = CARTESIAN_POINT ( 'NONE',  ( 1.853245067392238710, 6.500000000000000888, -0.6500000000000017986 ) ) ;
#6550 = VECTOR ( 'NONE', #4041, 1000.000000000000000 ) ;
#6551 = EDGE_LOOP ( 'NONE', ( #4281, #7186, #5990, #4294 ) ) ;
#6552 = UNCERTAINTY_MEASURE_WITH_UNIT (LENGTH_MEASURE( 1.000000000000000082E-05 ), #394, 'distance_accuracy_value', 'NONE');
#6553 = FACE_OUTER_BOUND ( 'NONE', #3777, .T. ) ;
#6554 = EDGE_CURVE ( 'NONE', #1153, #7694, #4540, .T. ) ;
#6555 = UNCERTAINTY_MEASURE_WITH_UNIT (LENGTH_MEASURE( 1.000000000000000082E-05 ), #6776, 'distance_accuracy_value', 'NONE');
#6556 = ORIENTED_EDGE ( 'NONE', *, *, #2599, .T. ) ;
#6557 = MECHANICAL_DESIGN_GEOMETRIC_PRESENTATION_REPRESENTATION (  '', ( #6290 ), #4155 ) ;
#6558 = CARTESIAN_POINT ( 'NONE',  ( 6.080000000000000959, 6.299999999999999822, -0.3850000000000000644 ) ) ;
#6559 = CARTESIAN_POINT ( 'NONE',  ( 4.218424265108378535, 5.204467366490685087, -0.3500000000000001443 ) ) ;
#6560 = EDGE_CURVE ( 'NONE', #3590, #662, #5768, .T. ) ;
#6561 = DIRECTION ( 'NONE',  ( 1.000000000000000000, 0.000000000000000000, 0.000000000000000000 ) ) ;
#6562 = ORIENTED_EDGE ( 'NONE', *, *, #4078, .F. ) ;
#6563 = ORIENTED_EDGE ( 'NONE', *, *, #4810, .T. ) ;
#6564 = PRESENTATION_LAYER_ASSIGNMENT (  '', '', ( #3778 ) ) ;
#6565 = ADVANCED_FACE ( 'NONE', ( #278 ), #5083, .F. ) ;
#6566 = CARTESIAN_POINT ( 'NONE',  ( 2.892524015545778759, 5.732672356334978403, -0.3500000000000000333 ) ) ;
#6567 = ORIENTED_EDGE ( 'NONE', *, *, #5951, .F. ) ;
#6568 = EDGE_CURVE ( 'NONE', #3748, #5115, #7333, .T. ) ;
#6569 = AXIS2_PLACEMENT_3D ( 'NONE', #7135, #7064, #4130 ) ;
#6570 = PRESENTATION_STYLE_ASSIGNMENT (( #2947 ) ) ;
#6571 = CARTESIAN_POINT ( 'NONE',  ( 3.540000000000000480, 0.8000000000000007105, 0.3499999999999999223 ) ) ;
#6572 = LINE ( 'NONE', #4820, #4474 ) ;
#6573 = CARTESIAN_POINT ( 'NONE',  ( 5.080000000000000071, -3.000000000000000000, 0.3499999999999998668 ) ) ;
#6574 = DIRECTION ( 'NONE',  ( 0.000000000000000000, 0.000000000000000000, -1.000000000000000000 ) ) ;
#6575 = DIRECTION ( 'NONE',  ( -0.000000000000000000, 0.000000000000000000, 1.000000000000000000 ) ) ;
#6576 = VECTOR ( 'NONE', #407, 1000.000000000000000 ) ;
#6577 = MECHANICAL_DESIGN_GEOMETRIC_PRESENTATION_REPRESENTATION (  '', ( #6823 ), #7200 ) ;
#6578 = ORIENTED_EDGE ( 'NONE', *, *, #6271, .F. ) ;
#6579 = CARTESIAN_POINT ( 'NONE',  ( 2.018154266116020334, 5.626229152235333153, -0.3500000000000000333 ) ) ;
#6580 = DIRECTION ( 'NONE',  ( -0.7071067811865489050, 0.7071067811865460184, -0.000000000000000000 ) ) ;
#6581 = DIRECTION ( 'NONE',  ( -0.6546536707079765316, 0.3779644730092291960, -0.6546536707079765316 ) ) ;
#6582 = DIRECTION ( 'NONE',  ( 1.121588454295349533E-16, -1.000000000000000000, 0.000000000000000000 ) ) ;
#6583 = PRESENTATION_STYLE_ASSIGNMENT (( #7175 ) ) ;
#6584 = LINE ( 'NONE', #2959, #862 ) ;
#6585 = CARTESIAN_POINT ( 'NONE',  ( 5.080000000000000071, 6.299999999999999822, 0.3499999999999998668 ) ) ;
#6586 = EDGE_CURVE ( 'NONE', #1382, #4751, #4368, .T. ) ;
#6587 = VERTEX_POINT ( 'NONE', #3863 ) ;
#6588 = VECTOR ( 'NONE', #4028, 1000.000000000000000 ) ;
#6589 = CARTESIAN_POINT ( 'NONE',  ( 6.053046200924453224, 3.450480068927960442, 0.3499999999999998113 ) ) ;
#6590 = APPLICATION_CONTEXT ( 'automotive_design' ) ;
#6591 = FACE_OUTER_BOUND ( 'NONE', #7178, .T. ) ;
#6592 = CARTESIAN_POINT ( 'NONE',  ( 7.620000000000000107, 6.299999999999999822, 0.3499999999999998113 ) ) ;
#6593 = VERTEX_POINT ( 'NONE', #4444 ) ;
#6594 = CARTESIAN_POINT ( 'NONE',  ( 6.758770099106167883, 5.207834124282346266, -0.3500000000000001443 ) ) ;
#6595 = VERTEX_POINT ( 'NONE', #3825 ) ;
#6596 = FILL_AREA_STYLE ('',( #109 ) ) ;
#6597 = LINE ( 'NONE', #6063, #6541 ) ;
#6598 = EDGE_LOOP ( 'NONE', ( #3207, #6791, #6974, #4804, #3664, #2111, #4501, #1606 ) ) ;
#6599 = PRESENTATION_STYLE_ASSIGNMENT (( #1112 ) ) ;
#6600 = CARTESIAN_POINT ( 'NONE',  ( 1.540000000000000702, 0.8000000000000004885, 0.3499999999999999223 ) ) ;
#6601 = EDGE_CURVE ( 'NONE', #6032, #6742, #6141, .T. ) ;
#6602 = COLOUR_RGB ( '',0.8313725490196077761, 0.6705882352941175961, 0.1294117647058823373 ) ;
#6603 = CARTESIAN_POINT ( 'NONE',  ( 3.540000000000000480, 0.8000000000000007105, 0.3499999999999999223 ) ) ;
#6604 = FILL_AREA_STYLE ('',( #4334 ) ) ;
#6605 = ORIENTED_EDGE ( 'NONE', *, *, #1255, .F. ) ;
#6606 = ORIENTED_EDGE ( 'NONE', *, *, #2408, .F. ) ;
#6607 = UNCERTAINTY_MEASURE_WITH_UNIT (LENGTH_MEASURE( 1.000000000000000082E-05 ), #3818, 'distance_accuracy_value', 'NONE');
#6608 = SURFACE_STYLE_USAGE ( .BOTH. , #7708 ) ;
#6609 = STYLED_ITEM ( 'NONE', ( #6583 ), #4564 ) ;
#6610 = EDGE_CURVE ( 'NONE', #7460, #680, #4482, .T. ) ;
#6611 = CARTESIAN_POINT ( 'NONE',  ( 3.140000000000000568, 6.299999999999999822, 0.3849999999999998979 ) ) ;
#6612 = DIRECTION ( 'NONE',  ( 0.000000000000000000, 0.000000000000000000, -1.000000000000000000 ) ) ;
#6613 = CARTESIAN_POINT ( 'NONE',  ( 8.405140250919769684, 5.788964205960196452, -0.3500000000000002554 ) ) ;
#6614 = ORIENTED_EDGE ( 'NONE', *, *, #7139, .F. ) ;
#6615 = FACE_OUTER_BOUND ( 'NONE', #7483, .T. ) ;
#6616 = LINE ( 'NONE', #1862, #3302 ) ;
#6617 = VECTOR ( 'NONE', #3028, 1000.000000000000000 ) ;
#6618 = DIRECTION ( 'NONE',  ( 1.000000000000000000, 0.000000000000000000, 0.000000000000000000 ) ) ;
#6619 = FACE_OUTER_BOUND ( 'NONE', #3365, .T. ) ;
#6620 = CARTESIAN_POINT ( 'NONE',  ( 2.489999999999999769, 8.026794919243110726, -0.05000000000000062034 ) ) ;
#6621 = CARTESIAN_POINT ( 'NONE',  ( 6.769360230209761298, 5.307482533055399188, 0.3499999999999997558 ) ) ;
#6622 = DIRECTION ( 'NONE',  ( 0.000000000000000000, 0.000000000000000000, -1.000000000000000000 ) ) ;
#6623 = ADVANCED_FACE ( 'NONE', ( #6872 ), #1491, .F. ) ;
#6624 = CARTESIAN_POINT ( 'NONE',  ( 2.189999999999999947, 8.199999999999999289, -0.3499999999999999778 ) ) ;
#6625 = VECTOR ( 'NONE', #3178, 1000.000000000000000 ) ;
#6626 = SURFACE_SIDE_STYLE ('',( #6697 ) ) ;
#6627 = VERTEX_POINT ( 'NONE', #7484 ) ;
#6628 = CARTESIAN_POINT ( 'NONE',  ( 7.270000000000000462, 8.199999999999999289, 0.3499999999999999778 ) ) ;
#6629 = VECTOR ( 'NONE', #7017, 1000.000000000000000 ) ;
#6630 = DIRECTION ( 'NONE',  ( 1.000000000000000000, 1.084202172485504434E-16, 0.000000000000000000 ) ) ;
#6631 = CARTESIAN_POINT ( 'NONE',  ( 1.894533521472694604, 3.877691542223590471, 0.3499999999999999778 ) ) ;
#6632 = VERTEX_POINT ( 'NONE', #5604 ) ;
#6633 = CARTESIAN_POINT ( 'NONE',  ( 6.832878007498406348, 5.777242093666541400, -0.3500000000000000888 ) ) ;
#6634 = ORIENTED_EDGE ( 'NONE', *, *, #5370, .T. ) ;
#6635 =( LENGTH_UNIT ( ) NAMED_UNIT ( * ) SI_UNIT ( .MILLI., .METRE. ) );
#6636 = PLANE ( 'NONE',  #6669 ) ;
#6637 = PRESENTATION_LAYER_ASSIGNMENT (  '', '', ( #583 ) ) ;
#6638 = EDGE_LOOP ( 'NONE', ( #6511, #819, #1999, #6455 ) ) ;
#6639 = CARTESIAN_POINT ( 'NONE',  ( 6.080000000000000071, 1.800000000000000488, 0.1283333333333332160 ) ) ;
#6640 = LINE ( 'NONE', #6600, #1807 ) ;
#6641 = ORIENTED_EDGE ( 'NONE', *, *, #5465, .T. ) ;
#6642 = ORIENTED_EDGE ( 'NONE', *, *, #6206, .T. ) ;
#6643 = CARTESIAN_POINT ( 'NONE',  ( 7.620000000000000107, 0.5000000000000005551, -0.3500000000000001443 ) ) ;
#6644 = PRESENTATION_LAYER_ASSIGNMENT (  '', '', ( #6764 ) ) ;
#6645 = CARTESIAN_POINT ( 'NONE',  ( 2.214744180118195516, 5.589454083063166046, -0.3500000000000000333 ) ) ;
#6646 =( GEOMETRIC_REPRESENTATION_CONTEXT ( 3 ) GLOBAL_UNCERTAINTY_ASSIGNED_CONTEXT ( ( #2089 ) ) GLOBAL_UNIT_ASSIGNED_CONTEXT ( ( #322, #404, #1492 ) ) REPRESENTATION_CONTEXT ( 'NONE', 'WORKASPACE' ) );
#6647 = ORIENTED_EDGE ( 'NONE', *, *, #7813, .T. ) ;
#6648 = CARTESIAN_POINT ( 'NONE',  ( 2.988193045422142369, 5.884855341312110077, -0.3500000000000000333 ) ) ;
#6649 = CARTESIAN_POINT ( 'NONE',  ( 7.098154266116019961, 5.626229152235333153, -0.3500000000000001443 ) ) ;
#6650 = PRESENTATION_STYLE_ASSIGNMENT (( #1824 ) ) ;
#6651 = EDGE_CURVE ( 'NONE', #5047, #5170, #748, .T. ) ;
#6652 = CARTESIAN_POINT ( 'NONE',  ( 5.579999999999999183, 6.299999999999999822, 0.3499999999999998668 ) ) ;
#6653 = LINE ( 'NONE', #5437, #882 ) ;
#6654 = DIRECTION ( 'NONE',  ( 0.000000000000000000, -0.000000000000000000, -1.000000000000000000 ) ) ;
#6655 = DIRECTION ( 'NONE',  ( 0.000000000000000000, 0.000000000000000000, 1.000000000000000000 ) ) ;
#6656 = VECTOR ( 'NONE', #1331, 1000.000000000000000 ) ;
#6657 = CARTESIAN_POINT ( 'NONE',  ( 1.853245067392238710, 0.5000000000000000000, -0.6500000000000013545 ) ) ;
#6658 = DIRECTION ( 'NONE',  ( 0.000000000000000000, 0.000000000000000000, 1.000000000000000000 ) ) ;
#6659 = EDGE_CURVE ( 'NONE', #4502, #6920, #2038, .T. ) ;
#6660 = ORIENTED_EDGE ( 'NONE', *, *, #5141, .T. ) ;
#6661 = EDGE_CURVE ( 'NONE', #6962, #6825, #6311, .T. ) ;
#6662 = DIRECTION ( 'NONE',  ( 0.000000000000000000, 3.097720492815727166E-16, 1.000000000000000000 ) ) ;
#6663 = LINE ( 'NONE', #2439, #6370 ) ;
#6664 = VERTEX_POINT ( 'NONE', #3404 ) ;
#6665 = CARTESIAN_POINT ( 'NONE',  ( 6.660000584798288159, 3.767448265748939207, -0.3500000000000001443 ) ) ;
#6666 = LINE ( 'NONE', #7364, #7388 ) ;
#6667 = CARTESIAN_POINT ( 'NONE',  ( 7.970000000000001528, 0.5000000000000005551, 0.3499999999999998113 ) ) ;
#6668 = DIRECTION ( 'NONE',  ( -0.000000000000000000, -1.000000000000000000, 1.668003342285392044E-16 ) ) ;
#6669 = AXIS2_PLACEMENT_3D ( 'NONE', #6521, #3634, #6028 ) ;
#6670 = VECTOR ( 'NONE', #7771, 1000.000000000000000 ) ;
#6671 = ORIENTED_EDGE ( 'NONE', *, *, #1194, .T. ) ;
#6672 = CARTESIAN_POINT ( 'NONE',  ( -1.000000000000000000, 6.500000000000000888, -0.3500000000000010880 ) ) ;
#6673 = LINE ( 'NONE', #114, #1431 ) ;
#6674 = MECHANICAL_DESIGN_GEOMETRIC_PRESENTATION_REPRESENTATION (  '', ( #115 ), #2760 ) ;
#6675 = EDGE_LOOP ( 'NONE', ( #4290, #211, #7379, #5405, #3742, #6827, #5960, #4565, #7310, #4814, #1777, #3783 ) ) ;
#6676 = FACE_OUTER_BOUND ( 'NONE', #3339, .T. ) ;
#6677 = EDGE_LOOP ( 'NONE', ( #7688, #5292, #165, #564 ) ) ;
#6678 = EDGE_CURVE ( 'NONE', #1025, #7773, #1572, .T. ) ;
#6679 = CARTESIAN_POINT ( 'NONE',  ( 0.000000000000000000, 8.000000000000000000, 0.000000000000000000 ) ) ;
#6680 = EDGE_CURVE ( 'NONE', #1913, #1462, #953, .T. ) ;
#6681 = CARTESIAN_POINT ( 'NONE',  ( -0.9435678341141723324, 4.104507585657485080, 0.3499999999999999778 ) ) ;
#6682 = COLOUR_RGB ( '',0.8313725490196077761, 0.6705882352941175961, 0.1294117647058823373 ) ;
#6683 = CYLINDRICAL_SURFACE ( 'NONE', #71, 0.2000000000000005107 ) ;
#6684 = ORIENTED_EDGE ( 'NONE', *, *, #6415, .F. ) ;
#6685 = DIRECTION ( 'NONE',  ( 0.000000000000000000, 1.668003342285391797E-16, 1.000000000000000000 ) ) ;
#6686 = CARTESIAN_POINT ( 'NONE',  ( 4.080000000000000071, 6.500000000000000888, -0.3500000000000010880 ) ) ;
#6687 = CARTESIAN_POINT ( 'NONE',  ( 9.090000000000001634, 0.000000000000000000, 0.6500000000000012434 ) ) ;
#6688 = UNCERTAINTY_MEASURE_WITH_UNIT (LENGTH_MEASURE( 1.000000000000000082E-05 ), #6291, 'distance_accuracy_value', 'NONE');
#6689 = CIRCLE ( 'NONE', #3173, 0.1999999999999999833 ) ;
#6690 = FACE_OUTER_BOUND ( 'NONE', #1448, .T. ) ;
#6691 = LINE ( 'NONE', #6620, #4269 ) ;
#6692 = EDGE_CURVE ( 'NONE', #5181, #7341, #5252, .T. ) ;
#6693 = CARTESIAN_POINT ( 'NONE',  ( 1.000000000000000000, 0.5000000000000000000, -0.3500000000000000888 ) ) ;
#6694 = COLOUR_RGB ( '',0.8313725490196077761, 0.6705882352941175961, 0.1294117647058823373 ) ;
#6695 = DIRECTION ( 'NONE',  ( -1.000000000000000000, 0.000000000000000000, 0.000000000000000000 ) ) ;
#6696 = VECTOR ( 'NONE', #6333, 1000.000000000000000 ) ;
#6697 = SURFACE_STYLE_FILL_AREA ( #1658 ) ;
#6698 = ORIENTED_EDGE ( 'NONE', *, *, #6008, .T. ) ;
#6699 = AXIS2_PLACEMENT_3D ( 'NONE', #1115, #3517, #7743 ) ;
#6700 = MECHANICAL_DESIGN_GEOMETRIC_PRESENTATION_REPRESENTATION (  '', ( #6184 ), #4178 ) ;
#6701 = CARTESIAN_POINT ( 'NONE',  ( 5.911453400084235810, 5.476966929918534177, 0.3499999999999998113 ) ) ;
#6702 = CARTESIAN_POINT ( 'NONE',  ( 9.090000000000001634, 8.500000000000000000, 1.199999999999999734 ) ) ;
#6703 = ADVANCED_FACE ( 'NONE', ( #2240 ), #6955, .T. ) ;
#6704 = CARTESIAN_POINT ( 'NONE',  ( 1.894533521472694604, 3.877691542223590471, -0.3500000000000000333 ) ) ;
#6705 = VERTEX_POINT ( 'NONE', #990 ) ;
#6706 = CARTESIAN_POINT ( 'NONE',  ( 1.540000000000000036, 0.5000000000000000000, -0.3500000000000000888 ) ) ;
#6707 = LINE ( 'NONE', #1916, #7162 ) ;
#6708 = CARTESIAN_POINT ( 'NONE',  ( -0.3500000000000000333, 8.199999999999999289, -0.3499999999999999778 ) ) ;
#6709 = EDGE_CURVE ( 'NONE', #793, #7560, #6435, .T. ) ;
#6710 = STYLED_ITEM ( 'NONE', ( #328 ), #3326 ) ;
#6711 =( LENGTH_UNIT ( ) NAMED_UNIT ( * ) SI_UNIT ( .MILLI., .METRE. ) );
#6712 = ORIENTED_EDGE ( 'NONE', *, *, #5725, .T. ) ;
#6713 = FACE_OUTER_BOUND ( 'NONE', #149, .T. ) ;
#6714 = VERTEX_POINT ( 'NONE', #5127 ) ;
#6715 = CARTESIAN_POINT ( 'NONE',  ( 1.678424265108376723, 5.204467366490682423, -0.3499999999999999778 ) ) ;
#6716 = ORIENTED_EDGE ( 'NONE', *, *, #7616, .F. ) ;
#6717 = ADVANCED_FACE ( 'NONE', ( #2202 ), #5869, .T. ) ;
#6718 = ADVANCED_FACE ( 'NONE', ( #441 ), #1688, .F. ) ;
#6719 = DIRECTION ( 'NONE',  ( 1.121588454295349533E-16, -1.000000000000000000, 0.000000000000000000 ) ) ;
#6720 = VERTEX_POINT ( 'NONE', #3626 ) ;
#6721 = AXIS2_PLACEMENT_3D ( 'NONE', #1644, #2750, #397 ) ;
#6722 = EDGE_CURVE ( 'NONE', #6627, #1198, #7, .T. ) ;
#6723 = CARTESIAN_POINT ( 'NONE',  ( -0.7612207868701631464, 5.920464898423919209, 0.3500000000000000333 ) ) ;
#6724 = SURFACE_STYLE_FILL_AREA ( #7459 ) ;
#6725 = ORIENTED_EDGE ( 'NONE', *, *, #2705, .T. ) ;
#6726 = SURFACE_STYLE_USAGE ( .BOTH. , #1898 ) ;
#6727 = LINE ( 'NONE', #1393, #3434 ) ;
#6728 = STYLED_ITEM ( 'NONE', ( #5265 ), #4657 ) ;
#6729 = VECTOR ( 'NONE', #5671, 1000.000000000000000 ) ;
#6730 = CARTESIAN_POINT ( 'NONE',  ( 0.7805695519715610819, 5.815522798723457676, -0.3499999999999999778 ) ) ;
#6731 = SURFACE_SIDE_STYLE ('',( #6285 ) ) ;
#6732 = DIRECTION ( 'NONE',  ( 1.000000000000000000, 0.000000000000000000, 0.000000000000000000 ) ) ;
#6733 = FILL_AREA_STYLE ('',( #6126 ) ) ;
#6734 = UNCERTAINTY_MEASURE_WITH_UNIT (LENGTH_MEASURE( 1.000000000000000082E-05 ), #5425, 'distance_accuracy_value', 'NONE');
#6735 =( NAMED_UNIT ( * ) PLANE_ANGLE_UNIT ( ) SI_UNIT ( $, .RADIAN. ) );
#6736 = PRESENTATION_LAYER_ASSIGNMENT (  '', '', ( #1309 ) ) ;
#6737 = ORIENTED_EDGE ( 'NONE', *, *, #4682, .T. ) ;
#6738 = CARTESIAN_POINT ( 'NONE',  ( 8.119999999999999218, 6.299999999999999822, 0.3499999999999998113 ) ) ;
#6739 = CARTESIAN_POINT ( 'NONE',  ( 1.540000000000000036, 6.500000000000000888, 0.3499999999999989231 ) ) ;
#6740 = CARTESIAN_POINT ( 'NONE',  ( 3.185466478527304801, 3.877691542223586030, 0.3500000000000000333 ) ) ;
#6741 = VECTOR ( 'NONE', #3604, 1000.000000000000000 ) ;
#6742 = VERTEX_POINT ( 'NONE', #3036 ) ;
#6743 = DIRECTION ( 'NONE',  ( -0.000000000000000000, -0.000000000000000000, -1.000000000000000000 ) ) ;
#6744 = CARTESIAN_POINT ( 'NONE',  ( 7.670000000000000817, 8.026794919243110726, 0.05000000000000083544 ) ) ;
#6745 = FILL_AREA_STYLE ('',( #1918 ) ) ;
#6746 = VERTEX_POINT ( 'NONE', #2394 ) ;
#6747 = AXIS2_PLACEMENT_3D ( 'NONE', #7354, #1398, #4350 ) ;
#6748 = CARTESIAN_POINT ( 'NONE',  ( 4.229360230209762150, 5.307482533055399188, 0.3499999999999998113 ) ) ;
#6749 = SURFACE_SIDE_STYLE ('',( #7334 ) ) ;
#6750 = PLANE ( 'NONE',  #3827 ) ;
#6751 = SURFACE_STYLE_FILL_AREA ( #6604 ) ;
#6752 = VERTEX_POINT ( 'NONE', #5985 ) ;
#6753 = VECTOR ( 'NONE', #403, 1000.000000000000000 ) ;
#6754 = DIRECTION ( 'NONE',  ( -0.000000000000000000, -0.000000000000000000, -1.000000000000000000 ) ) ;
#6755 = ORIENTED_EDGE ( 'NONE', *, *, #2068, .F. ) ;
#6756 = SURFACE_SIDE_STYLE ('',( #2611 ) ) ;
#6757 = PRESENTATION_LAYER_ASSIGNMENT (  '', '', ( #75 ) ) ;
#6758 = ADVANCED_FACE ( 'NONE', ( #592 ), #4761, .F. ) ;
#6759 = CARTESIAN_POINT ( 'NONE',  ( -1.000000000000000000, 2.615493535618376608, 0.3500000000000000333 ) ) ;
#6760 = CARTESIAN_POINT ( 'NONE',  ( 5.863770569720395898, 5.796998266909026754, -0.3500000000000000333 ) ) ;
#6761 = DIRECTION ( 'NONE',  ( -1.000000000000000000, 0.000000000000000000, -0.000000000000000000 ) ) ;
#6762 = ORIENTED_EDGE ( 'NONE', *, *, #1789, .F. ) ;
#6763 = FILL_AREA_STYLE ('',( #1823 ) ) ;
#6764 = STYLED_ITEM ( 'NONE', ( #999 ), #7165 ) ;
#6765 = CARTESIAN_POINT ( 'NONE',  ( 8.579999415201710278, 3.767448265748724268, 0.3499999999999997558 ) ) ;
#6766 = EDGE_CURVE ( 'NONE', #1382, #2298, #1175, .T. ) ;
#6767 = CARTESIAN_POINT ( 'NONE',  ( 3.513046200924452300, 3.450480068927959554, 0.3499999999999999223 ) ) ;
#6768 = ADVANCED_FACE ( 'NONE', ( #2358 ), #519, .F. ) ;
#6769 = VECTOR ( 'NONE', #5790, 1000.000000000000000 ) ;
#6770 = LINE ( 'NONE', #768, #5606 ) ;
#6771 = FACE_OUTER_BOUND ( 'NONE', #5013, .T. ) ;
#6772 = CARTESIAN_POINT ( 'NONE',  ( 8.320000000000000284, 0.8000000000000007105, 0.3499999999999998113 ) ) ;
#6773 = CARTESIAN_POINT ( 'NONE',  ( 5.430000000000000604, 0.000000000000000000, 0.3499999999999999778 ) ) ;
#6774 = FILL_AREA_STYLE ('',( #551 ) ) ;
#6775 = CARTESIAN_POINT ( 'NONE',  ( 0.6867549326077613259, 0.5000000000000000000, -0.6500000000000013545 ) ) ;
#6776 =( LENGTH_UNIT ( ) NAMED_UNIT ( * ) SI_UNIT ( .MILLI., .METRE. ) );
#6777 = ADVANCED_FACE ( 'NONE', ( #695 ), #4428, .T. ) ;
#6778 = ORIENTED_EDGE ( 'NONE', *, *, #2222, .T. ) ;
#6779 = SURFACE_SIDE_STYLE ('',( #4358 ) ) ;
#6780 = MECHANICAL_DESIGN_GEOMETRIC_PRESENTATION_REPRESENTATION (  '', ( #1111 ), #3392 ) ;
#6781 = ORIENTED_EDGE ( 'NONE', *, *, #1346, .T. ) ;
#6782 = SURFACE_STYLE_USAGE ( .BOTH. , #2709 ) ;
#6783 = ORIENTED_EDGE ( 'NONE', *, *, #541, .T. ) ;
#6784 = LINE ( 'NONE', #6828, #7521 ) ;
#6785 = DIRECTION ( 'NONE',  ( 0.000000000000000000, 0.000000000000000000, 1.000000000000000000 ) ) ;
#6786 = EDGE_LOOP ( 'NONE', ( #5381, #6135, #6647, #5992 ) ) ;
#6787 = VECTOR ( 'NONE', #4119, 1000.000000000000000 ) ;
#6788 = DIRECTION ( 'NONE',  ( -1.000000000000000000, 0.000000000000000000, 0.000000000000000000 ) ) ;
#6789 = PLANE ( 'NONE',  #2356 ) ;
#6790 = CARTESIAN_POINT ( 'NONE',  ( 1.540000000000000036, 6.500000000000000888, -0.3500000000000010880 ) ) ;
#6791 = ORIENTED_EDGE ( 'NONE', *, *, #5919, .T. ) ;
#6792 = PLANE ( 'NONE',  #2410 ) ;
#6793 = VERTEX_POINT ( 'NONE', #6207 ) ;
#6794 = EDGE_CURVE ( 'NONE', #4440, #6522, #6130, .T. ) ;
#6795 = DIRECTION ( 'NONE',  ( -0.000000000000000000, 1.668003342285391551E-16, 1.000000000000000000 ) ) ;
#6796 = ORIENTED_EDGE ( 'NONE', *, *, #6864, .T. ) ;
#6797 = PRESENTATION_LAYER_ASSIGNMENT (  '', '', ( #2382 ) ) ;
#6798 = UNCERTAINTY_MEASURE_WITH_UNIT (LENGTH_MEASURE( 1.000000000000000082E-05 ), #3137, 'distance_accuracy_value', 'NONE');
#6799 =( NAMED_UNIT ( * ) SI_UNIT ( $, .STERADIAN. ) SOLID_ANGLE_UNIT ( ) );
#6800 = ADVANCED_FACE ( 'NONE', ( #737 ), #5504, .T. ) ;
#6801 = SURFACE_STYLE_FILL_AREA ( #1387 ) ;
#6802 = EDGE_CURVE ( 'NONE', #2524, #1090, #5203, .T. ) ;
#6803 = CARTESIAN_POINT ( 'NONE',  ( 4.393245067392238745, 0.5000000000000000000, -0.6500000000000013545 ) ) ;
#6804 = ORIENTED_EDGE ( 'NONE', *, *, #5418, .T. ) ;
#6805 = VECTOR ( 'NONE', #260, 1000.000000000000000 ) ;
#6806 = CARTESIAN_POINT ( 'NONE',  ( 8.220000000000000639, 6.299999999999999822, 0.3849999999999997868 ) ) ;
#6807 = CARTESIAN_POINT ( 'NONE',  ( 8.593046200924455036, 3.450480068927960886, 0.3499999999999998668 ) ) ;
#6808 = EDGE_CURVE ( 'NONE', #118, #5071, #5780, .T. ) ;
#6809 = CARTESIAN_POINT ( 'NONE',  ( 9.090000000000001634, 0.5000000000000002220, 0.6500000000000010214 ) ) ;
#6810 = VECTOR ( 'NONE', #1461, 1000.000000000000000 ) ;
#6811 = CARTESIAN_POINT ( 'NONE',  ( 0.9240581407171550854, 4.443591676420198588, -0.3500000000000000333 ) ) ;
#6812 = DIRECTION ( 'NONE',  ( 0.000000000000000000, 0.000000000000000000, 1.000000000000000000 ) ) ;
#6813 = DIRECTION ( 'NONE',  ( -0.000000000000000000, -0.000000000000000000, -1.000000000000000000 ) ) ;
#6814 =( LENGTH_UNIT ( ) NAMED_UNIT ( * ) SI_UNIT ( .MILLI., .METRE. ) );
#6815 = FILL_AREA_STYLE_COLOUR ( '', #5645 ) ;
#6816 = LINE ( 'NONE', #6858, #3430 ) ;
#6817 = EDGE_CURVE ( 'NONE', #6664, #2168, #7648, .T. ) ;
#6818 = VECTOR ( 'NONE', #3821, 1000.000000000000000 ) ;
#6819 = CARTESIAN_POINT ( 'NONE',  ( 9.090000000000001634, 0.5000000000000000000, -0.6499999999999989120 ) ) ;
#6820 = EDGE_CURVE ( 'NONE', #1025, #571, #5160, .T. ) ;
#6821 = ORIENTED_EDGE ( 'NONE', *, *, #7070, .T. ) ;
#6822 = DIRECTION ( 'NONE',  ( 1.000000000000000000, 0.000000000000000000, 0.000000000000000000 ) ) ;
#6823 = STYLED_ITEM ( 'NONE', ( #2544 ), #2282 ) ;
#6824 = FILL_AREA_STYLE ('',( #3273 ) ) ;
#6825 = VERTEX_POINT ( 'NONE', #981 ) ;
#6826 = PRESENTATION_STYLE_ASSIGNMENT (( #271 ) ) ;
#6827 = ORIENTED_EDGE ( 'NONE', *, *, #7804, .T. ) ;
#6828 = CARTESIAN_POINT ( 'NONE',  ( 4.080000000000000071, 0.5000000000000002220, 0.3499999999999998668 ) ) ;
#6829 = CARTESIAN_POINT ( 'NONE',  ( 5.430000000000000604, 0.000000000000000000, -0.3500000000000000333 ) ) ;
#6830 = LINE ( 'NONE', #6138, #1127 ) ;
#6831 = VECTOR ( 'NONE', #5642, 1000.000000000000114 ) ;
#6832 = EDGE_LOOP ( 'NONE', ( #5522, #599, #5715, #4916 ) ) ;
#6833 = VECTOR ( 'NONE', #7313, 1000.000000000000000 ) ;
#6834 = CARTESIAN_POINT ( 'NONE',  ( 4.480000000000000426, 6.299999999999999822, 0.3499999999999998668 ) ) ;
#6835 = CARTESIAN_POINT ( 'NONE',  ( 0.3500000000000000333, 8.199999999999999289, 0.3499999999999999778 ) ) ;
#6836 =( NAMED_UNIT ( * ) PLANE_ANGLE_UNIT ( ) SI_UNIT ( $, .RADIAN. ) );
#6837 = ORIENTED_EDGE ( 'NONE', *, *, #3595, .F. ) ;
#6838 =( NAMED_UNIT ( * ) SI_UNIT ( $, .STERADIAN. ) SOLID_ANGLE_UNIT ( ) );
#6839 = MECHANICAL_DESIGN_GEOMETRIC_PRESENTATION_REPRESENTATION (  '', ( #5820 ), #7448 ) ;
#6840 = ORIENTED_EDGE ( 'NONE', *, *, #734, .F. ) ;
#6841 = ORIENTED_EDGE ( 'NONE', *, *, #2449, .T. ) ;
#6842 = VECTOR ( 'NONE', #6365, 1000.000000000000000 ) ;
#6843 = EDGE_CURVE ( 'NONE', #4677, #6595, #2194, .T. ) ;
#6844 = SURFACE_STYLE_USAGE ( .BOTH. , #6756 ) ;
#6845 = CARTESIAN_POINT ( 'NONE',  ( 6.014825183200147585, 4.263498050148225360, -0.3500000000000000888 ) ) ;
#6846 = FILL_AREA_STYLE_COLOUR ( '', #7637 ) ;
#6847 = VERTEX_POINT ( 'NONE', #2878 ) ;
#6848 =( NAMED_UNIT ( * ) PLANE_ANGLE_UNIT ( ) SI_UNIT ( $, .RADIAN. ) );
#6849 = CARTESIAN_POINT ( 'NONE',  ( -0.6999999999999995115, 0.8000000000000004885, -0.3499999999999999778 ) ) ;
#6850 = VECTOR ( 'NONE', #4214, 1000.000000000000000 ) ;
#6851 = ADVANCED_FACE ( 'NONE', ( #5821 ), #5700, .F. ) ;
#6852 = DIRECTION ( 'NONE',  ( 1.000000000000000000, 0.000000000000000000, 0.000000000000000000 ) ) ;
#6853 = CARTESIAN_POINT ( 'NONE',  ( 1.670384757729337144, 8.500000000000000000, -0.8696152422706631135 ) ) ;
#6854 = CARTESIAN_POINT ( 'NONE',  ( 6.680020115625524113, 4.171275002134293253, 0.3499999999999998668 ) ) ;
#6855 = MECHANICAL_DESIGN_GEOMETRIC_PRESENTATION_REPRESENTATION (  '', ( #7603 ), #1296 ) ;
#6856 = DIRECTION ( 'NONE',  ( -0.000000000000000000, -0.000000000000000000, 1.000000000000000000 ) ) ;
#6857 = SURFACE_STYLE_FILL_AREA ( #5029 ) ;
#6858 = CARTESIAN_POINT ( 'NONE',  ( 1.000000000000000666, 0.8000000000000007105, 0.3499999999999999778 ) ) ;
#6859 = FILL_AREA_STYLE_COLOUR ( '', #6694 ) ;
#6860 = ORIENTED_EDGE ( 'NONE', *, *, #2740, .F. ) ;
#6861 = ADVANCED_FACE ( 'NONE', ( #4631 ), #6338, .T. ) ;
#6862 = COLOUR_RGB ( '',0.000000000000000000, 0.7529411764705882248, 0.000000000000000000 ) ;
#6863 = CARTESIAN_POINT ( 'NONE',  ( 8.119999999999997442, 6.084152315493285279, 0.3499999999999998668 ) ) ;
#6864 = EDGE_CURVE ( 'NONE', #960, #7275, #6468, .T. ) ;
#6865 = LINE ( 'NONE', #4953, #5969 ) ;
#6866 = DIRECTION ( 'NONE',  ( 0.000000000000000000, 1.000000000000000000, -1.668003342285391797E-16 ) ) ;
#6867 = ORIENTED_EDGE ( 'NONE', *, *, #1084, .T. ) ;
#6868 = ORIENTED_EDGE ( 'NONE', *, *, #6501, .F. ) ;
#6869 = SURFACE_SIDE_STYLE ('',( #1449 ) ) ;
#6870 = MECHANICAL_DESIGN_GEOMETRIC_PRESENTATION_REPRESENTATION (  '', ( #5599 ), #5714 ) ;
#6871 = VERTEX_POINT ( 'NONE', #7516 ) ;
#6872 = FACE_OUTER_BOUND ( 'NONE', #3458, .T. ) ;
#6873 = AXIS2_PLACEMENT_3D ( 'NONE', #5025, #2623, #6852 ) ;
#6874 = ADVANCED_FACE ( 'NONE', ( #1604 ), #2112, .F. ) ;
#6875 = LINE ( 'NONE', #6182, #5474 ) ;
#6876 = ORIENTED_EDGE ( 'NONE', *, *, #4980, .T. ) ;
#6877 =( LENGTH_UNIT ( ) NAMED_UNIT ( * ) SI_UNIT ( .MILLI., .METRE. ) );
#6878 = ORIENTED_EDGE ( 'NONE', *, *, #5885, .T. ) ;
#6879 = CARTESIAN_POINT ( 'NONE',  ( 6.620000000000000107, 6.500000000000000888, -0.3500000000000010880 ) ) ;
#6880 = EDGE_CURVE ( 'NONE', #2246, #6064, #2596, .T. ) ;
#6881 = DIRECTION ( 'NONE',  ( -0.5000000000000022204, -0.8660254037844373753, 0.000000000000000000 ) ) ;
#6882 = ORIENTED_EDGE ( 'NONE', *, *, #2456, .F. ) ;
#6883 = DIRECTION ( 'NONE',  ( 1.000000000000000000, 0.000000000000000000, 0.000000000000000000 ) ) ;
#6884 = CARTESIAN_POINT ( 'NONE',  ( 7.020000000000000462, 6.299999999999999822, -0.3500000000000001443 ) ) ;
#6885 = VECTOR ( 'NONE', #780, 1000.000000000000000 ) ;
#6886 = DIRECTION ( 'NONE',  ( 0.6546536707079765316, -0.3779644730092291960, -0.6546536707079765316 ) ) ;
#6887 = CARTESIAN_POINT ( 'NONE',  ( -0.4999999999999985012, 6.299999999999999822, 0.3499999999999999778 ) ) ;
#6888 = DIRECTION ( 'NONE',  ( -1.000000000000000000, 0.000000000000000000, 0.000000000000000000 ) ) ;
#6889 = VERTEX_POINT ( 'NONE', #1132 ) ;
#6890 = DIRECTION ( 'NONE',  ( 0.000000000000000000, 1.668003342285388099E-16, 1.000000000000000000 ) ) ;
#6891 = PRESENTATION_LAYER_ASSIGNMENT (  '', '', ( #4983 ) ) ;
#6892 = DIRECTION ( 'NONE',  ( -1.000000000000000000, -0.000000000000000000, -0.000000000000000000 ) ) ;
#6893 = DIRECTION ( 'NONE',  ( 1.000000000000000000, 0.000000000000000000, 0.000000000000000000 ) ) ;
#6894 = CARTESIAN_POINT ( 'NONE',  ( 6.695941859282681818, 4.443591676418676251, 0.3499999999999997558 ) ) ;
#6895 = MECHANICAL_DESIGN_GEOMETRIC_PRESENTATION_REPRESENTATION (  '', ( #7510 ), #3727 ) ;
#6896 = FILL_AREA_STYLE_COLOUR ( '', #3414 ) ;
#6897 = B_SPLINE_CURVE_WITH_KNOTS ( 'NONE', 3,
 ( #1474, #1937, #1973, #6767, #2539, #2694, #3260, #2017, #3763, #6239, #1395, #6158, #5106, #810, #4984, #5660, #4391, #2579, #850, #254, #4942, #5692, #3923, #7464, #4505, #2657, #7351, #7424, #6281, #894, #935, #2056, #5060 ),
 .UNSPECIFIED., .F., .F.,
 ( 4, 1, 1, 1, 1, 1, 1, 2, 2, 1, 1, 1, 1, 1, 2, 2, 1, 1, 1, 1, 1, 1, 2, 2, 4 ),
 ( 0.000000000000000000, 0.2500000000000361933, 0.3750000000000542899, 0.4375000000000633382, 0.4687500000000678346, 0.4843750000000696665, 0.4921875000000702771, 0.4960937500000705547, 0.5000000000000708322, 0.6250000000000717204, 0.6875000000000718314, 0.7187500000000719425, 0.7343750000000720535, 0.7421875000000720535, 0.7460937500000717204, 0.7500000000000713873, 0.8125000000000683897, 0.8437500000000672795, 0.8593750000000668354, 0.8671875000000666134, 0.8710937500000665024, 0.8730468750000660583, 0.8740234375000656142, 0.8750000000000650591, 1.000000000000000000 ),
 .UNSPECIFIED. ) ;
#6898 = CARTESIAN_POINT ( 'NONE',  ( 7.270000000000001350, -2.800000000000001155, -0.3500000000000001443 ) ) ;
#6899 =( NAMED_UNIT ( * ) SI_UNIT ( $, .STERADIAN. ) SOLID_ANGLE_UNIT ( ) );
#6900 = EDGE_CURVE ( 'NONE', #611, #1532, #3117, .T. ) ;
#6901 = B_SPLINE_CURVE_WITH_KNOTS ( 'NONE', 3,
 ( #7579, #7005, #1661, #1544 ),
 .UNSPECIFIED., .F., .F.,
 ( 4, 4 ),
 ( 0.000000000000000000, 1.000000000000000000 ),
 .UNSPECIFIED. ) ;
#6902 = ORIENTED_EDGE ( 'NONE', *, *, #4636, .F. ) ;
#6903 = DIRECTION ( 'NONE',  ( 0.000000000000000000, -1.000000000000000000, 1.668003342285391797E-16 ) ) ;
#6904 = CARTESIAN_POINT ( 'NONE',  ( 9.090000000000001634, 0.5000000000000000000, -0.6499999999999989120 ) ) ;
#6905 = ORIENTED_EDGE ( 'NONE', *, *, #2875, .F. ) ;
#6906 = CARTESIAN_POINT ( 'NONE',  ( 0.3252558198818050195, 5.589454083063163381, -0.3499999999999999778 ) ) ;
#6907 = EDGE_CURVE ( 'NONE', #1245, #7555, #2846, .T. ) ;
#6908 = CLOSED_SHELL ( 'NONE', ( #2905, #1576, #3482, #3321, #6216, #6016, #6476, #3343, #708, #5974, #7149, #5204, #1160, #433, #7566, #4858, #3856, #6800, #7381, #2177, #4742, #3355, #7679 ) ) ;
#6909 = ORIENTED_EDGE ( 'NONE', *, *, #4151, .F. ) ;
#6910 = DIRECTION ( 'NONE',  ( -0.000000000000000000, -0.000000000000000000, -1.000000000000000000 ) ) ;
#6911 = STYLED_ITEM ( 'NONE', ( #4692 ), #7381 ) ;
#6912 = CARTESIAN_POINT ( 'NONE',  ( -1.469999999999999973, 0.000000000000000000, 1.199999999999999956 ) ) ;
#6913 = EDGE_CURVE ( 'NONE', #980, #906, #15, .T. ) ;
#6914 = VERTEX_POINT ( 'NONE', #1235 ) ;
#6915 = ADVANCED_FACE ( 'NONE', ( #4123 ), #1790, .T. ) ;
#6916 = DIRECTION ( 'NONE',  ( 1.000000000000000000, 0.000000000000000000, 0.000000000000000000 ) ) ;
#6917 = DIRECTION ( 'NONE',  ( 0.000000000000000000, 0.000000000000000000, -1.000000000000000000 ) ) ;
#6918 = PRESENTATION_STYLE_ASSIGNMENT (( #197 ) ) ;
#6919 = VERTEX_POINT ( 'NONE', #1712 ) ;
#6920 = VERTEX_POINT ( 'NONE', #134 ) ;
#6921 = PLANE ( 'NONE',  #4786 ) ;
#6922 = FILL_AREA_STYLE ('',( #7493 ) ) ;
#6923 = EDGE_CURVE ( 'NONE', #7397, #4020, #5763, .T. ) ;
#6924 = ORIENTED_EDGE ( 'NONE', *, *, #7080, .F. ) ;
#6925 = UNCERTAINTY_MEASURE_WITH_UNIT (LENGTH_MEASURE( 1.000000000000000082E-05 ), #5580, 'distance_accuracy_value', 'NONE');
#6926 = CARTESIAN_POINT ( 'NONE',  ( 6.920000000000000817, 0.8000000000000004885, 0.3499999999999998113 ) ) ;
#6927 = DIRECTION ( 'NONE',  ( -0.000000000000000000, -1.000000000000000000, 1.668003342285391551E-16 ) ) ;
#6928 = AXIS2_PLACEMENT_3D ( 'NONE', #429, #1709, #576 ) ;
#6929 = CARTESIAN_POINT ( 'NONE',  ( -0.3500000000000000333, 8.199999999999999289, 0.3499999999999999778 ) ) ;
#6930 = PLANE ( 'NONE',  #6942 ) ;
#6931 = SURFACE_STYLE_FILL_AREA ( #337 ) ;
#6932 = VERTEX_POINT ( 'NONE', #7537 ) ;
#6933 = VERTEX_POINT ( 'NONE', #1276 ) ;
#6934 = FILL_AREA_STYLE_COLOUR ( '', #2537 ) ;
#6935 = PLANE ( 'NONE',  #3645 ) ;
#6936 = SURFACE_STYLE_USAGE ( .BOTH. , #4585 ) ;
#6937 = SURFACE_SIDE_STYLE ('',( #4662 ) ) ;
#6938 = CARTESIAN_POINT ( 'NONE',  ( 1.853245067392238710, 8.000000000000000000, 0.6500000000000000222 ) ) ;
#6939 = CARTESIAN_POINT ( 'NONE',  ( -1.469999999999999973, 1.601149768326593145E-16, 0.6500000000000012434 ) ) ;
#6940 = SURFACE_STYLE_USAGE ( .BOTH. , #3849 ) ;
#6941 = EDGE_LOOP ( 'NONE', ( #4367, #7748, #763, #5529 ) ) ;
#6942 = AXIS2_PLACEMENT_3D ( 'NONE', #5099, #2727, #2179 ) ;
#6943 = SURFACE_STYLE_FILL_AREA ( #1021 ) ;
#6944 = LINE ( 'NONE', #1641, #2452 ) ;
#6945 = DIRECTION ( 'NONE',  ( 1.000000000000000000, 0.000000000000000000, 0.000000000000000000 ) ) ;
#6946 = ORIENTED_EDGE ( 'NONE', *, *, #1304, .T. ) ;
#6947 = LINE ( 'NONE', #7520, #4313 ) ;
#6948 =( GEOMETRIC_REPRESENTATION_CONTEXT ( 3 ) GLOBAL_UNCERTAINTY_ASSIGNED_CONTEXT ( ( #6798 ) ) GLOBAL_UNIT_ASSIGNED_CONTEXT ( ( #3137, #128, #3904 ) ) REPRESENTATION_CONTEXT ( 'NONE', 'WORKASPACE' ) );
#6949 = ORIENTED_EDGE ( 'NONE', *, *, #6880, .T. ) ;
#6950 = FACE_OUTER_BOUND ( 'NONE', #6786, .T. ) ;
#6951 = LINE ( 'NONE', #1530, #7567 ) ;
#6952 = VERTEX_POINT ( 'NONE', #4535 ) ;
#6953 = APPLICATION_CONTEXT ( 'automotive_design' ) ;
#6954 = PRESENTATION_LAYER_ASSIGNMENT (  '', '', ( #5188 ) ) ;
#6955 = CYLINDRICAL_SURFACE ( 'NONE', #1211, 0.2000000000000000944 ) ;
#6956 = FILL_AREA_STYLE_COLOUR ( '', #1222 ) ;
#6957 = DIRECTION ( 'NONE',  ( 1.000000000000000000, 0.000000000000000000, 0.000000000000000000 ) ) ;
#6958 = EDGE_CURVE ( 'NONE', #4372, #753, #3594, .T. ) ;
#6959 = ORIENTED_EDGE ( 'NONE', *, *, #6206, .F. ) ;
#6960 = CARTESIAN_POINT ( 'NONE',  ( 8.620000000000000995, 1.800000000000000488, 0.3499999999999998113 ) ) ;
#6961 = UNCERTAINTY_MEASURE_WITH_UNIT (LENGTH_MEASURE( 1.000000000000000082E-05 ), #4625, 'distance_accuracy_value', 'NONE');
#6962 = VERTEX_POINT ( 'NONE', #3291 ) ;
#6963 = CARTESIAN_POINT ( 'NONE',  ( 7.270000000000000462, -1.084202172485501815E-17, 0.3499999999999998113 ) ) ;
#6964 = VECTOR ( 'NONE', #942, 1000.000000000000000 ) ;
#6965 = AXIS2_PLACEMENT_3D ( 'NONE', #4559, #3540, #6658 ) ;
#6966 = CARTESIAN_POINT ( 'NONE',  ( 5.430000000000000604, -2.800000000000001155, -0.3500000000000000888 ) ) ;
#6967 = ORIENTED_EDGE ( 'NONE', *, *, #7811, .T. ) ;
#6968 = CARTESIAN_POINT ( 'NONE',  ( 8.620000000000000995, 0.8000000000000007105, 0.3499999999999998113 ) ) ;
#6969 = CARTESIAN_POINT ( 'NONE',  ( 7.020000000000000462, 6.299999999999999822, 0.3499999999999998113 ) ) ;
#6970 = PRESENTATION_LAYER_ASSIGNMENT (  '', '', ( #2412 ) ) ;
#6971 = CARTESIAN_POINT ( 'NONE',  ( -1.000000000000000000, 0.5000000000000000000, -0.3500000000000000888 ) ) ;
#6972 = LINE ( 'NONE', #5653, #25 ) ;
#6973 = CARTESIAN_POINT ( 'NONE',  ( 6.920000000000000817, 0.5000000000000004441, -0.3500000000000001443 ) ) ;
#6974 = ORIENTED_EDGE ( 'NONE', *, *, #5988, .T. ) ;
#6975 = VERTEX_POINT ( 'NONE', #4900 ) ;
#6976 = CARTESIAN_POINT ( 'NONE',  ( 3.061845733883979737, 5.626229152235330488, 0.3499999999999999223 ) ) ;
#6977 = CIRCLE ( 'NONE', #2667, 0.1999999999999999833 ) ;
#6978 = EDGE_CURVE ( 'NONE', #6481, #5757, #6119, .T. ) ;
#6979 = CARTESIAN_POINT ( 'NONE',  ( -0.9999999999999995559, 1.800000000000000488, 0.3849999999999999534 ) ) ;
#6980 = CIRCLE ( 'NONE', #5322, 0.2000000000000005107 ) ;
#6981 = CARTESIAN_POINT ( 'NONE',  ( 1.540000000000000924, 6.299999999999999822, 0.1283333333333335213 ) ) ;
#6982 = CARTESIAN_POINT ( 'NONE',  ( 4.393245067392238745, 10.39117142264903570, 0.3499999999999983125 ) ) ;
#6983 = DIRECTION ( 'NONE',  ( -0.000000000000000000, -0.000000000000000000, -1.000000000000000000 ) ) ;
#6984 = CARTESIAN_POINT ( 'NONE',  ( 7.270000000000000462, 8.000000000000000000, 0.3499999999999999778 ) ) ;
#6985 = ORIENTED_EDGE ( 'NONE', *, *, #1594, .T. ) ;
#6986 = CARTESIAN_POINT ( 'NONE',  ( 4.480000000000000426, 6.299999999999999822, -0.3849999999999999534 ) ) ;
#6987 = VECTOR ( 'NONE', #907, 1000.000000000000000 ) ;
#6988 = CARTESIAN_POINT ( 'NONE',  ( -0.9599994152017123916, 3.767448265748938763, -0.3499999999999999778 ) ) ;
#6989 = VERTEX_POINT ( 'NONE', #3376 ) ;
#6990 = VECTOR ( 'NONE', #20, 1000.000000000000000 ) ;
#6991 = ORIENTED_EDGE ( 'NONE', *, *, #6334, .F. ) ;
#6992 = SURFACE_STYLE_FILL_AREA ( #5171 ) ;
#6993 = CARTESIAN_POINT ( 'NONE',  ( 8.220000000000000639, 6.299999999999999822, -0.3500000000000001443 ) ) ;
#6994 = SURFACE_STYLE_FILL_AREA ( #3406 ) ;
#6995 = VECTOR ( 'NONE', #2706, 1000.000000000000000 ) ;
#6996 = EDGE_LOOP ( 'NONE', ( #3170, #2903, #6442, #5961 ) ) ;
#6997 = LINE ( 'NONE', #6399, #4568 ) ;
#6998 = ORIENTED_EDGE ( 'NONE', *, *, #2630, .T. ) ;
#6999 = CARTESIAN_POINT ( 'NONE',  ( 3.320569551971561673, 5.815522798723455900, -0.3500000000000000333 ) ) ;
#7000 = CARTESIAN_POINT ( 'NONE',  ( 8.220000000000000639, 6.299999999999999822, -0.3850000000000001199 ) ) ;
#7001 = EDGE_CURVE ( 'NONE', #6705, #6210, #374, .T. ) ;
#7002 =( NAMED_UNIT ( * ) SI_UNIT ( $, .STERADIAN. ) SOLID_ANGLE_UNIT ( ) );
#7003 = ORIENTED_EDGE ( 'NONE', *, *, #1442, .T. ) ;
#7004 =( GEOMETRIC_REPRESENTATION_CONTEXT ( 3 ) GLOBAL_UNCERTAINTY_ASSIGNED_CONTEXT ( ( #3550 ) ) GLOBAL_UNIT_ASSIGNED_CONTEXT ( ( #1566, #6469, #6340 ) ) REPRESENTATION_CONTEXT ( 'NONE', 'WORKASPACE' ) );
#7005 = CARTESIAN_POINT ( 'NONE',  ( -0.9999999999999995559, 1.800000000000000044, 0.1166666666666665853 ) ) ;
#7006 = CARTESIAN_POINT ( 'NONE',  ( 4.134703062804453211, 4.071564961060444077, -0.3500000000000000333 ) ) ;
#7007 = CARTESIAN_POINT ( 'NONE',  ( 2.076643101092097154, 1.700000000000002398, 0.3499999999999999778 ) ) ;
#7008 = CARTESIAN_POINT ( 'NONE',  ( 4.080000000000000959, 0.8000000000000004885, 0.3499999999999998668 ) ) ;
#7009 = FILL_AREA_STYLE_COLOUR ( '', #4107 ) ;
#7010 = ORIENTED_EDGE ( 'NONE', *, *, #3148, .F. ) ;
#7011 = VECTOR ( 'NONE', #495, 1000.000000000000000 ) ;
#7012 = VERTEX_POINT ( 'NONE', #6362 ) ;
#7013 = ADVANCED_FACE ( 'NONE', ( #3723 ), #4271, .F. ) ;
#7014 = AXIS2_PLACEMENT_3D ( 'NONE', #2880, #4126, #2274 ) ;
#7015 = CARTESIAN_POINT ( 'NONE',  ( 3.409615242270663149, 8.500000000000000000, 0.000000000000000000 ) ) ;
#7016 = CARTESIAN_POINT ( 'NONE',  ( 8.489615242270662776, 8.500000000000000000, -0.8696152422706632246 ) ) ;
#7017 = DIRECTION ( 'NONE',  ( 1.000000000000000000, 0.000000000000000000, 0.000000000000000000 ) ) ;
#7018 = CARTESIAN_POINT ( 'NONE',  ( 8.083356898907899435, 1.699999999999999734, 0.3499999999999997558 ) ) ;
#7019 = PRESENTATION_STYLE_ASSIGNMENT (( #3846 ) ) ;
#7020 = AXIS2_PLACEMENT_3D ( 'NONE', #4579, #5190, #2097 ) ;
#7021 = CARTESIAN_POINT ( 'NONE',  ( 7.969999999999999751, 8.000000000000000000, 0.3499999999999999778 ) ) ;
#7022 = LINE ( 'NONE', #1601, #5948 ) ;
#7023 = ORIENTED_EDGE ( 'NONE', *, *, #3384, .T. ) ;
#7024 = COLOUR_RGB ( '',0.8313725490196077761, 0.6705882352941175961, 0.1294117647058823373 ) ;
#7025 = LINE ( 'NONE', #6388, #3344 ) ;
#7026 = CARTESIAN_POINT ( 'NONE',  ( -0.9730462009244510435, 3.450480068928324595, -0.3499999999999999778 ) ) ;
#7027 = ORIENTED_EDGE ( 'NONE', *, *, #4842, .T. ) ;
#7028 = SURFACE_STYLE_FILL_AREA ( #3939 ) ;
#7029 = DIRECTION ( 'NONE',  ( -1.000000000000000000, 0.000000000000000000, 0.000000000000000000 ) ) ;
#7030 = VECTOR ( 'NONE', #4069, 1000.000000000000000 ) ;
#7031 = ORIENTED_EDGE ( 'NONE', *, *, #1981, .T. ) ;
#7032 = SURFACE_SIDE_STYLE ('',( #2757 ) ) ;
#7033 = AXIS2_PLACEMENT_3D ( 'NONE', #6835, #3785, #1922 ) ;
#7034 = EDGE_LOOP ( 'NONE', ( #709, #4411, #3903, #1583 ) ) ;
#7035 = PLANE ( 'NONE',  #5073 ) ;
#7036 = ORIENTED_EDGE ( 'NONE', *, *, #6502, .F. ) ;
#7037 = CARTESIAN_POINT ( 'NONE',  ( -0.6867549326077613259, 8.000000000000000000, -0.6500000000000030198 ) ) ;
#7038 = DIRECTION ( 'NONE',  ( 0.000000000000000000, -1.668003342285391551E-16, -1.000000000000000000 ) ) ;
#7039 = VERTEX_POINT ( 'NONE', #2538 ) ;
#7040 = DIRECTION ( 'NONE',  ( 1.121588454295349533E-16, -1.000000000000000000, 0.000000000000000000 ) ) ;
#7041 = CARTESIAN_POINT ( 'NONE',  ( 4.270497576386657279, 5.635051924202448603, -0.3500000000000000888 ) ) ;
#7042 = EDGE_CURVE ( 'NONE', #7058, #6032, #3954, .T. ) ;
#7043 = DIRECTION ( 'NONE',  ( 1.000000000000000000, 0.000000000000000000, 0.000000000000000000 ) ) ;
#7044 = CARTESIAN_POINT ( 'NONE',  ( 8.619999999999999218, 0.5000000000000000000, -0.3500000000000000888 ) ) ;
#7045 = CARTESIAN_POINT ( 'NONE',  ( 1.566953799075549103, 3.450480068928325927, -0.3500000000000001443 ) ) ;
#7046 = AXIS2_PLACEMENT_3D ( 'NONE', #4988, #6088, #4867 ) ;
#7047 = EDGE_CURVE ( 'NONE', #2234, #7105, #4941, .T. ) ;
#7048 = LINE ( 'NONE', #6322, #6381 ) ;
#7049 = ORIENTED_EDGE ( 'NONE', *, *, #1650, .T. ) ;
#7050 = ORIENTED_EDGE ( 'NONE', *, *, #734, .T. ) ;
#7051 = PLANE ( 'NONE',  #1781 ) ;
#7052 = EDGE_CURVE ( 'NONE', #5270, #6746, #6269, .T. ) ;
#7053 = EDGE_CURVE ( 'NONE', #6975, #320, #1504, .T. ) ;
#7054 = CARTESIAN_POINT ( 'NONE',  ( 8.306754932607761432, 0.5000000000000002220, 0.6500000000000010214 ) ) ;
#7055 = SURFACE_SIDE_STYLE ('',( #4749 ) ) ;
#7056 = CARTESIAN_POINT ( 'NONE',  ( 0.3218457338839795234, 5.626229152235330488, -0.3499999999999999778 ) ) ;
#7057 = PRESENTATION_STYLE_ASSIGNMENT (( #5158 ) ) ;
#7058 = VERTEX_POINT ( 'NONE', #2686 ) ;
#7059 =( NAMED_UNIT ( * ) SI_UNIT ( $, .STERADIAN. ) SOLID_ANGLE_UNIT ( ) );
#7060 = DIRECTION ( 'NONE',  ( -0.7071067811865461294, -0.7071067811865490160, 0.000000000000000000 ) ) ;
#7061 = ORIENTED_EDGE ( 'NONE', *, *, #7574, .T. ) ;
#7062 = DIRECTION ( 'NONE',  ( 0.000000000000000000, 0.000000000000000000, 1.000000000000000000 ) ) ;
#7063 = DIRECTION ( 'NONE',  ( -3.872150616019675597E-17, -0.8660254037844373753, -0.5000000000000022204 ) ) ;
#7064 = DIRECTION ( 'NONE',  ( 0.000000000000000000, -0.000000000000000000, -1.000000000000000000 ) ) ;
#7065 = AXIS2_PLACEMENT_3D ( 'NONE', #219, #2662, #3263 ) ;
#7066 = EDGE_LOOP ( 'NONE', ( #3234, #3440, #922, #7409, #3109, #6090, #5647, #1764 ) ) ;
#7067 = B_SPLINE_CURVE_WITH_KNOTS ( 'NONE', 3,
 ( #1932, #3296, #3718, #2652 ),
 .UNSPECIFIED., .F., .F.,
 ( 4, 4 ),
 ( 0.000000000000000000, 1.000000000000000000 ),
 .UNSPECIFIED. ) ;
#7068 =( LENGTH_UNIT ( ) NAMED_UNIT ( * ) SI_UNIT ( .MILLI., .METRE. ) );
#7069 = CARTESIAN_POINT ( 'NONE',  ( 8.141845733883979364, 5.626229152235330488, -0.3500000000000001443 ) ) ;
#7070 = EDGE_CURVE ( 'NONE', #4677, #2192, #2478, .T. ) ;
#7071 = ORIENTED_EDGE ( 'NONE', *, *, #6659, .F. ) ;
#7072 = DIRECTION ( 'NONE',  ( 0.000000000000000000, -0.000000000000000000, -1.000000000000000000 ) ) ;
#7073 = EDGE_LOOP ( 'NONE', ( #6563, #643, #2988, #2691 ) ) ;
#7074 = CARTESIAN_POINT ( 'NONE',  ( 4.729999999999999538, 0.000000000000000000, -0.3499999999999999778 ) ) ;
#7075 = SURFACE_SIDE_STYLE ('',( #2014 ) ) ;
#7076 = FILL_AREA_STYLE ('',( #2249 ) ) ;
#7077 = ORIENTED_EDGE ( 'NONE', *, *, #3900, .F. ) ;
#7078 = AXIS2_PLACEMENT_3D ( 'NONE', #2842, #4722, #2922 ) ;
#7079 =( LENGTH_UNIT ( ) NAMED_UNIT ( * ) SI_UNIT ( .MILLI., .METRE. ) );
#7080 = EDGE_CURVE ( 'NONE', #2221, #3393, #332, .T. ) ;
#7081 = DIRECTION ( 'NONE',  ( 0.7071067811865474617, 0.7071067811865474617, -0.000000000000000000 ) ) ;
#7082 = CARTESIAN_POINT ( 'NONE',  ( -0.3525240155457798341, 5.732672356334980179, -0.3499999999999999778 ) ) ;
#7083 = FACE_OUTER_BOUND ( 'NONE', #1959, .T. ) ;
#7084 = AXIS2_PLACEMENT_3D ( 'NONE', #3693, #4203, #7216 ) ;
#7085 = ORIENTED_EDGE ( 'NONE', *, *, #2552, .T. ) ;
#7086 = ORIENTED_EDGE ( 'NONE', *, *, #1265, .F. ) ;
#7087 =( LENGTH_UNIT ( ) NAMED_UNIT ( * ) SI_UNIT ( .MILLI., .METRE. ) );
#7088 = STYLED_ITEM ( 'NONE', ( #4073 ), #3663 ) ;
#7089 = VECTOR ( 'NONE', #3182, 1000.000000000000000 ) ;
#7090 = CARTESIAN_POINT ( 'NONE',  ( 0.5218457338839795900, 5.626229152235330488, 0.000000000000000000 ) ) ;
#7091 = CARTESIAN_POINT ( 'NONE',  ( 0.8615757348916189828, 5.204467366490783675, 0.3500000000000000333 ) ) ;
#7092 = LINE ( 'NONE', #5775, #1383 ) ;
#7093 = AXIS2_PLACEMENT_3D ( 'NONE', #5797, #7038, #5137 ) ;
#7094 = CARTESIAN_POINT ( 'NONE',  ( 9.090000000000001634, 0.5000000000000000000, -0.6499999999999989120 ) ) ;
#7095 = FILL_AREA_STYLE ('',( #5282 ) ) ;
#7096 = ORIENTED_EDGE ( 'NONE', *, *, #634, .T. ) ;
#7097 = SURFACE_SIDE_STYLE ('',( #6943 ) ) ;
#7098 = SURFACE_SIDE_STYLE ('',( #7558 ) ) ;
#7099 = PRESENTATION_STYLE_ASSIGNMENT (( #7435 ) ) ;
#7100 = CARTESIAN_POINT ( 'NONE',  ( 1.540000000000000036, 0.5000000000000000000, -0.3500000000000000888 ) ) ;
#7101 = ORIENTED_EDGE ( 'NONE', *, *, #2275, .F. ) ;
#7102 = VECTOR ( 'NONE', #985, 1000.000000000000000 ) ;
#7103 = DIRECTION ( 'NONE',  ( -1.000000000000000000, 0.000000000000000000, 0.000000000000000000 ) ) ;
#7104 = CARTESIAN_POINT ( 'NONE',  ( 3.226754932607761361, 6.500000000000000888, -0.6500000000000017986 ) ) ;
#7105 = VERTEX_POINT ( 'NONE', #713 ) ;
#7106 = DIRECTION ( 'NONE',  ( -1.000000000000000000, 0.000000000000000000, 0.000000000000000000 ) ) ;
#7107 = ORIENTED_EDGE ( 'NONE', *, *, #7350, .F. ) ;
#7108 = UNCERTAINTY_MEASURE_WITH_UNIT (LENGTH_MEASURE( 1.000000000000000082E-05 ), #2983, 'distance_accuracy_value', 'NONE');
#7109 = DIRECTION ( 'NONE',  ( 1.000000000000000000, -0.000000000000000000, 0.000000000000000000 ) ) ;
#7110 = FILL_AREA_STYLE ('',( #7188 ) ) ;
#7111 = DIRECTION ( 'NONE',  ( 0.000000000000000000, -1.000000000000000000, 0.000000000000000000 ) ) ;
#7112 = ORIENTED_EDGE ( 'NONE', *, *, #6163, .T. ) ;
#7113 = CARTESIAN_POINT ( 'NONE',  ( 5.680000000000000604, 6.299999999999999822, 0.1283333333333332160 ) ) ;
#7114 = CARTESIAN_POINT ( 'NONE',  ( 1.575000000000001066, -1.575000000000001066, 0.3499999999999999778 ) ) ;
#7115 =( NAMED_UNIT ( * ) PLANE_ANGLE_UNIT ( ) SI_UNIT ( $, .RADIAN. ) );
#7116 = ORIENTED_EDGE ( 'NONE', *, *, #1660, .F. ) ;
#7117 = ORIENTED_EDGE ( 'NONE', *, *, #6659, .T. ) ;
#7118 = DIRECTION ( 'NONE',  ( -3.097720492815726426E-17, 1.000000000000000000, 0.000000000000000000 ) ) ;
#7119 = STYLED_ITEM ( 'NONE', ( #383 ), #5464 ) ;
#7120 = EDGE_CURVE ( 'NONE', #5904, #4797, #3251, .T. ) ;
#7121 = STYLED_ITEM ( 'NONE', ( #7751 ), #5574 ) ;
#7122 = CARTESIAN_POINT ( 'NONE',  ( 9.090000000000001634, 0.000000000000000000, -0.6499999999999991340 ) ) ;
#7123 =( NAMED_UNIT ( * ) SI_UNIT ( $, .STERADIAN. ) SOLID_ANGLE_UNIT ( ) );
#7124 = CARTESIAN_POINT ( 'NONE',  ( 8.420167876875765955, 5.699693040755677842, -0.3500000000000000333 ) ) ;
#7125 = CARTESIAN_POINT ( 'NONE',  ( 1.940000000000000835, 6.299999999999999822, 0.1166666666666665297 ) ) ;
#7126 = CARTESIAN_POINT ( 'NONE',  ( 6.080000000000000959, 1.121588454295350273E-16, -0.3500000000000000888 ) ) ;
#7127 = CARTESIAN_POINT ( 'NONE',  ( 2.540000000000000036, 0.5000000000000005551, -0.3500000000000000333 ) ) ;
#7128 = ORIENTED_EDGE ( 'NONE', *, *, #5725, .F. ) ;
#7129 = CARTESIAN_POINT ( 'NONE',  ( 1.639306504786380403, 4.786369049942375220, 0.3499999999999999223 ) ) ;
#7130 = DIRECTION ( 'NONE',  ( -0.000000000000000000, 0.000000000000000000, 1.000000000000000000 ) ) ;
#7131 = FACE_OUTER_BOUND ( 'NONE', #1575, .T. ) ;
#7132 = ADVANCED_FACE ( 'NONE', ( #123 ), #167, .T. ) ;
#7133 = AXIS2_PLACEMENT_3D ( 'NONE', #1995, #789, #2677 ) ;
#7134 = FACE_OUTER_BOUND ( 'NONE', #2591, .T. ) ;
#7135 = CARTESIAN_POINT ( 'NONE',  ( 3.061845733883979737, 5.626229152235330488, -0.3500000000000000333 ) ) ;
#7136 = UNCERTAINTY_MEASURE_WITH_UNIT (LENGTH_MEASURE( 1.000000000000000082E-05 ), #1935, 'distance_accuracy_value', 'NONE');
#7137 = ORIENTED_EDGE ( 'NONE', *, *, #7438, .T. ) ;
#7138 = AXIS2_PLACEMENT_3D ( 'NONE', #7219, #4800, #1800 ) ;
#7139 = EDGE_CURVE ( 'NONE', #7058, #5256, #1463, .T. ) ;
#7140 =( NAMED_UNIT ( * ) PLANE_ANGLE_UNIT ( ) SI_UNIT ( $, .RADIAN. ) );
#7141 = DIRECTION ( 'NONE',  ( 0.000000000000000000, 0.000000000000000000, 1.000000000000000000 ) ) ;
#7142 = ADVANCED_FACE ( 'NONE', ( #1303 ), #5538, .F. ) ;
#7143 = ORIENTED_EDGE ( 'NONE', *, *, #634, .F. ) ;
#7144 = CARTESIAN_POINT ( 'NONE',  ( 7.270000000000000462, 0.000000000000000000, 0.3499999999999999778 ) ) ;
#7145 = ORIENTED_EDGE ( 'NONE', *, *, #2236, .F. ) ;
#7146 = CARTESIAN_POINT ( 'NONE',  ( 2.040000000000001812, 6.084152315493286167, -0.3499999999999999778 ) ) ;
#7147 = EDGE_CURVE ( 'NONE', #324, #4322, #156, .T. ) ;
#7148 =( LENGTH_UNIT ( ) NAMED_UNIT ( * ) SI_UNIT ( .MILLI., .METRE. ) );
#7149 = ADVANCED_FACE ( 'NONE', ( #2571 ), #2007, .F. ) ;
#7150 = ORIENTED_EDGE ( 'NONE', *, *, #243, .F. ) ;
#7151 =( LENGTH_UNIT ( ) NAMED_UNIT ( * ) SI_UNIT ( .MILLI., .METRE. ) );
#7152 = MECHANICAL_DESIGN_GEOMETRIC_PRESENTATION_REPRESENTATION (  '', ( #2732 ), #3498 ) ;
#7153 =( BOUNDED_CURVE ( )  B_SPLINE_CURVE ( 3, ( #2490, #2008, #1267, #1385, #3133, #82, #3796 ),
 .UNSPECIFIED., .F., .F. ) 
 B_SPLINE_CURVE_WITH_KNOTS ( ( 4, 3, 4 ),
 ( 0.8078321013870645162, 3.141592653589793116, 5.475353205792521827 ),
 .UNSPECIFIED. ) 
 CURVE ( )  GEOMETRIC_REPRESENTATION_ITEM ( )  RATIONAL_B_SPLINE_CURVE ( ( 1.000000000000000000, 0.5953481791230077480, 0.5953481791230077480, 1.000000000000000000, 0.5953481791230077480, 0.5953481791230077480, 1.000000000000000000 ) ) 
 REPRESENTATION_ITEM ( '' )  );
#7154 = SURFACE_SIDE_STYLE ('',( #2812 ) ) ;
#7155 = EDGE_CURVE ( 'NONE', #5170, #902, #6230, .T. ) ;
#7156 = CARTESIAN_POINT ( 'NONE',  ( 0.000000000000000000, 6.500000000000000888, -1.155688030012021264E-15 ) ) ;
#7157 = CARTESIAN_POINT ( 'NONE',  ( 5.130000000000000782, 8.026794919243110726, 0.05000000000000002359 ) ) ;
#7158 = ORIENTED_EDGE ( 'NONE', *, *, #2449, .F. ) ;
#7159 = VERTEX_POINT ( 'NONE', #415 ) ;
#7160 = UNCERTAINTY_MEASURE_WITH_UNIT (LENGTH_MEASURE( 1.000000000000000082E-05 ), #5215, 'distance_accuracy_value', 'NONE');
#7161 = VECTOR ( 'NONE', #3243, 1000.000000000000000 ) ;
#7162 = VECTOR ( 'NONE', #4324, 1000.000000000000000 ) ;
#7163 = CARTESIAN_POINT ( 'NONE',  ( -1.000000000000000000, 6.500000000000000888, -0.3500000000000010880 ) ) ;
#7164 = PRESENTATION_STYLE_ASSIGNMENT (( #4854 ) ) ;
#7165 = MANIFOLD_SOLID_BREP ( 'LPattern18[2]', #6908 ) ;
#7166 = CARTESIAN_POINT ( 'NONE',  ( 1.540000000000000924, 6.299999999999999822, -0.1283333333333335491 ) ) ;
#7167 =( LENGTH_UNIT ( ) NAMED_UNIT ( * ) SI_UNIT ( .MILLI., .METRE. ) );
#7168 = SURFACE_STYLE_USAGE ( .BOTH. , #7055 ) ;
#7169 = DIRECTION ( 'NONE',  ( 0.000000000000000000, 1.000000000000000000, -3.097720492815727166E-16 ) ) ;
#7170 = MECHANICAL_DESIGN_GEOMETRIC_PRESENTATION_REPRESENTATION (  '', ( #2894 ), #738 ) ;
#7171 = VERTEX_POINT ( 'NONE', #2811 ) ;
#7172 = CARTESIAN_POINT ( 'NONE',  ( 4.930000000000001492, -3.000000000000000000, -0.3500000000000000888 ) ) ;
#7173 =( NAMED_UNIT ( * ) PLANE_ANGLE_UNIT ( ) SI_UNIT ( $, .RADIAN. ) );
#7174 = CARTESIAN_POINT ( 'NONE',  ( 1.000000000000000000, 6.500000000000000888, -0.3500000000000010880 ) ) ;
#7175 = SURFACE_STYLE_USAGE ( .BOTH. , #4164 ) ;
#7176 = FILL_AREA_STYLE ('',( #7727 ) ) ;
#7177 = CARTESIAN_POINT ( 'NONE',  ( 3.226754932607761361, 10.39117142264903570, -0.6500000000000030198 ) ) ;
#7178 = EDGE_LOOP ( 'NONE', ( #6095, #1489, #7472, #5416 ) ) ;
#7179 = ADVANCED_FACE ( 'NONE', ( #4574 ), #2855, .F. ) ;
#7180 = FILL_AREA_STYLE_COLOUR ( '', #2720 ) ;
#7181 = CARTESIAN_POINT ( 'NONE',  ( 9.090000000000001634, 0.5000000000000000000, -0.6499999999999989120 ) ) ;
#7182 = LINE ( 'NONE', #4173, #6729 ) ;
#7183 = ORIENTED_EDGE ( 'NONE', *, *, #91, .T. ) ;
#7184 = DIRECTION ( 'NONE',  ( 0.000000000000000000, -0.000000000000000000, -1.000000000000000000 ) ) ;
#7185 = COLOUR_RGB ( '',0.8313725490196077761, 0.6705882352941175961, 0.1294117647058823373 ) ;
#7186 = ORIENTED_EDGE ( 'NONE', *, *, #2106, .T. ) ;
#7187 = CARTESIAN_POINT ( 'NONE',  ( 7.294744180118195587, 5.589454083063166046, -0.3500000000000001443 ) ) ;
#7188 = FILL_AREA_STYLE_COLOUR ( '', #4770 ) ;
#7189 = UNCERTAINTY_MEASURE_WITH_UNIT (LENGTH_MEASURE( 1.000000000000000082E-05 ), #1379, 'distance_accuracy_value', 'NONE');
#7190 = ORIENTED_EDGE ( 'NONE', *, *, #198, .T. ) ;
#7191 =( GEOMETRIC_REPRESENTATION_CONTEXT ( 3 ) GLOBAL_UNCERTAINTY_ASSIGNED_CONTEXT ( ( #6961 ) ) GLOBAL_UNIT_ASSIGNED_CONTEXT ( ( #4625, #4043, #3307 ) ) REPRESENTATION_CONTEXT ( 'NONE', 'WORKASPACE' ) );
#7192 = EDGE_CURVE ( 'NONE', #7322, #2980, #6901, .T. ) ;
#7193 = SURFACE_SIDE_STYLE ('',( #527 ) ) ;
#7194 = CARTESIAN_POINT ( 'NONE',  ( -1.469999999999999973, 8.500000000000000000, 1.199999999999999956 ) ) ;
#7195 = ORIENTED_EDGE ( 'NONE', *, *, #7528, .F. ) ;
#7196 = ORIENTED_EDGE ( 'NONE', *, *, #5107, .F. ) ;
#7197 = COLOUR_RGB ( '',0.8313725490196077761, 0.6705882352941175961, 0.1294117647058823373 ) ;
#7198 = DIRECTION ( 'NONE',  ( -1.000000000000000000, 0.000000000000000000, 0.000000000000000000 ) ) ;
#7199 =( BOUNDED_CURVE ( )  B_SPLINE_CURVE ( 3, ( #1870, #3657, #6544, #59 ),
 .UNSPECIFIED., .F., .F. ) 
 B_SPLINE_CURVE_WITH_KNOTS ( ( 4, 4 ),
 ( 1.570796326794896336, 2.359101780428492390 ),
 .UNSPECIFIED. ) 
 CURVE ( )  GEOMETRIC_REPRESENTATION_ITEM ( )  RATIONAL_B_SPLINE_CURVE ( ( 1.000000000000000000, 0.9488815137910384667, 0.9488815137910384667, 1.000000000000000000 ) ) 
 REPRESENTATION_ITEM ( '' )  );
#7200 =( GEOMETRIC_REPRESENTATION_CONTEXT ( 3 ) GLOBAL_UNCERTAINTY_ASSIGNED_CONTEXT ( ( #5887 ) ) GLOBAL_UNIT_ASSIGNED_CONTEXT ( ( #3810, #263, #2627 ) ) REPRESENTATION_CONTEXT ( 'NONE', 'WORKASPACE' ) );
#7201 = FACE_OUTER_BOUND ( 'NONE', #6167, .T. ) ;
#7202 = CARTESIAN_POINT ( 'NONE',  ( 8.301380150321415741, 6.233860305463102769, -0.3500000000000001998 ) ) ;
#7203 = ORIENTED_EDGE ( 'NONE', *, *, #3994, .F. ) ;
#7204 = SURFACE_STYLE_FILL_AREA ( #2344 ) ;
#7205 = PLANE ( 'NONE',  #1116 ) ;
#7206 = DIRECTION ( 'NONE',  ( 1.000000000000000000, 0.000000000000000000, 0.000000000000000000 ) ) ;
#7207 = AXIS2_PLACEMENT_3D ( 'NONE', #2902, #5310, #3560 ) ;
#7208 = VECTOR ( 'NONE', #5983, 1000.000000000000000 ) ;
#7209 = ORIENTED_EDGE ( 'NONE', *, *, #1841, .T. ) ;
#7210 = PLANE ( 'NONE',  #4714 ) ;
#7211 = CARTESIAN_POINT ( 'NONE',  ( 2.190000000000000835, -2.800000000000001155, 0.3499999999999999223 ) ) ;
#7212 = VECTOR ( 'NONE', #4423, 1000.000000000000000 ) ;
#7213 = CARTESIAN_POINT ( 'NONE',  ( 6.836229430279609609, 5.796998266909029418, 0.3499999999999998113 ) ) ;
#7214 = CARTESIAN_POINT ( 'NONE',  ( 4.127276676835967884, 3.923639721076772613, -0.3499999999999999778 ) ) ;
#7215 = CARTESIAN_POINT ( 'NONE',  ( 6.620000000000000995, 1.800000000000000488, -0.3850000000000000089 ) ) ;
#7216 = DIRECTION ( 'NONE',  ( 0.000000000000000000, 0.000000000000000000, 1.000000000000000000 ) ) ;
#7217 = VERTEX_POINT ( 'NONE', #1584 ) ;
#7218 = VECTOR ( 'NONE', #2004, 1000.000000000000000 ) ;
#7219 = CARTESIAN_POINT ( 'NONE',  ( 1.540000000000000036, 6.500000000000000888, -0.3500000000000010880 ) ) ;
#7220 = LINE ( 'NONE', #2887, #4140 ) ;
#7221 = ORIENTED_EDGE ( 'NONE', *, *, #145, .T. ) ;
#7222 = CARTESIAN_POINT ( 'NONE',  ( 6.953733788849080000, 6.298959448224836777, -0.3500000000000001443 ) ) ;
#7223 = EDGE_LOOP ( 'NONE', ( #5422, #5688, #2025, #4517 ) ) ;
#7224 = DIRECTION ( 'NONE',  ( -1.000000000000000000, -1.084202172485504434E-16, 0.000000000000000000 ) ) ;
#7225 = CARTESIAN_POINT ( 'NONE',  ( 0.3525240155457787239, 5.732672356334978403, 0.3499999999999999778 ) ) ;
#7226 = ORIENTED_EDGE ( 'NONE', *, *, #186, .F. ) ;
#7227 = DIRECTION ( 'NONE',  ( -0.7071067811865475727, 0.7071067811865475727, 0.000000000000000000 ) ) ;
#7228 = MECHANICAL_DESIGN_GEOMETRIC_PRESENTATION_REPRESENTATION (  '', ( #3199 ), #7730 ) ;
#7229 = CARTESIAN_POINT ( 'NONE',  ( 5.230000000000002203, -3.000000000000000000, -0.3500000000000000888 ) ) ;
#7230 = CARTESIAN_POINT ( 'NONE',  ( 1.811497947711105727, 6.125528511109506802, -0.3500000000000000888 ) ) ;
#7231 = EDGE_LOOP ( 'NONE', ( #1288, #3987, #7769, #1329 ) ) ;
#7232 = ORIENTED_EDGE ( 'NONE', *, *, #5954, .T. ) ;
#7233 = EDGE_CURVE ( 'NONE', #6720, #5469, #6405, .T. ) ;
#7234 = LINE ( 'NONE', #6643, #277 ) ;
#7235 = CARTESIAN_POINT ( 'NONE',  ( 3.540000000000000480, 1.800000000000000488, 0.3849999999999998979 ) ) ;
#7236 =( NAMED_UNIT ( * ) SI_UNIT ( $, .STERADIAN. ) SOLID_ANGLE_UNIT ( ) );
#7237 = EDGE_CURVE ( 'NONE', #4174, #1146, #5224, .T. ) ;
#7238 = DIRECTION ( 'NONE',  ( 0.000000000000000000, 0.000000000000000000, -1.000000000000000000 ) ) ;
#7239 = EDGE_LOOP ( 'NONE', ( #1335, #3076, #6485, #891, #7775, #2289, #4355, #5254, #4037, #7339, #1452, #2416, #7626, #7532, #3894, #2320, #3432, #3672, #3838, #4648, #2259 ) ) ;
#7240 = AXIS2_PLACEMENT_3D ( 'NONE', #1247, #3074, #5989 ) ;
#7241 = FILL_AREA_STYLE_COLOUR ( '', #2248 ) ;
#7242 = DIRECTION ( 'NONE',  ( -1.000000000000000000, 0.000000000000000000, 0.000000000000000000 ) ) ;
#7243 = EDGE_CURVE ( 'NONE', #868, #2098, #2684, .T. ) ;
#7244 = MECHANICAL_DESIGN_GEOMETRIC_PRESENTATION_REPRESENTATION (  '', ( #4086 ), #7004 ) ;
#7245 = DIRECTION ( 'NONE',  ( 1.000000000000000000, -8.673617379884030739E-15, 0.000000000000000000 ) ) ;
#7246 = CARTESIAN_POINT ( 'NONE',  ( 1.853245067392238710, 0.5000000000000000000, -0.6500000000000013545 ) ) ;
#7247 = CARTESIAN_POINT ( 'NONE',  ( 0.6000000000000005329, 6.299999999999999822, 0.1283333333333333270 ) ) ;
#7248 = DIRECTION ( 'NONE',  ( -3.097720492815726426E-17, 1.000000000000000000, 0.000000000000000000 ) ) ;
#7249 = DIRECTION ( 'NONE',  ( 0.000000000000000000, 0.000000000000000000, 1.000000000000000000 ) ) ;
#7250 = COLOUR_RGB ( '',0.8313725490196077761, 0.6705882352941175961, 0.1294117647058823373 ) ;
#7251 = DIRECTION ( 'NONE',  ( 0.000000000000000000, 0.000000000000000000, -1.000000000000000000 ) ) ;
#7252 = VERTEX_POINT ( 'NONE', #2251 ) ;
#7253 = CARTESIAN_POINT ( 'NONE',  ( 6.025517796674130011, 4.067306563708457112, 0.3500000000000000333 ) ) ;
#7254 = VECTOR ( 'NONE', #1094, 1000.000000000000000 ) ;
#7255 = CARTESIAN_POINT ( 'NONE',  ( 9.090000000000001634, 8.500000000000000000, 1.199999999999999734 ) ) ;
#7256 = ORIENTED_EDGE ( 'NONE', *, *, #6163, .F. ) ;
#7257 = CARTESIAN_POINT ( 'NONE',  ( 5.432524015545779683, 5.732672356334978403, 0.3499999999999998668 ) ) ;
#7258 = FACE_BOUND ( 'NONE', #972, .T. ) ;
#7259 =( NAMED_UNIT ( * ) PLANE_ANGLE_UNIT ( ) SI_UNIT ( $, .RADIAN. ) );
#7260 = DIRECTION ( 'NONE',  ( 1.000000000000000000, 0.000000000000000000, 0.000000000000000000 ) ) ;
#7261 = B_SPLINE_CURVE_WITH_KNOTS ( 'NONE', 3,
 ( #3721, #6115, #3139, #130 ),
 .UNSPECIFIED., .F., .F.,
 ( 4, 4 ),
 ( 0.000000000000000000, 1.000000000000000000 ),
 .UNSPECIFIED. ) ;
#7262 = ORIENTED_EDGE ( 'NONE', *, *, #5788, .F. ) ;
#7263 = CARTESIAN_POINT ( 'NONE',  ( 6.080000000000000959, 6.299999999999999822, 0.3849999999999998979 ) ) ;
#7264 = DIRECTION ( 'NONE',  ( -1.000000000000000000, 0.000000000000000000, 0.000000000000000000 ) ) ;
#7265 = MECHANICAL_DESIGN_GEOMETRIC_PRESENTATION_REPRESENTATION (  '', ( #3240 ), #4351 ) ;
#7266 = ORIENTED_EDGE ( 'NONE', *, *, #4816, .F. ) ;
#7267 =( NAMED_UNIT ( * ) SI_UNIT ( $, .STERADIAN. ) SOLID_ANGLE_UNIT ( ) );
#7268 = ORIENTED_EDGE ( 'NONE', *, *, #6709, .T. ) ;
#7269 = LINE ( 'NONE', #1703, #4183 ) ;
#7270 = VECTOR ( 'NONE', #548, 1000.000000000000000 ) ;
#7271 = PRODUCT_DEFINITION_SHAPE ( 'NONE', 'NONE',  #371 ) ;
#7272 =( LENGTH_UNIT ( ) NAMED_UNIT ( * ) SI_UNIT ( .MILLI., .METRE. ) );
#7273 = FILL_AREA_STYLE_COLOUR ( '', #1207 ) ;
#7274 = VECTOR ( 'NONE', #1996, 1000.000000000000000 ) ;
#7275 = VERTEX_POINT ( 'NONE', #6968 ) ;
#7276 = CARTESIAN_POINT ( 'NONE',  ( 5.430000000000000604, 1.084202172485506745E-17, -0.3500000000000000888 ) ) ;
#7277 = CARTESIAN_POINT ( 'NONE',  ( 2.865255819881805444, 5.589454083063163381, 0.3499999999999999223 ) ) ;
#7278 = EDGE_CURVE ( 'NONE', #35, #2221, #5096, .T. ) ;
#7279 = EDGE_CURVE ( 'NONE', #657, #356, #4650, .T. ) ;
#7280 = CARTESIAN_POINT ( 'NONE',  ( 3.540000000000000036, 0.5000000000000000000, -0.3500000000000000888 ) ) ;
#7281 = CARTESIAN_POINT ( 'NONE',  ( 0.6000000000000005329, 6.299999999999999822, -0.1283333333333334936 ) ) ;
#7282 = DIRECTION ( 'NONE',  ( -0.000000000000000000, -1.000000000000000000, 1.668003342285392044E-16 ) ) ;
#7283 = FILL_AREA_STYLE_COLOUR ( '', #2954 ) ;
#7284 = PRESENTATION_LAYER_ASSIGNMENT (  '', '', ( #5281 ) ) ;
#7285 =( NAMED_UNIT ( * ) PLANE_ANGLE_UNIT ( ) SI_UNIT ( $, .RADIAN. ) );
#7286 = LINE ( 'NONE', #3107, #2656 ) ;
#7287 = FACE_OUTER_BOUND ( 'NONE', #310, .T. ) ;
#7288 = ORIENTED_EDGE ( 'NONE', *, *, #4826, .T. ) ;
#7289 = CARTESIAN_POINT ( 'NONE',  ( 5.942626047459931726, 5.194217234910147418, 0.3499999999999998668 ) ) ;
#7290 = CARTESIAN_POINT ( 'NONE',  ( 7.267475984454220495, 5.732672356334980179, 0.3499999999999998113 ) ) ;
#7291 = DIRECTION ( 'NONE',  ( -0.5000000000000022204, -0.8660254037844373753, 0.000000000000000000 ) ) ;
#7292 = VERTEX_POINT ( 'NONE', #4030 ) ;
#7293 = CARTESIAN_POINT ( 'NONE',  ( 6.626881821040563558, 2.798202530627315721, -0.3500000000000001998 ) ) ;
#7294 = DIRECTION ( 'NONE',  ( -3.097720492815726426E-17, 1.000000000000000000, 0.000000000000000000 ) ) ;
#7295 = DIRECTION ( 'NONE',  ( 0.000000000000000000, -0.000000000000000000, -1.000000000000000000 ) ) ;
#7296 = VECTOR ( 'NONE', #1176, 1000.000000000000000 ) ;
#7297 = ORIENTED_EDGE ( 'NONE', *, *, #7660, .T. ) ;
#7298 = CARTESIAN_POINT ( 'NONE',  ( 1.853245067392238710, 10.39117142264903570, -0.3500000000000017542 ) ) ;
#7299 = FILL_AREA_STYLE ('',( #2446 ) ) ;
#7300 = VECTOR ( 'NONE', #5662, 1000.000000000000000 ) ;
#7301 = ORIENTED_EDGE ( 'NONE', *, *, #4280, .T. ) ;
#7302 = PLANE ( 'NONE',  #4798 ) ;
#7303 = ORIENTED_EDGE ( 'NONE', *, *, #3539, .T. ) ;
#7304 = LINE ( 'NONE', #1890, #154 ) ;
#7305 = EDGE_LOOP ( 'NONE', ( #1695, #2362, #2628, #5607 ) ) ;
#7306 = AXIS2_PLACEMENT_3D ( 'NONE', #1772, #1666, #6561 ) ;
#7307 = EDGE_CURVE ( 'NONE', #4317, #1153, #4869, .T. ) ;
#7308 = CARTESIAN_POINT ( 'NONE',  ( -0.9425000299447844343, 4.124619419408428023, 0.3499999999999999223 ) ) ;
#7309 = CARTESIAN_POINT ( 'NONE',  ( 5.866758496035390458, 5.779404586027644619, -0.3500000000000000888 ) ) ;
#7310 = ORIENTED_EDGE ( 'NONE', *, *, #3395, .F. ) ;
#7311 = DIRECTION ( 'NONE',  ( 0.000000000000000000, 0.000000000000000000, -1.000000000000000000 ) ) ;
#7312 = CARTESIAN_POINT ( 'NONE',  ( 4.631806954577858626, 5.884855341312110077, -0.3500000000000000333 ) ) ;
#7313 = DIRECTION ( 'NONE',  ( 0.000000000000000000, 1.668003342285388099E-16, 1.000000000000000000 ) ) ;
#7314 = UNCERTAINTY_MEASURE_WITH_UNIT (LENGTH_MEASURE( 1.000000000000000082E-05 ), #5344, 'distance_accuracy_value', 'NONE');
#7315 = VECTOR ( 'NONE', #598, 1000.000000000000000 ) ;
#7316 = CARTESIAN_POINT ( 'NONE',  ( 8.083356898907899435, 1.699999999999999289, 0.3499999999999997558 ) ) ;
#7317 = CARTESIAN_POINT ( 'NONE',  ( 3.540000000000000480, 1.121588454295350273E-16, -0.3500000000000000333 ) ) ;
#7318 = CARTESIAN_POINT ( 'NONE',  ( -0.7982104639796570034, 5.709058272657557609, -0.3499999999999999223 ) ) ;
#7319 = COLOUR_RGB ( '',0.8313725490196077761, 0.6705882352941175961, 0.1294117647058823373 ) ;
#7320 = PLANE ( 'NONE',  #4762 ) ;
#7321 = PRESENTATION_STYLE_ASSIGNMENT (( #2433 ) ) ;
#7322 = VERTEX_POINT ( 'NONE', #7496 ) ;
#7323 = CARTESIAN_POINT ( 'NONE',  ( 7.171806954577857773, 5.884855341312110077, 0.3499999999999998113 ) ) ;
#7324 =( NAMED_UNIT ( * ) SI_UNIT ( $, .STERADIAN. ) SOLID_ANGLE_UNIT ( ) );
#7325 = ORIENTED_EDGE ( 'NONE', *, *, #2687, .F. ) ;
#7326 = PRESENTATION_STYLE_ASSIGNMENT (( #6782 ) ) ;
#7327 = EDGE_CURVE ( 'NONE', #1198, #4160, #3041, .T. ) ;
#7328 = CARTESIAN_POINT ( 'NONE',  ( 7.770000000000002238, -3.000000000000000000, -0.3500000000000001443 ) ) ;
#7329 = SURFACE_SIDE_STYLE ('',( #1332 ) ) ;
#7330 = VECTOR ( 'NONE', #2086, 1000.000000000000114 ) ;
#7331 = LINE ( 'NONE', #7366, #4890 ) ;
#7332 = VERTEX_POINT ( 'NONE', #3910 ) ;
#7333 = LINE ( 'NONE', #3322, #4734 ) ;
#7334 = SURFACE_STYLE_FILL_AREA ( #113 ) ;
#7335 = FACE_OUTER_BOUND ( 'NONE', #637, .T. ) ;
#7336 = STYLED_ITEM ( 'NONE', ( #7357 ), #3459 ) ;
#7337 = VERTEX_POINT ( 'NONE', #2768 ) ;
#7338 = CARTESIAN_POINT ( 'NONE',  ( 0.3500000000000000333, 0.000000000000000000, 0.3499999999999999778 ) ) ;
#7339 = ORIENTED_EDGE ( 'NONE', *, *, #1352, .T. ) ;
#7340 = CARTESIAN_POINT ( 'NONE',  ( 7.171806954577857773, 5.884855341312110077, -0.3500000000000000888 ) ) ;
#7341 = VERTEX_POINT ( 'NONE', #924 ) ;
#7342 = PRESENTATION_STYLE_ASSIGNMENT (( #6844 ) ) ;
#7343 = CIRCLE ( 'NONE', #667, 0.1999999999999996503 ) ;
#7344 = DIRECTION ( 'NONE',  ( -0.000000000000000000, -0.000000000000000000, -1.000000000000000000 ) ) ;
#7345 = LINE ( 'NONE', #803, #4901 ) ;
#7346 = ORIENTED_EDGE ( 'NONE', *, *, #4055, .T. ) ;
#7347 = FACE_OUTER_BOUND ( 'NONE', #4224, .T. ) ;
#7348 = CARTESIAN_POINT ( 'NONE',  ( 8.620000000000000995, 2.207665535523691158, 0.3499999999999997558 ) ) ;
#7349 = PRESENTATION_LAYER_ASSIGNMENT (  '', '', ( #38 ) ) ;
#7350 = EDGE_CURVE ( 'NONE', #127, #2915, #3331, .T. ) ;
#7351 = CARTESIAN_POINT ( 'NONE',  ( 3.328156929004345344, 5.771059683742179480, 0.3499999999999999778 ) ) ;
#7352 =( GEOMETRIC_REPRESENTATION_CONTEXT ( 3 ) GLOBAL_UNCERTAINTY_ASSIGNED_CONTEXT ( ( #2981 ) ) GLOBAL_UNIT_ASSIGNED_CONTEXT ( ( #5832, #7653, #4060 ) ) REPRESENTATION_CONTEXT ( 'NONE', 'WORKASPACE' ) );
#7353 = CARTESIAN_POINT ( 'NONE',  ( 1.000000000000000444, 1.800000000000000488, -0.3499999999999999778 ) ) ;
#7354 = CARTESIAN_POINT ( 'NONE',  ( 8.619999999999999218, 6.500000000000000888, -0.3500000000000010880 ) ) ;
#7355 =( NAMED_UNIT ( * ) SI_UNIT ( $, .STERADIAN. ) SOLID_ANGLE_UNIT ( ) );
#7356 = SURFACE_STYLE_USAGE ( .BOTH. , #1320 ) ;
#7357 = PRESENTATION_STYLE_ASSIGNMENT (( #6940 ) ) ;
#7358 = ORIENTED_EDGE ( 'NONE', *, *, #6958, .F. ) ;
#7359 = EDGE_CURVE ( 'NONE', #1591, #4740, #5912, .T. ) ;
#7360 = DIRECTION ( 'NONE',  ( 0.000000000000000000, -0.000000000000000000, -1.000000000000000000 ) ) ;
#7361 = CARTESIAN_POINT ( 'NONE',  ( 6.045000000000000817, -1.575000000000006173, 0.3499999999999998113 ) ) ;
#7362 = ORIENTED_EDGE ( 'NONE', *, *, #4470, .F. ) ;
#7363 = FILL_AREA_STYLE ('',( #4958 ) ) ;
#7364 = CARTESIAN_POINT ( 'NONE',  ( -1.469999999999999973, 8.500000000000000000, -1.199999999999999956 ) ) ;
#7365 = FACE_OUTER_BOUND ( 'NONE', #3324, .T. ) ;
#7366 = CARTESIAN_POINT ( 'NONE',  ( 2.190000000000000835, -1.084202172485501815E-17, -0.3500000000000000333 ) ) ;
#7367 = VERTEX_POINT ( 'NONE', #1733 ) ;
#7368 = MANIFOLD_SOLID_BREP ( 'LPattern18[1]', #491 ) ;
#7369 = CARTESIAN_POINT ( 'NONE',  ( -0.6867549326077613259, 8.000000000000000000, -0.6500000000000025757 ) ) ;
#7370 = PLANE ( 'NONE',  #2735 ) ;
#7371 = SURFACE_STYLE_FILL_AREA ( #5713 ) ;
#7372 = EDGE_CURVE ( 'NONE', #3824, #4108, #1849, .T. ) ;
#7373 = ORIENTED_EDGE ( 'NONE', *, *, #7816, .T. ) ;
#7374 = EDGE_LOOP ( 'NONE', ( #4141, #3878, #2493, #4472 ) ) ;
#7375 = CARTESIAN_POINT ( 'NONE',  ( 1.853245067392238710, 6.500000000000000888, 0.3499999999999989231 ) ) ;
#7376 = ORIENTED_EDGE ( 'NONE', *, *, #5141, .F. ) ;
#7377 = CARTESIAN_POINT ( 'NONE',  ( 5.230000000000002203, -3.000000000000000000, 0.3499999999999998668 ) ) ;
#7378 =( LENGTH_UNIT ( ) NAMED_UNIT ( * ) SI_UNIT ( .MILLI., .METRE. ) );
#7379 = ORIENTED_EDGE ( 'NONE', *, *, #7053, .F. ) ;
#7380 = LINE ( 'NONE', #2535, #3308 ) ;
#7381 = ADVANCED_FACE ( 'NONE', ( #7780 ), #468, .T. ) ;
#7382 = LINE ( 'NONE', #6809, #3272 ) ;
#7383 = VECTOR ( 'NONE', #2482, 1000.000000000000000 ) ;
#7384 = EDGE_CURVE ( 'NONE', #1538, #7745, #4772, .T. ) ;
#7385 = CARTESIAN_POINT ( 'NONE',  ( 0.6331483148835128638, 6.299478870653065776, -0.3499999999999999778 ) ) ;
#7386 = FACE_OUTER_BOUND ( 'NONE', #7231, .T. ) ;
#7387 = SURFACE_STYLE_USAGE ( .BOTH. , #7512 ) ;
#7388 = VECTOR ( 'NONE', #1414, 1000.000000000000000 ) ;
#7389 = CARTESIAN_POINT ( 'NONE',  ( 7.770000000000002238, -3.000000000000000000, 0.3499999999999998113 ) ) ;
#7390 = VERTEX_POINT ( 'NONE', #3484 ) ;
#7391 = EDGE_CURVE ( 'NONE', #7275, #7337, #5878, .T. ) ;
#7392 = DIRECTION ( 'NONE',  ( 0.7071067811865474617, 0.7071067811865474617, -0.000000000000000000 ) ) ;
#7393 = AXIS2_PLACEMENT_3D ( 'NONE', #5209, #6432, #2199 ) ;
#7394 = CARTESIAN_POINT ( 'NONE',  ( 2.539999999999998703, 1.700000000000000178, -0.3500000000000000333 ) ) ;
#7395 = EDGE_LOOP ( 'NONE', ( #2368, #4779, #7346, #4821 ) ) ;
#7396 =( NAMED_UNIT ( * ) SI_UNIT ( $, .STERADIAN. ) SOLID_ANGLE_UNIT ( ) );
#7397 = VERTEX_POINT ( 'NONE', #4923 ) ;
#7398 = CARTESIAN_POINT ( 'NONE',  ( 0.000000000000000000, 8.000000000000000000, 0.000000000000000000 ) ) ;
#7399 = CARTESIAN_POINT ( 'NONE',  ( 6.080000000000000959, 1.800000000000000488, 0.1166666666666664742 ) ) ;
#7400 =( NAMED_UNIT ( * ) SI_UNIT ( $, .STERADIAN. ) SOLID_ANGLE_UNIT ( ) );
#7401 = ORIENTED_EDGE ( 'NONE', *, *, #6913, .T. ) ;
#7402 = STYLED_ITEM ( 'NONE', ( #7019 ), #444 ) ;
#7403 = CARTESIAN_POINT ( 'NONE',  ( 4.135304513043836394, 4.083092593512598789, 0.3499999999999998668 ) ) ;
#7404 = FACE_OUTER_BOUND ( 'NONE', #6385, .T. ) ;
#7405 = DIRECTION ( 'NONE',  ( -1.000000000000000000, -0.000000000000000000, -0.000000000000000000 ) ) ;
#7406 = ORIENTED_EDGE ( 'NONE', *, *, #2340, .T. ) ;
#7407 = LINE ( 'NONE', #4412, #6831 ) ;
#7408 = PRESENTATION_LAYER_ASSIGNMENT (  '', '', ( #4021 ) ) ;
#7409 = ORIENTED_EDGE ( 'NONE', *, *, #6808, .T. ) ;
#7410 = EDGE_CURVE ( 'NONE', #7159, #423, #5852, .T. ) ;
#7411 = CARTESIAN_POINT ( 'NONE',  ( 9.090000000000001634, 1.601149768326593145E-16, 0.6500000000000012434 ) ) ;
#7412 = EDGE_LOOP ( 'NONE', ( #5717, #3936, #2876, #3126 ) ) ;
#7413 = EDGE_CURVE ( 'NONE', #2, #5489, #196, .T. ) ;
#7414 = EDGE_CURVE ( 'NONE', #672, #881, #2877, .T. ) ;
#7415 = AXIS2_PLACEMENT_3D ( 'NONE', #1783, #2984, #503 ) ;
#7416 = ADVANCED_FACE ( 'NONE', ( #7404 ), #6789, .F. ) ;
#7417 = CARTESIAN_POINT ( 'NONE',  ( -0.8556901891658993398, 5.260692584315935783, 0.3500000000000000333 ) ) ;
#7418 = CARTESIAN_POINT ( 'NONE',  ( 5.937838562583937829, 5.240363704783929322, -0.3500000000000001443 ) ) ;
#7419 = LINE ( 'NONE', #2010, #4671 ) ;
#7420 = ORIENTED_EDGE ( 'NONE', *, *, #2295, .T. ) ;
#7421 = DIRECTION ( 'NONE',  ( 0.000000000000000000, 0.000000000000000000, -1.000000000000000000 ) ) ;
#7422 = LINE ( 'NONE', #1900, #5685 ) ;
#7423 = B_SPLINE_CURVE_WITH_KNOTS ( 'NONE', 3,
 ( #3606, #3569, #5968, #4856 ),
 .UNSPECIFIED., .F., .F.,
 ( 4, 4 ),
 ( 0.000000000000000000, 1.000000000000000000 ),
 .UNSPECIFIED. ) ;
#7424 = CARTESIAN_POINT ( 'NONE',  ( 3.327536108384564706, 5.774771377977483411, 0.3499999999999998668 ) ) ;
#7425 = VECTOR ( 'NONE', #2721, 1000.000000000000000 ) ;
#7426 =( LENGTH_UNIT ( ) NAMED_UNIT ( * ) SI_UNIT ( .MILLI., .METRE. ) );
#7427 = CARTESIAN_POINT ( 'NONE',  ( 6.677499970055217560, 4.124619419408429799, 0.3499999999999998668 ) ) ;
#7428 =( NAMED_UNIT ( * ) PLANE_ANGLE_UNIT ( ) SI_UNIT ( $, .RADIAN. ) );
#7429 = FACE_OUTER_BOUND ( 'NONE', #911, .T. ) ;
#7430 = CARTESIAN_POINT ( 'NONE',  ( 2.892524015545778759, 5.732672356334978403, -0.3500000000000000333 ) ) ;
#7431 = ORIENTED_EDGE ( 'NONE', *, *, #3933, .T. ) ;
#7432 =( BOUNDED_CURVE ( )  B_SPLINE_CURVE ( 3, ( #3063, #6009, #7312, #6154 ),
 .UNSPECIFIED., .F., .F. ) 
 B_SPLINE_CURVE_WITH_KNOTS ( ( 4, 4 ),
 ( 1.570796326794896336, 2.359101780428492390 ),
 .UNSPECIFIED. ) 
 CURVE ( )  GEOMETRIC_REPRESENTATION_ITEM ( )  RATIONAL_B_SPLINE_CURVE ( ( 1.000000000000000000, 0.9488815137910384667, 0.9488815137910384667, 1.000000000000000000 ) ) 
 REPRESENTATION_ITEM ( '' )  );
#7433 = CARTESIAN_POINT ( 'NONE',  ( 2.892524015545778759, 5.732672356334978403, 0.3499999999999999223 ) ) ;
#7434 = VECTOR ( 'NONE', #2469, 1000.000000000000000 ) ;
#7435 = SURFACE_STYLE_USAGE ( .BOTH. , #5034 ) ;
#7436 = ORIENTED_EDGE ( 'NONE', *, *, #112, .T. ) ;
#7437 = CARTESIAN_POINT ( 'NONE',  ( -1.018126922434469523E-15, 1.700000000000000178, -0.3499999999999999778 ) ) ;
#7438 = EDGE_CURVE ( 'NONE', #3981, #826, #7445, .T. ) ;
#7439 = ORIENTED_EDGE ( 'NONE', *, *, #6082, .T. ) ;
#7440 = ADVANCED_FACE ( 'NONE', ( #1295 ), #3203, .F. ) ;
#7441 = VECTOR ( 'NONE', #993, 1000.000000000000000 ) ;
#7442 = ORIENTED_EDGE ( 'NONE', *, *, #2232, .F. ) ;
#7443 = AXIS2_PLACEMENT_3D ( 'NONE', #6976, #1553, #6373 ) ;
#7444 = DIRECTION ( 'NONE',  ( -0.6546536707079765316, 0.3779644730092291960, -0.6546536707079765316 ) ) ;
#7445 = LINE ( 'NONE', #234, #6128 ) ;
#7446 = DIRECTION ( 'NONE',  ( 0.000000000000000000, 0.000000000000000000, -1.000000000000000000 ) ) ;
#7447 = ORIENTED_EDGE ( 'NONE', *, *, #2023, .T. ) ;
#7448 =( GEOMETRIC_REPRESENTATION_CONTEXT ( 3 ) GLOBAL_UNCERTAINTY_ASSIGNED_CONTEXT ( ( #1008 ) ) GLOBAL_UNIT_ASSIGNED_CONTEXT ( ( #3620, #6735, #5480 ) ) REPRESENTATION_CONTEXT ( 'NONE', 'WORKASPACE' ) );
#7449 = ORIENTED_EDGE ( 'NONE', *, *, #6923, .F. ) ;
#7450 = FACE_OUTER_BOUND ( 'NONE', #4112, .T. ) ;
#7451 = DIRECTION ( 'NONE',  ( -0.000000000000000000, 0.000000000000000000, 1.000000000000000000 ) ) ;
#7452 = ORIENTED_EDGE ( 'NONE', *, *, #7793, .T. ) ;
#7453 = COLOUR_RGB ( '',0.8313725490196077761, 0.6705882352941175961, 0.1294117647058823373 ) ;
#7454 = FILL_AREA_STYLE ('',( #5014 ) ) ;
#7455 = CARTESIAN_POINT ( 'NONE',  ( 8.619999999999999218, 6.500000000000000888, 0.3499999999999989231 ) ) ;
#7456 = CARTESIAN_POINT ( 'NONE',  ( -0.8578385625839258788, 5.240363704784013699, 0.3500000000000000333 ) ) ;
#7457 = CARTESIAN_POINT ( 'NONE',  ( 5.930639769790269966, 5.307482533055136287, -0.3500000000000000888 ) ) ;
#7458 = CARTESIAN_POINT ( 'NONE',  ( 2.590000000000000746, 8.026794919243110726, 0.05000000000000045380 ) ) ;
#7459 = FILL_AREA_STYLE ('',( #6846 ) ) ;
#7460 = VERTEX_POINT ( 'NONE', #1419 ) ;
#7461 = DIRECTION ( 'NONE',  ( -0.000000000000000000, -0.000000000000000000, -1.000000000000000000 ) ) ;
#7462 = CIRCLE ( 'NONE', #168, 0.1999999999999999833 ) ;
#7463 = ADVANCED_FACE ( 'NONE', ( #749 ), #7370, .F. ) ;
#7464 = CARTESIAN_POINT ( 'NONE',  ( 3.338210463979507381, 5.709058272658548816, 0.3500000000000000333 ) ) ;
#7465 = CARTESIAN_POINT ( 'NONE',  ( 6.620000000000000107, 6.500000000000000888, 0.3499999999999989231 ) ) ;
#7466 = CARTESIAN_POINT ( 'NONE',  ( 0.9336972550331305021, 4.293911919605033489, 0.3499999999999999778 ) ) ;
#7467 = STYLED_ITEM ( 'NONE', ( #6918 ), #4808 ) ;
#7468 = EDGE_CURVE ( 'NONE', #2710, #3547, #790, .T. ) ;
#7469 = DIRECTION ( 'NONE',  ( 0.000000000000000000, 0.000000000000000000, -1.000000000000000000 ) ) ;
#7470 = DIRECTION ( 'NONE',  ( -0.000000000000000000, -0.000000000000000000, 1.000000000000000000 ) ) ;
#7471 = DIRECTION ( 'NONE',  ( 1.121588454295349533E-16, -1.000000000000000000, 0.000000000000000000 ) ) ;
#7472 = ORIENTED_EDGE ( 'NONE', *, *, #724, .F. ) ;
#7473 = STYLED_ITEM ( 'NONE', ( #2888 ), #4855 ) ;
#7474 = FILL_AREA_STYLE ('',( #4357 ) ) ;
#7475 = LINE ( 'NONE', #4994, #944 ) ;
#7476 = CARTESIAN_POINT ( 'NONE',  ( 8.306754932607761432, 0.5000000000000000000, -0.6500000000000013545 ) ) ;
#7477 = EDGE_CURVE ( 'NONE', #2442, #657, #5565, .T. ) ;
#7478 = VERTEX_POINT ( 'NONE', #2562 ) ;
#7479 = LINE ( 'NONE', #4997, #5829 ) ;
#7480 = ORIENTED_EDGE ( 'NONE', *, *, #4908, .T. ) ;
#7481 = CIRCLE ( 'NONE', #4212, 0.1999999999999996503 ) ;
#7482 = SURFACE_SIDE_STYLE ('',( #5124 ) ) ;
#7483 = EDGE_LOOP ( 'NONE', ( #1179, #3588, #5093, #7256 ) ) ;
#7484 = CARTESIAN_POINT ( 'NONE',  ( 6.080000000000000071, 1.800000000000000488, 0.3499999999999998668 ) ) ;
#7485 = EDGE_CURVE ( 'NONE', #6593, #1173, #6066, .T. ) ;
#7486 = CARTESIAN_POINT ( 'NONE',  ( 4.727475984454220459, 5.732672356334980179, -0.3500000000000000888 ) ) ;
#7487 = VECTOR ( 'NONE', #5922, 1000.000000000000000 ) ;
#7488 = FACE_OUTER_BOUND ( 'NONE', #5311, .T. ) ;
#7489 = ORIENTED_EDGE ( 'NONE', *, *, #4515, .F. ) ;
#7490 = PLANE ( 'NONE',  #538 ) ;
#7491 = EDGE_LOOP ( 'NONE', ( #1910, #6257, #2398, #7137 ) ) ;
#7492 =( LENGTH_UNIT ( ) NAMED_UNIT ( * ) SI_UNIT ( .MILLI., .METRE. ) );
#7493 = FILL_AREA_STYLE_COLOUR ( '', #2806 ) ;
#7494 = MECHANICAL_DESIGN_GEOMETRIC_PRESENTATION_REPRESENTATION (  '', ( #63 ), #578 ) ;
#7495 = ORIENTED_EDGE ( 'NONE', *, *, #7372, .F. ) ;
#7496 = CARTESIAN_POINT ( 'NONE',  ( -0.9999999999999995559, 1.800000000000000488, 0.3499999999999999778 ) ) ;
#7497 = DIRECTION ( 'NONE',  ( -0.000000000000000000, 0.000000000000000000, 1.000000000000000000 ) ) ;
#7498 = AXIS2_PLACEMENT_3D ( 'NONE', #928, #7585, #1005 ) ;
#7499 = DIRECTION ( 'NONE',  ( -0.000000000000000000, 1.000000000000000000, -0.000000000000000000 ) ) ;
#7500 = DIRECTION ( 'NONE',  ( 1.000000000000000000, 0.000000000000000000, 0.000000000000000000 ) ) ;
#7501 = DIRECTION ( 'NONE',  ( 0.000000000000000000, 0.000000000000000000, 1.000000000000000000 ) ) ;
#7502 = CARTESIAN_POINT ( 'NONE',  ( -0.9999999999999993339, -1.121588454295348794E-16, -0.3499999999999999778 ) ) ;
#7503 = VERTEX_POINT ( 'NONE', #1955 ) ;
#7504 = ORIENTED_EDGE ( 'NONE', *, *, #5586, .T. ) ;
#7505 = CARTESIAN_POINT ( 'NONE',  ( 8.418210463979503899, 5.709058272658547040, 0.3499999999999998668 ) ) ;
#7506 = VECTOR ( 'NONE', #970, 1000.000000000000000 ) ;
#7507 = DIRECTION ( 'NONE',  ( 0.000000000000000000, 0.000000000000000000, 1.000000000000000000 ) ) ;
#7508 = CARTESIAN_POINT ( 'NONE',  ( 7.267475984454220495, 5.732672356334980179, 0.3499999999999998113 ) ) ;
#7509 =( LENGTH_UNIT ( ) NAMED_UNIT ( * ) SI_UNIT ( .MILLI., .METRE. ) );
#7510 = STYLED_ITEM ( 'NONE', ( #2069 ), #6777 ) ;
#7511 = CARTESIAN_POINT ( 'NONE',  ( -0.3252558198818047974, 5.589454083063166046, 0.3499999999999999778 ) ) ;
#7512 = SURFACE_SIDE_STYLE ('',( #3266 ) ) ;
#7513 = LINE ( 'NONE', #6335, #6964 ) ;
#7514 = ORIENTED_EDGE ( 'NONE', *, *, #5716, .T. ) ;
#7515 = STYLED_ITEM ( 'NONE', ( #2426 ), #6915 ) ;
#7516 = CARTESIAN_POINT ( 'NONE',  ( 2.190000000000000835, 0.5000000000000005551, 0.3499999999999999223 ) ) ;
#7517 = DIRECTION ( 'NONE',  ( 0.000000000000000000, -0.000000000000000000, -1.000000000000000000 ) ) ;
#7518 = CARTESIAN_POINT ( 'NONE',  ( 3.226754932607761361, 0.5000000000000000000, -0.6500000000000013545 ) ) ;
#7519 = VERTEX_POINT ( 'NONE', #3826 ) ;
#7520 = CARTESIAN_POINT ( 'NONE',  ( 7.620000000000000107, 0.5000000000000005551, 0.3499999999999998113 ) ) ;
#7521 = VECTOR ( 'NONE', #3666, 1000.000000000000000 ) ;
#7522 = ORIENTED_EDGE ( 'NONE', *, *, #2245, .T. ) ;
#7523 = VECTOR ( 'NONE', #6486, 1000.000000000000000 ) ;
#7524 = LINE ( 'NONE', #6829, #3423 ) ;
#7525 = EDGE_CURVE ( 'NONE', #7252, #6752, #5043, .T. ) ;
#7526 = ORIENTED_EDGE ( 'NONE', *, *, #2501, .F. ) ;
#7527 =( NAMED_UNIT ( * ) SI_UNIT ( $, .STERADIAN. ) SOLID_ANGLE_UNIT ( ) );
#7528 = EDGE_CURVE ( 'NONE', #5787, #191, #1885, .T. ) ;
#7529 = UNCERTAINTY_MEASURE_WITH_UNIT (LENGTH_MEASURE( 1.000000000000000082E-05 ), #609, 'distance_accuracy_value', 'NONE');
#7530 = ORIENTED_EDGE ( 'NONE', *, *, #7047, .F. ) ;
#7531 = CARTESIAN_POINT ( 'NONE',  ( 5.401845733883980039, 5.626229152235330488, -0.3500000000000000888 ) ) ;
#7532 = ORIENTED_EDGE ( 'NONE', *, *, #6149, .T. ) ;
#7533 = LINE ( 'NONE', #681, #7425 ) ;
#7534 = AXIS2_PLACEMENT_3D ( 'NONE', #129, #2495, #1311 ) ;
#7535 = ORIENTED_EDGE ( 'NONE', *, *, #2408, .T. ) ;
#7536 = EDGE_CURVE ( 'NONE', #2192, #4996, #2520, .T. ) ;
#7537 = CARTESIAN_POINT ( 'NONE',  ( 8.220000000000000639, 6.299999999999999822, -0.3500000000000001443 ) ) ;
#7538 =( GEOMETRIC_REPRESENTATION_CONTEXT ( 3 ) GLOBAL_UNCERTAINTY_ASSIGNED_CONTEXT ( ( #7767 ) ) GLOBAL_UNIT_ASSIGNED_CONTEXT ( ( #4366, #5561, #7400 ) ) REPRESENTATION_CONTEXT ( 'NONE', 'WORKASPACE' ) );
#7539 = CARTESIAN_POINT ( 'NONE',  ( 0.3500000000000009215, -2.800000000000001155, 0.3499999999999999778 ) ) ;
#7540 = DIRECTION ( 'NONE',  ( -0.000000000000000000, -0.000000000000000000, -1.000000000000000000 ) ) ;
#7541 = STYLED_ITEM ( 'NONE', ( #1762 ), #7679 ) ;
#7542 = CARTESIAN_POINT ( 'NONE',  ( 0.000000000000000000, 6.299999999999999822, 0.3499999999999999778 ) ) ;
#7543 = FACE_OUTER_BOUND ( 'NONE', #6034, .T. ) ;
#7544 = ORIENTED_EDGE ( 'NONE', *, *, #4386, .T. ) ;
#7545 = ORIENTED_EDGE ( 'NONE', *, *, #4091, .T. ) ;
#7546 = EDGE_CURVE ( 'NONE', #6920, #668, #5490, .T. ) ;
#7547 = CARTESIAN_POINT ( 'NONE',  ( 8.481229900893845652, 5.207834124282261001, 0.3499999999999998113 ) ) ;
#7548 = DIRECTION ( 'NONE',  ( 1.000000000000000000, 0.000000000000000000, 0.000000000000000000 ) ) ;
#7549 = CYLINDRICAL_SURFACE ( 'NONE', #5610, 0.2999999999999999334 ) ;
#7550 = CARTESIAN_POINT ( 'NONE',  ( -0.3500000000000000333, 8.000000000000000000, 0.3499999999999999778 ) ) ;
#7551 = CARTESIAN_POINT ( 'NONE',  ( 1.540000000000000480, 1.800000000000000488, -0.1283333333333335491 ) ) ;
#7552 = CARTESIAN_POINT ( 'NONE',  ( -0.3525240155457798341, 5.732672356334980179, 0.3499999999999999778 ) ) ;
#7553 = LINE ( 'NONE', #2914, #6179 ) ;
#7554 =( LENGTH_UNIT ( ) NAMED_UNIT ( * ) SI_UNIT ( .MILLI., .METRE. ) );
#7555 = VERTEX_POINT ( 'NONE', #4292 ) ;
#7556 = VECTOR ( 'NONE', #5267, 1000.000000000000000 ) ;
#7557 = CARTESIAN_POINT ( 'NONE',  ( 4.480000000000000426, 6.299999999999999822, 0.3849999999999998979 ) ) ;
#7558 = SURFACE_STYLE_FILL_AREA ( #5162 ) ;
#7559 = CARTESIAN_POINT ( 'NONE',  ( -0.9931181789594337728, 2.798202530627314832, -0.3499999999999998668 ) ) ;
#7560 = VERTEX_POINT ( 'NONE', #4410 ) ;
#7561 = DIRECTION ( 'NONE',  ( -0.000000000000000000, -0.000000000000000000, -1.000000000000000000 ) ) ;
#7562 =( GEOMETRIC_REPRESENTATION_CONTEXT ( 3 ) GLOBAL_UNCERTAINTY_ASSIGNED_CONTEXT ( ( #169 ) ) GLOBAL_UNIT_ASSIGNED_CONTEXT ( ( #7167, #4708, #10 ) ) REPRESENTATION_CONTEXT ( 'NONE', 'WORKASPACE' ) );
#7563 = FILL_AREA_STYLE_COLOUR ( '', #5519 ) ;
#7564 = FACE_OUTER_BOUND ( 'NONE', #2413, .T. ) ;
#7565 = ORIENTED_EDGE ( 'NONE', *, *, #3773, .F. ) ;
#7566 = ADVANCED_FACE ( 'NONE', ( #6713 ), #3706, .F. ) ;
#7567 = VECTOR ( 'NONE', #3238, 1000.000000000000000 ) ;
#7568 = DIRECTION ( 'NONE',  ( 1.084202172485504434E-16, -1.000000000000000000, 0.000000000000000000 ) ) ;
#7569 = DIRECTION ( 'NONE',  ( 0.000000000000000000, -0.000000000000000000, 1.000000000000000000 ) ) ;
#7570 = ORIENTED_EDGE ( 'NONE', *, *, #2470, .T. ) ;
#7571 = CARTESIAN_POINT ( 'NONE',  ( 4.080000000000000071, 6.500000000000000888, 0.3499999999999989231 ) ) ;
#7572 = EDGE_LOOP ( 'NONE', ( #2885, #1413, #5045, #4067 ) ) ;
#7573 = CARTESIAN_POINT ( 'NONE',  ( 3.275042010446086671, 6.043840788194753344, -0.3500000000000000888 ) ) ;
#7574 = EDGE_CURVE ( 'NONE', #4542, #1591, #5172, .T. ) ;
#7575 = CIRCLE ( 'NONE', #2661, 0.2999999999999999334 ) ;
#7576 =( NAMED_UNIT ( * ) SI_UNIT ( $, .STERADIAN. ) SOLID_ANGLE_UNIT ( ) );
#7577 =( LENGTH_UNIT ( ) NAMED_UNIT ( * ) SI_UNIT ( .MILLI., .METRE. ) );
#7578 = VERTEX_POINT ( 'NONE', #7486 ) ;
#7579 = CARTESIAN_POINT ( 'NONE',  ( -0.9999999999999995559, 1.800000000000000488, 0.3499999999999999778 ) ) ;
#7580 = CARTESIAN_POINT ( 'NONE',  ( 4.281789536020344400, 5.709058272657560273, -0.3500000000000001443 ) ) ;
#7581 = AXIS2_PLACEMENT_3D ( 'NONE', #614, #4120, #4270 ) ;
#7582 = DIRECTION ( 'NONE',  ( 0.000000000000000000, -0.8660254037844373753, 0.5000000000000022204 ) ) ;
#7583 = CARTESIAN_POINT ( 'NONE',  ( 0.4999999999999985012, 6.084152315493285279, -0.3499999999999999778 ) ) ;
#7584 = SURFACE_STYLE_USAGE ( .BOTH. , #5187 ) ;
#7585 = DIRECTION ( 'NONE',  ( 0.000000000000000000, 1.000000000000000000, 0.000000000000000000 ) ) ;
#7586 = VERTEX_POINT ( 'NONE', #2080 ) ;
#7587 = ORIENTED_EDGE ( 'NONE', *, *, #4680, .T. ) ;
#7588 = ADVANCED_FACE ( 'NONE', ( #4523 ), #3323, .T. ) ;
#7589 = CIRCLE ( 'NONE', #18, 0.2999999999999999334 ) ;
#7590 = LINE ( 'NONE', #6037, #1082 ) ;
#7591 = CARTESIAN_POINT ( 'NONE',  ( -0.5999999999999996447, 6.299999999999999822, 0.1283333333333336046 ) ) ;
#7592 = CARTESIAN_POINT ( 'NONE',  ( 7.972524015545777942, 5.732672356334978403, 0.3499999999999998113 ) ) ;
#7593 = EDGE_CURVE ( 'NONE', #793, #4137, #872, .T. ) ;
#7594 = CARTESIAN_POINT ( 'NONE',  ( 7.156643101092098114, 1.700000000000000400, 0.3499999999999997558 ) ) ;
#7595 = SURFACE_STYLE_USAGE ( .BOTH. , #306 ) ;
#7596 = SURFACE_STYLE_USAGE ( .BOTH. , #141 ) ;
#7597 = DIRECTION ( 'NONE',  ( -1.000000000000000000, -0.000000000000000000, -0.000000000000000000 ) ) ;
#7598 = VERTEX_POINT ( 'NONE', #442 ) ;
#7599 = DIRECTION ( 'NONE',  ( 3.097720492815726426E-17, -1.000000000000000000, 0.000000000000000000 ) ) ;
#7600 = VECTOR ( 'NONE', #150, 1000.000000000000000 ) ;
#7601 = CARTESIAN_POINT ( 'NONE',  ( 8.306754932607761432, 6.500000000000000888, -0.3500000000000010880 ) ) ;
#7602 = ORIENTED_EDGE ( 'NONE', *, *, #4288, .F. ) ;
#7603 = STYLED_ITEM ( 'NONE', ( #2371 ), #4752 ) ;
#7604 = ORIENTED_EDGE ( 'NONE', *, *, #2275, .T. ) ;
#7605 = CARTESIAN_POINT ( 'NONE',  ( 0.3500000000000009215, -2.800000000000001155, -0.3499999999999999778 ) ) ;
#7606 = ADVANCED_FACE ( 'NONE', ( #5253 ), #6436, .F. ) ;
#7607 =( NAMED_UNIT ( * ) SI_UNIT ( $, .STERADIAN. ) SOLID_ANGLE_UNIT ( ) );
#7608 = COLOUR_RGB ( '',0.8313725490196077761, 0.6705882352941175961, 0.1294117647058823373 ) ;
#7609 = VERTEX_POINT ( 'NONE', #2203 ) ;
#7610 = CARTESIAN_POINT ( 'NONE',  ( -0.6867549326077613259, 6.500000000000000888, 0.3499999999999989231 ) ) ;
#7611 = ORIENTED_EDGE ( 'NONE', *, *, #6427, .F. ) ;
#7612 = CARTESIAN_POINT ( 'NONE',  ( 3.474825183200149326, 4.263498050148223584, -0.3499999999999999778 ) ) ;
#7613 = CARTESIAN_POINT ( 'NONE',  ( 2.390000000000000568, -3.000000000000000000, -0.3500000000000000333 ) ) ;
#7614 = SURFACE_STYLE_FILL_AREA ( #6922 ) ;
#7615 = ORIENTED_EDGE ( 'NONE', *, *, #4775, .T. ) ;
#7616 = EDGE_CURVE ( 'NONE', #7390, #4344, #1456, .T. ) ;
#7617 = STYLED_ITEM ( 'NONE', ( #5853 ), #5462 ) ;
#7618 = CARTESIAN_POINT ( 'NONE',  ( 7.270000000000000462, 8.000000000000000000, 0.3499999999999999778 ) ) ;
#7619 = CARTESIAN_POINT ( 'NONE',  ( 4.205005870614371588, 5.069026963383188367, -0.3499999999999999223 ) ) ;
#7620 = LINE ( 'NONE', #4613, #5731 ) ;
#7621 = CARTESIAN_POINT ( 'NONE',  ( 2.865255819881805444, 5.589454083063163381, 0.3499999999999999223 ) ) ;
#7622 = CARTESIAN_POINT ( 'NONE',  ( 1.540000000000000480, 1.800000000000000488, -0.3500000000000000333 ) ) ;
#7623 = CARTESIAN_POINT ( 'NONE',  ( 0.000000000000000000, 0.000000000000000000, 0.000000000000000000 ) ) ;
#7624 = ORIENTED_EDGE ( 'NONE', *, *, #4682, .F. ) ;
#7625 = AXIS2_PLACEMENT_3D ( 'NONE', #661, #7291, #1248 ) ;
#7626 = ORIENTED_EDGE ( 'NONE', *, *, #6661, .T. ) ;
#7627 = DIRECTION ( 'NONE',  ( -1.000000000000000000, -1.084202172485504434E-16, 0.000000000000000000 ) ) ;
#7628 = UNCERTAINTY_MEASURE_WITH_UNIT (LENGTH_MEASURE( 1.000000000000000082E-05 ), #489, 'distance_accuracy_value', 'NONE');
#7629 = PRESENTATION_LAYER_ASSIGNMENT (  '', '', ( #2853 ) ) ;
#7630 = B_SPLINE_CURVE_WITH_KNOTS ( 'NONE', 3,
 ( #677, #6233, #5651, #1305, #6723, #5539, #6191, #842, #5053, #802, #3252, #3211, #3093, #6150, #5016, #7417, #7456, #5615, #207, #2614, #124, #247, #4265, #4892, #7308, #6681, #4934, #2529, #4341, #6759, #3754 ),
 .UNSPECIFIED., .F., .F.,
 ( 4, 1, 1, 1, 1, 1, 1, 2, 2, 1, 1, 1, 1, 2, 2, 1, 1, 1, 1, 1, 2, 2, 4 ),
 ( 0.000000000000000000, 0.06250000000001437739, 0.09375000000002127465, 0.1093750000000249245, 0.1171875000000267425, 0.1210937500000276584, 0.1230468750000281303, 0.1240234375000285189, 0.1250000000000288936, 0.1875000000000276723, 0.2187500000000270617, 0.2343750000000267564, 0.2421875000000266176, 0.2460937500000268119, 0.2500000000000269784, 0.3750000000000259237, 0.4375000000000253686, 0.4687500000000248135, 0.4843750000000245359, 0.4921875000000244249, 0.4960937500000245914, 0.5000000000000247580, 1.000000000000000000 ),
 .UNSPECIFIED. ) ;
#7631 = APPLICATION_PROTOCOL_DEFINITION ( 'draft international standard', 'automotive_design', 1998, #6953 ) ;
#7632 = EDGE_CURVE ( 'NONE', #4443, #6932, #2648, .T. ) ;
#7633 = CARTESIAN_POINT ( 'NONE',  ( -1.000000000000000000, 6.500000000000000888, -0.3500000000000010880 ) ) ;
#7634 = CARTESIAN_POINT ( 'NONE',  ( -0.3252558198818047974, 5.589454083063166046, 0.3499999999999999778 ) ) ;
#7635 = CARTESIAN_POINT ( 'NONE',  ( 6.974533521472695341, 3.877691542223589138, -0.3500000000000001998 ) ) ;
#7636 = LINE ( 'NONE', #7126, #1978 ) ;
#7637 = COLOUR_RGB ( '',0.8313725490196077761, 0.6705882352941175961, 0.1294117647058823373 ) ;
#7638 = DIRECTION ( 'NONE',  ( 0.000000000000000000, 0.000000000000000000, -1.000000000000000000 ) ) ;
#7639 = EDGE_CURVE ( 'NONE', #4926, #5303, #1573, .T. ) ;
#7640 = CARTESIAN_POINT ( 'NONE',  ( 4.480000000000000426, 6.299999999999999822, -0.3500000000000000888 ) ) ;
#7641 = ORIENTED_EDGE ( 'NONE', *, *, #5455, .F. ) ;
#7642 = CARTESIAN_POINT ( 'NONE',  ( 4.729999999999999538, 8.199999999999999289, 0.3499999999999999778 ) ) ;
#7643 = CARTESIAN_POINT ( 'NONE',  ( 2.890000000000001013, -2.800000000000001155, 0.3499999999999999223 ) ) ;
#7644 = B_SPLINE_CURVE_WITH_KNOTS ( 'NONE', 3,
 ( #5981, #584, #2994, #5401, #4795, #7214, #1795, #7701, #1150, #567, #7006, #1734, #6449, #4736, #7619, #5184, #1585, #5345, #6559, #2214, #4612, #4576, #7041, #7580, #3557, #4109, #3515, #4031, #2252, #1621, #4651, #3451, #5956 ),
 .UNSPECIFIED., .F., .F.,
 ( 4, 1, 1, 1, 1, 1, 1, 2, 2, 1, 1, 1, 1, 1, 2, 2, 1, 1, 1, 1, 1, 1, 2, 2, 4 ),
 ( 0.000000000000000000, 0.2499999999999789058, 0.3749999999999682476, 0.4374999999999629186, 0.4687499999999602540, 0.4843749999999587552, 0.4921874999999583111, 0.4960937499999580891, 0.4999999999999578115, 0.6249999999999521494, 0.6874999999999489297, 0.7187499999999471534, 0.7343749999999461542, 0.7421874999999453770, 0.7460937499999450440, 0.7499999999999447109, 0.8124999999999460432, 0.8437499999999471534, 0.8593749999999475975, 0.8671874999999474865, 0.8710937499999477085, 0.8730468749999480416, 0.8740234374999483746, 0.8749999999999485967, 1.000000000000000000 ),
 .UNSPECIFIED. ) ;
#7645 = CARTESIAN_POINT ( 'NONE',  ( -0.9460868014086029065, 4.056300144720209389, -0.3500000000000000888 ) ) ;
#7646 = ORIENTED_EDGE ( 'NONE', *, *, #6610, .T. ) ;
#7647 =( LENGTH_UNIT ( ) NAMED_UNIT ( * ) SI_UNIT ( .MILLI., .METRE. ) );
#7648 = B_SPLINE_CURVE_WITH_KNOTS ( 'NONE', 3,
 ( #5285, #473, #4553, #351 ),
 .UNSPECIFIED., .F., .F.,
 ( 4, 4 ),
 ( 0.000000000000000000, 1.000000000000000000 ),
 .UNSPECIFIED. ) ;
#7649 = MECHANICAL_DESIGN_GEOMETRIC_PRESENTATION_REPRESENTATION (  '', ( #6764 ), #3613 ) ;
#7650 = VERTEX_POINT ( 'NONE', #3405 ) ;
#7651 = CARTESIAN_POINT ( 'NONE',  ( 5.579999999999999183, 6.299999999999999822, 0.3499999999999998668 ) ) ;
#7652 = LINE ( 'NONE', #555, #5533 ) ;
#7653 =( NAMED_UNIT ( * ) PLANE_ANGLE_UNIT ( ) SI_UNIT ( $, .RADIAN. ) );
#7654 = MECHANICAL_DESIGN_GEOMETRIC_PRESENTATION_REPRESENTATION (  '', ( #6911 ), #5883 ) ;
#7655 = ORIENTED_EDGE ( 'NONE', *, *, #2377, .T. ) ;
#7656 = CARTESIAN_POINT ( 'NONE',  ( 4.393245067392238745, 6.500000000000000888, -0.3500000000000010880 ) ) ;
#7657 = VERTEX_POINT ( 'NONE', #2928 ) ;
#7658 = CARTESIAN_POINT ( 'NONE',  ( 3.440693495213402286, 4.786369049944407372, -0.3500000000000000888 ) ) ;
#7659 =( NAMED_UNIT ( * ) SI_UNIT ( $, .STERADIAN. ) SOLID_ANGLE_UNIT ( ) );
#7660 = EDGE_CURVE ( 'NONE', #6395, #5984, #6514, .T. ) ;
#7661 = CARTESIAN_POINT ( 'NONE',  ( 4.080000000000000959, -1.121588454295348794E-16, 0.3499999999999998668 ) ) ;
#7662 = VERTEX_POINT ( 'NONE', #5336 ) ;
#7663 = DIRECTION ( 'NONE',  ( -0.000000000000000000, -1.000000000000000000, 1.668003342285392044E-16 ) ) ;
#7664 = DIRECTION ( 'NONE',  ( -0.000000000000000000, 0.000000000000000000, 1.000000000000000000 ) ) ;
#7665 = CARTESIAN_POINT ( 'NONE',  ( 7.270000000000000462, 8.199999999999999289, -0.3499999999999999778 ) ) ;
#7666 = CARTESIAN_POINT ( 'NONE',  ( 1.587276676835969624, 3.923639721076772613, -0.3500000000000000888 ) ) ;
#7667 = EDGE_CURVE ( 'NONE', #2246, #4926, #3678, .T. ) ;
#7668 = MECHANICAL_DESIGN_GEOMETRIC_PRESENTATION_REPRESENTATION (  '', ( #5281 ), #3880 ) ;
#7669 = ORIENTED_EDGE ( 'NONE', *, *, #3219, .F. ) ;
#7670 = ORIENTED_EDGE ( 'NONE', *, *, #2603, .F. ) ;
#7671 =( NAMED_UNIT ( * ) PLANE_ANGLE_UNIT ( ) SI_UNIT ( $, .RADIAN. ) );
#7672 = CARTESIAN_POINT ( 'NONE',  ( 5.766754932607760509, 0.5000000000000002220, 0.6500000000000010214 ) ) ;
#7673 = CARTESIAN_POINT ( 'NONE',  ( 6.080000000000000071, 6.500000000000000888, 0.3499999999999989231 ) ) ;
#7674 = EDGE_CURVE ( 'NONE', #3981, #364, #4209, .T. ) ;
#7675 = LINE ( 'NONE', #6330, #3100 ) ;
#7676 = CARTESIAN_POINT ( 'NONE',  ( 4.580000000000001847, 6.299999999999999822, -0.3500000000000000888 ) ) ;
#7677 = AXIS2_PLACEMENT_3D ( 'NONE', #4841, #4253, #7260 ) ;
#7678 = DIRECTION ( 'NONE',  ( -0.000000000000000000, 1.000000000000000000, -0.000000000000000000 ) ) ;
#7679 = ADVANCED_FACE ( 'NONE', ( #6591 ), #3586, .T. ) ;
#7680 = ORIENTED_EDGE ( 'NONE', *, *, #1164, .F. ) ;
#7681 = CARTESIAN_POINT ( 'NONE',  ( 4.080000000000000959, 6.299999999999999822, -0.3850000000000000089 ) ) ;
#7682 = FACE_OUTER_BOUND ( 'NONE', #6371, .T. ) ;
#7683 = EDGE_CURVE ( 'NONE', #4751, #1039, #1649, .T. ) ;
#7684 = ORIENTED_EDGE ( 'NONE', *, *, #1432, .F. ) ;
#7685 = DIRECTION ( 'NONE',  ( -0.000000000000000000, 0.000000000000000000, 1.000000000000000000 ) ) ;
#7686 = CARTESIAN_POINT ( 'NONE',  ( 1.540000000000000036, 6.500000000000000888, 0.3499999999999989231 ) ) ;
#7687 = AXIS2_PLACEMENT_3D ( 'NONE', #7156, #3013, #4110 ) ;
#7688 = ORIENTED_EDGE ( 'NONE', *, *, #6586, .T. ) ;
#7689 = DIRECTION ( 'NONE',  ( 0.000000000000000000, -0.000000000000000000, -1.000000000000000000 ) ) ;
#7690 = SURFACE_SIDE_STYLE ('',( #6438 ) ) ;
#7691 = AXIS2_PLACEMENT_3D ( 'NONE', #7074, #2934, #2290 ) ;
#7692 = ORIENTED_EDGE ( 'NONE', *, *, #5070, .T. ) ;
#7693 = CARTESIAN_POINT ( 'NONE',  ( 2.865255819881805444, 5.589454083063163381, -0.3500000000000000333 ) ) ;
#7694 = VERTEX_POINT ( 'NONE', #4172 ) ;
#7695 = CARTESIAN_POINT ( 'NONE',  ( 3.484276979512004324, 4.091073788932194866, -0.3500000000000000888 ) ) ;
#7696 = FACE_OUTER_BOUND ( 'NONE', #525, .T. ) ;
#7697 = DIRECTION ( 'NONE',  ( 3.097720492815726426E-17, -1.000000000000000000, 0.000000000000000000 ) ) ;
#7698 = ORIENTED_EDGE ( 'NONE', *, *, #676, .T. ) ;
#7699 = VECTOR ( 'NONE', #4840, 1000.000000000000000 ) ;
#7700 =( BOUNDED_CURVE ( )  B_SPLINE_CURVE ( 3, ( #387, #6007, #3061, #1200, #1086, #5970, #4822 ),
 .UNSPECIFIED., .F., .F. ) 
 B_SPLINE_CURVE_WITH_KNOTS ( ( 4, 3, 4 ),
 ( 0.8078321013870645162, 3.141592653589793116, 5.475353205792521827 ),
 .UNSPECIFIED. ) 
 CURVE ( )  GEOMETRIC_REPRESENTATION_ITEM ( )  RATIONAL_B_SPLINE_CURVE ( ( 1.000000000000000000, 0.5953481791230077480, 0.5953481791230077480, 1.000000000000000000, 0.5953481791230077480, 0.5953481791230077480, 1.000000000000000000 ) ) 
 REPRESENTATION_ITEM ( '' )  );
#7701 = CARTESIAN_POINT ( 'NONE',  ( 4.133063051753866901, 4.039780281224065739, -0.3500000000000000888 ) ) ;
#7702 = DIRECTION ( 'NONE',  ( -1.000000000000000000, -0.000000000000000000, -0.000000000000000000 ) ) ;
#7703 = PRESENTATION_STYLE_ASSIGNMENT (( #4184 ) ) ;
#7704 = VECTOR ( 'NONE', #5778, 1000.000000000000000 ) ;
#7705 = PLANE ( 'NONE',  #2291 ) ;
#7706 = ORIENTED_EDGE ( 'NONE', *, *, #4802, .T. ) ;
#7707 = ORIENTED_EDGE ( 'NONE', *, *, #95, .F. ) ;
#7708 = SURFACE_SIDE_STYLE ('',( #1816 ) ) ;
#7709 = AXIS2_PLACEMENT_3D ( 'NONE', #7338, #5493, #5386 ) ;
#7710 =( GEOMETRIC_REPRESENTATION_CONTEXT ( 3 ) GLOBAL_UNCERTAINTY_ASSIGNED_CONTEXT ( ( #733 ) ) GLOBAL_UNIT_ASSIGNED_CONTEXT ( ( #7087, #7671, #2693 ) ) REPRESENTATION_CONTEXT ( 'NONE', 'WORKASPACE' ) );
#7711 = UNCERTAINTY_MEASURE_WITH_UNIT (LENGTH_MEASURE( 1.000000000000000082E-05 ), #7647, 'distance_accuracy_value', 'NONE');
#7712 = DIRECTION ( 'NONE',  ( 0.000000000000000000, 0.000000000000000000, -1.000000000000000000 ) ) ;
#7713 = SURFACE_SIDE_STYLE ('',( #5428 ) ) ;
#7714 = PRESENTATION_STYLE_ASSIGNMENT (( #5318 ) ) ;
#7715 = CARTESIAN_POINT ( 'NONE',  ( 1.940000000000000613, 6.299999999999999822, -0.3500000000000000333 ) ) ;
#7716 = VECTOR ( 'NONE', #240, 1000.000000000000000 ) ;
#7717 = DIRECTION ( 'NONE',  ( 0.000000000000000000, -0.000000000000000000, -1.000000000000000000 ) ) ;
#7718 =( NAMED_UNIT ( * ) SI_UNIT ( $, .STERADIAN. ) SOLID_ANGLE_UNIT ( ) );
#7719 = VERTEX_POINT ( 'NONE', #7731 ) ;
#7720 = EDGE_CURVE ( 'NONE', #965, #7657, #6478, .T. ) ;
#7721 = EDGE_CURVE ( 'NONE', #6101, #5787, #3002, .T. ) ;
#7722 = AXIS2_PLACEMENT_3D ( 'NONE', #4950, #182, #1363 ) ;
#7723 = EDGE_CURVE ( 'NONE', #6032, #7217, #1689, .T. ) ;
#7724 = CARTESIAN_POINT ( 'NONE',  ( 5.579999999999999183, 6.084152315493285279, 0.3499999999999999223 ) ) ;
#7725 = PLANE ( 'NONE',  #1942 ) ;
#7726 = LINE ( 'NONE', #5937, #6339 ) ;
#7727 = FILL_AREA_STYLE_COLOUR ( '', #4504 ) ;
#7728 = SURFACE_SIDE_STYLE ('',( #4598 ) ) ;
#7729 = VERTEX_POINT ( 'NONE', #5945 ) ;
#7730 =( GEOMETRIC_REPRESENTATION_CONTEXT ( 3 ) GLOBAL_UNCERTAINTY_ASSIGNED_CONTEXT ( ( #3601 ) ) GLOBAL_UNIT_ASSIGNED_CONTEXT ( ( #3159, #3738, #1988 ) ) REPRESENTATION_CONTEXT ( 'NONE', 'WORKASPACE' ) );
#7731 = CARTESIAN_POINT ( 'NONE',  ( 4.730000000000001315, -2.800000000000001155, -0.3500000000000000888 ) ) ;
#7732 = DIRECTION ( 'NONE',  ( 1.000000000000000000, 0.000000000000000000, 0.000000000000000000 ) ) ;
#7733 = VERTEX_POINT ( 'NONE', #6546 ) ;
#7734 = LINE ( 'NONE', #1691, #3051 ) ;
#7735 = ORIENTED_EDGE ( 'NONE', *, *, #515, .F. ) ;
#7736 = VECTOR ( 'NONE', #3580, 1000.000000000000114 ) ;
#7737 = UNCERTAINTY_MEASURE_WITH_UNIT (LENGTH_MEASURE( 1.000000000000000082E-05 ), #3924, 'distance_accuracy_value', 'NONE');
#7738 = CARTESIAN_POINT ( 'NONE',  ( 3.326052886485986182, 5.783587059575307165, -0.3500000000000000333 ) ) ;
#7739 = ORIENTED_EDGE ( 'NONE', *, *, #5589, .F. ) ;
#7740 = CARTESIAN_POINT ( 'NONE',  ( 6.080000000000000071, 1.800000000000000488, 0.3849999999999998423 ) ) ;
#7741 = VECTOR ( 'NONE', #5074, 1000.000000000000114 ) ;
#7742 = DIRECTION ( 'NONE',  ( 0.000000000000000000, 0.000000000000000000, -1.000000000000000000 ) ) ;
#7743 = DIRECTION ( 'NONE',  ( 1.000000000000000000, 0.000000000000000000, 0.000000000000000000 ) ) ;
#7744 = EDGE_LOOP ( 'NONE', ( #498, #3256, #490, #6024 ) ) ;
#7745 = VERTEX_POINT ( 'NONE', #2395 ) ;
#7746 = CARTESIAN_POINT ( 'NONE',  ( 2.189999999999999947, 0.000000000000000000, -0.3499999999999999778 ) ) ;
#7747 = STYLED_ITEM ( 'NONE', ( #4554 ), #5204 ) ;
#7748 = ORIENTED_EDGE ( 'NONE', *, *, #2613, .F. ) ;
#7749 =( BOUNDED_SURFACE ( )  B_SPLINE_SURFACE ( 3, 1, ( 
 ( #5457, #3516 ),
 ( #5913, #3559 ),
 ( #40, #4653 ),
 ( #529, #7082 ) ),
 .UNSPECIFIED., .F., .F., .F. ) 
 B_SPLINE_SURFACE_WITH_KNOTS ( ( 4, 4 ),
 ( 2, 2 ),
 ( 0.000000000000000000, 1.000000000000000000 ),
 ( 0.000000000000000000, 1.000000000000000000 ),
 .UNSPECIFIED. ) 
 GEOMETRIC_REPRESENTATION_ITEM ( )  RATIONAL_B_SPLINE_SURFACE ( (
 ( 1.000000000000000000, 1.000000000000000000),
 ( 0.9488815137910384667, 0.9488815137910384667),
 ( 0.9488815137910384667, 0.9488815137910384667),
 ( 1.000000000000000000, 1.000000000000000000) ) ) 
 REPRESENTATION_ITEM ( '' )  SURFACE ( )  );
#7750 = AXIS2_PLACEMENT_3D ( 'NONE', #1840, #7664, #6488 ) ;
#7751 = PRESENTATION_STYLE_ASSIGNMENT (( #540 ) ) ;
#7752 = CARTESIAN_POINT ( 'NONE',  ( 5.405255819881806367, 5.589454083063162493, 0.3499999999999998668 ) ) ;
#7753 = CARTESIAN_POINT ( 'NONE',  ( 8.479267235522909729, 5.226749775238715756, -0.3500000000000001998 ) ) ;
#7754 = FACE_OUTER_BOUND ( 'NONE', #4362, .T. ) ;
#7755 = FACE_OUTER_BOUND ( 'NONE', #3758, .T. ) ;
#7756 = LINE ( 'NONE', #577, #2798 ) ;
#7757 = MECHANICAL_DESIGN_GEOMETRIC_PRESENTATION_REPRESENTATION (  '', ( #329 ), #3106 ) ;
#7758 = VERTEX_POINT ( 'NONE', #4801 ) ;
#7759 = SURFACE_STYLE_FILL_AREA ( #4236 ) ;
#7760 = CARTESIAN_POINT ( 'NONE',  ( 0.4999999999999985012, 6.299999999999999822, -0.3499999999999999778 ) ) ;
#7761 = LINE ( 'NONE', #7174, #4468 ) ;
#7762 = MECHANICAL_DESIGN_GEOMETRIC_PRESENTATION_REPRESENTATION (  '', ( #4983 ), #1586 ) ;
#7763 = DIRECTION ( 'NONE',  ( 0.7071067811865489050, -0.7071067811865460184, 0.000000000000000000 ) ) ;
#7764 = EDGE_CURVE ( 'NONE', #3158, #4971, #7220, .T. ) ;
#7765 = FACE_OUTER_BOUND ( 'NONE', #6479, .T. ) ;
#7766 = FACE_OUTER_BOUND ( 'NONE', #2683, .T. ) ;
#7767 = UNCERTAINTY_MEASURE_WITH_UNIT (LENGTH_MEASURE( 1.000000000000000082E-05 ), #4366, 'distance_accuracy_value', 'NONE');
#7768 = EDGE_CURVE ( 'NONE', #4148, #4167, #7652, .T. ) ;
#7769 = ORIENTED_EDGE ( 'NONE', *, *, #3340, .F. ) ;
#7770 = CARTESIAN_POINT ( 'NONE',  ( 5.941229900893848281, 5.207834124282262778, 0.3499999999999999223 ) ) ;
#7771 = DIRECTION ( 'NONE',  ( -0.000000000000000000, -3.097720492815727166E-16, -1.000000000000000000 ) ) ;
#7772 = DIRECTION ( 'NONE',  ( -1.000000000000000000, 0.000000000000000000, 0.000000000000000000 ) ) ;
#7773 = VERTEX_POINT ( 'NONE', #3627 ) ;
#7774 = CARTESIAN_POINT ( 'NONE',  ( 6.755802618229585832, 5.178803639423789740, -0.3500000000000001998 ) ) ;
#7775 = ORIENTED_EDGE ( 'NONE', *, *, #2559, .T. ) ;
#7776 = STYLED_ITEM ( 'NONE', ( #4496 ), #7013 ) ;
#7777 = CARTESIAN_POINT ( 'NONE',  ( -1.469999999999999973, 0.000000000000000000, -0.6499999999999991340 ) ) ;
#7778 = EDGE_CURVE ( 'NONE', #6595, #3549, #5294, .T. ) ;
#7779 = VERTEX_POINT ( 'NONE', #4465 ) ;
#7780 = FACE_OUTER_BOUND ( 'NONE', #5807, .T. ) ;
#7781 = STYLED_ITEM ( 'NONE', ( #6396 ), #7588 ) ;
#7782 = SURFACE_STYLE_FILL_AREA ( #2334 ) ;
#7783 = CARTESIAN_POINT ( 'NONE',  ( 7.969999999999999751, 8.000000000000000000, 0.3499999999999999778 ) ) ;
#7784 = ORIENTED_EDGE ( 'NONE', *, *, #7359, .T. ) ;
#7785 = ORIENTED_EDGE ( 'NONE', *, *, #4280, .F. ) ;
#7786 = UNCERTAINTY_MEASURE_WITH_UNIT (LENGTH_MEASURE( 1.000000000000000082E-05 ), #2396, 'distance_accuracy_value', 'NONE');
#7787 = DIRECTION ( 'NONE',  ( 1.084202172485504434E-16, -1.000000000000000000, 0.000000000000000000 ) ) ;
#7788 = VECTOR ( 'NONE', #5898, 1000.000000000000000 ) ;
#7789 = LINE ( 'NONE', #5354, #5103 ) ;
#7790 = DIRECTION ( 'NONE',  ( 1.000000000000000000, 0.000000000000000000, 0.000000000000000000 ) ) ;
#7791 =( LENGTH_UNIT ( ) NAMED_UNIT ( * ) SI_UNIT ( .MILLI., .METRE. ) );
#7792 = LINE ( 'NONE', #1273, #14 ) ;
#7793 = EDGE_CURVE ( 'NONE', #423, #4132, #6897, .T. ) ;
#7794 = ORIENTED_EDGE ( 'NONE', *, *, #4055, .F. ) ;
#7795 = CARTESIAN_POINT ( 'NONE',  ( 5.601845733883980216, 5.626229152235330488, 0.3499999999999998668 ) ) ;
#7796 = PRESENTATION_LAYER_ASSIGNMENT (  '', '', ( #1497 ) ) ;
#7797 = CARTESIAN_POINT ( 'NONE',  ( 6.779611261228812857, 5.398486016527555442, 0.3499999999999998113 ) ) ;
#7798 = LINE ( 'NONE', #1869, #4077 ) ;
#7799 =( LENGTH_UNIT ( ) NAMED_UNIT ( * ) SI_UNIT ( .MILLI., .METRE. ) );
#7800 = DIRECTION ( 'NONE',  ( 1.000000000000000000, 0.000000000000000000, -2.053413205464970640E-17 ) ) ;
#7801 = ORIENTED_EDGE ( 'NONE', *, *, #2857, .F. ) ;
#7802 = MECHANICAL_DESIGN_GEOMETRIC_PRESENTATION_REPRESENTATION (  '', ( #2382 ), #6426 ) ;
#7804 = EDGE_CURVE ( 'NONE', #4740, #605, #7382, .T. ) ;
#7803 = CARTESIAN_POINT ( 'NONE',  ( 5.869603038017698893, 5.762359718948173892, 0.3499999999999998668 ) ) ;
#7805 = FACE_OUTER_BOUND ( 'NONE', #877, .T. ) ;
#7806 = VERTEX_POINT ( 'NONE', #4347 ) ;
#7807 = CARTESIAN_POINT ( 'NONE',  ( 6.832837746342909746, 5.777005459572336576, -0.3500000000000000888 ) ) ;
#7808 = STYLED_ITEM ( 'NONE', ( #3885 ), #1545 ) ;
#7809 = ORIENTED_EDGE ( 'NONE', *, *, #6312, .T. ) ;
#7810 =( NAMED_UNIT ( * ) SI_UNIT ( $, .STERADIAN. ) SOLID_ANGLE_UNIT ( ) );
#7811 = EDGE_CURVE ( 'NONE', #1987, #2161, #1355, .T. ) ;
#7812 = ORIENTED_EDGE ( 'NONE', *, *, #142, .F. ) ;
#7813 = EDGE_CURVE ( 'NONE', #2718, #2161, #3304, .T. ) ;
#7814 = ADVANCED_FACE ( 'NONE', ( #4425 ), #6935, .F. ) ;
#7815 = FILL_AREA_STYLE ('',( #2294 ) ) ;
#7816 = EDGE_CURVE ( 'NONE', #2653, #2197, #3804, .T. ) ;
#7817 = EDGE_CURVE ( 'NONE', #3960, #2280, #5446, .T. ) ;
#7818 = SURFACE_SIDE_STYLE ('',( #496 ) ) ;
#7819 = CARTESIAN_POINT ( 'NONE',  ( 1.678770099106168256, 5.207834124282345378, -0.3499999999999999778 ) ) ;
ENDSEC;
END-ISO-10303-21;
