ISO-10303-21;
HEADER;
FILE_DESCRIPTION (( 'STEP AP214' ),
    '1' );
FILE_NAME ('100mill Female Pin Header_3P_Bk.STEP',
    '2026-02-28T15:29:48',
    ( '' ),
    ( '' ),
    'SwSTEP 2.0',
    'SolidWorks 2024',
    '' );
FILE_SCHEMA (( 'AUTOMOTIVE_DESIGN' ));
ENDSEC;

DATA;
#1 = VECTOR ( 'NONE', #1276, 1000.000000000000000 ) ;
#2 = ORIENTED_EDGE ( 'NONE', *, *, #4255, .F. ) ;
#3 = SURFACE_SIDE_STYLE ('',( #3244 ) ) ;
#4 = CARTESIAN_POINT ( 'NONE',  ( 5.080000000000000071, 6.299999999999999822, -0.3499999999999999778 ) ) ;
#5 = DIRECTION ( 'NONE',  ( 0.000000000000000000, 0.000000000000000000, -1.000000000000000000 ) ) ;
#6 = ORIENTED_EDGE ( 'NONE', *, *, #689, .T. ) ;
#7 = DIRECTION ( 'NONE',  ( -3.097720492815726426E-17, 1.000000000000000000, 0.000000000000000000 ) ) ;
#8 = EDGE_CURVE ( 'NONE', #3041, #1657, #2866, .T. ) ;
#9 = LINE ( 'NONE', #4477, #2012 ) ;
#10 = CARTESIAN_POINT ( 'NONE',  ( 2.865255819881805444, 5.589454083063163381, 0.3499999999999999778 ) ) ;
#11 = EDGE_LOOP ( 'NONE', ( #4840, #1775, #4555, #5495 ) ) ;
#12 = LINE ( 'NONE', #5047, #2615 ) ;
#13 = FACE_OUTER_BOUND ( 'NONE', #3739, .T. ) ;
#14 =( GEOMETRIC_REPRESENTATION_CONTEXT ( 3 ) GLOBAL_UNCERTAINTY_ASSIGNED_CONTEXT ( ( #1556 ) ) GLOBAL_UNIT_ASSIGNED_CONTEXT ( ( #2696, #3995, #3533 ) ) REPRESENTATION_CONTEXT ( 'NONE', 'WORKASPACE' ) );
#15 = CARTESIAN_POINT ( 'NONE',  ( 5.080000000000000071, 6.299999999999999822, -0.3499999999999999778 ) ) ;
#16 = EDGE_CURVE ( 'NONE', #1478, #1611, #3407, .T. ) ;
#17 = SURFACE_STYLE_FILL_AREA ( #5875 ) ;
#18 = DIRECTION ( 'NONE',  ( -1.000000000000000000, 0.000000000000000000, 0.000000000000000000 ) ) ;
#19 = CIRCLE ( 'NONE', #4143, 0.3000000000000000444 ) ;
#20 = CARTESIAN_POINT ( 'NONE',  ( 2.865255819881804999, 5.589454083063163381, -0.3499999999999999778 ) ) ;
#21 = EDGE_LOOP ( 'NONE', ( #1122, #999, #4505, #1027 ) ) ;
#22 = VECTOR ( 'NONE', #3712, 1000.000000000000000 ) ;
#23 = VERTEX_POINT ( 'NONE', #1505 ) ;
#24 =( LENGTH_UNIT ( ) NAMED_UNIT ( * ) SI_UNIT ( .MILLI., .METRE. ) );
#25 = ADVANCED_FACE ( 'NONE', ( #611 ), #4215, .F. ) ;
#26 = SURFACE_STYLE_USAGE ( .BOTH. , #4138 ) ;
#27 = VECTOR ( 'NONE', #1476, 1000.000000000000000 ) ;
#28 = SURFACE_STYLE_FILL_AREA ( #2210 ) ;
#29 = CARTESIAN_POINT ( 'NONE',  ( 0.6867549326077613259, 0.5000000000000002220, 0.3499999999999998668 ) ) ;
#30 = PRESENTATION_LAYER_ASSIGNMENT (  '', '', ( #511 ) ) ;
#31 =( GEOMETRIC_REPRESENTATION_CONTEXT ( 3 ) GLOBAL_UNCERTAINTY_ASSIGNED_CONTEXT ( ( #4168 ) ) GLOBAL_UNIT_ASSIGNED_CONTEXT ( ( #2678, #4493, #479 ) ) REPRESENTATION_CONTEXT ( 'NONE', 'WORKASPACE' ) );
#32 = ORIENTED_EDGE ( 'NONE', *, *, #2901, .F. ) ;
#33 = PRESENTATION_STYLE_ASSIGNMENT (( #5519 ) ) ;
#34 = LINE ( 'NONE', #63, #3649 ) ;
#35 = DIRECTION ( 'NONE',  ( -0.000000000000000000, 0.000000000000000000, 1.000000000000000000 ) ) ;
#36 = CARTESIAN_POINT ( 'NONE',  ( 0.3500000000000009215, -2.800000000000001155, -0.3499999999999999778 ) ) ;
#37 = VECTOR ( 'NONE', #297, 1000.000000000000000 ) ;
#38 = CARTESIAN_POINT ( 'NONE',  ( 3.533118178959433919, 2.798202530626828555, 0.3499999999999999778 ) ) ;
#39 = ORIENTED_EDGE ( 'NONE', *, *, #3402, .F. ) ;
#40 = VERTEX_POINT ( 'NONE', #5222 ) ;
#41 =( NAMED_UNIT ( * ) PLANE_ANGLE_UNIT ( ) SI_UNIT ( $, .RADIAN. ) );
#42 = CARTESIAN_POINT ( 'NONE',  ( 2.040000000000001812, 6.299999999999999822, 0.3499999999999999778 ) ) ;
#43 = FACE_OUTER_BOUND ( 'NONE', #2103, .T. ) ;
#44 = ORIENTED_EDGE ( 'NONE', *, *, #4374, .T. ) ;
#45 = LINE ( 'NONE', #904, #2031 ) ;
#46 = AXIS2_PLACEMENT_3D ( 'NONE', #5113, #141, #111 ) ;
#47 = SURFACE_STYLE_FILL_AREA ( #2842 ) ;
#48 = LINE ( 'NONE', #15, #90 ) ;
#49 = DIRECTION ( 'NONE',  ( -0.5000000000000009992, -0.8660254037844380415, 0.000000000000000000 ) ) ;
#50 = CARTESIAN_POINT ( 'NONE',  ( -1.000000000000000000, 6.500000000000000888, -0.3500000000000010880 ) ) ;
#51 = CARTESIAN_POINT ( 'NONE',  ( 1.000000000000000444, 1.800000000000000488, 0.3499999999999999778 ) ) ;
#52 = ORIENTED_EDGE ( 'NONE', *, *, #785, .F. ) ;
#53 = ORIENTED_EDGE ( 'NONE', *, *, #5043, .F. ) ;
#54 = CARTESIAN_POINT ( 'NONE',  ( 4.616643101092098078, 1.700000000000000400, -0.3499999999999999778 ) ) ;
#55 = DIRECTION ( 'NONE',  ( -0.000000000000000000, -0.000000000000000000, -1.000000000000000000 ) ) ;
#56 = FILL_AREA_STYLE_COLOUR ( '', #457 ) ;
#57 = PLANE ( 'NONE',  #1120 ) ;
#58 = DIRECTION ( 'NONE',  ( 1.000000000000000000, 0.000000000000000000, 0.000000000000000000 ) ) ;
#59 = ORIENTED_EDGE ( 'NONE', *, *, #3544, .F. ) ;
#60 = EDGE_CURVE ( 'NONE', #1882, #143, #5163, .T. ) ;
#61 = ORIENTED_EDGE ( 'NONE', *, *, #5853, .F. ) ;
#62 = DIRECTION ( 'NONE',  ( -0.000000000000000000, -0.000000000000000000, -1.000000000000000000 ) ) ;
#63 = CARTESIAN_POINT ( 'NONE',  ( 4.729999999999999538, 0.000000000000000000, 0.3499999999999999778 ) ) ;
#64 = DIRECTION ( 'NONE',  ( 0.000000000000000000, 1.000000000000000000, -1.668003342285391551E-16 ) ) ;
#65 = CARTESIAN_POINT ( 'NONE',  ( 5.766754932607761397, 10.39117142264903570, -0.6500000000000030198 ) ) ;
#66 = MECHANICAL_DESIGN_GEOMETRIC_PRESENTATION_REPRESENTATION (  '', ( #5825 ), #2853 ) ;
#67 = EDGE_CURVE ( 'NONE', #1951, #1927, #2824, .T. ) ;
#68 = CARTESIAN_POINT ( 'NONE',  ( 3.492723323164030447, 3.923639721076658038, 0.3500000000000000333 ) ) ;
#69 = VERTEX_POINT ( 'NONE', #1567 ) ;
#70 = ORIENTED_EDGE ( 'NONE', *, *, #5904, .T. ) ;
#71 = CARTESIAN_POINT ( 'NONE',  ( 3.226754932607761361, 10.39117142264903570, 0.3499999999999983125 ) ) ;
#72 = SURFACE_SIDE_STYLE ('',( #3710 ) ) ;
#73 = ORIENTED_EDGE ( 'NONE', *, *, #1350, .F. ) ;
#74 = DIRECTION ( 'NONE',  ( -0.000000000000000000, 1.668003342285391551E-16, 1.000000000000000000 ) ) ;
#75 = DIRECTION ( 'NONE',  ( 0.000000000000000000, -0.000000000000000000, -1.000000000000000000 ) ) ;
#76 = CARTESIAN_POINT ( 'NONE',  ( -0.9999999999999993339, -1.121588454295348794E-16, -0.3499999999999999778 ) ) ;
#77 = VECTOR ( 'NONE', #2607, 1000.000000000000000 ) ;
#78 = VECTOR ( 'NONE', #1365, 1000.000000000000114 ) ;
#79 = LINE ( 'NONE', #4193, #5889 ) ;
#80 = CARTESIAN_POINT ( 'NONE',  ( 4.730000000000001315, -1.084202172485501815E-17, -0.3499999999999999778 ) ) ;
#81 = UNCERTAINTY_MEASURE_WITH_UNIT (LENGTH_MEASURE( 1.000000000000000082E-05 ), #1309, 'distance_accuracy_value', 'NONE');
#82 = EDGE_LOOP ( 'NONE', ( #3238, #4507, #899, #5518 ) ) ;
#83 = UNCERTAINTY_MEASURE_WITH_UNIT (LENGTH_MEASURE( 1.000000000000000082E-05 ), #2965, 'distance_accuracy_value', 'NONE');
#84 = VECTOR ( 'NONE', #5073, 1000.000000000000000 ) ;
#85 = CARTESIAN_POINT ( 'NONE',  ( 0.3500000000000008105, 0.5000000000000005551, 0.3499999999999999778 ) ) ;
#86 = CARTESIAN_POINT ( 'NONE',  ( 4.480000000000000426, 6.299999999999999822, -0.3849999999999998979 ) ) ;
#87 = EDGE_CURVE ( 'NONE', #3605, #1372, #2416, .T. ) ;
#88 = LINE ( 'NONE', #3756, #554 ) ;
#89 = DIRECTION ( 'NONE',  ( 0.000000000000000000, -1.000000000000000000, 0.000000000000000000 ) ) ;
#90 = VECTOR ( 'NONE', #5079, 1000.000000000000000 ) ;
#91 = VERTEX_POINT ( 'NONE', #5706 ) ;
#92 = ORIENTED_EDGE ( 'NONE', *, *, #4556, .F. ) ;
#93 = DIRECTION ( 'NONE',  ( 1.000000000000000000, 0.000000000000000000, 0.000000000000000000 ) ) ;
#94 = AXIS2_PLACEMENT_3D ( 'NONE', #4437, #3988, #5407 ) ;
#95 = CARTESIAN_POINT ( 'NONE',  ( 5.725466478527304837, 3.877691542223589138, 0.3499999999999999778 ) ) ;
#96 = AXIS2_PLACEMENT_3D ( 'NONE', #3882, #3795, #3346 ) ;
#97 = EDGE_CURVE ( 'NONE', #4860, #4926, #661, .T. ) ;
#98 = AXIS2_PLACEMENT_3D ( 'NONE', #337, #1204, #3564 ) ;
#99 =( GEOMETRIC_REPRESENTATION_CONTEXT ( 3 ) GLOBAL_UNCERTAINTY_ASSIGNED_CONTEXT ( ( #4640 ) ) GLOBAL_UNIT_ASSIGNED_CONTEXT ( ( #1545, #4290, #4697 ) ) REPRESENTATION_CONTEXT ( 'NONE', 'WORKASPACE' ) );
#100 = CARTESIAN_POINT ( 'NONE',  ( 3.206266211150818890, 6.298959448224888291, 0.3500000000000000888 ) ) ;
#101 = VERTEX_POINT ( 'NONE', #2046 ) ;
#102 = DIRECTION ( 'NONE',  ( 0.000000000000000000, -0.000000000000000000, -1.000000000000000000 ) ) ;
#103 = CARTESIAN_POINT ( 'NONE',  ( 3.540000000000000036, 6.500000000000000888, -0.3500000000000010880 ) ) ;
#104 = EDGE_CURVE ( 'NONE', #2230, #1460, #3887, .T. ) ;
#105 = DIRECTION ( 'NONE',  ( 0.000000000000000000, -0.8660254037844380415, 0.5000000000000009992 ) ) ;
#106 = VERTEX_POINT ( 'NONE', #2835 ) ;
#107 = CARTESIAN_POINT ( 'NONE',  ( 3.540000000000000480, 1.121588454295350273E-16, 0.3499999999999999778 ) ) ;
#108 = PLANE ( 'NONE',  #2392 ) ;
#109 = PLANE ( 'NONE',  #5285 ) ;
#110 = LINE ( 'NONE', #3265, #4607 ) ;
#111 = DIRECTION ( 'NONE',  ( 0.000000000000000000, -0.000000000000000000, -1.000000000000000000 ) ) ;
#112 = ORIENTED_EDGE ( 'NONE', *, *, #163, .F. ) ;
#113 = ORIENTED_EDGE ( 'NONE', *, *, #3329, .T. ) ;
#114 =( LENGTH_UNIT ( ) NAMED_UNIT ( * ) SI_UNIT ( .MILLI., .METRE. ) );
#115 = CARTESIAN_POINT ( 'NONE',  ( 4.730000000000001315, -1.084202172485501815E-17, 0.3499999999999999778 ) ) ;
#116 = CARTESIAN_POINT ( 'NONE',  ( 4.080000000000000071, 0.5000000000000000000, -0.3500000000000000888 ) ) ;
#117 = CIRCLE ( 'NONE', #1645, 0.2999999999999999334 ) ;
#118 = DIRECTION ( 'NONE',  ( -0.000000000000000000, -1.000000000000000000, 1.668003342285391551E-16 ) ) ;
#119 = VERTEX_POINT ( 'NONE', #3064 ) ;
#120 = EDGE_CURVE ( 'NONE', #1497, #2388, #1146, .T. ) ;
#121 = VECTOR ( 'NONE', #4900, 1000.000000000000000 ) ;
#122 = CARTESIAN_POINT ( 'NONE',  ( -0.8749941293856292601, 5.069026963383188367, -0.3499999999999999778 ) ) ;
#123 = CARTESIAN_POINT ( 'NONE',  ( 4.730000000000001315, -2.800000000000001155, -0.3499999999999999778 ) ) ;
#124 = CARTESIAN_POINT ( 'NONE',  ( 4.727475984454220459, 5.732672356334980179, -0.3499999999999999778 ) ) ;
#125 = VECTOR ( 'NONE', #1958, 1000.000000000000000 ) ;
#126 = AXIS2_PLACEMENT_3D ( 'NONE', #115, #1939, #3368 ) ;
#127 = EDGE_CURVE ( 'NONE', #267, #2563, #2069, .T. ) ;
#128 = CARTESIAN_POINT ( 'NONE',  ( 5.601845733883980216, 5.626229152235330488, -0.3499999999999999778 ) ) ;
#129 = ORIENTED_EDGE ( 'NONE', *, *, #4845, .T. ) ;
#130 = EDGE_LOOP ( 'NONE', ( #4614, #310, #3396, #4605 ) ) ;
#131 = LINE ( 'NONE', #2836, #4141 ) ;
#132 = CARTESIAN_POINT ( 'NONE',  ( 0.6000000000000005329, 6.299999999999999822, -0.1166666666666667518 ) ) ;
#133 = CARTESIAN_POINT ( 'NONE',  ( 1.597499970055215934, 4.124619419408430687, 0.3500000000000000333 ) ) ;
#134 = ORIENTED_EDGE ( 'NONE', *, *, #2276, .F. ) ;
#135 = EDGE_CURVE ( 'NONE', #1594, #2019, #3040, .T. ) ;
#136 = VECTOR ( 'NONE', #2294, 1000.000000000000000 ) ;
#137 = FILL_AREA_STYLE_COLOUR ( '', #2620 ) ;
#138 = CARTESIAN_POINT ( 'NONE',  ( 2.590000000000000302, 8.026794919243110726, -0.05000000000000023870 ) ) ;
#139 = FACE_OUTER_BOUND ( 'NONE', #5091, .T. ) ;
#140 = CARTESIAN_POINT ( 'NONE',  ( 0.3252558198818050195, 5.589454083063163381, -0.3499999999999999778 ) ) ;
#141 = DIRECTION ( 'NONE',  ( 0.000000000000000000, -1.000000000000000000, 0.000000000000000000 ) ) ;
#142 = VECTOR ( 'NONE', #2859, 1000.000000000000000 ) ;
#143 = VERTEX_POINT ( 'NONE', #4362 ) ;
#144 = EDGE_LOOP ( 'NONE', ( #2827, #1526, #4518, #3798 ) ) ;
#145 = COLOUR_RGB ( '',0.8313725490196077761, 0.6705882352941175961, 0.1294117647058823373 ) ;
#146 = PRESENTATION_STYLE_ASSIGNMENT (( #2547 ) ) ;
#147 = SURFACE_STYLE_USAGE ( .BOTH. , #3367 ) ;
#148 = VECTOR ( 'NONE', #3746, 1000.000000000000000 ) ;
#149 = SURFACE_STYLE_FILL_AREA ( #981 ) ;
#150 = LINE ( 'NONE', #4233, #2876 ) ;
#151 = EDGE_LOOP ( 'NONE', ( #5782, #1713, #5290, #2619, #4089, #1085, #3509, #6, #3726, #350, #5514, #2003, #3110, #3231, #3123, #186, #2532, #1981, #3213, #2865, #3593 ) ) ;
#152 = CARTESIAN_POINT ( 'NONE',  ( -0.8678348867008387479, 5.142569796484065314, -0.3499999999999999223 ) ) ;
#153 = DIRECTION ( 'NONE',  ( 0.000000000000000000, -0.000000000000000000, -1.000000000000000000 ) ) ;
#154 = CARTESIAN_POINT ( 'NONE',  ( 4.292837746342909711, 5.777005459572336576, -0.3499999999999999223 ) ) ;
#155 = SURFACE_SIDE_STYLE ('',( #5641 ) ) ;
#156 = CARTESIAN_POINT ( 'NONE',  ( 1.853245067392238710, 0.5000000000000002220, 0.6500000000000011324 ) ) ;
#157 = CARTESIAN_POINT ( 'NONE',  ( -0.3499999999999992006, -1.084202172485501815E-17, 0.3499999999999999778 ) ) ;
#158 = ORIENTED_EDGE ( 'NONE', *, *, #2316, .F. ) ;
#159 = DIRECTION ( 'NONE',  ( -0.000000000000000000, 0.000000000000000000, 1.000000000000000000 ) ) ;
#160 = DIRECTION ( 'NONE',  ( -0.000000000000000000, -3.097720492815727166E-16, -1.000000000000000000 ) ) ;
#161 = FACE_OUTER_BOUND ( 'NONE', #984, .T. ) ;
#162 = CARTESIAN_POINT ( 'NONE',  ( 5.432524015545779683, 5.732672356334978403, -0.3499999999999999778 ) ) ;
#163 = EDGE_CURVE ( 'NONE', #5774, #680, #3098, .T. ) ;
#164 = ORIENTED_EDGE ( 'NONE', *, *, #3661, .F. ) ;
#165 =( NAMED_UNIT ( * ) SI_UNIT ( $, .STERADIAN. ) SOLID_ANGLE_UNIT ( ) );
#166 = CARTESIAN_POINT ( 'NONE',  ( 4.393245067392238745, 8.000000000000000000, 0.6500000000000000222 ) ) ;
#167 = DIRECTION ( 'NONE',  ( -3.872150616019666353E-17, -0.8660254037844381525, -0.5000000000000009992 ) ) ;
#168 = CARTESIAN_POINT ( 'NONE',  ( -5.421010862427528333E-17, 0.5000000000000005551, 0.3499999999999999778 ) ) ;
#169 = PLANE ( 'NONE',  #5021 ) ;
#170 = EDGE_CURVE ( 'NONE', #2159, #2748, #3036, .T. ) ;
#171 = VERTEX_POINT ( 'NONE', #5339 ) ;
#172 = SURFACE_SIDE_STYLE ('',( #3452 ) ) ;
#173 = AXIS2_PLACEMENT_3D ( 'NONE', #3374, #2493, #986 ) ;
#174 = COLOUR_RGB ( '',0.8313725490196077761, 0.6705882352941175961, 0.1294117647058823373 ) ;
#175 = LINE ( 'NONE', #1997, #646 ) ;
#176 = PLANE ( 'NONE',  #2437 ) ;
#177 = CARTESIAN_POINT ( 'NONE',  ( 3.540000000000000480, 1.800000000000000488, -0.3499999999999999778 ) ) ;
#178 = CARTESIAN_POINT ( 'NONE',  ( 2.540000000000000036, 6.299999999999999822, 0.3499999999999999778 ) ) ;
#179 = ORIENTED_EDGE ( 'NONE', *, *, #2597, .T. ) ;
#180 = UNCERTAINTY_MEASURE_WITH_UNIT (LENGTH_MEASURE( 1.000000000000000082E-05 ), #5136, 'distance_accuracy_value', 'NONE');
#181 = CARTESIAN_POINT ( 'NONE',  ( -0.9336972550332069964, 4.293911919603389471, -0.3499999999999999778 ) ) ;
#182 = CARTESIAN_POINT ( 'NONE',  ( 4.393245067392238745, 6.500000000000000888, -0.3500000000000010880 ) ) ;
#183 = CARTESIAN_POINT ( 'NONE',  ( 4.086881821040567075, 2.798202530627315721, -0.3499999999999999778 ) ) ;
#184 = LINE ( 'NONE', #4335, #3713 ) ;
#185 = AXIS2_PLACEMENT_3D ( 'NONE', #5681, #5249, #1622 ) ;
#186 = ORIENTED_EDGE ( 'NONE', *, *, #2901, .T. ) ;
#187 = VECTOR ( 'NONE', #5, 1000.000000000000000 ) ;
#188 = ORIENTED_EDGE ( 'NONE', *, *, #2241, .F. ) ;
#189 = FILL_AREA_STYLE_COLOUR ( '', #5261 ) ;
#190 = CARTESIAN_POINT ( 'NONE',  ( 1.677373952540060609, 5.194217234909947578, -0.3500000000000000333 ) ) ;
#191 =( NAMED_UNIT ( * ) PLANE_ANGLE_UNIT ( ) SI_UNIT ( $, .RADIAN. ) );
#192 = AXIS2_PLACEMENT_3D ( 'NONE', #2105, #2994, #3021 ) ;
#193 = COLOUR_RGB ( '',0.8313725490196077761, 0.6705882352941175961, 0.1294117647058823373 ) ;
#194 = ORIENTED_EDGE ( 'NONE', *, *, #1495, .F. ) ;
#195 = EDGE_CURVE ( 'NONE', #1298, #4706, #1227, .T. ) ;
#196 = LINE ( 'NONE', #3417, #5790 ) ;
#197 =( GEOMETRIC_REPRESENTATION_CONTEXT ( 3 ) GLOBAL_UNCERTAINTY_ASSIGNED_CONTEXT ( ( #2604 ) ) GLOBAL_UNIT_ASSIGNED_CONTEXT ( ( #4538, #2634, #1722 ) ) REPRESENTATION_CONTEXT ( 'NONE', 'WORKASPACE' ) );
#198 = DIRECTION ( 'NONE',  ( 1.000000000000000000, 0.000000000000000000, 0.000000000000000000 ) ) ;
#199 = LINE ( 'NONE', #1633, #2713 ) ;
#200 = CARTESIAN_POINT ( 'NONE',  ( 5.766754932607761397, 0.5000000000000002220, 0.6500000000000010214 ) ) ;
#201 = CARTESIAN_POINT ( 'NONE',  ( 6.550000000000000711, 8.500000000000000000, 1.199999999999999956 ) ) ;
#202 = ORIENTED_EDGE ( 'NONE', *, *, #2822, .F. ) ;
#203 = CARTESIAN_POINT ( 'NONE',  ( 0.6000000000000005329, 6.299999999999999822, -0.3849999999999999534 ) ) ;
#204 = EDGE_CURVE ( 'NONE', #2349, #5105, #4436, .T. ) ;
#205 = CARTESIAN_POINT ( 'NONE',  ( 1.940000000000000613, 6.299999999999999822, -0.1283333333333334936 ) ) ;
#206 = CARTESIAN_POINT ( 'NONE',  ( 0.4999999999999985012, 6.299999999999999822, 0.3499999999999999778 ) ) ;
#207 = DIRECTION ( 'NONE',  ( 0.000000000000000000, -0.000000000000000000, -1.000000000000000000 ) ) ;
#208 = ORIENTED_EDGE ( 'NONE', *, *, #4984, .T. ) ;
#209 =( GEOMETRIC_REPRESENTATION_CONTEXT ( 3 ) GLOBAL_UNCERTAINTY_ASSIGNED_CONTEXT ( ( #737 ) ) GLOBAL_UNIT_ASSIGNED_CONTEXT ( ( #3526, #3469, #362 ) ) REPRESENTATION_CONTEXT ( 'NONE', 'WORKASPACE' ) );
#210 = EDGE_CURVE ( 'NONE', #5016, #4427, #5855, .T. ) ;
#211 = SURFACE_STYLE_USAGE ( .BOTH. , #2648 ) ;
#212 = CARTESIAN_POINT ( 'NONE',  ( 3.390639769790269487, 5.307482533055136287, -0.3499999999999999778 ) ) ;
#214 = UNCERTAINTY_MEASURE_WITH_UNIT (LENGTH_MEASURE( 1.000000000000000082E-05 ), #2709, 'distance_accuracy_value', 'NONE');
#213 = AXIS2_PLACEMENT_3D ( 'NONE', #1488, #3298, #1004 ) ;
#215 = CARTESIAN_POINT ( 'NONE',  ( 2.214744180118195516, 5.589454083063166046, -0.3499999999999999778 ) ) ;
#216 = CARTESIAN_POINT ( 'NONE',  ( 1.540000000000000036, 6.500000000000000888, 0.3499999999999989231 ) ) ;
#217 =( BOUNDED_SURFACE ( )  B_SPLINE_SURFACE ( 2, 3, ( 
 ( #1207, #3045, #3996, #3680 ),
 ( #5389, #434, #3603, #2227 ),
 ( #813, #4993, #403, #4064 ) ),
 .UNSPECIFIED., .F., .F., .F. ) 
 B_SPLINE_SURFACE_WITH_KNOTS ( ( 3, 3 ),
 ( 4, 4 ),
 ( 0.000000000000000000, 1.000000000000000000 ),
 ( -3.500000000000000371E-05, 0.0007349999999999999763 ),
 .UNSPECIFIED. ) 
 GEOMETRIC_REPRESENTATION_ITEM ( )  RATIONAL_B_SPLINE_SURFACE ( (
 ( 1.000000000000000000, 1.000000000000000000, 1.000000000000000000, 1.000000000000000000),
 ( 0.7071067811865475727, 0.7071067811865475727, 0.7071067811865475727, 0.7071067811865475727),
 ( 1.000000000000000000, 1.000000000000000000, 1.000000000000000000, 1.000000000000000000) ) ) 
 REPRESENTATION_ITEM ( '' )  SURFACE ( )  );
#218 = COLOUR_RGB ( '',0.8313725490196077761, 0.6705882352941175961, 0.1294117647058823373 ) ;
#219 = STYLED_ITEM ( 'NONE', ( #2292 ), #5154 ) ;
#220 = EDGE_CURVE ( 'NONE', #373, #3827, #1708, .T. ) ;
#221 = ORIENTED_EDGE ( 'NONE', *, *, #637, .T. ) ;
#222 = CARTESIAN_POINT ( 'NONE',  ( 6.549999999999999822, 0.5000000000000000000, -0.6499999999999989120 ) ) ;
#223 = DIRECTION ( 'NONE',  ( -0.000000000000000000, -0.000000000000000000, 1.000000000000000000 ) ) ;
#224 = CARTESIAN_POINT ( 'NONE',  ( 1.591102897648887682, 4.001162287970070786, -0.3500000000000000333 ) ) ;
#225 = FILL_AREA_STYLE ('',( #693 ) ) ;
#226 = EDGE_LOOP ( 'NONE', ( #3896, #5398, #505, #3269 ) ) ;
#227 = LINE ( 'NONE', #3890, #125 ) ;
#228 = VECTOR ( 'NONE', #1822, 1000.000000000000000 ) ;
#229 = CARTESIAN_POINT ( 'NONE',  ( 0.8601643567029795268, 5.218128553112160617, -0.3500000000000000333 ) ) ;
#230 =( NAMED_UNIT ( * ) PLANE_ANGLE_UNIT ( ) SI_UNIT ( $, .RADIAN. ) );
#231 = ORIENTED_EDGE ( 'NONE', *, *, #2297, .F. ) ;
#232 = B_SPLINE_CURVE_WITH_KNOTS ( 'NONE', 3,
 ( #1946, #5613, #1499, #4771, #2980, #4911, #1139, #4826, #2149, #797, #3058, #293, #5274, #3957, #1221, #5697, #4400, #4355, #3935, #1193, #4376, #2116, #3463, #1677, #3984, #4849, #1165, #3032, #4800, #2580, #5724, #3005, #4881 ),
 .UNSPECIFIED., .F., .F.,
 ( 4, 1, 1, 1, 1, 1, 1, 2, 2, 1, 1, 1, 1, 1, 2, 2, 1, 1, 1, 1, 1, 1, 2, 2, 4 ),
 ( 0.000000000000000000, 0.2500000000000390799, 0.3750000000000586198, 0.4375000000000683897, 0.4687500000000732747, 0.4843750000000752731, 0.4921875000000759393, 0.4960937500000762723, 0.5000000000000766054, 0.6250000000000781597, 0.6875000000000787148, 0.7187500000000789369, 0.7343750000000790479, 0.7421875000000790479, 0.7460937500000787148, 0.7500000000000784928, 0.8125000000000752731, 0.8437500000000739409, 0.8593750000000732747, 0.8671875000000729417, 0.8710937500000728306, 0.8730468750000724976, 0.8740234375000720535, 0.8750000000000714984, 1.000000000000000000 ),
 .UNSPECIFIED. ) ;
#233 = PRESENTATION_LAYER_ASSIGNMENT (  '', '', ( #1760 ) ) ;
#234 = FILL_AREA_STYLE_COLOUR ( '', #3671 ) ;
#235 = CARTESIAN_POINT ( 'NONE',  ( -0.6867549326077613259, 6.500000000000000888, -0.3500000000000010880 ) ) ;
#236 = CARTESIAN_POINT ( 'NONE',  ( 5.815042010446086707, 6.043840788194751568, -0.3499999999999999223 ) ) ;
#237 = FACE_BOUND ( 'NONE', #931, .T. ) ;
#238 = EDGE_CURVE ( 'NONE', #4550, #2157, #4160, .T. ) ;
#239 = ORIENTED_EDGE ( 'NONE', *, *, #4851, .F. ) ;
#240 =( GEOMETRIC_REPRESENTATION_CONTEXT ( 3 ) GLOBAL_UNCERTAINTY_ASSIGNED_CONTEXT ( ( #2213 ) ) GLOBAL_UNIT_ASSIGNED_CONTEXT ( ( #1424, #5626, #2361 ) ) REPRESENTATION_CONTEXT ( 'NONE', 'WORKASPACE' ) );
#241 = FACE_OUTER_BOUND ( 'NONE', #2354, .T. ) ;
#242 = ADVANCED_FACE ( 'NONE', ( #1739 ), #3221, .T. ) ;
#243 = ORIENTED_EDGE ( 'NONE', *, *, #4158, .F. ) ;
#244 = CARTESIAN_POINT ( 'NONE',  ( 0.6662662111508188545, 6.298959448224887403, 0.3500000000000000888 ) ) ;
#245 = EDGE_CURVE ( 'NONE', #3352, #3736, #1351, .T. ) ;
#246 = DIRECTION ( 'NONE',  ( 0.000000000000000000, 0.000000000000000000, 1.000000000000000000 ) ) ;
#247 = SURFACE_STYLE_USAGE ( .BOTH. , #1540 ) ;
#248 = ADVANCED_FACE ( 'NONE', ( #1853 ), #281, .T. ) ;
#249 = EDGE_LOOP ( 'NONE', ( #5910, #2445, #608, #2225, #638, #5055, #5175, #4321 ) ) ;
#250 = CARTESIAN_POINT ( 'NONE',  ( 5.766754932607761397, 10.39117142264903570, -0.3500000000000017542 ) ) ;
#251 = LINE ( 'NONE', #1987, #1859 ) ;
#252 = ORIENTED_EDGE ( 'NONE', *, *, #2850, .T. ) ;
#253 = DIRECTION ( 'NONE',  ( -1.000000000000000000, 0.000000000000000000, -0.000000000000000000 ) ) ;
#254 = DIRECTION ( 'NONE',  ( -1.000000000000000000, 0.000000000000000000, 7.744301232039316681E-17 ) ) ;
#255 = SURFACE_SIDE_STYLE ('',( #1239 ) ) ;
#256 = EDGE_LOOP ( 'NONE', ( #3479, #957, #1492, #963 ) ) ;
#257 = AXIS2_PLACEMENT_3D ( 'NONE', #5464, #1704, #4979 ) ;
#258 = CARTESIAN_POINT ( 'NONE',  ( 4.930000000000001492, -3.000000000000000000, -0.3499999999999999778 ) ) ;
#259 = LINE ( 'NONE', #4872, #77 ) ;
#260 = CARTESIAN_POINT ( 'NONE',  ( 6.549999999999999822, 0.5000000000000000000, -0.6499999999999989120 ) ) ;
#261 = ORIENTED_EDGE ( 'NONE', *, *, #1989, .F. ) ;
#262 = CARTESIAN_POINT ( 'NONE',  ( -0.6454664785273052097, 3.877691542223591359, -0.3499999999999999778 ) ) ;
#263 = EDGE_CURVE ( 'NONE', #1636, #4445, #807, .T. ) ;
#264 = CARTESIAN_POINT ( 'NONE',  ( 0.3218457338839795234, 5.626229152235330488, -0.3499999999999999778 ) ) ;
#265 = CARTESIAN_POINT ( 'NONE',  ( 2.540000000000000036, 0.5000000000000005551, -0.3499999999999999778 ) ) ;
#266 = UNCERTAINTY_MEASURE_WITH_UNIT (LENGTH_MEASURE( 1.000000000000000082E-05 ), #4529, 'distance_accuracy_value', 'NONE');
#267 = VERTEX_POINT ( 'NONE', #1917 ) ;
#268 = ADVANCED_FACE ( 'NONE', ( #2496 ), #2377, .F. ) ;
#269 = DIRECTION ( 'NONE',  ( -0.000000000000000000, -1.000000000000000000, 1.668003342285391551E-16 ) ) ;
#270 = CARTESIAN_POINT ( 'NONE',  ( 2.861845733883979559, 5.626229152235330488, -0.3499999999999999778 ) ) ;
#271 = CARTESIAN_POINT ( 'NONE',  ( 1.750396961982262134, 5.762359718947906551, -0.3500000000000000888 ) ) ;
#272 = CARTESIAN_POINT ( 'NONE',  ( 5.528193045422142404, 5.884855341312109189, 0.3500000000000000333 ) ) ;
#273 = ORIENTED_EDGE ( 'NONE', *, *, #3225, .F. ) ;
#274 = STYLED_ITEM ( 'NONE', ( #1061 ), #2518 ) ;
#275 = FACE_OUTER_BOUND ( 'NONE', #256, .T. ) ;
#276 = EDGE_CURVE ( 'NONE', #1055, #2159, #5306, .T. ) ;
#277 = LINE ( 'NONE', #1630, #4451 ) ;
#278 = EDGE_LOOP ( 'NONE', ( #427, #1176, #3651, #985 ) ) ;
#279 = SURFACE_STYLE_USAGE ( .BOTH. , #1578 ) ;
#280 = STYLED_ITEM ( 'NONE', ( #5223 ), #2627 ) ;
#281 =( BOUNDED_SURFACE ( )  B_SPLINE_SURFACE ( 3, 1, ( 
 ( #1826, #4146 ),
 ( #918, #452 ),
 ( #394, #1884 ),
 ( #3617, #950 ) ),
 .UNSPECIFIED., .F., .F., .F. ) 
 B_SPLINE_SURFACE_WITH_KNOTS ( ( 4, 4 ),
 ( 2, 2 ),
 ( 0.000000000000000000, 1.000000000000000000 ),
 ( 0.000000000000000000, 1.000000000000000000 ),
 .UNSPECIFIED. ) 
 GEOMETRIC_REPRESENTATION_ITEM ( )  RATIONAL_B_SPLINE_SURFACE ( (
 ( 1.000000000000000000, 1.000000000000000000),
 ( 0.9488815137910384667, 0.9488815137910384667),
 ( 0.9488815137910384667, 0.9488815137910384667),
 ( 1.000000000000000000, 1.000000000000000000) ) ) 
 REPRESENTATION_ITEM ( '' )  SURFACE ( )  );
#282 = SURFACE_STYLE_USAGE ( .BOTH. , #3447 ) ;
#283 =( GEOMETRIC_REPRESENTATION_CONTEXT ( 3 ) GLOBAL_UNCERTAINTY_ASSIGNED_CONTEXT ( ( #5310 ) ) GLOBAL_UNIT_ASSIGNED_CONTEXT ( ( #1533, #2982, #2378 ) ) REPRESENTATION_CONTEXT ( 'NONE', 'WORKASPACE' ) );
#284 = CARTESIAN_POINT ( 'NONE',  ( 6.550000000000000711, 8.500000000000000000, -1.199999999999999956 ) ) ;
#285 = COLOUR_RGB ( '',0.8313725490196077761, 0.6705882352941175961, 0.1294117647058823373 ) ;
#286 = EDGE_LOOP ( 'NONE', ( #3993, #660, #3406, #243 ) ) ;
#287 = AXIS2_PLACEMENT_3D ( 'NONE', #5876, #5842, #1757 ) ;
#288 = CARTESIAN_POINT ( 'NONE',  ( -0.9435678341141723324, 4.104507585657485080, 0.3499999999999999778 ) ) ;
#289 = EDGE_CURVE ( 'NONE', #3782, #651, #1109, .T. ) ;
#290 = FACE_OUTER_BOUND ( 'NONE', #2264, .T. ) ;
#291 = VERTEX_POINT ( 'NONE', #182 ) ;
#292 =( NAMED_UNIT ( * ) SI_UNIT ( $, .STERADIAN. ) SOLID_ANGLE_UNIT ( ) );
#293 = CARTESIAN_POINT ( 'NONE',  ( 6.013697255033132016, 4.293911919605035266, 0.3500000000000000333 ) ) ;
#294 = SURFACE_STYLE_USAGE ( .BOTH. , #324 ) ;
#295 = AXIS2_PLACEMENT_3D ( 'NONE', #3446, #5260, #4316 ) ;
#296 = ORIENTED_EDGE ( 'NONE', *, *, #5403, .F. ) ;
#297 = DIRECTION ( 'NONE',  ( -0.000000000000000000, 1.000000000000000000, -0.000000000000000000 ) ) ;
#298 = DIRECTION ( 'NONE',  ( 0.000000000000000000, 0.000000000000000000, 1.000000000000000000 ) ) ;
#299 = DIRECTION ( 'NONE',  ( 1.000000000000000000, 0.000000000000000000, 0.000000000000000000 ) ) ;
#300 = COLOUR_RGB ( '',0.8313725490196077761, 0.6705882352941175961, 0.1294117647058823373 ) ;
#301 = ADVANCED_FACE ( 'NONE', ( #4209 ), #2009, .T. ) ;
#302 = EDGE_CURVE ( 'NONE', #874, #2265, #5576, .T. ) ;
#303 = ORIENTED_EDGE ( 'NONE', *, *, #3511, .F. ) ;
#304 = EDGE_LOOP ( 'NONE', ( #4220, #4716, #4419, #5902 ) ) ;
#305 = FACE_OUTER_BOUND ( 'NONE', #4805, .T. ) ;
#306 = ORIENTED_EDGE ( 'NONE', *, *, #1256, .F. ) ;
#307 =( NAMED_UNIT ( * ) PLANE_ANGLE_UNIT ( ) SI_UNIT ( $, .RADIAN. ) );
#308 = DIRECTION ( 'NONE',  ( -0.000000000000000000, 0.000000000000000000, 1.000000000000000000 ) ) ;
#309 = ADVANCED_FACE ( 'NONE', ( #5129 ), #3761, .F. ) ;
#310 = ORIENTED_EDGE ( 'NONE', *, *, #3692, .T. ) ;
#311 = DIRECTION ( 'NONE',  ( 0.000000000000000000, -3.097720492815727166E-16, -1.000000000000000000 ) ) ;
#312 = UNCERTAINTY_MEASURE_WITH_UNIT (LENGTH_MEASURE( 1.000000000000000082E-05 ), #5276, 'distance_accuracy_value', 'NONE');
#313 = SURFACE_STYLE_FILL_AREA ( #5905 ) ;
#314 = DIRECTION ( 'NONE',  ( -0.000000000000000000, 1.000000000000000000, -0.000000000000000000 ) ) ;
#315 =( NAMED_UNIT ( * ) SI_UNIT ( $, .STERADIAN. ) SOLID_ANGLE_UNIT ( ) );
#316 = EDGE_CURVE ( 'NONE', #1520, #1383, #1017, .T. ) ;
#317 = CARTESIAN_POINT ( 'NONE',  ( 4.292878007498406312, 5.777242093666543177, -0.3500000000000000333 ) ) ;
#318 = CARTESIAN_POINT ( 'NONE',  ( 2.890000000000000124, 8.000000000000000000, 0.3499999999999999778 ) ) ;
#319 = VECTOR ( 'NONE', #5300, 1000.000000000000000 ) ;
#320 = ORIENTED_EDGE ( 'NONE', *, *, #1150, .F. ) ;
#321 = AXIS2_PLACEMENT_3D ( 'NONE', #5185, #4676, #628 ) ;
#322 = ORIENTED_EDGE ( 'NONE', *, *, #3910, .F. ) ;
#323 = SURFACE_STYLE_FILL_AREA ( #4431 ) ;
#324 = SURFACE_SIDE_STYLE ('',( #1793 ) ) ;
#325 =( GEOMETRIC_REPRESENTATION_CONTEXT ( 3 ) GLOBAL_UNCERTAINTY_ASSIGNED_CONTEXT ( ( #4079 ) ) GLOBAL_UNIT_ASSIGNED_CONTEXT ( ( #4065, #2228, #4509 ) ) REPRESENTATION_CONTEXT ( 'NONE', 'WORKASPACE' ) );
#326 = ORIENTED_EDGE ( 'NONE', *, *, #3033, .F. ) ;
#327 = DIRECTION ( 'NONE',  ( 0.000000000000000000, 0.000000000000000000, 1.000000000000000000 ) ) ;
#328 = MECHANICAL_DESIGN_GEOMETRIC_PRESENTATION_REPRESENTATION (  '', ( #2930 ), #2647 ) ;
#329 = CARTESIAN_POINT ( 'NONE',  ( -0.3500000000000000333, 8.199999999999999289, 0.3499999999999999778 ) ) ;
#330 = CARTESIAN_POINT ( 'NONE',  ( -0.3525240155457798341, 5.732672356334980179, 0.3499999999999999778 ) ) ;
#331 = CARTESIAN_POINT ( 'NONE',  ( -5.421010862427528333E-17, 0.5000000000000005551, -0.3499999999999999778 ) ) ;
#332 = AXIS2_PLACEMENT_3D ( 'NONE', #2663, #4093, #5926 ) ;
#333 = CARTESIAN_POINT ( 'NONE',  ( 3.226754932607761805, 8.000000000000000000, -0.6500000000000025757 ) ) ;
#334 = VERTEX_POINT ( 'NONE', #3399 ) ;
#335 = FILL_AREA_STYLE_COLOUR ( '', #413 ) ;
#336 = ORIENTED_EDGE ( 'NONE', *, *, #4679, .T. ) ;
#337 = CARTESIAN_POINT ( 'NONE',  ( 0.7000000000000006217, 0.8000000000000007105, -0.3499999999999999778 ) ) ;
#338 = ORIENTED_EDGE ( 'NONE', *, *, #5254, .T. ) ;
#339 = LINE ( 'NONE', #781, #4520 ) ;
#340 = EDGE_CURVE ( 'NONE', #5003, #645, #2408, .T. ) ;
#341 = LINE ( 'NONE', #4961, #4328 ) ;
#342 = CARTESIAN_POINT ( 'NONE',  ( 3.185466478527304801, 3.877691542223584698, 0.3499999999999999778 ) ) ;
#343 = VERTEX_POINT ( 'NONE', #123 ) ;
#344 = LINE ( 'NONE', #727, #5486 ) ;
#345 = CARTESIAN_POINT ( 'NONE',  ( 0.6000000000000005329, 6.299999999999999822, -0.3499999999999999778 ) ) ;
#346 = EDGE_CURVE ( 'NONE', #2673, #1905, #232, .T. ) ;
#347 = CARTESIAN_POINT ( 'NONE',  ( 3.540000000000000480, 1.800000000000000488, 0.1283333333333333270 ) ) ;
#348 = CARTESIAN_POINT ( 'NONE',  ( 4.291843070995635223, 5.771059683742046253, -0.3499999999999999778 ) ) ;
#349 = CARTESIAN_POINT ( 'NONE',  ( 3.039999999999998259, 6.299999999999999822, 0.3499999999999999778 ) ) ;
#350 = ORIENTED_EDGE ( 'NONE', *, *, #5032, .T. ) ;
#351 = ORIENTED_EDGE ( 'NONE', *, *, #3875, .F. ) ;
#352 = EDGE_CURVE ( 'NONE', #1290, #4892, #712, .T. ) ;
#353 = CARTESIAN_POINT ( 'NONE',  ( -0.1499999999999994393, -3.000000000000000000, -0.3499999999999999778 ) ) ;
#354 = CARTESIAN_POINT ( 'NONE',  ( 5.601845733883980216, 5.626229152235330488, 0.000000000000000000 ) ) ;
#355 = VECTOR ( 'NONE', #853, 1000.000000000000000 ) ;
#356 = ORIENTED_EDGE ( 'NONE', *, *, #3185, .F. ) ;
#357 = VECTOR ( 'NONE', #314, 1000.000000000000000 ) ;
#358 = STYLED_ITEM ( 'NONE', ( #5421 ), #4140 ) ;
#359 = EDGE_CURVE ( 'NONE', #5075, #4983, #1614, .T. ) ;
#360 = DIRECTION ( 'NONE',  ( 1.000000000000000000, 0.000000000000000000, 0.000000000000000000 ) ) ;
#361 = CARTESIAN_POINT ( 'NONE',  ( 1.540000000000000480, 1.800000000000000488, -0.3499999999999999778 ) ) ;
#362 =( NAMED_UNIT ( * ) SI_UNIT ( $, .STERADIAN. ) SOLID_ANGLE_UNIT ( ) );
#363 = DIRECTION ( 'NONE',  ( -0.000000000000000000, -0.000000000000000000, 1.000000000000000000 ) ) ;
#364 = CARTESIAN_POINT ( 'NONE',  ( 0.7000000000000006217, 0.5000000000000006661, -0.3499999999999999778 ) ) ;
#365 = PRESENTATION_LAYER_ASSIGNMENT (  '', '', ( #4305 ) ) ;
#366 = ORIENTED_EDGE ( 'NONE', *, *, #3937, .F. ) ;
#367 = FILL_AREA_STYLE_COLOUR ( '', #3460 ) ;
#368 = ORIENTED_EDGE ( 'NONE', *, *, #5379, .T. ) ;
#369 = LINE ( 'NONE', #431, #5388 ) ;
#370 = LINE ( 'NONE', #3137, #387 ) ;
#371 = CARTESIAN_POINT ( 'NONE',  ( 2.214744180118195516, 5.589454083063166046, 0.3499999999999999778 ) ) ;
#372 = VECTOR ( 'NONE', #58, 1000.000000000000000 ) ;
#373 = VERTEX_POINT ( 'NONE', #5333 ) ;
#374 = CARTESIAN_POINT ( 'NONE',  ( -0.9425000299447844343, 4.124619419408428023, 0.3499999999999999223 ) ) ;
#375 = DIRECTION ( 'NONE',  ( 0.000000000000000000, 0.000000000000000000, -1.000000000000000000 ) ) ;
#376 = MECHANICAL_DESIGN_GEOMETRIC_PRESENTATION_REPRESENTATION (  '', ( #1426 ), #1810 ) ;
#377 = STYLED_ITEM ( 'NONE', ( #4358 ), #1114 ) ;
#378 = CARTESIAN_POINT ( 'NONE',  ( 6.019979884374425438, 4.171275002134769316, -0.3499999999999999223 ) ) ;
#379 = DIRECTION ( 'NONE',  ( 0.000000000000000000, 3.097720492815727166E-16, 1.000000000000000000 ) ) ;
#380 = SURFACE_STYLE_FILL_AREA ( #1303 ) ;
#381 = ORIENTED_EDGE ( 'NONE', *, *, #2764, .F. ) ;
#382 = PRESENTATION_LAYER_ASSIGNMENT (  '', '', ( #4018 ) ) ;
#383 = EDGE_CURVE ( 'NONE', #4892, #1278, #3092, .T. ) ;
#384 = ORIENTED_EDGE ( 'NONE', *, *, #3653, .T. ) ;
#385 = EDGE_CURVE ( 'NONE', #1324, #3379, #2614, .T. ) ;
#386 = DIRECTION ( 'NONE',  ( -0.000000000000000000, -1.000000000000000000, -0.000000000000000000 ) ) ;
#387 = VECTOR ( 'NONE', #5866, 1000.000000000000000 ) ;
#388 = CARTESIAN_POINT ( 'NONE',  ( 1.000000000000000000, 0.5000000000000000000, -0.3500000000000000888 ) ) ;
#389 = CARTESIAN_POINT ( 'NONE',  ( 4.220732764477097554, 5.226749775238761053, 0.3500000000000001443 ) ) ;
#390 = CARTESIAN_POINT ( 'NONE',  ( 0.6867549326077615479, 8.000000000000000000, 0.6500000000000000222 ) ) ;
#391 = STYLED_ITEM ( 'NONE', ( #4578 ), #4749 ) ;
#392 = EDGE_CURVE ( 'NONE', #2421, #2705, #4464, .T. ) ;
#393 = VERTEX_POINT ( 'NONE', #264 ) ;
#394 = CARTESIAN_POINT ( 'NONE',  ( 4.631806954577857738, 5.884855341312109189, 0.3499999999999999223 ) ) ;
#395 = CARTESIAN_POINT ( 'NONE',  ( 5.080000000000000071, 0.5000000000000005551, 0.3499999999999999778 ) ) ;
#396 = DIRECTION ( 'NONE',  ( 0.000000000000000000, 0.000000000000000000, -1.000000000000000000 ) ) ;
#397 = CARTESIAN_POINT ( 'NONE',  ( 2.189999999999999947, 0.000000000000000000, -0.3499999999999999778 ) ) ;
#398 = ORIENTED_EDGE ( 'NONE', *, *, #5463, .F. ) ;
#399 = ORIENTED_EDGE ( 'NONE', *, *, #1563, .T. ) ;
#400 = EDGE_LOOP ( 'NONE', ( #2300, #2645, #2251, #3054 ) ) ;
#401 = LINE ( 'NONE', #5415, #2112 ) ;
#402 = MECHANICAL_DESIGN_GEOMETRIC_PRESENTATION_REPRESENTATION (  '', ( #496 ), #3669 ) ;
#403 = CARTESIAN_POINT ( 'NONE',  ( -0.5999999999999996447, 6.299999999999999822, -0.1283333333333334936 ) ) ;
#404 = CARTESIAN_POINT ( 'NONE',  ( 2.890000000000001013, -2.800000000000001155, -0.3499999999999999778 ) ) ;
#405 = ORIENTED_EDGE ( 'NONE', *, *, #1441, .T. ) ;
#406 =( GEOMETRIC_REPRESENTATION_CONTEXT ( 3 ) GLOBAL_UNCERTAINTY_ASSIGNED_CONTEXT ( ( #5210 ) ) GLOBAL_UNIT_ASSIGNED_CONTEXT ( ( #1124, #2508, #165 ) ) REPRESENTATION_CONTEXT ( 'NONE', 'WORKASPACE' ) );
#407 = DIRECTION ( 'NONE',  ( -0.000000000000000000, -1.000000000000000000, 1.668003342285392044E-16 ) ) ;
#408 = LINE ( 'NONE', #4544, #1889 ) ;
#409 = FACE_OUTER_BOUND ( 'NONE', #2330, .T. ) ;
#410 = DIRECTION ( 'NONE',  ( -0.000000000000000000, -1.000000000000000000, 1.668003342285392044E-16 ) ) ;
#411 = LINE ( 'NONE', #1729, #1 ) ;
#412 = CARTESIAN_POINT ( 'NONE',  ( 4.210384757729334737, 8.500000000000000000, 0.8696152422706645568 ) ) ;
#413 = COLOUR_RGB ( '',0.8313725490196077761, 0.6705882352941175961, 0.1294117647058823373 ) ;
#414 = ORIENTED_EDGE ( 'NONE', *, *, #1012, .T. ) ;
#415 = ORIENTED_EDGE ( 'NONE', *, *, #2525, .T. ) ;
#416 = AXIS2_PLACEMENT_3D ( 'NONE', #4937, #4003, #3143 ) ;
#417 = CARTESIAN_POINT ( 'NONE',  ( 4.145174816799755746, 4.263498050147334517, 0.3499999999999999778 ) ) ;
#418 = ADVANCED_FACE ( 'NONE', ( #2086 ), #3521, .F. ) ;
#419 = FILL_AREA_STYLE_COLOUR ( '', #4763 ) ;
#420 = CLOSED_SHELL ( 'NONE', ( #1382, #1880, #4348, #25, #2484, #2332, #4080, #1922, #5193, #3971, #1305, #5676, #3178, #5412, #3518, #301, #5701, #1589, #2579, #2426, #4049, #2418, #1846, #4588, #1998, #3260, #5638, #3949, #5373, #5146, #309, #4292, #5253, #4631, #4491, #3001, #4632, #3243, #4212, #4420, #916, #4795, #1916, #268, #5583, #2510, #2477, #710, #1409, #610, #4383, #3955, #1403, #3085, #5067, #5419, #1617, #4088, #5560, #5669, #4000, #509, #644, #5014, #1003, #418, #2247, #3904, #5522, #5346 ) ) ;
#421 = ORIENTED_EDGE ( 'NONE', *, *, #346, .F. ) ;
#422 = CARTESIAN_POINT ( 'NONE',  ( 3.221380150321418334, 6.233860305463102769, -0.3500000000000001443 ) ) ;
#423 = CARTESIAN_POINT ( 'NONE',  ( 1.840000000000000524, 0.5000000000000004441, -0.3499999999999999778 ) ) ;
#424 = CARTESIAN_POINT ( 'NONE',  ( -0.6867549326077613259, 10.39117142264903570, -0.6500000000000030198 ) ) ;
#425 = ADVANCED_FACE ( 'NONE', ( #3490 ), #3934, .T. ) ;
#426 = VECTOR ( 'NONE', #734, 1000.000000000000000 ) ;
#427 = ORIENTED_EDGE ( 'NONE', *, *, #4859, .T. ) ;
#428 = SURFACE_STYLE_FILL_AREA ( #837 ) ;
#429 = ORIENTED_EDGE ( 'NONE', *, *, #4136, .T. ) ;
#430 = ORIENTED_EDGE ( 'NONE', *, *, #2810, .F. ) ;
#431 = CARTESIAN_POINT ( 'NONE',  ( 4.393245067392238745, 0.5000000000000000000, -0.6500000000000013545 ) ) ;
#432 = COLOUR_RGB ( '',0.8313725490196077761, 0.6705882352941175961, 0.1294117647058823373 ) ;
#433 = EDGE_CURVE ( 'NONE', #1657, #5733, #4077, .T. ) ;
#434 = CARTESIAN_POINT ( 'NONE',  ( -0.9999999999999996669, 6.299999999999999822, 0.1283333333333336046 ) ) ;
#435 = LINE ( 'NONE', #1389, #4447 ) ;
#436 = ORIENTED_EDGE ( 'NONE', *, *, #2382, .F. ) ;
#437 = DIRECTION ( 'NONE',  ( 1.000000000000000000, 0.000000000000000000, 0.000000000000000000 ) ) ;
#438 = COLOUR_RGB ( '',0.8313725490196077761, 0.6705882352941175961, 0.1294117647058823373 ) ;
#439 = LINE ( 'NONE', #4096, #78 ) ;
#440 = LINE ( 'NONE', #5568, #567 ) ;
#441 = DIRECTION ( 'NONE',  ( -1.000000000000000000, -0.000000000000000000, -0.000000000000000000 ) ) ;
#442 = CARTESIAN_POINT ( 'NONE',  ( 2.540000000000000036, 6.500000000000000888, -1.155688030012021264E-15 ) ) ;
#443 =( NAMED_UNIT ( * ) PLANE_ANGLE_UNIT ( ) SI_UNIT ( $, .RADIAN. ) );
#444 = PRESENTATION_STYLE_ASSIGNMENT (( #1369 ) ) ;
#445 = VERTEX_POINT ( 'NONE', #5431 ) ;
#446 = ORIENTED_EDGE ( 'NONE', *, *, #263, .F. ) ;
#447 = CARTESIAN_POINT ( 'NONE',  ( 2.490000000000000213, 8.026794919243110726, -0.05000000000000023870 ) ) ;
#448 = CARTESIAN_POINT ( 'NONE',  ( 4.293241503964613237, 5.779404586027640178, 0.3500000000000001443 ) ) ;
#449 = CARTESIAN_POINT ( 'NONE',  ( 4.080000000000000071, 6.500000000000000888, -0.3500000000000010880 ) ) ;
#450 = EDGE_CURVE ( 'NONE', #3183, #2384, #886, .T. ) ;
#451 = ORIENTED_EDGE ( 'NONE', *, *, #4360, .T. ) ;
#452 = CARTESIAN_POINT ( 'NONE',  ( 4.580000000000001847, 6.084152315493286167, -0.3499999999999999223 ) ) ;
#453 = CARTESIAN_POINT ( 'NONE',  ( 4.580000000000001847, 6.084152315493286167, -0.3499999999999999223 ) ) ;
#454 = DIRECTION ( 'NONE',  ( 0.000000000000000000, 0.000000000000000000, 1.000000000000000000 ) ) ;
#455 = MECHANICAL_DESIGN_GEOMETRIC_PRESENTATION_REPRESENTATION (  '', ( #1506 ), #1214 ) ;
#456 = EDGE_CURVE ( 'NONE', #1547, #2637, #4552, .T. ) ;
#457 = COLOUR_RGB ( '',0.8313725490196077761, 0.6705882352941175961, 0.1294117647058823373 ) ;
#458 = PLANE ( 'NONE',  #1075 ) ;
#459 = ORIENTED_EDGE ( 'NONE', *, *, #1773, .T. ) ;
#460 = ORIENTED_EDGE ( 'NONE', *, *, #5566, .F. ) ;
#461 = PLANE ( 'NONE',  #2523 ) ;
#462 = DIRECTION ( 'NONE',  ( 0.000000000000000000, -1.000000000000000000, 0.000000000000000000 ) ) ;
#463 = CARTESIAN_POINT ( 'NONE',  ( 1.739832123124272822, 5.699693040756022455, 0.3500000000000000333 ) ) ;
#464 = EDGE_LOOP ( 'NONE', ( #2207, #3043, #4829, #4371, #1834, #4638, #5176, #5705 ) ) ;
#465 = VECTOR ( 'NONE', #692, 1000.000000000000000 ) ;
#466 = EDGE_CURVE ( 'NONE', #755, #3546, #3187, .T. ) ;
#467 = DIRECTION ( 'NONE',  ( 0.000000000000000000, -0.000000000000000000, -1.000000000000000000 ) ) ;
#468 = LINE ( 'NONE', #2289, #4723 ) ;
#469 = DIRECTION ( 'NONE',  ( -0.000000000000000000, -1.000000000000000000, -0.000000000000000000 ) ) ;
#470 = FACE_OUTER_BOUND ( 'NONE', #3633, .T. ) ;
#471 =( GEOMETRIC_REPRESENTATION_CONTEXT ( 3 ) GLOBAL_UNCERTAINTY_ASSIGNED_CONTEXT ( ( #2849 ) ) GLOBAL_UNIT_ASSIGNED_CONTEXT ( ( #4471, #5548, #983 ) ) REPRESENTATION_CONTEXT ( 'NONE', 'WORKASPACE' ) );
#472 = CARTESIAN_POINT ( 'NONE',  ( 6.080000000000000071, 1.800000000000000488, -0.3499999999999999778 ) ) ;
#473 = DIRECTION ( 'NONE',  ( -0.7071067811865461294, -0.7071067811865490160, 0.000000000000000000 ) ) ;
#474 = CARTESIAN_POINT ( 'NONE',  ( 3.185466478527304801, 3.877691542223586030, 0.3500000000000000888 ) ) ;
#475 = ORIENTED_EDGE ( 'NONE', *, *, #4125, .T. ) ;
#476 = MECHANICAL_DESIGN_GEOMETRIC_PRESENTATION_REPRESENTATION (  '', ( #280 ), #2690 ) ;
#477 = VECTOR ( 'NONE', #3066, 1000.000000000000000 ) ;
#478 = FILL_AREA_STYLE_COLOUR ( '', #2008 ) ;
#479 =( NAMED_UNIT ( * ) SI_UNIT ( $, .STERADIAN. ) SOLID_ANGLE_UNIT ( ) );
#480 = CARTESIAN_POINT ( 'NONE',  ( 4.080000000000001847, 2.615493535618376164, 0.3500000000000000888 ) ) ;
#481 = VECTOR ( 'NONE', #2845, 1000.000000000000000 ) ;
#482 = STYLED_ITEM ( 'NONE', ( #1399 ), #4719 ) ;
#483 = DIRECTION ( 'NONE',  ( 0.000000000000000000, 1.668003342285388099E-16, 1.000000000000000000 ) ) ;
#484 = STYLED_ITEM ( 'NONE', ( #3146 ), #3025 ) ;
#485 = ORIENTED_EDGE ( 'NONE', *, *, #1568, .T. ) ;
#486 = CARTESIAN_POINT ( 'NONE',  ( 1.853245067392238710, 6.500000000000000888, -0.3500000000000010880 ) ) ;
#487 = CARTESIAN_POINT ( 'NONE',  ( 3.499999415201711983, 3.767448265748724712, 0.3499999999999999778 ) ) ;
#488 = ORIENTED_EDGE ( 'NONE', *, *, #4960, .F. ) ;
#489 = EDGE_LOOP ( 'NONE', ( #1874, #4724, #194, #5661 ) ) ;
#490 = DIRECTION ( 'NONE',  ( 0.000000000000000000, 0.000000000000000000, -1.000000000000000000 ) ) ;
#491 = ADVANCED_FACE ( 'NONE', ( #2267 ), #2209, .T. ) ;
#492 = EDGE_CURVE ( 'NONE', #4427, #4926, #5940, .T. ) ;
#493 = ORIENTED_EDGE ( 'NONE', *, *, #4483, .T. ) ;
#494 =( GEOMETRIC_REPRESENTATION_CONTEXT ( 3 ) GLOBAL_UNCERTAINTY_ASSIGNED_CONTEXT ( ( #2556 ) ) GLOBAL_UNIT_ASSIGNED_CONTEXT ( ( #3807, #938, #4226 ) ) REPRESENTATION_CONTEXT ( 'NONE', 'WORKASPACE' ) );
#495 = CARTESIAN_POINT ( 'NONE',  ( 1.540000000000000036, 6.500000000000000888, 0.3499999999999989231 ) ) ;
#496 = STYLED_ITEM ( 'NONE', ( #3505 ), #5245 ) ;
#497 = DIRECTION ( 'NONE',  ( -7.744301232039316681E-17, 0.000000000000000000, -1.000000000000000000 ) ) ;
#498 =( NAMED_UNIT ( * ) PLANE_ANGLE_UNIT ( ) SI_UNIT ( $, .RADIAN. ) );
#499 = CARTESIAN_POINT ( 'NONE',  ( -0.5999999999999995337, 6.299999999999999822, 0.1166666666666665853 ) ) ;
#500 = LINE ( 'NONE', #50, #663 ) ;
#501 = CARTESIAN_POINT ( 'NONE',  ( 2.076643101092097154, 1.700000000000001288, -0.3500000000000000333 ) ) ;
#502 = ADVANCED_FACE ( 'NONE', ( #1347 ), #912, .T. ) ;
#503 = VERTEX_POINT ( 'NONE', #3754 ) ;
#504 = PRESENTATION_LAYER_ASSIGNMENT (  '', '', ( #4249 ) ) ;
#505 = ORIENTED_EDGE ( 'NONE', *, *, #2636, .F. ) ;
#506 = CARTESIAN_POINT ( 'NONE',  ( 0.1500000000000021316, -3.000000000000000000, 0.3499999999999999778 ) ) ;
#507 = CARTESIAN_POINT ( 'NONE',  ( 2.190000000000000835, -2.800000000000001155, -0.3499999999999999778 ) ) ;
#508 = AXIS2_PLACEMENT_3D ( 'NONE', #4758, #2422, #4254 ) ;
#509 = ADVANCED_FACE ( 'NONE', ( #1909 ), #1877, .F. ) ;
#510 = CARTESIAN_POINT ( 'NONE',  ( 2.890000000000000124, 0.000000000000000000, 0.3499999999999999778 ) ) ;
#511 = STYLED_ITEM ( 'NONE', ( #2390 ), #4317 ) ;
#512 = PRESENTATION_STYLE_ASSIGNMENT (( #4173 ) ) ;
#513 = COLOUR_RGB ( '',0.8313725490196077761, 0.6705882352941175961, 0.1294117647058823373 ) ;
#514 = VERTEX_POINT ( 'NONE', #3786 ) ;
#515 = PLANE ( 'NONE',  #5217 ) ;
#516 = CARTESIAN_POINT ( 'NONE',  ( 3.240000000000000657, 0.8000000000000007105, 0.3499999999999999778 ) ) ;
#517 = LINE ( 'NONE', #3647, #187 ) ;
#518 = DIRECTION ( 'NONE',  ( -0.000000000000000000, -1.000000000000000000, 1.668003342285392044E-16 ) ) ;
#519 = MECHANICAL_DESIGN_GEOMETRIC_PRESENTATION_REPRESENTATION (  '', ( #2916 ), #5883 ) ;
#520 = CLOSED_SHELL ( 'NONE', ( #3632, #822, #3420, #3942, #1087, #615, #5728, #5773, #3155, #4246, #566, #3983, #4669, #2518, #3585, #4713, #4562, #3321, #5446, #3025, #5160, #4788, #1114 ) ) ;
#521 = LINE ( 'NONE', #4955, #1555 ) ;
#522 = ORIENTED_EDGE ( 'NONE', *, *, #5264, .T. ) ;
#523 = VERTEX_POINT ( 'NONE', #5178 ) ;
#524 = CARTESIAN_POINT ( 'NONE',  ( 2.214744180118195516, 5.589454083063166046, -0.3499999999999999778 ) ) ;
#525 = CARTESIAN_POINT ( 'NONE',  ( 1.595304513043835470, 4.083092593512597901, 0.3499999999999999778 ) ) ;
#526 = VERTEX_POINT ( 'NONE', #5545 ) ;
#527 = CARTESIAN_POINT ( 'NONE',  ( 3.039999999999998259, 6.299999999999999822, 0.3499999999999999778 ) ) ;
#528 = EDGE_CURVE ( 'NONE', #5040, #552, #3813, .T. ) ;
#529 = PLANE ( 'NONE',  #213 ) ;
#530 = CARTESIAN_POINT ( 'NONE',  ( -0.4999999999999985012, 6.084152315493286167, -0.3499999999999999223 ) ) ;
#531 = CARTESIAN_POINT ( 'NONE',  ( 0.8696152422706646679, 8.500000000000000000, 0.8696152422706645568 ) ) ;
#532 =( GEOMETRIC_REPRESENTATION_CONTEXT ( 3 ) GLOBAL_UNCERTAINTY_ASSIGNED_CONTEXT ( ( #5119 ) ) GLOBAL_UNIT_ASSIGNED_CONTEXT ( ( #2018, #191, #5252 ) ) REPRESENTATION_CONTEXT ( 'NONE', 'WORKASPACE' ) );
#533 = EDGE_LOOP ( 'NONE', ( #2032, #4575, #618, #4532 ) ) ;
#534 = EDGE_CURVE ( 'NONE', #3379, #267, #2884, .T. ) ;
#535 = CARTESIAN_POINT ( 'NONE',  ( 5.766754932607761397, 6.500000000000000888, 0.3499999999999988676 ) ) ;
#536 = DIRECTION ( 'NONE',  ( 0.000000000000000000, -0.000000000000000000, -1.000000000000000000 ) ) ;
#537 = LINE ( 'NONE', #5516, #2659 ) ;
#538 = DIRECTION ( 'NONE',  ( 1.000000000000000000, 0.000000000000000000, 0.000000000000000000 ) ) ;
#539 = ORIENTED_EDGE ( 'NONE', *, *, #4158, .T. ) ;
#540 = EDGE_CURVE ( 'NONE', #2902, #4452, #3393, .T. ) ;
#541 = ORIENTED_EDGE ( 'NONE', *, *, #5213, .F. ) ;
#542 = CARTESIAN_POINT ( 'NONE',  ( 4.434533521472695305, 3.877691542223589138, 0.3499999999999999778 ) ) ;
#543 =( NAMED_UNIT ( * ) PLANE_ANGLE_UNIT ( ) SI_UNIT ( $, .RADIAN. ) );
#544 = SURFACE_SIDE_STYLE ('',( #5499 ) ) ;
#545 = MECHANICAL_DESIGN_GEOMETRIC_PRESENTATION_REPRESENTATION (  '', ( #1503 ), #4947 ) ;
#546 = EDGE_CURVE ( 'NONE', #5721, #3132, #3722, .T. ) ;
#547 = DIRECTION ( 'NONE',  ( -3.097720492815726426E-17, 1.000000000000000000, 0.000000000000000000 ) ) ;
#548 = VERTEX_POINT ( 'NONE', #507 ) ;
#549 = CARTESIAN_POINT ( 'NONE',  ( 2.189999999999999947, 8.199999999999999289, -0.3499999999999999778 ) ) ;
#550 = CARTESIAN_POINT ( 'NONE',  ( 0.6000000000000005329, 6.299999999999999822, 0.1166666666666665853 ) ) ;
#551 = FILL_AREA_STYLE_COLOUR ( '', #5703 ) ;
#552 = VERTEX_POINT ( 'NONE', #5207 ) ;
#553 = CARTESIAN_POINT ( 'NONE',  ( -0.6867549326077613259, 10.39117142264903570, -0.6500000000000030198 ) ) ;
#554 = VECTOR ( 'NONE', #5578, 1000.000000000000000 ) ;
#555 = CARTESIAN_POINT ( 'NONE',  ( -1.000000000000000000, 0.5000000000000002220, 0.3499999999999998668 ) ) ;
#556 = CARTESIAN_POINT ( 'NONE',  ( -0.3500000000000000333, 0.000000000000000000, 0.3499999999999999778 ) ) ;
#557 = LINE ( 'NONE', #80, #148 ) ;
#558 = UNCERTAINTY_MEASURE_WITH_UNIT (LENGTH_MEASURE( 1.000000000000000082E-05 ), #1748, 'distance_accuracy_value', 'NONE');
#559 = EDGE_CURVE ( 'NONE', #552, #1776, #623, .T. ) ;
#560 = EDGE_LOOP ( 'NONE', ( #812, #5324, #52, #5573 ) ) ;
#561 = VERTEX_POINT ( 'NONE', #5574 ) ;
#562 = UNCERTAINTY_MEASURE_WITH_UNIT (LENGTH_MEASURE( 1.000000000000000082E-05 ), #5283, 'distance_accuracy_value', 'NONE');
#563 = UNCERTAINTY_MEASURE_WITH_UNIT (LENGTH_MEASURE( 1.000000000000000082E-05 ), #3124, 'distance_accuracy_value', 'NONE');
#564 = CARTESIAN_POINT ( 'NONE',  ( 0.7000000000000006217, 0.5000000000000006661, 0.3499999999999999778 ) ) ;
#565 = CARTESIAN_POINT ( 'NONE',  ( 0.6867549326077613259, 10.39117142264903570, 0.6499999999999995781 ) ) ;
#566 = ADVANCED_FACE ( 'NONE', ( #593 ), #176, .F. ) ;
#567 = VECTOR ( 'NONE', #4191, 999.9999999999998863 ) ;
#568 = ORIENTED_EDGE ( 'NONE', *, *, #4461, .F. ) ;
#569 = CARTESIAN_POINT ( 'NONE',  ( -0.9488971023511124647, 4.001162287970069897, -0.3499999999999999778 ) ) ;
#570 = CARTESIAN_POINT ( 'NONE',  ( 3.395690189165919026, 5.260692584315793674, -0.3500000000000000333 ) ) ;
#571 = CARTESIAN_POINT ( 'NONE',  ( 4.631806954577858626, 5.884855341312110077, -0.3499999999999999223 ) ) ;
#572 =( GEOMETRIC_REPRESENTATION_CONTEXT ( 3 ) GLOBAL_UNCERTAINTY_ASSIGNED_CONTEXT ( ( #4404 ) ) GLOBAL_UNIT_ASSIGNED_CONTEXT ( ( #2039, #2861, #4275 ) ) REPRESENTATION_CONTEXT ( 'NONE', 'WORKASPACE' ) );
#573 = LINE ( 'NONE', #3315, #5158 ) ;
#574 = EDGE_CURVE ( 'NONE', #1984, #1278, #3483, .T. ) ;
#575 = STYLED_ITEM ( 'NONE', ( #4730 ), #3155 ) ;
#576 = APPLICATION_PROTOCOL_DEFINITION ( 'draft international standard', 'automotive_design', 1998, #3296 ) ;
#577 = ORIENTED_EDGE ( 'NONE', *, *, #1781, .T. ) ;
#578 = DIRECTION ( 'NONE',  ( 1.000000000000000000, 0.000000000000000000, 0.000000000000000000 ) ) ;
#579 = FILL_AREA_STYLE_COLOUR ( '', #1647 ) ;
#580 = CARTESIAN_POINT ( 'NONE',  ( 5.401845733883980039, 5.626229152235330488, -0.3499999999999999778 ) ) ;
#581 = ORIENTED_EDGE ( 'NONE', *, *, #1036, .F. ) ;
#582 = DIRECTION ( 'NONE',  ( -0.000000000000000000, 0.000000000000000000, 1.000000000000000000 ) ) ;
#583 =( NAMED_UNIT ( * ) PLANE_ANGLE_UNIT ( ) SI_UNIT ( $, .RADIAN. ) );
#584 = CARTESIAN_POINT ( 'NONE',  ( 0.000000000000000000, 6.299999999999999822, 0.3499999999999999778 ) ) ;
#585 = PLANE ( 'NONE',  #1819 ) ;
#586 = PLANE ( 'NONE',  #46 ) ;
#587 = EDGE_CURVE ( 'NONE', #1690, #3956, #5362, .T. ) ;
#588 = PRESENTATION_LAYER_ASSIGNMENT (  '', '', ( #678 ) ) ;
#589 = ORIENTED_EDGE ( 'NONE', *, *, #4353, .F. ) ;
#590 = EDGE_LOOP ( 'NONE', ( #4126, #3665, #2298, #3341 ) ) ;
#591 = MECHANICAL_DESIGN_GEOMETRIC_PRESENTATION_REPRESENTATION (  '', ( #5765 ), #4047 ) ;
#592 = CARTESIAN_POINT ( 'NONE',  ( -0.7851402509197632495, 5.788964205960194676, 0.3499999999999999223 ) ) ;
#593 = FACE_OUTER_BOUND ( 'NONE', #1306, .T. ) ;
#594 = COLOUR_RGB ( '',0.8313725490196077761, 0.6705882352941175961, 0.1294117647058823373 ) ;
#595 = LINE ( 'NONE', #1970, #5340 ) ;
#596 = STYLED_ITEM ( 'NONE', ( #1995 ), #5446 ) ;
#597 = CARTESIAN_POINT ( 'NONE',  ( 6.080000000000000071, 6.500000000000000888, 0.3499999999999989231 ) ) ;
#598 = ORIENTED_EDGE ( 'NONE', *, *, #4984, .F. ) ;
#599 =( BOUNDED_SURFACE ( )  B_SPLINE_SURFACE ( 3, 1, ( 
 ( #42, #1863 ),
 ( #2419, #4624 ),
 ( #5102, #2899 ),
 ( #3709, #1057 ) ),
 .UNSPECIFIED., .F., .F., .F. ) 
 B_SPLINE_SURFACE_WITH_KNOTS ( ( 4, 4 ),
 ( 2, 2 ),
 ( 0.000000000000000000, 1.000000000000000000 ),
 ( 0.000000000000000000, 1.000000000000000000 ),
 .UNSPECIFIED. ) 
 GEOMETRIC_REPRESENTATION_ITEM ( )  RATIONAL_B_SPLINE_SURFACE ( (
 ( 1.000000000000000000, 1.000000000000000000),
 ( 0.9488815137910384667, 0.9488815137910384667),
 ( 0.9488815137910384667, 0.9488815137910384667),
 ( 1.000000000000000000, 1.000000000000000000) ) ) 
 REPRESENTATION_ITEM ( '' )  SURFACE ( )  );
#600 = COLOUR_RGB ( '',0.8313725490196077761, 0.6705882352941175961, 0.1294117647058823373 ) ;
#601 = FACE_OUTER_BOUND ( 'NONE', #3857, .T. ) ;
#602 = EDGE_CURVE ( 'NONE', #2765, #942, #2942, .T. ) ;
#603 = CARTESIAN_POINT ( 'NONE',  ( 3.540000000000000480, 1.800000000000000488, -0.3499999999999999778 ) ) ;
#604 = DIRECTION ( 'NONE',  ( -3.097720492815726426E-17, 1.000000000000000000, 0.000000000000000000 ) ) ;
#605 = DIRECTION ( 'NONE',  ( -1.000000000000000000, -0.000000000000000000, -0.000000000000000000 ) ) ;
#606 = MECHANICAL_DESIGN_GEOMETRIC_PRESENTATION_REPRESENTATION (  '', ( #4725 ), #3201 ) ;
#607 = CARTESIAN_POINT ( 'NONE',  ( 3.349502423613084812, 5.635051924204145024, 0.3499999999999999223 ) ) ;
#608 = ORIENTED_EDGE ( 'NONE', *, *, #2962, .F. ) ;
#609 = B_SPLINE_CURVE_WITH_KNOTS ( 'NONE', 3,
 ( #1228, #4887, #3125, #361 ),
 .UNSPECIFIED., .F., .F.,
 ( 4, 4 ),
 ( 0.000000000000000000, 1.000000000000000000 ),
 .UNSPECIFIED. ) ;
#610 = ADVANCED_FACE ( 'NONE', ( #3028 ), #1695, .F. ) ;
#611 = FACE_OUTER_BOUND ( 'NONE', #3877, .T. ) ;
#612 = CARTESIAN_POINT ( 'NONE',  ( -0.3500000000000000333, 0.000000000000000000, -0.3499999999999999778 ) ) ;
#613 = CARTESIAN_POINT ( 'NONE',  ( 5.405255819881805479, 5.589454083063163381, -0.3499999999999999778 ) ) ;
#614 = VERTEX_POINT ( 'NONE', #5328 ) ;
#615 = ADVANCED_FACE ( 'NONE', ( #3425 ), #2521, .T. ) ;
#616 = CARTESIAN_POINT ( 'NONE',  ( 4.580000000000001847, 6.299999999999999822, -0.3499999999999999778 ) ) ;
#617 = CARTESIAN_POINT ( 'NONE',  ( 4.080000000000000959, -1.121588454295348794E-16, -0.3499999999999999778 ) ) ;
#618 = ORIENTED_EDGE ( 'NONE', *, *, #4010, .F. ) ;
#619 = VECTOR ( 'NONE', #5599, 1000.000000000000000 ) ;
#620 = FILL_AREA_STYLE_COLOUR ( '', #2806 ) ;
#621 = AXIS2_PLACEMENT_3D ( 'NONE', #1154, #3831, #2564 ) ;
#622 = CARTESIAN_POINT ( 'NONE',  ( -0.6867549326077613259, 0.5000000000000000000, -0.6500000000000013545 ) ) ;
#623 = LINE ( 'NONE', #85, #5776 ) ;
#624 = SURFACE_STYLE_USAGE ( .BOTH. , #1551 ) ;
#625 = DIRECTION ( 'NONE',  ( 0.000000000000000000, 1.000000000000000000, -4.336808689942016750E-16 ) ) ;
#626 = EDGE_LOOP ( 'NONE', ( #5766, #4043, #5345, #4063, #1973, #5770, #2502, #3711, #1845, #769, #1651, #2706, #4789, #208, #749, #3325, #3758, #4990, #1860, #3277, #1914 ) ) ;
#627 = CARTESIAN_POINT ( 'NONE',  ( -0.9460868014086029065, 4.056300144720209389, -0.3500000000000000888 ) ) ;
#628 = DIRECTION ( 'NONE',  ( 0.000000000000000000, 0.000000000000000000, 1.000000000000000000 ) ) ;
#629 = CARTESIAN_POINT ( 'NONE',  ( 2.190000000000000835, -1.084202172485501815E-17, 0.3499999999999999778 ) ) ;
#630 = SURFACE_STYLE_USAGE ( .BOTH. , #1111 ) ;
#631 = EDGE_CURVE ( 'NONE', #2646, #5399, #4537, .T. ) ;
#632 = ORIENTED_EDGE ( 'NONE', *, *, #2993, .F. ) ;
#633 = EDGE_LOOP ( 'NONE', ( #1235, #1698, #795, #3435 ) ) ;
#634 = LINE ( 'NONE', #4776, #2779 ) ;
#635 = CARTESIAN_POINT ( 'NONE',  ( 1.678424265108376723, 5.204467366490682423, -0.3499999999999998668 ) ) ;
#636 = LINE ( 'NONE', #719, #1387 ) ;
#637 = EDGE_CURVE ( 'NONE', #4863, #1818, #4241, .T. ) ;
#638 = ORIENTED_EDGE ( 'NONE', *, *, #1635, .F. ) ;
#639 = SURFACE_STYLE_USAGE ( .BOTH. , #1153 ) ;
#640 = DIRECTION ( 'NONE',  ( -0.000000000000000000, -3.097720492815727166E-16, -1.000000000000000000 ) ) ;
#641 = SURFACE_SIDE_STYLE ('',( #3779 ) ) ;
#642 = DIRECTION ( 'NONE',  ( -0.000000000000000000, 0.000000000000000000, 1.000000000000000000 ) ) ;
#643 = CARTESIAN_POINT ( 'NONE',  ( 5.766754932607761397, 0.5000000000000000000, -0.6500000000000013545 ) ) ;
#644 = ADVANCED_FACE ( 'NONE', ( #3144 ), #2669, .F. ) ;
#645 = VERTEX_POINT ( 'NONE', #4005 ) ;
#646 = VECTOR ( 'NONE', #5206, 1000.000000000000000 ) ;
#647 = CARTESIAN_POINT ( 'NONE',  ( 1.540000000000000480, 1.800000000000000488, 0.1283333333333336046 ) ) ;
#648 = DIRECTION ( 'NONE',  ( 1.000000000000000000, -0.000000000000000000, 0.000000000000000000 ) ) ;
#649 = DIRECTION ( 'NONE',  ( 1.084202172485504434E-16, -1.000000000000000000, 0.000000000000000000 ) ) ;
#650 = FACE_OUTER_BOUND ( 'NONE', #2970, .T. ) ;
#651 = VERTEX_POINT ( 'NONE', #5907 ) ;
#652 = VECTOR ( 'NONE', #930, 1000.000000000000000 ) ;
#653 = UNCERTAINTY_MEASURE_WITH_UNIT (LENGTH_MEASURE( 1.000000000000000082E-05 ), #3254, 'distance_accuracy_value', 'NONE');
#654 = LINE ( 'NONE', #2376, #730 ) ;
#655 = CARTESIAN_POINT ( 'NONE',  ( 3.484276979512004324, 4.091073788932194866, -0.3499999999999999223 ) ) ;
#656 = CARTESIAN_POINT ( 'NONE',  ( 4.106953799075547806, 3.450480068928324151, -0.3499999999999999778 ) ) ;
#657 = MECHANICAL_DESIGN_GEOMETRIC_PRESENTATION_REPRESENTATION (  '', ( #5549 ), #471 ) ;
#658 = DIRECTION ( 'NONE',  ( -0.000000000000000000, 0.000000000000000000, 1.000000000000000000 ) ) ;
#659 = VECTOR ( 'NONE', #1438, 1000.000000000000000 ) ;
#660 = ORIENTED_EDGE ( 'NONE', *, *, #1956, .F. ) ;
#661 = LINE ( 'NONE', #222, #2335 ) ;
#662 = CARTESIAN_POINT ( 'NONE',  ( 1.840000000000000524, 0.8000000000000004885, 0.3499999999999999778 ) ) ;
#663 = VECTOR ( 'NONE', #5112, 1000.000000000000000 ) ;
#664 = ORIENTED_EDGE ( 'NONE', *, *, #120, .T. ) ;
#665 = PRESENTATION_STYLE_ASSIGNMENT (( #1484 ) ) ;
#666 = DIRECTION ( 'NONE',  ( 1.000000000000000000, 0.000000000000000000, 0.000000000000000000 ) ) ;
#667 = COLOUR_RGB ( '',0.8313725490196077761, 0.6705882352941175961, 0.1294117647058823373 ) ;
#668 = CARTESIAN_POINT ( 'NONE',  ( -1.469999999999999973, 8.500000000000000000, -1.199999999999999956 ) ) ;
#669 = EDGE_CURVE ( 'NONE', #4655, #3183, #3609, .T. ) ;
#670 = CARTESIAN_POINT ( 'NONE',  ( 0.6331483148835128638, 6.299478870653065776, -0.3499999999999999778 ) ) ;
#671 = EDGE_CURVE ( 'NONE', #5220, #3200, #2729, .T. ) ;
#672 = CARTESIAN_POINT ( 'NONE',  ( -5.421010862427528333E-17, 0.5000000000000005551, -0.3499999999999999778 ) ) ;
#673 = ORIENTED_EDGE ( 'NONE', *, *, #135, .F. ) ;
#674 = CARTESIAN_POINT ( 'NONE',  ( 1.000000000000000444, 1.800000000000000488, -0.1283333333333334936 ) ) ;
#675 = CARTESIAN_POINT ( 'NONE',  ( 1.540000000000000480, 1.800000000000000488, -0.3849999999999998979 ) ) ;
#676 = EDGE_CURVE ( 'NONE', #5440, #5232, #5934, .T. ) ;
#677 = CARTESIAN_POINT ( 'NONE',  ( 5.865140250919768761, 5.788964205960195564, -0.3500000000000000333 ) ) ;
#678 = STYLED_ITEM ( 'NONE', ( #4408 ), #822 ) ;
#679 = FILL_AREA_STYLE ('',( #3954 ) ) ;
#680 = VERTEX_POINT ( 'NONE', #4130 ) ;
#681 = CARTESIAN_POINT ( 'NONE',  ( -0.3252558198818047974, 5.589454083063166046, 0.3499999999999999778 ) ) ;
#682 = EDGE_CURVE ( 'NONE', #2078, #5016, #3573, .T. ) ;
#683 = CARTESIAN_POINT ( 'NONE',  ( 1.540000000000000702, -1.121588454295348794E-16, 0.3499999999999999778 ) ) ;
#684 =( GEOMETRIC_REPRESENTATION_CONTEXT ( 3 ) GLOBAL_UNCERTAINTY_ASSIGNED_CONTEXT ( ( #2847 ) ) GLOBAL_UNIT_ASSIGNED_CONTEXT ( ( #4695, #498, #1961 ) ) REPRESENTATION_CONTEXT ( 'NONE', 'WORKASPACE' ) );
#685 = LINE ( 'NONE', #1696, #2593 ) ;
#686 = SURFACE_STYLE_USAGE ( .BOTH. , #766 ) ;
#687 = MECHANICAL_DESIGN_GEOMETRIC_PRESENTATION_REPRESENTATION (  '', ( #3486 ), #1649 ) ;
#688 = EDGE_LOOP ( 'NONE', ( #4527, #1009, #3165, #1160 ) ) ;
#689 = EDGE_CURVE ( 'NONE', #548, #4206, #1841, .T. ) ;
#690 = CARTESIAN_POINT ( 'NONE',  ( 0.8491834779806503031, 5.324198710742059859, 0.3499999999999999778 ) ) ;
#691 = SURFACE_SIDE_STYLE ('',( #2474 ) ) ;
#692 = DIRECTION ( 'NONE',  ( -0.000000000000000000, -0.000000000000000000, -1.000000000000000000 ) ) ;
#693 = FILL_AREA_STYLE_COLOUR ( '', #5218 ) ;
#694 = ORIENTED_EDGE ( 'NONE', *, *, #4932, .T. ) ;
#695 = SURFACE_STYLE_USAGE ( .BOTH. , #3104 ) ;
#696 = FILL_AREA_STYLE_COLOUR ( '', #5511 ) ;
#697 = FACE_OUTER_BOUND ( 'NONE', #82, .T. ) ;
#698 = CARTESIAN_POINT ( 'NONE',  ( 0.7867584960353884993, 5.779404586027643731, -0.3499999999999999778 ) ) ;
#699 =( BOUNDED_CURVE ( )  B_SPLINE_CURVE ( 3, ( #3991, #2337, #5823, #5410 ),
 .UNSPECIFIED., .F., .F. ) 
 B_SPLINE_CURVE_WITH_KNOTS ( ( 4, 4 ),
 ( 3.924083526751089845, 4.712388980384689674 ),
 .UNSPECIFIED. ) 
 CURVE ( )  GEOMETRIC_REPRESENTATION_ITEM ( )  RATIONAL_B_SPLINE_CURVE ( ( 1.000000000000000000, 0.9488815137910379116, 0.9488815137910379116, 1.000000000000000000 ) ) 
 REPRESENTATION_ITEM ( '' )  );
#700 = PRESENTATION_STYLE_ASSIGNMENT (( #4838 ) ) ;
#701 = DIRECTION ( 'NONE',  ( -0.7071067811865461294, -0.7071067811865490160, 0.000000000000000000 ) ) ;
#702 = VERTEX_POINT ( 'NONE', #2702 ) ;
#703 = ADVANCED_FACE ( 'NONE', ( #790 ), #5151, .T. ) ;
#704 = VECTOR ( 'NONE', #269, 1000.000000000000000 ) ;
#705 = CARTESIAN_POINT ( 'NONE',  ( -0.7741471366726800918, 5.851685420754310307, 0.3500000000000000888 ) ) ;
#706 = CARTESIAN_POINT ( 'NONE',  ( -0.9999999999999993339, -1.121588454295348794E-16, 0.3499999999999999778 ) ) ;
#707 = DIRECTION ( 'NONE',  ( -1.000000000000000000, -3.097720492815726426E-17, 0.000000000000000000 ) ) ;
#708 = CARTESIAN_POINT ( 'NONE',  ( 5.080000000000000071, 0.5000000000000005551, 0.3499999999999999778 ) ) ;
#709 = ORIENTED_EDGE ( 'NONE', *, *, #5264, .F. ) ;
#710 = ADVANCED_FACE ( 'NONE', ( #2359 ), #5052, .F. ) ;
#711 = AXIS2_PLACEMENT_3D ( 'NONE', #4370, #308, #3535 ) ;
#712 = LINE ( 'NONE', #5815, #5309 ) ;
#713 = CARTESIAN_POINT ( 'NONE',  ( 6.080000000000000959, 6.299999999999999822, 0.1283333333333333270 ) ) ;
#714 = EDGE_CURVE ( 'NONE', #1795, #3130, #79, .T. ) ;
#715 = ORIENTED_EDGE ( 'NONE', *, *, #5727, .F. ) ;
#716 = CARTESIAN_POINT ( 'NONE',  ( 0.7896030380176978225, 5.762359718948173892, 0.3499999999999999223 ) ) ;
#717 = CARTESIAN_POINT ( 'NONE',  ( -1.469999999999999973, 0.000000000000000000, 1.199999999999999956 ) ) ;
#718 = CARTESIAN_POINT ( 'NONE',  ( 1.546881821040566152, 2.798202530627316609, -0.3499999999999999778 ) ) ;
#719 = CARTESIAN_POINT ( 'NONE',  ( 1.540000000000000036, 0.5000000000000002220, 0.3499999999999998668 ) ) ;
#720 = ORIENTED_EDGE ( 'NONE', *, *, #3511, .T. ) ;
#721 = CYLINDRICAL_SURFACE ( 'NONE', #5582, 0.2000000000000000944 ) ;
#722 = CARTESIAN_POINT ( 'NONE',  ( 5.579999999999999183, 6.299999999999999822, 0.3499999999999999778 ) ) ;
#723 = EDGE_LOOP ( 'NONE', ( #4797, #3969, #2, #1264 ) ) ;
#724 = FILL_AREA_STYLE ('',( #4837 ) ) ;
#725 = CARTESIAN_POINT ( 'NONE',  ( 2.187475984454220423, 5.732672356334980179, -0.3499999999999999778 ) ) ;
#726 = ORIENTED_EDGE ( 'NONE', *, *, #5228, .T. ) ;
#727 = CARTESIAN_POINT ( 'NONE',  ( 4.393245067392238745, 6.500000000000000888, -0.6500000000000017986 ) ) ;
#728 = CARTESIAN_POINT ( 'NONE',  ( -0.6999999999999995115, 0.5000000000000004441, -0.3499999999999999778 ) ) ;
#729 = SURFACE_SIDE_STYLE ('',( #5236 ) ) ;
#730 = VECTOR ( 'NONE', #93, 1000.000000000000000 ) ;
#731 = VERTEX_POINT ( 'NONE', #2844 ) ;
#732 =( GEOMETRIC_REPRESENTATION_CONTEXT ( 3 ) GLOBAL_UNCERTAINTY_ASSIGNED_CONTEXT ( ( #2120 ) ) GLOBAL_UNIT_ASSIGNED_CONTEXT ( ( #5753, #1253, #4377 ) ) REPRESENTATION_CONTEXT ( 'NONE', 'WORKASPACE' ) );
#733 = CARTESIAN_POINT ( 'NONE',  ( -0.7924853663132970238, 5.744802409713119395, -0.3499999999999998668 ) ) ;
#734 = DIRECTION ( 'NONE',  ( 0.000000000000000000, -1.000000000000000000, 1.668003342285391797E-16 ) ) ;
#735 = EDGE_CURVE ( 'NONE', #2689, #2045, #2885, .T. ) ;
#736 = CARTESIAN_POINT ( 'NONE',  ( 5.080000000000000071, 0.000000000000000000, -0.3499999999999999778 ) ) ;
#737 = UNCERTAINTY_MEASURE_WITH_UNIT (LENGTH_MEASURE( 1.000000000000000082E-05 ), #3526, 'distance_accuracy_value', 'NONE');
#738 = ORIENTED_EDGE ( 'NONE', *, *, #1297, .T. ) ;
#739 = VECTOR ( 'NONE', #3197, 1000.000000000000000 ) ;
#740 = CARTESIAN_POINT ( 'NONE',  ( 0.8612299008938453238, 5.207834124282260113, 0.3499999999999999778 ) ) ;
#741 = CARTESIAN_POINT ( 'NONE',  ( 6.549999999999999822, 1.601149768326593145E-16, 0.6500000000000012434 ) ) ;
#742 = CARTESIAN_POINT ( 'NONE',  ( 0.7000000000000006217, 0.8000000000000007105, 0.3499999999999999778 ) ) ;
#743 = EDGE_CURVE ( 'NONE', #2811, #2121, #3715, .T. ) ;
#744 = CARTESIAN_POINT ( 'NONE',  ( 1.540000000000001146, 2.207665535523969602, -0.3499999999999999778 ) ) ;
#745 = LINE ( 'NONE', #2506, #5354 ) ;
#746 = EDGE_LOOP ( 'NONE', ( #1881, #2076, #2682, #73 ) ) ;
#747 = AXIS2_PLACEMENT_3D ( 'NONE', #5483, #1839, #3209 ) ;
#748 =( LENGTH_UNIT ( ) NAMED_UNIT ( * ) SI_UNIT ( .MILLI., .METRE. ) );
#749 = ORIENTED_EDGE ( 'NONE', *, *, #3361, .T. ) ;
#750 = ORIENTED_EDGE ( 'NONE', *, *, #433, .F. ) ;
#751 = CARTESIAN_POINT ( 'NONE',  ( 2.189999999999999947, 0.000000000000000000, 0.3499999999999999778 ) ) ;
#752 = CIRCLE ( 'NONE', #94, 0.2999999999999999334 ) ;
#753 = FILL_AREA_STYLE_COLOUR ( '', #4880 ) ;
#754 = LINE ( 'NONE', #201, #1582 ) ;
#755 = VERTEX_POINT ( 'NONE', #1148 ) ;
#756 = VECTOR ( 'NONE', #2327, 999.9999999999998863 ) ;
#757 = SURFACE_STYLE_FILL_AREA ( #2166 ) ;
#758 = FILL_AREA_STYLE ('',( #1638 ) ) ;
#759 = ADVANCED_FACE ( 'NONE', ( #139 ), #4663, .T. ) ;
#760 = CARTESIAN_POINT ( 'NONE',  ( 5.957528552431158531, 5.050332720359885563, -0.3499999999999999778 ) ) ;
#761 = CARTESIAN_POINT ( 'NONE',  ( 4.729999999999999538, 8.000000000000000000, 0.3499999999999999778 ) ) ;
#762 = VERTEX_POINT ( 'NONE', #555 ) ;
#763 = ORIENTED_EDGE ( 'NONE', *, *, #814, .F. ) ;
#764 = CYLINDRICAL_SURFACE ( 'NONE', #4589, 0.1999999999999999833 ) ;
#765 = FILL_AREA_STYLE_COLOUR ( '', #513 ) ;
#766 = SURFACE_SIDE_STYLE ('',( #2087 ) ) ;
#767 = EDGE_CURVE ( 'NONE', #4933, #1055, #5184, .T. ) ;
#768 = AXIS2_PLACEMENT_3D ( 'NONE', #1024, #2776, #4685 ) ;
#769 = ORIENTED_EDGE ( 'NONE', *, *, #816, .T. ) ;
#770 = CARTESIAN_POINT ( 'NONE',  ( 0.9455177966741296069, 4.067306563708456224, 0.3500000000000000333 ) ) ;
#771 = B_SPLINE_CURVE_WITH_KNOTS ( 'NONE', 3,
 ( #4590, #5039, #38, #2278, #487, #68, #5523, #3624, #5068, #2346, #2312, #1857, #3704, #1323, #1356, #956, #3168, #4989, #3199, #5015, #5645, #2044, #607, #4244, #1054, #5678, #1084, #1115, #2501, #5098, #2013, #100, #1536 ),
 .UNSPECIFIED., .F., .F.,
 ( 4, 1, 1, 1, 1, 1, 1, 2, 2, 1, 1, 1, 1, 1, 2, 2, 1, 1, 1, 1, 1, 1, 2, 2, 4 ),
 ( 0.000000000000000000, 0.2500000000000361933, 0.3750000000000542899, 0.4375000000000633382, 0.4687500000000678346, 0.4843750000000696665, 0.4921875000000702771, 0.4960937500000705547, 0.5000000000000708322, 0.6250000000000717204, 0.6875000000000718314, 0.7187500000000719425, 0.7343750000000720535, 0.7421875000000720535, 0.7460937500000717204, 0.7500000000000713873, 0.8125000000000683897, 0.8437500000000672795, 0.8593750000000668354, 0.8671875000000666134, 0.8710937500000665024, 0.8730468750000660583, 0.8740234375000656142, 0.8750000000000650591, 1.000000000000000000 ),
 .UNSPECIFIED. ) ;
#772 = CARTESIAN_POINT ( 'NONE',  ( 4.080000000000000071, 6.500000000000000888, 0.3499999999999989231 ) ) ;
#773 = DIRECTION ( 'NONE',  ( -0.000000000000000000, -1.668003342285388099E-16, -1.000000000000000000 ) ) ;
#774 = CARTESIAN_POINT ( 'NONE',  ( 1.853245067392238710, 0.5000000000000000000, -0.6500000000000013545 ) ) ;
#775 = PRESENTATION_LAYER_ASSIGNMENT (  '', '', ( #4715 ) ) ;
#776 = ORIENTED_EDGE ( 'NONE', *, *, #2374, .T. ) ;
#777 = EDGE_CURVE ( 'NONE', #3063, #1906, #110, .T. ) ;
#778 = ORIENTED_EDGE ( 'NONE', *, *, #3192, .F. ) ;
#779 = CARTESIAN_POINT ( 'NONE',  ( -1.000000000000000000, 6.500000000000000888, -0.3500000000000010880 ) ) ;
#780 = EDGE_LOOP ( 'NONE', ( #4031, #4684, #2856, #2364 ) ) ;
#781 = CARTESIAN_POINT ( 'NONE',  ( 2.890000000000001013, 0.5000000000000005551, 0.3499999999999999778 ) ) ;
#782 = FACE_OUTER_BOUND ( 'NONE', #1163, .T. ) ;
#783 = CARTESIAN_POINT ( 'NONE',  ( 1.759430448028449945, 5.815522798723463893, 0.3500000000000000333 ) ) ;
#784 = EDGE_LOOP ( 'NONE', ( #1412, #4956, #5513, #1262 ) ) ;
#785 = EDGE_CURVE ( 'NONE', #1719, #4262, #3330, .T. ) ;
#786 = CARTESIAN_POINT ( 'NONE',  ( -0.9006934952136197436, 4.786369049942374332, 0.3499999999999999223 ) ) ;
#787 = UNCERTAINTY_MEASURE_WITH_UNIT (LENGTH_MEASURE( 1.000000000000000082E-05 ), #5048, 'distance_accuracy_value', 'NONE');
#788 = FILL_AREA_STYLE_COLOUR ( '', #5492 ) ;
#789 = LINE ( 'NONE', #5423, #3783 ) ;
#790 = FACE_OUTER_BOUND ( 'NONE', #817, .T. ) ;
#791 = CARTESIAN_POINT ( 'NONE',  ( 4.212165113299160879, 5.142569796484067091, -0.3500000000000000333 ) ) ;
#792 = LINE ( 'NONE', #5364, #826 ) ;
#793 = EDGE_LOOP ( 'NONE', ( #4597, #1618, #4229, #3258 ) ) ;
#794 = VECTOR ( 'NONE', #801, 1000.000000000000000 ) ;
#795 = ORIENTED_EDGE ( 'NONE', *, *, #1735, .F. ) ;
#796 = LINE ( 'NONE', #4398, #2495 ) ;
#797 = CARTESIAN_POINT ( 'NONE',  ( 6.025517796674130011, 4.067306563708457112, 0.3499999999999999223 ) ) ;
#798 = CARTESIAN_POINT ( 'NONE',  ( 0.1500000000000021316, -3.000000000000000000, -0.3499999999999999778 ) ) ;
#799 = MECHANICAL_DESIGN_GEOMETRIC_PRESENTATION_REPRESENTATION (  '', ( #2643 ), #2736 ) ;
#800 = VERTEX_POINT ( 'NONE', #2787 ) ;
#801 = DIRECTION ( 'NONE',  ( 1.000000000000000000, 0.000000000000000000, 0.000000000000000000 ) ) ;
#802 = VECTOR ( 'NONE', #640, 1000.000000000000000 ) ;
#803 = CARTESIAN_POINT ( 'NONE',  ( 2.892524015545778759, 5.732672356334978403, -0.3499999999999999778 ) ) ;
#804 = CARTESIAN_POINT ( 'NONE',  ( -0.4481930454221425553, 5.884855341312109189, -0.3499999999999999223 ) ) ;
#805 = LINE ( 'NONE', #2217, #2389 ) ;
#806 = EDGE_CURVE ( 'NONE', #5603, #5937, #2326, .T. ) ;
#807 = B_SPLINE_CURVE_WITH_KNOTS ( 'NONE', 3,
 ( #3673, #5406, #422, #1285, #4082, #2798, #1316, #4501, #5467, #3195, #2215, #3280, #2467, #5555, #212, #570, #2440, #4273, #3793, #3853, #3818, #1078, #4300, #2921, #5214, #4742, #655, #3344, #1437, #5156, #603 ),
 .UNSPECIFIED., .F., .F.,
 ( 4, 1, 1, 1, 1, 1, 1, 2, 2, 1, 1, 1, 1, 2, 2, 1, 1, 1, 1, 1, 2, 2, 4 ),
 ( 0.000000000000000000, 0.06250000000001421085, 0.09375000000002159384, 0.1093750000000254796, 0.1171875000000274225, 0.1210937500000285605, 0.1230468750000291295, 0.1240234375000294070, 0.1250000000000296985, 0.1875000000000308087, 0.2187500000000316414, 0.2343750000000320299, 0.2421875000000322242, 0.2460937500000323075, 0.2500000000000323630, 0.3750000000000306422, 0.4375000000000300315, 0.4687500000000297540, 0.4843750000000298650, 0.4921875000000299205, 0.4960937500000296985, 0.5000000000000294209, 1.000000000000000000 ),
 .UNSPECIFIED. ) ;
#808 = ORIENTED_EDGE ( 'NONE', *, *, #671, .F. ) ;
#809 = LINE ( 'NONE', #2655, #2119 ) ;
#810 = ORIENTED_EDGE ( 'NONE', *, *, #3103, .T. ) ;
#811 = DIRECTION ( 'NONE',  ( 1.000000000000000000, 0.000000000000000000, -7.744301232039316681E-17 ) ) ;
#812 = ORIENTED_EDGE ( 'NONE', *, *, #4921, .T. ) ;
#813 = CARTESIAN_POINT ( 'NONE',  ( -0.5999999999999996447, 6.299999999999999822, 0.3849999999999999534 ) ) ;
#814 = EDGE_CURVE ( 'NONE', #514, #2045, #4633, .T. ) ;
#815 = CARTESIAN_POINT ( 'NONE',  ( 1.680732764477097740, 5.226749775238759277, 0.3500000000000000333 ) ) ;
#816 = EDGE_CURVE ( 'NONE', #2748, #3504, #2801, .T. ) ;
#817 = EDGE_LOOP ( 'NONE', ( #3048, #4304, #446, #2602 ) ) ;
#818 = CARTESIAN_POINT ( 'NONE',  ( -0.8403887387711881374, 5.398486016527556330, 0.3499999999999999778 ) ) ;
#819 = PLANE ( 'NONE',  #5653 ) ;
#820 = CARTESIAN_POINT ( 'NONE',  ( 3.540000000000000480, 1.800000000000000488, 0.3849999999999998979 ) ) ;
#821 = LINE ( 'NONE', #852, #2404 ) ;
#822 = ADVANCED_FACE ( 'NONE', ( #3963 ), #5764, .T. ) ;
#823 = VERTEX_POINT ( 'NONE', #1623 ) ;
#824 = ORIENTED_EDGE ( 'NONE', *, *, #2143, .F. ) ;
#825 = CARTESIAN_POINT ( 'NONE',  ( 4.136432165885828738, 4.104507585657485080, 0.3499999999999999223 ) ) ;
#826 = VECTOR ( 'NONE', #1640, 1000.000000000000000 ) ;
#827 = ORIENTED_EDGE ( 'NONE', *, *, #2683, .F. ) ;
#828 = COLOUR_RGB ( '',0.8313725490196077761, 0.6705882352941175961, 0.1294117647058823373 ) ;
#829 = VECTOR ( 'NONE', #2258, 1000.000000000000000 ) ;
#830 = SURFACE_STYLE_FILL_AREA ( #4584 ) ;
#831 = DIRECTION ( 'NONE',  ( -0.000000000000000000, -1.668003342285391551E-16, -1.000000000000000000 ) ) ;
#832 = LINE ( 'NONE', #4888, #2780 ) ;
#833 = LINE ( 'NONE', #5380, #3922 ) ;
#834 = CARTESIAN_POINT ( 'NONE',  ( -0.6867549326077613259, 8.000000000000000000, 0.6500000000000000222 ) ) ;
#835 = ORIENTED_EDGE ( 'NONE', *, *, #433, .T. ) ;
#836 = VECTOR ( 'NONE', #5822, 1000.000000000000000 ) ;
#837 = FILL_AREA_STYLE ('',( #3131 ) ) ;
#838 = ORIENTED_EDGE ( 'NONE', *, *, #2071, .F. ) ;
#839 = LINE ( 'NONE', #4957, #2348 ) ;
#840 = ORIENTED_EDGE ( 'NONE', *, *, #3373, .T. ) ;
#841 = PRESENTATION_STYLE_ASSIGNMENT (( #3652 ) ) ;
#842 = DIRECTION ( 'NONE',  ( -3.097720492815726426E-17, 1.000000000000000000, 0.000000000000000000 ) ) ;
#843 = COLOUR_RGB ( '',0.8313725490196077761, 0.6705882352941175961, 0.1294117647058823373 ) ;
#844 = ORIENTED_EDGE ( 'NONE', *, *, #3586, .F. ) ;
#845 = CARTESIAN_POINT ( 'NONE',  ( -0.8601643567029741977, 5.218128553112199697, 0.3499999999999999223 ) ) ;
#846 = EDGE_CURVE ( 'NONE', #1035, #2479, #19, .T. ) ;
#847 = CARTESIAN_POINT ( 'NONE',  ( 4.727475984454220459, 5.732672356334980179, 0.3499999999999999778 ) ) ;
#848 = DIRECTION ( 'NONE',  ( 0.000000000000000000, -1.000000000000000000, 1.668003342285391551E-16 ) ) ;
#849 = MECHANICAL_DESIGN_GEOMETRIC_PRESENTATION_REPRESENTATION (  '', ( #4980 ), #3551 ) ;
#850 = PRESENTATION_LAYER_ASSIGNMENT (  '', '', ( #1620 ) ) ;
#851 = CARTESIAN_POINT ( 'NONE',  ( 2.190000000000000835, -1.084202172485501815E-17, -0.3499999999999999778 ) ) ;
#852 = CARTESIAN_POINT ( 'NONE',  ( 4.080000000000000071, 6.500000000000000888, -0.3500000000000010880 ) ) ;
#853 = DIRECTION ( 'NONE',  ( -0.000000000000000000, -1.000000000000000000, -0.000000000000000000 ) ) ;
#854 = ORIENTED_EDGE ( 'NONE', *, *, #2895, .F. ) ;
#855 = ORIENTED_EDGE ( 'NONE', *, *, #3724, .T. ) ;
#856 = EDGE_CURVE ( 'NONE', #2175, #1547, #2186, .T. ) ;
#857 = CARTESIAN_POINT ( 'NONE',  ( 4.480000000000000426, 6.299999999999999822, 0.1283333333333336046 ) ) ;
#858 = FILL_AREA_STYLE_COLOUR ( '', #5810 ) ;
#859 = VECTOR ( 'NONE', #386, 1000.000000000000000 ) ;
#860 = EDGE_CURVE ( 'NONE', #2245, #1984, #4469, .T. ) ;
#861 = EDGE_CURVE ( 'NONE', #3956, #5733, #4831, .T. ) ;
#862 = ORIENTED_EDGE ( 'NONE', *, *, #4483, .F. ) ;
#863 = CARTESIAN_POINT ( 'NONE',  ( 6.550000000000000711, 8.500000000000000000, 1.199999999999999956 ) ) ;
#864 = SURFACE_STYLE_FILL_AREA ( #4986 ) ;
#865 = CARTESIAN_POINT ( 'NONE',  ( -1.469999999999999973, 0.000000000000000000, -1.199999999999999956 ) ) ;
#866 = AXIS2_PLACEMENT_3D ( 'NONE', #4696, #3744, #5509 ) ;
#867 = ORIENTED_EDGE ( 'NONE', *, *, #917, .F. ) ;
#868 = ORIENTED_EDGE ( 'NONE', *, *, #2550, .T. ) ;
#869 = DIRECTION ( 'NONE',  ( 1.000000000000000000, 0.000000000000000000, 0.000000000000000000 ) ) ;
#870 = ORIENTED_EDGE ( 'NONE', *, *, #602, .T. ) ;
#871 = CARTESIAN_POINT ( 'NONE',  ( -0.9999999999999995559, 1.800000000000000488, -0.3499999999999999778 ) ) ;
#872 = CARTESIAN_POINT ( 'NONE',  ( 0.3525240155457787239, 5.732672356334978403, -0.3499999999999999778 ) ) ;
#873 = CARTESIAN_POINT ( 'NONE',  ( 2.076643101092097154, 1.700000000000002398, 0.3500000000000000333 ) ) ;
#874 = VERTEX_POINT ( 'NONE', #1173 ) ;
#875 = VECTOR ( 'NONE', #5020, 1000.000000000000000 ) ;
#876 = DIRECTION ( 'NONE',  ( 0.000000000000000000, 0.000000000000000000, -1.000000000000000000 ) ) ;
#877 =( NAMED_UNIT ( * ) PLANE_ANGLE_UNIT ( ) SI_UNIT ( $, .RADIAN. ) );
#878 = DIRECTION ( 'NONE',  ( -0.000000000000000000, -0.000000000000000000, -1.000000000000000000 ) ) ;
#879 = FILL_AREA_STYLE_COLOUR ( '', #993 ) ;
#880 = FILL_AREA_STYLE_COLOUR ( '', #5657 ) ;
#881 = CARTESIAN_POINT ( 'NONE',  ( 0.3499999999999999223, 8.000000000000000000, 0.3499999999999999778 ) ) ;
#882 = VECTOR ( 'NONE', #979, 1000.000000000000000 ) ;
#883 = ORIENTED_EDGE ( 'NONE', *, *, #1491, .T. ) ;
#884 = VERTEX_POINT ( 'NONE', #3010 ) ;
#885 = DIRECTION ( 'NONE',  ( 1.000000000000000000, 1.121588454295349780E-16, -0.000000000000000000 ) ) ;
#886 = LINE ( 'NONE', #5912, #3592 ) ;
#887 = CARTESIAN_POINT ( 'NONE',  ( 4.318779213129838368, 5.920464898423918321, 0.3499999999999999778 ) ) ;
#888 = DIRECTION ( 'NONE',  ( 0.000000000000000000, 0.000000000000000000, -1.000000000000000000 ) ) ;
#889 = EDGE_CURVE ( 'NONE', #5435, #5603, #4022, .T. ) ;
#890 = COLOUR_RGB ( '',0.8313725490196077761, 0.6705882352941175961, 0.1294117647058823373 ) ;
#891 = EDGE_LOOP ( 'NONE', ( #5827, #381, #5524, #3239 ) ) ;
#892 = CARTESIAN_POINT ( 'NONE',  ( 4.616643101092098078, 1.700000000000002620, 0.3499999999999999778 ) ) ;
#893 = DIRECTION ( 'NONE',  ( 0.000000000000000000, 1.668003342285388099E-16, 1.000000000000000000 ) ) ;
#894 = VECTOR ( 'NONE', #2528, 1000.000000000000000 ) ;
#895 = CARTESIAN_POINT ( 'NONE',  ( 6.550000000000000711, 0.000000000000000000, 1.199999999999999956 ) ) ;
#896 = EDGE_CURVE ( 'NONE', #3664, #3372, #832, .T. ) ;
#897 = VECTOR ( 'NONE', #4602, 1000.000000000000000 ) ;
#898 = SURFACE_STYLE_USAGE ( .BOTH. , #1890 ) ;
#899 = ORIENTED_EDGE ( 'NONE', *, *, #4851, .T. ) ;
#900 = VERTEX_POINT ( 'NONE', #1287 ) ;
#901 = AXIS2_PLACEMENT_3D ( 'NONE', #3860, #2049, #1570 ) ;
#902 = CARTESIAN_POINT ( 'NONE',  ( 1.754859749080237341, 5.788964205960197340, 0.3500000000000000888 ) ) ;
#903 = ORIENTED_EDGE ( 'NONE', *, *, #2374, .F. ) ;
#904 = CARTESIAN_POINT ( 'NONE',  ( 3.226754932607761361, 10.39117142264903570, -0.6500000000000030198 ) ) ;
#905 = DIRECTION ( 'NONE',  ( 0.000000000000000000, 0.000000000000000000, 1.000000000000000000 ) ) ;
#906 = DIRECTION ( 'NONE',  ( 1.121588454295349533E-16, -1.000000000000000000, 0.000000000000000000 ) ) ;
#907 = LINE ( 'NONE', #5451, #1530 ) ;
#908 = CARTESIAN_POINT ( 'NONE',  ( 3.540000000000001368, 6.299999999999999822, 0.1283333333333333270 ) ) ;
#909 = CARTESIAN_POINT ( 'NONE',  ( 3.003356898907901140, 1.699999999999999067, 0.3500000000000000888 ) ) ;
#910 = EDGE_LOOP ( 'NONE', ( #2791, #4435, #5485, #1581 ) ) ;
#911 = ORIENTED_EDGE ( 'NONE', *, *, #4325, .F. ) ;
#912 = PLANE ( 'NONE',  #126 ) ;
#913 = CARTESIAN_POINT ( 'NONE',  ( 4.398619849678662597, 6.233860305463148066, 0.3499999999999999778 ) ) ;
#914 = DIRECTION ( 'NONE',  ( 0.000000000000000000, -0.000000000000000000, -1.000000000000000000 ) ) ;
#915 = ORIENTED_EDGE ( 'NONE', *, *, #16, .F. ) ;
#916 = ADVANCED_FACE ( 'NONE', ( #5342 ), #3126, .F. ) ;
#917 = EDGE_CURVE ( 'NONE', #2821, #3352, #1259, .T. ) ;
#918 = CARTESIAN_POINT ( 'NONE',  ( 4.580000000000001847, 6.084152315493286167, 0.3499999999999999223 ) ) ;
#919 = LINE ( 'NONE', #2409, #659 ) ;
#920 = CARTESIAN_POINT ( 'NONE',  ( 5.949615242270665405, 8.500000000000000000, 0.000000000000000000 ) ) ;
#921 = VECTOR ( 'NONE', #1671, 1000.000000000000000 ) ;
#922 = B_SPLINE_CURVE_WITH_KNOTS ( 'NONE', 3,
 ( #4476, #4032, #4896, #871 ),
 .UNSPECIFIED., .F., .F.,
 ( 4, 4 ),
 ( 0.000000000000000000, 1.000000000000000000 ),
 .UNSPECIFIED. ) ;
#923 =( LENGTH_UNIT ( ) NAMED_UNIT ( * ) SI_UNIT ( .MILLI., .METRE. ) );
#924 = MECHANICAL_DESIGN_GEOMETRIC_PRESENTATION_REPRESENTATION (  '', ( #2568 ), #5847 ) ;
#925 = VECTOR ( 'NONE', #4734, 1000.000000000000000 ) ;
#926 = ORIENTED_EDGE ( 'NONE', *, *, #5529, .F. ) ;
#927 = EDGE_CURVE ( 'NONE', #3372, #942, #1653, .T. ) ;
#928 = VERTEX_POINT ( 'NONE', #1710 ) ;
#929 = DIRECTION ( 'NONE',  ( 0.000000000000000000, -1.000000000000000000, 1.668003342285391551E-16 ) ) ;
#930 = DIRECTION ( 'NONE',  ( 0.000000000000000000, 1.000000000000000000, -4.336808689942016750E-16 ) ) ;
#931 = EDGE_LOOP ( 'NONE', ( #1873, #4487, #4810, #2151 ) ) ;
#932 = COLOUR_RGB ( '',0.8313725490196077761, 0.6705882352941175961, 0.1294117647058823373 ) ;
#933 = PLANE ( 'NONE',  #5190 ) ;
#934 =( NAMED_UNIT ( * ) SI_UNIT ( $, .STERADIAN. ) SOLID_ANGLE_UNIT ( ) );
#935 = DIRECTION ( 'NONE',  ( -1.000000000000000000, 0.000000000000000000, 7.744301232039316681E-17 ) ) ;
#936 = SURFACE_STYLE_USAGE ( .BOTH. , #5050 ) ;
#937 = AXIS2_PLACEMENT_3D ( 'NONE', #178, #89, #207 ) ;
#938 =( NAMED_UNIT ( * ) PLANE_ANGLE_UNIT ( ) SI_UNIT ( $, .RADIAN. ) );
#939 = FACE_OUTER_BOUND ( 'NONE', #11, .T. ) ;
#940 = CARTESIAN_POINT ( 'NONE',  ( 4.080000000000000071, 1.800000000000000488, -0.3499999999999999778 ) ) ;
#941 = EDGE_LOOP ( 'NONE', ( #1180, #694, #129, #5255 ) ) ;
#942 = VERTEX_POINT ( 'NONE', #3558 ) ;
#943 = CARTESIAN_POINT ( 'NONE',  ( 3.039999999999998703, 6.084152315493285279, -0.3500000000000000333 ) ) ;
#944 =( NAMED_UNIT ( * ) SI_UNIT ( $, .STERADIAN. ) SOLID_ANGLE_UNIT ( ) );
#945 = AXIS2_PLACEMENT_3D ( 'NONE', #5352, #4816, #2967 ) ;
#946 = CARTESIAN_POINT ( 'NONE',  ( 0.000000000000000000, 8.500000000000000000, 0.000000000000000000 ) ) ;
#947 = CARTESIAN_POINT ( 'NONE',  ( 5.766754932607761397, 6.500000000000000888, -0.3500000000000010880 ) ) ;
#948 = STYLED_ITEM ( 'NONE', ( #2725 ), #3420 ) ;
#949 = ORIENTED_EDGE ( 'NONE', *, *, #4811, .T. ) ;
#950 = CARTESIAN_POINT ( 'NONE',  ( 4.727475984454220459, 5.732672356334980179, -0.3499999999999999778 ) ) ;
#951 = B_SPLINE_CURVE_WITH_KNOTS ( 'NONE', 3,
 ( #5637, #5092, #1528, #3312, #5155, #1108, #569, #2407, #627, #1044, #4236, #181, #2892, #4650, #122, #152, #3792, #3852, #4708, #1974, #4740, #5670, #1557, #2036, #733, #3903, #5273, #1220, #3933, #2578, #3461, #4799, #1164 ),
 .UNSPECIFIED., .F., .F.,
 ( 4, 1, 1, 1, 1, 1, 1, 2, 2, 1, 1, 1, 1, 1, 2, 2, 1, 1, 1, 1, 1, 1, 2, 2, 4 ),
 ( 0.000000000000000000, 0.2499999999999785727, 0.3749999999999677480, 0.4374999999999623634, 0.4687499999999595879, 0.4843749999999580891, 0.4921874999999576450, 0.4960937499999574229, 0.4999999999999572564, 0.6249999999999515943, 0.6874999999999485967, 0.7187499999999468203, 0.7343749999999459321, 0.7421874999999451550, 0.7460937499999447109, 0.7499999999999442668, 0.8124999999999452660, 0.8437499999999460432, 0.8593749999999463762, 0.8671874999999462652, 0.8710937499999464873, 0.8730468749999469313, 0.8740234374999471534, 0.8749999999999473754, 1.000000000000000000 ),
 .UNSPECIFIED. ) ;
#952 = PRESENTATION_STYLE_ASSIGNMENT (( #2307 ) ) ;
#953 = FACE_OUTER_BOUND ( 'NONE', #2747, .T. ) ;
#954 = CARTESIAN_POINT ( 'NONE',  ( -0.3499999999999991451, 0.5000000000000005551, 0.3499999999999999778 ) ) ;
#955 = EDGE_CURVE ( 'NONE', #5551, #1520, #5378, .T. ) ;
#956 = CARTESIAN_POINT ( 'NONE',  ( 3.407834886700807253, 5.142569796484737665, 0.3499999999999999223 ) ) ;
#957 = ORIENTED_EDGE ( 'NONE', *, *, #5463, .T. ) ;
#958 = ORIENTED_EDGE ( 'NONE', *, *, #3302, .F. ) ;
#959 = CARTESIAN_POINT ( 'NONE',  ( -0.3500000000000000333, 8.199999999999999289, 0.3499999999999999778 ) ) ;
#960 = DIRECTION ( 'NONE',  ( 0.000000000000000000, -1.000000000000000000, 1.668003342285391797E-16 ) ) ;
#961 = CARTESIAN_POINT ( 'NONE',  ( 1.605174816799755266, 4.263498050147333629, 0.3499999999999998668 ) ) ;
#962 = EDGE_CURVE ( 'NONE', #4534, #1145, #4618, .T. ) ;
#963 = ORIENTED_EDGE ( 'NONE', *, *, #559, .F. ) ;
#964 = DIRECTION ( 'NONE',  ( 0.000000000000000000, 0.000000000000000000, -1.000000000000000000 ) ) ;
#965 = PRESENTATION_LAYER_ASSIGNMENT (  '', '', ( #1067 ) ) ;
#966 = CARTESIAN_POINT ( 'NONE',  ( 6.550000000000000711, 8.500000000000000000, -1.199999999999999956 ) ) ;
#967 = FACE_OUTER_BOUND ( 'NONE', #4269, .T. ) ;
#968 = SURFACE_STYLE_USAGE ( .BOTH. , #2393 ) ;
#969 = LINE ( 'NONE', #1098, #5171 ) ;
#970 = LINE ( 'NONE', #4261, #2740 ) ;
#971 = UNCERTAINTY_MEASURE_WITH_UNIT (LENGTH_MEASURE( 1.000000000000000082E-05 ), #3629, 'distance_accuracy_value', 'NONE');
#972 = EDGE_CURVE ( 'NONE', #1326, #5003, #4148, .T. ) ;
#973 = ORIENTED_EDGE ( 'NONE', *, *, #4133, .F. ) ;
#974 = VECTOR ( 'NONE', #1782, 1000.000000000000000 ) ;
#975 = ORIENTED_EDGE ( 'NONE', *, *, #1735, .T. ) ;
#976 = UNCERTAINTY_MEASURE_WITH_UNIT (LENGTH_MEASURE( 1.000000000000000082E-05 ), #2543, 'distance_accuracy_value', 'NONE');
#977 = UNCERTAINTY_MEASURE_WITH_UNIT (LENGTH_MEASURE( 1.000000000000000082E-05 ), #3700, 'distance_accuracy_value', 'NONE');
#978 = FILL_AREA_STYLE_COLOUR ( '', #1071 ) ;
#979 = DIRECTION ( 'NONE',  ( 0.000000000000000000, 0.000000000000000000, 1.000000000000000000 ) ) ;
#980 =( GEOMETRIC_REPRESENTATION_CONTEXT ( 3 ) GLOBAL_UNCERTAINTY_ASSIGNED_CONTEXT ( ( #4798 ) ) GLOBAL_UNIT_ASSIGNED_CONTEXT ( ( #5767, #1658, #2540 ) ) REPRESENTATION_CONTEXT ( 'NONE', 'WORKASPACE' ) );
#981 = FILL_AREA_STYLE ('',( #2434 ) ) ;
#982 = FACE_OUTER_BOUND ( 'NONE', #4044, .T. ) ;
#983 =( NAMED_UNIT ( * ) SI_UNIT ( $, .STERADIAN. ) SOLID_ANGLE_UNIT ( ) );
#984 = EDGE_LOOP ( 'NONE', ( #3981, #5586, #1537, #827 ) ) ;
#985 = ORIENTED_EDGE ( 'NONE', *, *, #2953, .F. ) ;
#986 = DIRECTION ( 'NONE',  ( 0.000000000000000000, 1.000000000000000000, -1.668003342285391551E-16 ) ) ;
#987 = CARTESIAN_POINT ( 'NONE',  ( 4.754744180118195551, 5.589454083063166046, 0.3499999999999999778 ) ) ;
#988 = CARTESIAN_POINT ( 'NONE',  ( 5.130000000000000782, 8.026794919243110726, -0.05000000000000023870 ) ) ;
#989 = LINE ( 'NONE', #2862, #4109 ) ;
#990 = VECTOR ( 'NONE', #2621, 1000.000000000000000 ) ;
#991 = DIRECTION ( 'NONE',  ( 1.000000000000000000, -1.301042606982607530E-14, 0.000000000000000000 ) ) ;
#992 = ORIENTED_EDGE ( 'NONE', *, *, #5469, .F. ) ;
#993 = COLOUR_RGB ( '',0.8313725490196077761, 0.6705882352941175961, 0.1294117647058823373 ) ;
#994 = ORIENTED_EDGE ( 'NONE', *, *, #4885, .F. ) ;
#995 = DIRECTION ( 'NONE',  ( -0.7071067811865489050, 0.7071067811865460184, -0.000000000000000000 ) ) ;
#996 = EDGE_CURVE ( 'NONE', #5105, #5721, #4084, .T. ) ;
#997 = FILL_AREA_STYLE ('',( #3825 ) ) ;
#998 = CARTESIAN_POINT ( 'NONE',  ( 1.596432165885827814, 4.104507585657485080, 0.3499999999999999778 ) ) ;
#999 = ORIENTED_EDGE ( 'NONE', *, *, #4104, .T. ) ;
#1000 = CARTESIAN_POINT ( 'NONE',  ( 2.988193045422142369, 5.884855341312110077, 0.3499999999999999778 ) ) ;
#1001 = DIRECTION ( 'NONE',  ( -1.121588454295349780E-16, 1.000000000000000000, 0.000000000000000000 ) ) ;
#1002 = DIRECTION ( 'NONE',  ( 0.000000000000000000, 0.000000000000000000, 1.000000000000000000 ) ) ;
#1003 = ADVANCED_FACE ( 'NONE', ( #953 ), #4559, .F. ) ;
#1004 = DIRECTION ( 'NONE',  ( 0.000000000000000000, 0.000000000000000000, -1.000000000000000000 ) ) ;
#1005 = EDGE_CURVE ( 'NONE', #523, #1478, #3674, .T. ) ;
#1006 = CARTESIAN_POINT ( 'NONE',  ( -0.4481930454221424998, 5.884855341312110077, -0.3499999999999999223 ) ) ;
#1007 = DIRECTION ( 'NONE',  ( -0.7071067811865474617, -0.7071067811865474617, -0.000000000000000000 ) ) ;
#1008 = CARTESIAN_POINT ( 'NONE',  ( -1.469999999999999973, 8.500000000000000000, -1.199999999999999956 ) ) ;
#1009 = ORIENTED_EDGE ( 'NONE', *, *, #2167, .T. ) ;
#1010 = ORIENTED_EDGE ( 'NONE', *, *, #1346, .F. ) ;
#1011 = CARTESIAN_POINT ( 'NONE',  ( -0.3500000000000000333, 8.199999999999999289, 0.3499999999999999778 ) ) ;
#1012 = EDGE_CURVE ( 'NONE', #4475, #4860, #5036, .T. ) ;
#1013 = CARTESIAN_POINT ( 'NONE',  ( 2.040000000000001812, 6.299999999999999822, -0.3499999999999999778 ) ) ;
#1014 = CARTESIAN_POINT ( 'NONE',  ( 3.409615242270664925, 8.500000000000000000, 0.000000000000000000 ) ) ;
#1015 = ORIENTED_EDGE ( 'NONE', *, *, #2212, .T. ) ;
#1016 = DIRECTION ( 'NONE',  ( -0.000000000000000000, -0.000000000000000000, -1.000000000000000000 ) ) ;
#1017 = LINE ( 'NONE', #1558, #142 ) ;
#1018 = CARTESIAN_POINT ( 'NONE',  ( 4.616643101092098078, 1.700000000000002620, -0.3499999999999999778 ) ) ;
#1019 = SURFACE_SIDE_STYLE ('',( #2770 ) ) ;
#1020 = PRESENTATION_LAYER_ASSIGNMENT (  '', '', ( #5825 ) ) ;
#1021 =( NAMED_UNIT ( * ) SI_UNIT ( $, .STERADIAN. ) SOLID_ANGLE_UNIT ( ) );
#1022 = ORIENTED_EDGE ( 'NONE', *, *, #2889, .F. ) ;
#1023 = ORIENTED_EDGE ( 'NONE', *, *, #2782, .T. ) ;
#1024 = CARTESIAN_POINT ( 'NONE',  ( 4.080000000000000959, -1.121588454295348794E-16, 0.3499999999999999778 ) ) ;
#1025 = CARTESIAN_POINT ( 'NONE',  ( 0.3500000000000000333, 8.199999999999999289, -0.3500000000000000333 ) ) ;
#1026 = DIRECTION ( 'NONE',  ( 1.000000000000000000, 0.000000000000000000, 0.000000000000000000 ) ) ;
#1027 = ORIENTED_EDGE ( 'NONE', *, *, #3103, .F. ) ;
#1028 = B_SPLINE_CURVE_WITH_KNOTS ( 'NONE', 3,
 ( #4274, #5242, #183, #656, #4711, #4904, #4459, #5215, #5186, #2981, #1140, #1592, #1110, #4772, #2641, #791, #3400, #1500, #2950, #3794, #5809, #2468, #2497, #3980, #4801, #5363, #348, #3345, #317, #154, #3881, #4743, #5673 ),
 .UNSPECIFIED., .F., .F.,
 ( 4, 1, 1, 1, 1, 1, 1, 2, 2, 1, 1, 1, 1, 1, 2, 2, 1, 1, 1, 1, 1, 1, 2, 2, 4 ),
 ( 0.000000000000000000, 0.2499999999999789058, 0.3749999999999682476, 0.4374999999999629186, 0.4687499999999602540, 0.4843749999999587552, 0.4921874999999583111, 0.4960937499999580891, 0.4999999999999578115, 0.6249999999999521494, 0.6874999999999489297, 0.7187499999999471534, 0.7343749999999461542, 0.7421874999999453770, 0.7460937499999450440, 0.7499999999999447109, 0.8124999999999460432, 0.8437499999999471534, 0.8593749999999475975, 0.8671874999999474865, 0.8710937499999477085, 0.8730468749999480416, 0.8740234374999483746, 0.8749999999999485967, 1.000000000000000000 ),
 .UNSPECIFIED. ) ;
#1029 =( NAMED_UNIT ( * ) PLANE_ANGLE_UNIT ( ) SI_UNIT ( $, .RADIAN. ) );
#1030 = DIRECTION ( 'NONE',  ( 0.000000000000000000, -0.000000000000000000, -1.000000000000000000 ) ) ;
#1031 = CARTESIAN_POINT ( 'NONE',  ( 4.729999999999999538, 0.000000000000000000, -0.3499999999999999778 ) ) ;
#1032 = CARTESIAN_POINT ( 'NONE',  ( 0.5218457338839795900, 5.626229152235330488, 0.3499999999999999778 ) ) ;
#1033 = FILL_AREA_STYLE ('',( #3267 ) ) ;
#1034 = ORIENTED_EDGE ( 'NONE', *, *, #1223, .T. ) ;
#1035 = VERTEX_POINT ( 'NONE', #3282 ) ;
#1036 = EDGE_CURVE ( 'NONE', #2479, #4262, #517, .T. ) ;
#1037 = LINE ( 'NONE', #1011, #5818 ) ;
#1038 = DIRECTION ( 'NONE',  ( 0.000000000000000000, 0.000000000000000000, -1.000000000000000000 ) ) ;
#1039 = CARTESIAN_POINT ( 'NONE',  ( -1.000000000000000000, 6.500000000000000888, 0.3499999999999989231 ) ) ;
#1040 = DIRECTION ( 'NONE',  ( 0.000000000000000000, 0.000000000000000000, 1.000000000000000000 ) ) ;
#1041 = MECHANICAL_DESIGN_GEOMETRIC_PRESENTATION_REPRESENTATION (  '', ( #274 ), #3362 ) ;
#1042 = ORIENTED_EDGE ( 'NONE', *, *, #2403, .F. ) ;
#1043 = EDGE_CURVE ( 'NONE', #1145, #5192, #5468, .T. ) ;
#1044 = CARTESIAN_POINT ( 'NONE',  ( -0.9455177966741292739, 4.067306563708465994, -0.3500000000000000333 ) ) ;
#1045 = PRESENTATION_LAYER_ASSIGNMENT (  '', '', ( #1529 ) ) ;
#1046 = DIRECTION ( 'NONE',  ( 0.000000000000000000, -0.000000000000000000, -1.000000000000000000 ) ) ;
#1047 = LINE ( 'NONE', #2141, #3847 ) ;
#1048 = COLOUR_RGB ( '',0.8313725490196077761, 0.6705882352941175961, 0.1294117647058823373 ) ;
#1049 = AXIS2_PLACEMENT_3D ( 'NONE', #2160, #1689, #1718 ) ;
#1050 =( NAMED_UNIT ( * ) PLANE_ANGLE_UNIT ( ) SI_UNIT ( $, .RADIAN. ) );
#1051 = ADVANCED_FACE ( 'NONE', ( #3162 ), #2308, .F. ) ;
#1052 = AXIS2_PLACEMENT_3D ( 'NONE', #168, #5659, #3745 ) ;
#1053 =( BOUNDED_SURFACE ( )  B_SPLINE_SURFACE ( 2, 3, ( 
 ( #3723, #1764, #3614, #2334 ),
 ( #5546, #4945, #2243, #3154 ),
 ( #4977, #857, #3846, #86 ) ),
 .UNSPECIFIED., .F., .F., .F. ) 
 B_SPLINE_SURFACE_WITH_KNOTS ( ( 3, 3 ),
 ( 4, 4 ),
 ( 0.000000000000000000, 1.000000000000000000 ),
 ( -3.500000000000000371E-05, 0.0007349999999999999763 ),
 .UNSPECIFIED. ) 
 GEOMETRIC_REPRESENTATION_ITEM ( )  RATIONAL_B_SPLINE_SURFACE ( (
 ( 1.000000000000000000, 1.000000000000000000, 1.000000000000000000, 1.000000000000000000),
 ( 0.7071067811865475727, 0.7071067811865475727, 0.7071067811865475727, 0.7071067811865475727),
 ( 1.000000000000000000, 1.000000000000000000, 1.000000000000000000, 1.000000000000000000) ) ) 
 REPRESENTATION_ITEM ( '' )  SURFACE ( )  );
#1054 = CARTESIAN_POINT ( 'NONE',  ( 3.332485366313218567, 5.744802409713649638, 0.3499999999999999778 ) ) ;
#1055 = VERTEX_POINT ( 'NONE', #3702 ) ;
#1056 = VERTEX_POINT ( 'NONE', #5521 ) ;
#1057 = CARTESIAN_POINT ( 'NONE',  ( 2.187475984454220423, 5.732672356334980179, -0.3499999999999999778 ) ) ;
#1058 = CARTESIAN_POINT ( 'NONE',  ( 2.690000000000002167, -3.000000000000000000, 0.3499999999999999778 ) ) ;
#1059 = ORIENTED_EDGE ( 'NONE', *, *, #996, .T. ) ;
#1060 = CYLINDRICAL_SURFACE ( 'NONE', #4818, 0.2999999999999999334 ) ;
#1061 = PRESENTATION_STYLE_ASSIGNMENT (( #1960 ) ) ;
#1062 = DIRECTION ( 'NONE',  ( 1.000000000000000000, 0.000000000000000000, 0.000000000000000000 ) ) ;
#1063 = CARTESIAN_POINT ( 'NONE',  ( 4.080000000000000071, 6.500000000000000888, 0.3499999999999989231 ) ) ;
#1064 = DIRECTION ( 'NONE',  ( -1.000000000000000000, -1.084202172485504434E-16, 0.000000000000000000 ) ) ;
#1065 = VERTEX_POINT ( 'NONE', #3246 ) ;
#1066 = ORIENTED_EDGE ( 'NONE', *, *, #5781, .F. ) ;
#1067 = STYLED_ITEM ( 'NONE', ( #841 ), #5325 ) ;
#1068 =( NAMED_UNIT ( * ) SI_UNIT ( $, .STERADIAN. ) SOLID_ANGLE_UNIT ( ) );
#1069 = CARTESIAN_POINT ( 'NONE',  ( 1.853245067392238710, 6.500000000000000888, -0.6500000000000017986 ) ) ;
#1070 = EDGE_CURVE ( 'NONE', #2820, #3782, #1908, .T. ) ;
#1071 = COLOUR_RGB ( '',0.8313725490196077761, 0.6705882352941175961, 0.1294117647058823373 ) ;
#1072 = AXIS2_PLACEMENT_3D ( 'NONE', #2109, #1667, #5078 ) ;
#1073 = CARTESIAN_POINT ( 'NONE',  ( 6.549999999999999822, 0.5000000000000000000, -0.6499999999999989120 ) ) ;
#1074 = ORIENTED_EDGE ( 'NONE', *, *, #16, .T. ) ;
#1075 = AXIS2_PLACEMENT_3D ( 'NONE', #2773, #5500, #3250 ) ;
#1076 = B_SPLINE_CURVE_WITH_KNOTS ( 'NONE', 3,
 ( #5432, #5006, #2268, #5462 ),
 .UNSPECIFIED., .F., .F.,
 ( 4, 4 ),
 ( 0.000000000000000000, 1.000000000000000000 ),
 .UNSPECIFIED. ) ;
#1077 = DIRECTION ( 'NONE',  ( 0.000000000000000000, 1.000000000000000000, -1.668003342285391797E-16 ) ) ;
#1078 = CARTESIAN_POINT ( 'NONE',  ( 3.464058140717155343, 4.443591676420198588, -0.3499999999999999778 ) ) ;
#1079 = AXIS2_PLACEMENT_3D ( 'NONE', #5930, #5806, #3538 ) ;
#1080 = LINE ( 'NONE', #629, #5166 ) ;
#1081 = ADVANCED_FACE ( 'NONE', ( #4054 ), #1439, .T. ) ;
#1082 = CARTESIAN_POINT ( 'NONE',  ( 6.080000000000000959, 6.299999999999999822, -0.3850000000000000089 ) ) ;
#1083 =( GEOMETRIC_REPRESENTATION_CONTEXT ( 3 ) GLOBAL_UNCERTAINTY_ASSIGNED_CONTEXT ( ( #5543 ) ) GLOBAL_UNIT_ASSIGNED_CONTEXT ( ( #3905, #1763, #5851 ) ) REPRESENTATION_CONTEXT ( 'NONE', 'WORKASPACE' ) );
#1084 = CARTESIAN_POINT ( 'NONE',  ( 3.328156929004345344, 5.771059683742179480, 0.3499999999999999778 ) ) ;
#1085 = ORIENTED_EDGE ( 'NONE', *, *, #220, .F. ) ;
#1086 = DIRECTION ( 'NONE',  ( -1.000000000000000000, 0.000000000000000000, 7.744301232039316681E-17 ) ) ;
#1087 = ADVANCED_FACE ( 'NONE', ( #4712 ), #1561, .T. ) ;
#1088 = AXIS2_PLACEMENT_3D ( 'NONE', #2548, #648, #4372 ) ;
#1089 = CARTESIAN_POINT ( 'NONE',  ( 1.751843070995635410, 5.771059683742045365, -0.3499999999999999778 ) ) ;
#1090 = CARTESIAN_POINT ( 'NONE',  ( 5.579999999999999183, 6.299999999999999822, 0.3499999999999999778 ) ) ;
#1091 = VECTOR ( 'NONE', #3436, 1000.000000000000000 ) ;
#1092 = ORIENTED_EDGE ( 'NONE', *, *, #1251, .T. ) ;
#1093 = AXIS2_PLACEMENT_3D ( 'NONE', #2973, #707, #4793 ) ;
#1094 = CARTESIAN_POINT ( 'NONE',  ( 5.780000000000001137, 0.8000000000000007105, 0.3499999999999999778 ) ) ;
#1095 = LINE ( 'NONE', #4759, #802 ) ;
#1096 = CARTESIAN_POINT ( 'NONE',  ( 0.000000000000000000, 0.000000000000000000, 0.3499999999999999778 ) ) ;
#1097 =( NAMED_UNIT ( * ) SI_UNIT ( $, .STERADIAN. ) SOLID_ANGLE_UNIT ( ) );
#1098 = CARTESIAN_POINT ( 'NONE',  ( -1.469999999999999973, 0.000000000000000000, -0.6499999999999991340 ) ) ;
#1099 = ORIENTED_EDGE ( 'NONE', *, *, #3884, .F. ) ;
#1100 = VECTOR ( 'NONE', #4479, 1000.000000000000000 ) ;
#1101 = LINE ( 'NONE', #2573, #3997 ) ;
#1102 = FILL_AREA_STYLE_COLOUR ( '', #5494 ) ;
#1103 = MECHANICAL_DESIGN_GEOMETRIC_PRESENTATION_REPRESENTATION (  '', ( #3698 ), #3416 ) ;
#1104 = DIRECTION ( 'NONE',  ( -0.000000000000000000, 1.000000000000000000, -0.000000000000000000 ) ) ;
#1105 = LINE ( 'NONE', #3371, #2183 ) ;
#1106 = ORIENTED_EDGE ( 'NONE', *, *, #3394, .F. ) ;
#1107 = B_SPLINE_CURVE_WITH_KNOTS ( 'NONE', 3,
 ( #2352, #550, #132, #1925 ),
 .UNSPECIFIED., .F., .F.,
 ( 4, 4 ),
 ( 0.000000000000000000, 1.000000000000000000 ),
 .UNSPECIFIED. ) ;
#1108 = CARTESIAN_POINT ( 'NONE',  ( -0.9527233231640309663, 3.923639721076771725, -0.3500000000000000333 ) ) ;
#1109 = LINE ( 'NONE', #1975, #4541 ) ;
#1110 = CARTESIAN_POINT ( 'NONE',  ( 4.165291895435263569, 4.597665842577887574, -0.3499999999999999778 ) ) ;
#1111 = SURFACE_SIDE_STYLE ('',( #4334 ) ) ;
#1112 = CARTESIAN_POINT ( 'NONE',  ( 5.680000000000000604, 6.299999999999999822, 0.3849999999999998979 ) ) ;
#1113 = ADVANCED_FACE ( 'NONE', ( #4773 ), #1501, .F. ) ;
#1114 = ADVANCED_FACE ( 'NONE', ( #2498 ), #3491, .T. ) ;
#1115 = CARTESIAN_POINT ( 'NONE',  ( 3.327536108384564706, 5.774771377977483411, 0.3500000000000000333 ) ) ;
#1116 = ORIENTED_EDGE ( 'NONE', *, *, #5853, .T. ) ;
#1117 = ORIENTED_EDGE ( 'NONE', *, *, #3030, .T. ) ;
#1118 = PLANE ( 'NONE',  #4688 ) ;
#1119 = FACE_OUTER_BOUND ( 'NONE', #5829, .T. ) ;
#1120 = AXIS2_PLACEMENT_3D ( 'NONE', #946, #4142, #914 ) ;
#1121 =( NAMED_UNIT ( * ) SI_UNIT ( $, .STERADIAN. ) SOLID_ANGLE_UNIT ( ) );
#1122 = ORIENTED_EDGE ( 'NONE', *, *, #4285, .T. ) ;
#1123 = EDGE_CURVE ( 'NONE', #4206, #2790, #1167, .T. ) ;
#1124 =( LENGTH_UNIT ( ) NAMED_UNIT ( * ) SI_UNIT ( .MILLI., .METRE. ) );
#1125 = DIRECTION ( 'NONE',  ( 0.000000000000000000, 0.000000000000000000, -1.000000000000000000 ) ) ;
#1126 = DIRECTION ( 'NONE',  ( 0.000000000000000000, -0.8660254037844380415, 0.5000000000000009992 ) ) ;
#1127 = CARTESIAN_POINT ( 'NONE',  ( 0.8506397697902693400, 5.307482533055135399, -0.3499999999999999778 ) ) ;
#1128 = PLANE ( 'NONE',  #192 ) ;
#1129 = PRESENTATION_STYLE_ASSIGNMENT (( #3867 ) ) ;
#1130 = EDGE_CURVE ( 'NONE', #3117, #5442, #3936, .T. ) ;
#1131 = ORIENTED_EDGE ( 'NONE', *, *, #5403, .T. ) ;
#1132 = EDGE_CURVE ( 'NONE', #3476, #1478, #1222, .T. ) ;
#1133 = CIRCLE ( 'NONE', #2080, 0.1999999999999999833 ) ;
#1134 = PLANE ( 'NONE',  #3493 ) ;
#1135 = PRESENTATION_STYLE_ASSIGNMENT (( #3872 ) ) ;
#1136 = SURFACE_STYLE_USAGE ( .BOTH. , #2173 ) ;
#1137 = VERTEX_POINT ( 'NONE', #798 ) ;
#1138 = UNCERTAINTY_MEASURE_WITH_UNIT (LENGTH_MEASURE( 1.000000000000000082E-05 ), #1725, 'distance_accuracy_value', 'NONE');
#1139 = CARTESIAN_POINT ( 'NONE',  ( 6.028897102351114867, 4.001162287970013054, 0.3500000000000000333 ) ) ;
#1140 = CARTESIAN_POINT ( 'NONE',  ( 4.134703062804453211, 4.071564961060444077, -0.3499999999999999778 ) ) ;
#1141 = DIRECTION ( 'NONE',  ( 1.000000000000000000, 1.121588454295349780E-16, -0.000000000000000000 ) ) ;
#1142 = VECTOR ( 'NONE', #625, 1000.000000000000000 ) ;
#1143 = SURFACE_STYLE_USAGE ( .BOTH. , #3465 ) ;
#1144 = VECTOR ( 'NONE', #160, 1000.000000000000000 ) ;
#1145 = VERTEX_POINT ( 'NONE', #2066 ) ;
#1146 = LINE ( 'NONE', #5730, #704 ) ;
#1147 = CARTESIAN_POINT ( 'NONE',  ( 2.890000000000001013, -2.800000000000001155, 0.3499999999999999778 ) ) ;
#1148 = CARTESIAN_POINT ( 'NONE',  ( 1.000000000000000000, 0.5000000000000000000, -0.3500000000000000888 ) ) ;
#1149 = CARTESIAN_POINT ( 'NONE',  ( 1.594703062804454285, 4.071564961060444077, -0.3499999999999999778 ) ) ;
#1150 = EDGE_CURVE ( 'NONE', #702, #4983, #5725, .T. ) ;
#1151 = CIRCLE ( 'NONE', #5465, 0.1999999999999999833 ) ;
#1152 = VERTEX_POINT ( 'NONE', #3906 ) ;
#1153 = SURFACE_SIDE_STYLE ('',( #4780 ) ) ;
#1154 = CARTESIAN_POINT ( 'NONE',  ( 5.080000000000000071, -3.000000000000000000, 0.3499999999999999778 ) ) ;
#1155 = CIRCLE ( 'NONE', #5850, 0.2999999999999999889 ) ;
#1156 = CARTESIAN_POINT ( 'NONE',  ( 1.540000000000000036, 0.5000000000000000000, -0.3500000000000000888 ) ) ;
#1157 = LINE ( 'NONE', #1181, #3089 ) ;
#1158 = CARTESIAN_POINT ( 'NONE',  ( 2.892524015545778759, 5.732672356334978403, 0.3499999999999999778 ) ) ;
#1159 = EDGE_CURVE ( 'NONE', #2757, #2902, #3548, .T. ) ;
#1160 = ORIENTED_EDGE ( 'NONE', *, *, #127, .F. ) ;
#1161 = CARTESIAN_POINT ( 'NONE',  ( 5.935690189165915065, 5.260692584315792786, -0.3499999999999999223 ) ) ;
#1162 = ADVANCED_FACE ( 'NONE', ( #3958 ), #5307, .T. ) ;
#1163 = EDGE_LOOP ( 'NONE', ( #5246, #5265, #763, #810 ) ) ;
#1164 = CARTESIAN_POINT ( 'NONE',  ( -0.5999999999999996447, 6.299999999999999822, -0.3499999999999999778 ) ) ;
#1165 = CARTESIAN_POINT ( 'NONE',  ( 5.868156929004344491, 5.771059683742180368, 0.3499999999999999778 ) ) ;
#1166 = STYLED_ITEM ( 'NONE', ( #5110 ), #5160 ) ;
#1167 = LINE ( 'NONE', #265, #1511 ) ;
#1168 = CARTESIAN_POINT ( 'NONE',  ( 6.080000000000000071, 1.800000000000000488, -0.1283333333333334936 ) ) ;
#1169 = VECTOR ( 'NONE', #5448, 1000.000000000000000 ) ;
#1170 = ORIENTED_EDGE ( 'NONE', *, *, #2925, .F. ) ;
#1171 = CARTESIAN_POINT ( 'NONE',  ( 0.7871622536570932471, 5.777005459572332136, 0.3499999999999999778 ) ) ;
#1172 =( NAMED_UNIT ( * ) PLANE_ANGLE_UNIT ( ) SI_UNIT ( $, .RADIAN. ) );
#1173 = CARTESIAN_POINT ( 'NONE',  ( 4.754744180118195551, 5.589454083063166046, 0.3499999999999999778 ) ) ;
#1174 =( GEOMETRIC_REPRESENTATION_CONTEXT ( 3 ) GLOBAL_UNCERTAINTY_ASSIGNED_CONTEXT ( ( #2946 ) ) GLOBAL_UNIT_ASSIGNED_CONTEXT ( ( #1411, #2221, #4533 ) ) REPRESENTATION_CONTEXT ( 'NONE', 'WORKASPACE' ) );
#1175 = CARTESIAN_POINT ( 'NONE',  ( 1.690816522019154000, 5.324198710740764895, -0.3500000000000000333 ) ) ;
#1176 = ORIENTED_EDGE ( 'NONE', *, *, #3622, .F. ) ;
#1177 = FILL_AREA_STYLE ('',( #335 ) ) ;
#1178 = EDGE_CURVE ( 'NONE', #5717, #5848, #1076, .T. ) ;
#1179 = CARTESIAN_POINT ( 'NONE',  ( -0.3499999999999990896, -2.800000000000001155, 0.3499999999999999778 ) ) ;
#1180 = ORIENTED_EDGE ( 'NONE', *, *, #2452, .F. ) ;
#1181 = CARTESIAN_POINT ( 'NONE',  ( 4.754744180118195551, 5.589454083063166046, -0.3499999999999999778 ) ) ;
#1182 =( LENGTH_UNIT ( ) NAMED_UNIT ( * ) SI_UNIT ( .MILLI., .METRE. ) );
#1183 = CARTESIAN_POINT ( 'NONE',  ( 2.040000000000001812, 6.299999999999999822, -0.3499999999999999778 ) ) ;
#1184 = ORIENTED_EDGE ( 'NONE', *, *, #2771, .F. ) ;
#1185 = EDGE_CURVE ( 'NONE', #2314, #1298, #4309, .T. ) ;
#1186 = CARTESIAN_POINT ( 'NONE',  ( -1.469999999999999973, 0.5000000000000000000, -0.6499999999999989120 ) ) ;
#1187 = AXIS2_PLACEMENT_3D ( 'NONE', #5752, #1702, #1646 ) ;
#1188 = CARTESIAN_POINT ( 'NONE',  ( 4.729999999999999538, 8.199999999999999289, 0.3499999999999999778 ) ) ;
#1189 = FACE_OUTER_BOUND ( 'NONE', #2698, .T. ) ;
#1190 = ORIENTED_EDGE ( 'NONE', *, *, #3478, .F. ) ;
#1191 = ADVANCED_FACE ( 'NONE', ( #4139 ), #1053, .T. ) ;
#1192 = CARTESIAN_POINT ( 'NONE',  ( 3.540000000000000480, 0.8000000000000007105, 0.3499999999999999778 ) ) ;
#1193 = CARTESIAN_POINT ( 'NONE',  ( 5.941229900893848281, 5.207834124282262778, 0.3500000000000000333 ) ) ;
#1194 =( NAMED_UNIT ( * ) PLANE_ANGLE_UNIT ( ) SI_UNIT ( $, .RADIAN. ) );
#1195 =( NAMED_UNIT ( * ) SI_UNIT ( $, .STERADIAN. ) SOLID_ANGLE_UNIT ( ) );
#1196 = ORIENTED_EDGE ( 'NONE', *, *, #1790, .F. ) ;
#1197 = DIRECTION ( 'NONE',  ( -0.000000000000000000, -0.000000000000000000, 1.000000000000000000 ) ) ;
#1198 = DIRECTION ( 'NONE',  ( -1.000000000000000000, -1.084202172485504434E-16, 0.000000000000000000 ) ) ;
#1199 = CARTESIAN_POINT ( 'NONE',  ( -0.3525240155457798341, 5.732672356334980179, -0.3499999999999999778 ) ) ;
#1200 = CARTESIAN_POINT ( 'NONE',  ( 1.747514633686702901, 5.744802409713122060, -0.3499999999999999223 ) ) ;
#1201 =( NAMED_UNIT ( * ) PLANE_ANGLE_UNIT ( ) SI_UNIT ( $, .RADIAN. ) );
#1202 = EDGE_LOOP ( 'NONE', ( #838, #1542, #3536, #5411 ) ) ;
#1203 = SURFACE_SIDE_STYLE ('',( #4387 ) ) ;
#1204 = DIRECTION ( 'NONE',  ( 0.000000000000000000, -0.000000000000000000, -1.000000000000000000 ) ) ;
#1205 = ORIENTED_EDGE ( 'NONE', *, *, #3579, .F. ) ;
#1206 = DIRECTION ( 'NONE',  ( -0.6546536707079769757, -0.3779644730092281413, -0.6546536707079769757 ) ) ;
#1207 = CARTESIAN_POINT ( 'NONE',  ( -0.9999999999999995559, 1.800000000000000488, 0.3849999999999999534 ) ) ;
#1208 = CARTESIAN_POINT ( 'NONE',  ( 0.3500000000000008105, 0.5000000000000005551, -0.3499999999999999778 ) ) ;
#1209 = VERTEX_POINT ( 'NONE', #1013 ) ;
#1210 = CARTESIAN_POINT ( 'NONE',  ( 6.549999999999999822, 0.000000000000000000, -0.6499999999999991340 ) ) ;
#1211 = UNCERTAINTY_MEASURE_WITH_UNIT (LENGTH_MEASURE( 1.000000000000000082E-05 ), #1388, 'distance_accuracy_value', 'NONE');
#1212 = LINE ( 'NONE', #2060, #2674 ) ;
#1213 = CARTESIAN_POINT ( 'NONE',  ( 5.880167876875766808, 5.699693040755678730, -0.3500000000000000333 ) ) ;
#1214 =( GEOMETRIC_REPRESENTATION_CONTEXT ( 3 ) GLOBAL_UNCERTAINTY_ASSIGNED_CONTEXT ( ( #1591 ) ) GLOBAL_UNIT_ASSIGNED_CONTEXT ( ( #3456, #4874, #2549 ) ) REPRESENTATION_CONTEXT ( 'NONE', 'WORKASPACE' ) );
#1215 = LINE ( 'NONE', #3053, #4298 ) ;
#1216 = EDGE_CURVE ( 'NONE', #2924, #762, #2402, .T. ) ;
#1217 = ORIENTED_EDGE ( 'NONE', *, *, #5493, .T. ) ;
#1218 = ORIENTED_EDGE ( 'NONE', *, *, #4517, .T. ) ;
#1219 = VECTOR ( 'NONE', #2462, 1000.000000000000000 ) ;
#1220 = CARTESIAN_POINT ( 'NONE',  ( -0.7875361083845766608, 5.774771377977408804, -0.3500000000000000888 ) ) ;
#1221 = CARTESIAN_POINT ( 'NONE',  ( 5.954994129385573487, 5.069026963384447804, 0.3499999999999999778 ) ) ;
#1222 = LINE ( 'NONE', #3464, #5722 ) ;
#1223 = EDGE_CURVE ( 'NONE', #2064, #1035, #1465, .T. ) ;
#1224 = AXIS2_PLACEMENT_3D ( 'NONE', #612, #4250, #3229 ) ;
#1225 = ORIENTED_EDGE ( 'NONE', *, *, #8, .T. ) ;
#1226 = COLOUR_RGB ( '',0.8313725490196077761, 0.6705882352941175961, 0.1294117647058823373 ) ;
#1227 = LINE ( 'NONE', #5819, #990 ) ;
#1228 = CARTESIAN_POINT ( 'NONE',  ( 1.540000000000000480, 1.800000000000000488, 0.3499999999999999778 ) ) ;
#1229 = CARTESIAN_POINT ( 'NONE',  ( 5.430000000000000604, 0.000000000000000000, 0.3499999999999999778 ) ) ;
#1230 =( LENGTH_UNIT ( ) NAMED_UNIT ( * ) SI_UNIT ( .MILLI., .METRE. ) );
#1231 = EDGE_CURVE ( 'NONE', #3605, #762, #3369, .T. ) ;
#1232 = ORIENTED_EDGE ( 'NONE', *, *, #3544, .T. ) ;
#1233 = VERTEX_POINT ( 'NONE', #4670 ) ;
#1234 = SURFACE_SIDE_STYLE ('',( #4925 ) ) ;
#1235 = ORIENTED_EDGE ( 'NONE', *, *, #1602, .T. ) ;
#1236 = SURFACE_SIDE_STYLE ('',( #5800 ) ) ;
#1237 = VECTOR ( 'NONE', #1423, 1000.000000000000000 ) ;
#1238 = SURFACE_SIDE_STYLE ('',( #3534 ) ) ;
#1239 = SURFACE_STYLE_FILL_AREA ( #5716 ) ;
#1240 = ORIENTED_EDGE ( 'NONE', *, *, #4611, .F. ) ;
#1241 = MECHANICAL_DESIGN_GEOMETRIC_PRESENTATION_REPRESENTATION (  '', ( #948 ), #197 ) ;
#1242 = CARTESIAN_POINT ( 'NONE',  ( -0.8592672355229022951, 5.226749775238759277, 0.3499999999999999778 ) ) ;
#1243 = CARTESIAN_POINT ( 'NONE',  ( 4.580000000000001847, 6.299999999999999822, 0.3499999999999999778 ) ) ;
#1244 = CARTESIAN_POINT ( 'NONE',  ( 0.3500000000000009215, -2.800000000000001155, 0.3499999999999999778 ) ) ;
#1245 = SURFACE_STYLE_USAGE ( .BOTH. , #4514 ) ;
#1246 = CARTESIAN_POINT ( 'NONE',  ( 1.894533521472694604, 3.877691542223591359, -0.3500000000000000333 ) ) ;
#1247 = DIRECTION ( 'NONE',  ( 0.000000000000000000, 0.000000000000000000, -1.000000000000000000 ) ) ;
#1248 = ORIENTED_EDGE ( 'NONE', *, *, #1851, .T. ) ;
#1249 = VERTEX_POINT ( 'NONE', #4232 ) ;
#1250 = SURFACE_STYLE_FILL_AREA ( #5368 ) ;
#1251 = EDGE_CURVE ( 'NONE', #2781, #2848, #5608, .T. ) ;
#1252 = SURFACE_SIDE_STYLE ('',( #323 ) ) ;
#1253 =( NAMED_UNIT ( * ) PLANE_ANGLE_UNIT ( ) SI_UNIT ( $, .RADIAN. ) );
#1254 = COLOUR_RGB ( '',0.8313725490196077761, 0.6705882352941175961, 0.1294117647058823373 ) ;
#1255 = VERTEX_POINT ( 'NONE', #116 ) ;
#1256 = EDGE_CURVE ( 'NONE', #1444, #614, #595, .T. ) ;
#1257 = CARTESIAN_POINT ( 'NONE',  ( 0.9452969371955494138, 4.071564961060394339, 0.3500000000000000333 ) ) ;
#1258 = CARTESIAN_POINT ( 'NONE',  ( 4.729999999999999538, 8.199999999999999289, 0.3499999999999999778 ) ) ;
#1259 = LINE ( 'NONE', #717, #2399 ) ;
#1260 = PRESENTATION_STYLE_ASSIGNMENT (( #1319 ) ) ;
#1261 = DIRECTION ( 'NONE',  ( 0.000000000000000000, 0.000000000000000000, -1.000000000000000000 ) ) ;
#1262 = ORIENTED_EDGE ( 'NONE', *, *, #383, .F. ) ;
#1263 = LINE ( 'NONE', #250, #4253 ) ;
#1264 = ORIENTED_EDGE ( 'NONE', *, *, #3512, .F. ) ;
#1265 = EDGE_CURVE ( 'NONE', #3705, #2557, #4327, .T. ) ;
#1266 = LINE ( 'NONE', #4062, #4931 ) ;
#1267 = VECTOR ( 'NONE', #4413, 1000.000000000000000 ) ;
#1268 = VERTEX_POINT ( 'NONE', #2030 ) ;
#1269 = CARTESIAN_POINT ( 'NONE',  ( 5.130000000000000782, 8.026794919243110726, 0.04999999999999985706 ) ) ;
#1270 = CARTESIAN_POINT ( 'NONE',  ( 1.753241503964612091, 5.779404586027639290, 0.3500000000000000888 ) ) ;
#1271 = ORIENTED_EDGE ( 'NONE', *, *, #4498, .F. ) ;
#1272 =( NAMED_UNIT ( * ) SI_UNIT ( $, .STERADIAN. ) SOLID_ANGLE_UNIT ( ) );
#1273 = CARTESIAN_POINT ( 'NONE',  ( 6.550000000000000711, 0.000000000000000000, 0.6500000000000012434 ) ) ;
#1274 = CARTESIAN_POINT ( 'NONE',  ( 5.432524015545779683, 5.732672356334978403, 0.3499999999999999778 ) ) ;
#1275 = CARTESIAN_POINT ( 'NONE',  ( 3.540000000000000480, 1.800000000000000488, -0.3849999999999999534 ) ) ;
#1276 = DIRECTION ( 'NONE',  ( -1.000000000000000000, 0.000000000000000000, 0.000000000000000000 ) ) ;
#1277 = DIRECTION ( 'NONE',  ( -3.097720492815726426E-17, 1.000000000000000000, 0.000000000000000000 ) ) ;
#1278 = VERTEX_POINT ( 'NONE', #1494 ) ;
#1279 = CLOSED_SHELL ( 'NONE', ( #2366, #3485, #2176, #1113, #1965, #5860, #4525, #3252, #1328, #5693, #1571, #425, #1522, #4317, #1051, #5844, #759, #5008, #703, #1081, #2588, #1887, #2627 ) ) ;
#1280 = ORIENTED_EDGE ( 'NONE', *, *, #1938, .T. ) ;
#1281 =( NAMED_UNIT ( * ) SI_UNIT ( $, .STERADIAN. ) SOLID_ANGLE_UNIT ( ) );
#1282 = FILL_AREA_STYLE ('',( #5400 ) ) ;
#1283 = CARTESIAN_POINT ( 'NONE',  ( -0.6999999999999995115, 0.8000000000000004885, 0.3499999999999999778 ) ) ;
#1284 = ORIENTED_EDGE ( 'NONE', *, *, #3512, .T. ) ;
#1285 = CARTESIAN_POINT ( 'NONE',  ( 3.275042010446086671, 6.043840788194753344, -0.3500000000000000888 ) ) ;
#1286 = CARTESIAN_POINT ( 'NONE',  ( -0.5999999999999996447, 6.299999999999999822, -0.3499999999999999778 ) ) ;
#1287 = CARTESIAN_POINT ( 'NONE',  ( 2.040000000000001812, 6.299999999999999822, 0.3499999999999999778 ) ) ;
#1288 = CARTESIAN_POINT ( 'NONE',  ( 1.000000000000000000, 6.500000000000000888, -0.3500000000000010880 ) ) ;
#1289 = CARTESIAN_POINT ( 'NONE',  ( 2.865255819881805444, 5.589454083063163381, 0.3499999999999999778 ) ) ;
#1290 = VERTEX_POINT ( 'NONE', #1941 ) ;
#1291 = ORIENTED_EDGE ( 'NONE', *, *, #3443, .F. ) ;
#1292 = FACE_OUTER_BOUND ( 'NONE', #3380, .T. ) ;
#1293 = ORIENTED_EDGE ( 'NONE', *, *, #220, .T. ) ;
#1294 = DIRECTION ( 'NONE',  ( -1.000000000000000000, 0.000000000000000000, 0.000000000000000000 ) ) ;
#1295 = CARTESIAN_POINT ( 'NONE',  ( 2.189999999999999947, 8.000000000000000000, -0.3499999999999999778 ) ) ;
#1296 = CARTESIAN_POINT ( 'NONE',  ( 6.080000000000000071, 1.800000000000000488, -0.3499999999999999778 ) ) ;
#1297 = EDGE_CURVE ( 'NONE', #4445, #3986, #3733, .T. ) ;
#1298 = VERTEX_POINT ( 'NONE', #3339 ) ;
#1299 = DIRECTION ( 'NONE',  ( 0.000000000000000000, 3.097720492815727166E-16, 1.000000000000000000 ) ) ;
#1300 = DIRECTION ( 'NONE',  ( -0.000000000000000000, -0.000000000000000000, -1.000000000000000000 ) ) ;
#1301 = CARTESIAN_POINT ( 'NONE',  ( 1.840000000000000524, 0.8000000000000004885, -0.3499999999999999778 ) ) ;
#1302 = CARTESIAN_POINT ( 'NONE',  ( -0.1499999999999994393, -3.000000000000000000, 0.3499999999999999778 ) ) ;
#1303 = FILL_AREA_STYLE ('',( #2235 ) ) ;
#1304 = AXIS2_PLACEMENT_3D ( 'NONE', #216, #3907, #3856 ) ;
#1305 = ADVANCED_FACE ( 'NONE', ( #5150 ), #5086, .F. ) ;
#1306 = EDGE_LOOP ( 'NONE', ( #4297, #720, #1117, #3886 ) ) ;
#1307 = ORIENTED_EDGE ( 'NONE', *, *, #4667, .F. ) ;
#1308 = CIRCLE ( 'NONE', #4379, 0.2000000000000000944 ) ;
#1309 =( LENGTH_UNIT ( ) NAMED_UNIT ( * ) SI_UNIT ( .MILLI., .METRE. ) );
#1310 = DIRECTION ( 'NONE',  ( 0.000000000000000000, 1.668003342285388099E-16, 1.000000000000000000 ) ) ;
#1311 = CARTESIAN_POINT ( 'NONE',  ( 4.135304513043836394, 4.083092593512598789, 0.3500000000000000333 ) ) ;
#1312 = PLANE ( 'NONE',  #2466 ) ;
#1313 = MECHANICAL_DESIGN_GEOMETRIC_PRESENTATION_REPRESENTATION (  '', ( #4198 ), #4769 ) ;
#1314 = ORIENTED_EDGE ( 'NONE', *, *, #806, .F. ) ;
#1315 =( GEOMETRIC_REPRESENTATION_CONTEXT ( 3 ) GLOBAL_UNCERTAINTY_ASSIGNED_CONTEXT ( ( #5357 ) ) GLOBAL_UNIT_ASSIGNED_CONTEXT ( ( #1783, #877, #5481 ) ) REPRESENTATION_CONTEXT ( 'NONE', 'WORKASPACE' ) );
#1316 = CARTESIAN_POINT ( 'NONE',  ( 3.320569551971561673, 5.815522798723455900, -0.3499999999999999778 ) ) ;
#1317 = CARTESIAN_POINT ( 'NONE',  ( 0.000000000000000000, -3.000000000000000000, -0.3499999999999999778 ) ) ;
#1318 = DIRECTION ( 'NONE',  ( 1.000000000000000000, 0.000000000000000000, 0.000000000000000000 ) ) ;
#1319 = SURFACE_STYLE_USAGE ( .BOTH. , #4530 ) ;
#1320 = SURFACE_STYLE_FILL_AREA ( #2796 ) ;
#1321 = ORIENTED_EDGE ( 'NONE', *, *, #3774, .F. ) ;
#1322 = VECTOR ( 'NONE', #5858, 1000.000000000000000 ) ;
#1323 = CARTESIAN_POINT ( 'NONE',  ( 3.428849546050877439, 4.917640708297875030, 0.3500000000000000333 ) ) ;
#1324 = VERTEX_POINT ( 'NONE', #4703 ) ;
#1325 = PLANE ( 'NONE',  #1049 ) ;
#1326 = VERTEX_POINT ( 'NONE', #2000 ) ;
#1327 =( NAMED_UNIT ( * ) SI_UNIT ( $, .STERADIAN. ) SOLID_ANGLE_UNIT ( ) );
#1328 = ADVANCED_FACE ( 'NONE', ( #4267 ), #2943, .T. ) ;
#1329 = CARTESIAN_POINT ( 'NONE',  ( -1.469999999999999973, 0.000000000000000000, 1.199999999999999956 ) ) ;
#1330 = PLANE ( 'NONE',  #3694 ) ;
#1331 = AXIS2_PLACEMENT_3D ( 'NONE', #4728, #2021, #1930 ) ;
#1332 = ORIENTED_EDGE ( 'NONE', *, *, #3560, .T. ) ;
#1333 = CARTESIAN_POINT ( 'NONE',  ( 3.039999999999998259, 6.084152315493285279, 0.3499999999999999778 ) ) ;
#1334 = DIRECTION ( 'NONE',  ( 1.000000000000000000, 1.301042606982605479E-14, 0.000000000000000000 ) ) ;
#1335 = CARTESIAN_POINT ( 'NONE',  ( 3.061845733883979737, 5.626229152235330488, 0.000000000000000000 ) ) ;
#1336 =( NAMED_UNIT ( * ) PLANE_ANGLE_UNIT ( ) SI_UNIT ( $, .RADIAN. ) );
#1337 = COLOUR_RGB ( '',0.8313725490196077761, 0.6705882352941175961, 0.1294117647058823373 ) ;
#1338 = EDGE_CURVE ( 'NONE', #2571, #2406, #1308, .T. ) ;
#1339 = PRESENTATION_LAYER_ASSIGNMENT (  '', '', ( #3167 ) ) ;
#1340 =( LENGTH_UNIT ( ) NAMED_UNIT ( * ) SI_UNIT ( .MILLI., .METRE. ) );
#1341 = DIRECTION ( 'NONE',  ( -0.000000000000000000, -1.000000000000000000, 1.668003342285391551E-16 ) ) ;
#1342 = CARTESIAN_POINT ( 'NONE',  ( 4.080000000000000071, 1.800000000000000488, 0.3499999999999999778 ) ) ;
#1343 = ORIENTED_EDGE ( 'NONE', *, *, #5927, .F. ) ;
#1344 = VECTOR ( 'NONE', #379, 1000.000000000000000 ) ;
#1345 = ORIENTED_EDGE ( 'NONE', *, *, #1742, .T. ) ;
#1346 = EDGE_CURVE ( 'NONE', #526, #702, #5329, .T. ) ;
#1347 = FACE_OUTER_BOUND ( 'NONE', #2486, .T. ) ;
#1348 = CARTESIAN_POINT ( 'NONE',  ( 4.080000000000000071, 1.800000000000000488, 0.3499999999999999778 ) ) ;
#1349 = ORIENTED_EDGE ( 'NONE', *, *, #1989, .T. ) ;
#1350 = EDGE_CURVE ( 'NONE', #2630, #2820, #5270, .T. ) ;
#1351 = LINE ( 'NONE', #3159, #4629 ) ;
#1352 = LINE ( 'NONE', #3701, #3257 ) ;
#1353 = SURFACE_STYLE_FILL_AREA ( #5498 ) ;
#1354 = CARTESIAN_POINT ( 'NONE',  ( 3.540000000000000036, 6.500000000000000888, 0.3499999999999989231 ) ) ;
#1355 = COLOUR_RGB ( '',0.8313725490196077761, 0.6705882352941175961, 0.1294117647058823373 ) ;
#1356 = CARTESIAN_POINT ( 'NONE',  ( 3.414994129385570343, 5.069026963384445139, 0.3499999999999998113 ) ) ;
#1357 = ORIENTED_EDGE ( 'NONE', *, *, #2818, .T. ) ;
#1358 = ORIENTED_EDGE ( 'NONE', *, *, #3598, .T. ) ;
#1359 = VECTOR ( 'NONE', #4394, 1000.000000000000000 ) ;
#1360 = DIRECTION ( 'NONE',  ( 1.121588454295349533E-16, -1.000000000000000000, 0.000000000000000000 ) ) ;
#1361 = CARTESIAN_POINT ( 'NONE',  ( 1.756229430279611314, 5.796998266909028530, 0.3499999999999999223 ) ) ;
#1362 = ORIENTED_EDGE ( 'NONE', *, *, #5624, .F. ) ;
#1363 = AXIS2_PLACEMENT_3D ( 'NONE', #3072, #2629, #5320 ) ;
#1364 = CARTESIAN_POINT ( 'NONE',  ( -0.6867549326077613259, 8.000000000000000000, -0.6500000000000030198 ) ) ;
#1365 = DIRECTION ( 'NONE',  ( 0.7071067811865489050, -0.7071067811865460184, 0.000000000000000000 ) ) ;
#1366 = LINE ( 'NONE', #966, #4489 ) ;
#1367 = AXIS2_PLACEMENT_3D ( 'NONE', #3777, #582, #1959 ) ;
#1368 = CYLINDRICAL_SURFACE ( 'NONE', #1705, 0.1999999999999996503 ) ;
#1369 = SURFACE_STYLE_USAGE ( .BOTH. , #1758 ) ;
#1370 = VECTOR ( 'NONE', #5287, 1000.000000000000000 ) ;
#1371 = VECTOR ( 'NONE', #3667, 999.9999999999998863 ) ;
#1372 = VERTEX_POINT ( 'NONE', #2974 ) ;
#1373 = ORIENTED_EDGE ( 'NONE', *, *, #1553, .F. ) ;
#1374 = EDGE_CURVE ( 'NONE', #2756, #2430, #792, .T. ) ;
#1375 = CARTESIAN_POINT ( 'NONE',  ( 4.155941859282680895, 4.443591676418676251, 0.3499999999999999778 ) ) ;
#1376 = CARTESIAN_POINT ( 'NONE',  ( 2.540000000000000036, -3.000000000000000000, 0.3499999999999999778 ) ) ;
#1377 = EDGE_CURVE ( 'NONE', #101, #2775, #2642, .T. ) ;
#1378 = ORIENTED_EDGE ( 'NONE', *, *, #2808, .T. ) ;
#1379 =( NAMED_UNIT ( * ) PLANE_ANGLE_UNIT ( ) SI_UNIT ( $, .RADIAN. ) );
#1380 = CARTESIAN_POINT ( 'NONE',  ( 2.540000000000000036, 0.000000000000000000, -0.3499999999999999778 ) ) ;
#1381 = PRESENTATION_LAYER_ASSIGNMENT (  '', '', ( #3215 ) ) ;
#1382 = ADVANCED_FACE ( 'NONE', ( #290 ), #2063, .F. ) ;
#1383 = VERTEX_POINT ( 'NONE', #2082 ) ;
#1384 = PRESENTATION_LAYER_ASSIGNMENT (  '', '', ( #2930 ) ) ;
#1385 = ORIENTED_EDGE ( 'NONE', *, *, #1251, .F. ) ;
#1386 = LINE ( 'NONE', #3799, #4422 ) ;
#1387 = VECTOR ( 'NONE', #2476, 1000.000000000000000 ) ;
#1388 =( LENGTH_UNIT ( ) NAMED_UNIT ( * ) SI_UNIT ( .MILLI., .METRE. ) );
#1389 = CARTESIAN_POINT ( 'NONE',  ( -1.000000000000000000, 0.5000000000000000000, -0.3500000000000000888 ) ) ;
#1390 = VERTEX_POINT ( 'NONE', #4905 ) ;
#1391 = FACE_OUTER_BOUND ( 'NONE', #3319, .T. ) ;
#1392 = DIRECTION ( 'NONE',  ( 1.000000000000000000, 1.121588454295349780E-16, -0.000000000000000000 ) ) ;
#1393 = FILL_AREA_STYLE_COLOUR ( '', #1226 ) ;
#1394 = CARTESIAN_POINT ( 'NONE',  ( 1.000000000000000666, 1.121588454295350273E-16, -0.3499999999999999778 ) ) ;
#1395 = DIRECTION ( 'NONE',  ( 1.000000000000000000, 0.000000000000000000, 0.000000000000000000 ) ) ;
#1396 = CARTESIAN_POINT ( 'NONE',  ( -1.469999999999999973, 8.500000000000000000, -1.199999999999999956 ) ) ;
#1397 = VERTEX_POINT ( 'NONE', #3484 ) ;
#1398 = EDGE_LOOP ( 'NONE', ( #868, #5444, #750, #3035 ) ) ;
#1399 = PRESENTATION_STYLE_ASSIGNMENT (( #5880 ) ) ;
#1400 = CARTESIAN_POINT ( 'NONE',  ( 2.988193045422142369, 5.884855341312110966, 0.3500000000000000333 ) ) ;
#1401 = VECTOR ( 'NONE', #483, 1000.000000000000000 ) ;
#1402 = CARTESIAN_POINT ( 'NONE',  ( 4.296229430279611350, 5.796998266909029418, 0.3500000000000000333 ) ) ;
#1403 = ADVANCED_FACE ( 'NONE', ( #4351 ), #5302, .F. ) ;
#1404 = CARTESIAN_POINT ( 'NONE',  ( 0.4999999999999985012, 6.299999999999999822, -0.3499999999999999778 ) ) ;
#1405 = ORIENTED_EDGE ( 'NONE', *, *, #3759, .F. ) ;
#1406 = FILL_AREA_STYLE_COLOUR ( '', #5404 ) ;
#1407 =( NAMED_UNIT ( * ) SI_UNIT ( $, .STERADIAN. ) SOLID_ANGLE_UNIT ( ) );
#1408 = DIRECTION ( 'NONE',  ( 1.000000000000000000, 0.000000000000000000, -7.744301232039316681E-17 ) ) ;
#1409 = ADVANCED_FACE ( 'NONE', ( #1189, #237 ), #3087, .T. ) ;
#1410 = VECTOR ( 'NONE', #3050, 1000.000000000000000 ) ;
#1411 =( LENGTH_UNIT ( ) NAMED_UNIT ( * ) SI_UNIT ( .MILLI., .METRE. ) );
#1412 = ORIENTED_EDGE ( 'NONE', *, *, #352, .F. ) ;
#1413 = ORIENTED_EDGE ( 'NONE', *, *, #4531, .T. ) ;
#1414 = FILL_AREA_STYLE ('',( #579 ) ) ;
#1415 = MANIFOLD_SOLID_BREP ( 'LPattern18[2]', #4356 ) ;
#1416 = EDGE_CURVE ( 'NONE', #2673, #2630, #4373, .T. ) ;
#1417 = CARTESIAN_POINT ( 'NONE',  ( 4.480000000000000426, 6.299999999999999822, 0.3499999999999999778 ) ) ;
#1418 = ORIENTED_EDGE ( 'NONE', *, *, #896, .F. ) ;
#1419 = FACE_OUTER_BOUND ( 'NONE', #3992, .T. ) ;
#1420 = DIRECTION ( 'NONE',  ( 1.000000000000000000, 0.000000000000000000, 0.000000000000000000 ) ) ;
#1421 = VECTOR ( 'NONE', #2435, 1000.000000000000000 ) ;
#1422 = CARTESIAN_POINT ( 'NONE',  ( -0.3525240155457798341, 5.732672356334980179, -0.3499999999999999778 ) ) ;
#1423 = DIRECTION ( 'NONE',  ( 0.000000000000000000, 0.000000000000000000, 1.000000000000000000 ) ) ;
#1424 =( LENGTH_UNIT ( ) NAMED_UNIT ( * ) SI_UNIT ( .MILLI., .METRE. ) );
#1425 = ORIENTED_EDGE ( 'NONE', *, *, #60, .T. ) ;
#1426 = STYLED_ITEM ( 'NONE', ( #952 ), #2857 ) ;
#1427 = PRESENTATION_LAYER_ASSIGNMENT (  '', '', ( #4016 ) ) ;
#1428 =( NAMED_UNIT ( * ) PLANE_ANGLE_UNIT ( ) SI_UNIT ( $, .RADIAN. ) );
#1429 = CARTESIAN_POINT ( 'NONE',  ( 2.189999999999999947, 8.000000000000000000, 0.3499999999999999778 ) ) ;
#1430 = DIRECTION ( 'NONE',  ( 0.000000000000000000, -3.097720492815727166E-16, -1.000000000000000000 ) ) ;
#1431 = FACE_BOUND ( 'NONE', #3150, .T. ) ;
#1432 = VERTEX_POINT ( 'NONE', #3516 ) ;
#1433 = VECTOR ( 'NONE', #3800, 999.9999999999998863 ) ;
#1434 =( BOUNDED_CURVE ( )  B_SPLINE_CURVE ( 3, ( #3320, #1893, #5071, #2867 ),
 .UNSPECIFIED., .F., .F. ) 
 B_SPLINE_CURVE_WITH_KNOTS ( ( 4, 4 ),
 ( 3.924083526751090290, 4.712388980384689674 ),
 .UNSPECIFIED. ) 
 CURVE ( )  GEOMETRIC_REPRESENTATION_ITEM ( )  RATIONAL_B_SPLINE_CURVE ( ( 1.000000000000000000, 0.9488815137910380226, 0.9488815137910380226, 1.000000000000000000 ) ) 
 REPRESENTATION_ITEM ( '' )  );
#1435 = VERTEX_POINT ( 'NONE', #349 ) ;
#1436 = FACE_OUTER_BOUND ( 'NONE', #278, .T. ) ;
#1437 = CARTESIAN_POINT ( 'NONE',  ( 3.521660679612406586, 3.374693912578978772, -0.3499999999999999223 ) ) ;
#1438 = DIRECTION ( 'NONE',  ( 1.000000000000000000, 0.000000000000000000, 0.000000000000000000 ) ) ;
#1439 = PLANE ( 'NONE',  #96 ) ;
#1440 = DIRECTION ( 'NONE',  ( -1.000000000000000000, 0.000000000000000000, 0.000000000000000000 ) ) ;
#1441 = EDGE_CURVE ( 'NONE', #4177, #5817, #1215, .T. ) ;
#1442 = EDGE_CURVE ( 'NONE', #5603, #3664, #1697, .T. ) ;
#1443 = SHAPE_DEFINITION_REPRESENTATION ( #5704, #3596 ) ;
#1444 = VERTEX_POINT ( 'NONE', #318 ) ;
#1445 = ORIENTED_EDGE ( 'NONE', *, *, #2379, .T. ) ;
#1446 = SURFACE_SIDE_STYLE ('',( #4594 ) ) ;
#1447 = DIRECTION ( 'NONE',  ( 0.000000000000000000, 1.668003342285391797E-16, 1.000000000000000000 ) ) ;
#1448 = EDGE_LOOP ( 'NONE', ( #3055, #3950, #1023, #3719 ) ) ;
#1449 = EDGE_CURVE ( 'NONE', #1298, #2436, #3343, .T. ) ;
#1450 = CARTESIAN_POINT ( 'NONE',  ( 2.892524015545778759, 5.732672356334978403, 0.3499999999999999778 ) ) ;
#1451 = CARTESIAN_POINT ( 'NONE',  ( -0.3525240155457798341, 5.732672356334980179, 0.3499999999999999778 ) ) ;
#1452 = MECHANICAL_DESIGN_GEOMETRIC_PRESENTATION_REPRESENTATION (  '', ( #1166 ), #1548 ) ;
#1453 = LINE ( 'NONE', #3297, #4973 ) ;
#1454 =( NAMED_UNIT ( * ) PLANE_ANGLE_UNIT ( ) SI_UNIT ( $, .RADIAN. ) );
#1455 = DIRECTION ( 'NONE',  ( -0.000000000000000000, -1.000000000000000000, -4.336808689942017736E-16 ) ) ;
#1456 = CARTESIAN_POINT ( 'NONE',  ( 2.189999999999999947, 8.199999999999999289, -0.3499999999999999778 ) ) ;
#1457 = UNCERTAINTY_MEASURE_WITH_UNIT (LENGTH_MEASURE( 1.000000000000000082E-05 ), #114, 'distance_accuracy_value', 'NONE');
#1458 = ORIENTED_EDGE ( 'NONE', *, *, #5886, .T. ) ;
#1459 = AXIS2_PLACEMENT_3D ( 'NONE', #4189, #74, #1897 ) ;
#1460 = VERTEX_POINT ( 'NONE', #3543 ) ;
#1461 = UNCERTAINTY_MEASURE_WITH_UNIT (LENGTH_MEASURE( 1.000000000000000082E-05 ), #1182, 'distance_accuracy_value', 'NONE');
#1462 = UNCERTAINTY_MEASURE_WITH_UNIT (LENGTH_MEASURE( 1.000000000000000082E-05 ), #5085, 'distance_accuracy_value', 'NONE');
#1463 = DIRECTION ( 'NONE',  ( -1.000000000000000000, 0.000000000000000000, 7.744301232039316681E-17 ) ) ;
#1464 = SURFACE_SIDE_STYLE ('',( #2852 ) ) ;
#1465 = LINE ( 'NONE', #564, #1219 ) ;
#1466 = STYLED_ITEM ( 'NONE', ( #5240 ), #425 ) ;
#1467 = CARTESIAN_POINT ( 'NONE',  ( 0.6867549326077613259, 6.500000000000000888, -0.3500000000000010880 ) ) ;
#1468 = CARTESIAN_POINT ( 'NONE',  ( 1.853245067392238710, 10.39117142264903570, -0.3500000000000017542 ) ) ;
#1469 = VERTEX_POINT ( 'NONE', #881 ) ;
#1470 = CARTESIAN_POINT ( 'NONE',  ( -0.3252558198818047974, 5.589454083063166046, -0.3499999999999999778 ) ) ;
#1471 = DIRECTION ( 'NONE',  ( 0.000000000000000000, 0.000000000000000000, -1.000000000000000000 ) ) ;
#1472 = CARTESIAN_POINT ( 'NONE',  ( 4.754744180118195551, 5.589454083063165157, -0.3499999999999999778 ) ) ;
#1473 = FILL_AREA_STYLE_COLOUR ( '', #3932 ) ;
#1474 = VECTOR ( 'NONE', #5808, 1000.000000000000000 ) ;
#1475 = VECTOR ( 'NONE', #3858, 1000.000000000000000 ) ;
#1476 = DIRECTION ( 'NONE',  ( -1.000000000000000000, -1.084202172485504434E-16, 0.000000000000000000 ) ) ;
#1477 = EDGE_LOOP ( 'NONE', ( #2491, #3967, #1803, #3149 ) ) ;
#1478 = VERTEX_POINT ( 'NONE', #3575 ) ;
#1479 = CARTESIAN_POINT ( 'NONE',  ( 6.549999999999999822, 0.000000000000000000, -0.6499999999999991340 ) ) ;
#1480 = LINE ( 'NONE', #3322, #652 ) ;
#1481 = FILL_AREA_STYLE ('',( #551 ) ) ;
#1482 = EDGE_CURVE ( 'NONE', #5774, #3705, #3638, .T. ) ;
#1483 = ORIENTED_EDGE ( 'NONE', *, *, #2316, .T. ) ;
#1484 = SURFACE_STYLE_USAGE ( .BOTH. , #1986 ) ;
#1485 = VECTOR ( 'NONE', #3973, 1000.000000000000000 ) ;
#1486 = CARTESIAN_POINT ( 'NONE',  ( 0.5218457338839795900, 5.626229152235330488, -0.3499999999999999778 ) ) ;
#1487 = PLANE ( 'NONE',  #3834 ) ;
#1488 = CARTESIAN_POINT ( 'NONE',  ( 0.3500000000000009215, -2.800000000000001155, 0.3499999999999999778 ) ) ;
#1489 = CARTESIAN_POINT ( 'NONE',  ( -0.4999999999999985012, 6.299999999999999822, -0.3499999999999999778 ) ) ;
#1490 = FACE_OUTER_BOUND ( 'NONE', #2347, .T. ) ;
#1491 = EDGE_CURVE ( 'NONE', #2804, #3546, #1786, .T. ) ;
#1492 = ORIENTED_EDGE ( 'NONE', *, *, #2925, .T. ) ;
#1493 = CARTESIAN_POINT ( 'NONE',  ( 5.405255819881805479, 5.589454083063163381, -0.3499999999999999778 ) ) ;
#1494 = CARTESIAN_POINT ( 'NONE',  ( 5.766754932607761397, 0.5000000000000002220, 0.3499999999999998668 ) ) ;
#1495 = EDGE_CURVE ( 'NONE', #5937, #4756, #4516, .T. ) ;
#1496 = LINE ( 'NONE', #1073, #1996 ) ;
#1497 = VERTEX_POINT ( 'NONE', #3147 ) ;
#1498 = CARTESIAN_POINT ( 'NONE',  ( 6.549999999999999822, 0.5000000000000000000, -0.6499999999999989120 ) ) ;
#1499 = CARTESIAN_POINT ( 'NONE',  ( 6.073118178959434843, 2.798202530626829887, 0.3500000000000000333 ) ) ;
#1500 = CARTESIAN_POINT ( 'NONE',  ( 4.217373952540059534, 5.194217234909947578, -0.3499999999999999778 ) ) ;
#1501 = PLANE ( 'NONE',  #2979 ) ;
#1502 = PRESENTATION_STYLE_ASSIGNMENT (( #5615 ) ) ;
#1503 = STYLED_ITEM ( 'NONE', ( #4803 ), #3942 ) ;
#1504 = ORIENTED_EDGE ( 'NONE', *, *, #5591, .T. ) ;
#1505 = CARTESIAN_POINT ( 'NONE',  ( 4.754744180118195551, 5.589454083063166046, -0.3499999999999999778 ) ) ;
#1506 = STYLED_ITEM ( 'NONE', ( #5749 ), #1415 ) ;
#1507 = FACE_OUTER_BOUND ( 'NONE', #2375, .T. ) ;
#1508 = FACE_OUTER_BOUND ( 'NONE', #1750, .T. ) ;
#1509 = PRESENTATION_LAYER_ASSIGNMENT (  '', '', ( #2568 ) ) ;
#1510 = VERTEX_POINT ( 'NONE', #412 ) ;
#1511 = VECTOR ( 'NONE', #4850, 1000.000000000000000 ) ;
#1512 = PLANE ( 'NONE',  #508 ) ;
#1513 = EDGE_CURVE ( 'NONE', #1865, #4488, #3115, .T. ) ;
#1514 = DIRECTION ( 'NONE',  ( -1.000000000000000000, 0.000000000000000000, 0.000000000000000000 ) ) ;
#1515 =( NAMED_UNIT ( * ) SI_UNIT ( $, .STERADIAN. ) SOLID_ANGLE_UNIT ( ) );
#1516 = FILL_AREA_STYLE_COLOUR ( '', #3311 ) ;
#1517 = DIRECTION ( 'NONE',  ( -0.000000000000000000, -1.000000000000000000, 1.668003342285392044E-16 ) ) ;
#1518 = DIRECTION ( 'NONE',  ( 0.000000000000000000, 1.000000000000000000, -1.668003342285391551E-16 ) ) ;
#1519 =( GEOMETRIC_REPRESENTATION_CONTEXT ( 3 ) GLOBAL_UNCERTAINTY_ASSIGNED_CONTEXT ( ( #1211 ) ) GLOBAL_UNIT_ASSIGNED_CONTEXT ( ( #1388, #4686, #3291 ) ) REPRESENTATION_CONTEXT ( 'NONE', 'WORKASPACE' ) );
#1520 = VERTEX_POINT ( 'NONE', #5909 ) ;
#1521 = CARTESIAN_POINT ( 'NONE',  ( -0.7612207868701631464, 5.920464898423919209, 0.3500000000000000333 ) ) ;
#1522 = ADVANCED_FACE ( 'NONE', ( #2671 ), #2271, .T. ) ;
#1523 = FACE_OUTER_BOUND ( 'NONE', #4914, .T. ) ;
#1524 = DIRECTION ( 'NONE',  ( -0.000000000000000000, -1.000000000000000000, 1.668003342285391551E-16 ) ) ;
#1525 = DIRECTION ( 'NONE',  ( -1.000000000000000000, -0.000000000000000000, -0.000000000000000000 ) ) ;
#1526 = ORIENTED_EDGE ( 'NONE', *, *, #1938, .F. ) ;
#1527 = EDGE_CURVE ( 'NONE', #4280, #2245, #5877, .T. ) ;
#1528 = CARTESIAN_POINT ( 'NONE',  ( -0.9931181789594337728, 2.798202530627314832, -0.3499999999999998668 ) ) ;
#1529 = STYLED_ITEM ( 'NONE', ( #3381 ), #2588 ) ;
#1530 = VECTOR ( 'NONE', #2640, 1000.000000000000000 ) ;
#1531 = CARTESIAN_POINT ( 'NONE',  ( -1.000000000000000000, 0.5000000000000000000, -0.3500000000000000888 ) ) ;
#1532 = VECTOR ( 'NONE', #3223, 1000.000000000000000 ) ;
#1533 =( LENGTH_UNIT ( ) NAMED_UNIT ( * ) SI_UNIT ( .MILLI., .METRE. ) );
#1534 = PLANE ( 'NONE',  #1304 ) ;
#1535 = VECTOR ( 'NONE', #3637, 1000.000000000000114 ) ;
#1536 = CARTESIAN_POINT ( 'NONE',  ( 3.140000000000000568, 6.299999999999999822, 0.3499999999999999778 ) ) ;
#1537 = ORIENTED_EDGE ( 'NONE', *, *, #2219, .T. ) ;
#1538 = ORIENTED_EDGE ( 'NONE', *, *, #2090, .T. ) ;
#1539 = CARTESIAN_POINT ( 'NONE',  ( 5.579999999999999183, 6.299999999999999822, 0.3499999999999999778 ) ) ;
#1540 = SURFACE_SIDE_STYLE ('',( #4832 ) ) ;
#1541 = CARTESIAN_POINT ( 'NONE',  ( 5.432524015545779683, 5.732672356334978403, 0.3499999999999999778 ) ) ;
#1542 = ORIENTED_EDGE ( 'NONE', *, *, #1130, .T. ) ;
#1543 = DIRECTION ( 'NONE',  ( 1.000000000000000000, 0.000000000000000000, -7.744301232039316681E-17 ) ) ;
#1544 = FACE_OUTER_BOUND ( 'NONE', #688, .T. ) ;
#1545 =( LENGTH_UNIT ( ) NAMED_UNIT ( * ) SI_UNIT ( .MILLI., .METRE. ) );
#1546 = DIRECTION ( 'NONE',  ( -0.000000000000000000, -1.668003342285388099E-16, -1.000000000000000000 ) ) ;
#1547 = VERTEX_POINT ( 'NONE', #5054 ) ;
#1548 =( GEOMETRIC_REPRESENTATION_CONTEXT ( 3 ) GLOBAL_UNCERTAINTY_ASSIGNED_CONTEXT ( ( #1872 ) ) GLOBAL_UNIT_ASSIGNED_CONTEXT ( ( #5569, #1454, #2843 ) ) REPRESENTATION_CONTEXT ( 'NONE', 'WORKASPACE' ) );
#1549 = CARTESIAN_POINT ( 'NONE',  ( 4.434533521472695305, 3.877691542223589138, -0.3499999999999999778 ) ) ;
#1550 = VECTOR ( 'NONE', #1683, 1000.000000000000000 ) ;
#1551 = SURFACE_SIDE_STYLE ('',( #149 ) ) ;
#1552 = CARTESIAN_POINT ( 'NONE',  ( -0.9999999999999993339, 0.8000000000000004885, -0.3499999999999999778 ) ) ;
#1553 = EDGE_CURVE ( 'NONE', #2695, #526, #5396, .T. ) ;
#1554 = VERTEX_POINT ( 'NONE', #5426 ) ;
#1555 = VECTOR ( 'NONE', #1801, 1000.000000000000000 ) ;
#1556 = UNCERTAINTY_MEASURE_WITH_UNIT (LENGTH_MEASURE( 1.000000000000000082E-05 ), #2696, 'distance_accuracy_value', 'NONE');
#1557 = CARTESIAN_POINT ( 'NONE',  ( -0.8095024236133424589, 5.635051924202448603, -0.3499999999999999778 ) ) ;
#1558 = CARTESIAN_POINT ( 'NONE',  ( 3.226754932607761361, 10.39117142264903570, -0.3500000000000017542 ) ) ;
#1559 = MECHANICAL_DESIGN_GEOMETRIC_PRESENTATION_REPRESENTATION (  '', ( #511 ), #4620 ) ;
#1560 = DIRECTION ( 'NONE',  ( 0.000000000000000000, 0.000000000000000000, 1.000000000000000000 ) ) ;
#1561 = PLANE ( 'NONE',  #4117 ) ;
#1562 = DIRECTION ( 'NONE',  ( 0.000000000000000000, 3.097720492815727166E-16, 1.000000000000000000 ) ) ;
#1563 = EDGE_CURVE ( 'NONE', #4626, #3194, #4073, .T. ) ;
#1564 = COLOUR_RGB ( '',0.8313725490196077761, 0.6705882352941175961, 0.1294117647058823373 ) ;
#1565 = DIRECTION ( 'NONE',  ( 0.000000000000000000, -0.000000000000000000, -1.000000000000000000 ) ) ;
#1566 = ORIENTED_EDGE ( 'NONE', *, *, #3192, .T. ) ;
#1567 = CARTESIAN_POINT ( 'NONE',  ( 4.580000000000001847, 6.299999999999999822, 0.3499999999999999778 ) ) ;
#1568 = EDGE_CURVE ( 'NONE', #2436, #106, #4227, .T. ) ;
#1569 = CARTESIAN_POINT ( 'NONE',  ( 1.730497576386657910, 5.635051924202447715, -0.3499999999999998668 ) ) ;
#1570 = DIRECTION ( 'NONE',  ( 1.000000000000000000, 1.084202172485504434E-16, 0.000000000000000000 ) ) ;
#1571 = ADVANCED_FACE ( 'NONE', ( #5142 ), #586, .F. ) ;
#1572 = AXIS2_PLACEMENT_3D ( 'NONE', #2742, #4557, #2306 ) ;
#1573 = EDGE_LOOP ( 'NONE', ( #421, #436, #5679, #3578 ) ) ;
#1574 = VECTOR ( 'NONE', #4099, 1000.000000000000000 ) ;
#1575 = FILL_AREA_STYLE ('',( #2872 ) ) ;
#1576 = CARTESIAN_POINT ( 'NONE',  ( 1.853245067392238710, 10.39117142264903570, -0.6500000000000030198 ) ) ;
#1577 = CARTESIAN_POINT ( 'NONE',  ( 1.000000000000000666, 0.8000000000000007105, 0.3499999999999999778 ) ) ;
#1578 = SURFACE_SIDE_STYLE ('',( #4390 ) ) ;
#1579 = LINE ( 'NONE', #4865, #3553 ) ;
#1580 = DIRECTION ( 'NONE',  ( 0.000000000000000000, -1.000000000000000000, 1.668003342285391797E-16 ) ) ;
#1581 = ORIENTED_EDGE ( 'NONE', *, *, #4450, .T. ) ;
#1582 = VECTOR ( 'NONE', #1665, 1000.000000000000000 ) ;
#1583 = VECTOR ( 'NONE', #5686, 1000.000000000000000 ) ;
#1584 = CARTESIAN_POINT ( 'NONE',  ( 1.940000000000000613, 6.299999999999999822, -0.3849999999999998979 ) ) ;
#1585 = CARTESIAN_POINT ( 'NONE',  ( 4.080000000000000071, 0.5000000000000002220, 0.3499999999999998668 ) ) ;
#1586 = AXIS2_PLACEMENT_3D ( 'NONE', #5165, #105, #1026 ) ;
#1587 = CARTESIAN_POINT ( 'NONE',  ( 6.080000000000000959, 0.8000000000000007105, 0.3499999999999999778 ) ) ;
#1588 = ORIENTED_EDGE ( 'NONE', *, *, #4095, .T. ) ;
#1589 = ADVANCED_FACE ( 'NONE', ( #2457 ), #5081, .F. ) ;
#1590 = CARTESIAN_POINT ( 'NONE',  ( 5.766754932607761397, 10.39117142264903570, 0.3499999999999983125 ) ) ;
#1591 = UNCERTAINTY_MEASURE_WITH_UNIT (LENGTH_MEASURE( 1.000000000000000082E-05 ), #3456, 'distance_accuracy_value', 'NONE');
#1592 = CARTESIAN_POINT ( 'NONE',  ( 4.146302744966794407, 4.293911919603389471, -0.3500000000000000888 ) ) ;
#1593 = FILL_AREA_STYLE ('',( #1616 ) ) ;
#1594 = VERTEX_POINT ( 'NONE', #51 ) ;
#1595 = EDGE_CURVE ( 'NONE', #2019, #5399, #3332, .T. ) ;
#1596 = CARTESIAN_POINT ( 'NONE',  ( -0.9999999999999993339, 0.8000000000000004885, 0.3499999999999999778 ) ) ;
#1597 =( NAMED_UNIT ( * ) PLANE_ANGLE_UNIT ( ) SI_UNIT ( $, .RADIAN. ) );
#1598 = CARTESIAN_POINT ( 'NONE',  ( 1.580000584798288088, 3.767448265748938763, -0.3500000000000000333 ) ) ;
#1599 = PRESENTATION_LAYER_ASSIGNMENT (  '', '', ( #5233 ) ) ;
#1600 = SURFACE_STYLE_FILL_AREA ( #4410 ) ;
#1601 = ORIENTED_EDGE ( 'NONE', *, *, #3478, .T. ) ;
#1602 = EDGE_CURVE ( 'NONE', #3790, #1390, #970, .T. ) ;
#1603 = SURFACE_STYLE_FILL_AREA ( #5768 ) ;
#1604 = DIRECTION ( 'NONE',  ( -1.000000000000000000, -0.000000000000000000, -0.000000000000000000 ) ) ;
#1605 = CARTESIAN_POINT ( 'NONE',  ( 0.8556901891659164372, 5.260692584315791009, -0.3499999999999999778 ) ) ;
#1606 = DIRECTION ( 'NONE',  ( -1.000000000000000000, -1.084202172485504434E-16, 0.000000000000000000 ) ) ;
#1607 = PRESENTATION_LAYER_ASSIGNMENT (  '', '', ( #4198 ) ) ;
#1608 = ORIENTED_EDGE ( 'NONE', *, *, #3033, .T. ) ;
#1609 = COLOUR_RGB ( '',0.8313725490196077761, 0.6705882352941175961, 0.1294117647058823373 ) ;
#1610 = EDGE_CURVE ( 'NONE', #884, #1707, #5571, .T. ) ;
#1611 = VERTEX_POINT ( 'NONE', #531 ) ;
#1612 = VECTOR ( 'NONE', #3224, 1000.000000000000114 ) ;
#1613 = FILL_AREA_STYLE ('',( #3031 ) ) ;
#1614 = LINE ( 'NONE', #2553, #3502 ) ;
#1615 = VECTOR ( 'NONE', #1261, 1000.000000000000000 ) ;
#1616 = FILL_AREA_STYLE_COLOUR ( '', #4190 ) ;
#1617 = ADVANCED_FACE ( 'NONE', ( #2846 ), #169, .F. ) ;
#1618 = ORIENTED_EDGE ( 'NONE', *, *, #5895, .T. ) ;
#1619 = AXIS2_PLACEMENT_3D ( 'NONE', #2799, #5437, #1318 ) ;
#1620 = STYLED_ITEM ( 'NONE', ( #3042 ), #4562 ) ;
#1621 = CARTESIAN_POINT ( 'NONE',  ( 0.7881569290043444198, 5.771059683742178592, 0.3500000000000000333 ) ) ;
#1622 = DIRECTION ( 'NONE',  ( 0.000000000000000000, 0.000000000000000000, -1.000000000000000000 ) ) ;
#1623 = CARTESIAN_POINT ( 'NONE',  ( 2.890000000000001013, 0.5000000000000005551, 0.3499999999999999778 ) ) ;
#1624 = LINE ( 'NONE', #2475, #4861 ) ;
#1625 = CARTESIAN_POINT ( 'NONE',  ( 5.579999999999999183, 6.084152315493285279, 0.3500000000000000333 ) ) ;
#1626 =( GEOMETRIC_REPRESENTATION_CONTEXT ( 3 ) GLOBAL_UNCERTAINTY_ASSIGNED_CONTEXT ( ( #3272 ) ) GLOBAL_UNIT_ASSIGNED_CONTEXT ( ( #4101, #443, #5935 ) ) REPRESENTATION_CONTEXT ( 'NONE', 'WORKASPACE' ) );
#1627 = EDGE_CURVE ( 'NONE', #3194, #2057, #4665, .T. ) ;
#1628 = EDGE_CURVE ( 'NONE', #1035, #552, #2817, .T. ) ;
#1629 = ORIENTED_EDGE ( 'NONE', *, *, #2090, .F. ) ;
#1630 = CARTESIAN_POINT ( 'NONE',  ( -6.734562392116876374E-17, 8.500000000000000000, -0.8696152422706644458 ) ) ;
#1631 =( BOUNDED_CURVE ( )  B_SPLINE_CURVE ( 3, ( #1804, #4959, #3076, #4992, #3203, #3566, #3172 ),
 .UNSPECIFIED., .F., .F. ) 
 B_SPLINE_CURVE_WITH_KNOTS ( ( 4, 3, 4 ),
 ( 0.8078321013870641831, 3.141592653589792228, 5.475353205792520939 ),
 .UNSPECIFIED. ) 
 CURVE ( )  GEOMETRIC_REPRESENTATION_ITEM ( )  RATIONAL_B_SPLINE_CURVE ( ( 1.000000000000000000, 0.5953481791230080811, 0.5953481791230080811, 1.000000000000000000, 0.5953481791230077480, 0.5953481791230077480, 1.000000000000000000 ) ) 
 REPRESENTATION_ITEM ( '' )  );
#1632 = ORIENTED_EDGE ( 'NONE', *, *, #5228, .F. ) ;
#1633 = CARTESIAN_POINT ( 'NONE',  ( 2.590000000000000302, 8.026794919243110726, 0.05000000000000023870 ) ) ;
#1634 = SURFACE_STYLE_FILL_AREA ( #2601 ) ;
#1635 = EDGE_CURVE ( 'NONE', #5016, #3605, #2910, .T. ) ;
#1636 = VERTEX_POINT ( 'NONE', #4195 ) ;
#1637 = LINE ( 'NONE', #1210, #3581 ) ;
#1638 = FILL_AREA_STYLE_COLOUR ( '', #828 ) ;
#1639 = DIRECTION ( 'NONE',  ( -1.000000000000000000, 0.000000000000000000, 0.000000000000000000 ) ) ;
#1640 = DIRECTION ( 'NONE',  ( -0.000000000000000000, -1.000000000000000000, 1.668003342285391551E-16 ) ) ;
#1641 = EDGE_CURVE ( 'NONE', #343, #5075, #557, .T. ) ;
#1642 = ORIENTED_EDGE ( 'NONE', *, *, #927, .T. ) ;
#1643 = VECTOR ( 'NONE', #3589, 1000.000000000000000 ) ;
#1644 = DIRECTION ( 'NONE',  ( -1.000000000000000000, 0.000000000000000000, 0.000000000000000000 ) ) ;
#1645 = AXIS2_PLACEMENT_3D ( 'NONE', #2400, #4266, #3336 ) ;
#1646 = DIRECTION ( 'NONE',  ( 0.000000000000000000, 0.000000000000000000, 1.000000000000000000 ) ) ;
#1647 = COLOUR_RGB ( '',0.000000000000000000, 0.000000000000000000, 0.000000000000000000 ) ;
#1648 = CARTESIAN_POINT ( 'NONE',  ( 4.930000000000001492, -3.000000000000000000, -0.3499999999999999778 ) ) ;
#1649 =( GEOMETRIC_REPRESENTATION_CONTEXT ( 3 ) GLOBAL_UNCERTAINTY_ASSIGNED_CONTEXT ( ( #1138 ) ) GLOBAL_UNIT_ASSIGNED_CONTEXT ( ( #1725, #2079, #1272 ) ) REPRESENTATION_CONTEXT ( 'NONE', 'WORKASPACE' ) );
#1650 = UNCERTAINTY_MEASURE_WITH_UNIT (LENGTH_MEASURE( 1.000000000000000082E-05 ), #2469, 'distance_accuracy_value', 'NONE');
#1651 = ORIENTED_EDGE ( 'NONE', *, *, #4285, .F. ) ;
#1652 = CARTESIAN_POINT ( 'NONE',  ( 0.6000000000000005329, 6.299999999999999822, 0.3499999999999999778 ) ) ;
#1653 = LINE ( 'NONE', #1229, #477 ) ;
#1654 = MECHANICAL_DESIGN_GEOMETRIC_PRESENTATION_REPRESENTATION (  '', ( #2319 ), #4050 ) ;
#1655 = PRESENTATION_STYLE_ASSIGNMENT (( #4310 ) ) ;
#1656 = STYLED_ITEM ( 'NONE', ( #1847 ), #502 ) ;
#1657 = VERTEX_POINT ( 'NONE', #1456 ) ;
#1658 =( NAMED_UNIT ( * ) PLANE_ANGLE_UNIT ( ) SI_UNIT ( $, .RADIAN. ) );
#1659 = CARTESIAN_POINT ( 'NONE',  ( 5.430000000000000604, 0.000000000000000000, 0.3499999999999999778 ) ) ;
#1660 = ORIENTED_EDGE ( 'NONE', *, *, #2562, .F. ) ;
#1661 = CIRCLE ( 'NONE', #4733, 0.2999999999999999334 ) ;
#1662 = CARTESIAN_POINT ( 'NONE',  ( 0.7612207868701985625, 5.920464898423897004, -0.3499999999999999223 ) ) ;
#1663 = EDGE_CURVE ( 'NONE', #3501, #1268, #3300, .T. ) ;
#1664 = DIRECTION ( 'NONE',  ( -0.000000000000000000, -0.000000000000000000, -1.000000000000000000 ) ) ;
#1665 = DIRECTION ( 'NONE',  ( -0.000000000000000000, -1.000000000000000000, -0.000000000000000000 ) ) ;
#1666 = ORIENTED_EDGE ( 'NONE', *, *, #1265, .T. ) ;
#1667 = DIRECTION ( 'NONE',  ( 0.000000000000000000, 1.000000000000000000, -3.097720492815727166E-16 ) ) ;
#1668 = CARTESIAN_POINT ( 'NONE',  ( 0.3500000000000000333, 0.000000000000000000, -0.3500000000000000333 ) ) ;
#1669 = EDGE_CURVE ( 'NONE', #1209, #5232, #2906, .T. ) ;
#1670 = CARTESIAN_POINT ( 'NONE',  ( 5.866758496035390458, 5.779404586027644619, -0.3499999999999999778 ) ) ;
#1671 = DIRECTION ( 'NONE',  ( 1.121588454295349533E-16, -1.000000000000000000, 0.000000000000000000 ) ) ;
#1672 = AXIS2_PLACEMENT_3D ( 'NONE', #1008, #4291, #2328 ) ;
#1673 = EDGE_LOOP ( 'NONE', ( #4751, #2545, #2612, #320 ) ) ;
#1674 = CARTESIAN_POINT ( 'NONE',  ( -0.4633568989079023814, 1.700000000000002620, -0.3499999999999999778 ) ) ;
#1675 = STYLED_ITEM ( 'NONE', ( #5732 ), #1972 ) ;
#1676 = EDGE_CURVE ( 'NONE', #2902, #119, #4346, .T. ) ;
#1677 = CARTESIAN_POINT ( 'NONE',  ( 5.878210463979507416, 5.709058272658547040, 0.3499999999999999778 ) ) ;
#1678 = FILL_AREA_STYLE ('',( #1734 ) ) ;
#1679 =( NAMED_UNIT ( * ) PLANE_ANGLE_UNIT ( ) SI_UNIT ( $, .RADIAN. ) );
#1680 = VERTEX_POINT ( 'NONE', #1158 ) ;
#1681 = CARTESIAN_POINT ( 'NONE',  ( 0.8888495460508764046, 4.917640708297875030, 0.3499999999999999778 ) ) ;
#1682 = CARTESIAN_POINT ( 'NONE',  ( 6.549999999999999822, 0.5000000000000000000, -0.6499999999999989120 ) ) ;
#1683 = DIRECTION ( 'NONE',  ( 0.000000000000000000, 3.097720492815727166E-16, 1.000000000000000000 ) ) ;
#1684 = LINE ( 'NONE', #865, #1800 ) ;
#1685 = DIRECTION ( 'NONE',  ( -0.000000000000000000, 1.000000000000000000, -0.000000000000000000 ) ) ;
#1686 = EDGE_LOOP ( 'NONE', ( #5311, #3797, #5694, #3071, #4120, #2272, #4964, #4009, #2250, #5592, #4264, #1116, #4087, #4582, #1588, #1010, #1373, #2996, #4535, #1059, #2073 ) ) ;
#1687 = CARTESIAN_POINT ( 'NONE',  ( -0.6867549326077613259, 0.5000000000000000000, -0.6500000000000013545 ) ) ;
#1688 = VERTEX_POINT ( 'NONE', #284 ) ;
#1689 = DIRECTION ( 'NONE',  ( 0.000000000000000000, 1.000000000000000000, 0.000000000000000000 ) ) ;
#1690 = VERTEX_POINT ( 'NONE', #1692 ) ;
#1691 = CARTESIAN_POINT ( 'NONE',  ( 3.540000000000000036, 6.500000000000000888, -0.3500000000000010880 ) ) ;
#1692 = CARTESIAN_POINT ( 'NONE',  ( 3.409615242270664925, 8.500000000000000000, 0.8696152422706645568 ) ) ;
#1693 = ORIENTED_EDGE ( 'NONE', *, *, #3185, .T. ) ;
#1694 = UNCERTAINTY_MEASURE_WITH_UNIT (LENGTH_MEASURE( 1.000000000000000082E-05 ), #5731, 'distance_accuracy_value', 'NONE');
#1695 = PLANE ( 'NONE',  #1088 ) ;
#1696 = CARTESIAN_POINT ( 'NONE',  ( 0.6867549326077613259, 10.39117142264903570, -0.3500000000000017542 ) ) ;
#1697 = LINE ( 'NONE', #761, #2956 ) ;
#1698 = ORIENTED_EDGE ( 'NONE', *, *, #1817, .T. ) ;
#1699 = ORIENTED_EDGE ( 'NONE', *, *, #4205, .T. ) ;
#1700 = EDGE_CURVE ( 'NONE', #5602, #3736, #754, .T. ) ;
#1701 = DIRECTION ( 'NONE',  ( -0.000000000000000000, -1.000000000000000000, -4.336808689942017736E-16 ) ) ;
#1702 = DIRECTION ( 'NONE',  ( -1.000000000000000000, 0.000000000000000000, 0.000000000000000000 ) ) ;
#1703 = FILL_AREA_STYLE_COLOUR ( '', #4855 ) ;
#1704 = DIRECTION ( 'NONE',  ( -7.744301232039316681E-17, 0.000000000000000000, -1.000000000000000000 ) ) ;
#1705 = AXIS2_PLACEMENT_3D ( 'NONE', #5024, #4457, #3355 ) ;
#1706 = EDGE_CURVE ( 'NONE', #5924, #4119, #2995, .T. ) ;
#1707 = VERTEX_POINT ( 'NONE', #643 ) ;
#1708 = LINE ( 'NONE', #5376, #794 ) ;
#1709 = CARTESIAN_POINT ( 'NONE',  ( 2.890000000000001013, -2.800000000000001155, 0.3499999999999999778 ) ) ;
#1710 = CARTESIAN_POINT ( 'NONE',  ( 2.865255819881805444, 5.589454083063163381, -0.3499999999999999778 ) ) ;
#1711 = CARTESIAN_POINT ( 'NONE',  ( -1.469999999999999973, 0.000000000000000000, -1.199999999999999956 ) ) ;
#1712 = CARTESIAN_POINT ( 'NONE',  ( 5.080000000000000071, -3.000000000000000000, 0.3499999999999999778 ) ) ;
#1714 = ADVANCED_FACE ( 'NONE', ( #2569 ), #5742, .T. ) ;
#1713 = ORIENTED_EDGE ( 'NONE', *, *, #5213, .T. ) ;
#1715 = VECTOR ( 'NONE', #2153, 1000.000000000000000 ) ;
#1716 = SURFACE_STYLE_FILL_AREA ( #1177 ) ;
#1717 = VERTEX_POINT ( 'NONE', #3477 ) ;
#1718 = DIRECTION ( 'NONE',  ( 0.000000000000000000, -0.000000000000000000, 1.000000000000000000 ) ) ;
#1719 = VERTEX_POINT ( 'NONE', #4787 ) ;
#1720 = FILL_AREA_STYLE ('',( #5018 ) ) ;
#1721 = PRESENTATION_LAYER_ASSIGNMENT (  '', '', ( #575 ) ) ;
#1722 =( NAMED_UNIT ( * ) SI_UNIT ( $, .STERADIAN. ) SOLID_ANGLE_UNIT ( ) );
#1723 = EDGE_LOOP ( 'NONE', ( #493, #2984, #4673, #1825 ) ) ;
#1724 = VECTOR ( 'NONE', #960, 1000.000000000000000 ) ;
#1725 =( LENGTH_UNIT ( ) NAMED_UNIT ( * ) SI_UNIT ( .MILLI., .METRE. ) );
#1726 = DIRECTION ( 'NONE',  ( -0.000000000000000000, -0.000000000000000000, -1.000000000000000000 ) ) ;
#1727 = SURFACE_STYLE_FILL_AREA ( #2753 ) ;
#1728 = PRESENTATION_STYLE_ASSIGNMENT (( #1245 ) ) ;
#1729 = CARTESIAN_POINT ( 'NONE',  ( 2.540000000000000036, 6.299999999999999822, -0.3499999999999999778 ) ) ;
#1730 = DIRECTION ( 'NONE',  ( 0.7071067811865474617, 0.7071067811865474617, -0.000000000000000000 ) ) ;
#1731 = ORIENTED_EDGE ( 'NONE', *, *, #4556, .T. ) ;
#1732 = VERTEX_POINT ( 'NONE', #2544 ) ;
#1733 = CARTESIAN_POINT ( 'NONE',  ( 3.039999999999998703, 6.084152315493285279, 0.3500000000000000333 ) ) ;
#1734 = FILL_AREA_STYLE_COLOUR ( '', #1813 ) ;
#1735 = EDGE_CURVE ( 'NONE', #5019, #4922, #4418, .T. ) ;
#1736 =( NAMED_UNIT ( * ) SI_UNIT ( $, .STERADIAN. ) SOLID_ANGLE_UNIT ( ) );
#1737 = PRESENTATION_LAYER_ASSIGNMENT (  '', '', ( #496 ) ) ;
#1738 = EDGE_LOOP ( 'NONE', ( #3310, #1378, #715, #2599, #3226, #1362, #1345, #4991, #1196, #5028, #1099, #2929, #1248, #5540, #4877, #5550, #2896, #1699, #3600, #5878, #113 ) ) ;
#1739 = FACE_OUTER_BOUND ( 'NONE', #1802, .T. ) ;
#1740 = CARTESIAN_POINT ( 'NONE',  ( -0.3500000000000000333, 0.000000000000000000, -0.3499999999999999778 ) ) ;
#1741 = CARTESIAN_POINT ( 'NONE',  ( 4.729999999999999538, 8.000000000000000000, -0.3499999999999999778 ) ) ;
#1742 = EDGE_CURVE ( 'NONE', #1680, #4550, #5899, .T. ) ;
#1743 = FACE_OUTER_BOUND ( 'NONE', #723, .T. ) ;
#1744 = LINE ( 'NONE', #5382, #3249 ) ;
#1745 = AXIS2_PLACEMENT_3D ( 'NONE', #5526, #4657, #5587 ) ;
#1746 = ORIENTED_EDGE ( 'NONE', *, *, #5312, .F. ) ;
#1747 = ORIENTED_EDGE ( 'NONE', *, *, #3451, .F. ) ;
#1748 =( LENGTH_UNIT ( ) NAMED_UNIT ( * ) SI_UNIT ( .MILLI., .METRE. ) );
#1749 = AXIS2_PLACEMENT_3D ( 'NONE', #5826, #2128, #3966 ) ;
#1750 = EDGE_LOOP ( 'NONE', ( #5916, #2025, #4293, #4329 ) ) ;
#1751 = LINE ( 'NONE', #2226, #3947 ) ;
#1752 = CARTESIAN_POINT ( 'NONE',  ( 2.890000000000001013, 1.084202172485506745E-17, 0.3499999999999999778 ) ) ;
#1753 = ORIENTED_EDGE ( 'NONE', *, *, #2993, .T. ) ;
#1754 = DIRECTION ( 'NONE',  ( 3.097720492815726426E-17, -1.000000000000000000, 0.000000000000000000 ) ) ;
#1755 = CARTESIAN_POINT ( 'NONE',  ( 6.549999999999999822, 0.5000000000000002220, 0.6500000000000010214 ) ) ;
#1756 = CARTESIAN_POINT ( 'NONE',  ( 3.540000000000001368, 6.299999999999999822, -0.1283333333333334936 ) ) ;
#1757 = DIRECTION ( 'NONE',  ( 0.000000000000000000, 0.000000000000000000, 1.000000000000000000 ) ) ;
#1758 = SURFACE_SIDE_STYLE ('',( #380 ) ) ;
#1759 = ORIENTED_EDGE ( 'NONE', *, *, #170, .F. ) ;
#1760 = STYLED_ITEM ( 'NONE', ( #2341 ), #248 ) ;
#1761 = ORIENTED_EDGE ( 'NONE', *, *, #689, .F. ) ;
#1762 = CARTESIAN_POINT ( 'NONE',  ( 0.5218457338839795900, 5.626229152235330488, 0.000000000000000000 ) ) ;
#1763 =( NAMED_UNIT ( * ) PLANE_ANGLE_UNIT ( ) SI_UNIT ( $, .RADIAN. ) );
#1764 = CARTESIAN_POINT ( 'NONE',  ( 4.080000000000000071, 1.800000000000000488, 0.1283333333333336046 ) ) ;
#1765 = VECTOR ( 'NONE', #1964, 1000.000000000000000 ) ;
#1766 = EDGE_CURVE ( 'NONE', #291, #5011, #2134, .T. ) ;
#1767 = EDGE_LOOP ( 'NONE', ( #1944, #188, #4228, #867 ) ) ;
#1768 = CARTESIAN_POINT ( 'NONE',  ( 1.853245067392238710, 6.500000000000000888, 0.3499999999999989231 ) ) ;
#1769 = DIRECTION ( 'NONE',  ( -1.000000000000000000, 0.000000000000000000, 7.744301232039316681E-17 ) ) ;
#1770 = LINE ( 'NONE', #2155, #2485 ) ;
#1771 = DIRECTION ( 'NONE',  ( -0.000000000000000000, 0.000000000000000000, 1.000000000000000000 ) ) ;
#1772 = VERTEX_POINT ( 'NONE', #4839 ) ;
#1773 = EDGE_CURVE ( 'NONE', #143, #2848, #4391, .T. ) ;
#1774 = DIRECTION ( 'NONE',  ( -0.000000000000000000, -0.000000000000000000, -1.000000000000000000 ) ) ;
#1775 = ORIENTED_EDGE ( 'NONE', *, *, #4374, .F. ) ;
#1776 = VERTEX_POINT ( 'NONE', #1208 ) ;
#1777 = FACE_OUTER_BOUND ( 'NONE', #5331, .T. ) ;
#1778 = LINE ( 'NONE', #1269, #3270 ) ;
#1779 = CARTESIAN_POINT ( 'NONE',  ( 1.894533521472694604, 3.877691542223591359, 0.3500000000000000333 ) ) ;
#1780 = ORIENTED_EDGE ( 'NONE', *, *, #2167, .F. ) ;
#1781 = EDGE_CURVE ( 'NONE', #2127, #1636, #5480, .T. ) ;
#1782 = DIRECTION ( 'NONE',  ( -1.000000000000000000, -0.000000000000000000, -0.000000000000000000 ) ) ;
#1783 =( LENGTH_UNIT ( ) NAMED_UNIT ( * ) SI_UNIT ( .MILLI., .METRE. ) );
#1784 = CARTESIAN_POINT ( 'NONE',  ( 6.004058140717155823, 4.443591676420198588, -0.3499999999999999778 ) ) ;
#1785 = LINE ( 'NONE', #3574, #4399 ) ;
#1786 = LINE ( 'NONE', #5455, #3720 ) ;
#1787 =( BOUNDED_CURVE ( )  B_SPLINE_CURVE ( 3, ( #872, #5831, #3078, #4508 ),
 .UNSPECIFIED., .F., .F. ) 
 B_SPLINE_CURVE_WITH_KNOTS ( ( 4, 4 ),
 ( 3.924083526751089845, 4.712388980384689674 ),
 .UNSPECIFIED. ) 
 CURVE ( )  GEOMETRIC_REPRESENTATION_ITEM ( )  RATIONAL_B_SPLINE_CURVE ( ( 1.000000000000000000, 0.9488815137910379116, 0.9488815137910379116, 1.000000000000000000 ) ) 
 REPRESENTATION_ITEM ( '' )  );
#1788 = ORIENTED_EDGE ( 'NONE', *, *, #3876, .T. ) ;
#1789 = ORIENTED_EDGE ( 'NONE', *, *, #669, .F. ) ;
#1790 = EDGE_CURVE ( 'NONE', #334, #2157, #3520, .T. ) ;
#1791 = SURFACE_STYLE_USAGE ( .BOTH. , #3120 ) ;
#1792 = CARTESIAN_POINT ( 'NONE',  ( 4.279832123124273302, 5.699693040756022455, 0.3500000000000000888 ) ) ;
#1793 = SURFACE_STYLE_FILL_AREA ( #4946 ) ;
#1794 = STYLED_ITEM ( 'NONE', ( #3695 ), #1191 ) ;
#1795 = VERTEX_POINT ( 'NONE', #404 ) ;
#1796 = FILL_AREA_STYLE ('',( #1406 ) ) ;
#1797 = LINE ( 'NONE', #803, #3549 ) ;
#1798 = CARTESIAN_POINT ( 'NONE',  ( 1.540000000000000036, 6.500000000000000888, -0.3500000000000010880 ) ) ;
#1799 = DIRECTION ( 'NONE',  ( 1.000000000000000000, 0.000000000000000000, 0.000000000000000000 ) ) ;
#1800 = VECTOR ( 'NONE', #4085, 1000.000000000000000 ) ;
#1801 = DIRECTION ( 'NONE',  ( -1.000000000000000000, 0.000000000000000000, 0.000000000000000000 ) ) ;
#1802 = EDGE_LOOP ( 'NONE', ( #2373, #5384, #4102, #5286 ) ) ;
#1803 = ORIENTED_EDGE ( 'NONE', *, *, #3139, .F. ) ;
#1804 = CARTESIAN_POINT ( 'NONE',  ( -0.3252558198818047974, 5.589454083063166046, 0.3499999999999999778 ) ) ;
#1805 = CARTESIAN_POINT ( 'NONE',  ( 1.940000000000000613, 6.299999999999999822, 0.3499999999999999778 ) ) ;
#1806 = ADVANCED_FACE ( 'NONE', ( #3631 ), #1330, .T. ) ;
#1807 = ORIENTED_EDGE ( 'NONE', *, *, #1837, .T. ) ;
#1808 = DIRECTION ( 'NONE',  ( -3.872150616019666353E-17, -0.8660254037844380415, -0.5000000000000009992 ) ) ;
#1809 = PLANE ( 'NONE',  #2122 ) ;
#1810 =( GEOMETRIC_REPRESENTATION_CONTEXT ( 3 ) GLOBAL_UNCERTAINTY_ASSIGNED_CONTEXT ( ( #5542 ) ) GLOBAL_UNIT_ASSIGNED_CONTEXT ( ( #2830, #543, #1407 ) ) REPRESENTATION_CONTEXT ( 'NONE', 'WORKASPACE' ) );
#1811 = FACE_OUTER_BOUND ( 'NONE', #4026, .T. ) ;
#1812 =( LENGTH_UNIT ( ) NAMED_UNIT ( * ) SI_UNIT ( .MILLI., .METRE. ) );
#1813 = COLOUR_RGB ( '',0.8313725490196077761, 0.6705882352941175961, 0.1294117647058823373 ) ;
#1814 =( GEOMETRIC_REPRESENTATION_CONTEXT ( 3 ) GLOBAL_UNCERTAINTY_ASSIGNED_CONTEXT ( ( #5539 ) ) GLOBAL_UNIT_ASSIGNED_CONTEXT ( ( #2694, #5828, #2339 ) ) REPRESENTATION_CONTEXT ( 'NONE', 'WORKASPACE' ) );
#1815 = DIRECTION ( 'NONE',  ( 0.000000000000000000, 3.097720492815727166E-16, 1.000000000000000000 ) ) ;
#1816 = SURFACE_STYLE_USAGE ( .BOTH. , #2261 ) ;
#1817 = EDGE_CURVE ( 'NONE', #1390, #4922, #4994, .T. ) ;
#1818 = VERTEX_POINT ( 'NONE', #1296 ) ;
#1819 = AXIS2_PLACEMENT_3D ( 'NONE', #556, #2428, #3387 ) ;
#1820 = EDGE_LOOP ( 'NONE', ( #2672, #2199, #5923, #53 ) ) ;
#1821 =( NAMED_UNIT ( * ) SI_UNIT ( $, .STERADIAN. ) SOLID_ANGLE_UNIT ( ) );
#1822 = DIRECTION ( 'NONE',  ( -0.000000000000000000, -1.668003342285391551E-16, -1.000000000000000000 ) ) ;
#1823 = CARTESIAN_POINT ( 'NONE',  ( 4.098339320387594853, 3.374693912574938892, 0.3500000000000000333 ) ) ;
#1824 = CARTESIAN_POINT ( 'NONE',  ( 1.000000000000000444, 1.800000000000000488, 0.3499999999999999778 ) ) ;
#1825 = ORIENTED_EDGE ( 'NONE', *, *, #2252, .F. ) ;
#1826 = CARTESIAN_POINT ( 'NONE',  ( 4.580000000000001847, 6.299999999999999822, 0.3499999999999999778 ) ) ;
#1827 = DIRECTION ( 'NONE',  ( -1.000000000000000000, 0.000000000000000000, 0.000000000000000000 ) ) ;
#1828 = FILL_AREA_STYLE ('',( #5064 ) ) ;
#1829 = SURFACE_STYLE_USAGE ( .BOTH. , #1203 ) ;
#1830 = ORIENTED_EDGE ( 'NONE', *, *, #1005, .T. ) ;
#1831 = ORIENTED_EDGE ( 'NONE', *, *, #3731, .F. ) ;
#1832 = CARTESIAN_POINT ( 'NONE',  ( 5.430000000000000604, 8.000000000000000000, 0.3499999999999999778 ) ) ;
#1833 = FILL_AREA_STYLE_COLOUR ( '', #432 ) ;
#1834 = ORIENTED_EDGE ( 'NONE', *, *, #4027, .T. ) ;
#1835 = VECTOR ( 'NONE', #3766, 1000.000000000000000 ) ;
#1836 = DIRECTION ( 'NONE',  ( -0.000000000000000000, -0.000000000000000000, -1.000000000000000000 ) ) ;
#1837 = EDGE_CURVE ( 'NONE', #2388, #5457, #435, .T. ) ;
#1838 = PRESENTATION_STYLE_ASSIGNMENT (( #4599 ) ) ;
#1839 = DIRECTION ( 'NONE',  ( 0.000000000000000000, 0.000000000000000000, -1.000000000000000000 ) ) ;
#1840 = DIRECTION ( 'NONE',  ( -0.000000000000000000, 1.668003342285391551E-16, 1.000000000000000000 ) ) ;
#1841 = LINE ( 'NONE', #851, #136 ) ;
#1842 = CARTESIAN_POINT ( 'NONE',  ( 3.240000000000000657, 0.5000000000000006661, -0.3499999999999999778 ) ) ;
#1843 = CARTESIAN_POINT ( 'NONE',  ( 6.080000000000000071, 6.500000000000000888, -0.3500000000000010880 ) ) ;
#1844 = ORIENTED_EDGE ( 'NONE', *, *, #2340, .T. ) ;
#1845 = ORIENTED_EDGE ( 'NONE', *, *, #5254, .F. ) ;
#1846 = ADVANCED_FACE ( 'NONE', ( #2255 ), #5390, .F. ) ;
#1847 = PRESENTATION_STYLE_ASSIGNMENT (( #26 ) ) ;
#1848 = SURFACE_SIDE_STYLE ('',( #28 ) ) ;
#1849 = LINE ( 'NONE', #4069, #2675 ) ;
#1850 = VECTOR ( 'NONE', #2171, 1000.000000000000000 ) ;
#1851 = EDGE_CURVE ( 'NONE', #5848, #2421, #3836, .T. ) ;
#1852 = ORIENTED_EDGE ( 'NONE', *, *, #861, .F. ) ;
#1853 = FACE_OUTER_BOUND ( 'NONE', #5655, .T. ) ;
#1854 = FACE_OUTER_BOUND ( 'NONE', #3096, .T. ) ;
#1855 = DIRECTION ( 'NONE',  ( 1.000000000000000000, 0.000000000000000000, 0.000000000000000000 ) ) ;
#1856 = PRESENTATION_LAYER_ASSIGNMENT (  '', '', ( #2643 ) ) ;
#1857 = CARTESIAN_POINT ( 'NONE',  ( 3.473697255033131537, 4.293911919605036154, 0.3500000000000000888 ) ) ;
#1858 = ORIENTED_EDGE ( 'NONE', *, *, #540, .T. ) ;
#1859 = VECTOR ( 'NONE', #1125, 1000.000000000000000 ) ;
#1860 = ORIENTED_EDGE ( 'NONE', *, *, #4596, .T. ) ;
#1861 = PLANE ( 'NONE',  #5677 ) ;
#1862 = AXIS2_PLACEMENT_3D ( 'NONE', #4687, #5074, #3351 ) ;
#1863 = CARTESIAN_POINT ( 'NONE',  ( 2.040000000000001812, 6.299999999999999822, -0.3499999999999999778 ) ) ;
#1864 = CARTESIAN_POINT ( 'NONE',  ( 1.558339320387593485, 3.374693912574938448, 0.3499999999999999778 ) ) ;
#1865 = VERTEX_POINT ( 'NONE', #1058 ) ;
#1866 = CARTESIAN_POINT ( 'NONE',  ( -0.3500000000000000333, 8.199999999999999289, -0.3499999999999999778 ) ) ;
#1867 = CARTESIAN_POINT ( 'NONE',  ( 6.080000000000000959, 1.800000000000000488, -0.1166666666666667518 ) ) ;
#1868 =( LENGTH_UNIT ( ) NAMED_UNIT ( * ) SI_UNIT ( .MILLI., .METRE. ) );
#1869 = CARTESIAN_POINT ( 'NONE',  ( -0.5999999999999995337, 6.299999999999999822, -0.1166666666666667518 ) ) ;
#1870 = LINE ( 'NONE', #1063, #481 ) ;
#1871 = DIRECTION ( 'NONE',  ( -1.000000000000000000, -1.084202172485504434E-16, 0.000000000000000000 ) ) ;
#1872 = UNCERTAINTY_MEASURE_WITH_UNIT (LENGTH_MEASURE( 1.000000000000000082E-05 ), #5569, 'distance_accuracy_value', 'NONE');
#1873 = ORIENTED_EDGE ( 'NONE', *, *, #3731, .T. ) ;
#1874 = ORIENTED_EDGE ( 'NONE', *, *, #962, .T. ) ;
#1875 = UNCERTAINTY_MEASURE_WITH_UNIT (LENGTH_MEASURE( 1.000000000000000082E-05 ), #5122, 'distance_accuracy_value', 'NONE');
#1876 = CARTESIAN_POINT ( 'NONE',  ( 5.080000000000000071, 1.700000000000000178, -0.3499999999999999778 ) ) ;
#1877 = PLANE ( 'NONE',  #3874 ) ;
#1878 = DIRECTION ( 'NONE',  ( 1.000000000000000000, 0.000000000000000000, 0.000000000000000000 ) ) ;
#1879 = EDGE_CURVE ( 'NONE', #1152, #731, #4737, .T. ) ;
#1880 = ADVANCED_FACE ( 'NONE', ( #5651 ), #1926, .F. ) ;
#1881 = ORIENTED_EDGE ( 'NONE', *, *, #4757, .F. ) ;
#1882 = VERTEX_POINT ( 'NONE', #4284 ) ;
#1883 = CARTESIAN_POINT ( 'NONE',  ( 4.730000000000001315, 0.5000000000000005551, 0.3499999999999999778 ) ) ;
#1884 = CARTESIAN_POINT ( 'NONE',  ( 4.631806954577857738, 5.884855341312109189, -0.3499999999999999223 ) ) ;
#1885 = DIRECTION ( 'NONE',  ( -0.000000000000000000, 1.000000000000000000, -0.000000000000000000 ) ) ;
#1886 = LINE ( 'NONE', #65, #4211 ) ;
#1887 = ADVANCED_FACE ( 'NONE', ( #3801 ), #1983, .T. ) ;
#1888 = VECTOR ( 'NONE', #4350, 1000.000000000000000 ) ;
#1889 = VECTOR ( 'NONE', #1300, 1000.000000000000000 ) ;
#1890 = SURFACE_SIDE_STYLE ('',( #428 ) ) ;
#1891 = EDGE_LOOP ( 'NONE', ( #3088, #5427, #2068, #1066 ) ) ;
#1892 = EDGE_LOOP ( 'NONE', ( #3640, #1291, #1022, #3075 ) ) ;
#1893 = CARTESIAN_POINT ( 'NONE',  ( 5.528193045422142404, 5.884855341312109189, 0.3500000000000000333 ) ) ;
#1894 = CARTESIAN_POINT ( 'NONE',  ( 5.680000000000000604, 6.299999999999999822, 0.1166666666666665853 ) ) ;
#1895 = ORIENTED_EDGE ( 'NONE', *, *, #5277, .F. ) ;
#1896 = AXIS2_PLACEMENT_3D ( 'NONE', #2687, #3163, #4951 ) ;
#1897 = DIRECTION ( 'NONE',  ( 0.000000000000000000, -1.000000000000000000, 1.668003342285391551E-16 ) ) ;
#1898 = CARTESIAN_POINT ( 'NONE',  ( 1.000000000000000666, 0.8000000000000007105, -0.3499999999999999778 ) ) ;
#1899 = CARTESIAN_POINT ( 'NONE',  ( 2.892524015545778759, 5.732672356334978403, -0.3499999999999999778 ) ) ;
#1900 = FILL_AREA_STYLE_COLOUR ( '', #1355 ) ;
#1901 = PRESENTATION_LAYER_ASSIGNMENT (  '', '', ( #4213 ) ) ;
#1902 = DIRECTION ( 'NONE',  ( 1.000000000000000000, 0.000000000000000000, 0.000000000000000000 ) ) ;
#1903 = PLANE ( 'NONE',  #1052 ) ;
#1904 = CARTESIAN_POINT ( 'NONE',  ( -0.6867549326077613259, 0.5000000000000000000, -0.6500000000000013545 ) ) ;
#1905 = VERTEX_POINT ( 'NONE', #3256 ) ;
#1906 = VERTEX_POINT ( 'NONE', #3230 ) ;
#1907 = VECTOR ( 'NONE', #246, 1000.000000000000000 ) ;
#1908 = CIRCLE ( 'NONE', #1619, 0.2999999999999999334 ) ;
#1909 = FACE_OUTER_BOUND ( 'NONE', #2834, .T. ) ;
#1910 = PRESENTATION_LAYER_ASSIGNMENT (  '', '', ( #484 ) ) ;
#1911 = FACE_OUTER_BOUND ( 'NONE', #3458, .T. ) ;
#1912 = DIRECTION ( 'NONE',  ( -1.000000000000000000, 0.000000000000000000, 7.744301232039316681E-17 ) ) ;
#1913 = ORIENTED_EDGE ( 'NONE', *, *, #2403, .T. ) ;
#1914 = ORIENTED_EDGE ( 'NONE', *, *, #528, .T. ) ;
#1915 = CARTESIAN_POINT ( 'NONE',  ( 0.3252558198818050195, 5.589454083063163381, -0.3499999999999999778 ) ) ;
#1916 = ADVANCED_FACE ( 'NONE', ( #5563 ), #5045, .F. ) ;
#1917 = CARTESIAN_POINT ( 'NONE',  ( 2.189999999999999947, 8.000000000000000000, 0.3499999999999999778 ) ) ;
#1918 = FILL_AREA_STYLE ('',( #3245 ) ) ;
#1919 = DIRECTION ( 'NONE',  ( -0.000000000000000000, -0.000000000000000000, -1.000000000000000000 ) ) ;
#1920 = CARTESIAN_POINT ( 'NONE',  ( 2.690000000000002167, -3.000000000000000000, 0.3499999999999999778 ) ) ;
#1921 = ORIENTED_EDGE ( 'NONE', *, *, #714, .T. ) ;
#1922 = ADVANCED_FACE ( 'NONE', ( #43 ), #2870, .F. ) ;
#1923 = DIRECTION ( 'NONE',  ( 1.000000000000000000, 0.000000000000000000, 0.000000000000000000 ) ) ;
#1924 = AXIS2_PLACEMENT_3D ( 'NONE', #5250, #2987, #4807 ) ;
#1925 = CARTESIAN_POINT ( 'NONE',  ( 0.6000000000000005329, 6.299999999999999822, -0.3499999999999999778 ) ) ;
#1926 = PLANE ( 'NONE',  #5794 ) ;
#1927 = VERTEX_POINT ( 'NONE', #580 ) ;
#1928 = DIRECTION ( 'NONE',  ( -1.000000000000000000, -1.084202172485504434E-16, 0.000000000000000000 ) ) ;
#1929 = PRESENTATION_LAYER_ASSIGNMENT (  '', '', ( #2310 ) ) ;
#1930 = DIRECTION ( 'NONE',  ( -0.000000000000000000, 0.000000000000000000, 1.000000000000000000 ) ) ;
#1931 = SURFACE_STYLE_FILL_AREA ( #2358 ) ;
#1932 = CARTESIAN_POINT ( 'NONE',  ( 3.140000000000000568, 6.299999999999999822, 0.3849999999999998979 ) ) ;
#1933 = LINE ( 'NONE', #3781, #3839 ) ;
#1934 = ORIENTED_EDGE ( 'NONE', *, *, #1442, .T. ) ;
#1935 = VECTOR ( 'NONE', #3769, 1000.000000000000000 ) ;
#1936 = ORIENTED_EDGE ( 'NONE', *, *, #4674, .T. ) ;
#1937 = UNCERTAINTY_MEASURE_WITH_UNIT (LENGTH_MEASURE( 1.000000000000000082E-05 ), #4630, 'distance_accuracy_value', 'NONE');
#1938 = EDGE_CURVE ( 'NONE', #143, #2811, #2420, .T. ) ;
#1939 = DIRECTION ( 'NONE',  ( -1.000000000000000000, -3.097720492815726426E-17, 0.000000000000000000 ) ) ;
#1940 = AXIS2_PLACEMENT_3D ( 'NONE', #128, #1565, #991 ) ;
#1941 = CARTESIAN_POINT ( 'NONE',  ( 6.080000000000000071, 6.500000000000000888, 0.3499999999999989231 ) ) ;
#1942 = STYLED_ITEM ( 'NONE', ( #4944 ), #491 ) ;
#1943 = FACE_OUTER_BOUND ( 'NONE', #2014, .T. ) ;
#1944 = ORIENTED_EDGE ( 'NONE', *, *, #2677, .F. ) ;
#1945 = CARTESIAN_POINT ( 'NONE',  ( -1.000000000000000000, 6.500000000000000888, 0.3499999999999989231 ) ) ;
#1946 = CARTESIAN_POINT ( 'NONE',  ( 6.080000000000000071, 1.800000000000000488, 0.3499999999999999778 ) ) ;
#1947 = LINE ( 'NONE', #4, #4014 ) ;
#1948 = FILL_AREA_STYLE ('',( #4653 ) ) ;
#1949 = VECTOR ( 'NONE', #410, 1000.000000000000000 ) ;
#1950 =( GEOMETRIC_REPRESENTATION_CONTEXT ( 3 ) GLOBAL_UNCERTAINTY_ASSIGNED_CONTEXT ( ( #977 ) ) GLOBAL_UNIT_ASSIGNED_CONTEXT ( ( #3700, #4949, #4616 ) ) REPRESENTATION_CONTEXT ( 'NONE', 'WORKASPACE' ) );
#1951 = VERTEX_POINT ( 'NONE', #613 ) ;
#1952 = AXIS2_PLACEMENT_3D ( 'NONE', #5581, #3729, #1471 ) ;
#1953 = ORIENTED_EDGE ( 'NONE', *, *, #170, .T. ) ;
#1954 = CARTESIAN_POINT ( 'NONE',  ( 4.480000000000001315, 6.299999999999999822, 0.1166666666666665853 ) ) ;
#1955 = CARTESIAN_POINT ( 'NONE',  ( 6.549999999999999822, 0.5000000000000000000, -0.6499999999999989120 ) ) ;
#1956 = EDGE_CURVE ( 'NONE', #2646, #91, #4175, .T. ) ;
#1957 = ORIENTED_EDGE ( 'NONE', *, *, #2890, .T. ) ;
#1958 = DIRECTION ( 'NONE',  ( 1.121588454295349533E-16, -1.000000000000000000, 0.000000000000000000 ) ) ;
#1959 = DIRECTION ( 'NONE',  ( 1.000000000000000000, 0.000000000000000000, 0.000000000000000000 ) ) ;
#1960 = SURFACE_STYLE_USAGE ( .BOTH. , #641 ) ;
#1961 =( NAMED_UNIT ( * ) SI_UNIT ( $, .STERADIAN. ) SOLID_ANGLE_UNIT ( ) );
#1962 = CARTESIAN_POINT ( 'NONE',  ( 4.729999999999999538, 8.199999999999999289, 0.3499999999999999778 ) ) ;
#1963 = PLANE ( 'NONE',  #4122 ) ;
#1964 = DIRECTION ( 'NONE',  ( -1.000000000000000000, -0.000000000000000000, -0.000000000000000000 ) ) ;
#1965 = ADVANCED_FACE ( 'NONE', ( #2989 ), #5762, .T. ) ;
#1966 = ORIENTED_EDGE ( 'NONE', *, *, #2026, .T. ) ;
#1967 = ORIENTED_EDGE ( 'NONE', *, *, #316, .F. ) ;
#1968 = CARTESIAN_POINT ( 'NONE',  ( -0.7805695519715506459, 5.815522798723463893, 0.3499999999999999778 ) ) ;
#1969 = FACE_OUTER_BOUND ( 'NONE', #1398, .T. ) ;
#1970 = CARTESIAN_POINT ( 'NONE',  ( 2.890000000000000124, 0.000000000000000000, 0.3499999999999999778 ) ) ;
#1971 = CARTESIAN_POINT ( 'NONE',  ( 0.3525240155457787239, 5.732672356334978403, -0.3499999999999999778 ) ) ;
#1972 = ADVANCED_FACE ( 'NONE', ( #2072 ), #2977, .T. ) ;
#1973 = ORIENTED_EDGE ( 'NONE', *, *, #1595, .T. ) ;
#1974 = CARTESIAN_POINT ( 'NONE',  ( -0.8612299008938321121, 5.207834124282345378, -0.3499999999999999778 ) ) ;
#1975 = CARTESIAN_POINT ( 'NONE',  ( 5.780000000000001137, 0.5000000000000006661, 0.3499999999999999778 ) ) ;
#1976 = CARTESIAN_POINT ( 'NONE',  ( -1.000000000000000000, 6.500000000000000888, 0.3499999999999989231 ) ) ;
#1977 = PRESENTATION_STYLE_ASSIGNMENT (( #5700 ) ) ;
#1978 = CARTESIAN_POINT ( 'NONE',  ( 6.080000000000000071, 1.800000000000000488, 0.1283333333333333270 ) ) ;
#1979 = CARTESIAN_POINT ( 'NONE',  ( 0.6867549326077613259, 6.500000000000000888, 0.3499999999999988676 ) ) ;
#1980 = ORIENTED_EDGE ( 'NONE', *, *, #4932, .F. ) ;
#1981 = ORIENTED_EDGE ( 'NONE', *, *, #1338, .T. ) ;
#1982 = CARTESIAN_POINT ( 'NONE',  ( 4.480000000000000426, 6.299999999999999822, -0.3499999999999999778 ) ) ;
#1983 = CYLINDRICAL_SURFACE ( 'NONE', #4277, 0.2999999999999999334 ) ;
#1984 = VERTEX_POINT ( 'NONE', #4755 ) ;
#1985 = VECTOR ( 'NONE', #1430, 1000.000000000000000 ) ;
#1986 = SURFACE_SIDE_STYLE ('',( #4313 ) ) ;
#1987 = CARTESIAN_POINT ( 'NONE',  ( 0.3500000000000000333, 8.000000000000000000, 0.3499999999999999778 ) ) ;
#1988 = CARTESIAN_POINT ( 'NONE',  ( -0.3500000000000000333, 8.000000000000000000, 0.3499999999999999778 ) ) ;
#1989 = EDGE_CURVE ( 'NONE', #1554, #3318, #636, .T. ) ;
#1990 = CARTESIAN_POINT ( 'NONE',  ( 0.8775285524311584595, 5.050332720359886451, -0.3500000000000000333 ) ) ;
#1991 = FILL_AREA_STYLE ('',( #2816 ) ) ;
#1992 = DIRECTION ( 'NONE',  ( -1.000000000000000000, 0.000000000000000000, 0.000000000000000000 ) ) ;
#1993 = VECTOR ( 'NONE', #773, 1000.000000000000000 ) ;
#1994 = ORIENTED_EDGE ( 'NONE', *, *, #5299, .T. ) ;
#1995 = PRESENTATION_STYLE_ASSIGNMENT (( #5629 ) ) ;
#1996 = VECTOR ( 'NONE', #5667, 1000.000000000000000 ) ;
#1997 = CARTESIAN_POINT ( 'NONE',  ( 5.430000000000000604, 8.000000000000000000, 0.3499999999999999778 ) ) ;
#1998 = ADVANCED_FACE ( 'NONE', ( #2959 ), #2096, .F. ) ;
#1999 = CARTESIAN_POINT ( 'NONE',  ( 0.000000000000000000, 6.299999999999999822, 0.3499999999999999778 ) ) ;
#2000 = CARTESIAN_POINT ( 'NONE',  ( 0.3500000000000000333, 8.000000000000000000, -0.3500000000000000333 ) ) ;
#2001 = LINE ( 'NONE', #1971, #4011 ) ;
#2002 = VECTOR ( 'NONE', #3588, 1000.000000000000000 ) ;
#2003 = ORIENTED_EDGE ( 'NONE', *, *, #3552, .T. ) ;
#2004 = STYLED_ITEM ( 'NONE', ( #3431 ), #1081 ) ;
#2005 = LINE ( 'NONE', #1883, #5630 ) ;
#2006 = EDGE_CURVE ( 'NONE', #1152, #5100, #745, .T. ) ;
#2007 = MECHANICAL_DESIGN_GEOMETRIC_PRESENTATION_REPRESENTATION (  '', ( #4018 ), #2785 ) ;
#2008 = COLOUR_RGB ( '',0.8313725490196077761, 0.6705882352941175961, 0.1294117647058823373 ) ;
#2009 = PLANE ( 'NONE',  #2734 ) ;
#2010 = CARTESIAN_POINT ( 'NONE',  ( 2.865255819881805444, 5.589454083063163381, -0.3499999999999999778 ) ) ;
#2011 = CARTESIAN_POINT ( 'NONE',  ( 2.040000000000001812, 6.299999999999999822, 0.3499999999999999778 ) ) ;
#2012 = VECTOR ( 'NONE', #1360, 1000.000000000000000 ) ;
#2013 = CARTESIAN_POINT ( 'NONE',  ( 3.268502052288794868, 6.125528511109557428, 0.3499999999999999778 ) ) ;
#2014 = EDGE_LOOP ( 'NONE', ( #4462, #4166, #3822, #1314 ) ) ;
#2015 = ORIENTED_EDGE ( 'NONE', *, *, #1513, .F. ) ;
#2016 = FILL_AREA_STYLE ('',( #2447 ) ) ;
#2017 = CARTESIAN_POINT ( 'NONE',  ( 1.566953799075549103, 3.450480068928325927, -0.3500000000000000333 ) ) ;
#2018 =( LENGTH_UNIT ( ) NAMED_UNIT ( * ) SI_UNIT ( .MILLI., .METRE. ) );
#2019 = VERTEX_POINT ( 'NONE', #2372 ) ;
#2020 = SURFACE_SIDE_STYLE ('',( #1603 ) ) ;
#2021 = DIRECTION ( 'NONE',  ( -1.000000000000000000, 0.000000000000000000, -0.000000000000000000 ) ) ;
#2022 = DIRECTION ( 'NONE',  ( 0.000000000000000000, 0.000000000000000000, 1.000000000000000000 ) ) ;
#2023 = FILL_AREA_STYLE ('',( #5715 ) ) ;
#2024 = FILL_AREA_STYLE_COLOUR ( '', #2448 ) ;
#2025 = ORIENTED_EDGE ( 'NONE', *, *, #676, .T. ) ;
#2026 = EDGE_CURVE ( 'NONE', #4094, #2551, #4439, .T. ) ;
#2027 = CARTESIAN_POINT ( 'NONE',  ( 0.6000000000000005329, 6.299999999999999822, -0.1283333333333334936 ) ) ;
#2028 = CARTESIAN_POINT ( 'NONE',  ( 1.540000000000000924, 6.299999999999999822, -0.1283333333333334936 ) ) ;
#2029 = CARTESIAN_POINT ( 'NONE',  ( 5.939267235522908805, 5.226749775238716644, -0.3500000000000001443 ) ) ;
#2030 = CARTESIAN_POINT ( 'NONE',  ( 3.226754932607761361, 6.500000000000000888, 0.3499999999999988676 ) ) ;
#2031 = VECTOR ( 'NONE', #407, 1000.000000000000000 ) ;
#2032 = ORIENTED_EDGE ( 'NONE', *, *, #3067, .F. ) ;
#2033 = EDGE_CURVE ( 'NONE', #5192, #1510, #5795, .T. ) ;
#2034 = MECHANICAL_DESIGN_GEOMETRIC_PRESENTATION_REPRESENTATION (  '', ( #2912 ), #980 ) ;
#2035 = PRODUCT_DEFINITION_CONTEXT ( 'detailed design', #3296, 'design' ) ;
#2036 = CARTESIAN_POINT ( 'NONE',  ( -0.7982104639796570034, 5.709058272657557609, -0.3499999999999999223 ) ) ;
#2037 = SURFACE_STYLE_USAGE ( .BOTH. , #1252 ) ;
#2038 = CARTESIAN_POINT ( 'NONE',  ( 3.185466478527304801, 3.877691542223584698, -0.3499999999999999778 ) ) ;
#2039 =( LENGTH_UNIT ( ) NAMED_UNIT ( * ) SI_UNIT ( .MILLI., .METRE. ) );
#2040 = CARTESIAN_POINT ( 'NONE',  ( 2.018154266116020334, 5.626229152235333153, 0.3499999999999999778 ) ) ;
#2041 =( GEOMETRIC_REPRESENTATION_CONTEXT ( 3 ) GLOBAL_UNCERTAINTY_ASSIGNED_CONTEXT ( ( #4330 ) ) GLOBAL_UNIT_ASSIGNED_CONTEXT ( ( #5219, #2383, #1021 ) ) REPRESENTATION_CONTEXT ( 'NONE', 'WORKASPACE' ) );
#2042 = EDGE_CURVE ( 'NONE', #2705, #1249, #2772, .T. ) ;
#2043 = VECTOR ( 'NONE', #5606, 1000.000000000000000 ) ;
#2044 = CARTESIAN_POINT ( 'NONE',  ( 3.371453400084237551, 5.476966929918533289, 0.3499999999999999223 ) ) ;
#2045 = VERTEX_POINT ( 'NONE', #2156 ) ;
#2046 = CARTESIAN_POINT ( 'NONE',  ( 4.727475984454220459, 5.732672356334980179, 0.3499999999999999778 ) ) ;
#2047 = FILL_AREA_STYLE ('',( #189 ) ) ;
#2048 = CARTESIAN_POINT ( 'NONE',  ( 1.811497947711105727, 6.125528511109506802, -0.3500000000000000333 ) ) ;
#2049 = DIRECTION ( 'NONE',  ( 1.084202172485504434E-16, -1.000000000000000000, 0.000000000000000000 ) ) ;
#2050 = ORIENTED_EDGE ( 'NONE', *, *, #2099, .T. ) ;
#2051 = MECHANICAL_DESIGN_GEOMETRIC_PRESENTATION_REPRESENTATION (  '', ( #4066 ), #5115 ) ;
#2052 = FACE_OUTER_BOUND ( 'NONE', #1448, .T. ) ;
#2053 = FILL_AREA_STYLE ('',( #3832 ) ) ;
#2054 = CARTESIAN_POINT ( 'NONE',  ( 5.949615242270665405, 8.500000000000000000, 0.8696152422706645568 ) ) ;
#2055 =( NAMED_UNIT ( * ) SI_UNIT ( $, .STERADIAN. ) SOLID_ANGLE_UNIT ( ) );
#2056 =( NAMED_UNIT ( * ) SI_UNIT ( $, .STERADIAN. ) SOLID_ANGLE_UNIT ( ) );
#2057 = VERTEX_POINT ( 'NONE', #333 ) ;
#2058 = MECHANICAL_DESIGN_GEOMETRIC_PRESENTATION_REPRESENTATION (  '', ( #5787 ), #5123 ) ;
#2059 = SURFACE_SIDE_STYLE ('',( #2940 ) ) ;
#2060 = CARTESIAN_POINT ( 'NONE',  ( -0.6867549326077613259, 6.500000000000000888, -0.6500000000000017986 ) ) ;
#2061 = CARTESIAN_POINT ( 'NONE',  ( 5.860569551971559932, 5.815522798723455900, -0.3499999999999999223 ) ) ;
#2062 = MECHANICAL_DESIGN_GEOMETRIC_PRESENTATION_REPRESENTATION (  '', ( #5418 ), #532 ) ;
#2063 = PLANE ( 'NONE',  #3433 ) ;
#2064 = VERTEX_POINT ( 'NONE', #364 ) ;
#2065 = CARTESIAN_POINT ( 'NONE',  ( 0.4633568989079006606, 1.699999999999997957, 0.3500000000000000333 ) ) ;
#2066 = CARTESIAN_POINT ( 'NONE',  ( 5.949615242270665405, 8.500000000000000000, -0.8696152422706648899 ) ) ;
#2067 = FACE_OUTER_BOUND ( 'NONE', #5812, .T. ) ;
#2068 = ORIENTED_EDGE ( 'NONE', *, *, #3666, .F. ) ;
#2069 = LINE ( 'NONE', #3587, #37 ) ;
#2070 =( LENGTH_UNIT ( ) NAMED_UNIT ( * ) SI_UNIT ( .MILLI., .METRE. ) );
#2071 = EDGE_CURVE ( 'NONE', #3117, #5105, #3591, .T. ) ;
#2072 = FACE_OUTER_BOUND ( 'NONE', #910, .T. ) ;
#2073 = ORIENTED_EDGE ( 'NONE', *, *, #5633, .T. ) ;
#2074 = DIRECTION ( 'NONE',  ( 0.6546536707079769757, -0.3779644730092281413, -0.6546536707079769757 ) ) ;
#2075 = FACE_OUTER_BOUND ( 'NONE', #3545, .T. ) ;
#2076 = ORIENTED_EDGE ( 'NONE', *, *, #289, .F. ) ;
#2077 = CARTESIAN_POINT ( 'NONE',  ( 0.9442769795120042886, 4.091073788932197530, -0.3500000000000001443 ) ) ;
#2078 = VERTEX_POINT ( 'NONE', #834 ) ;
#2079 =( NAMED_UNIT ( * ) PLANE_ANGLE_UNIT ( ) SI_UNIT ( $, .RADIAN. ) );
#2080 = AXIS2_PLACEMENT_3D ( 'NONE', #5837, #3111, #1334 ) ;
#2081 = DIRECTION ( 'NONE',  ( 1.121588454295349533E-16, -1.000000000000000000, 0.000000000000000000 ) ) ;
#2082 = CARTESIAN_POINT ( 'NONE',  ( 3.226754932607761361, 6.500000000000000888, -0.3500000000000010880 ) ) ;
#2083 = ORIENTED_EDGE ( 'NONE', *, *, #5292, .T. ) ;
#2084 = VECTOR ( 'NONE', #3527, 1000.000000000000000 ) ;
#2085 = CARTESIAN_POINT ( 'NONE',  ( 0.4633568989079006606, 1.699999999999997957, -0.3500000000000000333 ) ) ;
#2086 = FACE_OUTER_BOUND ( 'NONE', #144, .T. ) ;
#2087 = SURFACE_STYLE_FILL_AREA ( #1678 ) ;
#2088 = COLOUR_RGB ( '',0.8313725490196077761, 0.6705882352941175961, 0.1294117647058823373 ) ;
#2089 = CARTESIAN_POINT ( 'NONE',  ( 6.080000000000000071, 1.800000000000000488, -0.3849999999999999534 ) ) ;
#2090 = EDGE_CURVE ( 'NONE', #2121, #5817, #4057, .T. ) ;
#2091 = ORIENTED_EDGE ( 'NONE', *, *, #5601, .T. ) ;
#2092 = STYLED_ITEM ( 'NONE', ( #3401 ), #1113 ) ;
#2093 = CARTESIAN_POINT ( 'NONE',  ( 0.9147081045646002773, 4.597665842580766160, 0.3499999999999999223 ) ) ;
#2094 = CARTESIAN_POINT ( 'NONE',  ( -0.4999999999999985012, 6.084152315493286167, -0.3499999999999999223 ) ) ;
#2095 = CARTESIAN_POINT ( 'NONE',  ( 1.593913198591397684, 4.056300144720211165, -0.3500000000000000333 ) ) ;
#2096 = PLANE ( 'NONE',  #2932 ) ;
#2097 = MECHANICAL_DESIGN_GEOMETRIC_PRESENTATION_REPRESENTATION (  '', ( #484 ), #1626 ) ;
#2098 = ORIENTED_EDGE ( 'NONE', *, *, #4325, .T. ) ;
#2099 = EDGE_CURVE ( 'NONE', #3360, #3293, #1744, .T. ) ;
#2100 =( NAMED_UNIT ( * ) PLANE_ANGLE_UNIT ( ) SI_UNIT ( $, .RADIAN. ) );
#2101 = VERTEX_POINT ( 'NONE', #947 ) ;
#2102 = DIRECTION ( 'NONE',  ( 0.000000000000000000, 0.000000000000000000, 1.000000000000000000 ) ) ;
#2103 = EDGE_LOOP ( 'NONE', ( #2945, #3672, #5413, #306 ) ) ;
#2104 = CARTESIAN_POINT ( 'NONE',  ( 0.9240581407171550854, 4.443591676420198588, -0.3500000000000000333 ) ) ;
#2105 = CARTESIAN_POINT ( 'NONE',  ( 2.890000000000001013, 1.084202172485506745E-17, 0.3499999999999999778 ) ) ;
#2106 = CARTESIAN_POINT ( 'NONE',  ( 1.540000000000000036, 6.500000000000000888, 0.3499999999999989231 ) ) ;
#2107 = ORIENTED_EDGE ( 'NONE', *, *, #1766, .T. ) ;
#2108 = EDGE_CURVE ( 'NONE', #2406, #3584, #699, .T. ) ;
#2109 = CARTESIAN_POINT ( 'NONE',  ( 2.540000000000000036, 6.500000000000000888, -1.155688030012021264E-15 ) ) ;
#2110 = CARTESIAN_POINT ( 'NONE',  ( -0.3500000000000000333, 8.000000000000000000, -0.3499999999999999778 ) ) ;
#2111 = CARTESIAN_POINT ( 'NONE',  ( 5.680000000000000604, 6.299999999999999822, -0.3499999999999999778 ) ) ;
#2112 = VECTOR ( 'NONE', #3601, 1000.000000000000000 ) ;
#2113 = ORIENTED_EDGE ( 'NONE', *, *, #5336, .F. ) ;
#2114 = VECTOR ( 'NONE', #396, 1000.000000000000000 ) ;
#2115 = PRESENTATION_STYLE_ASSIGNMENT (( #3003 ) ) ;
#2116 = CARTESIAN_POINT ( 'NONE',  ( 5.911453400084235810, 5.476966929918534177, 0.3499999999999999778 ) ) ;
#2117 = MECHANICAL_DESIGN_GEOMETRIC_PRESENTATION_REPRESENTATION (  '', ( #4715 ), #406 ) ;
#2118 = DIRECTION ( 'NONE',  ( 1.000000000000000000, 0.000000000000000000, 0.000000000000000000 ) ) ;
#2119 = VECTOR ( 'NONE', #4473, 1000.000000000000000 ) ;
#2120 = UNCERTAINTY_MEASURE_WITH_UNIT (LENGTH_MEASURE( 1.000000000000000082E-05 ), #5753, 'distance_accuracy_value', 'NONE');
#2121 = VERTEX_POINT ( 'NONE', #5891 ) ;
#2122 = AXIS2_PLACEMENT_3D ( 'NONE', #3326, #1392, #1001 ) ;
#2123 = CARTESIAN_POINT ( 'NONE',  ( 0.9488971023511131309, 4.001162287970013054, 0.3499999999999999223 ) ) ;
#2124 = CARTESIAN_POINT ( 'NONE',  ( 5.430000000000000604, 8.199999999999999289, 0.3499999999999999778 ) ) ;
#2125 = DIRECTION ( 'NONE',  ( 0.000000000000000000, 0.000000000000000000, -1.000000000000000000 ) ) ;
#2126 = PRESENTATION_STYLE_ASSIGNMENT (( #247 ) ) ;
#2127 = VERTEX_POINT ( 'NONE', #3069 ) ;
#2128 = DIRECTION ( 'NONE',  ( 0.000000000000000000, 1.000000000000000000, 0.000000000000000000 ) ) ;
#2129 = ORIENTED_EDGE ( 'NONE', *, *, #5927, .T. ) ;
#2130 = FACE_OUTER_BOUND ( 'NONE', #3868, .T. ) ;
#2131 = EDGE_LOOP ( 'NONE', ( #4110, #3073, #1921, #3727 ) ) ;
#2132 = STYLED_ITEM ( 'NONE', ( #2520 ), #5008 ) ;
#2133 = CARTESIAN_POINT ( 'NONE',  ( 2.040000000000001812, 6.299999999999999822, 0.3499999999999999778 ) ) ;
#2134 = LINE ( 'NONE', #2515, #1485 ) ;
#2135 = EDGE_CURVE ( 'NONE', #4699, #1397, #2688, .T. ) ;
#2136 = MECHANICAL_DESIGN_GEOMETRIC_PRESENTATION_REPRESENTATION (  '', ( #5600 ), #4164 ) ;
#2137 = EDGE_LOOP ( 'NONE', ( #3523, #5788, #5303, #1844 ) ) ;
#2138 = CARTESIAN_POINT ( 'NONE',  ( -0.6867549326077613259, 0.5000000000000000000, -0.3500000000000000888 ) ) ;
#2139 =( LENGTH_UNIT ( ) NAMED_UNIT ( * ) SI_UNIT ( .MILLI., .METRE. ) );
#2140 = CARTESIAN_POINT ( 'NONE',  ( 5.761380150321416593, 6.233860305463101881, -0.3499999999999998113 ) ) ;
#2141 = CARTESIAN_POINT ( 'NONE',  ( 2.189999999999999947, 8.199999999999999289, 0.3499999999999999778 ) ) ;
#2142 = DIRECTION ( 'NONE',  ( 0.000000000000000000, -0.000000000000000000, -1.000000000000000000 ) ) ;
#2143 = EDGE_CURVE ( 'NONE', #2563, #614, #3101, .T. ) ;
#2144 = MECHANICAL_DESIGN_GEOMETRIC_PRESENTATION_REPRESENTATION (  '', ( #3215 ), #325 ) ;
#2145 = ORIENTED_EDGE ( 'NONE', *, *, #2555, .T. ) ;
#2146 = ORIENTED_EDGE ( 'NONE', *, *, #104, .F. ) ;
#2147 = AXIS2_PLACEMENT_3D ( 'NONE', #1576, #2964, #5712 ) ;
#2148 = FACE_OUTER_BOUND ( 'NONE', #3334, .T. ) ;
#2149 = CARTESIAN_POINT ( 'NONE',  ( 6.026086801408603755, 4.056300144720193401, 0.3499999999999999778 ) ) ;
#2150 = DIRECTION ( 'NONE',  ( -0.000000000000000000, 0.000000000000000000, 1.000000000000000000 ) ) ;
#2151 = ORIENTED_EDGE ( 'NONE', *, *, #2792, .T. ) ;
#2152 = CARTESIAN_POINT ( 'NONE',  ( 0.8615757348916189828, 5.204467366490783675, 0.3500000000000000333 ) ) ;
#2153 = DIRECTION ( 'NONE',  ( -0.000000000000000000, -1.000000000000000000, 1.668003342285391551E-16 ) ) ;
#2154 = DIRECTION ( 'NONE',  ( 1.000000000000000000, 0.000000000000000000, 0.000000000000000000 ) ) ;
#2155 = CARTESIAN_POINT ( 'NONE',  ( 4.080000000000000071, 6.500000000000000888, -0.3500000000000010880 ) ) ;
#2156 = CARTESIAN_POINT ( 'NONE',  ( -0.5999999999999996447, 6.299999999999999822, 0.3499999999999999778 ) ) ;
#2157 = VERTEX_POINT ( 'NONE', #1289 ) ;
#2158 = LINE ( 'NONE', #1687, #1370 ) ;
#2159 = VERTEX_POINT ( 'NONE', #5088 ) ;
#2160 = CARTESIAN_POINT ( 'NONE',  ( 2.540000000000000036, -3.000000000000000000, 0.3499999999999999778 ) ) ;
#2161 = ORIENTED_EDGE ( 'NONE', *, *, #1123, .F. ) ;
#2162 = MECHANICAL_DESIGN_GEOMETRIC_PRESENTATION_REPRESENTATION (  '', ( #5233 ), #2369 ) ;
#2163 = DIRECTION ( 'NONE',  ( -0.000000000000000000, -1.668003342285388099E-16, -1.000000000000000000 ) ) ;
#2164 = CARTESIAN_POINT ( 'NONE',  ( -0.6999999999999995115, 0.5000000000000004441, -0.3499999999999999778 ) ) ;
#2165 = ORIENTED_EDGE ( 'NONE', *, *, #5553, .F. ) ;
#2166 = FILL_AREA_STYLE ('',( #3081 ) ) ;
#2167 = EDGE_CURVE ( 'NONE', #3379, #1657, #3164, .T. ) ;
#2168 = UNCERTAINTY_MEASURE_WITH_UNIT (LENGTH_MEASURE( 1.000000000000000082E-05 ), #4078, 'distance_accuracy_value', 'NONE');
#2169 = FACE_OUTER_BOUND ( 'NONE', #5191, .T. ) ;
#2170 = CARTESIAN_POINT ( 'NONE',  ( 1.540000000000000036, 6.500000000000000888, 0.3499999999999989231 ) ) ;
#2171 = DIRECTION ( 'NONE',  ( -1.000000000000000000, -0.000000000000000000, -0.000000000000000000 ) ) ;
#2172 = VECTOR ( 'NONE', #4395, 1000.000000000000000 ) ;
#2173 = SURFACE_SIDE_STYLE ('',( #5720 ) ) ;
#2174 = VERTEX_POINT ( 'NONE', #4919 ) ;
#2175 = VERTEX_POINT ( 'NONE', #4504 ) ;
#2176 = ADVANCED_FACE ( 'NONE', ( #4647 ), #2218, .F. ) ;
#2177 = CARTESIAN_POINT ( 'NONE',  ( 5.430000000000000604, -2.800000000000001155, 0.3499999999999999778 ) ) ;
#2178 = CARTESIAN_POINT ( 'NONE',  ( 4.380000000000000782, 0.8000000000000004885, 0.3499999999999999778 ) ) ;
#2179 = CARTESIAN_POINT ( 'NONE',  ( 0.4481930454221421667, 5.884855341312110966, -0.3500000000000000333 ) ) ;
#2180 = MECHANICAL_DESIGN_GEOMETRIC_PRESENTATION_REPRESENTATION (  '', ( #4305 ), #3051 ) ;
#2181 = EDGE_CURVE ( 'NONE', #5817, #3200, #1496, .T. ) ;
#2182 = ORIENTED_EDGE ( 'NONE', *, *, #4611, .T. ) ;
#2183 = VECTOR ( 'NONE', #3757, 1000.000000000000000 ) ;
#2184 = CARTESIAN_POINT ( 'NONE',  ( 5.230000000000002203, -3.000000000000000000, 0.3499999999999999778 ) ) ;
#2185 = LINE ( 'NONE', #863, #5554 ) ;
#2186 = LINE ( 'NONE', #2686, #4612 ) ;
#2187 = CARTESIAN_POINT ( 'NONE',  ( 6.549999999999999822, 0.5000000000000000000, -0.6499999999999989120 ) ) ;
#2188 = DIRECTION ( 'NONE',  ( -0.000000000000000000, -1.000000000000000000, 1.668003342285392044E-16 ) ) ;
#2189 = EDGE_LOOP ( 'NONE', ( #4466, #4306, #2750, #3569 ) ) ;
#2190 = VECTOR ( 'NONE', #3962, 1000.000000000000000 ) ;
#2191 = LINE ( 'NONE', #4442, #1267 ) ;
#2192 = ORIENTED_EDGE ( 'NONE', *, *, #2135, .T. ) ;
#2193 = SURFACE_STYLE_USAGE ( .BOTH. , #4178 ) ;
#2194 = ORIENTED_EDGE ( 'NONE', *, *, #5529, .T. ) ;
#2195 = DIRECTION ( 'NONE',  ( 0.000000000000000000, 1.000000000000000000, -3.097720492815727166E-16 ) ) ;
#2196 = MECHANICAL_DESIGN_GEOMETRIC_PRESENTATION_REPRESENTATION (  '', ( #5846 ), #5370 ) ;
#2197 = DIRECTION ( 'NONE',  ( 1.121588454295349533E-16, -1.000000000000000000, 0.000000000000000000 ) ) ;
#2198 = CARTESIAN_POINT ( 'NONE',  ( 1.804957989553974684, 6.043840788194787983, 0.3500000000000000888 ) ) ;
#2199 = ORIENTED_EDGE ( 'NONE', *, *, #546, .T. ) ;
#2200 = CARTESIAN_POINT ( 'NONE',  ( -0.9442769795120112830, 4.091073788932124700, 0.3500000000000000888 ) ) ;
#2201 = FILL_AREA_STYLE_COLOUR ( '', #1609 ) ;
#2202 =( GEOMETRIC_REPRESENTATION_CONTEXT ( 3 ) GLOBAL_UNCERTAINTY_ASSIGNED_CONTEXT ( ( #81 ) ) GLOBAL_UNIT_ASSIGNED_CONTEXT ( ( #1309, #5460, #1821 ) ) REPRESENTATION_CONTEXT ( 'NONE', 'WORKASPACE' ) );
#2203 = CARTESIAN_POINT ( 'NONE',  ( 5.230000000000002203, -3.000000000000000000, 0.3499999999999999778 ) ) ;
#2204 = CARTESIAN_POINT ( 'NONE',  ( 6.080000000000003624, 2.615493535622418264, -0.3500000000000000888 ) ) ;
#2205 = CARTESIAN_POINT ( 'NONE',  ( -1.000000000000000000, 6.500000000000000888, -0.3500000000000010880 ) ) ;
#2206 = EDGE_CURVE ( 'NONE', #4145, #1732, #4738, .T. ) ;
#2207 = ORIENTED_EDGE ( 'NONE', *, *, #2822, .T. ) ;
#2208 = ORIENTED_EDGE ( 'NONE', *, *, #97, .T. ) ;
#2209 = CYLINDRICAL_SURFACE ( 'NONE', #4910, 0.2999999999999999334 ) ;
#2210 = FILL_AREA_STYLE ('',( #56 ) ) ;
#2211 = SURFACE_STYLE_USAGE ( .BOTH. , #3550 ) ;
#2212 = EDGE_CURVE ( 'NONE', #1717, #2646, #2001, .T. ) ;
#2213 = UNCERTAINTY_MEASURE_WITH_UNIT (LENGTH_MEASURE( 1.000000000000000082E-05 ), #1424, 'distance_accuracy_value', 'NONE');
#2214 = VERTEX_POINT ( 'NONE', #5126 ) ;
#2215 = CARTESIAN_POINT ( 'NONE',  ( 3.326758496035389090, 5.779404586027643731, -0.3500000000000000333 ) ) ;
#2216 = CARTESIAN_POINT ( 'NONE',  ( -0.3252558198818047974, 5.589454083063166046, 0.3499999999999999778 ) ) ;
#2217 = CARTESIAN_POINT ( 'NONE',  ( 1.540000000000000702, 0.8000000000000004885, 0.3499999999999999778 ) ) ;
#2218 = PLANE ( 'NONE',  #937 ) ;
#2219 = EDGE_CURVE ( 'NONE', #3476, #3517, #4767, .T. ) ;
#2220 = ORIENTED_EDGE ( 'NONE', *, *, #1568, .F. ) ;
#2221 =( NAMED_UNIT ( * ) PLANE_ANGLE_UNIT ( ) SI_UNIT ( $, .RADIAN. ) );
#2222 = ORIENTED_EDGE ( 'NONE', *, *, #4169, .T. ) ;
#2223 = DIRECTION ( 'NONE',  ( 1.000000000000000000, 0.000000000000000000, 0.000000000000000000 ) ) ;
#2224 = STYLED_ITEM ( 'NONE', ( #2692 ), #5860 ) ;
#2225 = ORIENTED_EDGE ( 'NONE', *, *, #1231, .F. ) ;
#2226 = CARTESIAN_POINT ( 'NONE',  ( -0.6867549326077613259, 8.000000000000000000, -0.6500000000000025757 ) ) ;
#2227 = CARTESIAN_POINT ( 'NONE',  ( -0.9999999999999996669, 6.299999999999999822, -0.3849999999999998979 ) ) ;
#2228 =( NAMED_UNIT ( * ) PLANE_ANGLE_UNIT ( ) SI_UNIT ( $, .RADIAN. ) );
#2229 = EDGE_CURVE ( 'NONE', #2722, #1690, #3309, .T. ) ;
#2230 = VERTEX_POINT ( 'NONE', #1552 ) ;
#2231 = CIRCLE ( 'NONE', #416, 0.1999999999999996503 ) ;
#2232 = SURFACE_SIDE_STYLE ('',( #1727 ) ) ;
#2233 =( NAMED_UNIT ( * ) PLANE_ANGLE_UNIT ( ) SI_UNIT ( $, .RADIAN. ) );
#2234 = CARTESIAN_POINT ( 'NONE',  ( 2.890000000000000124, 8.199999999999999289, -0.3500000000000000333 ) ) ;
#2235 = FILL_AREA_STYLE_COLOUR ( '', #2833 ) ;
#2236 = PRESENTATION_LAYER_ASSIGNMENT (  '', '', ( #4828 ) ) ;
#2237 = ORIENTED_EDGE ( 'NONE', *, *, #5744, .F. ) ;
#2238 = VECTOR ( 'NONE', #1197, 1000.000000000000000 ) ;
#2239 = ORIENTED_EDGE ( 'NONE', *, *, #1706, .T. ) ;
#2240 = SURFACE_STYLE_FILL_AREA ( #2708 ) ;
#2241 = EDGE_CURVE ( 'NONE', #3736, #4145, #3848, .T. ) ;
#2242 =( BOUNDED_SURFACE ( )  B_SPLINE_SURFACE ( 2, 3, ( 
 ( #2089, #1168, #1978, #4378 ),
 ( #1082, #5216, #713, #3821 ),
 ( #2952, #2983, #2499, #1112 ) ),
 .UNSPECIFIED., .F., .F., .F. ) 
 B_SPLINE_SURFACE_WITH_KNOTS ( ( 3, 3 ),
 ( 4, 4 ),
 ( 0.000000000000000000, 1.000000000000000000 ),
 ( -0.0007349999999999999763, 3.500000000000000371E-05 ),
 .UNSPECIFIED. ) 
 GEOMETRIC_REPRESENTATION_ITEM ( )  RATIONAL_B_SPLINE_SURFACE ( (
 ( 1.000000000000000000, 1.000000000000000000, 1.000000000000000000, 1.000000000000000000),
 ( 0.7071067811865475727, 0.7071067811865475727, 0.7071067811865475727, 0.7071067811865475727),
 ( 1.000000000000000000, 1.000000000000000000, 1.000000000000000000, 1.000000000000000000) ) ) 
 REPRESENTATION_ITEM ( '' )  SURFACE ( )  );
#2243 = CARTESIAN_POINT ( 'NONE',  ( 4.080000000000000959, 6.299999999999999822, -0.1283333333333334936 ) ) ;
#2244 = VECTOR ( 'NONE', #3837, 1000.000000000000000 ) ;
#2245 = VERTEX_POINT ( 'NONE', #3340 ) ;
#2246 = EDGE_CURVE ( 'NONE', #1510, #4756, #5152, .T. ) ;
#2247 = ADVANCED_FACE ( 'NONE', ( #650 ), #2855, .F. ) ;
#2248 = DIRECTION ( 'NONE',  ( 0.000000000000000000, 0.000000000000000000, 1.000000000000000000 ) ) ;
#2249 = CARTESIAN_POINT ( 'NONE',  ( -0.3500000000000000333, 8.000000000000000000, -0.3499999999999999778 ) ) ;
#2250 = ORIENTED_EDGE ( 'NONE', *, *, #302, .F. ) ;
#2251 = ORIENTED_EDGE ( 'NONE', *, *, #3218, .F. ) ;
#2252 = EDGE_CURVE ( 'NONE', #1383, #1268, #1105, .T. ) ;
#2253 = ORIENTED_EDGE ( 'NONE', *, *, #4498, .T. ) ;
#2254 = DIRECTION ( 'NONE',  ( 0.000000000000000000, -0.000000000000000000, -1.000000000000000000 ) ) ;
#2255 = FACE_OUTER_BOUND ( 'NONE', #3849, .T. ) ;
#2256 = ORIENTED_EDGE ( 'NONE', *, *, #4176, .F. ) ;
#2257 = CARTESIAN_POINT ( 'NONE',  ( 2.018154266116020334, 5.626229152235333153, -0.3499999999999999778 ) ) ;
#2258 = DIRECTION ( 'NONE',  ( -1.000000000000000000, -0.000000000000000000, -0.000000000000000000 ) ) ;
#2259 = SURFACE_SIDE_STYLE ('',( #4161 ) ) ;
#2260 = CARTESIAN_POINT ( 'NONE',  ( 6.022500029944760414, 4.124619419408677601, -0.3500000000000000333 ) ) ;
#2261 = SURFACE_SIDE_STYLE ('',( #2730 ) ) ;
#2262 =( NAMED_UNIT ( * ) PLANE_ANGLE_UNIT ( ) SI_UNIT ( $, .RADIAN. ) );
#2263 = STYLED_ITEM ( 'NONE', ( #3959 ), #3979 ) ;
#2264 = EDGE_LOOP ( 'NONE', ( #4375, #911, #3134, #164, #3184, #5099, #296, #134, #1895, #2939, #3442, #1789 ) ) ;
#2265 = VERTEX_POINT ( 'NONE', #2944 ) ;
#2266 = PRESENTATION_LAYER_ASSIGNMENT (  '', '', ( #1506 ) ) ;
#2267 = FACE_OUTER_BOUND ( 'NONE', #1673, .T. ) ;
#2268 = CARTESIAN_POINT ( 'NONE',  ( 1.940000000000000835, 6.299999999999999822, 0.1166666666666665853 ) ) ;
#2269 = DIRECTION ( 'NONE',  ( 0.000000000000000000, 0.000000000000000000, 1.000000000000000000 ) ) ;
#2270 = MECHANICAL_DESIGN_GEOMETRIC_PRESENTATION_REPRESENTATION (  '', ( #3145 ), #732 ) ;
#2271 =( BOUNDED_SURFACE ( )  B_SPLINE_SURFACE ( 3, 1, ( 
 ( #3663, #4574 ),
 ( #5484, #3211 ),
 ( #4940, #501 ),
 ( #4042, #5026 ),
 ( #909, #4486 ),
 ( #474, #2296 ),
 ( #4132, #20 ) ),
 .UNSPECIFIED., .F., .F., .F. ) 
 B_SPLINE_SURFACE_WITH_KNOTS ( ( 4, 3, 4 ),
 ( 2, 2 ),
 ( 0.000000000000000000, 0.5000000000000000000, 1.000000000000000000 ),
 ( 0.000000000000000000, 1.000000000000000000 ),
 .UNSPECIFIED. ) 
 GEOMETRIC_REPRESENTATION_ITEM ( )  RATIONAL_B_SPLINE_SURFACE ( (
 ( 1.000000000000000000, 1.000000000000000000),
 ( 0.5953481791230077480, 0.5953481791230077480),
 ( 0.5953481791230077480, 0.5953481791230077480),
 ( 1.000000000000000000, 1.000000000000000000),
 ( 0.5953481791230079700, 0.5953481791230079700),
 ( 0.5953481791230079700, 0.5953481791230079700),
 ( 1.000000000000000000, 1.000000000000000000) ) ) 
 REPRESENTATION_ITEM ( '' )  SURFACE ( )  );
#2272 = ORIENTED_EDGE ( 'NONE', *, *, #5332, .F. ) ;
#2273 =( NAMED_UNIT ( * ) SI_UNIT ( $, .STERADIAN. ) SOLID_ANGLE_UNIT ( ) );
#2274 = CARTESIAN_POINT ( 'NONE',  ( 5.725466478527304837, 3.877691542223584698, -0.3499999999999999778 ) ) ;
#2275 = SURFACE_STYLE_USAGE ( .BOTH. , #5012 ) ;
#2276 = EDGE_CURVE ( 'NONE', #1065, #2732, #4203, .T. ) ;
#2277 = VECTOR ( 'NONE', #538, 1000.000000000000000 ) ;
#2278 = CARTESIAN_POINT ( 'NONE',  ( 3.513046200924452300, 3.450480068927959554, 0.3499999999999999778 ) ) ;
#2279 = ORIENTED_EDGE ( 'NONE', *, *, #777, .F. ) ;
#2280 = ORIENTED_EDGE ( 'NONE', *, *, #4450, .F. ) ;
#2281 = CARTESIAN_POINT ( 'NONE',  ( 4.080000000000000071, 6.500000000000000888, 0.3499999999999989231 ) ) ;
#2282 = DIRECTION ( 'NONE',  ( 0.000000000000000000, -0.000000000000000000, -1.000000000000000000 ) ) ;
#2283 = CARTESIAN_POINT ( 'NONE',  ( 1.858619849678662783, 6.233860305463148066, 0.3499999999999999223 ) ) ;
#2284 = VECTOR ( 'NONE', #1912, 1000.000000000000000 ) ;
#2285 = MECHANICAL_DESIGN_GEOMETRIC_PRESENTATION_REPRESENTATION (  '', ( #377 ), #5167 ) ;
#2286 = EDGE_CURVE ( 'NONE', #1290, #1984, #5579, .T. ) ;
#2287 = ORIENTED_EDGE ( 'NONE', *, *, #955, .T. ) ;
#2288 = LINE ( 'NONE', #495, #1169 ) ;
#2289 = CARTESIAN_POINT ( 'NONE',  ( 1.540000000000000036, 0.5000000000000000000, -0.3500000000000000888 ) ) ;
#2290 = VECTOR ( 'NONE', #3806, 1000.000000000000000 ) ;
#2291 = SURFACE_STYLE_USAGE ( .BOTH. , #2259 ) ;
#2292 = PRESENTATION_STYLE_ASSIGNMENT (( #4070 ) ) ;
#2293 = MECHANICAL_DESIGN_GEOMETRIC_PRESENTATION_REPRESENTATION (  '', ( #2092 ), #283 ) ;
#2294 = DIRECTION ( 'NONE',  ( -3.097720492815726426E-17, 1.000000000000000000, 0.000000000000000000 ) ) ;
#2295 = LINE ( 'NONE', #4131, #2887 ) ;
#2296 = CARTESIAN_POINT ( 'NONE',  ( 3.185466478527304801, 3.877691542223586030, -0.3500000000000000888 ) ) ;
#2297 = EDGE_CURVE ( 'NONE', #2848, #2121, #4705, .T. ) ;
#2298 = ORIENTED_EDGE ( 'NONE', *, *, #5114, .F. ) ;
#2299 = CIRCLE ( 'NONE', #4982, 0.1999999999999996503 ) ;
#2300 = ORIENTED_EDGE ( 'NONE', *, *, #3394, .T. ) ;
#2301 = SURFACE_STYLE_FILL_AREA ( #4974 ) ;
#2302 = CARTESIAN_POINT ( 'NONE',  ( -1.469999999999999973, 0.5000000000000000000, -0.6499999999999989120 ) ) ;
#2303 = CARTESIAN_POINT ( 'NONE',  ( 4.137499970055214860, 4.124619419408428911, 0.3499999999999999223 ) ) ;
#2304 = PLANE ( 'NONE',  #5537 ) ;
#2305 = ORIENTED_EDGE ( 'NONE', *, *, #3937, .T. ) ;
#2306 = DIRECTION ( 'NONE',  ( 1.000000000000000000, 1.084202172485504434E-16, 0.000000000000000000 ) ) ;
#2307 = SURFACE_STYLE_USAGE ( .BOTH. , #5520 ) ;
#2308 = PLANE ( 'NONE',  #4219 ) ;
#2309 =( NAMED_UNIT ( * ) PLANE_ANGLE_UNIT ( ) SI_UNIT ( $, .RADIAN. ) );
#2310 = STYLED_ITEM ( 'NONE', ( #4601 ), #5189 ) ;
#2311 = B_SPLINE_CURVE_WITH_KNOTS ( 'NONE', 3,
 ( #1982, #2777, #1954, #1417 ),
 .UNSPECIFIED., .F., .F.,
 ( 4, 4 ),
 ( 0.000000000000000000, 1.000000000000000000 ),
 .UNSPECIFIED. ) ;
#2312 = CARTESIAN_POINT ( 'NONE',  ( 3.485296937195549116, 4.071564961060393451, 0.3499999999999999778 ) ) ;
#2313 = ORIENTED_EDGE ( 'NONE', *, *, #2841, .F. ) ;
#2314 = VERTEX_POINT ( 'NONE', #4671 ) ;
#2315 = SURFACE_STYLE_FILL_AREA ( #1414 ) ;
#2316 = EDGE_CURVE ( 'NONE', #3960, #2396, #2917, .T. ) ;
#2317 = CARTESIAN_POINT ( 'NONE',  ( 5.680000000000000604, 6.299999999999999822, 0.3499999999999999778 ) ) ;
#2318 = ORIENTED_EDGE ( 'NONE', *, *, #4996, .F. ) ;
#2319 = STYLED_ITEM ( 'NONE', ( #5472 ), #5844 ) ;
#2320 = CARTESIAN_POINT ( 'NONE',  ( 4.080000000000000071, 6.500000000000000888, -0.3500000000000010880 ) ) ;
#2321 = FACE_OUTER_BOUND ( 'NONE', #5127, .T. ) ;
#2322 = CARTESIAN_POINT ( 'NONE',  ( 6.080000000000000071, 1.800000000000000488, -0.3499999999999999778 ) ) ;
#2323 = VECTOR ( 'NONE', #2423, 1000.000000000000000 ) ;
#2324 = SURFACE_STYLE_USAGE ( .BOTH. , #3328 ) ;
#2325 = EDGE_CURVE ( 'NONE', #1882, #3318, #150, .T. ) ;
#2326 = LINE ( 'NONE', #1031, #4707 ) ;
#2327 = DIRECTION ( 'NONE',  ( 0.6546536707079769757, -0.3779644730092281413, -0.6546536707079769757 ) ) ;
#2328 = DIRECTION ( 'NONE',  ( 1.000000000000000000, 0.000000000000000000, -0.000000000000000000 ) ) ;
#2329 = PRESENTATION_LAYER_ASSIGNMENT (  '', '', ( #1656 ) ) ;
#2330 = EDGE_LOOP ( 'NONE', ( #3810, #4566, #2538, #3562 ) ) ;
#2331 = ORIENTED_EDGE ( 'NONE', *, *, #3815, .F. ) ;
#2332 = ADVANCED_FACE ( 'NONE', ( #1943 ), #5023, .F. ) ;
#2333 = CARTESIAN_POINT ( 'NONE',  ( 0.3500000000000008105, 1.084202172485506745E-17, 0.3499999999999999778 ) ) ;
#2334 = CARTESIAN_POINT ( 'NONE',  ( 4.080000000000000071, 1.800000000000000488, -0.3849999999999998979 ) ) ;
#2335 = VECTOR ( 'NONE', #2503, 1000.000000000000000 ) ;
#2336 = LINE ( 'NONE', #3241, #1401 ) ;
#2337 = CARTESIAN_POINT ( 'NONE',  ( 2.988193045422142369, 5.884855341312110077, -0.3499999999999999778 ) ) ;
#2338 = EDGE_LOOP ( 'NONE', ( #3938, #4823, #5238, #973 ) ) ;
#2339 =( NAMED_UNIT ( * ) SI_UNIT ( $, .STERADIAN. ) SOLID_ANGLE_UNIT ( ) );
#2340 = EDGE_CURVE ( 'NONE', #1688, #445, #1366, .T. ) ;
#2341 = PRESENTATION_STYLE_ASSIGNMENT (( #2715 ) ) ;
#2342 = LINE ( 'NONE', #5063, #3457 ) ;
#2343 = CARTESIAN_POINT ( 'NONE',  ( -6.734562392116877607E-17, 8.500000000000000000, -0.8696152422706646679 ) ) ;
#2344 = LINE ( 'NONE', #36, #1612 ) ;
#2345 = STYLED_ITEM ( 'NONE', ( #2395 ), #1571 ) ;
#2346 = CARTESIAN_POINT ( 'NONE',  ( 3.485517796674129531, 4.067306563708457112, 0.3500000000000000888 ) ) ;
#2347 = EDGE_LOOP ( 'NONE', ( #926, #883, #3699, #3803 ) ) ;
#2348 = VECTOR ( 'NONE', #811, 1000.000000000000000 ) ;
#2349 = VERTEX_POINT ( 'NONE', #3263 ) ;
#2350 = PLANE ( 'NONE',  #4243 ) ;
#2351 = PRESENTATION_LAYER_ASSIGNMENT (  '', '', ( #3698 ) ) ;
#2352 = CARTESIAN_POINT ( 'NONE',  ( 0.6000000000000005329, 6.299999999999999822, 0.3499999999999999778 ) ) ;
#2353 = CARTESIAN_POINT ( 'NONE',  ( 1.600020115625523598, 4.171275002134291476, 0.3499999999999999778 ) ) ;
#2354 = EDGE_LOOP ( 'NONE', ( #1445, #3000, #598, #522 ) ) ;
#2355 = DIRECTION ( 'NONE',  ( -3.097720492815726426E-17, 1.000000000000000000, 0.000000000000000000 ) ) ;
#2356 = SURFACE_SIDE_STYLE ('',( #4936 ) ) ;
#2357 = CARTESIAN_POINT ( 'NONE',  ( 6.080000000000000959, 1.800000000000000488, 0.1166666666666665853 ) ) ;
#2358 = FILL_AREA_STYLE ('',( #4192 ) ) ;
#2359 = FACE_OUTER_BOUND ( 'NONE', #2719, .T. ) ;
#2360 = CARTESIAN_POINT ( 'NONE',  ( 4.729999999999999538, 8.199999999999999289, 0.3499999999999999778 ) ) ;
#2361 =( NAMED_UNIT ( * ) SI_UNIT ( $, .STERADIAN. ) SOLID_ANGLE_UNIT ( ) );
#2362 = UNCERTAINTY_MEASURE_WITH_UNIT (LENGTH_MEASURE( 1.000000000000000082E-05 ), #2676, 'distance_accuracy_value', 'NONE');
#2363 = EDGE_LOOP ( 'NONE', ( #4474, #5938, #252, #2280 ) ) ;
#2364 = ORIENTED_EDGE ( 'NONE', *, *, #2711, .F. ) ;
#2365 = UNCERTAINTY_MEASURE_WITH_UNIT (LENGTH_MEASURE( 1.000000000000000082E-05 ), #4722, 'distance_accuracy_value', 'NONE');
#2366 = ADVANCED_FACE ( 'NONE', ( #2786 ), #5049, .T. ) ;
#2367 = DIRECTION ( 'NONE',  ( 1.000000000000000000, 0.000000000000000000, 0.000000000000000000 ) ) ;
#2368 = FILL_AREA_STYLE ('',( #1102 ) ) ;
#2369 =( GEOMETRIC_REPRESENTATION_CONTEXT ( 3 ) GLOBAL_UNCERTAINTY_ASSIGNED_CONTEXT ( ( #3976 ) ) GLOBAL_UNIT_ASSIGNED_CONTEXT ( ( #2680, #1679, #2617 ) ) REPRESENTATION_CONTEXT ( 'NONE', 'WORKASPACE' ) );
#2370 = DIRECTION ( 'NONE',  ( 1.000000000000000000, 1.084202172485504434E-16, 0.000000000000000000 ) ) ;
#2371 = CARTESIAN_POINT ( 'NONE',  ( 5.430000000000000604, 0.5000000000000005551, -0.3499999999999999778 ) ) ;
#2372 = CARTESIAN_POINT ( 'NONE',  ( 0.6000000000000005329, 6.299999999999999822, 0.3499999999999999778 ) ) ;
#2373 = ORIENTED_EDGE ( 'NONE', *, *, #1346, .T. ) ;
#2374 = EDGE_CURVE ( 'NONE', #5162, #1056, #48, .T. ) ;
#2375 = EDGE_LOOP ( 'NONE', ( #1913, #4563, #2918, #4090 ) ) ;
#2376 = CARTESIAN_POINT ( 'NONE',  ( 0.000000000000000000, -3.000000000000000000, 0.3499999999999999778 ) ) ;
#2377 = PLANE ( 'NONE',  #321 ) ;
#2378 =( NAMED_UNIT ( * ) SI_UNIT ( $, .STERADIAN. ) SOLID_ANGLE_UNIT ( ) );
#2379 = EDGE_CURVE ( 'NONE', #2472, #2230, #4600, .T. ) ;
#2380 = VECTOR ( 'NONE', #5666, 1000.000000000000000 ) ;
#2381 = CARTESIAN_POINT ( 'NONE',  ( 3.540000000000000036, 0.5000000000000000000, -0.3500000000000000888 ) ) ;
#2382 = EDGE_CURVE ( 'NONE', #1818, #2673, #4038, .T. ) ;
#2383 =( NAMED_UNIT ( * ) PLANE_ANGLE_UNIT ( ) SI_UNIT ( $, .RADIAN. ) );
#2384 = VERTEX_POINT ( 'NONE', #3180 ) ;
#2385 = EDGE_LOOP ( 'NONE', ( #2978, #3838, #4386, #5845 ) ) ;
#2386 =( NAMED_UNIT ( * ) SI_UNIT ( $, .STERADIAN. ) SOLID_ANGLE_UNIT ( ) );
#2387 = CARTESIAN_POINT ( 'NONE',  ( 3.240000000000000657, 0.8000000000000007105, 0.3499999999999999778 ) ) ;
#2388 = VERTEX_POINT ( 'NONE', #3714 ) ;
#2389 = VECTOR ( 'NONE', #363, 1000.000000000000000 ) ;
#2390 = PRESENTATION_STYLE_ASSIGNMENT (( #3261 ) ) ;
#2391 = FILL_AREA_STYLE_COLOUR ( '', #438 ) ;
#2392 = AXIS2_PLACEMENT_3D ( 'NONE', #3635, #5450, #4097 ) ;
#2393 = SURFACE_SIDE_STYLE ('',( #3438 ) ) ;
#2394 = LINE ( 'NONE', #4194, #4790 ) ;
#2395 = PRESENTATION_STYLE_ASSIGNMENT (( #2938 ) ) ;
#2396 = VERTEX_POINT ( 'NONE', #5534 ) ;
#2397 = ORIENTED_EDGE ( 'NONE', *, *, #861, .T. ) ;
#2398 = CIRCLE ( 'NONE', #4318, 0.1999999999999996503 ) ;
#2399 = VECTOR ( 'NONE', #3100, 1000.000000000000000 ) ;
#2400 = CARTESIAN_POINT ( 'NONE',  ( 5.780000000000001137, 0.8000000000000007105, 0.3499999999999999778 ) ) ;
#2401 =( NAMED_UNIT ( * ) SI_UNIT ( $, .STERADIAN. ) SOLID_ANGLE_UNIT ( ) );
#2402 = LINE ( 'NONE', #1039, #4382 ) ;
#2403 = EDGE_CURVE ( 'NONE', #3517, #523, #440, .T. ) ;
#2404 = VECTOR ( 'NONE', #1341, 1000.000000000000000 ) ;
#2405 = DIRECTION ( 'NONE',  ( -0.000000000000000000, -1.000000000000000000, 1.668003342285392044E-16 ) ) ;
#2406 = VERTEX_POINT ( 'NONE', #1899 ) ;
#2407 = CARTESIAN_POINT ( 'NONE',  ( -0.9469369482461336140, 4.039780281224065739, -0.3499999999999999778 ) ) ;
#2408 = LINE ( 'NONE', #4238, #3791 ) ;
#2409 = CARTESIAN_POINT ( 'NONE',  ( 2.189999999999999947, 8.000000000000000000, 0.3499999999999999778 ) ) ;
#2410 = DIRECTION ( 'NONE',  ( 1.000000000000000000, 1.084202172485504434E-16, 0.000000000000000000 ) ) ;
#2411 = EDGE_CURVE ( 'NONE', #548, #800, #1453, .T. ) ;
#2412 =( LENGTH_UNIT ( ) NAMED_UNIT ( * ) SI_UNIT ( .MILLI., .METRE. ) );
#2413 =( BOUNDED_CURVE ( )  B_SPLINE_CURVE ( 3, ( #1470, #2858, #2919, #5612, #4271, #5128, #1915 ),
 .UNSPECIFIED., .F., .F. ) 
 B_SPLINE_CURVE_WITH_KNOTS ( ( 4, 3, 4 ),
 ( 0.8078321013870641831, 3.141592653589792228, 5.475353205792520939 ),
 .UNSPECIFIED. ) 
 CURVE ( )  GEOMETRIC_REPRESENTATION_ITEM ( )  RATIONAL_B_SPLINE_CURVE ( ( 1.000000000000000000, 0.5953481791230080811, 0.5953481791230080811, 1.000000000000000000, 0.5953481791230077480, 0.5953481791230077480, 1.000000000000000000 ) ) 
 REPRESENTATION_ITEM ( '' )  );
#2414 = LINE ( 'NONE', #3405, #27 ) ;
#2415 = ORIENTED_EDGE ( 'NONE', *, *, #816, .F. ) ;
#2416 = LINE ( 'NONE', #4775, #5204 ) ;
#2417 = DIRECTION ( 'NONE',  ( -0.5000000000000009992, -0.8660254037844380415, 0.000000000000000000 ) ) ;
#2418 = ADVANCED_FACE ( 'NONE', ( #5109 ), #108, .T. ) ;
#2419 = CARTESIAN_POINT ( 'NONE',  ( 2.040000000000001812, 6.084152315493286167, 0.3499999999999999223 ) ) ;
#2420 = LINE ( 'NONE', #2809, #4453 ) ;
#2421 = VERTEX_POINT ( 'NONE', #5931 ) ;
#2422 = DIRECTION ( 'NONE',  ( -1.000000000000000000, 0.000000000000000000, 0.000000000000000000 ) ) ;
#2423 = DIRECTION ( 'NONE',  ( -1.000000000000000000, -1.084202172485504434E-16, 0.000000000000000000 ) ) ;
#2424 = AXIS2_PLACEMENT_3D ( 'NONE', #2177, #5849, #3721 ) ;
#2425 = DIRECTION ( 'NONE',  ( 1.000000000000000000, 0.000000000000000000, 0.000000000000000000 ) ) ;
#2426 = ADVANCED_FACE ( 'NONE', ( #1811 ), #3659, .F. ) ;
#2427 = DIRECTION ( 'NONE',  ( -1.000000000000000000, 0.000000000000000000, 0.000000000000000000 ) ) ;
#2428 = DIRECTION ( 'NONE',  ( -0.000000000000000000, 0.000000000000000000, 1.000000000000000000 ) ) ;
#2429 = CARTESIAN_POINT ( 'NONE',  ( 0.000000000000000000, 6.299999999999999822, 0.3499999999999999778 ) ) ;
#2430 = VERTEX_POINT ( 'NONE', #2752 ) ;
#2431 = MECHANICAL_DESIGN_GEOMETRIC_PRESENTATION_REPRESENTATION (  '', ( #596 ), #5392 ) ;
#2432 = ORIENTED_EDGE ( 'NONE', *, *, #5601, .F. ) ;
#2433 = LINE ( 'NONE', #5632, #925 ) ;
#2434 = FILL_AREA_STYLE_COLOUR ( '', #174 ) ;
#2435 = DIRECTION ( 'NONE',  ( 0.000000000000000000, 0.000000000000000000, -1.000000000000000000 ) ) ;
#2436 = VERTEX_POINT ( 'NONE', #4569 ) ;
#2437 = AXIS2_PLACEMENT_3D ( 'NONE', #1999, #3845, #536 ) ;
#2438 =( GEOMETRIC_REPRESENTATION_CONTEXT ( 3 ) GLOBAL_UNCERTAINTY_ASSIGNED_CONTEXT ( ( #5116 ) ) GLOBAL_UNIT_ASSIGNED_CONTEXT ( ( #2139, #3482, #2941 ) ) REPRESENTATION_CONTEXT ( 'NONE', 'WORKASPACE' ) );
#2439 = FACE_OUTER_BOUND ( 'NONE', #249, .T. ) ;
#2440 = CARTESIAN_POINT ( 'NONE',  ( 3.397838562583936906, 5.240363704783927545, -0.3500000000000000333 ) ) ;
#2441 = DIRECTION ( 'NONE',  ( 0.000000000000000000, 1.000000000000000000, -1.668003342285391797E-16 ) ) ;
#2442 = FILL_AREA_STYLE ('',( #5674 ) ) ;
#2443 = PLANE ( 'NONE',  #4091 ) ;
#2444 = CARTESIAN_POINT ( 'NONE',  ( 0.3500000000000000333, 0.000000000000000000, 0.3499999999999999778 ) ) ;
#2445 = ORIENTED_EDGE ( 'NONE', *, *, #1837, .F. ) ;
#2446 = VERTEX_POINT ( 'NONE', #4344 ) ;
#2447 = FILL_AREA_STYLE_COLOUR ( '', #5652 ) ;
#2448 = COLOUR_RGB ( '',0.8313725490196077761, 0.6705882352941175961, 0.1294117647058823373 ) ;
#2449 = CARTESIAN_POINT ( 'NONE',  ( 1.540000000000000480, 1.800000000000000488, 0.3499999999999999778 ) ) ;
#2450 = ORIENTED_EDGE ( 'NONE', *, *, #5387, .F. ) ;
#2451 = VECTOR ( 'NONE', #2990, 1000.000000000000000 ) ;
#2452 = EDGE_CURVE ( 'NONE', #645, #1469, #4814, .T. ) ;
#2453 = PRESENTATION_LAYER_ASSIGNMENT (  '', '', ( #1675 ) ) ;
#2454 = CARTESIAN_POINT ( 'NONE',  ( 5.080000000000000071, 6.299999999999999822, 0.3499999999999999778 ) ) ;
#2455 = APPLICATION_CONTEXT ( 'automotive_design' ) ;
#2456 = DIRECTION ( 'NONE',  ( -0.000000000000000000, 0.000000000000000000, 1.000000000000000000 ) ) ;
#2457 = FACE_OUTER_BOUND ( 'NONE', #2137, .T. ) ;
#2458 = ORIENTED_EDGE ( 'NONE', *, *, #860, .F. ) ;
#2459 = EDGE_CURVE ( 'NONE', #3946, #2396, #4288, .T. ) ;
#2460 = CARTESIAN_POINT ( 'NONE',  ( 2.187475984454220423, 5.732672356334980179, 0.3499999999999999778 ) ) ;
#2461 = CARTESIAN_POINT ( 'NONE',  ( 4.754744180118195551, 5.589454083063166046, -0.3499999999999999778 ) ) ;
#2462 = DIRECTION ( 'NONE',  ( -0.000000000000000000, -0.000000000000000000, 1.000000000000000000 ) ) ;
#2463 = CARTESIAN_POINT ( 'NONE',  ( -0.3500000000000000333, 8.199999999999999289, -0.3499999999999999778 ) ) ;
#2464 = ORIENTED_EDGE ( 'NONE', *, *, #466, .F. ) ;
#2465 = UNCERTAINTY_MEASURE_WITH_UNIT (LENGTH_MEASURE( 1.000000000000000082E-05 ), #5893, 'distance_accuracy_value', 'NONE');
#2466 = AXIS2_PLACEMENT_3D ( 'NONE', #736, #2150, #2118 ) ;
#2467 = CARTESIAN_POINT ( 'NONE',  ( 3.359285907662239445, 5.570187327444203973, -0.3499999999999999778 ) ) ;
#2468 = CARTESIAN_POINT ( 'NONE',  ( 4.248546599915419719, 5.476966929916272875, -0.3499999999999999778 ) ) ;
#2469 =( LENGTH_UNIT ( ) NAMED_UNIT ( * ) SI_UNIT ( .MILLI., .METRE. ) );
#2470 = DIRECTION ( 'NONE',  ( 1.000000000000000000, 0.000000000000000000, 0.000000000000000000 ) ) ;
#2471 = EDGE_LOOP ( 'NONE', ( #4035, #1753, #1788, #4214 ) ) ;
#2472 = VERTEX_POINT ( 'NONE', #3892 ) ;
#2473 = VECTOR ( 'NONE', #3426, 1000.000000000000000 ) ;
#2474 = SURFACE_STYLE_FILL_AREA ( #2047 ) ;
#2475 = CARTESIAN_POINT ( 'NONE',  ( 2.890000000000000124, 0.000000000000000000, -0.3500000000000000333 ) ) ;
#2476 = DIRECTION ( 'NONE',  ( -1.000000000000000000, -0.000000000000000000, -0.000000000000000000 ) ) ;
#2477 = ADVANCED_FACE ( 'NONE', ( #3354 ), #5658, .F. ) ;
#2478 = AXIS2_PLACEMENT_3D ( 'NONE', #1945, #5211, #4299 ) ;
#2479 = VERTEX_POINT ( 'NONE', #1577 ) ;
#2480 = FACE_OUTER_BOUND ( 'NONE', #3691, .T. ) ;
#2481 = CARTESIAN_POINT ( 'NONE',  ( 1.000000000000000444, 1.800000000000000488, -0.3499999999999999778 ) ) ;
#2482 = FACE_OUTER_BOUND ( 'NONE', #2131, .T. ) ;
#2483 = DIRECTION ( 'NONE',  ( 0.000000000000000000, 0.000000000000000000, 1.000000000000000000 ) ) ;
#2484 = ADVANCED_FACE ( 'NONE', ( #697 ), #5172, .F. ) ;
#2485 = VECTOR ( 'NONE', #1799, 1000.000000000000000 ) ;
#2486 = EDGE_LOOP ( 'NONE', ( #4347, #3909, #5168, #3220 ) ) ;
#2487 = CARTESIAN_POINT ( 'NONE',  ( 1.000000000000000444, 6.299999999999999822, 0.3850000000000000089 ) ) ;
#2488 = DIRECTION ( 'NONE',  ( -1.000000000000000000, -0.000000000000000000, -0.000000000000000000 ) ) ;
#2489 = DIRECTION ( 'NONE',  ( 0.000000000000000000, 0.000000000000000000, -1.000000000000000000 ) ) ;
#2490 = VECTOR ( 'NONE', #1604, 1000.000000000000000 ) ;
#2491 = ORIENTED_EDGE ( 'NONE', *, *, #996, .F. ) ;
#2492 = VECTOR ( 'NONE', #893, 1000.000000000000000 ) ;
#2493 = DIRECTION ( 'NONE',  ( 0.000000000000000000, -1.668003342285391551E-16, -1.000000000000000000 ) ) ;
#2494 = AXIS2_PLACEMENT_3D ( 'NONE', #1302, #473, #4939 ) ;
#2495 = VECTOR ( 'NONE', #1701, 1000.000000000000000 ) ;
#2496 = FACE_OUTER_BOUND ( 'NONE', #4639, .T. ) ;
#2497 = CARTESIAN_POINT ( 'NONE',  ( 4.270497576386657279, 5.635051924202448603, -0.3499999999999999778 ) ) ;
#2498 = FACE_OUTER_BOUND ( 'NONE', #2774, .T. ) ;
#2499 = CARTESIAN_POINT ( 'NONE',  ( 5.680000000000000604, 6.299999999999999822, 0.1283333333333333270 ) ) ;
#2500 = VECTOR ( 'NONE', #3654, 1000.000000000000000 ) ;
#2501 = CARTESIAN_POINT ( 'NONE',  ( 3.327121992501589798, 5.777242093666582257, 0.3500000000000000333 ) ) ;
#2502 = ORIENTED_EDGE ( 'NONE', *, *, #1956, .T. ) ;
#2503 = DIRECTION ( 'NONE',  ( -1.000000000000000000, -0.000000000000000000, -0.000000000000000000 ) ) ;
#2504 = SURFACE_SIDE_STYLE ('',( #3496 ) ) ;
#2505 = PLANE ( 'NONE',  #4577 ) ;
#2506 = CARTESIAN_POINT ( 'NONE',  ( 5.432524015545779683, 5.732672356334978403, -0.3499999999999999778 ) ) ;
#2507 = ORIENTED_EDGE ( 'NONE', *, *, #1231, .T. ) ;
#2508 =( NAMED_UNIT ( * ) PLANE_ANGLE_UNIT ( ) SI_UNIT ( $, .RADIAN. ) );
#2509 = VECTOR ( 'NONE', #5140, 1000.000000000000000 ) ;
#2510 = ADVANCED_FACE ( 'NONE', ( #5713 ), #4694, .F. ) ;
#2511 = LINE ( 'NONE', #2934, #1583 ) ;
#2512 = CARTESIAN_POINT ( 'NONE',  ( -1.469999999999999973, 0.000000000000000000, -0.6499999999999991340 ) ) ;
#2513 = CARTESIAN_POINT ( 'NONE',  ( 0.7860528864859864795, 5.783587059575308054, -0.3500000000000000888 ) ) ;
#2514 = LINE ( 'NONE', #2133, #3741 ) ;
#2515 = CARTESIAN_POINT ( 'NONE',  ( 4.393245067392238745, 10.39117142264903570, -0.3500000000000017542 ) ) ;
#2516 = ORIENTED_EDGE ( 'NONE', *, *, #1012, .F. ) ;
#2517 = CARTESIAN_POINT ( 'NONE',  ( -0.6813801503213369193, 6.233860305463149842, 0.3500000000000000888 ) ) ;
#2518 = ADVANCED_FACE ( 'NONE', ( #5259 ), #1487, .T. ) ;
#2519 = EDGE_CURVE ( 'NONE', #4452, #3360, #3865, .T. ) ;
#2520 = PRESENTATION_STYLE_ASSIGNMENT (( #3927 ) ) ;
#2521 = PLANE ( 'NONE',  #1093 ) ;
#2522 = DIRECTION ( 'NONE',  ( 1.000000000000000000, 8.673617379884030739E-15, 0.000000000000000000 ) ) ;
#2523 = AXIS2_PLACEMENT_3D ( 'NONE', #2281, #5042, #929 ) ;
#2524 = ORIENTED_EDGE ( 'NONE', *, *, #1216, .F. ) ;
#2525 = EDGE_CURVE ( 'NONE', #4922, #2230, #5359, .T. ) ;
#2526 = COLOUR_RGB ( '',0.8313725490196077761, 0.6705882352941175961, 0.1294117647058823373 ) ;
#2527 = CARTESIAN_POINT ( 'NONE',  ( -1.018126922434469523E-15, 1.700000000000000178, -0.3499999999999999778 ) ) ;
#2528 = DIRECTION ( 'NONE',  ( 1.121588454295349533E-16, -1.000000000000000000, 0.000000000000000000 ) ) ;
#2529 = DIRECTION ( 'NONE',  ( -3.097720492815726426E-17, 1.000000000000000000, 0.000000000000000000 ) ) ;
#2530 =( LENGTH_UNIT ( ) NAMED_UNIT ( * ) SI_UNIT ( .MILLI., .METRE. ) );
#2531 = CARTESIAN_POINT ( 'NONE',  ( 1.000000000000000000, 6.500000000000000888, -0.3500000000000010880 ) ) ;
#2532 = ORIENTED_EDGE ( 'NONE', *, *, #4540, .T. ) ;
#2533 = CARTESIAN_POINT ( 'NONE',  ( 0.7924853663132173098, 5.744802409713647862, 0.3499999999999999223 ) ) ;
#2534 = SURFACE_STYLE_USAGE ( .BOTH. , #691 ) ;
#2535 = CARTESIAN_POINT ( 'NONE',  ( -0.5999999999999996447, 6.299999999999999822, 0.3499999999999999778 ) ) ;
#2536 = DIRECTION ( 'NONE',  ( -0.000000000000000000, 1.000000000000000000, -0.000000000000000000 ) ) ;
#2537 = AXIS2_PLACEMENT_3D ( 'NONE', #5680, #102, #1923 ) ;
#2538 = ORIENTED_EDGE ( 'NONE', *, *, #3077, .T. ) ;
#2539 = AXIS2_PLACEMENT_3D ( 'NONE', #1962, #49, #5597 ) ;
#2540 =( NAMED_UNIT ( * ) SI_UNIT ( $, .STERADIAN. ) SOLID_ANGLE_UNIT ( ) );
#2541 = CARTESIAN_POINT ( 'NONE',  ( 4.729999999999999538, 8.199999999999999289, -0.3499999999999999778 ) ) ;
#2542 = CARTESIAN_POINT ( 'NONE',  ( 0.7851402509197669133, 5.788964205960195564, -0.3499999999999999778 ) ) ;
#2543 =( LENGTH_UNIT ( ) NAMED_UNIT ( * ) SI_UNIT ( .MILLI., .METRE. ) );
#2544 = CARTESIAN_POINT ( 'NONE',  ( 6.549999999999999822, 0.5000000000000002220, 0.6500000000000010214 ) ) ;
#2545 = ORIENTED_EDGE ( 'NONE', *, *, #2626, .F. ) ;
#2546 = AXIS2_PLACEMENT_3D ( 'NONE', #5772, #701, #2483 ) ;
#2547 = SURFACE_STYLE_USAGE ( .BOTH. , #2059 ) ;
#2548 = CARTESIAN_POINT ( 'NONE',  ( 3.226754932607761361, 10.39117142264903570, -0.6500000000000030198 ) ) ;
#2549 =( NAMED_UNIT ( * ) SI_UNIT ( $, .STERADIAN. ) SOLID_ANGLE_UNIT ( ) );
#2550 = EDGE_CURVE ( 'NONE', #3041, #2722, #3418, .T. ) ;
#2551 = VERTEX_POINT ( 'NONE', #4782 ) ;
#2552 = CARTESIAN_POINT ( 'NONE',  ( -0.6454664785273052097, 3.877691542223591359, 0.3499999999999999778 ) ) ;
#2553 = CARTESIAN_POINT ( 'NONE',  ( 5.080000000000000071, 0.5000000000000005551, -0.3499999999999999778 ) ) ;
#2554 = SURFACE_SIDE_STYLE ('',( #2581 ) ) ;
#2555 = EDGE_CURVE ( 'NONE', #1688, #5774, #5623, .T. ) ;
#2556 = UNCERTAINTY_MEASURE_WITH_UNIT (LENGTH_MEASURE( 1.000000000000000082E-05 ), #3807, 'distance_accuracy_value', 'NONE');
#2557 = VERTEX_POINT ( 'NONE', #2512 ) ;
#2558 = CARTESIAN_POINT ( 'NONE',  ( 1.000000000000000444, 1.800000000000000488, 0.3499999999999999778 ) ) ;
#2559 =( NAMED_UNIT ( * ) SI_UNIT ( $, .STERADIAN. ) SOLID_ANGLE_UNIT ( ) );
#2560 = CIRCLE ( 'NONE', #5622, 0.1999999999999996503 ) ;
#2561 = SURFACE_SIDE_STYLE ('',( #1600 ) ) ;
#2562 = EDGE_CURVE ( 'NONE', #3318, #2811, #3445, .T. ) ;
#2563 = VERTEX_POINT ( 'NONE', #2957 ) ;
#2564 = DIRECTION ( 'NONE',  ( 0.000000000000000000, -0.000000000000000000, 1.000000000000000000 ) ) ;
#2565 = ORIENTED_EDGE ( 'NONE', *, *, #5493, .F. ) ;
#2566 = CARTESIAN_POINT ( 'NONE',  ( 0.6813801503214174105, 6.233860305463100104, -0.3499999999999999778 ) ) ;
#2567 = CARTESIAN_POINT ( 'NONE',  ( 1.540000000000000036, 0.5000000000000002220, 0.3499999999999998668 ) ) ;
#2568 = STYLED_ITEM ( 'NONE', ( #2115 ), #4669 ) ;
#2569 = FACE_OUTER_BOUND ( 'NONE', #533, .T. ) ;
#2570 = VECTOR ( 'NONE', #3059, 1000.000000000000000 ) ;
#2571 = VERTEX_POINT ( 'NONE', #270 ) ;
#2572 = PLANE ( 'NONE',  #1072 ) ;
#2573 = CARTESIAN_POINT ( 'NONE',  ( 5.080000000000000071, -3.000000000000000000, -0.3499999999999999778 ) ) ;
#2574 =( LENGTH_UNIT ( ) NAMED_UNIT ( * ) SI_UNIT ( .MILLI., .METRE. ) );
#2575 = DIRECTION ( 'NONE',  ( 0.000000000000000000, 1.668003342285391797E-16, 1.000000000000000000 ) ) ;
#2576 = ORIENTED_EDGE ( 'NONE', *, *, #3815, .T. ) ;
#2577 = AXIS2_PLACEMENT_3D ( 'NONE', #3732, #1919, #1440 ) ;
#2578 = CARTESIAN_POINT ( 'NONE',  ( -0.7871622536570914708, 5.777005459572337465, -0.3500000000000000333 ) ) ;
#2579 = ADVANCED_FACE ( 'NONE', ( #2898 ), #3437, .F. ) ;
#2580 = CARTESIAN_POINT ( 'NONE',  ( 5.867162253657094872, 5.777005459572333912, 0.3500000000000000888 ) ) ;
#2581 = SURFACE_STYLE_FILL_AREA ( #5275 ) ;
#2582 = VECTOR ( 'NONE', #1525, 1000.000000000000000 ) ;
#2583 = FACE_OUTER_BOUND ( 'NONE', #2189, .T. ) ;
#2584 = COLOUR_RGB ( '',0.8313725490196077761, 0.6705882352941175961, 0.1294117647058823373 ) ;
#2585 = VECTOR ( 'NONE', #2667, 1000.000000000000000 ) ;
#2586 = ORIENTED_EDGE ( 'NONE', *, *, #682, .T. ) ;
#2587 = VECTOR ( 'NONE', #1769, 1000.000000000000000 ) ;
#2588 = ADVANCED_FACE ( 'NONE', ( #3940 ), #1118, .F. ) ;
#2589 = AXIS2_PLACEMENT_3D ( 'NONE', #4415, #4030, #869 ) ;
#2590 = CARTESIAN_POINT ( 'NONE',  ( -0.3252558198818047419, 5.589454083063166046, -0.3499999999999999778 ) ) ;
#2591 = CARTESIAN_POINT ( 'NONE',  ( 6.080000000000000071, 1.800000000000000488, 0.3499999999999999778 ) ) ;
#2592 = FILL_AREA_STYLE_COLOUR ( '', #5381 ) ;
#2593 = VECTOR ( 'NONE', #2441, 1000.000000000000000 ) ;
#2594 = VERTEX_POINT ( 'NONE', #1539 ) ;
#2595 = PRESENTATION_STYLE_ASSIGNMENT (( #3595 ) ) ;
#2596 = ORIENTED_EDGE ( 'NONE', *, *, #4125, .F. ) ;
#2597 = EDGE_CURVE ( 'NONE', #4626, #3946, #3408, .T. ) ;
#2598 =( NAMED_UNIT ( * ) SI_UNIT ( $, .STERADIAN. ) SOLID_ANGLE_UNIT ( ) );
#2599 = ORIENTED_EDGE ( 'NONE', *, *, #5868, .T. ) ;
#2600 = CARTESIAN_POINT ( 'NONE',  ( 0.8001678768757670701, 5.699693040755679618, -0.3500000000000000333 ) ) ;
#2601 = FILL_AREA_STYLE ('',( #753 ) ) ;
#2602 = ORIENTED_EDGE ( 'NONE', *, *, #1781, .F. ) ;
#2603 = CARTESIAN_POINT ( 'NONE',  ( -0.8556901891658993398, 5.260692584315935783, 0.3500000000000000333 ) ) ;
#2605 = EDGE_CURVE ( 'NONE', #4177, #4626, #4753, .T. ) ;
#2604 = UNCERTAINTY_MEASURE_WITH_UNIT (LENGTH_MEASURE( 1.000000000000000082E-05 ), #4538, 'distance_accuracy_value', 'NONE');
#2606 = CARTESIAN_POINT ( 'NONE',  ( 2.865255819881805444, 5.589454083063163381, 0.3499999999999999778 ) ) ;
#2607 = DIRECTION ( 'NONE',  ( -1.000000000000000000, -0.000000000000000000, -0.000000000000000000 ) ) ;
#2608 = CARTESIAN_POINT ( 'NONE',  ( 5.980693495213403210, 4.786369049944409149, -0.3500000000000000333 ) ) ;
#2609 = DIRECTION ( 'NONE',  ( 0.000000000000000000, 0.000000000000000000, 1.000000000000000000 ) ) ;
#2610 = ORIENTED_EDGE ( 'NONE', *, *, #3643, .F. ) ;
#2611 = STYLED_ITEM ( 'NONE', ( #5596 ), #5181 ) ;
#2612 = ORIENTED_EDGE ( 'NONE', *, *, #2661, .F. ) ;
#2613 = CARTESIAN_POINT ( 'NONE',  ( -1.018126922434469523E-15, 1.700000000000000178, 0.3499999999999999778 ) ) ;
#2614 = LINE ( 'NONE', #5784, #4270 ) ;
#2615 = VECTOR ( 'NONE', #1836, 1000.000000000000000 ) ;
#2616 = CARTESIAN_POINT ( 'NONE',  ( 4.380000000000000782, 0.5000000000000004441, -0.3499999999999999778 ) ) ;
#2617 =( NAMED_UNIT ( * ) SI_UNIT ( $, .STERADIAN. ) SOLID_ANGLE_UNIT ( ) );
#2618 = VECTOR ( 'NONE', #547, 1000.000000000000000 ) ;
#2619 = ORIENTED_EDGE ( 'NONE', *, *, #714, .F. ) ;
#2620 = COLOUR_RGB ( '',0.8313725490196077761, 0.6705882352941175961, 0.1294117647058823373 ) ;
#2621 = DIRECTION ( 'NONE',  ( 1.121588454295349533E-16, -1.000000000000000000, 0.000000000000000000 ) ) ;
#2622 = CARTESIAN_POINT ( 'NONE',  ( 1.540000000000000702, 0.8000000000000004885, 0.3499999999999999778 ) ) ;
#2623 = CARTESIAN_POINT ( 'NONE',  ( 1.670384757729335368, 8.500000000000000000, 0.000000000000000000 ) ) ;
#2624 = LINE ( 'NONE', #331, #739 ) ;
#2625 = CARTESIAN_POINT ( 'NONE',  ( -1.000000000000000000, 6.500000000000000888, -0.3500000000000010880 ) ) ;
#2626 = EDGE_CURVE ( 'NONE', #106, #4706, #634, .T. ) ;
#2627 = ADVANCED_FACE ( 'NONE', ( #2986 ), #4718, .T. ) ;
#2628 = ORIENTED_EDGE ( 'NONE', *, *, #5813, .F. ) ;
#2629 = DIRECTION ( 'NONE',  ( -1.000000000000000000, -3.097720492815726426E-17, 0.000000000000000000 ) ) ;
#2630 = VERTEX_POINT ( 'NONE', #3037 ) ;
#2631 = ORIENTED_EDGE ( 'NONE', *, *, #2841, .T. ) ;
#2632 =( NAMED_UNIT ( * ) PLANE_ANGLE_UNIT ( ) SI_UNIT ( $, .RADIAN. ) );
#2633 = VECTOR ( 'NONE', #3987, 1000.000000000000000 ) ;
#2634 =( NAMED_UNIT ( * ) PLANE_ANGLE_UNIT ( ) SI_UNIT ( $, .RADIAN. ) );
#2635 = DIRECTION ( 'NONE',  ( 1.000000000000000000, 1.084202172485504434E-16, 0.000000000000000000 ) ) ;
#2636 = EDGE_CURVE ( 'NONE', #2406, #1680, #1797, .T. ) ;
#2637 = VERTEX_POINT ( 'NONE', #4856 ) ;
#2638 = CARTESIAN_POINT ( 'NONE',  ( -1.000000000000000000, 2.615493535618376608, 0.3500000000000000333 ) ) ;
#2639 = FILL_AREA_STYLE ('',( #788 ) ) ;
#2640 = DIRECTION ( 'NONE',  ( -0.000000000000000000, -3.097720492815727166E-16, -1.000000000000000000 ) ) ;
#2641 = CARTESIAN_POINT ( 'NONE',  ( 4.205005870614371588, 5.069026963383188367, -0.3499999999999999223 ) ) ;
#2642 = LINE ( 'NONE', #4794, #2473 ) ;
#2643 = STYLED_ITEM ( 'NONE', ( #444 ), #1522 ) ;
#2644 = EDGE_CURVE ( 'NONE', #1732, #884, #4021, .T. ) ;
#2645 = ORIENTED_EDGE ( 'NONE', *, *, #602, .F. ) ;
#2646 = VERTEX_POINT ( 'NONE', #3525 ) ;
#2647 =( GEOMETRIC_REPRESENTATION_CONTEXT ( 3 ) GLOBAL_UNCERTAINTY_ASSIGNED_CONTEXT ( ( #4455 ) ) GLOBAL_UNIT_ASSIGNED_CONTEXT ( ( #5229, #4367, #3945 ) ) REPRESENTATION_CONTEXT ( 'NONE', 'WORKASPACE' ) );
#2648 = SURFACE_SIDE_STYLE ('',( #1250 ) ) ;
#2649 = DIRECTION ( 'NONE',  ( -1.000000000000000000, -0.000000000000000000, -0.000000000000000000 ) ) ;
#2650 = ORIENTED_EDGE ( 'NONE', *, *, #2720, .T. ) ;
#2651 = CARTESIAN_POINT ( 'NONE',  ( 3.061845733883979737, 5.626229152235330488, 0.3499999999999999778 ) ) ;
#2652 = DIRECTION ( 'NONE',  ( 0.000000000000000000, 0.000000000000000000, -1.000000000000000000 ) ) ;
#2653 =( NAMED_UNIT ( * ) PLANE_ANGLE_UNIT ( ) SI_UNIT ( $, .RADIAN. ) );
#2654 = ORIENTED_EDGE ( 'NONE', *, *, #4674, .F. ) ;
#2655 = CARTESIAN_POINT ( 'NONE',  ( 5.766754932607761397, 8.000000000000000000, -0.6500000000000030198 ) ) ;
#2656 = ORIENTED_EDGE ( 'NONE', *, *, #682, .F. ) ;
#2657 = CARTESIAN_POINT ( 'NONE',  ( 2.890000000000001013, -2.800000000000001155, 0.3499999999999999778 ) ) ;
#2658 = ORIENTED_EDGE ( 'NONE', *, *, #4643, .T. ) ;
#2659 = VECTOR ( 'NONE', #5943, 1000.000000000000000 ) ;
#2660 = PLANE ( 'NONE',  #3189 ) ;
#2661 = EDGE_CURVE ( 'NONE', #4983, #106, #752, .T. ) ;
#2662 = LINE ( 'NONE', #1752, #5072 ) ;
#2663 = CARTESIAN_POINT ( 'NONE',  ( 6.549999999999999822, 0.000000000000000000, -0.6499999999999991340 ) ) ;
#2664 = ORIENTED_EDGE ( 'NONE', *, *, #4255, .T. ) ;
#2665 = LINE ( 'NONE', #5746, #4613 ) ;
#2666 = LINE ( 'NONE', #3607, #4480 ) ;
#2667 = DIRECTION ( 'NONE',  ( 1.121588454295349533E-16, -1.000000000000000000, 0.000000000000000000 ) ) ;
#2668 = EDGE_CURVE ( 'NONE', #4488, #1795, #5791, .T. ) ;
#2669 = PLANE ( 'NONE',  #3885 ) ;
#2670 = FILL_AREA_STYLE ('',( #880 ) ) ;
#2671 = FACE_OUTER_BOUND ( 'NONE', #2693, .T. ) ;
#2672 = ORIENTED_EDGE ( 'NONE', *, *, #5633, .F. ) ;
#2673 = VERTEX_POINT ( 'NONE', #2591 ) ;
#2674 = VECTOR ( 'NONE', #3539, 1000.000000000000000 ) ;
#2675 = VECTOR ( 'NONE', #375, 1000.000000000000000 ) ;
#2676 =( LENGTH_UNIT ( ) NAMED_UNIT ( * ) SI_UNIT ( .MILLI., .METRE. ) );
#2677 = EDGE_CURVE ( 'NONE', #4145, #2821, #3099, .T. ) ;
#2678 =( LENGTH_UNIT ( ) NAMED_UNIT ( * ) SI_UNIT ( .MILLI., .METRE. ) );
#2679 = CARTESIAN_POINT ( 'NONE',  ( 4.202471447568718155, 5.050332720358729155, 0.3500000000000000888 ) ) ;
#2680 =( LENGTH_UNIT ( ) NAMED_UNIT ( * ) SI_UNIT ( .MILLI., .METRE. ) );
#2681 = MECHANICAL_DESIGN_GEOMETRIC_PRESENTATION_REPRESENTATION (  '', ( #5247 ), #3353 ) ;
#2682 = ORIENTED_EDGE ( 'NONE', *, *, #1070, .F. ) ;
#2683 = EDGE_CURVE ( 'NONE', #5003, #3517, #5341, .T. ) ;
#2684 = VECTOR ( 'NONE', #4952, 1000.000000000000000 ) ;
#2685 = DIRECTION ( 'NONE',  ( 0.000000000000000000, -0.000000000000000000, -1.000000000000000000 ) ) ;
#2686 = CARTESIAN_POINT ( 'NONE',  ( -0.1499999999999994393, -3.000000000000000000, -0.3499999999999999778 ) ) ;
#2687 = CARTESIAN_POINT ( 'NONE',  ( 0.5218457338839795900, 5.626229152235330488, 0.000000000000000000 ) ) ;
#2688 = LINE ( 'NONE', #2826, #1615 ) ;
#2689 = VERTEX_POINT ( 'NONE', #1286 ) ;
#2690 =( GEOMETRIC_REPRESENTATION_CONTEXT ( 3 ) GLOBAL_UNCERTAINTY_ASSIGNED_CONTEXT ( ( #3751 ) ) GLOBAL_UNIT_ASSIGNED_CONTEXT ( ( #2070, #1172, #2559 ) ) REPRESENTATION_CONTEXT ( 'NONE', 'WORKASPACE' ) );
#2691 = MECHANICAL_DESIGN_GEOMETRIC_PRESENTATION_REPRESENTATION (  '', ( #2004 ), #4689 ) ;
#2692 = PRESENTATION_STYLE_ASSIGNMENT (( #898 ) ) ;
#2693 = EDGE_LOOP ( 'NONE', ( #4890, #4953, #32, #1601 ) ) ;
#2694 =( LENGTH_UNIT ( ) NAMED_UNIT ( * ) SI_UNIT ( .MILLI., .METRE. ) );
#2695 = VERTEX_POINT ( 'NONE', #3646 ) ;
#2696 =( LENGTH_UNIT ( ) NAMED_UNIT ( * ) SI_UNIT ( .MILLI., .METRE. ) );
#2697 = CARTESIAN_POINT ( 'NONE',  ( 0.3500000000000000333, 8.199999999999999289, 0.3499999999999999778 ) ) ;
#2698 = EDGE_LOOP ( 'NONE', ( #3625, #5386, #4648, #2654 ) ) ;
#2699 = EDGE_CURVE ( 'NONE', #5011, #119, #3161, .T. ) ;
#2700 = CARTESIAN_POINT ( 'NONE',  ( 1.853245067392238710, 8.000000000000000000, -0.6500000000000030198 ) ) ;
#2701 = DIRECTION ( 'NONE',  ( 0.000000000000000000, -1.000000000000000000, 0.000000000000000000 ) ) ;
#2702 = CARTESIAN_POINT ( 'NONE',  ( 4.380000000000000782, 0.5000000000000004441, 0.3499999999999999778 ) ) ;
#2703 = LINE ( 'NONE', #4515, #1344 ) ;
#2704 = DIRECTION ( 'NONE',  ( -0.000000000000000000, -1.000000000000000000, 1.668003342285391551E-16 ) ) ;
#2705 = VERTEX_POINT ( 'NONE', #2622 ) ;
#2706 = ORIENTED_EDGE ( 'NONE', *, *, #814, .T. ) ;
#2707 = EDGE_CURVE ( 'NONE', #2775, #23, #2398, .T. ) ;
#2708 = FILL_AREA_STYLE ('',( #5939 ) ) ;
#2709 =( LENGTH_UNIT ( ) NAMED_UNIT ( * ) SI_UNIT ( .MILLI., .METRE. ) );
#2710 = PLANE ( 'NONE',  #4847 ) ;
#2711 = EDGE_CURVE ( 'NONE', #2421, #4414, #609, .T. ) ;
#2712 = AXIS2_PLACEMENT_3D ( 'NONE', #3784, #5084, #2823 ) ;
#2713 = VECTOR ( 'NONE', #1206, 999.9999999999998863 ) ;
#2714 = EDGE_LOOP ( 'NONE', ( #840, #3616, #2129, #589, #4352, #2318, #2926, #3383, #3530, #3278, #2220, #5405, #903, #2631, #3422, #5070, #3304, #1458, #3915, #5447, #221 ) ) ;
#2715 = SURFACE_STYLE_USAGE ( .BOTH. , #3 ) ;
#2716 = CARTESIAN_POINT ( 'NONE',  ( 4.727475984454220459, 5.732672356334980179, -0.3499999999999999778 ) ) ;
#2717 = SURFACE_SIDE_STYLE ('',( #864 ) ) ;
#2718 = DIRECTION ( 'NONE',  ( -1.000000000000000000, 0.000000000000000000, 0.000000000000000000 ) ) ;
#2720 = EDGE_CURVE ( 'NONE', #3517, #2446, #4950, .T. ) ;
#2719 = EDGE_LOOP ( 'NONE', ( #4698, #4075, #5750, #239 ) ) ;
#2721 = FACE_OUTER_BOUND ( 'NONE', #4908, .T. ) ;
#2722 = VERTEX_POINT ( 'NONE', #4502 ) ;
#2723 = FILL_AREA_STYLE ('',( #367 ) ) ;
#2724 = ORIENTED_EDGE ( 'NONE', *, *, #5881, .F. ) ;
#2725 = PRESENTATION_STYLE_ASSIGNMENT (( #3174 ) ) ;
#2726 = FACE_OUTER_BOUND ( 'NONE', #5027, .T. ) ;
#2727 = CARTESIAN_POINT ( 'NONE',  ( 4.729999999999999538, 0.000000000000000000, -0.3499999999999999778 ) ) ;
#2728 = DIRECTION ( 'NONE',  ( 0.000000000000000000, 1.000000000000000000, -3.097720492815727166E-16 ) ) ;
#2729 = LINE ( 'NONE', #4040, #1574 ) ;
#2730 = SURFACE_STYLE_FILL_AREA ( #2670 ) ;
#2731 = CARTESIAN_POINT ( 'NONE',  ( 4.115000000000001101, -1.575000000000001066, 0.3499999999999999778 ) ) ;
#2732 = VERTEX_POINT ( 'NONE', #3557 ) ;
#2733 = ORIENTED_EDGE ( 'NONE', *, *, #2605, .T. ) ;
#2734 = AXIS2_PLACEMENT_3D ( 'NONE', #2829, #5639, #1046 ) ;
#2735 = CARTESIAN_POINT ( 'NONE',  ( 2.988193045422142369, 5.884855341312110966, -0.3500000000000000333 ) ) ;
#2736 =( GEOMETRIC_REPRESENTATION_CONTEXT ( 3 ) GLOBAL_UNCERTAINTY_ASSIGNED_CONTEXT ( ( #3879 ) ) GLOBAL_UNIT_ASSIGNED_CONTEXT ( ( #4007, #2262, #5843 ) ) REPRESENTATION_CONTEXT ( 'NONE', 'WORKASPACE' ) );
#2737 = CARTESIAN_POINT ( 'NONE',  ( 4.294859749080236710, 5.788964205960196452, 0.3499999999999999778 ) ) ;
#2738 = EDGE_CURVE ( 'NONE', #651, #2954, #5887, .T. ) ;
#2739 = CARTESIAN_POINT ( 'NONE',  ( 1.000000000000000444, 1.800000000000000488, -0.1166666666666667518 ) ) ;
#2740 = VECTOR ( 'NONE', #1871, 1000.000000000000000 ) ;
#2741 = ORIENTED_EDGE ( 'NONE', *, *, #1159, .T. ) ;
#2742 = CARTESIAN_POINT ( 'NONE',  ( 5.080000000000000071, 0.5000000000000005551, 0.3499999999999999778 ) ) ;
#2743 = CARTESIAN_POINT ( 'NONE',  ( 5.543356898907900288, 1.699999999999997957, -0.3499999999999999778 ) ) ;
#2744 = DIRECTION ( 'NONE',  ( 0.6546536707079767536, 0.3779644730092280858, -0.6546536707079769757 ) ) ;
#2745 = EDGE_CURVE ( 'NONE', #942, #4534, #5377, .T. ) ;
#2746 = LINE ( 'NONE', #3068, #1993 ) ;
#2747 = EDGE_LOOP ( 'NONE', ( #4076, #1280, #3650, #231 ) ) ;
#2748 = VERTEX_POINT ( 'NONE', #2216 ) ;
#2749 = DIRECTION ( 'NONE',  ( 1.084202172485504434E-16, -1.000000000000000000, 0.000000000000000000 ) ) ;
#2750 = ORIENTED_EDGE ( 'NONE', *, *, #540, .F. ) ;
#2751 = CARTESIAN_POINT ( 'NONE',  ( 6.550000000000000711, 8.500000000000000000, 1.199999999999999956 ) ) ;
#2752 = CARTESIAN_POINT ( 'NONE',  ( 3.540000000000000036, 0.5000000000000000000, -0.3500000000000000888 ) ) ;
#2753 = FILL_AREA_STYLE ('',( #4513 ) ) ;
#2754 = CARTESIAN_POINT ( 'NONE',  ( 3.140000000000000568, 6.299999999999999822, -0.3849999999999999534 ) ) ;
#2755 = PLANE ( 'NONE',  #5558 ) ;
#2756 = VERTEX_POINT ( 'NONE', #3618 ) ;
#2757 = VERTEX_POINT ( 'NONE', #5918 ) ;
#2758 = CARTESIAN_POINT ( 'NONE',  ( 6.080000000000000959, 1.121588454295350273E-16, 0.3499999999999999778 ) ) ;
#2759 = FILL_AREA_STYLE_COLOUR ( '', #1564 ) ;
#2760 = CARTESIAN_POINT ( 'NONE',  ( 4.140020115625524966, 4.171275002134293253, 0.3499999999999999778 ) ) ;
#2761 = DIRECTION ( 'NONE',  ( 1.000000000000000000, 0.000000000000000000, 0.000000000000000000 ) ) ;
#2762 = VECTOR ( 'NONE', #1077, 1000.000000000000000 ) ;
#2763 = AXIS2_PLACEMENT_3D ( 'NONE', #4645, #4736, #2886 ) ;
#2764 = EDGE_CURVE ( 'NONE', #1233, #2732, #3065, .T. ) ;
#2765 = VERTEX_POINT ( 'NONE', #1258 ) ;
#2766 = SURFACE_SIDE_STYLE ('',( #830 ) ) ;
#2767 = DIRECTION ( 'NONE',  ( 0.000000000000000000, -1.000000000000000000, 1.668003342285391797E-16 ) ) ;
#2768 = PRESENTATION_STYLE_ASSIGNMENT (( #2275 ) ) ;
#2769 = PRESENTATION_LAYER_ASSIGNMENT (  '', '', ( #4678 ) ) ;
#2770 = SURFACE_STYLE_FILL_AREA ( #1828 ) ;
#2771 = EDGE_CURVE ( 'NONE', #5602, #1688, #2185, .T. ) ;
#2772 = CIRCLE ( 'NONE', #2972, 0.2999999999999999334 ) ;
#2773 = CARTESIAN_POINT ( 'NONE',  ( 2.190000000000000835, -1.084202172485501815E-17, 0.3499999999999999778 ) ) ;
#2774 = EDGE_LOOP ( 'NONE', ( #4416, #2146, #4898, #2838 ) ) ;
#2775 = VERTEX_POINT ( 'NONE', #2716 ) ;
#2776 = DIRECTION ( 'NONE',  ( 1.000000000000000000, 1.121588454295349780E-16, -0.000000000000000000 ) ) ;
#2777 = CARTESIAN_POINT ( 'NONE',  ( 4.480000000000000426, 6.299999999999999822, -0.1166666666666667518 ) ) ;
#2778 = CARTESIAN_POINT ( 'NONE',  ( 5.579999999999999183, 6.084152315493285279, -0.3500000000000000333 ) ) ;
#2779 = VECTOR ( 'NONE', #223, 1000.000000000000000 ) ;
#2780 = VECTOR ( 'NONE', #2154, 1000.000000000000000 ) ;
#2781 = VERTEX_POINT ( 'NONE', #1768 ) ;
#2782 = EDGE_CURVE ( 'NONE', #1547, #1137, #5436, .T. ) ;
#2783 = DIRECTION ( 'NONE',  ( 0.5000000000000009992, -0.8660254037844380415, 0.000000000000000000 ) ) ;
#2784 = LINE ( 'NONE', #3805, #2323 ) ;
#2785 =( GEOMETRIC_REPRESENTATION_CONTEXT ( 3 ) GLOBAL_UNCERTAINTY_ASSIGNED_CONTEXT ( ( #1461 ) ) GLOBAL_UNIT_ASSIGNED_CONTEXT ( ( #1182, #307, #2055 ) ) REPRESENTATION_CONTEXT ( 'NONE', 'WORKASPACE' ) );
#2786 = FACE_OUTER_BOUND ( 'NONE', #2338, .T. ) ;
#2787 = CARTESIAN_POINT ( 'NONE',  ( 2.190000000000000835, -2.800000000000001155, 0.3499999999999999778 ) ) ;
#2788 = CARTESIAN_POINT ( 'NONE',  ( 4.558154266116019926, 5.626229152235333153, 0.3499999999999999778 ) ) ;
#2789 = CARTESIAN_POINT ( 'NONE',  ( 4.080000000000000959, 1.800000000000000266, -0.1166666666666667518 ) ) ;
#2790 = VERTEX_POINT ( 'NONE', #423 ) ;
#2791 = ORIENTED_EDGE ( 'NONE', *, *, #1879, .F. ) ;
#2792 = EDGE_CURVE ( 'NONE', #267, #1444, #919, .T. ) ;
#2793 = LINE ( 'NONE', #4642, #4478 ) ;
#2794 = CARTESIAN_POINT ( 'NONE',  ( 3.039999999999998259, 6.299999999999999822, 0.3499999999999999778 ) ) ;
#2795 = LINE ( 'NONE', #5007, #3985 ) ;
#2796 = FILL_AREA_STYLE ('',( #5439 ) ) ;
#2797 = ORIENTED_EDGE ( 'NONE', *, *, #3653, .F. ) ;
#2798 = CARTESIAN_POINT ( 'NONE',  ( 3.314147136672700000, 5.851685420754297873, -0.3500000000000000333 ) ) ;
#2799 = CARTESIAN_POINT ( 'NONE',  ( 5.780000000000001137, 0.8000000000000007105, -0.3499999999999999778 ) ) ;
#2800 = FACE_OUTER_BOUND ( 'NONE', #3140, .T. ) ;
#2801 = CIRCLE ( 'NONE', #1924, 0.1999999999999999833 ) ;
#2802 = COLOUR_RGB ( '',0.8313725490196077761, 0.6705882352941175961, 0.1294117647058823373 ) ;
#2803 = EDGE_LOOP ( 'NONE', ( #2955, #2145, #4472, #368 ) ) ;
#2804 = VERTEX_POINT ( 'NONE', #4617 ) ;
#2805 = SURFACE_SIDE_STYLE ('',( #2315 ) ) ;
#2806 = COLOUR_RGB ( '',0.8313725490196077761, 0.6705882352941175961, 0.1294117647058823373 ) ;
#2807 = CARTESIAN_POINT ( 'NONE',  ( 2.189999999999999947, 8.199999999999999289, 0.3499999999999999778 ) ) ;
#2808 = EDGE_CURVE ( 'NONE', #1906, #4699, #3166, .T. ) ;
#2809 = CARTESIAN_POINT ( 'NONE',  ( 1.540000000000000036, 6.500000000000000888, -0.3500000000000010880 ) ) ;
#2810 = EDGE_CURVE ( 'NONE', #4895, #5457, #2342, .T. ) ;
#2811 = VERTEX_POINT ( 'NONE', #4179 ) ;
#2812 = COLOUR_RGB ( '',0.8313725490196077761, 0.6705882352941175961, 0.1294117647058823373 ) ;
#2813 = LINE ( 'NONE', #5107, #5005 ) ;
#2814 = DIRECTION ( 'NONE',  ( -1.000000000000000000, 0.000000000000000000, 0.000000000000000000 ) ) ;
#2815 =( NAMED_UNIT ( * ) PLANE_ANGLE_UNIT ( ) SI_UNIT ( $, .RADIAN. ) );
#2816 = FILL_AREA_STYLE_COLOUR ( '', #3173 ) ;
#2817 = LINE ( 'NONE', #5660, #3970 ) ;
#2818 = EDGE_CURVE ( 'NONE', #3664, #2765, #34, .T. ) ;
#2819 = VECTOR ( 'NONE', #4735, 1000.000000000000000 ) ;
#2820 = VERTEX_POINT ( 'NONE', #3762 ) ;
#2821 = VERTEX_POINT ( 'NONE', #4112 ) ;
#2822 = EDGE_CURVE ( 'NONE', #1707, #40, #1352, .T. ) ;
#2823 = DIRECTION ( 'NONE',  ( -1.000000000000000000, 0.000000000000000000, 0.000000000000000000 ) ) ;
#2824 = CIRCLE ( 'NONE', #2537, 0.1999999999999996503 ) ;
#2825 = CARTESIAN_POINT ( 'NONE',  ( 3.540000000000000480, 1.800000000000000488, 0.3499999999999999778 ) ) ;
#2826 = CARTESIAN_POINT ( 'NONE',  ( 3.540000000000000480, 0.8000000000000007105, 0.3499999999999999778 ) ) ;
#2827 = ORIENTED_EDGE ( 'NONE', *, *, #2562, .T. ) ;
#2828 = ORIENTED_EDGE ( 'NONE', *, *, #3579, .T. ) ;
#2829 = CARTESIAN_POINT ( 'NONE',  ( 0.000000000000000000, 0.000000000000000000, 0.000000000000000000 ) ) ;
#2830 =( LENGTH_UNIT ( ) NAMED_UNIT ( * ) SI_UNIT ( .MILLI., .METRE. ) );
#2831 = CARTESIAN_POINT ( 'NONE',  ( 0.05000000000000018319, 8.026794919243110726, 0.05000000000000023870 ) ) ;
#2832 =( BOUNDED_SURFACE ( )  B_SPLINE_SURFACE ( 2, 3, ( 
 ( #3952, #647, #4324, #675 ),
 ( #5747, #5691, #2028, #5778 ),
 ( #3454, #4792, #205, #1584 ) ),
 .UNSPECIFIED., .F., .F., .F. ) 
 B_SPLINE_SURFACE_WITH_KNOTS ( ( 3, 3 ),
 ( 4, 4 ),
 ( 0.000000000000000000, 1.000000000000000000 ),
 ( -3.500000000000000371E-05, 0.0007349999999999999763 ),
 .UNSPECIFIED. ) 
 GEOMETRIC_REPRESENTATION_ITEM ( )  RATIONAL_B_SPLINE_SURFACE ( (
 ( 1.000000000000000000, 1.000000000000000000, 1.000000000000000000, 1.000000000000000000),
 ( 0.7071067811865475727, 0.7071067811865475727, 0.7071067811865475727, 0.7071067811865475727),
 ( 1.000000000000000000, 1.000000000000000000, 1.000000000000000000, 1.000000000000000000) ) ) 
 REPRESENTATION_ITEM ( '' )  SURFACE ( )  );
#2833 = COLOUR_RGB ( '',0.8313725490196077761, 0.6705882352941175961, 0.1294117647058823373 ) ;
#2834 = EDGE_LOOP ( 'NONE', ( #3943, #4506, #4521, #5083 ) ) ;
#2835 = CARTESIAN_POINT ( 'NONE',  ( 4.080000000000000959, 0.8000000000000004885, -0.3499999999999999778 ) ) ;
#2836 = CARTESIAN_POINT ( 'NONE',  ( -0.3499999999999992006, -1.084202172485501815E-17, -0.3499999999999999778 ) ) ;
#2837 = CARTESIAN_POINT ( 'NONE',  ( 5.528193045422142404, 5.884855341312109189, -0.3500000000000000333 ) ) ;
#2838 = ORIENTED_EDGE ( 'NONE', *, *, #1817, .F. ) ;
#2839 = CARTESIAN_POINT ( 'NONE',  ( 3.226754932607761361, 0.5000000000000000000, -0.6500000000000013545 ) ) ;
#2840 = PRODUCT_RELATED_PRODUCT_CATEGORY ( 'part', '', ( #2933 ) ) ;
#2841 = EDGE_CURVE ( 'NONE', #5162, #2775, #3594, .T. ) ;
#2842 = FILL_AREA_STYLE ('',( #137 ) ) ;
#2843 =( NAMED_UNIT ( * ) SI_UNIT ( $, .STERADIAN. ) SOLID_ANGLE_UNIT ( ) );
#2844 = CARTESIAN_POINT ( 'NONE',  ( 5.579999999999999183, 6.299999999999999822, -0.3499999999999999778 ) ) ;
#2845 = DIRECTION ( 'NONE',  ( -1.000000000000000000, -0.000000000000000000, -0.000000000000000000 ) ) ;
#2846 = FACE_OUTER_BOUND ( 'NONE', #2471, .T. ) ;
#2847 = UNCERTAINTY_MEASURE_WITH_UNIT (LENGTH_MEASURE( 1.000000000000000082E-05 ), #4695, 'distance_accuracy_value', 'NONE');
#2848 = VERTEX_POINT ( 'NONE', #486 ) ;
#2849 = UNCERTAINTY_MEASURE_WITH_UNIT (LENGTH_MEASURE( 1.000000000000000082E-05 ), #4471, 'distance_accuracy_value', 'NONE');
#2850 = EDGE_CURVE ( 'NONE', #4863, #731, #1947, .T. ) ;
#2851 = LINE ( 'NONE', #4701, #5051 ) ;
#2852 = SURFACE_STYLE_FILL_AREA ( #2368 ) ;
#2853 =( GEOMETRIC_REPRESENTATION_CONTEXT ( 3 ) GLOBAL_UNCERTAINTY_ASSIGNED_CONTEXT ( ( #4870 ) ) GLOBAL_UNIT_ASSIGNED_CONTEXT ( ( #923, #2309, #3703 ) ) REPRESENTATION_CONTEXT ( 'NONE', 'WORKASPACE' ) );
#2854 = CARTESIAN_POINT ( 'NONE',  ( -1.469999999999999973, 0.000000000000000000, 1.199999999999999956 ) ) ;
#2855 = PLANE ( 'NONE',  #3356 ) ;
#2856 = ORIENTED_EDGE ( 'NONE', *, *, #3552, .F. ) ;
#2857 = ADVANCED_FACE ( 'NONE', ( #1854 ), #4804, .T. ) ;
#2858 = CARTESIAN_POINT ( 'NONE',  ( -0.6454664785273052097, 3.877691542223590471, -0.3499999999999999778 ) ) ;
#2859 = DIRECTION ( 'NONE',  ( 0.000000000000000000, 1.000000000000000000, -1.668003342285391797E-16 ) ) ;
#2860 = CARTESIAN_POINT ( 'NONE',  ( 5.079999999999999183, 1.700000000000000178, 0.3499999999999999778 ) ) ;
#2861 =( NAMED_UNIT ( * ) PLANE_ANGLE_UNIT ( ) SI_UNIT ( $, .RADIAN. ) );
#2862 = CARTESIAN_POINT ( 'NONE',  ( -1.574999999999999289, -1.575000000000006173, 0.3499999999999999778 ) ) ;
#2863 = AXIS2_PLACEMENT_3D ( 'NONE', #510, #1878, #888 ) ;
#2864 = CARTESIAN_POINT ( 'NONE',  ( 0.000000000000000000, 0.000000000000000000, 0.000000000000000000 ) ) ;
#2865 = ORIENTED_EDGE ( 'NONE', *, *, #3095, .F. ) ;
#2866 = LINE ( 'NONE', #549, #4434 ) ;
#2867 = CARTESIAN_POINT ( 'NONE',  ( 5.579999999999999183, 6.299999999999999822, 0.3499999999999999778 ) ) ;
#2868 =( BOUNDED_SURFACE ( )  B_SPLINE_SURFACE ( 2, 3, ( 
 ( #4791, #674, #2882, #3390 ),
 ( #5205, #5267, #4764, #2487 ),
 ( #203, #2027, #3423, #4820 ) ),
 .UNSPECIFIED., .F., .F., .F. ) 
 B_SPLINE_SURFACE_WITH_KNOTS ( ( 3, 3 ),
 ( 4, 4 ),
 ( 0.000000000000000000, 1.000000000000000000 ),
 ( -0.0007349999999999999763, 3.500000000000000371E-05 ),
 .UNSPECIFIED. ) 
 GEOMETRIC_REPRESENTATION_ITEM ( )  RATIONAL_B_SPLINE_SURFACE ( (
 ( 1.000000000000000000, 1.000000000000000000, 1.000000000000000000, 1.000000000000000000),
 ( 0.7071067811865475727, 0.7071067811865475727, 0.7071067811865475727, 0.7071067811865475727),
 ( 1.000000000000000000, 1.000000000000000000, 1.000000000000000000, 1.000000000000000000) ) ) 
 REPRESENTATION_ITEM ( '' )  SURFACE ( )  );
#2869 = LINE ( 'NONE', #524, #3561 ) ;
#2870 = PLANE ( 'NONE',  #1862 ) ;
#2871 = ORIENTED_EDGE ( 'NONE', *, *, #385, .F. ) ;
#2872 = FILL_AREA_STYLE_COLOUR ( '', #600 ) ;
#2873 = CARTESIAN_POINT ( 'NONE',  ( -0.4481930454221424998, 5.884855341312110077, 0.3499999999999999223 ) ) ;
#2874 = DIRECTION ( 'NONE',  ( -1.000000000000000000, -0.000000000000000000, -0.000000000000000000 ) ) ;
#2875 = FACE_OUTER_BOUND ( 'NONE', #1686, .T. ) ;
#2876 = VECTOR ( 'NONE', #118, 1000.000000000000000 ) ;
#2877 = SURFACE_SIDE_STYLE ('',( #4664 ) ) ;
#2878 = SURFACE_SIDE_STYLE ('',( #3388 ) ) ;
#2879 = B_SPLINE_CURVE_WITH_KNOTS ( 'NONE', 3,
 ( #5739, #670, #2566, #4417, #1662, #3044, #5201, #3386, #2542, #2513, #698, #2600, #5230, #3833, #1127, #1605, #3893, #4345, #229, #1990, #2936, #2104, #3866, #4761, #5714, #4369, #2077, #5322, #3419, #3920, #2481 ),
 .UNSPECIFIED., .F., .F.,
 ( 4, 1, 1, 1, 1, 1, 1, 2, 2, 1, 1, 1, 1, 2, 2, 1, 1, 1, 1, 1, 2, 2, 4 ),
 ( 0.000000000000000000, 0.06250000000001669498, 0.09375000000002534084, 0.1093750000000298511, 0.1171875000000321132, 0.1210937500000334038, 0.1230468750000340422, 0.1240234375000343753, 0.1250000000000346945, 0.1875000000000348610, 0.2187500000000352496, 0.2343750000000354439, 0.2421875000000355271, 0.2460937500000355549, 0.2500000000000355826, 0.3750000000000332512, 0.4375000000000323630, 0.4687500000000319744, 0.4843750000000320299, 0.4921875000000320299, 0.4960937500000318079, 0.5000000000000315303, 1.000000000000000000 ),
 .UNSPECIFIED. ) ;
#2880 = ORIENTED_EDGE ( 'NONE', *, *, #2975, .F. ) ;
#2881 = VERTEX_POINT ( 'NONE', #4586 ) ;
#2882 = CARTESIAN_POINT ( 'NONE',  ( 1.000000000000000444, 1.800000000000000488, 0.1283333333333333270 ) ) ;
#2883 = DIRECTION ( 'NONE',  ( 0.000000000000000000, 1.668003342285388099E-16, 1.000000000000000000 ) ) ;
#2884 = LINE ( 'NONE', #1429, #3489 ) ;
#2885 = B_SPLINE_CURVE_WITH_KNOTS ( 'NONE', 3,
 ( #5111, #1869, #499, #2535 ),
 .UNSPECIFIED., .F., .F.,
 ( 4, 4 ),
 ( 0.000000000000000000, 1.000000000000000000 ),
 .UNSPECIFIED. ) ;
#2886 = DIRECTION ( 'NONE',  ( 0.000000000000000000, 1.668003342285391797E-16, 1.000000000000000000 ) ) ;
#2887 = VECTOR ( 'NONE', #18, 1000.000000000000000 ) ;
#2888 = DIRECTION ( 'NONE',  ( 0.000000000000000000, 0.000000000000000000, 1.000000000000000000 ) ) ;
#2889 = EDGE_CURVE ( 'NONE', #2436, #1056, #1028, .T. ) ;
#2890 = EDGE_CURVE ( 'NONE', #800, #2881, #1080, .T. ) ;
#2891 = ORIENTED_EDGE ( 'NONE', *, *, #5277, .T. ) ;
#2892 = CARTESIAN_POINT ( 'NONE',  ( -0.9147081045647341702, 4.597665842577888462, -0.3499999999999999778 ) ) ;
#2893 = LINE ( 'NONE', #3430, #3070 ) ;
#2894 = DIRECTION ( 'NONE',  ( -1.121588454295349780E-16, 1.000000000000000000, 0.000000000000000000 ) ) ;
#2895 = EDGE_CURVE ( 'NONE', #4933, #2689, #4333, .T. ) ;
#2896 = ORIENTED_EDGE ( 'NONE', *, *, #2890, .F. ) ;
#2897 = CARTESIAN_POINT ( 'NONE',  ( 1.540000000000000036, 6.500000000000000888, -0.3500000000000010880 ) ) ;
#2898 = FACE_OUTER_BOUND ( 'NONE', #4739, .T. ) ;
#2899 = CARTESIAN_POINT ( 'NONE',  ( 2.091806954577857258, 5.884855341312109189, -0.3499999999999999223 ) ) ;
#2900 = DIRECTION ( 'NONE',  ( -0.000000000000000000, -1.000000000000000000, 1.668003342285391551E-16 ) ) ;
#2901 = EDGE_CURVE ( 'NONE', #4732, #928, #5422, .T. ) ;
#2902 = VERTEX_POINT ( 'NONE', #3854 ) ;
#2903 = CARTESIAN_POINT ( 'NONE',  ( 2.540000000000000036, 0.5000000000000005551, 0.3499999999999999778 ) ) ;
#2904 = PLANE ( 'NONE',  #621 ) ;
#2905 = STYLED_ITEM ( 'NONE', ( #5664 ), #4788 ) ;
#2906 =( BOUNDED_CURVE ( )  B_SPLINE_CURVE ( 3, ( #1183, #3448, #3022, #725 ),
 .UNSPECIFIED., .F., .F. ) 
 B_SPLINE_CURVE_WITH_KNOTS ( ( 4, 4 ),
 ( 1.570796326794896336, 2.359101780428492390 ),
 .UNSPECIFIED. ) 
 CURVE ( )  GEOMETRIC_REPRESENTATION_ITEM ( )  RATIONAL_B_SPLINE_CURVE ( ( 1.000000000000000000, 0.9488815137910384667, 0.9488815137910384667, 1.000000000000000000 ) ) 
 REPRESENTATION_ITEM ( '' )  );
#2907 = AXIS2_PLACEMENT_3D ( 'NONE', #107, #5227, #4692 ) ;
#2908 = FACE_OUTER_BOUND ( 'NONE', #2363, .T. ) ;
#2909 = FACE_OUTER_BOUND ( 'NONE', #2913, .T. ) ;
#2910 = LINE ( 'NONE', #1904, #4171 ) ;
#2911 = ORIENTED_EDGE ( 'NONE', *, *, #195, .F. ) ;
#2912 = STYLED_ITEM ( 'NONE', ( #2595 ), #5728 ) ;
#2913 = EDGE_LOOP ( 'NONE', ( #2610, #1034, #4668, #2963 ) ) ;
#2914 = MECHANICAL_DESIGN_GEOMETRIC_PRESENTATION_REPRESENTATION (  '', ( #3097 ), #3678 ) ;
#2915 = CARTESIAN_POINT ( 'NONE',  ( 4.210384757729334737, 8.500000000000000000, -0.8696152422706647789 ) ) ;
#2916 = STYLED_ITEM ( 'NONE', ( #3306 ), #566 ) ;
#2917 = LINE ( 'NONE', #565, #4312 ) ;
#2918 = ORIENTED_EDGE ( 'NONE', *, *, #5813, .T. ) ;
#2919 = CARTESIAN_POINT ( 'NONE',  ( -0.4633568989079023814, 1.700000000000002620, -0.3499999999999999778 ) ) ;
#2920 = EDGE_CURVE ( 'NONE', #1657, #2563, #1047, .T. ) ;
#2921 = CARTESIAN_POINT ( 'NONE',  ( 3.479979884374425403, 4.171275002134771093, -0.3499999999999999778 ) ) ;
#2922 = CARTESIAN_POINT ( 'NONE',  ( 2.076643101092097154, 1.700000000000002398, -0.3500000000000000333 ) ) ;
#2923 = CARTESIAN_POINT ( 'NONE',  ( 5.601845733883980216, 5.626229152235330488, 0.3499999999999999778 ) ) ;
#2924 = VERTEX_POINT ( 'NONE', #1976 ) ;
#2925 = EDGE_CURVE ( 'NONE', #2174, #1776, #2893, .T. ) ;
#2926 = ORIENTED_EDGE ( 'NONE', *, *, #4010, .T. ) ;
#2927 = CARTESIAN_POINT ( 'NONE',  ( 1.853245067392238710, 10.39117142264903570, 0.6499999999999995781 ) ) ;
#2928 = CARTESIAN_POINT ( 'NONE',  ( 1.940000000000000613, 6.299999999999999822, -0.3499999999999999778 ) ) ;
#2929 = ORIENTED_EDGE ( 'NONE', *, *, #3586, .T. ) ;
#2930 = STYLED_ITEM ( 'NONE', ( #3018 ), #4403 ) ;
#2931 = FACE_OUTER_BOUND ( 'NONE', #3682, .T. ) ;
#2932 = AXIS2_PLACEMENT_3D ( 'NONE', #3499, #5318, #4340 ) ;
#2933 = PRODUCT ( '100mill Female Pin Header_3P_Bk', '100mill Female Pin Header_3P_Bk', '', ( #5161 ) ) ;
#2934 = CARTESIAN_POINT ( 'NONE',  ( 5.430000000000000604, 1.084202172485506745E-17, -0.3499999999999999778 ) ) ;
#2935 = DIRECTION ( 'NONE',  ( 1.000000000000000000, 0.000000000000000000, 0.000000000000000000 ) ) ;
#2936 = CARTESIAN_POINT ( 'NONE',  ( 0.9006934952134016958, 4.786369049944407372, -0.3499999999999999778 ) ) ;
#2937 = CARTESIAN_POINT ( 'NONE',  ( 3.226754932607761805, 8.000000000000000000, 0.6500000000000000222 ) ) ;
#2938 = SURFACE_STYLE_USAGE ( .BOTH. , #2878 ) ;
#2939 = ORIENTED_EDGE ( 'NONE', *, *, #5138, .T. ) ;
#2940 = SURFACE_STYLE_FILL_AREA ( #2971 ) ;
#2941 =( NAMED_UNIT ( * ) SI_UNIT ( $, .STERADIAN. ) SOLID_ANGLE_UNIT ( ) );
#2942 = LINE ( 'NONE', #1188, #1474 ) ;
#2943 = PLANE ( 'NONE',  #3908 ) ;
#2944 = CARTESIAN_POINT ( 'NONE',  ( 5.405255819881805479, 5.589454083063163381, 0.3499999999999999778 ) ) ;
#2945 = ORIENTED_EDGE ( 'NONE', *, *, #2792, .F. ) ;
#2946 = UNCERTAINTY_MEASURE_WITH_UNIT (LENGTH_MEASURE( 1.000000000000000082E-05 ), #1411, 'distance_accuracy_value', 'NONE');
#2947 = AXIS2_PLACEMENT_3D ( 'NONE', #4496, #5852, #3522 ) ;
#2948 = CARTESIAN_POINT ( 'NONE',  ( 3.540000000000000036, 0.5000000000000002220, 0.3499999999999998668 ) ) ;
#2949 = DIRECTION ( 'NONE',  ( 0.000000000000000000, 0.000000000000000000, 1.000000000000000000 ) ) ;
#2950 = CARTESIAN_POINT ( 'NONE',  ( 4.218424265108378535, 5.204467366490685087, -0.3500000000000000333 ) ) ;
#2951 =( NAMED_UNIT ( * ) SI_UNIT ( $, .STERADIAN. ) SOLID_ANGLE_UNIT ( ) );
#2952 = CARTESIAN_POINT ( 'NONE',  ( 5.680000000000000604, 6.299999999999999822, -0.3849999999999999534 ) ) ;
#2953 = EDGE_CURVE ( 'NONE', #3532, #4094, #685, .T. ) ;
#2954 = VERTEX_POINT ( 'NONE', #3819 ) ;
#2955 = ORIENTED_EDGE ( 'NONE', *, *, #2771, .T. ) ;
#2956 = VECTOR ( 'NONE', #2609, 1000.000000000000000 ) ;
#2957 = CARTESIAN_POINT ( 'NONE',  ( 2.189999999999999947, 8.199999999999999289, 0.3499999999999999778 ) ) ;
#2958 = FILL_AREA_STYLE_COLOUR ( '', #5933 ) ;
#2959 = FACE_OUTER_BOUND ( 'NONE', #5854, .T. ) ;
#2960 = EDGE_CURVE ( 'NONE', #40, #2245, #3542, .T. ) ;
#2962 = EDGE_CURVE ( 'NONE', #762, #2388, #3376, .T. ) ;
#2961 = CIRCLE ( 'NONE', #4204, 0.2999999999999999334 ) ;
#2963 = ORIENTED_EDGE ( 'NONE', *, *, #559, .T. ) ;
#2964 = DIRECTION ( 'NONE',  ( -1.000000000000000000, 0.000000000000000000, 0.000000000000000000 ) ) ;
#2965 =( LENGTH_UNIT ( ) NAMED_UNIT ( * ) SI_UNIT ( .MILLI., .METRE. ) );
#2966 = CARTESIAN_POINT ( 'NONE',  ( 5.080000000000000071, 6.299999999999999822, 0.3499999999999999778 ) ) ;
#2967 = DIRECTION ( 'NONE',  ( 0.000000000000000000, 0.000000000000000000, -1.000000000000000000 ) ) ;
#2968 = COLOUR_RGB ( '',0.8313725490196077761, 0.6705882352941175961, 0.1294117647058823373 ) ;
#2969 = EDGE_CURVE ( 'NONE', #3790, #5019, #1785, .T. ) ;
#2970 = EDGE_LOOP ( 'NONE', ( #2098, #5089, #862, #1967 ) ) ;
#2971 = FILL_AREA_STYLE ('',( #234 ) ) ;
#2972 = AXIS2_PLACEMENT_3D ( 'NONE', #3559, #1771, #3128 ) ;
#2973 = CARTESIAN_POINT ( 'NONE',  ( -0.3499999999999992006, -1.084202172485501815E-17, 0.3499999999999999778 ) ) ;
#2974 = CARTESIAN_POINT ( 'NONE',  ( -0.6867549326077613259, 6.500000000000000888, 0.3499999999999989231 ) ) ;
#2975 = EDGE_CURVE ( 'NONE', #1795, #3827, #4072, .T. ) ;
#2976 = VECTOR ( 'NONE', #1198, 1000.000000000000000 ) ;
#2977 =( BOUNDED_SURFACE ( )  B_SPLINE_SURFACE ( 3, 1, ( 
 ( #1541, #4858 ),
 ( #272, #5225 ),
 ( #1625, #5196 ),
 ( #1090, #4385 ) ),
 .UNSPECIFIED., .F., .F., .F. ) 
 B_SPLINE_SURFACE_WITH_KNOTS ( ( 4, 4 ),
 ( 2, 2 ),
 ( 0.000000000000000000, 1.000000000000000000 ),
 ( 0.000000000000000000, 1.000000000000000000 ),
 .UNSPECIFIED. ) 
 GEOMETRIC_REPRESENTATION_ITEM ( )  RATIONAL_B_SPLINE_SURFACE ( (
 ( 1.000000000000000000, 1.000000000000000000),
 ( 0.9488815137910380226, 0.9488815137910380226),
 ( 0.9488815137910380226, 0.9488815137910380226),
 ( 1.000000000000000000, 1.000000000000000000) ) ) 
 REPRESENTATION_ITEM ( '' )  SURFACE ( )  );
#2978 = ORIENTED_EDGE ( 'NONE', *, *, #5221, .F. ) ;
#2979 = AXIS2_PLACEMENT_3D ( 'NONE', #5157, #1141, #2894 ) ;
#2980 = CARTESIAN_POINT ( 'NONE',  ( 6.039999415201713795, 3.767448265748726044, 0.3499999999999999778 ) ) ;
#2981 = CARTESIAN_POINT ( 'NONE',  ( 4.134482203325870131, 4.067306563708462441, -0.3499999999999999223 ) ) ;
#2982 =( NAMED_UNIT ( * ) PLANE_ANGLE_UNIT ( ) SI_UNIT ( $, .RADIAN. ) );
#2983 = CARTESIAN_POINT ( 'NONE',  ( 5.680000000000000604, 6.299999999999999822, -0.1283333333333334936 ) ) ;
#2984 = ORIENTED_EDGE ( 'NONE', *, *, #5305, .T. ) ;
#2985 = CARTESIAN_POINT ( 'NONE',  ( 1.000000000000000000, 2.207665535523691158, 0.3499999999999999223 ) ) ;
#2986 = FACE_OUTER_BOUND ( 'NONE', #3287, .T. ) ;
#2987 = DIRECTION ( 'NONE',  ( -0.000000000000000000, 0.000000000000000000, 1.000000000000000000 ) ) ;
#2988 = CARTESIAN_POINT ( 'NONE',  ( 1.678770099106168256, 5.207834124282345378, -0.3499999999999999223 ) ) ;
#2989 = FACE_OUTER_BOUND ( 'NONE', #4846, .T. ) ;
#2990 = DIRECTION ( 'NONE',  ( -1.000000000000000000, 0.000000000000000000, 0.000000000000000000 ) ) ;
#2991 = CARTESIAN_POINT ( 'NONE',  ( -0.6999999999999995115, 0.8000000000000004885, -0.3499999999999999778 ) ) ;
#2992 = CARTESIAN_POINT ( 'NONE',  ( 2.187475984454220423, 5.732672356334980179, -0.3499999999999999778 ) ) ;
#2993 = EDGE_CURVE ( 'NONE', #2214, #1255, #821, .T. ) ;
#2994 = DIRECTION ( 'NONE',  ( -1.000000000000000000, -3.097720492815726426E-17, 0.000000000000000000 ) ) ;
#2995 = LINE ( 'NONE', #3079, #5212 ) ;
#2996 = ORIENTED_EDGE ( 'NONE', *, *, #3067, .T. ) ;
#2997 = CARTESIAN_POINT ( 'NONE',  ( 5.430000000000000604, 0.000000000000000000, -0.3500000000000000333 ) ) ;
#2998 = EDGE_CURVE ( 'NONE', #874, #101, #2299, .T. ) ;
#2999 = CARTESIAN_POINT ( 'NONE',  ( 0.3525240155457787239, 5.732672356334978403, 0.3499999999999999778 ) ) ;
#3000 = ORIENTED_EDGE ( 'NONE', *, *, #104, .T. ) ;
#3001 = ADVANCED_FACE ( 'NONE', ( #5053 ), #2755, .F. ) ;
#3002 = PRESENTATION_LAYER_ASSIGNMENT (  '', '', ( #4725 ) ) ;
#3003 = SURFACE_STYLE_USAGE ( .BOTH. , #4848 ) ;
#3004 = PRESENTATION_LAYER_ASSIGNMENT (  '', '', ( #1942 ) ) ;
#3005 = CARTESIAN_POINT ( 'NONE',  ( 5.746266211150817149, 6.298959448224883850, 0.3499999999999999223 ) ) ;
#3006 = DIRECTION ( 'NONE',  ( 0.000000000000000000, 0.000000000000000000, 1.000000000000000000 ) ) ;
#3007 =( NAMED_UNIT ( * ) PLANE_ANGLE_UNIT ( ) SI_UNIT ( $, .RADIAN. ) );
#3008 = ORIENTED_EDGE ( 'NONE', *, *, #67, .F. ) ;
#3009 = CARTESIAN_POINT ( 'NONE',  ( 0.9599994152017131688, 3.767448265748726932, 0.3500000000000000333 ) ) ;
#3010 = CARTESIAN_POINT ( 'NONE',  ( 6.549999999999999822, 0.5000000000000000000, -0.6499999999999989120 ) ) ;
#3011 = MECHANICAL_DESIGN_GEOMETRIC_PRESENTATION_REPRESENTATION (  '', ( #4828 ), #494 ) ;
#3012 = CARTESIAN_POINT ( 'NONE',  ( 0.000000000000000000, 0.000000000000000000, -0.3499999999999999778 ) ) ;
#3013 = DIRECTION ( 'NONE',  ( -0.000000000000000000, 0.000000000000000000, 1.000000000000000000 ) ) ;
#3014 = PRESENTATION_LAYER_ASSIGNMENT (  '', '', ( #5884 ) ) ;
#3015 = ORIENTED_EDGE ( 'NONE', *, *, #2745, .T. ) ;
#3016 = AXIS2_PLACEMENT_3D ( 'NONE', #4651, #153, #4709 ) ;
#3017 = FACE_OUTER_BOUND ( 'NONE', #226, .T. ) ;
#3018 = PRESENTATION_STYLE_ASSIGNMENT (( #5288 ) ) ;
#3019 = ORIENTED_EDGE ( 'NONE', *, *, #2644, .F. ) ;
#3020 = FACE_OUTER_BOUND ( 'NONE', #5684, .T. ) ;
#3021 = DIRECTION ( 'NONE',  ( 3.097720492815726426E-17, -1.000000000000000000, 0.000000000000000000 ) ) ;
#3022 = CARTESIAN_POINT ( 'NONE',  ( 2.091806954577857258, 5.884855341312110077, -0.3499999999999999223 ) ) ;
#3023 = EDGE_LOOP ( 'NONE', ( #3767, #5414, #5466, #5272 ) ) ;
#3024 = VECTOR ( 'NONE', #3508, 1000.000000000000000 ) ;
#3025 = ADVANCED_FACE ( 'NONE', ( #939 ), #4573, .T. ) ;
#3026 = CARTESIAN_POINT ( 'NONE',  ( 4.730000000000001315, -2.800000000000001155, 0.3499999999999999778 ) ) ;
#3027 = DIRECTION ( 'NONE',  ( 1.121588454295349533E-16, -1.000000000000000000, 0.000000000000000000 ) ) ;
#3028 = FACE_OUTER_BOUND ( 'NONE', #4152, .T. ) ;
#3029 = ORIENTED_EDGE ( 'NONE', *, *, #671, .T. ) ;
#3030 = EDGE_CURVE ( 'NONE', #5153, #561, #2295, .T. ) ;
#3031 = FILL_AREA_STYLE_COLOUR ( '', #3046 ) ;
#3032 = CARTESIAN_POINT ( 'NONE',  ( 5.867536108384567406, 5.774771377977485187, 0.3499999999999999778 ) ) ;
#3033 = EDGE_CURVE ( 'NONE', #4094, #5924, #2703, .T. ) ;
#3034 = UNCERTAINTY_MEASURE_WITH_UNIT (LENGTH_MEASURE( 1.000000000000000082E-05 ), #2530, 'distance_accuracy_value', 'NONE');
#3035 = ORIENTED_EDGE ( 'NONE', *, *, #8, .F. ) ;
#3036 = LINE ( 'NONE', #2590, #3500 ) ;
#3037 = CARTESIAN_POINT ( 'NONE',  ( 6.080000000000000959, 0.8000000000000007105, 0.3499999999999999778 ) ) ;
#3038 = CARTESIAN_POINT ( 'NONE',  ( 1.752463891615423375, 5.774771377977407916, -0.3499999999999999778 ) ) ;
#3039 = SURFACE_STYLE_USAGE ( .BOTH. , #2561 ) ;
#3040 = B_SPLINE_CURVE_WITH_KNOTS ( 'NONE', 3,
 ( #2558, #2985, #4806, #3467, #3009, #5313, #2123, #3961, #4381, #770, #1257, #5789, #2093, #1681, #3911, #3524, #4830, #3939, #2152, #740, #690, #5757, #4886, #4915, #2533, #716, #1621, #4854, #5279, #1171, #4020, #244, #1652 ),
 .UNSPECIFIED., .F., .F.,
 ( 4, 1, 1, 1, 1, 1, 1, 2, 2, 1, 1, 1, 1, 1, 2, 2, 1, 1, 1, 1, 1, 1, 2, 2, 4 ),
 ( 0.000000000000000000, 0.2500000000000368039, 0.3750000000000551781, 0.4375000000000643929, 0.4687500000000690004, 0.4843750000000708877, 0.4921875000000714429, 0.4960937500000717759, 0.5000000000000720535, 0.6250000000000727196, 0.6875000000000727196, 0.7187500000000727196, 0.7343750000000727196, 0.7421875000000727196, 0.7460937500000723865, 0.7500000000000720535, 0.8125000000000687228, 0.8437500000000673905, 0.8593750000000667244, 0.8671875000000663913, 0.8710937500000661693, 0.8730468750000658362, 0.8740234375000652811, 0.8750000000000647260, 1.000000000000000000 ),
 .UNSPECIFIED. ) ;
#3041 = VERTEX_POINT ( 'NONE', #2234 ) ;
#3042 = PRESENTATION_STYLE_ASSIGNMENT (( #2193 ) ) ;
#3043 = ORIENTED_EDGE ( 'NONE', *, *, #5781, .T. ) ;
#3044 = CARTESIAN_POINT ( 'NONE',  ( 0.7741471366726996317, 5.851685420754297873, -0.3499999999999998668 ) ) ;
#3045 = CARTESIAN_POINT ( 'NONE',  ( -0.9999999999999995559, 1.800000000000000488, 0.1283333333333336046 ) ) ;
#3046 = COLOUR_RGB ( '',0.8313725490196077761, 0.6705882352941175961, 0.1294117647058823373 ) ;
#3047 = AXIS2_PLACEMENT_3D ( 'NONE', #1283, #3006, #3582 ) ;
#3048 = ORIENTED_EDGE ( 'NONE', *, *, #5868, .F. ) ;
#3049 = CARTESIAN_POINT ( 'NONE',  ( 4.580000000000001847, 6.299999999999999822, 0.3499999999999999778 ) ) ;
#3050 = DIRECTION ( 'NONE',  ( -0.000000000000000000, 1.000000000000000000, -0.000000000000000000 ) ) ;
#3051 =( GEOMETRIC_REPRESENTATION_CONTEXT ( 3 ) GLOBAL_UNCERTAINTY_ASSIGNED_CONTEXT ( ( #5836 ) ) GLOBAL_UNIT_ASSIGNED_CONTEXT ( ( #1230, #2653, #5793 ) ) REPRESENTATION_CONTEXT ( 'NONE', 'WORKASPACE' ) );
#3052 = CARTESIAN_POINT ( 'NONE',  ( 5.899285907662241257, 5.570187327444201308, -0.3499999999999999223 ) ) ;
#3053 = CARTESIAN_POINT ( 'NONE',  ( 1.853245067392238710, 10.39117142264903570, -0.6500000000000030198 ) ) ;
#3054 = ORIENTED_EDGE ( 'NONE', *, *, #2033, .F. ) ;
#3055 = ORIENTED_EDGE ( 'NONE', *, *, #4596, .F. ) ;
#3056 = VECTOR ( 'NONE', #2888, 1000.000000000000000 ) ;
#3057 = CARTESIAN_POINT ( 'NONE',  ( 4.080000000000000959, 0.8000000000000004885, 0.3499999999999999778 ) ) ;
#3058 = CARTESIAN_POINT ( 'NONE',  ( 6.025296937195550484, 4.071564961060393451, 0.3499999999999999778 ) ) ;
#3059 = DIRECTION ( 'NONE',  ( 0.000000000000000000, 0.000000000000000000, -1.000000000000000000 ) ) ;
#3060 = PRESENTATION_LAYER_ASSIGNMENT (  '', '', ( #280 ) ) ;
#3061 = VECTOR ( 'NONE', #5314, 1000.000000000000000 ) ;
#3062 =( GEOMETRIC_REPRESENTATION_CONTEXT ( 3 ) GLOBAL_UNCERTAINTY_ASSIGNED_CONTEXT ( ( #2362 ) ) GLOBAL_UNIT_ASSIGNED_CONTEXT ( ( #2676, #3118, #1281 ) ) REPRESENTATION_CONTEXT ( 'NONE', 'WORKASPACE' ) );
#3063 = VERTEX_POINT ( 'NONE', #1842 ) ;
#3064 = CARTESIAN_POINT ( 'NONE',  ( 4.393245067392238745, 0.5000000000000000000, -0.6500000000000013545 ) ) ;
#3065 = LINE ( 'NONE', #772, #1715 ) ;
#3066 = DIRECTION ( 'NONE',  ( -0.000000000000000000, 1.000000000000000000, -0.000000000000000000 ) ) ;
#3067 = EDGE_CURVE ( 'NONE', #2695, #3117, #5425, .T. ) ;
#3068 = CARTESIAN_POINT ( 'NONE',  ( 1.853245067392238710, 0.5000000000000000000, -0.6500000000000013545 ) ) ;
#3069 = CARTESIAN_POINT ( 'NONE',  ( 3.140000000000000568, 6.299999999999999822, 0.3499999999999999778 ) ) ;
#3070 = VECTOR ( 'NONE', #604, 1000.000000000000000 ) ;
#3071 = ORIENTED_EDGE ( 'NONE', *, *, #346, .T. ) ;
#3072 = CARTESIAN_POINT ( 'NONE',  ( 0.3500000000000008105, 1.084202172485506745E-17, 0.3499999999999999778 ) ) ;
#3073 = ORIENTED_EDGE ( 'NONE', *, *, #2668, .T. ) ;
#3074 = DIRECTION ( 'NONE',  ( 0.000000000000000000, 1.668003342285388099E-16, 1.000000000000000000 ) ) ;
#3075 = ORIENTED_EDGE ( 'NONE', *, *, #1449, .F. ) ;
#3076 = CARTESIAN_POINT ( 'NONE',  ( -0.4633568989079023814, 1.700000000000002620, 0.3499999999999999778 ) ) ;
#3077 = EDGE_CURVE ( 'NONE', #2214, #291, #4006, .T. ) ;
#3078 = CARTESIAN_POINT ( 'NONE',  ( 0.4999999999999985012, 6.084152315493285279, -0.3499999999999999778 ) ) ;
#3079 = CARTESIAN_POINT ( 'NONE',  ( 0.6867549326077613259, 10.39117142264903570, 0.3499999999999983125 ) ) ;
#3080 = EDGE_LOOP ( 'NONE', ( #1217, #3750, #3768, #4875 ) ) ;
#3081 = FILL_AREA_STYLE_COLOUR ( '', #218 ) ;
#3082 = UNCERTAINTY_MEASURE_WITH_UNIT (LENGTH_MEASURE( 1.000000000000000082E-05 ), #4568, 'distance_accuracy_value', 'NONE');
#3083 = CARTESIAN_POINT ( 'NONE',  ( 4.631806954577858626, 5.884855341312110077, 0.3499999999999999223 ) ) ;
#3084 = FACE_OUTER_BOUND ( 'NONE', #5756, .T. ) ;
#3085 = ADVANCED_FACE ( 'NONE', ( #4041 ), #3237, .F. ) ;
#3086 = CARTESIAN_POINT ( 'NONE',  ( 4.080000000000000071, 0.5000000000000000000, -0.3500000000000000888 ) ) ;
#3087 = PLANE ( 'NONE',  #3529 ) ;
#3088 = ORIENTED_EDGE ( 'NONE', *, *, #2960, .T. ) ;
#3089 = VECTOR ( 'NONE', #2022, 1000.000000000000000 ) ;
#3090 = ORIENTED_EDGE ( 'NONE', *, *, #340, .T. ) ;
#3091 = SURFACE_STYLE_FILL_AREA ( #1613 ) ;
#3092 = LINE ( 'NONE', #1590, #426 ) ;
#3093 = VECTOR ( 'NONE', #4511, 1000.000000000000000 ) ;
#3094 = CARTESIAN_POINT ( 'NONE',  ( 0.3525240155457787239, 5.732672356334978403, -0.3499999999999999778 ) ) ;
#3095 = EDGE_CURVE ( 'NONE', #1636, #3584, #411, .T. ) ;
#3096 = EDGE_LOOP ( 'NONE', ( #5617, #4592, #5487, #726 ) ) ;
#3097 = STYLED_ITEM ( 'NONE', ( #1838 ), #4246 ) ;
#3098 = LINE ( 'NONE', #3495, #2238 ) ;
#3099 = LINE ( 'NONE', #741, #4784 ) ;
#3100 = DIRECTION ( 'NONE',  ( -0.000000000000000000, -0.000000000000000000, 1.000000000000000000 ) ) ;
#3101 = LINE ( 'NONE', #4024, #372 ) ;
#3102 = ORIENTED_EDGE ( 'NONE', *, *, #2135, .F. ) ;
#3103 = EDGE_CURVE ( 'NONE', #514, #4933, #3114, .T. ) ;
#3104 = SURFACE_SIDE_STYLE ('',( #1716 ) ) ;
#3105 = ORIENTED_EDGE ( 'NONE', *, *, #2810, .T. ) ;
#3106 = PRESENTATION_LAYER_ASSIGNMENT (  '', '', ( #2916 ) ) ;
#3107 = ORIENTED_EDGE ( 'NONE', *, *, #2033, .T. ) ;
#3108 = DIRECTION ( 'NONE',  ( 1.000000000000000000, 0.000000000000000000, 0.000000000000000000 ) ) ;
#3109 = CARTESIAN_POINT ( 'NONE',  ( 1.689360230209762115, 5.307482533055399188, 0.3499999999999999778 ) ) ;
#3110 = ORIENTED_EDGE ( 'NONE', *, *, #5904, .F. ) ;
#3111 = DIRECTION ( 'NONE',  ( 0.000000000000000000, -0.000000000000000000, -1.000000000000000000 ) ) ;
#3112 = LINE ( 'NONE', #1755, #3364 ) ;
#3113 = CARTESIAN_POINT ( 'NONE',  ( 3.540000000000000480, 1.800000000000000488, -0.1283333333333334936 ) ) ;
#3114 = LINE ( 'NONE', #3808, #4693 ) ;
#3115 = LINE ( 'NONE', #2731, #5317 ) ;
#3116 = EDGE_LOOP ( 'NONE', ( #5585, #5504, #1608, #2239, #2253, #158, #475, #3029 ) ) ;
#3117 = VERTEX_POINT ( 'NONE', #3331 ) ;
#3118 =( NAMED_UNIT ( * ) PLANE_ANGLE_UNIT ( ) SI_UNIT ( $, .RADIAN. ) );
#3119 = PRESENTATION_LAYER_ASSIGNMENT (  '', '', ( #5418 ) ) ;
#3120 = SURFACE_SIDE_STYLE ('',( #3153 ) ) ;
#3121 = CARTESIAN_POINT ( 'NONE',  ( 4.299430448028449980, 5.815522798723462117, 0.3499999999999999223 ) ) ;
#3122 = CARTESIAN_POINT ( 'NONE',  ( 0.4481930454221421667, 5.884855341312110966, 0.3500000000000000333 ) ) ;
#3123 = ORIENTED_EDGE ( 'NONE', *, *, #5553, .T. ) ;
#3124 =( LENGTH_UNIT ( ) NAMED_UNIT ( * ) SI_UNIT ( .MILLI., .METRE. ) );
#3125 = CARTESIAN_POINT ( 'NONE',  ( 1.540000000000000480, 1.800000000000000266, -0.1166666666666667518 ) ) ;
#3126 = PLANE ( 'NONE',  #3459 ) ;
#3127 = CARTESIAN_POINT ( 'NONE',  ( 5.401845733883980039, 5.626229152235330488, 0.3499999999999999778 ) ) ;
#3128 = DIRECTION ( 'NONE',  ( 1.000000000000000000, 0.000000000000000000, 0.000000000000000000 ) ) ;
#3129 = EDGE_CURVE ( 'NONE', #91, #5321, #1151, .T. ) ;
#3130 = VERTEX_POINT ( 'NONE', #3835 ) ;
#3131 = FILL_AREA_STYLE_COLOUR ( '', #4906 ) ;
#3132 = VERTEX_POINT ( 'NONE', #3266 ) ;
#3133 =( NAMED_UNIT ( * ) PLANE_ANGLE_UNIT ( ) SI_UNIT ( $, .RADIAN. ) );
#3134 = ORIENTED_EDGE ( 'NONE', *, *, #955, .F. ) ;
#3135 = PRESENTATION_LAYER_ASSIGNMENT (  '', '', ( #1503 ) ) ;
#3136 = DIRECTION ( 'NONE',  ( 0.000000000000000000, 3.097720492815727166E-16, 1.000000000000000000 ) ) ;
#3137 = CARTESIAN_POINT ( 'NONE',  ( 4.393245067392238745, 10.39117142264903570, 0.6499999999999995781 ) ) ;
#3138 = CARTESIAN_POINT ( 'NONE',  ( 1.684309810834100363, 5.260692584315934006, 0.3499999999999999223 ) ) ;
#3139 = EDGE_CURVE ( 'NONE', #3132, #2349, #2394, .T. ) ;
#3140 = EDGE_LOOP ( 'NONE', ( #351, #3706, #3008, #4443 ) ) ;
#3141 = DIRECTION ( 'NONE',  ( 0.000000000000000000, 0.000000000000000000, -1.000000000000000000 ) ) ;
#3142 = CARTESIAN_POINT ( 'NONE',  ( 2.190000000000000835, 0.5000000000000005551, -0.3499999999999999778 ) ) ;
#3143 = DIRECTION ( 'NONE',  ( 1.000000000000000000, 0.000000000000000000, 0.000000000000000000 ) ) ;
#3144 = FACE_OUTER_BOUND ( 'NONE', #5928, .T. ) ;
#3145 = STYLED_ITEM ( 'NONE', ( #5372 ), #1162 ) ;
#3146 = PRESENTATION_STYLE_ASSIGNMENT (( #1816 ) ) ;
#3147 = CARTESIAN_POINT ( 'NONE',  ( -1.000000000000000000, 6.500000000000000888, -0.3500000000000010880 ) ) ;
#3148 = EDGE_CURVE ( 'NONE', #4052, #1233, #1870, .T. ) ;
#3149 = ORIENTED_EDGE ( 'NONE', *, *, #546, .F. ) ;
#3150 = EDGE_LOOP ( 'NONE', ( #3107, #4972, #1218, #5143 ) ) ;
#3151 = AXIS2_PLACEMENT_3D ( 'NONE', #5358, #3977, #1754 ) ;
#3152 = CARTESIAN_POINT ( 'NONE',  ( 2.214744180118195516, 5.589454083063166046, -0.3499999999999999778 ) ) ;
#3153 = SURFACE_STYLE_FILL_AREA ( #1282 ) ;
#3154 = CARTESIAN_POINT ( 'NONE',  ( 4.080000000000000959, 6.299999999999999822, -0.3849999999999998979 ) ) ;
#3155 = ADVANCED_FACE ( 'NONE', ( #2909 ), #1903, .T. ) ;
#3156 = COLOUR_RGB ( '',0.8313725490196077761, 0.6705882352941175961, 0.1294117647058823373 ) ;
#3157 = ORIENTED_EDGE ( 'NONE', *, *, #1256, .T. ) ;
#3158 = VECTOR ( 'NONE', #2874, 1000.000000000000000 ) ;
#3159 = CARTESIAN_POINT ( 'NONE',  ( -1.469999999999999973, 0.000000000000000000, 1.199999999999999956 ) ) ;
#3160 = COLOUR_RGB ( '',0.8313725490196077761, 0.6705882352941175961, 0.1294117647058823373 ) ;
#3161 = LINE ( 'NONE', #5856, #2002 ) ;
#3162 = FACE_OUTER_BOUND ( 'NONE', #151, .T. ) ;
#3163 = DIRECTION ( 'NONE',  ( -0.000000000000000000, -0.000000000000000000, -1.000000000000000000 ) ) ;
#3164 = LINE ( 'NONE', #397, #5459 ) ;
#3165 = ORIENTED_EDGE ( 'NONE', *, *, #2920, .T. ) ;
#3166 = CIRCLE ( 'NONE', #5062, 0.2999999999999999334 ) ;
#3167 = STYLED_ITEM ( 'NONE', ( #3626 ), #4525 ) ;
#3168 = CARTESIAN_POINT ( 'NONE',  ( 3.404197381770398323, 5.178803639424134353, 0.3499999999999999223 ) ) ;
#3169 = EDGE_LOOP ( 'NONE', ( #5391, #824, #1747, #5572 ) ) ;
#3170 = CARTESIAN_POINT ( 'NONE',  ( 5.430000000000000604, 8.199999999999999289, -0.3500000000000000333 ) ) ;
#3171 = ORIENTED_EDGE ( 'NONE', *, *, #2181, .T. ) ;
#3172 = CARTESIAN_POINT ( 'NONE',  ( 0.3252558198818050195, 5.589454083063163381, 0.3499999999999999778 ) ) ;
#3173 = COLOUR_RGB ( '',0.8313725490196077761, 0.6705882352941175961, 0.1294117647058823373 ) ;
#3174 = SURFACE_STYLE_USAGE ( .BOTH. , #3630 ) ;
#3175 = SURFACE_STYLE_USAGE ( .BOTH. , #3568 ) ;
#3176 = ORIENTED_EDGE ( 'NONE', *, *, #4748, .T. ) ;
#3177 = PLANE ( 'NONE',  #4813 ) ;
#3178 = ADVANCED_FACE ( 'NONE', ( #5625 ), #585, .F. ) ;
#3179 = LINE ( 'NONE', #5022, #829 ) ;
#3180 = CARTESIAN_POINT ( 'NONE',  ( 3.226754932607761361, 0.5000000000000002220, 0.6500000000000010214 ) ) ;
#3181 = DIRECTION ( 'NONE',  ( 0.000000000000000000, 3.097720492815727166E-16, 1.000000000000000000 ) ) ;
#3182 = DIRECTION ( 'NONE',  ( -0.000000000000000000, 0.000000000000000000, 1.000000000000000000 ) ) ;
#3183 = VERTEX_POINT ( 'NONE', #3299 ) ;
#3184 = ORIENTED_EDGE ( 'NONE', *, *, #2699, .F. ) ;
#3185 = EDGE_CURVE ( 'NONE', #3194, #2384, #1933, .T. ) ;
#3186 = SURFACE_SIDE_STYLE ('',( #2301 ) ) ;
#3187 = LINE ( 'NONE', #388, #4051 ) ;
#3188 = CARTESIAN_POINT ( 'NONE',  ( 4.344957989553972943, 6.043840788194787095, 0.3499999999999999223 ) ) ;
#3189 = AXIS2_PLACEMENT_3D ( 'NONE', #4446, #2195, #4092 ) ;
#3190 = CARTESIAN_POINT ( 'NONE',  ( 0.4999999999999985012, 6.084152315493285279, -0.3500000000000000333 ) ) ;
#3191 =( GEOMETRIC_REPRESENTATION_CONTEXT ( 3 ) GLOBAL_UNCERTAINTY_ASSIGNED_CONTEXT ( ( #3747 ) ) GLOBAL_UNIT_ASSIGNED_CONTEXT ( ( #24, #5515, #3240 ) ) REPRESENTATION_CONTEXT ( 'NONE', 'WORKASPACE' ) );
#3192 = EDGE_CURVE ( 'NONE', #4926, #2557, #969, .T. ) ;
#3193 = COLOUR_RGB ( '',0.8313725490196077761, 0.6705882352941175961, 0.1294117647058823373 ) ;
#3194 = VERTEX_POINT ( 'NONE', #2937 ) ;
#3195 = CARTESIAN_POINT ( 'NONE',  ( 3.326052886485986182, 5.783587059575307165, -0.3499999999999999778 ) ) ;
#3196 =( NAMED_UNIT ( * ) PLANE_ANGLE_UNIT ( ) SI_UNIT ( $, .RADIAN. ) );
#3197 = DIRECTION ( 'NONE',  ( -1.000000000000000000, -1.084202172485504434E-16, 0.000000000000000000 ) ) ;
#3198 = AXIS2_PLACEMENT_3D ( 'NONE', #2320, #4157, #5505 ) ;
#3199 = CARTESIAN_POINT ( 'NONE',  ( 3.401575734891618907, 5.204467366490783675, 0.3500000000000001443 ) ) ;
#3200 = VERTEX_POINT ( 'NONE', #4260 ) ;
#3201 =( GEOMETRIC_REPRESENTATION_CONTEXT ( 3 ) GLOBAL_UNCERTAINTY_ASSIGNED_CONTEXT ( ( #180 ) ) GLOBAL_UNIT_ASSIGNED_CONTEXT ( ( #5136, #1029, #3384 ) ) REPRESENTATION_CONTEXT ( 'NONE', 'WORKASPACE' ) );
#3202 = VERTEX_POINT ( 'NONE', #140 ) ;
#3203 = CARTESIAN_POINT ( 'NONE',  ( 0.4633568989079006606, 1.699999999999997957, 0.3499999999999999778 ) ) ;
#3204 = FILL_AREA_STYLE_COLOUR ( '', #667 ) ;
#3205 = CARTESIAN_POINT ( 'NONE',  ( 1.753947113514016332, 5.783587059575311606, 0.3500000000000000888 ) ) ;
#3206 = ORIENTED_EDGE ( 'NONE', *, *, #2960, .F. ) ;
#3207 = CARTESIAN_POINT ( 'NONE',  ( 5.430000000000000604, 8.199999999999999289, 0.3499999999999999778 ) ) ;
#3208 = DIRECTION ( 'NONE',  ( -1.000000000000000000, 0.000000000000000000, 0.000000000000000000 ) ) ;
#3209 = DIRECTION ( 'NONE',  ( -1.000000000000000000, 0.000000000000000000, -0.000000000000000000 ) ) ;
#3210 = LINE ( 'NONE', #4570, #2585 ) ;
#3211 = CARTESIAN_POINT ( 'NONE',  ( 1.894533521472694604, 3.877691542223590471, -0.3500000000000000333 ) ) ;
#3212 = EDGE_CURVE ( 'NONE', #1497, #4895, #500, .T. ) ;
#3213 = ORIENTED_EDGE ( 'NONE', *, *, #2108, .T. ) ;
#3214 = ORIENTED_EDGE ( 'NONE', *, *, #3337, .F. ) ;
#3215 = STYLED_ITEM ( 'NONE', ( #5832 ), #1806 ) ;
#3216 = CARTESIAN_POINT ( 'NONE',  ( 4.222161437416073859, 5.240363704784011922, 0.3500000000000000888 ) ) ;
#3217 = FACE_BOUND ( 'NONE', #5144, .T. ) ;
#3218 = EDGE_CURVE ( 'NONE', #1510, #2765, #3716, .T. ) ;
#3219 = MECHANICAL_DESIGN_GEOMETRIC_PRESENTATION_REPRESENTATION (  '', ( #1675 ), #4747 ) ;
#3220 = ORIENTED_EDGE ( 'NONE', *, *, #4603, .T. ) ;
#3221 = PLANE ( 'NONE',  #1572 ) ;
#3222 = CARTESIAN_POINT ( 'NONE',  ( 5.405255819881806367, 5.589454083063162493, 0.3499999999999999778 ) ) ;
#3223 = DIRECTION ( 'NONE',  ( -0.000000000000000000, -1.000000000000000000, 1.668003342285392044E-16 ) ) ;
#3224 = DIRECTION ( 'NONE',  ( -0.7071067811865474617, -0.7071067811865474617, -0.000000000000000000 ) ) ;
#3225 = EDGE_CURVE ( 'NONE', #1137, #4762, #5598, .T. ) ;
#3226 = ORIENTED_EDGE ( 'NONE', *, *, #4176, .T. ) ;
#3227 = ORIENTED_EDGE ( 'NONE', *, *, #3434, .F. ) ;
#3228 = CARTESIAN_POINT ( 'NONE',  ( -1.469999999999999973, 8.500000000000000000, 1.199999999999999956 ) ) ;
#3229 = DIRECTION ( 'NONE',  ( -1.000000000000000000, 0.000000000000000000, 7.744301232039316681E-17 ) ) ;
#3230 = CARTESIAN_POINT ( 'NONE',  ( 3.240000000000000657, 0.5000000000000006661, 0.3499999999999999778 ) ) ;
#3231 = ORIENTED_EDGE ( 'NONE', *, *, #1669, .T. ) ;
#3232 = LINE ( 'NONE', #4598, #22 ) ;
#3233 = VECTOR ( 'NONE', #1562, 1000.000000000000000 ) ;
#3234 = PLANE ( 'NONE',  #4174 ) ;
#3235 = FILL_AREA_STYLE ('',( #1393 ) ) ;
#3236 = CARTESIAN_POINT ( 'NONE',  ( 3.140000000000000568, 6.299999999999999822, 0.1283333333333333270 ) ) ;
#3237 = PLANE ( 'NONE',  #287 ) ;
#3238 = ORIENTED_EDGE ( 'NONE', *, *, #1442, .F. ) ;
#3239 = ORIENTED_EDGE ( 'NONE', *, *, #4643, .F. ) ;
#3240 =( NAMED_UNIT ( * ) SI_UNIT ( $, .STERADIAN. ) SOLID_ANGLE_UNIT ( ) );
#3241 = CARTESIAN_POINT ( 'NONE',  ( 5.766754932607761397, 0.5000000000000000000, -0.6500000000000013545 ) ) ;
#3242 = EDGE_LOOP ( 'NONE', ( #2256, #577, #3494, #5330 ) ) ;
#3243 = ADVANCED_FACE ( 'NONE', ( #1490 ), #1963, .F. ) ;
#3244 = SURFACE_STYLE_FILL_AREA ( #1796 ) ;
#3245 = FILL_AREA_STYLE_COLOUR ( '', #2584 ) ;
#3246 = CARTESIAN_POINT ( 'NONE',  ( 4.393245067392238745, 0.5000000000000002220, 0.3499999999999998668 ) ) ;
#3247 = FACE_OUTER_BOUND ( 'NONE', #1573, .T. ) ;
#3248 =( BOUNDED_CURVE ( )  B_SPLINE_CURVE ( 3, ( #1450, #1000, #1333, #527 ),
 .UNSPECIFIED., .F., .F. ) 
 B_SPLINE_CURVE_WITH_KNOTS ( ( 4, 4 ),
 ( 3.924083526751089845, 4.712388980384689674 ),
 .UNSPECIFIED. ) 
 CURVE ( )  GEOMETRIC_REPRESENTATION_ITEM ( )  RATIONAL_B_SPLINE_CURVE ( ( 1.000000000000000000, 0.9488815137910379116, 0.9488815137910379116, 1.000000000000000000 ) ) 
 REPRESENTATION_ITEM ( '' )  );
#3249 = VECTOR ( 'NONE', #2188, 1000.000000000000000 ) ;
#3250 = DIRECTION ( 'NONE',  ( 3.097720492815726426E-17, -1.000000000000000000, 0.000000000000000000 ) ) ;
#3251 = ORIENTED_EDGE ( 'NONE', *, *, #5566, .T. ) ;
#3252 = ADVANCED_FACE ( 'NONE', ( #2482 ), #1128, .F. ) ;
#3253 = ORIENTED_EDGE ( 'NONE', *, *, #2042, .F. ) ;
#3254 =( LENGTH_UNIT ( ) NAMED_UNIT ( * ) SI_UNIT ( .MILLI., .METRE. ) );
#3255 = LINE ( 'NONE', #4658, #84 ) ;
#3256 = CARTESIAN_POINT ( 'NONE',  ( 5.680000000000000604, 6.299999999999999822, 0.3499999999999999778 ) ) ;
#3257 = VECTOR ( 'NONE', #3281, 1000.000000000000000 ) ;
#3258 = ORIENTED_EDGE ( 'NONE', *, *, #4893, .F. ) ;
#3259 = PLANE ( 'NONE',  #1459 ) ;
#3260 = ADVANCED_FACE ( 'NONE', ( #4319 ), #5689, .F. ) ;
#3261 = SURFACE_STYLE_USAGE ( .BOTH. , #5533 ) ;
#3262 = PRESENTATION_LAYER_ASSIGNMENT (  '', '', ( #5846 ) ) ;
#3263 = CARTESIAN_POINT ( 'NONE',  ( 5.230000000000002203, -3.000000000000000000, -0.3499999999999999778 ) ) ;
#3264 = PLANE ( 'NONE',  #4608 ) ;
#3265 = CARTESIAN_POINT ( 'NONE',  ( 3.240000000000000657, 0.5000000000000006661, 0.3499999999999999778 ) ) ;
#3266 = CARTESIAN_POINT ( 'NONE',  ( 5.430000000000000604, -2.800000000000001155, -0.3499999999999999778 ) ) ;
#3267 = FILL_AREA_STYLE_COLOUR ( '', #145 ) ;
#3268 = UNCERTAINTY_MEASURE_WITH_UNIT (LENGTH_MEASURE( 1.000000000000000082E-05 ), #1812, 'distance_accuracy_value', 'NONE');
#3269 = ORIENTED_EDGE ( 'NONE', *, *, #1338, .F. ) ;
#3270 = VECTOR ( 'NONE', #4929, 999.9999999999998863 ) ;
#3271 = ORIENTED_EDGE ( 'NONE', *, *, #3378, .T. ) ;
#3272 = UNCERTAINTY_MEASURE_WITH_UNIT (LENGTH_MEASURE( 1.000000000000000082E-05 ), #4101, 'distance_accuracy_value', 'NONE');
#3273 = CYLINDRICAL_SURFACE ( 'NONE', #2712, 0.2999999999999999889 ) ;
#3274 =( NAMED_UNIT ( * ) PLANE_ANGLE_UNIT ( ) SI_UNIT ( $, .RADIAN. ) );
#3275 = CARTESIAN_POINT ( 'NONE',  ( 3.540000000000000480, 1.800000000000000488, -0.1166666666666667518 ) ) ;
#3276 = FACE_OUTER_BOUND ( 'NONE', #130, .T. ) ;
#3277 = ORIENTED_EDGE ( 'NONE', *, *, #3302, .T. ) ;
#3278 = ORIENTED_EDGE ( 'NONE', *, *, #2661, .T. ) ;
#3279 = PLANE ( 'NONE',  #173 ) ;
#3280 = CARTESIAN_POINT ( 'NONE',  ( 3.340167876875768549, 5.699693040755679618, -0.3500000000000000888 ) ) ;
#3281 = DIRECTION ( 'NONE',  ( 0.000000000000000000, 1.668003342285388099E-16, 1.000000000000000000 ) ) ;
#3282 = CARTESIAN_POINT ( 'NONE',  ( 0.7000000000000006217, 0.5000000000000006661, 0.3499999999999999778 ) ) ;
#3283 = DIRECTION ( 'NONE',  ( -1.000000000000000000, 0.000000000000000000, 0.000000000000000000 ) ) ;
#3284 = EDGE_CURVE ( 'NONE', #900, #1209, #2514, .T. ) ;
#3285 = PRESENTATION_LAYER_ASSIGNMENT (  '', '', ( #1166 ) ) ;
#3286 = DIRECTION ( 'NONE',  ( -0.000000000000000000, 1.000000000000000000, -0.000000000000000000 ) ) ;
#3287 = EDGE_LOOP ( 'NONE', ( #3253, #2797, #4188, #4660 ) ) ;
#3288 = ORIENTED_EDGE ( 'NONE', *, *, #1610, .F. ) ;
#3289 = DIRECTION ( 'NONE',  ( 0.000000000000000000, 0.000000000000000000, 1.000000000000000000 ) ) ;
#3290 = MECHANICAL_DESIGN_GEOMETRIC_PRESENTATION_REPRESENTATION (  '', ( #219 ), #3323 ) ;
#3291 =( NAMED_UNIT ( * ) SI_UNIT ( $, .STERADIAN. ) SOLID_ANGLE_UNIT ( ) );
#3292 = EDGE_CURVE ( 'NONE', #4534, #5937, #1579, .T. ) ;
#3293 = VERTEX_POINT ( 'NONE', #200 ) ;
#3294 = LINE ( 'NONE', #4543, #5769 ) ;
#3295 = PLANE ( 'NONE',  #4150 ) ;
#3296 = APPLICATION_CONTEXT ( 'automotive_design' ) ;
#3297 = CARTESIAN_POINT ( 'NONE',  ( 2.190000000000000835, -2.800000000000001155, 0.3499999999999999778 ) ) ;
#3298 = DIRECTION ( 'NONE',  ( -0.7071067811865475727, 0.7071067811865475727, 0.000000000000000000 ) ) ;
#3299 = CARTESIAN_POINT ( 'NONE',  ( 3.226754932607761361, 0.5000000000000002220, 0.3499999999999998668 ) ) ;
#3300 = LINE ( 'NONE', #2106, #3506 ) ;
#3301 = PRODUCT_DEFINITION_FORMATION_WITH_SPECIFIED_SOURCE ( 'ANY', '', #2933, .NOT_KNOWN. ) ;
#3302 = EDGE_CURVE ( 'NONE', #4762, #5040, #3894, .T. ) ;
#3303 = PRESENTATION_LAYER_ASSIGNMENT (  '', '', ( #1466 ) ) ;
#3304 = ORIENTED_EDGE ( 'NONE', *, *, #67, .T. ) ;
#3305 = DIRECTION ( 'NONE',  ( 0.000000000000000000, 0.000000000000000000, -1.000000000000000000 ) ) ;
#3306 = PRESENTATION_STYLE_ASSIGNMENT (( #4200 ) ) ;
#3307 = CARTESIAN_POINT ( 'NONE',  ( 3.061845733883979737, 5.626229152235330488, -0.3499999999999999778 ) ) ;
#3308 = DIRECTION ( 'NONE',  ( -1.000000000000000000, 0.000000000000000000, 0.000000000000000000 ) ) ;
#3309 = LINE ( 'NONE', #1014, #3056 ) ;
#3310 = ORIENTED_EDGE ( 'NONE', *, *, #5708, .F. ) ;
#3311 = COLOUR_RGB ( '',0.8313725490196077761, 0.6705882352941175961, 0.1294117647058823373 ) ;
#3312 = CARTESIAN_POINT ( 'NONE',  ( -0.9730462009244510435, 3.450480068928324595, -0.3499999999999999778 ) ) ;
#3313 = CARTESIAN_POINT ( 'NONE',  ( 5.080000000000000071, 1.700000000000000178, 0.3499999999999999778 ) ) ;
#3314 = CARTESIAN_POINT ( 'NONE',  ( 4.434533521472694417, 3.877691542223590471, 0.3499999999999999778 ) ) ;
#3315 = CARTESIAN_POINT ( 'NONE',  ( 0.000000000000000000, 8.500000000000000000, 0.8696152422706645568 ) ) ;
#3316 = VECTOR ( 'NONE', #5174, 1000.000000000000000 ) ;
#3317 = LINE ( 'NONE', #5616, #1835 ) ;
#3318 = VERTEX_POINT ( 'NONE', #2567 ) ;
#3319 = EDGE_LOOP ( 'NONE', ( #1106, #5530, #5729, #5182 ) ) ;
#3320 = CARTESIAN_POINT ( 'NONE',  ( 5.432524015545779683, 5.732672356334978403, 0.3499999999999999778 ) ) ;
#3321 = ADVANCED_FACE ( 'NONE', ( #3972 ), #217, .T. ) ;
#3322 = CARTESIAN_POINT ( 'NONE',  ( -1.469999999999999973, 1.601149768326593145E-16, 0.6500000000000012434 ) ) ;
#3323 =( GEOMETRIC_REPRESENTATION_CONTEXT ( 3 ) GLOBAL_UNCERTAINTY_ASSIGNED_CONTEXT ( ( #3268 ) ) GLOBAL_UNIT_ASSIGNED_CONTEXT ( ( #1812, #1336, #3660 ) ) REPRESENTATION_CONTEXT ( 'NONE', 'WORKASPACE' ) );
#3324 = PRESENTATION_STYLE_ASSIGNMENT (( #4155 ) ) ;
#3325 = ORIENTED_EDGE ( 'NONE', *, *, #1602, .F. ) ;
#3326 = CARTESIAN_POINT ( 'NONE',  ( 1.000000000000000666, 1.121588454295350273E-16, 0.3499999999999999778 ) ) ;
#3327 = CARTESIAN_POINT ( 'NONE',  ( 4.393245067392238745, 8.000000000000000000, 0.6500000000000000222 ) ) ;
#3328 = SURFACE_SIDE_STYLE ('',( #1931 ) ) ;
#3329 = EDGE_CURVE ( 'NONE', #4488, #823, #2662, .T. ) ;
#3330 = LINE ( 'NONE', #1394, #2509 ) ;
#3331 = CARTESIAN_POINT ( 'NONE',  ( 4.930000000000001492, -3.000000000000000000, 0.3499999999999999778 ) ) ;
#3332 = LINE ( 'NONE', #2429, #4548 ) ;
#3333 = ORIENTED_EDGE ( 'NONE', *, *, #3402, .T. ) ;
#3334 = EDGE_LOOP ( 'NONE', ( #338, #1284, #1240, #1953 ) ) ;
#3335 =( NAMED_UNIT ( * ) SI_UNIT ( $, .STERADIAN. ) SOLID_ANGLE_UNIT ( ) );
#3336 = DIRECTION ( 'NONE',  ( 1.000000000000000000, 0.000000000000000000, 0.000000000000000000 ) ) ;
#3337 = EDGE_CURVE ( 'NONE', #171, #3476, #5502, .T. ) ;
#3338 = AXIS2_PLACEMENT_3D ( 'NONE', #2040, #5244, #5308 ) ;
#3339 = CARTESIAN_POINT ( 'NONE',  ( 4.080000000000000071, 1.800000000000000488, 0.3499999999999999778 ) ) ;
#3340 = CARTESIAN_POINT ( 'NONE',  ( 6.080000000000000071, 0.5000000000000000000, -0.3500000000000000888 ) ) ;
#3341 = ORIENTED_EDGE ( 'NONE', *, *, #1216, .T. ) ;
#3342 = DIRECTION ( 'NONE',  ( 0.000000000000000000, 1.668003342285391797E-16, 1.000000000000000000 ) ) ;
#3343 = B_SPLINE_CURVE_WITH_KNOTS ( 'NONE', 3,
 ( #1342, #5000, #2789, #940 ),
 .UNSPECIFIED., .F., .F.,
 ( 4, 4 ),
 ( 0.000000000000000000, 1.000000000000000000 ),
 .UNSPECIFIED. ) ;
#3344 = CARTESIAN_POINT ( 'NONE',  ( 3.484695486956164601, 4.083092593512564150, -0.3499999999999999223 ) ) ;
#3345 = CARTESIAN_POINT ( 'NONE',  ( 4.292463891615423854, 5.774771377977410580, -0.3499999999999999778 ) ) ;
#3346 = DIRECTION ( 'NONE',  ( 0.000000000000000000, 0.000000000000000000, 1.000000000000000000 ) ) ;
#3347 = LINE ( 'NONE', #157, #2618 ) ;
#3348 = ORIENTED_EDGE ( 'NONE', *, *, #5920, .T. ) ;
#3349 = CARTESIAN_POINT ( 'NONE',  ( 4.729999999999999538, 0.000000000000000000, 0.3499999999999999778 ) ) ;
#3350 = FACE_OUTER_BOUND ( 'NONE', #4942, .T. ) ;
#3351 = DIRECTION ( 'NONE',  ( 1.000000000000000000, 0.000000000000000000, 0.000000000000000000 ) ) ;
#3352 = VERTEX_POINT ( 'NONE', #1329 ) ;
#3353 =( GEOMETRIC_REPRESENTATION_CONTEXT ( 3 ) GLOBAL_UNCERTAINTY_ASSIGNED_CONTEXT ( ( #1694 ) ) GLOBAL_UNIT_ASSIGNED_CONTEXT ( ( #5731, #4754, #3914 ) ) REPRESENTATION_CONTEXT ( 'NONE', 'WORKASPACE' ) );
#3354 = FACE_OUTER_BOUND ( 'NONE', #400, .T. ) ;
#3355 = DIRECTION ( 'NONE',  ( -1.000000000000000000, 0.000000000000000000, 0.000000000000000000 ) ) ;
#3356 = AXIS2_PLACEMENT_3D ( 'NONE', #4296, #5609, #5208 ) ;
#3357 = DIRECTION ( 'NONE',  ( 0.000000000000000000, -1.668003342285391551E-16, -1.000000000000000000 ) ) ;
#3358 = EDGE_LOOP ( 'NONE', ( #5350, #4247, #1934, #4988 ) ) ;
#3359 = PRODUCT_DEFINITION ( 'UNKNOWN', '', #3301, #2035 ) ;
#3360 = VERTEX_POINT ( 'NONE', #5416 ) ;
#3361 = EDGE_CURVE ( 'NONE', #1460, #1390, #1155, .T. ) ;
#3362 =( GEOMETRIC_REPRESENTATION_CONTEXT ( 3 ) GLOBAL_UNCERTAINTY_ASSIGNED_CONTEXT ( ( #83 ) ) GLOBAL_UNIT_ASSIGNED_CONTEXT ( ( #2965, #583, #1515 ) ) REPRESENTATION_CONTEXT ( 'NONE', 'WORKASPACE' ) );
#3363 = VECTOR ( 'NONE', #5304, 1000.000000000000000 ) ;
#3364 = VECTOR ( 'NONE', #441, 1000.000000000000000 ) ;
#3365 = CARTESIAN_POINT ( 'NONE',  ( -0.7867584960353884993, 5.779404586027638402, 0.3499999999999999778 ) ) ;
#3366 = CIRCLE ( 'NONE', #98, 0.3000000000000000444 ) ;
#3367 = SURFACE_SIDE_STYLE ('',( #4199 ) ) ;
#3368 = DIRECTION ( 'NONE',  ( 3.097720492815726426E-17, -1.000000000000000000, 0.000000000000000000 ) ) ;
#3369 = LINE ( 'NONE', #4201, #4572 ) ;
#3370 = VECTOR ( 'NONE', #3689, 1000.000000000000114 ) ;
#3371 = CARTESIAN_POINT ( 'NONE',  ( 3.226754932607761361, 6.500000000000000888, -0.6500000000000017986 ) ) ;
#3372 = VERTEX_POINT ( 'NONE', #1832 ) ;
#3373 = EDGE_CURVE ( 'NONE', #1818, #2820, #9, .T. ) ;
#3374 = CARTESIAN_POINT ( 'NONE',  ( -1.000000000000000000, 6.500000000000000888, -0.3500000000000010880 ) ) ;
#3375 = CARTESIAN_POINT ( 'NONE',  ( 4.616643101092098078, 1.700000000000000400, 0.3499999999999999778 ) ) ;
#3376 = LINE ( 'NONE', #1531, #5266 ) ;
#3377 = FACE_OUTER_BOUND ( 'NONE', #4008, .T. ) ;
#3378 = EDGE_CURVE ( 'NONE', #1717, #561, #1787, .T. ) ;
#3379 = VERTEX_POINT ( 'NONE', #1295 ) ;
#3380 = EDGE_LOOP ( 'NONE', ( #2415, #1759, #5861, #3999 ) ) ;
#3381 = PRESENTATION_STYLE_ASSIGNMENT (( #4282 ) ) ;
#3382 = CARTESIAN_POINT ( 'NONE',  ( 1.651150453949023378, 4.917640708295714091, -0.3499999999999999778 ) ) ;
#3383 = ORIENTED_EDGE ( 'NONE', *, *, #1641, .T. ) ;
#3384 =( NAMED_UNIT ( * ) SI_UNIT ( $, .STERADIAN. ) SOLID_ANGLE_UNIT ( ) );
#3385 = CARTESIAN_POINT ( 'NONE',  ( 3.540000000000000480, 1.800000000000000488, -0.3499999999999999778 ) ) ;
#3386 = CARTESIAN_POINT ( 'NONE',  ( 0.7837705697203947164, 5.796998266909027642, -0.3499999999999999778 ) ) ;
#3387 = DIRECTION ( 'NONE',  ( 1.000000000000000000, 0.000000000000000000, 0.000000000000000000 ) ) ;
#3388 = SURFACE_STYLE_FILL_AREA ( #1033 ) ;
#3389 = ORIENTED_EDGE ( 'NONE', *, *, #210, .F. ) ;
#3390 = CARTESIAN_POINT ( 'NONE',  ( 1.000000000000000444, 1.800000000000000488, 0.3849999999999998979 ) ) ;
#3391 = AXIS2_PLACEMENT_3D ( 'NONE', #1486, #75, #1420 ) ;
#3392 = CARTESIAN_POINT ( 'NONE',  ( 2.189999999999999947, 8.199999999999999289, -0.3499999999999999778 ) ) ;
#3393 = LINE ( 'NONE', #4702, #882 ) ;
#3394 = EDGE_CURVE ( 'NONE', #5192, #942, #1778, .T. ) ;
#3395 = CARTESIAN_POINT ( 'NONE',  ( 4.210384757729334737, 8.500000000000000000, 0.000000000000000000 ) ) ;
#3396 = ORIENTED_EDGE ( 'NONE', *, *, #352, .T. ) ;
#3397 = COLOUR_RGB ( '',0.8313725490196077761, 0.6705882352941175961, 0.1294117647058823373 ) ;
#3398 = CARTESIAN_POINT ( 'NONE',  ( 1.853245067392238710, 8.000000000000000000, 0.6500000000000000222 ) ) ;
#3399 = CARTESIAN_POINT ( 'NONE',  ( 2.214744180118195516, 5.589454083063166046, 0.3499999999999999778 ) ) ;
#3400 = CARTESIAN_POINT ( 'NONE',  ( 4.215802618229587573, 5.178803639423790628, -0.3499999999999999778 ) ) ;
#3401 = PRESENTATION_STYLE_ASSIGNMENT (( #630 ) ) ;
#3402 = EDGE_CURVE ( 'NONE', #4452, #503, #370, .T. ) ;
#3403 = DIRECTION ( 'NONE',  ( -1.121588454295349780E-16, 1.000000000000000000, 0.000000000000000000 ) ) ;
#3404 = B_SPLINE_CURVE_WITH_KNOTS ( 'NONE', 3,
 ( #5547, #2739, #3725, #1824 ),
 .UNSPECIFIED., .F., .F.,
 ( 4, 4 ),
 ( 0.000000000000000000, 1.000000000000000000 ),
 .UNSPECIFIED. ) ;
#3405 = CARTESIAN_POINT ( 'NONE',  ( 5.080000000000000071, 0.5000000000000005551, -0.3499999999999999778 ) ) ;
#3406 = ORIENTED_EDGE ( 'NONE', *, *, #2212, .F. ) ;
#3407 = LINE ( 'NONE', #4752, #4827 ) ;
#3408 = LINE ( 'NONE', #2927, #3061 ) ;
#3409 = EDGE_CURVE ( 'NONE', #4414, #1432, #341, .T. ) ;
#3410 = CARTESIAN_POINT ( 'NONE',  ( 1.000000000000000000, 0.5000000000000002220, 0.3499999999999998668 ) ) ;
#3411 = VECTOR ( 'NONE', #5263, 1000.000000000000000 ) ;
#3412 = FILL_AREA_STYLE_COLOUR ( '', #3891 ) ;
#3413 = ORIENTED_EDGE ( 'NONE', *, *, #2379, .F. ) ;
#3414 = VECTOR ( 'NONE', #5200, 1000.000000000000000 ) ;
#3415 = CARTESIAN_POINT ( 'NONE',  ( 5.430000000000000604, -2.800000000000001155, 0.3499999999999999778 ) ) ;
#3416 =( GEOMETRIC_REPRESENTATION_CONTEXT ( 3 ) GLOBAL_UNCERTAINTY_ASSIGNED_CONTEXT ( ( #2365 ) ) GLOBAL_UNIT_ASSIGNED_CONTEXT ( ( #4722, #3826, #5103 ) ) REPRESENTATION_CONTEXT ( 'NONE', 'WORKASPACE' ) );
#3417 = CARTESIAN_POINT ( 'NONE',  ( 1.540000000000000036, 6.500000000000000888, -0.3500000000000010880 ) ) ;
#3418 = LINE ( 'NONE', #138, #2290 ) ;
#3419 = CARTESIAN_POINT ( 'NONE',  ( 0.9816606796124074386, 3.374693912578979216, -0.3499999999999999223 ) ) ;
#3420 = ADVANCED_FACE ( 'NONE', ( #782 ), #4033, .F. ) ;
#3421 =( NAMED_UNIT ( * ) SI_UNIT ( $, .STERADIAN. ) SOLID_ANGLE_UNIT ( ) );
#3422 = ORIENTED_EDGE ( 'NONE', *, *, #2707, .T. ) ;
#3423 = CARTESIAN_POINT ( 'NONE',  ( 0.6000000000000005329, 6.299999999999999822, 0.1283333333333333270 ) ) ;
#3424 = DIRECTION ( 'NONE',  ( 1.000000000000000000, 0.000000000000000000, 0.000000000000000000 ) ) ;
#3425 = FACE_OUTER_BOUND ( 'NONE', #4081, .T. ) ;
#3426 = DIRECTION ( 'NONE',  ( -0.000000000000000000, -0.000000000000000000, -1.000000000000000000 ) ) ;
#3427 = ORIENTED_EDGE ( 'NONE', *, *, #1676, .F. ) ;
#3428 = UNCERTAINTY_MEASURE_WITH_UNIT (LENGTH_MEASURE( 1.000000000000000082E-05 ), #3897, 'distance_accuracy_value', 'NONE');
#3429 = LINE ( 'NONE', #5723, #5066 ) ;
#3430 = CARTESIAN_POINT ( 'NONE',  ( 0.3500000000000008105, 1.084202172485506745E-17, -0.3499999999999999778 ) ) ;
#3431 = PRESENTATION_STYLE_ASSIGNMENT (( #4210 ) ) ;
#3432 = CARTESIAN_POINT ( 'NONE',  ( 2.091806954577857258, 5.884855341312110077, 0.3499999999999999223 ) ) ;
#3433 = AXIS2_PLACEMENT_3D ( 'NONE', #260, #3900, #2575 ) ;
#3434 = EDGE_CURVE ( 'NONE', #1268, #3183, #4897, .T. ) ;
#3435 = ORIENTED_EDGE ( 'NONE', *, *, #2969, .F. ) ;
#3436 = DIRECTION ( 'NONE',  ( -0.000000000000000000, -0.000000000000000000, 1.000000000000000000 ) ) ;
#3437 = PLANE ( 'NONE',  #185 ) ;
#3438 = SURFACE_STYLE_FILL_AREA ( #5570 ) ;
#3439 = CARTESIAN_POINT ( 'NONE',  ( 1.675802618229585317, 5.178803639423790628, -0.3500000000000000333 ) ) ;
#3440 = VECTOR ( 'NONE', #3027, 1000.000000000000000 ) ;
#3441 = VECTOR ( 'NONE', #2761, 1000.000000000000000 ) ;
#3442 = ORIENTED_EDGE ( 'NONE', *, *, #450, .F. ) ;
#3443 = EDGE_CURVE ( 'NONE', #1056, #2314, #2311, .T. ) ;
#3444 = FILL_AREA_STYLE_COLOUR ( '', #2526 ) ;
#3445 = LINE ( 'NONE', #1156, #1144 ) ;
#3446 = CARTESIAN_POINT ( 'NONE',  ( 3.240000000000000657, 0.8000000000000007105, -0.3499999999999999778 ) ) ;
#3447 = SURFACE_SIDE_STYLE ('',( #1634 ) ) ;
#3448 = CARTESIAN_POINT ( 'NONE',  ( 2.040000000000001812, 6.084152315493286167, -0.3499999999999999223 ) ) ;
#3449 = VECTOR ( 'NONE', #4023, 1000.000000000000000 ) ;
#3450 = ORIENTED_EDGE ( 'NONE', *, *, #5886, .F. ) ;
#3451 = EDGE_CURVE ( 'NONE', #3956, #2563, #4283, .T. ) ;
#3452 = SURFACE_STYLE_FILL_AREA ( #5718 ) ;
#3453 = VECTOR ( 'NONE', #906, 1000.000000000000000 ) ;
#3454 = CARTESIAN_POINT ( 'NONE',  ( 1.940000000000000613, 6.299999999999999822, 0.3849999999999999534 ) ) ;
#3455 = CARTESIAN_POINT ( 'NONE',  ( 5.841220786870199078, 5.920464898423897004, -0.3499999999999999778 ) ) ;
#3456 =( LENGTH_UNIT ( ) NAMED_UNIT ( * ) SI_UNIT ( .MILLI., .METRE. ) );
#3457 = VECTOR ( 'NONE', #2767, 1000.000000000000000 ) ;
#3458 = EDGE_LOOP ( 'NONE', ( #1831, #3157, #949, #1205 ) ) ;
#3459 = AXIS2_PLACEMENT_3D ( 'NONE', #5315, #3989, #5821 ) ;
#3460 = COLOUR_RGB ( '',0.8313725490196077761, 0.6705882352941175961, 0.1294117647058823373 ) ;
#3461 = CARTESIAN_POINT ( 'NONE',  ( -0.7285020522888950856, 6.125528511109508578, -0.3499999999999999778 ) ) ;
#3462 = VECTOR ( 'NONE', #5640, 1000.000000000000000 ) ;
#3463 = CARTESIAN_POINT ( 'NONE',  ( 5.889502423613084403, 5.635051924204144136, 0.3499999999999999778 ) ) ;
#3464 = CARTESIAN_POINT ( 'NONE',  ( 0.05000000000000023870, 8.026794919243110726, -0.05000000000000023870 ) ) ;
#3465 = SURFACE_SIDE_STYLE ('',( #5188 ) ) ;
#3466 = ORIENTED_EDGE ( 'NONE', *, *, #2597, .F. ) ;
#3467 = CARTESIAN_POINT ( 'NONE',  ( 0.9730462009244521537, 3.450480068927959554, 0.3499999999999999778 ) ) ;
#3468 =( LENGTH_UNIT ( ) NAMED_UNIT ( * ) SI_UNIT ( .MILLI., .METRE. ) );
#3469 =( NAMED_UNIT ( * ) PLANE_ANGLE_UNIT ( ) SI_UNIT ( $, .RADIAN. ) );
#3470 = CARTESIAN_POINT ( 'NONE',  ( 1.606302744966793483, 4.293911919603389471, -0.3499999999999999778 ) ) ;
#3471 = SURFACE_STYLE_FILL_AREA ( #225 ) ;
#3472 = EDGE_CURVE ( 'NONE', #1905, #4863, #5106, .T. ) ;
#3473 = ORIENTED_EDGE ( 'NONE', *, *, #1377, .F. ) ;
#3474 =( NAMED_UNIT ( * ) SI_UNIT ( $, .STERADIAN. ) SOLID_ANGLE_UNIT ( ) );
#3475 = PLANE ( 'NONE',  #2147 ) ;
#3476 = VERTEX_POINT ( 'NONE', #1025 ) ;
#3477 = CARTESIAN_POINT ( 'NONE',  ( 0.3525240155457787239, 5.732672356334978403, -0.3499999999999999778 ) ) ;
#3478 = EDGE_CURVE ( 'NONE', #4732, #334, #2869, .T. ) ;
#3479 = ORIENTED_EDGE ( 'NONE', *, *, #528, .F. ) ;
#3480 = VECTOR ( 'NONE', #3136, 1000.000000000000000 ) ;
#3481 = DIRECTION ( 'NONE',  ( -1.000000000000000000, -0.000000000000000000, -0.000000000000000000 ) ) ;
#3482 =( NAMED_UNIT ( * ) PLANE_ANGLE_UNIT ( ) SI_UNIT ( $, .RADIAN. ) );
#3483 = LINE ( 'NONE', #1585, #319 ) ;
#3484 = CARTESIAN_POINT ( 'NONE',  ( 3.540000000000000480, 0.8000000000000007105, -0.3499999999999999778 ) ) ;
#3485 = ADVANCED_FACE ( 'NONE', ( #1508 ), #599, .T. ) ;
#3486 = STYLED_ITEM ( 'NONE', ( #4841 ), #5471 ) ;
#3487 = EDGE_LOOP ( 'NONE', ( #485, #5710, #2911, #5869 ) ) ;
#3488 = CARTESIAN_POINT ( 'NONE',  ( -0.3252558198818047974, 5.589454083063166046, -0.3499999999999999778 ) ) ;
#3489 = VECTOR ( 'NONE', #4170, 1000.000000000000000 ) ;
#3490 = FACE_OUTER_BOUND ( 'NONE', #3773, .T. ) ;
#3491 = CYLINDRICAL_SURFACE ( 'NONE', #3047, 0.2999999999999999889 ) ;
#3492 = DIRECTION ( 'NONE',  ( 1.000000000000000000, 0.000000000000000000, 0.000000000000000000 ) ) ;
#3493 = AXIS2_PLACEMENT_3D ( 'NONE', #2170, #1840, #848 ) ;
#3494 = ORIENTED_EDGE ( 'NONE', *, *, #3095, .T. ) ;
#3495 = CARTESIAN_POINT ( 'NONE',  ( -1.469999999999999973, 8.500000000000000000, 1.199999999999999956 ) ) ;
#3496 = SURFACE_STYLE_FILL_AREA ( #2016 ) ;
#3497 = SURFACE_STYLE_FILL_AREA ( #5281 ) ;
#3498 = CARTESIAN_POINT ( 'NONE',  ( 1.587276676835969624, 3.923639721076772613, -0.3500000000000000333 ) ) ;
#3499 = CARTESIAN_POINT ( 'NONE',  ( 6.549999999999999822, 1.601149768326593145E-16, 0.6500000000000012434 ) ) ;
#3500 = VECTOR ( 'NONE', #4406, 1000.000000000000000 ) ;
#3501 = VERTEX_POINT ( 'NONE', #5527 ) ;
#3502 = VECTOR ( 'NONE', #3878, 1000.000000000000000 ) ;
#3503 = DIRECTION ( 'NONE',  ( 0.000000000000000000, -1.668003342285391551E-16, -1.000000000000000000 ) ) ;
#3504 = VERTEX_POINT ( 'NONE', #5562 ) ;
#3505 = PRESENTATION_STYLE_ASSIGNMENT (( #279 ) ) ;
#3506 = VECTOR ( 'NONE', #3921, 1000.000000000000000 ) ;
#3507 = DIRECTION ( 'NONE',  ( 0.7071067811865474617, 0.7071067811865474617, -0.000000000000000000 ) ) ;
#3508 = DIRECTION ( 'NONE',  ( 1.000000000000000000, 0.000000000000000000, 0.000000000000000000 ) ) ;
#3509 = ORIENTED_EDGE ( 'NONE', *, *, #5387, .T. ) ;
#3510 = CARTESIAN_POINT ( 'NONE',  ( -0.9240581407173188433, 4.443591676418677139, 0.3500000000000000333 ) ) ;
#3511 = EDGE_CURVE ( 'NONE', #2019, #5153, #1107, .T. ) ;
#3512 = EDGE_CURVE ( 'NONE', #5321, #3202, #3255, .T. ) ;
#3513 = UNCERTAINTY_MEASURE_WITH_UNIT (LENGTH_MEASURE( 1.000000000000000082E-05 ), #2412, 'distance_accuracy_value', 'NONE');
#3514 = CARTESIAN_POINT ( 'NONE',  ( -0.3500000000000000333, 0.000000000000000000, 0.3499999999999999778 ) ) ;
#3515 = CARTESIAN_POINT ( 'NONE',  ( 0.4999999999999985012, 6.084152315493285279, 0.3499999999999999778 ) ) ;
#3516 = CARTESIAN_POINT ( 'NONE',  ( 1.540000000000000702, 0.8000000000000004885, -0.3499999999999999778 ) ) ;
#3517 = VERTEX_POINT ( 'NONE', #4721 ) ;
#3518 = ADVANCED_FACE ( 'NONE', ( #161 ), #3771, .F. ) ;
#3519 = CARTESIAN_POINT ( 'NONE',  ( 0.6454664785273048766, 3.877691542223585142, 0.3500000000000000333 ) ) ;
#3520 =( BOUNDED_CURVE ( )  B_SPLINE_CURVE ( 3, ( #371, #1779, #873, #4449, #5503, #342, #10 ),
 .UNSPECIFIED., .F., .F. ) 
 B_SPLINE_CURVE_WITH_KNOTS ( ( 4, 3, 4 ),
 ( 0.8078321013870638501, 3.141592653589792228, 5.475353205792520050 ),
 .UNSPECIFIED. ) 
 CURVE ( )  GEOMETRIC_REPRESENTATION_ITEM ( )  RATIONAL_B_SPLINE_CURVE ( ( 1.000000000000000000, 0.5953481791230079700, 0.5953481791230079700, 1.000000000000000000, 0.5953481791230080811, 0.5953481791230080811, 1.000000000000000000 ) ) 
 REPRESENTATION_ITEM ( '' )  );
#3521 = PLANE ( 'NONE',  #1187 ) ;
#3522 = DIRECTION ( 'NONE',  ( 1.000000000000000000, 0.000000000000000000, 0.000000000000000000 ) ) ;
#3523 = ORIENTED_EDGE ( 'NONE', *, *, #3697, .T. ) ;
#3524 = CARTESIAN_POINT ( 'NONE',  ( 0.8678348867008081058, 5.142569796484738553, 0.3500000000000000333 ) ) ;
#3525 = CARTESIAN_POINT ( 'NONE',  ( 0.3525240155457787239, 5.732672356334978403, 0.3499999999999999778 ) ) ;
#3526 =( LENGTH_UNIT ( ) NAMED_UNIT ( * ) SI_UNIT ( .MILLI., .METRE. ) );
#3527 = DIRECTION ( 'NONE',  ( 0.000000000000000000, 0.000000000000000000, -1.000000000000000000 ) ) ;
#3528 = ORIENTED_EDGE ( 'NONE', *, *, #5624, .T. ) ;
#3529 = AXIS2_PLACEMENT_3D ( 'NONE', #4460, #5237, #2142 ) ;
#3530 = ORIENTED_EDGE ( 'NONE', *, *, #359, .T. ) ;
#3531 = DIRECTION ( 'NONE',  ( 0.000000000000000000, 1.000000000000000000, -1.668003342285391551E-16 ) ) ;
#3532 = VERTEX_POINT ( 'NONE', #5588 ) ;
#3533 =( NAMED_UNIT ( * ) SI_UNIT ( $, .STERADIAN. ) SOLID_ANGLE_UNIT ( ) );
#3534 = SURFACE_STYLE_FILL_AREA ( #2023 ) ;
#3535 = DIRECTION ( 'NONE',  ( 1.000000000000000000, 0.000000000000000000, 0.000000000000000000 ) ) ;
#3536 = ORIENTED_EDGE ( 'NONE', *, *, #4996, .T. ) ;
#3537 = SURFACE_STYLE_USAGE ( .BOTH. , #5835 ) ;
#3538 = DIRECTION ( 'NONE',  ( 0.000000000000000000, 3.097720492815727166E-16, 1.000000000000000000 ) ) ;
#3539 = DIRECTION ( 'NONE',  ( 0.000000000000000000, -3.097720492815727166E-16, -1.000000000000000000 ) ) ;
#3540 = VECTOR ( 'NONE', #4714, 999.9999999999998863 ) ;
#3541 = FILL_AREA_STYLE ('',( #3928 ) ) ;
#3542 = LINE ( 'NONE', #3086, #3462 ) ;
#3543 = CARTESIAN_POINT ( 'NONE',  ( -0.9999999999999993339, 0.8000000000000004885, 0.3499999999999999778 ) ) ;
#3544 = EDGE_CURVE ( 'NONE', #2821, #4427, #1480, .T. ) ;
#3545 = EDGE_LOOP ( 'NONE', ( #4576, #3889, #322, #4884 ) ) ;
#3546 = VERTEX_POINT ( 'NONE', #3410 ) ;
#3547 = FILL_AREA_STYLE_COLOUR ( '', #193 ) ;
#3548 = LINE ( 'NONE', #4802, #3912 ) ;
#3549 = VECTOR ( 'NONE', #2248, 1000.000000000000000 ) ;
#3550 = SURFACE_SIDE_STYLE ('',( #3583 ) ) ;
#3551 =( GEOMETRIC_REPRESENTATION_CONTEXT ( 3 ) GLOBAL_UNCERTAINTY_ASSIGNED_CONTEXT ( ( #266 ) ) GLOBAL_UNIT_ASSIGNED_CONTEXT ( ( #4529, #3196, #4113 ) ) REPRESENTATION_CONTEXT ( 'NONE', 'WORKASPACE' ) );
#3552 = EDGE_CURVE ( 'NONE', #4414, #5717, #4181, .T. ) ;
#3553 = VECTOR ( 'NONE', #254, 1000.000000000000000 ) ;
#3554 = STYLED_ITEM ( 'NONE', ( #5239 ), #4713 ) ;
#3555 = ORIENTED_EDGE ( 'NONE', *, *, #2920, .F. ) ;
#3556 = CARTESIAN_POINT ( 'NONE',  ( 6.549999999999999822, 0.5000000000000002220, 0.6500000000000010214 ) ) ;
#3557 = CARTESIAN_POINT ( 'NONE',  ( 4.080000000000000071, 0.5000000000000002220, 0.3499999999999998668 ) ) ;
#3558 = CARTESIAN_POINT ( 'NONE',  ( 5.430000000000000604, 8.199999999999999289, 0.3499999999999999778 ) ) ;
#3559 = CARTESIAN_POINT ( 'NONE',  ( 1.840000000000000524, 0.8000000000000004885, 0.3499999999999999778 ) ) ;
#3560 = EDGE_CURVE ( 'NONE', #1435, #3584, #5282, .T. ) ;
#3561 = VECTOR ( 'NONE', #5044, 1000.000000000000000 ) ;
#3562 = ORIENTED_EDGE ( 'NONE', *, *, #5517, .F. ) ;
#3563 = ORIENTED_EDGE ( 'NONE', *, *, #3284, .T. ) ;
#3564 = DIRECTION ( 'NONE',  ( 1.000000000000000000, 0.000000000000000000, 0.000000000000000000 ) ) ;
#3565 = ORIENTED_EDGE ( 'NONE', *, *, #1700, .T. ) ;
#3566 = CARTESIAN_POINT ( 'NONE',  ( 0.6454664785273048766, 3.877691542223585142, 0.3499999999999999778 ) ) ;
#3567 = SURFACE_STYLE_FILL_AREA ( #5900 ) ;
#3568 = SURFACE_SIDE_STYLE ('',( #3681 ) ) ;
#3569 = ORIENTED_EDGE ( 'NONE', *, *, #1159, .F. ) ;
#3570 = CARTESIAN_POINT ( 'NONE',  ( -0.9348251832002444361, 4.263498050147335405, 0.3499999999999999223 ) ) ;
#3571 = FACE_OUTER_BOUND ( 'NONE', #1820, .T. ) ;
#3572 = DIRECTION ( 'NONE',  ( -0.000000000000000000, -0.000000000000000000, -1.000000000000000000 ) ) ;
#3573 = LINE ( 'NONE', #4903, #1949 ) ;
#3574 = CARTESIAN_POINT ( 'NONE',  ( -0.3499999999999991451, 0.5000000000000005551, 0.3499999999999999778 ) ) ;
#3575 = CARTESIAN_POINT ( 'NONE',  ( 0.8696152422706646679, 8.500000000000000000, -0.8696152422706646679 ) ) ;
#3576 = EDGE_LOOP ( 'NONE', ( #70, #5209, #844, #3563 ) ) ;
#3577 = AXIS2_PLACEMENT_3D ( 'NONE', #751, #253, #642 ) ;
#3578 = ORIENTED_EDGE ( 'NONE', *, *, #3472, .F. ) ;
#3579 = EDGE_CURVE ( 'NONE', #1324, #3041, #1624, .T. ) ;
#3580 = CARTESIAN_POINT ( 'NONE',  ( 2.892524015545778759, 5.732672356334978403, -0.3499999999999999778 ) ) ;
#3581 = VECTOR ( 'NONE', #3481, 1000.000000000000000 ) ;
#3582 = DIRECTION ( 'NONE',  ( 1.000000000000000000, 0.000000000000000000, 0.000000000000000000 ) ) ;
#3583 = SURFACE_STYLE_FILL_AREA ( #4524 ) ;
#3584 = VERTEX_POINT ( 'NONE', #4364 ) ;
#3585 = ADVANCED_FACE ( 'NONE', ( #1119 ), #2505, .F. ) ;
#3586 = EDGE_CURVE ( 'NONE', #900, #5848, #5470, .T. ) ;
#3587 = CARTESIAN_POINT ( 'NONE',  ( 2.189999999999999947, 0.000000000000000000, 0.3499999999999999778 ) ) ;
#3588 = DIRECTION ( 'NONE',  ( -0.000000000000000000, -1.668003342285388099E-16, -1.000000000000000000 ) ) ;
#3589 = DIRECTION ( 'NONE',  ( -1.000000000000000000, 0.000000000000000000, 7.744301232039316681E-17 ) ) ;
#3590 = CYLINDRICAL_SURFACE ( 'NONE', #1896, 0.1999999999999999833 ) ;
#3591 = LINE ( 'NONE', #1712, #4111 ) ;
#3592 = VECTOR ( 'NONE', #1310, 1000.000000000000000 ) ;
#3593 = ORIENTED_EDGE ( 'NONE', *, *, #263, .T. ) ;
#3594 =( BOUNDED_CURVE ( )  B_SPLINE_CURVE ( 3, ( #3730, #453, #571, #124 ),
 .UNSPECIFIED., .F., .F. ) 
 B_SPLINE_CURVE_WITH_KNOTS ( ( 4, 4 ),
 ( 1.570796326794896336, 2.359101780428492390 ),
 .UNSPECIFIED. ) 
 CURVE ( )  GEOMETRIC_REPRESENTATION_ITEM ( )  RATIONAL_B_SPLINE_CURVE ( ( 1.000000000000000000, 0.9488815137910384667, 0.9488815137910384667, 1.000000000000000000 ) ) 
 REPRESENTATION_ITEM ( '' )  );
#3595 = SURFACE_STYLE_USAGE ( .BOTH. , #4661 ) ;
#3596 = ADVANCED_BREP_SHAPE_REPRESENTATION ( '100mill Female Pin Header_3P_Bk', ( #5471, #5430, #5369, #1415, #5301 ), #2041 ) ;
#3597 = ORIENTED_EDGE ( 'NONE', *, *, #2181, .F. ) ;
#3598 = EDGE_CURVE ( 'NONE', #1249, #2790, #833, .T. ) ;
#3599 = SURFACE_STYLE_FILL_AREA ( #2723 ) ;
#3600 = ORIENTED_EDGE ( 'NONE', *, *, #4059, .T. ) ;
#3601 = DIRECTION ( 'NONE',  ( -1.000000000000000000, -1.084202172485504434E-16, 0.000000000000000000 ) ) ;
#3602 = MECHANICAL_DESIGN_GEOMETRIC_PRESENTATION_REPRESENTATION (  '', ( #1760 ), #1950 ) ;
#3603 = CARTESIAN_POINT ( 'NONE',  ( -0.9999999999999996669, 6.299999999999999822, -0.1283333333333334936 ) ) ;
#3604 = CARTESIAN_POINT ( 'NONE',  ( 1.778779213129837000, 5.920464898423919209, 0.3500000000000000333 ) ) ;
#3605 = VERTEX_POINT ( 'NONE', #5438 ) ;
#3606 = CARTESIAN_POINT ( 'NONE',  ( -0.8775285524312824714, 5.050332720358726490, 0.3499999999999999778 ) ) ;
#3607 = CARTESIAN_POINT ( 'NONE',  ( 2.540000000000000036, 6.299999999999999822, 0.3499999999999999778 ) ) ;
#3608 = DIRECTION ( 'NONE',  ( 0.000000000000000000, -0.000000000000000000, -1.000000000000000000 ) ) ;
#3609 = LINE ( 'NONE', #3688, #1850 ) ;
#3610 = DIRECTION ( 'NONE',  ( 1.000000000000000000, 0.000000000000000000, 0.000000000000000000 ) ) ;
#3611 = VERTEX_POINT ( 'NONE', #3127 ) ;
#3612 = ORIENTED_EDGE ( 'NONE', *, *, #289, .T. ) ;
#3613 = DIRECTION ( 'NONE',  ( -1.000000000000000000, 0.000000000000000000, 0.000000000000000000 ) ) ;
#3614 = CARTESIAN_POINT ( 'NONE',  ( 4.080000000000000071, 1.800000000000000488, -0.1283333333333334936 ) ) ;
#3615 = UNCERTAINTY_MEASURE_WITH_UNIT (LENGTH_MEASURE( 1.000000000000000082E-05 ), #5323, 'distance_accuracy_value', 'NONE');
#3616 = ORIENTED_EDGE ( 'NONE', *, *, #1070, .T. ) ;
#3617 = CARTESIAN_POINT ( 'NONE',  ( 4.727475984454220459, 5.732672356334980179, 0.3499999999999999778 ) ) ;
#3618 = CARTESIAN_POINT ( 'NONE',  ( 3.540000000000000036, 6.500000000000000888, -0.3500000000000010880 ) ) ;
#3619 = CARTESIAN_POINT ( 'NONE',  ( 6.655000000000001137, -1.575000000000001066, 0.3499999999999999778 ) ) ;
#3620 = LINE ( 'NONE', #4560, #3823 ) ;
#3621 = DIRECTION ( 'NONE',  ( 0.000000000000000000, 0.000000000000000000, 1.000000000000000000 ) ) ;
#3622 = EDGE_CURVE ( 'NONE', #2551, #755, #3964, .T. ) ;
#3623 = EDGE_LOOP ( 'NONE', ( #1343, #3612, #5824, #5383 ) ) ;
#3624 = CARTESIAN_POINT ( 'NONE',  ( 3.486936948246134982, 4.039780281224035541, 0.3499999999999999223 ) ) ;
#3625 = ORIENTED_EDGE ( 'NONE', *, *, #1627, .F. ) ;
#3626 = PRESENTATION_STYLE_ASSIGNMENT (( #3968 ) ) ;
#3627 = ORIENTED_EDGE ( 'NONE', *, *, #2325, .F. ) ;
#3628 = MECHANICAL_DESIGN_GEOMETRIC_PRESENTATION_REPRESENTATION (  '', ( #2263 ), #5137 ) ;
#3629 =( LENGTH_UNIT ( ) NAMED_UNIT ( * ) SI_UNIT ( .MILLI., .METRE. ) );
#3630 = SURFACE_SIDE_STYLE ('',( #3567 ) ) ;
#3631 = FACE_OUTER_BOUND ( 'NONE', #3623, .T. ) ;
#3632 = ADVANCED_FACE ( 'NONE', ( #1743 ), #3590, .T. ) ;
#3633 = EDGE_LOOP ( 'NONE', ( #4184, #1632, #4649, #3473 ) ) ;
#3634 = LINE ( 'NONE', #1364, #875 ) ;
#3635 = CARTESIAN_POINT ( 'NONE',  ( 0.000000000000000000, 0.000000000000000000, 0.000000000000000000 ) ) ;
#3636 = CARTESIAN_POINT ( 'NONE',  ( 6.024276979512004360, 4.091073788932197530, -0.3499999999999999778 ) ) ;
#3637 = DIRECTION ( 'NONE',  ( -0.7071067811865474617, -0.7071067811865474617, -0.000000000000000000 ) ) ;
#3638 = LINE ( 'NONE', #1396, #355 ) ;
#3639 = ORIENTED_EDGE ( 'NONE', *, *, #5197, .F. ) ;
#3640 = ORIENTED_EDGE ( 'NONE', *, *, #1185, .F. ) ;
#3641 = CARTESIAN_POINT ( 'NONE',  ( 4.229360230209762150, 5.307482533055399188, 0.3499999999999999778 ) ) ;
#3642 = FACE_OUTER_BOUND ( 'NONE', #2714, .T. ) ;
#3643 = EDGE_CURVE ( 'NONE', #2064, #1776, #2624, .T. ) ;
#3644 = ORIENTED_EDGE ( 'NONE', *, *, #5138, .F. ) ;
#3645 = PRESENTATION_LAYER_ASSIGNMENT (  '', '', ( #274 ) ) ;
#3646 = CARTESIAN_POINT ( 'NONE',  ( 4.730000000000001315, -2.800000000000001155, 0.3499999999999999778 ) ) ;
#3647 = CARTESIAN_POINT ( 'NONE',  ( 1.000000000000000666, 0.8000000000000007105, 0.3499999999999999778 ) ) ;
#3648 = LINE ( 'NONE', #5013, #2084 ) ;
#3649 = VECTOR ( 'NONE', #1885, 1000.000000000000000 ) ;
#3650 = ORIENTED_EDGE ( 'NONE', *, *, #743, .T. ) ;
#3651 = ORIENTED_EDGE ( 'NONE', *, *, #2026, .F. ) ;
#3652 = SURFACE_STYLE_USAGE ( .BOTH. , #1236 ) ;
#3653 = EDGE_CURVE ( 'NONE', #1432, #2705, #805, .T. ) ;
#3654 = DIRECTION ( 'NONE',  ( 0.000000000000000000, 0.000000000000000000, -1.000000000000000000 ) ) ;
#3655 = CARTESIAN_POINT ( 'NONE',  ( 1.906851685116534023, 6.299478870653091533, 0.3500000000000000888 ) ) ;
#3656 = ORIENTED_EDGE ( 'NONE', *, *, #1005, .F. ) ;
#3657 = DIRECTION ( 'NONE',  ( -1.000000000000000000, 0.000000000000000000, 7.744301232039316681E-17 ) ) ;
#3658 = CARTESIAN_POINT ( 'NONE',  ( 4.580000000000001847, 6.084152315493286167, 0.3499999999999999223 ) ) ;
#3659 = PLANE ( 'NONE',  #747 ) ;
#3660 =( NAMED_UNIT ( * ) SI_UNIT ( $, .STERADIAN. ) SOLID_ANGLE_UNIT ( ) );
#3661 = EDGE_CURVE ( 'NONE', #119, #5551, #4056, .T. ) ;
#3662 = DIRECTION ( 'NONE',  ( 0.000000000000000000, 0.000000000000000000, 1.000000000000000000 ) ) ;
#3663 = CARTESIAN_POINT ( 'NONE',  ( 2.214744180118195516, 5.589454083063166046, 0.3499999999999999778 ) ) ;
#3664 = VERTEX_POINT ( 'NONE', #5890 ) ;
#3665 = ORIENTED_EDGE ( 'NONE', *, *, #120, .F. ) ;
#3666 = EDGE_CURVE ( 'NONE', #2101, #4280, #1770, .T. ) ;
#3667 = DIRECTION ( 'NONE',  ( -0.6546536707079769757, 0.3779644730092281413, -0.6546536707079769757 ) ) ;
#3668 = CARTESIAN_POINT ( 'NONE',  ( 4.239611261228811934, 5.398486016527557219, 0.3499999999999999778 ) ) ;
#3669 =( GEOMETRIC_REPRESENTATION_CONTEXT ( 3 ) GLOBAL_UNCERTAINTY_ASSIGNED_CONTEXT ( ( #971 ) ) GLOBAL_UNIT_ASSIGNED_CONTEXT ( ( #3629, #2632, #1327 ) ) REPRESENTATION_CONTEXT ( 'NONE', 'WORKASPACE' ) );
#3670 = LINE ( 'NONE', #1376, #3441 ) ;
#3671 = COLOUR_RGB ( '',0.000000000000000000, 0.000000000000000000, 0.000000000000000000 ) ;
#3672 = ORIENTED_EDGE ( 'NONE', *, *, #127, .T. ) ;
#3673 = CARTESIAN_POINT ( 'NONE',  ( 3.140000000000000568, 6.299999999999999822, -0.3499999999999999778 ) ) ;
#3674 = LINE ( 'NONE', #2343, #5741 ) ;
#3675 = DIRECTION ( 'NONE',  ( 0.000000000000000000, 3.097720492815727166E-16, 1.000000000000000000 ) ) ;
#3676 =( BOUNDED_CURVE ( )  B_SPLINE_CURVE ( 3, ( #2461, #1549, #54, #1876, #5148, #5121, #1493 ),
 .UNSPECIFIED., .F., .F. ) 
 B_SPLINE_CURVE_WITH_KNOTS ( ( 4, 3, 4 ),
 ( 0.8078321013870645162, 3.141592653589793116, 5.475353205792521827 ),
 .UNSPECIFIED. ) 
 CURVE ( )  GEOMETRIC_REPRESENTATION_ITEM ( )  RATIONAL_B_SPLINE_CURVE ( ( 1.000000000000000000, 0.5953481791230077480, 0.5953481791230077480, 1.000000000000000000, 0.5953481791230077480, 0.5953481791230077480, 1.000000000000000000 ) ) 
 REPRESENTATION_ITEM ( '' )  );
#3677 = VECTOR ( 'NONE', #2074, 999.9999999999998863 ) ;
#3678 =( GEOMETRIC_REPRESENTATION_CONTEXT ( 3 ) GLOBAL_UNCERTAINTY_ASSIGNED_CONTEXT ( ( #3082 ) ) GLOBAL_UNIT_ASSIGNED_CONTEXT ( ( #4568, #4256, #3685 ) ) REPRESENTATION_CONTEXT ( 'NONE', 'WORKASPACE' ) );
#3679 = ORIENTED_EDGE ( 'NONE', *, *, #2452, .T. ) ;
#3680 = CARTESIAN_POINT ( 'NONE',  ( -0.9999999999999995559, 1.800000000000000488, -0.3849999999999998979 ) ) ;
#3681 = SURFACE_STYLE_FILL_AREA ( #5901 ) ;
#3682 = EDGE_LOOP ( 'NONE', ( #5199, #5477, #4656, #5646, #1184, #3565, #4337, #4234 ) ) ;
#3683 = VECTOR ( 'NONE', #1639, 1000.000000000000000 ) ;
#3684 = FACE_OUTER_BOUND ( 'NONE', #1891, .T. ) ;
#3685 =( NAMED_UNIT ( * ) SI_UNIT ( $, .STERADIAN. ) SOLID_ANGLE_UNIT ( ) );
#3686 = AXIS2_PLACEMENT_3D ( 'NONE', #3349, #159, #578 ) ;
#3687 = FILL_AREA_STYLE ('',( #1900 ) ) ;
#3688 = CARTESIAN_POINT ( 'NONE',  ( 1.540000000000000036, 0.5000000000000002220, 0.3499999999999998668 ) ) ;
#3689 = DIRECTION ( 'NONE',  ( 0.7071067811865489050, -0.7071067811865460184, 0.000000000000000000 ) ) ;
#3690 = DIRECTION ( 'NONE',  ( -0.000000000000000000, -1.000000000000000000, 1.668003342285391551E-16 ) ) ;
#3691 = EDGE_LOOP ( 'NONE', ( #1092, #5134, #1538, #5294, #2733, #179, #4029, #336 ) ) ;
#3692 = EDGE_CURVE ( 'NONE', #4280, #1290, #3620, .T. ) ;
#3693 = ORIENTED_EDGE ( 'NONE', *, *, #492, .F. ) ;
#3694 = AXIS2_PLACEMENT_3D ( 'NONE', #4539, #2749, #2635 ) ;
#3695 = PRESENTATION_STYLE_ASSIGNMENT (( #4494 ) ) ;
#3696 = CARTESIAN_POINT ( 'NONE',  ( 4.393245067392238745, 6.500000000000000888, 0.3499999999999989231 ) ) ;
#3697 = EDGE_CURVE ( 'NONE', #445, #3705, #1684, .T. ) ;
#3698 = STYLED_ITEM ( 'NONE', ( #3324 ), #1887 ) ;
#3699 = ORIENTED_EDGE ( 'NONE', *, *, #4975, .T. ) ;
#3700 =( LENGTH_UNIT ( ) NAMED_UNIT ( * ) SI_UNIT ( .MILLI., .METRE. ) );
#3701 = CARTESIAN_POINT ( 'NONE',  ( 5.766754932607761397, 0.5000000000000000000, -0.6500000000000013545 ) ) ;
#3702 = CARTESIAN_POINT ( 'NONE',  ( -0.3525240155457798341, 5.732672356334980179, -0.3499999999999999778 ) ) ;
#3703 =( NAMED_UNIT ( * ) SI_UNIT ( $, .STERADIAN. ) SOLID_ANGLE_UNIT ( ) );
#3704 = CARTESIAN_POINT ( 'NONE',  ( 3.454708104564600202, 4.597665842580767936, 0.3499999999999999778 ) ) ;
#3705 = VERTEX_POINT ( 'NONE', #1711 ) ;
#3706 = ORIENTED_EDGE ( 'NONE', *, *, #5076, .T. ) ;
#3707 = LINE ( 'NONE', #4623, #1935 ) ;
#3708 =( BOUNDED_SURFACE ( )  B_SPLINE_SURFACE ( 3, 1, ( 
 ( #5374, #3094 ),
 ( #3122, #2179 ),
 ( #4912, #3190 ),
 ( #4581, #1404 ) ),
 .UNSPECIFIED., .F., .F., .F. ) 
 B_SPLINE_SURFACE_WITH_KNOTS ( ( 4, 4 ),
 ( 2, 2 ),
 ( 0.000000000000000000, 1.000000000000000000 ),
 ( 0.000000000000000000, 1.000000000000000000 ),
 .UNSPECIFIED. ) 
 GEOMETRIC_REPRESENTATION_ITEM ( )  RATIONAL_B_SPLINE_SURFACE ( (
 ( 1.000000000000000000, 1.000000000000000000),
 ( 0.9488815137910379116, 0.9488815137910379116),
 ( 0.9488815137910379116, 0.9488815137910379116),
 ( 1.000000000000000000, 1.000000000000000000) ) ) 
 REPRESENTATION_ITEM ( '' )  SURFACE ( )  );
#3709 = CARTESIAN_POINT ( 'NONE',  ( 2.187475984454220423, 5.732672356334980179, 0.3499999999999999778 ) ) ;
#3710 = SURFACE_STYLE_FILL_AREA ( #1481 ) ;
#3711 = ORIENTED_EDGE ( 'NONE', *, *, #3129, .T. ) ;
#3712 = DIRECTION ( 'NONE',  ( 0.000000000000000000, 0.000000000000000000, -1.000000000000000000 ) ) ;
#3713 = VECTOR ( 'NONE', #3492, 1000.000000000000000 ) ;
#3714 = CARTESIAN_POINT ( 'NONE',  ( -1.000000000000000000, 0.5000000000000000000, -0.3500000000000000888 ) ) ;
#3715 = LINE ( 'NONE', #4259, #5593 ) ;
#3716 = LINE ( 'NONE', #2360, #756 ) ;
#3717 = CARTESIAN_POINT ( 'NONE',  ( 3.226754932607761361, 8.000000000000000000, -0.6500000000000030198 ) ) ;
#3718 = EDGE_LOOP ( 'NONE', ( #4995, #5203, #1307, #709 ) ) ;
#3719 = ORIENTED_EDGE ( 'NONE', *, *, #3225, .T. ) ;
#3720 = VECTOR ( 'NONE', #2704, 1000.000000000000000 ) ;
#3721 = DIRECTION ( 'NONE',  ( 0.000000000000000000, 0.000000000000000000, -1.000000000000000000 ) ) ;
#3722 = LINE ( 'NONE', #4644, #2819 ) ;
#3723 = CARTESIAN_POINT ( 'NONE',  ( 4.080000000000000071, 1.800000000000000488, 0.3849999999999999534 ) ) ;
#3724 = EDGE_CURVE ( 'NONE', #3501, #4655, #3990, .T. ) ;
#3725 = CARTESIAN_POINT ( 'NONE',  ( 1.000000000000000444, 1.800000000000000488, 0.1166666666666665853 ) ) ;
#3726 = ORIENTED_EDGE ( 'NONE', *, *, #1123, .T. ) ;
#3727 = ORIENTED_EDGE ( 'NONE', *, *, #5299, .F. ) ;
#3728 = DIRECTION ( 'NONE',  ( -0.000000000000000000, -0.000000000000000000, -1.000000000000000000 ) ) ;
#3729 = DIRECTION ( 'NONE',  ( 1.000000000000000000, -0.000000000000000000, 0.000000000000000000 ) ) ;
#3730 = CARTESIAN_POINT ( 'NONE',  ( 4.580000000000001847, 6.299999999999999822, -0.3499999999999999778 ) ) ;
#3731 = EDGE_CURVE ( 'NONE', #1444, #1324, #3648, .T. ) ;
#3732 = CARTESIAN_POINT ( 'NONE',  ( 5.601845733883980216, 5.626229152235330488, 0.000000000000000000 ) ) ;
#3733 = B_SPLINE_CURVE_WITH_KNOTS ( 'NONE', 3,
 ( #177, #3275, #3873, #3787 ),
 .UNSPECIFIED., .F., .F.,
 ( 4, 4 ),
 ( 0.000000000000000000, 1.000000000000000000 ),
 .UNSPECIFIED. ) ;
#3734 = VECTOR ( 'NONE', #3816, 1000.000000000000000 ) ;
#3735 = ORIENTED_EDGE ( 'NONE', *, *, #1132, .T. ) ;
#3736 = VERTEX_POINT ( 'NONE', #895 ) ;
#3737 = EDGE_CURVE ( 'NONE', #3946, #1554, #2746, .T. ) ;
#3738 = PRESENTATION_STYLE_ASSIGNMENT (( #5620 ) ) ;
#3739 = EDGE_LOOP ( 'NONE', ( #994, #1642, #3015, #4561 ) ) ;
#3740 = FACE_OUTER_BOUND ( 'NONE', #793, .T. ) ;
#3741 = VECTOR ( 'NONE', #1664, 1000.000000000000000 ) ;
#3742 =( NAMED_UNIT ( * ) SI_UNIT ( $, .STERADIAN. ) SOLID_ANGLE_UNIT ( ) );
#3743 = SURFACE_STYLE_USAGE ( .BOTH. , #4289 ) ;
#3744 = DIRECTION ( 'NONE',  ( -0.000000000000000000, -0.000000000000000000, -1.000000000000000000 ) ) ;
#3745 = DIRECTION ( 'NONE',  ( 1.000000000000000000, 1.084202172485504434E-16, 0.000000000000000000 ) ) ;
#3746 = DIRECTION ( 'NONE',  ( -3.097720492815726426E-17, 1.000000000000000000, 0.000000000000000000 ) ) ;
#3747 = UNCERTAINTY_MEASURE_WITH_UNIT (LENGTH_MEASURE( 1.000000000000000082E-05 ), #24, 'distance_accuracy_value', 'NONE');
#3748 = ORIENTED_EDGE ( 'NONE', *, *, #4278, .F. ) ;
#3749 = PRESENTATION_LAYER_ASSIGNMENT (  '', '', ( #948 ) ) ;
#3750 = ORIENTED_EDGE ( 'NONE', *, *, #1265, .F. ) ;
#3751 = UNCERTAINTY_MEASURE_WITH_UNIT (LENGTH_MEASURE( 1.000000000000000082E-05 ), #2070, 'distance_accuracy_value', 'NONE');
#3752 = PRESENTATION_LAYER_ASSIGNMENT (  '', '', ( #391 ) ) ;
#3753 = LINE ( 'NONE', #4231, #5763 ) ;
#3754 = CARTESIAN_POINT ( 'NONE',  ( 4.393245067392238745, 0.5000000000000002220, 0.6500000000000011324 ) ) ;
#3755 =( NAMED_UNIT ( * ) PLANE_ANGLE_UNIT ( ) SI_UNIT ( $, .RADIAN. ) );
#3756 = CARTESIAN_POINT ( 'NONE',  ( -0.3525240155457798341, 5.732672356334980179, 0.3499999999999999778 ) ) ;
#3757 = DIRECTION ( 'NONE',  ( 0.000000000000000000, 3.097720492815727166E-16, 1.000000000000000000 ) ) ;
#3758 = ORIENTED_EDGE ( 'NONE', *, *, #5920, .F. ) ;
#3759 = EDGE_CURVE ( 'NONE', #2174, #1137, #2344, .T. ) ;
#3760 = PLANE ( 'NONE',  #2478 ) ;
#3761 = PLANE ( 'NONE',  #1952 ) ;
#3762 = CARTESIAN_POINT ( 'NONE',  ( 6.080000000000000959, 0.8000000000000007105, -0.3499999999999999778 ) ) ;
#3763 = CARTESIAN_POINT ( 'NONE',  ( -5.421010862427528333E-17, 0.5000000000000005551, 0.3499999999999999778 ) ) ;
#3764 = SURFACE_STYLE_USAGE ( .BOTH. , #1019 ) ;
#3765 =( GEOMETRIC_REPRESENTATION_CONTEXT ( 3 ) GLOBAL_UNCERTAINTY_ASSIGNED_CONTEXT ( ( #4165 ) ) GLOBAL_UNIT_ASSIGNED_CONTEXT ( ( #1868, #2815, #1097 ) ) REPRESENTATION_CONTEXT ( 'NONE', 'WORKASPACE' ) );
#3766 = DIRECTION ( 'NONE',  ( -1.000000000000000000, 0.000000000000000000, 0.000000000000000000 ) ) ;
#3767 = ORIENTED_EDGE ( 'NONE', *, *, #1416, .T. ) ;
#3768 = ORIENTED_EDGE ( 'NONE', *, *, #3697, .F. ) ;
#3769 = DIRECTION ( 'NONE',  ( -0.000000000000000000, -3.097720492815727166E-16, -1.000000000000000000 ) ) ;
#3770 = VECTOR ( 'NONE', #1299, 1000.000000000000000 ) ;
#3771 = PLANE ( 'NONE',  #1224 ) ;
#3772 = CARTESIAN_POINT ( 'NONE',  ( 1.615941859282681303, 4.443591676418676251, 0.3499999999999999778 ) ) ;
#3773 = EDGE_LOOP ( 'NONE', ( #4604, #4197, #3528, #1332 ) ) ;
#3774 = EDGE_CURVE ( 'NONE', #2757, #1707, #1886, .T. ) ;
#3775 = MECHANICAL_DESIGN_GEOMETRIC_PRESENTATION_REPRESENTATION (  '', ( #2224 ), #1174 ) ;
#3776 = FILL_AREA_STYLE ('',( #3444 ) ) ;
#3778 = MECHANICAL_DESIGN_GEOMETRIC_PRESENTATION_REPRESENTATION (  '', ( #1942 ), #31 ) ;
#3777 = CARTESIAN_POINT ( 'NONE',  ( 2.540000000000000036, 0.000000000000000000, 0.3499999999999999778 ) ) ;
#3779 = SURFACE_STYLE_FILL_AREA ( #2053 ) ;
#3780 = DIRECTION ( 'NONE',  ( -0.000000000000000000, -0.000000000000000000, 1.000000000000000000 ) ) ;
#3781 = CARTESIAN_POINT ( 'NONE',  ( 3.226754932607761361, 10.39117142264903570, 0.6499999999999995781 ) ) ;
#3782 = VERTEX_POINT ( 'NONE', #4240 ) ;
#3783 = VECTOR ( 'NONE', #5394, 1000.000000000000000 ) ;
#3784 = CARTESIAN_POINT ( 'NONE',  ( 0.7000000000000006217, 0.8000000000000007105, 0.3499999999999999778 ) ) ;
#3785 = PRESENTATION_LAYER_ASSIGNMENT (  '', '', ( #5600 ) ) ;
#3786 = CARTESIAN_POINT ( 'NONE',  ( -0.4999999999999985012, 6.299999999999999822, 0.3499999999999999778 ) ) ;
#3787 = CARTESIAN_POINT ( 'NONE',  ( 3.540000000000000480, 1.800000000000000488, 0.3499999999999999778 ) ) ;
#3788 = MECHANICAL_DESIGN_GEOMETRIC_PRESENTATION_REPRESENTATION (  '', ( #5884 ), #3880 ) ;
#3789 = CARTESIAN_POINT ( 'NONE',  ( 6.549999999999999822, 1.601149768326593145E-16, 0.6500000000000012434 ) ) ;
#3790 = VERTEX_POINT ( 'NONE', #954 ) ;
#3791 = VECTOR ( 'NONE', #2949, 1000.000000000000000 ) ;
#3792 = CARTESIAN_POINT ( 'NONE',  ( -0.8641973817704142746, 5.178803639423790628, -0.3500000000000000333 ) ) ;
#3793 = CARTESIAN_POINT ( 'NONE',  ( 3.400164356702979784, 5.218128553112158841, -0.3499999999999999778 ) ) ;
#3794 = CARTESIAN_POINT ( 'NONE',  ( 4.218770099106167848, 5.207834124282345378, -0.3499999999999999778 ) ) ;
#3795 = DIRECTION ( 'NONE',  ( -0.7071067811865461294, -0.7071067811865490160, 0.000000000000000000 ) ) ;
#3796 = LINE ( 'NONE', #2381, #5057 ) ;
#3797 = ORIENTED_EDGE ( 'NONE', *, *, #4757, .T. ) ;
#3798 = ORIENTED_EDGE ( 'NONE', *, *, #2325, .T. ) ;
#3799 = CARTESIAN_POINT ( 'NONE',  ( 2.390000000000000568, -3.000000000000000000, -0.3499999999999999778 ) ) ;
#3800 = DIRECTION ( 'NONE',  ( 0.6546536707079769757, -0.3779644730092281413, -0.6546536707079769757 ) ) ;
#3801 = FACE_OUTER_BOUND ( 'NONE', #5017, .T. ) ;
#3802 = ADVANCED_FACE ( 'NONE', ( #2800 ), #4619, .T. ) ;
#3803 = ORIENTED_EDGE ( 'NONE', *, *, #1706, .F. ) ;
#3804 = PRESENTATION_STYLE_ASSIGNMENT (( #639 ) ) ;
#3805 = CARTESIAN_POINT ( 'NONE',  ( 2.540000000000000036, 0.5000000000000005551, -0.3499999999999999778 ) ) ;
#3806 = DIRECTION ( 'NONE',  ( 0.6546536707079768647, 0.3779644730092280858, -0.6546536707079769757 ) ) ;
#3807 =( LENGTH_UNIT ( ) NAMED_UNIT ( * ) SI_UNIT ( .MILLI., .METRE. ) );
#3808 = CARTESIAN_POINT ( 'NONE',  ( -0.4999999999999985012, 6.299999999999999822, 0.3499999999999999778 ) ) ;
#3809 = EDGE_CURVE ( 'NONE', #2430, #4655, #3796, .T. ) ;
#3810 = ORIENTED_EDGE ( 'NONE', *, *, #3148, .T. ) ;
#3811 = CARTESIAN_POINT ( 'NONE',  ( -0.7860528864859843701, 5.783587059575309830, 0.3500000000000000333 ) ) ;
#3812 = DIRECTION ( 'NONE',  ( 0.000000000000000000, 0.000000000000000000, 1.000000000000000000 ) ) ;
#3813 = LINE ( 'NONE', #2333, #2043 ) ;
#3814 = PRESENTATION_STYLE_ASSIGNMENT (( #624 ) ) ;
#3815 = EDGE_CURVE ( 'NONE', #1611, #3817, #573, .T. ) ;
#3816 = DIRECTION ( 'NONE',  ( 0.000000000000000000, -1.000000000000000000, 1.668003342285391797E-16 ) ) ;
#3817 = VERTEX_POINT ( 'NONE', #5096 ) ;
#3818 = CARTESIAN_POINT ( 'NONE',  ( 3.440693495213402286, 4.786369049944407372, -0.3499999999999999778 ) ) ;
#3819 = CARTESIAN_POINT ( 'NONE',  ( 5.430000000000000604, 0.5000000000000005551, 0.3499999999999999778 ) ) ;
#3820 =( GEOMETRIC_REPRESENTATION_CONTEXT ( 3 ) GLOBAL_UNCERTAINTY_ASSIGNED_CONTEXT ( ( #214 ) ) GLOBAL_UNIT_ASSIGNED_CONTEXT ( ( #2709, #5882, #944 ) ) REPRESENTATION_CONTEXT ( 'NONE', 'WORKASPACE' ) );
#3821 = CARTESIAN_POINT ( 'NONE',  ( 6.080000000000000959, 6.299999999999999822, 0.3850000000000000089 ) ) ;
#3822 = ORIENTED_EDGE ( 'NONE', *, *, #3292, .T. ) ;
#3823 = VECTOR ( 'NONE', #4987, 1000.000000000000000 ) ;
#3824 = ORIENTED_EDGE ( 'NONE', *, *, #316, .T. ) ;
#3825 = FILL_AREA_STYLE_COLOUR ( '', #3160 ) ;
#3826 =( NAMED_UNIT ( * ) PLANE_ANGLE_UNIT ( ) SI_UNIT ( $, .RADIAN. ) );
#3827 = VERTEX_POINT ( 'NONE', #5131 ) ;
#3828 = AXIS2_PLACEMENT_3D ( 'NONE', #2727, #497, #935 ) ;
#3829 = FILL_AREA_STYLE_COLOUR ( '', #300 ) ;
#3830 = EDGE_CURVE ( 'NONE', #1772, #2175, #989, .T. ) ;
#3831 = DIRECTION ( 'NONE',  ( 0.000000000000000000, 1.000000000000000000, 0.000000000000000000 ) ) ;
#3832 = FILL_AREA_STYLE_COLOUR ( '', #2088 ) ;
#3833 = CARTESIAN_POINT ( 'NONE',  ( 0.8403887387712397627, 5.398486016527106024, -0.3499999999999999778 ) ) ;
#3834 = AXIS2_PLACEMENT_3D ( 'NONE', #1096, #4315, #2425 ) ;
#3835 = CARTESIAN_POINT ( 'NONE',  ( 2.890000000000001013, 0.5000000000000005551, -0.3499999999999999778 ) ) ;
#3836 = B_SPLINE_CURVE_WITH_KNOTS ( 'NONE', 3,
 ( #1805, #3655, #2283, #2198, #3604, #5476, #783, #1361, #902, #3205, #1270, #463, #4565, #4124, #3109, #3138, #4930, #815, #4034, #5867, #4251, #3772, #961, #2353, #133, #998, #5590, #525, #1864, #4187, #2449 ),
 .UNSPECIFIED., .F., .F.,
 ( 4, 1, 1, 1, 1, 1, 1, 2, 2, 1, 1, 1, 1, 2, 2, 1, 1, 1, 1, 1, 2, 2, 4 ),
 ( 0.000000000000000000, 0.06250000000001504352, 0.09375000000002228773, 0.1093750000000261041, 0.1171875000000280193, 0.1210937500000289907, 0.1230468750000294764, 0.1240234375000298789, 0.1250000000000302813, 0.1875000000000290323, 0.2187500000000284217, 0.2343750000000281164, 0.2421875000000279776, 0.2460937500000281442, 0.2500000000000283107, 0.3750000000000269229, 0.4375000000000262568, 0.4687500000000256462, 0.4843750000000253686, 0.4921875000000252021, 0.4960937500000253686, 0.5000000000000255351, 1.000000000000000000 ),
 .UNSPECIFIED. ) ;
#3837 = DIRECTION ( 'NONE',  ( 1.121588454295349533E-16, -1.000000000000000000, 0.000000000000000000 ) ) ;
#3838 = ORIENTED_EDGE ( 'NONE', *, *, #2229, .F. ) ;
#3839 = VECTOR ( 'NONE', #1517, 1000.000000000000000 ) ;
#3840 = PRESENTATION_LAYER_ASSIGNMENT (  '', '', ( #3554 ) ) ;
#3841 = VECTOR ( 'NONE', #3572, 1000.000000000000000 ) ;
#3842 =( LENGTH_UNIT ( ) NAMED_UNIT ( * ) SI_UNIT ( .MILLI., .METRE. ) );
#3843 = EDGE_CURVE ( 'NONE', #1611, #171, #5038, .T. ) ;
#3844 = PLANE ( 'NONE',  #5284 ) ;
#3845 = DIRECTION ( 'NONE',  ( 0.000000000000000000, -1.000000000000000000, 0.000000000000000000 ) ) ;
#3846 = CARTESIAN_POINT ( 'NONE',  ( 4.480000000000000426, 6.299999999999999822, -0.1283333333333334936 ) ) ;
#3847 = VECTOR ( 'NONE', #1560, 1000.000000000000000 ) ;
#3848 = LINE ( 'NONE', #5635, #1421 ) ;
#3849 = EDGE_LOOP ( 'NONE', ( #1566, #2565, #5580, #4941, #1321, #2741, #4281, #4067, #2432, #1936, #405, #3171, #808, #5348, #414, #2208 ) ) ;
#3850 = ADVANCED_FACE ( 'NONE', ( #3247 ), #2242, .T. ) ;
#3851 = UNCERTAINTY_MEASURE_WITH_UNIT (LENGTH_MEASURE( 1.000000000000000082E-05 ), #748, 'distance_accuracy_value', 'NONE');
#3852 = CARTESIAN_POINT ( 'NONE',  ( -0.8626260474599404260, 5.194217234909946690, -0.3499999999999999778 ) ) ;
#3853 = CARTESIAN_POINT ( 'NONE',  ( 3.417528552431158495, 5.050332720359886451, -0.3499999999999999223 ) ) ;
#3854 = CARTESIAN_POINT ( 'NONE',  ( 4.393245067392238745, 8.000000000000000000, -0.6500000000000030198 ) ) ;
#3855 = FILL_AREA_STYLE ('',( #1473 ) ) ;
#3856 = DIRECTION ( 'NONE',  ( 0.000000000000000000, -1.000000000000000000, 1.668003342285391551E-16 ) ) ;
#3857 = EDGE_LOOP ( 'NONE', ( #2507, #2524, #366, #3919 ) ) ;
#3858 = DIRECTION ( 'NONE',  ( -0.000000000000000000, -3.097720492815727166E-16, -1.000000000000000000 ) ) ;
#3859 = CARTESIAN_POINT ( 'NONE',  ( 1.752837746342908343, 5.777005459572334800, -0.3499999999999999223 ) ) ;
#3860 = CARTESIAN_POINT ( 'NONE',  ( 2.540000000000000036, 0.5000000000000005551, 0.3499999999999999778 ) ) ;
#3861 = PRESENTATION_LAYER_ASSIGNMENT (  '', '', ( #2611 ) ) ;
#3862 = EDGE_LOOP ( 'NONE', ( #2458, #3206, #202, #3288, #3019, #429, #4817, #4666 ) ) ;
#3863 = DIRECTION ( 'NONE',  ( -1.000000000000000000, 0.000000000000000000, 0.000000000000000000 ) ) ;
#3864 = LINE ( 'NONE', #1179, #4746 ) ;
#3865 = LINE ( 'NONE', #3327, #4876 ) ;
#3866 = CARTESIAN_POINT ( 'NONE',  ( 0.9348251832001492900, 4.263498050148225360, -0.3499999999999999223 ) ) ;
#3867 = SURFACE_STYLE_USAGE ( .BOTH. , #255 ) ;
#3868 = EDGE_LOOP ( 'NONE', ( #4853, #2222, #1293, #4245 ) ) ;
#3869 =( BOUNDED_CURVE ( )  B_SPLINE_CURVE ( 3, ( #2011, #5643, #3432, #3883 ),
 .UNSPECIFIED., .F., .F. ) 
 B_SPLINE_CURVE_WITH_KNOTS ( ( 4, 4 ),
 ( 1.570796326794896336, 2.359101780428492390 ),
 .UNSPECIFIED. ) 
 CURVE ( )  GEOMETRIC_REPRESENTATION_ITEM ( )  RATIONAL_B_SPLINE_CURVE ( ( 1.000000000000000000, 0.9488815137910384667, 0.9488815137910384667, 1.000000000000000000 ) ) 
 REPRESENTATION_ITEM ( '' )  );
#3870 = CARTESIAN_POINT ( 'NONE',  ( -0.6331483148834667896, 6.299478870653091533, 0.3500000000000000888 ) ) ;
#3871 = CARTESIAN_POINT ( 'NONE',  ( 4.380000000000000782, 0.5000000000000004441, -0.3499999999999999778 ) ) ;
#3872 = SURFACE_STYLE_USAGE ( .BOTH. , #729 ) ;
#3873 = CARTESIAN_POINT ( 'NONE',  ( 3.540000000000000480, 1.800000000000000488, 0.1166666666666665853 ) ) ;
#3874 = AXIS2_PLACEMENT_3D ( 'NONE', #5149, #5665, #1038 ) ;
#3875 = EDGE_CURVE ( 'NONE', #3611, #2265, #2560, .T. ) ;
#3876 = EDGE_CURVE ( 'NONE', #1255, #5011, #184, .T. ) ;
#3877 = EDGE_LOOP ( 'NONE', ( #1418, #1357, #870, #4833 ) ) ;
#3878 = DIRECTION ( 'NONE',  ( -1.000000000000000000, -1.084202172485504434E-16, 0.000000000000000000 ) ) ;
#3879 = UNCERTAINTY_MEASURE_WITH_UNIT (LENGTH_MEASURE( 1.000000000000000082E-05 ), #4007, 'distance_accuracy_value', 'NONE');
#3880 =( GEOMETRIC_REPRESENTATION_CONTEXT ( 3 ) GLOBAL_UNCERTAINTY_ASSIGNED_CONTEXT ( ( #563 ) ) GLOBAL_UNIT_ASSIGNED_CONTEXT ( ( #3124, #1379, #2273 ) ) REPRESENTATION_CONTEXT ( 'NONE', 'WORKASPACE' ) );
#3881 = CARTESIAN_POINT ( 'NONE',  ( 4.351497947711107095, 6.125528511109508578, -0.3500000000000000333 ) ) ;
#3882 = CARTESIAN_POINT ( 'NONE',  ( 2.390000000000000568, -3.000000000000000000, 0.3499999999999999778 ) ) ;
#3883 = CARTESIAN_POINT ( 'NONE',  ( 2.187475984454220423, 5.732672356334980179, 0.3499999999999999778 ) ) ;
#3884 = EDGE_CURVE ( 'NONE', #900, #5440, #3869, .T. ) ;
#3885 = AXIS2_PLACEMENT_3D ( 'NONE', #442, #4547, #1815 ) ;
#3886 = ORIENTED_EDGE ( 'NONE', *, *, #5610, .F. ) ;
#3887 = LINE ( 'NONE', #1596, #1091 ) ;
#3888 = CARTESIAN_POINT ( 'NONE',  ( 1.594482203325871206, 4.067306563708465106, -0.3499999999999999778 ) ) ;
#3889 = ORIENTED_EDGE ( 'NONE', *, *, #1491, .F. ) ;
#3890 = CARTESIAN_POINT ( 'NONE',  ( 3.540000000000000480, 1.121588454295350273E-16, 0.3499999999999999778 ) ) ;
#3891 = COLOUR_RGB ( '',0.8313725490196077761, 0.6705882352941175961, 0.1294117647058823373 ) ;
#3892 = CARTESIAN_POINT ( 'NONE',  ( -0.9999999999999995559, 1.800000000000000488, -0.3499999999999999778 ) ) ;
#3893 = CARTESIAN_POINT ( 'NONE',  ( 0.8578385625839363149, 5.240363704783927545, -0.3500000000000000333 ) ) ;
#3894 = LINE ( 'NONE', #5262, #4322 ) ;
#3895 = CARTESIAN_POINT ( 'NONE',  ( 1.540000000000000036, 6.500000000000000888, -0.3500000000000010880 ) ) ;
#3896 = ORIENTED_EDGE ( 'NONE', *, *, #4196, .F. ) ;
#3897 =( LENGTH_UNIT ( ) NAMED_UNIT ( * ) SI_UNIT ( .MILLI., .METRE. ) );
#3898 = LINE ( 'NONE', #706, #3440 ) ;
#3899 = CARTESIAN_POINT ( 'NONE',  ( 5.930639769790269966, 5.307482533055136287, -0.3499999999999999778 ) ) ;
#3900 = DIRECTION ( 'NONE',  ( 0.000000000000000000, 1.000000000000000000, -1.668003342285391797E-16 ) ) ;
#3901 = ORIENTED_EDGE ( 'NONE', *, *, #2969, .T. ) ;
#3902 = PRESENTATION_LAYER_ASSIGNMENT (  '', '', ( #2263 ) ) ;
#3903 = CARTESIAN_POINT ( 'NONE',  ( -0.7896030380177390118, 5.762359718947904774, -0.3500000000000000888 ) ) ;
#3904 = ADVANCED_FACE ( 'NONE', ( #2067 ), #1534, .F. ) ;
#3905 =( LENGTH_UNIT ( ) NAMED_UNIT ( * ) SI_UNIT ( .MILLI., .METRE. ) );
#3906 = CARTESIAN_POINT ( 'NONE',  ( 5.432524015545779683, 5.732672356334978403, -0.3499999999999999778 ) ) ;
#3907 = DIRECTION ( 'NONE',  ( -0.000000000000000000, 1.668003342285391551E-16, 1.000000000000000000 ) ) ;
#3908 = AXIS2_PLACEMENT_3D ( 'NONE', #4766, #649, #2370 ) ;
#3909 = ORIENTED_EDGE ( 'NONE', *, *, #5512, .T. ) ;
#3910 = EDGE_CURVE ( 'NONE', #2551, #2804, #5675, .T. ) ;
#3911 = CARTESIAN_POINT ( 'NONE',  ( 0.8749941293855708624, 5.069026963384446915, 0.3500000000000000333 ) ) ;
#3912 = VECTOR ( 'NONE', #4432, 1000.000000000000000 ) ;
#3913 = CARTESIAN_POINT ( 'NONE',  ( -0.4999999999999985012, 6.299999999999999822, 0.3499999999999999778 ) ) ;
#3914 =( NAMED_UNIT ( * ) SI_UNIT ( $, .STERADIAN. ) SOLID_ANGLE_UNIT ( ) );
#3915 = ORIENTED_EDGE ( 'NONE', *, *, #1879, .T. ) ;
#3916 = CARTESIAN_POINT ( 'NONE',  ( 1.853245067392238710, 0.5000000000000000000, -0.6500000000000013545 ) ) ;
#3917 = EDGE_CURVE ( 'NONE', #334, #5440, #4662, .T. ) ;
#3918 = DIRECTION ( 'NONE',  ( 0.000000000000000000, 0.000000000000000000, -1.000000000000000000 ) ) ;
#3919 = ORIENTED_EDGE ( 'NONE', *, *, #87, .F. ) ;
#3920 = CARTESIAN_POINT ( 'NONE',  ( 1.000000000000000222, 2.615493535622417820, -0.3499999999999999778 ) ) ;
#3921 = DIRECTION ( 'NONE',  ( -1.000000000000000000, -0.000000000000000000, -0.000000000000000000 ) ) ;
#3922 = VECTOR ( 'NONE', #5343, 1000.000000000000000 ) ;
#3923 = EDGE_LOOP ( 'NONE', ( #451, #5803, #3090, #3679 ) ) ;
#3924 = CARTESIAN_POINT ( 'NONE',  ( -0.9816606796124067724, 3.374693912574938892, 0.3499999999999999778 ) ) ;
#3925 = AXIS2_PLACEMENT_3D ( 'NONE', #4760, #1126, #2935 ) ;
#3926 = PRESENTATION_LAYER_ASSIGNMENT (  '', '', ( #4490 ) ) ;
#3927 = SURFACE_STYLE_USAGE ( .BOTH. , #4423 ) ;
#3928 = FILL_AREA_STYLE_COLOUR ( '', #3397 ) ;
#3929 = DIRECTION ( 'NONE',  ( 1.000000000000000000, -0.000000000000000000, 0.000000000000000000 ) ) ;
#3930 = PRESENTATION_LAYER_ASSIGNMENT (  '', '', ( #1426 ) ) ;
#3931 = ORIENTED_EDGE ( 'NONE', *, *, #4777, .F. ) ;
#3932 = COLOUR_RGB ( '',0.8313725490196077761, 0.6705882352941175961, 0.1294117647058823373 ) ;
#3933 = CARTESIAN_POINT ( 'NONE',  ( -0.7871219925015946473, 5.777242093666543177, -0.3499999999999999778 ) ) ;
#3934 =( BOUNDED_SURFACE ( )  B_SPLINE_SURFACE ( 3, 1, ( 
 ( #4012, #3580 ),
 ( #1400, #2735 ),
 ( #1733, #943 ),
 ( #2794, #5030 ) ),
 .UNSPECIFIED., .F., .F., .F. ) 
 B_SPLINE_SURFACE_WITH_KNOTS ( ( 4, 4 ),
 ( 2, 2 ),
 ( 0.000000000000000000, 1.000000000000000000 ),
 ( 0.000000000000000000, 1.000000000000000000 ),
 .UNSPECIFIED. ) 
 GEOMETRIC_REPRESENTATION_ITEM ( )  RATIONAL_B_SPLINE_SURFACE ( (
 ( 1.000000000000000000, 1.000000000000000000),
 ( 0.9488815137910379116, 0.9488815137910379116),
 ( 0.9488815137910379116, 0.9488815137910379116),
 ( 1.000000000000000000, 1.000000000000000000) ) ) 
 REPRESENTATION_ITEM ( '' )  SURFACE ( )  );
#3935 = CARTESIAN_POINT ( 'NONE',  ( 5.941575734891621607, 5.204467366490783675, 0.3500000000000000888 ) ) ;
#3936 = LINE ( 'NONE', #1648, #2570 ) ;
#3937 = EDGE_CURVE ( 'NONE', #1372, #2924, #4359, .T. ) ;
#3938 = ORIENTED_EDGE ( 'NONE', *, *, #238, .F. ) ;
#3939 = CARTESIAN_POINT ( 'NONE',  ( 0.8626260474599316552, 5.194217234910146530, 0.3499999999999999778 ) ) ;
#3940 = FACE_OUTER_BOUND ( 'NONE', #5133, .T. ) ;
#3941 = CARTESIAN_POINT ( 'NONE',  ( -0.4999999999999985012, 6.299999999999999822, -0.3499999999999999778 ) ) ;
#3942 = ADVANCED_FACE ( 'NONE', ( #241 ), #2443, .F. ) ;
#3943 = ORIENTED_EDGE ( 'NONE', *, *, #860, .T. ) ;
#3944 = PLANE ( 'NONE',  #1363 ) ;
#3945 =( NAMED_UNIT ( * ) SI_UNIT ( $, .STERADIAN. ) SOLID_ANGLE_UNIT ( ) );
#3946 = VERTEX_POINT ( 'NONE', #156 ) ;
#3947 = VECTOR ( 'NONE', #1294, 1000.000000000000000 ) ;
#3948 = CARTESIAN_POINT ( 'NONE',  ( 4.393245067392238745, 10.39117142264903570, -0.6500000000000030198 ) ) ;
#3949 = ADVANCED_FACE ( 'NONE', ( #3377 ), #4303, .F. ) ;
#3950 = ORIENTED_EDGE ( 'NONE', *, *, #856, .T. ) ;
#3951 = PRESENTATION_LAYER_ASSIGNMENT (  '', '', ( #3486 ) ) ;
#3952 = CARTESIAN_POINT ( 'NONE',  ( 1.540000000000000480, 1.800000000000000488, 0.3849999999999999534 ) ) ;
#3953 = CARTESIAN_POINT ( 'NONE',  ( 5.866052886485987550, 5.783587059575307165, -0.3500000000000000888 ) ) ;
#3954 = FILL_AREA_STYLE_COLOUR ( '', #5531 ) ;
#3955 = ADVANCED_FACE ( 'NONE', ( #2583, #4465 ), #2710, .T. ) ;
#3956 = VERTEX_POINT ( 'NONE', #5433 ) ;
#3957 = CARTESIAN_POINT ( 'NONE',  ( 5.968849546050877031, 4.917640708297875918, 0.3500000000000000333 ) ) ;
#3958 = FACE_OUTER_BOUND ( 'NONE', #5034, .T. ) ;
#3959 = PRESENTATION_STYLE_ASSIGNMENT (( #294 ) ) ;
#3960 = VERTEX_POINT ( 'NONE', #390 ) ;
#3961 = CARTESIAN_POINT ( 'NONE',  ( 0.9469369482461342802, 4.039780281224036429, 0.3499999999999999223 ) ) ;
#3962 = DIRECTION ( 'NONE',  ( 0.000000000000000000, 0.000000000000000000, -1.000000000000000000 ) ) ;
#3963 = FACE_OUTER_BOUND ( 'NONE', #21, .T. ) ;
#3964 = LINE ( 'NONE', #1288, #1322 ) ;
#3965 = ORIENTED_EDGE ( 'NONE', *, *, #456, .T. ) ;
#3966 = DIRECTION ( 'NONE',  ( 0.000000000000000000, -0.000000000000000000, 1.000000000000000000 ) ) ;
#3967 = ORIENTED_EDGE ( 'NONE', *, *, #204, .F. ) ;
#3968 = SURFACE_STYLE_USAGE ( .BOTH. , #1234 ) ;
#3969 = ORIENTED_EDGE ( 'NONE', *, *, #5648, .T. ) ;
#3970 = VECTOR ( 'NONE', #1064, 1000.000000000000000 ) ;
#3971 = ADVANCED_FACE ( 'NONE', ( #5402 ), #5914, .F. ) ;
#3972 = FACE_OUTER_BOUND ( 'NONE', #3718, .T. ) ;
#3973 = DIRECTION ( 'NONE',  ( 0.000000000000000000, -1.000000000000000000, 1.668003342285391797E-16 ) ) ;
#3974 = AXIS2_PLACEMENT_3D ( 'NONE', #5656, #4388, #3918 ) ;
#3975 = ORIENTED_EDGE ( 'NONE', *, *, #276, .T. ) ;
#3976 = UNCERTAINTY_MEASURE_WITH_UNIT (LENGTH_MEASURE( 1.000000000000000082E-05 ), #2680, 'distance_accuracy_value', 'NONE');
#3977 = DIRECTION ( 'NONE',  ( -1.000000000000000000, -3.097720492815726426E-17, 0.000000000000000000 ) ) ;
#3978 = LINE ( 'NONE', #2997, #357 ) ;
#3979 = ADVANCED_FACE ( 'NONE', ( #3642 ), #1312, .F. ) ;
#3980 = CARTESIAN_POINT ( 'NONE',  ( 4.281789536020344400, 5.709058272657560273, -0.3500000000000000333 ) ) ;
#3981 = ORIENTED_EDGE ( 'NONE', *, *, #972, .F. ) ;
#3982 = ORIENTED_EDGE ( 'NONE', *, *, #2206, .F. ) ;
#3983 = ADVANCED_FACE ( 'NONE', ( #5786 ), #3708, .T. ) ;
#3984 = CARTESIAN_POINT ( 'NONE',  ( 5.872485366313218158, 5.744802409713649638, 0.3499999999999999778 ) ) ;
#3985 = VECTOR ( 'NONE', #4609, 1000.000000000000114 ) ;
#3986 = VERTEX_POINT ( 'NONE', #2825 ) ;
#3987 = DIRECTION ( 'NONE',  ( -1.000000000000000000, -0.000000000000000000, -0.000000000000000000 ) ) ;
#3988 = DIRECTION ( 'NONE',  ( 0.000000000000000000, -0.000000000000000000, -1.000000000000000000 ) ) ;
#3989 = DIRECTION ( 'NONE',  ( 0.5000000000000009992, -0.8660254037844380415, 0.000000000000000000 ) ) ;
#3990 = LINE ( 'NONE', #1354, #836 ) ;
#3991 = CARTESIAN_POINT ( 'NONE',  ( 2.892524015545778759, 5.732672356334978403, -0.3499999999999999778 ) ) ;
#3992 = EDGE_LOOP ( 'NONE', ( #3735, #3656, #1042, #4361 ) ) ;
#3993 = ORIENTED_EDGE ( 'NONE', *, *, #5648, .F. ) ;
#3994 = ORIENTED_EDGE ( 'NONE', *, *, #4169, .F. ) ;
#3995 =( NAMED_UNIT ( * ) PLANE_ANGLE_UNIT ( ) SI_UNIT ( $, .RADIAN. ) );
#3996 = CARTESIAN_POINT ( 'NONE',  ( -0.9999999999999995559, 1.800000000000000488, -0.1283333333333334936 ) ) ;
#3997 = VECTOR ( 'NONE', #3424, 1000.000000000000000 ) ;
#3998 = DIRECTION ( 'NONE',  ( 1.000000000000000000, 0.000000000000000000, 0.000000000000000000 ) ) ;
#3999 = ORIENTED_EDGE ( 'NONE', *, *, #4104, .F. ) ;
#4000 = ADVANCED_FACE ( 'NONE', ( #3276 ), #5125, .F. ) ;
#4001 = CARTESIAN_POINT ( 'NONE',  ( -0.9446954869561645651, 4.083092593512596125, 0.3499999999999998668 ) ) ;
#4002 = CARTESIAN_POINT ( 'NONE',  ( 2.390000000000000568, -3.000000000000000000, -0.3499999999999999778 ) ) ;
#4003 = DIRECTION ( 'NONE',  ( -0.000000000000000000, 0.000000000000000000, 1.000000000000000000 ) ) ;
#4004 = PRESENTATION_LAYER_ASSIGNMENT (  '', '', ( #5247 ) ) ;
#4005 = CARTESIAN_POINT ( 'NONE',  ( -0.3500000000000000333, 8.000000000000000000, 0.3499999999999999778 ) ) ;
#4006 = LINE ( 'NONE', #5510, #5745 ) ;
#4007 =( LENGTH_UNIT ( ) NAMED_UNIT ( * ) SI_UNIT ( .MILLI., .METRE. ) );
#4008 = EDGE_LOOP ( 'NONE', ( #4252, #4393, #2628, #2331 ) ) ;
#4009 = ORIENTED_EDGE ( 'NONE', *, *, #3875, .T. ) ;
#4010 = EDGE_CURVE ( 'NONE', #5442, #343, #2795, .T. ) ;
#4011 = VECTOR ( 'NONE', #1040, 1000.000000000000000 ) ;
#4012 = CARTESIAN_POINT ( 'NONE',  ( 2.892524015545778759, 5.732672356334978403, 0.3499999999999999778 ) ) ;
#4013 = CARTESIAN_POINT ( 'NONE',  ( 4.480000000000000426, 6.299999999999999822, 0.3499999999999999778 ) ) ;
#4014 = VECTOR ( 'NONE', #1827, 1000.000000000000000 ) ;
#4015 =( NAMED_UNIT ( * ) PLANE_ANGLE_UNIT ( ) SI_UNIT ( $, .RADIAN. ) );
#4016 = STYLED_ITEM ( 'NONE', ( #1977 ), #1087 ) ;
#4017 = EDGE_CURVE ( 'NONE', #2265, #1951, #537, .T. ) ;
#4018 = STYLED_ITEM ( 'NONE', ( #5231 ), #3252 ) ;
#4019 = ORIENTED_EDGE ( 'NONE', *, *, #1627, .T. ) ;
#4020 = CARTESIAN_POINT ( 'NONE',  ( 0.7285020522887943883, 6.125528511109557428, 0.3500000000000000333 ) ) ;
#4021 = LINE ( 'NONE', #1682, #5740 ) ;
#4022 = LINE ( 'NONE', #1741, #1643 ) ;
#4023 = DIRECTION ( 'NONE',  ( -1.000000000000000000, -0.000000000000000000, -0.000000000000000000 ) ) ;
#4024 = CARTESIAN_POINT ( 'NONE',  ( 2.189999999999999947, 8.199999999999999289, 0.3499999999999999778 ) ) ;
#4025 = AXIS2_PLACEMENT_3D ( 'NONE', #4123, #462, #2282 ) ;
#4027 = EDGE_CURVE ( 'NONE', #1278, #3293, #2336, .T. ) ;
#4026 = EDGE_LOOP ( 'NONE', ( #4481, #4542, #5375, #3176 ) ) ;
#4028 = LINE ( 'NONE', #5862, #3677 ) ;
#4029 = ORIENTED_EDGE ( 'NONE', *, *, #3737, .T. ) ;
#4030 = DIRECTION ( 'NONE',  ( 0.000000000000000000, -0.000000000000000000, -1.000000000000000000 ) ) ;
#4031 = ORIENTED_EDGE ( 'NONE', *, *, #1851, .F. ) ;
#4032 = CARTESIAN_POINT ( 'NONE',  ( -0.9999999999999995559, 1.800000000000000044, 0.1166666666666665853 ) ) ;
#4033 = PLANE ( 'NONE',  #4025 ) ;
#4034 = CARTESIAN_POINT ( 'NONE',  ( 1.679835643297026282, 5.218128553112200585, 0.3500000000000000333 ) ) ;
#4035 = ORIENTED_EDGE ( 'NONE', *, *, #3077, .F. ) ;
#4036 = CARTESIAN_POINT ( 'NONE',  ( 0.3500000000000009215, -2.800000000000001155, 0.3499999999999999778 ) ) ;
#4037 = SURFACE_SIDE_STYLE ('',( #313 ) ) ;
#4038 = B_SPLINE_CURVE_WITH_KNOTS ( 'NONE', 3,
 ( #2322, #1867, #2357, #4224 ),
 .UNSPECIFIED., .F., .F.,
 ( 4, 4 ),
 ( 0.000000000000000000, 1.000000000000000000 ),
 .UNSPECIFIED. ) ;
#4039 = LINE ( 'NONE', #5932, #3841 ) ;
#4040 = CARTESIAN_POINT ( 'NONE',  ( 0.6867549326077613259, 10.39117142264903570, -0.6500000000000030198 ) ) ;
#4041 = FACE_OUTER_BOUND ( 'NONE', #5811, .T. ) ;
#4042 = CARTESIAN_POINT ( 'NONE',  ( 2.539999999999999147, 1.700000000000000178, 0.3499999999999999778 ) ) ;
#4043 = ORIENTED_EDGE ( 'NONE', *, *, #846, .T. ) ;
#4044 = EDGE_LOOP ( 'NONE', ( #1131, #632, #568, #5525 ) ) ;
#4045 = FACE_OUTER_BOUND ( 'NONE', #1477, .T. ) ;
#4046 = DIRECTION ( 'NONE',  ( 0.000000000000000000, 0.000000000000000000, 1.000000000000000000 ) ) ;
#4047 =( GEOMETRIC_REPRESENTATION_CONTEXT ( 3 ) GLOBAL_UNCERTAINTY_ASSIGNED_CONTEXT ( ( #653 ) ) GLOBAL_UNIT_ASSIGNED_CONTEXT ( ( #3254, #41, #2386 ) ) REPRESENTATION_CONTEXT ( 'NONE', 'WORKASPACE' ) );
#4048 = CARTESIAN_POINT ( 'NONE',  ( 4.305852863327319646, 5.851685420754309419, 0.3499999999999999778 ) ) ;
#4049 = ADVANCED_FACE ( 'NONE', ( #1431, #3217, #4172, #5058 ), #57, .F. ) ;
#4050 =( GEOMETRIC_REPRESENTATION_CONTEXT ( 3 ) GLOBAL_UNCERTAINTY_ASSIGNED_CONTEXT ( ( #2465 ) ) GLOBAL_UNIT_ASSIGNED_CONTEXT ( ( #5893, #4060, #4182 ) ) REPRESENTATION_CONTEXT ( 'NONE', 'WORKASPACE' ) );
#4051 = VECTOR ( 'NONE', #5461, 1000.000000000000000 ) ;
#4052 = VERTEX_POINT ( 'NONE', #3696 ) ;
#4053 = DIRECTION ( 'NONE',  ( 0.000000000000000000, 0.000000000000000000, -1.000000000000000000 ) ) ;
#4054 = FACE_OUTER_BOUND ( 'NONE', #5319, .T. ) ;
#4055 = EDGE_CURVE ( 'NONE', #1719, #1594, #3404, .T. ) ;
#4056 = LINE ( 'NONE', #2187, #3449 ) ;
#4057 = LINE ( 'NONE', #774, #4871 ) ;
#4058 = VERTEX_POINT ( 'NONE', #2371 ) ;
#4059 = EDGE_CURVE ( 'NONE', #5337, #1865, #3670, .T. ) ;
#4060 =( NAMED_UNIT ( * ) PLANE_ANGLE_UNIT ( ) SI_UNIT ( $, .RADIAN. ) );
#4061 = ORIENTED_EDGE ( 'NONE', *, *, #5114, .T. ) ;
#4062 = CARTESIAN_POINT ( 'NONE',  ( 0.6867549326077613259, 0.5000000000000000000, -0.6500000000000013545 ) ) ;
#4063 = ORIENTED_EDGE ( 'NONE', *, *, #135, .T. ) ;
#4064 = CARTESIAN_POINT ( 'NONE',  ( -0.5999999999999996447, 6.299999999999999822, -0.3849999999999998979 ) ) ;
#4065 =( LENGTH_UNIT ( ) NAMED_UNIT ( * ) SI_UNIT ( .MILLI., .METRE. ) );
#4066 = STYLED_ITEM ( 'NONE', ( #1728 ), #703 ) ;
#4067 = ORIENTED_EDGE ( 'NONE', *, *, #3661, .T. ) ;
#4068 = FACE_OUTER_BOUND ( 'NONE', #784, .T. ) ;
#4069 = CARTESIAN_POINT ( 'NONE',  ( 0.6867549326077613259, 8.000000000000000000, -0.6500000000000030198 ) ) ;
#4070 = SURFACE_STYLE_USAGE ( .BOTH. , #2232 ) ;
#4071 = CARTESIAN_POINT ( 'NONE',  ( 2.187475984454220423, 5.732672356334980179, 0.3499999999999999778 ) ) ;
#4072 = LINE ( 'NONE', #5454, #1535 ) ;
#4073 = LINE ( 'NONE', #4731, #619 ) ;
#4074 = PRESENTATION_LAYER_ASSIGNMENT (  '', '', ( #5787 ) ) ;
#4075 = ORIENTED_EDGE ( 'NONE', *, *, #2246, .F. ) ;
#4076 = ORIENTED_EDGE ( 'NONE', *, *, #1773, .F. ) ;
#4077 = LINE ( 'NONE', #447, #1371 ) ;
#4078 =( LENGTH_UNIT ( ) NAMED_UNIT ( * ) SI_UNIT ( .MILLI., .METRE. ) );
#4079 = UNCERTAINTY_MEASURE_WITH_UNIT (LENGTH_MEASURE( 1.000000000000000082E-05 ), #4065, 'distance_accuracy_value', 'NONE');
#4080 = ADVANCED_FACE ( 'NONE', ( #1911 ), #5087, .F. ) ;
#4081 = EDGE_LOOP ( 'NONE', ( #2113, #44, #3348, #3901 ) ) ;
#4082 = CARTESIAN_POINT ( 'NONE',  ( 3.301220786870199042, 5.920464898423894340, -0.3499999999999998113 ) ) ;
#4083 = DIRECTION ( 'NONE',  ( 1.000000000000000000, -8.673617379884051249E-15, 0.000000000000000000 ) ) ;
#4084 = LINE ( 'NONE', #3619, #5361 ) ;
#4085 = DIRECTION ( 'NONE',  ( -1.000000000000000000, -0.000000000000000000, -0.000000000000000000 ) ) ;
#4086 =( BOUNDED_CURVE ( )  B_SPLINE_CURVE ( 3, ( #1243, #3658, #3083, #847 ),
 .UNSPECIFIED., .F., .F. ) 
 B_SPLINE_CURVE_WITH_KNOTS ( ( 4, 4 ),
 ( 1.570796326794896336, 2.359101780428492390 ),
 .UNSPECIFIED. ) 
 CURVE ( )  GEOMETRIC_REPRESENTATION_ITEM ( )  RATIONAL_B_SPLINE_CURVE ( ( 1.000000000000000000, 0.9488815137910384667, 0.9488815137910384667, 1.000000000000000000 ) ) 
 REPRESENTATION_ITEM ( '' )  );
#4087 = ORIENTED_EDGE ( 'NONE', *, *, #1185, .T. ) ;
#4088 = ADVANCED_FACE ( 'NONE', ( #982 ), #2304, .F. ) ;
#4089 = ORIENTED_EDGE ( 'NONE', *, *, #2975, .T. ) ;
#4090 = ORIENTED_EDGE ( 'NONE', *, *, #2720, .F. ) ;
#4091 = AXIS2_PLACEMENT_3D ( 'NONE', #5726, #4276, #3403 ) ;
#4092 = DIRECTION ( 'NONE',  ( 0.000000000000000000, 3.097720492815727166E-16, 1.000000000000000000 ) ) ;
#4093 = DIRECTION ( 'NONE',  ( 0.000000000000000000, 4.336808689942018229E-16, -1.000000000000000000 ) ) ;
#4094 = VERTEX_POINT ( 'NONE', #1467 ) ;
#4095 = EDGE_CURVE ( 'NONE', #4706, #702, #2961, .T. ) ;
#4096 = CARTESIAN_POINT ( 'NONE',  ( 0.9650000000000007461, -1.575000000000006173, 0.3499999999999999778 ) ) ;
#4097 = DIRECTION ( 'NONE',  ( 0.000000000000000000, -0.000000000000000000, -1.000000000000000000 ) ) ;
#4098 = DIRECTION ( 'NONE',  ( 0.000000000000000000, -0.000000000000000000, -1.000000000000000000 ) ) ;
#4099 = DIRECTION ( 'NONE',  ( -0.000000000000000000, -1.000000000000000000, 1.668003342285392044E-16 ) ) ;
#4100 = PRESENTATION_LAYER_ASSIGNMENT (  '', '', ( #1794 ) ) ;
#4101 =( LENGTH_UNIT ( ) NAMED_UNIT ( * ) SI_UNIT ( .MILLI., .METRE. ) );
#4102 = ORIENTED_EDGE ( 'NONE', *, *, #359, .F. ) ;
#4103 = ORIENTED_EDGE ( 'NONE', *, *, #743, .F. ) ;
#4104 = EDGE_CURVE ( 'NONE', #3504, #1055, #88, .T. ) ;
#4105 = SURFACE_STYLE_USAGE ( .BOTH. , #4551 ) ;
#4106 = DIRECTION ( 'NONE',  ( 1.000000000000000000, 0.000000000000000000, 0.000000000000000000 ) ) ;
#4107 = CARTESIAN_POINT ( 'NONE',  ( 4.260714092337830827, 5.570187327444797276, 0.3499999999999999223 ) ) ;
#4108 = DIRECTION ( 'NONE',  ( -0.000000000000000000, 0.000000000000000000, 1.000000000000000000 ) ) ;
#4109 = VECTOR ( 'NONE', #4680, 1000.000000000000114 ) ;
#4110 = ORIENTED_EDGE ( 'NONE', *, *, #3329, .F. ) ;
#4111 = VECTOR ( 'NONE', #5859, 1000.000000000000000 ) ;
#4112 = CARTESIAN_POINT ( 'NONE',  ( -1.469999999999999973, 1.601149768326593145E-16, 0.6500000000000012434 ) ) ;
#4113 =( NAMED_UNIT ( * ) SI_UNIT ( $, .STERADIAN. ) SOLID_ANGLE_UNIT ( ) );
#4114 = PRESENTATION_STYLE_ASSIGNMENT (( #3764 ) ) ;
#4115 = VECTOR ( 'NONE', #298, 1000.000000000000000 ) ;
#4116 = AXIS2_PLACEMENT_3D ( 'NONE', #4966, #2701, #3608 ) ;
#4117 = AXIS2_PLACEMENT_3D ( 'NONE', #3763, #4744, #2410 ) ;
#4118 = CARTESIAN_POINT ( 'NONE',  ( 3.061845733883979737, 5.626229152235330488, 0.000000000000000000 ) ) ;
#4119 = VERTEX_POINT ( 'NONE', #29 ) ;
#4120 = ORIENTED_EDGE ( 'NONE', *, *, #4412, .T. ) ;
#4121 = CARTESIAN_POINT ( 'NONE',  ( 2.390000000000000568, -3.000000000000000000, 0.3499999999999999778 ) ) ;
#4122 = AXIS2_PLACEMENT_3D ( 'NONE', #4785, #5801, #5771 ) ;
#4123 = CARTESIAN_POINT ( 'NONE',  ( 0.000000000000000000, 6.299999999999999822, 0.3499999999999999778 ) ) ;
#4124 = CARTESIAN_POINT ( 'NONE',  ( 1.699611261228812342, 5.398486016527555442, 0.3499999999999999778 ) ) ;
#4125 = EDGE_CURVE ( 'NONE', #3960, #5220, #1849, .T. ) ;
#4126 = ORIENTED_EDGE ( 'NONE', *, *, #2962, .T. ) ;
#4127 = PLANE ( 'NONE',  #4523 ) ;
#4128 = DIRECTION ( 'NONE',  ( 1.000000000000000000, 0.000000000000000000, 0.000000000000000000 ) ) ;
#4129 =( NAMED_UNIT ( * ) PLANE_ANGLE_UNIT ( ) SI_UNIT ( $, .RADIAN. ) );
#4130 = CARTESIAN_POINT ( 'NONE',  ( -1.469999999999999973, 8.500000000000000000, 1.199999999999999956 ) ) ;
#4131 = CARTESIAN_POINT ( 'NONE',  ( 0.000000000000000000, 6.299999999999999822, -0.3499999999999999778 ) ) ;
#4132 = CARTESIAN_POINT ( 'NONE',  ( 2.865255819881804999, 5.589454083063163381, 0.3499999999999999778 ) ) ;
#4133 = EDGE_CURVE ( 'NONE', #2157, #928, #4998, .T. ) ;
#4134 = ORIENTED_EDGE ( 'NONE', *, *, #4975, .F. ) ;
#4135 = ORIENTED_EDGE ( 'NONE', *, *, #2252, .T. ) ;
#4136 = EDGE_CURVE ( 'NONE', #1732, #3293, #3179, .T. ) ;
#4137 = PLANE ( 'NONE',  #2424 ) ;
#4138 = SURFACE_SIDE_STYLE ('',( #4579 ) ) ;
#4139 = FACE_OUTER_BOUND ( 'NONE', #1892, .T. ) ;
#4140 = ADVANCED_FACE ( 'NONE', ( #3571 ), #4512, .F. ) ;
#4141 = VECTOR ( 'NONE', #7, 1000.000000000000000 ) ;
#4142 = DIRECTION ( 'NONE',  ( 0.000000000000000000, -1.000000000000000000, 0.000000000000000000 ) ) ;
#4143 = AXIS2_PLACEMENT_3D ( 'NONE', #742, #5792, #5759 ) ;
#4144 = MECHANICAL_DESIGN_GEOMETRIC_PRESENTATION_REPRESENTATION (  '', ( #4249 ), #5870 ) ;
#4145 = VERTEX_POINT ( 'NONE', #1273 ) ;
#4146 = CARTESIAN_POINT ( 'NONE',  ( 4.580000000000001847, 6.299999999999999822, -0.3499999999999999778 ) ) ;
#4147 = CARTESIAN_POINT ( 'NONE',  ( 4.754744180118195551, 5.589454083063165157, 0.3499999999999999778 ) ) ;
#4148 = LINE ( 'NONE', #2249, #2587 ) ;
#4149 = MECHANICAL_DESIGN_GEOMETRIC_PRESENTATION_REPRESENTATION (  '', ( #5682 ), #5295 ) ;
#4150 = AXIS2_PLACEMENT_3D ( 'NONE', #553, #1514, #905 ) ;
#4151 = CARTESIAN_POINT ( 'NONE',  ( 1.940000000000000613, 6.299999999999999822, 0.3499999999999999778 ) ) ;
#4152 = EDGE_LOOP ( 'NONE', ( #2287, #3824, #4135, #4836, #4429, #356, #4019, #2091 ) ) ;
#4153 = ORIENTED_EDGE ( 'NONE', *, *, #3443, .T. ) ;
#4154 = DIRECTION ( 'NONE',  ( 1.000000000000000000, -0.000000000000000000, 0.000000000000000000 ) ) ;
#4155 = SURFACE_STYLE_USAGE ( .BOTH. , #72 ) ;
#4156 = ORIENTED_EDGE ( 'NONE', *, *, #3917, .F. ) ;
#4157 = DIRECTION ( 'NONE',  ( 0.000000000000000000, -1.668003342285391551E-16, -1.000000000000000000 ) ) ;
#4158 = EDGE_CURVE ( 'NONE', #393, #1717, #1133, .T. ) ;
#4159 = CARTESIAN_POINT ( 'NONE',  ( -0.4999999999999985012, 6.084152315493286167, 0.3499999999999999223 ) ) ;
#4160 = CIRCLE ( 'NONE', #4913, 0.2000000000000000944 ) ;
#4161 = SURFACE_STYLE_FILL_AREA ( #3235 ) ;
#4162 = DIRECTION ( 'NONE',  ( -3.097720492815726426E-17, 1.000000000000000000, 0.000000000000000000 ) ) ;
#4163 = CARTESIAN_POINT ( 'NONE',  ( 4.080000000000000071, 6.500000000000000888, -0.3500000000000010880 ) ) ;
#4164 =( GEOMETRIC_REPRESENTATION_CONTEXT ( 3 ) GLOBAL_UNCERTAINTY_ASSIGNED_CONTEXT ( ( #5120 ) ) GLOBAL_UNIT_ASSIGNED_CONTEXT ( ( #2574, #4765, #315 ) ) REPRESENTATION_CONTEXT ( 'NONE', 'WORKASPACE' ) );
#4165 = UNCERTAINTY_MEASURE_WITH_UNIT (LENGTH_MEASURE( 1.000000000000000082E-05 ), #1868, 'distance_accuracy_value', 'NONE');
#4166 = ORIENTED_EDGE ( 'NONE', *, *, #4967, .T. ) ;
#4167 = ORIENTED_EDGE ( 'NONE', *, *, #5336, .T. ) ;
#4168 = UNCERTAINTY_MEASURE_WITH_UNIT (LENGTH_MEASURE( 1.000000000000000082E-05 ), #2678, 'distance_accuracy_value', 'NONE');
#4169 = EDGE_CURVE ( 'NONE', #5337, #373, #5449, .T. ) ;
#4170 = DIRECTION ( 'NONE',  ( 0.000000000000000000, 0.000000000000000000, 1.000000000000000000 ) ) ;
#4171 = VECTOR ( 'NONE', #1546, 1000.000000000000000 ) ;
#4172 = FACE_BOUND ( 'NONE', #5611, .T. ) ;
#4173 = SURFACE_STYLE_USAGE ( .BOTH. , #4610 ) ;
#4174 = AXIS2_PLACEMENT_3D ( 'NONE', #1659, #666, #5258 ) ;
#4175 = CIRCLE ( 'NONE', #4934, 0.1999999999999999833 ) ;
#4176 = EDGE_CURVE ( 'NONE', #2127, #1435, #2666, .T. ) ;
#4177 = VERTEX_POINT ( 'NONE', #2700 ) ;
#4178 = SURFACE_SIDE_STYLE ('',( #3599 ) ) ;
#4179 = CARTESIAN_POINT ( 'NONE',  ( 1.540000000000000036, 0.5000000000000000000, -0.3500000000000000888 ) ) ;
#4180 = DIRECTION ( 'NONE',  ( 0.000000000000000000, -1.668003342285391551E-16, -1.000000000000000000 ) ) ;
#4181 = B_SPLINE_CURVE_WITH_KNOTS ( 'NONE', 3,
 ( #5683, #744, #718, #2017, #1598, #3498, #224, #5251, #2095, #3888, #1149, #3470, #5316, #3382, #5224, #4308, #3439, #190, #635, #2988, #1175, #4808, #1569, #5709, #1200, #271, #1089, #3038, #4339, #3859, #2048, #5760, #2928 ),
 .UNSPECIFIED., .F., .F.,
 ( 4, 1, 1, 1, 1, 1, 1, 2, 2, 1, 1, 1, 1, 1, 2, 2, 1, 1, 1, 1, 1, 1, 2, 2, 4 ),
 ( 0.000000000000000000, 0.2499999999999786282, 0.3749999999999678590, 0.4374999999999624190, 0.4687499999999596989, 0.4843749999999582001, 0.4921874999999577560, 0.4960937499999575340, 0.4999999999999573674, 0.6249999999999519273, 0.6874999999999489297, 0.7187499999999471534, 0.7343749999999462652, 0.7421874999999454880, 0.7460937499999451550, 0.7499999999999447109, 0.8124999999999459321, 0.8437499999999468203, 0.8593749999999472644, 0.8671874999999471534, 0.8710937499999473754, 0.8730468749999479305, 0.8740234374999481526, 0.8749999999999483746, 1.000000000000000000 ),
 .UNSPECIFIED. ) ;
#4182 =( NAMED_UNIT ( * ) SI_UNIT ( $, .STERADIAN. ) SOLID_ANGLE_UNIT ( ) );
#4183 = ORIENTED_EDGE ( 'NONE', *, *, #5610, .T. ) ;
#4184 = ORIENTED_EDGE ( 'NONE', *, *, #2998, .F. ) ;
#4185 = SURFACE_STYLE_USAGE ( .BOTH. , #2805 ) ;
#4186 = CARTESIAN_POINT ( 'NONE',  ( 5.680000000000000604, 6.299999999999999822, -0.1166666666666667518 ) ) ;
#4187 = CARTESIAN_POINT ( 'NONE',  ( 1.540000000000000480, 2.615493535618376608, 0.3499999999999999778 ) ) ;
#4188 = ORIENTED_EDGE ( 'NONE', *, *, #5032, .F. ) ;
#4189 = CARTESIAN_POINT ( 'NONE',  ( 4.080000000000000071, 6.500000000000000888, 0.3499999999999989231 ) ) ;
#4190 = COLOUR_RGB ( '',0.8313725490196077761, 0.6705882352941175961, 0.1294117647058823373 ) ;
#4191 = DIRECTION ( 'NONE',  ( -0.6546536707079769757, 0.3779644730092281413, -0.6546536707079769757 ) ) ;
#4192 = FILL_AREA_STYLE_COLOUR ( '', #1254 ) ;
#4193 = CARTESIAN_POINT ( 'NONE',  ( 2.890000000000001013, 1.084202172485506745E-17, -0.3499999999999999778 ) ) ;
#4194 = CARTESIAN_POINT ( 'NONE',  ( 5.430000000000000604, -2.800000000000001155, -0.3499999999999999778 ) ) ;
#4195 = CARTESIAN_POINT ( 'NONE',  ( 3.140000000000000568, 6.299999999999999822, -0.3499999999999999778 ) ) ;
#4196 = EDGE_CURVE ( 'NONE', #4550, #2571, #408, .T. ) ;
#4197 = ORIENTED_EDGE ( 'NONE', *, *, #2636, .T. ) ;
#4198 = STYLED_ITEM ( 'NONE', ( #3814 ), #1328 ) ;
#4199 = SURFACE_STYLE_FILL_AREA ( #5544 ) ;
#4200 = SURFACE_STYLE_USAGE ( .BOTH. , #1464 ) ;
#4201 = CARTESIAN_POINT ( 'NONE',  ( -1.000000000000000000, 0.5000000000000002220, 0.3499999999999998668 ) ) ;
#4202 = CARTESIAN_POINT ( 'NONE',  ( 4.380000000000000782, 0.8000000000000004885, 0.3499999999999999778 ) ) ;
#4203 = LINE ( 'NONE', #5180, #2582 ) ;
#4205 = EDGE_CURVE ( 'NONE', #800, #5337, #439, .T. ) ;
#4204 = AXIS2_PLACEMENT_3D ( 'NONE', #4202, #4108, #5033 ) ;
#4206 = VERTEX_POINT ( 'NONE', #3142 ) ;
#4207 = ORIENTED_EDGE ( 'NONE', *, *, #5591, .F. ) ;
#4208 = DIRECTION ( 'NONE',  ( -1.000000000000000000, 0.000000000000000000, 0.000000000000000000 ) ) ;
#4209 = FACE_OUTER_BOUND ( 'NONE', #3080, .T. ) ;
#4210 = SURFACE_STYLE_USAGE ( .BOTH. , #2717 ) ;
#4211 = VECTOR ( 'NONE', #518, 1000.000000000000000 ) ;
#4212 = ADVANCED_FACE ( 'NONE', ( #2169 ), #4965, .F. ) ;
#4213 = STYLED_ITEM ( 'NONE', ( #4545 ), #2366 ) ;
#4214 = ORIENTED_EDGE ( 'NONE', *, *, #1766, .F. ) ;
#4215 = PLANE ( 'NONE',  #3686 ) ;
#4216 = CARTESIAN_POINT ( 'NONE',  ( 0.4999999999999985012, 6.299999999999999822, 0.3499999999999999778 ) ) ;
#4217 = DIRECTION ( 'NONE',  ( -1.000000000000000000, 0.000000000000000000, 0.000000000000000000 ) ) ;
#4218 = AXIS2_PLACEMENT_3D ( 'NONE', #2991, #1030, #5687 ) ;
#4219 = AXIS2_PLACEMENT_3D ( 'NONE', #1380, #35, #1855 ) ;
#4220 = ORIENTED_EDGE ( 'NONE', *, *, #3809, .T. ) ;
#4221 = CIRCLE ( 'NONE', #2589, 0.2000000000000000944 ) ;
#4222 = FACE_OUTER_BOUND ( 'NONE', #746, .T. ) ;
#4223 =( NAMED_UNIT ( * ) PLANE_ANGLE_UNIT ( ) SI_UNIT ( $, .RADIAN. ) );
#4224 = CARTESIAN_POINT ( 'NONE',  ( 6.080000000000000071, 1.800000000000000488, 0.3499999999999999778 ) ) ;
#4225 = SURFACE_STYLE_FILL_AREA ( #4729 ) ;
#4226 =( NAMED_UNIT ( * ) SI_UNIT ( $, .STERADIAN. ) SOLID_ANGLE_UNIT ( ) );
#4227 = LINE ( 'NONE', #617, #2244 ) ;
#4228 = ORIENTED_EDGE ( 'NONE', *, *, #245, .F. ) ;
#4229 = ORIENTED_EDGE ( 'NONE', *, *, #3337, .T. ) ;
#4230 = UNCERTAINTY_MEASURE_WITH_UNIT (LENGTH_MEASURE( 1.000000000000000082E-05 ), #3468, 'distance_accuracy_value', 'NONE');
#4231 = CARTESIAN_POINT ( 'NONE',  ( 0.6867549326077613259, 0.5000000000000000000, -0.6500000000000013545 ) ) ;
#4232 = CARTESIAN_POINT ( 'NONE',  ( 1.840000000000000524, 0.5000000000000004441, 0.3499999999999999778 ) ) ;
#4233 = CARTESIAN_POINT ( 'NONE',  ( 1.540000000000000036, 6.500000000000000888, 0.3499999999999989231 ) ) ;
#4234 = ORIENTED_EDGE ( 'NONE', *, *, #2206, .T. ) ;
#4235 = VECTOR ( 'NONE', #2427, 1000.000000000000000 ) ;
#4236 = CARTESIAN_POINT ( 'NONE',  ( -0.9452969371955460831, 4.071564961060444965, -0.3500000000000000333 ) ) ;
#4237 = EDGE_CURVE ( 'NONE', #69, #101, #4086, .T. ) ;
#4238 = CARTESIAN_POINT ( 'NONE',  ( -0.3500000000000000333, 8.000000000000000000, 0.3499999999999999778 ) ) ;
#4239 = DIRECTION ( 'NONE',  ( 1.000000000000000000, 0.000000000000000000, 0.000000000000000000 ) ) ;
#4240 = CARTESIAN_POINT ( 'NONE',  ( 5.780000000000001137, 0.5000000000000006661, -0.3499999999999999778 ) ) ;
#4241 = B_SPLINE_CURVE_WITH_KNOTS ( 'NONE', 3,
 ( #2111, #4843, #2140, #236, #3455, #5779, #2061, #4326, #677, #3953, #1670, #1213, #3052, #4873, #3899, #1161, #4822, #2029, #5269, #760, #2608, #1784, #4938, #378, #2260, #4968, #3636, #4485, #5841, #2204, #472 ),
 .UNSPECIFIED., .F., .F.,
 ( 4, 1, 1, 1, 1, 1, 1, 2, 2, 1, 1, 1, 1, 2, 2, 1, 1, 1, 1, 1, 2, 2, 4 ),
 ( 0.000000000000000000, 0.06250000000000890954, 0.09375000000001364187, 0.1093750000000162093, 0.1171875000000174583, 0.1210937500000182077, 0.1230468750000185824, 0.1240234375000188044, 0.1250000000000190126, 0.1875000000000193456, 0.2187500000000197342, 0.2343750000000199563, 0.2421875000000200950, 0.2460937500000201783, 0.2500000000000202616, 0.3750000000000198730, 0.4375000000000199285, 0.4687500000000200395, 0.4843750000000203171, 0.4921875000000204836, 0.4960937500000203171, 0.5000000000000200950, 1.000000000000000000 ),
 .UNSPECIFIED. ) ;
#4242 = PRESENTATION_LAYER_ASSIGNMENT (  '', '', ( #2905 ) ) ;
#4243 = AXIS2_PLACEMENT_3D ( 'NONE', #103, #4154, #490 ) ;
#4244 = CARTESIAN_POINT ( 'NONE',  ( 3.338210463979507381, 5.709058272658548816, 0.3500000000000000888 ) ) ;
#4245 = ORIENTED_EDGE ( 'NONE', *, *, #5881, .T. ) ;
#4246 = ADVANCED_FACE ( 'NONE', ( #4901 ), #1809, .T. ) ;
#4247 = ORIENTED_EDGE ( 'NONE', *, *, #889, .T. ) ;
#4248 = DIRECTION ( 'NONE',  ( 1.000000000000000000, 0.000000000000000000, 0.000000000000000000 ) ) ;
#4249 = STYLED_ITEM ( 'NONE', ( #146 ), #5430 ) ;
#4250 = DIRECTION ( 'NONE',  ( -7.744301232039316681E-17, 0.000000000000000000, -1.000000000000000000 ) ) ;
#4251 = CARTESIAN_POINT ( 'NONE',  ( 1.639306504786380403, 4.786369049942375220, 0.3499999999999999778 ) ) ;
#4252 = ORIENTED_EDGE ( 'NONE', *, *, #3843, .T. ) ;
#4253 = VECTOR ( 'NONE', #4923, 1000.000000000000000 ) ;
#4254 = DIRECTION ( 'NONE',  ( 0.000000000000000000, 0.000000000000000000, 1.000000000000000000 ) ) ;
#4255 = EDGE_CURVE ( 'NONE', #3202, #393, #5198, .T. ) ;
#4257 = COLOUR_RGB ( '',0.8313725490196077761, 0.6705882352941175961, 0.1294117647058823373 ) ;
#4256 =( NAMED_UNIT ( * ) PLANE_ANGLE_UNIT ( ) SI_UNIT ( $, .RADIAN. ) );
#4258 = DIRECTION ( 'NONE',  ( -1.000000000000000000, 0.000000000000000000, 7.744301232039316681E-17 ) ) ;
#4259 = CARTESIAN_POINT ( 'NONE',  ( 1.540000000000000036, 0.5000000000000000000, -0.3500000000000000888 ) ) ;
#4260 = CARTESIAN_POINT ( 'NONE',  ( 0.6867549326077613259, 0.5000000000000000000, -0.6500000000000013545 ) ) ;
#4261 = CARTESIAN_POINT ( 'NONE',  ( -5.421010862427528333E-17, 0.5000000000000005551, 0.3499999999999999778 ) ) ;
#4262 = VERTEX_POINT ( 'NONE', #1898 ) ;
#4263 = PRESENTATION_LAYER_ASSIGNMENT (  '', '', ( #2132 ) ) ;
#4264 = ORIENTED_EDGE ( 'NONE', *, *, #4237, .F. ) ;
#4265 = CARTESIAN_POINT ( 'NONE',  ( -0.7350420104460260173, 6.043840788194787983, 0.3499999999999999223 ) ) ;
#4266 = DIRECTION ( 'NONE',  ( -0.000000000000000000, 0.000000000000000000, 1.000000000000000000 ) ) ;
#4267 = FACE_OUTER_BOUND ( 'NONE', #5041, .T. ) ;
#4268 = DIRECTION ( 'NONE',  ( -0.000000000000000000, -1.000000000000000000, 1.668003342285391551E-16 ) ) ;
#4269 = EDGE_LOOP ( 'NONE', ( #958, #273, #1405, #398 ) ) ;
#4270 = VECTOR ( 'NONE', #5371, 1000.000000000000000 ) ;
#4271 = CARTESIAN_POINT ( 'NONE',  ( 0.4633568989079006606, 1.699999999999997957, -0.3499999999999999778 ) ) ;
#4272 = MECHANICAL_DESIGN_GEOMETRIC_PRESENTATION_REPRESENTATION (  '', ( #2345 ), #240 ) ;
#4273 = CARTESIAN_POINT ( 'NONE',  ( 3.399267235522908326, 5.226749775238715756, -0.3500000000000000333 ) ) ;
#4274 = CARTESIAN_POINT ( 'NONE',  ( 4.080000000000000071, 1.800000000000000488, -0.3499999999999999778 ) ) ;
#4275 =( NAMED_UNIT ( * ) SI_UNIT ( $, .STERADIAN. ) SOLID_ANGLE_UNIT ( ) );
#4276 = DIRECTION ( 'NONE',  ( 1.000000000000000000, 1.121588454295349780E-16, -0.000000000000000000 ) ) ;
#4277 = AXIS2_PLACEMENT_3D ( 'NONE', #2387, #4595, #4217 ) ;
#4278 = EDGE_CURVE ( 'NONE', #3063, #3130, #2784, .T. ) ;
#4279 = DIRECTION ( 'NONE',  ( 0.000000000000000000, 0.000000000000000000, 1.000000000000000000 ) ) ;
#4280 = VERTEX_POINT ( 'NONE', #5567 ) ;
#4281 = ORIENTED_EDGE ( 'NONE', *, *, #1676, .T. ) ;
#4282 = SURFACE_STYLE_USAGE ( .BOTH. , #2504 ) ;
#4283 = LINE ( 'NONE', #2807, #1433 ) ;
#4284 = CARTESIAN_POINT ( 'NONE',  ( 1.540000000000000036, 6.500000000000000888, 0.3499999999999989231 ) ) ;
#4285 = EDGE_CURVE ( 'NONE', #514, #3504, #4920, .T. ) ;
#4286 = ORIENTED_EDGE ( 'NONE', *, *, #4531, .F. ) ;
#4287 = CARTESIAN_POINT ( 'NONE',  ( 1.540000000000000480, 1.800000000000000488, -0.3499999999999999778 ) ) ;
#4288 = LINE ( 'NONE', #4368, #3158 ) ;
#4289 = SURFACE_SIDE_STYLE ('',( #4225 ) ) ;
#4290 =( NAMED_UNIT ( * ) PLANE_ANGLE_UNIT ( ) SI_UNIT ( $, .RADIAN. ) );
#4291 = DIRECTION ( 'NONE',  ( 0.000000000000000000, 0.000000000000000000, 1.000000000000000000 ) ) ;
#4292 = ADVANCED_FACE ( 'NONE', ( #2321 ), #3295, .F. ) ;
#4293 = ORIENTED_EDGE ( 'NONE', *, *, #1669, .F. ) ;
#4294 =( NAMED_UNIT ( * ) SI_UNIT ( $, .STERADIAN. ) SOLID_ANGLE_UNIT ( ) );
#4295 = CARTESIAN_POINT ( 'NONE',  ( 5.680000000000000604, 6.299999999999999822, -0.3499999999999999778 ) ) ;
#4296 = CARTESIAN_POINT ( 'NONE',  ( 1.540000000000000036, 6.500000000000000888, -0.3500000000000010880 ) ) ;
#4297 = ORIENTED_EDGE ( 'NONE', *, *, #1595, .F. ) ;
#4298 = VECTOR ( 'NONE', #4425, 1000.000000000000000 ) ;
#4299 = DIRECTION ( 'NONE',  ( 0.000000000000000000, -1.000000000000000000, 1.668003342285391551E-16 ) ) ;
#4300 = CARTESIAN_POINT ( 'NONE',  ( 3.474825183200149326, 4.263498050148223584, -0.3499999999999998668 ) ) ;
#4302 = CARTESIAN_POINT ( 'NONE',  ( 2.539999999999998703, 1.700000000000000178, -0.3499999999999999778 ) ) ;
#4301 = AXIS2_PLACEMENT_3D ( 'NONE', #4331, #1016, #4208 ) ;
#4303 = PLANE ( 'NONE',  #2947 ) ;
#4304 = ORIENTED_EDGE ( 'NONE', *, *, #1297, .F. ) ;
#4305 = STYLED_ITEM ( 'NONE', ( #1260 ), #3632 ) ;
#4306 = ORIENTED_EDGE ( 'NONE', *, *, #2519, .F. ) ;
#4307 =( NAMED_UNIT ( * ) SI_UNIT ( $, .STERADIAN. ) SOLID_ANGLE_UNIT ( ) );
#4308 = CARTESIAN_POINT ( 'NONE',  ( 1.672165113299161510, 5.142569796484067091, -0.3499999999999999778 ) ) ;
#4309 = B_SPLINE_CURVE_WITH_KNOTS ( 'NONE', 3,
 ( #4013, #5913, #913, #3188, #887, #4048, #3121, #1402, #2737, #4553, #448, #1792, #4107, #3668, #3641, #5490, #3216, #389, #5031, #2679, #5941, #1375, #417, #2760, #2303, #825, #4580, #1311, #1823, #480, #1348 ),
 .UNSPECIFIED., .F., .F.,
 ( 4, 1, 1, 1, 1, 1, 1, 2, 2, 1, 1, 1, 1, 2, 2, 1, 1, 1, 1, 1, 2, 2, 4 ),
 ( 0.000000000000000000, 0.06250000000001501577, 0.09375000000002224609, 0.1093750000000261041, 0.1171875000000280054, 0.1210937500000289213, 0.1230468750000293515, 0.1240234375000297262, 0.1250000000000300870, 0.1875000000000285882, 0.2187500000000277833, 0.2343750000000273948, 0.2421875000000271450, 0.2460937500000272560, 0.2500000000000273670, 0.3750000000000259237, 0.4375000000000252021, 0.4687500000000245914, 0.4843750000000242584, 0.4921875000000241474, 0.4960937500000243139, 0.5000000000000244249, 1.000000000000000000 ),
 .UNSPECIFIED. ) ;
#4310 = SURFACE_STYLE_USAGE ( .BOTH. , #4809 ) ;
#4311 = ORIENTED_EDGE ( 'NONE', *, *, #777, .T. ) ;
#4312 = VECTOR ( 'NONE', #2405, 1000.000000000000000 ) ;
#4313 = SURFACE_STYLE_FILL_AREA ( #5170 ) ;
#4314 = CARTESIAN_POINT ( 'NONE',  ( -0.6867549326077613259, 8.000000000000000000, -0.6500000000000030198 ) ) ;
#4315 = DIRECTION ( 'NONE',  ( -0.000000000000000000, 0.000000000000000000, 1.000000000000000000 ) ) ;
#4316 = DIRECTION ( 'NONE',  ( 1.000000000000000000, 0.000000000000000000, 0.000000000000000000 ) ) ;
#4317 = ADVANCED_FACE ( 'NONE', ( #5507 ), #4628, .T. ) ;
#4318 = AXIS2_PLACEMENT_3D ( 'NONE', #4468, #2685, #4083 ) ;
#4319 = FACE_OUTER_BOUND ( 'NONE', #5628, .T. ) ;
#4320 = COLOUR_RGB ( '',0.8313725490196077761, 0.6705882352941175961, 0.1294117647058823373 ) ;
#4321 = ORIENTED_EDGE ( 'NONE', *, *, #97, .F. ) ;
#4322 = VECTOR ( 'NONE', #3507, 1000.000000000000114 ) ;
#4323 = MECHANICAL_DESIGN_GEOMETRIC_PRESENTATION_REPRESENTATION (  '', ( #3554 ), #3062 ) ;
#4324 = CARTESIAN_POINT ( 'NONE',  ( 1.540000000000000480, 1.800000000000000488, -0.1283333333333334936 ) ) ;
#4325 = EDGE_CURVE ( 'NONE', #1520, #2430, #468, .T. ) ;
#4326 = CARTESIAN_POINT ( 'NONE',  ( 5.863770569720395898, 5.796998266909026754, -0.3499999999999999778 ) ) ;
#4327 = LINE ( 'NONE', #2854, #2380 ) ;
#4328 = VECTOR ( 'NONE', #2197, 1000.000000000000000 ) ;
#4329 = ORIENTED_EDGE ( 'NONE', *, *, #3284, .F. ) ;
#4330 = UNCERTAINTY_MEASURE_WITH_UNIT (LENGTH_MEASURE( 1.000000000000000082E-05 ), #5219, 'distance_accuracy_value', 'NONE');
#4331 = CARTESIAN_POINT ( 'NONE',  ( -0.5218457338839801452, 5.626229152235333153, 0.000000000000000000 ) ) ;
#4332 = CARTESIAN_POINT ( 'NONE',  ( 5.405255819881805479, 5.589454083063163381, 0.3499999999999999778 ) ) ;
#4333 = LINE ( 'NONE', #5698, #5942 ) ;
#4334 = SURFACE_STYLE_FILL_AREA ( #3855 ) ;
#4335 = CARTESIAN_POINT ( 'NONE',  ( 4.080000000000000071, 0.5000000000000000000, -0.3500000000000000888 ) ) ;
#4336 = LINE ( 'NONE', #1920, #4526 ) ;
#4337 = ORIENTED_EDGE ( 'NONE', *, *, #2241, .T. ) ;
#4338 = DIRECTION ( 'NONE',  ( 0.000000000000000000, 0.000000000000000000, 1.000000000000000000 ) ) ;
#4339 = CARTESIAN_POINT ( 'NONE',  ( 1.752878007498405610, 5.777242093666543177, -0.3499999999999999778 ) ) ;
#4340 = DIRECTION ( 'NONE',  ( 0.000000000000000000, -1.000000000000000000, 4.336808689942017243E-16 ) ) ;
#4341 = EDGE_LOOP ( 'NONE', ( #5082, #1015, #5365, #4183 ) ) ;
#4342 = DIRECTION ( 'NONE',  ( 0.000000000000000000, 0.000000000000000000, -1.000000000000000000 ) ) ;
#4343 = CIRCLE ( 'NONE', #5289, 0.2000000000000000944 ) ;
#4344 = CARTESIAN_POINT ( 'NONE',  ( -0.3500000000000000333, 8.199999999999999289, 0.3499999999999999778 ) ) ;
#4345 = CARTESIAN_POINT ( 'NONE',  ( 0.8592672355229086234, 5.226749775238715756, -0.3500000000000001443 ) ) ;
#4346 = LINE ( 'NONE', #3948, #3411 ) ;
#4347 = ORIENTED_EDGE ( 'NONE', *, *, #1641, .F. ) ;
#4348 = ADVANCED_FACE ( 'NONE', ( #13 ), #3234, .F. ) ;
#4349 = CARTESIAN_POINT ( 'NONE',  ( -0.7837705697203889432, 5.796998266909027642, 0.3499999999999999778 ) ) ;
#4350 = DIRECTION ( 'NONE',  ( -0.000000000000000000, 1.000000000000000000, -0.000000000000000000 ) ) ;
#4351 = FACE_OUTER_BOUND ( 'NONE', #464, .T. ) ;
#4352 = ORIENTED_EDGE ( 'NONE', *, *, #3139, .T. ) ;
#4353 = EDGE_CURVE ( 'NONE', #3132, #4058, #2511, .T. ) ;
#4354 = CARTESIAN_POINT ( 'NONE',  ( -0.4633568989079023814, 1.700000000000002620, 0.3499999999999999778 ) ) ;
#4355 = CARTESIAN_POINT ( 'NONE',  ( 5.942626047459931726, 5.194217234910147418, 0.3499999999999999778 ) ) ;
#4356 = CLOSED_SHELL ( 'NONE', ( #3802, #248, #5245, #5325, #242, #502, #4403, #4140, #1806, #4719, #5189, #1972, #2857, #5181, #3979, #1162, #5154, #1191, #3850, #1714, #4749, #5699, #491 ) ) ;
#4357 = CARTESIAN_POINT ( 'NONE',  ( 3.003356898907900252, 1.699999999999997957, -0.3499999999999999778 ) ) ;
#4358 = PRESENTATION_STYLE_ASSIGNMENT (( #686 ) ) ;
#4359 = LINE ( 'NONE', #5702, #5915 ) ;
#4360 = EDGE_CURVE ( 'NONE', #1469, #1326, #251, .T. ) ;
#4361 = ORIENTED_EDGE ( 'NONE', *, *, #2219, .F. ) ;
#4362 = CARTESIAN_POINT ( 'NONE',  ( 1.540000000000000036, 6.500000000000000888, -0.3500000000000010880 ) ) ;
#4363 = PRESENTATION_STYLE_ASSIGNMENT (( #968 ) ) ;
#4364 = CARTESIAN_POINT ( 'NONE',  ( 3.039999999999998259, 6.299999999999999822, -0.3499999999999999778 ) ) ;
#4365 = ORIENTED_EDGE ( 'NONE', *, *, #917, .T. ) ;
#4366 = CARTESIAN_POINT ( 'NONE',  ( -1.469999999999999973, 8.500000000000000000, -1.199999999999999956 ) ) ;
#4367 =( NAMED_UNIT ( * ) PLANE_ANGLE_UNIT ( ) SI_UNIT ( $, .RADIAN. ) );
#4368 = CARTESIAN_POINT ( 'NONE',  ( 6.549999999999999822, 0.5000000000000002220, 0.6500000000000010214 ) ) ;
#4369 = CARTESIAN_POINT ( 'NONE',  ( 0.9435678341141576775, 4.104507585657627189, -0.3500000000000000333 ) ) ;
#4370 = CARTESIAN_POINT ( 'NONE',  ( 3.061845733883979737, 5.626229152235330488, 0.3499999999999999778 ) ) ;
#4371 = ORIENTED_EDGE ( 'NONE', *, *, #383, .T. ) ;
#4372 = DIRECTION ( 'NONE',  ( 0.000000000000000000, 0.000000000000000000, -1.000000000000000000 ) ) ;
#4373 = LINE ( 'NONE', #5780, #921 ) ;
#4374 = EDGE_CURVE ( 'NONE', #2637, #1772, #3864, .T. ) ;
#4375 = ORIENTED_EDGE ( 'NONE', *, *, #3809, .F. ) ;
#4376 = CARTESIAN_POINT ( 'NONE',  ( 5.929183477980651595, 5.324198710742059859, 0.3500000000000000333 ) ) ;
#4377 =( NAMED_UNIT ( * ) SI_UNIT ( $, .STERADIAN. ) SOLID_ANGLE_UNIT ( ) );
#4378 = CARTESIAN_POINT ( 'NONE',  ( 6.080000000000000071, 1.800000000000000488, 0.3849999999999998979 ) ) ;
#4379 = AXIS2_PLACEMENT_3D ( 'NONE', #3307, #5124, #2522 ) ;
#4380 = ORIENTED_EDGE ( 'NONE', *, *, #2699, .T. ) ;
#4381 = CARTESIAN_POINT ( 'NONE',  ( 0.9460868014086034616, 4.056300144720193401, 0.3499999999999999778 ) ) ;
#4382 = VECTOR ( 'NONE', #1524, 1000.000000000000000 ) ;
#4383 = ADVANCED_FACE ( 'NONE', ( #2480 ), #3475, .F. ) ;
#4384 = FILL_AREA_STYLE ('',( #2958 ) ) ;
#4385 = CARTESIAN_POINT ( 'NONE',  ( 5.579999999999999183, 6.299999999999999822, -0.3499999999999999778 ) ) ;
#4386 = ORIENTED_EDGE ( 'NONE', *, *, #2550, .F. ) ;
#4387 = SURFACE_STYLE_FILL_AREA ( #4834 ) ;
#4388 = DIRECTION ( 'NONE',  ( 1.000000000000000000, -0.000000000000000000, 0.000000000000000000 ) ) ;
#4389 = ORIENTED_EDGE ( 'NONE', *, *, #2683, .T. ) ;
#4390 = SURFACE_STYLE_FILL_AREA ( #724 ) ;
#4391 = LINE ( 'NONE', #3895, #3024 ) ;
#4392 =( GEOMETRIC_REPRESENTATION_CONTEXT ( 3 ) GLOBAL_UNCERTAINTY_ASSIGNED_CONTEXT ( ( #3513 ) ) GLOBAL_UNIT_ASSIGNED_CONTEXT ( ( #2412, #1050, #5159 ) ) REPRESENTATION_CONTEXT ( 'NONE', 'WORKASPACE' ) );
#4393 = ORIENTED_EDGE ( 'NONE', *, *, #4845, .F. ) ;
#4394 = DIRECTION ( 'NONE',  ( 0.000000000000000000, 0.000000000000000000, 1.000000000000000000 ) ) ;
#4395 = DIRECTION ( 'NONE',  ( 0.000000000000000000, 0.000000000000000000, -1.000000000000000000 ) ) ;
#4396 = VECTOR ( 'NONE', #4528, 1000.000000000000000 ) ;
#4397 = ORIENTED_EDGE ( 'NONE', *, *, #1482, .T. ) ;
#4398 = CARTESIAN_POINT ( 'NONE',  ( 6.549999999999999822, 0.000000000000000000, -0.6499999999999991340 ) ) ;
#4399 = VECTOR ( 'NONE', #4969, 1000.000000000000000 ) ;
#4400 = CARTESIAN_POINT ( 'NONE',  ( 5.944197381770399247, 5.178803639424135241, 0.3500000000000000333 ) ) ;
#4401 = SURFACE_STYLE_USAGE ( .BOTH. , #2554 ) ;
#4402 = CARTESIAN_POINT ( 'NONE',  ( 0.000000000000000000, 8.000000000000000000, 0.000000000000000000 ) ) ;
#4403 = ADVANCED_FACE ( 'NONE', ( #4781 ), #2904, .F. ) ;
#4404 = UNCERTAINTY_MEASURE_WITH_UNIT (LENGTH_MEASURE( 1.000000000000000082E-05 ), #2039, 'distance_accuracy_value', 'NONE');
#4405 = ORIENTED_EDGE ( 'NONE', *, *, #5076, .F. ) ;
#4406 = DIRECTION ( 'NONE',  ( 0.000000000000000000, 0.000000000000000000, 1.000000000000000000 ) ) ;
#4407 = DIRECTION ( 'NONE',  ( -1.000000000000000000, -0.000000000000000000, -0.000000000000000000 ) ) ;
#4408 = PRESENTATION_STYLE_ASSIGNMENT (( #5857 ) ) ;
#4409 = CARTESIAN_POINT ( 'NONE',  ( 3.039999999999998259, 6.299999999999999822, 0.3499999999999999778 ) ) ;
#4410 = FILL_AREA_STYLE ('',( #3412 ) ) ;
#4411 = ORIENTED_EDGE ( 'NONE', *, *, #5037, .F. ) ;
#4412 = EDGE_CURVE ( 'NONE', #1905, #2594, #4727, .T. ) ;
#4413 = DIRECTION ( 'NONE',  ( 1.000000000000000000, 0.000000000000000000, 0.000000000000000000 ) ) ;
#4414 = VERTEX_POINT ( 'NONE', #4287 ) ;
#4415 = CARTESIAN_POINT ( 'NONE',  ( 3.061845733883979737, 5.626229152235330488, -0.3499999999999999778 ) ) ;
#4416 = ORIENTED_EDGE ( 'NONE', *, *, #3361, .F. ) ;
#4417 = CARTESIAN_POINT ( 'NONE',  ( 0.7350420104460861914, 6.043840788194751568, -0.3499999999999999223 ) ) ;
#4418 = LINE ( 'NONE', #672, #4741 ) ;
#4419 = ORIENTED_EDGE ( 'NONE', *, *, #5305, .F. ) ;
#4420 = ADVANCED_FACE ( 'NONE', ( #2075 ), #4812, .F. ) ;
#4421 = MECHANICAL_DESIGN_GEOMETRIC_PRESENTATION_REPRESENTATION (  '', ( #2905 ), #4519 ) ;
#4422 = VECTOR ( 'NONE', #995, 1000.000000000000114 ) ;
#4423 = SURFACE_SIDE_STYLE ('',( #5719 ) ) ;
#4424 = CARTESIAN_POINT ( 'NONE',  ( 0.4481930454221421667, 5.884855341312110077, 0.3499999999999999778 ) ) ;
#4425 = DIRECTION ( 'NONE',  ( -0.000000000000000000, -1.000000000000000000, 1.668003342285392044E-16 ) ) ;
#4426 = VECTOR ( 'NONE', #3286, 1000.000000000000000 ) ;
#4427 = VERTEX_POINT ( 'NONE', #5737 ) ;
#4428 = PRESENTATION_LAYER_ASSIGNMENT (  '', '', ( #3097 ) ) ;
#4429 = ORIENTED_EDGE ( 'NONE', *, *, #450, .T. ) ;
#4430 = CARTESIAN_POINT ( 'NONE',  ( 0.6454664785273048766, 3.877691542223585142, -0.3500000000000000333 ) ) ;
#4431 = FILL_AREA_STYLE ('',( #765 ) ) ;
#4432 = DIRECTION ( 'NONE',  ( -1.000000000000000000, 0.000000000000000000, 0.000000000000000000 ) ) ;
#4433 = DIRECTION ( 'NONE',  ( 0.000000000000000000, -1.000000000000000000, 0.000000000000000000 ) ) ;
#4434 = VECTOR ( 'NONE', #1086, 1000.000000000000000 ) ;
#4435 = ORIENTED_EDGE ( 'NONE', *, *, #2006, .T. ) ;
#4436 = LINE ( 'NONE', #2184, #5595 ) ;
#4437 = CARTESIAN_POINT ( 'NONE',  ( 4.380000000000000782, 0.8000000000000004885, -0.3499999999999999778 ) ) ;
#4438 = SURFACE_SIDE_STYLE ('',( #3497 ) ) ;
#4439 = LINE ( 'NONE', #2625, #2277 ) ;
#4440 = EDGE_CURVE ( 'NONE', #5733, #2722, #277, .T. ) ;
#4441 = ORIENTED_EDGE ( 'NONE', *, *, #1663, .F. ) ;
#4442 = CARTESIAN_POINT ( 'NONE',  ( -0.6867549326077613259, 8.000000000000000000, 0.6500000000000000222 ) ) ;
#4443 = ORIENTED_EDGE ( 'NONE', *, *, #4017, .F. ) ;
#4444 = CARTESIAN_POINT ( 'NONE',  ( 2.190000000000000835, 0.5000000000000005551, 0.3499999999999999778 ) ) ;
#4445 = VERTEX_POINT ( 'NONE', #3385 ) ;
#4446 = CARTESIAN_POINT ( 'NONE',  ( 0.000000000000000000, 6.500000000000000888, -1.155688030012021264E-15 ) ) ;
#4447 = VECTOR ( 'NONE', #3998, 1000.000000000000000 ) ;
#4448 = CARTESIAN_POINT ( 'NONE',  ( -0.6999999999999995115, 0.8000000000000004885, 0.3499999999999999778 ) ) ;
#4449 = CARTESIAN_POINT ( 'NONE',  ( 2.539999999999998703, 1.700000000000000178, 0.3499999999999999778 ) ) ;
#4450 = EDGE_CURVE ( 'NONE', #2594, #731, #4835, .T. ) ;
#4451 = VECTOR ( 'NONE', #1543, 1000.000000000000000 ) ;
#4452 = VERTEX_POINT ( 'NONE', #166 ) ;
#4453 = VECTOR ( 'NONE', #2900, 1000.000000000000000 ) ;
#4454 = LINE ( 'NONE', #4036, #121 ) ;
#4455 = UNCERTAINTY_MEASURE_WITH_UNIT (LENGTH_MEASURE( 1.000000000000000082E-05 ), #5229, 'distance_accuracy_value', 'NONE');
#4456 = DIRECTION ( 'NONE',  ( 0.000000000000000000, 0.000000000000000000, -1.000000000000000000 ) ) ;
#4457 = DIRECTION ( 'NONE',  ( -0.000000000000000000, -0.000000000000000000, -1.000000000000000000 ) ) ;
#4458 =( NAMED_UNIT ( * ) SI_UNIT ( $, .STERADIAN. ) SOLID_ANGLE_UNIT ( ) );
#4459 = CARTESIAN_POINT ( 'NONE',  ( 4.131102897648887939, 4.001162287970069897, -0.3499999999999999223 ) ) ;
#4460 = CARTESIAN_POINT ( 'NONE',  ( 0.000000000000000000, 8.000000000000000000, 0.000000000000000000 ) ) ;
#4461 = EDGE_CURVE ( 'NONE', #1233, #2214, #1095, .T. ) ;
#4462 = ORIENTED_EDGE ( 'NONE', *, *, #889, .F. ) ;
#4463 = EDGE_LOOP ( 'NONE', ( #1349, #3627, #460, #5278 ) ) ;
#4464 = LINE ( 'NONE', #683, #894 ) ;
#4465 = FACE_BOUND ( 'NONE', #3358, .T. ) ;
#4466 = ORIENTED_EDGE ( 'NONE', *, *, #5805, .F. ) ;
#4467 = DIRECTION ( 'NONE',  ( -0.000000000000000000, 0.000000000000000000, 1.000000000000000000 ) ) ;
#4468 = CARTESIAN_POINT ( 'NONE',  ( 4.558154266116019926, 5.626229152235333153, -0.3499999999999999778 ) ) ;
#4469 = LINE ( 'NONE', #5408, #1550 ) ;
#4470 = CARTESIAN_POINT ( 'NONE',  ( 2.540000000000000036, 6.299999999999999822, 0.3499999999999999778 ) ) ;
#4471 =( LENGTH_UNIT ( ) NAMED_UNIT ( * ) SI_UNIT ( .MILLI., .METRE. ) );
#4472 = ORIENTED_EDGE ( 'NONE', *, *, #163, .T. ) ;
#4473 = DIRECTION ( 'NONE',  ( 0.000000000000000000, 0.000000000000000000, -1.000000000000000000 ) ) ;
#4474 = ORIENTED_EDGE ( 'NONE', *, *, #4412, .F. ) ;
#4475 = VERTEX_POINT ( 'NONE', #4314 ) ;
#4476 = CARTESIAN_POINT ( 'NONE',  ( -0.9999999999999995559, 1.800000000000000488, 0.3499999999999999778 ) ) ;
#4477 = CARTESIAN_POINT ( 'NONE',  ( 6.080000000000000959, 1.121588454295350273E-16, -0.3499999999999999778 ) ) ;
#4478 = VECTOR ( 'NONE', #3305, 1000.000000000000000 ) ;
#4479 = DIRECTION ( 'NONE',  ( 0.000000000000000000, 0.000000000000000000, -1.000000000000000000 ) ) ;
#4480 = VECTOR ( 'NONE', #3208, 1000.000000000000000 ) ;
#4481 = ORIENTED_EDGE ( 'NONE', *, *, #245, .T. ) ;
#4482 = CARTESIAN_POINT ( 'NONE',  ( -0.8578385625839258788, 5.240363704784013699, 0.3500000000000000333 ) ) ;
#4483 = EDGE_CURVE ( 'NONE', #1383, #2756, #196, .T. ) ;
#4484 = PLANE ( 'NONE',  #4116 ) ;
#4485 = CARTESIAN_POINT ( 'NONE',  ( 6.024695486956169077, 4.083092593512565927, -0.3500000000000000888 ) ) ;
#4486 = CARTESIAN_POINT ( 'NONE',  ( 3.003356898907901140, 1.699999999999999067, -0.3500000000000000888 ) ) ;
#4487 = ORIENTED_EDGE ( 'NONE', *, *, #385, .T. ) ;
#4488 = VERTEX_POINT ( 'NONE', #2657 ) ;
#4489 = VECTOR ( 'NONE', #469, 1000.000000000000000 ) ;
#4490 = STYLED_ITEM ( 'NONE', ( #3738 ), #3485 ) ;
#4491 = ADVANCED_FACE ( 'NONE', ( #305 ), #515, .F. ) ;
#4492 = DIRECTION ( 'NONE',  ( -1.121588454295349780E-16, 1.000000000000000000, 0.000000000000000000 ) ) ;
#4493 =( NAMED_UNIT ( * ) PLANE_ANGLE_UNIT ( ) SI_UNIT ( $, .RADIAN. ) );
#4494 = SURFACE_STYLE_USAGE ( .BOTH. , #1848 ) ;
#4495 = MECHANICAL_DESIGN_GEOMETRIC_PRESENTATION_REPRESENTATION (  '', ( #1529 ), #5644 ) ;
#4496 = CARTESIAN_POINT ( 'NONE',  ( -0.3500000000000000333, 8.199999999999999289, 0.3499999999999999778 ) ) ;
#4497 = PRESENTATION_LAYER_ASSIGNMENT (  '', '', ( #2004 ) ) ;
#4498 = EDGE_CURVE ( 'NONE', #4119, #2396, #1266, .T. ) ;
#4499 = MECHANICAL_DESIGN_GEOMETRIC_PRESENTATION_REPRESENTATION (  '', ( #575 ), #99 ) ;
#4500 = ORIENTED_EDGE ( 'NONE', *, *, #2808, .F. ) ;
#4501 = CARTESIAN_POINT ( 'NONE',  ( 3.323770569720394530, 5.796998266909027642, -0.3499999999999999778 ) ) ;
#4502 = CARTESIAN_POINT ( 'NONE',  ( 3.409615242270664925, 8.500000000000000000, -0.8696152422706646679 ) ) ;
#4503 = FILL_AREA_STYLE ('',( #4889 ) ) ;
#4504 = CARTESIAN_POINT ( 'NONE',  ( -0.1499999999999994393, -3.000000000000000000, 0.3499999999999999778 ) ) ;
#4505 = ORIENTED_EDGE ( 'NONE', *, *, #767, .F. ) ;
#4506 = ORIENTED_EDGE ( 'NONE', *, *, #2286, .F. ) ;
#4507 = ORIENTED_EDGE ( 'NONE', *, *, #806, .T. ) ;
#4508 = CARTESIAN_POINT ( 'NONE',  ( 0.4999999999999985012, 6.299999999999999822, -0.3499999999999999778 ) ) ;
#4509 =( NAMED_UNIT ( * ) SI_UNIT ( $, .STERADIAN. ) SOLID_ANGLE_UNIT ( ) );
#4510 = ORIENTED_EDGE ( 'NONE', *, *, #3212, .T. ) ;
#4511 = DIRECTION ( 'NONE',  ( -0.000000000000000000, -0.000000000000000000, -1.000000000000000000 ) ) ;
#4512 = PLANE ( 'NONE',  #3151 ) ;
#4513 = FILL_AREA_STYLE_COLOUR ( '', #4615 ) ;
#4514 = SURFACE_SIDE_STYLE ('',( #17 ) ) ;
#4515 = CARTESIAN_POINT ( 'NONE',  ( 0.6867549326077613259, 6.500000000000000888, -0.6500000000000017986 ) ) ;
#4516 = LINE ( 'NONE', #5936, #897 ) ;
#4517 = EDGE_CURVE ( 'NONE', #4756, #1145, #839, .T. ) ;
#4518 = ORIENTED_EDGE ( 'NONE', *, *, #60, .F. ) ;
#4519 =( GEOMETRIC_REPRESENTATION_CONTEXT ( 3 ) GLOBAL_UNCERTAINTY_ASSIGNED_CONTEXT ( ( #1457 ) ) GLOBAL_UNIT_ASSIGNED_CONTEXT ( ( #114, #1428, #5177 ) ) REPRESENTATION_CONTEXT ( 'NONE', 'WORKASPACE' ) );
#4520 = VECTOR ( 'NONE', #4536, 1000.000000000000000 ) ;
#4521 = ORIENTED_EDGE ( 'NONE', *, *, #3692, .F. ) ;
#4522 = FILL_AREA_STYLE ('',( #2759 ) ) ;
#4523 = AXIS2_PLACEMENT_3D ( 'NONE', #1866, #1808, #3657 ) ;
#4524 = FILL_AREA_STYLE ('',( #858 ) ) ;
#4525 = ADVANCED_FACE ( 'NONE', ( #2130 ), #1325, .F. ) ;
#4526 = VECTOR ( 'NONE', #4279, 1000.000000000000000 ) ;
#4527 = ORIENTED_EDGE ( 'NONE', *, *, #534, .F. ) ;
#4528 = DIRECTION ( 'NONE',  ( 1.000000000000000000, 0.000000000000000000, 0.000000000000000000 ) ) ;
#4529 =( LENGTH_UNIT ( ) NAMED_UNIT ( * ) SI_UNIT ( .MILLI., .METRE. ) );
#4530 = SURFACE_SIDE_STYLE ('',( #5409 ) ) ;
#4531 = EDGE_CURVE ( 'NONE', #2881, #4206, #5443, .T. ) ;
#4532 = ORIENTED_EDGE ( 'NONE', *, *, #1130, .F. ) ;
#4533 =( NAMED_UNIT ( * ) SI_UNIT ( $, .STERADIAN. ) SOLID_ANGLE_UNIT ( ) );
#4534 = VERTEX_POINT ( 'NONE', #3170 ) ;
#4535 = ORIENTED_EDGE ( 'NONE', *, *, #2071, .T. ) ;
#4536 = DIRECTION ( 'NONE',  ( -0.000000000000000000, -0.000000000000000000, -1.000000000000000000 ) ) ;
#4537 =( BOUNDED_CURVE ( )  B_SPLINE_CURVE ( 3, ( #2999, #4424, #3515, #206 ),
 .UNSPECIFIED., .F., .F. ) 
 B_SPLINE_CURVE_WITH_KNOTS ( ( 4, 4 ),
 ( 3.924083526751089845, 4.712388980384689674 ),
 .UNSPECIFIED. ) 
 CURVE ( )  GEOMETRIC_REPRESENTATION_ITEM ( )  RATIONAL_B_SPLINE_CURVE ( ( 1.000000000000000000, 0.9488815137910379116, 0.9488815137910379116, 1.000000000000000000 ) ) 
 REPRESENTATION_ITEM ( '' )  );
#4538 =( LENGTH_UNIT ( ) NAMED_UNIT ( * ) SI_UNIT ( .MILLI., .METRE. ) );
#4539 = CARTESIAN_POINT ( 'NONE',  ( 5.080000000000000071, 0.5000000000000005551, 0.3499999999999999778 ) ) ;
#4540 = EDGE_CURVE ( 'NONE', #928, #2571, #4221, .T. ) ;
#4541 = VECTOR ( 'NONE', #5093, 1000.000000000000000 ) ;
#4542 = ORIENTED_EDGE ( 'NONE', *, *, #1700, .F. ) ;
#4543 = CARTESIAN_POINT ( 'NONE',  ( 5.430000000000000604, 1.084202172485506745E-17, 0.3499999999999999778 ) ) ;
#4544 = CARTESIAN_POINT ( 'NONE',  ( 2.861845733883979559, 5.626229152235330488, 0.000000000000000000 ) ) ;
#4545 = PRESENTATION_STYLE_ASSIGNMENT (( #2291 ) ) ;
#4546 = CARTESIAN_POINT ( 'NONE',  ( 5.080000000000000071, 6.500000000000000888, -1.155688030012021264E-15 ) ) ;
#4547 = DIRECTION ( 'NONE',  ( 0.000000000000000000, 1.000000000000000000, -3.097720492815727166E-16 ) ) ;
#4548 = VECTOR ( 'NONE', #1992, 1000.000000000000000 ) ;
#4549 = ORIENTED_EDGE ( 'NONE', *, *, #1223, .F. ) ;
#4550 = VERTEX_POINT ( 'NONE', #4894 ) ;
#4551 = SURFACE_SIDE_STYLE ('',( #2240 ) ) ;
#4552 = LINE ( 'NONE', #353, #5584 ) ;
#4553 = CARTESIAN_POINT ( 'NONE',  ( 4.293947113514015257, 5.783587059575308054, 0.3499999999999999778 ) ) ;
#4554 = CARTESIAN_POINT ( 'NONE',  ( 5.080000000000000071, 6.500000000000000888, -1.155688030012021264E-15 ) ) ;
#4555 = ORIENTED_EDGE ( 'NONE', *, *, #456, .F. ) ;
#4556 = EDGE_CURVE ( 'NONE', #4262, #2064, #3366, .T. ) ;
#4557 = DIRECTION ( 'NONE',  ( 1.084202172485504434E-16, -1.000000000000000000, 0.000000000000000000 ) ) ;
#4558 = CARTESIAN_POINT ( 'NONE',  ( 5.725466478527304837, 3.877691542223584698, 0.3499999999999999778 ) ) ;
#4559 = PLANE ( 'NONE',  #4587 ) ;
#4560 = CARTESIAN_POINT ( 'NONE',  ( 6.080000000000000071, 6.500000000000000888, -0.3500000000000010880 ) ) ;
#4561 = ORIENTED_EDGE ( 'NONE', *, *, #4967, .F. ) ;
#4562 = ADVANCED_FACE ( 'NONE', ( #1292 ), #5349, .T. ) ;
#4563 = ORIENTED_EDGE ( 'NONE', *, *, #5662, .F. ) ;
#4564 = FACE_OUTER_BOUND ( 'NONE', #891, .T. ) ;
#4565 = CARTESIAN_POINT ( 'NONE',  ( 1.720714092337829015, 5.570187327444797276, 0.3499999999999999778 ) ) ;
#4566 = ORIENTED_EDGE ( 'NONE', *, *, #4461, .T. ) ;
#4567 = DIRECTION ( 'NONE',  ( -0.000000000000000000, -0.000000000000000000, -1.000000000000000000 ) ) ;
#4568 =( LENGTH_UNIT ( ) NAMED_UNIT ( * ) SI_UNIT ( .MILLI., .METRE. ) );
#4569 = CARTESIAN_POINT ( 'NONE',  ( 4.080000000000000071, 1.800000000000000488, -0.3499999999999999778 ) ) ;
#4570 = CARTESIAN_POINT ( 'NONE',  ( 3.540000000000000480, 1.121588454295350273E-16, -0.3499999999999999778 ) ) ;
#4571 = CARTESIAN_POINT ( 'NONE',  ( 3.140000000000000568, 6.299999999999999822, -0.1283333333333334936 ) ) ;
#4572 = VECTOR ( 'NONE', #2488, 1000.000000000000000 ) ;
#4573 = PLANE ( 'NONE',  #2494 ) ;
#4574 = CARTESIAN_POINT ( 'NONE',  ( 2.214744180118195516, 5.589454083063166046, -0.3499999999999999778 ) ) ;
#4575 = ORIENTED_EDGE ( 'NONE', *, *, #5512, .F. ) ;
#4576 = ORIENTED_EDGE ( 'NONE', *, *, #466, .T. ) ;
#4577 = AXIS2_PLACEMENT_3D ( 'NONE', #3012, #5650, #5195 ) ;
#4578 = PRESENTATION_STYLE_ASSIGNMENT (( #4105 ) ) ;
#4579 = SURFACE_STYLE_FILL_AREA ( #4522 ) ;
#4580 = CARTESIAN_POINT ( 'NONE',  ( 4.135723020487988677, 4.091073788932124700, 0.3500000000000000333 ) ) ;
#4581 = CARTESIAN_POINT ( 'NONE',  ( 0.4999999999999985012, 6.299999999999999822, 0.3499999999999999778 ) ) ;
#4582 = ORIENTED_EDGE ( 'NONE', *, *, #195, .T. ) ;
#4583 = AXIS2_PLACEMENT_3D ( 'NONE', #662, #5820, #4916 ) ;
#4584 = FILL_AREA_STYLE ('',( #5496 ) ) ;
#4585 = MECHANICAL_DESIGN_GEOMETRIC_PRESENTATION_REPRESENTATION (  '', ( #4490 ), #1519 ) ;
#4586 = CARTESIAN_POINT ( 'NONE',  ( 2.190000000000000835, 0.5000000000000005551, 0.3499999999999999778 ) ) ;
#4587 = AXIS2_PLACEMENT_3D ( 'NONE', #1798, #4180, #64 ) ;
#4588 = ADVANCED_FACE ( 'NONE', ( #2439 ), #4770, .F. ) ;
#4589 = AXIS2_PLACEMENT_3D ( 'NONE', #1762, #4943, #3613 ) ;
#4590 = CARTESIAN_POINT ( 'NONE',  ( 3.540000000000000480, 1.800000000000000488, 0.3499999999999999778 ) ) ;
#4591 = ORIENTED_EDGE ( 'NONE', *, *, #4667, .T. ) ;
#4592 = ORIENTED_EDGE ( 'NONE', *, *, #4017, .T. ) ;
#4593 = FACE_OUTER_BOUND ( 'NONE', #304, .T. ) ;
#4594 = SURFACE_STYLE_FILL_AREA ( #997 ) ;
#4595 = DIRECTION ( 'NONE',  ( 0.000000000000000000, 0.000000000000000000, -1.000000000000000000 ) ) ;
#4596 = EDGE_CURVE ( 'NONE', #2175, #4762, #654, .T. ) ;
#4597 = ORIENTED_EDGE ( 'NONE', *, *, #4360, .F. ) ;
#4598 = CARTESIAN_POINT ( 'NONE',  ( -0.8696152422706646679, 8.500000000000000000, 0.000000000000000000 ) ) ;
#4599 = SURFACE_STYLE_USAGE ( .BOTH. , #2356 ) ;
#4600 = LINE ( 'NONE', #76, #3453 ) ;
#4601 = PRESENTATION_STYLE_ASSIGNMENT (( #936 ) ) ;
#4602 = DIRECTION ( 'NONE',  ( -0.6546536707079768647, 0.3779644730092280858, -0.6546536707079769757 ) ) ;
#4603 = EDGE_CURVE ( 'NONE', #526, #5075, #2005, .T. ) ;
#4604 = ORIENTED_EDGE ( 'NONE', *, *, #2108, .F. ) ;
#4605 = ORIENTED_EDGE ( 'NONE', *, *, #5479, .F. ) ;
#4606 = LINE ( 'NONE', #1668, #1410 ) ;
#4607 = VECTOR ( 'NONE', #3780, 1000.000000000000000 ) ;
#4608 = AXIS2_PLACEMENT_3D ( 'NONE', #5535, #2456, #1062 ) ;
#4609 = DIRECTION ( 'NONE',  ( -0.7071067811865489050, 0.7071067811865460184, -0.000000000000000000 ) ) ;
#4610 = SURFACE_SIDE_STYLE ('',( #1320 ) ) ;
#4611 = EDGE_CURVE ( 'NONE', #2159, #3202, #2413, .T. ) ;
#4612 = VECTOR ( 'NONE', #2125, 1000.000000000000000 ) ;
#4613 = VECTOR ( 'NONE', #3141, 1000.000000000000000 ) ;
#4614 = ORIENTED_EDGE ( 'NONE', *, *, #3666, .T. ) ;
#4615 = COLOUR_RGB ( '',0.8313725490196077761, 0.6705882352941175961, 0.1294117647058823373 ) ;
#4616 =( NAMED_UNIT ( * ) SI_UNIT ( $, .STERADIAN. ) SOLID_ANGLE_UNIT ( ) );
#4617 = CARTESIAN_POINT ( 'NONE',  ( 1.000000000000000000, 6.500000000000000888, 0.3499999999999989231 ) ) ;
#4618 = LINE ( 'NONE', #988, #5944 ) ;
#4619 = CYLINDRICAL_SURFACE ( 'NONE', #2577, 0.1999999999999996503 ) ;
#4620 =( GEOMETRIC_REPRESENTATION_CONTEXT ( 3 ) GLOBAL_UNCERTAINTY_ASSIGNED_CONTEXT ( ( #787 ) ) GLOBAL_UNIT_ASSIGNED_CONTEXT ( ( #5048, #4223, #934 ) ) REPRESENTATION_CONTEXT ( 'NONE', 'WORKASPACE' ) );
#4621 = ORIENTED_EDGE ( 'NONE', *, *, #4205, .F. ) ;
#4622 = ORIENTED_EDGE ( 'NONE', *, *, #767, .T. ) ;
#4623 = CARTESIAN_POINT ( 'NONE',  ( 4.080000000000000071, 0.5000000000000000000, -0.3500000000000000888 ) ) ;
#4624 = CARTESIAN_POINT ( 'NONE',  ( 2.040000000000001812, 6.084152315493286167, -0.3499999999999999223 ) ) ;
#4625 = CARTESIAN_POINT ( 'NONE',  ( 0.5218457338839795900, 5.626229152235330488, 0.3499999999999999778 ) ) ;
#4626 = VERTEX_POINT ( 'NONE', #3398 ) ;
#4627 = CARTESIAN_POINT ( 'NONE',  ( 4.729999999999999538, 8.000000000000000000, -0.3499999999999999778 ) ) ;
#4628 = PLANE ( 'NONE',  #1367 ) ;
#4629 = VECTOR ( 'NONE', #5917, 1000.000000000000000 ) ;
#4630 =( LENGTH_UNIT ( ) NAMED_UNIT ( * ) SI_UNIT ( .MILLI., .METRE. ) );
#4631 = ADVANCED_FACE ( 'NONE', ( #601 ), #3760, .F. ) ;
#4632 = ADVANCED_FACE ( 'NONE', ( #1436 ), #3279, .F. ) ;
#4633 = LINE ( 'NONE', #584, #4235 ) ;
#4634 = SURFACE_STYLE_USAGE ( .BOTH. , #2877 ) ;
#4635 = CARTESIAN_POINT ( 'NONE',  ( 6.549999999999999822, 0.5000000000000000000, -0.6499999999999989120 ) ) ;
#4636 = PRESENTATION_LAYER_ASSIGNMENT (  '', '', ( #4066 ) ) ;
#4637 = UNCERTAINTY_MEASURE_WITH_UNIT (LENGTH_MEASURE( 1.000000000000000082E-05 ), #5751, 'distance_accuracy_value', 'NONE');
#4638 = ORIENTED_EDGE ( 'NONE', *, *, #2099, .F. ) ;
#4639 = EDGE_LOOP ( 'NONE', ( #835, #1852, #5738, #3555 ) ) ;
#4640 = UNCERTAINTY_MEASURE_WITH_UNIT (LENGTH_MEASURE( 1.000000000000000082E-05 ), #1545, 'distance_accuracy_value', 'NONE');
#4641 = UNCERTAINTY_MEASURE_WITH_UNIT (LENGTH_MEASURE( 1.000000000000000082E-05 ), #1340, 'distance_accuracy_value', 'NONE');
#4642 = CARTESIAN_POINT ( 'NONE',  ( 2.890000000000000124, 8.199999999999999289, 0.3499999999999999778 ) ) ;
#4643 = EDGE_CURVE ( 'NONE', #1065, #4052, #5183, .T. ) ;
#4644 = CARTESIAN_POINT ( 'NONE',  ( 5.430000000000000604, -2.800000000000001155, 0.3499999999999999778 ) ) ;
#4645 = CARTESIAN_POINT ( 'NONE',  ( 6.549999999999999822, 0.5000000000000000000, -0.6499999999999989120 ) ) ;
#4646 = DIRECTION ( 'NONE',  ( 0.000000000000000000, 1.000000000000000000, -3.097720492815727166E-16 ) ) ;
#4647 = FACE_OUTER_BOUND ( 'NONE', #3576, .T. ) ;
#4648 = ORIENTED_EDGE ( 'NONE', *, *, #2605, .F. ) ;
#4649 = ORIENTED_EDGE ( 'NONE', *, *, #2707, .F. ) ;
#4650 = CARTESIAN_POINT ( 'NONE',  ( -0.8888495460509765467, 4.917640708295714980, -0.3499999999999999223 ) ) ;
#4651 = CARTESIAN_POINT ( 'NONE',  ( -0.5218457338839801452, 5.626229152235333153, -0.3499999999999999778 ) ) ;
#4652 = DIRECTION ( 'NONE',  ( 0.7071067811865474617, 0.7071067811865474617, -0.000000000000000000 ) ) ;
#4653 = FILL_AREA_STYLE_COLOUR ( '', #932 ) ;
#4654 = LINE ( 'NONE', #2444, #4426 ) ;
#4655 = VERTEX_POINT ( 'NONE', #2948 ) ;
#4656 = ORIENTED_EDGE ( 'NONE', *, *, #5488, .T. ) ;
#4657 = DIRECTION ( 'NONE',  ( -1.000000000000000000, 0.000000000000000000, -0.000000000000000000 ) ) ;
#4658 = CARTESIAN_POINT ( 'NONE',  ( 0.3252558198818050750, 5.589454083063163381, 0.3499999999999999778 ) ) ;
#4659 = CARTESIAN_POINT ( 'NONE',  ( 5.579999999999999183, 6.299999999999999822, -0.3499999999999999778 ) ) ;
#4660 = ORIENTED_EDGE ( 'NONE', *, *, #3598, .F. ) ;
#4661 = SURFACE_SIDE_STYLE ('',( #5594 ) ) ;
#4662 = CIRCLE ( 'NONE', #3338, 0.2000000000000000944 ) ;
#4663 = CYLINDRICAL_SURFACE ( 'NONE', #866, 0.2000000000000000944 ) ;
#4664 = SURFACE_STYLE_FILL_AREA ( #1991 ) ;
#4665 = LINE ( 'NONE', #3717, #3316 ) ;
#4666 = ORIENTED_EDGE ( 'NONE', *, *, #574, .F. ) ;
#4667 = EDGE_CURVE ( 'NONE', #2472, #2689, #951, .T. ) ;
#4668 = ORIENTED_EDGE ( 'NONE', *, *, #1628, .T. ) ;
#4669 = ADVANCED_FACE ( 'NONE', ( #2148 ), #5077, .T. ) ;
#4670 = CARTESIAN_POINT ( 'NONE',  ( 4.080000000000000071, 6.500000000000000888, 0.3499999999999989231 ) ) ;
#4671 = CARTESIAN_POINT ( 'NONE',  ( 4.480000000000000426, 6.299999999999999822, 0.3499999999999999778 ) ) ;
#4672 = PRESENTATION_LAYER_ASSIGNMENT (  '', '', ( #358 ) ) ;
#4673 = ORIENTED_EDGE ( 'NONE', *, *, #1663, .T. ) ;
#4674 = EDGE_CURVE ( 'NONE', #2057, #4177, #3429, .T. ) ;
#4675 = CARTESIAN_POINT ( 'NONE',  ( 4.393245067392238745, 10.39117142264903570, 0.3499999999999983125 ) ) ;
#4676 = DIRECTION ( 'NONE',  ( -0.5000000000000009992, -0.8660254037844380415, 0.000000000000000000 ) ) ;
#4677 = CARTESIAN_POINT ( 'NONE',  ( 5.543356898907900288, 1.699999999999997957, 0.3499999999999999778 ) ) ;
#4678 = STYLED_ITEM ( 'NONE', ( #4114 ), #3802 ) ;
#4679 = EDGE_CURVE ( 'NONE', #1554, #2781, #4909, .T. ) ;
#4680 = DIRECTION ( 'NONE',  ( 0.7071067811865489050, -0.7071067811865460184, 0.000000000000000000 ) ) ;
#4681 = AXIS2_PLACEMENT_3D ( 'NONE', #2541, #167, #4258 ) ;
#4682 = APPLICATION_PROTOCOL_DEFINITION ( 'draft international standard', 'automotive_design', 1998, #2455 ) ;
#4683 = ORIENTED_EDGE ( 'NONE', *, *, #4055, .F. ) ;
#4684 = ORIENTED_EDGE ( 'NONE', *, *, #1178, .F. ) ;
#4685 = DIRECTION ( 'NONE',  ( -1.121588454295349780E-16, 1.000000000000000000, 0.000000000000000000 ) ) ;
#4686 =( NAMED_UNIT ( * ) PLANE_ANGLE_UNIT ( ) SI_UNIT ( $, .RADIAN. ) );
#4687 = CARTESIAN_POINT ( 'NONE',  ( 2.189999999999999947, 0.000000000000000000, 0.3499999999999999778 ) ) ;
#4688 = AXIS2_PLACEMENT_3D ( 'NONE', #1147, #5280, #5707 ) ;
#4689 =( GEOMETRIC_REPRESENTATION_CONTEXT ( 3 ) GLOBAL_UNCERTAINTY_ASSIGNED_CONTEXT ( ( #1650 ) ) GLOBAL_UNIT_ASSIGNED_CONTEXT ( ( #2469, #5187, #2951 ) ) REPRESENTATION_CONTEXT ( 'NONE', 'WORKASPACE' ) );
#4690 = ORIENTED_EDGE ( 'NONE', *, *, #5708, .T. ) ;
#4691 = MECHANICAL_DESIGN_GEOMETRIC_PRESENTATION_REPRESENTATION (  '', ( #3167 ), #1814 ) ;
#4692 = DIRECTION ( 'NONE',  ( -1.121588454295349780E-16, 1.000000000000000000, 0.000000000000000000 ) ) ;
#4693 = VECTOR ( 'NONE', #5202, 1000.000000000000000 ) ;
#4694 = PLANE ( 'NONE',  #4681 ) ;
#4695 =( LENGTH_UNIT ( ) NAMED_UNIT ( * ) SI_UNIT ( .MILLI., .METRE. ) );
#4696 = CARTESIAN_POINT ( 'NONE',  ( 2.018154266116020334, 5.626229152235333153, 0.000000000000000000 ) ) ;
#4697 =( NAMED_UNIT ( * ) SI_UNIT ( $, .STERADIAN. ) SOLID_ANGLE_UNIT ( ) );
#4698 = ORIENTED_EDGE ( 'NONE', *, *, #1495, .T. ) ;
#4699 = VERTEX_POINT ( 'NONE', #1192 ) ;
#4700 = CARTESIAN_POINT ( 'NONE',  ( -0.5999999999999996447, 6.299999999999999822, 0.3499999999999999778 ) ) ;
#4701 = CARTESIAN_POINT ( 'NONE',  ( 4.729999999999999538, 8.199999999999999289, 0.3499999999999999778 ) ) ;
#4702 = CARTESIAN_POINT ( 'NONE',  ( 4.393245067392238745, 8.000000000000000000, -0.6500000000000030198 ) ) ;
#4703 = CARTESIAN_POINT ( 'NONE',  ( 2.890000000000000124, 8.000000000000000000, -0.3500000000000000333 ) ) ;
#4704 = EDGE_CURVE ( 'NONE', #884, #5417, #796, .T. ) ;
#4705 = LINE ( 'NONE', #1468, #3734 ) ;
#4706 = VERTEX_POINT ( 'NONE', #3057 ) ;
#4707 = VECTOR ( 'NONE', #5080, 1000.000000000000000 ) ;
#4708 = CARTESIAN_POINT ( 'NONE',  ( -0.8615757348916230907, 5.204467366490685087, -0.3499999999999999223 ) ) ;
#4709 = DIRECTION ( 'NONE',  ( 1.000000000000000000, -8.673617379884035472E-15, 0.000000000000000000 ) ) ;
#4710 = AXIS2_PLACEMENT_3D ( 'NONE', #4927, #5830, #2254 ) ;
#4711 = CARTESIAN_POINT ( 'NONE',  ( 4.120000584798286347, 3.767448265748938763, -0.3499999999999999778 ) ) ;
#4712 = FACE_OUTER_BOUND ( 'NONE', #633, .T. ) ;
#4713 = ADVANCED_FACE ( 'NONE', ( #4879 ), #764, .T. ) ;
#4714 = DIRECTION ( 'NONE',  ( -0.6546536707079769757, -0.3779644730092281413, -0.6546536707079769757 ) ) ;
#4715 = STYLED_ITEM ( 'NONE', ( #3804 ), #5693 ) ;
#4716 = ORIENTED_EDGE ( 'NONE', *, *, #3724, .F. ) ;
#4717 = ORIENTED_EDGE ( 'NONE', *, *, #676, .F. ) ;
#4718 = CYLINDRICAL_SURFACE ( 'NONE', #4583, 0.2999999999999999334 ) ;
#4719 = ADVANCED_FACE ( 'NONE', ( #5029 ), #5004, .T. ) ;
#4720 = PRESENTATION_LAYER_ASSIGNMENT (  '', '', ( #5682 ) ) ;
#4721 = CARTESIAN_POINT ( 'NONE',  ( -0.3500000000000000333, 8.199999999999999289, -0.3499999999999999778 ) ) ;
#4722 =( LENGTH_UNIT ( ) NAMED_UNIT ( * ) SI_UNIT ( .MILLI., .METRE. ) );
#4723 = VECTOR ( 'NONE', #4128, 1000.000000000000000 ) ;
#4724 = ORIENTED_EDGE ( 'NONE', *, *, #4517, .F. ) ;
#4725 = STYLED_ITEM ( 'NONE', ( #665 ), #5699 ) ;
#4726 = CARTESIAN_POINT ( 'NONE',  ( 1.940000000000000613, 6.299999999999999822, -0.3499999999999999778 ) ) ;
#4727 = LINE ( 'NONE', #2454, #2451 ) ;
#4728 = CARTESIAN_POINT ( 'NONE',  ( 4.729999999999999538, 0.000000000000000000, 0.3499999999999999778 ) ) ;
#4729 = FILL_AREA_STYLE ('',( #2391 ) ) ;
#4730 = PRESENTATION_STYLE_ASSIGNMENT (( #4634 ) ) ;
#4731 = CARTESIAN_POINT ( 'NONE',  ( 1.853245067392238710, 8.000000000000000000, 0.6500000000000000222 ) ) ;
#4732 = VERTEX_POINT ( 'NONE', #3152 ) ;
#4733 = AXIS2_PLACEMENT_3D ( 'NONE', #1301, #4098, #5874 ) ;
#4734 = DIRECTION ( 'NONE',  ( 1.000000000000000000, 0.000000000000000000, 0.000000000000000000 ) ) ;
#4735 = DIRECTION ( 'NONE',  ( 0.000000000000000000, 0.000000000000000000, -1.000000000000000000 ) ) ;
#4736 = DIRECTION ( 'NONE',  ( 0.000000000000000000, 1.000000000000000000, -1.668003342285391797E-16 ) ) ;
#4737 =( BOUNDED_CURVE ( )  B_SPLINE_CURVE ( 3, ( #162, #2837, #2778, #4659 ),
 .UNSPECIFIED., .F., .F. ) 
 B_SPLINE_CURVE_WITH_KNOTS ( ( 4, 4 ),
 ( 3.924083526751090290, 4.712388980384689674 ),
 .UNSPECIFIED. ) 
 CURVE ( )  GEOMETRIC_REPRESENTATION_ITEM ( )  RATIONAL_B_SPLINE_CURVE ( ( 1.000000000000000000, 0.9488815137910380226, 0.9488815137910380226, 1.000000000000000000 ) ) 
 REPRESENTATION_ITEM ( '' )  );
#4738 = LINE ( 'NONE', #3789, #1142 ) ;
#4739 = EDGE_LOOP ( 'NONE', ( #1666, #778, #3693, #59, #4365, #5001, #112, #4397 ) ) ;
#4740 = CARTESIAN_POINT ( 'NONE',  ( -0.8491834779808464795, 5.324198710740767559, -0.3500000000000000333 ) ) ;
#4741 = VECTOR ( 'NONE', #1606, 1000.000000000000000 ) ;
#4742 = CARTESIAN_POINT ( 'NONE',  ( 3.483567834114158934, 4.104507585657628077, -0.3500000000000000888 ) ) ;
#4743 = CARTESIAN_POINT ( 'NONE',  ( 4.413733788849079964, 6.298959448224835889, -0.3499999999999999778 ) ) ;
#4744 = DIRECTION ( 'NONE',  ( 1.084202172485504434E-16, -1.000000000000000000, 0.000000000000000000 ) ) ;
#4745 = DIRECTION ( 'NONE',  ( 1.000000000000000000, 0.000000000000000000, 0.000000000000000000 ) ) ;
#4746 = VECTOR ( 'NONE', #2102, 1000.000000000000000 ) ;
#4747 =( GEOMETRIC_REPRESENTATION_CONTEXT ( 3 ) GLOBAL_UNCERTAINTY_ASSIGNED_CONTEXT ( ( #562 ) ) GLOBAL_UNIT_ASSIGNED_CONTEXT ( ( #5283, #1201, #1121 ) ) REPRESENTATION_CONTEXT ( 'NONE', 'WORKASPACE' ) );
#4748 = EDGE_CURVE ( 'NONE', #680, #3352, #5489, .T. ) ;
#4749 = ADVANCED_FACE ( 'NONE', ( #4045 ), #4137, .F. ) ;
#4750 = CARTESIAN_POINT ( 'NONE',  ( 4.729999999999999538, 8.199999999999999289, -0.3499999999999999778 ) ) ;
#4751 = ORIENTED_EDGE ( 'NONE', *, *, #4095, .F. ) ;
#4752 = CARTESIAN_POINT ( 'NONE',  ( 0.8696152422706646679, 8.500000000000000000, 0.000000000000000000 ) ) ;
#4753 = LINE ( 'NONE', #5758, #1907 ) ;
#4754 =( NAMED_UNIT ( * ) PLANE_ANGLE_UNIT ( ) SI_UNIT ( $, .RADIAN. ) );
#4755 = CARTESIAN_POINT ( 'NONE',  ( 6.080000000000000071, 0.5000000000000002220, 0.3499999999999998668 ) ) ;
#4756 = VERTEX_POINT ( 'NONE', #2915 ) ;
#4757 = EDGE_CURVE ( 'NONE', #651, #2630, #117, .T. ) ;
#4758 = CARTESIAN_POINT ( 'NONE',  ( 6.550000000000000711, 8.500000000000000000, 1.199999999999999956 ) ) ;
#4759 = CARTESIAN_POINT ( 'NONE',  ( 4.080000000000000071, 6.500000000000000888, -0.3500000000000010880 ) ) ;
#4760 = CARTESIAN_POINT ( 'NONE',  ( 4.729999999999999538, 8.199999999999999289, 0.3499999999999999778 ) ) ;
#4761 = CARTESIAN_POINT ( 'NONE',  ( 0.9399798843744258114, 4.171275002134770205, -0.3499999999999999778 ) ) ;
#4762 = VERTEX_POINT ( 'NONE', #506 ) ;
#4763 = COLOUR_RGB ( '',0.8313725490196077761, 0.6705882352941175961, 0.1294117647058823373 ) ;
#4764 = CARTESIAN_POINT ( 'NONE',  ( 1.000000000000000444, 6.299999999999999822, 0.1283333333333333270 ) ) ;
#4765 =( NAMED_UNIT ( * ) PLANE_ANGLE_UNIT ( ) SI_UNIT ( $, .RADIAN. ) );
#4766 = CARTESIAN_POINT ( 'NONE',  ( 2.540000000000000036, 0.5000000000000005551, 0.3499999999999999778 ) ) ;
#4767 = LINE ( 'NONE', #2463, #2284 ) ;
#4768 = ORIENTED_EDGE ( 'NONE', *, *, #3212, .F. ) ;
#4769 =( GEOMETRIC_REPRESENTATION_CONTEXT ( 3 ) GLOBAL_UNCERTAINTY_ASSIGNED_CONTEXT ( ( #5241 ) ) GLOBAL_UNIT_ASSIGNED_CONTEXT ( ( #5179, #3755, #5575 ) ) REPRESENTATION_CONTEXT ( 'NONE', 'WORKASPACE' ) );
#4770 = PLANE ( 'NONE',  #5921 ) ;
#4771 = CARTESIAN_POINT ( 'NONE',  ( 6.053046200924453224, 3.450480068927960442, 0.3499999999999999778 ) ) ;
#4772 = CARTESIAN_POINT ( 'NONE',  ( 4.191150453949023635, 4.917640708295713203, -0.3499999999999999223 ) ) ;
#4773 = FACE_OUTER_BOUND ( 'NONE', #5061, .T. ) ;
#4774 = ORIENTED_EDGE ( 'NONE', *, *, #4859, .F. ) ;
#4775 = CARTESIAN_POINT ( 'NONE',  ( -0.6867549326077613259, 10.39117142264903570, 0.3499999999999983125 ) ) ;
#4776 = CARTESIAN_POINT ( 'NONE',  ( 4.080000000000000959, 0.8000000000000004885, 0.3499999999999999778 ) ) ;
#4777 = EDGE_CURVE ( 'NONE', #3200, #3532, #3753, .T. ) ;
#4778 = ORIENTED_EDGE ( 'NONE', *, *, #669, .T. ) ;
#4779 = VECTOR ( 'NONE', #2489, 1000.000000000000000 ) ;
#4780 = SURFACE_STYLE_FILL_AREA ( #1575 ) ;
#4781 = FACE_OUTER_BOUND ( 'NONE', #1202, .T. ) ;
#4782 = CARTESIAN_POINT ( 'NONE',  ( 1.000000000000000000, 6.500000000000000888, -0.3500000000000010880 ) ) ;
#4783 = DIRECTION ( 'NONE',  ( 0.000000000000000000, -1.000000000000000000, 0.000000000000000000 ) ) ;
#4784 = VECTOR ( 'NONE', #4407, 1000.000000000000000 ) ;
#4785 = CARTESIAN_POINT ( 'NONE',  ( -1.000000000000000000, 6.500000000000000888, 0.3499999999999989231 ) ) ;
#4786 = MECHANICAL_DESIGN_GEOMETRIC_PRESENTATION_REPRESENTATION (  '', ( #4016 ), #572 ) ;
#4787 = CARTESIAN_POINT ( 'NONE',  ( 1.000000000000000444, 1.800000000000000488, -0.3499999999999999778 ) ) ;
#4788 = ADVANCED_FACE ( 'NONE', ( #1523 ), #3273, .T. ) ;
#4789 = ORIENTED_EDGE ( 'NONE', *, *, #5456, .T. ) ;
#4790 = VECTOR ( 'NONE', #1007, 1000.000000000000114 ) ;
#4791 = CARTESIAN_POINT ( 'NONE',  ( 1.000000000000000444, 1.800000000000000488, -0.3849999999999999534 ) ) ;
#4792 = CARTESIAN_POINT ( 'NONE',  ( 1.940000000000000613, 6.299999999999999822, 0.1283333333333336046 ) ) ;
#4793 = DIRECTION ( 'NONE',  ( 3.097720492815726426E-17, -1.000000000000000000, 0.000000000000000000 ) ) ;
#4794 = CARTESIAN_POINT ( 'NONE',  ( 4.727475984454220459, 5.732672356334980179, 0.3499999999999999778 ) ) ;
#4795 = ADVANCED_FACE ( 'NONE', ( #1969 ), #3844, .F. ) ;
#4796 = MECHANICAL_DESIGN_GEOMETRIC_PRESENTATION_REPRESENTATION (  '', ( #482 ), #2202 ) ;
#4797 = ORIENTED_EDGE ( 'NONE', *, *, #3129, .F. ) ;
#4798 = UNCERTAINTY_MEASURE_WITH_UNIT (LENGTH_MEASURE( 1.000000000000000082E-05 ), #5767, 'distance_accuracy_value', 'NONE');
#4799 = CARTESIAN_POINT ( 'NONE',  ( -0.6662662111509194407, 6.298959448224835889, -0.3500000000000000333 ) ) ;
#4800 = CARTESIAN_POINT ( 'NONE',  ( 5.867121992501592942, 5.777242093666581368, 0.3500000000000000888 ) ) ;
#4801 = CARTESIAN_POINT ( 'NONE',  ( 4.287514633686703824, 5.744802409713121172, -0.3499999999999999778 ) ) ;
#4802 = CARTESIAN_POINT ( 'NONE',  ( 4.393245067392238745, 8.000000000000000000, -0.6500000000000025757 ) ) ;
#4803 = PRESENTATION_STYLE_ASSIGNMENT (( #1143 ) ) ;
#4804 =( BOUNDED_SURFACE ( )  B_SPLINE_SURFACE ( 3, 1, ( 
 ( #4147, #1472 ),
 ( #3314, #5130 ),
 ( #892, #1018 ),
 ( #2860, #5497 ),
 ( #4677, #2743 ),
 ( #4558, #2274 ),
 ( #3222, #5035 ) ),
 .UNSPECIFIED., .F., .F., .F. ) 
 B_SPLINE_SURFACE_WITH_KNOTS ( ( 4, 3, 4 ),
 ( 2, 2 ),
 ( 0.000000000000000000, 0.5000000000000000000, 1.000000000000000000 ),
 ( 0.000000000000000000, 1.000000000000000000 ),
 .UNSPECIFIED. ) 
 GEOMETRIC_REPRESENTATION_ITEM ( )  RATIONAL_B_SPLINE_SURFACE ( (
 ( 1.000000000000000000, 1.000000000000000000),
 ( 0.5953481791230080811, 0.5953481791230080811),
 ( 0.5953481791230080811, 0.5953481791230080811),
 ( 1.000000000000000000, 1.000000000000000000),
 ( 0.5953481791230080811, 0.5953481791230080811),
 ( 0.5953481791230080811, 0.5953481791230080811),
 ( 1.000000000000000000, 1.000000000000000000) ) ) 
 REPRESENTATION_ITEM ( '' )  SURFACE ( )  );
#4805 = EDGE_LOOP ( 'NONE', ( #4768, #664, #1807, #430 ) ) ;
#4806 = CARTESIAN_POINT ( 'NONE',  ( 0.9931181789594349940, 2.798202530626829887, 0.3500000000000000333 ) ) ;
#4807 = DIRECTION ( 'NONE',  ( 1.000000000000000000, 0.000000000000000000, 0.000000000000000000 ) ) ;
#4808 = CARTESIAN_POINT ( 'NONE',  ( 1.708546599915418795, 5.476966929916270210, -0.3499999999999999223 ) ) ;
#4809 = SURFACE_SIDE_STYLE ('',( #3471 ) ) ;
#4810 = ORIENTED_EDGE ( 'NONE', *, *, #534, .T. ) ;
#4811 = EDGE_CURVE ( 'NONE', #614, #3041, #2793, .T. ) ;
#4812 = PLANE ( 'NONE',  #3974 ) ;
#4813 = AXIS2_PLACEMENT_3D ( 'NONE', #4997, #437, #876 ) ;
#4814 = LINE ( 'NONE', #1988, #5734 ) ;
#4815 = DIRECTION ( 'NONE',  ( 0.000000000000000000, -0.000000000000000000, -1.000000000000000000 ) ) ;
#4816 = DIRECTION ( 'NONE',  ( 0.5000000000000009992, -0.8660254037844380415, 0.000000000000000000 ) ) ;
#4817 = ORIENTED_EDGE ( 'NONE', *, *, #4027, .F. ) ;
#4818 = AXIS2_PLACEMENT_3D ( 'NONE', #1094, #4342, #3863 ) ;
#4819 = MECHANICAL_DESIGN_GEOMETRIC_PRESENTATION_REPRESENTATION (  '', ( #1466 ), #1083 ) ;
#4820 = CARTESIAN_POINT ( 'NONE',  ( 0.6000000000000005329, 6.299999999999999822, 0.3849999999999998979 ) ) ;
#4821 = LINE ( 'NONE', #3514, #1888 ) ;
#4822 = CARTESIAN_POINT ( 'NONE',  ( 5.937838562583937829, 5.240363704783929322, -0.3500000000000000333 ) ) ;
#4823 = ORIENTED_EDGE ( 'NONE', *, *, #4196, .T. ) ;
#4824 = EDGE_CURVE ( 'NONE', #23, #1951, #3676, .T. ) ;
#4825 =( NAMED_UNIT ( * ) PLANE_ANGLE_UNIT ( ) SI_UNIT ( $, .RADIAN. ) );
#4826 = CARTESIAN_POINT ( 'NONE',  ( 6.026936948246132353, 4.039780281224035541, 0.3500000000000000333 ) ) ;
#4827 = VECTOR ( 'NONE', #4338, 1000.000000000000000 ) ;
#4828 = STYLED_ITEM ( 'NONE', ( #4363 ), #759 ) ;
#4829 = ORIENTED_EDGE ( 'NONE', *, *, #5479, .T. ) ;
#4830 = CARTESIAN_POINT ( 'NONE',  ( 0.8641973817703989535, 5.178803639424137017, 0.3500000000000000888 ) ) ;
#4831 = LINE ( 'NONE', #2623, #2114 ) ;
#4832 = SURFACE_STYLE_FILL_AREA ( #4384 ) ;
#4833 = ORIENTED_EDGE ( 'NONE', *, *, #927, .F. ) ;
#4834 = FILL_AREA_STYLE ('',( #5736 ) ) ;
#4835 = LINE ( 'NONE', #722, #3414 ) ;
#4836 = ORIENTED_EDGE ( 'NONE', *, *, #3434, .T. ) ;
#4837 = FILL_AREA_STYLE_COLOUR ( '', #2802 ) ;
#4838 = SURFACE_STYLE_USAGE ( .BOTH. , #1238 ) ;
#4839 = CARTESIAN_POINT ( 'NONE',  ( -0.3499999999999990896, -2.800000000000001155, 0.3499999999999999778 ) ) ;
#4840 = ORIENTED_EDGE ( 'NONE', *, *, #3830, .F. ) ;
#4841 = PRESENTATION_STYLE_ASSIGNMENT (( #3537 ) ) ;
#4842 = LINE ( 'NONE', #5807, #5536 ) ;
#4843 = CARTESIAN_POINT ( 'NONE',  ( 5.713148314883513379, 6.299478870653064888, -0.3499999999999999223 ) ) ;
#4844 = CARTESIAN_POINT ( 'NONE',  ( 5.766754932607761397, 10.39117142264903570, -0.6500000000000030198 ) ) ;
#4845 = EDGE_CURVE ( 'NONE', #2446, #171, #1037, .T. ) ;
#4846 = EDGE_LOOP ( 'NONE', ( #2083, #1358, #2161, #4286 ) ) ;
#4847 = AXIS2_PLACEMENT_3D ( 'NONE', #4402, #4433, #5335 ) ;
#4848 = SURFACE_SIDE_STYLE ('',( #3091 ) ) ;
#4849 = CARTESIAN_POINT ( 'NONE',  ( 5.869603038017698893, 5.762359718948173892, 0.3500000000000000333 ) ) ;
#4850 = DIRECTION ( 'NONE',  ( -1.000000000000000000, -1.084202172485504434E-16, 0.000000000000000000 ) ) ;
#4851 = EDGE_CURVE ( 'NONE', #5937, #2765, #2851, .T. ) ;
#4852 = VECTOR ( 'NONE', #5692, 1000.000000000000000 ) ;
#4853 = ORIENTED_EDGE ( 'NONE', *, *, #4059, .F. ) ;
#4854 = CARTESIAN_POINT ( 'NONE',  ( 0.7875361083845654475, 5.774771377977485187, 0.3499999999999999223 ) ) ;
#4855 = COLOUR_RGB ( '',0.8313725490196077761, 0.6705882352941175961, 0.1294117647058823373 ) ;
#4856 = CARTESIAN_POINT ( 'NONE',  ( -0.3499999999999990896, -2.800000000000001155, -0.3499999999999999778 ) ) ;
#4857 = CARTESIAN_POINT ( 'NONE',  ( -0.4481930454221425553, 5.884855341312109189, 0.3499999999999999223 ) ) ;
#4858 = CARTESIAN_POINT ( 'NONE',  ( 5.432524015545779683, 5.732672356334978403, -0.3499999999999999778 ) ) ;
#4859 = EDGE_CURVE ( 'NONE', #3532, #755, #2433, .T. ) ;
#4860 = VERTEX_POINT ( 'NONE', #622 ) ;
#4861 = VECTOR ( 'NONE', #2536, 1000.000000000000000 ) ;
#4862 = CARTESIAN_POINT ( 'NONE',  ( 1.670384757729335368, 8.500000000000000000, -0.8696152422706645568 ) ) ;
#4863 = VERTEX_POINT ( 'NONE', #4295 ) ;
#4864 = PLANE ( 'NONE',  #3577 ) ;
#4865 = CARTESIAN_POINT ( 'NONE',  ( 4.729999999999999538, 8.199999999999999289, -0.3499999999999999778 ) ) ;
#4866 = CARTESIAN_POINT ( 'NONE',  ( 3.140000000000000568, 6.299999999999999822, 0.3499999999999999778 ) ) ;
#4867 =( GEOMETRIC_REPRESENTATION_CONTEXT ( 3 ) GLOBAL_UNCERTAINTY_ASSIGNED_CONTEXT ( ( #1937 ) ) GLOBAL_UNIT_ASSIGNED_CONTEXT ( ( #4630, #4129, #3742 ) ) REPRESENTATION_CONTEXT ( 'NONE', 'WORKASPACE' ) );
#4868 = ORIENTED_EDGE ( 'NONE', *, *, #5469, .T. ) ;
#4869 = CARTESIAN_POINT ( 'NONE',  ( -0.8192859076621706871, 5.570187327444797276, 0.3499999999999999778 ) ) ;
#4870 = UNCERTAINTY_MEASURE_WITH_UNIT (LENGTH_MEASURE( 1.000000000000000082E-05 ), #923, 'distance_accuracy_value', 'NONE');
#4871 = VECTOR ( 'NONE', #5344, 1000.000000000000000 ) ;
#4872 = CARTESIAN_POINT ( 'NONE',  ( -1.000000000000000000, 0.5000000000000002220, 0.3499999999999998668 ) ) ;
#4873 = CARTESIAN_POINT ( 'NONE',  ( 5.920388738771239723, 5.398486016527106024, -0.3499999999999999778 ) ) ;
#4874 =( NAMED_UNIT ( * ) PLANE_ANGLE_UNIT ( ) SI_UNIT ( $, .RADIAN. ) );
#4875 = ORIENTED_EDGE ( 'NONE', *, *, #5488, .F. ) ;
#4876 = VECTOR ( 'NONE', #5139, 1000.000000000000000 ) ;
#4877 = ORIENTED_EDGE ( 'NONE', *, *, #2042, .T. ) ;
#4878 = PRESENTATION_LAYER_ASSIGNMENT (  '', '', ( #2092 ) ) ;
#4879 = FACE_OUTER_BOUND ( 'NONE', #286, .T. ) ;
#4880 = COLOUR_RGB ( '',0.8313725490196077761, 0.6705882352941175961, 0.1294117647058823373 ) ;
#4881 = CARTESIAN_POINT ( 'NONE',  ( 5.680000000000000604, 6.299999999999999822, 0.3499999999999999778 ) ) ;
#4882 = DIRECTION ( 'NONE',  ( 0.6546536707079768647, 0.3779644730092280858, -0.6546536707079769757 ) ) ;
#4883 = PRESENTATION_STYLE_ASSIGNMENT (( #2211 ) ) ;
#4884 = ORIENTED_EDGE ( 'NONE', *, *, #3622, .T. ) ;
#4885 = EDGE_CURVE ( 'NONE', #3372, #5435, #175, .T. ) ;
#4886 = CARTESIAN_POINT ( 'NONE',  ( 0.8095024236130845541, 5.635051924204145912, 0.3499999999999999778 ) ) ;
#4887 = CARTESIAN_POINT ( 'NONE',  ( 1.540000000000000480, 1.800000000000000044, 0.1166666666666665853 ) ) ;
#4888 = CARTESIAN_POINT ( 'NONE',  ( 4.729999999999999538, 8.000000000000000000, 0.3499999999999999778 ) ) ;
#4889 = FILL_AREA_STYLE_COLOUR ( '', #2968 ) ;
#4890 = ORIENTED_EDGE ( 'NONE', *, *, #1790, .T. ) ;
#4891 = PRESENTATION_STYLE_ASSIGNMENT (( #695 ) ) ;
#4892 = VERTEX_POINT ( 'NONE', #535 ) ;
#4893 = EDGE_CURVE ( 'NONE', #1326, #3476, #4606, .T. ) ;
#4894 = CARTESIAN_POINT ( 'NONE',  ( 2.861845733883979559, 5.626229152235330488, 0.3499999999999999778 ) ) ;
#4895 = VERTEX_POINT ( 'NONE', #235 ) ;
#4896 = CARTESIAN_POINT ( 'NONE',  ( -0.9999999999999995559, 1.800000000000000266, -0.1166666666666667518 ) ) ;
#4897 = LINE ( 'NONE', #71, #1724 ) ;
#4898 = ORIENTED_EDGE ( 'NONE', *, *, #2525, .F. ) ;
#4899 = VECTOR ( 'NONE', #4248, 1000.000000000000000 ) ;
#4900 = DIRECTION ( 'NONE',  ( 0.000000000000000000, 0.000000000000000000, -1.000000000000000000 ) ) ;
#4901 = FACE_OUTER_BOUND ( 'NONE', #560, .T. ) ;
#4902 = CARTESIAN_POINT ( 'NONE',  ( 4.730000000000001315, 0.5000000000000005551, -0.3499999999999999778 ) ) ;
#4903 = CARTESIAN_POINT ( 'NONE',  ( -0.6867549326077613259, 10.39117142264903570, 0.6499999999999995781 ) ) ;
#4904 = CARTESIAN_POINT ( 'NONE',  ( 4.127276676835967884, 3.923639721076772613, -0.3499999999999999778 ) ) ;
#4905 = CARTESIAN_POINT ( 'NONE',  ( -0.6999999999999995115, 0.5000000000000004441, 0.3499999999999999778 ) ) ;
#4906 = COLOUR_RGB ( '',0.8313725490196077761, 0.6705882352941175961, 0.1294117647058823373 ) ;
#4907 = ORIENTED_EDGE ( 'NONE', *, *, #4136, .F. ) ;
#4908 = EDGE_LOOP ( 'NONE', ( #1761, #5458, #1957, #1413 ) ) ;
#4909 = LINE ( 'NONE', #5696, #3363 ) ;
#4910 = AXIS2_PLACEMENT_3D ( 'NONE', #2178, #4046, #4106 ) ;
#4911 = CARTESIAN_POINT ( 'NONE',  ( 6.032723323164032259, 3.923639721076658038, 0.3499999999999999223 ) ) ;
#4912 = CARTESIAN_POINT ( 'NONE',  ( 0.4999999999999985012, 6.084152315493285279, 0.3500000000000000333 ) ) ;
#4913 = AXIS2_PLACEMENT_3D ( 'NONE', #2651, #4467, #360 ) ;
#4914 = EDGE_LOOP ( 'NONE', ( #5474, #4549, #92, #581 ) ) ;
#4915 = CARTESIAN_POINT ( 'NONE',  ( 0.7982104639795067902, 5.709058272658547040, 0.3499999999999999778 ) ) ;
#4916 = DIRECTION ( 'NONE',  ( 1.000000000000000000, 0.000000000000000000, 0.000000000000000000 ) ) ;
#4917 = CARTESIAN_POINT ( 'NONE',  ( -0.4999999999999985012, 6.084152315493286167, 0.3499999999999999223 ) ) ;
#4918 = VECTOR ( 'NONE', #5424, 1000.000000000000000 ) ;
#4919 = CARTESIAN_POINT ( 'NONE',  ( 0.3500000000000009215, -2.800000000000001155, -0.3499999999999999778 ) ) ;
#4920 =( BOUNDED_CURVE ( )  B_SPLINE_CURVE ( 3, ( #5108, #4159, #2873, #1451 ),
 .UNSPECIFIED., .F., .F. ) 
 B_SPLINE_CURVE_WITH_KNOTS ( ( 4, 4 ),
 ( 1.570796326794896336, 2.359101780428492390 ),
 .UNSPECIFIED. ) 
 CURVE ( )  GEOMETRIC_REPRESENTATION_ITEM ( )  RATIONAL_B_SPLINE_CURVE ( ( 1.000000000000000000, 0.9488815137910384667, 0.9488815137910384667, 1.000000000000000000 ) ) 
 REPRESENTATION_ITEM ( '' )  );
#4921 = EDGE_CURVE ( 'NONE', #1594, #2479, #4842, .T. ) ;
#4922 = VERTEX_POINT ( 'NONE', #728 ) ;
#4923 = DIRECTION ( 'NONE',  ( 0.000000000000000000, 1.000000000000000000, -1.668003342285391797E-16 ) ) ;
#4924 = ORIENTED_EDGE ( 'NONE', *, *, #5662, .T. ) ;
#4925 = SURFACE_STYLE_FILL_AREA ( #5385 ) ;
#4926 = VERTEX_POINT ( 'NONE', #1186 ) ;
#4927 = CARTESIAN_POINT ( 'NONE',  ( 5.080000000000000071, 6.299999999999999822, 0.3499999999999999778 ) ) ;
#4928 = VECTOR ( 'NONE', #1277, 1000.000000000000000 ) ;
#4929 = DIRECTION ( 'NONE',  ( -0.6546536707079769757, -0.3779644730092281413, -0.6546536707079769757 ) ) ;
#4930 = CARTESIAN_POINT ( 'NONE',  ( 1.682161437416074712, 5.240363704784011922, 0.3500000000000000333 ) ) ;
#4931 = VECTOR ( 'NONE', #3074, 1000.000000000000000 ) ;
#4932 = EDGE_CURVE ( 'NONE', #645, #2446, #4821, .T. ) ;
#4933 = VERTEX_POINT ( 'NONE', #5327 ) ;
#4934 = AXIS2_PLACEMENT_3D ( 'NONE', #4625, #3013, #299 ) ;
#4935 = CARTESIAN_POINT ( 'NONE',  ( 5.766754932607761397, 6.500000000000000888, -0.6500000000000017986 ) ) ;
#4936 = SURFACE_STYLE_FILL_AREA ( #2639 ) ;
#4937 = CARTESIAN_POINT ( 'NONE',  ( 5.601845733883980216, 5.626229152235330488, 0.3499999999999999778 ) ) ;
#4938 = CARTESIAN_POINT ( 'NONE',  ( 6.014825183200147585, 4.263498050148225360, -0.3499999999999999778 ) ) ;
#4939 = DIRECTION ( 'NONE',  ( 0.000000000000000000, 0.000000000000000000, 1.000000000000000000 ) ) ;
#4940 = CARTESIAN_POINT ( 'NONE',  ( 2.076643101092097154, 1.700000000000001288, 0.3500000000000000333 ) ) ;
#4941 = ORIENTED_EDGE ( 'NONE', *, *, #1610, .T. ) ;
#4942 = EDGE_LOOP ( 'NONE', ( #5069, #4389, #2650, #1980 ) ) ;
#4943 = DIRECTION ( 'NONE',  ( -0.000000000000000000, -0.000000000000000000, -1.000000000000000000 ) ) ;
#4944 = PRESENTATION_STYLE_ASSIGNMENT (( #1791 ) ) ;
#4945 = CARTESIAN_POINT ( 'NONE',  ( 4.080000000000000959, 6.299999999999999822, 0.1283333333333336046 ) ) ;
#4946 = FILL_AREA_STYLE ('',( #419 ) ) ;
#4947 =( GEOMETRIC_REPRESENTATION_CONTEXT ( 3 ) GLOBAL_UNCERTAINTY_ASSIGNED_CONTEXT ( ( #312 ) ) GLOBAL_UNIT_ASSIGNED_CONTEXT ( ( #5276, #3007, #1195 ) ) REPRESENTATION_CONTEXT ( 'NONE', 'WORKASPACE' ) );
#4948 = ORIENTED_EDGE ( 'NONE', *, *, #5517, .T. ) ;
#4949 =( NAMED_UNIT ( * ) PLANE_ANGLE_UNIT ( ) SI_UNIT ( $, .RADIAN. ) );
#4950 = LINE ( 'NONE', #329, #4115 ) ;
#4951 = DIRECTION ( 'NONE',  ( -1.000000000000000000, 0.000000000000000000, 0.000000000000000000 ) ) ;
#4952 = DIRECTION ( 'NONE',  ( -1.000000000000000000, 0.000000000000000000, 0.000000000000000000 ) ) ;
#4953 = ORIENTED_EDGE ( 'NONE', *, *, #4133, .T. ) ;
#4954 = MECHANICAL_DESIGN_GEOMETRIC_PRESENTATION_REPRESENTATION (  '', ( #1794 ), #3820 ) ;
#4955 = CARTESIAN_POINT ( 'NONE',  ( 5.080000000000000071, 6.299999999999999822, 0.3499999999999999778 ) ) ;
#4956 = ORIENTED_EDGE ( 'NONE', *, *, #2286, .T. ) ;
#4957 = CARTESIAN_POINT ( 'NONE',  ( -6.734562392116876374E-17, 8.500000000000000000, -0.8696152422706644458 ) ) ;
#4958 = ORIENTED_EDGE ( 'NONE', *, *, #3910, .T. ) ;
#4959 = CARTESIAN_POINT ( 'NONE',  ( -0.6454664785273052097, 3.877691542223590471, 0.3499999999999999778 ) ) ;
#4960 = EDGE_CURVE ( 'NONE', #1372, #4895, #1212, .T. ) ;
#4961 = CARTESIAN_POINT ( 'NONE',  ( 1.540000000000000702, -1.121588454295348794E-16, -0.3499999999999999778 ) ) ;
#4962 = CARTESIAN_POINT ( 'NONE',  ( 3.140000000000000568, 6.299999999999999822, -0.3499999999999999778 ) ) ;
#4963 = MECHANICAL_DESIGN_GEOMETRIC_PRESENTATION_REPRESENTATION (  '', ( #358 ), #1315 ) ;
#4964 = ORIENTED_EDGE ( 'NONE', *, *, #5037, .T. ) ;
#4965 = PLANE ( 'NONE',  #1079 ) ;
#4966 = CARTESIAN_POINT ( 'NONE',  ( 0.000000000000000000, 8.000000000000000000, 0.000000000000000000 ) ) ;
#4967 = EDGE_CURVE ( 'NONE', #5435, #4534, #3978, .T. ) ;
#4968 = CARTESIAN_POINT ( 'NONE',  ( 6.023567834114157193, 4.104507585657628077, -0.3499999999999999778 ) ) ;
#4969 = DIRECTION ( 'NONE',  ( -0.000000000000000000, -0.000000000000000000, -1.000000000000000000 ) ) ;
#4970 = CARTESIAN_POINT ( 'NONE',  ( 4.730000000000001315, -1.084202172485501815E-17, 0.3499999999999999778 ) ) ;
#4971 = ORIENTED_EDGE ( 'NONE', *, *, #1377, .T. ) ;
#4972 = ORIENTED_EDGE ( 'NONE', *, *, #2246, .T. ) ;
#4973 = VECTOR ( 'NONE', #1002, 1000.000000000000000 ) ;
#4974 = FILL_AREA_STYLE ('',( #478 ) ) ;
#4975 = EDGE_CURVE ( 'NONE', #3546, #4119, #259, .T. ) ;
#4976 = DIRECTION ( 'NONE',  ( -0.7071067811865489050, 0.7071067811865460184, -0.000000000000000000 ) ) ;
#4977 = CARTESIAN_POINT ( 'NONE',  ( 4.480000000000000426, 6.299999999999999822, 0.3849999999999999534 ) ) ;
#4978 = VECTOR ( 'NONE', #2652, 1000.000000000000000 ) ;
#4979 = DIRECTION ( 'NONE',  ( -1.000000000000000000, 0.000000000000000000, 7.744301232039316681E-17 ) ) ;
#4980 = STYLED_ITEM ( 'NONE', ( #2768 ), #1051 ) ;
#4981 = MECHANICAL_DESIGN_GEOMETRIC_PRESENTATION_REPRESENTATION (  '', ( #1620 ), #5338 ) ;
#4982 = AXIS2_PLACEMENT_3D ( 'NONE', #2788, #3182, #3610 ) ;
#4983 = VERTEX_POINT ( 'NONE', #3871 ) ;
#4984 = EDGE_CURVE ( 'NONE', #5618, #1460, #3898, .T. ) ;
#4985 = DIRECTION ( 'NONE',  ( -0.000000000000000000, 1.000000000000000000, -0.000000000000000000 ) ) ;
#4986 = FILL_AREA_STYLE ('',( #5095 ) ) ;
#4987 = DIRECTION ( 'NONE',  ( 0.000000000000000000, 3.097720492815727166E-16, 1.000000000000000000 ) ) ;
#4988 = ORIENTED_EDGE ( 'NONE', *, *, #896, .T. ) ;
#4989 = CARTESIAN_POINT ( 'NONE',  ( 3.402626047459932579, 5.194217234910147418, 0.3499999999999999778 ) ) ;
#4990 = ORIENTED_EDGE ( 'NONE', *, *, #3830, .T. ) ;
#4991 = ORIENTED_EDGE ( 'NONE', *, *, #238, .T. ) ;
#4992 = CARTESIAN_POINT ( 'NONE',  ( -1.018126922434469523E-15, 1.700000000000000178, 0.3499999999999999778 ) ) ;
#4993 = CARTESIAN_POINT ( 'NONE',  ( -0.5999999999999996447, 6.299999999999999822, 0.1283333333333336046 ) ) ;
#4994 = LINE ( 'NONE', #2164, #1100 ) ;
#4995 = ORIENTED_EDGE ( 'NONE', *, *, #5456, .F. ) ;
#4996 = EDGE_CURVE ( 'NONE', #5442, #2349, #1101, .T. ) ;
#4997 = CARTESIAN_POINT ( 'NONE',  ( 0.3500000000000000333, 0.000000000000000000, 0.3499999999999999778 ) ) ;
#4998 = LINE ( 'NONE', #2606, #5243 ) ;
#4999 = DIRECTION ( 'NONE',  ( -1.000000000000000000, 0.000000000000000000, 0.000000000000000000 ) ) ;
#5000 = CARTESIAN_POINT ( 'NONE',  ( 4.080000000000000959, 1.800000000000000044, 0.1166666666666665853 ) ) ;
#5001 = ORIENTED_EDGE ( 'NONE', *, *, #4748, .F. ) ;
#5002 = MECHANICAL_DESIGN_GEOMETRIC_PRESENTATION_REPRESENTATION (  '', ( #1067 ), #14 ) ;
#5003 = VERTEX_POINT ( 'NONE', #2110 ) ;
#5004 = PLANE ( 'NONE',  #5761 ) ;
#5005 = VECTOR ( 'NONE', #4567, 1000.000000000000000 ) ;
#5006 = CARTESIAN_POINT ( 'NONE',  ( 1.940000000000000613, 6.299999999999999822, -0.1166666666666667518 ) ) ;
#5007 = CARTESIAN_POINT ( 'NONE',  ( 4.930000000000001492, -3.000000000000000000, -0.3499999999999999778 ) ) ;
#5008 = ADVANCED_FACE ( 'NONE', ( #5298 ), #2832, .T. ) ;
#5009 = PRESENTATION_LAYER_ASSIGNMENT (  '', '', ( #2224 ) ) ;
#5010 =( GEOMETRIC_REPRESENTATION_CONTEXT ( 3 ) GLOBAL_UNCERTAINTY_ASSIGNED_CONTEXT ( ( #1462 ) ) GLOBAL_UNIT_ASSIGNED_CONTEXT ( ( #5085, #3274, #2401 ) ) REPRESENTATION_CONTEXT ( 'NONE', 'WORKASPACE' ) );
#5011 = VERTEX_POINT ( 'NONE', #5268 ) ;
#5012 = SURFACE_SIDE_STYLE ('',( #1353 ) ) ;
#5013 = CARTESIAN_POINT ( 'NONE',  ( 2.890000000000000124, 8.000000000000000000, 0.3499999999999999778 ) ) ;
#5014 = ADVANCED_FACE ( 'NONE', ( #5235 ), #1134, .F. ) ;
#5015 = CARTESIAN_POINT ( 'NONE',  ( 3.401229900893845137, 5.207834124282261001, 0.3499999999999999778 ) ) ;
#5016 = VERTEX_POINT ( 'NONE', #5839 ) ;
#5017 = EDGE_LOOP ( 'NONE', ( #4500, #2279, #541, #3102 ) ) ;
#5018 = FILL_AREA_STYLE_COLOUR ( '', #3193 ) ;
#5019 = VERTEX_POINT ( 'NONE', #5360 ) ;
#5020 = DIRECTION ( 'NONE',  ( 0.000000000000000000, 0.000000000000000000, 1.000000000000000000 ) ) ;
#5021 = AXIS2_PLACEMENT_3D ( 'NONE', #4163, #3357, #1518 ) ;
#5022 = CARTESIAN_POINT ( 'NONE',  ( 6.549999999999999822, 0.5000000000000002220, 0.6500000000000010214 ) ) ;
#5023 = PLANE ( 'NONE',  #3828 ) ;
#5024 = CARTESIAN_POINT ( 'NONE',  ( 4.558154266116019926, 5.626229152235333153, 0.000000000000000000 ) ) ;
#5025 = CARTESIAN_POINT ( 'NONE',  ( 3.540000000000001368, 6.299999999999999822, -0.3850000000000000089 ) ) ;
#5026 = CARTESIAN_POINT ( 'NONE',  ( 2.539999999999999147, 1.700000000000000178, -0.3499999999999999778 ) ) ;
#5027 = EDGE_LOOP ( 'NONE', ( #5864, #2192, #5799, #738 ) ) ;
#5028 = ORIENTED_EDGE ( 'NONE', *, *, #3917, .T. ) ;
#5029 = FACE_OUTER_BOUND ( 'NONE', #3023, .T. ) ;
#5030 = CARTESIAN_POINT ( 'NONE',  ( 3.039999999999998259, 6.299999999999999822, -0.3499999999999999778 ) ) ;
#5031 = CARTESIAN_POINT ( 'NONE',  ( 4.219835643297026095, 5.218128553112202361, 0.3500000000000000888 ) ) ;
#5032 = EDGE_CURVE ( 'NONE', #2790, #1432, #1661, .T. ) ;
#5033 = DIRECTION ( 'NONE',  ( 1.000000000000000000, 0.000000000000000000, 0.000000000000000000 ) ) ;
#5034 = EDGE_LOOP ( 'NONE', ( #4405, #4411, #5367, #3450 ) ) ;
#5035 = CARTESIAN_POINT ( 'NONE',  ( 5.405255819881806367, 5.589454083063162493, -0.3499999999999999778 ) ) ;
#5036 = LINE ( 'NONE', #424, #1532 ) ;
#5037 = EDGE_CURVE ( 'NONE', #5100, #3611, #2231, .T. ) ;
#5038 = LINE ( 'NONE', #2831, #3540 ) ;
#5039 = CARTESIAN_POINT ( 'NONE',  ( 3.540000000000000480, 2.207665535523691602, 0.3500000000000000888 ) ) ;
#5040 = VERTEX_POINT ( 'NONE', #1244 ) ;
#5041 = EDGE_LOOP ( 'NONE', ( #3748, #4311, #4690, #1994 ) ) ;
#5042 = DIRECTION ( 'NONE',  ( -0.000000000000000000, 1.668003342285391551E-16, 1.000000000000000000 ) ) ;
#5043 = EDGE_CURVE ( 'NONE', #2954, #4058, #789, .T. ) ;
#5044 = DIRECTION ( 'NONE',  ( 0.000000000000000000, 0.000000000000000000, 1.000000000000000000 ) ) ;
#5045 = PLANE ( 'NONE',  #1586 ) ;
#5046 = ORIENTED_EDGE ( 'NONE', *, *, #2411, .F. ) ;
#5047 = CARTESIAN_POINT ( 'NONE',  ( 0.3218457338839795789, 5.626229152235330488, 0.000000000000000000 ) ) ;
#5048 =( LENGTH_UNIT ( ) NAMED_UNIT ( * ) SI_UNIT ( .MILLI., .METRE. ) );
#5049 = CYLINDRICAL_SURFACE ( 'NONE', #5256, 0.2000000000000000944 ) ;
#5050 = SURFACE_SIDE_STYLE ('',( #5508 ) ) ;
#5051 = VECTOR ( 'NONE', #3812, 1000.000000000000000 ) ;
#5052 = PLANE ( 'NONE',  #2539 ) ;
#5053 = FACE_OUTER_BOUND ( 'NONE', #590, .T. ) ;
#5054 = CARTESIAN_POINT ( 'NONE',  ( -0.1499999999999994393, -3.000000000000000000, -0.3499999999999999778 ) ) ;
#5055 = ORIENTED_EDGE ( 'NONE', *, *, #210, .T. ) ;
#5056 = ORIENTED_EDGE ( 'NONE', *, *, #3030, .F. ) ;
#5057 = VECTOR ( 'NONE', #3675, 1000.000000000000000 ) ;
#5058 = FACE_OUTER_BOUND ( 'NONE', #2803, .T. ) ;
#5059 = CARTESIAN_POINT ( 'NONE',  ( 0.000000000000000000, 8.500000000000000000, 0.8696152422706645568 ) ) ;
#5060 = MECHANICAL_DESIGN_GEOMETRIC_PRESENTATION_REPRESENTATION (  '', ( #4213 ), #4867 ) ;
#5061 = EDGE_LOOP ( 'NONE', ( #5798, #384, #5892, #5834 ) ) ;
#5062 = AXIS2_PLACEMENT_3D ( 'NONE', #516, #5094, #4239 ) ;
#5063 = CARTESIAN_POINT ( 'NONE',  ( -0.6867549326077613259, 10.39117142264903570, -0.3500000000000017542 ) ) ;
#5064 = FILL_AREA_STYLE_COLOUR ( '', #3156 ) ;
#5065 = COLOUR_RGB ( '',0.8313725490196077761, 0.6705882352941175961, 0.1294117647058823373 ) ;
#5066 = VECTOR ( 'NONE', #1644, 1000.000000000000000 ) ;
#5067 = ADVANCED_FACE ( 'NONE', ( #409 ), #819, .F. ) ;
#5068 = CARTESIAN_POINT ( 'NONE',  ( 3.486086801408603719, 4.056300144720193401, 0.3499999999999999223 ) ) ;
#5069 = ORIENTED_EDGE ( 'NONE', *, *, #340, .F. ) ;
#5070 = ORIENTED_EDGE ( 'NONE', *, *, #4824, .T. ) ;
#5071 = CARTESIAN_POINT ( 'NONE',  ( 5.579999999999999183, 6.084152315493285279, 0.3500000000000000333 ) ) ;
#5072 = VECTOR ( 'NONE', #842, 1000.000000000000000 ) ;
#5073 = DIRECTION ( 'NONE',  ( -0.000000000000000000, -0.000000000000000000, -1.000000000000000000 ) ) ;
#5074 = DIRECTION ( 'NONE',  ( -0.000000000000000000, 0.000000000000000000, 1.000000000000000000 ) ) ;
#5075 = VERTEX_POINT ( 'NONE', #4902 ) ;
#5076 = EDGE_CURVE ( 'NONE', #3611, #1927, #4039, .T. ) ;
#5077 =( BOUNDED_SURFACE ( )  B_SPLINE_SURFACE ( 3, 1, ( 
 ( #681, #3488 ),
 ( #2552, #262 ),
 ( #4354, #1674 ),
 ( #2613, #2527 ),
 ( #2065, #2085 ),
 ( #3519, #4430 ),
 ( #5814, #5783 ) ),
 .UNSPECIFIED., .F., .F., .F. ) 
 B_SPLINE_SURFACE_WITH_KNOTS ( ( 4, 3, 4 ),
 ( 2, 2 ),
 ( 0.000000000000000000, 0.5000000000000000000, 1.000000000000000000 ),
 ( 0.000000000000000000, 1.000000000000000000 ),
 .UNSPECIFIED. ) 
 GEOMETRIC_REPRESENTATION_ITEM ( )  RATIONAL_B_SPLINE_SURFACE ( (
 ( 1.000000000000000000, 1.000000000000000000),
 ( 0.5953481791230080811, 0.5953481791230080811),
 ( 0.5953481791230080811, 0.5953481791230080811),
 ( 1.000000000000000000, 1.000000000000000000),
 ( 0.5953481791230077480, 0.5953481791230077480),
 ( 0.5953481791230077480, 0.5953481791230077480),
 ( 1.000000000000000000, 1.000000000000000000) ) ) 
 REPRESENTATION_ITEM ( '' )  SURFACE ( )  );
#5078 = DIRECTION ( 'NONE',  ( 0.000000000000000000, 3.097720492815727166E-16, 1.000000000000000000 ) ) ;
#5079 = DIRECTION ( 'NONE',  ( -1.000000000000000000, 0.000000000000000000, 0.000000000000000000 ) ) ;
#5080 = DIRECTION ( 'NONE',  ( -0.000000000000000000, 1.000000000000000000, -0.000000000000000000 ) ) ;
#5081 = PLANE ( 'NONE',  #1672 ) ;
#5082 = ORIENTED_EDGE ( 'NONE', *, *, #3378, .F. ) ;
#5083 = ORIENTED_EDGE ( 'NONE', *, *, #1527, .T. ) ;
#5084 = DIRECTION ( 'NONE',  ( 0.000000000000000000, 0.000000000000000000, -1.000000000000000000 ) ) ;
#5085 =( LENGTH_UNIT ( ) NAMED_UNIT ( * ) SI_UNIT ( .MILLI., .METRE. ) );
#5086 = PLANE ( 'NONE',  #2763 ) ;
#5087 = PLANE ( 'NONE',  #2863 ) ;
#5088 = CARTESIAN_POINT ( 'NONE',  ( -0.3252558198818047974, 5.589454083063166046, -0.3499999999999999778 ) ) ;
#5089 = ORIENTED_EDGE ( 'NONE', *, *, #1374, .F. ) ;
#5090 = PRESENTATION_LAYER_ASSIGNMENT (  '', '', ( #596 ) ) ;
#5091 = EDGE_LOOP ( 'NONE', ( #4156, #1190, #2165, #4717 ) ) ;
#5092 = CARTESIAN_POINT ( 'NONE',  ( -0.9999999999999993339, 2.207665535523969158, -0.3500000000000000333 ) ) ;
#5093 = DIRECTION ( 'NONE',  ( -0.000000000000000000, -0.000000000000000000, 1.000000000000000000 ) ) ;
#5094 = DIRECTION ( 'NONE',  ( -0.000000000000000000, 0.000000000000000000, 1.000000000000000000 ) ) ;
#5095 = FILL_AREA_STYLE_COLOUR ( '', #1337 ) ;
#5096 = CARTESIAN_POINT ( 'NONE',  ( -0.8696152422706646679, 8.500000000000000000, 0.8696152422706645568 ) ) ;
#5097 = PRESENTATION_LAYER_ASSIGNMENT (  '', '', ( #2319 ) ) ;
#5098 = CARTESIAN_POINT ( 'NONE',  ( 3.327162253657094393, 5.777005459572332136, 0.3500000000000000888 ) ) ;
#5099 = ORIENTED_EDGE ( 'NONE', *, *, #3876, .F. ) ;
#5100 = VERTEX_POINT ( 'NONE', #1274 ) ;
#5101 = LINE ( 'NONE', #3228, #4899 ) ;
#5102 = CARTESIAN_POINT ( 'NONE',  ( 2.091806954577857258, 5.884855341312109189, 0.3499999999999999223 ) ) ;
#5103 =( NAMED_UNIT ( * ) SI_UNIT ( $, .STERADIAN. ) SOLID_ANGLE_UNIT ( ) );
#5104 = EDGE_CURVE ( 'NONE', #4445, #1397, #3210, .T. ) ;
#5105 = VERTEX_POINT ( 'NONE', #2203 ) ;
#5106 = B_SPLINE_CURVE_WITH_KNOTS ( 'NONE', 3,
 ( #2317, #1894, #4186, #5135 ),
 .UNSPECIFIED., .F., .F.,
 ( 4, 4 ),
 ( 0.000000000000000000, 1.000000000000000000 ),
 .UNSPECIFIED. ) ;
#5107 = CARTESIAN_POINT ( 'NONE',  ( 0.4999999999999985012, 6.299999999999999822, 0.3499999999999999778 ) ) ;
#5108 = CARTESIAN_POINT ( 'NONE',  ( -0.4999999999999985012, 6.299999999999999822, 0.3499999999999999778 ) ) ;
#5109 = FACE_OUTER_BOUND ( 'NONE', #1767, .T. ) ;
#5110 = PRESENTATION_STYLE_ASSIGNMENT (( #3743 ) ) ;
#5111 = CARTESIAN_POINT ( 'NONE',  ( -0.5999999999999996447, 6.299999999999999822, -0.3499999999999999778 ) ) ;
#5112 = DIRECTION ( 'NONE',  ( 1.000000000000000000, 0.000000000000000000, 0.000000000000000000 ) ) ;
#5113 = CARTESIAN_POINT ( 'NONE',  ( 2.540000000000000036, 6.299999999999999822, 0.3499999999999999778 ) ) ;
#5114 = EDGE_CURVE ( 'NONE', #2924, #1497, #907, .T. ) ;
#5115 =( GEOMETRIC_REPRESENTATION_CONTEXT ( 3 ) GLOBAL_UNCERTAINTY_ASSIGNED_CONTEXT ( ( #4641 ) ) GLOBAL_UNIT_ASSIGNED_CONTEXT ( ( #1340, #2233, #4458 ) ) REPRESENTATION_CONTEXT ( 'NONE', 'WORKASPACE' ) );
#5116 = UNCERTAINTY_MEASURE_WITH_UNIT (LENGTH_MEASURE( 1.000000000000000082E-05 ), #2139, 'distance_accuracy_value', 'NONE');
#5117 = ORIENTED_EDGE ( 'NONE', *, *, #4960, .T. ) ;
#5118 = ORIENTED_EDGE ( 'NONE', *, *, #4440, .T. ) ;
#5119 = UNCERTAINTY_MEASURE_WITH_UNIT (LENGTH_MEASURE( 1.000000000000000082E-05 ), #2018, 'distance_accuracy_value', 'NONE');
#5120 = UNCERTAINTY_MEASURE_WITH_UNIT (LENGTH_MEASURE( 1.000000000000000082E-05 ), #2574, 'distance_accuracy_value', 'NONE');
#5121 = CARTESIAN_POINT ( 'NONE',  ( 5.725466478527304837, 3.877691542223589138, -0.3499999999999999778 ) ) ;
#5122 =( LENGTH_UNIT ( ) NAMED_UNIT ( * ) SI_UNIT ( .MILLI., .METRE. ) );
#5123 =( GEOMETRIC_REPRESENTATION_CONTEXT ( 3 ) GLOBAL_UNCERTAINTY_ASSIGNED_CONTEXT ( ( #3615 ) ) GLOBAL_UNIT_ASSIGNED_CONTEXT ( ( #5323, #5293, #2056 ) ) REPRESENTATION_CONTEXT ( 'NONE', 'WORKASPACE' ) );
#5124 = DIRECTION ( 'NONE',  ( 0.000000000000000000, -0.000000000000000000, -1.000000000000000000 ) ) ;
#5125 = PLANE ( 'NONE',  #5434 ) ;
#5126 = CARTESIAN_POINT ( 'NONE',  ( 4.080000000000000071, 6.500000000000000888, -0.3500000000000010880 ) ) ;
#5127 = EDGE_LOOP ( 'NONE', ( #5117, #3105, #5621, #2516, #1504, #2586, #5627, #5561 ) ) ;
#5128 = CARTESIAN_POINT ( 'NONE',  ( 0.6454664785273048766, 3.877691542223585142, -0.3499999999999999778 ) ) ;
#5129 = FACE_OUTER_BOUND ( 'NONE', #3116, .T. ) ;
#5130 = CARTESIAN_POINT ( 'NONE',  ( 4.434533521472694417, 3.877691542223590471, -0.3499999999999999778 ) ) ;
#5131 = CARTESIAN_POINT ( 'NONE',  ( 2.690000000000002167, -3.000000000000000000, -0.3499999999999999778 ) ) ;
#5132 = DIRECTION ( 'NONE',  ( 0.000000000000000000, 0.000000000000000000, 1.000000000000000000 ) ) ;
#5133 = EDGE_LOOP ( 'NONE', ( #2015, #2724, #2880, #5885 ) ) ;
#5134 = ORIENTED_EDGE ( 'NONE', *, *, #2297, .T. ) ;
#5135 = CARTESIAN_POINT ( 'NONE',  ( 5.680000000000000604, 6.299999999999999822, -0.3499999999999999778 ) ) ;
#5136 =( LENGTH_UNIT ( ) NAMED_UNIT ( * ) SI_UNIT ( .MILLI., .METRE. ) );
#5137 =( GEOMETRIC_REPRESENTATION_CONTEXT ( 3 ) GLOBAL_UNCERTAINTY_ASSIGNED_CONTEXT ( ( #2168 ) ) GLOBAL_UNIT_ASSIGNED_CONTEXT ( ( #4078, #4015, #1736 ) ) REPRESENTATION_CONTEXT ( 'NONE', 'WORKASPACE' ) );
#5138 = EDGE_CURVE ( 'NONE', #503, #2384, #3112, .T. ) ;
#5139 = DIRECTION ( 'NONE',  ( 1.000000000000000000, 0.000000000000000000, 0.000000000000000000 ) ) ;
#5140 = DIRECTION ( 'NONE',  ( 1.121588454295349533E-16, -1.000000000000000000, 0.000000000000000000 ) ) ;
#5141 = DIRECTION ( 'NONE',  ( 1.000000000000000000, 0.000000000000000000, 0.000000000000000000 ) ) ;
#5142 = FACE_OUTER_BOUND ( 'NONE', #3242, .T. ) ;
#5143 = ORIENTED_EDGE ( 'NONE', *, *, #1043, .T. ) ;
#5144 = EDGE_LOOP ( 'NONE', ( #5564, #2397, #5118, #5743 ) ) ;
#5145 = FACE_OUTER_BOUND ( 'NONE', #5649, .T. ) ;
#5146 = ADVANCED_FACE ( 'NONE', ( #3084, #5906 ), #4484, .T. ) ;
#5147 = PRESENTATION_LAYER_ASSIGNMENT (  '', '', ( #3145 ) ) ;
#5148 = CARTESIAN_POINT ( 'NONE',  ( 5.543356898907902064, 1.699999999999999289, -0.3499999999999999778 ) ) ;
#5149 = CARTESIAN_POINT ( 'NONE',  ( 6.080000000000000071, 6.500000000000000888, -0.3500000000000010880 ) ) ;
#5150 = FACE_OUTER_BOUND ( 'NONE', #5668, .T. ) ;
#5151 =( BOUNDED_SURFACE ( )  B_SPLINE_SURFACE ( 2, 3, ( 
 ( #1275, #3113, #347, #820 ),
 ( #5025, #1756, #908, #5453 ),
 ( #2754, #4571, #3236, #1932 ) ),
 .UNSPECIFIED., .F., .F., .F. ) 
 B_SPLINE_SURFACE_WITH_KNOTS ( ( 3, 3 ),
 ( 4, 4 ),
 ( 0.000000000000000000, 1.000000000000000000 ),
 ( -0.0007349999999999999763, 3.500000000000000371E-05 ),
 .UNSPECIFIED. ) 
 GEOMETRIC_REPRESENTATION_ITEM ( )  RATIONAL_B_SPLINE_SURFACE ( (
 ( 1.000000000000000000, 1.000000000000000000, 1.000000000000000000, 1.000000000000000000),
 ( 0.7071067811865475727, 0.7071067811865475727, 0.7071067811865475727, 0.7071067811865475727),
 ( 1.000000000000000000, 1.000000000000000000, 1.000000000000000000, 1.000000000000000000) ) ) 
 REPRESENTATION_ITEM ( '' )  SURFACE ( )  );
#5152 = LINE ( 'NONE', #3395, #4779 ) ;
#5153 = VERTEX_POINT ( 'NONE', #345 ) ;
#5154 = ADVANCED_FACE ( 'NONE', ( #470 ), #1368, .T. ) ;
#5155 = CARTESIAN_POINT ( 'NONE',  ( -0.9599994152017123916, 3.767448265748938763, -0.3499999999999999778 ) ) ;
#5156 = CARTESIAN_POINT ( 'NONE',  ( 3.540000000000001368, 2.615493535622417376, -0.3500000000000000333 ) ) ;
#5157 = CARTESIAN_POINT ( 'NONE',  ( 1.540000000000000702, -1.121588454295348794E-16, 0.3499999999999999778 ) ) ;
#5158 = VECTOR ( 'NONE', #3283, 1000.000000000000000 ) ;
#5159 =( NAMED_UNIT ( * ) SI_UNIT ( $, .STERADIAN. ) SOLID_ANGLE_UNIT ( ) );
#5160 = ADVANCED_FACE ( 'NONE', ( #967 ), #529, .F. ) ;
#5161 = PRODUCT_CONTEXT ( 'NONE', #2455, 'mechanical' ) ;
#5162 = VERTEX_POINT ( 'NONE', #616 ) ;
#5163 = LINE ( 'NONE', #2897, #1475 ) ;
#5164 = PLANE ( 'NONE',  #1745 ) ;
#5165 = CARTESIAN_POINT ( 'NONE',  ( 2.189999999999999947, 8.199999999999999289, 0.3499999999999999778 ) ) ;
#5166 = VECTOR ( 'NONE', #2529, 1000.000000000000000 ) ;
#5167 =( GEOMETRIC_REPRESENTATION_CONTEXT ( 3 ) GLOBAL_UNCERTAINTY_ASSIGNED_CONTEXT ( ( #3034 ) ) GLOBAL_UNIT_ASSIGNED_CONTEXT ( ( #2530, #1194, #5334 ) ) REPRESENTATION_CONTEXT ( 'NONE', 'WORKASPACE' ) );
#5168 = ORIENTED_EDGE ( 'NONE', *, *, #1553, .T. ) ;
#5169 = VECTOR ( 'NONE', #62, 1000.000000000000000 ) ;
#5170 = FILL_AREA_STYLE ('',( #3829 ) ) ;
#5171 = VECTOR ( 'NONE', #1455, 1000.000000000000000 ) ;
#5172 = PLANE ( 'NONE',  #1331 ) ;
#5173 = DIRECTION ( 'NONE',  ( -0.000000000000000000, 0.000000000000000000, 1.000000000000000000 ) ) ;
#5174 = DIRECTION ( 'NONE',  ( 0.000000000000000000, 0.000000000000000000, -1.000000000000000000 ) ) ;
#5175 = ORIENTED_EDGE ( 'NONE', *, *, #492, .T. ) ;
#5176 = ORIENTED_EDGE ( 'NONE', *, *, #5805, .T. ) ;
#5177 =( NAMED_UNIT ( * ) SI_UNIT ( $, .STERADIAN. ) SOLID_ANGLE_UNIT ( ) );
#5178 = CARTESIAN_POINT ( 'NONE',  ( -0.8696152422706646679, 8.500000000000000000, -0.8696152422706645568 ) ) ;
#5179 =( LENGTH_UNIT ( ) NAMED_UNIT ( * ) SI_UNIT ( .MILLI., .METRE. ) );
#5180 = CARTESIAN_POINT ( 'NONE',  ( 4.080000000000000071, 0.5000000000000002220, 0.3499999999999998668 ) ) ;
#5181 = ADVANCED_FACE ( 'NONE', ( #2875 ), #3264, .T. ) ;
#5182 = ORIENTED_EDGE ( 'NONE', *, *, #2745, .F. ) ;
#5183 = LINE ( 'NONE', #4675, #2762 ) ;
#5184 =( BOUNDED_CURVE ( )  B_SPLINE_CURVE ( 3, ( #1489, #530, #1006, #1422 ),
 .UNSPECIFIED., .F., .F. ) 
 B_SPLINE_CURVE_WITH_KNOTS ( ( 4, 4 ),
 ( 1.570796326794896336, 2.359101780428492390 ),
 .UNSPECIFIED. ) 
 CURVE ( )  GEOMETRIC_REPRESENTATION_ITEM ( )  RATIONAL_B_SPLINE_CURVE ( ( 1.000000000000000000, 0.9488815137910384667, 0.9488815137910384667, 1.000000000000000000 ) ) 
 REPRESENTATION_ITEM ( '' )  );
#5185 = CARTESIAN_POINT ( 'NONE',  ( 2.189999999999999947, 8.199999999999999289, 0.3499999999999999778 ) ) ;
#5186 = CARTESIAN_POINT ( 'NONE',  ( 4.133913198591397276, 4.056300144720208500, -0.3500000000000000333 ) ) ;
#5187 =( NAMED_UNIT ( * ) PLANE_ANGLE_UNIT ( ) SI_UNIT ( $, .RADIAN. ) );
#5188 = SURFACE_STYLE_FILL_AREA ( #1593 ) ;
#5189 = ADVANCED_FACE ( 'NONE', ( #2908 ), #109, .F. ) ;
#5190 = AXIS2_PLACEMENT_3D ( 'NONE', #3207, #2783, #964 ) ;
#5191 = EDGE_LOOP ( 'NONE', ( #1966, #4958, #2194, #326 ) ) ;
#5192 = VERTEX_POINT ( 'NONE', #2054 ) ;
#5193 = ADVANCED_FACE ( 'NONE', ( #1544 ), #4864, .F. ) ;
#5194 = CIRCLE ( 'NONE', #1940, 0.1999999999999996503 ) ;
#5195 = DIRECTION ( 'NONE',  ( 1.000000000000000000, 0.000000000000000000, 0.000000000000000000 ) ) ;
#5196 = CARTESIAN_POINT ( 'NONE',  ( 5.579999999999999183, 6.084152315493285279, -0.3500000000000000333 ) ) ;
#5197 = EDGE_CURVE ( 'NONE', #5153, #1719, #2879, .T. ) ;
#5198 = CIRCLE ( 'NONE', #3391, 0.1999999999999999833 ) ;
#5199 = ORIENTED_EDGE ( 'NONE', *, *, #2644, .T. ) ;
#5200 = DIRECTION ( 'NONE',  ( -0.000000000000000000, -0.000000000000000000, -1.000000000000000000 ) ) ;
#5201 = CARTESIAN_POINT ( 'NONE',  ( 0.7805695519715610819, 5.815522798723457676, -0.3499999999999999778 ) ) ;
#5202 = DIRECTION ( 'NONE',  ( -0.000000000000000000, -0.000000000000000000, -1.000000000000000000 ) ) ;
#5203 = ORIENTED_EDGE ( 'NONE', *, *, #735, .F. ) ;
#5204 = VECTOR ( 'NONE', #5248, 1000.000000000000000 ) ;
#5205 = CARTESIAN_POINT ( 'NONE',  ( 1.000000000000000444, 6.299999999999999822, -0.3850000000000000089 ) ) ;
#5206 = DIRECTION ( 'NONE',  ( 0.000000000000000000, 0.000000000000000000, -1.000000000000000000 ) ) ;
#5207 = CARTESIAN_POINT ( 'NONE',  ( 0.3500000000000008105, 0.5000000000000005551, 0.3499999999999999778 ) ) ;
#5208 = DIRECTION ( 'NONE',  ( 0.000000000000000000, 1.000000000000000000, -1.668003342285391551E-16 ) ) ;
#5209 = ORIENTED_EDGE ( 'NONE', *, *, #1178, .T. ) ;
#5210 = UNCERTAINTY_MEASURE_WITH_UNIT (LENGTH_MEASURE( 1.000000000000000082E-05 ), #1124, 'distance_accuracy_value', 'NONE');
#5211 = DIRECTION ( 'NONE',  ( -0.000000000000000000, 1.668003342285391551E-16, 1.000000000000000000 ) ) ;
#5212 = VECTOR ( 'NONE', #1580, 1000.000000000000000 ) ;
#5213 = EDGE_CURVE ( 'NONE', #1397, #3063, #5577, .T. ) ;
#5214 = CARTESIAN_POINT ( 'NONE',  ( 3.482500029944759934, 4.124619419408675824, -0.3500000000000000888 ) ) ;
#5215 = CARTESIAN_POINT ( 'NONE',  ( 4.133063051753866901, 4.039780281224065739, -0.3499999999999999778 ) ) ;
#5216 = CARTESIAN_POINT ( 'NONE',  ( 6.080000000000000959, 6.299999999999999822, -0.1283333333333334936 ) ) ;
#5217 = AXIS2_PLACEMENT_3D ( 'NONE', #779, #3503, #3531 ) ;
#5218 = COLOUR_RGB ( '',0.8313725490196077761, 0.6705882352941175961, 0.1294117647058823373 ) ;
#5219 =( LENGTH_UNIT ( ) NAMED_UNIT ( * ) SI_UNIT ( .MILLI., .METRE. ) );
#5220 = VERTEX_POINT ( 'NONE', #5291 ) ;
#5221 = EDGE_CURVE ( 'NONE', #1690, #614, #199, .T. ) ;
#5222 = CARTESIAN_POINT ( 'NONE',  ( 5.766754932607761397, 0.5000000000000000000, -0.3500000000000000888 ) ) ;
#5223 = PRESENTATION_STYLE_ASSIGNMENT (( #2534 ) ) ;
#5224 = CARTESIAN_POINT ( 'NONE',  ( 1.665005870614370220, 5.069026963383189255, -0.3499999999999999778 ) ) ;
#5225 = CARTESIAN_POINT ( 'NONE',  ( 5.528193045422142404, 5.884855341312109189, -0.3500000000000000333 ) ) ;
#5226 = ORIENTED_EDGE ( 'NONE', *, *, #2782, .F. ) ;
#5227 = DIRECTION ( 'NONE',  ( 1.000000000000000000, 1.121588454295349780E-16, -0.000000000000000000 ) ) ;
#5228 = EDGE_CURVE ( 'NONE', #23, #874, #1157, .T. ) ;
#5229 =( LENGTH_UNIT ( ) NAMED_UNIT ( * ) SI_UNIT ( .MILLI., .METRE. ) );
#5230 = CARTESIAN_POINT ( 'NONE',  ( 0.8192859076622390768, 5.570187327444200420, -0.3499999999999998668 ) ) ;
#5231 = PRESENTATION_STYLE_ASSIGNMENT (( #282 ) ) ;
#5232 = VERTEX_POINT ( 'NONE', #2992 ) ;
#5233 = STYLED_ITEM ( 'NONE', ( #4883 ), #3983 ) ;
#5234 = CARTESIAN_POINT ( 'NONE',  ( 5.430000000000000604, 8.000000000000000000, -0.3500000000000000333 ) ) ;
#5235 = FACE_OUTER_BOUND ( 'NONE', #4463, .T. ) ;
#5236 = SURFACE_STYLE_FILL_AREA ( #3541 ) ;
#5237 = DIRECTION ( 'NONE',  ( 0.000000000000000000, -1.000000000000000000, 0.000000000000000000 ) ) ;
#5238 = ORIENTED_EDGE ( 'NONE', *, *, #4540, .F. ) ;
#5239 = PRESENTATION_STYLE_ASSIGNMENT (( #211 ) ) ;
#5240 = PRESENTATION_STYLE_ASSIGNMENT (( #2037 ) ) ;
#5241 = UNCERTAINTY_MEASURE_WITH_UNIT (LENGTH_MEASURE( 1.000000000000000082E-05 ), #5179, 'distance_accuracy_value', 'NONE');
#5242 = CARTESIAN_POINT ( 'NONE',  ( 4.080000000000000959, 2.207665535523968270, -0.3499999999999999778 ) ) ;
#5243 = VECTOR ( 'NONE', #1726, 1000.000000000000000 ) ;
#5244 = DIRECTION ( 'NONE',  ( -0.000000000000000000, 0.000000000000000000, 1.000000000000000000 ) ) ;
#5245 = ADVANCED_FACE ( 'NONE', ( #3020 ), #5688, .F. ) ;
#5246 = ORIENTED_EDGE ( 'NONE', *, *, #2895, .T. ) ;
#5247 = STYLED_ITEM ( 'NONE', ( #2126 ), #3585 ) ;
#5248 = DIRECTION ( 'NONE',  ( 0.000000000000000000, 1.000000000000000000, -1.668003342285391797E-16 ) ) ;
#5249 = DIRECTION ( 'NONE',  ( 1.000000000000000000, -0.000000000000000000, 0.000000000000000000 ) ) ;
#5250 = CARTESIAN_POINT ( 'NONE',  ( -0.5218457338839801452, 5.626229152235333153, 0.3499999999999999778 ) ) ;
#5251 = CARTESIAN_POINT ( 'NONE',  ( 1.593063051753866866, 4.039780281224067515, -0.3500000000000000333 ) ) ;
#5252 =( NAMED_UNIT ( * ) SI_UNIT ( $, .STERADIAN. ) SOLID_ANGLE_UNIT ( ) );
#5253 = ADVANCED_FACE ( 'NONE', ( #1777 ), #2660, .F. ) ;
#5254 = EDGE_CURVE ( 'NONE', #2748, #5321, #1631, .T. ) ;
#5255 = ORIENTED_EDGE ( 'NONE', *, *, #5895, .F. ) ;
#5256 = AXIS2_PLACEMENT_3D ( 'NONE', #1335, #878, #2814 ) ;
#5257 = PLANE ( 'NONE',  #2907 ) ;
#5258 = DIRECTION ( 'NONE',  ( 0.000000000000000000, 0.000000000000000000, -1.000000000000000000 ) ) ;
#5259 = FACE_OUTER_BOUND ( 'NONE', #626, .T. ) ;
#5260 = DIRECTION ( 'NONE',  ( 0.000000000000000000, -0.000000000000000000, -1.000000000000000000 ) ) ;
#5261 = COLOUR_RGB ( '',0.8313725490196077761, 0.6705882352941175961, 0.1294117647058823373 ) ;
#5262 = CARTESIAN_POINT ( 'NONE',  ( 1.575000000000001066, -1.575000000000001066, 0.3499999999999999778 ) ) ;
#5263 = DIRECTION ( 'NONE',  ( -0.000000000000000000, -1.000000000000000000, 1.668003342285392044E-16 ) ) ;
#5264 = EDGE_CURVE ( 'NONE', #5618, #2472, #922, .T. ) ;
#5265 = ORIENTED_EDGE ( 'NONE', *, *, #735, .T. ) ;
#5266 = VECTOR ( 'NONE', #5908, 1000.000000000000000 ) ;
#5267 = CARTESIAN_POINT ( 'NONE',  ( 1.000000000000000444, 6.299999999999999822, -0.1283333333333334936 ) ) ;
#5268 = CARTESIAN_POINT ( 'NONE',  ( 4.393245067392238745, 0.5000000000000000000, -0.3500000000000000888 ) ) ;
#5269 = CARTESIAN_POINT ( 'NONE',  ( 5.940164356702981152, 5.218128553112162393, -0.3499999999999999778 ) ) ;
#5270 = LINE ( 'NONE', #1587, #2172 ) ;
#5271 = MECHANICAL_DESIGN_GEOMETRIC_PRESENTATION_REPRESENTATION (  '', ( #391 ), #3191 ) ;
#5272 = ORIENTED_EDGE ( 'NONE', *, *, #2382, .T. ) ;
#5273 = CARTESIAN_POINT ( 'NONE',  ( -0.7881569290043646259, 5.771059683742046253, -0.3499999999999999778 ) ) ;
#5274 = CARTESIAN_POINT ( 'NONE',  ( 5.994708104564600681, 4.597665842580768825, 0.3499999999999999223 ) ) ;
#5275 = FILL_AREA_STYLE ('',( #1703 ) ) ;
#5276 =( LENGTH_UNIT ( ) NAMED_UNIT ( * ) SI_UNIT ( .MILLI., .METRE. ) );
#5277 = EDGE_CURVE ( 'NONE', #503, #1065, #369, .T. ) ;
#5278 = ORIENTED_EDGE ( 'NONE', *, *, #4679, .F. ) ;
#5279 = CARTESIAN_POINT ( 'NONE',  ( 0.7871219925015897623, 5.777242093666581368, 0.3500000000000000888 ) ) ;
#5280 = DIRECTION ( 'NONE',  ( -0.7071067811865475727, 0.7071067811865475727, 0.000000000000000000 ) ) ;
#5281 = FILL_AREA_STYLE ('',( #2592 ) ) ;
#5282 = LINE ( 'NONE', #4409, #465 ) ;
#5283 =( LENGTH_UNIT ( ) NAMED_UNIT ( * ) SI_UNIT ( .MILLI., .METRE. ) );
#5284 = AXIS2_PLACEMENT_3D ( 'NONE', #3392, #5605, #1463 ) ;
#5285 = AXIS2_PLACEMENT_3D ( 'NONE', #2966, #4783, #4815 ) ;
#5286 = ORIENTED_EDGE ( 'NONE', *, *, #4603, .F. ) ;
#5287 = DIRECTION ( 'NONE',  ( -0.000000000000000000, -1.668003342285388099E-16, -1.000000000000000000 ) ) ;
#5288 = SURFACE_STYLE_USAGE ( .BOTH. , #2020 ) ;
#5289 = AXIS2_PLACEMENT_3D ( 'NONE', #2257, #467, #5929 ) ;
#5290 = ORIENTED_EDGE ( 'NONE', *, *, #4278, .T. ) ;
#5291 = CARTESIAN_POINT ( 'NONE',  ( 0.6867549326077615479, 8.000000000000000000, -0.6500000000000025757 ) ) ;
#5292 = EDGE_CURVE ( 'NONE', #2881, #1249, #401, .T. ) ;
#5293 =( NAMED_UNIT ( * ) PLANE_ANGLE_UNIT ( ) SI_UNIT ( $, .RADIAN. ) );
#5294 = ORIENTED_EDGE ( 'NONE', *, *, #1441, .F. ) ;
#5295 =( GEOMETRIC_REPRESENTATION_CONTEXT ( 3 ) GLOBAL_UNCERTAINTY_ASSIGNED_CONTEXT ( ( #3851 ) ) GLOBAL_UNIT_ASSIGNED_CONTEXT ( ( #748, #2100, #3474 ) ) REPRESENTATION_CONTEXT ( 'NONE', 'WORKASPACE' ) );
#5296 = MECHANICAL_DESIGN_GEOMETRIC_PRESENTATION_REPRESENTATION (  '', ( #1656 ), #5010 ) ;
#5297 = LINE ( 'NONE', #3026, #1359 ) ;
#5298 = FACE_OUTER_BOUND ( 'NONE', #780, .T. ) ;
#5299 = EDGE_CURVE ( 'NONE', #823, #3130, #339, .T. ) ;
#5300 = DIRECTION ( 'NONE',  ( -1.000000000000000000, -0.000000000000000000, -0.000000000000000000 ) ) ;
#5301 = AXIS2_PLACEMENT_3D ( 'NONE', #2864, #5132, #2470 ) ;
#5302 = PLANE ( 'NONE',  #5919 ) ;
#5303 = ORIENTED_EDGE ( 'NONE', *, *, #2555, .F. ) ;
#5304 = DIRECTION ( 'NONE',  ( 0.000000000000000000, 1.000000000000000000, -1.668003342285391797E-16 ) ) ;
#5305 = EDGE_CURVE ( 'NONE', #2756, #3501, #5865, .T. ) ;
#5306 = CIRCLE ( 'NONE', #3016, 0.1999999999999999833 ) ;
#5307 = CYLINDRICAL_SURFACE ( 'NONE', #5631, 0.1999999999999996503 ) ;
#5308 = DIRECTION ( 'NONE',  ( 1.000000000000000000, 0.000000000000000000, 0.000000000000000000 ) ) ;
#5309 = VECTOR ( 'NONE', #2649, 1000.000000000000000 ) ;
#5310 = UNCERTAINTY_MEASURE_WITH_UNIT (LENGTH_MEASURE( 1.000000000000000082E-05 ), #1533, 'distance_accuracy_value', 'NONE');
#5311 = ORIENTED_EDGE ( 'NONE', *, *, #2738, .F. ) ;
#5312 = EDGE_CURVE ( 'NONE', #5220, #4475, #1751, .T. ) ;
#5313 = CARTESIAN_POINT ( 'NONE',  ( 0.9527233231640321875, 3.923639721076658038, 0.3500000000000000333 ) ) ;
#5314 = DIRECTION ( 'NONE',  ( -0.000000000000000000, -1.000000000000000000, 1.668003342285392044E-16 ) ) ;
#5315 = CARTESIAN_POINT ( 'NONE',  ( 2.890000000000000124, 8.199999999999999289, 0.3499999999999999778 ) ) ;
#5316 = CARTESIAN_POINT ( 'NONE',  ( 1.625291895435265754, 4.597665842577885797, -0.3499999999999998668 ) ) ;
#5317 = VECTOR ( 'NONE', #1730, 1000.000000000000114 ) ;
#5318 = DIRECTION ( 'NONE',  ( -0.000000000000000000, 4.336808689942017243E-16, 1.000000000000000000 ) ) ;
#5319 = EDGE_LOOP ( 'NONE', ( #4621, #5046, #2450, #3994 ) ) ;
#5320 = DIRECTION ( 'NONE',  ( 3.097720492815726426E-17, -1.000000000000000000, 0.000000000000000000 ) ) ;
#5321 = VERTEX_POINT ( 'NONE', #5898 ) ;
#5322 = CARTESIAN_POINT ( 'NONE',  ( 0.9446954869561655643, 4.083092593512565038, -0.3499999999999998668 ) ) ;
#5323 =( LENGTH_UNIT ( ) NAMED_UNIT ( * ) SI_UNIT ( .MILLI., .METRE. ) );
#5324 = ORIENTED_EDGE ( 'NONE', *, *, #1036, .T. ) ;
#5325 = ADVANCED_FACE ( 'NONE', ( #5351 ), #5925, .F. ) ;
#5326 = CARTESIAN_POINT ( 'NONE',  ( -0.8001678768757278792, 5.699693040756021567, 0.3500000000000000333 ) ) ;
#5327 = CARTESIAN_POINT ( 'NONE',  ( -0.4999999999999985012, 6.299999999999999822, -0.3499999999999999778 ) ) ;
#5328 = CARTESIAN_POINT ( 'NONE',  ( 2.890000000000000124, 8.199999999999999289, 0.3499999999999999778 ) ) ;
#5329 = LINE ( 'NONE', #708, #4852 ) ;
#5330 = ORIENTED_EDGE ( 'NONE', *, *, #3560, .F. ) ;
#5331 = EDGE_LOOP ( 'NONE', ( #2305, #4061, #4510, #488 ) ) ;
#5332 = EDGE_CURVE ( 'NONE', #5100, #2594, #1434, .T. ) ;
#5333 = CARTESIAN_POINT ( 'NONE',  ( 2.390000000000000568, -3.000000000000000000, -0.3499999999999999778 ) ) ;
#5334 =( NAMED_UNIT ( * ) SI_UNIT ( $, .STERADIAN. ) SOLID_ANGLE_UNIT ( ) );
#5335 = DIRECTION ( 'NONE',  ( 0.000000000000000000, -0.000000000000000000, -1.000000000000000000 ) ) ;
#5336 = EDGE_CURVE ( 'NONE', #2637, #5019, #131, .T. ) ;
#5337 = VERTEX_POINT ( 'NONE', #4121 ) ;
#5338 =( GEOMETRIC_REPRESENTATION_CONTEXT ( 3 ) GLOBAL_UNCERTAINTY_ASSIGNED_CONTEXT ( ( #558 ) ) GLOBAL_UNIT_ASSIGNED_CONTEXT ( ( #1748, #3133, #2598 ) ) REPRESENTATION_CONTEXT ( 'NONE', 'WORKASPACE' ) );
#5339 = CARTESIAN_POINT ( 'NONE',  ( 0.3500000000000000333, 8.199999999999999289, 0.3499999999999999778 ) ) ;
#5340 = VECTOR ( 'NONE', #1104, 1000.000000000000000 ) ;
#5341 = LINE ( 'NONE', #1740, #5838 ) ;
#5342 = FACE_OUTER_BOUND ( 'NONE', #2385, .T. ) ;
#5343 = DIRECTION ( 'NONE',  ( 0.000000000000000000, 0.000000000000000000, -1.000000000000000000 ) ) ;
#5344 = DIRECTION ( 'NONE',  ( -0.000000000000000000, -1.668003342285388099E-16, -1.000000000000000000 ) ) ;
#5346 = ADVANCED_FACE ( 'NONE', ( #4593 ), #2350, .F. ) ;
#5345 = ORIENTED_EDGE ( 'NONE', *, *, #4921, .F. ) ;
#5347 = VECTOR ( 'NONE', #2718, 1000.000000000000000 ) ;
#5348 = ORIENTED_EDGE ( 'NONE', *, *, #5312, .T. ) ;
#5349 = CYLINDRICAL_SURFACE ( 'NONE', #4301, 0.1999999999999999833 ) ;
#5350 = ORIENTED_EDGE ( 'NONE', *, *, #4885, .T. ) ;
#5351 = FACE_OUTER_BOUND ( 'NONE', #3487, .T. ) ;
#5352 = CARTESIAN_POINT ( 'NONE',  ( 0.3500000000000000333, 8.199999999999999289, 0.3499999999999999778 ) ) ;
#5353 = CARTESIAN_POINT ( 'NONE',  ( 3.140000000000000568, 6.299999999999999822, 0.1166666666666665853 ) ) ;
#5354 = VECTOR ( 'NONE', #3621, 1000.000000000000000 ) ;
#5355 = ORIENTED_EDGE ( 'NONE', *, *, #2459, .F. ) ;
#5356 = CARTESIAN_POINT ( 'NONE',  ( -0.8506397697902383648, 5.307482533055398299, 0.3499999999999998113 ) ) ;
#5357 = UNCERTAINTY_MEASURE_WITH_UNIT (LENGTH_MEASURE( 1.000000000000000082E-05 ), #1783, 'distance_accuracy_value', 'NONE');
#5358 = CARTESIAN_POINT ( 'NONE',  ( 5.430000000000000604, 1.084202172485506745E-17, 0.3499999999999999778 ) ) ;
#5359 = CIRCLE ( 'NONE', #4218, 0.2999999999999999889 ) ;
#5360 = CARTESIAN_POINT ( 'NONE',  ( -0.3499999999999991451, 0.5000000000000005551, -0.3499999999999999778 ) ) ;
#5361 = VECTOR ( 'NONE', #4652, 1000.000000000000114 ) ;
#5362 = LINE ( 'NONE', #5748, #3683 ) ;
#5363 = CARTESIAN_POINT ( 'NONE',  ( 4.290396961982261281, 5.762359718947903886, -0.3499999999999999778 ) ) ;
#5364 = CARTESIAN_POINT ( 'NONE',  ( 3.540000000000000036, 6.500000000000000888, -0.3500000000000010880 ) ) ;
#5365 = ORIENTED_EDGE ( 'NONE', *, *, #631, .T. ) ;
#5366 = PRESENTATION_LAYER_ASSIGNMENT (  '', '', ( #482 ) ) ;
#5367 = ORIENTED_EDGE ( 'NONE', *, *, #2006, .F. ) ;
#5368 = FILL_AREA_STYLE ('',( #3547 ) ) ;
#5369 = MANIFOLD_SOLID_BREP ( 'LPattern18[1]', #1279 ) ;
#5370 =( GEOMETRIC_REPRESENTATION_CONTEXT ( 3 ) GLOBAL_UNCERTAINTY_ASSIGNED_CONTEXT ( ( #976 ) ) GLOBAL_UNIT_ASSIGNED_CONTEXT ( ( #2543, #230, #3421 ) ) REPRESENTATION_CONTEXT ( 'NONE', 'WORKASPACE' ) );
#5371 = DIRECTION ( 'NONE',  ( -1.000000000000000000, 0.000000000000000000, 7.744301232039316681E-17 ) ) ;
#5372 = PRESENTATION_STYLE_ASSIGNMENT (( #4401 ) ) ;
#5373 = ADVANCED_FACE ( 'NONE', ( #1507 ), #1861, .F. ) ;
#5374 = CARTESIAN_POINT ( 'NONE',  ( 0.3525240155457787239, 5.732672356334978403, 0.3499999999999999778 ) ) ;
#5375 = ORIENTED_EDGE ( 'NONE', *, *, #5379, .F. ) ;
#5376 = CARTESIAN_POINT ( 'NONE',  ( 2.540000000000000036, -3.000000000000000000, -0.3499999999999999778 ) ) ;
#5377 = LINE ( 'NONE', #2124, #2190 ) ;
#5378 = LINE ( 'NONE', #5888, #2492 ) ;
#5379 = EDGE_CURVE ( 'NONE', #680, #5602, #5101, .T. ) ;
#5380 = CARTESIAN_POINT ( 'NONE',  ( 1.840000000000000524, 0.5000000000000004441, -0.3499999999999999778 ) ) ;
#5381 = COLOUR_RGB ( '',0.8313725490196077761, 0.6705882352941175961, 0.1294117647058823373 ) ;
#5382 = CARTESIAN_POINT ( 'NONE',  ( 5.766754932607761397, 10.39117142264903570, 0.6499999999999995781 ) ) ;
#5383 = ORIENTED_EDGE ( 'NONE', *, *, #5043, .T. ) ;
#5384 = ORIENTED_EDGE ( 'NONE', *, *, #1150, .T. ) ;
#5385 = FILL_AREA_STYLE ('',( #5896 ) ) ;
#5386 = ORIENTED_EDGE ( 'NONE', *, *, #1563, .F. ) ;
#5387 = EDGE_CURVE ( 'NONE', #373, #548, #1386, .T. ) ;
#5388 = VECTOR ( 'NONE', #2163, 1000.000000000000000 ) ;
#5389 = CARTESIAN_POINT ( 'NONE',  ( -0.9999999999999996669, 6.299999999999999822, 0.3850000000000000089 ) ) ;
#5390 = PLANE ( 'NONE',  #332 ) ;
#5391 = ORIENTED_EDGE ( 'NONE', *, *, #5221, .T. ) ;
#5392 =( GEOMETRIC_REPRESENTATION_CONTEXT ( 3 ) GLOBAL_UNCERTAINTY_ASSIGNED_CONTEXT ( ( #5695 ) ) GLOBAL_UNIT_ASSIGNED_CONTEXT ( ( #3842, #5663, #3335 ) ) REPRESENTATION_CONTEXT ( 'NONE', 'WORKASPACE' ) );
#5393 = CARTESIAN_POINT ( 'NONE',  ( -0.9399798843744761045, 4.171275002134292365, 0.3499999999999999778 ) ) ;
#5394 = DIRECTION ( 'NONE',  ( -0.000000000000000000, -0.000000000000000000, -1.000000000000000000 ) ) ;
#5395 = CARTESIAN_POINT ( 'NONE',  ( 3.505000000000001226, -1.575000000000006173, 0.3499999999999999778 ) ) ;
#5396 = LINE ( 'NONE', #4970, #4928 ) ;
#5397 = PRESENTATION_LAYER_ASSIGNMENT (  '', '', ( #2912 ) ) ;
#5398 = ORIENTED_EDGE ( 'NONE', *, *, #1742, .F. ) ;
#5399 = VERTEX_POINT ( 'NONE', #4216 ) ;
#5400 = FILL_AREA_STYLE_COLOUR ( '', #4257 ) ;
#5401 = DIRECTION ( 'NONE',  ( 0.000000000000000000, 0.000000000000000000, -1.000000000000000000 ) ) ;
#5402 = FACE_OUTER_BOUND ( 'NONE', #5473, .T. ) ;
#5403 = EDGE_CURVE ( 'NONE', #2732, #1255, #3707, .T. ) ;
#5404 = COLOUR_RGB ( '',0.8313725490196077761, 0.6705882352941175961, 0.1294117647058823373 ) ;
#5405 = ORIENTED_EDGE ( 'NONE', *, *, #2889, .T. ) ;
#5406 = CARTESIAN_POINT ( 'NONE',  ( 3.173148314883513343, 6.299478870653064888, -0.3500000000000000333 ) ) ;
#5407 = DIRECTION ( 'NONE',  ( 1.000000000000000000, 0.000000000000000000, 0.000000000000000000 ) ) ;
#5408 = CARTESIAN_POINT ( 'NONE',  ( 6.080000000000000071, 0.5000000000000000000, -0.3500000000000000888 ) ) ;
#5409 = SURFACE_STYLE_FILL_AREA ( #4503 ) ;
#5410 = CARTESIAN_POINT ( 'NONE',  ( 3.039999999999998259, 6.299999999999999822, -0.3499999999999999778 ) ) ;
#5411 = ORIENTED_EDGE ( 'NONE', *, *, #204, .T. ) ;
#5412 = ADVANCED_FACE ( 'NONE', ( #3350 ), #5164, .F. ) ;
#5413 = ORIENTED_EDGE ( 'NONE', *, *, #2143, .T. ) ;
#5414 = ORIENTED_EDGE ( 'NONE', *, *, #1350, .T. ) ;
#5415 = CARTESIAN_POINT ( 'NONE',  ( 2.540000000000000036, 0.5000000000000005551, 0.3499999999999999778 ) ) ;
#5416 = CARTESIAN_POINT ( 'NONE',  ( 5.766754932607761397, 8.000000000000000000, 0.6500000000000000222 ) ) ;
#5417 = VERTEX_POINT ( 'NONE', #1479 ) ;
#5418 = STYLED_ITEM ( 'NONE', ( #1655 ), #1965 ) ;
#5419 = ADVANCED_FACE ( 'NONE', ( #4564 ), #461, .F. ) ;
#5420 = LINE ( 'NONE', #4935, #3770 ) ;
#5421 = PRESENTATION_STYLE_ASSIGNMENT (( #5873 ) ) ;
#5422 =( BOUNDED_CURVE ( )  B_SPLINE_CURVE ( 3, ( #215, #1246, #2922, #4302, #4357, #2038, #2010 ),
 .UNSPECIFIED., .F., .F. ) 
 B_SPLINE_CURVE_WITH_KNOTS ( ( 4, 3, 4 ),
 ( 0.8078321013870638501, 3.141592653589792228, 5.475353205792520050 ),
 .UNSPECIFIED. ) 
 CURVE ( )  GEOMETRIC_REPRESENTATION_ITEM ( )  RATIONAL_B_SPLINE_CURVE ( ( 1.000000000000000000, 0.5953481791230079700, 0.5953481791230079700, 1.000000000000000000, 0.5953481791230080811, 0.5953481791230080811, 1.000000000000000000 ) ) 
 REPRESENTATION_ITEM ( '' )  );
#5423 = CARTESIAN_POINT ( 'NONE',  ( 5.430000000000000604, 0.5000000000000005551, 0.3499999999999999778 ) ) ;
#5424 = DIRECTION ( 'NONE',  ( -0.000000000000000000, -0.000000000000000000, -1.000000000000000000 ) ) ;
#5425 = LINE ( 'NONE', #5395, #3370 ) ;
#5426 = CARTESIAN_POINT ( 'NONE',  ( 1.853245067392238710, 0.5000000000000002220, 0.3499999999999998668 ) ) ;
#5427 = ORIENTED_EDGE ( 'NONE', *, *, #1527, .F. ) ;
#5428 = ORIENTED_EDGE ( 'NONE', *, *, #1132, .F. ) ;
#5429 = CARTESIAN_POINT ( 'NONE',  ( -1.469999999999999973, 8.500000000000000000, 1.199999999999999956 ) ) ;
#5430 = MANIFOLD_SOLID_BREP ( 'LPattern17', #420 ) ;
#5431 = CARTESIAN_POINT ( 'NONE',  ( 6.550000000000000711, 0.000000000000000000, -1.199999999999999956 ) ) ;
#5432 = CARTESIAN_POINT ( 'NONE',  ( 1.940000000000000613, 6.299999999999999822, -0.3499999999999999778 ) ) ;
#5433 = CARTESIAN_POINT ( 'NONE',  ( 1.670384757729335368, 8.500000000000000000, 0.8696152422706645568 ) ) ;
#5434 = AXIS2_PLACEMENT_3D ( 'NONE', #4554, #4646, #5491 ) ;
#5435 = VERTEX_POINT ( 'NONE', #5234 ) ;
#5436 = LINE ( 'NONE', #1317, #4396 ) ;
#5437 = DIRECTION ( 'NONE',  ( 0.000000000000000000, -0.000000000000000000, -1.000000000000000000 ) ) ;
#5438 = CARTESIAN_POINT ( 'NONE',  ( -0.6867549326077613259, 0.5000000000000002220, 0.3499999999999998668 ) ) ;
#5439 = FILL_AREA_STYLE_COLOUR ( '', #843 ) ;
#5440 = VERTEX_POINT ( 'NONE', #2460 ) ;
#5441 = DIRECTION ( 'NONE',  ( -1.000000000000000000, 0.000000000000000000, 0.000000000000000000 ) ) ;
#5442 = VERTEX_POINT ( 'NONE', #258 ) ;
#5443 = LINE ( 'NONE', #4444, #5169 ) ;
#5444 = ORIENTED_EDGE ( 'NONE', *, *, #4440, .F. ) ;
#5446 = ADVANCED_FACE ( 'NONE', ( #5145 ), #2868, .T. ) ;
#5445 = VECTOR ( 'NONE', #4456, 1000.000000000000000 ) ;
#5447 = ORIENTED_EDGE ( 'NONE', *, *, #2850, .F. ) ;
#5448 = DIRECTION ( 'NONE',  ( -1.000000000000000000, -0.000000000000000000, -0.000000000000000000 ) ) ;
#5449 = LINE ( 'NONE', #4002, #5445 ) ;
#5450 = DIRECTION ( 'NONE',  ( 0.000000000000000000, -1.000000000000000000, 0.000000000000000000 ) ) ;
#5451 = CARTESIAN_POINT ( 'NONE',  ( -1.000000000000000000, 6.500000000000000888, -0.3500000000000010880 ) ) ;
#5452 = MECHANICAL_DESIGN_GEOMETRIC_PRESENTATION_REPRESENTATION (  '', ( #4678 ), #4392 ) ;
#5453 = CARTESIAN_POINT ( 'NONE',  ( 3.540000000000001368, 6.299999999999999822, 0.3850000000000000089 ) ) ;
#5454 = CARTESIAN_POINT ( 'NONE',  ( 2.890000000000001013, -2.800000000000001155, -0.3499999999999999778 ) ) ;
#5455 = CARTESIAN_POINT ( 'NONE',  ( 1.000000000000000000, 6.500000000000000888, 0.3499999999999989231 ) ) ;
#5456 = EDGE_CURVE ( 'NONE', #2045, #5618, #5797, .T. ) ;
#5457 = VERTEX_POINT ( 'NONE', #2138 ) ;
#5458 = ORIENTED_EDGE ( 'NONE', *, *, #2411, .T. ) ;
#5459 = VECTOR ( 'NONE', #1685, 1000.000000000000000 ) ;
#5460 =( NAMED_UNIT ( * ) PLANE_ANGLE_UNIT ( ) SI_UNIT ( $, .RADIAN. ) );
#5461 = DIRECTION ( 'NONE',  ( 0.000000000000000000, 3.097720492815727166E-16, 1.000000000000000000 ) ) ;
#5462 = CARTESIAN_POINT ( 'NONE',  ( 1.940000000000000613, 6.299999999999999822, 0.3499999999999999778 ) ) ;
#5463 = EDGE_CURVE ( 'NONE', #5040, #2174, #4454, .T. ) ;
#5464 = CARTESIAN_POINT ( 'NONE',  ( 2.189999999999999947, 0.000000000000000000, -0.3499999999999999778 ) ) ;
#5465 = AXIS2_PLACEMENT_3D ( 'NONE', #1032, #5173, #5141 ) ;
#5466 = ORIENTED_EDGE ( 'NONE', *, *, #3373, .F. ) ;
#5467 = CARTESIAN_POINT ( 'NONE',  ( 3.325140250919767393, 5.788964205960195564, -0.3500000000000000333 ) ) ;
#5468 = LINE ( 'NONE', #920, #5647 ) ;
#5469 = EDGE_CURVE ( 'NONE', #69, #5162, #5871, .T. ) ;
#5470 = LINE ( 'NONE', #4470, #5347 ) ;
#5471 = MANIFOLD_SOLID_BREP ( 'Fillet3', #520 ) ;
#5472 = PRESENTATION_STYLE_ASSIGNMENT (( #1829 ) ) ;
#5473 = EDGE_LOOP ( 'NONE', ( #2871, #2828, #1225, #1780 ) ) ;
#5474 = ORIENTED_EDGE ( 'NONE', *, *, #846, .F. ) ;
#5475 = DIRECTION ( 'NONE',  ( -0.000000000000000000, 0.000000000000000000, 1.000000000000000000 ) ) ;
#5476 = CARTESIAN_POINT ( 'NONE',  ( 1.765852863327320721, 5.851685420754309419, 0.3500000000000000333 ) ) ;
#5477 = ORIENTED_EDGE ( 'NONE', *, *, #4704, .T. ) ;
#5478 = CARTESIAN_POINT ( 'NONE',  ( -1.000000000000000000, 6.500000000000000888, 0.3499999999999989231 ) ) ;
#5479 = EDGE_CURVE ( 'NONE', #2101, #4892, #5420, .T. ) ;
#5480 = B_SPLINE_CURVE_WITH_KNOTS ( 'NONE', 3,
 ( #4866, #5353, #5802, #4962 ),
 .UNSPECIFIED., .F., .F.,
 ( 4, 4 ),
 ( 0.000000000000000000, 1.000000000000000000 ),
 .UNSPECIFIED. ) ;
#5481 =( NAMED_UNIT ( * ) SI_UNIT ( $, .STERADIAN. ) SOLID_ANGLE_UNIT ( ) );
#5482 = MECHANICAL_DESIGN_GEOMETRIC_PRESENTATION_REPRESENTATION (  '', ( #2611 ), #684 ) ;
#5483 = CARTESIAN_POINT ( 'NONE',  ( -1.469999999999999973, 8.500000000000000000, 1.199999999999999956 ) ) ;
#5484 = CARTESIAN_POINT ( 'NONE',  ( 1.894533521472694604, 3.877691542223590471, 0.3500000000000000333 ) ) ;
#5485 = ORIENTED_EDGE ( 'NONE', *, *, #5332, .T. ) ;
#5486 = VECTOR ( 'NONE', #311, 1000.000000000000000 ) ;
#5487 = ORIENTED_EDGE ( 'NONE', *, *, #4824, .F. ) ;
#5488 = EDGE_CURVE ( 'NONE', #5417, #445, #2665, .T. ) ;
#5489 = LINE ( 'NONE', #5429, #859 ) ;
#5490 = CARTESIAN_POINT ( 'NONE',  ( 4.224309810834100176, 5.260692584315934894, 0.3499999999999999778 ) ) ;
#5491 = DIRECTION ( 'NONE',  ( 0.000000000000000000, 3.097720492815727166E-16, 1.000000000000000000 ) ) ;
#5492 = COLOUR_RGB ( '',0.8313725490196077761, 0.6705882352941175961, 0.1294117647058823373 ) ;
#5493 = EDGE_CURVE ( 'NONE', #5417, #2557, #1637, .T. ) ;
#5494 = COLOUR_RGB ( '',0.8313725490196077761, 0.6705882352941175961, 0.1294117647058823373 ) ;
#5495 = ORIENTED_EDGE ( 'NONE', *, *, #856, .F. ) ;
#5496 = FILL_AREA_STYLE_COLOUR ( '', #890 ) ;
#5497 = CARTESIAN_POINT ( 'NONE',  ( 5.079999999999999183, 1.700000000000000178, -0.3499999999999999778 ) ) ;
#5498 = FILL_AREA_STYLE ('',( #5557 ) ) ;
#5499 = SURFACE_STYLE_FILL_AREA ( #1948 ) ;
#5500 = DIRECTION ( 'NONE',  ( -1.000000000000000000, -3.097720492815726426E-17, 0.000000000000000000 ) ) ;
#5501 = ORIENTED_EDGE ( 'NONE', *, *, #3843, .F. ) ;
#5502 = LINE ( 'NONE', #2697, #2500 ) ;
#5503 = CARTESIAN_POINT ( 'NONE',  ( 3.003356898907900252, 1.699999999999997957, 0.3499999999999999778 ) ) ;
#5504 = ORIENTED_EDGE ( 'NONE', *, *, #2953, .T. ) ;
#5505 = DIRECTION ( 'NONE',  ( 0.000000000000000000, 1.000000000000000000, -1.668003342285391551E-16 ) ) ;
#5506 = VECTOR ( 'NONE', #3690, 1000.000000000000000 ) ;
#5507 = FACE_OUTER_BOUND ( 'NONE', #1738, .T. ) ;
#5508 = SURFACE_STYLE_FILL_AREA ( #3687 ) ;
#5509 = DIRECTION ( 'NONE',  ( -1.000000000000000000, 0.000000000000000000, 0.000000000000000000 ) ) ;
#5510 = CARTESIAN_POINT ( 'NONE',  ( 4.080000000000000071, 6.500000000000000888, -0.3500000000000010880 ) ) ;
#5511 = COLOUR_RGB ( '',0.8313725490196077761, 0.6705882352941175961, 0.1294117647058823373 ) ;
#5512 = EDGE_CURVE ( 'NONE', #343, #2695, #5297, .T. ) ;
#5513 = ORIENTED_EDGE ( 'NONE', *, *, #574, .T. ) ;
#5514 = ORIENTED_EDGE ( 'NONE', *, *, #3409, .F. ) ;
#5515 =( NAMED_UNIT ( * ) PLANE_ANGLE_UNIT ( ) SI_UNIT ( $, .RADIAN. ) );
#5516 = CARTESIAN_POINT ( 'NONE',  ( 5.405255819881805479, 5.589454083063163381, 0.3499999999999999778 ) ) ;
#5517 = EDGE_CURVE ( 'NONE', #4052, #291, #344, .T. ) ;
#5518 = ORIENTED_EDGE ( 'NONE', *, *, #2818, .F. ) ;
#5519 = SURFACE_STYLE_USAGE ( .BOTH. , #2766 ) ;
#5520 = SURFACE_SIDE_STYLE ('',( #5556 ) ) ;
#5521 = CARTESIAN_POINT ( 'NONE',  ( 4.480000000000000426, 6.299999999999999822, -0.3499999999999999778 ) ) ;
#5522 = ADVANCED_FACE ( 'NONE', ( #5804 ), #2572, .F. ) ;
#5523 = CARTESIAN_POINT ( 'NONE',  ( 3.488897102351113944, 4.001162287970013054, 0.3499999999999999778 ) ) ;
#5524 = ORIENTED_EDGE ( 'NONE', *, *, #3148, .F. ) ;
#5525 = ORIENTED_EDGE ( 'NONE', *, *, #2764, .T. ) ;
#5526 = CARTESIAN_POINT ( 'NONE',  ( -0.3500000000000000333, 0.000000000000000000, 0.3499999999999999778 ) ) ;
#5527 = CARTESIAN_POINT ( 'NONE',  ( 3.540000000000000036, 6.500000000000000888, 0.3499999999999989231 ) ) ;
#5528 = DIRECTION ( 'NONE',  ( 0.000000000000000000, 1.000000000000000000, -1.668003342285391797E-16 ) ) ;
#5529 = EDGE_CURVE ( 'NONE', #2804, #5924, #5903, .T. ) ;
#5530 = ORIENTED_EDGE ( 'NONE', *, *, #1043, .F. ) ;
#5531 = COLOUR_RGB ( '',0.000000000000000000, 0.000000000000000000, 0.000000000000000000 ) ;
#5532 = PLANE ( 'NONE',  #3198 ) ;
#5533 = SURFACE_SIDE_STYLE ('',( #47 ) ) ;
#5534 = CARTESIAN_POINT ( 'NONE',  ( 0.6867549326077613259, 0.5000000000000002220, 0.6500000000000010214 ) ) ;
#5535 = CARTESIAN_POINT ( 'NONE',  ( 5.080000000000000071, 0.000000000000000000, 0.3499999999999999778 ) ) ;
#5536 = VECTOR ( 'NONE', #2081, 1000.000000000000000 ) ;
#5537 = AXIS2_PLACEMENT_3D ( 'NONE', #449, #3308, #2269 ) ;
#5538 = CARTESIAN_POINT ( 'NONE',  ( 0.1500000000000021316, -3.000000000000000000, 0.3499999999999999778 ) ) ;
#5539 = UNCERTAINTY_MEASURE_WITH_UNIT (LENGTH_MEASURE( 1.000000000000000082E-05 ), #2694, 'distance_accuracy_value', 'NONE');
#5540 = ORIENTED_EDGE ( 'NONE', *, *, #392, .T. ) ;
#5541 = ORIENTED_EDGE ( 'NONE', *, *, #5744, .T. ) ;
#5542 = UNCERTAINTY_MEASURE_WITH_UNIT (LENGTH_MEASURE( 1.000000000000000082E-05 ), #2830, 'distance_accuracy_value', 'NONE');
#5543 = UNCERTAINTY_MEASURE_WITH_UNIT (LENGTH_MEASURE( 1.000000000000000082E-05 ), #3905, 'distance_accuracy_value', 'NONE');
#5544 = FILL_AREA_STYLE ('',( #978 ) ) ;
#5545 = CARTESIAN_POINT ( 'NONE',  ( 4.730000000000001315, 0.5000000000000005551, 0.3499999999999999778 ) ) ;
#5546 = CARTESIAN_POINT ( 'NONE',  ( 4.080000000000000959, 6.299999999999999822, 0.3850000000000000089 ) ) ;
#5547 = CARTESIAN_POINT ( 'NONE',  ( 1.000000000000000444, 1.800000000000000488, -0.3499999999999999778 ) ) ;
#5548 =( NAMED_UNIT ( * ) PLANE_ANGLE_UNIT ( ) SI_UNIT ( $, .RADIAN. ) );
#5549 = STYLED_ITEM ( 'NONE', ( #512 ), #2176 ) ;
#5550 = ORIENTED_EDGE ( 'NONE', *, *, #5292, .F. ) ;
#5551 = VERTEX_POINT ( 'NONE', #2839 ) ;
#5552 = DIRECTION ( 'NONE',  ( 0.000000000000000000, 1.000000000000000000, -1.668003342285391797E-16 ) ) ;
#5553 = EDGE_CURVE ( 'NONE', #5232, #4732, #4343, .T. ) ;
#5554 = VECTOR ( 'NONE', #4053, 1000.000000000000000 ) ;
#5555 = CARTESIAN_POINT ( 'NONE',  ( 3.380388738771240575, 5.398486016527106912, -0.3500000000000000333 ) ) ;
#5556 = SURFACE_STYLE_FILL_AREA ( #1918 ) ;
#5557 = FILL_AREA_STYLE_COLOUR ( '', #1048 ) ;
#5558 = AXIS2_PLACEMENT_3D ( 'NONE', #2205, #4999, #3662 ) ;
#5559 = ORIENTED_EDGE ( 'NONE', *, *, #5197, .T. ) ;
#5560 = ADVANCED_FACE ( 'NONE', ( #3684 ), #5532, .F. ) ;
#5561 = ORIENTED_EDGE ( 'NONE', *, *, #87, .T. ) ;
#5562 = CARTESIAN_POINT ( 'NONE',  ( -0.3525240155457798341, 5.732672356334980179, 0.3499999999999999778 ) ) ;
#5563 = FACE_OUTER_BOUND ( 'NONE', #3169, .T. ) ;
#5564 = ORIENTED_EDGE ( 'NONE', *, *, #587, .T. ) ;
#5565 = CARTESIAN_POINT ( 'NONE',  ( -0.9999999999999995559, 1.800000000000000488, 0.3499999999999999778 ) ) ;
#5566 = EDGE_CURVE ( 'NONE', #2781, #1882, #2288, .T. ) ;
#5567 = CARTESIAN_POINT ( 'NONE',  ( 6.080000000000000071, 6.500000000000000888, -0.3500000000000010880 ) ) ;
#5568 = CARTESIAN_POINT ( 'NONE',  ( -0.05000000000000029421, 8.026794919243110726, -0.05000000000000023870 ) ) ;
#5569 =( LENGTH_UNIT ( ) NAMED_UNIT ( * ) SI_UNIT ( .MILLI., .METRE. ) );
#5570 = FILL_AREA_STYLE ('',( #1516 ) ) ;
#5571 = LINE ( 'NONE', #4635, #1765 ) ;
#5572 = ORIENTED_EDGE ( 'NONE', *, *, #587, .F. ) ;
#5573 = ORIENTED_EDGE ( 'NONE', *, *, #4055, .T. ) ;
#5574 = CARTESIAN_POINT ( 'NONE',  ( 0.4999999999999985012, 6.299999999999999822, -0.3499999999999999778 ) ) ;
#5575 =( NAMED_UNIT ( * ) SI_UNIT ( $, .STERADIAN. ) SOLID_ANGLE_UNIT ( ) );
#5576 =( BOUNDED_CURVE ( )  B_SPLINE_CURVE ( 3, ( #987, #542, #3375, #3313, #5671, #95, #4332 ),
 .UNSPECIFIED., .F., .F. ) 
 B_SPLINE_CURVE_WITH_KNOTS ( ( 4, 3, 4 ),
 ( 0.8078321013870645162, 3.141592653589793116, 5.475353205792521827 ),
 .UNSPECIFIED. ) 
 CURVE ( )  GEOMETRIC_REPRESENTATION_ITEM ( )  RATIONAL_B_SPLINE_CURVE ( ( 1.000000000000000000, 0.5953481791230077480, 0.5953481791230077480, 1.000000000000000000, 0.5953481791230077480, 0.5953481791230077480, 1.000000000000000000 ) ) 
 REPRESENTATION_ITEM ( '' )  );
#5577 = CIRCLE ( 'NONE', #295, 0.2999999999999999334 ) ;
#5578 = DIRECTION ( 'NONE',  ( -0.000000000000000000, -0.000000000000000000, -1.000000000000000000 ) ) ;
#5579 = LINE ( 'NONE', #597, #5642 ) ;
#5580 = ORIENTED_EDGE ( 'NONE', *, *, #4704, .F. ) ;
#5581 = CARTESIAN_POINT ( 'NONE',  ( 0.6867549326077613259, 10.39117142264903570, -0.6500000000000030198 ) ) ;
#5582 = AXIS2_PLACEMENT_3D ( 'NONE', #4118, #1774, #5441 ) ;
#5583 = ADVANCED_FACE ( 'NONE', ( #1391 ), #933, .F. ) ;
#5584 = VECTOR ( 'NONE', #4976, 1000.000000000000114 ) ;
#5585 = ORIENTED_EDGE ( 'NONE', *, *, #4777, .T. ) ;
#5586 = ORIENTED_EDGE ( 'NONE', *, *, #4893, .T. ) ;
#5587 = DIRECTION ( 'NONE',  ( -0.000000000000000000, 0.000000000000000000, 1.000000000000000000 ) ) ;
#5588 = CARTESIAN_POINT ( 'NONE',  ( 0.6867549326077613259, 0.5000000000000000000, -0.3500000000000000888 ) ) ;
#5589 = MECHANICAL_DESIGN_GEOMETRIC_PRESENTATION_REPRESENTATION (  '', ( #2132 ), #2438 ) ;
#5590 = CARTESIAN_POINT ( 'NONE',  ( 1.595723020487988641, 4.091073788932123811, 0.3500000000000000333 ) ) ;
#5591 = EDGE_CURVE ( 'NONE', #4475, #2078, #3634, .T. ) ;
#5592 = ORIENTED_EDGE ( 'NONE', *, *, #2998, .T. ) ;
#5593 = VECTOR ( 'NONE', #1902, 1000.000000000000000 ) ;
#5594 = SURFACE_STYLE_FILL_AREA ( #3776 ) ;
#5595 = VECTOR ( 'NONE', #327, 1000.000000000000000 ) ;
#5596 = PRESENTATION_STYLE_ASSIGNMENT (( #2324 ) ) ;
#5597 = DIRECTION ( 'NONE',  ( 0.000000000000000000, 0.000000000000000000, 1.000000000000000000 ) ) ;
#5598 = LINE ( 'NONE', #5538, #1237 ) ;
#5599 = DIRECTION ( 'NONE',  ( 1.000000000000000000, 0.000000000000000000, 0.000000000000000000 ) ) ;
#5600 = STYLED_ITEM ( 'NONE', ( #1135 ), #615 ) ;
#5601 = EDGE_CURVE ( 'NONE', #2057, #5551, #45, .T. ) ;
#5602 = VERTEX_POINT ( 'NONE', #2751 ) ;
#5603 = VERTEX_POINT ( 'NONE', #4627 ) ;
#5604 =( NAMED_UNIT ( * ) PLANE_ANGLE_UNIT ( ) SI_UNIT ( $, .RADIAN. ) );
#5605 = DIRECTION ( 'NONE',  ( -3.872150616019666353E-17, -0.8660254037844380415, -0.5000000000000009992 ) ) ;
#5606 = DIRECTION ( 'NONE',  ( -3.097720492815726426E-17, 1.000000000000000000, 0.000000000000000000 ) ) ;
#5607 = PRESENTATION_LAYER_ASSIGNMENT (  '', '', ( #2345 ) ) ;
#5608 = LINE ( 'NONE', #1069, #1985 ) ;
#5609 = DIRECTION ( 'NONE',  ( 0.000000000000000000, -1.668003342285391551E-16, -1.000000000000000000 ) ) ;
#5610 = EDGE_CURVE ( 'NONE', #5399, #561, #2813, .T. ) ;
#5611 = EDGE_LOOP ( 'NONE', ( #2576, #4924, #1830, #1074 ) ) ;
#5612 = CARTESIAN_POINT ( 'NONE',  ( -1.018126922434469523E-15, 1.700000000000000178, -0.3499999999999999778 ) ) ;
#5613 = CARTESIAN_POINT ( 'NONE',  ( 6.080000000000000959, 2.207665535523691602, 0.3500000000000000333 ) ) ;
#5614 = DIRECTION ( 'NONE',  ( -1.000000000000000000, 0.000000000000000000, 0.000000000000000000 ) ) ;
#5615 = SURFACE_STYLE_USAGE ( .BOTH. , #544 ) ;
#5616 = CARTESIAN_POINT ( 'NONE',  ( 2.540000000000000036, 6.299999999999999822, -0.3499999999999999778 ) ) ;
#5617 = ORIENTED_EDGE ( 'NONE', *, *, #302, .T. ) ;
#5618 = VERTEX_POINT ( 'NONE', #5565 ) ;
#5619 = PRESENTATION_STYLE_ASSIGNMENT (( #4185 ) ) ;
#5620 = SURFACE_STYLE_USAGE ( .BOTH. , #1446 ) ;
#5621 = ORIENTED_EDGE ( 'NONE', *, *, #5735, .T. ) ;
#5622 = AXIS2_PLACEMENT_3D ( 'NONE', #2923, #658, #4745 ) ;
#5623 = LINE ( 'NONE', #668, #2490 ) ;
#5624 = EDGE_CURVE ( 'NONE', #1680, #1435, #3248, .T. ) ;
#5625 = FACE_OUTER_BOUND ( 'NONE', #941, .T. ) ;
#5626 =( NAMED_UNIT ( * ) PLANE_ANGLE_UNIT ( ) SI_UNIT ( $, .RADIAN. ) );
#5627 = ORIENTED_EDGE ( 'NONE', *, *, #1635, .T. ) ;
#5628 = EDGE_LOOP ( 'NONE', ( #5501, #915, #5428, #3214 ) ) ;
#5629 = SURFACE_STYLE_USAGE ( .BOTH. , #172 ) ;
#5630 = VECTOR ( 'NONE', #3728, 1000.000000000000000 ) ;
#5631 = AXIS2_PLACEMENT_3D ( 'NONE', #354, #5785, #5816 ) ;
#5632 = CARTESIAN_POINT ( 'NONE',  ( -1.000000000000000000, 0.5000000000000000000, -0.3500000000000000888 ) ) ;
#5633 = EDGE_CURVE ( 'NONE', #5721, #2954, #3294, .T. ) ;
#5634 =( NAMED_UNIT ( * ) PLANE_ANGLE_UNIT ( ) SI_UNIT ( $, .RADIAN. ) );
#5635 = CARTESIAN_POINT ( 'NONE',  ( 6.550000000000000711, 0.000000000000000000, 1.199999999999999956 ) ) ;
#5636 = ORIENTED_EDGE ( 'NONE', *, *, #4237, .T. ) ;
#5637 = CARTESIAN_POINT ( 'NONE',  ( -0.9999999999999995559, 1.800000000000000488, -0.3499999999999999778 ) ) ;
#5638 = ADVANCED_FACE ( 'NONE', ( #1419 ), #4127, .F. ) ;
#5639 = DIRECTION ( 'NONE',  ( 0.000000000000000000, -1.000000000000000000, 0.000000000000000000 ) ) ;
#5640 = DIRECTION ( 'NONE',  ( 1.000000000000000000, 0.000000000000000000, 0.000000000000000000 ) ) ;
#5641 = SURFACE_STYLE_FILL_AREA ( #2442 ) ;
#5642 = VECTOR ( 'NONE', #4268, 1000.000000000000000 ) ;
#5643 = CARTESIAN_POINT ( 'NONE',  ( 2.040000000000001812, 6.084152315493286167, 0.3499999999999999223 ) ) ;
#5644 =( GEOMETRIC_REPRESENTATION_CONTEXT ( 3 ) GLOBAL_UNCERTAINTY_ASSIGNED_CONTEXT ( ( #4230 ) ) GLOBAL_UNIT_ASSIGNED_CONTEXT ( ( #3468, #1597, #4307 ) ) REPRESENTATION_CONTEXT ( 'NONE', 'WORKASPACE' ) );
#5645 = CARTESIAN_POINT ( 'NONE',  ( 3.389183477980650672, 5.324198710742059859, 0.3500000000000000888 ) ) ;
#5646 = ORIENTED_EDGE ( 'NONE', *, *, #2340, .F. ) ;
#5647 = VECTOR ( 'NONE', #454, 1000.000000000000000 ) ;
#5648 = EDGE_CURVE ( 'NONE', #91, #393, #12, .T. ) ;
#5649 = EDGE_LOOP ( 'NONE', ( #673, #4683, #3639, #303 ) ) ;
#5650 = DIRECTION ( 'NONE',  ( -0.000000000000000000, 0.000000000000000000, 1.000000000000000000 ) ) ;
#5651 = FACE_OUTER_BOUND ( 'NONE', #3862, .T. ) ;
#5652 = COLOUR_RGB ( '',0.8313725490196077761, 0.6705882352941175961, 0.1294117647058823373 ) ;
#5653 = AXIS2_PLACEMENT_3D ( 'NONE', #4546, #2728, #3181 ) ;
#5654 = PRESENTATION_LAYER_ASSIGNMENT (  '', '', ( #377 ) ) ;
#5655 = EDGE_LOOP ( 'NONE', ( #5636, #4971, #2313, #992 ) ) ;
#5656 = CARTESIAN_POINT ( 'NONE',  ( 1.000000000000000000, 6.500000000000000888, -0.3500000000000010880 ) ) ;
#5657 = COLOUR_RGB ( '',0.8313725490196077761, 0.6705882352941175961, 0.1294117647058823373 ) ;
#5658 = PLANE ( 'NONE',  #3925 ) ;
#5659 = DIRECTION ( 'NONE',  ( 1.084202172485504434E-16, -1.000000000000000000, 0.000000000000000000 ) ) ;
#5660 = CARTESIAN_POINT ( 'NONE',  ( -5.421010862427528333E-17, 0.5000000000000005551, 0.3499999999999999778 ) ) ;
#5661 = ORIENTED_EDGE ( 'NONE', *, *, #3292, .F. ) ;
#5662 = EDGE_CURVE ( 'NONE', #3817, #523, #3232, .T. ) ;
#5663 =( NAMED_UNIT ( * ) PLANE_ANGLE_UNIT ( ) SI_UNIT ( $, .RADIAN. ) );
#5664 = PRESENTATION_STYLE_ASSIGNMENT (( #147 ) ) ;
#5665 = DIRECTION ( 'NONE',  ( 1.000000000000000000, -0.000000000000000000, 0.000000000000000000 ) ) ;
#5666 = DIRECTION ( 'NONE',  ( -0.000000000000000000, -0.000000000000000000, 1.000000000000000000 ) ) ;
#5667 = DIRECTION ( 'NONE',  ( -1.000000000000000000, -0.000000000000000000, -0.000000000000000000 ) ) ;
#5668 = EDGE_LOOP ( 'NONE', ( #1629, #4103, #1660, #261, #5911, #5894, #1271, #4134, #2464, #4774, #3931, #3597 ) ) ;
#5669 = ADVANCED_FACE ( 'NONE', ( #4068 ), #3259, .F. ) ;
#5670 = CARTESIAN_POINT ( 'NONE',  ( -0.8314534000845812400, 5.476966929916271098, -0.3499999999999999778 ) ) ;
#5671 = CARTESIAN_POINT ( 'NONE',  ( 5.543356898907902064, 1.699999999999999289, 0.3499999999999999778 ) ) ;
#5672 = MECHANICAL_DESIGN_GEOMETRIC_PRESENTATION_REPRESENTATION (  '', ( #2310 ), #3765 ) ;
#5673 = CARTESIAN_POINT ( 'NONE',  ( 4.480000000000000426, 6.299999999999999822, -0.3499999999999999778 ) ) ;
#5674 = FILL_AREA_STYLE_COLOUR ( '', #4320 ) ;
#5675 = LINE ( 'NONE', #2531, #3233 ) ;
#5676 = ADVANCED_FACE ( 'NONE', ( #3740 ), #3177, .F. ) ;
#5677 = AXIS2_PLACEMENT_3D ( 'NONE', #959, #2417, #3289 ) ;
#5678 = CARTESIAN_POINT ( 'NONE',  ( 3.329603038017698857, 5.762359718948174780, 0.3499999999999999778 ) ) ;
#5679 = ORIENTED_EDGE ( 'NONE', *, *, #637, .F. ) ;
#5680 = CARTESIAN_POINT ( 'NONE',  ( 5.601845733883980216, 5.626229152235330488, -0.3499999999999999778 ) ) ;
#5681 = CARTESIAN_POINT ( 'NONE',  ( -1.469999999999999973, 8.500000000000000000, 1.199999999999999956 ) ) ;
#5682 = STYLED_ITEM ( 'NONE', ( #4891 ), #5773 ) ;
#5683 = CARTESIAN_POINT ( 'NONE',  ( 1.540000000000000480, 1.800000000000000488, -0.3499999999999999778 ) ) ;
#5684 = EDGE_LOOP ( 'NONE', ( #776, #4153, #61, #4868 ) ) ;
#5685 = LINE ( 'NONE', #2903, #5775 ) ;
#5686 = DIRECTION ( 'NONE',  ( -3.097720492815726426E-17, 1.000000000000000000, 0.000000000000000000 ) ) ;
#5687 = DIRECTION ( 'NONE',  ( 1.000000000000000000, 7.228014483236696555E-16, 0.000000000000000000 ) ) ;
#5688 = PLANE ( 'NONE',  #4710 ) ;
#5689 = PLANE ( 'NONE',  #945 ) ;
#5690 = ORIENTED_EDGE ( 'NONE', *, *, #785, .T. ) ;
#5691 = CARTESIAN_POINT ( 'NONE',  ( 1.540000000000000924, 6.299999999999999822, 0.1283333333333336046 ) ) ;
#5692 = DIRECTION ( 'NONE',  ( -1.000000000000000000, -1.084202172485504434E-16, 0.000000000000000000 ) ) ;
#5693 = ADVANCED_FACE ( 'NONE', ( #2726 ), #5257, .T. ) ;
#5694 = ORIENTED_EDGE ( 'NONE', *, *, #1416, .F. ) ;
#5695 = UNCERTAINTY_MEASURE_WITH_UNIT (LENGTH_MEASURE( 1.000000000000000082E-05 ), #3842, 'distance_accuracy_value', 'NONE');
#5696 = CARTESIAN_POINT ( 'NONE',  ( 1.853245067392238710, 10.39117142264903570, 0.3499999999999983125 ) ) ;
#5697 = CARTESIAN_POINT ( 'NONE',  ( 5.947834886700809065, 5.142569796484739442, 0.3500000000000000333 ) ) ;
#5698 = CARTESIAN_POINT ( 'NONE',  ( 0.000000000000000000, 6.299999999999999822, -0.3499999999999999778 ) ) ;
#5699 = ADVANCED_FACE ( 'NONE', ( #4222 ), #1060, .T. ) ;
#5700 = SURFACE_STYLE_USAGE ( .BOTH. , #155 ) ;
#5701 = ADVANCED_FACE ( 'NONE', ( #2931 ), #1512, .F. ) ;
#5702 = CARTESIAN_POINT ( 'NONE',  ( -1.000000000000000000, 6.500000000000000888, 0.3499999999999989231 ) ) ;
#5703 = COLOUR_RGB ( '',0.8313725490196077761, 0.6705882352941175961, 0.1294117647058823373 ) ;
#5704 = PRODUCT_DEFINITION_SHAPE ( 'NONE', 'NONE',  #3359 ) ;
#5705 = ORIENTED_EDGE ( 'NONE', *, *, #3774, .T. ) ;
#5706 = CARTESIAN_POINT ( 'NONE',  ( 0.3218457338839795234, 5.626229152235330488, 0.3499999999999999778 ) ) ;
#5707 = DIRECTION ( 'NONE',  ( 0.000000000000000000, 0.000000000000000000, -1.000000000000000000 ) ) ;
#5708 = EDGE_CURVE ( 'NONE', #1906, #823, #5685, .T. ) ;
#5709 = CARTESIAN_POINT ( 'NONE',  ( 1.741789536020343032, 5.709058272657556721, -0.3499999999999999223 ) ) ;
#5710 = ORIENTED_EDGE ( 'NONE', *, *, #2626, .T. ) ;
#5711 = PLANE ( 'NONE',  #1749 ) ;
#5712 = DIRECTION ( 'NONE',  ( 0.000000000000000000, 0.000000000000000000, 1.000000000000000000 ) ) ;
#5713 = FACE_OUTER_BOUND ( 'NONE', #489, .T. ) ;
#5714 = CARTESIAN_POINT ( 'NONE',  ( 0.9425000299447587881, 4.124619419408675824, -0.3499999999999999778 ) ) ;
#5715 = FILL_AREA_STYLE_COLOUR ( '', #5065 ) ;
#5716 = FILL_AREA_STYLE ('',( #2024 ) ) ;
#5717 = VERTEX_POINT ( 'NONE', #4726 ) ;
#5718 = FILL_AREA_STYLE ('',( #620 ) ) ;
#5719 = SURFACE_STYLE_FILL_AREA ( #758 ) ;
#5720 = SURFACE_STYLE_FILL_AREA ( #679 ) ;
#5721 = VERTEX_POINT ( 'NONE', #3415 ) ;
#5722 = VECTOR ( 'NONE', #4882, 1000.000000000000000 ) ;
#5723 = CARTESIAN_POINT ( 'NONE',  ( 1.853245067392238710, 8.000000000000000000, -0.6500000000000025757 ) ) ;
#5724 = CARTESIAN_POINT ( 'NONE',  ( 5.808502052288794459, 6.125528511109557428, 0.3499999999999999223 ) ) ;
#5725 = LINE ( 'NONE', #2616, #5922 ) ;
#5726 = CARTESIAN_POINT ( 'NONE',  ( -0.9999999999999993339, -1.121588454295348794E-16, 0.3499999999999999778 ) ) ;
#5727 = EDGE_CURVE ( 'NONE', #3986, #4699, #227, .T. ) ;
#5728 = ADVANCED_FACE ( 'NONE', ( #2052 ), #5711, .F. ) ;
#5729 = ORIENTED_EDGE ( 'NONE', *, *, #962, .F. ) ;
#5730 = CARTESIAN_POINT ( 'NONE',  ( -1.000000000000000000, 6.500000000000000888, -0.3500000000000010880 ) ) ;
#5731 =( LENGTH_UNIT ( ) NAMED_UNIT ( * ) SI_UNIT ( .MILLI., .METRE. ) );
#5732 = PRESENTATION_STYLE_ASSIGNMENT (( #3039 ) ) ;
#5733 = VERTEX_POINT ( 'NONE', #4862 ) ;
#5734 = VECTOR ( 'NONE', #198, 1000.000000000000000 ) ;
#5735 = EDGE_CURVE ( 'NONE', #5457, #4860, #2158, .T. ) ;
#5736 = FILL_AREA_STYLE_COLOUR ( '', #2812 ) ;
#5737 = CARTESIAN_POINT ( 'NONE',  ( -1.469999999999999973, 0.5000000000000002220, 0.6500000000000010214 ) ) ;
#5738 = ORIENTED_EDGE ( 'NONE', *, *, #3451, .T. ) ;
#5739 = CARTESIAN_POINT ( 'NONE',  ( 0.6000000000000005329, 6.299999999999999822, -0.3499999999999999778 ) ) ;
#5740 = VECTOR ( 'NONE', #831, 1000.000000000000000 ) ;
#5741 = VECTOR ( 'NONE', #1408, 1000.000000000000000 ) ;
#5742 = PLANE ( 'NONE',  #2546 ) ;
#5743 = ORIENTED_EDGE ( 'NONE', *, *, #2229, .T. ) ;
#5744 = EDGE_CURVE ( 'NONE', #2078, #3960, #2191, .T. ) ;
#5745 = VECTOR ( 'NONE', #1395, 1000.000000000000000 ) ;
#5746 = CARTESIAN_POINT ( 'NONE',  ( 6.550000000000000711, 0.000000000000000000, 1.199999999999999956 ) ) ;
#5747 = CARTESIAN_POINT ( 'NONE',  ( 1.540000000000000924, 6.299999999999999822, 0.3850000000000000089 ) ) ;
#5748 = CARTESIAN_POINT ( 'NONE',  ( 0.000000000000000000, 8.500000000000000000, 0.8696152422706645568 ) ) ;
#5749 = PRESENTATION_STYLE_ASSIGNMENT (( #1136 ) ) ;
#5750 = ORIENTED_EDGE ( 'NONE', *, *, #3218, .T. ) ;
#5751 =( LENGTH_UNIT ( ) NAMED_UNIT ( * ) SI_UNIT ( .MILLI., .METRE. ) );
#5752 = CARTESIAN_POINT ( 'NONE',  ( 1.540000000000000036, 6.500000000000000888, -0.3500000000000010880 ) ) ;
#5753 =( LENGTH_UNIT ( ) NAMED_UNIT ( * ) SI_UNIT ( .MILLI., .METRE. ) );
#5754 = MECHANICAL_DESIGN_GEOMETRIC_PRESENTATION_REPRESENTATION (  '', ( #678 ), #209 ) ;
#5755 = PRESENTATION_LAYER_ASSIGNMENT (  '', '', ( #5765 ) ) ;
#5756 = EDGE_LOOP ( 'NONE', ( #2596, #2237, #4207, #1746 ) ) ;
#5757 = CARTESIAN_POINT ( 'NONE',  ( 0.8314534000842377370, 5.476966929918534177, 0.3499999999999999778 ) ) ;
#5758 = CARTESIAN_POINT ( 'NONE',  ( 1.853245067392238710, 8.000000000000000000, -0.6500000000000030198 ) ) ;
#5759 = DIRECTION ( 'NONE',  ( 1.000000000000000000, 0.000000000000000000, 0.000000000000000000 ) ) ;
#5760 = CARTESIAN_POINT ( 'NONE',  ( 1.873733788849081039, 6.298959448224836777, -0.3500000000000000333 ) ) ;
#5761 = AXIS2_PLACEMENT_3D ( 'NONE', #2758, #885, #4492 ) ;
#5762 = PLANE ( 'NONE',  #901 ) ;
#5763 = VECTOR ( 'NONE', #2883, 1000.000000000000000 ) ;
#5764 =( BOUNDED_SURFACE ( )  B_SPLINE_SURFACE ( 3, 1, ( 
 ( #3913, #3941 ),
 ( #4917, #2094 ),
 ( #4857, #804 ),
 ( #330, #1199 ) ),
 .UNSPECIFIED., .F., .F., .F. ) 
 B_SPLINE_SURFACE_WITH_KNOTS ( ( 4, 4 ),
 ( 2, 2 ),
 ( 0.000000000000000000, 1.000000000000000000 ),
 ( 0.000000000000000000, 1.000000000000000000 ),
 .UNSPECIFIED. ) 
 GEOMETRIC_REPRESENTATION_ITEM ( )  RATIONAL_B_SPLINE_SURFACE ( (
 ( 1.000000000000000000, 1.000000000000000000),
 ( 0.9488815137910384667, 0.9488815137910384667),
 ( 0.9488815137910384667, 0.9488815137910384667),
 ( 1.000000000000000000, 1.000000000000000000) ) ) 
 REPRESENTATION_ITEM ( '' )  SURFACE ( )  );
#5765 = STYLED_ITEM ( 'NONE', ( #5619 ), #5369 ) ;
#5766 = ORIENTED_EDGE ( 'NONE', *, *, #1628, .F. ) ;
#5767 =( LENGTH_UNIT ( ) NAMED_UNIT ( * ) SI_UNIT ( .MILLI., .METRE. ) );
#5768 = FILL_AREA_STYLE ('',( #696 ) ) ;
#5769 = VECTOR ( 'NONE', #2355, 1000.000000000000000 ) ;
#5770 = ORIENTED_EDGE ( 'NONE', *, *, #631, .F. ) ;
#5771 = DIRECTION ( 'NONE',  ( 0.000000000000000000, -1.000000000000000000, 1.668003342285391551E-16 ) ) ;
#5772 = CARTESIAN_POINT ( 'NONE',  ( 4.930000000000001492, -3.000000000000000000, 0.3499999999999999778 ) ) ;
#5773 = ADVANCED_FACE ( 'NONE', ( #275 ), #3944, .F. ) ;
#5774 = VERTEX_POINT ( 'NONE', #4366 ) ;
#5775 = VECTOR ( 'NONE', #1928, 1000.000000000000000 ) ;
#5776 = VECTOR ( 'NONE', #55, 1000.000000000000000 ) ;
#5777 = CARTESIAN_POINT ( 'NONE',  ( -0.9999999999999995559, 1.800000000000000488, 0.3499999999999999778 ) ) ;
#5778 = CARTESIAN_POINT ( 'NONE',  ( 1.540000000000000924, 6.299999999999999822, -0.3849999999999998979 ) ) ;
#5779 = CARTESIAN_POINT ( 'NONE',  ( 5.854147136672700924, 5.851685420754298761, -0.3499999999999999778 ) ) ;
#5780 = CARTESIAN_POINT ( 'NONE',  ( 6.080000000000000959, 1.121588454295350273E-16, 0.3499999999999999778 ) ) ;
#5781 = EDGE_CURVE ( 'NONE', #40, #2101, #1263, .T. ) ;
#5782 = ORIENTED_EDGE ( 'NONE', *, *, #5104, .T. ) ;
#5783 = CARTESIAN_POINT ( 'NONE',  ( 0.3252558198818050750, 5.589454083063163381, -0.3499999999999999778 ) ) ;
#5784 = CARTESIAN_POINT ( 'NONE',  ( 2.189999999999999947, 8.000000000000000000, -0.3499999999999999778 ) ) ;
#5785 = DIRECTION ( 'NONE',  ( -0.000000000000000000, -0.000000000000000000, -1.000000000000000000 ) ) ;
#5786 = FACE_OUTER_BOUND ( 'NONE', #4341, .T. ) ;
#5787 = STYLED_ITEM ( 'NONE', ( #1129 ), #1714 ) ;
#5788 = ORIENTED_EDGE ( 'NONE', *, *, #1482, .F. ) ;
#5789 = CARTESIAN_POINT ( 'NONE',  ( 0.9336972550331305021, 4.293911919605033489, 0.3499999999999999778 ) ) ;
#5790 = VECTOR ( 'NONE', #2223, 1000.000000000000000 ) ;
#5791 = LINE ( 'NONE', #1709, #4978 ) ;
#5792 = DIRECTION ( 'NONE',  ( -0.000000000000000000, 0.000000000000000000, 1.000000000000000000 ) ) ;
#5793 =( NAMED_UNIT ( * ) SI_UNIT ( $, .STERADIAN. ) SOLID_ANGLE_UNIT ( ) );
#5794 = AXIS2_PLACEMENT_3D ( 'NONE', #1955, #5528, #1447 ) ;
#5795 = LINE ( 'NONE', #5059, #2684 ) ;
#5796 = ORIENTED_EDGE ( 'NONE', *, *, #2519, .T. ) ;
#5797 = B_SPLINE_CURVE_WITH_KNOTS ( 'NONE', 3,
 ( #4700, #3870, #2517, #4265, #1521, #705, #1968, #4349, #592, #3811, #3365, #5326, #4869, #818, #5356, #2603, #4482, #1242, #845, #3606, #786, #3510, #3570, #5393, #374, #288, #2200, #4001, #3924, #2638, #5777 ),
 .UNSPECIFIED., .F., .F.,
 ( 4, 1, 1, 1, 1, 1, 1, 2, 2, 1, 1, 1, 1, 2, 2, 1, 1, 1, 1, 1, 2, 2, 4 ),
 ( 0.000000000000000000, 0.06250000000001437739, 0.09375000000002127465, 0.1093750000000249245, 0.1171875000000267425, 0.1210937500000276584, 0.1230468750000281303, 0.1240234375000285189, 0.1250000000000288936, 0.1875000000000276723, 0.2187500000000270617, 0.2343750000000267564, 0.2421875000000266176, 0.2460937500000268119, 0.2500000000000269784, 0.3750000000000259237, 0.4375000000000253686, 0.4687500000000248135, 0.4843750000000245359, 0.4921875000000244249, 0.4960937500000245914, 0.5000000000000247580, 1.000000000000000000 ),
 .UNSPECIFIED. ) ;
#5798 = ORIENTED_EDGE ( 'NONE', *, *, #3409, .T. ) ;
#5799 = ORIENTED_EDGE ( 'NONE', *, *, #5104, .F. ) ;
#5800 = SURFACE_STYLE_FILL_AREA ( #1720 ) ;
#5801 = DIRECTION ( 'NONE',  ( -0.000000000000000000, 1.668003342285391551E-16, 1.000000000000000000 ) ) ;
#5802 = CARTESIAN_POINT ( 'NONE',  ( 3.140000000000000568, 6.299999999999999822, -0.1166666666666667518 ) ) ;
#5803 = ORIENTED_EDGE ( 'NONE', *, *, #972, .T. ) ;
#5804 = FACE_OUTER_BOUND ( 'NONE', #1723, .T. ) ;
#5805 = EDGE_CURVE ( 'NONE', #3360, #2757, #809, .T. ) ;
#5806 = DIRECTION ( 'NONE',  ( 0.000000000000000000, 1.000000000000000000, -3.097720492815727166E-16 ) ) ;
#5807 = CARTESIAN_POINT ( 'NONE',  ( 1.000000000000000666, 1.121588454295350273E-16, 0.3499999999999999778 ) ) ;
#5808 = DIRECTION ( 'NONE',  ( 1.000000000000000000, 0.000000000000000000, 0.000000000000000000 ) ) ;
#5809 = CARTESIAN_POINT ( 'NONE',  ( 4.230816522019154924, 5.324198710740767559, -0.3500000000000000333 ) ) ;
#5810 = COLOUR_RGB ( '',0.8313725490196077761, 0.6705882352941175961, 0.1294117647058823373 ) ;
#5811 = EDGE_LOOP ( 'NONE', ( #4948, #2107, #4380, #3427, #1858, #3333, #2891, #2658 ) ) ;
#5812 = EDGE_LOOP ( 'NONE', ( #4441, #855, #4778, #3227 ) ) ;
#5813 = EDGE_CURVE ( 'NONE', #3817, #2446, #4028, .T. ) ;
#5814 = CARTESIAN_POINT ( 'NONE',  ( 0.3252558198818050750, 5.589454083063163381, 0.3499999999999999778 ) ) ;
#5815 = CARTESIAN_POINT ( 'NONE',  ( 4.080000000000000071, 6.500000000000000888, 0.3499999999999989231 ) ) ;
#5816 = DIRECTION ( 'NONE',  ( -1.000000000000000000, 0.000000000000000000, 0.000000000000000000 ) ) ;
#5817 = VERTEX_POINT ( 'NONE', #3916 ) ;
#5818 = VECTOR ( 'NONE', #2367, 1000.000000000000000 ) ;
#5819 = CARTESIAN_POINT ( 'NONE',  ( 4.080000000000000959, -1.121588454295348794E-16, 0.3499999999999999778 ) ) ;
#5820 = DIRECTION ( 'NONE',  ( 0.000000000000000000, 0.000000000000000000, 1.000000000000000000 ) ) ;
#5821 = DIRECTION ( 'NONE',  ( 0.000000000000000000, 0.000000000000000000, -1.000000000000000000 ) ) ;
#5822 = DIRECTION ( 'NONE',  ( -0.000000000000000000, -1.000000000000000000, 1.668003342285391551E-16 ) ) ;
#5823 = CARTESIAN_POINT ( 'NONE',  ( 3.039999999999998259, 6.084152315493285279, -0.3499999999999999778 ) ) ;
#5824 = ORIENTED_EDGE ( 'NONE', *, *, #2738, .T. ) ;
#5825 = STYLED_ITEM ( 'NONE', ( #1502 ), #3850 ) ;
#5826 = CARTESIAN_POINT ( 'NONE',  ( 0.000000000000000000, -3.000000000000000000, 0.3499999999999999778 ) ) ;
#5827 = ORIENTED_EDGE ( 'NONE', *, *, #2276, .T. ) ;
#5828 =( NAMED_UNIT ( * ) PLANE_ANGLE_UNIT ( ) SI_UNIT ( $, .RADIAN. ) );
#5829 = EDGE_LOOP ( 'NONE', ( #5690, #1731, #5879, #1170, #5863, #5226, #3965, #4167, #975, #415, #3413, #4591, #854, #4622, #3975, #2182, #2664, #539, #3271, #5056, #5559 ) ) ;
#5830 = DIRECTION ( 'NONE',  ( 0.000000000000000000, -1.000000000000000000, 0.000000000000000000 ) ) ;
#5831 = CARTESIAN_POINT ( 'NONE',  ( 0.4481930454221421667, 5.884855341312110077, -0.3499999999999999778 ) ) ;
#5832 = PRESENTATION_STYLE_ASSIGNMENT (( #3175 ) ) ;
#5833 = PRESENTATION_LAYER_ASSIGNMENT (  '', '', ( #5549 ) ) ;
#5834 = ORIENTED_EDGE ( 'NONE', *, *, #2711, .T. ) ;
#5835 = SURFACE_SIDE_STYLE ('',( #757 ) ) ;
#5836 = UNCERTAINTY_MEASURE_WITH_UNIT (LENGTH_MEASURE( 1.000000000000000082E-05 ), #1230, 'distance_accuracy_value', 'NONE');
#5837 = CARTESIAN_POINT ( 'NONE',  ( 0.5218457338839795900, 5.626229152235330488, -0.3499999999999999778 ) ) ;
#5838 = VECTOR ( 'NONE', #4985, 1000.000000000000000 ) ;
#5839 = CARTESIAN_POINT ( 'NONE',  ( -0.6867549326077613259, 0.5000000000000002220, 0.6500000000000011324 ) ) ;
#5840 = PRESENTATION_LAYER_ASSIGNMENT (  '', '', ( #4980 ) ) ;
#5841 = CARTESIAN_POINT ( 'NONE',  ( 6.061660679612409730, 3.374693912578979660, -0.3499999999999999778 ) ) ;
#5842 = DIRECTION ( 'NONE',  ( -1.000000000000000000, 0.000000000000000000, 0.000000000000000000 ) ) ;
#5843 =( NAMED_UNIT ( * ) SI_UNIT ( $, .STERADIAN. ) SOLID_ANGLE_UNIT ( ) );
#5844 = ADVANCED_FACE ( 'NONE', ( #3017 ), #721, .T. ) ;
#5845 = ORIENTED_EDGE ( 'NONE', *, *, #4811, .F. ) ;
#5846 = STYLED_ITEM ( 'NONE', ( #700 ), #3321 ) ;
#5847 =( GEOMETRIC_REPRESENTATION_CONTEXT ( 3 ) GLOBAL_UNCERTAINTY_ASSIGNED_CONTEXT ( ( #4637 ) ) GLOBAL_UNIT_ASSIGNED_CONTEXT ( ( #5751, #4825, #292 ) ) REPRESENTATION_CONTEXT ( 'NONE', 'WORKASPACE' ) );
#5848 = VERTEX_POINT ( 'NONE', #4151 ) ;
#5849 = DIRECTION ( 'NONE',  ( -0.7071067811865475727, 0.7071067811865475727, 0.000000000000000000 ) ) ;
#5850 = AXIS2_PLACEMENT_3D ( 'NONE', #4448, #5475, #3108 ) ;
#5851 =( NAMED_UNIT ( * ) SI_UNIT ( $, .STERADIAN. ) SOLID_ANGLE_UNIT ( ) );
#5852 = DIRECTION ( 'NONE',  ( 0.000000000000000000, -0.8660254037844380415, 0.5000000000000009992 ) ) ;
#5853 = EDGE_CURVE ( 'NONE', #69, #2314, #521, .T. ) ;
#5854 = EDGE_LOOP ( 'NONE', ( #1232, #3389, #2656, #5541, #1483, #5355, #3466, #399, #1693, #3644, #39, #5796, #2050, #4907, #3982, #5897 ) ) ;
#5855 = LINE ( 'NONE', #3556, #2633 ) ;
#5856 = CARTESIAN_POINT ( 'NONE',  ( 4.393245067392238745, 0.5000000000000000000, -0.6500000000000013545 ) ) ;
#5857 = SURFACE_STYLE_USAGE ( .BOTH. , #4438 ) ;
#5858 = DIRECTION ( 'NONE',  ( -0.000000000000000000, -1.000000000000000000, 1.668003342285391551E-16 ) ) ;
#5859 = DIRECTION ( 'NONE',  ( 1.000000000000000000, 0.000000000000000000, 0.000000000000000000 ) ) ;
#5860 = ADVANCED_FACE ( 'NONE', ( #2721 ), #458, .T. ) ;
#5861 = ORIENTED_EDGE ( 'NONE', *, *, #276, .F. ) ;
#5862 = CARTESIAN_POINT ( 'NONE',  ( -0.3500000000000000333, 8.199999999999999289, 0.3499999999999999778 ) ) ;
#5863 = ORIENTED_EDGE ( 'NONE', *, *, #3759, .T. ) ;
#5864 = ORIENTED_EDGE ( 'NONE', *, *, #5727, .T. ) ;
#5865 = LINE ( 'NONE', #1691, #3480 ) ;
#5866 = DIRECTION ( 'NONE',  ( -0.000000000000000000, -1.000000000000000000, 1.668003342285392044E-16 ) ) ;
#5867 = CARTESIAN_POINT ( 'NONE',  ( 1.662471447568717453, 5.050332720358726490, 0.3499999999999999223 ) ) ;
#5868 = EDGE_CURVE ( 'NONE', #3986, #2127, #771, .T. ) ;
#5869 = ORIENTED_EDGE ( 'NONE', *, *, #1449, .T. ) ;
#5870 =( GEOMETRIC_REPRESENTATION_CONTEXT ( 3 ) GLOBAL_UNCERTAINTY_ASSIGNED_CONTEXT ( ( #3428 ) ) GLOBAL_UNIT_ASSIGNED_CONTEXT ( ( #3897, #5604, #4294 ) ) REPRESENTATION_CONTEXT ( 'NONE', 'WORKASPACE' ) );
#5871 = LINE ( 'NONE', #3049, #3093 ) ;
#5872 = PRESENTATION_LAYER_ASSIGNMENT (  '', '', ( #219 ) ) ;
#5873 = SURFACE_STYLE_USAGE ( .BOTH. , #4037 ) ;
#5874 = DIRECTION ( 'NONE',  ( 1.000000000000000000, 0.000000000000000000, 0.000000000000000000 ) ) ;
#5875 = FILL_AREA_STYLE ('',( #879 ) ) ;
#5876 = CARTESIAN_POINT ( 'NONE',  ( 4.393245067392238745, 10.39117142264903570, -0.6500000000000030198 ) ) ;
#5877 = LINE ( 'NONE', #1843, #5506 ) ;
#5878 = ORIENTED_EDGE ( 'NONE', *, *, #1513, .T. ) ;
#5879 = ORIENTED_EDGE ( 'NONE', *, *, #3643, .T. ) ;
#5880 = SURFACE_STYLE_USAGE ( .BOTH. , #3186 ) ;
#5881 = EDGE_CURVE ( 'NONE', #3827, #1865, #4336, .T. ) ;
#5882 =( NAMED_UNIT ( * ) PLANE_ANGLE_UNIT ( ) SI_UNIT ( $, .RADIAN. ) );
#5883 =( GEOMETRIC_REPRESENTATION_CONTEXT ( 3 ) GLOBAL_UNCERTAINTY_ASSIGNED_CONTEXT ( ( #1875 ) ) GLOBAL_UNIT_ASSIGNED_CONTEXT ( ( #5122, #5634, #1068 ) ) REPRESENTATION_CONTEXT ( 'NONE', 'WORKASPACE' ) );
#5884 = STYLED_ITEM ( 'NONE', ( #33 ), #242 ) ;
#5885 = ORIENTED_EDGE ( 'NONE', *, *, #2668, .F. ) ;
#5886 = EDGE_CURVE ( 'NONE', #1927, #1152, #5194, .T. ) ;
#5887 = LINE ( 'NONE', #395, #2976 ) ;
#5888 = CARTESIAN_POINT ( 'NONE',  ( 3.226754932607761361, 0.5000000000000000000, -0.6500000000000013545 ) ) ;
#5889 = VECTOR ( 'NONE', #4162, 1000.000000000000000 ) ;
#5890 = CARTESIAN_POINT ( 'NONE',  ( 4.729999999999999538, 8.000000000000000000, 0.3499999999999999778 ) ) ;
#5891 = CARTESIAN_POINT ( 'NONE',  ( 1.853245067392238710, 0.5000000000000000000, -0.3500000000000000888 ) ) ;
#5892 = ORIENTED_EDGE ( 'NONE', *, *, #392, .F. ) ;
#5893 =( LENGTH_UNIT ( ) NAMED_UNIT ( * ) SI_UNIT ( .MILLI., .METRE. ) );
#5894 = ORIENTED_EDGE ( 'NONE', *, *, #2459, .T. ) ;
#5895 = EDGE_CURVE ( 'NONE', #1469, #171, #4654, .T. ) ;
#5896 = FILL_AREA_STYLE_COLOUR ( '', #285 ) ;
#5897 = ORIENTED_EDGE ( 'NONE', *, *, #2677, .T. ) ;
#5898 = CARTESIAN_POINT ( 'NONE',  ( 0.3252558198818050195, 5.589454083063163381, 0.3499999999999999778 ) ) ;
#5899 = CIRCLE ( 'NONE', #711, 0.2000000000000000944 ) ;
#5900 = FILL_AREA_STYLE ('',( #3204 ) ) ;
#5901 = FILL_AREA_STYLE ('',( #1833 ) ) ;
#5902 = ORIENTED_EDGE ( 'NONE', *, *, #1374, .T. ) ;
#5903 = LINE ( 'NONE', #5478, #974 ) ;
#5904 = EDGE_CURVE ( 'NONE', #1209, #5717, #3317, .T. ) ;
#5905 = FILL_AREA_STYLE ('',( #2201 ) ) ;
#5906 = FACE_BOUND ( 'NONE', #3923, .T. ) ;
#5907 = CARTESIAN_POINT ( 'NONE',  ( 5.780000000000001137, 0.5000000000000006661, 0.3499999999999999778 ) ) ;
#5908 = DIRECTION ( 'NONE',  ( -0.000000000000000000, -3.097720492815727166E-16, -1.000000000000000000 ) ) ;
#5909 = CARTESIAN_POINT ( 'NONE',  ( 3.226754932607761361, 0.5000000000000000000, -0.3500000000000000888 ) ) ;
#5910 = ORIENTED_EDGE ( 'NONE', *, *, #5735, .F. ) ;
#5911 = ORIENTED_EDGE ( 'NONE', *, *, #3737, .F. ) ;
#5912 = CARTESIAN_POINT ( 'NONE',  ( 3.226754932607761361, 0.5000000000000000000, -0.6500000000000013545 ) ) ;
#5913 = CARTESIAN_POINT ( 'NONE',  ( 4.446851685116533837, 6.299478870653093310, 0.3500000000000000333 ) ) ;
#5914 = PLANE ( 'NONE',  #257 ) ;
#5915 = VECTOR ( 'NONE', #605, 1000.000000000000000 ) ;
#5916 = ORIENTED_EDGE ( 'NONE', *, *, #3884, .T. ) ;
#5917 = DIRECTION ( 'NONE',  ( 1.000000000000000000, 0.000000000000000000, 0.000000000000000000 ) ) ;
#5918 = CARTESIAN_POINT ( 'NONE',  ( 5.766754932607761397, 8.000000000000000000, -0.6500000000000025757 ) ) ;
#5919 = AXIS2_PLACEMENT_3D ( 'NONE', #4844, #3929, #1247 ) ;
#5920 = EDGE_CURVE ( 'NONE', #1772, #3790, #3347, .T. ) ;
#5921 = AXIS2_PLACEMENT_3D ( 'NONE', #1498, #5552, #3342 ) ;
#5922 = VECTOR ( 'NONE', #5401, 1000.000000000000000 ) ;
#5923 = ORIENTED_EDGE ( 'NONE', *, *, #4353, .T. ) ;
#5924 = VERTEX_POINT ( 'NONE', #1979 ) ;
#5925 = PLANE ( 'NONE',  #768 ) ;
#5926 = DIRECTION ( 'NONE',  ( 0.000000000000000000, 1.000000000000000000, 4.336808689942018229E-16 ) ) ;
#5927 = EDGE_CURVE ( 'NONE', #3782, #4058, #2414, .T. ) ;
#5928 = EDGE_LOOP ( 'NONE', ( #3251, #1425, #459, #1385 ) ) ;
#5929 = DIRECTION ( 'NONE',  ( 1.000000000000000000, -8.673617379884030739E-15, 0.000000000000000000 ) ) ;
#5930 = CARTESIAN_POINT ( 'NONE',  ( 0.000000000000000000, 6.500000000000000888, -1.155688030012021264E-15 ) ) ;
#5931 = CARTESIAN_POINT ( 'NONE',  ( 1.540000000000000480, 1.800000000000000488, 0.3499999999999999778 ) ) ;
#5932 = CARTESIAN_POINT ( 'NONE',  ( 5.401845733883980039, 5.626229152235330488, 0.000000000000000000 ) ) ;
#5933 = COLOUR_RGB ( '',0.8313725490196077761, 0.6705882352941175961, 0.1294117647058823373 ) ;
#5934 = LINE ( 'NONE', #4071, #4918 ) ;
#5935 =( NAMED_UNIT ( * ) SI_UNIT ( $, .STERADIAN. ) SOLID_ANGLE_UNIT ( ) );
#5936 = CARTESIAN_POINT ( 'NONE',  ( 5.029999999999999361, 8.026794919243110726, -0.05000000000000012768 ) ) ;
#5937 = VERTEX_POINT ( 'NONE', #4750 ) ;
#5938 = ORIENTED_EDGE ( 'NONE', *, *, #3472, .T. ) ;
#5939 = FILL_AREA_STYLE_COLOUR ( '', #594 ) ;
#5940 = LINE ( 'NONE', #2302, #228 ) ;
#5941 = CARTESIAN_POINT ( 'NONE',  ( 4.179306504786379328, 4.786369049942377885, 0.3499999999999999778 ) ) ;
#5942 = VECTOR ( 'NONE', #5614, 1000.000000000000000 ) ;
#5943 = DIRECTION ( 'NONE',  ( -0.000000000000000000, -0.000000000000000000, -1.000000000000000000 ) ) ;
#5944 = VECTOR ( 'NONE', #2744, 1000.000000000000114 ) ;
ENDSEC;
END-ISO-10303-21;
