ISO-10303-21;
HEADER;
FILE_DESCRIPTION (( 'STEP AP214' ),
    '1' );
FILE_NAME ('Beam_ver2.STEP',
    '2026-07-17T09:07:39',
    ( '' ),
    ( '' ),
    'SwSTEP 2.0',
    'SolidWorks 2023',
    '' );
FILE_SCHEMA (( 'AUTOMOTIVE_DESIGN' ));
ENDSEC;

DATA;
#1 = VECTOR ( 'NONE', #8, 1000.000000000000114 ) ;
#2 = LINE ( 'NONE', #1613, #267 ) ;
#3 = FACE_OUTER_BOUND ( 'NONE', #1939, .T. ) ;
#4 = EDGE_CURVE ( 'NONE', #1268, #772, #747, .T. ) ;
#5 = DIRECTION ( 'NONE',  ( -1.000000000000000000, -0.000000000000000000, -0.000000000000000000 ) ) ;
#6 = ORIENTED_EDGE ( 'NONE', *, *, #80, .T. ) ;
#7 = ADVANCED_FACE ( 'NONE', ( #571 ), #2157, .T. ) ;
#8 = DIRECTION ( 'NONE',  ( -0.000000000000000000, 0.8616879873547977908, -0.5074384814422706613 ) ) ;
#9 = CARTESIAN_POINT ( 'NONE',  ( 1.000000000000000000, 0.000000000000000000, 30.00000000000000711 ) ) ;
#10 = ORIENTED_EDGE ( 'NONE', *, *, #1906, .T. ) ;
#11 = AXIS2_PLACEMENT_3D ( 'NONE', #2310, #3024, #1860 ) ;
#12 = ORIENTED_EDGE ( 'NONE', *, *, #1805, .F. ) ;
#13 = ORIENTED_EDGE ( 'NONE', *, *, #1432, .T. ) ;
#14 = FACE_OUTER_BOUND ( 'NONE', #1445, .T. ) ;
#15 = FACE_OUTER_BOUND ( 'NONE', #694, .T. ) ;
#16 = CARTESIAN_POINT ( 'NONE',  ( 59.00000000000003553, -26.99999999999999289, -22.05000000000000426 ) ) ;
#17 = VERTEX_POINT ( 'NONE', #2664 ) ;
#18 = ORIENTED_EDGE ( 'NONE', *, *, #1805, .T. ) ;
#19 = CARTESIAN_POINT ( 'NONE',  ( -51.99999999999998579, 4.000000000000000000, -12.49999999999999112 ) ) ;
#20 = FACE_OUTER_BOUND ( 'NONE', #241, .T. ) ;
#21 = EDGE_LOOP ( 'NONE', ( #3016, #1916, #2232, #788 ) ) ;
#22 = ORIENTED_EDGE ( 'NONE', *, *, #2957, .F. ) ;
#23 = CIRCLE ( 'NONE', #806, 9.999999999999994671 ) ;
#24 = EDGE_LOOP ( 'NONE', ( #1317, #834, #1229, #2332 ) ) ;
#25 = VERTEX_POINT ( 'NONE', #1017 ) ;
#26 = AXIS2_PLACEMENT_3D ( 'NONE', #2510, #2308, #856 ) ;
#27 = VECTOR ( 'NONE', #50, 1000.000000000000000 ) ;
#28 = DIRECTION ( 'NONE',  ( 0.000000000000000000, 0.000000000000000000, 1.000000000000000000 ) ) ;
#29 = FACE_OUTER_BOUND ( 'NONE', #2562, .T. ) ;
#30 = VECTOR ( 'NONE', #318, 1000.000000000000000 ) ;
#31 = LINE ( 'NONE', #639, #1995 ) ;
#32 = PLANE ( 'NONE',  #2247 ) ;
#33 = ORIENTED_EDGE ( 'NONE', *, *, #1999, .F. ) ;
#34 = ORIENTED_EDGE ( 'NONE', *, *, #1112, .T. ) ;
#35 = DIRECTION ( 'NONE',  ( 0.000000000000000000, 0.000000000000000000, 1.000000000000000000 ) ) ;
#36 = AXIS2_PLACEMENT_3D ( 'NONE', #9, #681, #1882 ) ;
#37 = DIRECTION ( 'NONE',  ( 1.000000000000000000, 0.000000000000000000, 0.000000000000000000 ) ) ;
#38 = VERTEX_POINT ( 'NONE', #1691 ) ;
#39 = ORIENTED_EDGE ( 'NONE', *, *, #1393, .F. ) ;
#40 = UNCERTAINTY_MEASURE_WITH_UNIT (LENGTH_MEASURE( 1.000000000000000082E-05 ), #379, 'distance_accuracy_value', 'NONE');
#41 = ORIENTED_EDGE ( 'NONE', *, *, #690, .F. ) ;
#42 = ADVANCED_FACE ( 'NONE', ( #101 ), #1977, .F. ) ;
#43 = VERTEX_POINT ( 'NONE', #2680 ) ;
#44 = LINE ( 'NONE', #2847, #1597 ) ;
#45 = DIRECTION ( 'NONE',  ( -0.000000000000000000, -0.000000000000000000, 1.000000000000000000 ) ) ;
#46 = AXIS2_PLACEMENT_3D ( 'NONE', #1527, #1794, #1292 ) ;
#47 = CARTESIAN_POINT ( 'NONE',  ( 53.00000000000000000, 0.000000000000000000, 30.00000000000000711 ) ) ;
#48 = ADVANCED_FACE ( 'NONE', ( #51 ), #2458, .F. ) ;
#49 = CARTESIAN_POINT ( 'NONE',  ( -31.49999999999997868, 4.000000000000000000, -30.53649170988226658 ) ) ;
#50 = DIRECTION ( 'NONE',  ( -1.000000000000000000, -0.000000000000000000, -0.000000000000000000 ) ) ;
#51 = FACE_OUTER_BOUND ( 'NONE', #2411, .T. ) ;
#52 = VERTEX_POINT ( 'NONE', #1438 ) ;
#53 = PLANE ( 'NONE',  #2270 ) ;
#54 = LINE ( 'NONE', #1943, #2691 ) ;
#55 = EDGE_LOOP ( 'NONE', ( #573, #2179, #2902, #39 ) ) ;
#56 = EDGE_LOOP ( 'NONE', ( #783, #2103, #2618, #2012 ) ) ;
#57 = ORIENTED_EDGE ( 'NONE', *, *, #307, .T. ) ;
#58 = ORIENTED_EDGE ( 'NONE', *, *, #1583, .T. ) ;
#59 = CARTESIAN_POINT ( 'NONE',  ( -51.00000000000000000, -13.50000000000000355, 22.04999999999999716 ) ) ;
#60 = CARTESIAN_POINT ( 'NONE',  ( 51.00000000000000000, 0.000000000000000000, 30.00000000000000711 ) ) ;
#61 = CARTESIAN_POINT ( 'NONE',  ( -28.99999999999998579, 4.000000000000000000, -12.49999999999999289 ) ) ;
#62 = PLANE ( 'NONE',  #1313 ) ;
#63 = CARTESIAN_POINT ( 'NONE',  ( 31.49999999999998579, 2.442630891331990308E-15, -8.050000000000011369 ) ) ;
#64 = VERTEX_POINT ( 'NONE', #1228 ) ;
#65 = ORIENTED_EDGE ( 'NONE', *, *, #3030, .T. ) ;
#66 = CARTESIAN_POINT ( 'NONE',  ( 49.49999999999997868, 4.000000000000000000, -30.53649170988226658 ) ) ;
#67 = DIRECTION ( 'NONE',  ( 0.000000000000000000, 0.000000000000000000, -1.000000000000000000 ) ) ;
#68 = EDGE_CURVE ( 'NONE', #998, #1546, #342, .T. ) ;
#69 = ORIENTED_EDGE ( 'NONE', *, *, #977, .F. ) ;
#70 = ORIENTED_EDGE ( 'NONE', *, *, #2077, .F. ) ;
#71 = EDGE_LOOP ( 'NONE', ( #400, #732, #2144, #748 ) ) ;
#72 = VERTEX_POINT ( 'NONE', #813 ) ;
#73 = CARTESIAN_POINT ( 'NONE',  ( 51.99999999999998579, 4.000000000000000000, -14.49999999999999467 ) ) ;
#74 = LINE ( 'NONE', #497, #814 ) ;
#75 = CYLINDRICAL_SURFACE ( 'NONE', #1830, 2.999999999999999112 ) ;
#76 = AXIS2_PLACEMENT_3D ( 'NONE', #580, #336, #2150 ) ;
#77 = CARTESIAN_POINT ( 'NONE',  ( 24.99999999999999289, -13.49999999999999289, -22.05000000000000071 ) ) ;
#78 = ORIENTED_EDGE ( 'NONE', *, *, #993, .T. ) ;
#79 = LINE ( 'NONE', #2868, #459 ) ;
#80 = EDGE_CURVE ( 'NONE', #538, #2886, #2613, .T. ) ;
#81 = CARTESIAN_POINT ( 'NONE',  ( -55.00000000000000000, 4.000000000000000000, -29.99999999999999645 ) ) ;
#82 = CIRCLE ( 'NONE', #1806, 2.000000000000003553 ) ;
#83 = ORIENTED_EDGE ( 'NONE', *, *, #1037, .F. ) ;
#84 = FACE_OUTER_BOUND ( 'NONE', #24, .T. ) ;
#85 = CARTESIAN_POINT ( 'NONE',  ( -53.00000000000000000, -3.110538646579100445E-15, 0.000000000000000000 ) ) ;
#86 = ORIENTED_EDGE ( 'NONE', *, *, #1848, .T. ) ;
#87 = AXIS2_PLACEMENT_3D ( 'NONE', #780, #1240, #1206 ) ;
#88 = EDGE_LOOP ( 'NONE', ( #1182, #770, #561, #1718, #216, #99, #58, #1413, #2181, #13, #802, #411, #1073, #234, #589, #1735, #1917, #1610, #2816, #2653, #519, #2638, #2871, #619 ) ) ;
#89 = VECTOR ( 'NONE', #1796, 1000.000000000000000 ) ;
#90 = EDGE_LOOP ( 'NONE', ( #1340, #1729, #570, #1463 ) ) ;
#91 = ORIENTED_EDGE ( 'NONE', *, *, #1590, .F. ) ;
#92 = LINE ( 'NONE', #990, #2335 ) ;
#93 = EDGE_CURVE ( 'NONE', #1550, #2199, #2962, .T. ) ;
#94 = EDGE_CURVE ( 'NONE', #2843, #52, #1763, .T. ) ;
#95 = DIRECTION ( 'NONE',  ( 0.000000000000000000, 2.891205793294679312E-16, -1.000000000000000000 ) ) ;
#96 = DIRECTION ( 'NONE',  ( -0.000000000000000000, -1.000000000000000000, -0.000000000000000000 ) ) ;
#97 = ADVANCED_FACE ( 'NONE', ( #2471 ), #2275, .T. ) ;
#98 = CARTESIAN_POINT ( 'NONE',  ( -25.00000000000000000, -13.50000000000000178, 22.04999999999999716 ) ) ;
#99 = ORIENTED_EDGE ( 'NONE', *, *, #2048, .T. ) ;
#100 = CARTESIAN_POINT ( 'NONE',  ( -28.99999999999998579, 4.000000000000000000, -16.50000000000000000 ) ) ;
#101 = FACE_OUTER_BOUND ( 'NONE', #2572, .T. ) ;
#102 = VERTEX_POINT ( 'NONE', #1083 ) ;
#103 = CARTESIAN_POINT ( 'NONE',  ( -51.00000000000000000, -13.49999999999999645, -22.04999999999999716 ) ) ;
#104 = CIRCLE ( 'NONE', #438, 2.999999999999999112 ) ;
#105 = LINE ( 'NONE', #1001, #145 ) ;
#106 = ORIENTED_EDGE ( 'NONE', *, *, #969, .T. ) ;
#107 = ADVANCED_FACE ( 'NONE', ( #2027 ), #1779, .F. ) ;
#108 = ORIENTED_EDGE ( 'NONE', *, *, #628, .T. ) ;
#109 = DIRECTION ( 'NONE',  ( 1.000000000000000000, 0.000000000000000000, -0.000000000000000000 ) ) ;
#110 = DIRECTION ( 'NONE',  ( 0.000000000000000000, 0.000000000000000000, 1.000000000000000000 ) ) ;
#111 = PLANE ( 'NONE',  #622 ) ;
#112 = FACE_OUTER_BOUND ( 'NONE', #674, .T. ) ;
#113 = VECTOR ( 'NONE', #483, 1000.000000000000114 ) ;
#114 = CARTESIAN_POINT ( 'NONE',  ( 60.00000000000000000, 0.000000000000000000, 25.00000000000001421 ) ) ;
#115 = VERTEX_POINT ( 'NONE', #130 ) ;
#116 = EDGE_LOOP ( 'NONE', ( #1035, #2783, #1785, #1002 ) ) ;
#117 = VERTEX_POINT ( 'NONE', #2241 ) ;
#118 = DIRECTION ( 'NONE',  ( 0.000000000000000000, 0.000000000000000000, 1.000000000000000000 ) ) ;
#119 = LINE ( 'NONE', #276, #521 ) ;
#120 = ORIENTED_EDGE ( 'NONE', *, *, #211, .F. ) ;
#121 = ORIENTED_EDGE ( 'NONE', *, *, #2164, .F. ) ;
#122 = PRODUCT_CONTEXT ( 'NONE', #1026, 'mechanical' ) ;
#123 = CARTESIAN_POINT ( 'NONE',  ( -25.00000000000000000, -2.035497451754345507E-15, -30.00000000000000711 ) ) ;
#124 = EDGE_CURVE ( 'NONE', #718, #998, #150, .T. ) ;
#125 = LINE ( 'NONE', #826, #2870 ) ;
#126 = DIRECTION ( 'NONE',  ( 1.000000000000000000, -0.000000000000000000, -0.000000000000000000 ) ) ;
#127 = CARTESIAN_POINT ( 'NONE',  ( -49.49999999999997868, 6.490319001944536908E-15, -22.04999999999999716 ) ) ;
#128 = ORIENTED_EDGE ( 'NONE', *, *, #2882, .F. ) ;
#129 = VECTOR ( 'NONE', #2210, 1000.000000000000000 ) ;
#130 = CARTESIAN_POINT ( 'NONE',  ( -31.49999999999998579, -1.000000000000004441, -20.05000000000000426 ) ) ;
#131 = ORIENTED_EDGE ( 'NONE', *, *, #1475, .F. ) ;
#132 = DIRECTION ( 'NONE',  ( 0.000000000000000000, 1.000000000000000000, 0.000000000000000000 ) ) ;
#133 = DIRECTION ( 'NONE',  ( 0.000000000000000000, 0.000000000000000000, -1.000000000000000000 ) ) ;
#134 = VERTEX_POINT ( 'NONE', #1544 ) ;
#135 = DIRECTION ( 'NONE',  ( -1.000000000000000000, 0.000000000000000000, 0.000000000000000000 ) ) ;
#136 = ORIENTED_EDGE ( 'NONE', *, *, #1218, .T. ) ;
#137 = EDGE_CURVE ( 'NONE', #1465, #704, #2158, .T. ) ;
#138 = AXIS2_PLACEMENT_3D ( 'NONE', #1507, #2657, #1670 ) ;
#139 = CARTESIAN_POINT ( 'NONE',  ( 59.00000000000003553, -27.00000000000000355, -3.306546357697854128E-15 ) ) ;
#140 = LINE ( 'NONE', #2719, #2293 ) ;
#141 = CIRCLE ( 'NONE', #270, 2.999999999999999112 ) ;
#142 = AXIS2_PLACEMENT_3D ( 'NONE', #2943, #1746, #835 ) ;
#143 = EDGE_CURVE ( 'NONE', #1533, #1233, #1329, .T. ) ;
#144 = DIRECTION ( 'NONE',  ( 0.000000000000000000, 0.000000000000000000, 1.000000000000000000 ) ) ;
#145 = VECTOR ( 'NONE', #985, 1000.000000000000000 ) ;
#146 = CARTESIAN_POINT ( 'NONE',  ( -25.00000000000000000, -1.555269323289550222E-15, 0.000000000000000000 ) ) ;
#147 = AXIS2_PLACEMENT_3D ( 'NONE', #2011, #374, #837 ) ;
#148 = DIRECTION ( 'NONE',  ( 0.000000000000000000, 0.000000000000000000, -1.000000000000000000 ) ) ;
#149 = ORIENTED_EDGE ( 'NONE', *, *, #2628, .T. ) ;
#150 = LINE ( 'NONE', #2006, #436 ) ;
#151 = AXIS2_PLACEMENT_3D ( 'NONE', #1088, #1578, #2031 ) ;
#152 = ORIENTED_EDGE ( 'NONE', *, *, #975, .F. ) ;
#153 = DIRECTION ( 'NONE',  ( -0.000000000000000000, -1.000000000000000000, -0.000000000000000000 ) ) ;
#154 = CARTESIAN_POINT ( 'NONE',  ( 1.000000000000000000, 0.000000000000000000, 30.00000000000000711 ) ) ;
#155 = CYLINDRICAL_SURFACE ( 'NONE', #151, 9.999999999999994671 ) ;
#156 = VECTOR ( 'NONE', #2353, 1000.000000000000000 ) ;
#157 = DIRECTION ( 'NONE',  ( -0.000000000000000000, 0.5074384814422707723, 0.8616879873547979019 ) ) ;
#158 = CARTESIAN_POINT ( 'NONE',  ( 1.000000000000000000, -3.000000000000000888, -22.04999999999999716 ) ) ;
#159 = EDGE_CURVE ( 'NONE', #64, #705, #1562, .T. ) ;
#160 = DIRECTION ( 'NONE',  ( 0.000000000000000000, 0.000000000000000000, 1.000000000000000000 ) ) ;
#161 = CARTESIAN_POINT ( 'NONE',  ( -28.99999999999998224, 4.000000000000000000, 14.50000000000000355 ) ) ;
#162 = PLANE ( 'NONE',  #2342 ) ;
#163 = VERTEX_POINT ( 'NONE', #2966 ) ;
#164 = VECTOR ( 'NONE', #1096, 1000.000000000000000 ) ;
#165 = DIRECTION ( 'NONE',  ( -1.000000000000000000, 0.000000000000000000, 0.000000000000000000 ) ) ;
#166 = DIRECTION ( 'NONE',  ( -1.000000000000000000, -0.000000000000000000, -0.000000000000000000 ) ) ;
#167 = PLANE ( 'NONE',  #237 ) ;
#168 = EDGE_CURVE ( 'NONE', #220, #2950, #2488, .T. ) ;
#169 = CARTESIAN_POINT ( 'NONE',  ( -59.00000000000003553, -26.99999999999999645, -20.05000000000000426 ) ) ;
#170 = LINE ( 'NONE', #2913, #2494 ) ;
#171 = DIRECTION ( 'NONE',  ( -1.000000000000000000, 0.000000000000000000, 0.000000000000000000 ) ) ;
#172 = CARTESIAN_POINT ( 'NONE',  ( -27.00000000000000000, -2.999999999999999112, 22.04999999999999716 ) ) ;
#173 = ORIENTED_EDGE ( 'NONE', *, *, #2278, .F. ) ;
#174 = AXIS2_PLACEMENT_3D ( 'NONE', #2001, #1488, #1029 ) ;
#175 = VECTOR ( 'NONE', #664, 1000.000000000000000 ) ;
#176 = AXIS2_PLACEMENT_3D ( 'NONE', #2748, #437, #2995 ) ;
#177 = DIRECTION ( 'NONE',  ( -1.000000000000000000, -0.000000000000000000, -0.000000000000000000 ) ) ;
#178 = EDGE_CURVE ( 'NONE', #972, #1808, #868, .T. ) ;
#179 = LINE ( 'NONE', #636, #776 ) ;
#180 = PLANE ( 'NONE',  #1391 ) ;
#181 = PLANE ( 'NONE',  #1618 ) ;
#182 = CARTESIAN_POINT ( 'NONE',  ( -27.00000000000000000, -1.555269323289550222E-15, 0.000000000000000000 ) ) ;
#183 = AXIS2_PLACEMENT_3D ( 'NONE', #1642, #2821, #1133 ) ;
#184 = ADVANCED_FACE ( 'NONE', ( #415 ), #1102, .T. ) ;
#185 = DIRECTION ( 'NONE',  ( 0.000000000000000000, 1.000000000000000000, 0.000000000000000000 ) ) ;
#186 = CARTESIAN_POINT ( 'NONE',  ( 53.00000000000000000, 0.000000000000000000, 30.00000000000000711 ) ) ;
#187 = DIRECTION ( 'NONE',  ( -1.000000000000000000, 0.000000000000000000, 0.000000000000000000 ) ) ;
#188 = VERTEX_POINT ( 'NONE', #1812 ) ;
#189 = DIRECTION ( 'NONE',  ( 1.000000000000000000, -0.000000000000000000, 0.000000000000000000 ) ) ;
#190 = CARTESIAN_POINT ( 'NONE',  ( 26.99999999999999645, -4.802281284647955806E-16, -30.00000000000000711 ) ) ;
#191 = CARTESIAN_POINT ( 'NONE',  ( 49.49999999999997868, 4.000000000000000000, -23.53649170988226658 ) ) ;
#192 = DIRECTION ( 'NONE',  ( 0.000000000000000000, 0.000000000000000000, 1.000000000000000000 ) ) ;
#193 = VECTOR ( 'NONE', #2919, 1000.000000000000000 ) ;
#194 = PLANE ( 'NONE',  #2817 ) ;
#195 = EDGE_LOOP ( 'NONE', ( #1386, #457, #2288, #2880 ) ) ;
#196 = LINE ( 'NONE', #1842, #2280 ) ;
#197 = CYLINDRICAL_SURFACE ( 'NONE', #2688, 2.999999999999999112 ) ;
#198 = VERTEX_POINT ( 'NONE', #2754 ) ;
#199 = EDGE_CURVE ( 'NONE', #1989, #683, #2291, .T. ) ;
#200 = DIRECTION ( 'NONE',  ( -0.000000000000000000, -1.000000000000000000, -0.000000000000000000 ) ) ;
#201 = CARTESIAN_POINT ( 'NONE',  ( -51.99999999999998579, 4.000000000000000000, -14.49999999999999467 ) ) ;
#202 = ORIENTED_EDGE ( 'NONE', *, *, #1716, .F. ) ;
#203 = EDGE_CURVE ( 'NONE', #556, #1928, #1589, .T. ) ;
#204 = CARTESIAN_POINT ( 'NONE',  ( -25.00000000000000000, -2.035497451754345507E-15, -30.00000000000000711 ) ) ;
#205 = DIRECTION ( 'NONE',  ( 1.000000000000000000, -0.000000000000000000, 0.000000000000000000 ) ) ;
#206 = CARTESIAN_POINT ( 'NONE',  ( -59.00000000000003553, -27.00000000000000355, -3.306546357697854128E-15 ) ) ;
#207 = ORIENTED_EDGE ( 'NONE', *, *, #1302, .T. ) ;
#208 = VERTEX_POINT ( 'NONE', #661 ) ;
#209 = ADVANCED_FACE ( 'NONE', ( #1343 ), #648, .F. ) ;
#210 = CARTESIAN_POINT ( 'NONE',  ( -53.00000000000000000, -13.50000000000000355, 22.04999999999999716 ) ) ;
#211 = EDGE_CURVE ( 'NONE', #1650, #2701, #179, .T. ) ;
#212 = DIRECTION ( 'NONE',  ( -0.000000000000000000, -0.000000000000000000, 1.000000000000000000 ) ) ;
#213 = LINE ( 'NONE', #154, #1208 ) ;
#214 = EDGE_CURVE ( 'NONE', #2231, #2742, #1213, .T. ) ;
#215 = FACE_OUTER_BOUND ( 'NONE', #999, .T. ) ;
#216 = ORIENTED_EDGE ( 'NONE', *, *, #533, .F. ) ;
#217 = VECTOR ( 'NONE', #2168, 1000.000000000000000 ) ;
#218 = PLANE ( 'NONE',  #2915 ) ;
#219 = VERTEX_POINT ( 'NONE', #1551 ) ;
#220 = VERTEX_POINT ( 'NONE', #1601 ) ;
#221 = DIRECTION ( 'NONE',  ( -1.000000000000000000, -0.000000000000000000, -0.000000000000000000 ) ) ;
#222 = EDGE_CURVE ( 'NONE', #1209, #38, #1784, .T. ) ;
#223 = AXIS2_PLACEMENT_3D ( 'NONE', #941, #696, #2107 ) ;
#224 = CIRCLE ( 'NONE', #1899, 2.999999999999999112 ) ;
#225 = CARTESIAN_POINT ( 'NONE',  ( 53.00000000000000000, 0.000000000000000000, 30.00000000000000711 ) ) ;
#226 = CARTESIAN_POINT ( 'NONE',  ( -25.00000000000000000, -1.555269323289550222E-15, 30.00000000000000711 ) ) ;
#227 = ADVANCED_FACE ( 'NONE', ( #2264 ), #155, .T. ) ;
#228 = CIRCLE ( 'NONE', #1952, 2.000000000000003553 ) ;
#229 = VECTOR ( 'NONE', #1479, 1000.000000000000000 ) ;
#230 = PLANE ( 'NONE',  #3029 ) ;
#231 = VERTEX_POINT ( 'NONE', #403 ) ;
#232 = LINE ( 'NONE', #935, #1468 ) ;
#233 = DIRECTION ( 'NONE',  ( 1.000000000000000000, 0.000000000000000000, 0.000000000000000000 ) ) ;
#234 = ORIENTED_EDGE ( 'NONE', *, *, #2882, .T. ) ;
#235 = ORIENTED_EDGE ( 'NONE', *, *, #2007, .T. ) ;
#236 = ADVANCED_FACE ( 'NONE', ( #1824 ), #2013, .T. ) ;
#237 = AXIS2_PLACEMENT_3D ( 'NONE', #123, #157, #825 ) ;
#238 = DIRECTION ( 'NONE',  ( 0.000000000000000000, -0.8616879873547979019, -0.5074384814422704393 ) ) ;
#239 = CARTESIAN_POINT ( 'NONE',  ( 51.99999999999997868, 4.000000000000000000, 14.50000000000000711 ) ) ;
#240 = DIRECTION ( 'NONE',  ( 1.000000000000000000, 0.000000000000000000, 0.000000000000000000 ) ) ;
#241 = EDGE_LOOP ( 'NONE', ( #2159, #2855, #953, #431 ) ) ;
#242 = CARTESIAN_POINT ( 'NONE',  ( 51.00000000000000000, -3.529676744216246073E-16, -22.04999999999999716 ) ) ;
#243 = CARTESIAN_POINT ( 'NONE',  ( -31.49999999999998579, -8.000000000000007105, -8.050000000000014921 ) ) ;
#244 = ORIENTED_EDGE ( 'NONE', *, *, #1151, .T. ) ;
#245 = EDGE_LOOP ( 'NONE', ( #1944, #1982, #2274, #1840 ) ) ;
#246 = ORIENTED_EDGE ( 'NONE', *, *, #1196, .F. ) ;
#247 = ORIENTED_EDGE ( 'NONE', *, *, #1095, .F. ) ;
#248 = DIRECTION ( 'NONE',  ( -0.000000000000000000, -1.000000000000000000, -0.000000000000000000 ) ) ;
#249 = DIRECTION ( 'NONE',  ( 1.000000000000000000, 0.000000000000000000, -0.000000000000000000 ) ) ;
#250 = DIRECTION ( 'NONE',  ( 0.000000000000000000, 1.000000000000000000, 0.000000000000000000 ) ) ;
#251 = DIRECTION ( 'NONE',  ( -0.000000000000000000, -1.000000000000000000, -0.000000000000000000 ) ) ;
#252 = EDGE_CURVE ( 'NONE', #1150, #683, #2399, .T. ) ;
#253 = EDGE_CURVE ( 'NONE', #1197, #72, #1278, .T. ) ;
#254 = ORIENTED_EDGE ( 'NONE', *, *, #143, .T. ) ;
#255 = ORIENTED_EDGE ( 'NONE', *, *, #432, .F. ) ;
#256 = DIRECTION ( 'NONE',  ( 0.000000000000000000, 1.000000000000000000, 0.000000000000000000 ) ) ;
#257 = FACE_OUTER_BOUND ( 'NONE', #505, .T. ) ;
#258 = EDGE_LOOP ( 'NONE', ( #1005, #476, #666, #2668 ) ) ;
#259 = ORIENTED_EDGE ( 'NONE', *, *, #2092, .T. ) ;
#260 = VECTOR ( 'NONE', #2345, 1000.000000000000000 ) ;
#261 = ORIENTED_EDGE ( 'NONE', *, *, #253, .F. ) ;
#262 = VERTEX_POINT ( 'NONE', #2731 ) ;
#263 = AXIS2_PLACEMENT_3D ( 'NONE', #2912, #1932, #1505 ) ;
#264 = ADVANCED_FACE ( 'NONE', ( #2304 ), #1072, .F. ) ;
#265 = DIRECTION ( 'NONE',  ( 1.000000000000000000, -0.000000000000000000, -0.000000000000000000 ) ) ;
#266 = DIRECTION ( 'NONE',  ( 1.000000000000000000, 0.000000000000000000, 0.000000000000000000 ) ) ;
#267 = VECTOR ( 'NONE', #2593, 1000.000000000000000 ) ;
#268 = CARTESIAN_POINT ( 'NONE',  ( -49.49999999999997868, 4.000000000000000000, -23.53649170988226658 ) ) ;
#269 = LINE ( 'NONE', #1207, #948 ) ;
#270 = AXIS2_PLACEMENT_3D ( 'NONE', #2222, #340, #2916 ) ;
#271 = VECTOR ( 'NONE', #2213, 1000.000000000000000 ) ;
#272 = EDGE_LOOP ( 'NONE', ( #1765, #2408, #2084, #314, #2605, #2381, #1624, #332, #1858, #1727, #1189, #2146, #375, #1483, #2437, #1267, #1492, #607, #297, #1023, #2963, #2844, #600, #451 ) ) ;
#273 = VERTEX_POINT ( 'NONE', #2071 ) ;
#274 = PLANE ( 'NONE',  #726 ) ;
#275 = AXIS2_PLACEMENT_3D ( 'NONE', #2874, #1748, #2698 ) ;
#276 = CARTESIAN_POINT ( 'NONE',  ( -28.99999999999998579, 4.000000000000000000, -16.50000000000000000 ) ) ;
#277 = ORIENTED_EDGE ( 'NONE', *, *, #1841, .F. ) ;
#278 = ORIENTED_EDGE ( 'NONE', *, *, #2502, .T. ) ;
#279 = ORIENTED_EDGE ( 'NONE', *, *, #199, .T. ) ;
#280 = VERTEX_POINT ( 'NONE', #3005 ) ;
#281 = DIRECTION ( 'NONE',  ( -0.000000000000000000, -1.000000000000000000, -0.000000000000000000 ) ) ;
#282 = AXIS2_PLACEMENT_3D ( 'NONE', #893, #1835, #1298 ) ;
#283 = CARTESIAN_POINT ( 'NONE',  ( -28.99999999999998224, 4.000000000000000000, 14.50000000000000355 ) ) ;
#284 = CARTESIAN_POINT ( 'NONE',  ( 1.000000000000000000, 0.000000000000000000, 30.00000000000000711 ) ) ;
#285 = PRODUCT ( 'Beam_ver2', 'Beam_ver2', '', ( #122 ) ) ;
#286 = EDGE_CURVE ( 'NONE', #2165, #1428, #1614, .T. ) ;
#287 = DIRECTION ( 'NONE',  ( -0.000000000000000000, -1.000000000000000000, -0.000000000000000000 ) ) ;
#288 = DIRECTION ( 'NONE',  ( -0.000000000000000000, 2.891205793294679312E-16, -1.000000000000000000 ) ) ;
#289 = CIRCLE ( 'NONE', #2024, 2.999999999999999112 ) ;
#290 = DIRECTION ( 'NONE',  ( -1.000000000000000000, 0.000000000000000000, 0.000000000000000000 ) ) ;
#291 = ORIENTED_EDGE ( 'NONE', *, *, #2341, .F. ) ;
#292 = LINE ( 'NONE', #1244, #1774 ) ;
#293 = DIRECTION ( 'NONE',  ( 0.000000000000000000, 0.000000000000000000, -1.000000000000000000 ) ) ;
#294 = ORIENTED_EDGE ( 'NONE', *, *, #94, .T. ) ;
#295 = ORIENTED_EDGE ( 'NONE', *, *, #432, .T. ) ;
#296 = VERTEX_POINT ( 'NONE', #2778 ) ;
#297 = ORIENTED_EDGE ( 'NONE', *, *, #1621, .F. ) ;
#298 = VERTEX_POINT ( 'NONE', #2714 ) ;
#299 = DIRECTION ( 'NONE',  ( 0.000000000000000000, 1.000000000000000000, 0.000000000000000000 ) ) ;
#300 = DIRECTION ( 'NONE',  ( -0.000000000000000000, -1.000000000000000000, -0.000000000000000000 ) ) ;
#301 = EDGE_CURVE ( 'NONE', #2199, #2804, #3038, .T. ) ;
#302 = CARTESIAN_POINT ( 'NONE',  ( 24.99999999999999645, -13.50000000000000000, 22.04999999999999716 ) ) ;
#303 = DIRECTION ( 'NONE',  ( 0.000000000000000000, -0.8616879873547979019, -0.5074384814422704393 ) ) ;
#304 = FACE_OUTER_BOUND ( 'NONE', #1459, .T. ) ;
#305 = EDGE_LOOP ( 'NONE', ( #1946, #2098, #2824, #1681 ) ) ;
#306 = EDGE_CURVE ( 'NONE', #2464, #2487, #529, .T. ) ;
#307 = EDGE_CURVE ( 'NONE', #1111, #273, #604, .T. ) ;
#308 = ORIENTED_EDGE ( 'NONE', *, *, #80, .F. ) ;
#309 = CARTESIAN_POINT ( 'NONE',  ( -59.00000000000003553, 8.870139336193439587E-15, -22.04999999999999716 ) ) ;
#310 = CARTESIAN_POINT ( 'NONE',  ( 51.99999999999998579, 4.000000000000000000, -14.49999999999999467 ) ) ;
#311 = VERTEX_POINT ( 'NONE', #1296 ) ;
#312 = ORIENTED_EDGE ( 'NONE', *, *, #214, .T. ) ;
#313 = VECTOR ( 'NONE', #1431, 1000.000000000000000 ) ;
#314 = ORIENTED_EDGE ( 'NONE', *, *, #1309, .T. ) ;
#315 = ORIENTED_EDGE ( 'NONE', *, *, #1985, .T. ) ;
#316 = LINE ( 'NONE', #2394, #1439 ) ;
#317 = EDGE_CURVE ( 'NONE', #1428, #343, #2965, .T. ) ;
#318 = DIRECTION ( 'NONE',  ( 0.000000000000000000, 0.000000000000000000, -1.000000000000000000 ) ) ;
#319 = ADVANCED_FACE ( 'NONE', ( #1549 ), #2095, .F. ) ;
#320 = DIRECTION ( 'NONE',  ( -1.000000000000000000, 0.000000000000000000, 0.000000000000000000 ) ) ;
#321 = LINE ( 'NONE', #744, #668 ) ;
#322 = EDGE_LOOP ( 'NONE', ( #1780, #2129, #983, #246 ) ) ;
#323 = DIRECTION ( 'NONE',  ( -1.000000000000000000, -0.000000000000000000, -0.000000000000000000 ) ) ;
#324 = EDGE_CURVE ( 'NONE', #2701, #2592, #385, .T. ) ;
#325 = ORIENTED_EDGE ( 'NONE', *, *, #68, .T. ) ;
#326 = CIRCLE ( 'NONE', #2982, 9.999999999999994671 ) ;
#327 = ORIENTED_EDGE ( 'NONE', *, *, #1404, .F. ) ;
#328 = CARTESIAN_POINT ( 'NONE',  ( 24.99999999999999645, -13.49999999999999289, -22.04999999999999716 ) ) ;
#329 = CARTESIAN_POINT ( 'NONE',  ( 53.00000000000000000, -13.50000000000000000, 22.04999999999999716 ) ) ;
#330 = ORIENTED_EDGE ( 'NONE', *, *, #843, .F. ) ;
#331 = AXIS2_PLACEMENT_3D ( 'NONE', #191, #1103, #1128 ) ;
#332 = ORIENTED_EDGE ( 'NONE', *, *, #2207, .T. ) ;
#333 = AXIS2_PLACEMENT_3D ( 'NONE', #2781, #660, #1381 ) ;
#334 = ORIENTED_EDGE ( 'NONE', *, *, #484, .T. ) ;
#335 = ORIENTED_EDGE ( 'NONE', *, *, #2048, .F. ) ;
#336 = DIRECTION ( 'NONE',  ( 0.000000000000000000, 1.000000000000000000, -0.000000000000000000 ) ) ;
#337 = LINE ( 'NONE', #1486, #30 ) ;
#338 = DIRECTION ( 'NONE',  ( 0.000000000000000000, 0.000000000000000000, 1.000000000000000000 ) ) ;
#339 = ADVANCED_FACE ( 'NONE', ( #2244 ), #2474, .F. ) ;
#340 = DIRECTION ( 'NONE',  ( 1.000000000000000000, -0.000000000000000000, 0.000000000000000000 ) ) ;
#341 = ORIENTED_EDGE ( 'NONE', *, *, #807, .T. ) ;
#342 = LINE ( 'NONE', #2174, #193 ) ;
#343 = VERTEX_POINT ( 'NONE', #2944 ) ;
#344 = CARTESIAN_POINT ( 'NONE',  ( -31.49999999999997868, 4.000000000000000000, -30.53649170988226658 ) ) ;
#345 = AXIS2_PLACEMENT_3D ( 'NONE', #1694, #966, #2383 ) ;
#346 = CARTESIAN_POINT ( 'NONE',  ( -31.49999999999998579, 2.442630891331990308E-15, -8.050000000000011369 ) ) ;
#347 = VERTEX_POINT ( 'NONE', #1070 ) ;
#348 = VERTEX_POINT ( 'NONE', #2795 ) ;
#349 = PLANE ( 'NONE',  #1971 ) ;
#350 = FACE_BOUND ( 'NONE', #88, .T. ) ;
#351 = CARTESIAN_POINT ( 'NONE',  ( 51.99999999999997868, 0.000000000000000000, 14.50000000000000711 ) ) ;
#352 = CIRCLE ( 'NONE', #2227, 20.05000000000000071 ) ;
#353 = CARTESIAN_POINT ( 'NONE',  ( -1.000000000000000000, -3.000000000000000888, 22.04999999999999716 ) ) ;
#354 = VERTEX_POINT ( 'NONE', #2567 ) ;
#355 = DIRECTION ( 'NONE',  ( 1.000000000000000000, -0.000000000000000000, 0.000000000000000000 ) ) ;
#356 = ADVANCED_FACE ( 'NONE', ( #3 ), #1566, .F. ) ;
#357 = ORIENTED_EDGE ( 'NONE', *, *, #2154, .T. ) ;
#358 = DIRECTION ( 'NONE',  ( 1.000000000000000000, -0.000000000000000000, -0.000000000000000000 ) ) ;
#359 = EDGE_CURVE ( 'NONE', #1216, #2115, #1797, .T. ) ;
#360 = EDGE_CURVE ( 'NONE', #262, #523, #213, .T. ) ;
#361 = DIRECTION ( 'NONE',  ( 0.000000000000000000, 1.000000000000000000, 0.000000000000000000 ) ) ;
#362 = ORIENTED_EDGE ( 'NONE', *, *, #2132, .F. ) ;
#363 = VERTEX_POINT ( 'NONE', #226 ) ;
#364 = ORIENTED_EDGE ( 'NONE', *, *, #222, .F. ) ;
#365 = CARTESIAN_POINT ( 'NONE',  ( 49.49999999999997868, 0.000000000000000000, -30.53649170988226658 ) ) ;
#366 = DIRECTION ( 'NONE',  ( 0.000000000000000000, 0.000000000000000000, 1.000000000000000000 ) ) ;
#367 = DIRECTION ( 'NONE',  ( -1.000000000000000000, -0.000000000000000000, -0.000000000000000000 ) ) ;
#368 = LINE ( 'NONE', #1307, #2145 ) ;
#369 = ORIENTED_EDGE ( 'NONE', *, *, #2341, .T. ) ;
#370 = VECTOR ( 'NONE', #2903, 1000.000000000000114 ) ;
#371 = DIRECTION ( 'NONE',  ( 0.000000000000000000, 1.000000000000000000, 0.000000000000000000 ) ) ;
#372 = EDGE_LOOP ( 'NONE', ( #70, #1594, #1676, #2655 ) ) ;
#373 = FACE_OUTER_BOUND ( 'NONE', #1709, .T. ) ;
#374 = DIRECTION ( 'NONE',  ( 0.000000000000000000, 0.000000000000000000, 1.000000000000000000 ) ) ;
#375 = ORIENTED_EDGE ( 'NONE', *, *, #2848, .T. ) ;
#376 = CARTESIAN_POINT ( 'NONE',  ( -49.99999999999998579, 0.000000000000000000, 25.00000000000002842 ) ) ;
#377 = AXIS2_PLACEMENT_3D ( 'NONE', #629, #1539, #1803 ) ;
#378 =( LENGTH_UNIT ( ) NAMED_UNIT ( * ) SI_UNIT ( .MILLI., .METRE. ) );
#379 =( LENGTH_UNIT ( ) NAMED_UNIT ( * ) SI_UNIT ( .MILLI., .METRE. ) );
#380 = LINE ( 'NONE', #406, #1889 ) ;
#381 = VECTOR ( 'NONE', #1813, 1000.000000000000000 ) ;
#382 = CIRCLE ( 'NONE', #1159, 2.000000000000003553 ) ;
#383 = CYLINDRICAL_SURFACE ( 'NONE', #867, 2.000000000000003553 ) ;
#384 = CARTESIAN_POINT ( 'NONE',  ( 53.00000000000000000, 0.000000000000000000, 30.00000000000000711 ) ) ;
#385 = CIRCLE ( 'NONE', #2111, 2.999999999999999112 ) ;
#386 = CARTESIAN_POINT ( 'NONE',  ( -51.99999999999997868, 4.000000000000000000, 14.50000000000000711 ) ) ;
#387 = ORIENTED_EDGE ( 'NONE', *, *, #1432, .F. ) ;
#388 = CARTESIAN_POINT ( 'NONE',  ( -49.49999999999997868, 4.000000000000000000, -23.53649170988226658 ) ) ;
#389 = VECTOR ( 'NONE', #361, 1000.000000000000000 ) ;
#390 = EDGE_CURVE ( 'NONE', #2116, #796, #2326, .T. ) ;
#391 = CARTESIAN_POINT ( 'NONE',  ( -51.00000000000000000, -13.50000000000000355, 22.04999999999999716 ) ) ;
#392 = DIRECTION ( 'NONE',  ( 0.000000000000000000, 0.000000000000000000, 1.000000000000000000 ) ) ;
#393 = CYLINDRICAL_SURFACE ( 'NONE', #1510, 5.000000000000000888 ) ;
#394 = CARTESIAN_POINT ( 'NONE',  ( -55.00000000000000000, 4.000000000000000000, -29.99999999999999645 ) ) ;
#395 = DIRECTION ( 'NONE',  ( 0.000000000000000000, 1.600760428215985392E-17, 1.000000000000000000 ) ) ;
#396 = FACE_BOUND ( 'NONE', #2539, .T. ) ;
#397 = CARTESIAN_POINT ( 'NONE',  ( -49.49999999999997868, 0.000000000000000000, -23.53649170988226658 ) ) ;
#398 = ADVANCED_FACE ( 'NONE', ( #675 ), #918, .F. ) ;
#399 = CARTESIAN_POINT ( 'NONE',  ( 24.99999999999999645, 0.000000000000000000, 25.04999999999999716 ) ) ;
#400 = ORIENTED_EDGE ( 'NONE', *, *, #1399, .F. ) ;
#401 = AXIS2_PLACEMENT_3D ( 'NONE', #686, #171, #2774 ) ;
#402 = CARTESIAN_POINT ( 'NONE',  ( -51.99999999999997868, 0.000000000000000000, 12.50000000000000355 ) ) ;
#403 = CARTESIAN_POINT ( 'NONE',  ( -51.99999999999997868, 0.000000000000000000, 16.50000000000001066 ) ) ;
#404 = EDGE_CURVE ( 'NONE', #2843, #1111, #2784, .T. ) ;
#405 = FACE_OUTER_BOUND ( 'NONE', #1401, .T. ) ;
#406 = CARTESIAN_POINT ( 'NONE',  ( 51.99999999999998579, 4.000000000000000000, -16.49999999999999645 ) ) ;
#407 = CARTESIAN_POINT ( 'NONE',  ( 59.00000000000003553, -27.00000000000000000, 20.04999999999999716 ) ) ;
#408 = ADVANCED_FACE ( 'NONE', ( #1864 ), #428, .F. ) ;
#409 = CARTESIAN_POINT ( 'NONE',  ( 31.49999999999997868, 4.000000000000000000, -23.53649170988226658 ) ) ;
#410 = DIRECTION ( 'NONE',  ( 0.000000000000000000, 0.000000000000000000, 1.000000000000000000 ) ) ;
#411 = ORIENTED_EDGE ( 'NONE', *, *, #1521, .F. ) ;
#412 = CIRCLE ( 'NONE', #1886, 2.999999999999999112 ) ;
#413 = VECTOR ( 'NONE', #1907, 1000.000000000000000 ) ;
#414 = CARTESIAN_POINT ( 'NONE',  ( -51.99999999999998579, 0.000000000000000000, -16.49999999999999645 ) ) ;
#415 = FACE_OUTER_BOUND ( 'NONE', #2724, .T. ) ;
#416 = LINE ( 'NONE', #2993, #2193 ) ;
#417 = LINE ( 'NONE', #1360, #2219 ) ;
#418 = LINE ( 'NONE', #1361, #945 ) ;
#419 = VECTOR ( 'NONE', #45, 1000.000000000000000 ) ;
#420 = ORIENTED_EDGE ( 'NONE', *, *, #1773, .T. ) ;
#421 = EDGE_CURVE ( 'NONE', #718, #705, #3014, .T. ) ;
#422 = VECTOR ( 'NONE', #1110, 1000.000000000000000 ) ;
#423 = VECTOR ( 'NONE', #1866, 1000.000000000000000 ) ;
#424 = PLANE ( 'NONE',  #2802 ) ;
#425 = CIRCLE ( 'NONE', #823, 2.000000000000003553 ) ;
#426 = LINE ( 'NONE', #1366, #2299 ) ;
#427 = ORIENTED_EDGE ( 'NONE', *, *, #2285, .T. ) ;
#428 = CYLINDRICAL_SURFACE ( 'NONE', #1543, 2.999999999999999112 ) ;
#429 = ADVANCED_FACE ( 'NONE', ( #1380 ), #2121, .F. ) ;
#430 = DIRECTION ( 'NONE',  ( 0.000000000000000000, 1.000000000000000000, 0.000000000000000000 ) ) ;
#431 = ORIENTED_EDGE ( 'NONE', *, *, #359, .F. ) ;
#432 = EDGE_CURVE ( 'NONE', #354, #2832, #897, .T. ) ;
#433 = EDGE_CURVE ( 'NONE', #2200, #1150, #2349, .T. ) ;
#434 = FACE_OUTER_BOUND ( 'NONE', #2242, .T. ) ;
#435 = CARTESIAN_POINT ( 'NONE',  ( 59.00000000000003553, -27.00000000000000000, 22.04999999999999716 ) ) ;
#436 = VECTOR ( 'NONE', #2725, 1000.000000000000000 ) ;
#437 = DIRECTION ( 'NONE',  ( 0.000000000000000000, 0.000000000000000000, 1.000000000000000000 ) ) ;
#438 = AXIS2_PLACEMENT_3D ( 'NONE', #2786, #1129, #702 ) ;
#439 = VERTEX_POINT ( 'NONE', #978 ) ;
#440 = ORIENTED_EDGE ( 'NONE', *, *, #628, .F. ) ;
#441 = LINE ( 'NONE', #2524, #164 ) ;
#442 = EDGE_CURVE ( 'NONE', #2832, #354, #608, .T. ) ;
#443 = CARTESIAN_POINT ( 'NONE',  ( -27.00000000000000000, -1.555269323289550222E-15, 0.000000000000000000 ) ) ;
#444 = DIRECTION ( 'NONE',  ( -1.000000000000000000, 0.000000000000000000, 0.000000000000000000 ) ) ;
#445 = FACE_OUTER_BOUND ( 'NONE', #21, .T. ) ;
#446 = ADVANCED_FACE ( 'NONE', ( #15 ), #2418, .T. ) ;
#447 = VERTEX_POINT ( 'NONE', #942 ) ;
#448 = ADVANCED_FACE ( 'NONE', ( #1705 ), #2836, .T. ) ;
#449 = CARTESIAN_POINT ( 'NONE',  ( -25.00000000000000000, -13.50000000000000178, 22.04999999999999716 ) ) ;
#450 = LINE ( 'NONE', #490, #2934 ) ;
#451 = ORIENTED_EDGE ( 'NONE', *, *, #807, .F. ) ;
#452 = ORIENTED_EDGE ( 'NONE', *, *, #1869, .F. ) ;
#453 = DIRECTION ( 'NONE',  ( -1.000000000000000000, -0.000000000000000000, -0.000000000000000000 ) ) ;
#454 = DIRECTION ( 'NONE',  ( -0.000000000000000000, -1.000000000000000000, -0.000000000000000000 ) ) ;
#455 = CARTESIAN_POINT ( 'NONE',  ( 49.99999999999998579, 0.000000000000000000, 25.04999999999999716 ) ) ;
#456 = LINE ( 'NONE', #2083, #2255 ) ;
#457 = ORIENTED_EDGE ( 'NONE', *, *, #1437, .F. ) ;
#458 = FACE_BOUND ( 'NONE', #2833, .T. ) ;
#459 = VECTOR ( 'NONE', #2823, 1000.000000000000000 ) ;
#460 = CARTESIAN_POINT ( 'NONE',  ( 51.00000000000000000, 0.000000000000000000, 0.000000000000000000 ) ) ;
#461 = EDGE_CURVE ( 'NONE', #964, #2464, #1184, .T. ) ;
#462 = ORIENTED_EDGE ( 'NONE', *, *, #1568, .T. ) ;
#463 = VERTEX_POINT ( 'NONE', #2135 ) ;
#464 = VECTOR ( 'NONE', #2336, 1000.000000000000000 ) ;
#465 = CARTESIAN_POINT ( 'NONE',  ( 28.99999999999998224, 4.000000000000000000, 14.50000000000000355 ) ) ;
#466 = CARTESIAN_POINT ( 'NONE',  ( 28.99999999999998224, 4.000000000000000000, 14.50000000000000355 ) ) ;
#467 = VECTOR ( 'NONE', #2155, 1000.000000000000000 ) ;
#468 = VECTOR ( 'NONE', #165, 1000.000000000000000 ) ;
#469 = LINE ( 'NONE', #878, #1202 ) ;
#470 = VERTEX_POINT ( 'NONE', #47 ) ;
#471 = ADVANCED_FACE ( 'NONE', ( #29 ), #959, .F. ) ;
#472 = LINE ( 'NONE', #1410, #156 ) ;
#473 = CARTESIAN_POINT ( 'NONE',  ( -49.49999999999997868, -8.000000000000003553, -20.05000000000000071 ) ) ;
#474 = ORIENTED_EDGE ( 'NONE', *, *, #2829, .F. ) ;
#475 = ORIENTED_EDGE ( 'NONE', *, *, #815, .T. ) ;
#476 = ORIENTED_EDGE ( 'NONE', *, *, #2674, .F. ) ;
#477 = ORIENTED_EDGE ( 'NONE', *, *, #1836, .F. ) ;
#478 = PRODUCT_DEFINITION_SHAPE ( 'NONE', 'NONE',  #2311 ) ;
#479 = CIRCLE ( 'NONE', #833, 2.000000000000003553 ) ;
#480 = EDGE_CURVE ( 'NONE', #862, #2313, #1406, .T. ) ;
#481 = DIRECTION ( 'NONE',  ( -1.000000000000000000, 0.000000000000000000, -0.000000000000000000 ) ) ;
#482 = ADVANCED_FACE ( 'NONE', ( #1920 ), #743, .F. ) ;
#483 = DIRECTION ( 'NONE',  ( -0.000000000000000000, 0.8616879873547977908, -0.5074384814422706613 ) ) ;
#484 = EDGE_CURVE ( 'NONE', #2939, #1048, #531, .T. ) ;
#485 = CARTESIAN_POINT ( 'NONE',  ( 59.00000000000003553, -3.000000000000000000, 25.04999999999999716 ) ) ;
#486 = DIRECTION ( 'NONE',  ( -1.000000000000000000, 0.000000000000000000, 0.000000000000000000 ) ) ;
#487 = VERTEX_POINT ( 'NONE', #2822 ) ;
#488 = VERTEX_POINT ( 'NONE', #2594 ) ;
#489 = DIRECTION ( 'NONE',  ( 0.000000000000000000, 0.000000000000000000, -1.000000000000000000 ) ) ;
#490 = CARTESIAN_POINT ( 'NONE',  ( 59.00000000000003553, 3.469446951953614189E-15, 22.04999999999999716 ) ) ;
#491 = EDGE_CURVE ( 'NONE', #2388, #1062, #1688, .T. ) ;
#492 = ORIENTED_EDGE ( 'NONE', *, *, #2574, .T. ) ;
#493 = ORIENTED_EDGE ( 'NONE', *, *, #2829, .T. ) ;
#494 = AXIS2_PLACEMENT_3D ( 'NONE', #239, #758, #1890 ) ;
#495 = ORIENTED_EDGE ( 'NONE', *, *, #1590, .T. ) ;
#496 = ORIENTED_EDGE ( 'NONE', *, *, #286, .T. ) ;
#497 = CARTESIAN_POINT ( 'NONE',  ( -53.00000000000000000, -13.49999999999999645, -22.04999999999999716 ) ) ;
#498 = DIRECTION ( 'NONE',  ( -2.713019355931374386E-63, 1.000000000000000000, 2.891205793294679312E-16 ) ) ;
#499 = CARTESIAN_POINT ( 'NONE',  ( 49.49999999999997868, 0.000000000000000000, -23.53649170988226658 ) ) ;
#500 = DIRECTION ( 'NONE',  ( 0.000000000000000000, 0.000000000000000000, -1.000000000000000000 ) ) ;
#501 = DIRECTION ( 'NONE',  ( -0.000000000000000000, 2.891205793294679312E-16, -1.000000000000000000 ) ) ;
#502 = ORIENTED_EDGE ( 'NONE', *, *, #2229, .T. ) ;
#503 = CARTESIAN_POINT ( 'NONE',  ( 1.630723402511559781E-30, -1.000000000000008216, -8.050000000000011369 ) ) ;
#504 = DIRECTION ( 'NONE',  ( 0.000000000000000000, 0.000000000000000000, -1.000000000000000000 ) ) ;
#505 = EDGE_LOOP ( 'NONE', ( #1518, #364, #2630, #1851 ) ) ;
#506 = ORIENTED_EDGE ( 'NONE', *, *, #324, .T. ) ;
#507 = ORIENTED_EDGE ( 'NONE', *, *, #1671, .F. ) ;
#508 = ORIENTED_EDGE ( 'NONE', *, *, #533, .T. ) ;
#509 = VECTOR ( 'NONE', #804, 1000.000000000000000 ) ;
#510 = DIRECTION ( 'NONE',  ( 0.000000000000000000, 1.000000000000000000, 0.000000000000000000 ) ) ;
#511 = EDGE_CURVE ( 'NONE', #1941, #912, #352, .T. ) ;
#512 = CARTESIAN_POINT ( 'NONE',  ( -51.00000000000000000, -3.110538646579100445E-15, 30.00000000000000711 ) ) ;
#513 = CARTESIAN_POINT ( 'NONE',  ( -59.00000000000003553, -27.00000000000000355, -3.306546357697854128E-15 ) ) ;
#514 = CARTESIAN_POINT ( 'NONE',  ( -53.00000000000000000, -3.000000000000000888, -22.04999999999999716 ) ) ;
#515 = FACE_BOUND ( 'NONE', #1696, .T. ) ;
#516 = VECTOR ( 'NONE', #2239, 1000.000000000000000 ) ;
#517 = CIRCLE ( 'NONE', #2204, 2.000000000000003553 ) ;
#518 = ORIENTED_EDGE ( 'NONE', *, *, #2580, .F. ) ;
#519 = ORIENTED_EDGE ( 'NONE', *, *, #2681, .F. ) ;
#520 = DIRECTION ( 'NONE',  ( -1.000000000000000000, 0.000000000000000000, 0.000000000000000000 ) ) ;
#521 = VECTOR ( 'NONE', #1993, 1000.000000000000000 ) ;
#522 = DIRECTION ( 'NONE',  ( 0.000000000000000000, 1.000000000000000000, -0.000000000000000000 ) ) ;
#523 = VERTEX_POINT ( 'NONE', #284 ) ;
#524 = VERTEX_POINT ( 'NONE', #61 ) ;
#525 = ORIENTED_EDGE ( 'NONE', *, *, #480, .F. ) ;
#526 = EDGE_CURVE ( 'NONE', #1490, #52, #994, .T. ) ;
#527 = ORIENTED_EDGE ( 'NONE', *, *, #880, .T. ) ;
#528 = CYLINDRICAL_SURFACE ( 'NONE', #2093, 2.999999999999999112 ) ;
#529 = CIRCLE ( 'NONE', #1711, 2.000000000000003553 ) ;
#530 = FACE_OUTER_BOUND ( 'NONE', #1500, .T. ) ;
#531 = LINE ( 'NONE', #302, #1675 ) ;
#532 = ADVANCED_FACE ( 'NONE', ( #2187 ), #75, .F. ) ;
#533 = EDGE_CURVE ( 'NONE', #2534, #2854, #2468, .T. ) ;
#534 = STYLED_ITEM ( 'NONE', ( #2967 ), #1341 ) ;
#535 = DIRECTION ( 'NONE',  ( -0.000000000000000000, -1.000000000000000000, -0.000000000000000000 ) ) ;
#536 = CARTESIAN_POINT ( 'NONE',  ( 51.00000000000000000, -3.000000000000000888, 22.04999999999999716 ) ) ;
#537 = EDGE_LOOP ( 'NONE', ( #2888, #2699, #1880, #2026 ) ) ;
#538 = VERTEX_POINT ( 'NONE', #2706 ) ;
#539 = DIRECTION ( 'NONE',  ( -0.000000000000000000, -1.000000000000000000, -0.000000000000000000 ) ) ;
#540 = ADVANCED_FACE ( 'NONE', ( #1775 ), #2899, .F. ) ;
#541 = DIRECTION ( 'NONE',  ( 0.000000000000000000, 0.000000000000000000, 1.000000000000000000 ) ) ;
#542 = ORIENTED_EDGE ( 'NONE', *, *, #2405, .F. ) ;
#543 = ORIENTED_EDGE ( 'NONE', *, *, #759, .T. ) ;
#544 = ORIENTED_EDGE ( 'NONE', *, *, #2373, .T. ) ;
#545 = EDGE_CURVE ( 'NONE', #557, #972, #2206, .T. ) ;
#546 = ORIENTED_EDGE ( 'NONE', *, *, #1585, .T. ) ;
#547 = ORIENTED_EDGE ( 'NONE', *, *, #2930, .T. ) ;
#548 = LINE ( 'NONE', #1447, #217 ) ;
#549 = AXIS2_PLACEMENT_3D ( 'NONE', #875, #860, #1120 ) ;
#550 = EDGE_CURVE ( 'NONE', #2476, #347, #1723, .T. ) ;
#551 = DIRECTION ( 'NONE',  ( 0.000000000000000000, 0.000000000000000000, -1.000000000000000000 ) ) ;
#552 = CARTESIAN_POINT ( 'NONE',  ( -53.00000000000000711, -13.49999999999999645, -22.05000000000000071 ) ) ;
#553 = DIRECTION ( 'NONE',  ( 0.000000000000000000, -0.8616879873547977908, 0.5074384814422706613 ) ) ;
#554 = ORIENTED_EDGE ( 'NONE', *, *, #1755, .F. ) ;
#555 = DIRECTION ( 'NONE',  ( 0.000000000000000000, -0.8616879873547979019, -0.5074384814422704393 ) ) ;
#556 = VERTEX_POINT ( 'NONE', #598 ) ;
#557 = VERTEX_POINT ( 'NONE', #612 ) ;
#558 = CARTESIAN_POINT ( 'NONE',  ( 31.49999999999997868, 4.000000000000000000, -30.53649170988226658 ) ) ;
#559 = PLANE ( 'NONE',  #671 ) ;
#560 = EDGE_LOOP ( 'NONE', ( #244, #2620 ) ) ;
#561 = ORIENTED_EDGE ( 'NONE', *, *, #2068, .T. ) ;
#562 = ORIENTED_EDGE ( 'NONE', *, *, #1739, .F. ) ;
#563 = CARTESIAN_POINT ( 'NONE',  ( -1.000000000000000000, -4.802281284647955806E-16, -30.00000000000000711 ) ) ;
#564 = CIRCLE ( 'NONE', #2815, 2.000000000000003553 ) ;
#565 = AXIS2_PLACEMENT_3D ( 'NONE', #1593, #1606, #2533 ) ;
#566 = VECTOR ( 'NONE', #221, 1000.000000000000000 ) ;
#567 = DIRECTION ( 'NONE',  ( 0.000000000000000000, 0.000000000000000000, 1.000000000000000000 ) ) ;
#568 = CARTESIAN_POINT ( 'NONE',  ( 59.00000000000003553, -8.000000000000003553, -20.05000000000000426 ) ) ;
#569 = FACE_OUTER_BOUND ( 'NONE', #195, .T. ) ;
#570 = ORIENTED_EDGE ( 'NONE', *, *, #926, .T. ) ;
#571 = FACE_OUTER_BOUND ( 'NONE', #968, .T. ) ;
#572 = VECTOR ( 'NONE', #248, 1000.000000000000000 ) ;
#573 = ORIENTED_EDGE ( 'NONE', *, *, #1246, .F. ) ;
#574 = CARTESIAN_POINT ( 'NONE',  ( 26.99999999999999645, -13.50000000000000000, 22.04999999999999716 ) ) ;
#575 = DIRECTION ( 'NONE',  ( -0.000000000000000000, -1.000000000000000000, -0.000000000000000000 ) ) ;
#576 = ORIENTED_EDGE ( 'NONE', *, *, #1127, .T. ) ;
#577 = ORIENTED_EDGE ( 'NONE', *, *, #2317, .T. ) ;
#578 = VECTOR ( 'NONE', #2994, 1000.000000000000000 ) ;
#579 = ORIENTED_EDGE ( 'NONE', *, *, #168, .T. ) ;
#580 = CARTESIAN_POINT ( 'NONE',  ( -28.99999999999998224, 4.000000000000000000, 14.50000000000000355 ) ) ;
#581 = FACE_BOUND ( 'NONE', #1708, .T. ) ;
#582 = LINE ( 'NONE', #2023, #1223 ) ;
#583 = EDGE_CURVE ( 'NONE', #683, #1150, #564, .T. ) ;
#584 = EDGE_CURVE ( 'NONE', #72, #954, #2935, .T. ) ;
#585 = VECTOR ( 'NONE', #1310, 1000.000000000000000 ) ;
#586 = DIRECTION ( 'NONE',  ( 0.000000000000000000, 0.000000000000000000, -1.000000000000000000 ) ) ;
#587 = ORIENTED_EDGE ( 'NONE', *, *, #2820, .F. ) ;
#588 = DIRECTION ( 'NONE',  ( -0.000000000000000000, -1.000000000000000000, -0.000000000000000000 ) ) ;
#589 = ORIENTED_EDGE ( 'NONE', *, *, #940, .T. ) ;
#590 = DIRECTION ( 'NONE',  ( -1.000000000000000000, -0.000000000000000000, -0.000000000000000000 ) ) ;
#591 = CARTESIAN_POINT ( 'NONE',  ( -1.000000000000000000, -4.802281284647955806E-16, -30.00000000000000711 ) ) ;
#592 = ORIENTED_EDGE ( 'NONE', *, *, #1437, .T. ) ;
#593 = VERTEX_POINT ( 'NONE', #552 ) ;
#594 = DIRECTION ( 'NONE',  ( -0.000000000000000000, -1.000000000000000000, -0.000000000000000000 ) ) ;
#595 = SURFACE_SIDE_STYLE ('',( #1537 ) ) ;
#596 = EDGE_CURVE ( 'NONE', #17, #1216, #2722, .T. ) ;
#597 = DIRECTION ( 'NONE',  ( 0.000000000000000000, 1.000000000000000000, 0.000000000000000000 ) ) ;
#598 = CARTESIAN_POINT ( 'NONE',  ( 51.00000000000000000, -13.50000000000000000, 22.04999999999999716 ) ) ;
#599 = CARTESIAN_POINT ( 'NONE',  ( -31.49999999999997868, 0.000000000000000000, -23.53649170988226658 ) ) ;
#600 = ORIENTED_EDGE ( 'NONE', *, *, #1493, .T. ) ;
#601 = CARTESIAN_POINT ( 'NONE',  ( -25.00000000000000000, -13.49999999999999467, -22.04999999999999716 ) ) ;
#602 = ORIENTED_EDGE ( 'NONE', *, *, #2937, .T. ) ;
#603 = CARTESIAN_POINT ( 'NONE',  ( 49.49999999999997868, -1.000000000000004219, -22.04999999999999716 ) ) ;
#604 = LINE ( 'NONE', #1782, #389 ) ;
#605 = VERTEX_POINT ( 'NONE', #1540 ) ;
#606 = DIRECTION ( 'NONE',  ( -0.000000000000000000, -1.000000000000000000, -0.000000000000000000 ) ) ;
#607 = ORIENTED_EDGE ( 'NONE', *, *, #124, .T. ) ;
#608 = CIRCLE ( 'NONE', #995, 2.000000000000003553 ) ;
#609 = LINE ( 'NONE', #1301, #1575 ) ;
#610 = CARTESIAN_POINT ( 'NONE',  ( 24.99999999999999645, 0.000000000000000000, 0.000000000000000000 ) ) ;
#611 = CARTESIAN_POINT ( 'NONE',  ( -55.00000000000000000, 0.000000000000000000, -35.00000000000000000 ) ) ;
#612 = CARTESIAN_POINT ( 'NONE',  ( -31.49999999999998579, -8.000000000000003553, -20.05000000000000071 ) ) ;
#613 = EDGE_CURVE ( 'NONE', #25, #3022, #1641, .T. ) ;
#614 = ADVANCED_FACE ( 'NONE', ( #2914 ), #1288, .F. ) ;
#615 = CARTESIAN_POINT ( 'NONE',  ( -49.49999999999997158, -1.000000000000004441, -22.04999999999999716 ) ) ;
#616 = ORIENTED_EDGE ( 'NONE', *, *, #1303, .T. ) ;
#617 = CIRCLE ( 'NONE', #76, 2.000000000000003553 ) ;
#618 = DIRECTION ( 'NONE',  ( 0.000000000000000000, 0.000000000000000000, 1.000000000000000000 ) ) ;
#619 = ORIENTED_EDGE ( 'NONE', *, *, #2850, .T. ) ;
#620 = CARTESIAN_POINT ( 'NONE',  ( -49.49999999999997868, 4.000000000000000000, -30.53649170988226658 ) ) ;
#621 = DIRECTION ( 'NONE',  ( 1.000000000000000000, 0.000000000000000000, 0.000000000000000000 ) ) ;
#622 = AXIS2_PLACEMENT_3D ( 'NONE', #1934, #2883, #2152 ) ;
#623 = CARTESIAN_POINT ( 'NONE',  ( -49.49999999999997868, -8.000000000000007105, -8.050000000000014921 ) ) ;
#624 = LINE ( 'NONE', #2018, #2161 ) ;
#625 = LINE ( 'NONE', #2062, #2435 ) ;
#626 = VECTOR ( 'NONE', #876, 1000.000000000000000 ) ;
#627 = VECTOR ( 'NONE', #1342, 1000.000000000000114 ) ;
#628 = EDGE_CURVE ( 'NONE', #2428, #1650, #289, .T. ) ;
#629 = CARTESIAN_POINT ( 'NONE',  ( 51.99999999999998579, 0.000000000000000000, -14.49999999999999467 ) ) ;
#630 = CARTESIAN_POINT ( 'NONE',  ( 59.00000000000003553, -27.00000000000000000, 22.04999999999999716 ) ) ;
#631 = CARTESIAN_POINT ( 'NONE',  ( 49.49999999999997868, 6.490319001944536908E-15, -22.04999999999999716 ) ) ;
#632 = ORIENTED_EDGE ( 'NONE', *, *, #1724, .T. ) ;
#633 = EDGE_CURVE ( 'NONE', #2313, #706, #2410, .T. ) ;
#634 = EDGE_CURVE ( 'NONE', #862, #2614, #2253, .T. ) ;
#635 = CARTESIAN_POINT ( 'NONE',  ( -51.99999999999998579, 0.000000000000000000, -14.49999999999999467 ) ) ;
#636 = CARTESIAN_POINT ( 'NONE',  ( 59.00000000000003553, -3.000000000000000888, -22.04999999999999716 ) ) ;
#637 = ADVANCED_BREP_SHAPE_REPRESENTATION ( 'Beam_ver2', ( #1341, #710 ), #2055 ) ;
#638 = VECTOR ( 'NONE', #2044, 1000.000000000000000 ) ;
#639 = CARTESIAN_POINT ( 'NONE',  ( 49.49999999999997868, -1.000000000000008216, -8.050000000000011369 ) ) ;
#640 = CARTESIAN_POINT ( 'NONE',  ( -1.000000000000000000, 0.000000000000000000, 25.04999999999999716 ) ) ;
#641 = DIRECTION ( 'NONE',  ( 0.000000000000000000, 0.000000000000000000, -1.000000000000000000 ) ) ;
#642 = CARTESIAN_POINT ( 'NONE',  ( 51.99999999999997868, 4.000000000000000000, 14.50000000000000711 ) ) ;
#643 = DIRECTION ( 'NONE',  ( 0.000000000000000000, -1.000000000000000000, 0.000000000000000000 ) ) ;
#644 = EDGE_CURVE ( 'NONE', #2614, #1216, #778, .T. ) ;
#645 = LINE ( 'NONE', #127, #1654 ) ;
#646 = EDGE_LOOP ( 'NONE', ( #667, #1697, #1283, #2671 ) ) ;
#647 = DIRECTION ( 'NONE',  ( 0.000000000000000000, 0.000000000000000000, -1.000000000000000000 ) ) ;
#648 = PLANE ( 'NONE',  #2508 ) ;
#649 = LINE ( 'NONE', #2319, #2377 ) ;
#650 = CARTESIAN_POINT ( 'NONE',  ( 54.99999999999998579, 4.000000000000000000, -30.00000000000001066 ) ) ;
#651 = PLANE ( 'NONE',  #565 ) ;
#652 = ORIENTED_EDGE ( 'NONE', *, *, #1906, .F. ) ;
#653 = ADVANCED_FACE ( 'NONE', ( #112 ), #1324, .T. ) ;
#654 = DIRECTION ( 'NONE',  ( -0.000000000000000000, -1.000000000000000000, -0.000000000000000000 ) ) ;
#655 = CARTESIAN_POINT ( 'NONE',  ( 31.49999999999998579, -8.000000000000003553, -22.04999999999999716 ) ) ;
#656 = FACE_OUTER_BOUND ( 'NONE', #738, .T. ) ;
#657 = ORIENTED_EDGE ( 'NONE', *, *, #1135, .F. ) ;
#658 = EDGE_CURVE ( 'NONE', #2798, #1258, #2958, .T. ) ;
#659 = CIRCLE ( 'NONE', #1057, 22.05000000000000071 ) ;
#660 = DIRECTION ( 'NONE',  ( -1.000000000000000000, 0.000000000000000000, 0.000000000000000000 ) ) ;
#661 = CARTESIAN_POINT ( 'NONE',  ( -27.00000000000000000, -13.50000000000000178, 22.04999999999999716 ) ) ;
#662 = DIRECTION ( 'NONE',  ( 0.000000000000000000, 0.000000000000000000, -1.000000000000000000 ) ) ;
#663 = CARTESIAN_POINT ( 'NONE',  ( 59.00000000000003553, -27.00000000000000355, -3.306546357697854128E-15 ) ) ;
#664 = DIRECTION ( 'NONE',  ( -1.000000000000000000, -0.000000000000000000, -0.000000000000000000 ) ) ;
#665 = AXIS2_PLACEMENT_3D ( 'NONE', #1161, #2094, #28 ) ;
#666 = ORIENTED_EDGE ( 'NONE', *, *, #137, .F. ) ;
#667 = ORIENTED_EDGE ( 'NONE', *, *, #2412, .T. ) ;
#668 = VECTOR ( 'NONE', #1742, 1000.000000000000000 ) ;
#669 = CIRCLE ( 'NONE', #1811, 2.000000000000003553 ) ;
#670 = LINE ( 'NONE', #2514, #2434 ) ;
#671 = AXIS2_PLACEMENT_3D ( 'NONE', #1767, #1695, #67 ) ;
#672 = EDGE_CURVE ( 'NONE', #1428, #2216, #582, .T. ) ;
#673 = CARTESIAN_POINT ( 'NONE',  ( -59.00000000000003553, 3.469446951953614189E-15, 20.04999999999999716 ) ) ;
#674 = EDGE_LOOP ( 'NONE', ( #850, #544, #1376, #1400 ) ) ;
#675 = FACE_OUTER_BOUND ( 'NONE', #2988, .T. ) ;
#676 = ADVANCED_FACE ( 'NONE', ( #1790 ), #1557, .F. ) ;
#677 = VECTOR ( 'NONE', #1162, 1000.000000000000000 ) ;
#678 = DIRECTION ( 'NONE',  ( -1.000000000000000000, 0.000000000000000000, 0.000000000000000000 ) ) ;
#679 = ORIENTED_EDGE ( 'NONE', *, *, #1355, .F. ) ;
#680 = DIRECTION ( 'NONE',  ( 0.000000000000000000, -0.8616879873547979019, -0.5074384814422704393 ) ) ;
#681 = DIRECTION ( 'NONE',  ( 0.000000000000000000, 0.5074384814422705503, -0.8616879873547980129 ) ) ;
#682 = VECTOR ( 'NONE', #950, 1000.000000000000000 ) ;
#683 = VERTEX_POINT ( 'NONE', #3011 ) ;
#684 = EDGE_LOOP ( 'NONE', ( #938, #952, #1872, #2340, #2128, #308, #1660, #2924 ) ) ;
#685 = VECTOR ( 'NONE', #1741, 1000.000000000000000 ) ;
#686 = CARTESIAN_POINT ( 'NONE',  ( 26.99999999999999645, 0.000000000000000000, 0.000000000000000000 ) ) ;
#687 = FACE_OUTER_BOUND ( 'NONE', #2130, .T. ) ;
#688 = DIRECTION ( 'NONE',  ( 1.000000000000000000, -0.000000000000000000, -0.000000000000000000 ) ) ;
#689 = DIRECTION ( 'NONE',  ( 0.000000000000000000, 0.000000000000000000, 1.000000000000000000 ) ) ;
#690 = EDGE_CURVE ( 'NONE', #1233, #2678, #1365, .T. ) ;
#691 = ORIENTED_EDGE ( 'NONE', *, *, #526, .F. ) ;
#692 = LINE ( 'NONE', #1635, #1667 ) ;
#693 = DIRECTION ( 'NONE',  ( 0.000000000000000000, 0.000000000000000000, -1.000000000000000000 ) ) ;
#694 = EDGE_LOOP ( 'NONE', ( #1924, #1645, #724, #1165 ) ) ;
#695 = EDGE_LOOP ( 'NONE', ( #2599, #632, #752, #518 ) ) ;
#696 = DIRECTION ( 'NONE',  ( 0.000000000000000000, 1.000000000000000000, 0.000000000000000000 ) ) ;
#697 = EDGE_CURVE ( 'NONE', #2215, #1032, #670, .T. ) ;
#698 = DIRECTION ( 'NONE',  ( -0.000000000000000000, -1.000000000000000000, -0.000000000000000000 ) ) ;
#699 = DIRECTION ( 'NONE',  ( -1.000000000000000000, 0.000000000000000000, 0.000000000000000000 ) ) ;
#700 = VECTOR ( 'NONE', #1523, 1000.000000000000000 ) ;
#701 = ORIENTED_EDGE ( 'NONE', *, *, #2079, .F. ) ;
#702 = DIRECTION ( 'NONE',  ( 0.000000000000000000, -8.673617379884038430E-16, -1.000000000000000000 ) ) ;
#703 = DIRECTION ( 'NONE',  ( 0.000000000000000000, 1.600760428215985392E-17, 1.000000000000000000 ) ) ;
#704 = VERTEX_POINT ( 'NONE', #2091 ) ;
#705 = VERTEX_POINT ( 'NONE', #2535 ) ;
#706 = VERTEX_POINT ( 'NONE', #887 ) ;
#707 = ORIENTED_EDGE ( 'NONE', *, *, #2834, .T. ) ;
#708 = ADVANCED_FACE ( 'NONE', ( #1132 ), #2078, .F. ) ;
#709 = AXIS2_PLACEMENT_3D ( 'NONE', #3001, #2004, #3012 ) ;
#710 = AXIS2_PLACEMENT_3D ( 'NONE', #1091, #2952, #2281 ) ;
#711 = FACE_OUTER_BOUND ( 'NONE', #56, .T. ) ;
#712 = DIRECTION ( 'NONE',  ( 0.000000000000000000, 1.000000000000000000, 0.000000000000000000 ) ) ;
#713 = VECTOR ( 'NONE', #847, 1000.000000000000000 ) ;
#714 = VECTOR ( 'NONE', #1781, 1000.000000000000114 ) ;
#715 = ADVANCED_FACE ( 'NONE', ( #2286 ), #424, .F. ) ;
#716 = CARTESIAN_POINT ( 'NONE',  ( 1.000000000000000000, 0.000000000000000000, 0.000000000000000000 ) ) ;
#717 = LINE ( 'NONE', #2887, #2770 ) ;
#718 = VERTEX_POINT ( 'NONE', #916 ) ;
#719 = VERTEX_POINT ( 'NONE', #397 ) ;
#720 = LINE ( 'NONE', #2320, #682 ) ;
#721 = CARTESIAN_POINT ( 'NONE',  ( -49.49999999999997868, 4.000000000000000000, -23.53649170988226658 ) ) ;
#722 = EDGE_LOOP ( 'NONE', ( #987, #149, #1084, #1055 ) ) ;
#723 = EDGE_LOOP ( 'NONE', ( #2472, #2090, #1828, #1279 ) ) ;
#724 = ORIENTED_EDGE ( 'NONE', *, *, #178, .F. ) ;
#725 = ORIENTED_EDGE ( 'NONE', *, *, #977, .T. ) ;
#726 = AXIS2_PLACEMENT_3D ( 'NONE', #1925, #1732, #1211 ) ;
#727 = DIRECTION ( 'NONE',  ( 0.000000000000000000, 1.000000000000000000, 0.000000000000000000 ) ) ;
#728 = CARTESIAN_POINT ( 'NONE',  ( 49.49999999999997868, 4.000000000000000000, -30.53649170988226658 ) ) ;
#729 = DIRECTION ( 'NONE',  ( 0.000000000000000000, 0.000000000000000000, -1.000000000000000000 ) ) ;
#730 = FACE_OUTER_BOUND ( 'NONE', #1484, .T. ) ;
#731 = ORIENTED_EDGE ( 'NONE', *, *, #1168, .T. ) ;
#732 = ORIENTED_EDGE ( 'NONE', *, *, #2454, .F. ) ;
#733 = LINE ( 'NONE', #558, #229 ) ;
#734 = DIRECTION ( 'NONE',  ( -0.000000000000000000, -0.000000000000000000, 1.000000000000000000 ) ) ;
#735 = EDGE_CURVE ( 'NONE', #115, #557, #1584, .T. ) ;
#736 = ORIENTED_EDGE ( 'NONE', *, *, #2106, .F. ) ;
#737 = ORIENTED_EDGE ( 'NONE', *, *, #2175, .F. ) ;
#738 = EDGE_LOOP ( 'NONE', ( #2261, #1466, #981, #831 ) ) ;
#739 = ORIENTED_EDGE ( 'NONE', *, *, #317, .F. ) ;
#740 = LINE ( 'NONE', #1271, #1750 ) ;
#741 = ADVANCED_FACE ( 'NONE', ( #1338 ), #2792, .F. ) ;
#742 = LINE ( 'NONE', #777, #1558 ) ;
#743 = CYLINDRICAL_SURFACE ( 'NONE', #494, 2.000000000000003553 ) ;
#744 = CARTESIAN_POINT ( 'NONE',  ( 49.49999999999997868, 4.000000000000000000, -23.53649170988226658 ) ) ;
#745 = CARTESIAN_POINT ( 'NONE',  ( 53.00000000000000000, -4.802281284647955806E-16, -30.00000000000000711 ) ) ;
#746 = EDGE_CURVE ( 'NONE', #2682, #1268, #2334, .T. ) ;
#747 = LINE ( 'NONE', #2224, #1123 ) ;
#748 = ORIENTED_EDGE ( 'NONE', *, *, #545, .T. ) ;
#749 = DIRECTION ( 'NONE',  ( -1.000000000000000000, -0.000000000000000000, -0.000000000000000000 ) ) ;
#750 = CYLINDRICAL_SURFACE ( 'NONE', #960, 2.000000000000003553 ) ;
#751 = ORIENTED_EDGE ( 'NONE', *, *, #735, .F. ) ;
#752 = ORIENTED_EDGE ( 'NONE', *, *, #1196, .T. ) ;
#753 = ORIENTED_EDGE ( 'NONE', *, *, #1545, .T. ) ;
#754 = ORIENTED_EDGE ( 'NONE', *, *, #2907, .T. ) ;
#755 = DIRECTION ( 'NONE',  ( -0.000000000000000000, -1.000000000000000000, -0.000000000000000000 ) ) ;
#756 = EDGE_CURVE ( 'NONE', #439, #2830, #441, .T. ) ;
#757 = CARTESIAN_POINT ( 'NONE',  ( -55.00000000000000000, 4.000000000000000000, -35.00000000000000000 ) ) ;
#758 = DIRECTION ( 'NONE',  ( -0.000000000000000000, -1.000000000000000000, -0.000000000000000000 ) ) ;
#759 = EDGE_CURVE ( 'NONE', #2889, #2862, #2298, .T. ) ;
#760 = CIRCLE ( 'NONE', #1114, 2.999999999999999112 ) ;
#761 = LINE ( 'NONE', #2901, #1015 ) ;
#762 = CARTESIAN_POINT ( 'NONE',  ( -49.99999999999997158, 4.000000000000000000, 35.00000000000000711 ) ) ;
#763 = VECTOR ( 'NONE', #2938, 1000.000000000000000 ) ;
#764 = AXIS2_PLACEMENT_3D ( 'NONE', #3015, #907, #2110 ) ;
#765 = ADVANCED_FACE ( 'NONE', ( #2324 ), #2050, .T. ) ;
#766 = VERTEX_POINT ( 'NONE', #1349 ) ;
#767 = ORIENTED_EDGE ( 'NONE', *, *, #1322, .F. ) ;
#768 = FACE_OUTER_BOUND ( 'NONE', #1308, .T. ) ;
#769 = CARTESIAN_POINT ( 'NONE',  ( -53.00000000000000000, -3.510728753633096910E-15, -25.00000000000001421 ) ) ;
#770 = ORIENTED_EDGE ( 'NONE', *, *, #222, .T. ) ;
#771 = EDGE_CURVE ( 'NONE', #1893, #1415, #1875, .T. ) ;
#772 = VERTEX_POINT ( 'NONE', #655 ) ;
#773 = ORIENTED_EDGE ( 'NONE', *, *, #1272, .T. ) ;
#774 = EDGE_LOOP ( 'NONE', ( #1778, #785, #2715, #1745 ) ) ;
#775 = DIRECTION ( 'NONE',  ( 0.000000000000000000, 0.000000000000000000, -1.000000000000000000 ) ) ;
#776 = VECTOR ( 'NONE', #2766, 1000.000000000000000 ) ;
#777 = CARTESIAN_POINT ( 'NONE',  ( 1.000000000000000000, -4.802281284647955806E-16, -30.00000000000000711 ) ) ;
#778 = LINE ( 'NONE', #2675, #2557 ) ;
#779 = VECTOR ( 'NONE', #1881, 1000.000000000000000 ) ;
#780 = CARTESIAN_POINT ( 'NONE',  ( 31.49999999999997868, 4.000000000000000000, -23.53649170988226658 ) ) ;
#781 = EDGE_LOOP ( 'NONE', ( #899, #387, #2828, #562 ) ) ;
#782 = DIRECTION ( 'NONE',  ( 0.000000000000000000, 0.000000000000000000, 1.000000000000000000 ) ) ;
#783 = ORIENTED_EDGE ( 'NONE', *, *, #1583, .F. ) ;
#784 = EDGE_CURVE ( 'NONE', #470, #2811, #1596, .T. ) ;
#785 = ORIENTED_EDGE ( 'NONE', *, *, #2106, .T. ) ;
#786 = CARTESIAN_POINT ( 'NONE',  ( -27.00000000000000000, -1.555269323289550222E-15, 25.04999999999999716 ) ) ;
#787 = LINE ( 'NONE', #2858, #2782 ) ;
#788 = ORIENTED_EDGE ( 'NONE', *, *, #491, .F. ) ;
#789 = ORIENTED_EDGE ( 'NONE', *, *, #2077, .T. ) ;
#790 = EDGE_LOOP ( 'NONE', ( #1122, #946, #1714, #1792 ) ) ;
#791 = CARTESIAN_POINT ( 'NONE',  ( 59.00000000000003553, -26.99999999999999645, -20.05000000000000426 ) ) ;
#792 = DIRECTION ( 'NONE',  ( 0.000000000000000000, 0.000000000000000000, -1.000000000000000000 ) ) ;
#793 = CARTESIAN_POINT ( 'NONE',  ( -59.99999999999998579, 4.000000000000000000, 25.00000000000003197 ) ) ;
#794 = CARTESIAN_POINT ( 'NONE',  ( 24.99999999999999645, -3.000000000000000000, -25.04999999999999716 ) ) ;
#795 = LINE ( 'NONE', #811, #467 ) ;
#796 = VERTEX_POINT ( 'NONE', #210 ) ;
#797 = VERTEX_POINT ( 'NONE', #409 ) ;
#798 = ORIENTED_EDGE ( 'NONE', *, *, #1634, .F. ) ;
#799 = CARTESIAN_POINT ( 'NONE',  ( -28.99999999999998224, 4.000000000000000000, 12.50000000000000000 ) ) ;
#800 = CARTESIAN_POINT ( 'NONE',  ( -1.000000000000000888, -13.49999999999999289, -22.05000000000000071 ) ) ;
#801 = VERTEX_POINT ( 'NONE', #1387 ) ;
#802 = ORIENTED_EDGE ( 'NONE', *, *, #1246, .T. ) ;
#803 = CARTESIAN_POINT ( 'NONE',  ( 54.99999999999998579, 4.000000000000000000, -30.00000000000001066 ) ) ;
#804 = DIRECTION ( 'NONE',  ( 1.000000000000000000, -0.000000000000000000, -0.000000000000000000 ) ) ;
#805 = EDGE_CURVE ( 'NONE', #1062, #706, #196, .T. ) ;
#806 = AXIS2_PLACEMENT_3D ( 'NONE', #1679, #1896, #693 ) ;
#807 = EDGE_CURVE ( 'NONE', #273, #198, #1145, .T. ) ;
#808 = AXIS2_PLACEMENT_3D ( 'NONE', #962, #1433, #2837 ) ;
#809 = CYLINDRICAL_SURFACE ( 'NONE', #2051, 2.999999999999999112 ) ;
#810 = CARTESIAN_POINT ( 'NONE',  ( -31.49999999999998579, 6.490319001944536908E-15, -22.04999999999999716 ) ) ;
#811 = CARTESIAN_POINT ( 'NONE',  ( 59.00000000000003553, -3.000000000000000000, 22.04999999999999716 ) ) ;
#812 = VERTEX_POINT ( 'NONE', #2036 ) ;
#813 = CARTESIAN_POINT ( 'NONE',  ( 49.49999999999997868, -8.000000000000003553, -20.05000000000000071 ) ) ;
#814 = VECTOR ( 'NONE', #300, 1000.000000000000000 ) ;
#815 = EDGE_CURVE ( 'NONE', #1353, #2476, #2970, .T. ) ;
#816 = EDGE_LOOP ( 'NONE', ( #921, #1195, #821, #2118 ) ) ;
#817 = CIRCLE ( 'NONE', #2985, 2.000000000000003553 ) ;
#818 = CARTESIAN_POINT ( 'NONE',  ( -51.00000000000000000, -3.590766775043896519E-15, -30.00000000000000711 ) ) ;
#819 = VECTOR ( 'NONE', #1394, 1000.000000000000114 ) ;
#820 = LINE ( 'NONE', #769, #2395 ) ;
#821 = ORIENTED_EDGE ( 'NONE', *, *, #1725, .T. ) ;
#822 = ORIENTED_EDGE ( 'NONE', *, *, #1733, .F. ) ;
#823 = AXIS2_PLACEMENT_3D ( 'NONE', #310, #522, #293 ) ;
#824 = ORIENTED_EDGE ( 'NONE', *, *, #203, .F. ) ;
#825 = DIRECTION ( 'NONE',  ( 0.000000000000000000, -0.8616879873547977908, 0.5074384814422706613 ) ) ;
#826 = CARTESIAN_POINT ( 'NONE',  ( -59.00000000000003553, -27.00000000000000000, 20.04999999999999716 ) ) ;
#827 = DIRECTION ( 'NONE',  ( 0.000000000000000000, 1.000000000000000000, 0.000000000000000000 ) ) ;
#828 = AXIS2_PLACEMENT_3D ( 'NONE', #1115, #2246, #392 ) ;
#829 = AXIS2_PLACEMENT_3D ( 'NONE', #2940, #2695, #618 ) ;
#830 = LINE ( 'NONE', #631, #626 ) ;
#831 = ORIENTED_EDGE ( 'NONE', *, *, #1671, .T. ) ;
#832 = CARTESIAN_POINT ( 'NONE',  ( 49.49999999999997868, 4.000000000000000000, -30.53649170988226658 ) ) ;
#833 = AXIS2_PLACEMENT_3D ( 'NONE', #3019, #1894, #2329 ) ;
#834 = ORIENTED_EDGE ( 'NONE', *, *, #1960, .T. ) ;
#835 = DIRECTION ( 'NONE',  ( 0.000000000000000000, 0.000000000000000000, -1.000000000000000000 ) ) ;
#836 = AXIS2_PLACEMENT_3D ( 'NONE', #2237, #320, #2479 ) ;
#837 = DIRECTION ( 'NONE',  ( 1.000000000000000000, 0.000000000000000000, -0.000000000000000000 ) ) ;
#838 = ORIENTED_EDGE ( 'NONE', *, *, #1609, .T. ) ;
#839 = DIRECTION ( 'NONE',  ( 0.000000000000000000, 0.000000000000000000, -1.000000000000000000 ) ) ;
#840 = ORIENTED_EDGE ( 'NONE', *, *, #137, .T. ) ;
#841 = ORIENTED_EDGE ( 'NONE', *, *, #1639, .F. ) ;
#842 = LINE ( 'NONE', #1787, #638 ) ;
#843 = EDGE_CURVE ( 'NONE', #2832, #1481, #928, .T. ) ;
#844 = LINE ( 'NONE', #896, #175 ) ;
#845 = CARTESIAN_POINT ( 'NONE',  ( -28.99999999999998579, 0.000000000000000000, -14.49999999999999645 ) ) ;
#846 = DIRECTION ( 'NONE',  ( -0.000000000000000000, -0.000000000000000000, 1.000000000000000000 ) ) ;
#847 = DIRECTION ( 'NONE',  ( -0.000000000000000000, -0.000000000000000000, 1.000000000000000000 ) ) ;
#848 = ORIENTED_EDGE ( 'NONE', *, *, #1773, .F. ) ;
#849 = CARTESIAN_POINT ( 'NONE',  ( -24.99999999999999289, 0.000000000000000000, -25.04999999999999716 ) ) ;
#850 = ORIENTED_EDGE ( 'NONE', *, *, #1538, .T. ) ;
#851 = CARTESIAN_POINT ( 'NONE',  ( 1.630723402511559781E-30, -1.000000000000004219, -22.04999999999999716 ) ) ;
#852 = EDGE_CURVE ( 'NONE', #2583, #1668, #1160, .T. ) ;
#853 = CARTESIAN_POINT ( 'NONE',  ( 59.00000000000003553, -3.000000000000000000, -25.04999999999999716 ) ) ;
#854 = DIRECTION ( 'NONE',  ( 0.000000000000000000, 0.000000000000000000, 1.000000000000000000 ) ) ;
#855 = DIRECTION ( 'NONE',  ( -0.000000000000000000, -0.000000000000000000, 1.000000000000000000 ) ) ;
#856 = DIRECTION ( 'NONE',  ( 0.000000000000000000, 0.000000000000000000, -1.000000000000000000 ) ) ;
#857 = ADVANCED_FACE ( 'NONE', ( #1788 ), #1093, .T. ) ;
#858 = EDGE_CURVE ( 'NONE', #1179, #718, #625, .T. ) ;
#859 = DIRECTION ( 'NONE',  ( -0.000000000000000000, 0.8616879873547977908, -0.5074384814422706613 ) ) ;
#860 = DIRECTION ( 'NONE',  ( 0.000000000000000000, 1.000000000000000000, 0.000000000000000000 ) ) ;
#861 = CARTESIAN_POINT ( 'NONE',  ( -60.00000000000000000, 4.000000000000000000, 25.00000000000002842 ) ) ;
#862 = VERTEX_POINT ( 'NONE', #158 ) ;
#863 = AXIS2_PLACEMENT_3D ( 'NONE', #1937, #1491, #1707 ) ;
#864 = ADVANCED_FACE ( 'NONE', ( #2547 ), #1321, .F. ) ;
#865 = DIRECTION ( 'NONE',  ( 0.000000000000000000, 1.000000000000000000, 0.000000000000000000 ) ) ;
#866 = ADVANCED_FACE ( 'NONE', ( #2034 ), #1334, .F. ) ;
#867 = AXIS2_PLACEMENT_3D ( 'NONE', #2956, #2021, #1556 ) ;
#868 = LINE ( 'NONE', #623, #1325 ) ;
#869 = DIRECTION ( 'NONE',  ( 0.000000000000000000, 0.000000000000000000, 1.000000000000000000 ) ) ;
#870 = DIRECTION ( 'NONE',  ( 0.000000000000000000, 0.000000000000000000, -1.000000000000000000 ) ) ;
#871 = ADVANCED_FACE ( 'NONE', ( #2979 ), #2522, .T. ) ;
#872 = AXIS2_PLACEMENT_3D ( 'NONE', #485, #909, #869 ) ;
#873 = VECTOR ( 'NONE', #1068, 1000.000000000000000 ) ;
#874 = PLANE ( 'NONE',  #2252 ) ;
#875 = CARTESIAN_POINT ( 'NONE',  ( -51.99999999999998579, 4.000000000000000000, -14.49999999999999467 ) ) ;
#876 = DIRECTION ( 'NONE',  ( 0.000000000000000000, 1.000000000000000000, 2.943455329680062335E-16 ) ) ;
#877 = ORIENTED_EDGE ( 'NONE', *, *, #1548, .T. ) ;
#878 = CARTESIAN_POINT ( 'NONE',  ( -25.00000000000000000, -1.555269323289550222E-15, 30.00000000000000711 ) ) ;
#879 = DIRECTION ( 'NONE',  ( -0.000000000000000000, 2.891205793294679312E-16, -1.000000000000000000 ) ) ;
#880 = EDGE_CURVE ( 'NONE', #463, #1235, #380, .T. ) ;
#881 = VECTOR ( 'NONE', #520, 1000.000000000000000 ) ;
#882 = DIRECTION ( 'NONE',  ( -1.000000000000000000, -0.000000000000000000, -0.000000000000000000 ) ) ;
#883 = DIRECTION ( 'NONE',  ( -1.000000000000000000, 0.000000000000000000, 0.000000000000000000 ) ) ;
#884 = CARTESIAN_POINT ( 'NONE',  ( -51.99999999999998579, 4.000000000000000000, -14.49999999999999467 ) ) ;
#885 = ORIENTED_EDGE ( 'NONE', *, *, #1716, .T. ) ;
#886 = LINE ( 'NONE', #2063, #1256 ) ;
#887 = CARTESIAN_POINT ( 'NONE',  ( 24.99999999999999645, -4.009904872681041752E-16, -25.04999999999999716 ) ) ;
#888 = CARTESIAN_POINT ( 'NONE',  ( 53.00000000000000000, -13.49999999999999289, -22.04999999999999716 ) ) ;
#889 = EDGE_LOOP ( 'NONE', ( #2240, #2711, #1385, #904 ) ) ;
#890 = VECTOR ( 'NONE', #1239, 1000.000000000000000 ) ;
#891 = ADVANCED_FACE ( 'NONE', ( #1801 ), #194, .F. ) ;
#892 = FACE_OUTER_BOUND ( 'NONE', #927, .T. ) ;
#893 = CARTESIAN_POINT ( 'NONE',  ( 26.99999999999999645, -3.000000000000000000, 25.04999999999999716 ) ) ;
#894 = LINE ( 'NONE', #499, #2931 ) ;
#895 = FACE_OUTER_BOUND ( 'NONE', #1892, .T. ) ;
#896 = CARTESIAN_POINT ( 'NONE',  ( -51.00000000000000000, -13.49999999999999645, -22.04999999999999716 ) ) ;
#897 = CIRCLE ( 'NONE', #1686, 2.000000000000003553 ) ;
#898 = EDGE_CURVE ( 'NONE', #1018, #1465, #2268, .T. ) ;
#899 = ORIENTED_EDGE ( 'NONE', *, *, #2646, .F. ) ;
#900 = ADVANCED_FACE ( 'NONE', ( #1581 ), #1554, .F. ) ;
#901 = DIRECTION ( 'NONE',  ( -0.000000000000000000, 0.8616879873547977908, -0.5074384814422706613 ) ) ;
#902 = EDGE_CURVE ( 'NONE', #704, #439, #140, .T. ) ;
#903 = LINE ( 'NONE', #1183, #464 ) ;
#904 = ORIENTED_EDGE ( 'NONE', *, *, #583, .F. ) ;
#905 = CARTESIAN_POINT ( 'NONE',  ( -27.00000000000000000, -13.49999999999999467, -22.04999999999999716 ) ) ;
#906 = VECTOR ( 'NONE', #2465, 1000.000000000000000 ) ;
#907 = DIRECTION ( 'NONE',  ( -1.000000000000000000, -0.000000000000000000, -0.000000000000000000 ) ) ;
#908 = VERTEX_POINT ( 'NONE', #2283 ) ;
#909 = DIRECTION ( 'NONE',  ( -1.000000000000000000, 0.000000000000000000, 0.000000000000000000 ) ) ;
#910 = LINE ( 'NONE', #449, #1275 ) ;
#911 = CARTESIAN_POINT ( 'NONE',  ( 26.99999999999999645, -13.50000000000000000, 22.04999999999999716 ) ) ;
#912 = VERTEX_POINT ( 'NONE', #169 ) ;
#913 = ORIENTED_EDGE ( 'NONE', *, *, #1621, .T. ) ;
#914 = CIRCLE ( 'NONE', #2387, 2.999999999999999112 ) ;
#915 = VECTOR ( 'NONE', #1113, 1000.000000000000000 ) ;
#916 = CARTESIAN_POINT ( 'NONE',  ( -27.00000000000000000, -1.908236997711174682E-15, -22.04999999999999716 ) ) ;
#917 = DIRECTION ( 'NONE',  ( -0.000000000000000000, -1.000000000000000000, -0.000000000000000000 ) ) ;
#918 = CYLINDRICAL_SURFACE ( 'NONE', #1457, 2.000000000000003553 ) ;
#919 = DIRECTION ( 'NONE',  ( -1.000000000000000000, -0.000000000000000000, -0.000000000000000000 ) ) ;
#920 = VECTOR ( 'NONE', #606, 1000.000000000000000 ) ;
#921 = ORIENTED_EDGE ( 'NONE', *, *, #2767, .F. ) ;
#922 = FACE_BOUND ( 'NONE', #1082, .T. ) ;
#923 = LINE ( 'NONE', #2813, #1747 ) ;
#924 = VECTOR ( 'NONE', #1912, 1000.000000000000114 ) ;
#925 = ORIENTED_EDGE ( 'NONE', *, *, #690, .T. ) ;
#926 = EDGE_CURVE ( 'NONE', #2804, #64, #1827, .T. ) ;
#927 = EDGE_LOOP ( 'NONE', ( #1170, #2209, #1528, #259 ) ) ;
#928 = LINE ( 'NONE', #2105, #1350 ) ;
#929 = CARTESIAN_POINT ( 'NONE',  ( 59.00000000000003553, 1.849681551754478313E-14, -25.04999999999999716 ) ) ;
#930 = CARTESIAN_POINT ( 'NONE',  ( 1.000000000000000000, -4.802281284647955806E-16, -30.00000000000000711 ) ) ;
#931 = CARTESIAN_POINT ( 'NONE',  ( 51.00000000000000000, -4.802281284647955806E-16, -30.00000000000000711 ) ) ;
#932 = VECTOR ( 'NONE', #901, 1000.000000000000114 ) ;
#933 = EDGE_LOOP ( 'NONE', ( #312, #2403, #69, #235 ) ) ;
#934 = ADVANCED_FACE ( 'NONE', ( #2757 ), #651, .T. ) ;
#935 = CARTESIAN_POINT ( 'NONE',  ( -53.00000000000000000, -3.110538646579100445E-15, 30.00000000000000711 ) ) ;
#936 = DIRECTION ( 'NONE',  ( -0.000000000000000000, 2.891205793294679312E-16, -1.000000000000000000 ) ) ;
#937 = ORIENTED_EDGE ( 'NONE', *, *, #1326, .T. ) ;
#938 = ORIENTED_EDGE ( 'NONE', *, *, #2992, .F. ) ;
#939 = ORIENTED_EDGE ( 'NONE', *, *, #1407, .T. ) ;
#940 = EDGE_CURVE ( 'NONE', #2573, #163, #418, .T. ) ;
#941 = CARTESIAN_POINT ( 'NONE',  ( -28.99999999999998579, 0.000000000000000000, -14.49999999999999645 ) ) ;
#942 = CARTESIAN_POINT ( 'NONE',  ( 49.99999999999997868, 0.000000000000000000, 34.99999999999999289 ) ) ;
#943 = DIRECTION ( 'NONE',  ( 0.000000000000000000, -2.891205793294678819E-16, 1.000000000000000000 ) ) ;
#944 = EDGE_CURVE ( 'NONE', #1024, #2165, #1130, .T. ) ;
#945 = VECTOR ( 'NONE', #2019, 1000.000000000000000 ) ;
#946 = ORIENTED_EDGE ( 'NONE', *, *, #178, .T. ) ;
#947 = VECTOR ( 'NONE', #1815, 1000.000000000000000 ) ;
#948 = VECTOR ( 'NONE', #251, 1000.000000000000000 ) ;
#949 = ORIENTED_EDGE ( 'NONE', *, *, #2285, .F. ) ;
#950 = DIRECTION ( 'NONE',  ( -0.000000000000000000, 2.891205793294679312E-16, -1.000000000000000000 ) ) ;
#951 = CARTESIAN_POINT ( 'NONE',  ( -25.00000000000000000, -1.555269323289550222E-15, 30.00000000000000711 ) ) ;
#952 = ORIENTED_EDGE ( 'NONE', *, *, #2900, .F. ) ;
#953 = ORIENTED_EDGE ( 'NONE', *, *, #2848, .F. ) ;
#954 = VERTEX_POINT ( 'NONE', #3009 ) ;
#955 = ORIENTED_EDGE ( 'NONE', *, *, #2380, .F. ) ;
#956 = CIRCLE ( 'NONE', #709, 2.999999999999999112 ) ;
#957 = AXIS2_PLACEMENT_3D ( 'NONE', #791, #2017, #109 ) ;
#958 = LINE ( 'NONE', #1598, #1448 ) ;
#959 = PLANE ( 'NONE',  #1286 ) ;
#960 = AXIS2_PLACEMENT_3D ( 'NONE', #2424, #2407, #2214 ) ;
#961 = EDGE_CURVE ( 'NONE', #1546, #593, #844, .T. ) ;
#962 = CARTESIAN_POINT ( 'NONE',  ( -28.99999999999998224, 0.000000000000000000, 14.50000000000000355 ) ) ;
#963 = DIRECTION ( 'NONE',  ( -0.000000000000000000, -0.000000000000000000, 1.000000000000000000 ) ) ;
#964 = VERTEX_POINT ( 'NONE', #2587 ) ;
#965 = ORIENTED_EDGE ( 'NONE', *, *, #961, .T. ) ;
#966 = DIRECTION ( 'NONE',  ( -1.000000000000000000, 0.000000000000000000, 2.523234146875355012E-16 ) ) ;
#967 = LINE ( 'NONE', #329, #1764 ) ;
#968 = EDGE_LOOP ( 'NONE', ( #1587, #1375, #1783, #493 ) ) ;
#969 = EDGE_CURVE ( 'NONE', #280, #1898, #2087, .T. ) ;
#970 = EDGE_LOOP ( 'NONE', ( #2113, #1682, #2896, #2008 ) ) ;
#971 = ORIENTED_EDGE ( 'NONE', *, *, #1900, .T. ) ;
#972 = VERTEX_POINT ( 'NONE', #473 ) ;
#973 = AXIS2_PLACEMENT_3D ( 'NONE', #81, #2421, #2192 ) ;
#974 = CARTESIAN_POINT ( 'NONE',  ( 49.99999999999998579, 0.000000000000000000, 25.04999999999999716 ) ) ;
#975 = EDGE_CURVE ( 'NONE', #766, #463, #1436, .T. ) ;
#976 = DIRECTION ( 'NONE',  ( -0.000000000000000000, -1.000000000000000000, -0.000000000000000000 ) ) ;
#977 = EDGE_CURVE ( 'NONE', #2772, #1018, #23, .T. ) ;
#978 = CARTESIAN_POINT ( 'NONE',  ( 59.99999999999999289, 4.000000000000000000, -30.00000000000001066 ) ) ;
#979 = DIRECTION ( 'NONE',  ( 1.000000000000000000, -2.138211768073756031E-47, 7.395570986446983486E-32 ) ) ;
#980 = DIRECTION ( 'NONE',  ( 0.000000000000000000, 1.000000000000000000, -0.000000000000000000 ) ) ;
#981 = ORIENTED_EDGE ( 'NONE', *, *, #1404, .T. ) ;
#982 = EDGE_CURVE ( 'NONE', #2476, #2215, #659, .T. ) ;
#983 = ORIENTED_EDGE ( 'NONE', *, *, #2930, .F. ) ;
#984 = DIRECTION ( 'NONE',  ( 0.000000000000000000, -3.208892060450448637E-15, 1.000000000000000000 ) ) ;
#985 = DIRECTION ( 'NONE',  ( 0.000000000000000000, 1.000000000000000000, 0.000000000000000000 ) ) ;
#986 = ORIENTED_EDGE ( 'NONE', *, *, #926, .F. ) ;
#987 = ORIENTED_EDGE ( 'NONE', *, *, #2443, .T. ) ;
#988 = ORIENTED_EDGE ( 'NONE', *, *, #583, .T. ) ;
#989 = ORIENTED_EDGE ( 'NONE', *, *, #2810, .T. ) ;
#990 = CARTESIAN_POINT ( 'NONE',  ( -52.99999999999999289, -3.000000000000000888, -22.04999999999999716 ) ) ;
#991 = EDGE_CURVE ( 'NONE', #347, #1209, #412, .T. ) ;
#992 = CARTESIAN_POINT ( 'NONE',  ( -31.49999999999998579, -8.000000000000003553, -22.05000000000000071 ) ) ;
#993 = EDGE_CURVE ( 'NONE', #1180, #231, #2354, .T. ) ;
#994 = LINE ( 'NONE', #2865, #890 ) ;
#995 = AXIS2_PLACEMENT_3D ( 'NONE', #466, #2153, #2362 ) ;
#996 = DIRECTION ( 'NONE',  ( 0.000000000000000000, 0.8616879873547979019, 0.5074384814422704393 ) ) ;
#997 = CARTESIAN_POINT ( 'NONE',  ( 26.99999999999999645, 0.000000000000000000, 30.00000000000000711 ) ) ;
#998 = VERTEX_POINT ( 'NONE', #2801 ) ;
#999 = EDGE_LOOP ( 'NONE', ( #295, #2123, #2604, #1560 ) ) ;
#1000 = FACE_BOUND ( 'NONE', #2139, .T. ) ;
#1001 = CARTESIAN_POINT ( 'NONE',  ( -27.00000000000000000, -13.50000000000000178, 22.04999999999999716 ) ) ;
#1002 = ORIENTED_EDGE ( 'NONE', *, *, #1388, .T. ) ;
#1003 = ORIENTED_EDGE ( 'NONE', *, *, #124, .F. ) ;
#1004 = ORIENTED_EDGE ( 'NONE', *, *, #644, .F. ) ;
#1005 = ORIENTED_EDGE ( 'NONE', *, *, #2992, .T. ) ;
#1006 = CIRCLE ( 'NONE', #263, 2.999999999999999112 ) ;
#1007 = CARTESIAN_POINT ( 'NONE',  ( 49.99999999999998579, -3.000000000000000000, -25.04999999999999716 ) ) ;
#1008 = CARTESIAN_POINT ( 'NONE',  ( -51.99999999999998579, 0.000000000000000000, -14.49999999999999467 ) ) ;
#1009 = VECTOR ( 'NONE', #976, 1000.000000000000000 ) ;
#1010 = CARTESIAN_POINT ( 'NONE',  ( 59.00000000000003553, -3.000000000000000000, 25.04999999999999716 ) ) ;
#1011 = ADVANCED_FACE ( 'NONE', ( #257 ), #1871, .F. ) ;
#1012 = CARTESIAN_POINT ( 'NONE',  ( 51.00000000000000000, -4.802281284647955806E-16, -30.00000000000000711 ) ) ;
#1013 = ORIENTED_EDGE ( 'NONE', *, *, #2398, .T. ) ;
#1014 = CARTESIAN_POINT ( 'NONE',  ( 53.00000000000000000, -13.50000000000000000, 22.04999999999999716 ) ) ;
#1015 = VECTOR ( 'NONE', #1706, 1000.000000000000000 ) ;
#1016 = AXIS2_PLACEMENT_3D ( 'NONE', #1564, #2473, #1085 ) ;
#1017 = CARTESIAN_POINT ( 'NONE',  ( -28.99999999999998224, 4.000000000000000000, 16.50000000000000711 ) ) ;
#1018 = VERTEX_POINT ( 'NONE', #1141 ) ;
#1019 = DIRECTION ( 'NONE',  ( -2.713019355931374386E-63, 1.000000000000000000, 2.891205793294679312E-16 ) ) ;
#1020 = CARTESIAN_POINT ( 'NONE',  ( 49.49999999999997868, -1.000000000000004885, -20.05000000000000071 ) ) ;
#1021 = ORIENTED_EDGE ( 'NONE', *, *, #2047, .F. ) ;
#1022 = EDGE_LOOP ( 'NONE', ( #2053, #822 ) ) ;
#1023 = ORIENTED_EDGE ( 'NONE', *, *, #1529, .T. ) ;
#1024 = VERTEX_POINT ( 'NONE', #911 ) ;
#1025 = DIRECTION ( 'NONE',  ( -1.000000000000000000, -0.000000000000000000, -0.000000000000000000 ) ) ;
#1026 = APPLICATION_CONTEXT ( 'automotive_design' ) ;
#1027 = EDGE_CURVE ( 'NONE', #2323, #1412, #923, .T. ) ;
#1028 = CARTESIAN_POINT ( 'NONE',  ( -25.00000000000000000, -3.000000000000000888, -22.04999999999999716 ) ) ;
#1029 = DIRECTION ( 'NONE',  ( 0.000000000000000000, 0.000000000000000000, -1.000000000000000000 ) ) ;
#1030 = AXIS2_PLACEMENT_3D ( 'NONE', #650, #2718, #2267 ) ;
#1031 = CARTESIAN_POINT ( 'NONE',  ( -51.00000000000000000, -3.590766775043896519E-15, -30.00000000000000711 ) ) ;
#1032 = VERTEX_POINT ( 'NONE', #1636 ) ;
#1033 = LINE ( 'NONE', #1976, #370 ) ;
#1034 = ORIENTED_EDGE ( 'NONE', *, *, #2745, .F. ) ;
#1035 = ORIENTED_EDGE ( 'NONE', *, *, #1379, .T. ) ;
#1036 = FACE_BOUND ( 'NONE', #3039, .T. ) ;
#1037 = EDGE_CURVE ( 'NONE', #557, #2798, #2571, .T. ) ;
#1038 = FACE_OUTER_BOUND ( 'NONE', #55, .T. ) ;
#1039 = ORIENTED_EDGE ( 'NONE', *, *, #746, .F. ) ;
#1040 = ORIENTED_EDGE ( 'NONE', *, *, #2681, .T. ) ;
#1041 = ADVANCED_FACE ( 'NONE', ( #1154 ), #218, .F. ) ;
#1042 = CARTESIAN_POINT ( 'NONE',  ( -59.00000000000003553, -3.000000000000000000, -25.04999999999999716 ) ) ;
#1043 = CARTESIAN_POINT ( 'NONE',  ( -53.00000000000000000, -3.110538646579100445E-15, 25.00000000000001421 ) ) ;
#1044 = LINE ( 'NONE', #2417, #2384 ) ;
#1045 = DIRECTION ( 'NONE',  ( 0.000000000000000000, 1.000000000000000000, -0.000000000000000000 ) ) ;
#1046 = EDGE_CURVE ( 'NONE', #117, #363, #1178, .T. ) ;
#1047 = CARTESIAN_POINT ( 'NONE',  ( 24.99999999999999645, -3.000000000000000888, -22.04999999999999716 ) ) ;
#1048 = VERTEX_POINT ( 'NONE', #2114 ) ;
#1049 = ORIENTED_EDGE ( 'NONE', *, *, #613, .T. ) ;
#1050 = ORIENTED_EDGE ( 'NONE', *, *, #143, .F. ) ;
#1051 = LINE ( 'NONE', #799, #2003 ) ;
#1052 = CARTESIAN_POINT ( 'NONE',  ( 49.99999999999998579, -3.000000000000000000, -25.04999999999999716 ) ) ;
#1053 = EDGE_LOOP ( 'NONE', ( #1512, #152 ) ) ;
#1054 = ORIENTED_EDGE ( 'NONE', *, *, #2466, .F. ) ;
#1055 = ORIENTED_EDGE ( 'NONE', *, *, #2767, .T. ) ;
#1056 = FACE_OUTER_BOUND ( 'NONE', #1502, .T. ) ;
#1057 = AXIS2_PLACEMENT_3D ( 'NONE', #206, #37, #504 ) ;
#1058 = VECTOR ( 'NONE', #2420, 1000.000000000000000 ) ;
#1059 = FACE_BOUND ( 'NONE', #1426, .T. ) ;
#1060 = DIRECTION ( 'NONE',  ( 0.000000000000000000, 0.000000000000000000, 1.000000000000000000 ) ) ;
#1061 = DIRECTION ( 'NONE',  ( 0.000000000000000000, 1.000000000000000000, -0.000000000000000000 ) ) ;
#1062 = VERTEX_POINT ( 'NONE', #2102 ) ;
#1063 = DIRECTION ( 'NONE',  ( 0.000000000000000000, 0.000000000000000000, -1.000000000000000000 ) ) ;
#1064 = VECTOR ( 'NONE', #2361, 1000.000000000000000 ) ;
#1065 = ADVANCED_FACE ( 'NONE', ( #2842 ), #1623, .F. ) ;
#1066 = EDGE_LOOP ( 'NONE', ( #1911, #1994, #2444, #965 ) ) ;
#1067 = VECTOR ( 'NONE', #1525, 1000.000000000000000 ) ;
#1068 = DIRECTION ( 'NONE',  ( 1.000000000000000000, -0.000000000000000000, -0.000000000000000000 ) ) ;
#1069 = CIRCLE ( 'NONE', #2986, 2.999999999999999112 ) ;
#1070 = CARTESIAN_POINT ( 'NONE',  ( -59.00000000000003553, -3.000000000000000000, 22.04999999999999716 ) ) ;
#1071 = ORIENTED_EDGE ( 'NONE', *, *, #2278, .T. ) ;
#1072 = PLANE ( 'NONE',  #1863 ) ;
#1073 = ORIENTED_EDGE ( 'NONE', *, *, #360, .F. ) ;
#1074 = VECTOR ( 'NONE', #734, 1000.000000000000000 ) ;
#1075 = DIRECTION ( 'NONE',  ( -1.000000000000000000, -0.000000000000000000, -0.000000000000000000 ) ) ;
#1076 = DIRECTION ( 'NONE',  ( -1.000000000000000000, 0.000000000000000000, 0.000000000000000000 ) ) ;
#1077 = FACE_OUTER_BOUND ( 'NONE', #2149, .T. ) ;
#1078 = DIRECTION ( 'NONE',  ( 0.000000000000000000, 0.000000000000000000, -1.000000000000000000 ) ) ;
#1079 = VECTOR ( 'NONE', #2544, 1000.000000000000000 ) ;
#1080 = ADVANCED_FACE ( 'NONE', ( #2561 ), #2321, .F. ) ;
#1081 = DIRECTION ( 'NONE',  ( 0.000000000000000000, 0.000000000000000000, -1.000000000000000000 ) ) ;
#1082 = EDGE_LOOP ( 'NONE', ( #2925, #1054 ) ) ;
#1083 = CARTESIAN_POINT ( 'NONE',  ( 51.00000000000000000, -13.49999999999999289, -22.05000000000000071 ) ) ;
#1084 = ORIENTED_EDGE ( 'NONE', *, *, #2805, .T. ) ;
#1085 = DIRECTION ( 'NONE',  ( 1.000000000000000000, 0.000000000000000000, -0.000000000000000000 ) ) ;
#1086 = AXIS2_PLACEMENT_3D ( 'NONE', #384, #2271, #1955 ) ;
#1087 = CARTESIAN_POINT ( 'NONE',  ( -51.00000000000000000, -13.50000000000000355, 22.04999999999999716 ) ) ;
#1088 = CARTESIAN_POINT ( 'NONE',  ( 49.99999999999998579, 4.000000000000000000, 25.00000000000001421 ) ) ;
#1089 = EDGE_CURVE ( 'NONE', #1490, #1328, #450, .T. ) ;
#1090 = ADVANCED_FACE ( 'NONE', ( #20 ), #2827, .T. ) ;
#1091 = CARTESIAN_POINT ( 'NONE',  ( 0.000000000000000000, 0.000000000000000000, 0.000000000000000000 ) ) ;
#1092 = DIRECTION ( 'NONE',  ( 0.000000000000000000, 1.000000000000000000, -0.000000000000000000 ) ) ;
#1093 = CYLINDRICAL_SURFACE ( 'NONE', #26, 9.999999999999994671 ) ;
#1094 = FACE_BOUND ( 'NONE', #560, .T. ) ;
#1095 = EDGE_CURVE ( 'NONE', #1945, #1328, #967, .T. ) ;
#1096 = DIRECTION ( 'NONE',  ( -0.000000000000000000, -1.000000000000000000, -0.000000000000000000 ) ) ;
#1097 = ADVANCED_FACE ( 'NONE', ( #2633 ), #1462, .F. ) ;
#1098 = CARTESIAN_POINT ( 'NONE',  ( -59.00000000000003553, -27.00000000000000000, 22.04999999999999716 ) ) ;
#1099 = ORIENTED_EDGE ( 'NONE', *, *, #1364, .F. ) ;
#1100 = EDGE_CURVE ( 'NONE', #463, #766, #425, .T. ) ;
#1101 = CARTESIAN_POINT ( 'NONE',  ( 1.000000000000000000, -3.000000000000000888, 22.04999999999999716 ) ) ;
#1102 = PLANE ( 'NONE',  #828 ) ;
#1103 = DIRECTION ( 'NONE',  ( -1.000000000000000000, 0.000000000000000000, 0.000000000000000000 ) ) ;
#1104 = CYLINDRICAL_SURFACE ( 'NONE', #2406, 22.05000000000000071 ) ;
#1105 = CARTESIAN_POINT ( 'NONE',  ( -25.00000000000000000, -13.49999999999999467, -22.04999999999999716 ) ) ;
#1106 = VECTOR ( 'NONE', #2433, 1000.000000000000000 ) ;
#1107 = DIRECTION ( 'NONE',  ( 0.000000000000000000, 1.000000000000000000, 0.000000000000000000 ) ) ;
#1108 = DIRECTION ( 'NONE',  ( 0.000000000000000000, -1.000000000000000000, 0.000000000000000000 ) ) ;
#1109 = AXIS2_PLACEMENT_3D ( 'NONE', #182, #1076, #2492 ) ;
#1110 = DIRECTION ( 'NONE',  ( 1.000000000000000000, 2.713019355931374386E-63, 0.000000000000000000 ) ) ;
#1111 = VERTEX_POINT ( 'NONE', #1980 ) ;
#1112 = EDGE_CURVE ( 'NONE', #208, #2426, #105, .T. ) ;
#1113 = DIRECTION ( 'NONE',  ( -0.000000000000000000, -0.000000000000000000, 1.000000000000000000 ) ) ;
#1114 = AXIS2_PLACEMENT_3D ( 'NONE', #2776, #481, #2835 ) ;
#1115 = CARTESIAN_POINT ( 'NONE',  ( 51.00000000000000000, 0.000000000000000000, 0.000000000000000000 ) ) ;
#1116 = DIRECTION ( 'NONE',  ( 1.000000000000000000, -0.000000000000000000, -0.000000000000000000 ) ) ;
#1117 = DIRECTION ( 'NONE',  ( 0.000000000000000000, 0.000000000000000000, 1.000000000000000000 ) ) ;
#1118 = DIRECTION ( 'NONE',  ( -0.000000000000000000, -1.000000000000000000, -0.000000000000000000 ) ) ;
#1119 = DIRECTION ( 'NONE',  ( -1.000000000000000000, -0.000000000000000000, -0.000000000000000000 ) ) ;
#1120 = DIRECTION ( 'NONE',  ( 0.000000000000000000, 0.000000000000000000, 1.000000000000000000 ) ) ;
#1121 = DIRECTION ( 'NONE',  ( 0.000000000000000000, 0.000000000000000000, -1.000000000000000000 ) ) ;
#1122 = ORIENTED_EDGE ( 'NONE', *, *, #1399, .T. ) ;
#1123 = VECTOR ( 'NONE', #501, 1000.000000000000000 ) ;
#1124 = DIRECTION ( 'NONE',  ( 0.000000000000000000, 0.000000000000000000, -1.000000000000000000 ) ) ;
#1125 = DIRECTION ( 'NONE',  ( 0.000000000000000000, -0.8616879873547977908, 0.5074384814422706613 ) ) ;
#1126 = ADVANCED_FACE ( 'NONE', ( #2162 ), #750, .F. ) ;
#1127 = EDGE_CURVE ( 'NONE', #1996, #2104, #54, .T. ) ;
#1128 = DIRECTION ( 'NONE',  ( 0.000000000000000000, 0.000000000000000000, 1.000000000000000000 ) ) ;
#1129 = DIRECTION ( 'NONE',  ( -1.000000000000000000, 0.000000000000000000, -0.000000000000000000 ) ) ;
#1130 = LINE ( 'NONE', #2075, #2133 ) ;
#1131 = VERTEX_POINT ( 'NONE', #2178 ) ;
#1132 = FACE_OUTER_BOUND ( 'NONE', #90, .T. ) ;
#1133 = DIRECTION ( 'NONE',  ( 0.000000000000000000, 0.000000000000000000, -1.000000000000000000 ) ) ;
#1134 = ORIENTED_EDGE ( 'NONE', *, *, #404, .F. ) ;
#1135 = EDGE_CURVE ( 'NONE', #25, #311, #1245, .T. ) ;
#1136 = CARTESIAN_POINT ( 'NONE',  ( 28.99999999999998579, 0.000000000000000000, -14.49999999999999645 ) ) ;
#1137 = CARTESIAN_POINT ( 'NONE',  ( -28.99999999999998579, 4.000000000000000000, -14.49999999999999645 ) ) ;
#1138 = ORIENTED_EDGE ( 'NONE', *, *, #759, .F. ) ;
#1139 = DIRECTION ( 'NONE',  ( -0.000000000000000000, -1.000000000000000000, -0.000000000000000000 ) ) ;
#1140 = DIRECTION ( 'NONE',  ( 0.000000000000000000, 0.000000000000000000, -1.000000000000000000 ) ) ;
#1141 = CARTESIAN_POINT ( 'NONE',  ( -49.99999999999997158, 4.000000000000000000, 35.00000000000000711 ) ) ;
#1142 = AXIS2_PLACEMENT_3D ( 'NONE', #1147, #621, #2506 ) ;
#1143 = ORIENTED_EDGE ( 'NONE', *, *, #2541, .F. ) ;
#1144 = ORIENTED_EDGE ( 'NONE', *, *, #2443, .F. ) ;
#1145 = LINE ( 'NONE', #2738, #2295 ) ;
#1146 = CARTESIAN_POINT ( 'NONE',  ( 31.49999999999998579, -1.000000000000004441, -20.05000000000000426 ) ) ;
#1147 = CARTESIAN_POINT ( 'NONE',  ( 59.00000000000003553, -27.00000000000000355, -3.306546357697854128E-15 ) ) ;
#1148 = VECTOR ( 'NONE', #1918, 1000.000000000000000 ) ;
#1149 = CYLINDRICAL_SURFACE ( 'NONE', #2489, 2.000000000000003553 ) ;
#1150 = VERTEX_POINT ( 'NONE', #2667 ) ;
#1151 = EDGE_CURVE ( 'NONE', #134, #1481, #1607, .T. ) ;
#1152 = CARTESIAN_POINT ( 'NONE',  ( -49.49999999999997158, -26.99999999999999645, -20.05000000000000426 ) ) ;
#1153 = CIRCLE ( 'NONE', #377, 2.000000000000003553 ) ;
#1154 = FACE_OUTER_BOUND ( 'NONE', #1845, .T. ) ;
#1155 = AXIS2_PLACEMENT_3D ( 'NONE', #1008, #727, #567 ) ;
#1156 = ORIENTED_EDGE ( 'NONE', *, *, #756, .T. ) ;
#1157 = ORIENTED_EDGE ( 'NONE', *, *, #1531, .T. ) ;
#1158 = VECTOR ( 'NONE', #187, 1000.000000000000000 ) ;
#1159 = AXIS2_PLACEMENT_3D ( 'NONE', #201, #2327, #2581 ) ;
#1160 = LINE ( 'NONE', #3040, #947 ) ;
#1161 = CARTESIAN_POINT ( 'NONE',  ( 54.99999999999998579, 0.000000000000000000, -30.00000000000001066 ) ) ;
#1162 = DIRECTION ( 'NONE',  ( -1.000000000000000000, -0.000000000000000000, -0.000000000000000000 ) ) ;
#1163 = ADVANCED_FACE ( 'NONE', ( #1038 ), #559, .F. ) ;
#1164 = LINE ( 'NONE', #931, #1655 ) ;
#1165 = ORIENTED_EDGE ( 'NONE', *, *, #545, .F. ) ;
#1166 = DIRECTION ( 'NONE',  ( -0.000000000000000000, -1.000000000000000000, -0.000000000000000000 ) ) ;
#1167 = EDGE_CURVE ( 'NONE', #1786, #801, #820, .T. ) ;
#1168 = EDGE_CURVE ( 'NONE', #954, #772, #787, .T. ) ;
#1169 = AXIS2_PLACEMENT_3D ( 'NONE', #394, #1092, #1800 ) ;
#1170 = ORIENTED_EDGE ( 'NONE', *, *, #511, .F. ) ;
#1171 = ORIENTED_EDGE ( 'NONE', *, *, #2416, .F. ) ;
#1172 = LINE ( 'NONE', #2807, #2201 ) ;
#1173 = CARTESIAN_POINT ( 'NONE',  ( -28.99999999999998579, 4.000000000000000000, -14.49999999999999645 ) ) ;
#1174 = CARTESIAN_POINT ( 'NONE',  ( -25.00000000000000000, -2.035497451754345507E-15, -30.00000000000000711 ) ) ;
#1175 = ORIENTED_EDGE ( 'NONE', *, *, #961, .F. ) ;
#1176 = ADVANCED_FACE ( 'NONE', ( #1516 ), #2650, .T. ) ;
#1177 = DIRECTION ( 'NONE',  ( -0.000000000000000000, -1.000000000000000000, -0.000000000000000000 ) ) ;
#1178 = LINE ( 'NONE', #951, #1074 ) ;
#1179 = VERTEX_POINT ( 'NONE', #2442 ) ;
#1180 = VERTEX_POINT ( 'NONE', #2230 ) ;
#1181 = EDGE_LOOP ( 'NONE', ( #1242, #988 ) ) ;
#1182 = ORIENTED_EDGE ( 'NONE', *, *, #2762, .F. ) ;
#1183 = CARTESIAN_POINT ( 'NONE',  ( 51.99999999999998579, 4.000000000000000000, -12.49999999999999112 ) ) ;
#1184 = LINE ( 'NONE', #2376, #313 ) ;
#1185 = FACE_OUTER_BOUND ( 'NONE', #2917, .T. ) ;
#1186 = FACE_BOUND ( 'NONE', #372, .T. ) ;
#1187 = ADVANCED_FACE ( 'NONE', ( #2461 ), #1964, .T. ) ;
#1188 = VECTOR ( 'NONE', #936, 1000.000000000000000 ) ;
#1189 = ORIENTED_EDGE ( 'NONE', *, *, #2760, .F. ) ;
#1190 = VECTOR ( 'NONE', #2202, 1000.000000000000000 ) ;
#1191 = EDGE_LOOP ( 'NONE', ( #2371, #2076, #527, #1762 ) ) ;
#1192 = CARTESIAN_POINT ( 'NONE',  ( -51.00000000000000000, -3.110538646579100445E-15, 0.000000000000000000 ) ) ;
#1193 = DIRECTION ( 'NONE',  ( 0.000000000000000000, 0.000000000000000000, 1.000000000000000000 ) ) ;
#1194 = EDGE_LOOP ( 'NONE', ( #2878, #554, #202, #2517 ) ) ;
#1195 = ORIENTED_EDGE ( 'NONE', *, *, #1760, .F. ) ;
#1196 = EDGE_CURVE ( 'NONE', #1968, #296, #119, .T. ) ;
#1197 = VERTEX_POINT ( 'NONE', #1020 ) ;
#1198 = ORIENTED_EDGE ( 'NONE', *, *, #421, .T. ) ;
#1199 = DIRECTION ( 'NONE',  ( -0.000000000000000000, -1.000000000000000000, -0.000000000000000000 ) ) ;
#1200 = AXIS2_PLACEMENT_3D ( 'NONE', #465, #917, #1405 ) ;
#1201 = VECTOR ( 'NONE', #250, 1000.000000000000000 ) ;
#1202 = VECTOR ( 'NONE', #919, 1000.000000000000000 ) ;
#1203 = DIRECTION ( 'NONE',  ( 0.000000000000000000, 0.000000000000000000, -1.000000000000000000 ) ) ;
#1204 = DIRECTION ( 'NONE',  ( 1.000000000000000000, -0.000000000000000000, -0.000000000000000000 ) ) ;
#1205 = VECTOR ( 'NONE', #575, 1000.000000000000000 ) ;
#1206 = DIRECTION ( 'NONE',  ( 0.000000000000000000, 0.000000000000000000, -1.000000000000000000 ) ) ;
#1207 = CARTESIAN_POINT ( 'NONE',  ( -51.99999999999998579, 4.000000000000000000, -12.49999999999999112 ) ) ;
#1209 = VERTEX_POINT ( 'NONE', #2908 ) ;
#1208 = VECTOR ( 'NONE', #2082, 1000.000000000000000 ) ;
#1210 = EDGE_LOOP ( 'NONE', ( #937, #1669, #737, #2409 ) ) ;
#1211 = DIRECTION ( 'NONE',  ( 0.000000000000000000, 0.000000000000000000, -1.000000000000000000 ) ) ;
#1212 = EDGE_CURVE ( 'NONE', #524, #488, #2892, .T. ) ;
#1213 = CIRCLE ( 'NONE', #2016, 9.999999999999994671 ) ;
#1214 = DIRECTION ( 'NONE',  ( 1.000000000000000000, 0.000000000000000000, -0.000000000000000000 ) ) ;
#1215 = ORIENTED_EDGE ( 'NONE', *, *, #2355, .F. ) ;
#1216 = VERTEX_POINT ( 'NONE', #800 ) ;
#1217 = VERTEX_POINT ( 'NONE', #2684 ) ;
#1218 = EDGE_CURVE ( 'NONE', #348, #102, #1442, .T. ) ;
#1219 = ORIENTED_EDGE ( 'NONE', *, *, #442, .F. ) ;
#1220 = VECTOR ( 'NONE', #588, 1000.000000000000000 ) ;
#1221 = FACE_OUTER_BOUND ( 'NONE', #1191, .T. ) ;
#1222 =( GEOMETRIC_REPRESENTATION_CONTEXT ( 3 ) GLOBAL_UNCERTAINTY_ASSIGNED_CONTEXT ( ( #40 ) ) GLOBAL_UNIT_ASSIGNED_CONTEXT ( ( #379, #1345, #2086 ) ) REPRESENTATION_CONTEXT ( 'NONE', 'WORKASPACE' ) );
#1223 = VECTOR ( 'NONE', #846, 1000.000000000000000 ) ;
#1224 = CARTESIAN_POINT ( 'NONE',  ( -49.99999999999997158, 0.000000000000000000, 35.00000000000000711 ) ) ;
#1225 = DIRECTION ( 'NONE',  ( 0.000000000000000000, -2.891205793294679312E-16, 1.000000000000000000 ) ) ;
#1226 = PLANE ( 'NONE',  #2099 ) ;
#1227 = CARTESIAN_POINT ( 'NONE',  ( -27.00000000000000000, -1.555269323289550222E-15, 30.00000000000000711 ) ) ;
#1228 = CARTESIAN_POINT ( 'NONE',  ( -25.00000000000000000, -13.49999999999999467, -22.04999999999999716 ) ) ;
#1229 = ORIENTED_EDGE ( 'NONE', *, *, #1966, .T. ) ;
#1230 = DIRECTION ( 'NONE',  ( -1.000000000000000000, -0.000000000000000000, -0.000000000000000000 ) ) ;
#1231 = DIRECTION ( 'NONE',  ( -1.000000000000000000, -0.000000000000000000, -0.000000000000000000 ) ) ;
#1232 = ORIENTED_EDGE ( 'NONE', *, *, #2430, .F. ) ;
#1233 = VERTEX_POINT ( 'NONE', #365 ) ;
#1234 = ORIENTED_EDGE ( 'NONE', *, *, #991, .T. ) ;
#1235 = VERTEX_POINT ( 'NONE', #2734 ) ;
#1236 = EDGE_LOOP ( 'NONE', ( #2825, #207 ) ) ;
#1237 = CARTESIAN_POINT ( 'NONE',  ( 59.00000000000003553, -8.000000000000003553, -20.05000000000000426 ) ) ;
#1238 = LINE ( 'NONE', #2396, #419 ) ;
#1239 = DIRECTION ( 'NONE',  ( 0.000000000000000000, 0.000000000000000000, -1.000000000000000000 ) ) ;
#1240 = DIRECTION ( 'NONE',  ( 1.000000000000000000, -0.000000000000000000, 0.000000000000000000 ) ) ;
#1241 = DIRECTION ( 'NONE',  ( 0.000000000000000000, -0.8616879873547977908, 0.5074384814422706613 ) ) ;
#1242 = ORIENTED_EDGE ( 'NONE', *, *, #252, .T. ) ;
#1243 = ORIENTED_EDGE ( 'NONE', *, *, #2191, .T. ) ;
#1244 = CARTESIAN_POINT ( 'NONE',  ( 1.000000000000000000, 0.000000000000000000, 30.00000000000000711 ) ) ;
#1245 = LINE ( 'NONE', #1480, #1205 ) ;
#1246 = EDGE_CURVE ( 'NONE', #1312, #219, #1592, .T. ) ;
#1247 = ORIENTED_EDGE ( 'NONE', *, *, #1861, .F. ) ;
#1248 = ORIENTED_EDGE ( 'NONE', *, *, #658, .F. ) ;
#1249 = ORIENTED_EDGE ( 'NONE', *, *, #2430, .T. ) ;
#1250 = ORIENTED_EDGE ( 'NONE', *, *, #2760, .T. ) ;
#1251 = VECTOR ( 'NONE', #288, 1000.000000000000000 ) ;
#1252 = LINE ( 'NONE', #1237, #2679 ) ;
#1253 = CARTESIAN_POINT ( 'NONE',  ( 49.49999999999997868, 4.000000000000000000, -23.53649170988226658 ) ) ;
#1254 = AXIS2_PLACEMENT_3D ( 'NONE', #2049, #1582, #1305 ) ;
#1255 = CARTESIAN_POINT ( 'NONE',  ( -51.00000000000000000, -3.110538646579100445E-15, 30.00000000000000711 ) ) ;
#1256 = VECTOR ( 'NONE', #654, 1000.000000000000000 ) ;
#1257 = PLANE ( 'NONE',  #1852 ) ;
#1258 = VERTEX_POINT ( 'NONE', #2282 ) ;
#1259 = CARTESIAN_POINT ( 'NONE',  ( 51.99999999999997868, 4.000000000000000000, 16.50000000000001066 ) ) ;
#1260 = AXIS2_PLACEMENT_3D ( 'NONE', #386, #1832, #148 ) ;
#1261 = VECTOR ( 'NONE', #5, 1000.000000000000000 ) ;
#1262 = EDGE_CURVE ( 'NONE', #2592, #273, #624, .T. ) ;
#1263 = ORIENTED_EDGE ( 'NONE', *, *, #1999, .T. ) ;
#1264 = EDGE_LOOP ( 'NONE', ( #652, #2639, #357, #2961 ) ) ;
#1265 = CARTESIAN_POINT ( 'NONE',  ( -25.00000000000000000, -13.50000000000000178, 22.04999999999999716 ) ) ;
#1266 = DIRECTION ( 'NONE',  ( -0.000000000000000000, -1.000000000000000000, -0.000000000000000000 ) ) ;
#1267 = ORIENTED_EDGE ( 'NONE', *, *, #2184, .T. ) ;
#1268 = VERTEX_POINT ( 'NONE', #2747 ) ;
#1269 = ORIENTED_EDGE ( 'NONE', *, *, #1322, .T. ) ;
#1270 = ORIENTED_EDGE ( 'NONE', *, *, #2536, .T. ) ;
#1271 = CARTESIAN_POINT ( 'NONE',  ( 1.000000000000000000, -4.802281284647955806E-16, -30.00000000000000711 ) ) ;
#1272 = EDGE_CURVE ( 'NONE', #439, #1996, #1721, .T. ) ;
#1273 = DIRECTION ( 'NONE',  ( 1.000000000000000000, 0.000000000000000000, -0.000000000000000000 ) ) ;
#1274 = DIRECTION ( 'NONE',  ( -1.000000000000000000, 0.000000000000000000, 0.000000000000000000 ) ) ;
#1275 = VECTOR ( 'NONE', #2101, 1000.000000000000000 ) ;
#1276 = LINE ( 'NONE', #114, #3028 ) ;
#1277 = ORIENTED_EDGE ( 'NONE', *, *, #2405, .T. ) ;
#1278 = LINE ( 'NONE', #2716, #1079 ) ;
#1279 = ORIENTED_EDGE ( 'NONE', *, *, #2810, .F. ) ;
#1280 = CARTESIAN_POINT ( 'NONE',  ( 26.99999999999999645, 0.000000000000000000, 30.00000000000000711 ) ) ;
#1281 = DIRECTION ( 'NONE',  ( -1.000000000000000000, 0.000000000000000000, 0.000000000000000000 ) ) ;
#1282 = EDGE_LOOP ( 'NONE', ( #362, #2709 ) ) ;
#1283 = ORIENTED_EDGE ( 'NONE', *, *, #902, .F. ) ;
#1284 =( NAMED_UNIT ( * ) PLANE_ANGLE_UNIT ( ) SI_UNIT ( $, .RADIAN. ) );
#1285 = DIRECTION ( 'NONE',  ( 1.000000000000000000, 0.000000000000000000, 0.000000000000000000 ) ) ;
#1286 = AXIS2_PLACEMENT_3D ( 'NONE', #513, #266, #2642 ) ;
#1287 = FACE_BOUND ( 'NONE', #1868, .T. ) ;
#1288 = CYLINDRICAL_SURFACE ( 'NONE', #836, 2.999999999999999112 ) ;
#1289 = ADVANCED_FACE ( 'NONE', ( #2929 ), #181, .T. ) ;
#1290 = CARTESIAN_POINT ( 'NONE',  ( 49.49999999999997868, 4.000000000000000000, -30.53649170988226658 ) ) ;
#1291 = EDGE_LOOP ( 'NONE', ( #543, #1730, #1978 ) ) ;
#1292 = DIRECTION ( 'NONE',  ( 0.000000000000000000, 0.000000000000000000, 1.000000000000000000 ) ) ;
#1293 = ORIENTED_EDGE ( 'NONE', *, *, #697, .T. ) ;
#1294 = EDGE_CURVE ( 'NONE', #2862, #2446, #2703, .T. ) ;
#1295 = CARTESIAN_POINT ( 'NONE',  ( 1.000000000000000000, 0.000000000000000000, 30.00000000000000711 ) ) ;
#1296 = CARTESIAN_POINT ( 'NONE',  ( -28.99999999999998224, 0.000000000000000000, 16.50000000000000711 ) ) ;
#1297 = ORIENTED_EDGE ( 'NONE', *, *, #2125, .F. ) ;
#1298 = DIRECTION ( 'NONE',  ( 0.000000000000000000, 0.000000000000000000, -1.000000000000000000 ) ) ;
#1299 = EDGE_LOOP ( 'NONE', ( #2414, #2067, #2814, #261 ) ) ;
#1300 = ORIENTED_EDGE ( 'NONE', *, *, #658, .T. ) ;
#1301 = CARTESIAN_POINT ( 'NONE',  ( 53.00000000000000000, -4.802281284647955806E-16, -30.00000000000000711 ) ) ;
#1302 = EDGE_CURVE ( 'NONE', #311, #188, #2649, .T. ) ;
#1303 = EDGE_CURVE ( 'NONE', #2104, #1638, #2891, .T. ) ;
#1304 = AXIS2_PLACEMENT_3D ( 'NONE', #745, #1690, #1241 ) ;
#1305 = DIRECTION ( 'NONE',  ( 0.000000000000000000, 0.000000000000000000, -1.000000000000000000 ) ) ;
#1306 = CARTESIAN_POINT ( 'NONE',  ( 53.00000000000000000, -3.000000000000000000, -25.04999999999999716 ) ) ;
#1307 = CARTESIAN_POINT ( 'NONE',  ( -60.00000000000000000, 0.000000000000000000, 25.00000000000002842 ) ) ;
#1308 = EDGE_LOOP ( 'NONE', ( #1517, #496, #2245, #1608 ) ) ;
#1309 = EDGE_CURVE ( 'NONE', #2346, #2323, #609, .T. ) ;
#1310 = DIRECTION ( 'NONE',  ( -1.000000000000000000, 0.000000000000000000, 0.000000000000000000 ) ) ;
#1311 = AXIS2_PLACEMENT_3D ( 'NONE', #845, #2269, #160 ) ;
#1312 = VERTEX_POINT ( 'NONE', #640 ) ;
#1313 = AXIS2_PLACEMENT_3D ( 'NONE', #1031, #2661, #553 ) ;
#1314 = LINE ( 'NONE', #2712, #873 ) ;
#1315 = VECTOR ( 'NONE', #177, 1000.000000000000000 ) ;
#1316 = DIRECTION ( 'NONE',  ( -0.000000000000000000, 0.8616879873547977908, -0.5074384814422706613 ) ) ;
#1317 = ORIENTED_EDGE ( 'NONE', *, *, #2454, .T. ) ;
#1318 = CARTESIAN_POINT ( 'NONE',  ( 49.99999999999998579, 0.000000000000000000, 25.04999999999999716 ) ) ;
#1319 = ADVANCED_FACE ( 'NONE', ( #1056 ), #167, .F. ) ;
#1320 = DIRECTION ( 'NONE',  ( 1.000000000000000000, 0.000000000000000000, 0.000000000000000000 ) ) ;
#1321 = PLANE ( 'NONE',  #176 ) ;
#1322 = EDGE_CURVE ( 'NONE', #2818, #2014, #842, .T. ) ;
#1323 = FACE_BOUND ( 'NONE', #722, .T. ) ;
#1324 = PLANE ( 'NONE',  #2955 ) ;
#1325 = VECTOR ( 'NONE', #879, 1000.000000000000000 ) ;
#1326 = EDGE_CURVE ( 'NONE', #2682, #1363, #1771, .T. ) ;
#1327 = DIRECTION ( 'NONE',  ( 0.000000000000000000, 1.000000000000000000, -0.000000000000000000 ) ) ;
#1328 = VERTEX_POINT ( 'NONE', #1553 ) ;
#1329 = LINE ( 'NONE', #832, #1220 ) ;
#1330 = VECTOR ( 'NONE', #1998, 1000.000000000000000 ) ;
#1331 = CARTESIAN_POINT ( 'NONE',  ( 51.99999999999998579, 0.000000000000000000, -12.49999999999999112 ) ) ;
#1332 = CARTESIAN_POINT ( 'NONE',  ( 51.99999999999997868, 0.000000000000000000, 14.50000000000000711 ) ) ;
#1333 = DIRECTION ( 'NONE',  ( 0.000000000000000000, 1.600760428215984159E-17, 1.000000000000000000 ) ) ;
#1334 = CYLINDRICAL_SURFACE ( 'NONE', #1501, 2.000000000000003553 ) ;
#1335 = ADVANCED_FACE ( 'NONE', ( #2491 ), #349, .T. ) ;
#1336 = CARTESIAN_POINT ( 'NONE',  ( 1.000000000000000000, -4.802281284647955806E-16, -30.00000000000000711 ) ) ;
#1337 = AXIS2_PLACEMENT_3D ( 'NONE', #1626, #2983, #2761 ) ;
#1338 = FACE_OUTER_BOUND ( 'NONE', #1291, .T. ) ;
#1339 = CARTESIAN_POINT ( 'NONE',  ( -1.000000000000000000, -13.50000000000000000, 22.04999999999999716 ) ) ;
#1340 = ORIENTED_EDGE ( 'NONE', *, *, #1776, .T. ) ;
#1341 = MANIFOLD_SOLID_BREP ( 'Fillet2', #2463 ) ;
#1342 = DIRECTION ( 'NONE',  ( -0.000000000000000000, 0.8616879873547977908, -0.5074384814422706613 ) ) ;
#1343 = FACE_OUTER_BOUND ( 'NONE', #2198, .T. ) ;
#1344 = CARTESIAN_POINT ( 'NONE',  ( 26.99999999999999645, 0.000000000000000000, 30.00000000000000711 ) ) ;
#1345 =( NAMED_UNIT ( * ) PLANE_ANGLE_UNIT ( ) SI_UNIT ( $, .RADIAN. ) );
#1346 = CARTESIAN_POINT ( 'NONE',  ( 51.99999999999998579, 4.000000000000000000, -14.49999999999999467 ) ) ;
#1347 = DIRECTION ( 'NONE',  ( 0.000000000000000000, 1.000000000000000000, 0.000000000000000000 ) ) ;
#1348 = AXIS2_PLACEMENT_3D ( 'NONE', #2368, #1913, #2330 ) ;
#1349 = CARTESIAN_POINT ( 'NONE',  ( 51.99999999999998579, 4.000000000000000000, -12.49999999999999112 ) ) ;
#1350 = VECTOR ( 'NONE', #1874, 1000.000000000000000 ) ;
#1351 = VECTOR ( 'NONE', #323, 1000.000000000000000 ) ;
#1352 = DIRECTION ( 'NONE',  ( -0.000000000000000000, -1.000000000000000000, -0.000000000000000000 ) ) ;
#1353 = VERTEX_POINT ( 'NONE', #435 ) ;
#1354 = ADVANCED_FACE ( 'NONE', ( #2812 ), #1104, .T. ) ;
#1355 = EDGE_CURVE ( 'NONE', #593, #1786, #3008, .T. ) ;
#1356 = FACE_OUTER_BOUND ( 'NONE', #2687, .T. ) ;
#1357 = AXIS2_PLACEMENT_3D ( 'NONE', #443, #2348, #1389 ) ;
#1358 = DIRECTION ( 'NONE',  ( 0.000000000000000000, 0.000000000000000000, 1.000000000000000000 ) ) ;
#1359 = DIRECTION ( 'NONE',  ( 0.000000000000000000, 0.000000000000000000, 1.000000000000000000 ) ) ;
#1360 = CARTESIAN_POINT ( 'NONE',  ( 49.99999999999998579, 0.000000000000000000, 25.04999999999999716 ) ) ;
#1361 = CARTESIAN_POINT ( 'NONE',  ( 24.99999999999999645, 0.000000000000000000, 25.00000000000001421 ) ) ;
#1362 = AXIS2_PLACEMENT_3D ( 'NONE', #2616, #1398, #1855 ) ;
#1363 = VERTEX_POINT ( 'NONE', #1838 ) ;
#1364 = EDGE_CURVE ( 'NONE', #1482, #2426, #104, .T. ) ;
#1365 = LINE ( 'NONE', #2750, #2796 ) ;
#1366 = CARTESIAN_POINT ( 'NONE',  ( -49.99999999999997158, 4.000000000000000000, 35.00000000000000711 ) ) ;
#1367 = ORIENTED_EDGE ( 'NONE', *, *, #1407, .F. ) ;
#1368 = CARTESIAN_POINT ( 'NONE',  ( 59.00000000000003553, -3.000000000000000000, 25.04999999999999716 ) ) ;
#1369 = AXIS2_PLACEMENT_3D ( 'NONE', #388, #355, #1063 ) ;
#1370 = LINE ( 'NONE', #1878, #2058 ) ;
#1371 = ORIENTED_EDGE ( 'NONE', *, *, #1302, .F. ) ;
#1372 = DIRECTION ( 'NONE',  ( 0.000000000000000000, 1.000000000000000000, 0.000000000000000000 ) ) ;
#1373 = CARTESIAN_POINT ( 'NONE',  ( -53.00000000000000000, -3.110538646579100445E-15, 30.00000000000000711 ) ) ;
#1374 = DIRECTION ( 'NONE',  ( 1.000000000000000000, 0.000000000000000000, -1.387778780781446415E-16 ) ) ;
#1375 = ORIENTED_EDGE ( 'NONE', *, *, #3030, .F. ) ;
#1376 = ORIENTED_EDGE ( 'NONE', *, *, #1046, .T. ) ;
#1377 = CARTESIAN_POINT ( 'NONE',  ( 26.99999999999999645, -4.802281284647955806E-16, -30.00000000000000711 ) ) ;
#1378 = LINE ( 'NONE', #2576, #572 ) ;
#1379 = EDGE_CURVE ( 'NONE', #1416, #796, #232, .T. ) ;
#1380 = FACE_OUTER_BOUND ( 'NONE', #695, .T. ) ;
#1381 = DIRECTION ( 'NONE',  ( 0.000000000000000000, 0.000000000000000000, 1.000000000000000000 ) ) ;
#1382 = VERTEX_POINT ( 'NONE', #2769 ) ;
#1383 = DIRECTION ( 'NONE',  ( 0.000000000000000000, -1.000000000000000000, 0.000000000000000000 ) ) ;
#1384 = DIRECTION ( 'NONE',  ( 0.000000000000000000, 0.000000000000000000, 1.000000000000000000 ) ) ;
#1385 = ORIENTED_EDGE ( 'NONE', *, *, #433, .T. ) ;
#1386 = ORIENTED_EDGE ( 'NONE', *, *, #1950, .T. ) ;
#1387 = CARTESIAN_POINT ( 'NONE',  ( -53.00000000000000000, -3.511529133847204275E-15, -25.04999999999999716 ) ) ;
#1388 = EDGE_CURVE ( 'NONE', #2854, #1416, #2126, .T. ) ;
#1389 = DIRECTION ( 'NONE',  ( 0.000000000000000000, 0.000000000000000000, -1.000000000000000000 ) ) ;
#1390 = CARTESIAN_POINT ( 'NONE',  ( -24.99999999999999289, -3.000000000000000000, -25.04999999999999716 ) ) ;
#1391 = AXIS2_PLACEMENT_3D ( 'NONE', #2294, #2137, #729 ) ;
#1392 = ADVANCED_FACE ( 'NONE', ( #2307 ), #1646, .F. ) ;
#1393 = EDGE_CURVE ( 'NONE', #219, #2950, #692, .T. ) ;
#1394 = DIRECTION ( 'NONE',  ( 0.000000000000000000, -0.8616879873547979019, -0.5074384814422704393 ) ) ;
#1395 = ORIENTED_EDGE ( 'NONE', *, *, #1865, .F. ) ;
#1396 = FACE_OUTER_BOUND ( 'NONE', #2357, .T. ) ;
#1397 = VECTOR ( 'NONE', #2000, 1000.000000000000000 ) ;
#1398 = DIRECTION ( 'NONE',  ( -1.000000000000000000, 0.000000000000000000, 0.000000000000000000 ) ) ;
#1399 = EDGE_CURVE ( 'NONE', #1914, #972, #2826, .T. ) ;
#1400 = ORIENTED_EDGE ( 'NONE', *, *, #2318, .T. ) ;
#1401 = EDGE_LOOP ( 'NONE', ( #2877, #1514, #22, #1637 ) ) ;
#1402 = CIRCLE ( 'NONE', #1759, 2.000000000000003553 ) ;
#1403 = VECTOR ( 'NONE', #1230, 1000.000000000000000 ) ;
#1404 = EDGE_CURVE ( 'NONE', #1668, #280, #472, .T. ) ;
#1405 = DIRECTION ( 'NONE',  ( 0.000000000000000000, 0.000000000000000000, -1.000000000000000000 ) ) ;
#1406 = LINE ( 'NONE', #1418, #2607 ) ;
#1407 = EDGE_CURVE ( 'NONE', #1699, #231, #479, .T. ) ;
#1408 = CARTESIAN_POINT ( 'NONE',  ( -53.00000000000000000, -3.590766775043896519E-15, -30.00000000000000711 ) ) ;
#1409 = EDGE_LOOP ( 'NONE', ( #841, #128, #2131, #1599 ) ) ;
#1410 = CARTESIAN_POINT ( 'NONE',  ( -49.49999999999997868, 4.000000000000000000, -30.53649170988226658 ) ) ;
#1411 = CARTESIAN_POINT ( 'NONE',  ( -59.00000000000003553, -3.000000000000000000, 25.04999999999999716 ) ) ;
#1412 = VERTEX_POINT ( 'NONE', #242 ) ;
#1413 = ORIENTED_EDGE ( 'NONE', *, *, #1847, .F. ) ;
#1414 = COLOUR_RGB ( '',0.7921568627450980005, 0.8196078431372548767, 0.9333333333333333481 ) ;
#1415 = VERTEX_POINT ( 'NONE', #19 ) ;
#1416 = VERTEX_POINT ( 'NONE', #1373 ) ;
#1417 = CARTESIAN_POINT ( 'NONE',  ( 31.49999999999997868, 0.000000000000000000, -30.53649170988226658 ) ) ;
#1418 = CARTESIAN_POINT ( 'NONE',  ( 24.99999999999999645, -3.000000000000000888, -22.04999999999999716 ) ) ;
#1419 = CARTESIAN_POINT ( 'NONE',  ( -59.99999999999998579, 0.000000000000000000, 25.00000000000003197 ) ) ;
#1420 = CARTESIAN_POINT ( 'NONE',  ( -51.99999999999998579, 4.000000000000000000, -16.49999999999999645 ) ) ;
#1421 = EDGE_CURVE ( 'NONE', #115, #1258, #720, .T. ) ;
#1422 = EDGE_LOOP ( 'NONE', ( #2475, #2845, #2921, #1156 ) ) ;
#1423 = EDGE_LOOP ( 'NONE', ( #1965, #2645, #1859, #1901 ) ) ;
#1424 = DIRECTION ( 'NONE',  ( 0.000000000000000000, -2.891205793294679312E-16, 1.000000000000000000 ) ) ;
#1425 = CARTESIAN_POINT ( 'NONE',  ( 59.00000000000003553, -3.000000000000000000, 25.04999999999999716 ) ) ;
#1426 = EDGE_LOOP ( 'NONE', ( #2654, #1071, #925, #971 ) ) ;
#1427 = ORIENTED_EDGE ( 'NONE', *, *, #2040, .F. ) ;
#1428 = VERTEX_POINT ( 'NONE', #2531 ) ;
#1429 = ORIENTED_EDGE ( 'NONE', *, *, #1309, .F. ) ;
#1430 = CARTESIAN_POINT ( 'NONE',  ( 26.99999999999999645, -4.802281284647955806E-16, -30.00000000000000711 ) ) ;
#1431 = DIRECTION ( 'NONE',  ( -0.000000000000000000, -1.000000000000000000, -0.000000000000000000 ) ) ;
#1432 = EDGE_CURVE ( 'NONE', #117, #1312, #417, .T. ) ;
#1433 = DIRECTION ( 'NONE',  ( 0.000000000000000000, 1.000000000000000000, -0.000000000000000000 ) ) ;
#1434 = CARTESIAN_POINT ( 'NONE',  ( 51.99999999999998579, 0.000000000000000000, -14.49999999999999467 ) ) ;
#1435 = ADVANCED_FACE ( 'NONE', ( #895 ), #2570, .T. ) ;
#1436 = CIRCLE ( 'NONE', #1348, 2.000000000000003553 ) ;
#1437 = EDGE_CURVE ( 'NONE', #2333, #208, #910, .T. ) ;
#1438 = CARTESIAN_POINT ( 'NONE',  ( 59.00000000000003553, 0.000000000000000000, 20.04999999999999716 ) ) ;
#1439 = VECTOR ( 'NONE', #281, 1000.000000000000000 ) ;
#1440 = ORIENTED_EDGE ( 'NONE', *, *, #1927, .T. ) ;
#1441 = CARTESIAN_POINT ( 'NONE',  ( 49.99999999999998579, 4.000000000000000000, 25.00000000000001421 ) ) ;
#1442 = LINE ( 'NONE', #1580, #578 ) ;
#1443 = ORIENTED_EDGE ( 'NONE', *, *, #1985, .F. ) ;
#1444 = ORIENTED_EDGE ( 'NONE', *, *, #2515, .F. ) ;
#1445 = EDGE_LOOP ( 'NONE', ( #330, #2569, #1713, #1021 ) ) ;
#1446 = EDGE_LOOP ( 'NONE', ( #41, #1050, #1981, #753 ) ) ;
#1447 = CARTESIAN_POINT ( 'NONE',  ( 59.00000000000003553, -26.99999999999999645, -20.05000000000000426 ) ) ;
#1448 = VECTOR ( 'NONE', #238, 1000.000000000000114 ) ;
#1449 = ADVANCED_FACE ( 'NONE', ( #922, #1870, #2800, #458, #1396, #1036, #2857, #1000, #2615, #2890, #1942 ), #1979, .T. ) ;
#1450 = VECTOR ( 'NONE', #979, 1000.000000000000000 ) ;
#1451 = VECTOR ( 'NONE', #2039, 1000.000000000000114 ) ;
#1452 = CARTESIAN_POINT ( 'NONE',  ( 49.99999999999998579, 0.000000000000000000, 25.04999999999999716 ) ) ;
#1453 = DIRECTION ( 'NONE',  ( 1.000000000000000000, 0.000000000000000000, 0.000000000000000000 ) ) ;
#1454 = AXIS2_PLACEMENT_3D ( 'NONE', #346, #1499, #541 ) ;
#1455 = DIRECTION ( 'NONE',  ( 0.000000000000000000, 0.000000000000000000, 1.000000000000000000 ) ) ;
#1456 = PLANE ( 'NONE',  #2575 ) ;
#1458 = CARTESIAN_POINT ( 'NONE',  ( -28.99999999999998224, 4.000000000000000000, 14.50000000000000355 ) ) ;
#1457 = AXIS2_PLACEMENT_3D ( 'NONE', #2109, #2030, #2730 ) ;
#1459 = EDGE_LOOP ( 'NONE', ( #1232, #2634, #949, #2217, #1293, #2819, #2910, #1175, #1962, #1003, #1198, #2879, #986, #1243, #2791, #1004, #1496, #2301, #1157, #2788, #1749, #2447, #2197, #2764 ) ) ;
#1460 = DIRECTION ( 'NONE',  ( -1.000000000000000000, 0.000000000000000000, 0.000000000000000000 ) ) ;
#1461 = VECTOR ( 'NONE', #2059, 1000.000000000000000 ) ;
#1462 = CYLINDRICAL_SURFACE ( 'NONE', #2151, 2.999999999999999112 ) ;
#1463 = ORIENTED_EDGE ( 'NONE', *, *, #1634, .T. ) ;
#1464 = ORIENTED_EDGE ( 'NONE', *, *, #1421, .T. ) ;
#1465 = VERTEX_POINT ( 'NONE', #2141 ) ;
#1466 = ORIENTED_EDGE ( 'NONE', *, *, #2317, .F. ) ;
#1467 = CARTESIAN_POINT ( 'NONE',  ( 49.49999999999997868, 0.000000000000000000, -23.53649170988226658 ) ) ;
#1468 = VECTOR ( 'NONE', #680, 1000.000000000000114 ) ;
#1469 = VECTOR ( 'NONE', #2692, 1000.000000000000000 ) ;
#1470 = CYLINDRICAL_SURFACE ( 'NONE', #2142, 2.000000000000003553 ) ;
#1471 = DIRECTION ( 'NONE',  ( 0.000000000000000000, 0.000000000000000000, -1.000000000000000000 ) ) ;
#1472 = ADVANCED_FACE ( 'NONE', ( #84 ), #53, .F. ) ;
#1473 = LINE ( 'NONE', #1489, #2540 ) ;
#1474 = LINE ( 'NONE', #2627, #1058 ) ;
#1475 = EDGE_CURVE ( 'NONE', #706, #2651, #2177, .T. ) ;
#1476 = EDGE_LOOP ( 'NONE', ( #2803, #1873, #57, #341 ) ) ;
#1477 = EDGE_LOOP ( 'NONE', ( #18, #1429, #2425, #136 ) ) ;
#1478 = VECTOR ( 'NONE', #1108, 1000.000000000000000 ) ;
#1479 = DIRECTION ( 'NONE',  ( -0.000000000000000000, -1.000000000000000000, -0.000000000000000000 ) ) ;
#1480 = CARTESIAN_POINT ( 'NONE',  ( -28.99999999999998224, 4.000000000000000000, 16.50000000000000711 ) ) ;
#1481 = VERTEX_POINT ( 'NONE', #1963 ) ;
#1482 = VERTEX_POINT ( 'NONE', #786 ) ;
#1483 = ORIENTED_EDGE ( 'NONE', *, *, #93, .T. ) ;
#1484 = EDGE_LOOP ( 'NONE', ( #3023, #2869, #789, #2752 ) ) ;
#1485 = CARTESIAN_POINT ( 'NONE',  ( 31.49999999999998579, 6.490319001944536908E-15, -22.04999999999999716 ) ) ;
#1486 = CARTESIAN_POINT ( 'NONE',  ( -59.00000000000003553, 3.469446951953614189E-15, 22.04999999999999716 ) ) ;
#1487 = ADVANCED_FACE ( 'NONE', ( #2367 ), #1710, .F. ) ;
#1488 = DIRECTION ( 'NONE',  ( -0.000000000000000000, -1.000000000000000000, -0.000000000000000000 ) ) ;
#1489 = CARTESIAN_POINT ( 'NONE',  ( 49.99999999999997868, 4.000000000000000000, 34.99999999999999289 ) ) ;
#1490 = VERTEX_POINT ( 'NONE', #2648 ) ;
#1491 = DIRECTION ( 'NONE',  ( 0.000000000000000000, 1.000000000000000000, 0.000000000000000000 ) ) ;
#1492 = ORIENTED_EDGE ( 'NONE', *, *, #858, .T. ) ;
#1493 = EDGE_CURVE ( 'NONE', #1131, #198, #2423, .T. ) ;
#1494 = ADVANCED_FACE ( 'NONE', ( #2872 ), #2404, .F. ) ;
#1495 = AXIS2_PLACEMENT_3D ( 'NONE', #161, #1045, #1973 ) ;
#1496 = ORIENTED_EDGE ( 'NONE', *, *, #634, .F. ) ;
#1497 = LINE ( 'NONE', #2631, #924 ) ;
#1498 = AXIS2_PLACEMENT_3D ( 'NONE', #1346, #1118, #870 ) ;
#1499 = DIRECTION ( 'NONE',  ( -1.000000000000000000, 0.000000000000000000, 0.000000000000000000 ) ) ;
#1500 = EDGE_LOOP ( 'NONE', ( #1263, #2358, #731, #2089 ) ) ;
#1501 = AXIS2_PLACEMENT_3D ( 'NONE', #884, #2968, #2771 ) ;
#1502 = EDGE_LOOP ( 'NONE', ( #502, #2223, #798, #1897 ) ) ;
#1503 = EDGE_LOOP ( 'NONE', ( #939, #877 ) ) ;
#1504 = PLANE ( 'NONE',  #957 ) ;
#1505 = DIRECTION ( 'NONE',  ( 0.000000000000000000, 0.000000000000000000, -1.000000000000000000 ) ) ;
#1506 = ADVANCED_FACE ( 'NONE', ( #768 ), #274, .T. ) ;
#1507 = CARTESIAN_POINT ( 'NONE',  ( -51.00000000000000711, -3.000000000000000000, 25.04999999999999716 ) ) ;
#1508 = CIRCLE ( 'NONE', #138, 2.999999999999999112 ) ;
#1509 = CARTESIAN_POINT ( 'NONE',  ( 1.000000000000000000, -13.49999999999999289, -22.04999999999999716 ) ) ;
#1510 = AXIS2_PLACEMENT_3D ( 'NONE', #803, #1799, #2249 ) ;
#1511 = LINE ( 'NONE', #49, #2254 ) ;
#1512 = ORIENTED_EDGE ( 'NONE', *, *, #1100, .F. ) ;
#1513 = ORIENTED_EDGE ( 'NONE', *, *, #286, .F. ) ;
#1514 = ORIENTED_EDGE ( 'NONE', *, *, #2579, .T. ) ;
#1515 = LINE ( 'NONE', #1280, #714 ) ;
#1516 = FACE_OUTER_BOUND ( 'NONE', #2459, .T. ) ;
#1517 = ORIENTED_EDGE ( 'NONE', *, *, #944, .T. ) ;
#1518 = ORIENTED_EDGE ( 'NONE', *, *, #2579, .F. ) ;
#1519 = DIRECTION ( 'NONE',  ( -0.000000000000000000, -1.000000000000000000, -0.000000000000000000 ) ) ;
#1520 = LINE ( 'NONE', #1719, #906 ) ;
#1521 = EDGE_CURVE ( 'NONE', #523, #219, #292, .T. ) ;
#1522 = DIRECTION ( 'NONE',  ( 0.000000000000000000, 1.000000000000000000, 0.000000000000000000 ) ) ;
#1523 = DIRECTION ( 'NONE',  ( -1.000000000000000000, -2.713019355931374386E-63, 0.000000000000000000 ) ) ;
#1524 = EDGE_CURVE ( 'NONE', #2854, #2116, #1497, .T. ) ;
#1525 = DIRECTION ( 'NONE',  ( -0.000000000000000000, -0.000000000000000000, 1.000000000000000000 ) ) ;
#1526 = ORIENTED_EDGE ( 'NONE', *, *, #2302, .T. ) ;
#1527 = CARTESIAN_POINT ( 'NONE',  ( 1.000000000000000000, 0.000000000000000000, 0.000000000000000000 ) ) ;
#1528 = ORIENTED_EDGE ( 'NONE', *, *, #404, .T. ) ;
#1529 = EDGE_CURVE ( 'NONE', #2477, #1786, #2195, .T. ) ;
#1530 = LINE ( 'NONE', #2276, #627 ) ;
#1531 = EDGE_CURVE ( 'NONE', #2313, #2388, #2906, .T. ) ;
#1532 = DIRECTION ( 'NONE',  ( 0.000000000000000000, 0.000000000000000000, 1.000000000000000000 ) ) ;
#1533 = VERTEX_POINT ( 'NONE', #66 ) ;
#1534 = EDGE_LOOP ( 'NONE', ( #736, #2005, #1574, #291 ) ) ;
#1535 = EDGE_LOOP ( 'NONE', ( #848, #739, #1513, #955 ) ) ;
#1536 = LINE ( 'NONE', #2449, #2582 ) ;
#1537 = SURFACE_STYLE_FILL_AREA ( #2234 ) ;
#1538 = EDGE_CURVE ( 'NONE', #2333, #605, #2666, .T. ) ;
#1539 = DIRECTION ( 'NONE',  ( 0.000000000000000000, 1.000000000000000000, -0.000000000000000000 ) ) ;
#1540 = CARTESIAN_POINT ( 'NONE',  ( -25.00000000000000000, -2.999999999999999112, 22.04999999999999716 ) ) ;
#1541 = CARTESIAN_POINT ( 'NONE',  ( 28.99999999999998579, 0.000000000000000000, -12.49999999999999289 ) ) ;
#1542 = ORIENTED_EDGE ( 'NONE', *, *, #2959, .F. ) ;
#1543 = AXIS2_PLACEMENT_3D ( 'NONE', #1368, #444, #2314 ) ;
#1544 = CARTESIAN_POINT ( 'NONE',  ( 28.99999999999998224, 0.000000000000000000, 12.50000000000000000 ) ) ;
#1545 = EDGE_CURVE ( 'NONE', #1382, #2678, #733, .T. ) ;
#1546 = VERTEX_POINT ( 'NONE', #103 ) ;
#1547 = LINE ( 'NONE', #391, #2100 ) ;
#1548 = EDGE_CURVE ( 'NONE', #231, #1699, #1853, .T. ) ;
#1549 = FACE_OUTER_BOUND ( 'NONE', #2563, .T. ) ;
#1550 = VERTEX_POINT ( 'NONE', #1678 ) ;
#1551 = CARTESIAN_POINT ( 'NONE',  ( -1.000000000000000000, 0.000000000000000000, 30.00000000000000711 ) ) ;
#1552 = CARTESIAN_POINT ( 'NONE',  ( -28.99999999999998224, 4.000000000000000000, 12.50000000000000000 ) ) ;
#1553 = CARTESIAN_POINT ( 'NONE',  ( 53.00000000000000000, 0.000000000000000000, 22.04999999999999716 ) ) ;
#1554 = CYLINDRICAL_SURFACE ( 'NONE', #1498, 2.000000000000003553 ) ;
#1555 = VECTOR ( 'NONE', #510, 1000.000000000000000 ) ;
#1556 = DIRECTION ( 'NONE',  ( 0.000000000000000000, 0.000000000000000000, -1.000000000000000000 ) ) ;
#1557 = PLANE ( 'NONE',  #1086 ) ;
#1558 = VECTOR ( 'NONE', #2169, 1000.000000000000000 ) ;
#1559 = DIRECTION ( 'NONE',  ( -0.000000000000000000, -0.000000000000000000, 1.000000000000000000 ) ) ;
#1560 = ORIENTED_EDGE ( 'NONE', *, *, #3003, .F. ) ;
#1561 = APPLICATION_CONTEXT ( 'automotive_design' ) ;
#1562 = LINE ( 'NONE', #601, #2946 ) ;
#1563 = AXIS2_PLACEMENT_3D ( 'NONE', #1807, #2469, #2741 ) ;
#1564 = CARTESIAN_POINT ( 'NONE',  ( 59.00000000000003553, -2.999999999999996447, 22.04999999999999716 ) ) ;
#1565 = VECTOR ( 'NONE', #539, 1000.000000000000000 ) ;
#1566 = PLANE ( 'NONE',  #147 ) ;
#1567 = DIRECTION ( 'NONE',  ( 0.000000000000000000, 0.8616879873547979019, 0.5074384814422704393 ) ) ;
#1568 = EDGE_CURVE ( 'NONE', #1024, #2939, #2226, .T. ) ;
#1569 = CARTESIAN_POINT ( 'NONE',  ( 31.49999999999998579, -1.000000000000008216, -8.050000000000011369 ) ) ;
#1570 = CARTESIAN_POINT ( 'NONE',  ( -49.99999999999997158, 4.000000000000000000, 35.00000000000000711 ) ) ;
#1571 = CARTESIAN_POINT ( 'NONE',  ( 24.99999999999999645, -13.50000000000000000, 22.04999999999999716 ) ) ;
#1572 = DIRECTION ( 'NONE',  ( 0.000000000000000000, 1.000000000000000000, 2.891205793294678326E-16 ) ) ;
#1573 = CARTESIAN_POINT ( 'NONE',  ( 28.99999999999998579, 4.000000000000000000, -14.49999999999999645 ) ) ;
#1574 = ORIENTED_EDGE ( 'NONE', *, *, #461, .T. ) ;
#1575 = VECTOR ( 'NONE', #1075, 1000.000000000000000 ) ;
#1576 = EDGE_CURVE ( 'NONE', #2216, #1024, #1515, .T. ) ;
#1577 = LINE ( 'NONE', #1295, #1451 ) ;
#1578 = DIRECTION ( 'NONE',  ( -0.000000000000000000, -1.000000000000000000, -0.000000000000000000 ) ) ;
#1579 = CARTESIAN_POINT ( 'NONE',  ( -59.00000000000003553, -26.99999999999999289, -22.05000000000000426 ) ) ;
#1580 = CARTESIAN_POINT ( 'NONE',  ( 53.00000000000000000, -13.49999999999999289, -22.04999999999999716 ) ) ;
#1581 = FACE_OUTER_BOUND ( 'NONE', #305, .T. ) ;
#1582 = DIRECTION ( 'NONE',  ( 0.000000000000000000, 1.000000000000000000, -0.000000000000000000 ) ) ;
#1583 = EDGE_CURVE ( 'NONE', #1482, #2526, #2460, .T. ) ;
#1584 = LINE ( 'NONE', #2552, #1731 ) ;
#1585 = EDGE_CURVE ( 'NONE', #487, #1770, #2780, .T. ) ;
#1586 = LINE ( 'NONE', #1290, #1158 ) ;
#1587 = ORIENTED_EDGE ( 'NONE', *, *, #2973, .T. ) ;
#1588 = CARTESIAN_POINT ( 'NONE',  ( 51.00000000000000000, -3.000000000000000000, 25.04999999999999716 ) ) ;
#1589 = LINE ( 'NONE', #2519, #2549 ) ;
#1590 = EDGE_CURVE ( 'NONE', #2116, #1930, #1547, .T. ) ;
#1591 = CARTESIAN_POINT ( 'NONE',  ( 26.99999999999999645, -3.000000000000000888, 22.04999999999999716 ) ) ;
#1592 = LINE ( 'NONE', #2521, #2951 ) ;
#1593 = CARTESIAN_POINT ( 'NONE',  ( 1.630723402511559781E-30, -1.000000000000008216, -8.050000000000011369 ) ) ;
#1594 = ORIENTED_EDGE ( 'NONE', *, *, #1168, .F. ) ;
#1595 = VECTOR ( 'NONE', #1166, 1000.000000000000000 ) ;
#1596 = LINE ( 'NONE', #186, #2659 ) ;
#1597 = VECTOR ( 'NONE', #1139, 1000.000000000000000 ) ;
#1598 = CARTESIAN_POINT ( 'NONE',  ( 51.00000000000000000, 0.000000000000000000, 30.00000000000000711 ) ) ;
#1599 = ORIENTED_EDGE ( 'NONE', *, *, #1951, .F. ) ;
#1600 = CARTESIAN_POINT ( 'NONE',  ( 53.00000000000000000, 0.000000000000000000, 30.00000000000000711 ) ) ;
#1601 = CARTESIAN_POINT ( 'NONE',  ( 1.000000000000000000, -13.50000000000000000, 22.04999999999999716 ) ) ;
#1602 = CIRCLE ( 'NONE', #1809, 2.999999999999999112 ) ;
#1603 = VECTOR ( 'NONE', #2922, 1000.000000000000000 ) ;
#1604 = CARTESIAN_POINT ( 'NONE',  ( -27.00000000000000000, -2.035497451754345507E-15, -30.00000000000000711 ) ) ;
#1605 = DIRECTION ( 'NONE',  ( 0.000000000000000000, 0.000000000000000000, -1.000000000000000000 ) ) ;
#1606 = DIRECTION ( 'NONE',  ( 2.713019355931374386E-63, -1.000000000000000000, -2.891205793294679312E-16 ) ) ;
#1607 = CIRCLE ( 'NONE', #275, 2.000000000000003553 ) ;
#1608 = ORIENTED_EDGE ( 'NONE', *, *, #1576, .T. ) ;
#1609 = EDGE_CURVE ( 'NONE', #523, #220, #1577, .T. ) ;
#1610 = ORIENTED_EDGE ( 'NONE', *, *, #317, .T. ) ;
#1611 = DIRECTION ( 'NONE',  ( 0.000000000000000000, 0.000000000000000000, -1.000000000000000000 ) ) ;
#1612 = AXIS2_PLACEMENT_3D ( 'NONE', #2486, #200, #133 ) ;
#1613 = CARTESIAN_POINT ( 'NONE',  ( 59.00000000000003553, 8.870139336193439587E-15, -22.04999999999999716 ) ) ;
#1614 = CIRCLE ( 'NONE', #282, 2.999999999999999112 ) ;
#1615 = DIRECTION ( 'NONE',  ( 0.000000000000000000, 0.000000000000000000, -1.000000000000000000 ) ) ;
#1616 = EDGE_CURVE ( 'NONE', #1217, #2014, #1314, .T. ) ;
#1617 = CARTESIAN_POINT ( 'NONE',  ( 59.00000000000003553, -27.00000000000000000, 22.04999999999999716 ) ) ;
#1618 = AXIS2_PLACEMENT_3D ( 'NONE', #2953, #883, #1117 ) ;
#1619 = ORIENTED_EDGE ( 'NONE', *, *, #2331, .F. ) ;
#1620 = AXIS2_PLACEMENT_3D ( 'NONE', #794, #1274, #2221 ) ;
#1621 = EDGE_CURVE ( 'NONE', #2477, #998, #2262, .T. ) ;
#1622 = DIRECTION ( 'NONE',  ( 0.000000000000000000, -0.8616879873547979019, -0.5074384814422704393 ) ) ;
#1623 = PLANE ( 'NONE',  #1362 ) ;
#1624 = ORIENTED_EDGE ( 'NONE', *, *, #1294, .F. ) ;
#1625 = EDGE_LOOP ( 'NONE', ( #1250, #1736, #2859, #315 ) ) ;
#1626 = CARTESIAN_POINT ( 'NONE',  ( 49.49999999999997868, 4.000000000000000000, -23.53649170988226658 ) ) ;
#1627 = EDGE_CURVE ( 'NONE', #797, #2818, #2029, .T. ) ;
#1628 = EDGE_CURVE ( 'NONE', #3022, #188, #1051, .T. ) ;
#1629 = CARTESIAN_POINT ( 'NONE',  ( 49.99999999999998579, -3.000000000000000000, -25.04999999999999716 ) ) ;
#1630 = DIRECTION ( 'NONE',  ( 0.000000000000000000, 1.000000000000000000, -0.000000000000000000 ) ) ;
#1631 = CARTESIAN_POINT ( 'NONE',  ( -51.99999999999997868, 4.000000000000000000, 14.50000000000000711 ) ) ;
#1632 = EDGE_CURVE ( 'NONE', #2592, #2428, #2243, .T. ) ;
#1633 = VERTEX_POINT ( 'NONE', #1101 ) ;
#1634 = EDGE_CURVE ( 'NONE', #64, #2598, #1766, .T. ) ;
#1635 = CARTESIAN_POINT ( 'NONE',  ( -1.000000000000000000, 0.000000000000000000, 30.00000000000000711 ) ) ;
#1636 = CARTESIAN_POINT ( 'NONE',  ( -59.00000000000003553, -2.999999999999999112, -22.04999999999999716 ) ) ;
#1637 = ORIENTED_EDGE ( 'NONE', *, *, #1379, .F. ) ;
#1638 = VERTEX_POINT ( 'NONE', #2505 ) ;
#1639 = EDGE_CURVE ( 'NONE', #2573, #1048, #2499, .T. ) ;
#1640 = AXIS2_PLACEMENT_3D ( 'NONE', #728, #2171, #249 ) ;
#1641 = CIRCLE ( 'NONE', #1495, 2.000000000000003553 ) ;
#1642 = CARTESIAN_POINT ( 'NONE',  ( -28.99999999999998579, 4.000000000000000000, -14.49999999999999645 ) ) ;
#1643 = DIRECTION ( 'NONE',  ( 0.000000000000000000, 0.000000000000000000, 1.000000000000000000 ) ) ;
#1644 = LINE ( 'NONE', #2568, #2585 ) ;
#1645 = ORIENTED_EDGE ( 'NONE', *, *, #2302, .F. ) ;
#1646 = CYLINDRICAL_SURFACE ( 'NONE', #2597, 2.000000000000003553 ) ;
#1647 = CARTESIAN_POINT ( 'NONE',  ( -51.99999999999997868, 4.000000000000000000, 16.50000000000001066 ) ) ;
#1648 = VERTEX_POINT ( 'NONE', #603 ) ;
#1649 = ADVANCED_FACE ( 'NONE', ( #373 ), #2683, .T. ) ;
#1650 = VERTEX_POINT ( 'NONE', #1992 ) ;
#1651 = VECTOR ( 'NONE', #594, 1000.000000000000000 ) ;
#1652 = ORIENTED_EDGE ( 'NONE', *, *, #301, .F. ) ;
#1653 = ORIENTED_EDGE ( 'NONE', *, *, #1538, .F. ) ;
#1654 = VECTOR ( 'NONE', #2037, 1000.000000000000000 ) ;
#1655 = VECTOR ( 'NONE', #2070, 1000.000000000000114 ) ;
#1656 = CARTESIAN_POINT ( 'NONE',  ( 59.00000000000003553, -3.000000000000000888, -22.04999999999999716 ) ) ;
#1657 = DIRECTION ( 'NONE',  ( 0.000000000000000000, 1.000000000000000000, 0.000000000000000000 ) ) ;
#1658 = DIRECTION ( 'NONE',  ( 0.000000000000000000, 0.000000000000000000, -1.000000000000000000 ) ) ;
#1659 = CARTESIAN_POINT ( 'NONE',  ( -59.00000000000003553, -27.00000000000000000, 20.04999999999999716 ) ) ;
#1660 = ORIENTED_EDGE ( 'NONE', *, *, #2704, .F. ) ;
#1661 = EDGE_CURVE ( 'NONE', #1648, #1363, #2964, .T. ) ;
#1662 = ORIENTED_EDGE ( 'NONE', *, *, #902, .T. ) ;
#1663 = CARTESIAN_POINT ( 'NONE',  ( -51.99999999999997868, 0.000000000000000000, 14.50000000000000711 ) ) ;
#1664 = CARTESIAN_POINT ( 'NONE',  ( -1.000000000000000000, 0.000000000000000000, 0.000000000000000000 ) ) ;
#1665 = ORIENTED_EDGE ( 'NONE', *, *, #2834, .F. ) ;
#1666 = EDGE_LOOP ( 'NONE', ( #754, #279, #2347, #2894 ) ) ;
#1667 = VECTOR ( 'NONE', #1622, 1000.000000000000114 ) ;
#1668 = VERTEX_POINT ( 'NONE', #344 ) ;
#1669 = ORIENTED_EDGE ( 'NONE', *, *, #1661, .F. ) ;
#1670 = DIRECTION ( 'NONE',  ( 0.000000000000000000, 0.000000000000000000, -1.000000000000000000 ) ) ;
#1671 = EDGE_CURVE ( 'NONE', #280, #298, #2728, .T. ) ;
#1672 = DIRECTION ( 'NONE',  ( -0.000000000000000000, -1.000000000000000000, -0.000000000000000000 ) ) ;
#1673 = DIRECTION ( 'NONE',  ( -0.000000000000000000, 2.891205793294679312E-16, -1.000000000000000000 ) ) ;
#1674 = DIRECTION ( 'NONE',  ( 0.000000000000000000, 0.000000000000000000, -1.000000000000000000 ) ) ;
#1675 = VECTOR ( 'NONE', #1657, 1000.000000000000000 ) ;
#1676 = ORIENTED_EDGE ( 'NONE', *, *, #2503, .T. ) ;
#1677 = ORIENTED_EDGE ( 'NONE', *, *, #2936, .T. ) ;
#1678 = CARTESIAN_POINT ( 'NONE',  ( -1.000000000000000000, -4.009904872681041752E-16, -25.04999999999999716 ) ) ;
#1679 = CARTESIAN_POINT ( 'NONE',  ( -49.99999999999998579, 4.000000000000000000, 25.00000000000002842 ) ) ;
#1680 = EDGE_CURVE ( 'NONE', #2889, #2388, #2518, .T. ) ;
#1681 = ORIENTED_EDGE ( 'NONE', *, *, #880, .F. ) ;
#1682 = ORIENTED_EDGE ( 'NONE', *, *, #2350, .F. ) ;
#1683 = ORIENTED_EDGE ( 'NONE', *, *, #1848, .F. ) ;
#1684 = VERTEX_POINT ( 'NONE', #1331 ) ;
#1685 = DIRECTION ( 'NONE',  ( 1.000000000000000000, 0.000000000000000000, -0.000000000000000000 ) ) ;
#1686 = AXIS2_PLACEMENT_3D ( 'NONE', #2851, #712, #2577 ) ;
#1687 = FACE_OUTER_BOUND ( 'NONE', #537, .T. ) ;
#1688 = LINE ( 'NONE', #1935, #113 ) ;
#1689 = DIRECTION ( 'NONE',  ( -1.000000000000000000, 0.000000000000000000, -0.000000000000000000 ) ) ;
#1690 = DIRECTION ( 'NONE',  ( -0.000000000000000000, 0.5074384814422707723, 0.8616879873547979019 ) ) ;
#1691 = CARTESIAN_POINT ( 'NONE',  ( -53.00000000000000000, -3.110538646579100445E-15, 25.04999999999999716 ) ) ;
#1692 = CIRCLE ( 'NONE', #863, 2.000000000000003553 ) ;
#1693 = ORIENTED_EDGE ( 'NONE', *, *, #511, .T. ) ;
#1694 = CARTESIAN_POINT ( 'NONE',  ( 60.00000000000000000, 4.000000000000000000, 25.00000000000001421 ) ) ;
#1695 = DIRECTION ( 'NONE',  ( 1.000000000000000000, -0.000000000000000000, 0.000000000000000000 ) ) ;
#1696 = EDGE_LOOP ( 'NONE', ( #2685, #1444, #1526, #1300 ) ) ;
#1697 = ORIENTED_EDGE ( 'NONE', *, *, #756, .F. ) ;
#1698 = ORIENTED_EDGE ( 'NONE', *, *, #421, .F. ) ;
#1699 = VERTEX_POINT ( 'NONE', #402 ) ;
#1700 = CARTESIAN_POINT ( 'NONE',  ( 54.99999999999999289, 4.000000000000000000, -35.00000000000001421 ) ) ;
#1701 = VECTOR ( 'NONE', #859, 1000.000000000000114 ) ;
#1702 = EDGE_CURVE ( 'NONE', #1546, #2477, #1530, .T. ) ;
#1703 = AXIS2_PLACEMENT_3D ( 'NONE', #716, #2768, #662 ) ;
#1704 = CARTESIAN_POINT ( 'NONE',  ( 28.99999999999998224, 4.000000000000000000, 16.50000000000000711 ) ) ;
#1705 = FACE_OUTER_BOUND ( 'NONE', #1446, .T. ) ;
#1706 = DIRECTION ( 'NONE',  ( -0.000000000000000000, -1.000000000000000000, -0.000000000000000000 ) ) ;
#1707 = DIRECTION ( 'NONE',  ( 0.000000000000000000, 0.000000000000000000, 1.000000000000000000 ) ) ;
#1708 = EDGE_LOOP ( 'NONE', ( #2669, #369 ) ) ;
#1709 = EDGE_LOOP ( 'NONE', ( #1752, #2617, #2893, #2189, #86, #2194, #247, #1715, #2548, #2382, #2166, #462, #334, #2372, #121, #579, #492, #2167, #1653, #592, #34, #2163, #91, #2550 ) ) ;
#1710 = PLANE ( 'NONE',  #2999 ) ;
#1711 = AXIS2_PLACEMENT_3D ( 'NONE', #1136, #1630, #1615 ) ;
#1712 = DIRECTION ( 'NONE',  ( 0.000000000000000000, 0.000000000000000000, -1.000000000000000000 ) ) ;
#1713 = ORIENTED_EDGE ( 'NONE', *, *, #3003, .T. ) ;
#1714 = ORIENTED_EDGE ( 'NONE', *, *, #2515, .T. ) ;
#1715 = ORIENTED_EDGE ( 'NONE', *, *, #1755, .T. ) ;
#1716 = EDGE_CURVE ( 'NONE', #470, #1945, #2290, .T. ) ;
#1717 = VERTEX_POINT ( 'NONE', #2753 ) ;
#1718 = ORIENTED_EDGE ( 'NONE', *, *, #1388, .F. ) ;
#1719 = CARTESIAN_POINT ( 'NONE',  ( -59.99999999999998579, 4.000000000000000000, 25.00000000000003197 ) ) ;
#1720 = AXIS2_PLACEMENT_3D ( 'NONE', #930, #2263, #2337 ) ;
#1721 = CIRCLE ( 'NONE', #1030, 5.000000000000000888 ) ;
#1722 = DIRECTION ( 'NONE',  ( 2.713019355931374386E-63, -1.000000000000000000, -2.891205793294679312E-16 ) ) ;
#1723 = LINE ( 'NONE', #2453, #1106 ) ;
#1724 = EDGE_CURVE ( 'NONE', #524, #1968, #669, .T. ) ;
#1725 = EDGE_CURVE ( 'NONE', #1898, #2583, #3031, .T. ) ;
#1726 = FACE_OUTER_BOUND ( 'NONE', #1066, .T. ) ;
#1727 = ORIENTED_EDGE ( 'NONE', *, *, #1475, .T. ) ;
#1728 = CARTESIAN_POINT ( 'NONE',  ( 59.00000000000003553, -26.99999999999999289, -22.05000000000000426 ) ) ;
#1729 = ORIENTED_EDGE ( 'NONE', *, *, #301, .T. ) ;
#1730 = ORIENTED_EDGE ( 'NONE', *, *, #1294, .T. ) ;
#1731 = VECTOR ( 'NONE', #643, 1000.000000000000000 ) ;
#1732 = DIRECTION ( 'NONE',  ( 1.000000000000000000, -0.000000000000000000, 0.000000000000000000 ) ) ;
#1733 = EDGE_CURVE ( 'NONE', #1180, #43, #517, .T. ) ;
#1734 = DIRECTION ( 'NONE',  ( 0.000000000000000000, 1.000000000000000000, 0.000000000000000000 ) ) ;
#1735 = ORIENTED_EDGE ( 'NONE', *, *, #1927, .F. ) ;
#1736 = ORIENTED_EDGE ( 'NONE', *, *, #2948, .T. ) ;
#1737 = ORIENTED_EDGE ( 'NONE', *, *, #2713, .F. ) ;
#1738 = CARTESIAN_POINT ( 'NONE',  ( -55.00000000000000000, 4.000000000000000000, -35.00000000000000000 ) ) ;
#1739 = EDGE_CURVE ( 'NONE', #2559, #605, #1644, .T. ) ;
#1740 = LINE ( 'NONE', #1954, #2736 ) ;
#1741 = DIRECTION ( 'NONE',  ( -0.000000000000000000, -1.000000000000000000, -0.000000000000000000 ) ) ;
#1742 = DIRECTION ( 'NONE',  ( 0.000000000000000000, 0.000000000000000000, -1.000000000000000000 ) ) ;
#1743 = EDGE_LOOP ( 'NONE', ( #587, #1277, #2652, #679 ) ) ;
#1744 = DIRECTION ( 'NONE',  ( 0.000000000000000000, 0.000000000000000000, -1.000000000000000000 ) ) ;
#1745 = ORIENTED_EDGE ( 'NONE', *, *, #461, .F. ) ;
#1746 = DIRECTION ( 'NONE',  ( -1.000000000000000000, 0.000000000000000000, -0.000000000000000000 ) ) ;
#1747 = VECTOR ( 'NONE', #703, 1000.000000000000000 ) ;
#1748 = DIRECTION ( 'NONE',  ( 0.000000000000000000, 1.000000000000000000, 0.000000000000000000 ) ) ;
#1749 = ORIENTED_EDGE ( 'NONE', *, *, #2996, .F. ) ;
#1750 = VECTOR ( 'NONE', #1025, 1000.000000000000000 ) ;
#1751 = ORIENTED_EDGE ( 'NONE', *, *, #2164, .T. ) ;
#1752 = ORIENTED_EDGE ( 'NONE', *, *, #2957, .T. ) ;
#1753 = SHAPE_DEFINITION_REPRESENTATION ( #478, #637 ) ;
#1754 = CARTESIAN_POINT ( 'NONE',  ( -59.00000000000003553, 0.000000000000000000, -25.04999999999999716 ) ) ;
#1755 = EDGE_CURVE ( 'NONE', #1945, #556, #1834, .T. ) ;
#1756 = DIRECTION ( 'NONE',  ( 1.000000000000000000, 0.000000000000000000, -0.000000000000000000 ) ) ;
#1757 = VECTOR ( 'NONE', #1919, 1000.000000000000000 ) ;
#1758 = DIRECTION ( 'NONE',  ( -0.000000000000000000, -0.000000000000000000, 1.000000000000000000 ) ) ;
#1759 = AXIS2_PLACEMENT_3D ( 'NONE', #2785, #1372, #1359 ) ;
#1760 = EDGE_CURVE ( 'NONE', #1898, #719, #456, .T. ) ;
#1761 = LINE ( 'NONE', #1936, #1067 ) ;
#1762 = ORIENTED_EDGE ( 'NONE', *, *, #1888, .F. ) ;
#1763 = LINE ( 'NONE', #2258, #2700 ) ;
#1764 = VECTOR ( 'NONE', #1734, 1000.000000000000000 ) ;
#1765 = ORIENTED_EDGE ( 'NONE', *, *, #1262, .F. ) ;
#1766 = LINE ( 'NONE', #2743, #2390 ) ;
#1767 = CARTESIAN_POINT ( 'NONE',  ( -1.000000000000000000, 0.000000000000000000, 0.000000000000000000 ) ) ;
#1768 = ORIENTED_EDGE ( 'NONE', *, *, #697, .F. ) ;
#1769 = ORIENTED_EDGE ( 'NONE', *, *, #3035, .F. ) ;
#1770 = VERTEX_POINT ( 'NONE', #414 ) ;
#1771 = LINE ( 'NONE', #1569, #1330 ) ;
#1772 = CARTESIAN_POINT ( 'NONE',  ( 49.99999999999998579, -3.000000000000000000, -25.04999999999999716 ) ) ;
#1773 = EDGE_CURVE ( 'NONE', #343, #1928, #1069, .T. ) ;
#1774 = VECTOR ( 'NONE', #749, 1000.000000000000000 ) ;
#1775 = FACE_OUTER_BOUND ( 'NONE', #2176, .T. ) ;
#1776 = EDGE_CURVE ( 'NONE', #2598, #2199, #2527, .T. ) ;
#1777 = LINE ( 'NONE', #599, #2779 ) ;
#1778 = ORIENTED_EDGE ( 'NONE', *, *, #2566, .T. ) ;
#1779 = PLANE ( 'NONE',  #46 ) ;
#1780 = ORIENTED_EDGE ( 'NONE', *, *, #2272, .T. ) ;
#1781 = DIRECTION ( 'NONE',  ( 0.000000000000000000, -0.8616879873547979019, -0.5074384814422704393 ) ) ;
#1782 = CARTESIAN_POINT ( 'NONE',  ( 59.00000000000003553, -26.99999999999999645, -20.05000000000000426 ) ) ;
#1783 = ORIENTED_EDGE ( 'NONE', *, *, #1303, .F. ) ;
#1784 = LINE ( 'NONE', #1318, #1461 ) ;
#1785 = ORIENTED_EDGE ( 'NONE', *, *, #1524, .F. ) ;
#1786 = VERTEX_POINT ( 'NONE', #1408 ) ;
#1787 = CARTESIAN_POINT ( 'NONE',  ( 49.49999999999997868, 4.000000000000000000, -23.53649170988226658 ) ) ;
#1788 = FACE_OUTER_BOUND ( 'NONE', #933, .T. ) ;
#1789 = LINE ( 'NONE', #2721, #1397 ) ;
#1790 = FACE_OUTER_BOUND ( 'NONE', #1194, .T. ) ;
#1791 = LINE ( 'NONE', #861, #713 ) ;
#1792 = ORIENTED_EDGE ( 'NONE', *, *, #1960, .F. ) ;
#1793 = ADVANCED_FACE ( 'NONE', ( #1356 ), #230, .T. ) ;
#1794 = DIRECTION ( 'NONE',  ( -1.000000000000000000, 0.000000000000000000, 0.000000000000000000 ) ) ;
#1795 = ORIENTED_EDGE ( 'NONE', *, *, #1725, .F. ) ;
#1796 = DIRECTION ( 'NONE',  ( -1.000000000000000000, 2.138211768073756031E-47, -7.395570986446983486E-32 ) ) ;
#1797 = LINE ( 'NONE', #591, #2010 ) ;
#1798 = CARTESIAN_POINT ( 'NONE',  ( 26.99999999999999645, 0.000000000000000000, 30.00000000000000711 ) ) ;
#1799 = DIRECTION ( 'NONE',  ( -0.000000000000000000, -1.000000000000000000, -0.000000000000000000 ) ) ;
#1800 = DIRECTION ( 'NONE',  ( 0.000000000000000000, 0.000000000000000000, -1.000000000000000000 ) ) ;
#1801 = FACE_OUTER_BOUND ( 'NONE', #723, .T. ) ;
#1802 = AXIS2_PLACEMENT_3D ( 'NONE', #63, #486, #782 ) ;
#1803 = DIRECTION ( 'NONE',  ( 0.000000000000000000, 0.000000000000000000, -1.000000000000000000 ) ) ;
#1804 = DIRECTION ( 'NONE',  ( 1.000000000000000000, -0.000000000000000000, 0.000000000000000000 ) ) ;
#1805 = EDGE_CURVE ( 'NONE', #102, #2323, #1164, .T. ) ;
#1806 = AXIS2_PLACEMENT_3D ( 'NONE', #642, #1347, #144 ) ;
#1807 = CARTESIAN_POINT ( 'NONE',  ( 59.00000000000003553, -27.00000000000000355, -3.306546357697854128E-15 ) ) ;
#1808 = VERTEX_POINT ( 'NONE', #3004 ) ;
#1809 = AXIS2_PLACEMENT_3D ( 'NONE', #2419, #1957, #2626 ) ;
#1810 = DIRECTION ( 'NONE',  ( 0.000000000000000000, 1.600760428215984159E-17, 1.000000000000000000 ) ) ;
#1811 = AXIS2_PLACEMENT_3D ( 'NONE', #1137, #430, #689 ) ;
#1812 = CARTESIAN_POINT ( 'NONE',  ( -28.99999999999998224, 0.000000000000000000, 12.50000000000000000 ) ) ;
#1813 = DIRECTION ( 'NONE',  ( 0.000000000000000000, 1.600760428215984159E-17, 1.000000000000000000 ) ) ;
#1814 = DIRECTION ( 'NONE',  ( 0.000000000000000000, -3.208892060450448637E-15, 1.000000000000000000 ) ) ;
#1815 = DIRECTION ( 'NONE',  ( 0.000000000000000000, 0.000000000000000000, -1.000000000000000000 ) ) ;
#1816 = ADVANCED_FACE ( 'NONE', ( #892 ), #2765, .F. ) ;
#1817 = CARTESIAN_POINT ( 'NONE',  ( 49.99999999999998579, 0.000000000000000000, 25.00000000000001421 ) ) ;
#1818 = DIRECTION ( 'NONE',  ( -1.000000000000000000, -0.000000000000000000, -0.000000000000000000 ) ) ;
#1819 = LINE ( 'NONE', #2025, #516 ) ;
#1820 = ORIENTED_EDGE ( 'NONE', *, *, #93, .F. ) ;
#1821 = ADVANCED_FACE ( 'NONE', ( #445 ), #1849, .T. ) ;
#1822 = VECTOR ( 'NONE', #1383, 1000.000000000000000 ) ;
#1823 = LINE ( 'NONE', #1617, #423 ) ;
#1824 = FACE_OUTER_BOUND ( 'NONE', #2591, .T. ) ;
#1825 = PLANE ( 'NONE',  #1703 ) ;
#1826 = CARTESIAN_POINT ( 'NONE',  ( -28.99999999999998224, 0.000000000000000000, 14.50000000000000355 ) ) ;
#1827 = LINE ( 'NONE', #1105, #2676 ) ;
#1828 = ORIENTED_EDGE ( 'NONE', *, *, #484, .F. ) ;
#1829 = LINE ( 'NONE', #2998, #1651 ) ;
#1830 = AXIS2_PLACEMENT_3D ( 'NONE', #1010, #2808, #1643 ) ;
#1831 = CARTESIAN_POINT ( 'NONE',  ( -60.00000000000000000, 4.000000000000000000, 25.00000000000002842 ) ) ;
#1832 = DIRECTION ( 'NONE',  ( 0.000000000000000000, 1.000000000000000000, -0.000000000000000000 ) ) ;
#1833 = ORIENTED_EDGE ( 'NONE', *, *, #324, .F. ) ;
#1834 = LINE ( 'NONE', #2351, #1261 ) ;
#1835 = DIRECTION ( 'NONE',  ( 1.000000000000000000, -0.000000000000000000, 0.000000000000000000 ) ) ;
#1836 = EDGE_CURVE ( 'NONE', #2426, #1930, #1370, .T. ) ;
#1837 = CARTESIAN_POINT ( 'NONE',  ( 26.99999999999999645, -4.802281284647955806E-16, -30.00000000000000711 ) ) ;
#1838 = CARTESIAN_POINT ( 'NONE',  ( 31.49999999999998579, -1.000000000000004219, -22.04999999999999716 ) ) ;
#1839 = DIRECTION ( 'NONE',  ( -0.000000000000000000, -1.000000000000000000, -0.000000000000000000 ) ) ;
#1840 = ORIENTED_EDGE ( 'NONE', *, *, #2079, .T. ) ;
#1841 = EDGE_CURVE ( 'NONE', #1415, #1893, #382, .T. ) ;
#1842 = CARTESIAN_POINT ( 'NONE',  ( 24.99999999999999645, -4.001901070539964651E-16, -25.00000000000001421 ) ) ;
#1843 = CIRCLE ( 'NONE', #1940, 2.000000000000003553 ) ;
#1844 = CYLINDRICAL_SURFACE ( 'NONE', #183, 2.000000000000003553 ) ;
#1845 = EDGE_LOOP ( 'NONE', ( #452, #420, #824, #1737 ) ) ;
#1846 = DIRECTION ( 'NONE',  ( -0.000000000000000000, -1.000000000000000000, -0.000000000000000000 ) ) ;
#1847 = EDGE_CURVE ( 'NONE', #363, #2526, #469, .T. ) ;
#1848 = EDGE_CURVE ( 'NONE', #1353, #1490, #1823, .T. ) ;
#1849 = PLANE ( 'NONE',  #333 ) ;
#1850 = VECTOR ( 'NONE', #2622, 1000.000000000000000 ) ;
#1851 = ORIENTED_EDGE ( 'NONE', *, *, #2625, .F. ) ;
#1852 = AXIS2_PLACEMENT_3D ( 'NONE', #2208, #2867, #996 ) ;
#1853 = CIRCLE ( 'NONE', #2740, 2.000000000000003553 ) ;
#1854 = DIRECTION ( 'NONE',  ( -0.000000000000000000, 0.8616879873547977908, -0.5074384814422706613 ) ) ;
#1855 = DIRECTION ( 'NONE',  ( 0.000000000000000000, 0.000000000000000000, 1.000000000000000000 ) ) ;
#1856 = ADVANCED_FACE ( 'NONE', ( #215 ), #1149, .F. ) ;
#1857 = AXIS2_PLACEMENT_3D ( 'NONE', #85, #1281, #2385 ) ;
#1858 = ORIENTED_EDGE ( 'NONE', *, *, #805, .T. ) ;
#1859 = ORIENTED_EDGE ( 'NONE', *, *, #2260, .T. ) ;
#1860 = DIRECTION ( 'NONE',  ( 0.000000000000000000, 0.000000000000000000, 1.000000000000000000 ) ) ;
#1861 = EDGE_CURVE ( 'NONE', #1717, #2215, #2611, .T. ) ;
#1862 = FACE_OUTER_BOUND ( 'NONE', #322, .T. ) ;
#1863 = AXIS2_PLACEMENT_3D ( 'NONE', #190, #2975, #1125 ) ;
#1864 = FACE_OUTER_BOUND ( 'NONE', #1535, .T. ) ;
#1865 = EDGE_CURVE ( 'NONE', #1989, #2200, #1692, .T. ) ;
#1866 = DIRECTION ( 'NONE',  ( 0.000000000000000000, 1.000000000000000000, 0.000000000000000000 ) ) ;
#1867 = VECTOR ( 'NONE', #984, 1000.000000000000000 ) ;
#1868 = EDGE_LOOP ( 'NONE', ( #602, #1961 ) ) ;
#1869 = EDGE_CURVE ( 'NONE', #343, #2811, #79, .T. ) ;
#1870 = FACE_BOUND ( 'NONE', #2588, .T. ) ;
#1871 = CYLINDRICAL_SURFACE ( 'NONE', #2529, 2.999999999999999112 ) ;
#1872 = ORIENTED_EDGE ( 'NONE', *, *, #214, .F. ) ;
#1873 = ORIENTED_EDGE ( 'NONE', *, *, #2092, .F. ) ;
#1874 = DIRECTION ( 'NONE',  ( -0.000000000000000000, -1.000000000000000000, -0.000000000000000000 ) ) ;
#1875 = CIRCLE ( 'NONE', #549, 2.000000000000003553 ) ;
#1876 = CARTESIAN_POINT ( 'NONE',  ( -25.00000000000000000, -2.035497451754345507E-15, -30.00000000000000711 ) ) ;
#1877 = DIRECTION ( 'NONE',  ( 0.000000000000000000, 0.000000000000000000, -1.000000000000000000 ) ) ;
#1878 = CARTESIAN_POINT ( 'NONE',  ( 59.00000000000003553, -3.000000000000000000, 22.04999999999999716 ) ) ;
#1879 = ADVANCED_FACE ( 'NONE', ( #1959 ), #1456, .F. ) ;
#1880 = ORIENTED_EDGE ( 'NONE', *, *, #2186, .F. ) ;
#1881 = DIRECTION ( 'NONE',  ( -1.000000000000000000, -0.000000000000000000, -0.000000000000000000 ) ) ;
#1882 = DIRECTION ( 'NONE',  ( 0.000000000000000000, 0.8616879873547979019, 0.5074384814422704393 ) ) ;
#1883 = VERTEX_POINT ( 'NONE', #2853 ) ;
#1884 = ORIENTED_EDGE ( 'NONE', *, *, #2088, .T. ) ;
#1885 = ORIENTED_EDGE ( 'NONE', *, *, #1393, .T. ) ;
#1886 = AXIS2_PLACEMENT_3D ( 'NONE', #1411, #233, #3021 ) ;
#1887 = CARTESIAN_POINT ( 'NONE',  ( 1.000000000000000000, -13.49999999999999289, -22.04999999999999716 ) ) ;
#1888 = EDGE_CURVE ( 'NONE', #1684, #1235, #2976, .T. ) ;
#1889 = VECTOR ( 'NONE', #1839, 1000.000000000000000 ) ;
#1890 = DIRECTION ( 'NONE',  ( 0.000000000000000000, 0.000000000000000000, -1.000000000000000000 ) ) ;
#1891 = CARTESIAN_POINT ( 'NONE',  ( 1.630723402511559781E-30, -1.000000000000004219, -22.04999999999999716 ) ) ;
#1892 = EDGE_LOOP ( 'NONE', ( #495, #3002, #508, #2211 ) ) ;
#1893 = VERTEX_POINT ( 'NONE', #1420 ) ;
#1894 = DIRECTION ( 'NONE',  ( 0.000000000000000000, 1.000000000000000000, -0.000000000000000000 ) ) ;
#1895 = VECTOR ( 'NONE', #454, 1000.000000000000000 ) ;
#1896 = DIRECTION ( 'NONE',  ( 0.000000000000000000, 1.000000000000000000, -0.000000000000000000 ) ) ;
#1897 = ORIENTED_EDGE ( 'NONE', *, *, #159, .T. ) ;
#1898 = VERTEX_POINT ( 'NONE', #2838 ) ;
#1899 = AXIS2_PLACEMENT_3D ( 'NONE', #1042, #1320, #2928 ) ;
#1900 = EDGE_CURVE ( 'NONE', #2678, #1217, #717, .T. ) ;
#1901 = ORIENTED_EDGE ( 'NONE', *, *, #1548, .F. ) ;
#1902 = ADVANCED_FACE ( 'NONE', ( #730 ), #2379, .F. ) ;
#1903 = ORIENTED_EDGE ( 'NONE', *, *, #1609, .F. ) ;
#1904 = CARTESIAN_POINT ( 'NONE',  ( -31.49999999999997868, 4.000000000000000000, -23.53649170988226658 ) ) ;
#1905 = CARTESIAN_POINT ( 'NONE',  ( 51.99999999999997868, 4.000000000000000000, 12.50000000000000355 ) ) ;
#1906 = EDGE_CURVE ( 'NONE', #1415, #487, #269, .T. ) ;
#1907 = DIRECTION ( 'NONE',  ( -1.000000000000000000, -0.000000000000000000, -0.000000000000000000 ) ) ;
#1908 = DIRECTION ( 'NONE',  ( 0.000000000000000000, -1.000000000000000000, -2.891205793294678819E-16 ) ) ;
#1909 = ORIENTED_EDGE ( 'NONE', *, *, #1262, .T. ) ;
#1910 = VECTOR ( 'NONE', #2710, 1000.000000000000000 ) ;
#1911 = ORIENTED_EDGE ( 'NONE', *, *, #1355, .T. ) ;
#1912 = DIRECTION ( 'NONE',  ( 0.000000000000000000, -0.8616879873547979019, -0.5074384814422704393 ) ) ;
#1913 = DIRECTION ( 'NONE',  ( 0.000000000000000000, 1.000000000000000000, -0.000000000000000000 ) ) ;
#1914 = VERTEX_POINT ( 'NONE', #2122 ) ;
#1915 = ORIENTED_EDGE ( 'NONE', *, *, #1095, .T. ) ;
#1916 = ORIENTED_EDGE ( 'NONE', *, *, #633, .T. ) ;
#1917 = ORIENTED_EDGE ( 'NONE', *, *, #672, .F. ) ;
#1918 = DIRECTION ( 'NONE',  ( 0.000000000000000000, 1.000000000000000000, 2.943455329680062335E-16 ) ) ;
#1919 = DIRECTION ( 'NONE',  ( 1.000000000000000000, 0.000000000000000000, 0.000000000000000000 ) ) ;
#1920 = FACE_OUTER_BOUND ( 'NONE', #1666, .T. ) ;
#1921 = PLANE ( 'NONE',  #87 ) ;
#1922 = PLANE ( 'NONE',  #1304 ) ;
#1923 = ORIENTED_EDGE ( 'NONE', *, *, #2762, .T. ) ;
#1924 = ORIENTED_EDGE ( 'NONE', *, *, #1037, .T. ) ;
#1925 = CARTESIAN_POINT ( 'NONE',  ( 26.99999999999999645, 0.000000000000000000, 0.000000000000000000 ) ) ;
#1926 = DIRECTION ( 'NONE',  ( 0.000000000000000000, 1.600760428215985392E-17, 1.000000000000000000 ) ) ;
#1927 = EDGE_CURVE ( 'NONE', #2216, #163, #2156, .T. ) ;
#1928 = VERTEX_POINT ( 'NONE', #536 ) ;
#1929 = ORIENTED_EDGE ( 'NONE', *, *, #1627, .F. ) ;
#1930 = VERTEX_POINT ( 'NONE', #2364 ) ;
#1931 = ORIENTED_EDGE ( 'NONE', *, *, #2948, .F. ) ;
#1932 = DIRECTION ( 'NONE',  ( 1.000000000000000000, -0.000000000000000000, 0.000000000000000000 ) ) ;
#1933 = VECTOR ( 'NONE', #1672, 1000.000000000000000 ) ;
#1934 = CARTESIAN_POINT ( 'NONE',  ( -51.00000000000000000, -3.110538646579100445E-15, 30.00000000000000711 ) ) ;
#1935 = CARTESIAN_POINT ( 'NONE',  ( 24.99999999999999645, -4.802281284647955806E-16, -30.00000000000000711 ) ) ;
#1936 = CARTESIAN_POINT ( 'NONE',  ( 31.49999999999997868, 4.000000000000000000, -23.53649170988226658 ) ) ;
#1937 = CARTESIAN_POINT ( 'NONE',  ( 51.99999999999997868, 4.000000000000000000, 14.50000000000000711 ) ) ;
#1938 = ADVANCED_FACE ( 'NONE', ( #2596 ), #1922, .F. ) ;
#1939 = EDGE_LOOP ( 'NONE', ( #6, #474, #2696, #2422 ) ) ;
#1940 = AXIS2_PLACEMENT_3D ( 'NONE', #2415, #299, #110 ) ;
#1941 = VERTEX_POINT ( 'NONE', #1659 ) ;
#1942 = FACE_BOUND ( 'NONE', #2997, .T. ) ;
#1943 = CARTESIAN_POINT ( 'NONE',  ( -54.99999999999999289, 4.000000000000000000, -35.00000000000001421 ) ) ;
#1944 = ORIENTED_EDGE ( 'NONE', *, *, #1900, .F. ) ;
#1945 = VERTEX_POINT ( 'NONE', #1014 ) ;
#1946 = ORIENTED_EDGE ( 'NONE', *, *, #1100, .T. ) ;
#1947 = VERTEX_POINT ( 'NONE', #2663 ) ;
#1948 = AXIS2_PLACEMENT_3D ( 'NONE', #2205, #1722, #95 ) ;
#1949 = LINE ( 'NONE', #1485, #1148 ) ;
#1950 = EDGE_CURVE ( 'NONE', #2526, #208, #2173, .T. ) ;
#1951 = EDGE_CURVE ( 'NONE', #1048, #1633, #1474, .T. ) ;
#1952 = AXIS2_PLACEMENT_3D ( 'NONE', #1573, #1061, #1121 ) ;
#1953 = VECTOR ( 'NONE', #590, 1000.000000000000000 ) ;
#1954 = CARTESIAN_POINT ( 'NONE',  ( -1.000000000000000000, -4.001901070539964651E-16, -25.00000000000001421 ) ) ;
#1955 = DIRECTION ( 'NONE',  ( 0.000000000000000000, 0.8616879873547979019, 0.5074384814422704393 ) ) ;
#1956 = ADVANCED_FACE ( 'NONE', ( #1186, #515, #304 ), #32, .F. ) ;
#1957 = DIRECTION ( 'NONE',  ( -1.000000000000000000, 0.000000000000000000, 0.000000000000000000 ) ) ;
#1958 = ORIENTED_EDGE ( 'NONE', *, *, #969, .F. ) ;
#1959 = FACE_OUTER_BOUND ( 'NONE', #970, .T. ) ;
#1960 = EDGE_CURVE ( 'NONE', #1914, #2482, #2138, .T. ) ;
#1961 = ORIENTED_EDGE ( 'NONE', *, *, #1888, .T. ) ;
#1962 = ORIENTED_EDGE ( 'NONE', *, *, #68, .F. ) ;
#1963 = CARTESIAN_POINT ( 'NONE',  ( 28.99999999999998224, 0.000000000000000000, 16.50000000000000711 ) ) ;
#1964 = PLANE ( 'NONE',  #1857 ) ;
#1965 = ORIENTED_EDGE ( 'NONE', *, *, #993, .F. ) ;
#1966 = EDGE_CURVE ( 'NONE', #2482, #1258, #2190, .T. ) ;
#1967 = ORIENTED_EDGE ( 'NONE', *, *, #307, .F. ) ;
#1968 = VERTEX_POINT ( 'NONE', #100 ) ;
#1969 = ORIENTED_EDGE ( 'NONE', *, *, #982, .T. ) ;
#1970 = DIRECTION ( 'NONE',  ( 1.000000000000000000, 2.713019355931374386E-63, 0.000000000000000000 ) ) ;
#1971 = AXIS2_PLACEMENT_3D ( 'NONE', #139, #1285, #2509 ) ;
#1972 = CARTESIAN_POINT ( 'NONE',  ( 59.00000000000003553, -27.00000000000000000, 20.04999999999999716 ) ) ;
#1973 = DIRECTION ( 'NONE',  ( 0.000000000000000000, 0.000000000000000000, -1.000000000000000000 ) ) ;
#1974 = FACE_OUTER_BOUND ( 'NONE', #245, .T. ) ;
#1975 = ORIENTED_EDGE ( 'NONE', *, *, #2551, .F. ) ;
#1976 = CARTESIAN_POINT ( 'NONE',  ( 1.000000000000000000, -4.802281284647955806E-16, -30.00000000000000711 ) ) ;
#1977 = CYLINDRICAL_SURFACE ( 'NONE', #2065, 2.000000000000003553 ) ;
#1978 = ORIENTED_EDGE ( 'NONE', *, *, #2996, .T. ) ;
#1979 = PLANE ( 'NONE',  #2793 ) ;
#1980 = CARTESIAN_POINT ( 'NONE',  ( 59.00000000000003553, -26.99999999999999645, -20.05000000000000426 ) ) ;
#1981 = ORIENTED_EDGE ( 'NONE', *, *, #2541, .T. ) ;
#1982 = ORIENTED_EDGE ( 'NONE', *, *, #1545, .F. ) ;
#1983 = FACE_OUTER_BOUND ( 'NONE', #1422, .T. ) ;
#1984 = DIRECTION ( 'NONE',  ( 1.000000000000000000, -0.000000000000000000, -0.000000000000000000 ) ) ;
#1985 = EDGE_CURVE ( 'NONE', #2614, #2942, #1033, .T. ) ;
#1986 = DIRECTION ( 'NONE',  ( 0.000000000000000000, -0.8616879873547979019, -0.5074384814422704393 ) ) ;
#1987 = DIRECTION ( 'NONE',  ( 1.000000000000000000, -0.000000000000000000, 0.000000000000000000 ) ) ;
#1988 = CARTESIAN_POINT ( 'NONE',  ( 53.00000000000000000, -4.802281284647955806E-16, -30.00000000000000711 ) ) ;
#1989 = VERTEX_POINT ( 'NONE', #1259 ) ;
#1990 = DIRECTION ( 'NONE',  ( 0.000000000000000000, 0.000000000000000000, 1.000000000000000000 ) ) ;
#1991 = ORIENTED_EDGE ( 'NONE', *, *, #94, .F. ) ;
#1992 = CARTESIAN_POINT ( 'NONE',  ( 53.00000000000000000, -3.000000000000000888, -22.04999999999999716 ) ) ;
#1993 = DIRECTION ( 'NONE',  ( -0.000000000000000000, -1.000000000000000000, -0.000000000000000000 ) ) ;
#1994 = ORIENTED_EDGE ( 'NONE', *, *, #1529, .F. ) ;
#1995 = VECTOR ( 'NONE', #1673, 1000.000000000000000 ) ;
#1996 = VERTEX_POINT ( 'NONE', #1700 ) ;
#1997 = APPLICATION_PROTOCOL_DEFINITION ( 'draft international standard', 'automotive_design', 1998, #1561 ) ;
#1998 = DIRECTION ( 'NONE',  ( -0.000000000000000000, 2.891205793294679312E-16, -1.000000000000000000 ) ) ;
#1999 = EDGE_CURVE ( 'NONE', #1268, #72, #1252, .T. ) ;
#2000 = DIRECTION ( 'NONE',  ( 1.000000000000000000, 0.000000000000000000, -1.387778780781446415E-16 ) ) ;
#2001 = CARTESIAN_POINT ( 'NONE',  ( -51.99999999999998579, 4.000000000000000000, -14.49999999999999467 ) ) ;
#2002 = VECTOR ( 'NONE', #303, 1000.000000000000114 ) ;
#2003 = VECTOR ( 'NONE', #153, 1000.000000000000000 ) ;
#2004 = DIRECTION ( 'NONE',  ( -1.000000000000000000, 0.000000000000000000, -0.000000000000000000 ) ) ;
#2005 = ORIENTED_EDGE ( 'NONE', *, *, #2466, .T. ) ;
#2006 = CARTESIAN_POINT ( 'NONE',  ( 59.00000000000003553, 8.870139336193439587E-15, -22.04999999999999716 ) ) ;
#2007 = EDGE_CURVE ( 'NONE', #2772, #2231, #1520, .T. ) ;
#2008 = ORIENTED_EDGE ( 'NONE', *, *, #2726, .T. ) ;
#2009 = CARTESIAN_POINT ( 'NONE',  ( 53.00000000000000000, 0.000000000000000000, -25.04999999999999716 ) ) ;
#2010 = VECTOR ( 'NONE', #1316, 1000.000000000000114 ) ;
#2011 = CARTESIAN_POINT ( 'NONE',  ( -54.99999999999999289, 4.000000000000000000, -35.00000000000001421 ) ) ;
#2012 = ORIENTED_EDGE ( 'NONE', *, *, #1950, .F. ) ;
#2013 = PLANE ( 'NONE',  #2941 ) ;
#2014 = VERTEX_POINT ( 'NONE', #1467 ) ;
#2015 = EDGE_LOOP ( 'NONE', ( #3037, #913, #325 ) ) ;
#2016 = AXIS2_PLACEMENT_3D ( 'NONE', #376, #2041, #839 ) ;
#2017 = DIRECTION ( 'NONE',  ( 0.000000000000000000, 0.000000000000000000, 1.000000000000000000 ) ) ;
#2018 = CARTESIAN_POINT ( 'NONE',  ( 59.00000000000003553, 8.870139336193439587E-15, -22.04999999999999716 ) ) ;
#2019 = DIRECTION ( 'NONE',  ( -0.000000000000000000, -0.000000000000000000, 1.000000000000000000 ) ) ;
#2020 = VECTOR ( 'NONE', #166, 1000.000000000000000 ) ;
#2021 = DIRECTION ( 'NONE',  ( -0.000000000000000000, -1.000000000000000000, -0.000000000000000000 ) ) ;
#2022 = VECTOR ( 'NONE', #1333, 1000.000000000000000 ) ;
#2023 = CARTESIAN_POINT ( 'NONE',  ( 26.99999999999999645, 0.000000000000000000, 30.00000000000000711 ) ) ;
#2024 = AXIS2_PLACEMENT_3D ( 'NONE', #1306, #126, #1060 ) ;
#2025 = CARTESIAN_POINT ( 'NONE',  ( 59.00000000000003553, -1.000000000000004441, -20.05000000000000426 ) ) ;
#2026 = ORIENTED_EDGE ( 'NONE', *, *, #1628, .F. ) ;
#2027 = FACE_OUTER_BOUND ( 'NONE', #1625, .T. ) ;
#2028 = VERTEX_POINT ( 'NONE', #2672 ) ;
#2029 = LINE ( 'NONE', #2485, #2932 ) ;
#2030 = DIRECTION ( 'NONE',  ( -0.000000000000000000, -1.000000000000000000, -0.000000000000000000 ) ) ;
#2031 = DIRECTION ( 'NONE',  ( 0.000000000000000000, 0.000000000000000000, -1.000000000000000000 ) ) ;
#2032 = SURFACE_STYLE_USAGE ( .BOTH. , #595 ) ;
#2033 = ADVANCED_FACE ( 'NONE', ( #2640 ), #528, .F. ) ;
#2034 = FACE_OUTER_BOUND ( 'NONE', #1264, .T. ) ;
#2035 = CARTESIAN_POINT ( 'NONE',  ( 53.00000000000000000, -4.802281284647955806E-16, -30.00000000000000711 ) ) ;
#2036 = CARTESIAN_POINT ( 'NONE',  ( 28.99999999999998579, 4.000000000000000000, -12.49999999999999289 ) ) ;
#2037 = DIRECTION ( 'NONE',  ( 0.000000000000000000, 1.000000000000000000, 2.943455329680062335E-16 ) ) ;
#2038 = ORIENTED_EDGE ( 'NONE', *, *, #360, .T. ) ;
#2039 = DIRECTION ( 'NONE',  ( 0.000000000000000000, -0.8616879873547979019, -0.5074384814422704393 ) ) ;
#2040 = EDGE_CURVE ( 'NONE', #2942, #2115, #740, .T. ) ;
#2041 = DIRECTION ( 'NONE',  ( 0.000000000000000000, 1.000000000000000000, -0.000000000000000000 ) ) ;
#2042 = VECTOR ( 'NONE', #2497, 1000.000000000000000 ) ;
#2043 = CARTESIAN_POINT ( 'NONE',  ( 51.99999999999997868, 4.000000000000000000, 12.50000000000000355 ) ) ;
#2044 = DIRECTION ( 'NONE',  ( -0.000000000000000000, -1.000000000000000000, -0.000000000000000000 ) ) ;
#2045 = DIRECTION ( 'NONE',  ( -0.000000000000000000, -1.000000000000000000, -0.000000000000000000 ) ) ;
#2046 = UNCERTAINTY_MEASURE_WITH_UNIT (LENGTH_MEASURE( 1.000000000000000082E-05 ), #378, 'distance_accuracy_value', 'NONE');
#2047 = EDGE_CURVE ( 'NONE', #1481, #134, #1843, .T. ) ;
#2048 = EDGE_CURVE ( 'NONE', #2534, #1482, #2183, .T. ) ;
#2049 = CARTESIAN_POINT ( 'NONE',  ( -55.00000000000000000, 0.000000000000000000, -29.99999999999999645 ) ) ;
#2050 = PLANE ( 'NONE',  #1337 ) ;
#2051 = AXIS2_PLACEMENT_3D ( 'NONE', #1772, #1756, #2690 ) ;
#2052 = LINE ( 'NONE', #2987, #2498 ) ;
#2053 = ORIENTED_EDGE ( 'NONE', *, *, #2502, .F. ) ;
#2054 = ADVANCED_FACE ( 'NONE', ( #1221 ), #2621, .F. ) ;
#2055 =( GEOMETRIC_REPRESENTATION_CONTEXT ( 3 ) GLOBAL_UNCERTAINTY_ASSIGNED_CONTEXT ( ( #2046 ) ) GLOBAL_UNIT_ASSIGNED_CONTEXT ( ( #378, #1284, #2911 ) ) REPRESENTATION_CONTEXT ( 'NONE', 'WORKASPACE' ) );
#2056 = CIRCLE ( 'NONE', #1260, 2.000000000000003553 ) ;
#2057 = CARTESIAN_POINT ( 'NONE',  ( -27.00000000000000000, -1.555269323289550222E-15, 25.00000000000001421 ) ) ;
#2058 = VECTOR ( 'NONE', #699, 1000.000000000000000 ) ;
#2059 = DIRECTION ( 'NONE',  ( 1.000000000000000000, -0.000000000000000000, -0.000000000000000000 ) ) ;
#2060 = LINE ( 'NONE', #1837, #2532 ) ;
#2061 = CARTESIAN_POINT ( 'NONE',  ( 26.99999999999999645, -4.802281284647955806E-16, -30.00000000000000711 ) ) ;
#2062 = CARTESIAN_POINT ( 'NONE',  ( -27.00000000000000000, -1.955459430343546688E-15, -25.00000000000001421 ) ) ;
#2063 = CARTESIAN_POINT ( 'NONE',  ( 26.99999999999999645, -13.49999999999999289, -22.04999999999999716 ) ) ;
#2064 = CARTESIAN_POINT ( 'NONE',  ( 31.49999999999998579, -26.99999999999999645, -20.05000000000000426 ) ) ;
#2065 = AXIS2_PLACEMENT_3D ( 'NONE', #1458, #2904, #1744 ) ;
#2066 = LINE ( 'NONE', #1339, #2448 ) ;
#2067 = ORIENTED_EDGE ( 'NONE', *, *, #2503, .F. ) ;
#2068 = EDGE_CURVE ( 'NONE', #38, #1416, #2218, .T. ) ;
#2069 = AXIS2_PLACEMENT_3D ( 'NONE', #3033, #205, #1140 ) ;
#2070 = DIRECTION ( 'NONE',  ( -0.000000000000000000, 0.8616879873547977908, -0.5074384814422706613 ) ) ;
#2071 = CARTESIAN_POINT ( 'NONE',  ( 59.00000000000003553, 0.000000000000000000, -20.05000000000000426 ) ) ;
#2072 = EDGE_CURVE ( 'NONE', #1032, #2369, #92, .T. ) ;
#2073 = LINE ( 'NONE', #1604, #2635 ) ;
#2074 = DIRECTION ( 'NONE',  ( 1.000000000000000000, -0.000000000000000000, -0.000000000000000000 ) ) ;
#2075 = CARTESIAN_POINT ( 'NONE',  ( 26.99999999999999645, -13.50000000000000000, 22.04999999999999716 ) ) ;
#2076 = ORIENTED_EDGE ( 'NONE', *, *, #975, .T. ) ;
#2077 = EDGE_CURVE ( 'NONE', #772, #1363, #1949, .T. ) ;
#2078 = PLANE ( 'NONE',  #11 ) ;
#2079 = EDGE_CURVE ( 'NONE', #797, #1217, #2429, .T. ) ;
#2080 = LINE ( 'NONE', #2120, #1064 ) ;
#2081 = ORIENTED_EDGE ( 'NONE', *, *, #491, .T. ) ;
#2082 = DIRECTION ( 'NONE',  ( -0.000000000000000000, -0.000000000000000000, 1.000000000000000000 ) ) ;
#2083 = CARTESIAN_POINT ( 'NONE',  ( -49.49999999999997868, 4.000000000000000000, -23.53649170988226658 ) ) ;
#2084 = ORIENTED_EDGE ( 'NONE', *, *, #2279, .F. ) ;
#2085 = LINE ( 'NONE', #204, #413 ) ;
#2086 =( NAMED_UNIT ( * ) SI_UNIT ( $, .STERADIAN. ) SOLID_ANGLE_UNIT ( ) );
#2087 = LINE ( 'NONE', #721, #260 ) ;
#2088 = EDGE_CURVE ( 'NONE', #912, #198, #2897, .T. ) ;
#2089 = ORIENTED_EDGE ( 'NONE', *, *, #4, .F. ) ;
#2090 = ORIENTED_EDGE ( 'NONE', *, *, #1639, .T. ) ;
#2091 = CARTESIAN_POINT ( 'NONE',  ( 60.00000000000000000, 4.000000000000000000, 25.00000000000001421 ) ) ;
#2092 = EDGE_CURVE ( 'NONE', #1111, #912, #548, .T. ) ;
#2093 = AXIS2_PLACEMENT_3D ( 'NONE', #1007, #1685, #775 ) ;
#2094 = DIRECTION ( 'NONE',  ( 0.000000000000000000, 1.000000000000000000, 0.000000000000000000 ) ) ;
#2095 = PLANE ( 'NONE',  #1720 ) ;
#2096 = CARTESIAN_POINT ( 'NONE',  ( 28.99999999999998224, 4.000000000000000000, 14.50000000000000355 ) ) ;
#2097 = AXIS2_PLACEMENT_3D ( 'NONE', #2251, #2284, #366 ) ;
#2098 = ORIENTED_EDGE ( 'NONE', *, *, #2606, .T. ) ;
#2099 = AXIS2_PLACEMENT_3D ( 'NONE', #268, #586, #1689 ) ;
#2100 = VECTOR ( 'NONE', #132, 1000.000000000000000 ) ;
#2101 = DIRECTION ( 'NONE',  ( -1.000000000000000000, -0.000000000000000000, -0.000000000000000000 ) ) ;
#2102 = CARTESIAN_POINT ( 'NONE',  ( 24.99999999999999645, -4.802281284647955806E-16, -30.00000000000000711 ) ) ;
#2103 = ORIENTED_EDGE ( 'NONE', *, *, #1364, .T. ) ;
#2104 = VERTEX_POINT ( 'NONE', #1738 ) ;
#2105 = CARTESIAN_POINT ( 'NONE',  ( 28.99999999999998224, 4.000000000000000000, 16.50000000000000711 ) ) ;
#2106 = EDGE_CURVE ( 'NONE', #812, #2487, #316, .T. ) ;
#2107 = DIRECTION ( 'NONE',  ( 0.000000000000000000, 0.000000000000000000, 1.000000000000000000 ) ) ;
#2108 = VECTOR ( 'NONE', #688, 1000.000000000000000 ) ;
#2109 = CARTESIAN_POINT ( 'NONE',  ( -51.99999999999997868, 4.000000000000000000, 14.50000000000000711 ) ) ;
#2110 = DIRECTION ( 'NONE',  ( 0.000000000000000000, 0.000000000000000000, 1.000000000000000000 ) ) ;
#2111 = AXIS2_PLACEMENT_3D ( 'NONE', #853, #3027, #1877 ) ;
#2112 = MECHANICAL_DESIGN_GEOMETRIC_PRESENTATION_REPRESENTATION (  '', ( #534 ), #1222 ) ;
#2113 = ORIENTED_EDGE ( 'NONE', *, *, #2900, .T. ) ;
#2114 = CARTESIAN_POINT ( 'NONE',  ( 24.99999999999999645, -3.000000000000000888, 22.04999999999999716 ) ) ;
#2115 = VERTEX_POINT ( 'NONE', #563 ) ;
#2116 = VERTEX_POINT ( 'NONE', #59 ) ;
#2117 = EDGE_CURVE ( 'NONE', #1633, #262, #1006, .T. ) ;
#2118 = ORIENTED_EDGE ( 'NONE', *, *, #2331, .T. ) ;
#2119 = PRODUCT_RELATED_PRODUCT_CATEGORY ( 'part', '', ( #285 ) ) ;
#2120 = CARTESIAN_POINT ( 'NONE',  ( 59.00000000000003553, -3.000000000000000000, 22.04999999999999716 ) ) ;
#2121 = CYLINDRICAL_SURFACE ( 'NONE', #2235, 2.000000000000003553 ) ;
#2122 = CARTESIAN_POINT ( 'NONE',  ( -49.49999999999997868, -1.000000000000004885, -20.05000000000000071 ) ) ;
#2123 = ORIENTED_EDGE ( 'NONE', *, *, #843, .T. ) ;
#2124 = VERTEX_POINT ( 'NONE', #2450 ) ;
#2125 = EDGE_CURVE ( 'NONE', #801, #1131, #2863, .T. ) ;
#2126 = LINE ( 'NONE', #2344, #779 ) ;
#2127 = DIRECTION ( 'NONE',  ( -1.000000000000000000, -0.000000000000000000, -0.000000000000000000 ) ) ;
#2128 = ORIENTED_EDGE ( 'NONE', *, *, #2973, .F. ) ;
#2129 = ORIENTED_EDGE ( 'NONE', *, *, #1212, .T. ) ;
#2130 = EDGE_LOOP ( 'NONE', ( #2665, #525, #1931, #131 ) ) ;
#2131 = ORIENTED_EDGE ( 'NONE', *, *, #2117, .F. ) ;
#2132 = EDGE_CURVE ( 'NONE', #3022, #25, #617, .T. ) ;
#2133 = VECTOR ( 'NONE', #2954, 1000.000000000000000 ) ;
#2134 = DIRECTION ( 'NONE',  ( -1.000000000000000000, -0.000000000000000000, -0.000000000000000000 ) ) ;
#2135 = CARTESIAN_POINT ( 'NONE',  ( 51.99999999999998579, 4.000000000000000000, -16.49999999999999645 ) ) ;
#2136 = CIRCLE ( 'NONE', #808, 2.000000000000003553 ) ;
#2137 = DIRECTION ( 'NONE',  ( 1.000000000000000000, -0.000000000000000000, 0.000000000000000000 ) ) ;
#2138 = LINE ( 'NONE', #2401, #1251 ) ;
#2139 = EDGE_LOOP ( 'NONE', ( #2694, #1395 ) ) ;
#2140 = ORIENTED_EDGE ( 'NONE', *, *, #3035, .T. ) ;
#2141 = CARTESIAN_POINT ( 'NONE',  ( 49.99999999999997868, 4.000000000000000000, 34.99999999999999289 ) ) ;
#2142 = AXIS2_PLACEMENT_3D ( 'NONE', #283, #2898, #1203 ) ;
#2143 = DIRECTION ( 'NONE',  ( 1.000000000000000000, -0.000000000000000000, 0.000000000000000000 ) ) ;
#2144 = ORIENTED_EDGE ( 'NONE', *, *, #735, .T. ) ;
#2145 = VECTOR ( 'NONE', #1559, 1000.000000000000000 ) ;
#2146 = ORIENTED_EDGE ( 'NONE', *, *, #2040, .T. ) ;
#2147 = VECTOR ( 'NONE', #240, 1000.000000000000000 ) ;
#2148 = ORIENTED_EDGE ( 'NONE', *, *, #852, .T. ) ;
#2149 = EDGE_LOOP ( 'NONE', ( #1215, #2636, #1652, #1820 ) ) ;
#2150 = DIRECTION ( 'NONE',  ( 0.000000000000000000, 0.000000000000000000, -1.000000000000000000 ) ) ;
#2151 = AXIS2_PLACEMENT_3D ( 'NONE', #1052, #1214, #1712 ) ;
#2152 = DIRECTION ( 'NONE',  ( 0.000000000000000000, 0.8616879873547979019, 0.5074384814422704393 ) ) ;
#2153 = DIRECTION ( 'NONE',  ( 0.000000000000000000, 1.000000000000000000, 0.000000000000000000 ) ) ;
#2154 = EDGE_CURVE ( 'NONE', #1893, #1770, #44, .T. ) ;
#2155 = DIRECTION ( 'NONE',  ( -1.000000000000000000, 0.000000000000000000, 0.000000000000000000 ) ) ;
#2156 = LINE ( 'NONE', #997, #27 ) ;
#2157 = CYLINDRICAL_SURFACE ( 'NONE', #973, 5.000000000000007994 ) ;
#2158 = CIRCLE ( 'NONE', #829, 9.999999999999994671 ) ;
#2159 = ORIENTED_EDGE ( 'NONE', *, *, #596, .F. ) ;
#2160 = DIRECTION ( 'NONE',  ( 0.000000000000000000, -0.000000000000000000, 1.000000000000000000 ) ) ;
#2161 = VECTOR ( 'NONE', #1814, 1000.000000000000000 ) ;
#2162 = FACE_OUTER_BOUND ( 'NONE', #1423, .T. ) ;
#2163 = ORIENTED_EDGE ( 'NONE', *, *, #1836, .T. ) ;
#2164 = EDGE_CURVE ( 'NONE', #220, #1633, #416, .T. ) ;
#2165 = VERTEX_POINT ( 'NONE', #1591 ) ;
#2166 = ORIENTED_EDGE ( 'NONE', *, *, #944, .F. ) ;
#2167 = ORIENTED_EDGE ( 'NONE', *, *, #1739, .T. ) ;
#2168 = DIRECTION ( 'NONE',  ( -1.000000000000000000, -0.000000000000000000, -0.000000000000000000 ) ) ;
#2169 = DIRECTION ( 'NONE',  ( 0.000000000000000000, 1.600760428215984159E-17, 1.000000000000000000 ) ) ;
#2170 = ADVANCED_FACE ( 'NONE', ( #405 ), #180, .F. ) ;
#2171 = DIRECTION ( 'NONE',  ( 0.000000000000000000, -0.000000000000000000, 1.000000000000000000 ) ) ;
#2172 = DIRECTION ( 'NONE',  ( 0.000000000000000000, 1.000000000000000000, -0.000000000000000000 ) ) ;
#2173 = LINE ( 'NONE', #1227, #3020 ) ;
#2174 = CARTESIAN_POINT ( 'NONE',  ( -51.00000000000000000, -13.49999999999999645, -22.04999999999999716 ) ) ;
#2175 = EDGE_CURVE ( 'NONE', #1197, #1648, #31, .T. ) ;
#2176 = EDGE_LOOP ( 'NONE', ( #3013, #10, #1665, #2212 ) ) ;
#2177 = LINE ( 'NONE', #2441, #881 ) ;
#2178 = CARTESIAN_POINT ( 'NONE',  ( -59.00000000000003553, 1.849681551754478313E-14, -25.04999999999999716 ) ) ;
#2179 = ORIENTED_EDGE ( 'NONE', *, *, #2646, .T. ) ;
#2180 = ORIENTED_EDGE ( 'NONE', *, *, #858, .F. ) ;
#2181 = ORIENTED_EDGE ( 'NONE', *, *, #1046, .F. ) ;
#2182 = ORIENTED_EDGE ( 'NONE', *, *, #2720, .F. ) ;
#2183 = LINE ( 'NONE', #974, #509 ) ;
#2184 = EDGE_CURVE ( 'NONE', #2598, #1179, #2085, .T. ) ;
#2185 = PLANE ( 'NONE',  #1948 ) ;
#2186 = EDGE_CURVE ( 'NONE', #188, #311, #2136, .T. ) ;
#2187 = FACE_OUTER_BOUND ( 'NONE', #781, .T. ) ;
#2188 = CARTESIAN_POINT ( 'NONE',  ( -25.00000000000000000, -1.555269323289550222E-15, 30.00000000000000711 ) ) ;
#2189 = ORIENTED_EDGE ( 'NONE', *, *, #815, .F. ) ;
#2190 = LINE ( 'NONE', #1891, #129 ) ;
#2191 = EDGE_CURVE ( 'NONE', #2804, #17, #649, .T. ) ;
#2192 = DIRECTION ( 'NONE',  ( 0.000000000000000000, 0.000000000000000000, -1.000000000000000000 ) ) ;
#2193 = VECTOR ( 'NONE', #2746, 1000.000000000000000 ) ;
#2194 = ORIENTED_EDGE ( 'NONE', *, *, #1089, .T. ) ;
#2195 = LINE ( 'NONE', #2841, #1403 ) ;
#2196 = DIRECTION ( 'NONE',  ( -1.000000000000000000, 2.138211768073756031E-47, -7.395570986446983486E-32 ) ) ;
#2197 = ORIENTED_EDGE ( 'NONE', *, *, #2720, .T. ) ;
#2198 = EDGE_LOOP ( 'NONE', ( #989, #2945, #2391, #1440 ) ) ;
#2199 = VERTEX_POINT ( 'NONE', #2545 ) ;
#2200 = VERTEX_POINT ( 'NONE', #2043 ) ;
#2201 = VECTOR ( 'NONE', #2134, 1000.000000000000000 ) ;
#2202 = DIRECTION ( 'NONE',  ( -0.000000000000000000, -0.000000000000000000, 1.000000000000000000 ) ) ;
#2203 = CIRCLE ( 'NONE', #2584, 2.000000000000003553 ) ;
#2204 = AXIS2_PLACEMENT_3D ( 'NONE', #1631, #2315, #647 ) ;
#2205 = CARTESIAN_POINT ( 'NONE',  ( 1.630723402511559781E-30, -8.000000000000007105, -8.050000000000014921 ) ) ;
#2206 = LINE ( 'NONE', #568, #700 ) ;
#2207 = EDGE_CURVE ( 'NONE', #2862, #1062, #2060, .T. ) ;
#2208 = CARTESIAN_POINT ( 'NONE',  ( -25.00000000000000000, -1.555269323289550222E-15, 30.00000000000000711 ) ) ;
#2209 = ORIENTED_EDGE ( 'NONE', *, *, #2984, .F. ) ;
#2210 = DIRECTION ( 'NONE',  ( 1.000000000000000000, -2.138211768073756031E-47, 7.395570986446983486E-32 ) ) ;
#2211 = ORIENTED_EDGE ( 'NONE', *, *, #1524, .T. ) ;
#2212 = ORIENTED_EDGE ( 'NONE', *, *, #2154, .F. ) ;
#2213 = DIRECTION ( 'NONE',  ( 0.000000000000000000, 1.000000000000000000, 0.000000000000000000 ) ) ;
#2214 = DIRECTION ( 'NONE',  ( 0.000000000000000000, 0.000000000000000000, -1.000000000000000000 ) ) ;
#2215 = VERTEX_POINT ( 'NONE', #1579 ) ;
#2216 = VERTEX_POINT ( 'NONE', #1344 ) ;
#2217 = ORIENTED_EDGE ( 'NONE', *, *, #1861, .T. ) ;
#2218 = LINE ( 'NONE', #1043, #1190 ) ;
#2219 = VECTOR ( 'NONE', #2074, 1000.000000000000000 ) ;
#2220 = FACE_OUTER_BOUND ( 'NONE', #116, .T. ) ;
#2221 = DIRECTION ( 'NONE',  ( 0.000000000000000000, 0.000000000000000000, 1.000000000000000000 ) ) ;
#2222 = CARTESIAN_POINT ( 'NONE',  ( -25.00000000000000711, -3.000000000000000000, 25.04999999999999716 ) ) ;
#2223 = ORIENTED_EDGE ( 'NONE', *, *, #2184, .F. ) ;
#2224 = CARTESIAN_POINT ( 'NONE',  ( 31.49999999999998579, -8.000000000000007105, -8.050000000000014921 ) ) ;
#2225 = ORIENTED_EDGE ( 'NONE', *, *, #2551, .T. ) ;
#2226 = LINE ( 'NONE', #574, #1315 ) ;
#2227 = AXIS2_PLACEMENT_3D ( 'NONE', #2623, #1453, #1471 ) ;
#2228 = ADVANCED_FACE ( 'NONE', ( #2977 ), #3018, .F. ) ;
#2229 = EDGE_CURVE ( 'NONE', #705, #1179, #2073, .T. ) ;
#2230 = CARTESIAN_POINT ( 'NONE',  ( -51.99999999999997868, 4.000000000000000000, 16.50000000000001066 ) ) ;
#2231 = VERTEX_POINT ( 'NONE', #1419 ) ;
#2232 = ORIENTED_EDGE ( 'NONE', *, *, #805, .F. ) ;
#2233 = APPLICATION_PROTOCOL_DEFINITION ( 'draft international standard', 'automotive_design', 1998, #1026 ) ;
#2234 = FILL_AREA_STYLE ('',( #2978 ) ) ;
#2235 = AXIS2_PLACEMENT_3D ( 'NONE', #1173, #698, #2397 ) ;
#2236 = CARTESIAN_POINT ( 'NONE',  ( 26.99999999999999645, -13.49999999999999289, -22.04999999999999716 ) ) ;
#2237 = CARTESIAN_POINT ( 'NONE',  ( 59.00000000000003553, -3.000000000000000000, 25.04999999999999716 ) ) ;
#2238 = ADVANCED_FACE ( 'NONE', ( #434 ), #1825, .T. ) ;
#2239 = DIRECTION ( 'NONE',  ( -1.000000000000000000, -2.713019355931374386E-63, 0.000000000000000000 ) ) ;
#2240 = ORIENTED_EDGE ( 'NONE', *, *, #199, .F. ) ;
#2241 = CARTESIAN_POINT ( 'NONE',  ( -25.00000000000000000, -1.555269323289550222E-15, 25.04999999999999716 ) ) ;
#2242 = EDGE_LOOP ( 'NONE', ( #1751, #2457, #2038, #838 ) ) ;
#2243 = LINE ( 'NONE', #2009, #468 ) ;
#2244 = FACE_OUTER_BOUND ( 'NONE', #774, .T. ) ;
#2245 = ORIENTED_EDGE ( 'NONE', *, *, #672, .T. ) ;
#2246 = DIRECTION ( 'NONE',  ( -1.000000000000000000, 0.000000000000000000, 0.000000000000000000 ) ) ;
#2247 = AXIS2_PLACEMENT_3D ( 'NONE', #16, #943, #1908 ) ;
#2248 = EDGE_LOOP ( 'NONE', ( #2081, #2427, #1138, #2501 ) ) ;
#2249 = DIRECTION ( 'NONE',  ( 0.000000000000000000, 0.000000000000000000, -1.000000000000000000 ) ) ;
#2250 = DIRECTION ( 'NONE',  ( 0.000000000000000000, 1.000000000000000000, -0.000000000000000000 ) ) ;
#2251 = CARTESIAN_POINT ( 'NONE',  ( 1.000000000000000888, -3.000000000000000000, -25.04999999999999716 ) ) ;
#2252 = AXIS2_PLACEMENT_3D ( 'NONE', #1817, #1522, #2969 ) ;
#2253 = LINE ( 'NONE', #1509, #685 ) ;
#2254 = VECTOR ( 'NONE', #535, 1000.000000000000000 ) ;
#2255 = VECTOR ( 'NONE', #2339, 1000.000000000000000 ) ;
#2256 = DIRECTION ( 'NONE',  ( 0.000000000000000000, 0.000000000000000000, -1.000000000000000000 ) ) ;
#2257 = ORIENTED_EDGE ( 'NONE', *, *, #644, .T. ) ;
#2258 = CARTESIAN_POINT ( 'NONE',  ( 59.00000000000003553, -27.00000000000000000, 20.04999999999999716 ) ) ;
#2259 = VECTOR ( 'NONE', #1266, 1000.000000000000000 ) ;
#2260 = EDGE_CURVE ( 'NONE', #43, #1699, #2755, .T. ) ;
#2261 = ORIENTED_EDGE ( 'NONE', *, *, #2628, .F. ) ;
#2262 = LINE ( 'NONE', #818, #2343 ) ;
#2263 = DIRECTION ( 'NONE',  ( -0.000000000000000000, 0.5074384814422707723, 0.8616879873547979019 ) ) ;
#2264 = FACE_OUTER_BOUND ( 'NONE', #258, .T. ) ;
#2265 = AXIS2_PLACEMENT_3D ( 'NONE', #1332, #2528, #1358 ) ;
#2266 = FACE_BOUND ( 'NONE', #2909, .T. ) ;
#2267 = DIRECTION ( 'NONE',  ( 0.000000000000000000, 0.000000000000000000, 1.000000000000000000 ) ) ;
#2268 = LINE ( 'NONE', #1570, #2374 ) ;
#2269 = DIRECTION ( 'NONE',  ( 0.000000000000000000, 1.000000000000000000, 0.000000000000000000 ) ) ;
#2270 = AXIS2_PLACEMENT_3D ( 'NONE', #503, #1019, #1424 ) ;
#2271 = DIRECTION ( 'NONE',  ( 0.000000000000000000, 0.5074384814422705503, -0.8616879873547980129 ) ) ;
#2272 = EDGE_CURVE ( 'NONE', #1968, #524, #1402, .T. ) ;
#2273 = CARTESIAN_POINT ( 'NONE',  ( 28.99999999999998579, 4.000000000000000000, -14.49999999999999645 ) ) ;
#2274 = ORIENTED_EDGE ( 'NONE', *, *, #2416, .T. ) ;
#2275 = PLANE ( 'NONE',  #1369 ) ;
#2276 = CARTESIAN_POINT ( 'NONE',  ( -51.00000000000000000, -3.590766775043896519E-15, -30.00000000000000711 ) ) ;
#2277 = CARTESIAN_POINT ( 'NONE',  ( 1.000000000000000000, -13.50000000000000000, 22.04999999999999716 ) ) ;
#2278 = EDGE_CURVE ( 'NONE', #2014, #1233, #894, .T. ) ;
#2279 = EDGE_CURVE ( 'NONE', #2346, #2428, #2595, .T. ) ;
#2280 = VECTOR ( 'NONE', #2564, 1000.000000000000000 ) ;
#2281 = DIRECTION ( 'NONE',  ( 1.000000000000000000, 0.000000000000000000, 0.000000000000000000 ) ) ;
#2282 = CARTESIAN_POINT ( 'NONE',  ( -31.49999999999998579, -1.000000000000004219, -22.04999999999999716 ) ) ;
#2283 = CARTESIAN_POINT ( 'NONE',  ( -53.00000000000000000, -3.000000000000000888, 22.04999999999999716 ) ) ;
#2284 = DIRECTION ( 'NONE',  ( 1.000000000000000000, -0.000000000000000000, -0.000000000000000000 ) ) ;
#2285 = EDGE_CURVE ( 'NONE', #1717, #2701, #2520, .T. ) ;
#2286 = FACE_OUTER_BOUND ( 'NONE', #3010, .T. ) ;
#2287 = DIRECTION ( 'NONE',  ( 0.000000000000000000, 1.000000000000000000, 0.000000000000000000 ) ) ;
#2288 = ORIENTED_EDGE ( 'NONE', *, *, #2318, .F. ) ;
#2289 = ADVANCED_FACE ( 'NONE', ( #1185 ), #2378, .T. ) ;
#2290 = LINE ( 'NONE', #1600, #819 ) ;
#2291 = LINE ( 'NONE', #2947, #920 ) ;
#2292 = VECTOR ( 'NONE', #96, 1000.000000000000000 ) ;
#2293 = VECTOR ( 'NONE', #2735, 1000.000000000000000 ) ;
#2294 = CARTESIAN_POINT ( 'NONE',  ( -53.00000000000000000, -3.110538646579100445E-15, 0.000000000000000000 ) ) ;
#2295 = VECTOR ( 'NONE', #453, 1000.000000000000000 ) ;
#2296 = DIRECTION ( 'NONE',  ( 1.000000000000000000, -0.000000000000000000, 0.000000000000000000 ) ) ;
#2297 = FACE_BOUND ( 'NONE', #1503, .T. ) ;
#2298 = LINE ( 'NONE', #1377, #932 ) ;
#2299 = VECTOR ( 'NONE', #2312, 1000.000000000000000 ) ;
#2300 = DIRECTION ( 'NONE',  ( 1.000000000000000000, 0.000000000000000000, -0.000000000000000000 ) ) ;
#2301 = ORIENTED_EDGE ( 'NONE', *, *, #480, .T. ) ;
#2302 = EDGE_CURVE ( 'NONE', #1808, #2798, #3007, .T. ) ;
#2303 = CARTESIAN_POINT ( 'NONE',  ( 53.00000000000000000, 0.000000000000000000, 0.000000000000000000 ) ) ;
#2304 = FACE_OUTER_BOUND ( 'NONE', #2248, .T. ) ;
#2305 = ADVANCED_FACE ( 'NONE', ( #569 ), #1257, .F. ) ;
#2306 = CARTESIAN_POINT ( 'NONE',  ( 59.00000000000003553, -2.999999999999992450, -22.04999999999999716 ) ) ;
#2307 = FACE_OUTER_BOUND ( 'NONE', #1534, .T. ) ;
#2308 = DIRECTION ( 'NONE',  ( -0.000000000000000000, -1.000000000000000000, -0.000000000000000000 ) ) ;
#2309 = EDGE_LOOP ( 'NONE', ( #2662, #701, #2773, #1269 ) ) ;
#2310 = CARTESIAN_POINT ( 'NONE',  ( -25.00000000000000000, -1.555269323289550222E-15, 0.000000000000000000 ) ) ;
#2311 = PRODUCT_DEFINITION ( 'UNKNOWN', '', #2873, #2831 ) ;
#2312 = DIRECTION ( 'NONE',  ( -0.000000000000000000, -1.000000000000000000, -0.000000000000000000 ) ) ;
#2313 = VERTEX_POINT ( 'NONE', #1047 ) ;
#2314 = DIRECTION ( 'NONE',  ( 0.000000000000000000, 0.000000000000000000, 1.000000000000000000 ) ) ;
#2315 = DIRECTION ( 'NONE',  ( 0.000000000000000000, 1.000000000000000000, -0.000000000000000000 ) ) ;
#2316 = ORIENTED_EDGE ( 'NONE', *, *, #2260, .F. ) ;
#2317 = EDGE_CURVE ( 'NONE', #1668, #2124, #1511, .T. ) ;
#2318 = EDGE_CURVE ( 'NONE', #363, #2333, #2643, .T. ) ;
#2319 = CARTESIAN_POINT ( 'NONE',  ( -1.000000000000000888, -3.000000000000000888, -22.04999999999999716 ) ) ;
#2320 = CARTESIAN_POINT ( 'NONE',  ( -31.49999999999998579, -1.000000000000008216, -8.050000000000011369 ) ) ;
#2321 = PLANE ( 'NONE',  #36 ) ;
#2322 = EDGE_LOOP ( 'NONE', ( #2840, #2370, #1991, #2445 ) ) ;
#2323 = VERTEX_POINT ( 'NONE', #1012 ) ;
#2324 = FACE_OUTER_BOUND ( 'NONE', #2309, .T. ) ;
#2325 = LINE ( 'NONE', #225, #2537 ) ;
#2326 = LINE ( 'NONE', #1087, #677 ) ;
#2327 = DIRECTION ( 'NONE',  ( 0.000000000000000000, 1.000000000000000000, 0.000000000000000000 ) ) ;
#2328 = ORIENTED_EDGE ( 'NONE', *, *, #898, .T. ) ;
#2329 = DIRECTION ( 'NONE',  ( 0.000000000000000000, 0.000000000000000000, -1.000000000000000000 ) ) ;
#2330 = DIRECTION ( 'NONE',  ( 0.000000000000000000, 0.000000000000000000, -1.000000000000000000 ) ) ;
#2331 = EDGE_CURVE ( 'NONE', #2583, #1883, #761, .T. ) ;
#2332 = ORIENTED_EDGE ( 'NONE', *, *, #1421, .F. ) ;
#2333 = VERTEX_POINT ( 'NONE', #98 ) ;
#2334 = LINE ( 'NONE', #2064, #1478 ) ;
#2335 = VECTOR ( 'NONE', #1984, 1000.000000000000000 ) ;
#2336 = DIRECTION ( 'NONE',  ( -0.000000000000000000, -1.000000000000000000, -0.000000000000000000 ) ) ;
#2337 = DIRECTION ( 'NONE',  ( 0.000000000000000000, -0.8616879873547977908, 0.5074384814422706613 ) ) ;
#2338 = CIRCLE ( 'NONE', #1155, 2.000000000000003553 ) ;
#2339 = DIRECTION ( 'NONE',  ( -0.000000000000000000, -1.000000000000000000, -0.000000000000000000 ) ) ;
#2340 = ORIENTED_EDGE ( 'NONE', *, *, #2493, .F. ) ;
#2341 = EDGE_CURVE ( 'NONE', #2487, #2464, #817, .T. ) ;
#2342 = AXIS2_PLACEMENT_3D ( 'NONE', #2751, #410, #2300 ) ;
#2343 = VECTOR ( 'NONE', #1810, 1000.000000000000000 ) ;
#2344 = CARTESIAN_POINT ( 'NONE',  ( -51.00000000000000000, -3.110538646579100445E-15, 30.00000000000000711 ) ) ;
#2345 = DIRECTION ( 'NONE',  ( -0.000000000000000000, -0.000000000000000000, 1.000000000000000000 ) ) ;
#2346 = VERTEX_POINT ( 'NONE', #1988 ) ;
#2347 = ORIENTED_EDGE ( 'NONE', *, *, #252, .F. ) ;
#2348 = DIRECTION ( 'NONE',  ( 1.000000000000000000, -0.000000000000000000, 0.000000000000000000 ) ) ;
#2349 = LINE ( 'NONE', #1905, #1933 ) ;
#2350 = EDGE_CURVE ( 'NONE', #1465, #447, #1473, .T. ) ;
#2351 = CARTESIAN_POINT ( 'NONE',  ( 53.00000000000000000, -13.50000000000000000, 22.04999999999999716 ) ) ;
#2352 = ORIENTED_EDGE ( 'NONE', *, *, #1760, .T. ) ;
#2353 = DIRECTION ( 'NONE',  ( -1.000000000000000000, -0.000000000000000000, -0.000000000000000000 ) ) ;
#2354 = LINE ( 'NONE', #1647, #1595 ) ;
#2355 = EDGE_CURVE ( 'NONE', #17, #1550, #1602, .T. ) ;
#2356 = ORIENTED_EDGE ( 'NONE', *, *, #168, .F. ) ;
#2357 = EDGE_LOOP ( 'NONE', ( #840, #1662, #773, #576, #616, #1270, #725, #2328 ) ) ;
#2358 = ORIENTED_EDGE ( 'NONE', *, *, #584, .T. ) ;
#2359 = EDGE_LOOP ( 'NONE', ( #2589, #507, #106, #2352 ) ) ;
#2360 = ADVANCED_FACE ( 'NONE', ( #1974 ), #1921, .T. ) ;
#2361 = DIRECTION ( 'NONE',  ( -1.000000000000000000, 0.000000000000000000, 0.000000000000000000 ) ) ;
#2362 = DIRECTION ( 'NONE',  ( 0.000000000000000000, 0.000000000000000000, 1.000000000000000000 ) ) ;
#2363 = CARTESIAN_POINT ( 'NONE',  ( 53.00000000000000000, -4.802281284647955806E-16, -30.00000000000000711 ) ) ;
#2364 = CARTESIAN_POINT ( 'NONE',  ( -51.00000000000000000, -3.000000000000000888, 22.04999999999999716 ) ) ;
#2365 = ORIENTED_EDGE ( 'NONE', *, *, #1632, .F. ) ;
#2366 = EDGE_LOOP ( 'NONE', ( #1833, #120, #440, #2365 ) ) ;
#2367 = FACE_OUTER_BOUND ( 'NONE', #2015, .T. ) ;
#2368 = CARTESIAN_POINT ( 'NONE',  ( 51.99999999999998579, 4.000000000000000000, -14.49999999999999467 ) ) ;
#2369 = VERTEX_POINT ( 'NONE', #514 ) ;
#2370 = ORIENTED_EDGE ( 'NONE', *, *, #2850, .F. ) ;
#2371 = ORIENTED_EDGE ( 'NONE', *, *, #2606, .F. ) ;
#2372 = ORIENTED_EDGE ( 'NONE', *, *, #1951, .T. ) ;
#2373 = EDGE_CURVE ( 'NONE', #605, #117, #141, .T. ) ;
#2374 = VECTOR ( 'NONE', #1374, 1000.000000000000000 ) ;
#2375 = LINE ( 'NONE', #2641, #1757 ) ;
#2376 = CARTESIAN_POINT ( 'NONE',  ( 28.99999999999998579, 4.000000000000000000, -16.50000000000000000 ) ) ;
#2377 = VECTOR ( 'NONE', #1116, 1000.000000000000000 ) ;
#2378 = PLANE ( 'NONE',  #331 ) ;
#2379 = PLANE ( 'NONE',  #1802 ) ;
#2380 = EDGE_CURVE ( 'NONE', #1928, #2165, #795, .T. ) ;
#2381 = ORIENTED_EDGE ( 'NONE', *, *, #2590, .T. ) ;
#2382 = ORIENTED_EDGE ( 'NONE', *, *, #2380, .T. ) ;
#2383 = DIRECTION ( 'NONE',  ( 2.523234146875355012E-16, 0.000000000000000000, 1.000000000000000000 ) ) ;
#2384 = VECTOR ( 'NONE', #1986, 1000.000000000000114 ) ;
#2385 = DIRECTION ( 'NONE',  ( 0.000000000000000000, 0.000000000000000000, 1.000000000000000000 ) ) ;
#2386 = ORIENTED_EDGE ( 'NONE', *, *, #2229, .F. ) ;
#2387 = AXIS2_PLACEMENT_3D ( 'NONE', #2677, #2852, #1455 ) ;
#2388 = VERTEX_POINT ( 'NONE', #77 ) ;
#2389 = ADVANCED_FACE ( 'NONE', ( #2456 ), #1226, .T. ) ;
#2390 = VECTOR ( 'NONE', #2974, 1000.000000000000114 ) ;
#2391 = ORIENTED_EDGE ( 'NONE', *, *, #1576, .F. ) ;
#2392 = ADVANCED_FACE ( 'NONE', ( #1726 ), #62, .F. ) ;
#2393 = ORIENTED_EDGE ( 'NONE', *, *, #2536, .F. ) ;
#2394 = CARTESIAN_POINT ( 'NONE',  ( 28.99999999999998579, 4.000000000000000000, -12.49999999999999289 ) ) ;
#2395 = VECTOR ( 'NONE', #1926, 1000.000000000000000 ) ;
#2396 = CARTESIAN_POINT ( 'NONE',  ( -49.49999999999997868, 0.000000000000000000, -23.53649170988226658 ) ) ;
#2397 = DIRECTION ( 'NONE',  ( 0.000000000000000000, 0.000000000000000000, -1.000000000000000000 ) ) ;
#2398 = EDGE_CURVE ( 'NONE', #2818, #1533, #321, .T. ) ;
#2399 = CIRCLE ( 'NONE', #2265, 2.000000000000003553 ) ;
#2400 = DIRECTION ( 'NONE',  ( -2.523234146875355012E-16, 0.000000000000000000, -1.000000000000000000 ) ) ;
#2401 = CARTESIAN_POINT ( 'NONE',  ( -49.49999999999997868, -1.000000000000008216, -8.050000000000011369 ) ) ;
#2402 = CARTESIAN_POINT ( 'NONE',  ( 53.00000000000000000, 0.000000000000000000, 0.000000000000000000 ) ) ;
#2403 = ORIENTED_EDGE ( 'NONE', *, *, #2726, .F. ) ;
#2404 = PLANE ( 'NONE',  #345 ) ;
#2405 = EDGE_CURVE ( 'NONE', #2369, #801, #914, .T. ) ;
#2406 = AXIS2_PLACEMENT_3D ( 'NONE', #663, #2546, #192 ) ;
#2407 = DIRECTION ( 'NONE',  ( -0.000000000000000000, -1.000000000000000000, -0.000000000000000000 ) ) ;
#2408 = ORIENTED_EDGE ( 'NONE', *, *, #1632, .T. ) ;
#2409 = ORIENTED_EDGE ( 'NONE', *, *, #2455, .F. ) ;
#2410 = CIRCLE ( 'NONE', #1620, 2.999999999999999112 ) ;
#2411 = EDGE_LOOP ( 'NONE', ( #2972, #108, #1249, #1677 ) ) ;
#2412 = EDGE_CURVE ( 'NONE', #1947, #2830, #1276, .T. ) ;
#2413 = EDGE_LOOP ( 'NONE', ( #542, #2846, #1769, #1297 ) ) ;
#2414 = ORIENTED_EDGE ( 'NONE', *, *, #2175, .T. ) ;
#2415 = CARTESIAN_POINT ( 'NONE',  ( 28.99999999999998224, 0.000000000000000000, 14.50000000000000355 ) ) ;
#2416 = EDGE_CURVE ( 'NONE', #1382, #797, #1761, .T. ) ;
#2417 = CARTESIAN_POINT ( 'NONE',  ( 24.99999999999999645, 0.000000000000000000, 30.00000000000000711 ) ) ;
#2418 = PLANE ( 'NONE',  #2431 ) ;
#2419 = CARTESIAN_POINT ( 'NONE',  ( -1.000000000000000888, -3.000000000000000000, -25.04999999999999716 ) ) ;
#2420 = DIRECTION ( 'NONE',  ( -1.000000000000000000, 0.000000000000000000, 0.000000000000000000 ) ) ;
#2421 = DIRECTION ( 'NONE',  ( -0.000000000000000000, -1.000000000000000000, -0.000000000000000000 ) ) ;
#2422 = ORIENTED_EDGE ( 'NONE', *, *, #2480, .T. ) ;
#2423 = LINE ( 'NONE', #309, #1867 ) ;
#2424 = CARTESIAN_POINT ( 'NONE',  ( -51.99999999999997868, 4.000000000000000000, 14.50000000000000711 ) ) ;
#2425 = ORIENTED_EDGE ( 'NONE', *, *, #2936, .F. ) ;
#2426 = VERTEX_POINT ( 'NONE', #172 ) ;
#2427 = ORIENTED_EDGE ( 'NONE', *, *, #2207, .F. ) ;
#2428 = VERTEX_POINT ( 'NONE', #2763 ) ;
#2429 = LINE ( 'NONE', #2881, #2918 ) ;
#2430 = EDGE_CURVE ( 'NONE', #1650, #348, #2960, .T. ) ;
#2431 = AXIS2_PLACEMENT_3D ( 'NONE', #2609, #498, #1225 ) ;
#2432 = CARTESIAN_POINT ( 'NONE',  ( 59.99999999999999289, 0.000000000000000000, -30.00000000000001066 ) ) ;
#2433 = DIRECTION ( 'NONE',  ( 0.000000000000000000, 1.000000000000000000, 0.000000000000000000 ) ) ;
#2434 = VECTOR ( 'NONE', #1572, 1000.000000000000000 ) ;
#2435 = VECTOR ( 'NONE', #395, 1000.000000000000000 ) ;
#2436 = CARTESIAN_POINT ( 'NONE',  ( 28.99999999999998579, 0.000000000000000000, -14.49999999999999645 ) ) ;
#2437 = ORIENTED_EDGE ( 'NONE', *, *, #1776, .F. ) ;
#2438 = DIRECTION ( 'NONE',  ( -1.387778780781446415E-16, 0.000000000000000000, -1.000000000000000000 ) ) ;
#2439 = ORIENTED_EDGE ( 'NONE', *, *, #1521, .T. ) ;
#2440 = ORIENTED_EDGE ( 'NONE', *, *, #2455, .T. ) ;
#2441 = CARTESIAN_POINT ( 'NONE',  ( 1.000000000000000888, 0.000000000000000000, -25.04999999999999716 ) ) ;
#2442 = CARTESIAN_POINT ( 'NONE',  ( -27.00000000000000000, -2.035497451754345507E-15, -30.00000000000000711 ) ) ;
#2443 = EDGE_CURVE ( 'NONE', #1883, #2124, #1777, .T. ) ;
#2444 = ORIENTED_EDGE ( 'NONE', *, *, #1702, .F. ) ;
#2445 = ORIENTED_EDGE ( 'NONE', *, *, #2984, .T. ) ;
#2446 = VERTEX_POINT ( 'NONE', #2525 ) ;
#2447 = ORIENTED_EDGE ( 'NONE', *, *, #2590, .F. ) ;
#2448 = VECTOR ( 'NONE', #2287, 1000.000000000000000 ) ;
#2449 = CARTESIAN_POINT ( 'NONE',  ( -60.00000000000000000, 4.000000000000000000, -29.99999999999999645 ) ) ;
#2450 = CARTESIAN_POINT ( 'NONE',  ( -31.49999999999997868, 0.000000000000000000, -30.53649170988226658 ) ) ;
#2451 = AXIS2_PLACEMENT_3D ( 'NONE', #635, #865, #118 ) ;
#2452 = LINE ( 'NONE', #1452, #2927 ) ;
#2453 = CARTESIAN_POINT ( 'NONE',  ( -59.00000000000003553, -2.999999999999996447, 22.04999999999999716 ) ) ;
#2454 = EDGE_CURVE ( 'NONE', #115, #1914, #1819, .T. ) ;
#2455 = EDGE_CURVE ( 'NONE', #2682, #1197, #2516, .T. ) ;
#2456 = FACE_OUTER_BOUND ( 'NONE', #816, .T. ) ;
#2457 = ORIENTED_EDGE ( 'NONE', *, *, #2117, .T. ) ;
#2458 = PLANE ( 'NONE',  #2553 ) ;
#2459 = EDGE_LOOP ( 'NONE', ( #1464, #1248, #83, #751 ) ) ;
#2460 = LINE ( 'NONE', #2057, #915 ) ;
#2461 = FACE_OUTER_BOUND ( 'NONE', #1743, .T. ) ;
#2462 = ORIENTED_EDGE ( 'NONE', *, *, #1493, .F. ) ;
#2463 = CLOSED_SHELL ( 'NONE', ( #900, #339, #482, #1856, #398, #2799, #540, #2612, #2920, #1956, #1449, #227, #1494, #3017, #356, #7, #715, #857, #1879, #429, #866, #42, #1126, #2707, #2895, #1392, #2054, #236, #2511, #97, #2389, #765, #2289, #448, #2360, #1816, #864, #1649, #1354, #3036, #1335, #471, #2790, #1289, #934, #1902, #1065, #446, #1176, #1472, #1080, #2238, #1163, #319, #107, #1090, #209, #1506, #891, #264, #741, #1821, #676, #1793, #1041, #1938, #48, #184, #2305, #653, #2660, #1319, #708, #871, #2806, #1435, #2170, #2392, #1487, #1187, #1097, #2729, #2991, #1011, #2033, #2228, #532, #614, #408 ) ) ;
#2464 = VERTEX_POINT ( 'NONE', #2723 ) ;
#2465 = DIRECTION ( 'NONE',  ( -0.000000000000000000, -1.000000000000000000, -0.000000000000000000 ) ) ;
#2466 = EDGE_CURVE ( 'NONE', #812, #964, #2203, .T. ) ;
#2467 = LINE ( 'NONE', #2035, #1701 ) ;
#2468 = LINE ( 'NONE', #1255, #3006 ) ;
#2469 = DIRECTION ( 'NONE',  ( 1.000000000000000000, 0.000000000000000000, 0.000000000000000000 ) ) ;
#2470 = ORIENTED_EDGE ( 'NONE', *, *, #982, .F. ) ;
#2471 = FACE_OUTER_BOUND ( 'NONE', #2359, .T. ) ;
#2472 = ORIENTED_EDGE ( 'NONE', *, *, #940, .F. ) ;
#2473 = DIRECTION ( 'NONE',  ( 0.000000000000000000, 0.000000000000000000, 1.000000000000000000 ) ) ;
#2474 = CYLINDRICAL_SURFACE ( 'NONE', #1612, 2.000000000000003553 ) ;
#2475 = ORIENTED_EDGE ( 'NONE', *, *, #2704, .T. ) ;
#2476 = VERTEX_POINT ( 'NONE', #1098 ) ;
#2477 = VERTEX_POINT ( 'NONE', #2481 ) ;
#2478 = FACE_BOUND ( 'NONE', #2949, .T. ) ;
#2479 = DIRECTION ( 'NONE',  ( 0.000000000000000000, 0.000000000000000000, 1.000000000000000000 ) ) ;
#2480 = EDGE_CURVE ( 'NONE', #1996, #538, #2052, .T. ) ;
#2481 = CARTESIAN_POINT ( 'NONE',  ( -51.00000000000000000, -3.590766775043896519E-15, -30.00000000000000711 ) ) ;
#2482 = VERTEX_POINT ( 'NONE', #615 ) ;
#2483 = DIRECTION ( 'NONE',  ( -1.000000000000000000, -0.000000000000000000, -0.000000000000000000 ) ) ;
#2484 = ORIENTED_EDGE ( 'NONE', *, *, #2272, .F. ) ;
#2485 = CARTESIAN_POINT ( 'NONE',  ( 49.49999999999997868, 4.000000000000000000, -23.53649170988226658 ) ) ;
#2486 = CARTESIAN_POINT ( 'NONE',  ( 28.99999999999998579, 4.000000000000000000, -14.49999999999999645 ) ) ;
#2487 = VERTEX_POINT ( 'NONE', #1541 ) ;
#2488 = LINE ( 'NONE', #2277, #2020 ) ;
#2489 = AXIS2_PLACEMENT_3D ( 'NONE', #2096, #2797, #500 ) ;
#2490 = FACE_OUTER_BOUND ( 'NONE', #1476, .T. ) ;
#2491 = FACE_OUTER_BOUND ( 'NONE', #2875, .T. ) ;
#2492 = DIRECTION ( 'NONE',  ( 0.000000000000000000, 0.000000000000000000, 1.000000000000000000 ) ) ;
#2493 = EDGE_CURVE ( 'NONE', #2028, #2231, #368, .T. ) ;
#2494 = VECTOR ( 'NONE', #1107, 1000.000000000000000 ) ;
#2495 = FACE_BOUND ( 'NONE', #1236, .T. ) ;
#2496 = CIRCLE ( 'NONE', #2097, 2.999999999999999112 ) ;
#2497 = DIRECTION ( 'NONE',  ( -0.000000000000000000, 2.891205793294679312E-16, -1.000000000000000000 ) ) ;
#2498 = VECTOR ( 'NONE', #1352, 1000.000000000000000 ) ;
#2499 = CIRCLE ( 'NONE', #142, 2.999999999999999112 ) ;
#2500 = CARTESIAN_POINT ( 'NONE',  ( 59.00000000000003553, -1.000000000000004441, -20.05000000000000426 ) ) ;
#2501 = ORIENTED_EDGE ( 'NONE', *, *, #1680, .T. ) ;
#2502 = EDGE_CURVE ( 'NONE', #43, #1180, #2056, .T. ) ;
#2503 = EDGE_CURVE ( 'NONE', #954, #1648, #830, .T. ) ;
#2504 = CARTESIAN_POINT ( 'NONE',  ( -54.99999999999999289, 0.000000000000000000, -35.00000000000001421 ) ) ;
#2505 = CARTESIAN_POINT ( 'NONE',  ( -60.00000000000000000, 4.000000000000000000, -29.99999999999999645 ) ) ;
#2506 = DIRECTION ( 'NONE',  ( 0.000000000000000000, 0.000000000000000000, -1.000000000000000000 ) ) ;
#2507 = CARTESIAN_POINT ( 'NONE',  ( -31.49999999999997868, 4.000000000000000000, -23.53649170988226658 ) ) ;
#2508 = AXIS2_PLACEMENT_3D ( 'NONE', #1798, #2990, #1567 ) ;
#2509 = DIRECTION ( 'NONE',  ( 0.000000000000000000, 0.000000000000000000, -1.000000000000000000 ) ) ;
#2510 = CARTESIAN_POINT ( 'NONE',  ( -49.99999999999998579, 4.000000000000000000, 25.00000000000002842 ) ) ;
#2511 = ADVANCED_FACE ( 'NONE', ( #656 ), #162, .T. ) ;
#2512 = FACE_OUTER_BOUND ( 'NONE', #889, .T. ) ;
#2513 = AXIS2_PLACEMENT_3D ( 'NONE', #1826, #2250, #2756 ) ;
#2514 = CARTESIAN_POINT ( 'NONE',  ( -59.00000000000003553, -26.99999999999999289, -22.05000000000000426 ) ) ;
#2515 = EDGE_CURVE ( 'NONE', #1808, #2482, #645, .T. ) ;
#2516 = LINE ( 'NONE', #2500, #422 ) ;
#2517 = ORIENTED_EDGE ( 'NONE', *, *, #784, .T. ) ;
#2518 = LINE ( 'NONE', #2697, #1953 ) ;
#2519 = CARTESIAN_POINT ( 'NONE',  ( 51.00000000000000000, -13.50000000000000000, 22.04999999999999716 ) ) ;
#2520 = LINE ( 'NONE', #2306, #1201 ) ;
#2521 = CARTESIAN_POINT ( 'NONE',  ( -1.000000000000000000, 0.000000000000000000, 25.00000000000001421 ) ) ;
#2522 = PLANE ( 'NONE',  #1109 ) ;
#2523 = LINE ( 'NONE', #407, #2980 ) ;
#2524 = CARTESIAN_POINT ( 'NONE',  ( 59.99999999999999289, 4.000000000000000000, -30.00000000000001066 ) ) ;
#2525 = CARTESIAN_POINT ( 'NONE',  ( 26.99999999999999645, -3.529676744216246073E-16, -22.04999999999999716 ) ) ;
#2526 = VERTEX_POINT ( 'NONE', #2971 ) ;
#2527 = LINE ( 'NONE', #1174, #2637 ) ;
#2528 = DIRECTION ( 'NONE',  ( 0.000000000000000000, 1.000000000000000000, 0.000000000000000000 ) ) ;
#2529 = AXIS2_PLACEMENT_3D ( 'NONE', #1425, #2787, #1193 ) ;
#2530 = CARTESIAN_POINT ( 'NONE',  ( -51.99999999999997868, 4.000000000000000000, 12.50000000000000355 ) ) ;
#2531 = CARTESIAN_POINT ( 'NONE',  ( 26.99999999999999645, 0.000000000000000000, 25.04999999999999716 ) ) ;
#2532 = VECTOR ( 'NONE', #882, 1000.000000000000000 ) ;
#2533 = DIRECTION ( 'NONE',  ( 0.000000000000000000, 2.891205793294679312E-16, -1.000000000000000000 ) ) ;
#2534 = VERTEX_POINT ( 'NONE', #2708 ) ;
#2535 = CARTESIAN_POINT ( 'NONE',  ( -26.99999999999999645, -13.49999999999999467, -22.05000000000000071 ) ) ;
#2536 = EDGE_CURVE ( 'NONE', #1638, #2772, #1791, .T. ) ;
#2537 = VECTOR ( 'NONE', #212, 1000.000000000000000 ) ;
#2538 = CARTESIAN_POINT ( 'NONE',  ( 51.00000000000000000, -13.49999999999999289, -22.04999999999999716 ) ) ;
#2539 = EDGE_LOOP ( 'NONE', ( #707, #546 ) ) ;
#2540 = VECTOR ( 'NONE', #287, 1000.000000000000000 ) ;
#2541 = EDGE_CURVE ( 'NONE', #1533, #1382, #1586, .T. ) ;
#2542 = DIRECTION ( 'NONE',  ( 0.000000000000000000, 0.000000000000000000, -1.000000000000000000 ) ) ;
#2543 = AXIS2_PLACEMENT_3D ( 'NONE', #1664, #2601, #1384 ) ;
#2544 = DIRECTION ( 'NONE',  ( 0.000000000000000000, -1.000000000000000000, 0.000000000000000000 ) ) ;
#2545 = CARTESIAN_POINT ( 'NONE',  ( -25.00000000000000000, -1.956259810557654447E-15, -25.04999999999999716 ) ) ;
#2546 = DIRECTION ( 'NONE',  ( -1.000000000000000000, -0.000000000000000000, -0.000000000000000000 ) ) ;
#2547 = FACE_OUTER_BOUND ( 'NONE', #2322, .T. ) ;
#2548 = ORIENTED_EDGE ( 'NONE', *, *, #203, .T. ) ;
#2549 = VECTOR ( 'NONE', #2744, 1000.000000000000000 ) ;
#2550 = ORIENTED_EDGE ( 'NONE', *, *, #390, .T. ) ;
#2551 = EDGE_CURVE ( 'NONE', #1353, #1717, #2876, .T. ) ;
#2552 = CARTESIAN_POINT ( 'NONE',  ( -31.49999999999998579, -26.99999999999999645, -20.05000000000000426 ) ) ;
#2553 = AXIS2_PLACEMENT_3D ( 'NONE', #2402, #290, #1990 ) ;
#2554 = PRESENTATION_LAYER_ASSIGNMENT (  '', '', ( #534 ) ) ;
#2555 = CARTESIAN_POINT ( 'NONE',  ( 1.000000000000000000, -4.009904872681041752E-16, -25.04999999999999716 ) ) ;
#2556 = DIRECTION ( 'NONE',  ( 1.000000000000000000, -0.000000000000000000, -0.000000000000000000 ) ) ;
#2557 = VECTOR ( 'NONE', #367, 1000.000000000000000 ) ;
#2558 = CARTESIAN_POINT ( 'NONE',  ( -49.49999999999997868, 4.000000000000000000, -23.53649170988226658 ) ) ;
#2559 = VERTEX_POINT ( 'NONE', #353 ) ;
#2560 = CARTESIAN_POINT ( 'NONE',  ( -53.00000000000000000, -3.590766775043896519E-15, -30.00000000000000711 ) ) ;
#2561 = FACE_OUTER_BOUND ( 'NONE', #2717, .T. ) ;
#2562 = EDGE_LOOP ( 'NONE', ( #1693, #1884, #2462, #2140, #1768, #2470, #2670, #1234, #1923, #1542 ) ) ;
#2563 = EDGE_LOOP ( 'NONE', ( #2702, #1427, #1443, #2257 ) ) ;
#2564 = DIRECTION ( 'NONE',  ( 0.000000000000000000, 1.600760428215985392E-17, 1.000000000000000000 ) ) ;
#2565 = PLANE ( 'NONE',  #1357 ) ;
#2566 = EDGE_CURVE ( 'NONE', #964, #812, #228, .T. ) ;
#2567 = CARTESIAN_POINT ( 'NONE',  ( 28.99999999999998224, 4.000000000000000000, 12.50000000000000000 ) ) ;
#2568 = CARTESIAN_POINT ( 'NONE',  ( 59.00000000000003553, -3.000000000000000000, 22.04999999999999716 ) ) ;
#2569 = ORIENTED_EDGE ( 'NONE', *, *, #442, .T. ) ;
#2570 = PLANE ( 'NONE',  #2069 ) ;
#2571 = LINE ( 'NONE', #243, #1188 ) ;
#2572 = EDGE_LOOP ( 'NONE', ( #657, #1049, #2619, #1371 ) ) ;
#2573 = VERTEX_POINT ( 'NONE', #399 ) ;
#2574 = EDGE_CURVE ( 'NONE', #2950, #2559, #2066, .T. ) ;
#2575 = AXIS2_PLACEMENT_3D ( 'NONE', #762, #2438, #2644 ) ;
#2576 = CARTESIAN_POINT ( 'NONE',  ( 60.00000000000000000, 4.000000000000000000, 25.00000000000001421 ) ) ;
#2577 = DIRECTION ( 'NONE',  ( 0.000000000000000000, 0.000000000000000000, 1.000000000000000000 ) ) ;
#2578 = CIRCLE ( 'NONE', #1254, 5.000000000000007994 ) ;
#2579 = EDGE_CURVE ( 'NONE', #38, #908, #956, .T. ) ;
#2580 = EDGE_CURVE ( 'NONE', #488, #296, #3025, .T. ) ;
#2581 = DIRECTION ( 'NONE',  ( 0.000000000000000000, 0.000000000000000000, 1.000000000000000000 ) ) ;
#2582 = VECTOR ( 'NONE', #1519, 1000.000000000000000 ) ;
#2583 = VERTEX_POINT ( 'NONE', #1904 ) ;
#2584 = AXIS2_PLACEMENT_3D ( 'NONE', #2273, #1327, #1081 ) ;
#2585 = VECTOR ( 'NONE', #678, 1000.000000000000000 ) ;
#2586 = CARTESIAN_POINT ( 'NONE',  ( 28.99999999999998579, 4.000000000000000000, -14.49999999999999645 ) ) ;
#2587 = CARTESIAN_POINT ( 'NONE',  ( 28.99999999999998579, 4.000000000000000000, -16.50000000000000000 ) ) ;
#2588 = EDGE_LOOP ( 'NONE', ( #255, #1219 ) ) ;
#2589 = ORIENTED_EDGE ( 'NONE', *, *, #2805, .F. ) ;
#2590 = EDGE_CURVE ( 'NONE', #1412, #2446, #2, .T. ) ;
#2591 = EDGE_LOOP ( 'NONE', ( #1144, #1619, #2148, #577 ) ) ;
#2592 = VERTEX_POINT ( 'NONE', #929 ) ;
#2593 = DIRECTION ( 'NONE',  ( -1.000000000000000000, -0.000000000000000000, -0.000000000000000000 ) ) ;
#2594 = CARTESIAN_POINT ( 'NONE',  ( -28.99999999999998579, 0.000000000000000000, -12.49999999999999289 ) ) ;
#2595 = LINE ( 'NONE', #2363, #381 ) ;
#2596 = FACE_OUTER_BOUND ( 'NONE', #1477, .T. ) ;
#2597 = AXIS2_PLACEMENT_3D ( 'NONE', #2586, #1177, #1605 ) ;
#2598 = VERTEX_POINT ( 'NONE', #1876 ) ;
#2599 = ORIENTED_EDGE ( 'NONE', *, *, #1212, .F. ) ;
#2600 = DIRECTION ( 'NONE',  ( 0.000000000000000000, 1.000000000000000000, -0.000000000000000000 ) ) ;
#2601 = DIRECTION ( 'NONE',  ( -1.000000000000000000, 0.000000000000000000, 0.000000000000000000 ) ) ;
#2602 = ORIENTED_EDGE ( 'NONE', *, *, #1027, .F. ) ;
#2603 = ORIENTED_EDGE ( 'NONE', *, *, #2493, .T. ) ;
#2604 = ORIENTED_EDGE ( 'NONE', *, *, #1151, .F. ) ;
#2605 = ORIENTED_EDGE ( 'NONE', *, *, #1027, .T. ) ;
#2606 = EDGE_CURVE ( 'NONE', #766, #1684, #903, .T. ) ;
#2607 = VECTOR ( 'NONE', #1204, 1000.000000000000000 ) ;
#2608 = DIRECTION ( 'NONE',  ( 0.000000000000000000, 1.600760428215985392E-17, 1.000000000000000000 ) ) ;
#2609 = CARTESIAN_POINT ( 'NONE',  ( 1.630723402511559781E-30, -8.000000000000007105, -8.050000000000014921 ) ) ;
#2610 = DIRECTION ( 'NONE',  ( -0.000000000000000000, -1.000000000000000000, -0.000000000000000000 ) ) ;
#2611 = LINE ( 'NONE', #1728, #1351 ) ;
#2612 = ADVANCED_FACE ( 'NONE', ( #1862 ), #1844, .F. ) ;
#2613 = LINE ( 'NONE', #2504, #1910 ) ;
#2614 = VERTEX_POINT ( 'NONE', #1887 ) ;
#2615 = FACE_BOUND ( 'NONE', #1053, .T. ) ;
#2616 = CARTESIAN_POINT ( 'NONE',  ( -49.49999999999997868, 2.442630891331990308E-15, -8.050000000000011369 ) ) ;
#2617 = ORIENTED_EDGE ( 'NONE', *, *, #2625, .T. ) ;
#2618 = ORIENTED_EDGE ( 'NONE', *, *, #1112, .F. ) ;
#2619 = ORIENTED_EDGE ( 'NONE', *, *, #1628, .T. ) ;
#2620 = ORIENTED_EDGE ( 'NONE', *, *, #2047, .T. ) ;
#2621 = CYLINDRICAL_SURFACE ( 'NONE', #2866, 2.000000000000003553 ) ;
#2622 = DIRECTION ( 'NONE',  ( -1.000000000000000000, -0.000000000000000000, -0.000000000000000000 ) ) ;
#2623 = CARTESIAN_POINT ( 'NONE',  ( -59.00000000000003553, -27.00000000000000355, -3.306546357697854128E-15 ) ) ;
#2624 = AXIS2_PLACEMENT_3D ( 'NONE', #1434, #980, #1674 ) ;
#2625 = EDGE_CURVE ( 'NONE', #908, #347, #2080, .T. ) ;
#2626 = DIRECTION ( 'NONE',  ( 0.000000000000000000, 0.000000000000000000, 1.000000000000000000 ) ) ;
#2627 = CARTESIAN_POINT ( 'NONE',  ( 59.00000000000003553, -3.000000000000000000, 22.04999999999999716 ) ) ;
#2628 = EDGE_CURVE ( 'NONE', #2124, #298, #1172, .T. ) ;
#2629 = ORIENTED_EDGE ( 'NONE', *, *, #2007, .F. ) ;
#2630 = ORIENTED_EDGE ( 'NONE', *, *, #991, .F. ) ;
#2631 = CARTESIAN_POINT ( 'NONE',  ( -51.00000000000000000, -3.110538646579100445E-15, 30.00000000000000711 ) ) ;
#2632 = CIRCLE ( 'NONE', #1311, 2.000000000000003553 ) ;
#2633 = FACE_OUTER_BOUND ( 'NONE', #2366, .T. ) ;
#2634 = ORIENTED_EDGE ( 'NONE', *, *, #211, .T. ) ;
#2635 = VECTOR ( 'NONE', #1854, 1000.000000000000114 ) ;
#2636 = ORIENTED_EDGE ( 'NONE', *, *, #2191, .F. ) ;
#2637 = VECTOR ( 'NONE', #2989, 1000.000000000000000 ) ;
#2638 = ORIENTED_EDGE ( 'NONE', *, *, #1089, .F. ) ;
#2639 = ORIENTED_EDGE ( 'NONE', *, *, #1841, .T. ) ;
#2640 = FACE_OUTER_BOUND ( 'NONE', #2413, .T. ) ;
#2641 = CARTESIAN_POINT ( 'NONE',  ( -49.49999999999997868, 0.000000000000000000, -23.53649170988226658 ) ) ;
#2642 = DIRECTION ( 'NONE',  ( 0.000000000000000000, 0.000000000000000000, -1.000000000000000000 ) ) ;
#2643 = LINE ( 'NONE', #2188, #2002 ) ;
#2644 = DIRECTION ( 'NONE',  ( -1.000000000000000000, 0.000000000000000000, 1.387778780781446415E-16 ) ) ;
#2645 = ORIENTED_EDGE ( 'NONE', *, *, #1733, .T. ) ;
#2646 = EDGE_CURVE ( 'NONE', #1312, #2559, #760, .T. ) ;
#2647 = VERTEX_POINT ( 'NONE', #673 ) ;
#2648 = CARTESIAN_POINT ( 'NONE',  ( 59.00000000000003553, 0.000000000000000000, 22.04999999999999716 ) ) ;
#2649 = CIRCLE ( 'NONE', #2513, 2.000000000000003553 ) ;
#2650 = PLANE ( 'NONE',  #1454 ) ;
#2651 = VERTEX_POINT ( 'NONE', #2555 ) ;
#2652 = ORIENTED_EDGE ( 'NONE', *, *, #1167, .F. ) ;
#2653 = ORIENTED_EDGE ( 'NONE', *, *, #784, .F. ) ;
#2654 = ORIENTED_EDGE ( 'NONE', *, *, #1616, .T. ) ;
#2655 = ORIENTED_EDGE ( 'NONE', *, *, #1661, .T. ) ;
#2656 = CARTESIAN_POINT ( 'NONE',  ( -59.00000000000003553, -26.99999999999999645, -20.05000000000000426 ) ) ;
#2657 = DIRECTION ( 'NONE',  ( 1.000000000000000000, -0.000000000000000000, 0.000000000000000000 ) ) ;
#2658 = CARTESIAN_POINT ( 'NONE',  ( -1.000000000000000000, -13.49999999999999289, -22.04999999999999716 ) ) ;
#2659 = VECTOR ( 'NONE', #1818, 1000.000000000000000 ) ;
#2660 = ADVANCED_FACE ( 'NONE', ( #711 ), #2565, .F. ) ;
#2661 = DIRECTION ( 'NONE',  ( -0.000000000000000000, 0.5074384814422707723, 0.8616879873547979019 ) ) ;
#2662 = ORIENTED_EDGE ( 'NONE', *, *, #1616, .F. ) ;
#2663 = CARTESIAN_POINT ( 'NONE',  ( 60.00000000000000000, 0.000000000000000000, 25.00000000000001421 ) ) ;
#2664 = CARTESIAN_POINT ( 'NONE',  ( -1.000000000000000000, -3.000000000000000888, -22.04999999999999716 ) ) ;
#2665 = ORIENTED_EDGE ( 'NONE', *, *, #633, .F. ) ;
#2666 = LINE ( 'NONE', #1265, #271 ) ;
#2667 = CARTESIAN_POINT ( 'NONE',  ( 51.99999999999997868, 0.000000000000000000, 12.50000000000000355 ) ) ;
#2668 = ORIENTED_EDGE ( 'NONE', *, *, #2350, .T. ) ;
#2669 = ORIENTED_EDGE ( 'NONE', *, *, #306, .T. ) ;
#2670 = ORIENTED_EDGE ( 'NONE', *, *, #550, .T. ) ;
#2671 = ORIENTED_EDGE ( 'NONE', *, *, #2674, .T. ) ;
#2672 = CARTESIAN_POINT ( 'NONE',  ( -60.00000000000000000, 0.000000000000000000, -29.99999999999999645 ) ) ;
#2673 = LINE ( 'NONE', #2849, #1850 ) ;
#2674 = EDGE_CURVE ( 'NONE', #704, #1947, #1378, .T. ) ;
#2675 = CARTESIAN_POINT ( 'NONE',  ( 1.000000000000000000, -13.49999999999999289, -22.04999999999999716 ) ) ;
#2676 = VECTOR ( 'NONE', #2045, 1000.000000000000000 ) ;
#2677 = CARTESIAN_POINT ( 'NONE',  ( -52.99999999999999289, -3.000000000000000000, -25.04999999999999716 ) ) ;
#2678 = VERTEX_POINT ( 'NONE', #1417 ) ;
#2679 = VECTOR ( 'NONE', #1970, 1000.000000000000000 ) ;
#2680 = CARTESIAN_POINT ( 'NONE',  ( -51.99999999999997868, 4.000000000000000000, 12.50000000000000355 ) ) ;
#2681 = EDGE_CURVE ( 'NONE', #1328, #470, #2325, .T. ) ;
#2682 = VERTEX_POINT ( 'NONE', #1146 ) ;
#2683 = PLANE ( 'NONE',  #1016 ) ;
#2684 = CARTESIAN_POINT ( 'NONE',  ( 31.49999999999997868, 0.000000000000000000, -23.53649170988226302 ) ) ;
#2685 = ORIENTED_EDGE ( 'NONE', *, *, #1966, .F. ) ;
#2686 = ORIENTED_EDGE ( 'NONE', *, *, #771, .F. ) ;
#2687 = EDGE_LOOP ( 'NONE', ( #1040, #885, #1915 ) ) ;
#2688 = AXIS2_PLACEMENT_3D ( 'NONE', #1629, #1273, #551 ) ;
#2689 = DIRECTION ( 'NONE',  ( -1.000000000000000000, 0.000000000000000000, 0.000000000000000000 ) ) ;
#2690 = DIRECTION ( 'NONE',  ( 0.000000000000000000, 0.000000000000000000, -1.000000000000000000 ) ) ;
#2691 = VECTOR ( 'NONE', #1231, 1000.000000000000000 ) ;
#2692 = DIRECTION ( 'NONE',  ( 0.000000000000000000, 1.000000000000000000, 2.943455329680062335E-16 ) ) ;
#2693 = CARTESIAN_POINT ( 'NONE',  ( 1.630723402511559781E-30, -8.000000000000003553, -22.05000000000000071 ) ) ;
#2694 = ORIENTED_EDGE ( 'NONE', *, *, #2907, .F. ) ;
#2695 = DIRECTION ( 'NONE',  ( 0.000000000000000000, 1.000000000000000000, 0.000000000000000000 ) ) ;
#2696 = ORIENTED_EDGE ( 'NONE', *, *, #1127, .F. ) ;
#2697 = CARTESIAN_POINT ( 'NONE',  ( 26.99999999999999645, -13.49999999999999289, -22.04999999999999716 ) ) ;
#2698 = DIRECTION ( 'NONE',  ( 0.000000000000000000, 0.000000000000000000, 1.000000000000000000 ) ) ;
#2699 = ORIENTED_EDGE ( 'NONE', *, *, #1135, .T. ) ;
#2700 = VECTOR ( 'NONE', #371, 1000.000000000000000 ) ;
#2701 = VERTEX_POINT ( 'NONE', #1656 ) ;
#2702 = ORIENTED_EDGE ( 'NONE', *, *, #359, .T. ) ;
#2703 = LINE ( 'NONE', #2061, #2022 ) ;
#2704 = EDGE_CURVE ( 'NONE', #2830, #538, #2775, .T. ) ;
#2705 = CARTESIAN_POINT ( 'NONE',  ( 49.99999999999998579, 0.000000000000000000, 25.00000000000001421 ) ) ;
#2706 = CARTESIAN_POINT ( 'NONE',  ( 54.99999999999999289, 0.000000000000000000, -35.00000000000001421 ) ) ;
#2707 = ADVANCED_FACE ( 'NONE', ( #14 ), #3026, .F. ) ;
#2708 = CARTESIAN_POINT ( 'NONE',  ( -51.00000000000000000, -3.110538646579100445E-15, 25.04999999999999716 ) ) ;
#2709 = ORIENTED_EDGE ( 'NONE', *, *, #613, .F. ) ;
#2710 = DIRECTION ( 'NONE',  ( -1.000000000000000000, -0.000000000000000000, -0.000000000000000000 ) ) ;
#2711 = ORIENTED_EDGE ( 'NONE', *, *, #1865, .T. ) ;
#2712 = CARTESIAN_POINT ( 'NONE',  ( 49.49999999999997868, 0.000000000000000000, -23.53649170988226658 ) ) ;
#2713 = EDGE_CURVE ( 'NONE', #2811, #556, #958, .T. ) ;
#2714 = CARTESIAN_POINT ( 'NONE',  ( -49.49999999999997868, 0.000000000000000000, -30.53649170988226658 ) ) ;
#2715 = ORIENTED_EDGE ( 'NONE', *, *, #306, .F. ) ;
#2716 = CARTESIAN_POINT ( 'NONE',  ( 49.49999999999997868, -26.99999999999999645, -20.05000000000000426 ) ) ;
#2717 = EDGE_LOOP ( 'NONE', ( #1885, #2356, #1903, #2439 ) ) ;
#2718 = DIRECTION ( 'NONE',  ( 0.000000000000000000, 1.000000000000000000, 0.000000000000000000 ) ) ;
#2719 = CARTESIAN_POINT ( 'NONE',  ( 60.00000000000000000, 4.000000000000000000, 25.00000000000001421 ) ) ;
#2720 = EDGE_CURVE ( 'NONE', #1412, #102, #2794, .T. ) ;
#2721 = CARTESIAN_POINT ( 'NONE',  ( -49.99999999999997158, 0.000000000000000000, 35.00000000000000711 ) ) ;
#2722 = LINE ( 'NONE', #2658, #2292 ) ;
#2723 = CARTESIAN_POINT ( 'NONE',  ( 28.99999999999998579, 0.000000000000000000, -16.50000000000000000 ) ) ;
#2724 = EDGE_LOOP ( 'NONE', ( #12, #2182, #2602 ) ) ;
#2725 = DIRECTION ( 'NONE',  ( -1.000000000000000000, -0.000000000000000000, -0.000000000000000000 ) ) ;
#2726 = EDGE_CURVE ( 'NONE', #1018, #2742, #426, .T. ) ;
#2727 = ORIENTED_EDGE ( 'NONE', *, *, #2580, .T. ) ;
#2728 = LINE ( 'NONE', #620, #1603 ) ;
#2729 = ADVANCED_FACE ( 'NONE', ( #687 ), #197, .F. ) ;
#2730 = DIRECTION ( 'NONE',  ( 0.000000000000000000, 0.000000000000000000, -1.000000000000000000 ) ) ;
#2731 = CARTESIAN_POINT ( 'NONE',  ( 1.000000000000000000, 0.000000000000000000, 25.04999999999999716 ) ) ;
#2732 = VECTOR ( 'NONE', #2689, 1000.000000000000000 ) ;
#2733 = FACE_BOUND ( 'NONE', #71, .T. ) ;
#2734 = CARTESIAN_POINT ( 'NONE',  ( 51.99999999999998579, 0.000000000000000000, -16.49999999999999645 ) ) ;
#2735 = DIRECTION ( 'NONE',  ( -2.523234146875355012E-16, 0.000000000000000000, -1.000000000000000000 ) ) ;
#2736 = VECTOR ( 'NONE', #2608, 1000.000000000000000 ) ;
#2737 = FACE_OUTER_BOUND ( 'NONE', #684, .T. ) ;
#2738 = CARTESIAN_POINT ( 'NONE',  ( 59.00000000000003553, 2.452355215292570711E-15, -20.05000000000000426 ) ) ;
#2739 = VECTOR ( 'NONE', #2610, 1000.000000000000000 ) ;
#2740 = AXIS2_PLACEMENT_3D ( 'NONE', #1663, #2600, #489 ) ;
#2741 = DIRECTION ( 'NONE',  ( 0.000000000000000000, 0.000000000000000000, -1.000000000000000000 ) ) ;
#2742 = VERTEX_POINT ( 'NONE', #1224 ) ;
#2743 = CARTESIAN_POINT ( 'NONE',  ( -25.00000000000000000, -2.035497451754345507E-15, -30.00000000000000711 ) ) ;
#2744 = DIRECTION ( 'NONE',  ( 0.000000000000000000, 1.000000000000000000, 0.000000000000000000 ) ) ;
#2745 = EDGE_CURVE ( 'NONE', #1930, #2534, #1508, .T. ) ;
#2746 = DIRECTION ( 'NONE',  ( 0.000000000000000000, 1.000000000000000000, 0.000000000000000000 ) ) ;
#2747 = CARTESIAN_POINT ( 'NONE',  ( 31.49999999999998579, -8.000000000000003553, -20.05000000000000071 ) ) ;
#2748 = CARTESIAN_POINT ( 'NONE',  ( 59.00000000000003553, -27.00000000000000000, 20.04999999999999716 ) ) ;
#2749 = CARTESIAN_POINT ( 'NONE',  ( -1.000000000000000000, -13.50000000000000000, 22.04999999999999716 ) ) ;
#2750 = CARTESIAN_POINT ( 'NONE',  ( 49.49999999999997868, 0.000000000000000000, -30.53649170988226658 ) ) ;
#2751 = CARTESIAN_POINT ( 'NONE',  ( -49.49999999999997868, 4.000000000000000000, -30.53649170988226658 ) ) ;
#2752 = ORIENTED_EDGE ( 'NONE', *, *, #1326, .F. ) ;
#2753 = CARTESIAN_POINT ( 'NONE',  ( 59.00000000000003553, -26.99999999999999289, -22.05000000000000426 ) ) ;
#2754 = CARTESIAN_POINT ( 'NONE',  ( -59.00000000000003553, 0.000000000000000000, -20.05000000000000426 ) ) ;
#2755 = LINE ( 'NONE', #2530, #2739 ) ;
#2756 = DIRECTION ( 'NONE',  ( 0.000000000000000000, 0.000000000000000000, -1.000000000000000000 ) ) ;
#2757 = FACE_OUTER_BOUND ( 'NONE', #1210, .T. ) ;
#2758 = EDGE_LOOP ( 'NONE', ( #2386, #1698, #2180 ) ) ;
#2759 = DIRECTION ( 'NONE',  ( 0.000000000000000000, 0.000000000000000000, 1.000000000000000000 ) ) ;
#2760 = EDGE_CURVE ( 'NONE', #2942, #2651, #742, .T. ) ;
#2761 = DIRECTION ( 'NONE',  ( -1.000000000000000000, 0.000000000000000000, -0.000000000000000000 ) ) ;
#2762 = EDGE_CURVE ( 'NONE', #1209, #2647, #337, .T. ) ;
#2763 = CARTESIAN_POINT ( 'NONE',  ( 53.00000000000000000, -4.009904872681041752E-16, -25.04999999999999716 ) ) ;
#2764 = ORIENTED_EDGE ( 'NONE', *, *, #1218, .F. ) ;
#2765 = CYLINDRICAL_SURFACE ( 'NONE', #764, 20.05000000000000071 ) ;
#2766 = DIRECTION ( 'NONE',  ( 1.000000000000000000, -0.000000000000000000, -0.000000000000000000 ) ) ;
#2767 = EDGE_CURVE ( 'NONE', #719, #1883, #2375, .T. ) ;
#2768 = DIRECTION ( 'NONE',  ( 1.000000000000000000, -0.000000000000000000, 0.000000000000000000 ) ) ;
#2769 = CARTESIAN_POINT ( 'NONE',  ( 31.49999999999997868, 4.000000000000000000, -30.53649170988227013 ) ) ;
#2770 = VECTOR ( 'NONE', #963, 1000.000000000000000 ) ;
#2771 = DIRECTION ( 'NONE',  ( 0.000000000000000000, 0.000000000000000000, -1.000000000000000000 ) ) ;
#2772 = VERTEX_POINT ( 'NONE', #793 ) ;
#2773 = ORIENTED_EDGE ( 'NONE', *, *, #1627, .T. ) ;
#2774 = DIRECTION ( 'NONE',  ( 0.000000000000000000, 0.000000000000000000, 1.000000000000000000 ) ) ;
#2775 = CIRCLE ( 'NONE', #665, 5.000000000000000888 ) ;
#2776 = CARTESIAN_POINT ( 'NONE',  ( -1.000000000000000888, -3.000000000000000000, 25.04999999999999716 ) ) ;
#2777 = ORIENTED_EDGE ( 'NONE', *, *, #2398, .F. ) ;
#2778 = CARTESIAN_POINT ( 'NONE',  ( -28.99999999999998579, 0.000000000000000000, -16.50000000000000000 ) ) ;
#2779 = VECTOR ( 'NONE', #2256, 1000.000000000000000 ) ;
#2780 = CIRCLE ( 'NONE', #2451, 2.000000000000003553 ) ;
#2781 = CARTESIAN_POINT ( 'NONE',  ( 24.99999999999999645, 0.000000000000000000, 0.000000000000000000 ) ) ;
#2782 = VECTOR ( 'NONE', #2196, 1000.000000000000000 ) ;
#2783 = ORIENTED_EDGE ( 'NONE', *, *, #390, .F. ) ;
#2784 = CIRCLE ( 'NONE', #1142, 20.05000000000000071 ) ;
#2785 = CARTESIAN_POINT ( 'NONE',  ( -28.99999999999998579, 4.000000000000000000, -14.49999999999999645 ) ) ;
#2786 = CARTESIAN_POINT ( 'NONE',  ( -26.99999999999999645, -3.000000000000000000, 25.04999999999999716 ) ) ;
#2787 = DIRECTION ( 'NONE',  ( -1.000000000000000000, 0.000000000000000000, 0.000000000000000000 ) ) ;
#2788 = ORIENTED_EDGE ( 'NONE', *, *, #1680, .F. ) ;
#2789 = AXIS2_PLACEMENT_3D ( 'NONE', #1390, #2556, #1532 ) ;
#2790 = ADVANCED_FACE ( 'NONE', ( #530 ), #2185, .F. ) ;
#2791 = ORIENTED_EDGE ( 'NONE', *, *, #596, .T. ) ;
#2792 = PLANE ( 'NONE',  #401 ) ;
#2793 = AXIS2_PLACEMENT_3D ( 'NONE', #1441, #256, #2160 ) ;
#2794 = LINE ( 'NONE', #2538, #1895 ) ;
#2795 = CARTESIAN_POINT ( 'NONE',  ( 53.00000000000000000, -13.49999999999999289, -22.04999999999999716 ) ) ;
#2796 = VECTOR ( 'NONE', #3000, 1000.000000000000000 ) ;
#2797 = DIRECTION ( 'NONE',  ( -0.000000000000000000, -1.000000000000000000, -0.000000000000000000 ) ) ;
#2798 = VERTEX_POINT ( 'NONE', #992 ) ;
#2799 = ADVANCED_FACE ( 'NONE', ( #1687 ), #1470, .F. ) ;
#2800 = FACE_BOUND ( 'NONE', #1282, .T. ) ;
#2801 = CARTESIAN_POINT ( 'NONE',  ( -51.00000000000000000, -3.463506321000725299E-15, -22.04999999999999716 ) ) ;
#2802 = AXIS2_PLACEMENT_3D ( 'NONE', #1831, #1804, #1611 ) ;
#2803 = ORIENTED_EDGE ( 'NONE', *, *, #2088, .F. ) ;
#2804 = VERTEX_POINT ( 'NONE', #1028 ) ;
#2805 = EDGE_CURVE ( 'NONE', #298, #719, #1238, .T. ) ;
#2806 = ADVANCED_FACE ( 'NONE', ( #2220 ), #111, .F. ) ;
#2807 = CARTESIAN_POINT ( 'NONE',  ( -49.49999999999997868, 0.000000000000000000, -30.53649170988226658 ) ) ;
#2808 = DIRECTION ( 'NONE',  ( -1.000000000000000000, 0.000000000000000000, 0.000000000000000000 ) ) ;
#2809 = DIRECTION ( 'NONE',  ( -1.000000000000000000, 0.000000000000000000, -0.000000000000000000 ) ) ;
#2810 = EDGE_CURVE ( 'NONE', #163, #2939, #1044, .T. ) ;
#2811 = VERTEX_POINT ( 'NONE', #60 ) ;
#2812 = FACE_OUTER_BOUND ( 'NONE', #2839, .T. ) ;
#2813 = CARTESIAN_POINT ( 'NONE',  ( 51.00000000000000000, -4.001901070539964651E-16, -25.00000000000001421 ) ) ;
#2814 = ORIENTED_EDGE ( 'NONE', *, *, #584, .F. ) ;
#2815 = AXIS2_PLACEMENT_3D ( 'NONE', #351, #827, #338 ) ;
#2816 = ORIENTED_EDGE ( 'NONE', *, *, #1869, .T. ) ;
#2817 = AXIS2_PLACEMENT_3D ( 'NONE', #610, #2296, #641 ) ;
#2818 = VERTEX_POINT ( 'NONE', #1253 ) ;
#2819 = ORIENTED_EDGE ( 'NONE', *, *, #2072, .T. ) ;
#2820 = EDGE_CURVE ( 'NONE', #2369, #593, #74, .T. ) ;
#2821 = DIRECTION ( 'NONE',  ( -0.000000000000000000, -1.000000000000000000, -0.000000000000000000 ) ) ;
#2822 = CARTESIAN_POINT ( 'NONE',  ( -51.99999999999998579, 0.000000000000000000, -12.49999999999999112 ) ) ;
#2823 = DIRECTION ( 'NONE',  ( -0.000000000000000000, -0.000000000000000000, 1.000000000000000000 ) ) ;
#2824 = ORIENTED_EDGE ( 'NONE', *, *, #2937, .F. ) ;
#2825 = ORIENTED_EDGE ( 'NONE', *, *, #2186, .T. ) ;
#2826 = LINE ( 'NONE', #1152, #1822 ) ;
#2827 = PLANE ( 'NONE',  #2543 ) ;
#2828 = ORIENTED_EDGE ( 'NONE', *, *, #2373, .F. ) ;
#2829 = EDGE_CURVE ( 'NONE', #2104, #2886, #2864, .T. ) ;
#2830 = VERTEX_POINT ( 'NONE', #2432 ) ;
#2831 = PRODUCT_DEFINITION_CONTEXT ( 'detailed design', #1561, 'design' ) ;
#2832 = VERTEX_POINT ( 'NONE', #1704 ) ;
#2833 = EDGE_LOOP ( 'NONE', ( #2484, #2926 ) ) ;
#2834 = EDGE_CURVE ( 'NONE', #1770, #487, #2338, .T. ) ;
#2835 = DIRECTION ( 'NONE',  ( 0.000000000000000000, 0.000000000000000000, -1.000000000000000000 ) ) ;
#2836 = PLANE ( 'NONE',  #1640 ) ;
#2837 = DIRECTION ( 'NONE',  ( 0.000000000000000000, 0.000000000000000000, -1.000000000000000000 ) ) ;
#2838 = CARTESIAN_POINT ( 'NONE',  ( -49.49999999999998579, 4.000000000000000000, -23.53649170988226302 ) ) ;
#2839 = EDGE_LOOP ( 'NONE', ( #1969, #1247, #1975, #475 ) ) ;
#2840 = ORIENTED_EDGE ( 'NONE', *, *, #2959, .T. ) ;
#2841 = CARTESIAN_POINT ( 'NONE',  ( -51.00000000000000000, -3.590766775043896519E-15, -30.00000000000000711 ) ) ;
#2842 = FACE_OUTER_BOUND ( 'NONE', #790, .T. ) ;
#2843 = VERTEX_POINT ( 'NONE', #1972 ) ;
#2844 = ORIENTED_EDGE ( 'NONE', *, *, #2125, .T. ) ;
#2845 = ORIENTED_EDGE ( 'NONE', *, *, #2480, .F. ) ;
#2846 = ORIENTED_EDGE ( 'NONE', *, *, #2072, .F. ) ;
#2847 = CARTESIAN_POINT ( 'NONE',  ( -51.99999999999998579, 4.000000000000000000, -16.49999999999999645 ) ) ;
#2848 = EDGE_CURVE ( 'NONE', #2115, #1550, #1740, .T. ) ;
#2849 = CARTESIAN_POINT ( 'NONE',  ( 59.00000000000003553, 3.469446951953614189E-15, 20.04999999999999716 ) ) ;
#2850 = EDGE_CURVE ( 'NONE', #52, #2647, #2673, .T. ) ;
#2851 = CARTESIAN_POINT ( 'NONE',  ( 28.99999999999998224, 4.000000000000000000, 14.50000000000000355 ) ) ;
#2852 = DIRECTION ( 'NONE',  ( -1.000000000000000000, 0.000000000000000000, 0.000000000000000000 ) ) ;
#2853 = CARTESIAN_POINT ( 'NONE',  ( -31.49999999999997158, 0.000000000000000000, -23.53649170988226302 ) ) ;
#2854 = VERTEX_POINT ( 'NONE', #512 ) ;
#2855 = ORIENTED_EDGE ( 'NONE', *, *, #2355, .T. ) ;
#2856 = VECTOR ( 'NONE', #1846, 1000.000000000000000 ) ;
#2857 = FACE_BOUND ( 'NONE', #1022, .T. ) ;
#2858 = CARTESIAN_POINT ( 'NONE',  ( 1.630723402511559781E-30, -8.000000000000003553, -22.05000000000000071 ) ) ;
#2859 = ORIENTED_EDGE ( 'NONE', *, *, #634, .T. ) ;
#2860 = ORIENTED_EDGE ( 'NONE', *, *, #852, .F. ) ;
#2861 = EDGE_LOOP ( 'NONE', ( #327, #2860, #1795, #1958 ) ) ;
#2862 = VERTEX_POINT ( 'NONE', #1430 ) ;
#2863 = LINE ( 'NONE', #1754, #2732 ) ;
#2864 = LINE ( 'NONE', #757, #1009 ) ;
#2865 = CARTESIAN_POINT ( 'NONE',  ( 59.00000000000003553, 3.469446951953614189E-15, 22.04999999999999716 ) ) ;
#2866 = AXIS2_PLACEMENT_3D ( 'NONE', #73, #1199, #792 ) ;
#2867 = DIRECTION ( 'NONE',  ( 0.000000000000000000, 0.5074384814422705503, -0.8616879873547980129 ) ) ;
#2868 = CARTESIAN_POINT ( 'NONE',  ( 51.00000000000000000, 0.000000000000000000, 25.00000000000001421 ) ) ;
#2869 = ORIENTED_EDGE ( 'NONE', *, *, #4, .T. ) ;
#2870 = VECTOR ( 'NONE', #185, 1000.000000000000000 ) ;
#2871 = ORIENTED_EDGE ( 'NONE', *, *, #526, .T. ) ;
#2872 = FACE_OUTER_BOUND ( 'NONE', #646, .T. ) ;
#2873 = PRODUCT_DEFINITION_FORMATION_WITH_SPECIFIED_SOURCE ( 'ANY', '', #285, .NOT_KNOWN. ) ;
#2874 = CARTESIAN_POINT ( 'NONE',  ( 28.99999999999998224, 0.000000000000000000, 14.50000000000000355 ) ) ;
#2875 = EDGE_LOOP ( 'NONE', ( #1134, #294, #691, #1683, #2225, #427, #506, #1909, #1967 ) ) ;
#2876 = CIRCLE ( 'NONE', #1563, 22.05000000000000071 ) ;
#2877 = ORIENTED_EDGE ( 'NONE', *, *, #2068, .F. ) ;
#2878 = ORIENTED_EDGE ( 'NONE', *, *, #2713, .T. ) ;
#2879 = ORIENTED_EDGE ( 'NONE', *, *, #159, .F. ) ;
#2880 = ORIENTED_EDGE ( 'NONE', *, *, #1847, .T. ) ;
#2881 = CARTESIAN_POINT ( 'NONE',  ( 31.49999999999997868, 4.000000000000000000, -23.53649170988226658 ) ) ;
#2882 = EDGE_CURVE ( 'NONE', #262, #2573, #2452, .T. ) ;
#2883 = DIRECTION ( 'NONE',  ( 0.000000000000000000, 0.5074384814422705503, -0.8616879873547980129 ) ) ;
#2884 = CARTESIAN_POINT ( 'NONE',  ( 49.49999999999997868, -8.000000000000007105, -8.050000000000014921 ) ) ;
#2885 = DIRECTION ( 'NONE',  ( 0.000000000000000000, 0.000000000000000000, -1.000000000000000000 ) ) ;
#2886 = VERTEX_POINT ( 'NONE', #611 ) ;
#2887 = CARTESIAN_POINT ( 'NONE',  ( 31.49999999999997868, 0.000000000000000000, -23.53649170988226658 ) ) ;
#2888 = ORIENTED_EDGE ( 'NONE', *, *, #2132, .T. ) ;
#2889 = VERTEX_POINT ( 'NONE', #2236 ) ;
#2890 = FACE_BOUND ( 'NONE', #2861, .T. ) ;
#2891 = CIRCLE ( 'NONE', #1169, 5.000000000000007994 ) ;
#2892 = LINE ( 'NONE', #2923, #2259 ) ;
#2893 = ORIENTED_EDGE ( 'NONE', *, *, #550, .F. ) ;
#2894 = ORIENTED_EDGE ( 'NONE', *, *, #433, .F. ) ;
#2895 = ADVANCED_FACE ( 'NONE', ( #2512 ), #383, .F. ) ;
#2896 = ORIENTED_EDGE ( 'NONE', *, *, #898, .F. ) ;
#2897 = LINE ( 'NONE', #2656, #1555 ) ;
#2898 = DIRECTION ( 'NONE',  ( -0.000000000000000000, -1.000000000000000000, -0.000000000000000000 ) ) ;
#2899 = CYLINDRICAL_SURFACE ( 'NONE', #174, 2.000000000000003553 ) ;
#2900 = EDGE_CURVE ( 'NONE', #2742, #447, #1789, .T. ) ;
#2901 = CARTESIAN_POINT ( 'NONE',  ( -31.49999999999997868, 4.000000000000000000, -23.53649170988226658 ) ) ;
#2902 = ORIENTED_EDGE ( 'NONE', *, *, #2574, .F. ) ;
#2903 = DIRECTION ( 'NONE',  ( -0.000000000000000000, 0.8616879873547977908, -0.5074384814422706613 ) ) ;
#2904 = DIRECTION ( 'NONE',  ( -0.000000000000000000, -1.000000000000000000, -0.000000000000000000 ) ) ;
#2905 = ORIENTED_EDGE ( 'NONE', *, *, #253, .T. ) ;
#2906 = LINE ( 'NONE', #328, #1565 ) ;
#2907 = EDGE_CURVE ( 'NONE', #2200, #1989, #82, .T. ) ;
#2908 = CARTESIAN_POINT ( 'NONE',  ( -59.00000000000003553, 0.000000000000000000, 25.04999999999999716 ) ) ;
#2909 = EDGE_LOOP ( 'NONE', ( #33, #1039, #2440, #2905 ) ) ;
#2910 = ORIENTED_EDGE ( 'NONE', *, *, #2820, .T. ) ;
#2911 =( NAMED_UNIT ( * ) SI_UNIT ( $, .STERADIAN. ) SOLID_ANGLE_UNIT ( ) );
#2912 = CARTESIAN_POINT ( 'NONE',  ( 1.000000000000000888, -3.000000000000000000, 25.04999999999999716 ) ) ;
#2913 = CARTESIAN_POINT ( 'NONE',  ( -53.00000000000000000, -13.50000000000000355, 22.04999999999999716 ) ) ;
#2914 = FACE_OUTER_BOUND ( 'NONE', #1409, .T. ) ;
#2915 = AXIS2_PLACEMENT_3D ( 'NONE', #460, #2143, #3034 ) ;
#2916 = DIRECTION ( 'NONE',  ( 0.000000000000000000, 0.000000000000000000, -1.000000000000000000 ) ) ;
#2917 = EDGE_LOOP ( 'NONE', ( #173, #767, #1013, #254 ) ) ;
#2918 = VECTOR ( 'NONE', #755, 1000.000000000000000 ) ;
#2919 = DIRECTION ( 'NONE',  ( -0.000000000000000000, -1.000000000000000000, -0.000000000000000000 ) ) ;
#2920 = ADVANCED_FACE ( 'NONE', ( #1059, #1287, #581, #2981, #1094, #2297, #2495, #396, #2478, #2737, #1323, #350, #2933 ), #874, .F. ) ;
#2921 = ORIENTED_EDGE ( 'NONE', *, *, #1272, .F. ) ;
#2922 = DIRECTION ( 'NONE',  ( -0.000000000000000000, -1.000000000000000000, -0.000000000000000000 ) ) ;
#2923 = CARTESIAN_POINT ( 'NONE',  ( -28.99999999999998579, 4.000000000000000000, -12.49999999999999289 ) ) ;
#2924 = ORIENTED_EDGE ( 'NONE', *, *, #2412, .F. ) ;
#2925 = ORIENTED_EDGE ( 'NONE', *, *, #2566, .F. ) ;
#2926 = ORIENTED_EDGE ( 'NONE', *, *, #1724, .F. ) ;
#2927 = VECTOR ( 'NONE', #265, 1000.000000000000000 ) ;
#2928 = DIRECTION ( 'NONE',  ( 0.000000000000000000, 0.000000000000000000, -1.000000000000000000 ) ) ;
#2929 = FACE_OUTER_BOUND ( 'NONE', #1299, .T. ) ;
#2930 = EDGE_CURVE ( 'NONE', #296, #488, #2632, .T. ) ;
#2931 = VECTOR ( 'NONE', #1658, 1000.000000000000000 ) ;
#2932 = VECTOR ( 'NONE', #358, 1000.000000000000000 ) ;
#2933 = FACE_BOUND ( 'NONE', #272, .T. ) ;
#2934 = VECTOR ( 'NONE', #2127, 1000.000000000000000 ) ;
#2935 = LINE ( 'NONE', #2884, #2042 ) ;
#2936 = EDGE_CURVE ( 'NONE', #348, #2346, #2467, .T. ) ;
#2937 = EDGE_CURVE ( 'NONE', #1235, #1684, #1153, .T. ) ;
#2938 = DIRECTION ( 'NONE',  ( -0.000000000000000000, -1.000000000000000000, -0.000000000000000000 ) ) ;
#2939 = VERTEX_POINT ( 'NONE', #1571 ) ;
#2940 = CARTESIAN_POINT ( 'NONE',  ( 49.99999999999998579, 4.000000000000000000, 25.00000000000001421 ) ) ;
#2941 = AXIS2_PLACEMENT_3D ( 'NONE', #2507, #135, #854 ) ;
#2942 = VERTEX_POINT ( 'NONE', #1336 ) ;
#2943 = CARTESIAN_POINT ( 'NONE',  ( 24.99999999999999289, -3.000000000000000000, 25.04999999999999716 ) ) ;
#2944 = CARTESIAN_POINT ( 'NONE',  ( 51.00000000000000000, 0.000000000000000000, 25.04999999999999716 ) ) ;
#2945 = ORIENTED_EDGE ( 'NONE', *, *, #1568, .F. ) ;
#2946 = VECTOR ( 'NONE', #2483, 1000.000000000000000 ) ;
#2947 = CARTESIAN_POINT ( 'NONE',  ( 51.99999999999997868, 4.000000000000000000, 16.50000000000001066 ) ) ;
#2948 = EDGE_CURVE ( 'NONE', #2651, #862, #2496, .T. ) ;
#2949 = EDGE_LOOP ( 'NONE', ( #547, #2727 ) ) ;
#2950 = VERTEX_POINT ( 'NONE', #2749 ) ;
#2951 = VECTOR ( 'NONE', #855, 1000.000000000000000 ) ;
#2952 = DIRECTION ( 'NONE',  ( 0.000000000000000000, 0.000000000000000000, 1.000000000000000000 ) ) ;
#2953 = CARTESIAN_POINT ( 'NONE',  ( 49.49999999999997868, 2.442630891331990308E-15, -8.050000000000011369 ) ) ;
#2954 = DIRECTION ( 'NONE',  ( 0.000000000000000000, 1.000000000000000000, 0.000000000000000000 ) ) ;
#2955 = AXIS2_PLACEMENT_3D ( 'NONE', #146, #1987, #1078 ) ;
#2956 = CARTESIAN_POINT ( 'NONE',  ( 51.99999999999997868, 4.000000000000000000, 14.50000000000000711 ) ) ;
#2957 = EDGE_CURVE ( 'NONE', #796, #908, #170, .T. ) ;
#2958 = LINE ( 'NONE', #810, #1469 ) ;
#2959 = EDGE_CURVE ( 'NONE', #1941, #2647, #125, .T. ) ;
#2960 = LINE ( 'NONE', #888, #763 ) ;
#2961 = ORIENTED_EDGE ( 'NONE', *, *, #1585, .F. ) ;
#2962 = LINE ( 'NONE', #849, #585 ) ;
#2963 = ORIENTED_EDGE ( 'NONE', *, *, #1167, .T. ) ;
#2964 = LINE ( 'NONE', #851, #89 ) ;
#2965 = LINE ( 'NONE', #455, #2108 ) ;
#2966 = CARTESIAN_POINT ( 'NONE',  ( 24.99999999999999645, 0.000000000000000000, 30.00000000000000711 ) ) ;
#2967 = PRESENTATION_STYLE_ASSIGNMENT (( #2032 ) ) ;
#2968 = DIRECTION ( 'NONE',  ( -0.000000000000000000, -1.000000000000000000, -0.000000000000000000 ) ) ;
#2969 = DIRECTION ( 'NONE',  ( 0.000000000000000000, -0.000000000000000000, 1.000000000000000000 ) ) ;
#2970 = LINE ( 'NONE', #630, #566 ) ;
#2971 = CARTESIAN_POINT ( 'NONE',  ( -27.00000000000000000, -1.555269323289550222E-15, 30.00000000000000711 ) ) ;
#2972 = ORIENTED_EDGE ( 'NONE', *, *, #2279, .T. ) ;
#2973 = EDGE_CURVE ( 'NONE', #2886, #2028, #2578, .T. ) ;
#2974 = DIRECTION ( 'NONE',  ( -0.000000000000000000, 0.8616879873547977908, -0.5074384814422706613 ) ) ;
#2975 = DIRECTION ( 'NONE',  ( -0.000000000000000000, 0.5074384814422707723, 0.8616879873547979019 ) ) ;
#2976 = CIRCLE ( 'NONE', #2624, 2.000000000000003553 ) ;
#2977 = FACE_OUTER_BOUND ( 'NONE', #3032, .T. ) ;
#2978 = FILL_AREA_STYLE_COLOUR ( '', #1414 ) ;
#2979 = FACE_OUTER_BOUND ( 'NONE', #2758, .T. ) ;
#2980 = VECTOR ( 'NONE', #1119, 1000.000000000000000 ) ;
#2981 = FACE_BOUND ( 'NONE', #1181, .T. ) ;
#2982 = AXIS2_PLACEMENT_3D ( 'NONE', #2705, #597, #2759 ) ;
#2983 = DIRECTION ( 'NONE',  ( 0.000000000000000000, 0.000000000000000000, -1.000000000000000000 ) ) ;
#2984 = EDGE_CURVE ( 'NONE', #2843, #1941, #2523, .T. ) ;
#2985 = AXIS2_PLACEMENT_3D ( 'NONE', #2436, #2172, #2885 ) ;
#2986 = AXIS2_PLACEMENT_3D ( 'NONE', #1588, #2809, #2542 ) ;
#2987 = CARTESIAN_POINT ( 'NONE',  ( 54.99999999999999289, 4.000000000000000000, -35.00000000000001421 ) ) ;
#2988 = EDGE_LOOP ( 'NONE', ( #278, #78, #1367, #2316 ) ) ;
#2989 = DIRECTION ( 'NONE',  ( 0.000000000000000000, 1.600760428215984159E-17, 1.000000000000000000 ) ) ;
#2990 = DIRECTION ( 'NONE',  ( 0.000000000000000000, 0.5074384814422705503, -0.8616879873547980129 ) ) ;
#2991 = ADVANCED_FACE ( 'NONE', ( #1077 ), #809, .F. ) ;
#2992 = EDGE_CURVE ( 'NONE', #447, #1947, #326, .T. ) ;
#2993 = CARTESIAN_POINT ( 'NONE',  ( 1.000000000000000000, -13.50000000000000000, 22.04999999999999716 ) ) ;
#2994 = DIRECTION ( 'NONE',  ( -1.000000000000000000, -0.000000000000000000, -0.000000000000000000 ) ) ;
#2995 = DIRECTION ( 'NONE',  ( 1.000000000000000000, 0.000000000000000000, -0.000000000000000000 ) ) ;
#2996 = EDGE_CURVE ( 'NONE', #2446, #2889, #886, .T. ) ;
#2997 = EDGE_LOOP ( 'NONE', ( #2777, #1929, #1171, #1143 ) ) ;
#2998 = CARTESIAN_POINT ( 'NONE',  ( 28.99999999999998224, 4.000000000000000000, 12.50000000000000000 ) ) ;
#2999 = AXIS2_PLACEMENT_3D ( 'NONE', #1192, #1460, #35 ) ;
#3000 = DIRECTION ( 'NONE',  ( -1.000000000000000000, 0.000000000000000000, 0.000000000000000000 ) ) ;
#3001 = CARTESIAN_POINT ( 'NONE',  ( -53.00000000000000711, -3.000000000000000000, 25.04999999999999716 ) ) ;
#3002 = ORIENTED_EDGE ( 'NONE', *, *, #2745, .T. ) ;
#3003 = EDGE_CURVE ( 'NONE', #354, #134, #1829, .T. ) ;
#3004 = CARTESIAN_POINT ( 'NONE',  ( -49.49999999999997868, -8.000000000000003553, -22.05000000000000071 ) ) ;
#3005 = CARTESIAN_POINT ( 'NONE',  ( -49.49999999999997868, 4.000000000000000000, -30.53649170988226658 ) ) ;
#3006 = VECTOR ( 'NONE', #1758, 1000.000000000000000 ) ;
#3007 = LINE ( 'NONE', #2693, #1450 ) ;
#3008 = LINE ( 'NONE', #2560, #1 ) ;
#3009 = CARTESIAN_POINT ( 'NONE',  ( 49.49999999999997868, -8.000000000000003553, -22.05000000000000071 ) ) ;
#3010 = EDGE_LOOP ( 'NONE', ( #2603, #2629, #2393, #65 ) ) ;
#3011 = CARTESIAN_POINT ( 'NONE',  ( 51.99999999999997868, 0.000000000000000000, 16.50000000000001066 ) ) ;
#3012 = DIRECTION ( 'NONE',  ( 0.000000000000000000, 0.000000000000000000, -1.000000000000000000 ) ) ;
#3013 = ORIENTED_EDGE ( 'NONE', *, *, #771, .T. ) ;
#3014 = LINE ( 'NONE', #905, #2856 ) ;
#3015 = CARTESIAN_POINT ( 'NONE',  ( 59.00000000000003553, -27.00000000000000355, -3.306546357697854128E-15 ) ) ;
#3016 = ORIENTED_EDGE ( 'NONE', *, *, #1531, .F. ) ;
#3017 = ADVANCED_FACE ( 'NONE', ( #1983 ), #393, .T. ) ;
#3018 = CYLINDRICAL_SURFACE ( 'NONE', #872, 2.999999999999999112 ) ;
#3019 = CARTESIAN_POINT ( 'NONE',  ( -51.99999999999997868, 0.000000000000000000, 14.50000000000000711 ) ) ;
#3020 = VECTOR ( 'NONE', #555, 1000.000000000000114 ) ;
#3021 = DIRECTION ( 'NONE',  ( 0.000000000000000000, 0.000000000000000000, -1.000000000000000000 ) ) ;
#3022 = VERTEX_POINT ( 'NONE', #1552 ) ;
#3023 = ORIENTED_EDGE ( 'NONE', *, *, #746, .T. ) ;
#3024 = DIRECTION ( 'NONE',  ( -1.000000000000000000, 0.000000000000000000, 0.000000000000000000 ) ) ;
#3025 = CIRCLE ( 'NONE', #223, 2.000000000000003553 ) ;
#3026 = CYLINDRICAL_SURFACE ( 'NONE', #1200, 2.000000000000003553 ) ;
#3027 = DIRECTION ( 'NONE',  ( -1.000000000000000000, -0.000000000000000000, -0.000000000000000000 ) ) ;
#3028 = VECTOR ( 'NONE', #2400, 1000.000000000000000 ) ;
#3029 = AXIS2_PLACEMENT_3D ( 'NONE', #2303, #189, #1124 ) ;
#3030 = EDGE_CURVE ( 'NONE', #1638, #2028, #1536, .T. ) ;
#3031 = LINE ( 'NONE', #2558, #2147 ) ;
#3032 = EDGE_LOOP ( 'NONE', ( #1099, #335, #1034, #477 ) ) ;
#3033 = CARTESIAN_POINT ( 'NONE',  ( -51.00000000000000000, -3.110538646579100445E-15, 0.000000000000000000 ) ) ;
#3034 = DIRECTION ( 'NONE',  ( 0.000000000000000000, 0.000000000000000000, -1.000000000000000000 ) ) ;
#3035 = EDGE_CURVE ( 'NONE', #1131, #1032, #224, .T. ) ;
#3036 = ADVANCED_FACE ( 'NONE', ( #2733, #2266, #2490 ), #1504, .T. ) ;
#3037 = ORIENTED_EDGE ( 'NONE', *, *, #1702, .T. ) ;
#3038 = CIRCLE ( 'NONE', #2789, 2.999999999999999112 ) ;
#3039 = EDGE_LOOP ( 'NONE', ( #2686, #277 ) ) ;
#3040 = CARTESIAN_POINT ( 'NONE',  ( -31.49999999999997868, 4.000000000000000000, -23.53649170988226658 ) ) ;
ENDSEC;
END-ISO-10303-21;
