ISO-10303-21;
HEADER;
FILE_DESCRIPTION (( 'STEP AP214' ),
    '1' );
FILE_NAME ('Nap_ver2.STEP',
    '2026-08-14T09:41:19',
    ( '' ),
    ( '' ),
    'SwSTEP 2.0',
    'SolidWorks 2023',
    '' );
FILE_SCHEMA (( 'AUTOMOTIVE_DESIGN' ));
ENDSEC;

DATA;
#1 = ADVANCED_FACE ( 'NONE', ( #1616 ), #1600, .F. ) ;
#2 = CARTESIAN_POINT ( 'NONE',  ( -55.60582039666547161, 4.433316886902014531, 0.8584974012587569536 ) ) ;
#3 = CARTESIAN_POINT ( 'NONE',  ( -51.80000000000006111, 3.499999999999919176, 1.450000000000013278 ) ) ;
#4 = DIRECTION ( 'NONE',  ( -0.000000000000000000, -0.000000000000000000, -1.000000000000000000 ) ) ;
#5 = CARTESIAN_POINT ( 'NONE',  ( -7.798750869841663940E-31, 0.000000000000000000, -6.368163355566237959E-15 ) ) ;
#6 = ORIENTED_EDGE ( 'NONE', *, *, #1363, .F. ) ;
#7 = CARTESIAN_POINT ( 'NONE',  ( 53.50000000000007816, 3.499999999999932054, 8.000000000000001776 ) ) ;
#8 = AXIS2_PLACEMENT_3D ( 'NONE', #21, #297, #600 ) ;
#9 = VERTEX_POINT ( 'NONE', #714 ) ;
#10 = AXIS2_PLACEMENT_3D ( 'NONE', #333, #893, #458 ) ;
#11 = AXIS2_PLACEMENT_3D ( 'NONE', #23, #788, #1368 ) ;
#12 = CARTESIAN_POINT ( 'NONE',  ( -55.72818193289846533, 3.499999999999919176, 0.9218180671015808736 ) ) ;
#13 = LINE ( 'NONE', #602, #379 ) ;
#14 = FACE_OUTER_BOUND ( 'NONE', #288, .T. ) ;
#15 = DIRECTION ( 'NONE',  ( -0.000000000000000000, -0.000000000000000000, 1.000000000000000000 ) ) ;
#16 = ORIENTED_EDGE ( 'NONE', *, *, #1423, .T. ) ;
#17 = VECTOR ( 'NONE', #1018, 1000.000000000000000 ) ;
#18 = EDGE_LOOP ( 'NONE', ( #354, #324, #1286, #1798 ) ) ;
#19 = EDGE_CURVE ( 'NONE', #976, #466, #184, .T. ) ;
#20 = FACE_OUTER_BOUND ( 'NONE', #869, .T. ) ;
#21 = CARTESIAN_POINT ( 'NONE',  ( -53.50000000000004974, 116.4999999999999432, 2.999999999999993783 ) ) ;
#22 = CARTESIAN_POINT ( 'NONE',  ( 53.50000000000007816, 3.499999999999932054, 2.999999999999993783 ) ) ;
#23 = CARTESIAN_POINT ( 'NONE',  ( 52.00000000000000000, 120.0000000000000000, 7.999999999999988454 ) ) ;
#24 = CARTESIAN_POINT ( 'NONE',  ( 53.50000000000007816, 3.499999999999932054, 8.000000000000000000 ) ) ;
#25 = EDGE_LOOP ( 'NONE', ( #417, #282 ) ) ;
#26 = PLANE ( 'NONE',  #114 ) ;
#27 = CARTESIAN_POINT ( 'NONE',  ( 52.00000000000000000, 113.3377223398316431, 2.999999999999993783 ) ) ;
#28 = CIRCLE ( 'NONE', #1770, 3.499999999999968470 ) ;
#29 = EDGE_LOOP ( 'NONE', ( #270, #734, #1418, #1026, #1150, #235, #641, #1618, #127, #1168 ) ) ;
#30 = CARTESIAN_POINT ( 'NONE',  ( -53.50000000000004974, 116.4999999999999432, 8.000000000000015987 ) ) ;
#31 = DIRECTION ( 'NONE',  ( 5.551115123125783491E-15, 0.000000000000000000, 1.000000000000000000 ) ) ;
#32 = CARTESIAN_POINT ( 'NONE',  ( 53.59976828920418512, 0.5008898692958415610, 0.1580622623516100278 ) ) ;
#33 = CARTESIAN_POINT ( 'NONE',  ( -55.60613318686352358, 115.5679072235381284, 0.8586566886931339404 ) ) ;
#34 = VERTEX_POINT ( 'NONE', #426 ) ;
#35 = EDGE_CURVE ( 'NONE', #570, #650, #1870, .T. ) ;
#36 = EDGE_LOOP ( 'NONE', ( #1602, #519, #1439, #1710, #1868, #1099 ) ) ;
#37 = CARTESIAN_POINT ( 'NONE',  ( 52.00000000000000000, 0.7300722031070658868, -8.286583851415158031E-15 ) ) ;
#38 = EDGE_CURVE ( 'NONE', #1585, #113, #903, .T. ) ;
#39 = AXIS2_PLACEMENT_3D ( 'NONE', #30, #915, #432 ) ;
#40 = AXIS2_PLACEMENT_3D ( 'NONE', #1657, #342, #509 ) ;
#41 = ORIENTED_EDGE ( 'NONE', *, *, #1441, .F. ) ;
#42 = EDGE_CURVE ( 'NONE', #650, #955, #564, .T. ) ;
#43 = CARTESIAN_POINT ( 'NONE',  ( -57.64999999999999858, 0.000000000000000000, 8.000000000000000000 ) ) ;
#44 = LINE ( 'NONE', #1234, #1287 ) ;
#45 = VECTOR ( 'NONE', #1508, 1000.000000000000000 ) ;
#46 = FACE_BOUND ( 'NONE', #1362, .T. ) ;
#47 = CARTESIAN_POINT ( 'NONE',  ( -52.89777977488776628, 113.4564544840854126, 0.04964831647282377108 ) ) ;
#48 = EDGE_LOOP ( 'NONE', ( #1545, #1520, #301, #711, #394, #1137, #732, #511, #120, #901 ) ) ;
#49 = ORIENTED_EDGE ( 'NONE', *, *, #1282, .T. ) ;
#50 = FACE_OUTER_BOUND ( 'NONE', #1383, .T. ) ;
#51 = ORIENTED_EDGE ( 'NONE', *, *, #1688, .T. ) ;
#52 = ADVANCED_FACE ( 'NONE', ( #1745 ), #1728, .T. ) ;
#53 = CARTESIAN_POINT ( 'NONE',  ( -50.35000000000004405, 3.499999999999919620, 4.817136899461539109E-15 ) ) ;
#54 = AXIS2_PLACEMENT_3D ( 'NONE', #1729, #1738, #1126 ) ;
#55 = ORIENTED_EDGE ( 'NONE', *, *, #42, .F. ) ;
#56 = CARTESIAN_POINT ( 'NONE',  ( 52.00000000000000000, 113.0000000000000000, 7.999999999999988454 ) ) ;
#57 = DIRECTION ( 'NONE',  ( 0.000000000000000000, 0.000000000000000000, 1.000000000000000000 ) ) ;
#58 = EDGE_CURVE ( 'NONE', #1276, #191, #299, .T. ) ;
#59 = LINE ( 'NONE', #1227, #1110 ) ;
#60 = VERTEX_POINT ( 'NONE', #555 ) ;
#61 = CARTESIAN_POINT ( 'NONE',  ( 2.135044278125243125E-14, 120.0000000000000000, 7.999999999999841904 ) ) ;
#62 = CIRCLE ( 'NONE', #422, 7.999999999999998224 ) ;
#63 = CARTESIAN_POINT ( 'NONE',  ( -53.50000000000004974, 116.4999999999999432, 4.817136899461539109E-15 ) ) ;
#64 = ORIENTED_EDGE ( 'NONE', *, *, #687, .T. ) ;
#65 = DIRECTION ( 'NONE',  ( -0.000000000000000000, -1.000000000000000000, -0.000000000000000000 ) ) ;
#66 = EDGE_CURVE ( 'NONE', #1676, #177, #1016, .T. ) ;
#67 = CARTESIAN_POINT ( 'NONE',  ( -52.00000000000000000, 0.000000000000000000, 8.000000000000000000 ) ) ;
#68 = CARTESIAN_POINT ( 'NONE',  ( -52.49172070188922845, 6.861583661439841997, 3.017690412169662384 ) ) ;
#69 = ADVANCED_FACE ( 'NONE', ( #419 ), #1609, .F. ) ;
#70 = CARTESIAN_POINT ( 'NONE',  ( 53.50000000000004974, 116.4999999999999574, 8.000000000000000000 ) ) ;
#71 = CARTESIAN_POINT ( 'NONE',  ( -60.00000000000000000, 120.0000000000000000, 8.000000000000001776 ) ) ;
#72 = DIRECTION ( 'NONE',  ( 0.000000000000000000, 0.000000000000000000, 1.000000000000000000 ) ) ;
#73 = ORIENTED_EDGE ( 'NONE', *, *, #1792, .F. ) ;
#74 = ADVANCED_BREP_SHAPE_REPRESENTATION ( 'Nap_ver2', ( #85, #827 ), #610 ) ;
#75 = CARTESIAN_POINT ( 'NONE',  ( -52.99491675855400530, 113.0342704701237295, 3.098245293404057854 ) ) ;
#76 = CARTESIAN_POINT ( 'NONE',  ( 53.50000000000004974, 116.4999999999999574, 1.450000000000000400 ) ) ;
#77 = DIRECTION ( 'NONE',  ( 0.000000000000000000, 1.000000000000000000, -0.000000000000000000 ) ) ;
#78 = DIRECTION ( 'NONE',  ( -1.000000000000000000, 0.000000000000000000, 0.000000000000000000 ) ) ;
#79 = AXIS2_PLACEMENT_3D ( 'NONE', #345, #803, #1284 ) ;
#80 = CARTESIAN_POINT ( 'NONE',  ( -53.50000000000004974, 3.499999999999919176, 6.551860375438346992E-15 ) ) ;
#81 = AXIS2_PLACEMENT_3D ( 'NONE', #1444, #136, #1299 ) ;
#82 = VECTOR ( 'NONE', #798, 1000.000000000000000 ) ;
#83 = LINE ( 'NONE', #518, #571 ) ;
#84 = VERTEX_POINT ( 'NONE', #1717 ) ;
#85 = MANIFOLD_SOLID_BREP ( 'CSK for M3 Flat Head Machine Screw2', #1010 ) ;
#86 = ADVANCED_FACE ( 'NONE', ( #454 ), #739, .F. ) ;
#87 = AXIS2_PLACEMENT_3D ( 'NONE', #721, #1456, #148 ) ;
#88 = LINE ( 'NONE', #372, #1205 ) ;
#89 = ORIENTED_EDGE ( 'NONE', *, *, #726, .F. ) ;
#90 = AXIS2_PLACEMENT_3D ( 'NONE', #1797, #1047, #614 ) ;
#91 = CARTESIAN_POINT ( 'NONE',  ( -58.50000000000000000, 120.0000000000000000, 7.150000000000003908 ) ) ;
#92 = LINE ( 'NONE', #691, #273 ) ;
#93 = CARTESIAN_POINT ( 'NONE',  ( 53.50000000000004974, 116.4999999999999574, 1.450000000000000400 ) ) ;
#94 = ORIENTED_EDGE ( 'NONE', *, *, #1776, .T. ) ;
#95 = CARTESIAN_POINT ( 'NONE',  ( 53.50000000000007816, 3.499999999999932054, -8.286583851415158031E-15 ) ) ;
#96 = CARTESIAN_POINT ( 'NONE',  ( -53.50000000000004974, 120.0000000000000000, 3.230303992915287470 ) ) ;
#97 = VERTEX_POINT ( 'NONE', #1226 ) ;
#98 = B_SPLINE_CURVE_WITH_KNOTS ( 'NONE', 3,
 ( #96, #1391, #1674, #954, #391, #1838 ),
 .UNSPECIFIED., .F., .F.,
 ( 4, 2, 4 ),
 ( 0.004692416976989286816, 0.005469289113410287680, 0.006246161249831288544 ),
 .UNSPECIFIED. ) ;
#99 = ORIENTED_EDGE ( 'NONE', *, *, #195, .F. ) ;
#100 = CARTESIAN_POINT ( 'NONE',  ( 52.23922102330553230, 0.2242498451553513739, 2.999999999999988898 ) ) ;
#101 = CARTESIAN_POINT ( 'NONE',  ( 58.50000000000000000, 120.0000000000000000, 7.999999999999986677 ) ) ;
#102 = CYLINDRICAL_SURFACE ( 'NONE', #1604, 3.499999999999989342 ) ;
#103 = CARTESIAN_POINT ( 'NONE',  ( -52.00000000000000000, 119.6622776601682716, 2.999999999999993783 ) ) ;
#104 = ORIENTED_EDGE ( 'NONE', *, *, #1336, .T. ) ;
#105 = EDGE_CURVE ( 'NONE', #965, #1178, #1487, .T. ) ;
#106 = ADVANCED_FACE ( 'NONE', ( #613 ), #1503, .F. ) ;
#107 = ORIENTED_EDGE ( 'NONE', *, *, #939, .F. ) ;
#108 = LINE ( 'NONE', #849, #1574 ) ;
#109 = DIRECTION ( 'NONE',  ( 0.000000000000000000, 0.000000000000000000, 1.000000000000000000 ) ) ;
#110 = CIRCLE ( 'NONE', #1692, 1.699999999999986189 ) ;
#111 = CARTESIAN_POINT ( 'NONE',  ( 55.60613318686351647, 115.5679072235381284, 0.8586566886931182863 ) ) ;
#112 = DIRECTION ( 'NONE',  ( 0.000000000000000000, 1.000000000000000000, -0.000000000000000000 ) ) ;
#113 = VERTEX_POINT ( 'NONE', #189 ) ;
#114 = AXIS2_PLACEMENT_3D ( 'NONE', #322, #1800, #1658 ) ;
#115 = EDGE_CURVE ( 'NONE', #272, #1209, #212, .T. ) ;
#116 = ORIENTED_EDGE ( 'NONE', *, *, #897, .F. ) ;
#117 = CARTESIAN_POINT ( 'NONE',  ( 52.49172070188922845, 0.1384163385600338525, 3.017690412169651282 ) ) ;
#118 = DIRECTION ( 'NONE',  ( 0.000000000000000000, 1.000000000000000000, -0.000000000000000000 ) ) ;
#119 = VECTOR ( 'NONE', #1583, 1000.000000000000000 ) ;
#120 = ORIENTED_EDGE ( 'NONE', *, *, #105, .T. ) ;
#121 = VERTEX_POINT ( 'NONE', #622 ) ;
#122 = CARTESIAN_POINT ( 'NONE',  ( 52.00000000000000000, 119.6622776601682716, 2.999999999999993783 ) ) ;
#123 = CARTESIAN_POINT ( 'NONE',  ( 53.50000000000004974, 113.0000000000000000, 3.230303992915277256 ) ) ;
#124 = CARTESIAN_POINT ( 'NONE',  ( -52.00000000000000000, 0.000000000000000000, 3.000000000000000000 ) ) ;
#125 = ORIENTED_EDGE ( 'NONE', *, *, #357, .T. ) ;
#126 = DIRECTION ( 'NONE',  ( -0.000000000000000000, -1.000000000000000000, -0.000000000000000000 ) ) ;
#127 = ORIENTED_EDGE ( 'NONE', *, *, #1312, .T. ) ;
#128 = ADVANCED_FACE ( 'NONE', ( #46, #14, #1796 ), #758, .T. ) ;
#129 = CARTESIAN_POINT ( 'NONE',  ( 55.72818193289845112, 116.2607921839300644, 0.9218180671015763217 ) ) ;
#130 = ORIENTED_EDGE ( 'NONE', *, *, #1608, .T. ) ;
#131 = CARTESIAN_POINT ( 'NONE',  ( -52.78455169935316604, 119.5312504145660455, 0.03770476258807875514 ) ) ;
#132 = EDGE_CURVE ( 'NONE', #1228, #1431, #1626, .T. ) ;
#133 = ORIENTED_EDGE ( 'NONE', *, *, #820, .F. ) ;
#134 = EDGE_LOOP ( 'NONE', ( #1877, #708, #864, #205 ) ) ;
#135 = ORIENTED_EDGE ( 'NONE', *, *, #262, .T. ) ;
#136 = DIRECTION ( 'NONE',  ( 0.000000000000000000, -0.000000000000000000, 1.000000000000000000 ) ) ;
#137 = SURFACE_SIDE_STYLE ('',( #1445 ) ) ;
#138 = VECTOR ( 'NONE', #1501, 1000.000000000000000 ) ;
#139 = CARTESIAN_POINT ( 'NONE',  ( -55.53210026744887529, 117.6600233973337453, 0.8211936081690338618 ) ) ;
#140 = ORIENTED_EDGE ( 'NONE', *, *, #1072, .F. ) ;
#141 = ADVANCED_FACE ( 'NONE', ( #898 ), #312, .F. ) ;
#142 = VECTOR ( 'NONE', #1092, 1000.000000000000000 ) ;
#143 = EDGE_CURVE ( 'NONE', #1864, #911, #413, .T. ) ;
#144 = ORIENTED_EDGE ( 'NONE', *, *, #1116, .T. ) ;
#145 = AXIS2_PLACEMENT_3D ( 'NONE', #548, #1866, #395 ) ;
#146 = EDGE_LOOP ( 'NONE', ( #203, #1611, #1647, #295, #73 ) ) ;
#147 = FACE_OUTER_BOUND ( 'NONE', #1453, .T. ) ;
#148 = DIRECTION ( 'NONE',  ( -1.000000000000000000, 0.000000000000000000, 0.000000000000000000 ) ) ;
#149 = CARTESIAN_POINT ( 'NONE',  ( -52.00000000000000000, 120.0000000000000000, 8.000000000000000000 ) ) ;
#150 = VERTEX_POINT ( 'NONE', #1346 ) ;
#151 = EDGE_CURVE ( 'NONE', #491, #695, #506, .T. ) ;
#152 = VECTOR ( 'NONE', #710, 1000.000000000000000 ) ;
#153 = LINE ( 'NONE', #1031, #285 ) ;
#154 = DIRECTION ( 'NONE',  ( 0.000000000000000000, -0.000000000000000000, -1.000000000000000000 ) ) ;
#155 = DIRECTION ( 'NONE',  ( 0.000000000000000000, 1.000000000000000000, 0.000000000000000000 ) ) ;
#156 = DIRECTION ( 'NONE',  ( 1.000000000000000000, 0.000000000000000000, -1.224646799147353454E-16 ) ) ;
#157 = ORIENTED_EDGE ( 'NONE', *, *, #303, .F. ) ;
#158 = LINE ( 'NONE', #386, #1785 ) ;
#159 = VERTEX_POINT ( 'NONE', #952 ) ;
#160 = CARTESIAN_POINT ( 'NONE',  ( -55.22604545055565950, 5.284028723867833399, 0.6777734219032611751 ) ) ;
#161 = CARTESIAN_POINT ( 'NONE',  ( -53.50000000000004974, 3.499999999999919176, 4.817136899461539109E-15 ) ) ;
#162 = VERTEX_POINT ( 'NONE', #221 ) ;
#163 = DIRECTION ( 'NONE',  ( -0.000000000000000000, -1.000000000000000000, -0.000000000000000000 ) ) ;
#164 = VERTEX_POINT ( 'NONE', #527 ) ;
#165 = ORIENTED_EDGE ( 'NONE', *, *, #181, .T. ) ;
#166 = CARTESIAN_POINT ( 'NONE',  ( 53.50000000000004974, 116.4999999999999574, -8.286583851415153298E-15 ) ) ;
#167 = AXIS2_PLACEMENT_3D ( 'NONE', #1549, #237, #1353 ) ;
#168 = AXIS2_PLACEMENT_3D ( 'NONE', #1612, #126, #246 ) ;
#169 = VECTOR ( 'NONE', #1388, 1000.000000000000000 ) ;
#170 = LINE ( 'NONE', #1886, #1572 ) ;
#171 = CARTESIAN_POINT ( 'NONE',  ( 53.50000000000007816, 3.499999999999932054, 1.450000000000000400 ) ) ;
#172 = DIRECTION ( 'NONE',  ( -1.000000000000000000, 0.000000000000000000, 0.000000000000000000 ) ) ;
#173 = VERTEX_POINT ( 'NONE', #1827 ) ;
#174 = AXIS2_PLACEMENT_3D ( 'NONE', #1617, #776, #606 ) ;
#175 = DIRECTION ( 'NONE',  ( -1.000000000000000000, 0.000000000000000000, 0.000000000000000000 ) ) ;
#176 = DIRECTION ( 'NONE',  ( 1.000000000000000000, 0.000000000000000000, 0.000000000000000000 ) ) ;
#177 = VERTEX_POINT ( 'NONE', #1255 ) ;
#178 = DIRECTION ( 'NONE',  ( 0.000000000000000000, 0.000000000000000000, 1.000000000000000000 ) ) ;
#179 = CARTESIAN_POINT ( 'NONE',  ( 52.23921867810735620, 6.775749042419330515, 2.999999999999988898 ) ) ;
#180 = DIRECTION ( 'NONE',  ( 0.000000000000000000, -0.000000000000000000, -1.000000000000000000 ) ) ;
#181 = EDGE_CURVE ( 'NONE', #159, #177, #1819, .T. ) ;
#182 = CARTESIAN_POINT ( 'NONE',  ( -54.97088587558382500, 114.3259223810804741, 0.5627085531270572538 ) ) ;
#183 = ORIENTED_EDGE ( 'NONE', *, *, #1437, .F. ) ;
#184 = CIRCLE ( 'NONE', #316, 1.700000000000000178 ) ;
#185 = DIRECTION ( 'NONE',  ( 1.000000000000000000, 0.000000000000000000, 0.000000000000000000 ) ) ;
#186 = EDGE_LOOP ( 'NONE', ( #1593, #1733, #1059, #1365, #1638 ) ) ;
#187 = CARTESIAN_POINT ( 'NONE',  ( 56.65000000000007674, 3.499999999999932498, -8.286583851415158031E-15 ) ) ;
#188 = CARTESIAN_POINT ( 'NONE',  ( -53.50000000000004974, 3.499999999999919176, 17.89949493661161029 ) ) ;
#189 = CARTESIAN_POINT ( 'NONE',  ( -53.50000000000004974, 112.9999999999999432, 8.000000000000000000 ) ) ;
#190 = CARTESIAN_POINT ( 'NONE',  ( -52.20666559080019908, 113.6181565110994569, -5.231487240479370497E-16 ) ) ;
#191 = VERTEX_POINT ( 'NONE', #807 ) ;
#192 = LINE ( 'NONE', #912, #1634 ) ;
#193 = EDGE_CURVE ( 'NONE', #562, #1052, #1087, .T. ) ;
#194 = DIRECTION ( 'NONE',  ( -1.000000000000000000, 0.000000000000000000, 0.000000000000000000 ) ) ;
#195 = EDGE_CURVE ( 'NONE', #97, #1203, #663, .T. ) ;
#196 = CIRCLE ( 'NONE', #1266, 0.8499999999999965361 ) ;
#197 = AXIS2_PLACEMENT_3D ( 'NONE', #80, #248, #389 ) ;
#198 = ORIENTED_EDGE ( 'NONE', *, *, #1260, .F. ) ;
#199 = LINE ( 'NONE', #642, #899 ) ;
#200 = CYLINDRICAL_SURFACE ( 'NONE', #1533, 3.500000000000003109 ) ;
#201 = CARTESIAN_POINT ( 'NONE',  ( 55.24852091918027241, 1.705543058307319670, 0.6862400439746610958 ) ) ;
#202 = LINE ( 'NONE', #1636, #1355 ) ;
#203 = ORIENTED_EDGE ( 'NONE', *, *, #1336, .F. ) ;
#204 = LINE ( 'NONE', #528, #1173 ) ;
#205 = ORIENTED_EDGE ( 'NONE', *, *, #744, .F. ) ;
#206 = CARTESIAN_POINT ( 'NONE',  ( 55.72818193289846533, 116.4999999999999574, 0.9218180671015691052 ) ) ;
#207 = VERTEX_POINT ( 'NONE', #1245 ) ;
#208 = EDGE_CURVE ( 'NONE', #207, #650, #1546, .T. ) ;
#209 = CARTESIAN_POINT ( 'NONE',  ( -53.37540855740297019, -8.030677021270655013E-14, 3.191121796897338658 ) ) ;
#210 = DIRECTION ( 'NONE',  ( -0.000000000000000000, -1.000000000000000000, -0.000000000000000000 ) ) ;
#211 = CARTESIAN_POINT ( 'NONE',  ( 52.00000000000000000, 120.0000000000000000, 2.999999999999988010 ) ) ;
#212 = LINE ( 'NONE', #1357, #82 ) ;
#213 = ORIENTED_EDGE ( 'NONE', *, *, #1475, .T. ) ;
#214 = PLANE ( 'NONE',  #1846 ) ;
#215 = CARTESIAN_POINT ( 'NONE',  ( 52.23922102330552519, 113.2242498451553843, 2.999999999999988454 ) ) ;
#216 = VERTEX_POINT ( 'NONE', #1106 ) ;
#217 = CARTESIAN_POINT ( 'NONE',  ( -52.00000000000000000, 113.3377223398316005, 3.000000000000000888 ) ) ;
#218 = DIRECTION ( 'NONE',  ( 0.000000000000000000, 0.000000000000000000, 1.000000000000000000 ) ) ;
#219 = VECTOR ( 'NONE', #917, 1000.000000000000000 ) ;
#220 = LINE ( 'NONE', #986, #346 ) ;
#221 = CARTESIAN_POINT ( 'NONE',  ( 53.50000000000007816, -2.775557561562891351E-14, 3.230303992915288358 ) ) ;
#222 = EDGE_CURVE ( 'NONE', #1781, #688, #469, .T. ) ;
#223 = CARTESIAN_POINT ( 'NONE',  ( 55.20000000000004547, 116.4999999999999574, 8.000000000000001776 ) ) ;
#224 = DIRECTION ( 'NONE',  ( -1.000000000000000000, 0.000000000000000000, 0.000000000000000000 ) ) ;
#225 = VERTEX_POINT ( 'NONE', #1690 ) ;
#226 = LINE ( 'NONE', #671, #311 ) ;
#227 = CARTESIAN_POINT ( 'NONE',  ( 53.13863355337772276, 6.550312751306985426, 0.08056175152380368187 ) ) ;
#228 = CARTESIAN_POINT ( 'NONE',  ( 52.00000000000000000, 6.999999999999936939, 7.999999999999988454 ) ) ;
#229 = DIRECTION ( 'NONE',  ( -0.000000000000000000, -0.000000000000000000, -1.000000000000000000 ) ) ;
#231 = VERTEX_POINT ( 'NONE', #675 ) ;
#230 = AXIS2_PLACEMENT_3D ( 'NONE', #1164, #1454, #31 ) ;
#232 = DIRECTION ( 'NONE',  ( -1.000000000000000000, 7.434529182757915986E-15, 0.000000000000000000 ) ) ;
#233 = CARTESIAN_POINT ( 'NONE',  ( -52.00000000000000000, 112.9999999999999432, 8.000000000000000000 ) ) ;
#234 = VERTEX_POINT ( 'NONE', #368 ) ;
#235 = ORIENTED_EDGE ( 'NONE', *, *, #1578, .T. ) ;
#236 = AXIS2_PLACEMENT_3D ( 'NONE', #149, #731, #1310 ) ;
#237 = DIRECTION ( 'NONE',  ( -0.000000000000000000, -0.000000000000000000, -1.000000000000000000 ) ) ;
#238 = DIRECTION ( 'NONE',  ( -0.000000000000000000, -0.000000000000000000, -1.000000000000000000 ) ) ;
#239 = EDGE_CURVE ( 'NONE', #302, #1855, #1540, .T. ) ;
#240 = FACE_OUTER_BOUND ( 'NONE', #146, .T. ) ;
#241 = ADVANCED_FACE ( 'NONE', ( #655 ), #1632, .F. ) ;
#242 = PLANE ( 'NONE',  #1400 ) ;
#243 = AXIS2_PLACEMENT_3D ( 'NONE', #1567, #842, #699 ) ;
#244 = EDGE_LOOP ( 'NONE', ( #1711, #1004, #411 ) ) ;
#245 = EDGE_CURVE ( 'NONE', #1714, #559, #1291, .T. ) ;
#246 = DIRECTION ( 'NONE',  ( 0.000000000000000000, 0.000000000000000000, -1.000000000000000000 ) ) ;
#247 = CYLINDRICAL_SURFACE ( 'NONE', #1219, 0.8499999999999965361 ) ;
#248 = DIRECTION ( 'NONE',  ( -0.000000000000000000, -0.000000000000000000, -1.000000000000000000 ) ) ;
#249 = CARTESIAN_POINT ( 'NONE',  ( 60.00000000000000000, 0.000000000000000000, 7.999999999999988454 ) ) ;
#250 = EDGE_CURVE ( 'NONE', #150, #1606, #1085, .T. ) ;
#251 = ORIENTED_EDGE ( 'NONE', *, *, #1467, .T. ) ;
#252 = LINE ( 'NONE', #841, #629 ) ;
#253 = DIRECTION ( 'NONE',  ( 0.000000000000000000, 1.000000000000000000, -0.000000000000000000 ) ) ;
#254 = AXIS2_PLACEMENT_3D ( 'NONE', #314, #1642, #590 ) ;
#255 = FACE_OUTER_BOUND ( 'NONE', #607, .T. ) ;
#256 = CARTESIAN_POINT ( 'NONE',  ( -59.34999999999999432, 120.0000000000000000, 8.000000000000000000 ) ) ;
#257 = CARTESIAN_POINT ( 'NONE',  ( -53.50000000000004974, 112.9999999999999432, 17.89949493661161029 ) ) ;
#258 = ORIENTED_EDGE ( 'NONE', *, *, #373, .F. ) ;
#259 = AXIS2_PLACEMENT_3D ( 'NONE', #1568, #1716, #425 ) ;
#260 = AXIS2_PLACEMENT_3D ( 'NONE', #1190, #1773, #464 ) ;
#261 = UNCERTAINTY_MEASURE_WITH_UNIT (LENGTH_MEASURE( 1.000000000000000082E-05 ), #582, 'distance_accuracy_value', 'NONE');
#262 = EDGE_CURVE ( 'NONE', #216, #1293, #549, .T. ) ;
#263 = ORIENTED_EDGE ( 'NONE', *, *, #250, .F. ) ;
#264 = EDGE_CURVE ( 'NONE', #1585, #1165, #88, .T. ) ;
#265 = LINE ( 'NONE', #542, #442 ) ;
#266 = CARTESIAN_POINT ( 'NONE',  ( -53.50000000000004974, 3.499999999999919176, 4.817136899461539109E-15 ) ) ;
#267 = VERTEX_POINT ( 'NONE', #53 ) ;
#268 = CARTESIAN_POINT ( 'NONE',  ( 53.13334874894761839, 113.4495289894232144, 0.07979665480613865047 ) ) ;
#269 = VECTOR ( 'NONE', #730, 1000.000000000000000 ) ;
#270 = ORIENTED_EDGE ( 'NONE', *, *, #262, .F. ) ;
#271 = FACE_OUTER_BOUND ( 'NONE', #830, .T. ) ;
#272 = VERTEX_POINT ( 'NONE', #256 ) ;
#273 = VECTOR ( 'NONE', #1559, 1000.000000000000000 ) ;
#274 = VERTEX_POINT ( 'NONE', #123 ) ;
#275 = CARTESIAN_POINT ( 'NONE',  ( 55.53254167149298581, 115.3411540643122351, 0.8214108243093045658 ) ) ;
#276 = DIRECTION ( 'NONE',  ( -1.000000000000000000, 0.000000000000000000, 4.625929269271481378E-15 ) ) ;
#277 = ADVANCED_FACE ( 'NONE', ( #1677 ), #364, .F. ) ;
#278 = CARTESIAN_POINT ( 'NONE',  ( -54.24681050002699578, 119.2398826231405167, 0.3189471692329001740 ) ) ;
#279 = ORIENTED_EDGE ( 'NONE', *, *, #589, .F. ) ;
#280 = CIRCLE ( 'NONE', #459, 3.499999999999982236 ) ;
#281 = EDGE_CURVE ( 'NONE', #634, #121, #1862, .T. ) ;
#282 = ORIENTED_EDGE ( 'NONE', *, *, #19, .T. ) ;
#283 = DIRECTION ( 'NONE',  ( -1.224646799147353454E-16, 0.000000000000000000, -1.000000000000000000 ) ) ;
#284 = ORIENTED_EDGE ( 'NONE', *, *, #1561, .T. ) ;
#285 = VECTOR ( 'NONE', #755, 1000.000000000000000 ) ;
#286 = CYLINDRICAL_SURFACE ( 'NONE', #236, 5.000000000000000888 ) ;
#287 = ORIENTED_EDGE ( 'NONE', *, *, #1240, .T. ) ;
#288 = EDGE_LOOP ( 'NONE', ( #1434, #104, #572, #584, #363, #1515, #165, #497, #500, #335 ) ) ;
#289 = CARTESIAN_POINT ( 'NONE',  ( -53.82872900850739484, 6.431262102030730787, 0.2088203572558773036 ) ) ;
#290 = ORIENTED_EDGE ( 'NONE', *, *, #292, .T. ) ;
#291 = CARTESIAN_POINT ( 'NONE',  ( 52.86574154531847114, 6.944494852986643707, 3.073857186931582941 ) ) ;
#292 = EDGE_CURVE ( 'NONE', #1222, #588, #1324, .T. ) ;
#293 = CARTESIAN_POINT ( 'NONE',  ( 0.000000000000000000, 113.0000000000000000, 17.89949493661161029 ) ) ;
#294 = CARTESIAN_POINT ( 'NONE',  ( -52.00000000000000000, 119.2699277968928158, 4.817136899461539109E-15 ) ) ;
#295 = ORIENTED_EDGE ( 'NONE', *, *, #931, .F. ) ;
#296 = DIRECTION ( 'NONE',  ( -1.000000000000000000, 0.000000000000000000, 0.000000000000000000 ) ) ;
#297 = DIRECTION ( 'NONE',  ( -0.000000000000000000, 0.000000000000000000, 1.000000000000000000 ) ) ;
#298 = DIRECTION ( 'NONE',  ( 1.000000000000000000, 0.000000000000000000, 0.000000000000000000 ) ) ;
#299 = LINE ( 'NONE', #747, #894 ) ;
#300 = CARTESIAN_POINT ( 'NONE',  ( -53.25239546003081870, 113.4556509534901210, 0.09776505495006228286 ) ) ;
#301 = ORIENTED_EDGE ( 'NONE', *, *, #1170, .T. ) ;
#302 = VERTEX_POINT ( 'NONE', #1376 ) ;
#303 = EDGE_CURVE ( 'NONE', #191, #1163, #948, .T. ) ;
#304 = CYLINDRICAL_SURFACE ( 'NONE', #10, 5.000000000000000888 ) ;
#305 = CARTESIAN_POINT ( 'NONE',  ( -55.53210026744888950, 4.660023397333756812, 0.8211936081690338618 ) ) ;
#306 = CARTESIAN_POINT ( 'NONE',  ( 53.50000000000007816, 6.999999999999925393, 3.230303992915286138 ) ) ;
#307 = CARTESIAN_POINT ( 'NONE',  ( 3.627907269470719018E-16, 0.000000000000000000, 2.999999999999993783 ) ) ;
#308 = DIRECTION ( 'NONE',  ( -1.000000000000000000, 0.000000000000000000, 0.000000000000000000 ) ) ;
#309 = ORIENTED_EDGE ( 'NONE', *, *, #1539, .T. ) ;
#310 = CARTESIAN_POINT ( 'NONE',  ( 52.00000000000000000, 6.269927796892805105, -1.273632671113247592E-14 ) ) ;
#311 = VECTOR ( 'NONE', #845, 1000.000000000000000 ) ;
#312 = CONICAL_SURFACE ( 'NONE', #260, 3.149999999999999911, 0.7853981633974500554 ) ;
#313 = EDGE_CURVE ( 'NONE', #1590, #9, #226, .T. ) ;
#314 = CARTESIAN_POINT ( 'NONE',  ( 52.00000000000000000, 120.0000000000000000, 7.999999999999988454 ) ) ;
#315 = PLANE ( 'NONE',  #1140 ) ;
#316 = AXIS2_PLACEMENT_3D ( 'NONE', #871, #1756, #1156 ) ;
#317 = CARTESIAN_POINT ( 'NONE',  ( 52.20666559080020619, 0.6181565110994725609, -1.182909745272281508E-14 ) ) ;
#318 = LINE ( 'NONE', #1034, #1088 ) ;
#319 = VERTEX_POINT ( 'NONE', #1528 ) ;
#320 = CONICAL_SURFACE ( 'NONE', #670, 3.149999999999999911, 0.7853981633974500554 ) ;
#321 = ORIENTED_EDGE ( 'NONE', *, *, #897, .T. ) ;
#322 = CARTESIAN_POINT ( 'NONE',  ( 0.000000000000000000, 120.0000000000000000, 6.000000000000000000 ) ) ;
#323 = CARTESIAN_POINT ( 'NONE',  ( 55.20000000000005969, 3.499999999999932054, 1.450000000000000400 ) ) ;
#324 = ORIENTED_EDGE ( 'NONE', *, *, #35, .T. ) ;
#325 = DIRECTION ( 'NONE',  ( 0.000000000000000000, 1.000000000000000000, -0.000000000000000000 ) ) ;
#326 = CIRCLE ( 'NONE', #643, 4.999999999999997335 ) ;
#327 = CARTESIAN_POINT ( 'NONE',  ( -55.20000000000004547, 116.4999999999999432, 8.000000000000015987 ) ) ;
#328 = EDGE_CURVE ( 'NONE', #678, #619, #659, .T. ) ;
#329 = CARTESIAN_POINT ( 'NONE',  ( 55.53254167149298581, 2.341154064312209737, 0.8214108243093138917 ) ) ;
#330 = DIRECTION ( 'NONE',  ( -0.000000000000000000, -0.000000000000000000, 1.000000000000000000 ) ) ;
#331 = ORIENTED_EDGE ( 'NONE', *, *, #470, .T. ) ;
#332 = EDGE_CURVE ( 'NONE', #790, #1535, #1780, .T. ) ;
#333 = CARTESIAN_POINT ( 'NONE',  ( -52.00000000000000000, 120.0000000000000000, 8.000000000000000000 ) ) ;
#334 = DIRECTION ( 'NONE',  ( -0.000000000000000000, -0.000000000000000000, -1.000000000000000000 ) ) ;
#335 = ORIENTED_EDGE ( 'NONE', *, *, #916, .T. ) ;
#336 = DIRECTION ( 'NONE',  ( -0.000000000000000000, -1.000000000000000000, -0.000000000000000000 ) ) ;
#337 = FACE_OUTER_BOUND ( 'NONE', #487, .T. ) ;
#338 = CARTESIAN_POINT ( 'NONE',  ( 52.78121658979939212, 0.4692633463701197383, 0.03739368716325645881 ) ) ;
#339 = DIRECTION ( 'NONE',  ( 0.000000000000000000, 1.000000000000000000, -0.000000000000000000 ) ) ;
#340 = ORIENTED_EDGE ( 'NONE', *, *, #1885, .T. ) ;
#341 = EDGE_CURVE ( 'NONE', #1855, #60, #1049, .T. ) ;
#342 = DIRECTION ( 'NONE',  ( -0.000000000000000000, -0.000000000000000000, -1.000000000000000000 ) ) ;
#343 = CARTESIAN_POINT ( 'NONE',  ( 53.50000000000007816, 6.999999999999931610, 8.000000000000000000 ) ) ;
#344 = ORIENTED_EDGE ( 'NONE', *, *, #876, .T. ) ;
#345 = CARTESIAN_POINT ( 'NONE',  ( 52.00000000000000000, 120.0000000000000000, 7.999999999999988454 ) ) ;
#346 = VECTOR ( 'NONE', #1680, 1000.000000000000000 ) ;
#347 = AXIS2_PLACEMENT_3D ( 'NONE', #1225, #1805, #1077 ) ;
#348 = CARTESIAN_POINT ( 'NONE',  ( 52.90402284187311466, 6.544027641577992327, 0.05036282326816012012 ) ) ;
#349 = CARTESIAN_POINT ( 'NONE',  ( 58.50000000000000000, 0.000000000000000000, 7.149999999999989697 ) ) ;
#350 = CARTESIAN_POINT ( 'NONE',  ( 54.44155136549055385, 0.8848957764978688800, 0.3793902036950003165 ) ) ;
#351 = ORIENTED_EDGE ( 'NONE', *, *, #193, .T. ) ;
#352 = DIRECTION ( 'NONE',  ( -0.000000000000000000, -1.000000000000000000, -0.000000000000000000 ) ) ;
#353 = CARTESIAN_POINT ( 'NONE',  ( 52.00000000000000000, 119.2699277968928442, -1.273632671113247592E-14 ) ) ;
#354 = ORIENTED_EDGE ( 'NONE', *, *, #1561, .F. ) ;
#355 = CIRCLE ( 'NONE', #54, 3.500000000000003109 ) ;
#356 = CARTESIAN_POINT ( 'NONE',  ( -60.00000000000000000, 120.0000000000000000, 8.000000000000001776 ) ) ;
#357 = EDGE_CURVE ( 'NONE', #647, #164, #13, .T. ) ;
#358 = DIRECTION ( 'NONE',  ( 0.000000000000000000, 0.000000000000000000, 1.000000000000000000 ) ) ;
#359 = CARTESIAN_POINT ( 'NONE',  ( -53.50000000000004974, 116.4999999999999432, 4.817136899461539109E-15 ) ) ;
#360 = DIRECTION ( 'NONE',  ( -0.000000000000000000, -0.000000000000000000, -1.000000000000000000 ) ) ;
#361 = DIRECTION ( 'NONE',  ( -0.000000000000000000, -1.000000000000000000, -0.000000000000000000 ) ) ;
#362 = CARTESIAN_POINT ( 'NONE',  ( 55.70326846674548449, 116.9736307678752070, 0.9085401528285108608 ) ) ;
#363 = ORIENTED_EDGE ( 'NONE', *, *, #58, .T. ) ;
#364 = CYLINDRICAL_SURFACE ( 'NONE', #79, 4.999999999999999112 ) ;
#365 = FACE_OUTER_BOUND ( 'NONE', #489, .T. ) ;
#366 = CIRCLE ( 'NONE', #1623, 3.149999999999999911 ) ;
#367 = FACE_BOUND ( 'NONE', #25, .T. ) ;
#368 = CARTESIAN_POINT ( 'NONE',  ( 52.00000000000000000, 0.000000000000000000, -1.273632671113247592E-14 ) ) ;
#369 = CARTESIAN_POINT ( 'NONE',  ( -52.00000000000000000, 120.0000000000000000, 3.000000000000000000 ) ) ;
#370 = CARTESIAN_POINT ( 'NONE',  ( 55.34274498889157456, 118.0834020394110979, 0.7310902158613860058 ) ) ;
#371 = ORIENTED_EDGE ( 'NONE', *, *, #837, .T. ) ;
#372 = CARTESIAN_POINT ( 'NONE',  ( -53.50000000000004974, 119.9999999999999289, 17.89949493661161029 ) ) ;
#373 = EDGE_CURVE ( 'NONE', #559, #1163, #970, .T. ) ;
#374 = VECTOR ( 'NONE', #895, 1000.000000000000000 ) ;
#375 = DIRECTION ( 'NONE',  ( 0.000000000000000000, 0.000000000000000000, 1.000000000000000000 ) ) ;
#376 = VECTOR ( 'NONE', #352, 1000.000000000000000 ) ;
#377 = FACE_OUTER_BOUND ( 'NONE', #186, .T. ) ;
#378 = ADVANCED_FACE ( 'NONE', ( #1463 ), #315, .F. ) ;
#379 = VECTOR ( 'NONE', #1631, 1000.000000000000000 ) ;
#380 = DIRECTION ( 'NONE',  ( -1.000000000000000000, 0.000000000000000000, 0.000000000000000000 ) ) ;
#381 = AXIS2_PLACEMENT_3D ( 'NONE', #1699, #404, #1030 ) ;
#382 = CARTESIAN_POINT ( 'NONE',  ( 53.82872900850740905, 119.4312621020307859, 0.2088203572558649523 ) ) ;
#383 = ORIENTED_EDGE ( 'NONE', *, *, #245, .T. ) ;
#384 = VERTEX_POINT ( 'NONE', #757 ) ;
#385 = AXIS2_PLACEMENT_3D ( 'NONE', #1285, #1863, #1718 ) ;
#386 = CARTESIAN_POINT ( 'NONE',  ( 0.000000000000000000, 0.000000000000000000, 8.000000000000000000 ) ) ;
#387 = DIRECTION ( 'NONE',  ( -1.000000000000000000, 0.000000000000000000, 0.000000000000000000 ) ) ;
#388 = ADVANCED_FACE ( 'NONE', ( #1344 ), #1479, .T. ) ;
#389 = DIRECTION ( 'NONE',  ( -1.000000000000000000, 0.000000000000000000, 0.000000000000000000 ) ) ;
#390 = EDGE_CURVE ( 'NONE', #688, #718, #1345, .T. ) ;
#391 = CARTESIAN_POINT ( 'NONE',  ( -52.23922102330552519, 119.7757501548445447, 2.999999999999998668 ) ) ;
#392 = VERTEX_POINT ( 'NONE', #1470 ) ;
#393 = EDGE_CURVE ( 'NONE', #1231, #1500, #280, .T. ) ;
#394 = ORIENTED_EDGE ( 'NONE', *, *, #1553, .F. ) ;
#395 = DIRECTION ( 'NONE',  ( -1.000000000000000000, 0.000000000000000000, 0.000000000000000000 ) ) ;
#396 = CARTESIAN_POINT ( 'NONE',  ( 53.99999999999999289, 120.0000000000000000, 8.000000000000000000 ) ) ;
#397 = CARTESIAN_POINT ( 'NONE',  ( 54.44155136549053253, 113.8848957764978991, 0.3793902036949986512 ) ) ;
#398 = EDGE_CURVE ( 'NONE', #84, #1084, #366, .T. ) ;
#399 = CARTESIAN_POINT ( 'NONE',  ( -55.72818193289846533, 116.7392356146359162, 0.9218180671015897554 ) ) ;
#400 = ORIENTED_EDGE ( 'NONE', *, *, #341, .T. ) ;
#401 = EDGE_CURVE ( 'NONE', #121, #1209, #1772, .T. ) ;
#402 = ORIENTED_EDGE ( 'NONE', *, *, #181, .F. ) ;
#403 = ORIENTED_EDGE ( 'NONE', *, *, #1498, .T. ) ;
#404 = DIRECTION ( 'NONE',  ( -0.000000000000000000, -0.000000000000000000, -1.000000000000000000 ) ) ;
#405 = EDGE_LOOP ( 'NONE', ( #1548, #1484 ) ) ;
#406 = ORIENTED_EDGE ( 'NONE', *, *, #1493, .T. ) ;
#407 = VECTOR ( 'NONE', #1076, 1000.000000000000000 ) ;
#408 = CARTESIAN_POINT ( 'NONE',  ( 52.99491675855401240, 119.9657295298761710, 3.098245293404047640 ) ) ;
#409 = DIRECTION ( 'NONE',  ( 0.000000000000000000, -0.000000000000000000, 1.000000000000000000 ) ) ;
#410 = CARTESIAN_POINT ( 'NONE',  ( -55.72818193289846533, 3.499999999999919176, 0.9218180671015808736 ) ) ;
#411 = ORIENTED_EDGE ( 'NONE', *, *, #1884, .T. ) ;
#412 = CIRCLE ( 'NONE', #1547, 1.700000000000000178 ) ;
#413 = CIRCLE ( 'NONE', #1327, 3.499999999999968470 ) ;
#414 = APPLICATION_CONTEXT ( 'automotive_design' ) ;
#415 = EDGE_CURVE ( 'NONE', #911, #173, #28, .T. ) ;
#416 = ORIENTED_EDGE ( 'NONE', *, *, #446, .F. ) ;
#417 = ORIENTED_EDGE ( 'NONE', *, *, #1459, .T. ) ;
#418 = CARTESIAN_POINT ( 'NONE',  ( 54.97088587558383921, 114.3259223810804741, 0.5627085531270443752 ) ) ;
#419 = FACE_OUTER_BOUND ( 'NONE', #1891, .T. ) ;
#420 = CARTESIAN_POINT ( 'NONE',  ( -55.72818193289846533, 116.4999999999999432, 0.9218180671015808736 ) ) ;
#421 = ORIENTED_EDGE ( 'NONE', *, *, #1025, .T. ) ;
#422 = AXIS2_PLACEMENT_3D ( 'NONE', #959, #77, #109 ) ;
#423 = SHAPE_DEFINITION_REPRESENTATION ( #443, #74 ) ;
#424 = ORIENTED_EDGE ( 'NONE', *, *, #1455, .T. ) ;
#425 = DIRECTION ( 'NONE',  ( -1.000000000000000000, 0.000000000000000000, 0.000000000000000000 ) ) ;
#426 = CARTESIAN_POINT ( 'NONE',  ( 51.80000000000004690, 116.4999999999999574, 8.000000000000001776 ) ) ;
#427 = B_SPLINE_CURVE_WITH_KNOTS ( 'NONE', 3,
 ( #902, #1486, #694, #1695, #215, #657 ),
 .UNSPECIFIED., .F., .F.,
 ( 4, 2, 4 ),
 ( 0.004692416976989310234, 0.005469289113410309364, 0.006246161249831307626 ),
 .UNSPECIFIED. ) ;
#428 = CARTESIAN_POINT ( 'NONE',  ( -54.79433920367554833, 118.8210200419268148, 0.5015951573521583162 ) ) ;
#429 = ORIENTED_EDGE ( 'NONE', *, *, #820, .T. ) ;
#430 = ADVANCED_FACE ( 'NONE', ( #147 ), #1182, .T. ) ;
#431 = DIRECTION ( 'NONE',  ( -0.000000000000000000, -0.000000000000000000, -1.000000000000000000 ) ) ;
#432 = DIRECTION ( 'NONE',  ( -1.000000000000000000, 0.000000000000000000, 0.000000000000000000 ) ) ;
#433 = VERTEX_POINT ( 'NONE', #3 ) ;
#434 = ADVANCED_FACE ( 'NONE', ( #1625 ), #1189, .F. ) ;
#435 = DIRECTION ( 'NONE',  ( -1.000000000000000000, 0.000000000000000000, 0.000000000000000000 ) ) ;
#436 = ORIENTED_EDGE ( 'NONE', *, *, #1402, .F. ) ;
#437 = CIRCLE ( 'NONE', #8, 3.499999999999989342 ) ;
#438 = CARTESIAN_POINT ( 'NONE',  ( -54.95008944891009861, 118.6548795517418426, 0.5623025368420426773 ) ) ;
#439 = ORIENTED_EDGE ( 'NONE', *, *, #1411, .F. ) ;
#440 = AXIS2_PLACEMENT_3D ( 'NONE', #1552, #819, #1081 ) ;
#441 = CARTESIAN_POINT ( 'NONE',  ( -53.50000000000004974, 116.4999999999999432, 4.817136899461539109E-15 ) ) ;
#442 = VECTOR ( 'NONE', #1036, 1000.000000000000000 ) ;
#443 = PRODUCT_DEFINITION_SHAPE ( 'NONE', 'NONE',  #508 ) ;
#444 = DIRECTION ( 'NONE',  ( 0.000000000000000000, 0.000000000000000000, 1.000000000000000000 ) ) ;
#445 = DIRECTION ( 'NONE',  ( 0.000000000000000000, -0.000000000000000000, -1.000000000000000000 ) ) ;
#446 = EDGE_CURVE ( 'NONE', #1389, #619, #585, .T. ) ;
#447 = ORIENTED_EDGE ( 'NONE', *, *, #1093, .F. ) ;
#448 = CARTESIAN_POINT ( 'NONE',  ( -55.24852091918022268, 114.7055430583073132, 0.6862400439746648706 ) ) ;
#449 = ORIENTED_EDGE ( 'NONE', *, *, #461, .T. ) ;
#450 = CARTESIAN_POINT ( 'NONE',  ( -52.00000000000000000, 113.3377223398316005, 3.000000000000000888 ) ) ;
#451 = B_SPLINE_CURVE_WITH_KNOTS ( 'NONE', 3,
 ( #420, #399, #988, #556, #139, #1303, #1438, #438, #428, #1027, #278, #1167, #1610, #1871, #1134, #1709, #131, #1008, #1570, #294 ),
 .UNSPECIFIED., .F., .F.,
 ( 4, 2, 2, 2, 2, 2, 2, 2, 2, 4 ),
 ( 0.006202540375225370183, 0.006907167210262465072, 0.007611794045299559094, 0.008316420880336653984, 0.009021047715373748874, 0.009725674550410843763, 0.01043030138544793692, 0.01078261480296648436, 0.01113492822048503181, 0.01183955505552209894 ),
 .UNSPECIFIED. ) ;
#452 = CARTESIAN_POINT ( 'NONE',  ( -52.00000000000000000, 6.269927796892799776, 4.817136899461539109E-15 ) ) ;
#453 = DIRECTION ( 'NONE',  ( 0.000000000000000000, 0.000000000000000000, 1.000000000000000000 ) ) ;
#454 = FACE_OUTER_BOUND ( 'NONE', #1860, .T. ) ;
#455 = CARTESIAN_POINT ( 'NONE',  ( 53.99999999999999289, 113.0000000000000000, 0.000000000000000000 ) ) ;
#456 = ORIENTED_EDGE ( 'NONE', *, *, #373, .T. ) ;
#457 = ORIENTED_EDGE ( 'NONE', *, *, #1017, .F. ) ;
#458 = DIRECTION ( 'NONE',  ( 0.000000000000000000, 0.000000000000000000, -1.000000000000000000 ) ) ;
#459 = AXIS2_PLACEMENT_3D ( 'NONE', #22, #154, #591 ) ;
#460 = EDGE_CURVE ( 'NONE', #1500, #724, #918, .T. ) ;
#461 = EDGE_CURVE ( 'NONE', #34, #570, #1440, .T. ) ;
#462 = DIRECTION ( 'NONE',  ( 0.000000000000000000, 1.000000000000000000, -0.000000000000000000 ) ) ;
#463 = DIRECTION ( 'NONE',  ( 1.000000000000000000, 0.000000000000000000, -2.668805347656606760E-15 ) ) ;
#464 = DIRECTION ( 'NONE',  ( -1.000000000000000000, 0.000000000000000000, 0.000000000000000000 ) ) ;
#465 = CYLINDRICAL_SURFACE ( 'NONE', #756, 1.699999999999993072 ) ;
#466 = VERTEX_POINT ( 'NONE', #327 ) ;
#467 = ORIENTED_EDGE ( 'NONE', *, *, #1113, .T. ) ;
#468 = DIRECTION ( 'NONE',  ( 0.000000000000000000, 0.000000000000000000, -1.000000000000000000 ) ) ;
#469 = CIRCLE ( 'NONE', #1451, 3.149999999999999911 ) ;
#470 = EDGE_CURVE ( 'NONE', #231, #706, #831, .T. ) ;
#471 = VECTOR ( 'NONE', #1217, 1000.000000000000000 ) ;
#472 = ORIENTED_EDGE ( 'NONE', *, *, #115, .T. ) ;
#473 = CARTESIAN_POINT ( 'NONE',  ( 50.00000000000009237, 3.499999999999932054, 17.89949493661161029 ) ) ;
#474 = CARTESIAN_POINT ( 'NONE',  ( 52.99491675855401951, 6.965729529876157677, 3.098245293404051193 ) ) ;
#475 = EDGE_CURVE ( 'NONE', #1637, #9, #525, .T. ) ;
#476 =( NAMED_UNIT ( * ) PLANE_ANGLE_UNIT ( ) SI_UNIT ( $, .RADIAN. ) );
#477 = CARTESIAN_POINT ( 'NONE',  ( -52.78121658979939923, 113.4692633463700844, 0.03739368716326735981 ) ) ;
#478 = ORIENTED_EDGE ( 'NONE', *, *, #208, .F. ) ;
#479 = AXIS2_PLACEMENT_3D ( 'NONE', #1774, #339, #1504 ) ;
#480 = DIRECTION ( 'NONE',  ( -0.000000000000000000, -0.000000000000000000, -1.000000000000000000 ) ) ;
#481 = ADVANCED_FACE ( 'NONE', ( #337 ), #941, .T. ) ;
#482 = ORIENTED_EDGE ( 'NONE', *, *, #652, .T. ) ;
#483 = CARTESIAN_POINT ( 'NONE',  ( 52.20987066184915193, 6.383579132183049509, -2.155228747476468226E-13 ) ) ;
#484 = CARTESIAN_POINT ( 'NONE',  ( 0.000000000000000000, 112.9999999999999432, 17.89949493661161029 ) ) ;
#485 =( NAMED_UNIT ( * ) SI_UNIT ( $, .STERADIAN. ) SOLID_ANGLE_UNIT ( ) );
#486 = CARTESIAN_POINT ( 'NONE',  ( 53.50000000000007816, 3.499999999999932054, -6.551860375438350937E-15 ) ) ;
#487 = EDGE_LOOP ( 'NONE', ( #89, #1412, #144, #1280, #728 ) ) ;
#488 = CARTESIAN_POINT ( 'NONE',  ( -53.99999999999999289, 6.999999999999922728, 8.000000000000000000 ) ) ;
#489 = EDGE_LOOP ( 'NONE', ( #402, #839, #802, #447, #1304 ) ) ;
#490 = PLANE ( 'NONE',  #994 ) ;
#491 = VERTEX_POINT ( 'NONE', #349 ) ;
#492 = CARTESIAN_POINT ( 'NONE',  ( -55.72818193289846533, 3.499999999999919176, 0.9218180671015808736 ) ) ;
#493 = LINE ( 'NONE', #1522, #1844 ) ;
#494 = CARTESIAN_POINT ( 'NONE',  ( -2.135044278125239654E-14, 0.000000000000000000, 7.999999999999828582 ) ) ;
#495 = CARTESIAN_POINT ( 'NONE',  ( 53.13334874894760418, 0.4495289894231859762, 0.07979665480613756801 ) ) ;
#496 = CARTESIAN_POINT ( 'NONE',  ( 52.00000000000000000, 0.000000000000000000, 7.999999999999988454 ) ) ;
#497 = ORIENTED_EDGE ( 'NONE', *, *, #66, .F. ) ;
#498 = DIRECTION ( 'NONE',  ( -2.668805347656606760E-15, 0.000000000000000000, -1.000000000000000000 ) ) ;
#499 = DIRECTION ( 'NONE',  ( 1.000000000000000000, -0.000000000000000000, 0.000000000000000000 ) ) ;
#500 = ORIENTED_EDGE ( 'NONE', *, *, #1841, .T. ) ;
#501 = B_SPLINE_CURVE_WITH_KNOTS ( 'NONE', 3,
 ( #1794, #1804, #796, #1086, #514, #940, #1094, #804, #958, #1679, #1233, #524, #1224, #1651, #227, #348, #1104, #1687, #483, #653 ),
 .UNSPECIFIED., .F., .F.,
 ( 4, 2, 2, 2, 2, 2, 2, 2, 2, 4 ),
 ( 0.006202540375225399673, 0.006907167210262500634, 0.007611794045299601595, 0.008316420880336702556, 0.009021047715373802650, 0.009725674550410904479, 0.01043030138544800631, 0.01078261480296654681, 0.01113492822048508732, 0.01183955505552214751 ),
 .UNSPECIFIED. ) ;
#502 = CARTESIAN_POINT ( 'NONE',  ( -52.00000000000000000, 0.7300722031070333573, 0.000000000000000000 ) ) ;
#503 = VECTOR ( 'NONE', #1742, 1000.000000000000000 ) ;
#504 = DIRECTION ( 'NONE',  ( -0.000000000000000000, -1.000000000000000000, 0.000000000000000000 ) ) ;
#505 = AXIS2_PLACEMENT_3D ( 'NONE', #441, #993, #698 ) ;
#506 = CIRCLE ( 'NONE', #754, 0.8499999999999965361 ) ;
#507 = DIRECTION ( 'NONE',  ( -0.000000000000000000, -0.000000000000000000, -1.000000000000000000 ) ) ;
#508 = PRODUCT_DEFINITION ( 'UNKNOWN', '', #1339, #991 ) ;
#509 = DIRECTION ( 'NONE',  ( -1.000000000000000000, 0.000000000000000000, 0.000000000000000000 ) ) ;
#510 = LINE ( 'NONE', #1829, #1149 ) ;
#511 = ORIENTED_EDGE ( 'NONE', *, *, #1633, .F. ) ;
#512 = CARTESIAN_POINT ( 'NONE',  ( 53.99999999999999289, 6.999999999999922728, 0.000000000000000000 ) ) ;
#513 = COLOUR_RGB ( '',0.7921568627450980005, 0.8196078431372548767, 0.9333333333333333481 ) ;
#514 = CARTESIAN_POINT ( 'NONE',  ( 55.53210026744890371, 4.660023397333772799, 0.8211936081690295319 ) ) ;
#515 = CARTESIAN_POINT ( 'NONE',  ( 60.00000000000000000, 120.0000000000000000, 7.999999999999988454 ) ) ;
#516 = CARTESIAN_POINT ( 'NONE',  ( 53.50000000000004974, 116.4999999999999574, -8.286583851415153298E-15 ) ) ;
#517 = FACE_OUTER_BOUND ( 'NONE', #1556, .T. ) ;
#518 = CARTESIAN_POINT ( 'NONE',  ( -56.58257569495583539, 120.0000000000000000, 6.000000000000000000 ) ) ;
#519 = ORIENTED_EDGE ( 'NONE', *, *, #1223, .T. ) ;
#520 = CARTESIAN_POINT ( 'NONE',  ( -52.23921867810737041, 0.2242509575804385868, 2.999999999999999556 ) ) ;
#521 = EDGE_CURVE ( 'NONE', #319, #1109, #1511, .T. ) ;
#522 = ORIENTED_EDGE ( 'NONE', *, *, #1741, .F. ) ;
#523 = ORIENTED_EDGE ( 'NONE', *, *, #1272, .F. ) ;
#524 = CARTESIAN_POINT ( 'NONE',  ( 53.82872900850740905, 6.431262102030738781, 0.2088203572558683663 ) ) ;
#525 = CIRCLE ( 'NONE', #1683, 0.8499999999999965361 ) ;
#526 = DIRECTION ( 'NONE',  ( -0.000000000000000000, -0.000000000000000000, -1.000000000000000000 ) ) ;
#527 = CARTESIAN_POINT ( 'NONE',  ( 56.58257569495583539, 113.0000000000000000, 6.000000000000000000 ) ) ;
#528 = CARTESIAN_POINT ( 'NONE',  ( -5.377642775528478753E-14, 7.000000000000329514, 8.000000000000000000 ) ) ;
#529 = CARTESIAN_POINT ( 'NONE',  ( 55.22604545055564529, 118.2840287238678343, 0.6777734219032525154 ) ) ;
#530 = ORIENTED_EDGE ( 'NONE', *, *, #605, .T. ) ;
#531 = VERTEX_POINT ( 'NONE', #1066 ) ;
#532 = AXIS2_PLACEMENT_3D ( 'NONE', #1333, #611, #1771 ) ;
#533 = CARTESIAN_POINT ( 'NONE',  ( -56.65000000000004832, 116.4999999999999432, 4.817136899461539109E-15 ) ) ;
#534 = EDGE_CURVE ( 'NONE', #531, #1775, #44, .T. ) ;
#535 = AXIS2_PLACEMENT_3D ( 'NONE', #1837, #944, #800 ) ;
#536 = DIRECTION ( 'NONE',  ( -1.000000000000000000, 7.459310946700275239E-15, 1.734723475976808080E-15 ) ) ;
#537 = EDGE_CURVE ( 'NONE', #1864, #1500, #797, .T. ) ;
#538 = CARTESIAN_POINT ( 'NONE',  ( 52.48587408317185066, 119.8598903171332068, 3.017079959757964946 ) ) ;
#539 = DIRECTION ( 'NONE',  ( -0.000000000000000000, -1.000000000000000000, -0.000000000000000000 ) ) ;
#540 = ORIENTED_EDGE ( 'NONE', *, *, #390, .F. ) ;
#541 = ORIENTED_EDGE ( 'NONE', *, *, #195, .T. ) ;
#542 = CARTESIAN_POINT ( 'NONE',  ( 50.35000000000007248, 3.499999999999932054, -8.286583851415158031E-15 ) ) ;
#543 = CARTESIAN_POINT ( 'NONE',  ( -50.35000000000004405, 3.499999999999919620, 4.817136899461539109E-15 ) ) ;
#544 = ADVANCED_FACE ( 'NONE', ( #1502 ), #200, .T. ) ;
#545 = CARTESIAN_POINT ( 'NONE',  ( 53.37540855740298440, 119.9999999999999289, 3.191121796897331997 ) ) ;
#546 = CARTESIAN_POINT ( 'NONE',  ( 52.78455169935317315, 119.5312504145660881, 0.03770476258806619574 ) ) ;
#547 = ORIENTED_EDGE ( 'NONE', *, *, #341, .F. ) ;
#548 = CARTESIAN_POINT ( 'NONE',  ( 53.50000000000004974, 116.4999999999999574, 8.000000000000000000 ) ) ;
#549 = B_SPLINE_CURVE_WITH_KNOTS ( 'NONE', 3,
 ( #502, #1569, #1660, #1429, #703, #784, #640, #1802, #795, #1251, #1686, #1536, #1521, #1395, #1669, #812, #1364, #492 ),
 .UNSPECIFIED., .F., .F.,
 ( 4, 2, 2, 2, 2, 2, 2, 2, 4 ),
 ( 0.0005661807016056555212, 0.001270725660808135751, 0.001622998140409365620, 0.001975270620010595706, 0.002679815579213055445, 0.003384360538415515617, 0.004793450456820435961, 0.005497995416022899602, 0.006202540375225364111 ),
 .UNSPECIFIED. ) ;
#550 = CARTESIAN_POINT ( 'NONE',  ( 53.50000000000007816, 3.499999999999932054, 17.89949493661161029 ) ) ;
#551 = ORIENTED_EDGE ( 'NONE', *, *, #208, .T. ) ;
#552 = VECTOR ( 'NONE', #1212, 1000.000000000000000 ) ;
#553 = VERTEX_POINT ( 'NONE', #632 ) ;
#554 = DIRECTION ( 'NONE',  ( -1.000000000000000000, 0.000000000000000000, 0.000000000000000000 ) ) ;
#555 = CARTESIAN_POINT ( 'NONE',  ( 51.80000000000008953, 3.499999999999932054, 1.450000000000000400 ) ) ;
#556 = CARTESIAN_POINT ( 'NONE',  ( -55.60582039666548582, 117.4333168869020483, 0.8584974012587563985 ) ) ;
#557 = ORIENTED_EDGE ( 'NONE', *, *, #949, .F. ) ;
#558 = ADVANCED_FACE ( 'NONE', ( #1367 ), #644, .F. ) ;
#559 = VERTEX_POINT ( 'NONE', #676 ) ;
#560 = CARTESIAN_POINT ( 'NONE',  ( -53.50000000000004974, 116.4999999999999432, 1.450000000000013278 ) ) ;
#561 = ORIENTED_EDGE ( 'NONE', *, *, #239, .T. ) ;
#562 = VERTEX_POINT ( 'NONE', #1097 ) ;
#563 = PLANE ( 'NONE',  #1513 ) ;
#564 = LINE ( 'NONE', #1328, #269 ) ;
#565 = VECTOR ( 'NONE', #65, 1000.000000000000000 ) ;
#566 = CARTESIAN_POINT ( 'NONE',  ( -53.50000000000004974, 3.499999999999919176, 1.450000000000013278 ) ) ;
#567 = EDGE_LOOP ( 'NONE', ( #935, #1380, #1867, #1793 ) ) ;
#568 = VECTOR ( 'NONE', #1290, 1000.000000000000000 ) ;
#569 =( GEOMETRIC_REPRESENTATION_CONTEXT ( 3 ) GLOBAL_UNCERTAINTY_ASSIGNED_CONTEXT ( ( #707 ) ) GLOBAL_UNIT_ASSIGNED_CONTEXT ( ( #1482, #476, #485 ) ) REPRESENTATION_CONTEXT ( 'NONE', 'WORKASPACE' ) );
#570 = VERTEX_POINT ( 'NONE', #223 ) ;
#571 = VECTOR ( 'NONE', #983, 1000.000000000000000 ) ;
#572 = ORIENTED_EDGE ( 'NONE', *, *, #1746, .F. ) ;
#573 = ORIENTED_EDGE ( 'NONE', *, *, #726, .T. ) ;
#574 = CARTESIAN_POINT ( 'NONE',  ( -53.50000000000004974, 116.4999999999999432, 17.89949493661161029 ) ) ;
#575 = ORIENTED_EDGE ( 'NONE', *, *, #115, .F. ) ;
#576 = DIRECTION ( 'NONE',  ( -0.000000000000000000, -0.000000000000000000, -1.000000000000000000 ) ) ;
#577 = EDGE_LOOP ( 'NONE', ( #852, #290, #836 ) ) ;
#578 = VECTOR ( 'NONE', #431, 1000.000000000000000 ) ;
#579 = ADVANCED_FACE ( 'NONE', ( #240 ), #1401, .T. ) ;
#580 = ORIENTED_EDGE ( 'NONE', *, *, #222, .F. ) ;
#581 = EDGE_CURVE ( 'NONE', #965, #84, #690, .T. ) ;
#582 =( LENGTH_UNIT ( ) NAMED_UNIT ( * ) SI_UNIT ( .MILLI., .METRE. ) );
#583 = CARTESIAN_POINT ( 'NONE',  ( -54.44380221115655161, 6.113379249188898079, 0.3801418961906466998 ) ) ;
#584 = ORIENTED_EDGE ( 'NONE', *, *, #1221, .F. ) ;
#585 = LINE ( 'NONE', #729, #1594 ) ;
#586 = DIRECTION ( 'NONE',  ( -0.000000000000000000, -0.000000000000000000, -1.000000000000000000 ) ) ;
#587 = LINE ( 'NONE', #1882, #119 ) ;
#588 = VERTEX_POINT ( 'NONE', #1256 ) ;
#589 = EDGE_CURVE ( 'NONE', #619, #624, #791, .T. ) ;
#590 = DIRECTION ( 'NONE',  ( 0.000000000000000000, 0.000000000000000000, -1.000000000000000000 ) ) ;
#591 = DIRECTION ( 'NONE',  ( 1.000000000000000000, 0.000000000000000000, 0.000000000000000000 ) ) ;
#592 = ORIENTED_EDGE ( 'NONE', *, *, #313, .T. ) ;
#593 = EDGE_CURVE ( 'NONE', #624, #1063, #204, .T. ) ;
#594 = AXIS2_PLACEMENT_3D ( 'NONE', #620, #462, #444 ) ;
#595 = CARTESIAN_POINT ( 'NONE',  ( -55.53254167149298581, 115.3411540643122493, 0.8214108243093171113 ) ) ;
#596 = ORIENTED_EDGE ( 'NONE', *, *, #66, .T. ) ;
#597 = FACE_OUTER_BOUND ( 'NONE', #18, .T. ) ;
#598 = VECTOR ( 'NONE', #792, 1000.000000000000000 ) ;
#599 = ORIENTED_EDGE ( 'NONE', *, *, #151, .F. ) ;
#600 = DIRECTION ( 'NONE',  ( 1.000000000000000000, 0.000000000000000000, 0.000000000000000000 ) ) ;
#601 = CIRCLE ( 'NONE', #848, 3.149999999999999911 ) ;
#602 = CARTESIAN_POINT ( 'NONE',  ( 0.000000000000000000, 113.0000000000000000, 6.000000000000000000 ) ) ;
#603 = ADVANCED_FACE ( 'NONE', ( #635 ), #656, .F. ) ;
#604 = DIRECTION ( 'NONE',  ( 4.625929269271482167E-15, -0.000000000000000000, 1.000000000000000000 ) ) ;
#605 = EDGE_CURVE ( 'NONE', #1222, #1228, #666, .T. ) ;
#606 = DIRECTION ( 'NONE',  ( -1.000000000000000000, 0.000000000000000000, 0.000000000000000000 ) ) ;
#607 = EDGE_LOOP ( 'NONE', ( #1410, #309, #1436, #892, #946, #914 ) ) ;
#608 = ORIENTED_EDGE ( 'NONE', *, *, #1678, .T. ) ;
#609 = DIRECTION ( 'NONE',  ( -0.000000000000000000, -1.000000000000000000, -0.000000000000000000 ) ) ;
#610 =( GEOMETRIC_REPRESENTATION_CONTEXT ( 3 ) GLOBAL_UNCERTAINTY_ASSIGNED_CONTEXT ( ( #261 ) ) GLOBAL_UNIT_ASSIGNED_CONTEXT ( ( #582, #1341, #1139 ) ) REPRESENTATION_CONTEXT ( 'NONE', 'WORKASPACE' ) );
#611 = DIRECTION ( 'NONE',  ( -0.000000000000000000, -0.000000000000000000, -1.000000000000000000 ) ) ;
#612 = DIRECTION ( 'NONE',  ( -0.000000000000000000, -0.000000000000000000, -1.000000000000000000 ) ) ;
#613 = FACE_OUTER_BOUND ( 'NONE', #1458, .T. ) ;
#614 = DIRECTION ( 'NONE',  ( 0.000000000000000000, 0.000000000000000000, 1.000000000000000000 ) ) ;
#615 = VERTEX_POINT ( 'NONE', #963 ) ;
#616 = DIRECTION ( 'NONE',  ( -0.000000000000000000, -0.000000000000000000, -1.000000000000000000 ) ) ;
#617 = AXIS2_PLACEMENT_3D ( 'NONE', #896, #1643, #1607 ) ;
#618 = ADVANCED_FACE ( 'NONE', ( #809 ), #1248, .F. ) ;
#619 = VERTEX_POINT ( 'NONE', #1371 ) ;
#620 = CARTESIAN_POINT ( 'NONE',  ( -52.00000000000000000, 0.000000000000000000, 8.000000000000000000 ) ) ;
#621 = CARTESIAN_POINT ( 'NONE',  ( 0.000000000000000000, 120.0000000000000000, 0.000000000000000000 ) ) ;
#622 = CARTESIAN_POINT ( 'NONE',  ( -60.00000000000000000, 0.000000000000000000, 8.000000000000001776 ) ) ;
#623 = CARTESIAN_POINT ( 'NONE',  ( 53.50000000000007816, 3.499999999999932054, 8.000000000000001776 ) ) ;
#624 = VERTEX_POINT ( 'NONE', #488 ) ;
#625 = ORIENTED_EDGE ( 'NONE', *, *, #1816, .T. ) ;
#626 = AXIS2_PLACEMENT_3D ( 'NONE', #67, #504, #358 ) ;
#627 = CARTESIAN_POINT ( 'NONE',  ( -52.00000000000000000, 6.999999999999922728, 8.000000000000000000 ) ) ;
#628 = CIRCLE ( 'NONE', #440, 0.8499999999999965361 ) ;
#629 = VECTOR ( 'NONE', #1566, 1000.000000000000000 ) ;
#630 = ORIENTED_EDGE ( 'NONE', *, *, #1776, .F. ) ;
#631 = LINE ( 'NONE', #1065, #1779 ) ;
#632 = CARTESIAN_POINT ( 'NONE',  ( -53.50000000000004974, -8.066464163292152989E-14, 8.000000000000000000 ) ) ;
#633 = DIRECTION ( 'NONE',  ( -1.000000000000000000, 0.000000000000000000, 0.000000000000000000 ) ) ;
#634 = VERTEX_POINT ( 'NONE', #71 ) ;
#635 = FACE_OUTER_BOUND ( 'NONE', #855, .T. ) ;
#636 = VECTOR ( 'NONE', #609, 1000.000000000000000 ) ;
#637 = DIRECTION ( 'NONE',  ( -1.000000000000000000, 0.000000000000000000, 0.000000000000000000 ) ) ;
#638 = ORIENTED_EDGE ( 'NONE', *, *, #58, .F. ) ;
#639 = ADVANCED_FACE ( 'NONE', ( #1229 ), #214, .T. ) ;
#640 = CARTESIAN_POINT ( 'NONE',  ( -53.25239546003085422, 0.4556509534901106440, 0.09776505495006264368 ) ) ;
#641 = ORIENTED_EDGE ( 'NONE', *, *, #1240, .F. ) ;
#642 = CARTESIAN_POINT ( 'NONE',  ( -53.99999999999999289, 120.0000000000000000, 8.000000000000000000 ) ) ;
#643 = AXIS2_PLACEMENT_3D ( 'NONE', #228, #1262, #536 ) ;
#644 = CYLINDRICAL_SURFACE ( 'NONE', #347, 4.999999999999999112 ) ;
#645 = DIRECTION ( 'NONE',  ( 0.000000000000000000, 0.000000000000000000, -1.000000000000000000 ) ) ;
#646 = DIRECTION ( 'NONE',  ( -0.000000000000000000, -1.000000000000000000, 0.000000000000000000 ) ) ;
#647 = VERTEX_POINT ( 'NONE', #1809 ) ;
#648 = PLANE ( 'NONE',  #782 ) ;
#649 = CARTESIAN_POINT ( 'NONE',  ( -53.50000000000004974, -8.082668874372537449E-14, 17.89949493661161029 ) ) ;
#650 = VERTEX_POINT ( 'NONE', #974 ) ;
#651 = CARTESIAN_POINT ( 'NONE',  ( -52.23921867810737751, 113.2242509575805087, 3.000000000000000000 ) ) ;
#652 = EDGE_CURVE ( 'NONE', #319, #491, #628, .T. ) ;
#653 = CARTESIAN_POINT ( 'NONE',  ( 52.00000000000000000, 6.269927796892805105, -1.273632671113247592E-14 ) ) ;
#654 = CARTESIAN_POINT ( 'NONE',  ( -52.99671045086808618, 6.973265248378342385, 3.093701358989354055 ) ) ;
#655 = FACE_OUTER_BOUND ( 'NONE', #1313, .T. ) ;
#656 = CYLINDRICAL_SURFACE ( 'NONE', #1694, 5.000000000000000888 ) ;
#657 = CARTESIAN_POINT ( 'NONE',  ( 52.00000000000000000, 113.3377223398316431, 2.999999999999993783 ) ) ;
#658 = ORIENTED_EDGE ( 'NONE', *, *, #1654, .T. ) ;
#659 = LINE ( 'NONE', #924, #565 ) ;
#660 = AXIS2_PLACEMENT_3D ( 'NONE', #1329, #15, #1184 ) ;
#661 = DIRECTION ( 'NONE',  ( -1.000000000000000000, 0.000000000000000000, 0.000000000000000000 ) ) ;
#662 = CONICAL_SURFACE ( 'NONE', #1722, 3.149999999999999911, 0.7853981633974500554 ) ;
#663 = CIRCLE ( 'NONE', #1697, 1.700000000000000178 ) ;
#664 = DIRECTION ( 'NONE',  ( 0.000000000000000000, 1.000000000000000000, -0.000000000000000000 ) ) ;
#665 = DIRECTION ( 'NONE',  ( -1.000000000000000000, 0.000000000000000000, 0.000000000000000000 ) ) ;
#666 = LINE ( 'NONE', #369, #376 ) ;
#667 = ADVANCED_FACE ( 'NONE', ( #1525 ), #648, .F. ) ;
#668 = CARTESIAN_POINT ( 'NONE',  ( 53.50000000000004974, 119.9999999999999432, 3.230303992915281697 ) ) ;
#669 = ORIENTED_EDGE ( 'NONE', *, *, #736, .F. ) ;
#670 = AXIS2_PLACEMENT_3D ( 'NONE', #1446, #882, #723 ) ;
#671 = CARTESIAN_POINT ( 'NONE',  ( -58.50000000000000000, 120.0000000000000000, 7.150000000000003908 ) ) ;
#672 = CARTESIAN_POINT ( 'NONE',  ( -52.00000000000000000, 120.0000000000000000, 8.000000000000000000 ) ) ;
#673 = FACE_OUTER_BOUND ( 'NONE', #1696, .T. ) ;
#674 = VECTOR ( 'NONE', #1835, 1000.000000000000000 ) ;
#675 = CARTESIAN_POINT ( 'NONE',  ( -53.50000000000004974, 6.999999999999912070, 3.230303992915287470 ) ) ;
#676 = CARTESIAN_POINT ( 'NONE',  ( 52.00000000000000000, 120.0000000000000000, 2.999999999999988010 ) ) ;
#677 = CARTESIAN_POINT ( 'NONE',  ( -53.50000000000004974, 3.499999999999919176, 4.817136899461539109E-15 ) ) ;
#678 = VERTEX_POINT ( 'NONE', #1407 ) ;
#679 = ADVANCED_FACE ( 'NONE', ( #1828 ), #1817, .F. ) ;
#680 = ADVANCED_FACE ( 'NONE', ( #932 ), #1516, .F. ) ;
#681 = CYLINDRICAL_SURFACE ( 'NONE', #168, 0.8499999999999965361 ) ;
#682 = CARTESIAN_POINT ( 'NONE',  ( -58.50000000000000000, 0.000000000000000000, 8.000000000000000000 ) ) ;
#683 = CARTESIAN_POINT ( 'NONE',  ( 55.70326703549404357, 116.0266146838663843, 0.9085407626378447787 ) ) ;
#684 = LINE ( 'NONE', #1264, #1760 ) ;
#685 = ORIENTED_EDGE ( 'NONE', *, *, #42, .T. ) ;
#686 = ADVANCED_FACE ( 'NONE', ( #517 ), #1089, .F. ) ;
#687 = EDGE_CURVE ( 'NONE', #173, #1163, #866, .T. ) ;
#688 = VERTEX_POINT ( 'NONE', #1263 ) ;
#689 = CARTESIAN_POINT ( 'NONE',  ( 58.50000000000000000, 120.0000000000000000, 7.149999999999989697 ) ) ;
#690 = CIRCLE ( 'NONE', #936, 3.149999999999999911 ) ;
#691 = CARTESIAN_POINT ( 'NONE',  ( 53.50000000000007816, -2.775557561562891351E-14, 17.89949493661161029 ) ) ;
#692 = AXIS2_PLACEMENT_3D ( 'NONE', #63, #1648, #1206 ) ;
#693 = CARTESIAN_POINT ( 'NONE',  ( 52.00000000000000000, 119.2699277968928442, -1.273632671113247592E-14 ) ) ;
#694 = CARTESIAN_POINT ( 'NONE',  ( 52.99671045086807197, 113.0267347516215892, 3.093701358989343397 ) ) ;
#695 = VERTEX_POINT ( 'NONE', #1735 ) ;
#696 = ORIENTED_EDGE ( 'NONE', *, *, #947, .T. ) ;
#697 = ORIENTED_EDGE ( 'NONE', *, *, #1736, .T. ) ;
#698 = DIRECTION ( 'NONE',  ( -1.000000000000000000, 0.000000000000000000, 0.000000000000000000 ) ) ;
#699 = DIRECTION ( 'NONE',  ( -1.000000000000000000, 0.000000000000000000, 0.000000000000000000 ) ) ;
#700 = EDGE_LOOP ( 'NONE', ( #416, #859, #421, #1074 ) ) ;
#701 = ORIENTED_EDGE ( 'NONE', *, *, #920, .F. ) ;
#702 = CARTESIAN_POINT ( 'NONE',  ( -55.20000000000003837, 116.4999999999999432, 6.551860375438346992E-15 ) ) ;
#703 = CARTESIAN_POINT ( 'NONE',  ( -52.89777977488775917, 0.4564544840853838603, 0.04964831647282259841 ) ) ;
#704 = ADVANCED_FACE ( 'NONE', ( #255 ), #102, .T. ) ;
#705 = FACE_OUTER_BOUND ( 'NONE', #1281, .T. ) ;
#706 = VERTEX_POINT ( 'NONE', #1879 ) ;
#707 = UNCERTAINTY_MEASURE_WITH_UNIT (LENGTH_MEASURE( 1.000000000000000082E-05 ), #1482, 'distance_accuracy_value', 'NONE');
#708 = ORIENTED_EDGE ( 'NONE', *, *, #1272, .T. ) ;
#709 = DIRECTION ( 'NONE',  ( -1.000000000000000000, 0.000000000000000000, 0.000000000000000000 ) ) ;
#710 = DIRECTION ( 'NONE',  ( -0.000000000000000000, -1.000000000000000000, -0.000000000000000000 ) ) ;
#711 = ORIENTED_EDGE ( 'NONE', *, *, #887, .F. ) ;
#712 = AXIS2_PLACEMENT_3D ( 'NONE', #1188, #1492, #1334 ) ;
#713 = FACE_OUTER_BOUND ( 'NONE', #1656, .T. ) ;
#714 = CARTESIAN_POINT ( 'NONE',  ( -58.50000000000000000, 0.000000000000000000, 7.150000000000003908 ) ) ;
#715 = CARTESIAN_POINT ( 'NONE',  ( -52.00000000000000000, 120.0000000000000000, 3.000000000000000000 ) ) ;
#716 = ORIENTED_EDGE ( 'NONE', *, *, #1620, .F. ) ;
#717 = CIRCLE ( 'NONE', #660, 3.499999999999982236 ) ;
#718 = VERTEX_POINT ( 'NONE', #693 ) ;
#719 = ORIENTED_EDGE ( 'NONE', *, *, #264, .T. ) ;
#720 = CARTESIAN_POINT ( 'NONE',  ( 53.25239546003085422, 113.4556509534901494, 0.09776505495004966795 ) ) ;
#721 = CARTESIAN_POINT ( 'NONE',  ( -53.50000000000004974, 116.4999999999999432, 8.000000000000000000 ) ) ;
#722 = VECTOR ( 'NONE', #1220, 1000.000000000000000 ) ;
#723 = DIRECTION ( 'NONE',  ( -1.000000000000000000, 0.000000000000000000, 0.000000000000000000 ) ) ;
#724 = VERTEX_POINT ( 'NONE', #1416 ) ;
#725 = CIRCLE ( 'NONE', #145, 3.499999999999968470 ) ;
#726 = EDGE_CURVE ( 'NONE', #678, #1148, #1117, .T. ) ;
#727 = CARTESIAN_POINT ( 'NONE',  ( 51.80000000000008242, 3.499999999999932054, -6.551860375438350937E-15 ) ) ;
#728 = ORIENTED_EDGE ( 'NONE', *, *, #1498, .F. ) ;
#729 = CARTESIAN_POINT ( 'NONE',  ( 8.681051909066966748E-13, 7.000000000000325073, 6.000000000000000000 ) ) ;
#730 = DIRECTION ( 'NONE',  ( 0.7071067811865487940, 8.659560562354948882E-17, -0.7071067811865463515 ) ) ;
#731 = DIRECTION ( 'NONE',  ( -0.000000000000000000, -1.000000000000000000, -0.000000000000000000 ) ) ;
#732 = ORIENTED_EDGE ( 'NONE', *, *, #1790, .T. ) ;
#733 = EDGE_CURVE ( 'NONE', #838, #491, #1599, .T. ) ;
#734 = ORIENTED_EDGE ( 'NONE', *, *, #1080, .T. ) ;
#735 = ADVANCED_FACE ( 'NONE', ( #1435 ), #563, .T. ) ;
#736 = EDGE_CURVE ( 'NONE', #1781, #955, #1396, .T. ) ;
#737 = CARTESIAN_POINT ( 'NONE',  ( -52.90402284187311466, 6.544027641577986998, 0.05036282326816993171 ) ) ;
#738 = CARTESIAN_POINT ( 'NONE',  ( -53.50000000000004974, 112.9999999999999432, 3.230303992915287470 ) ) ;
#739 = CYLINDRICAL_SURFACE ( 'NONE', #1876, 0.8499999999999965361 ) ;
#740 = LINE ( 'NONE', #257, #17 ) ;
#741 = ORIENTED_EDGE ( 'NONE', *, *, #1553, .T. ) ;
#742 = DIRECTION ( 'NONE',  ( 1.000000000000000000, -0.000000000000000000, 0.000000000000000000 ) ) ;
#743 = ADVANCED_FACE ( 'NONE', ( #713 ), #1818, .F. ) ;
#744 = EDGE_CURVE ( 'NONE', #466, #1143, #844, .T. ) ;
#745 = CARTESIAN_POINT ( 'NONE',  ( -53.25495064781333809, 6.544127380920034653, 0.09817678579499534985 ) ) ;
#746 = DIRECTION ( 'NONE',  ( -1.000000000000000000, 0.000000000000000000, 0.000000000000000000 ) ) ;
#747 = CARTESIAN_POINT ( 'NONE',  ( 3.700743415417300592E-14, 120.0000000000000000, 8.000000000000250466 ) ) ;
#748 = CIRCLE ( 'NONE', #1237, 7.999999999999998224 ) ;
#749 = DIRECTION ( 'NONE',  ( -0.000000000000000000, -0.000000000000000000, -1.000000000000000000 ) ) ;
#750 = ORIENTED_EDGE ( 'NONE', *, *, #313, .F. ) ;
#751 = ORIENTED_EDGE ( 'NONE', *, *, #1195, .T. ) ;
#752 = LINE ( 'NONE', #1331, #1180 ) ;
#753 = AXIS2_PLACEMENT_3D ( 'NONE', #560, #1179, #709 ) ;
#754 = AXIS2_PLACEMENT_3D ( 'NONE', #1201, #1531, #1836 ) ;
#755 = DIRECTION ( 'NONE',  ( 1.000000000000000000, 0.000000000000000000, 0.000000000000000000 ) ) ;
#756 = AXIS2_PLACEMENT_3D ( 'NONE', #486, #1177, #172 ) ;
#757 = CARTESIAN_POINT ( 'NONE',  ( 51.80000000000007532, 3.499999999999932054, 8.000000000000001776 ) ) ;
#758 = PLANE ( 'NONE',  #1481 ) ;
#759 = CARTESIAN_POINT ( 'NONE',  ( 56.58257569495583539, 6.999999999999978684, 6.000000000000000000 ) ) ;
#760 = ORIENTED_EDGE ( 'NONE', *, *, #1113, .F. ) ;
#761 = EDGE_CURVE ( 'NONE', #433, #1302, #815, .T. ) ;
#762 = CARTESIAN_POINT ( 'NONE',  ( 3.627907269470719018E-16, 120.0000000000000000, 2.999999999999993783 ) ) ;
#763 = CARTESIAN_POINT ( 'NONE',  ( -55.72818193289846533, 116.4999999999999432, 0.9218180671015808736 ) ) ;
#764 = AXIS2_PLACEMENT_3D ( 'NONE', #101, #253, #1254 ) ;
#765 = ORIENTED_EDGE ( 'NONE', *, *, #401, .T. ) ;
#766 = DIRECTION ( 'NONE',  ( -0.000000000000000000, -1.000000000000000000, -0.000000000000000000 ) ) ;
#767 = CARTESIAN_POINT ( 'NONE',  ( 53.50000000000004974, 116.4999999999999574, 2.999999999999993783 ) ) ;
#768 = DIRECTION ( 'NONE',  ( 1.000000000000000000, 0.000000000000000000, 0.000000000000000000 ) ) ;
#769 = CARTESIAN_POINT ( 'NONE',  ( -54.24598970233276418, 113.7595467211502154, 0.3186813052403710822 ) ) ;
#770 = ORIENTED_EDGE ( 'NONE', *, *, #1595, .F. ) ;
#771 = CARTESIAN_POINT ( 'NONE',  ( -50.35000000000004405, 116.4999999999999432, 4.817136899461539109E-15 ) ) ;
#772 = EDGE_LOOP ( 'NONE', ( #765, #575, #557, #1239 ) ) ;
#773 = CARTESIAN_POINT ( 'NONE',  ( -54.95008944891012703, 5.654879551741831101, 0.5623025368420452308 ) ) ;
#774 = CARTESIAN_POINT ( 'NONE',  ( -58.50000000000000000, 0.000000000000000000, 8.000000000000000000 ) ) ;
#775 = CARTESIAN_POINT ( 'NONE',  ( 52.89777977488777339, 0.4564544840854031782, 0.04964831647281018473 ) ) ;
#776 = DIRECTION ( 'NONE',  ( 0.000000000000000000, 0.000000000000000000, -1.000000000000000000 ) ) ;
#777 = ORIENTED_EDGE ( 'NONE', *, *, #393, .T. ) ;
#778 = ADVANCED_FACE ( 'NONE', ( #1145 ), #861, .F. ) ;
#779 = AXIS2_PLACEMENT_3D ( 'NONE', #1386, #814, #375 ) ;
#780 = LINE ( 'NONE', #1519, #1480 ) ;
#781 = ORIENTED_EDGE ( 'NONE', *, *, #521, .T. ) ;
#782 = AXIS2_PLACEMENT_3D ( 'NONE', #1071, #1381, #1236 ) ;
#783 = EDGE_CURVE ( 'NONE', #392, #1637, #1762, .T. ) ;
#784 = CARTESIAN_POINT ( 'NONE',  ( -53.13334874894761839, 0.4495289894231693228, 0.07979665480614990536 ) ) ;
#785 = ORIENTED_EDGE ( 'NONE', *, *, #1208, .T. ) ;
#786 = LINE ( 'NONE', #1253, #1720 ) ;
#787 = DIRECTION ( 'NONE',  ( 1.000000000000000000, 0.000000000000000000, -1.224646799147353454E-16 ) ) ;
#788 = DIRECTION ( 'NONE',  ( -0.000000000000000000, -1.000000000000000000, -0.000000000000000000 ) ) ;
#789 = CARTESIAN_POINT ( 'NONE',  ( -53.13334874894761128, 113.4495289894231860, 0.07979665480615108497 ) ) ;
#790 = VERTEX_POINT ( 'NONE', #450 ) ;
#791 = LINE ( 'NONE', #1673, #1111 ) ;
#792 = DIRECTION ( 'NONE',  ( 1.000000000000000000, 0.000000000000000000, -2.668805347656606760E-15 ) ) ;
#793 = ORIENTED_EDGE ( 'NONE', *, *, #1208, .F. ) ;
#794 = EDGE_CURVE ( 'NONE', #191, #159, #725, .T. ) ;
#795 = CARTESIAN_POINT ( 'NONE',  ( -53.82611317101856230, 0.5677370141632391842, 0.2081813855762104648 ) ) ;
#796 = CARTESIAN_POINT ( 'NONE',  ( 55.70326846674550580, 3.973630767875197201, 0.9085401528285201866 ) ) ;
#797 = LINE ( 'NONE', #211, #219 ) ;
#798 = DIRECTION ( 'NONE',  ( -0.000000000000000000, -1.000000000000000000, -0.000000000000000000 ) ) ;
#799 = ORIENTED_EDGE ( 'NONE', *, *, #1294, .T. ) ;
#800 = DIRECTION ( 'NONE',  ( -1.000000000000000000, 0.000000000000000000, 0.000000000000000000 ) ) ;
#801 = CARTESIAN_POINT ( 'NONE',  ( -52.00000000000000000, 120.0000000000000000, 8.000000000000000000 ) ) ;
#802 = ORIENTED_EDGE ( 'NONE', *, *, #143, .F. ) ;
#803 = DIRECTION ( 'NONE',  ( -0.000000000000000000, -1.000000000000000000, -0.000000000000000000 ) ) ;
#804 = CARTESIAN_POINT ( 'NONE',  ( 54.95008944891013414, 5.654879551741843535, 0.5623025368420377923 ) ) ;
#805 = CARTESIAN_POINT ( 'NONE',  ( 50.35000000000004405, 116.4999999999999574, -8.286583851415153298E-15 ) ) ;
#806 = EDGE_CURVE ( 'NONE', #302, #384, #412, .T. ) ;
#807 = CARTESIAN_POINT ( 'NONE',  ( 53.50000000000004974, 119.9999999999999432, 8.000000000000000000 ) ) ;
#808 = ORIENTED_EDGE ( 'NONE', *, *, #761, .T. ) ;
#809 = FACE_OUTER_BOUND ( 'NONE', #910, .T. ) ;
#810 = DIRECTION ( 'NONE',  ( 0.000000000000000000, -1.000000000000000000, 0.000000000000000000 ) ) ;
#811 = ORIENTED_EDGE ( 'NONE', *, *, #1654, .F. ) ;
#812 = CARTESIAN_POINT ( 'NONE',  ( -55.70326703549405778, 3.026614683866360789, 0.9085407626378577683 ) ) ;
#813 = VECTOR ( 'NONE', #334, 1000.000000000000000 ) ;
#814 = DIRECTION ( 'NONE',  ( 0.000000000000000000, 1.000000000000000000, -0.000000000000000000 ) ) ;
#815 = CIRCLE ( 'NONE', #1875, 1.699999999999986189 ) ;
#816 = STYLED_ITEM ( 'NONE', ( #1316 ), #85 ) ;
#817 = CYLINDRICAL_SURFACE ( 'NONE', #243, 1.699999999999993072 ) ;
#818 = CARTESIAN_POINT ( 'NONE',  ( 55.20000000000006679, 3.499999999999932054, -6.551860375438350937E-15 ) ) ;
#819 = DIRECTION ( 'NONE',  ( 0.000000000000000000, 1.000000000000000000, -0.000000000000000000 ) ) ;
#820 = EDGE_CURVE ( 'NONE', #164, #1360, #985, .T. ) ;
#821 = CARTESIAN_POINT ( 'NONE',  ( -52.00000000000000000, 6.269927796892799776, 4.817136899461539109E-15 ) ) ;
#822 = ORIENTED_EDGE ( 'NONE', *, *, #1732, .T. ) ;
#823 = VECTOR ( 'NONE', #156, 1000.000000000000000 ) ;
#824 = ADVANCED_FACE ( 'NONE', ( #1851 ), #681, .F. ) ;
#825 = CARTESIAN_POINT ( 'NONE',  ( 5.204170427930785421E-14, 7.000000000000329514, 8.000000000000000000 ) ) ;
#826 = FACE_OUTER_BOUND ( 'NONE', #1042, .T. ) ;
#827 = AXIS2_PLACEMENT_3D ( 'NONE', #856, #1196, #176 ) ;
#828 = DIRECTION ( 'NONE',  ( 0.000000000000000000, 0.000000000000000000, 1.000000000000000000 ) ) ;
#829 = CARTESIAN_POINT ( 'NONE',  ( 55.53210026744888950, 117.6600233973337453, 0.8211936081690215383 ) ) ;
#830 = EDGE_LOOP ( 'NONE', ( #523, #1777, #1370, #344 ) ) ;
#831 = B_SPLINE_CURVE_WITH_KNOTS ( 'NONE', 3,
 ( #1308, #880, #654, #68, #1653, #1523 ),
 .UNSPECIFIED., .F., .F.,
 ( 4, 2, 4 ),
 ( 0.004692416976989299826, 0.005469289113410295486, 0.006246161249831291146 ),
 .UNSPECIFIED. ) ;
#832 = CARTESIAN_POINT ( 'NONE',  ( 52.99671045086809329, 0.02673475162153001947, 3.093701358989346950 ) ) ;
#833 = DIRECTION ( 'NONE',  ( -1.000000000000000000, 0.000000000000000000, -0.000000000000000000 ) ) ;
#834 = CARTESIAN_POINT ( 'NONE',  ( 52.86574154531844982, 119.9444948529866792, 3.073857186931581165 ) ) ;
#835 = CARTESIAN_POINT ( 'NONE',  ( -53.50000000000004974, 120.0000000000000000, 3.230303992915287470 ) ) ;
#836 = ORIENTED_EDGE ( 'NONE', *, *, #1467, .F. ) ;
#837 = EDGE_CURVE ( 'NONE', #1637, #553, #158, .T. ) ;
#838 = VERTEX_POINT ( 'NONE', #689 ) ;
#839 = ORIENTED_EDGE ( 'NONE', *, *, #1820, .T. ) ;
#840 = CIRCLE ( 'NONE', #39, 1.700000000000000178 ) ;
#841 = CARTESIAN_POINT ( 'NONE',  ( 52.00000000000000000, 120.0000000000000000, -1.273632671113247592E-14 ) ) ;
#842 = DIRECTION ( 'NONE',  ( -0.000000000000000000, -0.000000000000000000, -1.000000000000000000 ) ) ;
#843 = CIRCLE ( 'NONE', #1752, 4.999999999999997335 ) ;
#844 = LINE ( 'NONE', #702, #568 ) ;
#845 = DIRECTION ( 'NONE',  ( -0.000000000000000000, -1.000000000000000000, -0.000000000000000000 ) ) ;
#846 = CARTESIAN_POINT ( 'NONE',  ( -51.80000000000005400, 116.4999999999999432, 6.551860375438346992E-15 ) ) ;
#847 = ORIENTED_EDGE ( 'NONE', *, *, #534, .T. ) ;
#848 = AXIS2_PLACEMENT_3D ( 'NONE', #677, #1847, #224 ) ;
#849 = CARTESIAN_POINT ( 'NONE',  ( -2.135044278125239654E-14, 120.0000000000000000, 7.999999999999828582 ) ) ;
#850 = ORIENTED_EDGE ( 'NONE', *, *, #837, .F. ) ;
#851 = DIRECTION ( 'NONE',  ( -1.000000000000000000, 0.000000000000000000, 0.000000000000000000 ) ) ;
#852 = ORIENTED_EDGE ( 'NONE', *, *, #605, .F. ) ;
#853 = FACE_OUTER_BOUND ( 'NONE', #877, .T. ) ;
#854 = ORIENTED_EDGE ( 'NONE', *, *, #1413, .T. ) ;
#855 = EDGE_LOOP ( 'NONE', ( #94, #1563, #1473 ) ) ;
#856 = CARTESIAN_POINT ( 'NONE',  ( 0.000000000000000000, 0.000000000000000000, 0.000000000000000000 ) ) ;
#857 = VERTEX_POINT ( 'NONE', #1320 ) ;
#858 = AXIS2_PLACEMENT_3D ( 'NONE', #484, #1378, #927 ) ;
#859 = ORIENTED_EDGE ( 'NONE', *, *, #1161, .F. ) ;
#860 = ADVANCED_FACE ( 'NONE', ( #1270 ), #1207, .F. ) ;
#861 = PLANE ( 'NONE',  #81 ) ;
#862 = FILL_AREA_STYLE ('',( #1582 ) ) ;
#863 = LINE ( 'NONE', #846, #1211 ) ;
#864 = ORIENTED_EDGE ( 'NONE', *, *, #1067, .T. ) ;
#865 = VERTEX_POINT ( 'NONE', #1468 ) ;
#866 = B_SPLINE_CURVE_WITH_KNOTS ( 'NONE', 3,
 ( #122, #1726, #538, #834, #408, #1131, #545, #1155 ),
 .UNSPECIFIED., .F., .F.,
 ( 4, 2, 2, 4 ),
 ( 4.336808689942017736E-19, 0.0007829289144093445852, 0.001174393371614021160, 0.001565857828818697844 ),
 .UNSPECIFIED. ) ;
#867 = DIRECTION ( 'NONE',  ( -0.000000000000000000, -0.000000000000000000, -1.000000000000000000 ) ) ;
#868 = CIRCLE ( 'NONE', #1020, 3.149999999999999911 ) ;
#869 = EDGE_LOOP ( 'NONE', ( #1496, #1352, #1719, #439 ) ) ;
#870 = CARTESIAN_POINT ( 'NONE',  ( 54.24598970233274287, 113.7595467211502580, 0.3186813052403563162 ) ) ;
#871 = CARTESIAN_POINT ( 'NONE',  ( -53.50000000000004974, 116.4999999999999432, 8.000000000000015987 ) ) ;
#872 = VECTOR ( 'NONE', #507, 1000.000000000000000 ) ;
#873 = CYLINDRICAL_SURFACE ( 'NONE', #1120, 1.699999999999993072 ) ;
#874 = ORIENTED_EDGE ( 'NONE', *, *, #38, .F. ) ;
#875 = ADVANCED_FACE ( 'NONE', ( #597 ), #1842, .F. ) ;
#876 = EDGE_CURVE ( 'NONE', #1143, #562, #1452, .T. ) ;
#877 = EDGE_LOOP ( 'NONE', ( #547, #1724, #984, #1737, #116 ) ) ;
#878 = CIRCLE ( 'NONE', #1551, 5.000000000000000888 ) ;
#879 = CARTESIAN_POINT ( 'NONE',  ( -53.60104389712053319, 6.498718701599422332, 0.1583481722612947729 ) ) ;
#880 = CARTESIAN_POINT ( 'NONE',  ( -53.24886791446736822, 6.999999999999919176, 3.151326605731805675 ) ) ;
#881 = DIRECTION ( 'NONE',  ( -1.000000000000000000, 0.000000000000000000, 0.000000000000000000 ) ) ;
#882 = DIRECTION ( 'NONE',  ( -0.000000000000000000, -0.000000000000000000, -1.000000000000000000 ) ) ;
#883 = ORIENTED_EDGE ( 'NONE', *, *, #521, .F. ) ;
#884 = EDGE_CURVE ( 'NONE', #60, #1855, #1175, .T. ) ;
#885 = AXIS2_PLACEMENT_3D ( 'NONE', #266, #867, #1306 ) ;
#886 = CARTESIAN_POINT ( 'NONE',  ( -57.64999999999999858, 120.0000000000000000, 8.000000000000000000 ) ) ;
#887 = EDGE_CURVE ( 'NONE', #1775, #718, #252, .T. ) ;
#888 = DIRECTION ( 'NONE',  ( -0.000000000000000000, -1.000000000000000000, -0.000000000000000000 ) ) ;
#889 = DIRECTION ( 'NONE',  ( -1.000000000000000000, 0.000000000000000000, 0.000000000000000000 ) ) ;
#890 = CARTESIAN_POINT ( 'NONE',  ( 55.20000000000003837, 116.4999999999999574, -6.551860375438346992E-15 ) ) ;
#891 = CARTESIAN_POINT ( 'NONE',  ( -55.72818193289847954, 116.2607921839300928, 0.9218180671015899774 ) ) ;
#892 = ORIENTED_EDGE ( 'NONE', *, *, #264, .F. ) ;
#893 = DIRECTION ( 'NONE',  ( -0.000000000000000000, -1.000000000000000000, -0.000000000000000000 ) ) ;
#894 = VECTOR ( 'NONE', #276, 1000.000000000000000 ) ;
#895 = DIRECTION ( 'NONE',  ( -0.000000000000000000, -0.000000000000000000, -1.000000000000000000 ) ) ;
#896 = CARTESIAN_POINT ( 'NONE',  ( 53.50000000000004974, 116.4999999999999574, 8.000000000000001776 ) ) ;
#897 = EDGE_CURVE ( 'NONE', #60, #84, #265, .T. ) ;
#898 = FACE_OUTER_BOUND ( 'NONE', #1587, .T. ) ;
#899 = VECTOR ( 'NONE', #1377, 1000.000000000000000 ) ;
#900 = DIRECTION ( 'NONE',  ( -1.000000000000000000, 0.000000000000000000, 0.000000000000000000 ) ) ;
#901 = ORIENTED_EDGE ( 'NONE', *, *, #1620, .T. ) ;
#902 = CARTESIAN_POINT ( 'NONE',  ( 53.50000000000004974, 113.0000000000000000, 3.230303992915277256 ) ) ;
#903 = CIRCLE ( 'NONE', #87, 3.499999999999989342 ) ;
#904 = ORIENTED_EDGE ( 'NONE', *, *, #1116, .F. ) ;
#905 = CYLINDRICAL_SURFACE ( 'NONE', #254, 8.000000000000000000 ) ;
#906 = AXIS2_PLACEMENT_3D ( 'NONE', #1043, #1778, #468 ) ;
#907 = DIRECTION ( 'NONE',  ( -0.000000000000000000, -0.000000000000000000, -1.000000000000000000 ) ) ;
#908 = CARTESIAN_POINT ( 'NONE',  ( 3.700743415417300592E-14, 120.0000000000000000, 8.000000000000250466 ) ) ;
#909 = CARTESIAN_POINT ( 'NONE',  ( -52.43516388303650899, 113.5352079477072635, 0.008490317310416212529 ) ) ;
#910 = EDGE_LOOP ( 'NONE', ( #279, #1160, #573, #608 ) ) ;
#911 = VERTEX_POINT ( 'NONE', #1424 ) ;
#912 = CARTESIAN_POINT ( 'NONE',  ( 0.000000000000000000, 120.0000000000000000, 8.000000000000000000 ) ) ;
#913 = CARTESIAN_POINT ( 'NONE',  ( -56.58257569495583539, 112.9999999999999432, 6.000000000000000000 ) ) ;
#914 = ORIENTED_EDGE ( 'NONE', *, *, #1268, .T. ) ;
#915 = DIRECTION ( 'NONE',  ( -0.000000000000000000, -0.000000000000000000, -1.000000000000000000 ) ) ;
#916 = EDGE_CURVE ( 'NONE', #150, #1023, #1277, .T. ) ;
#917 = DIRECTION ( 'NONE',  ( -0.000000000000000000, -1.000000000000000000, -0.000000000000000000 ) ) ;
#918 = B_SPLINE_CURVE_WITH_KNOTS ( 'NONE', 3,
 ( #1783, #179, #1024, #291, #474, #1055, #1764, #306 ),
 .UNSPECIFIED., .F., .F.,
 ( 4, 2, 2, 4 ),
 ( 7.461327794363650336E-18, 0.0007829289144093721240, 0.001174393371614054337, 0.001565857828818736659 ),
 .UNSPECIFIED. ) ;
#919 = CARTESIAN_POINT ( 'NONE',  ( 55.60613318686351647, 2.567907223538054229, 0.8586566886931270570 ) ) ;
#920 = EDGE_CURVE ( 'NONE', #857, #1052, #1518, .T. ) ;
#921 = DIRECTION ( 'NONE',  ( -1.000000000000000000, 0.000000000000000000, 0.000000000000000000 ) ) ;
#922 = ORIENTED_EDGE ( 'NONE', *, *, #415, .T. ) ;
#923 = FACE_OUTER_BOUND ( 'NONE', #1091, .T. ) ;
#924 = CARTESIAN_POINT ( 'NONE',  ( -53.99999999999999289, 120.0000000000000000, 6.000000000000000000 ) ) ;
#925 = ORIENTED_EDGE ( 'NONE', *, *, #687, .F. ) ;
#926 = DIRECTION ( 'NONE',  ( 4.163336342344337815E-15, 0.000000000000000000, 1.000000000000000000 ) ) ;
#927 = DIRECTION ( 'NONE',  ( 0.000000000000000000, -0.000000000000000000, -1.000000000000000000 ) ) ;
#928 = CARTESIAN_POINT ( 'NONE',  ( 52.43516388303650189, 0.5352079477072660962, 0.008490317310405292445 ) ) ;
#929 = FACE_OUTER_BOUND ( 'NONE', #1348, .T. ) ;
#930 = ORIENTED_EDGE ( 'NONE', *, *, #222, .T. ) ;
#931 = EDGE_CURVE ( 'NONE', #162, #1442, #1300, .T. ) ;
#932 = FACE_OUTER_BOUND ( 'NONE', #772, .T. ) ;
#933 = AXIS2_PLACEMENT_3D ( 'NONE', #56, #336, #926 ) ;
#934 = LINE ( 'NONE', #1073, #598 ) ;
#935 = ORIENTED_EDGE ( 'NONE', *, *, #239, .F. ) ;
#936 = AXIS2_PLACEMENT_3D ( 'NONE', #95, #1532, #953 ) ;
#937 = VECTOR ( 'NONE', #1414, 1000.000000000000000 ) ;
#938 = CARTESIAN_POINT ( 'NONE',  ( -53.24946949896863657, 0.006631321618143176319, 3.156872443220791968 ) ) ;
#939 = EDGE_CURVE ( 'NONE', #1143, #1887, #1749, .T. ) ;
#940 = CARTESIAN_POINT ( 'NONE',  ( 55.34274498889161720, 5.083402039411106799, 0.7310902158613925561 ) ) ;
#941 = PLANE ( 'NONE',  #858 ) ;
#942 = CIRCLE ( 'NONE', #1332, 1.700000000000000178 ) ;
#943 = ORIENTED_EDGE ( 'NONE', *, *, #1003, .F. ) ;
#944 = DIRECTION ( 'NONE',  ( -0.000000000000000000, -0.000000000000000000, -1.000000000000000000 ) ) ;
#945 = CARTESIAN_POINT ( 'NONE',  ( 55.72818193289847954, 3.499999999999932498, 0.9218180671015789862 ) ) ;
#946 = ORIENTED_EDGE ( 'NONE', *, *, #38, .T. ) ;
#947 = EDGE_CURVE ( 'NONE', #225, #1849, #108, .T. ) ;
#948 = LINE ( 'NONE', #956, #813 ) ;
#949 = EDGE_CURVE ( 'NONE', #634, #272, #934, .T. ) ;
#950 = DIRECTION ( 'NONE',  ( -0.000000000000000000, -0.000000000000000000, -1.000000000000000000 ) ) ;
#951 = DIRECTION ( 'NONE',  ( 0.7071067811865487940, 8.659560562354948882E-17, -0.7071067811865463515 ) ) ;
#952 = CARTESIAN_POINT ( 'NONE',  ( 50.00000000000007816, 116.4999999999999574, 8.000000000000000000 ) ) ;
#953 = DIRECTION ( 'NONE',  ( -1.000000000000000000, 0.000000000000000000, 0.000000000000000000 ) ) ;
#954 = CARTESIAN_POINT ( 'NONE',  ( -52.49172070188923556, 119.8615836614398233, 3.017690412169662384 ) ) ;
#955 = VERTEX_POINT ( 'NONE', #206 ) ;
#956 = CARTESIAN_POINT ( 'NONE',  ( 53.50000000000004974, 119.9999999999999432, 17.89949493661161029 ) ) ;
#957 = AXIS2_PLACEMENT_3D ( 'NONE', #621, #1032, #1199 ) ;
#958 = CARTESIAN_POINT ( 'NONE',  ( 54.79433920367556965, 5.821020041926831645, 0.5015951573521484352 ) ) ;
#959 = CARTESIAN_POINT ( 'NONE',  ( 52.00000000000000000, 0.000000000000000000, 7.999999999999988454 ) ) ;
#960 = DIRECTION ( 'NONE',  ( -0.000000000000000000, -0.000000000000000000, -1.000000000000000000 ) ) ;
#961 = ORIENTED_EDGE ( 'NONE', *, *, #1678, .F. ) ;
#962 = ADVANCED_FACE ( 'NONE', ( #1050 ), #490, .F. ) ;
#963 = CARTESIAN_POINT ( 'NONE',  ( 50.00000000000009237, 3.499999999999932054, 8.000000000000000000 ) ) ;
#964 = DIRECTION ( 'NONE',  ( -0.000000000000000000, -1.000000000000000000, -0.000000000000000000 ) ) ;
#965 = VERTEX_POINT ( 'NONE', #37 ) ;
#966 = CIRCLE ( 'NONE', #1541, 4.999999999999999112 ) ;
#967 = DIRECTION ( 'NONE',  ( -0.000000000000000000, -0.000000000000000000, -1.000000000000000000 ) ) ;
#968 = ORIENTED_EDGE ( 'NONE', *, *, #390, .T. ) ;
#969 = ORIENTED_EDGE ( 'NONE', *, *, #887, .T. ) ;
#970 = CIRCLE ( 'NONE', #230, 4.999999999999999112 ) ;
#971 = CYLINDRICAL_SURFACE ( 'NONE', #167, 3.499999999999968470 ) ;
#972 = AXIS2_PLACEMENT_3D ( 'NONE', #1261, #1713, #296 ) ;
#973 = FACE_OUTER_BOUND ( 'NONE', #1641, .T. ) ;
#974 = CARTESIAN_POINT ( 'NONE',  ( 55.20000000000003126, 116.4999999999999574, 1.450000000000000400 ) ) ;
#975 = DIRECTION ( 'NONE',  ( 0.000000000000000000, 0.000000000000000000, -1.000000000000000000 ) ) ;
#976 = VERTEX_POINT ( 'NONE', #1768 ) ;
#977 = CIRCLE ( 'NONE', #90, 0.8499999999999965361 ) ;
#978 = DIRECTION ( 'NONE',  ( -1.000000000000000000, 0.000000000000000000, 0.000000000000000000 ) ) ;
#979 = DIRECTION ( 'NONE',  ( 0.000000000000000000, 0.000000000000000000, -1.000000000000000000 ) ) ;
#980 = VECTOR ( 'NONE', #1707, 1000.000000000000000 ) ;
#981 = ADVANCED_FACE ( 'NONE', ( #923 ), #1296, .F. ) ;
#982 = DIRECTION ( 'NONE',  ( -1.000000000000000000, 0.000000000000000000, 1.224646799147353454E-16 ) ) ;
#983 = DIRECTION ( 'NONE',  ( -0.000000000000000000, -1.000000000000000000, -0.000000000000000000 ) ) ;
#984 = ORIENTED_EDGE ( 'NONE', *, *, #105, .F. ) ;
#985 = LINE ( 'NONE', #1128, #1326 ) ;
#986 = CARTESIAN_POINT ( 'NONE',  ( 3.700743415417300592E-14, 0.000000000000000000, 8.000000000000250466 ) ) ;
#987 = CARTESIAN_POINT ( 'NONE',  ( 55.72818193289846533, 116.4999999999999574, 0.9218180671015691052 ) ) ;
#988 = CARTESIAN_POINT ( 'NONE',  ( -55.70326846674547028, 116.9736307678752070, 0.9085401528285227402 ) ) ;
#989 = EDGE_CURVE ( 'NONE', #1389, #231, #843, .T. ) ;
#990 = ORIENTED_EDGE ( 'NONE', *, *, #1067, .F. ) ;
#991 = PRODUCT_DEFINITION_CONTEXT ( 'detailed design', #414, 'design' ) ;
#992 = CIRCLE ( 'NONE', #1603, 8.000000000000000000 ) ;
#993 = DIRECTION ( 'NONE',  ( -0.000000000000000000, -0.000000000000000000, -1.000000000000000000 ) ) ;
#994 = AXIS2_PLACEMENT_3D ( 'NONE', #762, #1373, #1639 ) ;
#995 = AXIS2_PLACEMENT_3D ( 'NONE', #70, #1096, #1399 ) ;
#996 = ORIENTED_EDGE ( 'NONE', *, *, #1652, .F. ) ;
#997 = DIRECTION ( 'NONE',  ( 0.000000000000000000, 0.000000000000000000, 1.000000000000000000 ) ) ;
#998 = DIRECTION ( 'NONE',  ( -1.000000000000000000, 0.000000000000000000, 0.000000000000000000 ) ) ;
#999 = LINE ( 'NONE', #715, #1305 ) ;
#1000 = ORIENTED_EDGE ( 'NONE', *, *, #151, .T. ) ;
#1001 = CIRCLE ( 'NONE', #174, 3.500000000000003109 ) ;
#1002 = ORIENTED_EDGE ( 'NONE', *, *, #1873, .F. ) ;
#1003 = EDGE_CURVE ( 'NONE', #553, #588, #1474, .T. ) ;
#1004 = ORIENTED_EDGE ( 'NONE', *, *, #931, .T. ) ;
#1005 = EDGE_LOOP ( 'NONE', ( #1318, #1421, #183, #1730, #251, #943, #850, #1404, #697, #1298, #51, #1392, #1665, #883, #482, #1000 ) ) ;
#1006 = CARTESIAN_POINT ( 'NONE',  ( 52.89777977488777339, 113.4564544840854410, 0.04964831647281137128 ) ) ;
#1007 = ORIENTED_EDGE ( 'NONE', *, *, #1816, .F. ) ;
#1008 = CARTESIAN_POINT ( 'NONE',  ( -52.43506119448930747, 119.4650126530519145, 0.008417614531496100949 ) ) ;
#1009 = ORIENTED_EDGE ( 'NONE', *, *, #1223, .F. ) ;
#1010 = CLOSED_SHELL ( 'NONE', ( #875, #1064, #1769, #1213, #434, #1, #981, #679, #579, #1622, #1831, #1082, #128, #558, #1051, #1279, #618, #277, #1022, #388, #603, #824, #378, #1543, #735, #1136, #680, #86, #1850, #778, #962, #106, #430, #1152, #704, #481, #69, #52, #544, #667, #1833, #639, #1259, #241, #686, #141, #860, #1351, #743, #1321 ) ) ;
#1011 = EDGE_LOOP ( 'NONE', ( #263, #1505, #16, #406 ) ) ;
#1012 = LINE ( 'NONE', #1488, #152 ) ;
#1013 = EDGE_CURVE ( 'NONE', #392, #1585, #192, .T. ) ;
#1014 = ORIENTED_EDGE ( 'NONE', *, *, #1757, .T. ) ;
#1015 = CARTESIAN_POINT ( 'NONE',  ( -53.99999999999999289, 112.9999999999999432, 0.000000000000000000 ) ) ;
#1016 = LINE ( 'NONE', #1889, #1712 ) ;
#1017 = EDGE_CURVE ( 'NONE', #790, #706, #1230, .T. ) ;
#1018 = DIRECTION ( 'NONE',  ( -0.000000000000000000, -0.000000000000000000, -1.000000000000000000 ) ) ;
#1019 = EDGE_LOOP ( 'NONE', ( #1646, #49, #777, #1058, #1506, #922, #996, #1571, #799, #1193, #1650, #1009, #530, #1338 ) ) ;
#1020 = AXIS2_PLACEMENT_3D ( 'NONE', #359, #1550, #387 ) ;
#1021 = CARTESIAN_POINT ( 'NONE',  ( -55.72818193289847954, 3.739235614635877170, 0.9218180671015888672 ) ) ;
#1022 = ADVANCED_FACE ( 'NONE', ( #1810 ), #26, .T. ) ;
#1023 = VERTEX_POINT ( 'NONE', #343 ) ;
#1024 = CARTESIAN_POINT ( 'NONE',  ( 52.48587408317183645, 6.859890317133198856, 3.017079959757964502 ) ) ;
#1025 = EDGE_CURVE ( 'NONE', #1883, #678, #780, .T. ) ;
#1026 = ORIENTED_EDGE ( 'NONE', *, *, #281, .F. ) ;
#1027 = CARTESIAN_POINT ( 'NONE',  ( -54.44380221115656582, 119.1133792491889238, 0.3801418961906478100 ) ) ;
#1028 = EDGE_LOOP ( 'NONE', ( #1579, #541 ) ) ;
#1029 = PRODUCT ( 'Nap_ver2', 'Nap_ver2', '', ( #1740 ) ) ;
#1030 = DIRECTION ( 'NONE',  ( -1.000000000000000000, 0.000000000000000000, 0.000000000000000000 ) ) ;
#1031 = CARTESIAN_POINT ( 'NONE',  ( 0.000000000000000000, 112.9999999999999432, 8.000000000000000000 ) ) ;
#1032 = DIRECTION ( 'NONE',  ( 0.000000000000000000, 1.000000000000000000, -0.000000000000000000 ) ) ;
#1033 = DIRECTION ( 'NONE',  ( -0.000000000000000000, -0.000000000000000000, -1.000000000000000000 ) ) ;
#1034 = CARTESIAN_POINT ( 'NONE',  ( -52.00000000000000000, 120.0000000000000000, 0.000000000000000000 ) ) ;
#1035 = ORIENTED_EDGE ( 'NONE', *, *, #989, .F. ) ;
#1036 = DIRECTION ( 'NONE',  ( -0.7071067811865487940, 0.000000000000000000, -0.7071067811865463515 ) ) ;
#1037 = CARTESIAN_POINT ( 'NONE',  ( -54.24681050002699578, 6.239882623140508677, 0.3189471692329002295 ) ) ;
#1038 = DIRECTION ( 'NONE',  ( -1.000000000000000000, 0.000000000000000000, -2.668805347656606760E-15 ) ) ;
#1039 = VECTOR ( 'NONE', #463, 1000.000000000000000 ) ;
#1040 = CARTESIAN_POINT ( 'NONE',  ( 54.97088587558384631, 1.325922381080485213, 0.5627085531270478169 ) ) ;
#1041 = DIRECTION ( 'NONE',  ( 0.000000000000000000, 0.000000000000000000, -1.000000000000000000 ) ) ;
#1042 = EDGE_LOOP ( 'NONE', ( #1685, #592, #1307, #1743 ) ) ;
#1043 = CARTESIAN_POINT ( 'NONE',  ( 58.50000000000000000, 120.0000000000000000, 7.999999999999986677 ) ) ;
#1044 = CARTESIAN_POINT ( 'NONE',  ( -53.50000000000004974, 112.9999999999999432, 3.230303992915287470 ) ) ;
#1045 = CARTESIAN_POINT ( 'NONE',  ( 53.50000000000007816, 3.499999999999932054, -8.286583851415158031E-15 ) ) ;
#1046 = CARTESIAN_POINT ( 'NONE',  ( 53.50000000000004974, 116.4999999999999574, 2.999999999999993783 ) ) ;
#1047 = DIRECTION ( 'NONE',  ( 0.000000000000000000, 1.000000000000000000, -0.000000000000000000 ) ) ;
#1048 = ORIENTED_EDGE ( 'NONE', *, *, #1803, .F. ) ;
#1049 = CIRCLE ( 'NONE', #1784, 1.699999999999986189 ) ;
#1050 = FACE_OUTER_BOUND ( 'NONE', #1019, .T. ) ;
#1051 = ADVANCED_FACE ( 'NONE', ( #1083 ), #304, .F. ) ;
#1052 = VERTEX_POINT ( 'NONE', #771 ) ;
#1053 = FACE_OUTER_BOUND ( 'NONE', #48, .T. ) ;
#1054 = AXIS2_PLACEMENT_3D ( 'NONE', #1191, #749, #921 ) ;
#1055 = CARTESIAN_POINT ( 'NONE',  ( 53.24946949896868631, 6.993368678381687964, 3.156872443220789748 ) ) ;
#1056 = DIRECTION ( 'NONE',  ( -0.000000000000000000, -1.000000000000000000, -0.000000000000000000 ) ) ;
#1057 = DIRECTION ( 'NONE',  ( -1.000000000000000000, 0.000000000000000000, 0.000000000000000000 ) ) ;
#1058 = ORIENTED_EDGE ( 'NONE', *, *, #537, .F. ) ;
#1059 = ORIENTED_EDGE ( 'NONE', *, *, #1072, .T. ) ;
#1060 = LINE ( 'NONE', #1361, #636 ) ;
#1061 = VECTOR ( 'NONE', #1826, 1000.000000000000000 ) ;
#1062 = CARTESIAN_POINT ( 'NONE',  ( -52.99491675855399819, 0.03427047012367148704, 3.098245293404056522 ) ) ;
#1063 = VERTEX_POINT ( 'NONE', #1789 ) ;
#1064 = ADVANCED_FACE ( 'NONE', ( #50 ), #662, .F. ) ;
#1065 = CARTESIAN_POINT ( 'NONE',  ( 52.00000000000000000, 120.0000000000000000, 2.999999999999988010 ) ) ;
#1066 = CARTESIAN_POINT ( 'NONE',  ( -52.00000000000000000, 120.0000000000000000, 0.000000000000000000 ) ) ;
#1067 = EDGE_CURVE ( 'NONE', #562, #1143, #1241, .T. ) ;
#1068 = CARTESIAN_POINT ( 'NONE',  ( 53.82611317101858361, 0.5677370141632545053, 0.2081813855762010834 ) ) ;
#1069 = DIRECTION ( 'NONE',  ( -0.000000000000000000, -1.000000000000000000, -0.000000000000000000 ) ) ;
#1070 = EDGE_LOOP ( 'NONE', ( #1586, #1734, #785, #1275, #140 ) ) ;
#1071 = CARTESIAN_POINT ( 'NONE',  ( -5.377642775528478753E-14, 7.000000000000329514, 17.89949493661161029 ) ) ;
#1072 = EDGE_CURVE ( 'NONE', #1023, #724, #752, .T. ) ;
#1073 = CARTESIAN_POINT ( 'NONE',  ( 2.135044278125243125E-14, 120.0000000000000000, 7.999999999999841904 ) ) ;
#1074 = ORIENTED_EDGE ( 'NONE', *, *, #328, .T. ) ;
#1075 = CARTESIAN_POINT ( 'NONE',  ( -52.86574154531844982, 0.05550514701318530475, 3.073857186931591823 ) ) ;
#1076 = DIRECTION ( 'NONE',  ( -0.000000000000000000, -0.000000000000000000, -1.000000000000000000 ) ) ;
#1077 = DIRECTION ( 'NONE',  ( 0.000000000000000000, 0.000000000000000000, -1.000000000000000000 ) ) ;
#1078 = DIRECTION ( 'NONE',  ( 5.551115123125783491E-15, 0.000000000000000000, 1.000000000000000000 ) ) ;
#1079 = ORIENTED_EDGE ( 'NONE', *, *, #1557, .T. ) ;
#1080 = EDGE_CURVE ( 'NONE', #216, #1130, #1060, .T. ) ;
#1081 = DIRECTION ( 'NONE',  ( 0.000000000000000000, 0.000000000000000000, 1.000000000000000000 ) ) ;
#1082 = ADVANCED_FACE ( 'NONE', ( #20 ), #1186, .F. ) ;
#1083 = FACE_OUTER_BOUND ( 'NONE', #577, .T. ) ;
#1084 = VERTEX_POINT ( 'NONE', #310 ) ;
#1085 = LINE ( 'NONE', #512, #45 ) ;
#1086 = CARTESIAN_POINT ( 'NONE',  ( 55.60582039666548582, 4.433316886902027854, 0.8584974012587535119 ) ) ;
#1087 = LINE ( 'NONE', #1815, #169 ) ;
#1088 = VECTOR ( 'NONE', #163, 1000.000000000000000 ) ;
#1089 = CYLINDRICAL_SURFACE ( 'NONE', #197, 1.699999999999993072 ) ;
#1090 = DIRECTION ( 'NONE',  ( 0.000000000000000000, 0.000000000000000000, -1.000000000000000000 ) ) ;
#1091 = EDGE_LOOP ( 'NONE', ( #990, #351, #822, #854, #107 ) ) ;
#1092 = DIRECTION ( 'NONE',  ( 1.000000000000000000, 0.000000000000000000, -1.209302423156908887E-16 ) ) ;
#1093 = EDGE_CURVE ( 'NONE', #274, #1864, #427, .T. ) ;
#1094 = CARTESIAN_POINT ( 'NONE',  ( 55.22604545055566660, 5.284028723867851163, 0.6777734219032547358 ) ) ;
#1095 = FACE_BOUND ( 'NONE', #1028, .T. ) ;
#1096 = DIRECTION ( 'NONE',  ( -0.000000000000000000, -0.000000000000000000, 1.000000000000000000 ) ) ;
#1097 = CARTESIAN_POINT ( 'NONE',  ( -51.80000000000006111, 116.4999999999999432, 1.450000000000013278 ) ) ;
#1098 = CARTESIAN_POINT ( 'NONE',  ( 53.60104389712054029, 119.4987187015994436, 0.1583481722612825049 ) ) ;
#1099 = ORIENTED_EDGE ( 'NONE', *, *, #1003, .T. ) ;
#1100 = CARTESIAN_POINT ( 'NONE',  ( -52.00000000000000000, 0.3377223398315634117, 3.000000000000000888 ) ) ;
#1101 = AXIS2_PLACEMENT_3D ( 'NONE', #161, #907, #889 ) ;
#1102 = EDGE_LOOP ( 'NONE', ( #781, #1215, #1359, #1154 ) ) ;
#1103 = ORIENTED_EDGE ( 'NONE', *, *, #446, .T. ) ;
#1104 = CARTESIAN_POINT ( 'NONE',  ( 52.78455169935316604, 6.531250414566040163, 0.03770476258806654268 ) ) ;
#1105 = DIRECTION ( 'NONE',  ( -0.000000000000000000, -1.000000000000000000, -0.000000000000000000 ) ) ;
#1106 = CARTESIAN_POINT ( 'NONE',  ( -52.00000000000000000, 0.7300722031070333573, 0.000000000000000000 ) ) ;
#1107 = DIRECTION ( 'NONE',  ( 1.000000000000000000, 7.682346822183179326E-15, 0.000000000000000000 ) ) ;
#1108 = CARTESIAN_POINT ( 'NONE',  ( 52.20987066184916614, 119.3835791321831152, -2.143658277416974484E-13 ) ) ;
#1109 = VERTEX_POINT ( 'NONE', #249 ) ;
#1110 = VECTOR ( 'NONE', #1807, 1000.000000000000000 ) ;
#1111 = VECTOR ( 'NONE', #828, 1000.000000000000000 ) ;
#1112 = ORIENTED_EDGE ( 'NONE', *, *, #593, .F. ) ;
#1113 = EDGE_CURVE ( 'NONE', #1121, #267, #601, .T. ) ;
#1114 = DIRECTION ( 'NONE',  ( -1.000000000000000000, 0.000000000000000000, 0.000000000000000000 ) ) ;
#1115 = DIRECTION ( 'NONE',  ( -1.000000000000000000, 0.000000000000000000, 0.000000000000000000 ) ) ;
#1116 = EDGE_CURVE ( 'NONE', #1883, #1535, #878, .T. ) ;
#1117 = LINE ( 'NONE', #1015, #1267 ) ;
#1118 = CARTESIAN_POINT ( 'NONE',  ( -53.99999999999999289, 112.9999999999999432, 8.000000000000000000 ) ) ;
#1119 = ORIENTED_EDGE ( 'NONE', *, *, #357, .F. ) ;
#1120 = AXIS2_PLACEMENT_3D ( 'NONE', #1465, #576, #1157 ) ;
#1121 = VERTEX_POINT ( 'NONE', #821 ) ;
#1122 = DIRECTION ( 'NONE',  ( -0.000000000000000000, -0.000000000000000000, -1.000000000000000000 ) ) ;
#1123 = CARTESIAN_POINT ( 'NONE',  ( -58.50000000000000000, 120.0000000000000000, 8.000000000000000000 ) ) ;
#1124 = CIRCLE ( 'NONE', #764, 0.8499999999999965361 ) ;
#1125 = DIRECTION ( 'NONE',  ( -0.000000000000000000, -1.000000000000000000, -0.000000000000000000 ) ) ;
#1126 = DIRECTION ( 'NONE',  ( 1.000000000000000000, 0.000000000000000000, 0.000000000000000000 ) ) ;
#1127 = EDGE_LOOP ( 'NONE', ( #99, #1878, #808, #1144 ) ) ;
#1128 = CARTESIAN_POINT ( 'NONE',  ( 56.58257569495583539, 120.0000000000000000, 6.000000000000000000 ) ) ;
#1129 = LINE ( 'NONE', #396, #1061 ) ;
#1130 = VERTEX_POINT ( 'NONE', #1526 ) ;
#1131 = CARTESIAN_POINT ( 'NONE',  ( 53.24946949896865789, 119.9933686783816995, 3.156872443220785307 ) ) ;
#1132 = ORIENTED_EDGE ( 'NONE', *, *, #1640, .T. ) ;
#1133 = B_SPLINE_CURVE_WITH_KNOTS ( 'NONE', 3,
 ( #1417, #1555, #362, #1249, #829, #370, #529, #1534, #1274, #1854, #1238, #382, #1098, #1684, #1408, #1667, #546, #1821, #1108, #353 ),
 .UNSPECIFIED., .F., .F.,
 ( 4, 2, 2, 2, 2, 2, 2, 2, 2, 4 ),
 ( 0.006202540375225355437, 0.006907167210262439919, 0.007611794045299524400, 0.008316420880336608881, 0.009021047715373693363, 0.009725674550410777844, 0.01043030138544786233, 0.01078261480296641671, 0.01113492822048497109, 0.01183955505552209374 ),
 .UNSPECIFIED. ) ;
#1134 = CARTESIAN_POINT ( 'NONE',  ( -53.13863355337772276, 119.5503127513070041, 0.08056175152381336857 ) ) ;
#1135 = ORIENTED_EDGE ( 'NONE', *, *, #1441, .T. ) ;
#1136 = ADVANCED_FACE ( 'NONE', ( #1403 ), #1562, .T. ) ;
#1137 = ORIENTED_EDGE ( 'NONE', *, *, #1613, .T. ) ;
#1138 = ORIENTED_EDGE ( 'NONE', *, *, #989, .T. ) ;
#1139 =( NAMED_UNIT ( * ) SI_UNIT ( $, .STERADIAN. ) SOLID_ANGLE_UNIT ( ) );
#1140 = AXIS2_PLACEMENT_3D ( 'NONE', #1744, #1315, #1038 ) ;
#1141 = VECTOR ( 'NONE', #1857, 1000.000000000000000 ) ;
#1142 = PRESENTATION_LAYER_ASSIGNMENT (  '', '', ( #816 ) ) ;
#1143 = VERTEX_POINT ( 'NONE', #1702 ) ;
#1144 = ORIENTED_EDGE ( 'NONE', *, *, #1455, .F. ) ;
#1145 = FACE_OUTER_BOUND ( 'NONE', #700, .T. ) ;
#1146 = ORIENTED_EDGE ( 'NONE', *, *, #1598, .F. ) ;
#1147 = DIRECTION ( 'NONE',  ( 1.000000000000000000, -7.434529182757915986E-15, 0.000000000000000000 ) ) ;
#1148 = VERTEX_POINT ( 'NONE', #1118 ) ;
#1149 = VECTOR ( 'NONE', #964, 1000.000000000000000 ) ;
#1150 = ORIENTED_EDGE ( 'NONE', *, *, #1595, .T. ) ;
#1151 = EDGE_CURVE ( 'NONE', #1165, #1204, #98, .T. ) ;
#1152 = ADVANCED_FACE ( 'NONE', ( #1257 ), #242, .F. ) ;
#1153 = ORIENTED_EDGE ( 'NONE', *, *, #761, .F. ) ;
#1154 = ORIENTED_EDGE ( 'NONE', *, *, #1411, .T. ) ;
#1155 = CARTESIAN_POINT ( 'NONE',  ( 53.50000000000004974, 119.9999999999999432, 3.230303992915281697 ) ) ;
#1156 = DIRECTION ( 'NONE',  ( -1.000000000000000000, 0.000000000000000000, 0.000000000000000000 ) ) ;
#1157 = DIRECTION ( 'NONE',  ( -1.000000000000000000, 0.000000000000000000, 0.000000000000000000 ) ) ;
#1158 = ORIENTED_EDGE ( 'NONE', *, *, #1170, .F. ) ;
#1159 = AXIS2_PLACEMENT_3D ( 'NONE', #1176, #4, #1309 ) ;
#1160 = ORIENTED_EDGE ( 'NONE', *, *, #328, .F. ) ;
#1161 = EDGE_CURVE ( 'NONE', #1883, #1389, #83, .T. ) ;
#1162 = CARTESIAN_POINT ( 'NONE',  ( -53.50000000000004974, 6.999999999999918288, 17.89949493661161029 ) ) ;
#1163 = VERTEX_POINT ( 'NONE', #668 ) ;
#1164 = CARTESIAN_POINT ( 'NONE',  ( 52.00000000000000000, 120.0000000000000000, 7.999999999999988454 ) ) ;
#1165 = VERTEX_POINT ( 'NONE', #835 ) ;
#1166 = AXIS2_PLACEMENT_3D ( 'NONE', #293, #155, #409 ) ;
#1167 = CARTESIAN_POINT ( 'NONE',  ( -53.82872900850741615, 119.4312621020307859, 0.2088203572558774701 ) ) ;
#1168 = ORIENTED_EDGE ( 'NONE', *, *, #1557, .F. ) ;
#1169 = DIRECTION ( 'NONE',  ( -0.000000000000000000, -1.000000000000000000, -0.000000000000000000 ) ) ;
#1170 = EDGE_CURVE ( 'NONE', #955, #718, #1133, .T. ) ;
#1171 = VECTOR ( 'NONE', #526, 1000.000000000000000 ) ;
#1172 = CARTESIAN_POINT ( 'NONE',  ( -53.13863355337770855, 6.550312751306978321, 0.08056175152381313265 ) ) ;
#1173 = VECTOR ( 'NONE', #1107, 1000.000000000000000 ) ;
#1174 = DIRECTION ( 'NONE',  ( 1.000000000000000000, 7.682346822183179326E-15, 0.000000000000000000 ) ) ;
#1175 = CIRCLE ( 'NONE', #1422, 1.699999999999986189 ) ;
#1176 = CARTESIAN_POINT ( 'NONE',  ( -53.50000000000004974, 3.499999999999919176, 6.551860375438346992E-15 ) ) ;
#1177 = DIRECTION ( 'NONE',  ( -0.000000000000000000, -0.000000000000000000, -1.000000000000000000 ) ) ;
#1178 = VERTEX_POINT ( 'NONE', #945 ) ;
#1179 = DIRECTION ( 'NONE',  ( -0.000000000000000000, -0.000000000000000000, -1.000000000000000000 ) ) ;
#1180 = VECTOR ( 'NONE', #480, 1000.000000000000000 ) ;
#1181 = CARTESIAN_POINT ( 'NONE',  ( -52.43506119448933589, 6.465012653051934954, 0.008417614531496876371 ) ) ;
#1182 = PLANE ( 'NONE',  #957 ) ;
#1183 = DIRECTION ( 'NONE',  ( 1.000000000000000000, 0.000000000000000000, -4.625929269271482167E-15 ) ) ;
#1184 = DIRECTION ( 'NONE',  ( -1.000000000000000000, 0.000000000000000000, 0.000000000000000000 ) ) ;
#1185 = ORIENTED_EDGE ( 'NONE', *, *, #794, .F. ) ;
#1186 = CYLINDRICAL_SURFACE ( 'NONE', #906, 0.8499999999999965361 ) ;
#1187 = CARTESIAN_POINT ( 'NONE',  ( -54.79433920367556965, 5.821020041926812105, 0.5015951573521579832 ) ) ;
#1188 = CARTESIAN_POINT ( 'NONE',  ( 53.50000000000004974, 116.4999999999999574, -8.286583851415153298E-15 ) ) ;
#1189 = CONICAL_SURFACE ( 'NONE', #1101, 3.149999999999999911, 0.7853981633974500554 ) ;
#1190 = CARTESIAN_POINT ( 'NONE',  ( -53.50000000000004974, 3.499999999999919176, 4.817136899461539109E-15 ) ) ;
#1191 = CARTESIAN_POINT ( 'NONE',  ( -53.50000000000004974, 3.499999999999919176, 8.000000000000015987 ) ) ;
#1192 = ORIENTED_EDGE ( 'NONE', *, *, #461, .F. ) ;
#1193 = ORIENTED_EDGE ( 'NONE', *, *, #1539, .F. ) ;
#1194 = CARTESIAN_POINT ( 'NONE',  ( -53.50000000000004974, 116.4999999999999432, 1.450000000000013278 ) ) ;
#1195 = EDGE_CURVE ( 'NONE', #1781, #1084, #510, .T. ) ;
#1196 = DIRECTION ( 'NONE',  ( 0.000000000000000000, 0.000000000000000000, 1.000000000000000000 ) ) ;
#1197 = ORIENTED_EDGE ( 'NONE', *, *, #303, .T. ) ;
#1198 = LINE ( 'NONE', #187, #1663 ) ;
#1199 = DIRECTION ( 'NONE',  ( 0.000000000000000000, 0.000000000000000000, 1.000000000000000000 ) ) ;
#1200 = CIRCLE ( 'NONE', #594, 5.000000000000000888 ) ;
#1201 = CARTESIAN_POINT ( 'NONE',  ( 58.50000000000000000, 0.000000000000000000, 7.999999999999986677 ) ) ;
#1202 = CARTESIAN_POINT ( 'NONE',  ( -55.20000000000003126, 3.499999999999919176, 1.450000000000013278 ) ) ;
#1203 = VERTEX_POINT ( 'NONE', #1544 ) ;
#1204 = VERTEX_POINT ( 'NONE', #103 ) ;
#1205 = VECTOR ( 'NONE', #967, 1000.000000000000000 ) ;
#1206 = DIRECTION ( 'NONE',  ( -1.000000000000000000, 0.000000000000000000, 0.000000000000000000 ) ) ;
#1207 = CONICAL_SURFACE ( 'NONE', #972, 3.149999999999999911, 0.7853981633974500554 ) ;
#1208 = EDGE_CURVE ( 'NONE', #1606, #1360, #684, .T. ) ;
#1209 = VERTEX_POINT ( 'NONE', #1317 ) ;
#1210 = CARTESIAN_POINT ( 'NONE',  ( 53.99999999999999289, 6.999999999999923617, 6.000000000000000000 ) ) ;
#1211 = VECTOR ( 'NONE', #1430, 1000.000000000000000 ) ;
#1212 = DIRECTION ( 'NONE',  ( 1.000000000000000000, 0.000000000000000000, 2.668805347656606760E-15 ) ) ;
#1213 = ADVANCED_FACE ( 'NONE', ( #853 ), #320, .F. ) ;
#1214 = DIRECTION ( 'NONE',  ( -0.000000000000000000, -0.000000000000000000, -1.000000000000000000 ) ) ;
#1215 = ORIENTED_EDGE ( 'NONE', *, *, #1613, .F. ) ;
#1216 = CARTESIAN_POINT ( 'NONE',  ( -53.99999999999999289, 120.0000000000000000, 0.000000000000000000 ) ) ;
#1217 = DIRECTION ( 'NONE',  ( -0.000000000000000000, -1.000000000000000000, -0.000000000000000000 ) ) ;
#1218 = ORIENTED_EDGE ( 'NONE', *, *, #35, .F. ) ;
#1219 = AXIS2_PLACEMENT_3D ( 'NONE', #1123, #1105, #1271 ) ;
#1220 = DIRECTION ( 'NONE',  ( -0.000000000000000000, -1.000000000000000000, -0.000000000000000000 ) ) ;
#1221 = EDGE_CURVE ( 'NONE', #1276, #695, #587, .T. ) ;
#1222 = VERTEX_POINT ( 'NONE', #1890 ) ;
#1223 = EDGE_CURVE ( 'NONE', #1222, #706, #355, .T. ) ;
#1224 = CARTESIAN_POINT ( 'NONE',  ( 53.60104389712054740, 6.498718701599432990, 0.1583481722612845588 ) ) ;
#1225 = CARTESIAN_POINT ( 'NONE',  ( 52.00000000000000000, 120.0000000000000000, 7.999999999999988454 ) ) ;
#1226 = CARTESIAN_POINT ( 'NONE',  ( -51.80000000000004690, 3.499999999999919176, 8.000000000000015987 ) ) ;
#1227 = CARTESIAN_POINT ( 'NONE',  ( -56.65000000000004832, 3.499999999999919176, 4.817136899461539109E-15 ) ) ;
#1228 = VERTEX_POINT ( 'NONE', #124 ) ;
#1229 = FACE_OUTER_BOUND ( 'NONE', #1070, .T. ) ;
#1230 = LINE ( 'NONE', #1499, #471 ) ;
#1231 = VERTEX_POINT ( 'NONE', #1747 ) ;
#1232 = CARTESIAN_POINT ( 'NONE',  ( -52.48587408317183645, 113.1401096828666653, 3.017079959757975161 ) ) ;
#1233 = CARTESIAN_POINT ( 'NONE',  ( 54.24681050002700999, 6.239882623140520224, 0.3189471692328925689 ) ) ;
#1234 = CARTESIAN_POINT ( 'NONE',  ( -7.798750869841663940E-31, 120.0000000000000000, -6.368163355566237959E-15 ) ) ;
#1235 = CARTESIAN_POINT ( 'NONE',  ( -53.50000000000004974, 116.4999999999999432, 4.817136899461539109E-15 ) ) ;
#1236 = DIRECTION ( 'NONE',  ( 1.000000000000000000, 7.682346822183179326E-15, 0.000000000000000000 ) ) ;
#1237 = AXIS2_PLACEMENT_3D ( 'NONE', #1462, #325, #178 ) ;
#1238 = CARTESIAN_POINT ( 'NONE',  ( 54.24681050002698868, 119.2398826231405451, 0.3189471692328878505 ) ) ;
#1239 = ORIENTED_EDGE ( 'NONE', *, *, #281, .T. ) ;
#1240 = EDGE_CURVE ( 'NONE', #1887, #857, #451, .T. ) ;
#1241 = CIRCLE ( 'NONE', #1670, 1.699999999999986189 ) ;
#1242 = CARTESIAN_POINT ( 'NONE',  ( -53.24946949896865789, 113.0066313216181868, 3.156872443220795521 ) ) ;
#1243 = CARTESIAN_POINT ( 'NONE',  ( -52.00000000000000000, 120.0000000000000000, 3.000000000000000000 ) ) ;
#1244 = CYLINDRICAL_SURFACE ( 'NONE', #1433, 3.499999999999982236 ) ;
#1245 = CARTESIAN_POINT ( 'NONE',  ( 51.80000000000006111, 116.4999999999999574, 1.450000000000000400 ) ) ;
#1246 = VERTEX_POINT ( 'NONE', #1591 ) ;
#1247 = AXIS2_PLACEMENT_3D ( 'NONE', #566, #1214, #1057 ) ;
#1248 = PLANE ( 'NONE',  #1449 ) ;
#1249 = CARTESIAN_POINT ( 'NONE',  ( 55.60582039666548582, 117.4333168869020341, 0.8584974012587455183 ) ) ;
#1250 = ORIENTED_EDGE ( 'NONE', *, *, #1080, .F. ) ;
#1251 = CARTESIAN_POINT ( 'NONE',  ( -54.24598970233274287, 0.7595467211501867322, 0.3186813052403678070 ) ) ;
#1252 = AXIS2_PLACEMENT_3D ( 'NONE', #1398, #664, #1852 ) ;
#1253 = CARTESIAN_POINT ( 'NONE',  ( 51.80000000000005400, 116.4999999999999574, -6.551860375438346992E-15 ) ) ;
#1254 = DIRECTION ( 'NONE',  ( 0.000000000000000000, 0.000000000000000000, 1.000000000000000000 ) ) ;
#1255 = CARTESIAN_POINT ( 'NONE',  ( 53.50000000000004974, 113.0000000000000000, 8.000000000000000000 ) ) ;
#1256 = CARTESIAN_POINT ( 'NONE',  ( -53.50000000000004974, 0.000000000000000000, 3.230303992915287470 ) ) ;
#1257 = FACE_OUTER_BOUND ( 'NONE', #1005, .T. ) ;
#1258 = EDGE_LOOP ( 'NONE', ( #1856, #1185, #1197, #925, #1748 ) ) ;
#1259 = ADVANCED_FACE ( 'NONE', ( #271 ), #873, .F. ) ;
#1260 = EDGE_CURVE ( 'NONE', #1130, #234, #1457, .T. ) ;
#1261 = CARTESIAN_POINT ( 'NONE',  ( 53.50000000000007816, 3.499999999999932054, -8.286583851415158031E-15 ) ) ;
#1262 = DIRECTION ( 'NONE',  ( -7.434529182757915986E-15, -1.000000000000000000, 0.000000000000000000 ) ) ;
#1263 = CARTESIAN_POINT ( 'NONE',  ( 50.35000000000004405, 116.4999999999999574, -8.286583851415153298E-15 ) ) ;
#1264 = CARTESIAN_POINT ( 'NONE',  ( -8.401017976516420704E-13, 7.000000000000325073, 6.000000000000000000 ) ) ;
#1265 = ORIENTED_EDGE ( 'NONE', *, *, #1409, .T. ) ;
#1266 = AXIS2_PLACEMENT_3D ( 'NONE', #682, #118, #1843 ) ;
#1267 = VECTOR ( 'NONE', #997, 1000.000000000000000 ) ;
#1268 = EDGE_CURVE ( 'NONE', #113, #1535, #740, .T. ) ;
#1269 = VECTOR ( 'NONE', #1405, 1000.000000000000000 ) ;
#1270 = FACE_OUTER_BOUND ( 'NONE', #1461, .T. ) ;
#1271 = DIRECTION ( 'NONE',  ( 0.000000000000000000, 0.000000000000000000, -1.000000000000000000 ) ) ;
#1272 = EDGE_CURVE ( 'NONE', #976, #562, #863, .T. ) ;
#1273 = CARTESIAN_POINT ( 'NONE',  ( 52.00000000000000000, 113.7300722031070705, -8.286583851415153298E-15 ) ) ;
#1274 = CARTESIAN_POINT ( 'NONE',  ( 54.79433920367556254, 118.8210200419268574, 0.5015951573521455487 ) ) ;
#1275 = ORIENTED_EDGE ( 'NONE', *, *, #1757, .F. ) ;
#1276 = VERTEX_POINT ( 'NONE', #1601 ) ;
#1277 = LINE ( 'NONE', #825, #1269 ) ;
#1278 = LINE ( 'NONE', #1858, #674 ) ;
#1279 = ADVANCED_FACE ( 'NONE', ( #705 ), #286, .F. ) ;
#1280 = ORIENTED_EDGE ( 'NONE', *, *, #1268, .F. ) ;
#1281 = EDGE_LOOP ( 'NONE', ( #1138, #331, #457, #1788, #904, #1767 ) ) ;
#1282 = EDGE_CURVE ( 'NONE', #1442, #1231, #1489, .T. ) ;
#1283 = CARTESIAN_POINT ( 'NONE',  ( -53.50000000000004974, 3.499999999999919176, 1.450000000000013278 ) ) ;
#1284 = DIRECTION ( 'NONE',  ( 0.000000000000000000, 0.000000000000000000, -1.000000000000000000 ) ) ;
#1285 = CARTESIAN_POINT ( 'NONE',  ( 53.50000000000007816, 3.499999999999932054, 2.999999999999993783 ) ) ;
#1286 = ORIENTED_EDGE ( 'NONE', *, *, #1691, .T. ) ;
#1287 = VECTOR ( 'NONE', #787, 1000.000000000000000 ) ;
#1288 = CARTESIAN_POINT ( 'NONE',  ( 52.00000000000000000, 0.3377223398316119840, 2.999999999999993783 ) ) ;
#1289 = ORIENTED_EDGE ( 'NONE', *, *, #398, .F. ) ;
#1290 = DIRECTION ( 'NONE',  ( -0.000000000000000000, -0.000000000000000000, -1.000000000000000000 ) ) ;
#1291 = LINE ( 'NONE', #1832, #142 ) ;
#1292 = DIRECTION ( 'NONE',  ( -0.000000000000000000, -1.000000000000000000, -0.000000000000000000 ) ) ;
#1293 = VERTEX_POINT ( 'NONE', #410 ) ;
#1294 = EDGE_CURVE ( 'NONE', #1714, #1204, #999, .T. ) ;
#1295 = AXIS2_PLACEMENT_3D ( 'NONE', #1888, #435, #453 ) ;
#1296 = CONICAL_SURFACE ( 'NONE', #692, 3.149999999999999911, 0.7853981633974500554 ) ;
#1297 = EDGE_LOOP ( 'NONE', ( #1153, #625, #340, #135, #41 ) ) ;
#1298 = ORIENTED_EDGE ( 'NONE', *, *, #401, .F. ) ;
#1299 = DIRECTION ( 'NONE',  ( 1.000000000000000000, 0.000000000000000000, -0.000000000000000000 ) ) ;
#1300 = B_SPLINE_CURVE_WITH_KNOTS ( 'NONE', 3,
 ( #1576, #1706, #832, #117, #100, #1288 ),
 .UNSPECIFIED., .F., .F.,
 ( 4, 2, 4 ),
 ( 0.004692416976989238243, 0.005469289113410250383, 0.006246161249831262523 ),
 .UNSPECIFIED. ) ;
#1301 = EDGE_CURVE ( 'NONE', #1302, #433, #1824, .T. ) ;
#1302 = VERTEX_POINT ( 'NONE', #1202 ) ;
#1303 = CARTESIAN_POINT ( 'NONE',  ( -55.34274498889158167, 118.0834020394110695, 0.7310902158613983293 ) ) ;
#1304 = ORIENTED_EDGE ( 'NONE', *, *, #1640, .F. ) ;
#1305 = VECTOR ( 'NONE', #1292, 1000.000000000000000 ) ;
#1306 = DIRECTION ( 'NONE',  ( -1.000000000000000000, 0.000000000000000000, 0.000000000000000000 ) ) ;
#1307 = ORIENTED_EDGE ( 'NONE', *, *, #475, .F. ) ;
#1308 = CARTESIAN_POINT ( 'NONE',  ( -53.50000000000004974, 6.999999999999912070, 3.230303992915287470 ) ) ;
#1309 = DIRECTION ( 'NONE',  ( -1.000000000000000000, 0.000000000000000000, 0.000000000000000000 ) ) ;
#1310 = DIRECTION ( 'NONE',  ( 0.000000000000000000, 0.000000000000000000, -1.000000000000000000 ) ) ;
#1311 = ORIENTED_EDGE ( 'NONE', *, *, #534, .F. ) ;
#1312 = EDGE_CURVE ( 'NONE', #865, #1121, #318, .T. ) ;
#1313 = EDGE_LOOP ( 'NONE', ( #1721, #1811, #1573, #287, #1759 ) ) ;
#1314 = LINE ( 'NONE', #1624, #503 ) ;
#1315 = DIRECTION ( 'NONE',  ( 2.668805347656606760E-15, 0.000000000000000000, -1.000000000000000000 ) ) ;
#1316 = PRESENTATION_STYLE_ASSIGNMENT (( #1881 ) ) ;
#1317 = CARTESIAN_POINT ( 'NONE',  ( -59.34999999999999432, 0.000000000000000000, 8.000000000000000000 ) ) ;
#1318 = ORIENTED_EDGE ( 'NONE', *, *, #1746, .T. ) ;
#1319 = B_SPLINE_CURVE_WITH_KNOTS ( 'NONE', 3,
 ( #1758, #190, #909, #477, #47, #789, #300, #1495, #1369, #769, #1472, #182, #448, #595, #33, #1645, #891, #1358 ),
 .UNSPECIFIED., .F., .F.,
 ( 4, 2, 2, 2, 2, 2, 2, 2, 4 ),
 ( 0.0005661807016056535696, 0.001270725660808132281, 0.001622998140409365186, 0.001975270620010598308, 0.002679815579213044602, 0.003384360538415490897, 0.004793450456820408205, 0.005497995416022888326, 0.006202540375225370183 ),
 .UNSPECIFIED. ) ;
#1320 = CARTESIAN_POINT ( 'NONE',  ( -52.00000000000000000, 119.2699277968928158, 4.817136899461539109E-15 ) ) ;
#1321 = ADVANCED_FACE ( 'NONE', ( #929 ), #1337, .F. ) ;
#1322 = VECTOR ( 'NONE', #766, 1000.000000000000000 ) ;
#1323 = CARTESIAN_POINT ( 'NONE',  ( -52.78455169935316604, 6.531250414566033946, 0.03770476258807948372 ) ) ;
#1324 = B_SPLINE_CURVE_WITH_KNOTS ( 'NONE', 3,
 ( #1100, #520, #1812, #1075, #1062, #938, #209, #1649 ),
 .UNSPECIFIED., .F., .F.,
 ( 4, 2, 2, 4 ),
 ( 7.371179527788153582E-18, 0.0007829289144093564030, 0.001174393371614020944, 0.001565857828818685701 ),
 .UNSPECIFIED. ) ;
#1325 = DIRECTION ( 'NONE',  ( -1.000000000000000000, 0.000000000000000000, 0.000000000000000000 ) ) ;
#1326 = VECTOR ( 'NONE', #1169, 1000.000000000000000 ) ;
#1327 = AXIS2_PLACEMENT_3D ( 'NONE', #1046, #180, #768 ) ;
#1328 = CARTESIAN_POINT ( 'NONE',  ( 56.65000000000004832, 116.4999999999999574, -8.286583851415153298E-15 ) ) ;
#1329 = CARTESIAN_POINT ( 'NONE',  ( 53.50000000000007816, 3.499999999999932054, 8.000000000000000000 ) ) ;
#1330 = ORIENTED_EDGE ( 'NONE', *, *, #1423, .F. ) ;
#1331 = CARTESIAN_POINT ( 'NONE',  ( 53.50000000000007816, 6.999999999999931610, 17.89949493661161029 ) ) ;
#1332 = AXIS2_PLACEMENT_3D ( 'NONE', #623, #1514, #308 ) ;
#1333 = CARTESIAN_POINT ( 'NONE',  ( 53.50000000000004974, 116.4999999999999574, 8.000000000000001776 ) ) ;
#1334 = DIRECTION ( 'NONE',  ( -1.000000000000000000, 0.000000000000000000, 0.000000000000000000 ) ) ;
#1335 = DIRECTION ( 'NONE',  ( 1.000000000000000000, 0.000000000000000000, -1.209302423156908887E-16 ) ) ;
#1336 = EDGE_CURVE ( 'NONE', #615, #1246, #1727, .T. ) ;
#1337 = CYLINDRICAL_SURFACE ( 'NONE', #1428, 1.699999999999993072 ) ;
#1338 = ORIENTED_EDGE ( 'NONE', *, *, #132, .T. ) ;
#1339 = PRODUCT_DEFINITION_FORMATION_WITH_SPECIFIED_SOURCE ( 'ANY', '', #1029, .NOT_KNOWN. ) ;
#1340 = DIRECTION ( 'NONE',  ( 1.000000000000000000, 7.632783294297955949E-15, 0.000000000000000000 ) ) ;
#1341 =( NAMED_UNIT ( * ) PLANE_ANGLE_UNIT ( ) SI_UNIT ( $, .RADIAN. ) );
#1342 = ORIENTED_EDGE ( 'NONE', *, *, #1803, .T. ) ;
#1343 = CARTESIAN_POINT ( 'NONE',  ( 52.00000000000000000, 0.3377223398316119840, 2.999999999999993783 ) ) ;
#1344 = FACE_OUTER_BOUND ( 'NONE', #1011, .T. ) ;
#1345 = CIRCLE ( 'NONE', #712, 3.149999999999999911 ) ;
#1346 = CARTESIAN_POINT ( 'NONE',  ( 53.99999999999999289, 6.999999999999928058, 8.000000000000000000 ) ) ;
#1347 = CARTESIAN_POINT ( 'NONE',  ( 53.50000000000004974, 116.4999999999999574, -6.551860375438346992E-15 ) ) ;
#1348 = EDGE_LOOP ( 'NONE', ( #1218, #1192, #130, #551 ) ) ;
#1349 = DIRECTION ( 'NONE',  ( 7.682346822183179326E-15, -1.000000000000000000, 0.000000000000000000 ) ) ;
#1350 = EDGE_CURVE ( 'NONE', #384, #302, #942, .T. ) ;
#1351 = ADVANCED_FACE ( 'NONE', ( #1483 ), #465, .F. ) ;
#1352 = ORIENTED_EDGE ( 'NONE', *, *, #733, .T. ) ;
#1353 = DIRECTION ( 'NONE',  ( -1.000000000000000000, 0.000000000000000000, 0.000000000000000000 ) ) ;
#1354 = DIRECTION ( 'NONE',  ( -0.000000000000000000, -0.000000000000000000, -1.000000000000000000 ) ) ;
#1355 = VECTOR ( 'NONE', #1069, 1000.000000000000000 ) ;
#1356 = VECTOR ( 'NONE', #1125, 1000.000000000000000 ) ;
#1357 = CARTESIAN_POINT ( 'NONE',  ( -59.34999999999999432, 120.0000000000000000, 8.000000000000000000 ) ) ;
#1358 = CARTESIAN_POINT ( 'NONE',  ( -55.72818193289846533, 116.4999999999999432, 0.9218180671015808736 ) ) ;
#1359 = ORIENTED_EDGE ( 'NONE', *, *, #947, .F. ) ;
#1360 = VERTEX_POINT ( 'NONE', #759 ) ;
#1361 = CARTESIAN_POINT ( 'NONE',  ( -52.00000000000000000, 120.0000000000000000, 0.000000000000000000 ) ) ;
#1362 = EDGE_LOOP ( 'NONE', ( #449, #284 ) ) ;
#1363 = EDGE_CURVE ( 'NONE', #1063, #553, #1001, .T. ) ;
#1364 = CARTESIAN_POINT ( 'NONE',  ( -55.72818193289845823, 3.260792183930019572, 0.9218180671015885341 ) ) ;
#1365 = ORIENTED_EDGE ( 'NONE', *, *, #460, .F. ) ;
#1366 = LINE ( 'NONE', #1661, #1512 ) ;
#1367 = FACE_OUTER_BOUND ( 'NONE', #244, .T. ) ;
#1368 = DIRECTION ( 'NONE',  ( 0.000000000000000000, 0.000000000000000000, -1.000000000000000000 ) ) ;
#1369 = CARTESIAN_POINT ( 'NONE',  ( -53.82611317101858361, 113.5677370141632565, 0.2081813855762132959 ) ) ;
#1370 = ORIENTED_EDGE ( 'NONE', *, *, #744, .T. ) ;
#1371 = CARTESIAN_POINT ( 'NONE',  ( -53.99999999999999289, 6.999999999999895195, 6.000000000000000000 ) ) ;
#1372 = ORIENTED_EDGE ( 'NONE', *, *, #460, .T. ) ;
#1373 = DIRECTION ( 'NONE',  ( -1.209302423156908887E-16, 0.000000000000000000, -1.000000000000000000 ) ) ;
#1374 = ORIENTED_EDGE ( 'NONE', *, *, #806, .F. ) ;
#1375 = CIRCLE ( 'NONE', #885, 3.149999999999999911 ) ;
#1376 = CARTESIAN_POINT ( 'NONE',  ( 55.20000000000007390, 3.499999999999932054, 8.000000000000001776 ) ) ;
#1377 = DIRECTION ( 'NONE',  ( -0.000000000000000000, -1.000000000000000000, -0.000000000000000000 ) ) ;
#1378 = DIRECTION ( 'NONE',  ( 0.000000000000000000, -1.000000000000000000, 0.000000000000000000 ) ) ;
#1379 = DIRECTION ( 'NONE',  ( -0.000000000000000000, -0.000000000000000000, -1.000000000000000000 ) ) ;
#1380 = ORIENTED_EDGE ( 'NONE', *, *, #1350, .F. ) ;
#1381 = DIRECTION ( 'NONE',  ( 7.682346822183179326E-15, -1.000000000000000000, 0.000000000000000000 ) ) ;
#1382 = CARTESIAN_POINT ( 'NONE',  ( 0.000000000000000000, 0.000000000000000000, 0.000000000000000000 ) ) ;
#1383 = EDGE_LOOP ( 'NONE', ( #1704, #685, #669, #930, #1619 ) ) ;
#1384 = CARTESIAN_POINT ( 'NONE',  ( -52.86574154531844982, 113.0555051470132071, 3.073857186931591379 ) ) ;
#1385 = EDGE_CURVE ( 'NONE', #225, #838, #977, .T. ) ;
#1386 = CARTESIAN_POINT ( 'NONE',  ( -58.50000000000000000, 120.0000000000000000, 8.000000000000000000 ) ) ;
#1387 = CARTESIAN_POINT ( 'NONE',  ( 52.00000000000000000, 113.7300722031070705, -8.286583851415153298E-15 ) ) ;
#1388 = DIRECTION ( 'NONE',  ( 0.7071067811865487940, 8.659560562354948882E-17, -0.7071067811865463515 ) ) ;
#1389 = VERTEX_POINT ( 'NONE', #1787 ) ;
#1390 = DIRECTION ( 'NONE',  ( 7.434529182757915986E-15, 1.000000000000000000, -0.000000000000000000 ) ) ;
#1391 = CARTESIAN_POINT ( 'NONE',  ( -53.24886791446736822, 119.9999999999999574, 3.151326605731807007 ) ) ;
#1392 = ORIENTED_EDGE ( 'NONE', *, *, #1260, .T. ) ;
#1393 = AXIS2_PLACEMENT_3D ( 'NONE', #1235, #360, #194 ) ;
#1394 = VECTOR ( 'NONE', #1507, 1000.000000000000000 ) ;
#1395 = CARTESIAN_POINT ( 'NONE',  ( -55.53254167149298581, 2.341154064312199079, 0.8214108243093183326 ) ) ;
#1396 = B_SPLINE_CURVE_WITH_KNOTS ( 'NONE', 3,
 ( #1273, #1708, #1701, #1427, #1006, #268, #720, #1853, #1580, #870, #397, #418, #1560, #275, #111, #683, #129, #987 ),
 .UNSPECIFIED., .F., .F.,
 ( 4, 2, 2, 2, 2, 2, 2, 2, 4 ),
 ( 0.0005661807016056536780, 0.001270725660808144641, 0.001622998140409376245, 0.001975270620010607416, 0.002679815579213065419, 0.003384360538415523423, 0.004793450456820454175, 0.005497995416022905674, 0.006202540375225355437 ),
 .UNSPECIFIED. ) ;
#1397 = CARTESIAN_POINT ( 'NONE',  ( -53.50000000000004974, 119.9999999999999289, 8.000000000000000000 ) ) ;
#1398 = CARTESIAN_POINT ( 'NONE',  ( -52.00000000000000000, 120.0000000000000000, 8.000000000000000000 ) ) ;
#1399 = DIRECTION ( 'NONE',  ( -1.000000000000000000, 0.000000000000000000, 0.000000000000000000 ) ) ;
#1400 = AXIS2_PLACEMENT_3D ( 'NONE', #1382, #112, #72 ) ;
#1401 = CYLINDRICAL_SURFACE ( 'NONE', #535, 3.499999999999982236 ) ;
#1402 = EDGE_CURVE ( 'NONE', #1203, #97, #1880, .T. ) ;
#1403 = FACE_OUTER_BOUND ( 'NONE', #29, .T. ) ;
#1404 = ORIENTED_EDGE ( 'NONE', *, *, #475, .T. ) ;
#1405 = DIRECTION ( 'NONE',  ( -1.000000000000000000, 7.434529182757915986E-15, 0.000000000000000000 ) ) ;
#1406 = LINE ( 'NONE', #543, #1497 ) ;
#1407 = CARTESIAN_POINT ( 'NONE',  ( -53.99999999999999289, 112.9999999999999432, 6.000000000000000000 ) ) ;
#1408 = CARTESIAN_POINT ( 'NONE',  ( 53.13863355337772276, 119.5503127513070041, 0.08056175152380273818 ) ) ;
#1409 = EDGE_CURVE ( 'NONE', #1590, #272, #1460, .T. ) ;
#1410 = ORIENTED_EDGE ( 'NONE', *, *, #332, .F. ) ;
#1411 = EDGE_CURVE ( 'NONE', #225, #319, #202, .T. ) ;
#1412 = ORIENTED_EDGE ( 'NONE', *, *, #1025, .F. ) ;
#1413 = EDGE_CURVE ( 'NONE', #865, #1887, #1319, .T. ) ;
#1414 = DIRECTION ( 'NONE',  ( -0.7071067811865487940, 0.000000000000000000, -0.7071067811865463515 ) ) ;
#1415 = LINE ( 'NONE', #1530, #1171 ) ;
#1416 = CARTESIAN_POINT ( 'NONE',  ( 53.50000000000007816, 6.999999999999925393, 3.230303992915286138 ) ) ;
#1417 = CARTESIAN_POINT ( 'NONE',  ( 55.72818193289846533, 116.4999999999999574, 0.9218180671015691052 ) ) ;
#1418 = ORIENTED_EDGE ( 'NONE', *, *, #1688, .F. ) ;
#1419 = VECTOR ( 'NONE', #1041, 1000.000000000000000 ) ;
#1420 = EDGE_CURVE ( 'NONE', #1023, #615, #717, .T. ) ;
#1421 = ORIENTED_EDGE ( 'NONE', *, *, #1792, .T. ) ;
#1422 = AXIS2_PLACEMENT_3D ( 'NONE', #1621, #1558, #1114 ) ;
#1423 = EDGE_CURVE ( 'NONE', #1676, #647, #1766, .T. ) ;
#1424 = CARTESIAN_POINT ( 'NONE',  ( 50.00000000000007816, 116.4999999999999574, 2.999999999999993783 ) ) ;
#1425 = LINE ( 'NONE', #805, #980 ) ;
#1426 = ORIENTED_EDGE ( 'NONE', *, *, #733, .F. ) ;
#1427 = CARTESIAN_POINT ( 'NONE',  ( 52.78121658979941344, 113.4692633463701696, 0.03739368716325593145 ) ) ;
#1428 = AXIS2_PLACEMENT_3D ( 'NONE', #1347, #1655, #900 ) ;
#1429 = CARTESIAN_POINT ( 'NONE',  ( -52.78121658979940634, 0.4692633463700992547, 0.03739368716326854636 ) ) ;
#1430 = DIRECTION ( 'NONE',  ( -0.000000000000000000, -0.000000000000000000, -1.000000000000000000 ) ) ;
#1431 = VERTEX_POINT ( 'NONE', #1627 ) ;
#1432 = DIRECTION ( 'NONE',  ( 1.000000000000000000, 0.000000000000000000, 2.668805347656606760E-15 ) ) ;
#1433 = AXIS2_PLACEMENT_3D ( 'NONE', #550, #238, #1115 ) ;
#1434 = ORIENTED_EDGE ( 'NONE', *, *, #1420, .T. ) ;
#1435 = FACE_OUTER_BOUND ( 'NONE', #1725, .T. ) ;
#1436 = ORIENTED_EDGE ( 'NONE', *, *, #1151, .F. ) ;
#1437 = EDGE_CURVE ( 'NONE', #1431, #162, #966, .T. ) ;
#1438 = CARTESIAN_POINT ( 'NONE',  ( -55.22604545055563108, 118.2840287238678201, 0.6777734219032585106 ) ) ;
#1439 = ORIENTED_EDGE ( 'NONE', *, *, #470, .F. ) ;
#1440 = CIRCLE ( 'NONE', #617, 1.700000000000000178 ) ;
#1441 = EDGE_CURVE ( 'NONE', #1302, #1293, #59, .T. ) ;
#1442 = VERTEX_POINT ( 'NONE', #1343 ) ;
#1443 = ORIENTED_EDGE ( 'NONE', *, *, #589, .T. ) ;
#1444 = CARTESIAN_POINT ( 'NONE',  ( 0.000000000000000000, 120.0000000000000000, 6.000000000000000000 ) ) ;
#1445 = SURFACE_STYLE_FILL_AREA ( #862 ) ;
#1446 = CARTESIAN_POINT ( 'NONE',  ( 53.50000000000007816, 3.499999999999932054, -8.286583851415158031E-15 ) ) ;
#1447 = ORIENTED_EDGE ( 'NONE', *, *, #1633, .T. ) ;
#1448 = CIRCLE ( 'NONE', #626, 8.000000000000000000 ) ;
#1449 = AXIS2_PLACEMENT_3D ( 'NONE', #1216, #380, #1799 ) ;
#1450 = APPLICATION_PROTOCOL_DEFINITION ( 'draft international standard', 'automotive_design', 1998, #1589 ) ;
#1451 = AXIS2_PLACEMENT_3D ( 'NONE', #516, #960, #1681 ) ;
#1452 = CIRCLE ( 'NONE', #753, 1.699999999999986189 ) ;
#1453 = EDGE_LOOP ( 'NONE', ( #456, #157, #638, #1048, #1865, #696, #741, #1311, #770, #1703, #1471, #1146, #1839, #719, #630, #383 ) ) ;
#1454 = DIRECTION ( 'NONE',  ( -0.000000000000000000, -1.000000000000000000, 0.000000000000000000 ) ) ;
#1455 = EDGE_CURVE ( 'NONE', #1203, #1302, #1314, .T. ) ;
#1456 = DIRECTION ( 'NONE',  ( 0.000000000000000000, 0.000000000000000000, -1.000000000000000000 ) ) ;
#1457 = LINE ( 'NONE', #5, #823 ) ;
#1458 = EDGE_LOOP ( 'NONE', ( #1822, #1372, #1014, #133, #811, #1628 ) ) ;
#1459 = EDGE_CURVE ( 'NONE', #466, #976, #840, .T. ) ;
#1460 = CIRCLE ( 'NONE', #479, 0.8499999999999965361 ) ;
#1461 = EDGE_LOOP ( 'NONE', ( #1801, #1597, #321, #1848, #716 ) ) ;
#1462 = CARTESIAN_POINT ( 'NONE',  ( 52.00000000000000000, 120.0000000000000000, 7.999999999999988454 ) ) ;
#1463 = FACE_OUTER_BOUND ( 'NONE', #1102, .T. ) ;
#1464 = CARTESIAN_POINT ( 'NONE',  ( 53.50000000000004974, 116.4999999999999574, 17.89949493661161029 ) ) ;
#1465 = CARTESIAN_POINT ( 'NONE',  ( -53.50000000000004974, 116.4999999999999432, 6.551860375438346992E-15 ) ) ;
#1466 = ORIENTED_EDGE ( 'NONE', *, *, #1755, .T. ) ;
#1467 = EDGE_CURVE ( 'NONE', #1228, #588, #1200, .T. ) ;
#1468 = CARTESIAN_POINT ( 'NONE',  ( -52.00000000000000000, 113.7300722031070421, 0.000000000000000000 ) ) ;
#1469 = DIRECTION ( 'NONE',  ( 0.7071067811865487940, 8.659560562354948882E-17, -0.7071067811865463515 ) ) ;
#1470 = CARTESIAN_POINT ( 'NONE',  ( -57.64999999999999858, 120.0000000000000000, 8.000000000000000000 ) ) ;
#1471 = ORIENTED_EDGE ( 'NONE', *, *, #1409, .F. ) ;
#1472 = CARTESIAN_POINT ( 'NONE',  ( -54.44155136549052543, 113.8848957764978849, 0.3793902036950117518 ) ) ;
#1473 = ORIENTED_EDGE ( 'NONE', *, *, #1294, .F. ) ;
#1474 = LINE ( 'NONE', #649, #1394 ) ;
#1475 = EDGE_CURVE ( 'NONE', #1063, #231, #1782, .T. ) ;
#1476 = EDGE_CURVE ( 'NONE', #1855, #1178, #1198, .T. ) ;
#1477 = CIRCLE ( 'NONE', #933, 4.999999999999999112 ) ;
#1478 = CARTESIAN_POINT ( 'NONE',  ( -55.34274498889160299, 5.083402039411087259, 0.7310902158613974411 ) ) ;
#1479 = PLANE ( 'NONE',  #1295 ) ;
#1480 = VECTOR ( 'NONE', #185, 1000.000000000000000 ) ;
#1481 = AXIS2_PLACEMENT_3D ( 'NONE', #908, #604, #1183 ) ;
#1482 =( LENGTH_UNIT ( ) NAMED_UNIT ( * ) SI_UNIT ( .MILLI., .METRE. ) );
#1483 = FACE_OUTER_BOUND ( 'NONE', #567, .T. ) ;
#1484 = ORIENTED_EDGE ( 'NONE', *, *, #806, .T. ) ;
#1485 = VECTOR ( 'NONE', #1033, 1000.000000000000000 ) ;
#1486 = CARTESIAN_POINT ( 'NONE',  ( 53.24886791446734691, 112.9999999999999574, 3.151326605731793684 ) ) ;
#1487 = B_SPLINE_CURVE_WITH_KNOTS ( 'NONE', 3,
 ( #1644, #317, #928, #338, #775, #495, #1786, #32, #1068, #1765, #350, #1040, #201, #329, #919, #1664, #1494, #1635 ),
 .UNSPECIFIED., .F., .F.,
 ( 4, 2, 2, 2, 2, 2, 2, 2, 4 ),
 ( 0.0005661807016056692905, 0.001270725660808158086, 0.001622998140409392508, 0.001975270620010626497, 0.002679815579213095343, 0.003384360538415563755, 0.004793450456820485400, 0.005497995416022943838, 0.006202540375225398805 ),
 .UNSPECIFIED. ) ;
#1488 = CARTESIAN_POINT ( 'NONE',  ( 52.00000000000000000, 120.0000000000000000, 2.999999999999988010 ) ) ;
#1489 = CIRCLE ( 'NONE', #385, 3.499999999999982236 ) ;
#1490 = ORIENTED_EDGE ( 'NONE', *, *, #1652, .T. ) ;
#1491 = CARTESIAN_POINT ( 'NONE',  ( -52.00000000000000000, 120.0000000000000000, 0.000000000000000000 ) ) ;
#1492 = DIRECTION ( 'NONE',  ( -0.000000000000000000, -0.000000000000000000, -1.000000000000000000 ) ) ;
#1493 = EDGE_CURVE ( 'NONE', #647, #1606, #170, .T. ) ;
#1494 = CARTESIAN_POINT ( 'NONE',  ( 55.72818193289849376, 3.260792183930036447, 0.9218180671015858696 ) ) ;
#1495 = CARTESIAN_POINT ( 'NONE',  ( -53.59976828920416381, 113.5008898692958326, 0.1580622623516200198 ) ) ;
#1496 = ORIENTED_EDGE ( 'NONE', *, *, #1385, .T. ) ;
#1497 = VECTOR ( 'NONE', #951, 1000.000000000000000 ) ;
#1498 = EDGE_CURVE ( 'NONE', #1148, #113, #153, .T. ) ;
#1499 = CARTESIAN_POINT ( 'NONE',  ( -52.00000000000000000, 120.0000000000000000, 3.000000000000000000 ) ) ;
#1500 = VERTEX_POINT ( 'NONE', #1614 ) ;
#1501 = DIRECTION ( 'NONE',  ( -0.000000000000000000, -0.000000000000000000, -1.000000000000000000 ) ) ;
#1502 = FACE_OUTER_BOUND ( 'NONE', #36, .T. ) ;
#1503 = CYLINDRICAL_SURFACE ( 'NONE', #11, 4.999999999999999112 ) ;
#1504 = DIRECTION ( 'NONE',  ( 0.000000000000000000, 0.000000000000000000, 1.000000000000000000 ) ) ;
#1505 = ORIENTED_EDGE ( 'NONE', *, *, #1841, .F. ) ;
#1506 = ORIENTED_EDGE ( 'NONE', *, *, #143, .T. ) ;
#1507 = DIRECTION ( 'NONE',  ( -0.000000000000000000, -0.000000000000000000, -1.000000000000000000 ) ) ;
#1508 = DIRECTION ( 'NONE',  ( 0.000000000000000000, 0.000000000000000000, -1.000000000000000000 ) ) ;
#1509 = ORIENTED_EDGE ( 'NONE', *, *, #1578, .F. ) ;
#1510 = CARTESIAN_POINT ( 'NONE',  ( 53.99999999999999289, 113.0000000000000000, 8.000000000000000000 ) ) ;
#1511 = LINE ( 'NONE', #494, #552 ) ;
#1512 = VECTOR ( 'NONE', #1825, 1000.000000000000000 ) ;
#1513 = AXIS2_PLACEMENT_3D ( 'NONE', #1869, #283, #982 ) ;
#1514 = DIRECTION ( 'NONE',  ( -0.000000000000000000, -0.000000000000000000, -1.000000000000000000 ) ) ;
#1515 = ORIENTED_EDGE ( 'NONE', *, *, #794, .T. ) ;
#1516 = PLANE ( 'NONE',  #1751 ) ;
#1517 = EDGE_CURVE ( 'NONE', #615, #1231, #1763, .T. ) ;
#1518 = CIRCLE ( 'NONE', #505, 3.149999999999999911 ) ;
#1519 = CARTESIAN_POINT ( 'NONE',  ( 0.000000000000000000, 112.9999999999999432, 6.000000000000000000 ) ) ;
#1520 = ORIENTED_EDGE ( 'NONE', *, *, #736, .T. ) ;
#1521 = CARTESIAN_POINT ( 'NONE',  ( -55.24852091918024399, 1.705543058307310123, 0.6862400439746668690 ) ) ;
#1522 = CARTESIAN_POINT ( 'NONE',  ( 52.00000000000000000, 120.0000000000000000, -1.273632671113247592E-14 ) ) ;
#1523 = CARTESIAN_POINT ( 'NONE',  ( -52.00000000000000000, 6.662277660168274274, 2.999999999999993783 ) ) ;
#1524 = ORIENTED_EDGE ( 'NONE', *, *, #593, .T. ) ;
#1525 = FACE_OUTER_BOUND ( 'NONE', #1527, .T. ) ;
#1526 = CARTESIAN_POINT ( 'NONE',  ( -52.00000000000000000, 0.000000000000000000, 0.000000000000000000 ) ) ;
#1527 = EDGE_LOOP ( 'NONE', ( #1035, #1103, #1443, #1524, #213 ) ) ;
#1528 = CARTESIAN_POINT ( 'NONE',  ( 59.34999999999999432, 0.000000000000000000, 7.999999999999986677 ) ) ;
#1529 = LINE ( 'NONE', #1813, #407 ) ;
#1530 = CARTESIAN_POINT ( 'NONE',  ( -51.80000000000005400, 3.499999999999919176, 6.551860375438346992E-15 ) ) ;
#1531 = DIRECTION ( 'NONE',  ( 0.000000000000000000, 1.000000000000000000, -0.000000000000000000 ) ) ;
#1532 = DIRECTION ( 'NONE',  ( -0.000000000000000000, -0.000000000000000000, -1.000000000000000000 ) ) ;
#1533 = AXIS2_PLACEMENT_3D ( 'NONE', #188, #1354, #1662 ) ;
#1534 = CARTESIAN_POINT ( 'NONE',  ( 54.95008944891013414, 118.6548795517418426, 0.5623025368420366821 ) ) ;
#1535 = VERTEX_POINT ( 'NONE', #1044 ) ;
#1536 = CARTESIAN_POINT ( 'NONE',  ( -54.97088587558385342, 1.325922381080479218, 0.5627085531270566987 ) ) ;
#1537 = DIRECTION ( 'NONE',  ( -0.000000000000000000, -1.000000000000000000, 0.000000000000000000 ) ) ;
#1538 = PLANE ( 'NONE',  #1675 ) ;
#1539 = EDGE_CURVE ( 'NONE', #790, #1204, #437, .T. ) ;
#1540 = LINE ( 'NONE', #818, #872 ) ;
#1541 = AXIS2_PLACEMENT_3D ( 'NONE', #496, #646, #1078 ) ;
#1542 = CARTESIAN_POINT ( 'NONE',  ( 5.204170427930785421E-14, 7.000000000000329514, 17.89949493661161029 ) ) ;
#1543 = ADVANCED_FACE ( 'NONE', ( #1053 ), #905, .T. ) ;
#1544 = CARTESIAN_POINT ( 'NONE',  ( -55.20000000000004547, 3.499999999999919176, 8.000000000000015987 ) ) ;
#1545 = ORIENTED_EDGE ( 'NONE', *, *, #1195, .F. ) ;
#1546 = CIRCLE ( 'NONE', #1874, 1.699999999999986189 ) ;
#1547 = AXIS2_PLACEMENT_3D ( 'NONE', #7, #1122, #978 ) ;
#1548 = ORIENTED_EDGE ( 'NONE', *, *, #1350, .T. ) ;
#1549 = CARTESIAN_POINT ( 'NONE',  ( 53.50000000000004974, 116.4999999999999574, 17.89949493661161029 ) ) ;
#1550 = DIRECTION ( 'NONE',  ( -0.000000000000000000, -0.000000000000000000, -1.000000000000000000 ) ) ;
#1551 = AXIS2_PLACEMENT_3D ( 'NONE', #233, #810, #1090 ) ;
#1552 = CARTESIAN_POINT ( 'NONE',  ( 58.50000000000000000, 0.000000000000000000, 7.999999999999986677 ) ) ;
#1553 = EDGE_CURVE ( 'NONE', #1849, #1775, #748, .T. ) ;
#1554 = B_SPLINE_CURVE_WITH_KNOTS ( 'NONE', 3,
 ( #12, #1021, #1605, #2, #305, #1478, #160, #773, #1187, #583, #1037, #289, #879, #745, #1172, #737, #1323, #1181, #1753, #452 ),
 .UNSPECIFIED., .F., .F.,
 ( 4, 2, 2, 2, 2, 2, 2, 2, 2, 4 ),
 ( 0.006202540375225364111, 0.006907167210262452929, 0.007611794045299541747, 0.008316420880336631433, 0.009021047715373719383, 0.009725674550410809069, 0.01043030138544789875, 0.01078261480296645314, 0.01113492822048500752, 0.01183955505552209547 ),
 .UNSPECIFIED. ) ;
#1555 = CARTESIAN_POINT ( 'NONE',  ( 55.72818193289847954, 116.7392356146359020, 0.9218180671015776539 ) ) ;
#1556 = EDGE_LOOP ( 'NONE', ( #522, #436, #424, #1859 ) ) ;
#1557 = EDGE_CURVE ( 'NONE', #1293, #1121, #1554, .T. ) ;
#1558 = DIRECTION ( 'NONE',  ( -0.000000000000000000, -0.000000000000000000, -1.000000000000000000 ) ) ;
#1559 = DIRECTION ( 'NONE',  ( -0.000000000000000000, -0.000000000000000000, -1.000000000000000000 ) ) ;
#1560 = CARTESIAN_POINT ( 'NONE',  ( 55.24852091918024399, 114.7055430583073274, 0.6862400439746531022 ) ) ;
#1561 = EDGE_CURVE ( 'NONE', #570, #34, #1814, .T. ) ;
#1562 = CYLINDRICAL_SURFACE ( 'NONE', #1581, 8.000000000000000000 ) ;
#1563 = ORIENTED_EDGE ( 'NONE', *, *, #1151, .T. ) ;
#1564 = ORIENTED_EDGE ( 'NONE', *, *, #1493, .F. ) ;
#1565 = AXIS2_PLACEMENT_3D ( 'NONE', #1464, #586, #998 ) ;
#1566 = DIRECTION ( 'NONE',  ( -0.000000000000000000, -1.000000000000000000, -0.000000000000000000 ) ) ;
#1567 = CARTESIAN_POINT ( 'NONE',  ( 53.50000000000007816, 3.499999999999932054, -6.551860375438350937E-15 ) ) ;
#1568 = CARTESIAN_POINT ( 'NONE',  ( 53.50000000000004974, 116.4999999999999574, -8.286583851415153298E-15 ) ) ;
#1569 = CARTESIAN_POINT ( 'NONE',  ( -52.20666559080022040, 0.6181565110994455825, -5.888996565785523107E-16 ) ) ;
#1570 = CARTESIAN_POINT ( 'NONE',  ( -52.20987066184915193, 119.3835791321830868, -2.027682526278914671E-13 ) ) ;
#1571 = ORIENTED_EDGE ( 'NONE', *, *, #245, .F. ) ;
#1572 = VECTOR ( 'NONE', #888, 1000.000000000000000 ) ;
#1573 = ORIENTED_EDGE ( 'NONE', *, *, #939, .T. ) ;
#1574 = VECTOR ( 'NONE', #1432, 1000.000000000000000 ) ;
#1575 = VECTOR ( 'NONE', #1335, 1000.000000000000000 ) ;
#1576 = CARTESIAN_POINT ( 'NONE',  ( 53.50000000000007816, -2.775557561562891351E-14, 3.230303992915288358 ) ) ;
#1577 = LINE ( 'NONE', #727, #578 ) ;
#1578 = EDGE_CURVE ( 'NONE', #531, #857, #1630, .T. ) ;
#1579 = ORIENTED_EDGE ( 'NONE', *, *, #1402, .T. ) ;
#1580 = CARTESIAN_POINT ( 'NONE',  ( 53.82611317101856940, 113.5677370141632849, 0.2081813855761990018 ) ) ;
#1581 = AXIS2_PLACEMENT_3D ( 'NONE', #801, #539, #975 ) ;
#1582 = FILL_AREA_STYLE_COLOUR ( '', #513 ) ;
#1583 = DIRECTION ( 'NONE',  ( -0.000000000000000000, -1.000000000000000000, -0.000000000000000000 ) ) ;
#1584 = ORIENTED_EDGE ( 'NONE', *, *, #1301, .F. ) ;
#1585 = VERTEX_POINT ( 'NONE', #1397 ) ;
#1586 = ORIENTED_EDGE ( 'NONE', *, *, #916, .F. ) ;
#1587 = EDGE_LOOP ( 'NONE', ( #1007, #1584, #1135, #1079, #467 ) ) ;
#1588 = CARTESIAN_POINT ( 'NONE',  ( 58.50000000000000000, 120.0000000000000000, 7.149999999999989697 ) ) ;
#1589 = APPLICATION_CONTEXT ( 'automotive_design' ) ;
#1590 = VERTEX_POINT ( 'NONE', #91 ) ;
#1591 = CARTESIAN_POINT ( 'NONE',  ( 53.50000000000007816, -2.775557561562891351E-14, 8.000000000000000000 ) ) ;
#1592 = ORIENTED_EDGE ( 'NONE', *, *, #1312, .F. ) ;
#1593 = ORIENTED_EDGE ( 'NONE', *, *, #1517, .F. ) ;
#1594 = VECTOR ( 'NONE', #1174, 1000.000000000000000 ) ;
#1595 = EDGE_CURVE ( 'NONE', #634, #531, #992, .T. ) ;
#1596 = APPLICATION_PROTOCOL_DEFINITION ( 'draft international standard', 'automotive_design', 1998, #414 ) ;
#1597 = ORIENTED_EDGE ( 'NONE', *, *, #884, .F. ) ;
#1598 = EDGE_CURVE ( 'NONE', #392, #1590, #1750, .T. ) ;
#1599 = LINE ( 'NONE', #1588, #1356 ) ;
#1600 = CYLINDRICAL_SURFACE ( 'NONE', #1159, 1.699999999999993072 ) ;
#1601 = CARTESIAN_POINT ( 'NONE',  ( 57.64999999999999858, 120.0000000000000000, 7.999999999999986677 ) ) ;
#1602 = ORIENTED_EDGE ( 'NONE', *, *, #292, .F. ) ;
#1603 = AXIS2_PLACEMENT_3D ( 'NONE', #672, #1537, #218 ) ;
#1604 = AXIS2_PLACEMENT_3D ( 'NONE', #574, #1845, #851 ) ;
#1605 = CARTESIAN_POINT ( 'NONE',  ( -55.70326846674547028, 3.973630767875185210, 0.9085401528285231842 ) ) ;
#1606 = VERTEX_POINT ( 'NONE', #1210 ) ;
#1607 = DIRECTION ( 'NONE',  ( -1.000000000000000000, 0.000000000000000000, 0.000000000000000000 ) ) ;
#1608 = EDGE_CURVE ( 'NONE', #34, #207, #786, .T. ) ;
#1609 = PLANE ( 'NONE',  #1166 ) ;
#1610 = CARTESIAN_POINT ( 'NONE',  ( -53.60104389712052608, 119.4987187015994436, 0.1583481722612944120 ) ) ;
#1611 = ORIENTED_EDGE ( 'NONE', *, *, #1517, .T. ) ;
#1612 = CARTESIAN_POINT ( 'NONE',  ( 58.50000000000000000, 120.0000000000000000, 7.999999999999986677 ) ) ;
#1613 = EDGE_CURVE ( 'NONE', #1849, #1109, #1366, .T. ) ;
#1614 = CARTESIAN_POINT ( 'NONE',  ( 52.00000000000000000, 6.662277660168252069, 2.999999999999993783 ) ) ;
#1615 = DIRECTION ( 'NONE',  ( -0.000000000000000000, -0.000000000000000000, -1.000000000000000000 ) ) ;
#1616 = FACE_OUTER_BOUND ( 'NONE', #1127, .T. ) ;
#1617 = CARTESIAN_POINT ( 'NONE',  ( -53.50000000000004974, 3.499999999999919176, 8.000000000000000000 ) ) ;
#1618 = ORIENTED_EDGE ( 'NONE', *, *, #1413, .F. ) ;
#1619 = ORIENTED_EDGE ( 'NONE', *, *, #1755, .F. ) ;
#1620 = EDGE_CURVE ( 'NONE', #1178, #1084, #501, .T. ) ;
#1621 = CARTESIAN_POINT ( 'NONE',  ( 53.50000000000007816, 3.499999999999932054, 1.450000000000000400 ) ) ;
#1622 = ADVANCED_FACE ( 'NONE', ( #365 ), #971, .T. ) ;
#1623 = AXIS2_PLACEMENT_3D ( 'NONE', #1045, #612, #1325 ) ;
#1624 = CARTESIAN_POINT ( 'NONE',  ( -55.20000000000003837, 3.499999999999919176, 6.551860375438346992E-15 ) ) ;
#1625 = FACE_OUTER_BOUND ( 'NONE', #1297, .T. ) ;
#1626 = LINE ( 'NONE', #307, #1575 ) ;
#1627 = CARTESIAN_POINT ( 'NONE',  ( 52.00000000000000000, 0.000000000000000000, 2.999999999999988010 ) ) ;
#1628 = ORIENTED_EDGE ( 'NONE', *, *, #1093, .T. ) ;
#1629 = DIRECTION ( 'NONE',  ( -0.000000000000000000, -0.000000000000000000, -1.000000000000000000 ) ) ;
#1630 = LINE ( 'NONE', #1491, #1322 ) ;
#1631 = DIRECTION ( 'NONE',  ( 1.000000000000000000, -0.000000000000000000, 0.000000000000000000 ) ) ;
#1632 = CONICAL_SURFACE ( 'NONE', #1393, 3.149999999999999911, 0.7853981633974500554 ) ;
#1633 = EDGE_CURVE ( 'NONE', #965, #234, #493, .T. ) ;
#1634 = VECTOR ( 'NONE', #499, 1000.000000000000000 ) ;
#1635 = CARTESIAN_POINT ( 'NONE',  ( 55.72818193289847954, 3.499999999999932498, 0.9218180671015789862 ) ) ;
#1636 = CARTESIAN_POINT ( 'NONE',  ( 59.34999999999999432, 120.0000000000000000, 7.999999999999986677 ) ) ;
#1637 = VERTEX_POINT ( 'NONE', #43 ) ;
#1638 = ORIENTED_EDGE ( 'NONE', *, *, #393, .F. ) ;
#1639 = DIRECTION ( 'NONE',  ( -1.000000000000000000, 0.000000000000000000, 1.209302423156908887E-16 ) ) ;
#1640 = EDGE_CURVE ( 'NONE', #177, #274, #1529, .T. ) ;
#1641 = EDGE_LOOP ( 'NONE', ( #1112, #961, #403, #874, #1872, #1698, #371, #6 ) ) ;
#1642 = DIRECTION ( 'NONE',  ( -0.000000000000000000, -1.000000000000000000, -0.000000000000000000 ) ) ;
#1643 = DIRECTION ( 'NONE',  ( -0.000000000000000000, -0.000000000000000000, -1.000000000000000000 ) ) ;
#1644 = CARTESIAN_POINT ( 'NONE',  ( 52.00000000000000000, 0.7300722031070658868, -8.286583851415158031E-15 ) ) ;
#1645 = CARTESIAN_POINT ( 'NONE',  ( -55.70326703549405067, 116.0266146838663985, 0.9085407626378598778 ) ) ;
#1646 = ORIENTED_EDGE ( 'NONE', *, *, #1884, .F. ) ;
#1647 = ORIENTED_EDGE ( 'NONE', *, *, #1282, .F. ) ;
#1648 = DIRECTION ( 'NONE',  ( -0.000000000000000000, -0.000000000000000000, -1.000000000000000000 ) ) ;
#1649 = CARTESIAN_POINT ( 'NONE',  ( -53.50000000000004974, 0.000000000000000000, 3.230303992915287470 ) ) ;
#1650 = ORIENTED_EDGE ( 'NONE', *, *, #1017, .T. ) ;
#1651 = CARTESIAN_POINT ( 'NONE',  ( 53.25495064781335230, 6.544127380920043535, 0.09817678579498465008 ) ) ;
#1652 = EDGE_CURVE ( 'NONE', #559, #173, #631, .T. ) ;
#1653 = CARTESIAN_POINT ( 'NONE',  ( -52.23922102330548967, 6.775750154844526030, 2.999999999999998224 ) ) ;
#1654 = EDGE_CURVE ( 'NONE', #274, #164, #1477, .T. ) ;
#1655 = DIRECTION ( 'NONE',  ( -0.000000000000000000, -0.000000000000000000, -1.000000000000000000 ) ) ;
#1656 = EDGE_LOOP ( 'NONE', ( #55, #478, #1466, #968, #1158 ) ) ;
#1657 = CARTESIAN_POINT ( 'NONE',  ( -53.50000000000004974, 116.4999999999999432, 6.551860375438346992E-15 ) ) ;
#1658 = DIRECTION ( 'NONE',  ( -1.000000000000000000, 0.000000000000000000, -0.000000000000000000 ) ) ;
#1659 = EDGE_LOOP ( 'NONE', ( #1490, #64, #258 ) ) ;
#1660 = CARTESIAN_POINT ( 'NONE',  ( -52.43516388303650899, 0.5352079477072423375, 0.008490317310417428570 ) ) ;
#1661 = CARTESIAN_POINT ( 'NONE',  ( 60.00000000000000000, 120.0000000000000000, 7.999999999999988454 ) ) ;
#1662 = DIRECTION ( 'NONE',  ( -1.000000000000000000, 0.000000000000000000, 0.000000000000000000 ) ) ;
#1663 = VECTOR ( 'NONE', #1469, 1000.000000000000000 ) ;
#1664 = CARTESIAN_POINT ( 'NONE',  ( 55.70326703549407910, 3.026614683866371891, 0.9085407626378556589 ) ) ;
#1665 = ORIENTED_EDGE ( 'NONE', *, *, #1790, .F. ) ;
#1666 = DIRECTION ( 'NONE',  ( -1.000000000000000000, 0.000000000000000000, 2.668805347656606760E-15 ) ) ;
#1667 = CARTESIAN_POINT ( 'NONE',  ( 52.90402284187312176, 119.5440276415780403, 0.05036282326815937765 ) ) ;
#1668 = EDGE_LOOP ( 'NONE', ( #1426, #1342, #1739, #599 ) ) ;
#1669 = CARTESIAN_POINT ( 'NONE',  ( -55.60613318686350937, 2.567907223538044903, 0.8586566886931302767 ) ) ;
#1670 = AXIS2_PLACEMENT_3D ( 'NONE', #1194, #1629, #175 ) ;
#1671 = DIRECTION ( 'NONE',  ( -0.000000000000000000, -1.000000000000000000, -0.000000000000000000 ) ) ;
#1672 = CARTESIAN_POINT ( 'NONE',  ( -53.50000000000004974, 3.499999999999919176, 8.000000000000015987 ) ) ;
#1673 = CARTESIAN_POINT ( 'NONE',  ( -53.99999999999999289, 6.999999999999909406, 0.000000000000000000 ) ) ;
#1674 = CARTESIAN_POINT ( 'NONE',  ( -52.99671045086808618, 119.9732652483783539, 3.093701358989355388 ) ) ;
#1675 = AXIS2_PLACEMENT_3D ( 'NONE', #1700, #979, #833 ) ;
#1676 = VERTEX_POINT ( 'NONE', #1510 ) ;
#1677 = FACE_OUTER_BOUND ( 'NONE', #1659, .T. ) ;
#1678 = EDGE_CURVE ( 'NONE', #1148, #624, #199, .T. ) ;
#1679 = CARTESIAN_POINT ( 'NONE',  ( 54.44380221115656582, 6.113379249188918507, 0.3801418961906360972 ) ) ;
#1680 = DIRECTION ( 'NONE',  ( -1.000000000000000000, 0.000000000000000000, 4.625929269271481378E-15 ) ) ;
#1681 = DIRECTION ( 'NONE',  ( -1.000000000000000000, 0.000000000000000000, 0.000000000000000000 ) ) ;
#1682 = DIRECTION ( 'NONE',  ( 0.000000000000000000, 0.000000000000000000, -1.000000000000000000 ) ) ;
#1683 = AXIS2_PLACEMENT_3D ( 'NONE', #774, #1795, #57 ) ;
#1684 = CARTESIAN_POINT ( 'NONE',  ( 53.25495064781333099, 119.5441273809200737, 0.09817678579498312352 ) ) ;
#1685 = ORIENTED_EDGE ( 'NONE', *, *, #1598, .T. ) ;
#1686 = CARTESIAN_POINT ( 'NONE',  ( -54.44155136549052543, 0.8848957764978598872, 0.3793902036950103085 ) ) ;
#1687 = CARTESIAN_POINT ( 'NONE',  ( 52.43506119448932168, 6.465012653051939395, 0.008417614531483985640 ) ) ;
#1688 = EDGE_CURVE ( 'NONE', #121, #1130, #1448, .T. ) ;
#1689 = CARTESIAN_POINT ( 'NONE',  ( 52.00000000000000000, 120.0000000000000000, -1.273632671113247592E-14 ) ) ;
#1690 = CARTESIAN_POINT ( 'NONE',  ( 59.34999999999999432, 120.0000000000000000, 7.999999999999986677 ) ) ;
#1691 = EDGE_CURVE ( 'NONE', #650, #207, #110, .T. ) ;
#1692 = AXIS2_PLACEMENT_3D ( 'NONE', #76, #950, #661 ) ;
#1693 = CARTESIAN_POINT ( 'NONE',  ( -52.00000000000000000, 120.0000000000000000, 8.000000000000000000 ) ) ;
#1694 = AXIS2_PLACEMENT_3D ( 'NONE', #1693, #361, #1682 ) ;
#1695 = CARTESIAN_POINT ( 'NONE',  ( 52.49172070188920713, 113.1384163385600488, 3.017690412169652614 ) ) ;
#1696 = EDGE_LOOP ( 'NONE', ( #1374, #561, #400, #1002 ) ) ;
#1697 = AXIS2_PLACEMENT_3D ( 'NONE', #1672, #1379, #78 ) ;
#1698 = ORIENTED_EDGE ( 'NONE', *, *, #783, .T. ) ;
#1699 = CARTESIAN_POINT ( 'NONE',  ( 53.50000000000004974, 116.4999999999999574, -6.551860375438346992E-15 ) ) ;
#1700 = CARTESIAN_POINT ( 'NONE',  ( 0.000000000000000000, 120.0000000000000000, 8.000000000000000000 ) ) ;
#1701 = CARTESIAN_POINT ( 'NONE',  ( 52.43516388303650899, 113.5352079477073062, 0.008490317310404822335 ) ) ;
#1702 = CARTESIAN_POINT ( 'NONE',  ( -55.20000000000003126, 116.4999999999999432, 1.450000000000013278 ) ) ;
#1703 = ORIENTED_EDGE ( 'NONE', *, *, #949, .T. ) ;
#1704 = ORIENTED_EDGE ( 'NONE', *, *, #1691, .F. ) ;
#1705 = CIRCLE ( 'NONE', #1252, 5.000000000000000888 ) ;
#1706 = CARTESIAN_POINT ( 'NONE',  ( 53.24886791446738954, -5.020703091555137937E-14, 3.151326605731799457 ) ) ;
#1707 = DIRECTION ( 'NONE',  ( -0.7071067811865487940, 0.000000000000000000, -0.7071067811865463515 ) ) ;
#1708 = CARTESIAN_POINT ( 'NONE',  ( 52.20666559080020619, 113.6181565110994711, -1.193751766997156274E-14 ) ) ;
#1709 = CARTESIAN_POINT ( 'NONE',  ( -52.90402284187309334, 119.5440276415779977, 0.05036282326817023008 ) ) ;
#1710 = ORIENTED_EDGE ( 'NONE', *, *, #1475, .F. ) ;
#1711 = ORIENTED_EDGE ( 'NONE', *, *, #1437, .T. ) ;
#1712 = VECTOR ( 'NONE', #881, 1000.000000000000000 ) ;
#1713 = DIRECTION ( 'NONE',  ( -0.000000000000000000, -0.000000000000000000, -1.000000000000000000 ) ) ;
#1714 = VERTEX_POINT ( 'NONE', #1243 ) ;
#1715 = ORIENTED_EDGE ( 'NONE', *, *, #581, .F. ) ;
#1716 = DIRECTION ( 'NONE',  ( -0.000000000000000000, -0.000000000000000000, -1.000000000000000000 ) ) ;
#1717 = CARTESIAN_POINT ( 'NONE',  ( 50.35000000000007248, 3.499999999999932054, -8.286583851415158031E-15 ) ) ;
#1718 = DIRECTION ( 'NONE',  ( 1.000000000000000000, 0.000000000000000000, 0.000000000000000000 ) ) ;
#1719 = ORIENTED_EDGE ( 'NONE', *, *, #652, .F. ) ;
#1720 = VECTOR ( 'NONE', #1834, 1000.000000000000000 ) ;
#1721 = ORIENTED_EDGE ( 'NONE', *, *, #193, .F. ) ;
#1722 = AXIS2_PLACEMENT_3D ( 'NONE', #166, #616, #637 ) ;
#1723 = MECHANICAL_DESIGN_GEOMETRIC_PRESENTATION_REPRESENTATION (  '', ( #816 ), #569 ) ;
#1724 = ORIENTED_EDGE ( 'NONE', *, *, #1476, .T. ) ;
#1725 = EDGE_LOOP ( 'NONE', ( #580, #751, #1289, #1715, #1447, #198, #1250, #1808, #760, #1592, #1731, #701, #1509, #847, #969, #540 ) ) ;
#1726 = CARTESIAN_POINT ( 'NONE',  ( 52.23921867810738462, 119.7757490424193918, 2.999999999999988898 ) ) ;
#1727 = CIRCLE ( 'NONE', #1791, 3.499999999999982236 ) ;
#1728 = CYLINDRICAL_SURFACE ( 'NONE', #1565, 3.499999999999968470 ) ;
#1729 = CARTESIAN_POINT ( 'NONE',  ( -53.50000000000004974, 3.499999999999919176, 2.999999999999993783 ) ) ;
#1730 = ORIENTED_EDGE ( 'NONE', *, *, #132, .F. ) ;
#1731 = ORIENTED_EDGE ( 'NONE', *, *, #1732, .F. ) ;
#1732 = EDGE_CURVE ( 'NONE', #1052, #865, #868, .T. ) ;
#1733 = ORIENTED_EDGE ( 'NONE', *, *, #1420, .F. ) ;
#1734 = ORIENTED_EDGE ( 'NONE', *, *, #250, .T. ) ;
#1735 = CARTESIAN_POINT ( 'NONE',  ( 57.64999999999999858, 0.000000000000000000, 7.999999999999986677 ) ) ;
#1736 = EDGE_CURVE ( 'NONE', #9, #1209, #196, .T. ) ;
#1737 = ORIENTED_EDGE ( 'NONE', *, *, #581, .T. ) ;
#1738 = DIRECTION ( 'NONE',  ( -0.000000000000000000, 0.000000000000000000, 1.000000000000000000 ) ) ;
#1739 = ORIENTED_EDGE ( 'NONE', *, *, #1221, .T. ) ;
#1740 = PRODUCT_CONTEXT ( 'NONE', #1589, 'mechanical' ) ;
#1741 = EDGE_CURVE ( 'NONE', #97, #433, #1415, .T. ) ;
#1742 = DIRECTION ( 'NONE',  ( -0.000000000000000000, -0.000000000000000000, -1.000000000000000000 ) ) ;
#1743 = ORIENTED_EDGE ( 'NONE', *, *, #783, .F. ) ;
#1744 = CARTESIAN_POINT ( 'NONE',  ( -2.135044278125239654E-14, 120.0000000000000000, 7.999999999999828582 ) ) ;
#1745 = FACE_OUTER_BOUND ( 'NONE', #1258, .T. ) ;
#1746 = EDGE_CURVE ( 'NONE', #695, #1246, #220, .T. ) ;
#1747 = CARTESIAN_POINT ( 'NONE',  ( 50.00000000000009237, 3.499999999999932054, 2.999999999999993783 ) ) ;
#1748 = ORIENTED_EDGE ( 'NONE', *, *, #415, .F. ) ;
#1749 = LINE ( 'NONE', #533, #937 ) ;
#1750 = CIRCLE ( 'NONE', #779, 0.8499999999999965361 ) ;
#1751 = AXIS2_PLACEMENT_3D ( 'NONE', #61, #498, #1666 ) ;
#1752 = AXIS2_PLACEMENT_3D ( 'NONE', #627, #1349, #1340 ) ;
#1753 = CARTESIAN_POINT ( 'NONE',  ( -52.20987066184915193, 6.383579132183049509, -2.029855165788623466E-13 ) ) ;
#1754 = CARTESIAN_POINT ( 'NONE',  ( 2.135044278125243125E-14, 0.000000000000000000, 7.999999999999841904 ) ) ;
#1755 = EDGE_CURVE ( 'NONE', #207, #688, #1425, .T. ) ;
#1756 = DIRECTION ( 'NONE',  ( -0.000000000000000000, -0.000000000000000000, -1.000000000000000000 ) ) ;
#1757 = EDGE_CURVE ( 'NONE', #724, #1360, #326, .T. ) ;
#1758 = CARTESIAN_POINT ( 'NONE',  ( -52.00000000000000000, 113.7300722031070421, 0.000000000000000000 ) ) ;
#1759 = ORIENTED_EDGE ( 'NONE', *, *, #920, .T. ) ;
#1760 = VECTOR ( 'NONE', #1147, 1000.000000000000000 ) ;
#1761 = ORIENTED_EDGE ( 'NONE', *, *, #1736, .F. ) ;
#1762 = LINE ( 'NONE', #886, #1141 ) ;
#1763 = LINE ( 'NONE', #473, #374 ) ;
#1764 = CARTESIAN_POINT ( 'NONE',  ( 53.37540855740301282, 6.999999999999912070, 3.191121796897338658 ) ) ;
#1765 = CARTESIAN_POINT ( 'NONE',  ( 54.24598970233275708, 0.7595467211502010541, 0.3186813052403594804 ) ) ;
#1766 = LINE ( 'NONE', #455, #1419 ) ;
#1767 = ORIENTED_EDGE ( 'NONE', *, *, #1161, .T. ) ;
#1768 = CARTESIAN_POINT ( 'NONE',  ( -51.80000000000004690, 116.4999999999999432, 8.000000000000015987 ) ) ;
#1769 = ADVANCED_FACE ( 'NONE', ( #673 ), #817, .F. ) ;
#1770 = AXIS2_PLACEMENT_3D ( 'NONE', #767, #445, #298 ) ;
#1771 = DIRECTION ( 'NONE',  ( -1.000000000000000000, 0.000000000000000000, 0.000000000000000000 ) ) ;
#1772 = LINE ( 'NONE', #1754, #1039 ) ;
#1773 = DIRECTION ( 'NONE',  ( -0.000000000000000000, -0.000000000000000000, -1.000000000000000000 ) ) ;
#1774 = CARTESIAN_POINT ( 'NONE',  ( -58.50000000000000000, 120.0000000000000000, 8.000000000000000000 ) ) ;
#1775 = VERTEX_POINT ( 'NONE', #1689 ) ;
#1776 = EDGE_CURVE ( 'NONE', #1714, #1165, #1705, .T. ) ;
#1777 = ORIENTED_EDGE ( 'NONE', *, *, #1459, .F. ) ;
#1778 = DIRECTION ( 'NONE',  ( -0.000000000000000000, -1.000000000000000000, -0.000000000000000000 ) ) ;
#1779 = VECTOR ( 'NONE', #210, 1000.000000000000000 ) ;
#1780 = B_SPLINE_CURVE_WITH_KNOTS ( 'NONE', 3,
 ( #217, #651, #1232, #1384, #75, #1242, #1823, #738 ),
 .UNSPECIFIED., .F., .F.,
 ( 4, 2, 2, 4 ),
 ( 0.000000000000000000, 0.0007829289144093455610, 0.001174393371614022895, 0.001565857828818700229 ),
 .UNSPECIFIED. ) ;
#1781 = VERTEX_POINT ( 'NONE', #1387 ) ;
#1782 = LINE ( 'NONE', #1162, #138 ) ;
#1783 = CARTESIAN_POINT ( 'NONE',  ( 52.00000000000000000, 6.662277660168252069, 2.999999999999993783 ) ) ;
#1784 = AXIS2_PLACEMENT_3D ( 'NONE', #171, #1615, #746 ) ;
#1785 = VECTOR ( 'NONE', #742, 1000.000000000000000 ) ;
#1786 = CARTESIAN_POINT ( 'NONE',  ( 53.25239546003082580, 0.4556509534901272418, 0.09776505495005191615 ) ) ;
#1787 = CARTESIAN_POINT ( 'NONE',  ( -56.58257569495583539, 6.999999999999895195, 6.000000000000000000 ) ) ;
#1788 = ORIENTED_EDGE ( 'NONE', *, *, #332, .T. ) ;
#1789 = CARTESIAN_POINT ( 'NONE',  ( -53.50000000000004974, 6.999999999999918288, 8.000000000000000000 ) ) ;
#1790 = EDGE_CURVE ( 'NONE', #1109, #234, #62, .T. ) ;
#1791 = AXIS2_PLACEMENT_3D ( 'NONE', #24, #330, #633 ) ;
#1792 = EDGE_CURVE ( 'NONE', #1246, #162, #92, .T. ) ;
#1793 = ORIENTED_EDGE ( 'NONE', *, *, #884, .T. ) ;
#1794 = CARTESIAN_POINT ( 'NONE',  ( 55.72818193289847954, 3.499999999999932498, 0.9218180671015789862 ) ) ;
#1795 = DIRECTION ( 'NONE',  ( 0.000000000000000000, 1.000000000000000000, -0.000000000000000000 ) ) ;
#1796 = FACE_BOUND ( 'NONE', #405, .T. ) ;
#1797 = CARTESIAN_POINT ( 'NONE',  ( 58.50000000000000000, 120.0000000000000000, 7.999999999999986677 ) ) ;
#1798 = ORIENTED_EDGE ( 'NONE', *, *, #1608, .F. ) ;
#1799 = DIRECTION ( 'NONE',  ( 0.000000000000000000, 0.000000000000000000, 1.000000000000000000 ) ) ;
#1800 = DIRECTION ( 'NONE',  ( 0.000000000000000000, 0.000000000000000000, -1.000000000000000000 ) ) ;
#1801 = ORIENTED_EDGE ( 'NONE', *, *, #1476, .F. ) ;
#1802 = CARTESIAN_POINT ( 'NONE',  ( -53.59976828920414960, 0.5008898692958269061, 0.1580622623516201586 ) ) ;
#1803 = EDGE_CURVE ( 'NONE', #838, #1276, #1124, .T. ) ;
#1804 = CARTESIAN_POINT ( 'NONE',  ( 55.72818193289847244, 3.739235614635890048, 0.9218180671015853145 ) ) ;
#1805 = DIRECTION ( 'NONE',  ( -0.000000000000000000, -1.000000000000000000, -0.000000000000000000 ) ) ;
#1806 = CARTESIAN_POINT ( 'NONE',  ( -58.50000000000000000, 120.0000000000000000, 8.000000000000000000 ) ) ;
#1807 = DIRECTION ( 'NONE',  ( -0.7071067811865487940, 0.000000000000000000, -0.7071067811865463515 ) ) ;
#1808 = ORIENTED_EDGE ( 'NONE', *, *, #1885, .F. ) ;
#1809 = CARTESIAN_POINT ( 'NONE',  ( 53.99999999999999289, 113.0000000000000000, 6.000000000000000000 ) ) ;
#1810 = FACE_OUTER_BOUND ( 'NONE', #1830, .T. ) ;
#1811 = ORIENTED_EDGE ( 'NONE', *, *, #876, .F. ) ;
#1812 = CARTESIAN_POINT ( 'NONE',  ( -52.48587408317185066, 0.1401096828666180127, 3.017079959757976049 ) ) ;
#1813 = CARTESIAN_POINT ( 'NONE',  ( 53.50000000000004974, 113.0000000000000000, 17.89949493661161029 ) ) ;
#1814 = CIRCLE ( 'NONE', #532, 1.700000000000000178 ) ;
#1815 = CARTESIAN_POINT ( 'NONE',  ( -50.35000000000004405, 116.4999999999999432, 4.817136899461539109E-15 ) ) ;
#1816 = EDGE_CURVE ( 'NONE', #433, #267, #1406, .T. ) ;
#1817 = CYLINDRICAL_SURFACE ( 'NONE', #40, 1.699999999999993072 ) ;
#1818 = CONICAL_SURFACE ( 'NONE', #259, 3.149999999999999911, 0.7853981633974500554 ) ;
#1819 = CIRCLE ( 'NONE', #995, 3.499999999999968470 ) ;
#1820 = EDGE_CURVE ( 'NONE', #159, #911, #1278, .T. ) ;
#1821 = CARTESIAN_POINT ( 'NONE',  ( 52.43506119448933589, 119.4650126530519714, 0.008417614531483263995 ) ) ;
#1822 = ORIENTED_EDGE ( 'NONE', *, *, #537, .T. ) ;
#1823 = CARTESIAN_POINT ( 'NONE',  ( -53.37540855740299151, 112.9999999999999289, 3.191121796897343543 ) ) ;
#1824 = CIRCLE ( 'NONE', #1247, 1.699999999999986189 ) ;
#1825 = DIRECTION ( 'NONE',  ( -0.000000000000000000, -1.000000000000000000, -0.000000000000000000 ) ) ;
#1826 = DIRECTION ( 'NONE',  ( -0.000000000000000000, -1.000000000000000000, -0.000000000000000000 ) ) ;
#1827 = CARTESIAN_POINT ( 'NONE',  ( 52.00000000000000000, 119.6622776601682716, 2.999999999999993783 ) ) ;
#1828 = FACE_OUTER_BOUND ( 'NONE', #134, .T. ) ;
#1829 = CARTESIAN_POINT ( 'NONE',  ( 52.00000000000000000, 120.0000000000000000, -1.273632671113247592E-14 ) ) ;
#1830 = EDGE_LOOP ( 'NONE', ( #793, #1564, #125, #429 ) ) ;
#1831 = ADVANCED_FACE ( 'NONE', ( #826 ), #247, .F. ) ;
#1832 = CARTESIAN_POINT ( 'NONE',  ( 3.627907269470719018E-16, 120.0000000000000000, 2.999999999999993783 ) ) ;
#1833 = ADVANCED_FACE ( 'NONE', ( #377 ), #1244, .T. ) ;
#1834 = DIRECTION ( 'NONE',  ( -0.000000000000000000, -0.000000000000000000, -1.000000000000000000 ) ) ;
#1835 = DIRECTION ( 'NONE',  ( -0.000000000000000000, -0.000000000000000000, -1.000000000000000000 ) ) ;
#1836 = DIRECTION ( 'NONE',  ( 0.000000000000000000, 0.000000000000000000, 1.000000000000000000 ) ) ;
#1837 = CARTESIAN_POINT ( 'NONE',  ( 53.50000000000007816, 3.499999999999932054, 17.89949493661161029 ) ) ;
#1838 = CARTESIAN_POINT ( 'NONE',  ( -52.00000000000000000, 119.6622776601682716, 2.999999999999993783 ) ) ;
#1839 = ORIENTED_EDGE ( 'NONE', *, *, #1013, .T. ) ;
#1840 = PRODUCT_RELATED_PRODUCT_CATEGORY ( 'part', '', ( #1029 ) ) ;
#1841 = EDGE_CURVE ( 'NONE', #1676, #150, #1129, .T. ) ;
#1842 = CYLINDRICAL_SURFACE ( 'NONE', #381, 1.699999999999993072 ) ;
#1843 = DIRECTION ( 'NONE',  ( 0.000000000000000000, 0.000000000000000000, 1.000000000000000000 ) ) ;
#1844 = VECTOR ( 'NONE', #1671, 1000.000000000000000 ) ;
#1845 = DIRECTION ( 'NONE',  ( -0.000000000000000000, -0.000000000000000000, -1.000000000000000000 ) ) ;
#1846 = AXIS2_PLACEMENT_3D ( 'NONE', #1542, #1390, #232 ) ;
#1847 = DIRECTION ( 'NONE',  ( -0.000000000000000000, -0.000000000000000000, -1.000000000000000000 ) ) ;
#1848 = ORIENTED_EDGE ( 'NONE', *, *, #398, .T. ) ;
#1849 = VERTEX_POINT ( 'NONE', #515 ) ;
#1850 = ADVANCED_FACE ( 'NONE', ( #1095, #367, #973 ), #1538, .F. ) ;
#1851 = FACE_OUTER_BOUND ( 'NONE', #1668, .T. ) ;
#1852 = DIRECTION ( 'NONE',  ( 0.000000000000000000, 0.000000000000000000, 1.000000000000000000 ) ) ;
#1853 = CARTESIAN_POINT ( 'NONE',  ( 53.59976828920415670, 113.5008898692958326, 0.1580622623516072245 ) ) ;
#1854 = CARTESIAN_POINT ( 'NONE',  ( 54.44380221115656582, 119.1133792491889380, 0.3801418961906345428 ) ) ;
#1855 = VERTEX_POINT ( 'NONE', #323 ) ;
#1856 = ORIENTED_EDGE ( 'NONE', *, *, #1820, .F. ) ;
#1857 = DIRECTION ( 'NONE',  ( -0.000000000000000000, -1.000000000000000000, -0.000000000000000000 ) ) ;
#1858 = CARTESIAN_POINT ( 'NONE',  ( 50.00000000000007816, 116.4999999999999574, 17.89949493661161029 ) ) ;
#1859 = ORIENTED_EDGE ( 'NONE', *, *, #1301, .T. ) ;
#1860 = EDGE_LOOP ( 'NONE', ( #750, #1265, #472, #1761 ) ) ;
#1861 = DIRECTION ( 'NONE',  ( -0.000000000000000000, -0.000000000000000000, -1.000000000000000000 ) ) ;
#1862 = LINE ( 'NONE', #356, #722 ) ;
#1863 = DIRECTION ( 'NONE',  ( 0.000000000000000000, -0.000000000000000000, -1.000000000000000000 ) ) ;
#1864 = VERTEX_POINT ( 'NONE', #27 ) ;
#1865 = ORIENTED_EDGE ( 'NONE', *, *, #1385, .F. ) ;
#1866 = DIRECTION ( 'NONE',  ( -0.000000000000000000, -0.000000000000000000, 1.000000000000000000 ) ) ;
#1867 = ORIENTED_EDGE ( 'NONE', *, *, #1873, .T. ) ;
#1868 = ORIENTED_EDGE ( 'NONE', *, *, #1363, .T. ) ;
#1869 = CARTESIAN_POINT ( 'NONE',  ( -7.798750869841663940E-31, 120.0000000000000000, -6.368163355566237959E-15 ) ) ;
#1870 = LINE ( 'NONE', #890, #1485 ) ;
#1871 = CARTESIAN_POINT ( 'NONE',  ( -53.25495064781333809, 119.5441273809200879, 0.09817678579499551639 ) ) ;
#1872 = ORIENTED_EDGE ( 'NONE', *, *, #1013, .F. ) ;
#1873 = EDGE_CURVE ( 'NONE', #384, #60, #1577, .T. ) ;
#1874 = AXIS2_PLACEMENT_3D ( 'NONE', #93, #229, #665 ) ;
#1875 = AXIS2_PLACEMENT_3D ( 'NONE', #1283, #1861, #554 ) ;
#1876 = AXIS2_PLACEMENT_3D ( 'NONE', #1806, #1056, #645 ) ;
#1877 = ORIENTED_EDGE ( 'NONE', *, *, #19, .F. ) ;
#1878 = ORIENTED_EDGE ( 'NONE', *, *, #1741, .T. ) ;
#1879 = CARTESIAN_POINT ( 'NONE',  ( -52.00000000000000000, 6.662277660168274274, 2.999999999999993783 ) ) ;
#1880 = CIRCLE ( 'NONE', #1054, 1.700000000000000178 ) ;
#1881 = SURFACE_STYLE_USAGE ( .BOTH. , #137 ) ;
#1882 = CARTESIAN_POINT ( 'NONE',  ( 57.64999999999999858, 120.0000000000000000, 7.999999999999986677 ) ) ;
#1883 = VERTEX_POINT ( 'NONE', #913 ) ;
#1884 = EDGE_CURVE ( 'NONE', #1442, #1431, #1012, .T. ) ;
#1885 = EDGE_CURVE ( 'NONE', #267, #216, #1375, .T. ) ;
#1886 = CARTESIAN_POINT ( 'NONE',  ( 53.99999999999999289, 120.0000000000000000, 6.000000000000000000 ) ) ;
#1887 = VERTEX_POINT ( 'NONE', #763 ) ;
#1888 = CARTESIAN_POINT ( 'NONE',  ( 53.99999999999999289, 120.0000000000000000, 0.000000000000000000 ) ) ;
#1889 = CARTESIAN_POINT ( 'NONE',  ( 0.000000000000000000, 113.0000000000000000, 8.000000000000000000 ) ) ;
#1890 = CARTESIAN_POINT ( 'NONE',  ( -52.00000000000000000, 0.3377223398315634117, 3.000000000000000888 ) ) ;
#1891 = EDGE_LOOP ( 'NONE', ( #1132, #658, #1119, #1330, #596 ) ) ;
ENDSEC;
END-ISO-10303-21;
